model_id,rendering,c1,c2,analysis_status,vector_rmse,normalized_vector_rmse,cosine_similarity,vector_correlation,explained_variance,local_tangent_rmse,local_tangent_correlation,global_tangent_observed,global_tangent_predicted,global_tangent_residual
flow/0000/000,boxeye,48,80,unregistered_exploratory,0.0188697002025778,1.724307649981233,-0.3249078270080955,-0.2862433738231677,-1.4804790578328944,0.0193760848003479,-0.3249504803457834,0.0007871016565283,-0.0028944880931316,0.0036815897496599
flow/0000/001,boxeye,48,80,unregistered_exploratory,0.0040880083174439,1.4238133117498093,-0.284533796762231,-0.2841812624791503,-2.437035772947559,0.0049253191416662,-0.4139720517826196,0.0008067414846838,-0.0001473472905162,0.0009540887752001
flow/0000/002,boxeye,48,80,unregistered_exploratory,0.0158413943746764,1.906314597740865,-0.3451443431065937,-0.3441013484980335,-1.1076457742840766,0.0187777342422408,-0.628182708798105,0.0047262215068254,-0.0007207057093758,0.0054469272162013
flow/0000/003,boxeye,48,80,unregistered_exploratory,0.0191432112633384,1.1458455233820166,0.177448824538367,0.1837788823503651,-1.2570214328346787,0.0195690001079909,0.2566379169138844,0.0071203020664379,0.0058902203283478,0.0012300817380901
flow/0000/004,boxeye,48,80,unregistered_exploratory,0.0257594089267775,1.333766393542229,-0.0035743850272381,-0.0034710808775168,-1.3023833819521449,0.0322067454021457,-0.2451672334337283,-0.0035018269617887,-0.0104123503143947,0.006910523352606
flow/0000/005,boxeye,48,80,unregistered_exploratory,0.0198382016849228,1.2046658412480766,0.0940513315105218,0.0986617456694448,-1.4452397808968045,0.0196004877740836,0.2242291959385453,-0.0039030252838656,-0.0137511759762785,0.0098481506924129
flow/0000/006,boxeye,48,80,unregistered_exploratory,0.0145919367086445,1.3661640226445706,0.1617661288498717,0.1428699061327579,-0.5357876950360105,0.0143938641237826,0.1186746787821139,0.005674284618608,0.0044452499598351,0.0012290346587729
flow/0000/007,boxeye,48,80,unregistered_exploratory,0.0147644670181849,1.2478198104006786,0.1599669568440838,0.1693829465121578,-0.8267543008954255,0.0144491621396864,0.1708834774024201,-0.0027761045403293,-0.0061106057989306,0.0033345012586013
flow/0000/008,boxeye,48,80,unregistered_exploratory,0.0229215845658831,1.5742101281186127,-0.0923122573530552,-0.0937913432263988,-0.9630089229589016,0.0264455824879545,-0.2260953504189163,0.0015759873509921,0.0060067883085367,-0.0044308009575446
flow/0000/009,boxeye,48,80,unregistered_exploratory,0.019816594178559,1.5127221148862515,-0.2997661066634762,-0.304784197565429,-1.994411763930996,0.0242765234513823,-0.3905875739792339,0.0022241268908738,-0.0088180032137245,0.0110421301045983
flow/0000/000,boxeye,48,112,unregistered_exploratory,0.0324964163332453,1.5997302020402695,-0.25476421910121,-0.2164648198740605,-1.5403927453058208,0.0334779895253482,-0.1434405629831292,0.0004481116722012,-0.0080109897017071,0.0084591013739083
flow/0000/001,boxeye,48,112,unregistered_exploratory,0.0088149463021122,1.17070584137435,-0.1868363037902043,-0.1878397435390913,-5.820686270611853,0.009568949607627,-0.1658713392692891,0.0002679427581822,-0.0035340090126036,0.0038019517707859
flow/0000/002,boxeye,48,112,unregistered_exploratory,0.0289483921886562,1.7490040960921307,-0.4347634958116546,-0.4341504510161499,-1.7033168085250097,0.0358648975099721,-0.6860779780791927,0.007248463328751,-0.006777362723758,0.014025826052509
flow/0000/003,boxeye,48,112,unregistered_exploratory,0.040957925132163,1.4604999809439938,-0.2704417561296719,-0.2681359441911242,-2.120592448989262,0.0470226147976456,-0.1386324758837351,0.010662499415693,-0.0084969384791535,0.0191594378948466
flow/0000/004,boxeye,48,112,unregistered_exploratory,0.0477256728159365,1.3075432152482005,-0.0086170524573345,-0.0078338347128383,-1.4589798293126877,0.0583448094583544,-0.1776925072671676,-0.007316177377623,-0.0200718394295404,0.0127556620519173
flow/0000/005,boxeye,48,112,unregistered_exploratory,0.0372250860083691,1.02926003324079,0.2996394702185069,0.3048341944854546,-1.2562800860434256,0.0385231189797659,0.3865348138338465,-0.0123400036888476,-0.0329748402155192,0.0206348365266716
flow/0000/006,boxeye,48,112,unregistered_exploratory,0.0324063527557599,1.6829763250143035,-0.2550532375156849,-0.2839920846810561,-1.2677334828491245,0.036666297649833,-0.3684104849006951,0.009226725275828,-0.0051654027449877,0.0143921280208157
flow/0000/007,boxeye,48,112,unregistered_exploratory,0.0297880046238522,1.329444158467184,-0.0253173567050283,-0.0200506437507634,-1.4413683512419109,0.0286688934779056,-0.0053870772231745,-0.0033881535758305,-0.0129823502926202,0.0095941967167897
flow/0000/008,boxeye,48,112,unregistered_exploratory,0.0408862670312844,1.529455540402905,-0.1936572462362665,-0.1945572470461211,-1.4796398166915057,0.0486482537664681,-0.2694784213795571,0.0012092749825809,0.0058442030346309,-0.0046349280520499
flow/0000/009,boxeye,48,112,unregistered_exploratory,0.0388132709558325,1.4367836776085252,-0.3406739568159879,-0.3498661672976139,-2.7124950281221354,0.0494948671476291,-0.506971256040811,0.0031661205774289,-0.0175054449119138,0.0206715654893428
flow/0000/000,boxeye,48,143,unregistered_exploratory,0.0409827130115831,1.601433108256613,-0.213170369390145,-0.1768002618287824,-1.4046829673129593,0.0413602324998152,-0.0595131232017648,-0.0008735372662259,-0.0087284068896846,0.0078548696234587
flow/0000/001,boxeye,48,143,unregistered_exploratory,0.0139772833648287,1.127382891287314,-0.106667022258829,-0.1093324149108194,-6.100505374431668,0.0150956612390731,-0.0033772845685538,0.0001291931793129,-0.008287950616413,0.008417143795726
flow/0000/002,boxeye,48,143,unregistered_exploratory,0.0382632235646005,1.579645247923896,-0.4680681050621338,-0.4698295964460608,-2.5278564791940443,0.0477182872799856,-0.6812263873379888,0.0060482539505211,-0.0121861760873105,0.0182344300378317
flow/0000/003,boxeye,48,143,unregistered_exploratory,0.0639359711293189,1.4968143997844547,-0.5072515799524848,-0.5070801742575126,-3.3735971392840787,0.0816617028532225,-0.484371423187824,0.0107687269798315,-0.0359993581968846,0.0467680851767162
flow/0000/004,boxeye,48,143,unregistered_exploratory,0.0661450321727373,1.3664534068163567,-0.1278514626342232,-0.1250662287111754,-1.8333342302811464,0.0809172337744078,-0.2339315324535857,-0.0059289507925038,-0.0244226331299296,0.0184936823374257
flow/0000/005,boxeye,48,143,unregistered_exploratory,0.0532814078630306,0.9176218692560162,0.422761250261519,0.4235808598176554,-1.6209367118240383,0.0663890709694225,0.3375441009663002,-0.0174868885512675,-0.0583912180835275,0.0409043295322599
flow/0000/006,boxeye,48,143,unregistered_exploratory,0.0517384827939189,1.5182723173791692,-0.3575061142675126,-0.3814185994840551,-2.3219218256232272,0.0615645281456755,-0.4869900554433513,0.0120140333143945,-0.0177638318638803,0.0297778651782749
flow/0000/007,boxeye,48,143,unregistered_exploratory,0.0434807518495414,1.418728432204586,-0.2110086159545617,-0.1968600367831486,-2.036101720329113,0.042481213569738,-0.2677086295271516,-0.0025892415067739,-0.0185280397580841,0.0159387982513101
flow/0000/008,boxeye,48,143,unregistered_exploratory,0.0612090423525148,1.6139303985252789,-0.3210238299111695,-0.3218259775183911,-1.7184714186448664,0.0731677939165163,-0.3981468390746639,0.0019909190312382,0.0003161646766981,0.0016747543545401
flow/0000/009,boxeye,48,143,unregistered_exploratory,0.0560806352679545,1.4079581214798134,-0.404804860678395,-0.4093258552372768,-3.4723141615836743,0.073298119065636,-0.5863660618088018,0.003323812902755,-0.024462532142821,0.027786345045576
flow/0000/000,boxeye,48,175,unregistered_exploratory,0.0466450998580341,1.6114369167579667,-0.1938356205447801,-0.1647054158882914,-1.325075992226068,0.0458912651674252,-0.0120868598393779,-0.0019119352396826,-0.0079736452060751,0.0060617099663924
flow/0000/001,boxeye,48,175,unregistered_exploratory,0.0189180577139828,1.165664164437444,-0.1883870415744367,-0.1920798139484772,-6.06907795181436,0.0210580452456932,-0.1225857918538449,0.0009897110272165,-0.0120261411503935,0.01301585217761
flow/0000/002,boxeye,48,175,unregistered_exploratory,0.0414470347691047,1.4271203539282686,-0.3350593339483921,-0.3393146335731095,-2.7513868503774033,0.0497210668146512,-0.5069981084313813,0.0038999752243596,-0.0118702775593426,0.0157702527837022
flow/0000/003,boxeye,48,175,unregistered_exploratory,0.077916360167392,1.3681428079621385,-0.423492802681978,-0.4254358683615761,-4.1955907218457416,0.1017490989847514,-0.4106339610934524,0.0096828369037227,-0.050433214438987,0.0601160513427097
flow/0000/004,boxeye,48,175,unregistered_exploratory,0.0767570898357474,1.4666418705521087,-0.1890430558221102,-0.1824530615881875,-1.6621728197873429,0.0937865326306825,-0.234918207711897,-0.0029232865775692,-0.0218742464123255,0.0189509598347562
flow/0000/005,boxeye,48,175,unregistered_exploratory,0.0703152251942806,0.9817035451867652,0.3039844405058813,0.300972636849956,-2.3016793428034816,0.0911636120282145,0.1670381848242105,-0.0166074556683145,-0.0709305382329488,0.0543230825646343
flow/0000/006,boxeye,48,175,unregistered_exploratory,0.0653581189201184,1.3358307100695992,-0.3513746904324945,-0.3854936508536981,-4.075141811600304,0.0783901303907943,-0.4811736308521476,0.012820629305584,-0.0262004951149072,0.0390211244204913
flow/0000/007,boxeye,48,175,unregistered_exploratory,0.0532757060366761,1.5542787497883337,-0.3291937218032008,-0.3157688193905626,-1.9858779315448492,0.051853201160484,-0.4056534773623201,-0.0018815182282412,-0.0194712975663382,0.0175897793380969
flow/0000/008,boxeye,48,175,unregistered_exploratory,0.0697021997539677,1.5649918253658983,-0.2725695890774688,-0.2770633359319859,-1.6885577159901493,0.0832737901031265,-0.364736484556058,-0.0014817580430134,-0.0118792801023569,0.0103975220593435
flow/0000/009,boxeye,48,175,unregistered_exploratory,0.0635042994266962,1.461870941954051,-0.4398276109442862,-0.438657272745189,-3.2039317138512846,0.0829661150555644,-0.6179407858094101,0.0045939908344657,-0.0218659680529695,0.0264599588874353
flow/0000/000,boxeye,48,191,unregistered_exploratory,0.048081482316278,1.594843171812401,-0.1761328955434011,-0.150155132892775,-1.3054157015639958,0.0471186647663813,-0.0102150542344013,-0.0011765985547843,-0.0076317856202946,0.0064551870655102
flow/0000/001,boxeye,48,191,unregistered_exploratory,0.0190164187426778,1.1758183872989665,-0.1641939739873932,-0.1659895809830649,-5.1149347076764275,0.0212110387971338,-0.1441326063914108,0.0011800282840124,-0.0117526113805485,0.012932639664561
flow/0000/002,boxeye,48,191,unregistered_exploratory,0.0418641841744738,1.3508546284607506,-0.2471315030848809,-0.2536270490520584,-2.788818952736358,0.0489865210167455,-0.4225416929488078,0.002664840133931,-0.0108975663654777,0.0135624064994087
flow/0000/003,boxeye,48,191,unregistered_exploratory,0.077356411720033,1.352340722089714,-0.3835230931077494,-0.3837979263479881,-4.031089150928119,0.1005119385791953,-0.3573252666784019,0.009179302217582,-0.0490049426662342,0.0581842448838162
flow/0000/004,boxeye,48,191,unregistered_exploratory,0.0786915556284816,1.507697468735493,-0.1908328594586404,-0.1848343603017109,-1.507470614736432,0.095167306339255,-0.2145700876244603,-0.0023906848470221,-0.0176486960020654,0.0152580111550432
flow/0000/005,boxeye,48,191,unregistered_exploratory,0.0711576670289642,1.0224197823881975,0.249101256654932,0.2450102932463668,-2.1508858693546125,0.0915803433717253,0.154224843353261,-0.0132375850735221,-0.06652484820834,0.0532872631348179
flow/0000/006,boxeye,48,191,unregistered_exploratory,0.0663460841641552,1.2924233612509972,-0.3102806854129891,-0.3486585827371415,-4.3625871810147006,0.0794971373091911,-0.4746566097981868,0.0116351880514774,-0.0265432549134819,0.0381784429649593
flow/0000/007,boxeye,48,191,unregistered_exploratory,0.0554060345985459,1.6356386811820385,-0.3600404216626992,-0.3472170915811353,-1.8162787175773945,0.0535364877896969,-0.4141491194889757,-0.0014152924305554,-0.0173991574275412,0.0159838649969858
flow/0000/008,boxeye,48,191,unregistered_exploratory,0.0738011656427151,1.5354394378901957,-0.2499147272718735,-0.2533637023863496,-1.699985825825154,0.0869574071252176,-0.3466890322951358,-0.002756223380751,-0.0168074949221378,0.0140512715413867
flow/0000/009,boxeye,48,191,unregistered_exploratory,0.0631775860537571,1.4879805752262645,-0.4084052214492321,-0.406738211622396,-2.773325232754024,0.0817209832131643,-0.5970729109602717,0.0050178807868231,-0.0186453130833986,0.0236631938702218
flow/0000/000,boxeye,48,207,unregistered_exploratory,0.0480447982547628,1.5421511506312715,-0.1467334366621057,-0.1271023738863285,-1.317885704769275,0.0474079664690783,-0.0122234233883204,-0.0002407004621153,-0.0063679543207801,0.0061272538586647
flow/0000/001,boxeye,48,207,unregistered_exploratory,0.0177241502901343,1.2442144014398675,-0.1807229997584298,-0.1807458006413696,-3.580868293110532,0.0197105758219913,-0.2139657228610991,0.0016838950810206,-0.0099871329981926,0.0116710280792133
flow/0000/002,boxeye,48,207,unregistered_exploratory,0.0418817260211744,1.3255921380659943,-0.1617415350221786,-0.1715139296091602,-2.3624489811418914,0.048010332738616,-0.3639012923672687,0.0013498149433722,-0.0092241631423616,0.0105739780857338
flow/0000/003,boxeye,48,207,unregistered_exploratory,0.0743074206775464,1.3117723879701502,-0.3051544988680127,-0.3042872031867525,-3.8412982556917745,0.0957178158005905,-0.2754647411314854,0.006935854931142,-0.0455718994398786,0.0525077543710206
flow/0000/004,boxeye,48,207,unregistered_exploratory,0.0784081233819824,1.5248050913160969,-0.1713283930539208,-0.1675825500554384,-1.3643181472899646,0.0935893658956128,-0.1788731110044528,-0.0020900311100024,-0.0119715974650067,0.0098815663550043
flow/0000/005,boxeye,48,207,unregistered_exploratory,0.0676906409202318,1.078584346635357,0.1929759992478512,0.1896332939174379,-1.837863070239823,0.086267040088075,0.1462214373465479,-0.0092856066467551,-0.057833075953724,0.0485474693069688
flow/0000/006,boxeye,48,207,unregistered_exploratory,0.0671419141096005,1.2497412413698414,-0.2481268179874964,-0.2801437601458702,-4.4110173250376326,0.0798082465076598,-0.454542964121034,0.0099050437985581,-0.0264172594730463,0.0363223032716044
flow/0000/007,boxeye,48,207,unregistered_exploratory,0.0563223130877186,1.7202792916690397,-0.3708012565941271,-0.3619622047918418,-1.6134945651445145,0.0537636445147706,-0.4059118539946898,-0.0004862835325844,-0.0140419152476448,0.0135556317150603
flow/0000/008,boxeye,48,207,unregistered_exploratory,0.0784807046010321,1.512373122411615,-0.2290486419424227,-0.2277312845644336,-1.6959663575324155,0.0921822430035375,-0.3181654278551438,-0.0020677378262833,-0.0199095468175555,0.0178418089912722
flow/0000/009,boxeye,48,207,unregistered_exploratory,0.0615454145539293,1.5169764691246197,-0.3649159142745475,-0.3632140277857962,-2.3234466897387307,0.0785845463430888,-0.5558298838488822,0.0053987362838005,-0.0150180491409011,0.0204167854247016
flow/0000/000,boxeye,80,112,unregistered_exploratory,0.0168755423119093,1.5132927978862651,-0.2028780271939941,-0.172733411224114,-1.591599582271655,0.0177520983954543,-0.0744475148580947,0.0005721358660842,-0.0051165016085754,0.0056886374746597
flow/0000/001,boxeye,80,112,unregistered_exploratory,0.0065592752338301,1.1183783755806316,-0.1448806268296357,-0.1455159614227854,-7.837183852699857,0.006788538602013,-0.0506614854682426,0.0002616952666719,-0.0033866617220873,0.0036483569887593
flow/0000/002,boxeye,80,112,unregistered_exploratory,0.0170071005170207,1.6559931792674956,-0.36499516453282,-0.3613601422574482,-1.728920336873363,0.0210870128042651,-0.5762221613258822,0.0039280043441746,-0.0060566570143821,0.0099846613585567
flow/0000/003,boxeye,80,112,unregistered_exploratory,0.0281471214558542,1.452724467682843,-0.3708435460697261,-0.3703700490794048,-2.806366932059771,0.0353747518115234,-0.2650857598408607,0.0062695937549505,-0.0143871588075014,0.0206567525624519
flow/0000/004,boxeye,80,112,unregistered_exploratory,0.0260992095755746,1.3534423101081337,-0.0197504641299587,-0.0138111869177504,-1.3068097466578936,0.0318882994347585,-0.1183718204927038,-0.0039946390042942,-0.0096594891151457,0.0056648501108515
flow/0000/005,boxeye,80,112,unregistered_exploratory,0.0222757735491756,1.0117612302352834,0.304257916466076,0.3042542210752343,-1.4597312921201095,0.0257359667273753,0.3138208198523591,-0.0061193810918849,-0.0192236642392406,0.0131042831473557
flow/0000/006,boxeye,80,112,unregistered_exploratory,0.0250253909177786,1.552881281329367,-0.4406989075686168,-0.4476469447957843,-2.5495743450546957,0.0301714860935529,-0.5835933737765983,0.0048671999610763,-0.0096106527048228,0.0144778526658992
flow/0000/007,boxeye,80,112,unregistered_exploratory,0.0180118421316261,1.458173821166298,-0.1415873738212897,-0.1322294266456306,-1.4723434224203626,0.0160261773430435,-0.1325672617454958,-0.0015074191295699,-0.0068717444936896,0.0053643253641196
flow/0000/008,boxeye,80,112,unregistered_exploratory,0.0248224703741231,1.6127889312507249,-0.2958465018122845,-0.2952566230932982,-1.6281799539653252,0.0278375034879062,-0.3196403260066491,0.0003265224876226,-0.0001625852739058,0.0004891077615285
flow/0000/009,boxeye,80,112,unregistered_exploratory,0.0217007551237646,1.4411856615616572,-0.3825164278992776,-0.3885210848161585,-2.967735655731394,0.028246196616496,-0.5341559209279138,0.0027693454076601,-0.0086874416981893,0.0114567871058494
flow/0000/000,boxeye,80,143,unregistered_exploratory,0.0271815409015598,1.4867546017651698,-0.1307882651668601,-0.1161996240953278,-1.3531742559128226,0.0285243881899178,0.0046825640853919,0.0007260278909181,-0.005833918796553,0.0065599466874711
flow/0000/001,boxeye,80,143,unregistered_exploratory,0.0126596768967307,1.1008664044349683,-0.1274419108290251,-0.1300125218567543,-8.926146281564005,0.0136261100010892,-0.0076558306008616,0.0001739765134544,-0.0081406033258967,0.0083145798393512
flow/0000/002,boxeye,80,143,unregistered_exploratory,0.0297255991478459,1.5458663647986914,-0.402311364694731,-0.3998602136442771,-2.3682827216050812,0.0371568349892971,-0.5944563151253147,0.0042347716970497,-0.0114654703779346,0.0157002420749844
flow/0000/003,boxeye,80,143,unregistered_exploratory,0.0603695971209698,1.3313204028508987,-0.4146083205735871,-0.4156256117480149,-4.7205728943791785,0.079786966980051,-0.4099105289753846,0.0090994245504985,-0.0418895785252325,0.050989003075731
flow/0000/004,boxeye,80,143,unregistered_exploratory,0.0478862025469106,1.4171860664236626,-0.1333069111781082,-0.1253608155662181,-1.611895352976688,0.0585826367820329,-0.1802626391256026,-0.0047044655955785,-0.0140102828155349,0.0093058172199564
flow/0000/005,boxeye,80,143,unregistered_exploratory,0.0470550734242519,1.0041660020301435,0.2244806578654488,0.2223272363839507,-3.632537911875926,0.0605214803267763,0.1236586168658007,-0.00726809454408,-0.0446400421072489,0.0373719475631688
flow/0000/006,boxeye,80,143,unregistered_exploratory,0.0479123789063547,1.446209795283074,-0.4460205759832596,-0.4527610546648418,-3.4327913428774712,0.0586092145208996,-0.5549921905877979,0.0091132104485312,-0.0222090818237155,0.0313222922722467
flow/0000/007,boxeye,80,143,unregistered_exploratory,0.0334921235333948,1.4800341271688335,-0.2517963036800413,-0.2407512402524949,-1.9306778157102644,0.0313712796226626,-0.305106565339256,-0.0006814324709778,-0.0124174339591534,0.0117360014881756
flow/0000/008,boxeye,80,143,unregistered_exploratory,0.0474193983369584,1.639068735635266,-0.3842350824221059,-0.3841186854289386,-1.8932244281922643,0.0545967304850826,-0.3987282095336309,-0.0017368494381209,-0.0056906236318386,0.0039537741937177
flow/0000/009,boxeye,80,143,unregistered_exploratory,0.0418867730132914,1.4371739862268498,-0.4480997682416892,-0.4608680561617297,-3.513430104012965,0.0551088573670753,-0.5945085817319167,0.0049505521631475,-0.0156445289290964,0.020595081092244
flow/0000/000,boxeye,80,175,unregistered_exploratory,0.0343842856997056,1.431141235966458,-0.0636512891321479,-0.0552360181092139,-1.2629377074233918,0.0348396574760818,0.0813911210352404,0.0003386784517463,-0.0050791571129435,0.0054178355646898
flow/0000/001,boxeye,80,175,unregistered_exploratory,0.0187233646546534,1.1759353080285089,-0.2722055589643349,-0.2771926490492225,-7.536202785541249,0.0210602199094737,-0.1995799237013016,0.0013959966945063,-0.0118787938598772,0.0132747905543836
flow/0000/002,boxeye,80,175,unregistered_exploratory,0.0363171579283133,1.4579762731752073,-0.306069728998086,-0.3050020642162173,-2.3392459133578516,0.0437715111107984,-0.4461510109399484,0.0038065557260303,-0.0111495718499667,0.014956127575997
flow/0000/003,boxeye,80,175,unregistered_exploratory,0.0808914561925753,1.3201113267365363,-0.414625507973325,-0.4175893416676874,-4.959913610572242,0.1063572964217414,-0.3964607239759726,0.0120743382021801,-0.0563234347673348,0.068397772969515
flow/0000/004,boxeye,80,175,unregistered_exploratory,0.0625161564367591,1.5242801599312894,-0.2070931338312868,-0.1981943453938652,-1.532117686270297,0.0759186695304459,-0.1997566709547827,0.0004375131544469,-0.0114618960979308,0.0118994092523777
flow/0000/005,boxeye,80,175,unregistered_exploratory,0.0683222340128125,1.0992934861548578,-0.0004070335904595,-0.0083505595564,-4.847889749800244,0.0896928974180213,-0.1192178563297303,-0.0035765169573938,-0.0571793622566702,0.0536028452992764
flow/0000/006,boxeye,80,175,unregistered_exploratory,0.0668938363260426,1.3636355327228975,-0.4825709948069602,-0.5024247620523796,-5.016018508039713,0.0814449066850178,-0.5931537961002058,0.0126438196249317,-0.0306457450747424,0.0432895646996742
flow/0000/007,boxeye,80,175,unregistered_exploratory,0.0455383305791477,1.6304607877803627,-0.3724612231646962,-0.3651164450108539,-1.87110270635457,0.0436310117437927,-0.4085128245269387,0.0010715950551631,-0.0133606917674075,0.0144322868225706
flow/0000/008,boxeye,80,175,unregistered_exploratory,0.0612466586734931,1.5879037419871318,-0.2481444314522601,-0.2511200347571579,-1.497215462482711,0.0713469931169142,-0.336330536993769,-0.0054490133093041,-0.0178860684108937,0.0124370551015896
flow/0000/009,boxeye,80,175,unregistered_exploratory,0.0522610578625761,1.5031182171021145,-0.454279291269796,-0.4565024795360188,-2.949101179546474,0.0682766834983961,-0.6222851105905112,0.0068858935388066,-0.0130479648392449,0.0199338583780516
flow/0000/000,boxeye,80,191,unregistered_exploratory,0.0372578113492286,1.4350844418816928,-0.0611986413036961,-0.0550494751710957,-1.2543617865315175,0.037011176677846,0.0720202739832599,0.0008540651023212,-0.004737297527163,0.0055913626294843
flow/0000/001,boxeye,80,191,unregistered_exploratory,0.0199455770027942,1.235588503621414,-0.3112055025388858,-0.314451167711036,-5.684790652358615,0.0225403840436141,-0.2351253297145939,0.0022339594013533,-0.0116052640900322,0.0138392234913856
flow/0000/002,boxeye,80,191,unregistered_exploratory,0.0386673724210032,1.4132430473877635,-0.232376752594079,-0.2310389194506801,-2.1787991977056307,0.0454360201259163,-0.3855964657519534,0.003099271687655,-0.0101768606561018,0.0132761323437569
flow/0000/003,boxeye,80,191,unregistered_exploratory,0.0817979919560168,1.3310568771308473,-0.3869677674800244,-0.3883453937105732,-4.413829089925949,0.1066246145656264,-0.3693146317727371,0.011309855491667,-0.0548951629945821,0.0662050184862491
flow/0000/004,boxeye,80,191,unregistered_exploratory,0.0672793642607681,1.5714554145610684,-0.1990041622946415,-0.1902362041003956,-1.352103057005249,0.0808390335144814,-0.1777562909737297,0.003194020444071,-0.0072363456876707,0.0104303661317417
flow/0000/005,boxeye,80,191,unregistered_exploratory,0.0710644354954189,1.1690257267105364,-0.1006153150845261,-0.1089132065102834,-4.211863194413372,0.0927906503574852,-0.1460089426890531,0.0017739604560744,-0.0527736722320614,0.0545476326881359
flow/0000/006,boxeye,80,191,unregistered_exploratory,0.0693292242756944,1.3429931436262068,-0.4561427113028194,-0.4818049909242694,-5.104184180251532,0.0844156540383584,-0.607556660870502,0.0123140658157189,-0.030988504873317,0.0433025706890359
flow/0000/007,boxeye,80,191,unregistered_exploratory,0.0493089801226943,1.7251367083334708,-0.3959977887714373,-0.3923411185254514,-1.6656856906019626,0.0474660067052313,-0.4032836898075209,0.0019187443304372,-0.0112885516286105,0.0132072959590478
flow/0000/008,boxeye,80,191,unregistered_exploratory,0.0650276745542742,1.4790935388392767,-0.1611007574849694,-0.1630151787266714,-1.5043979048169729,0.0748461382151379,-0.2572687596248908,-0.0066613675627886,-0.0228142832306746,0.0161529156678859
flow/0000/009,boxeye,80,191,unregistered_exploratory,0.0534136709075561,1.522734383233454,-0.3876498432479306,-0.3869006306772777,-2.4144803078436783,0.0687005758558201,-0.5817450888008846,0.007315790539732,-0.009827309869674,0.0171431004094061
flow/0000/000,boxeye,80,207,unregistered_exploratory,0.0392016458025087,1.4169436321083213,-0.0256768490350862,-0.0237654928329109,-1.171666503558216,0.0387934277149082,0.0814617291743246,0.0016140587994113,-0.0034734662276484,0.0050875250270598
flow/0000/001,boxeye,80,207,unregistered_exploratory,0.0189771089222742,1.323207043287189,-0.324864749486991,-0.3260815033728346,-3.8551272070580502,0.0213379122250792,-0.2906624794746542,0.0028553041859158,-0.0098397857076763,0.0126950898935921
flow/0000/002,boxeye,80,207,unregistered_exploratory,0.0397904727235325,1.3948112233054328,-0.146658448073562,-0.1462536806886957,-1.7795325627248149,0.0454876309127289,-0.3255328939351398,0.0021730784736587,-0.0085034574329857,0.0106765359066444
flow/0000/003,boxeye,80,207,unregistered_exploratory,0.0797782434739018,1.3112194506145858,-0.3272887261309321,-0.3273839214134939,-4.084992704987384,0.1033654515476164,-0.3115410712881097,0.0098373442568803,-0.0514621197682264,0.0612994640251067
flow/0000/004,boxeye,80,207,unregistered_exploratory,0.0695696172585849,1.5793126200561252,-0.1518144263240583,-0.1456812037920492,-1.156254630703419,0.0827528344605774,-0.1281433224461342,0.0051718671326083,-0.001559247150612,0.0067311142832204
flow/0000/005,boxeye,80,207,unregistered_exploratory,0.0700923087015092,1.276502636778419,-0.1830256710112121,-0.1893022539950329,-3.0987173072665284,0.0907592282047473,-0.1587899841088033,0.0080851741854767,-0.0440818999774454,0.0521670741629221
flow/0000/006,boxeye,80,207,unregistered_exploratory,0.0704337829618303,1.3028461157818902,-0.3789892171707946,-0.4039808531485821,-4.964759665352174,0.0851883143137105,-0.5595064908929529,0.0115482778405536,-0.0308625094328814,0.0424107872734351
flow/0000/007,boxeye,80,207,unregistered_exploratory,0.0521188936321834,1.7943387294054944,-0.39138611558169,-0.3961234765566229,-1.4880434667582358,0.0501789561283472,-0.373021712968048,0.0031489769742315,-0.0079313094487141,0.0110802864229457
flow/0000/008,boxeye,80,207,unregistered_exploratory,0.070675144507249,1.4363669269606347,-0.1307483446892911,-0.1278233130760165,-1.5420212460485754,0.0816974632179985,-0.2110599290952735,-0.0054255445526316,-0.0259163351260923,0.0204907905734607
flow/0000/009,boxeye,80,207,unregistered_exploratory,0.0538315997727981,1.559293752840487,-0.3125938939836458,-0.3105298328119764,-1.8532760943412896,0.0679807907932157,-0.5192867684866681,0.008203694980612,-0.0062000459271765,0.0144037409077886
flow/0000/000,boxeye,112,143,unregistered_exploratory,0.0133129090317243,1.4100325076069329,-0.0324035474066862,-0.0387016116596294,-1.189507178734333,0.0141161970010751,0.0497071354450213,0.0011631212111391,-0.0007174171879775,0.0018805383991166
flow/0000/001,boxeye,112,143,unregistered_exploratory,0.0070721688276703,1.067280574281885,0.0120682002237874,0.0080550753295407,-6.745224498701769,0.0077803602895645,0.1897829544957899,-2.481509719237832e-05,-0.0047539416038094,0.004729126506617
flow/0000/002,boxeye,112,143,unregistered_exploratory,0.0157732207897868,1.5601433150243074,-0.3412210991975071,-0.3334511946634684,-2.0120901395231625,0.0193557807692553,-0.4396226313162815,0.0024237941108918,-0.0054088133635525,0.0078326074744444
flow/0000/003,boxeye,112,143,unregistered_exploratory,0.0398627605637916,1.215955710772447,-0.3159211821033311,-0.318626734686187,-6.510037210337666,0.0523740017328262,-0.2594623062345899,0.0059729055573701,-0.027502419717731,0.0334753252751012
flow/0000/004,boxeye,112,143,unregistered_exploratory,0.0263019814230799,1.5232712567096922,-0.1887179569943236,-0.1753532485193418,-1.500739709028355,0.0321313657794906,-0.2068122664197435,-0.0022037339151879,-0.0043507937003891,0.0021470597852012
flow/0000/005,boxeye,112,143,unregistered_exploratory,0.0348353315043738,1.185656157188809,-0.171189838988917,-0.1750908030625563,-4.9070865570731375,0.0441860824124677,-0.2189562213982473,0.0019233563560131,-0.0254163778680082,0.0273397342240214
flow/0000/006,boxeye,112,143,unregistered_exploratory,0.0283307106585395,1.4958252842829265,-0.4387599738570667,-0.4456646062577445,-2.9701772272022247,0.033045381369921,-0.4450092234059414,0.0054877678762096,-0.0125984291188926,0.0180861969951023
flow/0000/007,boxeye,112,143,unregistered_exploratory,0.0177569835923981,1.468750372719148,-0.1883088464447014,-0.1820207766586298,-1.652213117862995,0.0171073288172833,-0.2689894458779228,0.0003323704040078,-0.0055456894654638,0.0058780598694716
flow/0000/008,boxeye,112,143,unregistered_exploratory,0.0268427431977232,1.614489782648214,-0.392696791051879,-0.3931700075969209,-2.026422381903587,0.030930514877493,-0.4212335874828596,-0.0015445044895547,-0.0055280383579327,0.003983533868378
flow/0000/009,boxeye,112,143,unregistered_exploratory,0.0224976761700838,1.404908742608026,-0.4133719442708199,-0.428184335376839,-3.6091816810264232,0.0289836589057395,-0.4995598233558901,0.0039908754443572,-0.0069570872309071,0.0109479626752644
flow/0000/000,boxeye,112,175,unregistered_exploratory,0.0235504546155055,1.3271866031350343,0.0255409979591793,0.0173131353595912,-1.210846408919371,0.0241059591834554,0.1075744701689079,0.001488295493842,3.734449563197493e-05,0.00145095099821
flow/0000/001,boxeye,112,175,unregistered_exploratory,0.0144857620518489,1.1900263200735208,-0.242737604325823,-0.2490574966972899,-6.160082756757172,0.0165088742040852,-0.1318956459899107,0.0015255339916579,-0.0084921321377898,0.0100176661294477
flow/0000/002,boxeye,112,175,unregistered_exploratory,0.0260830403593094,1.4762253521357225,-0.1382601230832508,-0.1300048402635736,-1.3979351343910684,0.0308487850736746,-0.2185798626205081,0.0035152779186419,-0.0050929148355846,0.0086081927542266
flow/0000/003,boxeye,112,175,unregistered_exploratory,0.0636882536394183,1.286060261484697,-0.3388100368242688,-0.3450540836889154,-4.762150151433365,0.0812890375782151,-0.2753088307110053,0.0105655511907937,-0.0419362759598334,0.0525018271506271
flow/0000/004,boxeye,112,175,unregistered_exploratory,0.0442215369978672,1.543202114868892,-0.1715726129843437,-0.1597485059089051,-1.347732952099272,0.0526381728451166,-0.1599648857637419,0.0004189685392079,-0.001802406982785,0.002221375521993
flow/0000/005,boxeye,112,175,unregistered_exploratory,0.0611621272572869,1.2930852810314186,-0.3480624532214926,-0.3573907383626842,-4.72350804601323,0.0782849910397406,-0.4207098543103828,0.007118372312136,-0.0379556980174295,0.0450740703295656
flow/0000/006,boxeye,112,175,unregistered_exploratory,0.0541932383510561,1.4897138586412777,-0.5532881066796068,-0.5732206232975819,-3.882046555137903,0.0630499536053715,-0.6012065740513932,0.0119630977434553,-0.0210350923699195,0.0329981901133749
flow/0000/007,boxeye,112,175,unregistered_exploratory,0.0320084440847369,1.634579070722242,-0.2917410866420093,-0.2911980477869807,-1.5264941627853776,0.0318395409211039,-0.3255487814752348,0.0024102140870499,-0.0064889472737179,0.0088991613607678
flow/0000/008,boxeye,112,175,unregistered_exploratory,0.047752418973476,1.6178430070965537,-0.197759098888699,-0.2008103424802976,-1.2170320004603217,0.0549177779080522,-0.2898716142065251,-0.0041014484578591,-0.0177234831369878,0.0136220346791287
flow/0000/009,boxeye,112,175,unregistered_exploratory,0.0367053898861014,1.5059062903557985,-0.3539355785495534,-0.3594486816082394,-2.3380477180705204,0.0463879565332173,-0.5184605233291582,0.0065546069690373,-0.0043605231410556,0.010915130110093
flow/0000/000,boxeye,112,191,unregistered_exploratory,0.0272120522714199,1.3236786318841818,0.0345458120016116,0.0256451643683534,-1.1777880588490284,0.0268568340175775,0.1202712837130067,0.0019942584067519,0.0003792040814124,0.0016150543253394
flow/0000/001,boxeye,112,191,unregistered_exploratory,0.0169763163932756,1.2814918463320937,-0.3160996897943955,-0.3202753305630297,-4.538769514926408,0.0193513954256131,-0.2030145455221454,0.0029248579430347,-0.0082186023679448,0.0111434603109796
flow/0000/002,boxeye,112,191,unregistered_exploratory,0.0303124007088351,1.4302296041538212,-0.0723344176802785,-0.0654657149747988,-1.260846623331768,0.0347464177798085,-0.16216974997272,0.0038500905388462,-0.0041202036417197,0.0079702941805659
flow/0000/003,boxeye,112,191,unregistered_exploratory,0.0679262628986736,1.3594543356776774,-0.3860503638532827,-0.3903836091596754,-3.973048036310283,0.0849179857606279,-0.3318820966059783,0.0126547236049031,-0.0405080041870807,0.0531627277919838
flow/0000/004,boxeye,112,191,unregistered_exploratory,0.0504148676659375,1.5364518085918712,-0.1346755535706085,-0.1255407476874116,-1.2204380296960804,0.0591573250965446,-0.1273531577889614,0.0036684547371397,0.002423143427475,0.0012453113096647
flow/0000/005,boxeye,112,191,unregistered_exploratory,0.0660137386672209,1.4051007919677263,-0.4010097482906709,-0.4123428863776848,-3.501930329028073,0.0839591068298128,-0.4327277664638461,0.013018712429249,-0.0335500079928207,0.0465687204220698
flow/0000/006,boxeye,112,191,unregistered_exploratory,0.0582431735580853,1.4871393682410472,-0.5202171502417722,-0.5474351592075587,-3.640797952682939,0.0680879633059346,-0.6325973801629999,0.0122236811056075,-0.0213778521684942,0.0336015332741017
flow/0000/007,boxeye,112,191,unregistered_exploratory,0.037539321891329,1.720466780093881,-0.3000651528567477,-0.305979222002893,-1.33705554565091,0.0372723297978915,-0.2972393345785062,0.0041712952637688,-0.0044168071349209,0.0085881023986898
flow/0000/008,boxeye,112,191,unregistered_exploratory,0.0555285031043105,1.4981863496588763,-0.0873093306920849,-0.0890737304542013,-1.120993785293937,0.0632202974859642,-0.1908013393662495,-0.0085652169625811,-0.0226516979567687,0.0140864809941875
flow/0000/009,boxeye,112,191,unregistered_exploratory,0.039725961575306,1.4896502042543651,-0.2297184039425399,-0.2309054540871272,-1.7556989680670934,0.0490609744253807,-0.4382698025492875,0.0077949222451525,-0.0011398681714847,0.0089347904166372
flow/0000/000,boxeye,112,207,unregistered_exploratory,0.0301185135018608,1.3078527966814513,0.0693515676475046,0.0567599406904143,-1.0760667676138542,0.0293535776998773,0.1330864875630268,0.0028751395631715,0.001643035380927,0.0012321041822445
flow/0000/001,boxeye,112,207,unregistered_exploratory,0.0168601391119638,1.4005233263781982,-0.2928619675033301,-0.2952666449720516,-2.6790100820508633,0.019087731655163,-0.1999570987871858,0.0040211409312471,-0.006453123985589,0.0104742649168361
flow/0000/002,boxeye,112,207,unregistered_exploratory,0.0332877401110755,1.422758401577071,0.0026010003650071,0.0100030704915147,-0.9708414174281292,0.0370125348261996,-0.0864903908248125,0.0042877079708522,-0.0024468004186036,0.0067345083894558
flow/0000/003,boxeye,112,207,unregistered_exploratory,0.0683624834432566,1.3721685774488288,-0.3742441187013468,-0.3757617528275454,-3.666005966089574,0.0843636190899655,-0.3379619696635189,0.0124583466796752,-0.037074960960725,0.0495333076404002
flow/0000/004,boxeye,112,207,unregistered_exploratory,0.0549109967360968,1.51096967460813,-0.0616641492586301,-0.0572932867658611,-1.016221794888664,0.0635859358787007,-0.0658954777438751,0.0073024683048828,0.0081002419645337,-0.0007977736596508
flow/0000/005,boxeye,112,207,unregistered_exploratory,0.0676483816807675,1.5711942667845302,-0.4084604274002745,-0.4171399856478525,-2.274809637653107,0.0852053134146109,-0.407914982261949,0.0211324816615517,-0.0248582357382047,0.0459907173997565
flow/0000/006,boxeye,112,207,unregistered_exploratory,0.0605158712406824,1.4439292037997116,-0.4213185262465762,-0.4427204170054728,-3.266754742637933,0.0703323985038047,-0.5605821069359505,0.0122335892738404,-0.0212518567280586,0.0334854460018991
flow/0000/007,boxeye,112,207,unregistered_exploratory,0.0424305496623128,1.728674382796766,-0.2552635609441779,-0.270937521687024,-1.1819572703739647,0.0417853775997231,-0.2248533469510326,0.0057100145235966,-0.0010595649550245,0.0067695794786212
flow/0000/008,boxeye,112,207,unregistered_exploratory,0.0624986748424916,1.418219434300423,-0.0475520308799204,-0.0456953372124043,-1.1986941199042498,0.0707904891046211,-0.104739452424908,-0.008092227166878,-0.0257537498521864,0.0176615226853084
flow/0000/009,boxeye,112,207,unregistered_exploratory,0.0411860922475676,1.456221371612085,-0.0902602359263515,-0.0902806203375072,-1.243827797729422,0.0493681009059766,-0.2945413629221666,0.0085440914479513,0.0024873957710127,0.0060566956769386
flow/0000/000,boxeye,143,175,unregistered_exploratory,0.0123697439405421,1.2315483821045567,0.1690082933023353,0.1582565077947181,-0.8822742191553672,0.0122347309325372,0.1883544151124613,0.0017511204342851,0.0007547616836095,0.0009963587506755
flow/0000/001,boxeye,143,175,unregistered_exploratory,0.0082693062699728,1.2650739454796311,-0.2359570647280934,-0.240481497245448,-3.8754338956847425,0.0094010884796614,-0.1917831338556489,0.0017140938126201,-0.0037381905339804,0.0054522843466006
flow/0000/002,boxeye,143,175,unregistered_exploratory,0.0143250002707443,1.3470875835838183,0.1007211315542115,0.1125005563157578,-0.8065427295896037,0.0155551731617924,0.0961836875383231,0.00207198333473,0.0003158985279679,0.001756084806762
flow/0000/003,boxeye,143,175,unregistered_exploratory,0.029846259776976,1.4621196467224469,-0.311354362981787,-0.3189382782719068,-2.365118692972901,0.0361803385206979,-0.2102129154779056,0.0084976029279178,-0.0144338562421023,0.0229314591700201
flow/0000/004,boxeye,143,175,unregistered_exploratory,0.0226773323366694,1.5404643489873016,0.0236944456256645,0.0410214396048798,-0.7245259272077986,0.0263750475230107,0.0449312840186796,0.0012222234432193,0.0025483867176041,-0.0013261632743847
flow/0000/005,boxeye,143,175,unregistered_exploratory,0.0300101228572429,1.4450689622450208,-0.3007205697915742,-0.3142530837459625,-2.4390812503382606,0.0377175359750991,-0.4119209038480645,0.00715895505568,-0.0125393201494213,0.0196982752051013
flow/0000/006,boxeye,143,175,unregistered_exploratory,0.0324475866586193,1.4914456072120104,-0.4342482562832601,-0.4647966497881832,-3.037752704279572,0.0357089544332954,-0.4773270775925292,0.006611546519438,-0.0084366632510269,0.0150482097704649
flow/0000/007,boxeye,143,175,unregistered_exploratory,0.0168649050895514,1.63962997736741,-0.2239643868830503,-0.2325342254527412,-1.2531557313067894,0.0171189886863174,-0.2206562743390313,0.0019779896217973,-0.0009432578082541,0.0029212474300514
flow/0000/008,boxeye,143,175,unregistered_exploratory,0.0250367238583167,1.3564591040822704,0.0777011682794523,0.0749920480661501,-0.8523876053567492,0.0278172882997242,0.0215340253253501,-0.0038559075878858,-0.0121954447790551,0.0083395371911693
flow/0000/009,boxeye,143,175,unregistered_exploratory,0.0180207844098114,1.495630472228955,-0.1403825649355409,-0.1364902995370128,-1.344697215444199,0.0218519817495612,-0.3425547652731167,0.0041588363932511,0.0025965640898514,0.0015622723033996
flow/0000/000,boxeye,143,191,unregistered_exploratory,0.017073071927438,1.24361740941743,0.1661963350210227,0.1559950274643041,-0.8421304458023187,0.0163291740791918,0.1758271117962591,0.0026276208214129,0.00109662126939,0.0015309995520228
flow/0000/001,boxeye,143,191,unregistered_exploratory,0.0117228423533094,1.3580714075696143,-0.2349880202068323,-0.2378403088115666,-2.629910922875224,0.0130461945865667,-0.1612720938548061,0.0033418179317377,-0.0034646607641354,0.0068064786958732
flow/0000/002,boxeye,143,191,unregistered_exploratory,0.0201444369391266,1.3225047570752906,0.1417700357458813,0.1554457297545945,-0.7046457075565653,0.021288763987502,0.1419013908047844,0.0029825262902313,0.0012886097218327,0.0016939165683985
flow/0000/003,boxeye,143,191,unregistered_exploratory,0.0384121984665654,1.610533502837821,-0.3206083034835379,-0.3236838616637656,-1.7256909872042256,0.0448718792624414,-0.264557034603034,0.0107599225515268,-0.0130055844693495,0.0237655070208764
flow/0000/004,boxeye,143,191,unregistered_exploratory,0.0309681255138177,1.4770156800127006,0.0541071947736729,0.062858985681227,-0.7230896017721664,0.0355179917504556,0.0608573535198812,0.0033641685800059,0.0067739371278642,-0.0034097685478582
flow/0000/005,boxeye,143,191,unregistered_exploratory,0.0384115406058545,1.616394765755757,-0.2274026899505694,-0.2408554193538307,-1.335275075550057,0.0468593589700892,-0.2996217393722008,0.0146288144641326,-0.0081336301248125,0.0227624445889451
flow/0000/006,boxeye,143,191,unregistered_exploratory,0.04028458494875,1.56022393110228,-0.383955780369528,-0.4165155573727699,-2.2455411863641315,0.0449822750755954,-0.5285646112282657,0.0085433306915273,-0.0087794230496015,0.0173227537411289
flow/0000/007,boxeye,143,191,unregistered_exploratory,0.0242193130962479,1.6580916593251989,-0.1945367853662142,-0.2107061190183436,-1.1207829959012647,0.0244129818319285,-0.1887230706206518,0.0036988489413659,0.0011288823305428,0.002569966610823
flow/0000/008,boxeye,143,191,unregistered_exploratory,0.0374944810401824,1.3572463026752133,0.0739622760050282,0.0731239756417991,-0.8632272961258729,0.0408194944461327,0.0619084923242142,-0.0055010847472668,-0.0171236595988359,0.0116225748515691
flow/0000/009,boxeye,143,191,unregistered_exploratory,0.0238886524261437,1.3838713239395637,0.0413169207627464,0.0481444012958226,-0.9329420477489052,0.0279977579856848,-0.1411861969855615,0.0058702759698138,0.0058172190594223,5.305691039148887e-05
flow/0000/000,boxeye,143,207,unregistered_exploratory,0.0212275363934227,1.259021173116483,0.1597189309863851,0.1481547283186439,-0.8127793738190343,0.0201469576067848,0.1683829513401018,0.003225420652661,0.0023604525689045,0.0008649680837565
flow/0000/001,boxeye,143,207,unregistered_exploratory,0.012522055560885,1.45759431656438,-0.0781103492223225,-0.0796460676782375,-1.1904541734137215,0.0138593630499347,-0.0323751878117053,0.0048220033972345,-0.0016991823817795,0.0065211857790141
flow/0000/002,boxeye,143,207,unregistered_exploratory,0.0246849785931614,1.32599561512497,0.1906067915297313,0.206542584247697,-0.517789905693814,0.025426355756588,0.2069640286224829,0.0040578689453644,0.0029620129449489,0.0010958560004155
flow/0000/003,boxeye,143,207,unregistered_exploratory,0.0438367370205906,1.644822665675913,-0.3167944228273503,-0.3159591582393299,-1.6134065054626427,0.0493120937743916,-0.2753790710019991,0.012589562925099,-0.0095725412429939,0.0221621041680929
flow/0000/004,boxeye,143,207,unregistered_exploratory,0.0367727365412593,1.377532853652021,0.1368142018422911,0.1361911839242711,-0.6233057427264848,0.0412753191038408,0.1327186384140913,0.0068607260988786,0.0124510356649228,-0.0055903095660442
flow/0000/005,boxeye,143,207,unregistered_exploratory,0.0428490233981592,1.6644035453906136,0.0080618642059487,0.0024083050822292,-0.556990118300025,0.0510485156604684,-0.0452085402447068,0.0235719458091166,0.0005581421298034,0.0230138036793132
flow/0000/006,boxeye,143,207,unregistered_exploratory,0.0464575699360478,1.5439853786276436,-0.2775214835374591,-0.2969228011043899,-1.7619649388918588,0.0508264693815287,-0.4386950281219263,0.0098417581723974,-0.0086534276091659,0.0184951857815634
flow/0000/007,boxeye,143,207,unregistered_exploratory,0.0313114021409421,1.583742834870774,-0.1227887995566535,-0.1437512654323059,-1.0439751355012867,0.0309771129165008,-0.1153243067419445,0.0058862314515444,0.0044861245104392,0.0014001069411052
flow/0000/008,boxeye,143,207,unregistered_exploratory,0.0498671636114986,1.37810034616947,0.0465521335244833,0.0470586638091164,-0.9155234978108786,0.0555417442747925,0.0452241758647398,-0.0064312179281912,-0.0202257114942537,0.0137944935660624
flow/0000/009,boxeye,143,207,unregistered_exploratory,0.0278349106507084,1.2739046488894747,0.2054878595337947,0.2111991524135203,-0.5613356710081752,0.0313010807899581,0.1053290833312422,0.007615742800804,0.0094444830019198,-0.0018287402011158
flow/0000/000,boxeye,175,191,unregistered_exploratory,0.0061364205819194,1.2303327006845717,0.2538754342704462,0.2512164529877981,-0.4746520389726072,0.0061555812808475,0.1703150396540503,0.0015077261874162,0.0003418595857804,0.0011658666016357
flow/0000/001,boxeye,175,191,unregistered_exploratory,0.0044831086458102,1.3012818688663736,0.1503326126516842,0.1498479135952878,-0.7065918872326631,0.004569772547834,0.2609177773882944,0.0019738106013687,0.000273529769845,0.0017002808315237
flow/0000/002,boxeye,175,191,unregistered_exploratory,0.0070542822131637,1.2995310827561473,0.3192185888843207,0.3334043091994707,-0.1637371216793945,0.0073143246052251,0.3264816631614782,0.0013947621619225,0.0009727111938648,0.0004220509680577
flow/0000/003,boxeye,175,191,unregistered_exploratory,0.0151771805412926,1.845424580881268,-0.2557080838790625,-0.2382632965101325,-1.0152657056789174,0.016399215658809,-0.4211298164221466,0.0051788516699556,0.0014282717727527,0.0037505798972029
flow/0000/004,boxeye,175,191,unregistered_exploratory,0.0108735551308132,1.4160229909622544,0.1662899843008519,0.161648420407838,-0.4919061379738345,0.0124872885558503,0.1511072360973925,0.0019357377304931,0.00422555041026,-0.0022898126797669
flow/0000/005,boxeye,175,191,unregistered_exploratory,0.0117509984942856,1.2818267121156983,0.3923108018703893,0.390010844922719,0.0028194554282401,0.0122804837401416,0.3762814333498477,0.0076798240027355,0.0044056900246087,0.0032741339781267
flow/0000/006,boxeye,175,191,unregistered_exploratory,0.0131581484390099,1.5057131922456342,-0.0134206825175473,-0.038912457264822,-0.8531026079496893,0.013592559424442,-0.2103476984796385,0.0018968403634893,-0.0003427597985746,0.002239600162064
flow/0000/007,boxeye,175,191,unregistered_exploratory,0.0087759968360634,1.5505343951903334,-0.0918253977583239,-0.106552813758876,-1.0049881023634888,0.0085201485417701,-0.1107991900020235,0.0015505177454109,0.0020721401387969,-0.000521622393386
flow/0000/008,boxeye,175,191,unregistered_exploratory,0.015425665178031,1.394217864196065,-0.0174035229984603,-0.0190929210873373,-1.143501901603237,0.0169989408127155,-0.0777967008209332,-0.0024067236032483,-0.0049282148197808,0.0025214912165325
flow/0000/009,boxeye,175,191,unregistered_exploratory,0.0081331875836622,1.2119237781709151,0.265045976216084,0.2761598396671643,-0.4803912309024785,0.0090732554748736,0.1905048345970901,0.0021499346341967,0.0032206549695708,-0.001070720335374
flow/0000/000,boxeye,175,207,unregistered_exploratory,0.0111107586933011,1.275035880980392,0.231633744318528,0.2222995526368603,-0.4713078340756946,0.010985409444551,0.1123692991860067,0.0027472900759072,0.001605690885295,0.0011415991906122
flow/0000/001,boxeye,175,207,unregistered_exploratory,0.0067836687372076,1.2767397676228442,0.4016476903788238,0.4015698277806216,0.021345871341823,0.0075439331190645,0.3812232508196272,0.0039578614912739,0.0020390081522008,0.001918853339073
flow/0000/002,boxeye,175,207,unregistered_exploratory,0.0133788530538601,1.3499026272333698,0.3164236555429032,0.3366057359111199,-0.1302050243896171,0.0138617667753982,0.3251593823857623,0.0027293747123613,0.0026461144169809,8.326029538038978e-05
flow/0000/003,boxeye,175,207,unregistered_exploratory,0.0268543177085291,1.806987700449331,-0.2586076032593694,-0.2372434366747915,-1.1093466067172,0.0279886475720294,-0.4761152863828242,0.0092667599597061,0.0048613149991084,0.0044054449605977
flow/0000/004,boxeye,175,207,unregistered_exploratory,0.0193548591840528,1.3034792873798484,0.2299299900210484,0.2152241304796197,-0.4564367388307351,0.021861509204958,0.2328022456178195,0.0042756667312328,0.0099026489473187,-0.0056269822160858
flow/0000/005,boxeye,175,207,unregistered_exploratory,0.0199589552142928,1.0689021600112878,0.5777665734971063,0.5788927223100898,0.2866359397395539,0.0198919397415532,0.5733259187497715,0.0169608520344951,0.0130974622792248,0.0038633897552703
flow/0000/006,boxeye,175,207,unregistered_exploratory,0.0262486894568293,1.4260448032435762,0.0128861440913856,0.0128872333139192,-0.918244011814225,0.0249182338144947,-0.0383244870058962,0.0035949416863375,-0.000216764358139,0.0038117060444766
flow/0000/007,boxeye,175,207,unregistered_exploratory,0.0179279173987285,1.447002586315379,-0.0322805888672224,-0.0475715312349557,-1.042214628921899,0.0169920594827509,-0.0398411686260256,0.0036041128441391,0.0054293823186934,-0.0018252694745542
flow/0000/008,boxeye,175,207,unregistered_exploratory,0.0311476923618606,1.4393056304378462,-0.0095994687715014,-0.0129218974224224,-0.9714427027815412,0.0362199958035731,-0.062589170549768,-0.0045731216758317,-0.0080302667151985,0.0034571450393668
flow/0000/009,boxeye,175,207,unregistered_exploratory,0.0146511464152385,1.1404533520321785,0.366152153013577,0.3741763414573301,-0.2410414724317866,0.0156716100043359,0.3863006034881728,0.0042623854567759,0.0068479189120683,-0.0025855334552923
flow/0000/000,boxeye,191,207,unregistered_exploratory,0.0057882511778195,1.387824017237916,0.2219097508445576,0.2172215784832769,-0.3196162463004783,0.0058403957417901,0.1021972583051593,0.0017353393554325,0.0012638312995145,0.0004715080559179
flow/0000/001,boxeye,191,207,unregistered_exploratory,0.0031136417391687,1.0611917806720572,0.5359231265795478,0.5359473059139415,0.1896389613721886,0.0036898845424968,0.3861327581660713,0.0020238592761681,0.0017654783823558,0.0002583808938122
flow/0000/002,boxeye,191,207,unregistered_exploratory,0.0072637165913272,1.377440812454839,0.3207027896282134,0.3368029011688888,-0.0962405291068424,0.0077799712927837,0.305346238905028,0.0018858918316467,0.0016734032231161,0.0002124886085306
flow/0000/003,boxeye,191,207,unregistered_exploratory,0.0143094254862748,1.8610301817733723,-0.2111940582064149,-0.1929041881300708,-0.9034174875220318,0.0148091713896388,-0.4991597508012913,0.0058165336240975,0.0034330432263556,0.0023834903977418
flow/0000/004,boxeye,191,207,unregistered_exploratory,0.0095078111586265,1.2385313306043353,0.2982278809260794,0.2767626866827313,-0.3364426283341515,0.010509112841531,0.3408967835463233,0.0024419523466272,0.0056770985370586,-0.0032351461904314
flow/0000/005,boxeye,191,207,unregistered_exploratory,0.0108961730357958,0.9849665469135208,0.6351697925874954,0.6410919464567401,0.3745486238067408,0.0106791078383335,0.6233207616939466,0.0103006274803685,0.008691772254616,0.0016088552257525
flow/0000/006,boxeye,191,207,unregistered_exploratory,0.0162343532079085,1.416347156386367,-0.0622655887167434,-0.0606372413421375,-1.2580748829461528,0.0133448459260042,0.0789856217484945,0.0015545550153852,0.0001259954404355,0.0014285595749497
flow/0000/007,boxeye,191,207,unregistered_exploratory,0.0094409154514266,1.345357607388514,0.0439171143551921,0.0316721873260146,-1.0320439680915316,0.0090605602131363,0.0226681406193693,0.0018446061344787,0.0033572421798964,-0.0015126360454177
flow/0000/008,boxeye,191,207,unregistered_exploratory,0.0173910434660816,1.5020022570221574,-0.0719037148015095,-0.08987668275762,-1.0625952082105217,0.0204360991778764,-0.1094760457485507,-0.0028717588134431,-0.0031020518954177,0.0002302930819745
flow/0000/009,boxeye,191,207,unregistered_exploratory,0.0073451016133166,1.1195086829114638,0.4020491927358758,0.4094783524149549,-0.1501968974667951,0.0073184557112796,0.5110493538560158,0.0021435378960718,0.0036272639424974,-0.0014837260464256
flow/0000/000,highres_232,48,80,unregistered_exploratory,0.0431407683692422,1.0515105102659683,0.2165545937278618,0.2180832236646916,-2.0069621371481587,0.0540752939757216,0.0902960319131797,0.0085761470612878,0.0180513398074454,-0.0094751927461575
flow/0000/001,highres_232,48,80,unregistered_exploratory,0.0197748929183544,1.0452622700582843,0.2164856903142591,0.2155790065927907,-2.1443258694323033,0.0247827937539524,0.0867178926667405,0.0045721097792942,0.0046962695991527,-0.0001241598198584
flow/0000/002,highres_232,48,80,unregistered_exploratory,0.0183502280944279,1.6369888610220042,0.0710141914441584,0.0710193126830244,-0.4298919259583704,0.0196007169241761,0.0155405374919304,-0.0060738353601041,-0.0047083278758284,-0.0013655074842756
flow/0000/003,highres_232,48,80,unregistered_exploratory,0.0253440207116203,1.3841994329354257,0.2500315504506415,0.2496691403765319,-0.2493371940093001,0.0308044416506906,0.1511530515443055,0.0065341871366144,0.0098848450106772,-0.0033506578740627
flow/0000/004,highres_232,48,80,unregistered_exploratory,0.0353604416424325,1.291262730199079,0.2806858654831873,0.2805052069621315,-0.2731412989100867,0.0405348158434929,0.2262923718141314,-0.0178141834837576,-0.0110436695569136,-0.0067705139268439
flow/0000/005,highres_232,48,80,unregistered_exploratory,0.0283854549391807,1.103621779474931,0.2957018890415056,0.2977176971116215,-0.6942198562255812,0.033871379244658,0.1783427520467911,-0.010674680553972,-0.016014457568085,0.0053397770141129
flow/0000/006,highres_232,48,80,unregistered_exploratory,0.0327436933904209,1.1597609811594576,0.1512900744325324,0.1527786521279986,-1.3421281478568463,0.0406981047882628,0.2088638058401226,-0.0087812227493179,0.0024862899502232,-0.0112675126995411
flow/0000/007,highres_232,48,80,unregistered_exploratory,0.0192049526871065,1.1462001153745878,0.3346610233668119,0.3345400691846759,-0.3482591916163124,0.0208936728798759,0.2409540494257512,-0.0082184655521856,-0.0096096817599884,0.0013912162078028
flow/0000/008,highres_232,48,80,unregistered_exploratory,0.027772362650242,1.0618211682580077,0.430392106770986,0.4319849832291301,-0.1514891657818227,0.0346239538213133,0.3348926258554369,0.0149538255953519,0.0123005110971878,0.002653314498164
flow/0000/009,highres_232,48,80,unregistered_exploratory,0.025211830135892,1.145997405461464,0.4435666587653398,0.4486752991028967,0.012071504834401,0.0279196234344487,0.4411372088744442,-0.012936998125151,-0.0141266419804087,0.0011896438552576
flow/0000/000,highres_232,48,112,unregistered_exploratory,0.0768144652608875,1.1353314717295528,0.0811647806181227,0.085166895397825,-2.313992941196685,0.0944281391529931,-0.0691218131837596,-0.007337753452323,-0.0116278693538588,0.0042901159015357
flow/0000/001,highres_232,48,112,unregistered_exploratory,0.0266399807421905,0.9825903813135918,0.4510725441123999,0.451702449013884,-0.3001376410610041,0.0322882390473675,0.2616951032581258,-0.0133139314708255,-0.0161493604276074,0.0028354289567818
flow/0000/002,highres_232,48,112,unregistered_exploratory,0.03622230942752,1.436485037570466,0.1869273730573356,0.1868045469627138,-0.3531992455567732,0.0396997372665002,0.0809739697816112,-0.0167506999620404,-0.0137350364490226,-0.0030156635130177
flow/0000/003,highres_232,48,112,unregistered_exploratory,0.0532171883008481,1.2397917282574964,0.3240657900003509,0.3242636832418889,-0.2140460822933936,0.0672238143581875,0.1791140915783527,-0.0230892833447108,-0.0232581432755167,0.0001688599308058
flow/0000/004,highres_232,48,112,unregistered_exploratory,0.0645555482489449,1.1271832212236907,0.3776630728290915,0.3776248059920393,-0.2201851372501153,0.0738876513331463,0.2340726987285142,-0.0371102672964135,-0.0351596665859338,-0.0019506007104797
flow/0000/005,highres_232,48,112,unregistered_exploratory,0.0540718123111096,0.929611716563886,0.5052683491441863,0.506463504423407,-0.1956392848379757,0.0645422329391417,0.3233340368981829,-0.0333406964771286,-0.0479750692318281,0.0146343727546995
flow/0000/006,highres_232,48,112,unregistered_exploratory,0.0512295680107881,1.1355258080377757,0.3198863953266598,0.3210267327864008,-0.4415013887803047,0.0596686439757839,0.2958976462134587,-0.026728262611259,-0.0177728430259242,-0.0089554195853348
flow/0000/007,highres_232,48,112,unregistered_exploratory,0.0352949091689194,1.0972550433171804,0.3316485163840067,0.3314532686521682,-0.5135299255122407,0.0377277270680267,0.2044269732398806,-0.0133993281185766,-0.017790940400223,0.0043916122816463
flow/0000/008,highres_232,48,112,unregistered_exploratory,0.0481029090837906,1.0864355234598968,0.3487350268176541,0.3492479578997989,-0.4641193153647991,0.0592968580585553,0.2403175620566802,0.0202639616662382,0.0215266434868334,-0.0012626818205952
flow/0000/009,highres_232,48,112,unregistered_exploratory,0.0495231142966366,1.0888375888888149,0.4704951877441048,0.4717722111214017,0.0253463210673373,0.0569233939319248,0.4484653145967848,-0.0265315612704526,-0.029123488284257,0.0025919270138044
flow/0000/000,highres_232,48,143,unregistered_exploratory,0.0945954002528104,1.0033059159529296,0.3016258978456481,0.3051672708174268,-1.6774667730191313,0.1172130643155017,0.1249114400112268,-0.0304854086245177,-0.0607633395857053,0.0302779309611876
flow/0000/001,highres_232,48,143,unregistered_exploratory,0.0362015080976755,0.7271522735646493,0.690530017592955,0.6907653867999447,0.0970396496134899,0.0431222734394062,0.5509744091684591,-0.0290033491979313,-0.0403233691527313,0.0113200199547999
flow/0000/002,highres_232,48,143,unregistered_exploratory,0.0461610345181518,0.975540949605743,0.5177830711582079,0.5177202228084488,0.022182418816962,0.05100617591183,0.3892064744763817,-0.0297348802912467,-0.0347229197677316,0.0049880394764848
flow/0000/003,highres_232,48,143,unregistered_exploratory,0.0777632286049357,0.8089908101352399,0.6156345093529089,0.6157725720584624,-0.0265581657560518,0.0991845788862813,0.3984521483894853,-0.0598523298789451,-0.0887576028051928,0.0289052729262477
flow/0000/004,highres_232,48,143,unregistered_exploratory,0.0862743041038819,1.016160764067984,0.443840506692073,0.4437145929338565,-0.2123541639030692,0.1005308137485752,0.2512078614689764,-0.0518109343447156,-0.0624456891863809,0.0106347548416653
flow/0000/005,highres_232,48,143,unregistered_exploratory,0.0809623597860995,0.857960544992281,0.6048204376691189,0.6054682847009033,0.136539540288942,0.1018734388593041,0.3877527476334227,-0.0683680710468564,-0.0844082675658166,0.0160401965189602
flow/0000/006,highres_232,48,143,unregistered_exploratory,0.066712023248873,0.9526385535897636,0.4586425089650319,0.4589837808397818,-0.4110505194861351,0.0730344241484588,0.3794135136646004,-0.0420172273117853,-0.0526342786719855,0.0106170513602002
flow/0000/007,highres_232,48,143,unregistered_exploratory,0.0488636150122572,1.1367326912046785,0.2282679062450671,0.2284061615590477,-0.9453767689268964,0.0517544448031229,0.0922941662584719,-0.0110207151485946,-0.0199214721199941,0.0089007569713995
flow/0000/008,highres_232,48,143,unregistered_exploratory,0.0607587504714245,1.2034518552972493,0.1664869502347531,0.1663131410313632,-0.977021552617794,0.0734242274315648,0.0743588985863569,0.0111793834425696,0.0189660653482181,-0.0077866819056485
flow/0000/009,highres_232,48,143,unregistered_exploratory,0.0693200525778388,1.0908132900474243,0.4355951919854556,0.435788210254689,-0.0890158239308418,0.0811196601406635,0.3964279224190221,-0.0362907522586015,-0.0386849844350239,0.0023942321764223
flow/0000/000,highres_232,48,175,unregistered_exploratory,0.1083806816132477,0.9552798475043202,0.3761837658452563,0.3791230310360349,-1.47208711802431,0.1349707714096635,0.1787475080754303,-0.0428269084934288,-0.0916104126784231,0.0487835041849942
flow/0000/001,highres_232,48,175,unregistered_exploratory,0.0471411938500388,0.6906790979929204,0.7294149661782785,0.729979965423432,-0.1866192881602846,0.0561048097146541,0.6267937422762319,-0.0345286459724349,-0.0594388372649103,0.0249101912924754
flow/0000/002,highres_232,48,175,unregistered_exploratory,0.0549955303366158,0.8517159916304604,0.5625745759502362,0.5626133663714469,-0.2325021795531821,0.0593274184039112,0.4680156097850096,-0.0305413108325617,-0.0481740683361985,0.0176327575036367
flow/0000/003,highres_232,48,175,unregistered_exploratory,0.0873531154219326,0.8255265749415026,0.5846718421780398,0.5848068043153369,-0.2537475990575326,0.1097142250683722,0.3664689675168194,-0.0600941919513613,-0.1018235545337869,0.0417293625824255
flow/0000/004,highres_232,48,175,unregistered_exploratory,0.1020187824713069,0.9399087275535828,0.4947211197202308,0.4946476086662533,-0.2151039728809147,0.1196387373504799,0.3249039646656971,-0.0607240282824078,-0.0814083839285366,0.0206843556461288
flow/0000/005,highres_232,48,175,unregistered_exploratory,0.0974493125490074,0.9043814696458324,0.5744784420467769,0.574771441859944,0.1094600211897314,0.12367440762825,0.3476387752937444,-0.0789192505022674,-0.099835864538938,0.0209166140366706
flow/0000/006,highres_232,48,175,unregistered_exploratory,0.0829642919138273,0.9005877890055133,0.4767095393969558,0.4767570752022111,-0.7936828541375949,0.0888696192727453,0.4115904351437313,-0.046857577916232,-0.0772283740071283,0.0303707960908962
flow/0000/007,highres_232,48,175,unregistered_exploratory,0.0572055189412449,1.1845456857237644,0.1406058525663326,0.1407531778822307,-1.2447670433037477,0.0606310158562584,0.0375780270392461,-0.0052396898029469,-0.014419505537544,0.0091798157345971
flow/0000/008,highres_232,48,175,unregistered_exploratory,0.0657679139161975,1.357994571939476,0.0521184265573243,0.0514740128444662,-0.9531887253880048,0.0780090181533232,0.0203143517132191,-0.0042882813934919,0.000893151101527,-0.005181432495019
flow/0000/009,highres_232,48,175,unregistered_exploratory,0.0794455148431138,1.104393447359447,0.3892184669459935,0.3893071764865962,-0.2397185466729177,0.0921874476306654,0.3458679563440922,-0.0369271023263361,-0.0431274801542484,0.0062003778279122
flow/0000/000,highres_232,48,191,unregistered_exploratory,0.1128942260283059,0.9710360805912434,0.3547495372877522,0.3572593363937003,-1.4879112842154578,0.1407812119329216,0.1492811016328036,-0.0433928671197082,-0.0965490107804575,0.0531561436607492
flow/0000/001,highres_232,48,191,unregistered_exploratory,0.0542241494540809,0.7131845897969402,0.7111345173298133,0.7114769544951399,-0.4545314462083272,0.0644870123160604,0.6225574074687741,-0.0358691290981521,-0.0667598194267247,0.0308906903285726
flow/0000/002,highres_232,48,191,unregistered_exploratory,0.0574176685117946,0.8871110915043923,0.5083837621124018,0.5084477977787025,-0.5119826032562682,0.0614624940357913,0.4214636418358441,-0.0268951911246618,-0.0462326934100862,0.0193375022854243
flow/0000/003,highres_232,48,191,unregistered_exploratory,0.0888213944651173,0.876970181670483,0.5239299382478945,0.5240774525440154,-0.4333167149727879,0.1104242243900226,0.3089625688445651,-0.0542506373620503,-0.0954897602209138,0.0412391228588635
flow/0000/004,highres_232,48,191,unregistered_exploratory,0.1068730157395859,0.9469119545691446,0.4826556451487638,0.4826211410065723,-0.2629769795606953,0.1250752665978741,0.3265933798599401,-0.0597552165922507,-0.081543637443564,0.0217884208513132
flow/0000/005,highres_232,48,191,unregistered_exploratory,0.1020086588399941,0.9625669150922858,0.5161389389801667,0.5164091988755382,-0.0167431799914885,0.1287781554081504,0.2974621818167017,-0.0720535802725055,-0.0972224324403019,0.0251688521677963
flow/0000/006,highres_232,48,191,unregistered_exploratory,0.0870348191110767,0.9930984486186692,0.347185483433775,0.3471911230435533,-1.1712777746510716,0.0901778466050956,0.2872284818712051,-0.0407880250771024,-0.0675149771297561,0.0267269520526537
flow/0000/007,highres_232,48,191,unregistered_exploratory,0.0598765072275771,1.2052194860524723,0.1032935739102561,0.1033754643002348,-1.3666523157723658,0.0636712240585877,0.0226155117004325,-0.0023106378752219,-0.0105227414633738,0.0082121035881519
flow/0000/008,highres_232,48,191,unregistered_exploratory,0.0691974809728647,1.3380600195419203,0.0823737505609331,0.0816198421493228,-0.8856316618628861,0.0812009053889606,0.0703743976677652,-0.0107905280648002,-0.0087643579747871,-0.002026170090013
flow/0000/009,highres_232,48,191,unregistered_exploratory,0.0822597273739737,1.1465386468721772,0.3245238490192415,0.324316150016845,-0.408294336355274,0.0944562303887886,0.2896246161821948,-0.0320122012491414,-0.0397869619894913,0.0077747607403499
flow/0000/000,highres_232,48,207,unregistered_exploratory,0.1163570178311687,0.9961318973875712,0.3231799476125834,0.3249331851850119,-1.4767539767754507,0.1455618022428217,0.1191134860877414,-0.0419255204265423,-0.0970548427042629,0.0551293222777206
flow/0000/001,highres_232,48,207,unregistered_exploratory,0.0565023861787161,0.7712268957113072,0.6398906350513929,0.6401425640665263,-0.8009886817188341,0.0659751974177903,0.5575546496812845,-0.0319608184652801,-0.0626105221454783,0.0306497036801981
flow/0000/002,highres_232,48,207,unregistered_exploratory,0.0582477923638554,0.9469925709054344,0.4263387229942892,0.4263559349338153,-0.7961454465936082,0.061684986540439,0.343251673532134,-0.0225713078208539,-0.0406683344310381,0.0180970266101841
flow/0000/003,highres_232,48,207,unregistered_exploratory,0.0899668547737356,0.9387334904923406,0.4498460862573335,0.4499816704088951,-0.6146564351445503,0.1104660617522034,0.2426416825580059,-0.0484852015987519,-0.087555637645998,0.0390704360472461
flow/0000/004,highres_232,48,207,unregistered_exploratory,0.1098132990800919,0.9835664040911212,0.4401282339180135,0.440226188562475,-0.366472042863841,0.127235238427346,0.3108600058191906,-0.0542282514383041,-0.075007868432325,0.0207796169940208
flow/0000/005,highres_232,48,207,unregistered_exploratory,0.1032549234280644,1.0351420632105888,0.4340390537580773,0.4341977588977474,-0.2044972287261415,0.1290700780462198,0.2366350785657791,-0.0596918823067072,-0.0885195003678764,0.0288276180611692
flow/0000/006,highres_232,48,207,unregistered_exploratory,0.0932478618966567,1.100082197454055,0.1727415026586707,0.172812871269497,-1.7559610616808272,0.0934039258022982,0.1326071626388222,-0.0336556375905468,-0.054595813043334,0.0209401754527871
flow/0000/007,highres_232,48,207,unregistered_exploratory,0.0617656431509564,1.2253169577421414,0.0701729979233476,0.070152516996845,-1.460580029948824,0.0659866602110817,0.0108810460996421,0.0003598387031579,-0.0067523966868692,0.0071122353900272
flow/0000/008,highres_232,48,207,unregistered_exploratory,0.0731625089058129,1.3063589456857478,0.1221122475938196,0.121140179657591,-0.8110889592707999,0.0852734106712748,0.1150125901425505,-0.0151552936317804,-0.0165665685577367,0.0014112749259563
flow/0000/009,highres_232,48,207,unregistered_exploratory,0.0844051166316672,1.2105360638184766,0.228280613350559,0.2276598704355908,-0.6526542003774567,0.0957611499590118,0.2112640265461776,-0.0239504020321208,-0.0319747473509689,0.008024345318848
flow/0000/000,highres_232,80,112,unregistered_exploratory,0.0437279638847899,0.9778009069739428,0.3569807910925888,0.3623809499374438,-1.2984303951990397,0.0527944406506466,0.1572768257818955,-0.0157340990625262,-0.0296792091613042,0.0139451100987779
flow/0000/001,highres_232,80,112,unregistered_exploratory,0.0212790616016657,0.7317286818976614,0.7034609863145317,0.7047409913757743,0.3042710588561091,0.0245859011903989,0.5940979539411653,-0.0199533486820141,-0.0208456300267601,0.0008922813447459
flow/0000/002,highres_232,80,112,unregistered_exploratory,0.0215616544070694,1.3188993422337292,0.2888601992404545,0.2886089199196571,-0.2165659244110203,0.0241887452944482,0.1801502833218513,-0.0111063277666146,-0.0090267085731941,-0.0020796191934205
flow/0000/003,highres_232,80,112,unregistered_exploratory,0.0365537409119142,0.9202366684367954,0.5831210714331013,0.5831795709729537,0.1786573942977429,0.0474537143435331,0.3554984920614118,-0.0316429062645892,-0.033142988286194,0.0015000820216047
flow/0000/004,highres_232,80,112,unregistered_exploratory,0.0363528418329444,1.0430078695299414,0.4357103013523208,0.4354796050290616,-0.1742520473223581,0.0420428623322587,0.2500321135773923,-0.0223340196891143,-0.0241159970290201,0.0017819773399058
flow/0000/005,highres_232,80,112,unregistered_exploratory,0.0343715456896585,0.930227101261756,0.5091256554517792,0.5095204691571916,-0.1679632994659645,0.0410143525106585,0.3146780617514989,-0.0211632275015797,-0.031960611663743,0.0107973841621632
flow/0000/006,highres_232,80,112,unregistered_exploratory,0.0299413225560314,1.0587667684574262,0.4473135083720742,0.4468352376618391,-0.0909871017092942,0.0323174715095632,0.3648585346149468,-0.0213886948175512,-0.0202591329761474,-0.0011295618414038
flow/0000/007,highres_232,80,112,unregistered_exploratory,0.0191279830791977,1.1036708700198614,0.3229523368832115,0.3226367728688923,-0.5363059136247497,0.0198241499157408,0.1528133366360665,-0.0059473249143245,-0.0081812586402345,0.00223393372591
flow/0000/008,highres_232,80,112,unregistered_exploratory,0.0286845802432865,1.2107180440356422,0.1559835984886964,0.1540363362725892,-1.0053407885862105,0.0349655496593937,0.0864882434302006,0.0055729700264365,0.0092261323896456,-0.003653162363209
flow/0000/009,highres_232,80,112,unregistered_exploratory,0.029597084040573,1.0778329105183029,0.4723486925269803,0.4706936571709575,0.0186883436387661,0.0346253626366147,0.4600675352030526,-0.0144708133239332,-0.0149968463038483,0.0005260329799151
flow/0000/000,highres_232,80,143,unregistered_exploratory,0.0725156859156468,0.801986546641936,0.5976688822641287,0.6006328209919528,-0.6904376043415494,0.0903715857067877,0.4524792856997538,-0.0405356608380717,-0.0788146793931508,0.038279018555079
flow/0000/001,highres_232,80,143,unregistered_exploratory,0.0359884213946916,0.6441793156907256,0.7702884662212524,0.7707353347015158,0.4408009615578379,0.0426270844726339,0.6629190981966351,-0.0407300951109604,-0.0450196387518841,0.0042895436409236
flow/0000/002,highres_232,80,143,unregistered_exploratory,0.0355541547149767,0.8608794091835404,0.6189037439098888,0.6188025590188336,0.2142009871041524,0.0390286821180526,0.519784390891679,-0.0263682025606897,-0.0300145918919031,0.0036463893312133
flow/0000/003,highres_232,80,143,unregistered_exploratory,0.0684088519966115,0.6812409419619883,0.7363957902900704,0.7364038740336017,0.3033523534716508,0.088651343731985,0.5236944688967917,-0.0745262919238585,-0.0986424478158701,0.0241161558920115
flow/0000/004,highres_232,80,143,unregistered_exploratory,0.0644717317102336,0.9600853449996096,0.4902030957721557,0.4901140965361397,-0.156927841866852,0.0758848439325137,0.2874127015701201,-0.0419581462872939,-0.0514020196294673,0.0094438733421733
flow/0000/005,highres_232,80,143,unregistered_exploratory,0.0673372920899902,0.8870803540561345,0.5967633909421433,0.5969238320674184,0.1704718440065146,0.0851887944919359,0.3628005024446997,-0.0578150959837547,-0.0683938099977315,0.0105787140139767
flow/0000/006,highres_232,80,143,unregistered_exploratory,0.0594575813292064,0.8827256937652845,0.5263275575841486,0.5262723114754246,-0.3370770442410367,0.0656194520042144,0.4253897516751959,-0.0417839776759218,-0.0551205686222088,0.0133365909462869
flow/0000/007,highres_232,80,143,unregistered_exploratory,0.0353279838503164,1.145220367192159,0.2343204655469018,0.2342933833079541,-0.860284325500787,0.0364656387415197,0.0717998277467266,-0.0050010971738726,-0.0103117903600057,0.005310693186133
flow/0000/008,highres_232,80,143,unregistered_exploratory,0.0467584030309599,1.283818658977272,0.1180231215848988,0.1163711112273007,-0.900841188725798,0.0559410858959103,0.1201377041985207,-0.0035959772942094,0.0066655542510302,-0.0102615315452397
flow/0000/009,highres_232,80,143,unregistered_exploratory,0.0525106927928062,1.1000058195806364,0.4316985706363991,0.4296482818929104,-0.0878692626551702,0.0622443685635979,0.4008671769975654,-0.0250755763228389,-0.0245583424546151,-0.0005172338682237
flow/0000/000,highres_232,80,175,unregistered_exploratory,0.0938666010827357,0.7821123457258642,0.6232285321964013,0.6251716569485013,-0.6337521408908697,0.1172913161123097,0.4883960256694927,-0.0549070857489416,-0.1096617524858685,0.0547546667369269
flow/0000/001,highres_232,80,175,unregistered_exploratory,0.0478150930941558,0.6326884381163717,0.7753545160038013,0.7762277776421974,0.2628828369899307,0.0569861000223043,0.671852303691059,-0.0479080412051213,-0.0641351068640631,0.0162270656589418
flow/0000/002,highres_232,80,175,unregistered_exploratory,0.0482548862481154,0.802251319961783,0.6210539585452541,0.6211794923051953,-0.0259899382383954,0.0514461839428005,0.5512284094490344,-0.0299918542657632,-0.04346574046037,0.0134738861946068
flow/0000/003,highres_232,80,175,unregistered_exploratory,0.0792380911657887,0.7103402399422039,0.7066071929909793,0.7066272977136806,0.1464454097052036,0.1004441950242782,0.4937216647905316,-0.0765048494488061,-0.1117083995444641,0.035203550095658
flow/0000/004,highres_232,80,175,unregistered_exploratory,0.0848183009726662,0.9047034055636514,0.5322123913535981,0.5322010798845354,-0.1301981408306536,0.1000499620523164,0.3673340445820737,-0.0542199850186266,-0.070364714371623,0.0161447293529963
flow/0000/005,highres_232,80,175,unregistered_exploratory,0.0877797693015807,0.9594897068821576,0.5516881765251644,0.5515263362103833,0.1238068414852363,0.1118226202698255,0.3127451472381212,-0.0698785160444425,-0.0838214069708529,0.0139428909264104
flow/0000/006,highres_232,80,175,unregistered_exploratory,0.0808846494650959,0.8495351510137343,0.5431805095383511,0.5432312122865625,-0.595236908385244,0.0876880081253619,0.4756321614969092,-0.0514814768387903,-0.0797146639573515,0.0282331871185612
flow/0000/007,highres_232,80,175,unregistered_exploratory,0.0455800352235213,1.1595542311364346,0.2071805786801656,0.2070893665518349,-0.9537667451991834,0.0472310696879825,0.0889300717812838,-2.9017890080394446e-05,-0.0048098237775556,0.0047808058874752
flow/0000/008,highres_232,80,175,unregistered_exploratory,0.0577627431263058,1.246373998053102,0.2445959487575239,0.2434245131022614,-0.4721624717099759,0.068359674974855,0.2513507739121161,-0.0182392996186069,-0.0114073599956608,-0.0068319396229461
flow/0000/009,highres_232,80,175,unregistered_exploratory,0.0662471117355222,1.1325181104034243,0.3854626269444737,0.3837060313785724,-0.1969988276825272,0.0776343756674684,0.3463022895319096,-0.028082205238623,-0.0290008381738397,0.0009186329352166
flow/0000/000,highres_232,80,191,unregistered_exploratory,0.1006551063039099,0.799220846724667,0.6012198033894329,0.6029102916083365,-0.6878511856837912,0.1256402624403232,0.465817031038632,-0.056174345153864,-0.1146003505879029,0.0584260054340389
flow/0000/001,highres_232,80,191,unregistered_exploratory,0.0540907271037968,0.6489359560254788,0.7635040002826682,0.7641586350895427,0.1399665495807793,0.0641450049871084,0.6699910944608387,-0.0499542012832249,-0.0714560890258775,0.0215018877426526
flow/0000/002,highres_232,80,191,unregistered_exploratory,0.0518432371497616,0.8534188049715387,0.5561874578548515,0.5563079286717374,-0.2942654145252787,0.0552005207091935,0.4894545572278329,-0.0265816618482105,-0.0415243655342577,0.0149427036860472
flow/0000/003,highres_232,80,191,unregistered_exploratory,0.0815222252330538,0.7624428597418506,0.6549496996126264,0.6549709363174817,-0.0162398855151562,0.1020916284616387,0.4349763198795824,-0.0696098869324086,-0.1053746052315911,0.0357647182991824
flow/0000/004,highres_232,80,191,unregistered_exploratory,0.0909473376431739,0.91758214220125,0.5173406582415926,0.5174125305144771,-0.1701972095197605,0.1070509080320544,0.3696090058964907,-0.0539217907214181,-0.0704999678866503,0.0165781771652321
flow/0000/005,highres_232,80,191,unregistered_exploratory,0.0935955988412487,1.0331521207786956,0.4824730945405909,0.4822406569032478,-0.007298920335389,0.1185694768573654,0.258363131884153,-0.0631380675476163,-0.0812079748722168,0.0180699073246004
flow/0000/006,highres_232,80,191,unregistered_exploratory,0.0860539183942083,0.9342200737267624,0.4317958894530028,0.4319761767062392,-0.914846348436696,0.0902840705412563,0.3613474657720625,-0.0463258303566802,-0.0700012670799794,0.0236754367232991
flow/0000/007,highres_232,80,191,unregistered_exploratory,0.0492396375677347,1.1654587757204369,0.1973540438729204,0.1971688115274703,-0.9841511335357622,0.0513901837511326,0.094924962077101,0.0025182356991233,-0.0009130597033853,0.0034312954025087
flow/0000/008,highres_232,80,191,unregistered_exploratory,0.0631801200011958,1.1653817142515484,0.3162463581064925,0.3150319884400895,-0.3789326194401778,0.0740941529238638,0.3148582875217151,-0.0251365337645571,-0.021064869071975,-0.004071664692582
flow/0000/009,highres_232,80,191,unregistered_exploratory,0.0705334414866986,1.1743733302651431,0.3238750149858028,0.3219495373888058,-0.3437969961317253,0.0815795107527663,0.2944127147087139,-0.0244520999215823,-0.0256603200090826,0.0012082200875002
flow/0000/000,highres_232,80,207,unregistered_exploratory,0.1060244279000343,0.8224289432176681,0.5716895995782871,0.5729720590335435,-0.7177043860859917,0.1327472681965109,0.4356645038225771,-0.0550707232299568,-0.1151061825117084,0.0600354592817515
flow/0000/001,highres_232,80,207,unregistered_exploratory,0.0569191429215489,0.7044015940839482,0.7106784738470332,0.7112491277043835,-0.0879245196297242,0.0668203617004601,0.616398605624191,-0.0451903475096036,-0.0673067917446311,0.0221164442350274
flow/0000/002,highres_232,80,207,unregistered_exploratory,0.0537856737255613,0.9272806763269568,0.4614256444821928,0.4614409197576701,-0.6084369885868957,0.056886629070589,0.400160765351776,-0.0218535920422469,-0.0359600065552096,0.0141064145129626
flow/0000/003,highres_232,80,207,unregistered_exploratory,0.0830881419698102,0.8194624867008383,0.5949819026014707,0.5949936650309496,-0.1788720654743685,0.1023448041144092,0.37476750275264,-0.0630028592082869,-0.0974404826566753,0.0344376234483884
flow/0000/004,highres_232,80,207,unregistered_exploratory,0.0951482175944202,0.9617529775115624,0.4707524525009343,0.4711151909521535,-0.2701986540533836,0.1110097115256054,0.3537131826156937,-0.0486794145283518,-0.0639641988754113,0.0152847843470594
flow/0000/005,highres_232,80,207,unregistered_exploratory,0.095947515934601,1.1217455483660943,0.3868390942601234,0.3864672028598121,-0.1984679858371756,0.1200470096847731,0.1957112334653967,-0.0507248201911073,-0.0725050427997913,0.0217802226086839
flow/0000/006,highres_232,80,207,unregistered_exploratory,0.0929585353281296,1.0373506266289267,0.2732465812432487,0.27325070949026,-1.4590054648916828,0.0934157829858055,0.218714774861521,-0.0392844183681971,-0.0570821029935573,0.0177976846253601
flow/0000/007,highres_232,80,207,unregistered_exploratory,0.0520431138457348,1.1701530786485392,0.1923308140125342,0.1920200525369177,-0.9913441662934008,0.0549163541689092,0.0975210385315286,0.0049886476991104,0.0028572850731191,0.0021313626259912
flow/0000/008,highres_232,80,207,unregistered_exploratory,0.0684617366831102,1.1215035696984317,0.3520353411373234,0.3507253298213545,-0.3393146000877001,0.079713102378026,0.3451170826644722,-0.0291126063044439,-0.0288670796549246,-0.0002455266495192
flow/0000/009,highres_232,80,207,unregistered_exploratory,0.0739119141416918,1.2244995476667435,0.2399831216498148,0.2378478279247597,-0.5603955197513852,0.0842531684548719,0.2296689647085133,-0.0174516246778502,-0.0178481053705602,0.00039648069271
flow/0000/000,highres_232,112,143,unregistered_exploratory,0.0386936928312703,0.7189140911251733,0.6960534350098704,0.697058574813467,-0.1895084582270634,0.0476933476371901,0.6038678367909213,-0.0266926118329219,-0.0491354702318465,0.0224428583989246
flow/0000/001,highres_232,112,143,unregistered_exploratory,0.0209892380978189,0.7303513502871463,0.798032153419966,0.7980576520895611,0.6360572105488684,0.0249981771804238,0.7119695159358511,-0.0296518909602335,-0.0241740087251239,-0.0054778822351096
flow/0000/002,highres_232,112,143,unregistered_exploratory,0.0207127812190529,0.7179357751582286,0.715216248389531,0.7153210548726937,0.3335477108444906,0.0219806854854486,0.6613037170217487,-0.0168159790421765,-0.020987883318709,0.0041719042765324
flow/0000/003,highres_232,112,143,unregistered_exploratory,0.0402848389076463,0.619601928594769,0.7869433461571409,0.7869497964223623,0.4602802141531047,0.0518962399333926,0.6017142577739986,-0.0521045856041096,-0.0654994595296761,0.0133948739255664
flow/0000/004,highres_232,112,143,unregistered_exploratory,0.0350010275436755,0.9605156442128986,0.4791874960729733,0.4793079786289385,-0.2213399200400907,0.0414528255837474,0.2959689532514297,-0.0217258038100489,-0.0272860226004471,0.0055602187903982
flow/0000/005,highres_232,112,143,unregistered_exploratory,0.0423213162658612,1.0005564882807176,0.5766800368381406,0.5767444720931152,0.2470208397141886,0.0544003475555426,0.3380783529315048,-0.0379685000152535,-0.0364331983339885,-0.0015353016812649
flow/0000/006,highres_232,112,143,unregistered_exploratory,0.038830443828994,0.864799852725162,0.5261047249380513,0.5263833705673618,-0.6024908570922727,0.044900464837794,0.4288887049369008,-0.0242497054515094,-0.0348614356460613,0.0106117301945519
flow/0000/007,highres_232,112,143,unregistered_exploratory,0.0184915613874234,1.173326221238877,0.2503000679709955,0.2503107921042787,-0.6518790029895583,0.0185120526424163,0.1343202099999315,0.0002164506170952,-0.0021305317197711,0.0023469823368664
flow/0000/008,highres_232,112,143,unregistered_exploratory,0.0259588964818563,1.2651961138556256,0.2673715574006123,0.266941790574041,-0.3544655572386057,0.0304567252735355,0.3121024516417829,-0.0094879713618523,-0.0025605781386153,-0.006927393223237
flow/0000/009,highres_232,112,143,unregistered_exploratory,0.0283677051204228,1.2168673540880193,0.308659566905393,0.3061095275894657,-0.3149462282683826,0.0333218373469553,0.2757553065337809,-0.0100594854755148,-0.0095614961507667,-0.000497989324748
flow/0000/000,highres_232,112,175,unregistered_exploratory,0.064080732545057,0.7093223549422918,0.7050833950507343,0.7057080709665082,-0.0643702069910923,0.0783513247585392,0.6052932915451377,-0.0461794265043342,-0.0799825433245643,0.03380311682023
flow/0000/001,highres_232,112,175,unregistered_exploratory,0.0326245937574776,0.6478484151468803,0.8016675597569121,0.8020094446998487,0.6203340823509864,0.037741819509413,0.723770955391809,-0.0452819907675738,-0.0432894768373029,-0.0019925139302708
flow/0000/002,highres_232,112,175,unregistered_exploratory,0.037079784141806,0.7541870097094652,0.6705469802728281,0.6706478823071017,0.1249315517606918,0.0383339945142969,0.6426735753548939,-0.0246327218209371,-0.0344390318871758,0.0098063100662386
flow/0000/003,highres_232,112,175,unregistered_exploratory,0.0550873669943965,0.6984736728244445,0.7250593611982883,0.7250683991080518,0.3111702673757904,0.0684285312758078,0.540948405051827,-0.0592832624097498,-0.0785654112582701,0.0192821488485203
flow/0000/004,highres_232,112,175,unregistered_exploratory,0.060333188422753,0.9120698160809813,0.5234317933912108,0.523602659973126,-0.1552462425913829,0.0713152067056047,0.3804976898529721,-0.0355199380719302,-0.0462487173426028,0.0107287792706726
flow/0000/005,highres_232,112,175,unregistered_exploratory,0.0699717416374152,1.1347303304397311,0.5078340339589366,0.5074750251510419,0.1697678042632471,0.0894502328745135,0.2867885610020822,-0.0539350372326856,-0.0518607953071099,-0.0020742419255757
flow/0000/006,highres_232,112,175,unregistered_exploratory,0.0644021812001828,0.838417327676258,0.5572740356768667,0.5574763318777965,-0.5499292699490128,0.0703947815324842,0.5106644179165362,-0.0388164190877889,-0.059455530981204,0.0206391118934151
flow/0000/007,highres_232,112,175,unregistered_exploratory,0.0310915572001697,1.1239381183398107,0.3139058248451803,0.3133289843564765,-0.509935886042328,0.0316890397157161,0.228618341488016,0.0048225572237413,0.0033714348626789,0.0014511223610624
flow/0000/008,highres_232,112,175,unregistered_exploratory,0.0458304698240063,1.072900304667624,0.4521444247575823,0.4518544985368788,-0.0475973678551604,0.0542176402286531,0.4440918852694708,-0.0250053464388045,-0.0206334923853064,-0.0043718540534981
flow/0000/009,highres_232,112,175,unregistered_exploratory,0.0467020711403416,1.2231374062480085,0.3101215445634061,0.3088846315688598,-0.2968309091239629,0.0535957674336578,0.2697932864163525,-0.0158600777598893,-0.0140039918699913,-0.001856085889898
flow/0000/000,highres_232,112,191,unregistered_exploratory,0.0729137080093248,0.7344197746208236,0.6789621935446479,0.6792469072201803,-0.1098723804993138,0.0889882224027045,0.5775315865685093,-0.0488927250061282,-0.0849211414265986,0.0360284164204704
flow/0000/001,highres_232,112,191,unregistered_exploratory,0.0382609882430123,0.647098704465482,0.7914860297506682,0.7917307568951636,0.5846336335342057,0.0437814999806836,0.7233606059442255,-0.0508043194655075,-0.0506104589991173,-0.0001938604663902
flow/0000/002,highres_232,112,191,unregistered_exploratory,0.04190943207216,0.8325323204926687,0.5856636927295719,0.5857593695512798,-0.1519815188096622,0.0434840986422989,0.5649397516219792,-0.0218556808219699,-0.0324976569610636,0.0106419761390936
flow/0000/003,highres_232,112,191,unregistered_exploratory,0.0586105337273396,0.7818511880508213,0.6549674232758479,0.6549729507749085,0.1650589578434814,0.0716013744992558,0.463051532313081,-0.0539497887923291,-0.072231616945397,0.0182818281530679
flow/0000/004,highres_232,112,191,unregistered_exploratory,0.0685129472467209,0.9379608986770076,0.4974122051869334,0.4977533926822737,-0.2068056117308252,0.0811763747682548,0.3731020863929125,-0.0351840018240787,-0.0463839708576302,0.0111999690335514
flow/0000/005,highres_232,112,191,unregistered_exploratory,0.0783536361141853,1.242012195771256,0.4204450303663353,0.4200200661199672,0.0397757046211599,0.0992669105600745,0.2344364424774715,-0.0478123096551822,-0.0492473632084737,0.0014350535532915
flow/0000/006,highres_232,112,191,unregistered_exploratory,0.0723312546960038,0.9379280514871202,0.4271410671848089,0.4274682230661021,-0.9224743364436035,0.0761958325496298,0.3804534161930799,-0.0341007480945173,-0.0497421341038319,0.0156413860093146
flow/0000/007,highres_232,112,191,unregistered_exploratory,0.0358878304208556,1.1082074140950957,0.3306713311377534,0.330078953747265,-0.4803434443670351,0.036963310278696,0.2453258934564004,0.0072243407142734,0.0072681989368491,-4.385822257572079e-05
flow/0000/008,highres_232,112,191,unregistered_exploratory,0.0539372832957084,0.9985760869302036,0.500534776222161,0.5000931250740206,-0.0016070411040483,0.062965238906194,0.4900034691957077,-0.0321920165155521,-0.0302910014616206,-0.0019010150539315
flow/0000/009,highres_232,112,191,unregistered_exploratory,0.053457087304918,1.2485045170971694,0.2596592634074928,0.2586674761502073,-0.4244457289768211,0.0603793006261372,0.2357653351784339,-0.0141002373882095,-0.0106634737052342,-0.0034367636829752
flow/0000/000,highres_232,112,207,unregistered_exploratory,0.0807804720131891,0.7669994996108973,0.6453975362409263,0.6453772712715655,-0.1543043551175673,0.0989503365789028,0.5420440840579658,-0.0485479886827399,-0.0854269733504041,0.0368789846676642
flow/0000/001,highres_232,112,207,unregistered_exploratory,0.0418671851063529,0.7333726357243668,0.7310646639946526,0.731264620432242,0.4620866871254679,0.0472948002087911,0.6633527347292434,-0.047353329812376,-0.0464611617178709,-0.0008921680945051
flow/0000/002,highres_232,112,207,unregistered_exploratory,0.0452853081457209,0.9326591469773184,0.4635842627448769,0.4635663822445215,-0.5271416739824148,0.0467632601822039,0.4643809697566709,-0.0166348185429794,-0.0269332979820154,0.0102984794390359
flow/0000/003,highres_232,112,207,unregistered_exploratory,0.0621988369155839,0.8805231138015811,0.5670371636232576,0.5670504209462917,-0.005192781542942,0.0740532553815545,0.3834983023410218,-0.0477695914702138,-0.0642974943704813,0.0165279029002674
flow/0000/004,highres_232,112,207,unregistered_exploratory,0.0748147621907321,1.0008407234282697,0.4363366136425815,0.4372381987482524,-0.3106482715477514,0.0882559916446116,0.3485629229813698,-0.0302206425592037,-0.0398482018463911,0.0096275592871874
flow/0000/005,highres_232,112,207,unregistered_exploratory,0.0824199928044247,1.3384327553345283,0.3202957320933646,0.319764752173467,-0.1197642928646647,0.1023080905866471,0.1944636529143815,-0.0364078555229437,-0.0405444311360482,0.0041365756131045
flow/0000/006,highres_232,112,207,unregistered_exploratory,0.0812425567771021,1.0476482161428275,0.2524320841853084,0.2522065310053014,-1.5661176588894534,0.0819699932064502,0.2205932860724353,-0.0267372818261985,-0.0368229700174098,0.0100856881912112
flow/0000/007,highres_232,112,207,unregistered_exploratory,0.039722454525198,1.091039380716835,0.3514270887963681,0.3507985033913826,-0.4350225553045708,0.0414621810946971,0.259290031329012,0.0096790347072556,0.0110385437133537,-0.001359509006098
flow/0000/008,highres_232,112,207,unregistered_exploratory,0.0610665686401304,0.9740543621043504,0.5090994102351566,0.5085393304950245,-0.0197859322977833,0.0709006934663112,0.4944375522976868,-0.0359843486592843,-0.0380932120445702,0.0021088633852859
flow/0000/009,highres_232,112,207,unregistered_exploratory,0.0589480352694387,1.2548163105864234,0.209239564906078,0.2085729590174652,-0.6013695883050962,0.0656712976448861,0.2066879613320139,-0.0085073828894144,-0.0028512590667118,-0.0056561238227026
flow/0000/000,highres_232,143,175,unregistered_exploratory,0.0302673527510176,0.7424357031711486,0.6847609842055092,0.6847238677697437,0.1900367086529096,0.035935373131593,0.5745751220014994,-0.0219583961871155,-0.0308470730927177,0.0088886769056022
flow/0000/001,highres_232,143,175,unregistered_exploratory,0.0188226841177428,0.773276306056104,0.7079471949986513,0.7086483923920034,0.4283170727703423,0.0217392624196191,0.6267591145969711,-0.0196854788397618,-0.019115468112179,-0.0005700107275827
flow/0000/002,highres_232,143,175,unregistered_exploratory,0.0213201238672861,0.9108181072951832,0.5603618632409193,0.5608634017362776,0.0596009845393321,0.0220558017411966,0.5738552845949549,-0.0124111754203156,-0.0134511485684668,0.0010399731481512
flow/0000/003,highres_232,143,175,unregistered_exploratory,0.0278524220412821,1.172329901786593,0.2967031465140311,0.2967362489906539,-0.4407438702441804,0.0322883233747304,0.258047747255725,-0.009783761068629,-0.013065951728594,0.0032821906599649
flow/0000/004,highres_232,143,175,unregistered_exploratory,0.030587125093118,0.9438111238314646,0.5041977479569628,0.5042720808149552,-0.1375224744718959,0.0362546950197258,0.380096511951506,-0.0149924608774644,-0.0189626947421557,0.0039702338646912
flow/0000/005,highres_232,143,175,unregistered_exploratory,0.0375426619103298,1.4154166380883708,0.3680608401879266,0.3675379694062591,0.0267143852880736,0.0469184596154691,0.2499624766472158,-0.0186045452714135,-0.0154275969731213,-0.0031769482982921
flow/0000/006,highres_232,143,175,unregistered_exploratory,0.0359029716963402,0.9336934947709772,0.4872118361545379,0.486522842763384,-0.3057039958112213,0.0343831466925886,0.5204963852923618,-0.0179638160748286,-0.0245940953351427,0.006630279260314
flow/0000/007,highres_232,143,175,unregistered_exploratory,0.0149573434496403,1.0363007909395174,0.4645288410626468,0.4632045049155451,-0.0726728780695333,0.0151199296008283,0.4021388518078572,0.0055239374620633,0.0055019665824501,2.197087961325079e-05
flow/0000/008,highres_232,143,175,unregistered_exploratory,0.0288116563093371,0.9809677324655576,0.4898409447024961,0.4896302670612289,-0.0913174097674072,0.0343221303950588,0.4576216067616241,-0.0151744184820433,-0.0180729142466911,0.0028984957646477
flow/0000/009,highres_232,143,175,unregistered_exploratory,0.0243803892180901,1.200788368260242,0.2796548997675377,0.2798934512811087,-0.4460882730749036,0.026707817687607,0.2803957045277091,-0.0066464707990382,-0.0044424957192245,-0.0022039750798137
flow/0000/000,highres_232,143,191,unregistered_exploratory,0.0414723335005044,0.7874578210232008,0.647367024146135,0.6468127666523069,0.1283134666698488,0.049340445349194,0.5461600790104729,-0.0259906424995427,-0.0357856711947521,0.0097950286952093
flow/0000/001,highres_232,143,191,unregistered_exploratory,0.0269891868794349,0.7747284443427541,0.6967781489433889,0.6971662128856289,0.3869436440352474,0.030491167465275,0.6494644764025985,-0.0270482741423499,-0.0264364502739934,-0.0006118238683565
flow/0000/002,highres_232,143,191,unregistered_exploratory,0.0287663306802308,1.0521850239496309,0.4065335510435449,0.4066733392930456,-0.2843974960549758,0.0307244697823375,0.4455820870058194,-0.0114754287629116,-0.0115097736423546,3.434487944292686e-05
flow/0000/003,highres_232,143,191,unregistered_exploratory,0.0369697932360324,1.3863560366639862,0.0954806308992237,0.0955046794657973,-0.7092815864705164,0.0429450157500802,0.0822726445945067,-0.0049428417164274,-0.0067321574157209,0.0017893156992934
flow/0000/004,highres_232,143,191,unregistered_exploratory,0.0412377402958577,1.0059541215337366,0.445901119032902,0.4462291970910253,-0.2358625487049017,0.0492103337681334,0.3418486979188856,-0.0146669431171675,-0.019097948257183,0.0044310051400155
flow/0000/005,highres_232,143,191,unregistered_exploratory,0.0496364651502183,1.5000216818873744,0.2966585580764455,0.296174774823436,-0.0661082886057509,0.061352828718573,0.2456204520426097,-0.0142523610565473,-0.0128141648744852,-0.001438196182062
flow/0000/006,highres_232,143,191,unregistered_exploratory,0.0500884712284651,1.0483566211107842,0.3264290630331022,0.325774700421342,-0.8080841207756968,0.049349030811812,0.3535620636097339,-0.0133986514882605,-0.0148806984577705,0.00148204696951
flow/0000/007,highres_232,143,191,unregistered_exploratory,0.0209592864824601,1.0183251339322,0.476028366736957,0.4750329681303112,-0.0638305162090726,0.0212503967812877,0.4054495115674503,0.0080654054863651,0.0093987306566203,-0.0013333251702552
flow/0000/008,highres_232,143,191,unregistered_exploratory,0.0400457516060874,0.9409014895537796,0.5182749514881347,0.5181857989294533,-0.0701346216231724,0.0469080626465986,0.4934136935490002,-0.0223534103823614,-0.0277304233230053,0.0053770129406439
flow/0000/009,highres_232,143,191,unregistered_exploratory,0.0341677499761839,1.192087316889757,0.2485631496663214,0.2489671649813191,-0.6021324202292975,0.0371259438625416,0.2722101030144051,-0.0065063422966729,-0.0011019775544675,-0.0054043647422054
flow/0000/000,highres_232,143,207,unregistered_exploratory,0.0517285739739045,0.8348163657262531,0.6071126090380408,0.6061031321983619,0.0603729199631595,0.0620267167005016,0.5089784345899333,-0.0264616861571084,-0.0362915031185576,0.0098298169614491
flow/0000/001,highres_232,143,207,unregistered_exploratory,0.0327696953760113,0.9541854742719932,0.5618250020690568,0.5621032715641472,0.1538005092344346,0.0361153096896012,0.5480637782084696,-0.0252732979476598,-0.022287152992747,-0.0029861449549128
flow/0000/002,highres_232,143,207,unregistered_exploratory,0.0343528932208379,1.1571357739295065,0.2496199520931141,0.2490831847988157,-0.7182386102838336,0.0368209291658041,0.3422567516504308,-0.0067949252791938,-0.0059454146633064,-0.0008495106158873
flow/0000/003,highres_232,143,207,unregistered_exploratory,0.0457208511836711,1.426257937720052,0.0624880152814575,0.0625303941045137,-0.7397864483395984,0.0525465553977409,0.0477253203912738,0.0004124592686425,0.0012019651591948,-0.0007895058905522
flow/0000/004,highres_232,143,207,unregistered_exploratory,0.0501715168330484,1.1032787346336117,0.3583417723410368,0.3597481176367633,-0.3606803378744851,0.0596855634909215,0.3030580433348664,-0.009362295079109,-0.012562179245944,0.003199884166835
flow/0000/005,highres_232,143,207,unregistered_exploratory,0.0577723874101448,1.4456968422678442,0.276384746677912,0.2760272246088641,-0.1367567860943399,0.0698818397101703,0.2817476155224783,-0.0028185210517339,-0.0041112328020597,0.0012927117503258
flow/0000/006,highres_232,143,207,unregistered_exploratory,0.0627063856127227,1.1064027323985914,0.2033997424586469,0.2027311241502944,-1.3719712979723817,0.061073862900252,0.2441498154821418,-0.0058470369042845,-0.0019615343713484,-0.003885502532936
flow/0000/007,highres_232,143,207,unregistered_exploratory,0.0261730364149072,1.0014453591533985,0.4944406905983691,0.4936337755572095,-0.0235769399206788,0.0268446836920717,0.4065779037155707,0.0107439761361521,0.0131690754331249,-0.0024250992969727
flow/0000/008,highres_232,143,207,unregistered_exploratory,0.0500575856772442,0.9518499431662965,0.4980361450093918,0.4977512812475412,-0.1465863573934887,0.0583937095197185,0.4721973372237826,-0.0259110397197776,-0.0355326339059549,0.0096215941861772
flow/0000/009,highres_232,143,207,unregistered_exploratory,0.0426192177698084,1.1427124076496262,0.2529618355287424,0.2534463550422436,-0.764753900899346,0.0460777180650627,0.2951592043060904,-0.0027649923177635,0.0067102370840549,-0.0094752294018184
flow/0000/000,highres_232,175,191,unregistered_exploratory,0.0137369489620386,0.9276504412848842,0.5514105421568721,0.5500292873542504,0.0579648074668931,0.0161554931383643,0.4989186328239785,-0.0051420400572214,-0.0049385981020343,-0.000203441955187
flow/0000/001,highres_232,175,191,unregistered_exploratory,0.0113046386159094,0.8964751330387928,0.5848717186628122,0.5848769628221682,0.1398733955156953,0.0120077086748169,0.6392211841983705,-0.0074745399378134,-0.0073209821618143,-0.000153557775999
flow/0000/002,highres_232,175,191,unregistered_exploratory,0.0110384484153779,1.2354017566512738,0.2110812027228188,0.2101102338909474,-0.636081033327154,0.0126771304490066,0.2920210027174246,-1.743706837704863e-05,0.0019413749261122,-0.0019588119944893
flow/0000/003,highres_232,175,191,unregistered_exploratory,0.0132252968096514,1.3149917493371186,0.2380093141607949,0.2379625349263402,-0.3676513422956171,0.0156511496628016,0.0404925911406512,0.0061364158914747,0.006333794312873,-0.0001973784213983
flow/0000/004,highres_232,175,191,unregistered_exploratory,0.0140402064485925,1.2232031717905598,0.2436954824915501,0.2448624395988357,-0.5301533689811799,0.0168455737629095,0.1985729967059367,0.0008410371201428,-0.0001352535150273,0.0009762906351701
flow/0000/005,highres_232,175,191,unregistered_exploratory,0.0172873097754802,1.483493420349393,0.3000816655687658,0.3003526480129855,-0.068147732829163,0.0210317776562167,0.2892002892269008,0.0039234310148444,0.0026134320986361,0.0013099989162083
flow/0000/006,highres_232,175,191,unregistered_exploratory,0.0250403067681064,0.9722644863509352,0.3647390862830992,0.3651993305209587,-1.275175079198346,0.026181081948622,0.44056400091856,0.0042132604519841,0.0097133968773721,-0.0055001364253879
flow/0000/007,highres_232,175,191,unregistered_exploratory,0.0072731915362448,1.050898824469343,0.4532897188541432,0.4529885603121974,-0.0849720727503706,0.0072738830757154,0.3538823084418148,0.0027483686965116,0.0038967640741702,-0.0011483953776585
flow/0000/008,highres_232,175,191,unregistered_exploratory,0.0151028248997647,1.0405299766945189,0.4348357673353751,0.4353232865506798,-0.1921946592256807,0.0171284356015333,0.4502500133208363,-0.0059352818512088,-0.0096575090763142,0.0037222272251054
flow/0000/009,highres_232,175,191,unregistered_exploratory,0.0120956017875432,1.103453480382844,0.2710340268709696,0.2713666146612949,-0.8544440301199367,0.013285699120509,0.3249584060357591,-5.971083452642195e-05,0.003340518164757,-0.0034002289992834
flow/0000/000,highres_232,175,207,unregistered_exploratory,0.0258063701312006,0.9415457919079784,0.5286115240009758,0.5268745376915092,-0.0154888308051757,0.0304883211556204,0.4787985312073816,-0.0058228272395901,-0.0054444300258398,-0.0003783972137502
flow/0000/001,highres_232,175,207,unregistered_exploratory,0.0190202546536756,1.266886760782287,0.2567056741117119,0.2567124886833496,-0.3868204193329831,0.0197140042677907,0.4267124457415857,-0.0053561633173745,-0.0031716848805679,-0.0021844784368066
flow/0000/002,highres_232,175,207,unregistered_exploratory,0.0195567727187613,1.1027721986745904,0.3328108342214724,0.3327069316602126,-0.4908854774182101,0.0217978518261872,0.3860664096866498,0.0049999815917399,0.0075057339051604,-0.0025057523134204
flow/0000/003,highres_232,175,207,unregistered_exploratory,0.0267800722365275,1.2801573798946562,0.2875621088573207,0.2875563814736545,-0.2677857568681643,0.0314524109037713,0.1110972578650622,0.0128317191903431,0.0142679168877888,-0.0014361976974457
flow/0000/004,highres_232,175,207,unregistered_exploratory,0.0267621026326321,1.2290720003485074,0.2612880643060568,0.2645941410994722,-0.4479966692392756,0.0316720557486042,0.2374370216521376,0.0069020228993782,0.0064005154962116,0.0005015074031665
flow/0000/005,highres_232,175,207,unregistered_exploratory,0.030623864707865,1.2067440167730965,0.4408112515936443,0.4410205871597649,0.0633421205638657,0.0366058323851878,0.4027096567807492,0.0155580373548642,0.0113163641710616,0.0042416731838026
flow/0000/006,highres_232,175,207,unregistered_exploratory,0.043184248486384,0.9758043337694308,0.3894848101889083,0.3894600891944326,-0.87955234123464,0.0434447893149141,0.451708785649012,0.0136129979774465,0.0226325609637942,-0.0090195629863476
flow/0000/007,highres_232,175,207,unregistered_exploratory,0.0136418897043597,1.0078856693711231,0.4985462278831766,0.4983507584575194,0.0066417764224906,0.0137770985766763,0.3925001053832238,0.0056754003548254,0.0076671088506748,-0.0019917084958493
flow/0000/008,highres_232,175,207,unregistered_exploratory,0.0303564978034337,1.1569392536121252,0.3113011739514156,0.3103947050105978,-0.4283864743431029,0.0348813335323954,0.3136445213560463,-0.0086920229611375,-0.0174597196592638,0.0087676966981262
flow/0000/009,highres_232,175,207,unregistered_exploratory,0.022981710052694,0.988773589023376,0.3800635991759108,0.3801058542530595,-0.8370308983108972,0.0251934525417355,0.4193215357441247,0.0032145048709649,0.0111527328032794,-0.0079382279323145
flow/0000/000,highres_232,191,207,unregistered_exploratory,0.0130222327761216,0.9545954418909882,0.5129110824050056,0.5114563589601769,-0.055171497746425,0.015092585559687,0.4821810078166486,-0.0006557815841234,-0.0005058319238054,-0.0001499496603179
flow/0000/001,highres_232,191,207,unregistered_exploratory,0.0097182215043108,1.3263596957330317,0.1688280840685647,0.1692130220395647,-0.5773091621188027,0.0102555706427124,0.2136074658766167,0.0027142693533406,0.0041492972812464,-0.0014350279279057
flow/0000/002,highres_232,191,207,unregistered_exploratory,0.0103006808098058,1.0326099842284595,0.4813573562955076,0.4826730364701512,-0.0139658494511198,0.0108249875107593,0.5145056321418546,0.0055223205352031,0.0055643589790481,-4.203844384497932e-05
flow/0000/003,highres_232,191,207,unregistered_exploratory,0.0153909832108246,1.3321526822746013,0.2839169529125684,0.2839131484147542,-0.2146955530688929,0.0179921214647535,0.1429419552829436,0.0071213122827222,0.0079341225749157,-0.0008128102921935
flow/0000/004,highres_232,191,207,unregistered_exploratory,0.0141267581242213,1.1598349928997973,0.3523073096012062,0.3571486864747056,-0.252222240350187,0.0162435448623089,0.3094267167086332,0.0066623606210878,0.006535769011239,0.0001265916098488
flow/0000/005,highres_232,191,207,unregistered_exploratory,0.0151981748354395,1.0176052359747592,0.5558854124101884,0.5560021391503425,0.2068274159644744,0.0177976051727098,0.4993532378172402,0.011404131602332,0.0087029320724254,0.0027011995299065
flow/0000/006,highres_232,191,207,unregistered_exploratory,0.0225298635298277,1.028236828884964,0.4079382595811873,0.4083315586269484,-0.3626996253395596,0.0216855825835258,0.4689561047034112,0.0104294042844856,0.0129191640864221,-0.0024897598019364
flow/0000/007,highres_232,191,207,unregistered_exploratory,0.0069536209838347,1.0017207517729068,0.5159317286313727,0.5158304148591979,0.0606039787289548,0.0069294564137252,0.4233259435194781,0.0030570742674921,0.0037703447765045,-0.0007132705090123
flow/0000/008,highres_232,191,207,unregistered_exploratory,0.0176940117872174,1.3837399791378069,0.1198025637420124,0.1174892661774246,-0.638977607546928,0.0204294280346146,0.1120294061406667,-0.002465256990716,-0.0078022105829495,0.0053369535922335
flow/0000/009,highres_232,191,207,unregistered_exploratory,0.0119538234396361,0.9087442215728162,0.4720911157309671,0.4719581802057833,-0.721312060978182,0.0130916101080317,0.490303490629662,0.0031412941039168,0.0078122146385224,-0.0046709205346055
