model_id,model_short_id,phase_index,phase_deg,R_ON_original,R_ON_mirror,R_OFF_original,R_OFF_mirror,ON_A,OFF_A,I_ONOFF,T4a_A,T4b_A,T4c_A,T4d_A,T5a_A,T5b_A,T5c_A,T5d_A
flow/0000/000,000,0,0.0,0.0017486615127643244,0.0017486449133085303,6.770182869962279e-05,6.887546016249771e-05,8.299727897033253e-09,-5.868157314374599e-07,5.951154593344932e-07,1.1541571485682023e-06,4.4494486189775896e-07,-9.54109551500851e-07,-6.117935473776278e-07,-8.273442983217294e-07,-1.1147679697608262e-06,9.485008731956735e-08,-5.00000744986848e-07
flow/0000/000,000,1,1.25,0.0017504817993280975,0.0017457793023602135,6.75233307467772e-05,6.920246818458856e-05,2.3512484839420186e-06,-8.395687189056788e-07,3.1908172028476974e-06,2.1213151748915044e-06,2.168530903212218e-06,2.4842008440198807e-06,2.630947013644255e-06,-7.620108958683992e-08,-1.727301149608186e-06,-5.1349873382463125e-08,-1.5034227630452226e-06
flow/0000/000,000,2,2.5,0.001748588560285807,0.001747008914313059,7.008024457871448e-05,6.673580146718006e-05,7.898229863739911e-07,1.6722215557672088e-06,-8.823985693932177e-07,-7.926734839395176e-07,1.6226374126858444e-06,1.0024324167410333e-06,1.3268956000084958e-06,5.108011515465443e-06,2.912480484117346e-06,-3.541412404937137e-07,-9.774645360202403e-07
flow/0000/000,000,3,3.75,0.0017485244851894878,0.0017479756373973503,6.898169974737392e-05,6.63987156289026e-05,2.744238960687229e-07,1.291492059235661e-06,-1.0170681631669381e-06,-3.179229638962215e-06,1.7096164297532909e-06,3.858782680701313e-07,2.181430525413793e-06,4.002809278100911e-06,2.0554814392985903e-06,-4.038011863622346e-07,-4.885212940946348e-07
flow/0000/000,000,4,5.0,0.0017480363972556799,0.0017475157569367024,6.916167821525385e-05,6.71981925618442e-05,2.6032015948873784e-07,9.817428267048267e-07,-7.214226672160888e-07,-3.037559957945468e-06,1.2947678130713607e-06,1.1615603350936029e-06,1.6225124477355643e-06,3.2671215873535915e-06,1.5346505709477222e-06,-3.7920493742833283e-07,-4.95595914053686e-07
flow/0000/000,000,5,6.25,0.0017459720731045213,0.0017488904237398981,6.948531310199141e-05,6.711705812749652e-05,-1.4591753176884138e-06,1.1841274872474443e-06,-2.643302804935858e-06,-5.611357880074734e-06,7.114437078277773e-07,-5.049162822345693e-07,-4.318708162723457e-07,3.1076541740232798e-06,1.949104326452538e-06,-3.1006457929670563e-07,-1.0183972189324792e-08
flow/0000/000,000,6,7.5,0.0017469140832536481,0.001749969102418942,6.754581093856104e-05,6.719875046439548e-05,-1.5275095826468863e-06,1.735302370827835e-07,-1.7010398197296698e-06,-5.362146637470687e-06,-3.237485466701679e-07,-7.837291283047934e-07,3.595859818584287e-07,1.1167581122387478e-07,4.115935125646294e-07,-1.7582823725875577e-09,1.726099069152123e-07
flow/0000/000,000,7,8.75,0.0017478386152208572,0.0017492724243251153,6.662800518362144e-05,6.914296936953731e-05,-7.169045521290525e-07,-1.2574820929579393e-06,5.405775408288868e-07,-2.226580301388243e-06,-1.1081729194673635e-06,7.516626588440368e-08,3.919687464551012e-07,-2.923405563788176e-06,-2.1035816119859793e-06,2.983527637822792e-08,-3.277647243584347e-08
flow/0000/000,000,8,10.0,0.0017479157455432305,0.0017482725555827364,6.68344355959424e-05,6.798821068792872e-05,-1.784050197529627e-07,-5.768875459931575e-07,3.9848252624019484e-07,2.3066208255707356e-06,-1.7084964160411992e-06,-1.060313173785292e-07,-1.2057131711629664e-06,-2.552650990208668e-06,-6.784507498015612e-07,2.737780300035541e-07,6.497735260340245e-07
flow/0000/000,000,9,11.25,0.001748443146753578,0.0017495658431513328,6.662162688301383e-05,6.810019314041786e-05,-5.613481988774429e-07,-7.392831287020163e-07,1.7793492982457344e-07,4.098485811071181e-06,-2.5242274369070405e-06,-1.5046942583979948e-06,-2.314956911275267e-06,-3.3797325496391273e-06,-9.968780744766293e-07,4.0000754786905405e-07,1.0194705614386288e-06
flow/0000/000,000,10,12.5,0.0017494651796515009,0.0017481324294610914,6.63490015759956e-05,7.011115649181866e-05,6.663750952047576e-07,-1.881077457911529e-06,2.5474525531162865e-06,6.01073304377941e-06,-1.3680843174738652e-06,-2.911629411661218e-07,-1.6859854043201755e-06,-5.304796974432997e-06,-3.559275826238793e-06,3.641194162963588e-07,9.75643552729326e-07
flow/0000/000,000,11,13.75,0.0017491241579898117,0.0017486826614203739,6.850225209011811e-05,6.869094829112514e-05,2.2074828471890448e-07,-9.434810050351671e-08,3.150963852224212e-07,5.1006587798161414e-06,-7.594458065857904e-07,-7.125155903489958e-07,-2.7457042440058458e-06,-1.0418950553345116e-06,-1.4222058198282768e-08,3.360118801961048e-07,3.4271283132262614e-07
flow/0000/001,001,0,0.0,0.0035168510960727557,0.0035133767813342537,0.00045431089924370823,0.00045872070239033776,1.737157369251013e-06,-2.2049015733147646e-06,3.942058942565778e-06,-1.0392444357860313e-05,1.537736799779631e-06,8.740163332008862e-06,7.063173703076306e-06,-5.7906127468932474e-08,-3.2123605683441123e-07,-2.670746765938393e-06,-5.769717343017322e-06
flow/0000/001,001,1,1.25,0.003519673234490793,0.0035114566217331507,0.0004564505520379113,0.00045672686746140443,4.108306378821248e-06,-1.3815771174655305e-07,4.246464090567801e-06,4.6319421554332635e-06,2.463963338084508e-06,8.301943638742504e-06,1.0353763830249323e-06,-8.467581861322428e-09,4.655957229573562e-08,8.015701974732571e-07,-1.3922930348938926e-06
flow/0000/001,001,2,2.5,0.0035325041134901406,0.0034985362548334694,0.0004559829333214738,0.00045811768834542706,1.698392932833557e-05,-1.0673775119766438e-06,1.8051306840312213e-05,1.733296420388026e-05,2.128587281344371e-05,1.1278380382800544e-05,1.803849991321776e-05,-2.2205807273139973e-07,2.008968610189782e-07,-6.763430440800858e-07,-3.5720057921140476e-06
flow/0000/001,001,3,3.75,0.0035161061429240976,0.003494754399800964,0.00045717930411424257,0.0004601580824790582,1.0675871561566762e-05,-1.4893891824078163e-06,1.2165260743974578e-05,2.0823918649750563e-05,1.429031771283491e-05,2.3926024088807406e-06,5.196647474799317e-06,-1.2015992721953753e-07,3.846488263142005e-07,1.1829980494049109e-07,-6.34034543366645e-06
flow/0000/001,001,4,5.0,0.003515852379474765,0.003496911411658729,0.0004583163599697265,0.0004604350246589549,9.470483908017961e-06,-1.0593323446142088e-06,1.052981625263217e-05,2.748282407003563e-05,1.1252699065927765e-05,-2.1735798495195902e-06,1.319992345628256e-06,-4.727630457813638e-08,4.5786486636780004e-07,7.178811611538221e-07,-5.365799101400245e-06
flow/0000/001,001,5,6.25,0.0035167993020115565,0.0034996460063849654,0.0004566062105305402,0.00045942137286877416,8.576647813295568e-06,-1.4075811691169901e-06,9.984228982412558e-06,1.9935964986626635e-05,1.1060448123165114e-05,-3.5164953983198716e-06,6.8266735417106105e-06,-8.752879727988062e-08,1.4661679431838374e-07,-7.895242158664707e-07,-4.899888457640081e-06
flow/0000/001,001,6,7.5,0.0035028045723950636,0.0035069673322713863,0.0004581553227085282,0.000455485530445611,-2.081379938161359e-06,1.3348961314586143e-06,-3.416276069619973e-06,6.750240786667543e-06,-3.8983905171238557e-07,-1.028264215895418e-05,-4.403279328645112e-06,4.369471696542867e-08,3.4007217876978356e-08,1.6564048992386482e-06,3.6054776917533444e-06
flow/0000/001,001,7,8.75,0.0034968744486938252,0.0035155449389847504,0.00046126395352798433,0.00045375562609156024,-9.335245145462596e-06,3.7541637182120474e-06,-1.3089408863674643e-05,-4.698301026250179e-06,-1.0165447015935466e-05,-1.0588423777810546e-05,-1.1888808761854192e-05,1.4155296824844166e-07,3.3069836881897675e-08,2.4802954954672505e-06,1.2361736572250634e-05
flow/0000/001,001,8,10.0,0.0034926947096867124,0.003520646451710208,0.0004614417236430622,0.00045544205342440175,-1.3975871011747808e-05,2.9998351093302156e-06,-1.6975706121078024e-05,-2.17481923230501e-05,-1.5059854475530472e-05,-8.919284467155154e-06,-1.0176152781255724e-05,1.0151057412082865e-07,-1.0772112289893405e-07,1.1907643883975563e-06,1.0814786597701466e-05
flow/0000/001,001,9,11.25,0.003496240390389815,0.003522127657140147,0.0004593427939187869,0.00045548274529404024,-1.2943633375165969e-05,1.930024312373326e-06,-1.4873657687539295e-05,-2.3791428270133553e-05,-1.3999908680714223e-05,-5.681458447288597e-06,-8.301738102527286e-06,9.314608480845557e-08,-2.144680364484022e-07,8.809587506329532e-07,6.960460450500293e-06
flow/0000/001,001,10,12.5,0.0035026672763559977,0.0035301545507390175,0.0004563810294046274,0.0004557427658562148,-1.374363719150993e-05,3.191317742063011e-07,-1.4062768965716232e-05,-2.287914714805498e-05,-1.9533259405957182e-05,9.880843604610518e-07,-1.355022657248883e-05,2.0323236293357292e-07,-2.3002459945502049e-07,1.010509636853842e-07,1.2022683696612441e-06
flow/0000/001,001,11,13.75,0.0035135117166530468,0.0035157362629553756,0.000452898620855555,0.0004588959658695216,-1.1122731511643922e-06,-2.9986725069833025e-06,1.8863993558189103e-06,-1.7620072012933903e-05,-3.846956629451059e-06,9.55280799408366e-06,7.465128043644166e-06,-4.074094660745092e-08,-4.364713628967894e-07,-4.1443994110338485e-06,-7.373078307395208e-06
flow/0000/002,002,0,0.0,0.005125861463529974,0.005140752639510409,0.0014105029107165687,0.0014154255881971825,-7.445587990217734e-06,-2.461338740306898e-06,-4.9842492499108364e-06,-6.201292207947892e-06,-6.962805952820004e-06,-4.831277061352005e-06,-1.178697673875212e-05,2.1031056974873735e-07,1.4700562293447526e-06,-5.434382259076297e-06,-6.091339501244995e-06
flow/0000/002,002,1,1.25,0.005156499269142638,0.005111330639795063,0.0014290879302478552,0.0013969824597736434,2.2584314673787433e-05,1.6052735237105913e-05,6.53157943668152e-06,3.0353965076918878e-05,1.0509568543641979e-05,2.1583027524121803e-05,2.7890697550467507e-05,7.640919266744596e-06,-1.7260866752133137e-06,4.141167301309327e-05,1.6884435343798984e-05
flow/0000/002,002,2,2.5,0.005163069108895694,0.005125707319931833,0.0014297065396368636,0.001399633342127945,1.868089448193045e-05,1.5036598754459272e-05,3.6442957274711784e-06,2.653453805536842e-05,8.87338500586178e-06,1.1294138787027244e-05,2.8021516079463054e-05,1.0184976431006358e-05,-3.309847234245334e-06,3.943783506053528e-05,1.383343076054094e-05
flow/0000/002,002,3,3.75,0.005169788476104891,0.005137436258231694,0.001433034112693739,0.0014054220314320689,1.6176108936598148e-05,1.3806040630835064e-05,2.3700683057630836e-06,2.080640951287755e-05,8.539378306545494e-06,1.0096186729362244e-05,2.5262461197607736e-05,7.503898146822335e-06,-4.149836657227181e-06,3.496672038901406e-05,1.690338064473109e-05
flow/0000/002,002,4,5.0,0.005146010812646781,0.0051350058284965975,0.0014217472198796801,0.0014038294143083562,5.502492075091722e-06,8.958902785661973e-06,-3.456410710570251e-06,7.96345049313904e-06,4.1337396230049e-06,-1.0293962346094067e-06,1.094217441883127e-05,4.889343141371437e-06,-3.570697791554962e-06,2.2027294063931176e-05,1.2489671728899794e-05
flow/0000/002,002,5,6.25,0.0051250197640578185,0.005126618777684952,0.001403961542753422,0.0014039335753802526,-7.995068135669206e-07,1.3983686584758195e-08,-8.134905001516788e-07,5.728247234452512e-07,3.5219715040116055e-07,-5.667747338088981e-06,1.5446982099755376e-06,1.188251412618537e-06,-7.908885348981908e-07,-1.4925005966432044e-06,1.1510724652624314e-06
flow/0000/002,002,6,7.5,0.005123413095792275,0.005132590733097489,0.0014014781953818555,0.0014048012039112633,-4.58881865260689e-06,-1.6615042647039101e-06,-2.92731438790298e-06,-5.735826469317664e-06,-8.629200639058334e-07,-6.3796963312772945e-06,-5.3768317459269854e-06,-2.3991993750690685e-06,1.4956186785401986e-06,-5.604439571223587e-06,-1.379967910630905e-07
flow/0000/002,002,7,8.75,0.005123825074018828,0.0051286240991759765,0.0014025295459508093,0.0014067695671137028,-2.3995125785743546e-06,-2.1200105814467296e-06,-2.7950199712762497e-07,-4.764977582935592e-06,9.631325042550563e-07,-2.3907499359463596e-07,-5.557130242021813e-06,-4.4029013887605375e-06,1.5167707403701117e-06,-5.605710719618464e-06,1.179904222177626e-08
flow/0000/002,002,8,10.0,0.005141783682884578,0.005133499337004074,0.001405975592934173,0.0014178165008468236,4.142172940252344e-06,-5.9204539563253e-06,1.0062626896577644e-05,3.7211471401281393e-07,3.921607268351753e-06,8.386175662289386e-06,3.888794116355641e-06,-4.95429754820986e-06,2.0673666446798985e-06,-1.485243183102264e-05,-5.942453090748505e-06
flow/0000/002,002,9,11.25,0.005138540893591922,0.005165961874121266,0.0014054998461121963,0.0014324888838186556,-1.3710490264671853e-05,-1.3494518853229658e-05,-2.1597141144219512e-07,-2.0259016176657572e-05,-7.004555442012821e-06,-7.303220435625653e-06,-2.0275169004390498e-05,-7.579727602588114e-06,2.3126195786083884e-06,-3.3504783149271734e-05,-1.5206184239666956e-05
flow/0000/002,002,10,12.5,0.0051337645641426665,0.00516722776666936,0.0014024806527151096,0.0014317189183188216,-1.67316012633467e-05,-1.4619132801855996e-05,-2.112468461490705e-06,-2.391428530704523e-05,-9.427366125295666e-06,-8.439831532558797e-06,-2.514492208848581e-05,-8.351526387342652e-06,1.7512771783747948e-06,-3.723929171415988e-05,-1.4636990284296351e-05
flow/0000/002,002,11,13.75,0.005120396269866409,0.005154607521212464,0.001400861438434922,0.0014270114572630852,-1.710562567302761e-05,-1.3075009414081581e-05,-4.030616258946028e-06,-1.8593912990052825e-05,-1.142978189957425e-05,-1.4606463702217156e-05,-2.3792344100266854e-05,-4.0996957120950596e-06,2.6877190353419796e-06,-3.243509935715546e-05,-1.845296162241762e-05
flow/0000/003,003,0,0.0,0.006103907385130571,0.006091893001386234,0.0011110626071578846,0.0011060925360180528,6.007191872168475e-06,2.4850355699159235e-06,3.5221563022525514e-06,3.3589690470302996e-06,4.618537474046242e-06,4.520969453749527e-06,1.1530291513848698e-05,-2.040073099472304e-06,1.1550283165075084e-05,-9.718980532314988e-07,1.4018302672928875e-06
flow/0000/003,003,1,1.25,0.006082076675039955,0.006099451730162133,0.0011180736392058979,0.0011008042376218817,-8.687527561088842e-06,8.634700792008068e-06,-1.732222835309691e-05,-1.3960941824493322e-05,-2.9773404240482533e-06,-6.2258167182003415e-06,-1.158601127761302e-05,3.09087456814265e-06,2.8053024314193993e-05,2.6547771732576527e-06,7.401271124382337e-07
flow/0000/003,003,2,2.5,0.0060544955194887385,0.006133568837196306,0.00113161537765765,0.0010876014512145782,-3.953665885378377e-05,2.200696322153593e-05,-6.15436220753197e-05,-5.4203577014461015e-05,-3.231809023721173e-05,-3.246628539184653e-05,-3.915868277161666e-05,1.2297873613836472e-05,6.929278874578644e-05,4.6378300662008225e-06,1.799360460320149e-06
flow/0000/003,003,3,3.75,0.00606807678793079,0.006122347037856895,0.001116002830234841,0.001090830995136932,-2.713512496305224e-05,1.2585917548954529e-05,-3.972104251200677e-05,-4.143141904050171e-05,-2.0535595020106448e-05,-1.8892999307023803e-05,-2.768048648457656e-05,9.426599138605632e-06,3.529904329026799e-05,2.535058566673987e-06,3.082969200270355e-06
flow/0000/003,003,4,5.0,0.006097358385266137,0.006115629188446768,0.0011101132213344473,0.0010979035787570248,-9.135401590315215e-06,6.104821288711241e-06,-1.5240222879026456e-05,-1.3497833738325242e-05,-6.2392877308902264e-06,-6.356796517131228e-06,-1.0447688374911127e-05,8.58585574298659e-06,1.05005886273954e-05,3.2633040378054427e-06,2.0695367466574927e-06
flow/0000/003,003,5,6.25,0.006098705195488723,0.006129319416507614,0.0011052401147684887,0.0010994992832984558,-1.5307110509445773e-05,2.8704157350164855e-06,-1.8177526244462258e-05,-2.4675161165383167e-05,-1.3955749620408672e-05,-1.3893271696943654e-05,-8.704259555047597e-06,5.68947221053068e-06,3.892680531272091e-06,-1.1337955132574313e-06,3.0333057115204665e-06
flow/0000/003,003,6,7.5,0.006117157886868334,0.006125574578550785,0.0010925863264507753,0.0011027790457111676,-4.208345841225786e-06,-5.096359630196181e-06,8.880137889703951e-07,-7.991646227572917e-06,-2.317383676126838e-06,-5.94789914699044e-06,-5.764543142133816e-07,-4.504467272955473e-07,-1.648975054742495e-05,-2.630102743966865e-06,-8.151385020971726e-07
flow/0000/003,003,7,8.75,0.006115367345615411,0.006103166105192098,0.001088636043136206,0.0011148712921715714,6.1006202116565406e-06,-1.3117624517682675e-05,1.9218244729339216e-05,1.2447051104899458e-05,5.269182158760318e-06,4.261436622884744e-06,2.4248109600825095e-06,-6.236283839679475e-06,-3.7242153305211455e-05,-3.0988226864285193e-06,-5.893238239411251e-06
flow/0000/003,003,8,10.0,0.00610889944605705,0.006107505563726964,0.00109195286687848,0.0011174296676386831,6.969411650431523e-07,-1.2738400380101563e-05,1.3435341545144715e-05,6.028658199549487e-06,-8.395570750122962e-07,3.801472097555818e-07,-2.7814836741192964e-06,-6.74576406055669e-06,-3.571756473605501e-05,-4.535944008264526e-06,-3.954328715530134e-06
flow/0000/003,003,9,11.25,0.006129464186460294,0.006072043427317849,0.0010982726190730794,0.001122636179483494,2.8710379571222477e-05,-1.2181780205207295e-05,4.089215977642977e-05,4.667006373268532e-05,2.037691451020141e-05,2.39489344303883e-05,2.3845605611615313e-05,-8.73002391663997e-06,-3.511911835657076e-05,-1.632431656430327e-06,-3.2455468911881926e-06
flow/0000/003,003,10,12.5,0.006139067248244293,0.006050757442412274,0.0010999038020872611,0.001128621406198915,4.415490291600956e-05,-1.4358802055826933e-05,5.8513704971836496e-05,6.26842466221111e-05,3.515828805155394e-05,3.875272588135239e-05,4.002435110902038e-05,-1.1775745303753177e-05,-4.449381379038604e-05,-8.484546568866998e-07,-3.1719447228251976e-07
flow/0000/003,003,11,13.75,0.006104107706658362,0.00607698510568308,0.0011124433238192371,0.0011089961184218241,1.3561300487640888e-05,1.7236026987065044e-06,1.1837697788934383e-05,1.913825647896451e-05,7.797208073420832e-06,9.243956046249037e-06,1.8065781351927872e-05,-3.2457822587670672e-06,6.536604179748894e-06,1.3150493133213268e-06,2.2885395605228503e-06
flow/0000/004,004,0,0.0,0.006049335286498665,0.006049790416348271,0.0013481757456273314,0.0013488156073177895,-2.27564924802897e-07,-3.1993084522905727e-07,9.236592042616027e-08,5.547296620184421e-06,-7.255643544191309e-07,-6.262628825306864e-06,5.30636860329118e-07,-8.504598008703861e-07,-2.6220341600487348e-06,6.802269868803066e-06,-4.609499288799794e-06
flow/0000/004,004,1,1.25,0.006042090751401672,0.006054030220528542,0.0013389752802973978,0.0013617936594825092,-5.969734563435018e-06,-1.1409189592555724e-05,5.439455029120706e-06,-6.147338982990299e-06,-3.1517031273175025e-06,-5.832629571519803e-06,-8.747266571911601e-06,-8.947026517957786e-06,-1.2448779515943195e-05,-2.140516424151335e-05,-2.8357880948079147e-06
flow/0000/004,004,2,2.5,0.006036383550808902,0.0060580767047256675,0.0013357300523403515,0.0013692527199767632,-1.0846576958382665e-05,-1.6761333818205836e-05,5.914756859823171e-06,-2.080754344185908e-05,-6.08414979896962e-06,-7.659517972627167e-06,-8.835096620075228e-06,-1.8927035476937323e-05,-1.3610485765428479e-05,-3.7592868631789464e-05,3.0850546013324633e-06
flow/0000/004,004,3,3.75,0.006034466901774029,0.006059911179302626,0.0013382082521500105,0.0013682172935848662,-1.2722138764298396e-05,-1.500452071742783e-05,2.282381953129433e-06,-2.7462039566487906e-05,-6.437983787547716e-06,-6.784299057850229e-06,-1.0204232645307735e-05,-1.6373057435790364e-05,-1.1881225545622425e-05,-3.435453734955255e-05,2.59073746125397e-06
flow/0000/004,004,4,5.0,0.006043980041389238,0.006061901256076949,0.0013439946561998998,0.0013661370683405421,-8.96060734385546e-06,-1.1071206070321156e-05,2.1105987264656957e-06,-2.3170899247527445e-05,-5.091163336238234e-06,-7.80468209854706e-07,-6.799898581804492e-06,-1.1413031976519896e-05,-7.192273690464438e-06,-2.886855042122079e-05,3.189031806920934e-06
flow/0000/004,004,5,6.25,0.0060488621969037315,0.006062378089771505,0.001356013188430359,0.0013612509214597274,-6.757946433886587e-06,-2.6188665146841374e-06,-4.13907991920245e-06,-2.469766521751406e-05,-3.0384933764572228e-06,2.770857425627056e-07,4.272871158613606e-07,-9.141593095373431e-06,4.730949605826417e-06,-1.2260882016011708e-05,6.19605944682201e-06
flow/0000/004,004,6,7.5,0.006052727672310088,0.006062176034358607,0.00136525424152017,0.00135444033698959,-4.724181024259606e-06,5.40695226528996e-06,-1.0131133289549565e-05,-1.7749135212865707e-05,-1.7458730572307221e-06,4.542313048537354e-07,1.440528682051384e-07,-6.640309313945365e-07,1.1652093943395289e-05,5.9504696752019515e-06,4.689276373957081e-06
flow/0000/004,004,7,8.75,0.006057645371107298,0.006056879083162735,0.001365251760457646,0.0013518922708622104,3.8314397228164654e-07,6.679744797717744e-06,-6.296600825436097e-06,-7.762072296996214e-07,-1.0094483965600656e-07,2.676098292303617e-06,-2.6637033382400505e-07,7.320367487249294e-06,8.387611676750808e-06,8.026737958517381e-06,2.984262068353601e-06
flow/0000/004,004,8,10.0,0.006062207781027467,0.006044832002149208,0.0013668840137106171,0.0013440635841196716,8.687889439129397e-06,1.141021479547275e-05,-2.7223253563433535e-06,1.6381898474949596e-05,5.590052172107975e-06,6.779881572705187e-06,5.999725536752227e-06,1.2367948223448544e-05,9.16228142058931e-06,2.282297592770934e-05,1.2876536101439164e-06
flow/0000/004,004,9,11.25,0.006062488955644269,0.006038004301636545,0.001365579400204563,0.0013377604291478242,1.2242327003861905e-05,1.3909485528369454e-05,-1.6671585245075496e-06,2.990792193785334e-05,5.715136285794169e-06,5.3217022611289945e-06,8.024547530671115e-06,1.8111193190908383e-05,7.5746275836689986e-06,3.2831586960770445e-05,-2.8794656218697934e-06
flow/0000/004,004,10,12.5,0.00606543454355914,0.006033576052592295,0.0013603016089729057,0.0013376694063304388,1.5929245483422682e-05,1.1316101321233452e-05,4.61314416218923e-06,3.9006148296157755e-05,8.184736111458302e-06,7.50550592703127e-06,9.020591599042532e-06,1.9210278107997325e-05,2.7378445954579682e-06,3.131824096694845e-05,-8.001958385469503e-06
flow/0000/004,004,11,13.75,0.006062124163282318,0.006036368839391766,0.0013575127578403091,0.0013406411855843927,1.287766194527605e-05,8.43578612795819e-06,4.44187581731786e-06,2.9021676319403427e-05,7.056118016248759e-06,4.6065638433425565e-06,1.0826289602109893e-05,9.232807704705713e-06,3.553292700560673e-06,2.6952919980568514e-05,-5.995875874002354e-06
flow/0000/005,005,0,0.0,0.0028052700432364443,0.002797706504754044,0.0019128369182488756,0.001921769836395631,3.781769241200045e-06,-4.466459073377681e-06,8.248228314577727e-06,8.535907490719776e-06,3.519688802997717e-06,-2.210675836285909e-06,5.282156507368163e-06,-9.09904120134945e-06,-3.2728269717431646e-06,-3.63998993919523e-06,-1.8539781812226103e-06
flow/0000/005,005,1,1.25,0.0028014844269230446,0.002802845657727316,0.0019230318003321146,0.001909257837413278,-6.806154021357994e-07,6.8869814594182954e-06,-7.567596861554095e-06,4.0328408689640355e-06,-5.100151616306385e-07,-4.047804200397976e-06,-2.1974831154779675e-06,1.1405845879066583e-05,7.772511960273945e-06,6.1044676941137375e-06,2.2651003042196754e-06
flow/0000/005,005,2,2.5,0.0027942197809341014,0.0028043259906923032,0.0019064446120204367,0.0019005231956741215,-5.053104879100935e-06,2.960708173157579e-06,-8.013813052258514e-06,-8.165450317682314e-06,-2.2156626724313244e-06,-6.984007956568157e-06,-2.8472985697223802e-06,8.128028767385217e-06,-1.3423379112342902e-05,1.0523959183625451e-05,6.614223853962874e-06
flow/0000/005,005,3,3.75,0.002796052806416557,0.0028083259416985984,0.0019239757409475196,0.0019021216216872309,-6.136567641020678e-06,1.092705963014434e-05,-1.706362727116502e-05,-1.1376636042145826e-05,-3.813676540604001e-06,-4.838685131081707e-06,-4.517272850250963e-06,2.147255339860377e-05,6.1602848698688595e-06,1.0276995419353317e-05,5.798404832751578e-06
flow/0000/005,005,4,5.0,0.0027969274934912204,0.0028082388223316136,0.0019262677032638943,0.0018993504373326549,-5.655664420196622e-06,1.3458632965619743e-05,-1.9114297385816365e-05,-1.2731141704952443e-05,-3.452161950254348e-06,-2.7010086520887298e-06,-3.738345373491183e-06,2.1542803842093195e-05,1.3051803165046007e-05,1.2492577558346433e-05,6.7473472969932285e-06
flow/0000/005,005,5,6.25,0.0028003031519444064,0.0028076410064102617,0.0019136307759112794,0.0019042475302602198,-3.6689272329276656e-06,4.691622825529784e-06,-8.36055005845745e-06,-1.304440657706545e-05,-1.4435384621462426e-06,-7.250089936168633e-07,5.372451011181108e-07,8.425730618471052e-06,3.4741222715859235e-06,3.6276142168867407e-06,3.2390241951757437e-06
flow/0000/005,005,6,7.5,0.00280118556785441,0.00280664157504297,0.0019071384303008265,0.0019030306271528889,-2.728003594280057e-06,2.0539015739688173e-06,-4.781905168248874e-06,-8.41742911824499e-06,-1.6727253062268424e-06,1.624020381000256e-08,-8.381001564590485e-07,4.8526909891127845e-06,6.065495128096052e-07,2.0990989392491357e-06,6.572668547040689e-07
flow/0000/005,005,7,8.75,0.0028054927549924246,0.002808063263103548,0.0019056636678985851,0.0019115200818161282,-1.2852540555617024e-06,-2.9282069587715414e-06,1.642952903209839e-06,-6.039723945835355e-07,-2.8448045995192826e-06,2.022152257116815e-06,-3.714391485259939e-06,-1.964304886664008e-06,-4.119433690875441e-06,-3.242164975797218e-06,-2.386924281749445e-06
flow/0000/005,005,8,10.0,0.002808194520122203,0.0028036226887129907,0.0019011426204490795,0.0019178332909098189,2.2859157046061993e-06,-8.345335230369711e-06,1.063125093497591e-05,2.697887942653722e-06,9.396112809439798e-07,6.053975092743533e-06,-5.478114979168714e-07,-1.2230747139235798e-05,-8.889123645000477e-06,-7.326628337449986e-06,-4.934841799792691e-06
flow/0000/005,005,9,11.25,0.002806711796621293,0.0027974263876711586,0.001901519099556164,0.0019202252523167363,4.642704475067271e-06,-9.353076380286133e-06,1.3995780855353404e-05,8.84165915295259e-06,2.2080935694116215e-06,5.362195303447535e-06,2.158869874456038e-06,-1.900826788368902e-05,-4.689280933315235e-06,-8.32016572811854e-06,-5.394590976021791e-06
flow/0000/005,005,10,12.5,0.002806705420598973,0.0027943561395655557,0.0018963197424904593,0.0019087798281421909,6.174640516708532e-06,-6.2300428258657645e-06,1.2404683342574297e-05,1.5072701482265376e-05,2.2012766611463185e-06,5.1349907020602735e-06,2.289593221361727e-06,-1.5053092463407163e-05,1.184795297317796e-05,-1.427449123914625e-05,-7.440540574087985e-06
flow/0000/005,005,11,13.75,0.002808494847395372,0.002794802073556868,0.0019061226197502,0.0019265735776205668,6.846386919252085e-06,-1.0225478935183387e-05,1.7071865854435472e-05,1.2646209908424681e-05,5.377073376342748e-06,2.2434744951498487e-06,7.118789897090196e-06,-2.046258231254113e-05,-8.25591588685939e-06,-8.426548235365488e-06,-3.7568693059677007e-06
flow/0000/006,006,0,0.0,0.008823243340240965,0.008842211172931496,0.0003483545630211664,0.00034046863437076216,-9.483916345265526e-06,3.942964325202126e-06,-1.3426880670467653e-05,-1.2026969718019476e-05,-1.579937990109012e-05,-5.608827945221759e-06,-4.50048781673075e-06,7.693937145373641e-07,1.5800486067146091e-06,5.07308021940406e-06,8.349334760152457e-06
flow/0000/006,006,1,1.25,0.00882459337120403,0.008817397037342748,0.00034917756236906017,0.0003391980442529451,3.5981669306408073e-06,4.989759058057541e-06,-1.3915921274167337e-06,-2.8678513456252205e-06,8.088609412953973e-06,1.8935964795426148e-06,7.278313175691428e-06,2.3222131367333287e-06,2.402684308454623e-06,8.725851701874915e-06,6.5082870851672836e-06
flow/0000/006,006,2,2.5,0.008749461681572345,0.008867680487040838,0.0003682427476469967,0.00032787507106782625,-5.9109402734246023e-05,2.0183838289585215e-05,-7.929324102383124e-05,-6.53793349417748e-05,-8.216267651858962e-05,-5.173280098231354e-05,-3.716279849430744e-05,7.935303925864982e-06,1.659655978009382e-05,3.789225604991067e-05,1.8311233402471363e-05
flow/0000/006,006,3,3.75,0.008806609479457285,0.008834551827289065,0.00035158209080461553,0.00033292242158326795,-1.3971173915890145e-05,9.32983461067379e-06,-2.3301008526563935e-05,-1.9471767525112982e-05,-1.3646086963377442e-05,-1.4145344872952374e-05,-8.621496302121251e-06,4.808216369749915e-06,6.1143525491690195e-06,1.678295120421727e-05,9.61381831955901e-06
flow/0000/006,006,4,5.0,0.008816902726906741,0.00880940486504225,0.00034684908598924213,0.0003352529019689563,3.7489309322458197e-06,5.798092010142914e-06,-2.0491610778970942e-06,3.7198200054594857e-06,8.475289637437274e-06,-1.0486663772563479e-06,3.849280463342868e-06,4.847362674966816e-06,3.4224234061509964e-06,9.411018739111576e-06,5.511563220342281e-06
flow/0000/006,006,5,6.25,0.008802134649609777,0.008836272310955778,0.0003441207300122219,0.0003346760505257578,-1.7068830673000294e-05,4.722339743232055e-06,-2.179117041623235e-05,-1.3375985655731878e-05,-2.5524883873337227e-05,-1.5002170037710545e-05,-1.437228312522066e-05,3.4099570371714974e-06,3.3251187740060244e-06,6.002244762745866e-06,6.152038399004806e-06
flow/0000/006,006,6,7.5,0.008871242118403238,0.008844527911673198,0.0003313907605753313,0.00033791207032188086,1.3357103365019968e-05,-3.2606548732747682e-06,1.6617758238294736e-05,1.9492035448789163e-05,1.8974305317839314e-05,8.774571664548186e-06,6.187501028902774e-06,3.482516226180907e-07,-2.300978198586302e-06,-6.063048602176455e-06,-5.02684431495442e-06
flow/0000/006,006,7,8.75,0.008865744328102415,0.008801576402215945,0.0003294301846574998,0.0003509765007124303,3.208396294323516e-05,-1.0773158027465245e-05,4.28571209707004e-05,3.841821615805079e-05,4.446486456141478e-05,2.4939047194624808e-05,2.051372385884851e-05,-4.532233873777593e-06,-6.619038550120248e-06,-1.5393893483731683e-05,-1.6547466202231526e-05
flow/0000/006,006,8,10.0,0.008803116824722044,0.008791259836309283,0.0003348510325990343,0.0003522561274462595,5.928494206380343e-06,-8.702547423612597e-06,1.463104162999294e-05,7.302920274622829e-06,6.815158579906444e-06,7.045028431550745e-06,2.550869539441787e-06,-6.04015365945589e-06,-3.810166701905839e-06,-1.1990657192442988e-05,-1.2969212140645752e-05
flow/0000/006,006,9,11.25,0.008809570252737766,0.008805412915535271,0.0003349018538681693,0.000352880172412508,2.078668601247259e-06,-8.989159272169365e-06,1.1067827873416624e-05,5.4101855913877075e-06,4.13243746676898e-06,3.534866252787733e-06,-4.7628149059536495e-06,-6.248627818045203e-06,-4.8763151175075395e-06,-1.3469754975695434e-05,-1.1361939177429229e-05
flow/0000/006,006,10,12.5,0.008845645192030162,0.00874766605286491,0.00033435674931590523,0.0003681167594927388,4.898956958262601e-05,-1.688000508841679e-05,6.58695746710428e-05,4.774955793667487e-05,6.943269149657389e-05,4.485913706703086e-05,3.3916891830225275e-05,-7.835379949830369e-06,-1.4306948426170399e-05,-3.24319328257752e-05,-1.2945759151891109e-05
flow/0000/006,006,11,13.75,0.008812165326256713,0.00883424741491461,0.00034784482064517425,0.0003462245165355796,-1.1041044328948327e-05,8.101520547973157e-07,-1.1851196383745643e-05,-1.2893574351080517e-05,-2.2215934873308883e-05,-5.015410223250475e-06,-4.039257868152998e-06,-9.219474554527437e-07,2.894153936437412e-07,-1.7100978185502253e-06,5.583238099548572e-06
flow/0000/007,007,0,0.0,0.009796629097439672,0.009789058037209348,0.00095809583328803,0.000945378662365828,3.78553011516191e-06,6.358585461101022e-06,-2.5730553459391123e-06,1.293761086044315e-05,1.407823266704085e-06,-6.750369981840983e-06,7.547056315345725e-06,1.8334636547384306e-06,3.086173414942417e-06,1.419521550932246e-05,6.319489265400863e-06
flow/0000/007,007,1,1.25,0.009765979446654041,0.009822986116262372,0.0009227680058726686,0.0009825906251985203,-2.850333480416533e-05,-2.9911309662925868e-05,1.4079748587605381e-06,-4.8212731714345966e-05,-5.5231981622837906e-06,-3.185196160939482e-05,-2.8425447730638913e-05,-1.7305248353666447e-05,-3.65145764170066e-05,-5.756750377668217e-05,-8.257910104348342e-06
flow/0000/007,007,2,2.5,0.00975780054245153,0.009849623172988467,0.0009097072149706511,0.00100894151151366,-4.591131526846849e-05,-4.9617148271504405e-05,3.705833003035913e-06,-9.03515478766605e-05,-8.181712401021321e-06,-4.9096844630541064e-05,-3.601515616565368e-05,-2.6941341968013014e-05,-5.659545241016667e-05,-9.396479387685291e-05,-2.0967004830985158e-05
flow/0000/007,007,3,3.75,0.009756593922365364,0.009855462757402081,0.0009222705301351242,0.0010173993167896652,-4.943441751835854e-05,-4.756439332727054e-05,-1.8700241910879966e-06,-9.40489837830058e-05,-1.5308021039470848e-05,-4.6462532915640155e-05,-4.1918132335319516e-05,-2.5946953386874383e-05,-5.43370961468187e-05,-9.116358723644026e-05,-1.8809936538948338e-05
flow/0000/007,007,4,5.0,0.009776865731068887,0.009860459170881587,0.00094045194678756,0.0010181872961565004,-4.1796719906350005e-05,-3.886767468447018e-05,-2.9290452218798282e-06,-7.260579993010555e-05,-1.8798249249406263e-05,-3.5679537606594924e-05,-4.0103292839290244e-05,-2.0656387138228213e-05,-4.1109403252540954e-05,-7.514466413745019e-05,-1.8560244209661376e-05
flow/0000/007,007,5,6.25,0.00980126728446236,0.009858602807915067,0.0009661885381850247,0.0010041324229008019,-2.866776172635345e-05,-1.897194235788856e-05,-9.69581936846489e-06,-6.592642915035935e-05,-8.951929842607523e-06,-2.2513084643198747e-05,-1.727960326924514e-05,-9.74935742325037e-06,-1.604867275218963e-05,-3.819241385406846e-05,-1.189732540204572e-05
flow/0000/007,007,6,7.5,0.009826204472829317,0.009839560349739282,0.0009860269508123153,0.0009845070237901351,-6.677938454982199e-06,7.599635110900563e-07,-7.437901966072255e-06,-2.8155753828181494e-05,-5.156396099478822e-07,2.598495645016706e-06,-6.388560268152585e-07,6.939775030156124e-07,6.193081909396949e-06,7.398817095753945e-07,-4.58708707762792e-06
flow/0000/007,007,7,8.75,0.009839175094357075,0.009816492045594913,0.0009999600107911267,0.0009685732897383754,1.1341524381080874e-05,1.569336052637568e-05,-4.351836145294807e-06,1.2239920790468005e-05,1.9441431595495703e-06,1.958874997201078e-05,1.1593283602292972e-05,9.983069949296385e-06,2.3691053649581523e-05,2.9002564521676778e-05,9.675398494803783e-08
flow/0000/007,007,8,10.0,0.009857809406756084,0.009783889863847208,0.0010157037209750147,0.0009482288980909059,3.695977145443813e-05,3.373741144205441e-05,3.2223600123837187e-06,5.5220693894938826e-05,1.7561396702837385e-05,4.22534069121289e-05,3.2803588307846535e-05,1.938347782211148e-05,3.974938408595803e-05,6.215889805455052e-05,1.3657885805597772e-05
flow/0000/007,007,9,11.25,0.009868670728884517,0.009756858267453983,0.0010193730565827728,0.0009189753102400788,5.590623071526687e-05,5.019887317134702e-05,5.70735754391985e-06,0.00011224291486285846,1.316013537888596e-05,5.351347782895765e-05,4.470839479036584e-05,2.7802752120350595e-05,5.3304557122085935e-05,9.848865238003691e-05,2.1199531062914955e-05
flow/0000/007,007,10,12.5,0.0098623553941402,0.009755554035819335,0.001010778033260641,0.0009145003474896702,5.340067916043221e-05,4.8138842885485345e-05,5.261836274946864e-06,0.00012045677259807201,8.993318071800344e-06,4.734334396392162e-05,3.6809282007933125e-05,2.5682161845029148e-05,5.089033814400921e-05,9.187267370826865e-05,2.4110197844634323e-05
flow/0000/007,007,11,13.75,0.009833789444464364,0.009756817722871854,0.0009859523668584867,0.0009236275370651924,3.848586079625502e-05,3.1162414896647147e-05,7.3234458996078704e-06,8.265918860891376e-05,1.431391860927042e-05,2.6680814843733566e-05,3.0289521123103187e-05,1.5460528160772215e-05,3.0746406696159504e-05,6.052259227416214e-05,1.792013245549486e-05
flow/0000/008,008,0,0.0,0.011385409917681498,0.011269592988629394,0.0011796483438542087,0.0011978196118621544,5.790846452605192e-05,-9.085634003972842e-06,6.699409853002476e-05,0.00011914775120390117,3.313621973865394e-05,4.734383506759671e-05,3.200605209405325e-05,-3.081154994480839e-07,1.3852241557352207e-06,-3.159123772593321e-05,-5.828406946245296e-06
flow/0000/008,008,1,1.25,0.011243853231823227,0.01136960960764418,0.0011751482304632648,0.0012013804319243636,-6.287818791047683e-05,-1.3116100730549418e-05,-4.976208717992741e-05,2.8690219836292885e-06,-6.201751959663843e-05,-0.00011524226581100926,-7.712198821789064e-05,-7.828721543612545e-06,-5.333339460407861e-06,-2.550740881943135e-05,-1.379493309874608e-05
flow/0000/008,008,2,2.5,0.011219964209048208,0.011377727648022869,0.0011823601410606735,0.0011935935508429084,-7.888171948733022e-05,-5.616704891117435e-06,-7.326501459621279e-05,-4.926483008915999e-05,-7.551341958927753e-05,-0.0001134842087969377,-7.726441947394566e-05,-3.773879652650789e-06,-4.349250303739983e-06,-4.316174572220263e-08,-1.4300527862356766e-05
flow/0000/008,008,3,3.75,0.011222538642154814,0.011383487648766753,0.0011898397933015354,0.0011899964601803897,-8.047450330596947e-05,-7.833343942714645e-08,-8.039616986654232e-05,-8.964810086265016e-05,-6.823686404275157e-05,-8.445153372713815e-05,-7.956151459133538e-05,9.947093678510646e-08,-4.230919112411835e-06,1.2049528616678512e-05,-8.231414198760288e-06
flow/0000/008,008,4,5.0,0.011248237622693247,0.011466133484770104,0.0011963538680604033,0.0011906393531826457,-0.00010894793103842851,2.857257438878798e-06,-0.0001118051884773073,-0.0001341441436971437,-8.973971388855605e-05,-0.00012974128165930097,-8.216658490871418e-05,3.692090562526192e-06,-3.936900870657841e-06,2.0445379322118e-05,-8.771539258471401e-06
flow/0000/008,008,5,6.25,0.011333285120426228,0.011470887022298188,0.0012012169790154993,0.0011852640497078313,-6.880095093598007e-05,7.976464653833997e-06,-7.677741558981407e-05,-0.00016086336865761466,-4.693596176906338e-05,-4.717706901885728e-05,-2.022740429838193e-05,8.695264332799868e-06,-1.938437983297085e-06,2.852537239626915e-05,-3.376340130435782e-06
flow/0000/008,008,6,7.5,0.01133611216987655,0.011475685911251848,0.001196805612777027,0.001186292500492546,-6.978687068764922e-05,5.256556142240474e-06,-7.504342682988969e-05,-0.00016895744957788703,-2.6957169082105284e-05,-6.655822846101615e-05,-1.6674635629588836e-05,2.861102847003861e-06,-3.2840781820701024e-06,1.793276942950255e-05,3.5164304745257747e-06
flow/0000/008,008,7,8.75,0.011342205193260608,0.011472197222954067,0.0011909542300411271,0.0011875607722578087,-6.49960148467292e-05,1.6967288916591933e-06,-6.66927437383884e-05,-0.00013789661508967904,-3.496881891829843e-05,-6.971976851450137e-05,-1.7398856864433206e-05,-3.2548744193692213e-06,-3.3701349564356107e-06,1.0129138806737152e-05,3.2827861357045615e-06
flow/0000/008,008,8,10.0,0.011434223780131755,0.011341635214320859,0.0011921575571922673,0.0011838282375021005,4.6294282905447875e-05,4.164659845083381e-06,4.2129623060364494e-05,2.9773731633347955e-06,5.9169998475454635e-05,7.879151491223431e-05,4.423824507076603e-05,-4.019489805161453e-06,2.275591432231329e-06,6.4808275424177355e-06,1.1921710210845561e-05
flow/0000/008,008,9,11.25,0.01147879532617898,0.011227456381106277,0.0011902544121017967,0.0011799007502285425,0.00012566947253635132,5.176830936627088e-06,0.00012049264159972423,0.000158219337263215,9.316858956939008e-05,0.00015471695733342092,9.657300597937625e-05,-6.666965239800096e-07,7.34279285690071e-06,-2.0987878164456172e-06,1.6130015230033106e-05
flow/0000/008,008,10,12.5,0.011482896847108844,0.011199982119766135,0.0011886714116252357,0.0011859073163086758,0.00014145736367135453,1.3820476582799592e-06,0.00014007531601307457,0.0002265570664448718,8.600918299559151e-05,0.000162754840633785,9.050836461116938e-05,1.993736844833568e-07,7.656441509456608e-06,-1.6596388673422672e-05,1.4268764112602516e-05
flow/0000/008,008,11,13.75,0.01149980613349978,0.011203765808862192,0.0011876760810568452,0.0011899349300778857,0.00014802016231879427,-1.1294245105202645e-06,0.00014914958682931453,0.00023057001510056341,0.00010464607543233216,0.0001570792633561538,9.978529538613116e-05,2.561974083246997e-06,7.612016670574285e-06,-2.0879337413341748e-05,6.187648617439977e-06
flow/0000/009,009,0,0.0,0.009859266272315242,0.009839462407092188,0.0067487571383440335,0.006754230666458113,9.901932611526727e-06,-2.73676405703957e-06,1.2638696668566297e-05,7.945842990565895e-06,8.56586120991619e-06,1.1240532841332723e-05,1.1855493404290367e-05,-1.856233400286244e-06,-1.0540437107157182e-06,-6.152242321595669e-07,-7.421554884996968e-06
flow/0000/009,009,1,1.25,0.009886397283276267,0.009810893368069598,0.006771070029043261,0.0067284694935389,3.775195760333423e-05,2.130026775218081e-05,1.6451689851153424e-05,3.582463976274739e-05,4.8378845366769604e-05,3.5855330619832294e-05,3.094901466398504e-05,1.3740613139138786e-05,6.539254905714442e-06,3.440754940821616e-05,3.0513653555653414e-05
flow/0000/009,009,2,2.5,0.009868745897601432,0.009791942338517967,0.006770112774123066,0.006713205959851645,3.840177954173279e-05,2.845340713571046e-05,9.948372406022327e-06,3.230144978912889e-05,4.9920471181031864e-05,3.450024232330359e-05,3.688495487346767e-05,1.9184983586102537e-05,8.17242899083556e-06,4.575321897250153e-05,4.0702996993402e-05
flow/0000/009,009,3,3.75,0.00985433467831424,0.009785112411968265,0.006765600345605117,0.0067079613622116705,3.461113317298689e-05,2.8819491696723074e-05,5.791641476263817e-06,2.7778148024643762e-05,5.0577811119191345e-05,2.8916380023287502e-05,3.117219352482409e-05,2.0965549141319182e-05,6.932273615593582e-06,4.7083703630782826e-05,4.0296440399196706e-05
flow/0000/009,009,4,5.0,0.00985028163843818,0.00978313743178158,0.006760873102093371,0.006705052414660122,3.357210332829985e-05,2.791034371662452e-05,5.661759611675331e-06,3.205810346732386e-05,4.8571723951195724e-05,2.5421182525534047e-05,2.823740336914838e-05,2.1745707774948123e-05,6.329307909177552e-06,4.130409492259998e-05,4.226226425977416e-05
flow/0000/009,009,5,6.25,0.009827745660762308,0.009807502437639986,0.006740624697664422,0.006718687425619081,1.0121611561161176e-05,1.0968636022670383e-05,-8.470244615092076e-07,-5.0188728121375314e-08,1.9844348804608225e-05,6.879762140581981e-06,1.3812524027575004e-05,1.1407588586304866e-05,2.928780099884778e-06,1.4544017210182947e-05,1.499415819430916e-05
flow/0000/009,009,6,7.5,0.009803049309594471,0.009839516377283825,0.006724700438989898,0.006734556403937546,-1.823353384467711e-05,-4.927982473823707e-06,-1.3305551370853402e-05,-2.7989994233342322e-05,-1.465046155717329e-05,-1.688173806731457e-05,-1.3411941520879989e-05,-1.9477641279735426e-06,4.311566346591918e-08,-1.0461938098226507e-05,-7.345343332563516e-06
flow/0000/009,009,7,8.75,0.00978501945774067,0.00985812482462186,0.00671200082309812,0.006748894393411009,-3.655268344059451e-05,-1.844678515644429e-05,-1.810589828415022e-05,-3.9562454896665405e-05,-4.168188705751079e-05,-3.200378824392246e-05,-3.2962603564277645e-05,-1.4303563648580299e-05,-2.849470758686237e-06,-3.0797720613409164e-05,-2.58363856050995e-05
flow/0000/009,009,8,10.0,0.00977973901946356,0.00987269959889479,0.0067061491225145365,0.006758020631899334,-4.6480289715615e-05,-2.5935754692398786e-05,-2.0544535023216213e-05,-4.206866031737297e-05,-6.017530357643394e-05,-4.1264183651371945e-05,-4.2413011317279405e-05,-2.0904047087370436e-05,-5.356332682532761e-06,-4.055985132336067e-05,-3.692278767632954e-05
flow/0000/009,009,9,11.25,0.009789113353727315,0.009881448665189448,0.006708105320718964,0.006772298775860015,-4.6167655731066404e-05,-3.2096727570525216e-05,-1.4070928160541188e-05,-3.349467286589518e-05,-6.653939408667389e-05,-4.14471760722861e-05,-4.318937989941218e-05,-2.484773749316608e-05,-9.127154695394999e-06,-4.827729325791036e-05,-4.613472483563051e-05
flow/0000/009,009,10,12.5,0.009825250600292199,0.009859378710431119,0.006722933203656329,0.00676886465542551,-1.706405506946007e-05,-2.2965725884590508e-05,5.901670815130437e-06,6.744928720010118e-07,-3.261786908810311e-05,-1.599917991730159e-05,-2.0313664144434862e-05,-1.7010881554652656e-05,-8.041808239492125e-06,-3.56828486600411e-05,-3.112736508417615e-05
flow/0000/009,009,11,13.75,0.009847056517059735,0.009847534973827938,0.006739094598889735,0.00676201789568219,-2.392283841015294e-07,-1.1461648396227705e-05,1.1222420012126175e-05,8.92594274541636e-06,-1.1266804340291647e-05,1.1331043961813198e-06,2.508436622887175e-07,-6.910530259244662e-06,-4.325223720461546e-06,-1.8627503174051263e-05,-1.5983336431152698e-05
flow/0000/010,010,0,0.0,0.010553441193951837,0.01052142308022735,0.0008977202761071982,0.0008916116664766878,1.600905686224407e-05,3.054304815255178e-06,1.295475204698889e-05,5.819431928163511e-05,9.849941326968772e-06,-5.366600502214498e-06,1.3585673425868874e-06,1.8457315190883528e-06,8.466826580217978e-08,1.8857931100505886e-06,8.40102636607957e-06
flow/0000/010,010,1,1.25,0.010570484974665815,0.010495346155235974,0.0009009925326032775,0.0008868123813948622,3.7569409714920295e-05,7.090075604207697e-06,3.0479334110712598e-05,6.555788619082032e-05,6.222010544280378e-05,1.5972609096949475e-05,6.527038129108256e-06,4.33768855682005e-06,9.344045604529427e-08,9.733912989366884e-06,1.419526041459868e-05
flow/0000/010,010,2,2.5,0.010527492947348265,0.010523979171619647,0.000905757903787611,0.0008782884306964378,1.7568878643093103e-06,1.3734736545586621e-05,-1.197784868127731e-05,-3.5871293211035132e-06,5.054742261901245e-06,-3.540831109077186e-06,9.100769625515611e-06,6.857765497342413e-06,4.35512894365127e-07,2.1069001486567675e-05,2.6576666304071106e-05
flow/0000/010,010,3,3.75,0.010526733697208805,0.010555781231924457,0.000900069107916587,0.0008804200497468032,-1.452376735782638e-05,9.824529084891912e-06,-2.434829644271829e-05,-5.578144120689261e-05,-2.1253415705031753e-06,-4.720785842378741e-06,4.532499188472042e-06,4.192893468374186e-06,2.7781794224726944e-08,1.5078856481478696e-05,1.9998584595489876e-05
flow/0000/010,010,4,5.0,0.01052519230713658,0.01055940129085476,0.0008956217798021342,0.0008832538416070517,-1.710449185909034e-05,6.183969097541247e-06,-2.3288460956631587e-05,-3.981050168488237e-05,-2.598360545116949e-05,-1.1341227153923925e-06,-1.4897375849145036e-06,1.8059705151159317e-06,-1.0062845051073293e-07,9.768689787664764e-06,1.3261844537895218e-05
flow/0000/010,010,5,6.25,0.010488975118010752,0.010581823950158099,0.000890671842700301,0.0008861597326678221,-4.642441607367355e-05,2.256055016239462e-06,-4.868047108991301e-05,-0.00010103836441515898,-5.8529007503047535e-05,-2.3342346631755398e-05,-2.7879457447296807e-06,7.007180106988198e-09,4.345338913730901e-08,4.629389750006709e-06,4.344369745706692e-06
flow/0000/010,010,6,7.5,0.010507695464138087,0.010581746724006802,0.0008825108251989309,0.0008899234675909932,-3.702562993435771e-05,-3.7063211960311655e-06,-3.331930873832654e-05,-8.605888637167828e-05,-3.7982458011060274e-05,-1.6595470046058824e-05,-7.4657053086354e-06,-2.144001491558435e-06,-6.973917577312325e-08,-3.7563952713786123e-06,-8.855148845414614e-06
flow/0000/010,010,7,8.75,0.010540500602380818,0.010559462191078646,0.0008806940911673001,0.0008976181455458499,-9.480794348913982e-06,-8.462027189274908e-06,-1.018767159639074e-06,-3.083449347272924e-05,1.6389051374779764e-06,-6.202380037276245e-07,-8.107351056679856e-06,-3.5630333165680844e-06,-1.3468008074216806e-07,-1.1400649702942981e-05,-1.874974565684636e-05
flow/0000/010,010,8,10.0,0.010560215084840115,0.010547999313571577,0.0008819543396211399,0.0008999978581591558,6.1078856342690335e-06,-9.021759269007916e-06,1.512964490327695e-05,-3.8780864094339895e-06,1.9305355132566426e-05,8.623765706602428e-06,3.8050810734408837e-07,-3.423852274172471e-06,3.7548855808769866e-08,-1.1293105606281317e-05,-2.140762805138681e-05
flow/0000/010,010,9,11.25,0.010568600891075497,0.010554048270495515,0.0008835871576571889,0.0009022298489404564,7.276310289991254e-06,-9.321345641633764e-06,1.659765593162502e-05,2.821371977794907e-05,-2.42885116915649e-07,3.69291543965769e-06,-2.558508940726312e-06,-4.095143065155772e-06,-1.5825333913361444e-07,-1.433727875513964e-05,-1.869470740710618e-05
flow/0000/010,010,10,12.5,0.010578539534243054,0.01050780005889578,0.0008848029598093382,0.0009045548590665869,3.536973767363696e-05,-9.875949628624335e-06,4.524568730226129e-05,9.021731250953048e-05,3.429719320551406e-05,1.8197637511192452e-05,-1.2331925316885154e-06,-4.569582431779512e-06,-3.7989789016818954e-07,-1.7443883741246756e-05,-1.71104344513026e-05
flow/0000/010,010,11,13.75,0.010562363004431665,0.010522078789945327,0.0008940606129626834,0.000896317579029723,2.014210724316911e-05,-1.128483033519792e-06,2.12705902766889e-05,7.165580944012203e-05,4.539182267551331e-07,4.5311988890687355e-06,3.927502416729237e-06,-5.190824072496842e-07,1.1779789045012742e-07,-3.263755862032672e-06,-8.488917552468105e-07
flow/0000/011,011,0,0.0,0.007420158213919444,0.007417556768434701,0.001661653231675902,0.00166192818788266,1.3007227423716787e-06,-1.3747810337903267e-07,1.4382008457507114e-06,1.0975581440340627e-05,2.7780979742577684e-06,-7.378041483306098e-06,-1.1727469618038472e-06,-3.837757773084323e-06,-1.7229905712699833e-06,5.0974869233286115e-06,-8.66509924904461e-08
flow/0000/011,011,1,1.25,0.007432393645327004,0.0073995777288949184,0.0016682849155209374,0.0016563372125896112,1.6407958216042937e-05,5.973851465663105e-06,1.0434106750379832e-05,1.5570775827912237e-05,2.5448554173504792e-05,2.2384671341943267e-05,2.22783152081232e-06,6.040381365575312e-06,2.930714802374789e-07,1.7582151958731983e-05,-2.0198941891755128e-08
flow/0000/011,011,2,2.5,0.007417517119748593,0.0074100445495628485,0.0016610451711560682,0.001664959359929031,3.7362850928723303e-06,-1.9570943864814e-06,5.6933794793537305e-06,5.447230387857667e-06,1.1216652942575966e-05,1.9962115157730678e-05,-2.168085811667499e-05,4.68966974108599e-06,-1.3444067803335472e-05,6.366724618807069e-07,2.89348054442357e-07
flow/0000/011,011,3,3.75,0.007427041999399181,0.007403425458081713,0.0016618522258001795,0.0016645267065112288,1.1808270658734011e-05,-1.3372403555246722e-06,1.3145511014258683e-05,8.701434971789337e-06,1.9386220444381642e-05,2.8006580914016234e-05,-8.861153695252037e-06,5.689052612200586e-06,-1.1910081782942356e-05,7.351538397831151e-07,1.3691390885962787e-07
flow/0000/011,011,4,5.0,0.007424065980807737,0.007397462673383032,0.0016618356743482855,0.0016629135486723012,1.330165371235233e-05,-5.389371620078418e-07,1.3840590874360172e-05,1.1944110452726236e-05,1.5846462132365277e-05,3.140979826233344e-05,-5.993755998015635e-06,6.1778239075465226e-06,-8.869197046688102e-06,3.3025787462529106e-07,2.0536661648490413e-07
flow/0000/011,011,5,6.25,0.007405535914943164,0.0074116097123885435,0.001657583628280423,0.0016634760761763867,-3.036898722689682e-06,-2.9462239479818852e-06,-9.067477470779683e-08,-1.5148966375870803e-05,-2.6105830753337875e-07,1.5598676753864234e-05,-1.233624696121878e-05,-3.6226439529987806e-07,-4.636094601220874e-06,-7.031514420411007e-06,2.449776250040588e-07
flow/0000/011,011,6,7.5,0.007407625836944117,0.007419456869093575,0.0016644890926798426,0.0016604620028484742,-5.915516074729392e-06,2.0135449156842263e-06,-7.929060990413618e-06,-2.2510675043830187e-05,-4.955850820601102e-06,3.1585169274067626e-06,6.459446381073923e-07,2.1234746446771114e-07,7.269089596812677e-06,5.842865056582616e-07,-1.1543904201605524e-08
flow/0000/011,011,7,8.75,0.007405001491527157,0.007416285369358125,0.001665083912223608,0.001659358207361722,-5.6419389154837955e-06,2.8628524309429583e-06,-8.504791346426754e-06,-1.9996874506282483e-05,-8.360491665118566e-06,-8.79056683913363e-06,1.4580177348598195e-05,9.615932479115226e-07,1.238204247345511e-05,-1.7221105753737354e-06,-1.7011542222046712e-07
flow/0000/011,011,8,10.0,0.00739752316389028,0.0074254665344219845,0.0016631038741992965,0.0016621917734085158,-1.3971685265852084e-05,4.5605039539035885e-07,-1.4427735661242443e-05,-2.2737048227671527e-05,-1.818360147245882e-05,-2.3866020628714006e-05,8.899929265436448e-06,-2.6668352290652904e-06,1.0458573948184417e-05,-5.833656387055396e-06,-1.3388075050195294e-07
flow/0000/011,011,9,11.25,0.00740678946779209,0.007431482046979375,0.001661852192550136,0.0016671405501273513,-1.2346289593642354e-05,-2.644178788607722e-06,-9.702110805034632e-06,-4.6516302044637484e-07,-2.4222554677732957e-05,-3.559735494481058e-05,1.089991426841963e-05,-5.322557316689638e-06,4.482577223514309e-06,-9.578617426745685e-06,-1.5811763451005405e-07
flow/0000/011,011,10,12.5,0.007420403556958785,0.007416029879509482,0.0016615909503829077,0.0016616388412955126,2.186838724651738e-06,-2.3945456302477616e-08,2.2107841809542155e-06,1.8321645313963686e-05,-6.308789195779048e-06,-2.2851673940432055e-05,1.9586172720853934e-05,-4.784809092101558e-06,6.31091209921282e-06,-1.3656544164022781e-06,-2.5623041591913163e-07
flow/0000/011,011,11,13.75,0.007410119982617462,0.007424360699184697,0.0016591769940501818,0.0016628347185901266,-7.120358283617401e-06,-1.82886226997238e-06,-5.291496013645021e-06,1.1323771927758842e-05,-1.2199626266750328e-05,-2.08757043365336e-05,-6.729874458944081e-06,-6.914638678086555e-06,-5.876676801215043e-07,2.0312167558415688e-07,-1.6264397265814692e-08
flow/0000/012,012,0,0.0,0.008473194946083479,0.008488391901648329,0.0007542057902510412,0.0007535503934493681,-7.598477782424888e-06,3.2769840083656486e-07,-7.926176183261453e-06,-9.640200217299333e-07,-1.0835638834259635e-05,-1.3467690929377593e-05,-5.126561344330656e-06,-2.437743761685802e-06,2.028938117175469e-06,1.030323295362888e-06,6.892759524936638e-07
flow/0000/012,012,1,1.25,0.008491982319556958,0.008461949240357192,0.0007541176563652064,0.0007529814350218282,1.5016539599882646e-05,5.681106716890968e-07,1.4448428928193549e-05,1.6888456910605764e-05,1.678024276564015e-05,1.2556304470551574e-05,1.3841154252730928e-05,4.650166372083785e-09,-2.239106385096821e-07,5.843258626953951e-07,1.907377296198455e-06
flow/0000/012,012,2,2.5,0.00846586244507924,0.008461873629937743,0.0007506604619684758,0.0007520495443827555,1.994407570748806e-06,-6.945412071398442e-07,2.6889487778886502e-06,-3.583391259027926e-06,-9.307985022230514e-06,1.941953725007918e-06,1.892705283924618e-05,1.572718490647218e-07,-3.266096697554998e-06,5.223524433841894e-08,2.784247755922907e-07
flow/0000/012,012,3,3.75,0.008491332284147411,0.008455910646174512,0.0007532213907475169,0.0007510289662385429,1.7710818986449613e-05,1.096212254487008e-06,1.6614606731962605e-05,3.5266427616440464e-06,1.612462851912494e-05,2.2209709350034905e-05,2.8982295314994994e-05,5.029380693595824e-06,-4.4536683020190504e-06,1.453006464970162e-09,3.8076836199062744e-06
flow/0000/012,012,4,5.0,0.008493089785932753,0.008438987368795293,0.0007540027869828541,0.0007498170582533648,2.7051208568730153e-05,2.092864364744689e-06,2.4958344203985464e-05,1.11983913182955e-05,2.8744886949627277e-05,3.377926599198132e-05,3.448229001501695e-05,7.717949809415872e-06,-3.6326077547206223e-06,1.3498671445261233e-07,4.151128689830637e-06
flow/0000/012,012,5,6.25,0.008474202610064045,0.008456008105804231,0.0007543528248678106,0.0007501847475407414,9.097252129906808e-06,2.0840386635345752e-06,7.013213466372232e-06,-1.0837460758265395e-05,8.92029510069555e-06,1.4873305994412417e-05,2.343286818278379e-05,5.518549336186169e-06,-3.6876636171225647e-07,8.649534696494226e-08,3.0998763326993916e-06
flow/0000/012,012,6,7.5,0.008472971827521256,0.008468022029772633,0.0007533922449939897,0.000751596210468755,2.4748988743114944e-06,8.980172626173242e-07,1.5768816116941702e-06,-1.097867378691171e-05,7.415447712213856e-06,6.9775293101963926e-06,6.485292261748307e-06,1.4643285372009825e-06,2.299326806981148e-06,-8.575091325255496e-08,-8.583538046015669e-08
flow/0000/012,012,7,8.75,0.008466277563225624,0.00845910628202233,0.0007512252465391451,0.0007537912274399507,3.585640601646775e-06,-1.2829904504028109e-06,4.868631052049586e-06,-2.836971640606499e-07,1.2122739969278387e-05,5.452386290868624e-06,-2.948866689502297e-06,-2.2013806132369605e-06,1.8306684588813749e-06,-1.5222724199268571e-06,-3.23897722732876e-06
flow/0000/012,012,8,10.0,0.008447301237125093,0.008477397849227866,0.0007500373433303821,0.0007547537766294905,-1.5048306051386635e-05,-2.3582166495541928e-06,-1.2690089401832443e-05,-5.568075026082201e-06,-1.3227147294334919e-05,-1.6258143814702232e-05,-2.513985807042502e-05,-4.671876187492931e-06,1.0412919742197775e-06,-1.1064927568614908e-06,-4.695789628082086e-06
flow/0000/012,012,9,11.25,0.00844816421357212,0.0084871163594003,0.0007498923843671689,0.0007539998184280513,-1.9476072914090606e-05,-2.0537170304412225e-06,-1.7422355883649383e-05,-7.911589792347108e-07,-1.993805500091067e-05,-2.368269365503068e-05,-3.349238402118419e-05,-4.064396495466471e-06,9.769416461348989e-07,-3.796130457306662e-07,-4.74780022670276e-06
flow/0000/012,012,10,12.5,0.008465103667998627,0.008467860690948726,0.0007513653264206479,0.0007510728326528052,-1.3785114750496097e-06,1.4624688392136887e-07,-1.5247583589709786e-06,1.6023936870684756e-05,5.556740371791963e-06,-5.198822159128633e-06,-2.1895900983545658e-05,-1.0839385244008036e-06,1.639165285081685e-06,1.092480918445484e-07,-7.948731683992717e-08
flow/0000/012,012,11,13.75,0.00845369660450874,0.008497676916103022,0.000753153793290758,0.0007534898425671749,-2.199015579714119e-05,-1.6802463820845452e-07,-2.1822131158932736e-05,-5.528928493065723e-06,-2.992318971560548e-05,-2.7162320337073553e-05,-2.534618464281827e-05,-3.7469847789584673e-06,2.4889193156516875e-06,1.2367743082640855e-06,-6.508073977913543e-07
flow/0000/013,013,0,0.0,0.01435835939675735,0.014351890821267572,0.0035471059837906592,0.0035453390752275336,3.2342877448890764e-06,8.834542815628049e-07,2.3508334633262715e-06,2.257688966903794e-06,1.2030242457883311e-05,-4.251265637422036e-06,2.9004851921912364e-06,-1.3723954443978052e-05,5.671663362924115e-06,8.573994713615297e-08,1.1500368260169112e-05
flow/0000/013,013,1,1.25,0.014355299501820636,0.014357479197236655,0.0035522002175693147,0.0035361554886073412,-1.0898477080098154e-06,8.022364480986732e-06,-9.112212188996547e-06,7.394679929235287e-07,9.350401146586418e-08,-3.1821378061085495e-06,-2.0102250303218397e-06,5.973802662563848e-06,-1.3371428452017494e-05,2.3795046924653357e-06,3.710757902093513e-05
flow/0000/013,013,2,2.5,0.0143614190309302,0.01436514932535984,0.003552823297979523,0.003535796331950832,-1.8651472148203951e-06,8.513483014345458e-06,-1.0378630229165853e-05,-1.7672396993495196e-05,1.133976429287635e-05,-1.0579586773081656e-06,-6.999748135110007e-08,2.3629411647065014e-05,-1.9920638845048516e-05,4.242272707453195e-06,2.610288654791154e-05
flow/0000/013,013,3,3.75,0.014345884865831878,0.01437495458338619,0.0035502472825817174,0.0035334184387484226,-1.4534858777156233e-05,8.414421916647444e-06,-2.2949280693803677e-05,-3.2544447575410564e-05,-7.885099025689568e-06,-1.1095574872256597e-05,-6.614313635267335e-06,1.827537854522457e-05,-2.1039616279768414e-05,6.327407715557261e-06,3.0094517685576305e-05
flow/0000/013,013,4,5.0,0.014342913813901945,0.014383860498546633,0.003548035993668553,0.0035445512279828157,-2.04733423223441e-05,1.7423828428686245e-06,-2.2215725165212726e-05,-3.937498780016459e-05,-1.7253987894143286e-05,-1.2842949412649948e-05,-1.242144418242292e-05,1.9561982370118166e-05,-1.8144460102631173e-05,5.654783925001584e-06,-1.0277482101472835e-07
flow/0000/013,013,5,6.25,0.01435232685940875,0.014372622455071772,0.0035436855601719665,0.003542153552176128,-1.0147797831511207e-05,7.660039979193178e-07,-1.0913801829430525e-05,-4.276170756347449e-05,6.919416202420814e-06,-2.48194663125291e-06,-2.266953333737373e-06,9.603646170422463e-06,4.202569316185854e-06,5.671680432348385e-06,-1.6413879927279322e-05
flow/0000/013,013,6,7.5,0.014356429328245528,0.01436718400443766,0.0035376286280728894,0.003538716897345938,-5.377338096065887e-06,-5.441346365242603e-07,-4.8332034595416264e-06,-2.357186852914271e-05,-1.9626185587297285e-06,5.501180231032993e-06,-1.4760455274214976e-06,3.8111230811223827e-06,1.3870300320070706e-05,1.3413655134095507e-06,-2.119932746070044e-05
flow/0000/013,013,7,8.75,0.014367856160316477,0.014354997655588635,0.003530412904886005,0.003548834809881314,6.429252363921063e-06,-9.210952497654698e-06,1.564020486157576e-05,5.7887985408511256e-06,-2.2164108063726234e-06,1.752773563321909e-05,4.616886087990997e-06,-1.9962827606809577e-06,1.0111104448657933e-05,-3.904402971901557e-06,-4.1054228706694645e-05
flow/0000/013,013,8,10.0,0.014382778197199483,0.014355218848898161,0.0035380909363511353,0.003551613352231025,1.3779674150660864e-05,-6.76120793994487e-06,2.0540882090605735e-05,3.261443285010497e-05,4.590940035248056e-06,1.0201748300359657e-05,7.711575416933375e-06,-5.443119190000909e-06,9.844587959918067e-06,-8.478764092692136e-06,-2.2967536437004665e-05
flow/0000/013,013,9,11.25,0.014375968859918497,0.01435909037951034,0.0035482748444034887,0.003554989710349732,8.439240204078692e-06,-3.3574329731216046e-06,1.1796673177200297e-05,4.069390784220556e-05,-1.114931618911158e-05,2.7512426225891756e-06,1.4611265406359528e-06,-1.5301474637698402e-05,1.1293115416020493e-05,-5.401688814924896e-06,-4.019683855884318e-06
flow/0000/013,013,10,12.5,0.01437401223119449,0.014353784190955213,0.003540182839739079,0.0035493613727480998,1.011402011963803e-05,-4.589266504510456e-06,1.4703286624148486e-05,4.6139112615572846e-05,-7.92077707640823e-06,-6.726647154972273e-07,2.9104096548899366e-06,-2.697009210279205e-05,2.34784766865037e-06,-5.452454251567e-06,1.1717632667667018e-05
flow/0000/013,013,11,13.75,0.014361994018992628,0.01434320031102403,0.003540270865689949,0.003548177872591358,9.396853984299132e-06,-3.953503450704636e-06,1.3350357435003768e-05,2.5377585035948544e-05,1.4045308040517429e-05,-5.710768240830243e-06,3.875291101562532e-06,-1.6688947393813953e-05,7.257044445558658e-06,-3.1858128617722e-06,-3.1962979927914817e-06
flow/0000/014,014,0,0.0,0.0115903497522764,0.011598957587038678,0.0004898719108046726,0.00048692004661434396,-4.303917381138708e-06,1.4759320951643123e-06,-5.7798494763030206e-06,2.2948471811210826e-05,-5.272723832548329e-06,-3.783326271802716e-05,2.941845214812864e-06,1.871134102830155e-06,1.6123401065876522e-08,1.2637176806037524e-06,2.75275319615756e-06
flow/0000/014,014,1,1.25,0.011556141847200774,0.011633813815500108,0.00048702435967491595,0.0004884703599357408,-3.883598414966723e-05,-7.230001304124177e-07,-3.811298401925481e-05,-3.6104085458631835e-05,-3.193491836041111e-05,-6.330311756927269e-05,-2.4001815210351104e-05,-1.6184957393144505e-06,-6.578866100513713e-07,-1.2614080232236204e-06,6.457898509397984e-07
flow/0000/014,014,2,2.5,0.011543690310400393,0.011665045764961185,0.00048669655547437586,0.00048752497002006593,-6.067772728039593e-05,-4.142072728450326e-07,-6.02635200075509e-05,-9.280513127911654e-05,-3.7146989777993994e-05,-7.602917908816273e-05,-3.6729608976311754e-05,-5.831503870728214e-07,2.202365803714065e-06,-1.8378831420336542e-06,-1.4381613659875299e-06
flow/0000/014,014,3,3.75,0.011548724285638199,0.011675984387598601,0.0004868112949387509,0.00048679595191863153,-6.363005098020125e-05,7.671510059690557e-09,-6.363772249026094e-05,-0.00011828368530969122,-3.674987460720435e-05,-6.185495249420858e-05,-3.7631691509700405e-05,-1.0493932545040845e-06,2.8600065139051207e-06,-1.8552417241052385e-06,7.531450494307297e-08
flow/0000/014,014,4,5.0,0.011575244056563386,0.011679824111865635,0.00048709654880300593,0.00048698883240884475,-5.229002765112442e-05,5.385819708058704e-08,-5.234388584820501e-05,-0.0001102984443064085,-3.286886271786863e-05,-3.498694852986477e-05,-3.1005855050356655e-05,-1.0372561579583537e-06,3.3781355771717297e-06,-1.64429924383647e-06,-4.811473870546391e-07
flow/0000/014,014,5,6.25,0.011610996397535074,0.011665054209318513,0.0004887948793696945,0.0004861686690058406,-2.70289058917194e-05,1.3131051819269626e-06,-2.834201107364636e-05,-8.96907381160543e-05,-4.29198368040451e-06,-4.315286830855469e-06,-9.81761493956462e-06,1.4076661383126236e-06,4.2203498954815496e-06,-5.721719015193123e-07,1.9657659543298955e-07
flow/0000/014,014,6,7.5,0.011642789037965352,0.011637461394453926,0.0004876142601887186,0.00048769883936685787,2.6638217557129265e-06,-4.228958906964033e-08,2.706111344782567e-06,-3.5846620880780784e-05,1.4652997247574864e-05,2.71397249465722e-05,4.7091857094867275e-06,2.9403277790378485e-07,1.0587096538474208e-06,-1.6314967150506674e-07,-1.3587511165245782e-06
flow/0000/014,014,7,8.75,0.01166680886906839,0.011605477470926549,0.00048624789624880736,0.0004893920122612705,3.066569907092011e-05,-1.5720580062315772e-06,3.2237757077151685e-05,2.8795232329821042e-05,2.321034098940432e-05,5.528277358435481e-05,1.537444938010373e-05,-9.993181322364374e-07,-1.418973714021948e-06,-5.084717140536985e-07,-3.3614684646140894e-06
flow/0000/014,014,8,10.0,0.011680672826967492,0.011569058080316854,0.0004863810016284678,0.0004895233879438384,5.5807373325319175e-05,-1.5711931576852835e-06,5.737856648300446e-05,8.709468867825962e-05,3.791468969743892e-05,7.088682078207516e-05,2.7333294143499966e-05,-7.777529395341628e-07,-3.3893595863066037e-06,3.6820755101193395e-07,-2.4858676559122743e-06
flow/0000/014,014,9,11.25,0.011676214992368386,0.011547481085092407,0.00048639502080973293,0.0004875962830113737,6.436695363798949e-05,-6.006311008203806e-07,6.496758473880987e-05,0.0001227262443455968,3.536885621054607e-05,6.622729917288121e-05,3.314541482292996e-05,1.1733805453320459e-07,-3.4584916923653913e-06,1.8558240832758366e-06,-9.171948487251452e-07
flow/0000/014,014,10,12.5,0.011664188183209861,0.01154383907889645,0.0004878672908815773,0.00048657390142696824,6.017455215670542e-05,6.466947273045271e-07,5.952785742940089e-05,0.0001304247809235581,2.366029024485853e-05,5.28685025865637e-05,3.374463487183961e-05,4.876766938897493e-07,-3.1084479766883355e-06,2.049670384191864e-06,3.157879807824844e-06
flow/0000/014,014,11,13.75,0.01162554482140174,0.01155963616640063,0.0004891872043267623,0.0004864347889684036,3.295432750055529e-05,1.3762076791793635e-06,3.157811982137593e-05,9.141935031711183e-05,1.4130355617167877e-05,4.9144025742187125e-06,2.1353201493724046e-05,1.8394926766995747e-06,-1.7928661509611474e-06,2.2293304770683813e-06,3.2288737139107404e-06
flow/0000/015,015,0,0.0,0.01098657719895564,0.011021675056927732,0.0006966332998987779,0.0007005760484383555,-1.7548928986046118e-05,-1.9713742697887978e-06,-1.557755471625732e-05,-2.2690868374586337e-05,-1.1977807446879145e-05,-2.0667107649219654e-05,-1.4859932473501071e-05,-7.096207965470204e-06,-7.970175540357796e-07,8.637270109980558e-09,-9.088297594251899e-10
flow/0000/015,015,1,1.25,0.011014420462526181,0.01099241406869288,0.0007000440527497305,0.0006972227404243764,1.1003196916650401e-05,1.4106561626770647e-06,9.592540753973337e-06,-3.0139270309629054e-06,2.1325778758641764e-05,2.2999560731706836e-05,2.701375207213308e-06,5.511541808238393e-06,-4.5909044675258946e-08,4.414590807849646e-08,1.3284597906651819e-07
flow/0000/015,015,2,2.5,0.010995413588899886,0.011022338634369772,0.0006995188222871061,0.0006984041660506652,-1.346252273494268e-05,5.573281182204618e-07,-1.4019850853163142e-05,-3.398138837276601e-05,-1.554458560977523e-05,8.954358159276796e-06,-1.3278475116508884e-05,4.2073418297153536e-06,-2.0053357765043847e-06,-1.1565466542853323e-07,1.429610850996741e-07
flow/0000/015,015,3,3.75,0.011010201660972399,0.011028050716456812,0.0007007659037308132,0.0006975250004463061,-8.92452774220627e-06,1.6204516422535183e-06,-1.0544979384459789e-05,-3.235097800158033e-05,-7.288650210413548e-06,1.2917683980376987e-05,-8.976166737207324e-06,8.219430137854436e-06,-1.7676471481822766e-06,-1.47300731756057e-07,1.773243110977677e-07
flow/0000/015,015,4,5.0,0.011012514819660393,0.011021290348610878,0.0007005384125078312,0.0006968898424916331,-4.387764475242452e-06,1.824285008099032e-06,-6.212049483341484e-06,-2.0956414287985788e-05,-8.297715227580278e-06,1.6083515697415396e-05,-4.380444082820005e-06,8.100642978979555e-06,-8.130323127675406e-07,-1.5146013173599588e-07,1.609894979200414e-07
flow/0000/015,015,5,6.25,0.010988229828781414,0.011032853263944398,0.0006978437792374202,0.0006974811827693602,-2.2311717581492176e-05,1.8129823403000489e-07,-2.249301581552218e-05,-4.1037231028835663e-05,-2.6655544484248048e-05,-1.0441919664714097e-05,-1.1112175148170894e-05,9.076040749661247e-07,-7.48480759247259e-08,-1.5177054077975422e-07,4.420747785813443e-08
flow/0000/015,015,6,7.5,0.011020006868444465,0.011012664195566714,0.0006990861396341834,0.0006963385661855159,3.671336438875253e-06,1.373786724333725e-06,2.297549714541528e-06,-4.669341411127348e-06,6.460584958448666e-06,4.600002281833146e-06,8.29409992634915e-06,2.5525286111687927e-06,2.998968920723047e-06,-4.9242095666555014e-09,-5.1426424990418026e-08
flow/0000/015,015,7,8.75,0.011034966946689958,0.010981429582600573,0.0006985900694138377,0.0006961645489046792,2.6768682044692356e-05,1.2127602545792355e-06,2.555592179011312e-05,3.8594122583385584e-05,2.9638578441000193e-05,1.575020891091128e-05,2.30918182434715e-05,1.9519635051199087e-06,3.0646972817663398e-06,-8.63608590625298e-09,-1.5698368266291957e-07
flow/0000/015,015,8,10.0,0.011027909958788069,0.010984538908548596,0.0006976013383477279,0.000697301027660121,2.1685525119736343e-05,1.5015534380344395e-07,2.15353697759329e-05,4.557216628461175e-05,1.7937509815793735e-05,5.303224905208945e-06,1.7929199473330076e-05,-9.763712029845547e-07,1.6786085435954723e-06,5.536392452947895e-08,-1.5697988992690703e-07
flow/0000/015,015,9,11.25,0.01102896736014115,0.01100657246194731,0.0006968833555836266,0.0007000743713825926,1.1197449096920359e-05,-1.5955078994830106e-06,1.279295699640337e-05,4.4252669978653986e-05,5.4846546159283485e-06,-1.2746956470665802e-05,7.79942826376924e-06,-6.467767767659796e-06,7.81851628186528e-08,1.8662436695599412e-07,-1.790733600470811e-07
flow/0000/015,015,10,12.5,0.011017003851256821,0.010998356907567767,0.0006960976460357105,0.0007000571051915948,9.323471844527309e-06,-1.979729577942157e-06,1.1303201422469466e-05,3.5947851704926786e-05,1.0249946633258261e-05,-1.4182336656854908e-05,5.278425696776494e-06,-7.009433631510135e-06,-9.919910579610572e-07,1.813658880642826e-07,-9.885951036192606e-08
flow/0000/015,015,11,13.75,0.010985579625664644,0.011019123850607321,0.0006956475325366368,0.0007011717868794644,-1.6772112471338634e-05,-2.762127171413765e-06,-1.4009985299924868e-05,-3.6028911967987687e-06,-2.1657606537729343e-05,-2.8319227484657587e-05,-1.3508724666171437e-05,-9.976027355155983e-06,-1.2657064825507061e-06,2.0433895589095315e-07,-1.11138038393317e-08
flow/0000/016,016,0,0.0,0.0032008576905814654,0.003193483364330467,0.002307535790666423,0.0022962345177292873,3.6871631254992675e-06,5.650636468567793e-06,-1.9634733430685253e-06,7.984730164454883e-06,3.483788550991086e-06,-1.0616997682161462e-06,4.341833554766814e-06,6.854423853322163e-06,3.0334278850413596e-06,3.376725176930254e-06,9.337968958978262e-06
flow/0000/016,016,1,1.25,0.003197996921103563,0.0031985095041686114,0.002296546246007475,0.002310343827956938,-2.562915325241607e-07,-6.89879097473165e-06,6.642499442207489e-06,-3.3541266055911456e-07,2.5864569030698004e-06,-2.305859434197175e-06,-9.70350938410804e-07,-1.0910841553851604e-05,-5.671954621727648e-06,-5.179022197597397e-06,-5.833345525749732e-06
flow/0000/016,016,2,2.5,0.003199273282139522,0.0032006362459168674,0.0023003589352541156,0.0023168086149433827,-6.814818886726175e-07,-8.224839844633543e-06,7.5433579559609255e-06,-4.880348557604296e-06,2.4003696298690886e-06,-6.035919592887237e-07,3.576433323330269e-07,-7.829214326763798e-06,-1.7804067986198005e-06,-1.2818159145269606e-05,-1.0471579107880751e-05
flow/0000/016,016,3,3.75,0.003197162136210764,0.003206016135992057,0.002296357573598643,0.0023167619363027147,-4.4269998906464915e-06,-1.0202181352035773e-05,5.775181461389282e-06,-1.2484414537854236e-05,-5.03556299101841e-07,-1.516486057837876e-06,-3.203542667793097e-06,-9.647809258363877e-06,-5.386033731263461e-06,-1.2273928111783535e-05,-1.3500954306732435e-05
flow/0000/016,016,4,5.0,0.0031936725597193133,0.0032089258984215677,0.0022994435437570355,0.0023202446539245768,-7.626669351127203e-06,-1.040055508377065e-05,2.773885732643448e-06,-1.626741958087128e-05,-4.734459978411858e-06,-3.4485297792205723e-06,-6.056268066004884e-06,-8.936475013962596e-06,-5.963388056204897e-06,-1.1187218773551968e-05,-1.5515138491362926e-05
flow/0000/016,016,5,6.25,0.003197323173902742,0.00320576741045053,0.002307133362335059,0.00231801778554276,-4.22211827389384e-06,-5.442211603850578e-06,1.2200933299567375e-06,-1.4498490541811973e-05,-1.8543275853040702e-06,-1.311891590605966e-07,-4.0446580939872134e-07,-6.545608372064259e-07,-2.1084299441503918e-06,-9.471571691180335e-06,-9.534283942864508e-06
flow/0000/016,016,6,7.5,0.0031988494673365576,0.0032029492514051468,0.002308480486806354,0.002315155518580381,-2.049892034294582e-06,-3.3375158870136215e-06,1.2876238527190394e-06,-9.074783625646985e-06,-5.103570287050014e-07,7.581194806231036e-07,6.274530365501206e-07,-2.6531632952183064e-06,-1.7272005361102655e-06,-1.8851918947590616e-06,-7.084507821967503e-06
flow/0000/016,016,7,8.75,0.0032021188522018238,0.0032003513900937695,0.002311548393910532,0.002312802010210652,8.83731054027127e-07,-6.268081500599917e-07,1.5105392040871187e-06,1.1639155760071428e-06,-5.569119377268027e-08,1.8941138761935285e-06,5.325859576800832e-07,-6.376127018942017e-06,2.5194476797147855e-07,6.373993058278243e-06,-2.7570434075478885e-06
flow/0000/016,016,8,10.0,0.003206338570615447,0.003199092243118524,0.0023170258043771937,0.002307160384177996,3.6231637484613125e-06,4.932710099598723e-06,-1.3095463511374108e-06,7.888415651382836e-06,8.924245927513161e-07,4.259212544414307e-06,1.452602205296574e-06,2.1496618735888234e-06,2.9451767960821888e-06,8.304668213408861e-06,6.331333515315453e-06
flow/0000/016,016,9,11.25,0.0032078380173585427,0.003198643346277486,0.0023197926713568523,0.0022983969133985862,4.59733554052837e-06,1.0697878979133019e-05,-6.100543438604649e-06,1.5072984363878258e-05,-6.075740410643737e-07,2.5098086534121756e-06,1.4141231858882854e-06,9.801783033029296e-06,5.765658541390063e-06,1.3100734564550943e-05,1.4123339777561772e-05
flow/0000/016,016,10,12.5,0.0032048241098135365,0.003199018570172994,0.0023229014339499806,0.002300279370594906,2.9027698202712705e-06,1.131103167753729e-05,-8.408261857266019e-06,1.4232694211412187e-05,-1.7028410044118546e-06,-5.5340058303888703e-08,-8.634338676111446e-07,1.0183509470715162e-05,3.4429803618194876e-06,1.4552213831245386e-05,1.706542304636934e-05
flow/0000/016,016,11,13.75,0.003202610630968128,0.0031950547233978686,0.0023154310045548137,0.0022945738692916303,3.777953785129599e-06,1.042856763159173e-05,-6.650613846462131e-06,1.1657617454018023e-05,7.864907359297728e-07,-2.5635031590401716e-07,2.924057266473967e-06,1.5424964022687192e-05,4.690339727922346e-06,5.958715252560223e-06,1.5640251523196726e-05
flow/0000/017,017,0,0.0,0.012694256784202725,0.012831406146740823,0.0016519457333741944,0.0016695300305970147,-6.857468126904905e-05,-8.792148611410158e-06,-5.9782532657638894e-05,-3.3138138235606386e-05,-4.9942350221717814e-05,-0.00011500435663017693,-7.621387998869335e-05,-1.2587486693942953e-05,-6.579330102831835e-06,-4.819907007566583e-06,-1.1181870641298938e-05
flow/0000/017,017,1,1.25,0.012791141341758462,0.01273383542780032,0.001670376047201169,0.0016566224132799593,2.865295697907118e-05,6.8768169606049125e-06,2.1776140018466266e-05,4.119209455321054e-05,3.988420340166575e-05,1.2485558314356132e-05,2.1049971647053162e-05,3.1078841055106124e-06,4.772311282662516e-06,1.3082675211639402e-05,6.544397242606685e-06
flow/0000/017,017,2,2.5,0.012747864898622143,0.012785267288357905,0.0016724870754889322,0.0016471386549019766,-1.870119486788082e-05,1.2674210293477789e-05,-3.137540516135861e-05,-2.583702958360804e-05,-3.419615762325842e-06,-2.879357719780956e-05,-1.6754556927783305e-05,6.3799275795768835e-06,3.270855962963278e-05,6.290314803876051e-06,5.318039160825657e-06
flow/0000/017,017,3,3.75,0.012826002266944385,0.012746318389140728,0.0016741585169621513,0.001644844459199157,3.984193890182834e-05,1.4657028881497189e-05,2.5184910020331153e-05,2.3497851675598896e-05,3.6178115657149214e-05,5.838759308073732e-05,4.13041951938236e-05,1.0971174004291255e-05,2.292567437605145e-05,8.32045172624845e-06,1.641081541939749e-05
flow/0000/017,017,4,5.0,0.012822547331875406,0.01269393622761866,0.0016711889762622526,0.0016414479308436256,6.430555212837315e-05,1.4870522709313494e-05,4.9435029419059653e-05,3.75988806666349e-05,4.732645434506969e-05,0.00010389884037383113,6.839803312795427e-05,1.3661440561981418e-05,1.8428747905709607e-05,9.811971028187306e-06,1.7579931341376188e-05
flow/0000/017,017,5,6.25,0.012748908027852356,0.01278145059941746,0.001660273724662222,0.001649017473089964,-1.627128578255213e-05,5.628125786129052e-06,-2.1899411568681183e-05,-5.807498052242278e-05,-1.5769979429538887e-05,1.298462824790049e-05,-4.224811426148216e-06,4.931916230055812e-06,1.565685850334021e-05,-2.5088917617811964e-06,4.432620172901058e-06
flow/0000/017,017,6,7.5,0.01279614764078741,0.012746123994581773,0.0016584260772769736,0.0016488342028940406,2.5011823102818673e-05,4.795937191466506e-06,2.0215885911352167e-05,-1.5275695118355595e-05,1.6578393904349842e-05,6.026659017472659e-05,3.847800345055472e-05,5.874773270279844e-06,4.179155803774276e-06,7.89155200992919e-06,1.2382676818820625e-06
flow/0000/017,017,7,8.75,0.012794846593904154,0.012682253277431735,0.0016524173533845289,0.0016515495736725784,5.629665823620941e-05,4.3388985597524275e-07,5.586276838023417e-05,2.9995733317913012e-05,3.8636077244491064e-05,8.538739217106746e-05,7.116743021137045e-05,5.0631757002471325e-06,-9.424220128076096e-06,6.909785175960095e-06,-8.131813242298353e-07
flow/0000/017,017,8,10.0,0.012705180140096894,0.012714871207448162,0.0016425230243174737,0.001657671493273977,-4.845533675633916e-06,-7.574234478251694e-06,2.7287008026177784e-06,-1.5197557509565203e-05,-3.37131183217234e-06,-8.604956865717467e-07,4.723032577449299e-08,-1.6285191873287004e-06,-1.3292080283956492e-05,-6.5052245034971385e-06,-8.87111393822488e-06
flow/0000/017,017,9,11.25,0.012738288899811939,0.012778269314846049,0.0016419512150509178,0.001672582666485093,-1.9990207517054867e-05,-1.5315725717087564e-05,-4.674481799967303e-06,8.47631356751255e-06,-2.8661519983956205e-05,-3.34036097979374e-05,-2.6372013853839284e-05,-8.46162060567598e-06,-2.352960697756131e-05,-1.5481214458571042e-05,-1.379046082654171e-05
flow/0000/017,017,10,12.5,0.0127621967759792,0.01276747329898783,0.001642639507084072,0.0016766437711251219,-2.638261504315717e-06,-1.700213202052495e-05,1.4363870516209232e-05,4.358495522326696e-05,-8.903643899130405e-06,-2.6026106699165302e-05,-1.9208250642235858e-05,-1.2157578249355353e-05,-3.815440047160167e-05,-1.2212822564357283e-05,-5.483726796785436e-06
flow/0000/017,017,11,13.75,0.01268008623499683,0.012852989289287645,0.0016486785955599605,0.001675156434151425,-8.64515271454076e-05,-1.3238919295732255e-05,-7.321260784967534e-05,-4.1727036519955546e-05,-6.831569723712502e-05,-0.0001337194370929981,-0.00010204393773154911,-1.5448210794051097e-05,-1.1701972224148873e-05,-1.3047593472824024e-05,-1.275790069190535e-05
flow/0000/018,018,0,0.0,0.0055025260866184995,0.005511085980564299,0.0019000172450883061,0.0018927392598938123,-4.279946972899663e-06,3.6389925972469444e-06,-7.918939570146608e-06,-6.0031908018843595e-06,-1.9098984997264687e-06,-8.724337500544757e-06,-4.823610894435018e-07,-3.8053842013423527e-07,5.039681623019506e-06,7.647172717091012e-06,2.24965446901182e-06
flow/0000/018,018,1,1.25,0.005511698847384172,0.005495517977927768,0.0018987752328587738,0.001894196091171263,8.090434728201881e-06,2.2895708437554486e-06,5.800863884446433e-06,1.3599271569017263e-05,5.6659876098972585e-06,1.2239812545209762e-05,8.566671886823737e-07,6.035601404713944e-07,1.392877323555617e-06,5.288871880956749e-06,1.8729740300379256e-06
flow/0000/018,018,2,2.5,0.005498066040900274,0.00551936614502563,0.0019003448795685291,0.0018892827912507615,-1.0650052062678023e-05,5.531044158883823e-06,-1.6181096221561846e-05,-2.5854217181684597e-05,-1.5346074994167843e-05,-6.824655938838728e-07,-7.17450480975778e-07,3.087815912421047e-06,7.852831055846568e-07,1.4212680528464302e-05,4.038397089065342e-06
flow/0000/018,018,3,3.75,0.005509841920763233,0.005525583512825154,0.0018961528679332564,0.0018915106724963354,-7.870796030960431e-06,2.3210977184605006e-06,-1.0191893749420932e-05,-2.602722829055321e-05,-1.0382447743093222e-05,6.119617397913786e-06,-1.1931254881103817e-06,2.418136220598403e-06,-2.524900106757092e-06,6.0343687989629705e-06,3.3567859610379377e-06
flow/0000/018,018,4,5.0,0.005508828158175909,0.005520215742179417,0.001894207772956344,0.0018930137945645381,-5.6937920017538675e-06,5.96989195902984e-07,-6.2907811976568515e-06,-2.3225197267729043e-05,-9.410475860588841e-06,1.1227538630924523e-05,-1.367033509622976e-06,1.962835121907655e-06,-3.469441116408893e-06,1.9376228812787062e-06,1.956939896834739e-06
flow/0000/018,018,5,6.25,0.005488964074505874,0.005526457638654957,0.0018946086777728236,0.0018926687753592533,-1.8746782074541453e-05,9.699512067851829e-07,-1.9716733281326636e-05,-4.438062000828528e-05,-1.8517877977605127e-05,-8.035703186312984e-06,-4.052927125963723e-06,1.3291529246093367e-06,-2.0007928381266882e-06,2.765810522721915e-06,1.7856342179362224e-06
flow/0000/018,018,6,7.5,0.005514356904225095,0.005517559019033635,0.0018921667773563325,0.0018958797811397484,-1.6010574042700856e-06,-1.8565018917079392e-06,2.554444874378536e-07,-7.526808873338422e-06,-1.0743397824081527e-06,4.007017702359859e-06,-1.8100986636957958e-06,-3.8460877448858507e-07,-1.6279296107311967e-06,-4.094424780236219e-06,-1.3190444013757565e-06
flow/0000/018,018,7,8.75,0.005524752434435659,0.005495217363147053,0.0018905377090652987,0.001901019166485518,1.476753564430295e-05,-5.240728710109613e-06,2.0008264354412562e-05,3.096085840320487e-05,1.4995637071420643e-05,1.248736851609724e-05,6.262785864890458e-07,-1.933235129672158e-06,-2.3588418848192842e-06,-1.1686934287376965e-05,-4.9839035385699886e-06
flow/0000/018,018,8,10.0,0.005522516460020324,0.005501693520798227,0.001892241491523123,0.001900378713538388,1.04114696110485e-05,-4.0686110076324855e-06,1.4480080618680985e-05,2.8320809960027515e-05,1.2068223901191052e-05,-1.0998706151199925e-06,2.356715198094557e-06,-1.5350700856281018e-06,-1.2944635564406202e-06,-9.379151694466348e-06,-4.065758693994276e-06
flow/0000/018,018,9,11.25,0.005527795691664127,0.005507578061189884,0.0018925864807062525,0.0018992651952006764,1.0108815237121725e-05,-3.3393572472119456e-06,1.344817248433367e-05,2.9154980993792694e-05,1.2832356248071355e-05,-4.889245465366891e-06,3.3371691719914776e-06,-1.855159999257592e-06,7.534511845904866e-07,-7.854100967784761e-06,-4.401619206395807e-06
flow/0000/018,018,10,12.5,0.005522705932450465,0.0054975040126524505,0.0018925540458737782,0.0018996241755537971,1.2600959899007266e-05,-3.5350648400094865e-06,1.6136024739016753e-05,3.6269483990381424e-05,1.607762745564796e-05,-4.200961947151485e-06,2.257690097150298e-06,-2.7390176050258648e-06,8.355990509489571e-07,-9.782026921000431e-06,-2.454813884961312e-06
flow/0000/018,018,11,13.75,0.005498971585133475,0.005511584086782625,0.0019000061760438077,0.0018934426556143397,-6.306250824575279e-06,3.281760214733989e-06,-9.588011039309268e-06,-2.9731366502270228e-06,-4.390349686558739e-06,-1.818936621064953e-05,3.2784924913504404e-07,-5.555325069874092e-07,5.292766369057681e-06,6.475728831864796e-06,1.9140781650007262e-06
flow/0000/019,019,0,0.0,0.00985439051992784,0.009862645582142528,0.0014785518996647932,0.0014758329133261103,-4.1275311073443385e-06,1.3594931693414495e-06,-5.487024276685788e-06,6.964273022267917e-06,-9.62850556355567e-07,-1.6276983204511694e-05,-6.2345636907797444e-06,2.7826192482637794e-08,-1.8147307986730345e-08,2.073363776237383e-06,3.3549300166321825e-06
flow/0000/019,019,1,1.25,0.009866403537883605,0.009854669339050874,0.0014789923181968523,0.0014741167085420925,5.867099416365443e-06,2.4378048273798617e-06,3.429294588985581e-06,6.896899424047552e-07,1.4109200838018088e-05,7.262541337685682e-06,1.4069655473545467e-06,3.8177400488981195e-07,-7.876857821978792e-07,7.468732506624642e-07,9.41025783616524e-06
flow/0000/019,019,2,2.5,0.009866980464884921,0.009861621623783427,0.0014805185643623612,0.001474189397257875,2.6794205507472274e-06,3.1645835522431474e-06,-4.8516300149592e-07,-1.489099467411742e-05,1.3179995569087555e-05,7.393949661253785e-06,5.034731646764989e-06,1.1648367505892859e-06,-5.075844791401765e-07,9.375156921265964e-07,1.10635662453971e-05
flow/0000/019,019,3,3.75,0.009866832235977563,0.00986964135106673,0.0014785095885100203,0.0014765107455316558,-1.4045575445834069e-06,9.99421489182215e-07,-2.403979033765622e-06,-2.7826462135587503e-05,1.0187926814579987e-05,9.211136839363913e-06,2.809168303309975e-06,8.524351445867568e-07,-5.993073846210107e-07,-1.3175057815632525e-07,3.876308774919358e-06
flow/0000/019,019,4,5.0,0.009860162855149304,0.009872178353403586,0.0014772994905116357,0.0014798561032762494,-6.00774912714111e-06,-1.278306382306851e-06,-4.729442744834259e-06,-3.625573263988822e-05,3.1051778811947914e-06,8.181610755653851e-06,9.379474944773078e-07,5.538681876909076e-07,-1.0593798807234265e-06,-1.7205528861968713e-06,-2.8871609499979325e-06
flow/0000/019,019,5,6.25,0.009847651891482484,0.009868031738088435,0.0014749498422644792,0.0014782468318506807,-1.01899233029756e-05,-1.648494793100733e-06,-8.541428509874867e-06,-4.834142811771438e-05,3.915628090231035e-06,5.00305389130283e-07,3.1658014264489276e-06,4.593193971509429e-07,-1.1055458216939918e-06,-1.8699459722537008e-06,-4.077806775606508e-06
flow/0000/019,019,6,7.5,0.0098585497632019,0.009864623652243613,0.0014732339756924017,0.001478487502759479,-3.0369445208561566e-06,-2.6267635335386254e-06,-4.101809873175311e-07,-2.9515760441972336e-05,4.045224080737736e-06,9.256062561571396e-06,4.06669571623771e-06,-1.1219742195099462e-07,2.954601492318517e-08,-2.034913345489288e-06,-8.38948938163735e-06
flow/0000/019,019,7,8.75,0.009861622629042117,0.009860616013960473,0.0014736018382479799,0.0014807270383090138,5.033075408224577e-07,-3.562600030516949e-06,4.065907571339407e-06,-1.7751638919077245e-06,-4.036761510305999e-06,8.713445611989619e-06,-8.882900464877996e-07,-7.385567039569052e-07,-1.276353595005956e-06,-3.4529033269418735e-06,-8.78258649616298e-06
flow/0000/019,019,8,10.0,0.009874042588666051,0.009851975794199599,0.0014781817551993703,0.0014789603255084788,1.103339723322605e-05,-3.892851545542111e-07,1.1422682387780261e-05,2.8238923914362425e-05,-1.615741911464505e-06,1.0910222142800075e-05,6.60018478720447e-06,-5.607621101003503e-07,1.1858441699012009e-06,-3.1217913325475846e-07,-1.8700435447630177e-06
flow/0000/019,019,9,11.25,0.009874317390436323,0.00986594025252683,0.0014788325890832022,0.0014797780086430391,4.188568954746619e-06,-4.727097799184926e-07,4.661278734665111e-06,4.40718058747425e-05,-1.595269548919885e-05,-7.980734487058293e-06,-3.3841000794954113e-06,-7.46006937406903e-07,1.8454314566031856e-06,1.2235962540355235e-06,-4.213859892906102e-06
flow/0000/019,019,10,12.5,0.009864692911521164,0.009864708604046691,0.0014784382422477742,0.001479439798492829,-7.84626276364303e-09,-5.007781225274156e-07,4.929318597637726e-07,4.524927574994439e-05,-1.735792420391128e-05,-1.817601674782704e-05,-9.746719849258907e-06,-1.048106695660981e-06,4.4825005999940635e-07,8.884353961036064e-07,-2.291691250551342e-06
flow/0000/019,019,11,13.75,0.009862336653181685,0.009863522492600516,0.0014806297299203147,0.001476613505332196,-5.929197094151767e-07,2.0081122940594255e-06,-2.601032003474602e-06,2.997046044766723e-05,-8.182808234977017e-06,-2.0122780992898846e-05,-4.03655005745511e-06,-1.8382985235275038e-07,1.4358386784873783e-06,2.9846516453328926e-06,3.7957887047701273e-06
flow/0000/020,020,0,0.0,0.007403706495483643,0.007428571782037328,0.0006757647489397374,0.0006726458317785766,-1.2432643276842539e-05,1.5594585805803998e-06,-1.3992101857422938e-05,-6.789550058938602e-07,-1.1718660804873032e-05,-2.461102840861304e-05,-1.2721928887989356e-05,-8.652290533061203e-07,2.579511396035006e-09,7.188534124784752e-06,-8.805026055318244e-08
flow/0000/020,020,1,1.25,0.0074085190964292905,0.0074309067481366795,0.0006765494586617239,0.0006747111553504641,-1.1193825853694512e-05,9.191516556298902e-07,-1.2112977509324402e-05,-3.964950799769176e-06,-7.753689345824447e-06,-1.5104663701684048e-05,-1.7951999567500376e-05,-9.156290789821982e-07,9.67086942815746e-07,5.157804284123315e-06,-1.532655525437153e-06
flow/0000/020,020,2,2.5,0.0073984132501729106,0.007435233770047742,0.0006818786447612643,0.0006699524318397809,-1.841025993741573e-05,5.963106460741695e-06,-2.4373366398157425e-05,-6.379453542360285e-06,-2.4269907231521618e-05,-2.721052516081214e-05,-1.578115381496801e-05,3.0362705072561782e-06,6.508667092741194e-06,1.2017666924120927e-05,2.2898213188484806e-06
flow/0000/020,020,3,3.75,0.007407256843617939,0.007434276419788378,0.0006732557779481954,0.0006708274636781589,-1.350978808521957e-05,1.2141571350182461e-06,-1.4723945220237815e-05,-1.0577325873695545e-05,-1.737175760571077e-05,-1.1320014118673671e-05,-1.4770054742796988e-05,1.9249273719401357e-06,3.3187657134630313e-06,-1.7826105443169307e-06,1.3955459989864298e-06
flow/0000/020,020,4,5.0,0.007418604913209555,0.007431989460273699,0.0006727142517227695,0.0006711851150867207,-6.692273532071975e-06,7.645683180244173e-07,-7.456841850096393e-06,-4.527099854726314e-06,-1.2818094176316429e-05,-1.1990026696148681e-06,-8.224897427631592e-06,1.7608961464314317e-06,2.4061383763954628e-06,-2.95247731465752e-06,1.8437160639284914e-06
flow/0000/020,020,5,6.25,0.007424918223661177,0.007430300160600424,0.0006754403999857653,0.0006669887033983451,-2.690968469623578e-06,4.225848293710132e-06,-6.91681676333371e-06,-8.442670714152618e-06,-7.73103760449501e-06,-4.3188663517018666e-08,5.453023103669033e-06,2.2155541183949048e-06,2.7644832052715405e-06,8.245576961631154e-06,3.677778889542814e-06
flow/0000/020,020,6,7.5,0.007434975045134769,0.0074225152519914375,0.0006713719825620463,0.0006701907589344937,6.2298965716658244e-06,5.906118137763102e-07,5.639284757889514e-06,-7.973125942494375e-06,9.385705150498531e-06,1.1595227043873814e-05,1.1911780034784894e-05,3.028948993963245e-07,1.255258088419926e-07,1.4049036852819218e-06,5.291228615850359e-07
flow/0000/020,020,7,8.75,0.0074300805940053,0.0074036762334821985,0.0006699621749110261,0.0006753972021147866,1.320218026155083e-05,-2.7175136018802717e-06,1.5919693863431102e-05,-2.0500751050454152e-06,2.1258094050919957e-05,2.151343996679208e-05,1.2087262133536267e-05,-1.7435740620418399e-06,-1.9902128817834356e-06,-4.662721206697719e-06,-2.473546256998092e-06
flow/0000/020,020,8,10.0,0.0074296951651325015,0.00740366734658922,0.0006711809320632837,0.000676782971199332,1.3013909271640707e-05,-2.8010195680241512e-06,1.5814928839664858e-05,3.959499337469804e-06,1.929631684719456e-05,1.6835902561788095e-05,1.1963918340107335e-05,-1.0292845061140275e-06,-2.308328372355734e-06,-6.256441705540798e-06,-1.6100236880859774e-06
flow/0000/020,020,9,11.25,0.007434665134810599,0.0074061109268396515,0.0006684608762631843,0.0006778171638323934,1.4277103985473917e-05,-4.678143784604596e-06,1.8955247770078513e-05,1.2490013327698737e-05,1.6432566162657807e-05,1.5760086226211147e-05,1.2425750225327978e-05,-1.3370508198130566e-06,-3.860190804674293e-06,-1.172293385563744e-05,-1.792399658293465e-06
flow/0000/020,020,10,12.5,0.007431786973709541,0.007403512420889213,0.0006685031252894429,0.0006808340491908722,1.4137276410163858e-05,-6.165461950714693e-06,2.0302738360878552e-05,1.4928923063231743e-05,1.6501842256526605e-05,1.818559083431419e-05,6.932749486581596e-06,-3.452417772102645e-06,-6.651208074601753e-06,-1.2058372193898706e-05,-2.499849762255886e-06
flow/0000/020,020,11,13.75,0.007413481083978227,0.007420172740082224,0.000674696751781303,0.0006728799688407545,-3.345828051998581e-06,9.083914702742594e-07,-4.2542195222728405e-06,1.0482025655352868e-05,-7.154993214302137e-06,-1.4488543022098642e-05,-2.2218016269455465e-06,-1.7928100811228677e-07,-1.2597672277994085e-06,4.156754444317246e-06,9.158596726913104e-07
flow/0000/021,021,0,0.0,0.006788140546208003,0.006794398601185714,0.004451741712620868,0.004462009823087673,-3.1290274888555285e-06,-5.134055233402442e-06,2.005027744546913e-06,-4.730994569475053e-06,-8.970952322779301e-07,-5.083020771706314e-06,-1.8049993819649855e-06,5.11779652462188e-06,-1.721759698757085e-05,-7.053772320173013e-06,-1.3826481504884344e-06
flow/0000/021,021,1,1.25,0.006792180648221454,0.006787648488368357,0.00445040612762821,0.004462189737829417,2.2660799265483526e-06,-5.891805100603428e-06,8.157885027151781e-06,-2.7710651340382905e-06,7.09421589758499e-06,4.153529457230892e-06,5.876394854175543e-07,-2.4190704219708044e-06,7.617373339728183e-06,-1.3009990688110564e-05,-1.5755532632061395e-05
flow/0000/021,021,2,2.5,0.006785586705462646,0.006794950693024797,0.004455344045266643,0.00444836658254687,-4.6819937810755295e-06,3.4887313598865564e-06,-8.170725140962086e-06,-1.698175885984747e-05,1.6955849532528447e-06,9.22428939519309e-07,-4.3642301572263675e-06,-5.124079771520566e-06,3.959425366541116e-05,6.976164477792181e-06,-2.7491412932136548e-05
flow/0000/021,021,3,3.75,0.006789005488286009,0.006797103273659632,0.00446072729934182,0.00444544851134571,-4.0488926868116094e-06,7.639393998054925e-06,-1.1688286684866534e-05,-1.8390730246930706e-05,2.780394458218663e-06,1.7367755565625594e-06,-2.3220105150952193e-06,-7.225885158060373e-06,5.514795414764302e-05,8.939052565089343e-06,-2.6303545562451208e-05
flow/0000/021,021,4,5.0,0.006791862071178215,0.006797835450842048,0.004461544234076068,0.00444537414275558,-2.9866898319163768e-06,8.085045660243938e-06,-1.1071735492160315e-05,-1.272202962064508e-05,1.2792041971217485e-07,2.3616332696287795e-06,-1.714283396359647e-06,-6.572566002833189e-06,4.8156722453940575e-05,1.0880151285573483e-05,-2.012412509570403e-05
flow/0000/021,021,5,6.25,0.00678558582202667,0.00680197007399841,0.004461344510856256,0.00445213581264902,-8.192125985869922e-06,4.604349103617608e-06,-1.279647508948753e-05,-2.2232984044022117e-05,-4.393634662847121e-06,-2.9626444766478466e-06,-3.179240759963037e-06,-3.4545390327795234e-06,1.7037724132009692e-05,1.8945105630551427e-05,-1.4110894315310079e-05
flow/0000/021,021,6,7.5,0.006792341815842888,0.006798594906605518,0.00444861514655084,0.004462709490756132,-3.126545381314759e-06,-7.047172102645979e-06,3.92062672133122e-06,-1.1283364829535458e-05,-1.5035846273685725e-06,-6.612221398845028e-08,3.468901456312769e-07,-3.294038193203414e-06,-2.7955882657807168e-05,3.723060172044178e-07,2.688926423223114e-06
flow/0000/021,021,7,8.75,0.006797085075326595,0.006790477401809464,0.004449557525320326,0.004454994730596108,3.3038367585657216e-06,-2.7186026378910565e-06,6.022439396456778e-06,5.980642714694881e-06,1.0309027130561699e-07,3.25326094924739e-06,3.878353099014999e-06,-1.3301751621498832e-06,-3.786170625235232e-05,2.87914558858059e-06,2.5438325274358253e-05
flow/0000/021,021,8,10.0,0.006798824708337397,0.006786481849108257,0.004446844350821611,0.0044536347913877485,6.1714296145697414e-06,-3.3952202830689164e-06,9.566649897638658e-06,1.7696176716139322e-05,7.646717188653125e-07,2.7166560331243553e-06,3.5082139901499755e-06,9.678732370312342e-07,-3.185535446142886e-05,-3.858434058010268e-06,2.1165034150132447e-05
flow/0000/021,021,9,11.25,0.006800778078684241,0.006788967279728628,0.004451644876030394,0.004450134535782881,5.905399477806363e-06,7.551701237565149e-07,5.150229354049848e-06,2.483202817766747e-05,-2.7131925405595586e-06,-1.1552437208790615e-06,2.658005994997034e-06,5.572645088114782e-06,-2.5176005845309497e-05,-6.710464643140419e-06,2.9334505895359676e-05
flow/0000/021,021,10,12.5,0.00680005223193361,0.006784442771974168,0.004459190692934913,0.00445183228864946,7.804729979721346e-06,3.679202142726091e-06,4.125527836995255e-06,2.8107300711632116e-05,-1.325484081000916e-07,-8.443812427949907e-07,4.088548858147481e-06,8.886329647841409e-06,-1.1471092801660764e-05,-7.522261441456415e-06,2.4823833166181652e-05
flow/0000/021,021,11,13.75,0.0067922687841714124,0.006790764111802508,0.004452929488218972,0.004461180677385257,7.523361844523693e-07,-4.125594583142492e-06,4.877930767594862e-06,1.2479184951896816e-05,-2.88047190483056e-06,-4.982785328836413e-06,-1.6065829804221e-06,9.036096050029935e-06,-1.6194808524465452e-05,-1.103151262131898e-05,1.687846763184092e-06
flow/0000/022,022,0,0.0,0.02075681578890768,0.02074839624538488,0.010982492011887975,0.010933823516302118,4.209771761399389e-06,2.4334247792928525e-05,-2.0124476031529136e-05,4.555452511685945e-06,-5.478509566142487e-07,6.176770539456991e-06,6.654714951070603e-06,-9.53926413994671e-06,6.820089864886412e-06,1.5396595103116836e-05,8.465957034365854e-05
flow/0000/022,022,1,1.25,0.020811175472159892,0.020745335691757037,0.011058787343309229,0.01085417781475707,3.291989020142751e-05,0.00010230476427607917,-6.938487407465166e-05,7.140875106804133e-05,2.6412108776140836e-05,3.4141894197405043e-06,3.0444511541794297e-05,2.494955241276681e-05,4.4987858915752346e-05,2.134881372338937e-05,0.00031793283205240955
flow/0000/022,022,2,2.5,0.0208145591704047,0.020696368006712932,0.011029366194781358,0.010865590158379757,5.90955818458843e-05,8.188801820080069e-05,-2.2792436354916387e-05,9.472615465950726e-05,7.311582988988458e-05,1.711684347611292e-07,6.836917439937903e-05,3.933434764448636e-05,4.1938381468974075e-05,7.863740811069162e-06,0.00023841560287867283
flow/0000/022,022,3,3.75,0.020745378748149496,0.02070415873571664,0.01096251072401679,0.010849442632137643,2.0610006216427446e-05,5.6534045939572904e-05,-3.592403972314546e-05,6.244533250286677e-05,1.8716176478361657e-05,-2.6240473388386074e-05,2.7518989272862227e-05,2.8326281322926285e-05,2.347197484633013e-05,-5.58131145673589e-06,0.0001799192390457699
flow/0000/022,022,4,5.0,0.020722699513169324,0.020668263167489046,0.01094185967626946,0.010826708632534966,2.7218172840138763e-05,5.757552186724715e-05,-3.0357349027108384e-05,7.67811606463744e-05,4.11119330131892e-05,-3.6824252146417866e-05,2.7803849847405845e-05,3.309989883775637e-05,2.678495708293739e-05,-1.12519913086299e-06,0.00017154243067915576
flow/0000/022,022,5,6.25,0.020730815621512074,0.020697444916238435,0.010871999962495802,0.010879326706631397,1.668535263681971e-05,-3.663372067797682e-06,2.034872470461739e-05,3.0095921441829904e-05,3.954692693342032e-05,-2.9654278266198764e-05,2.6752840438225636e-05,1.3183264979736448e-05,5.196992783463141e-06,-1.483894534446621e-05,-1.819480068992324e-05
flow/0000/022,022,6,7.5,0.020727903804119843,0.02072437106209953,0.010870418810062185,0.0109312731028081,1.766371010156892e-06,-3.0427146372957563e-05,3.2193517383114455e-05,-9.149370163462345e-06,2.117479677297973e-05,-1.8563915571086914e-05,1.3603973002191891e-05,2.4293088223166504e-07,-1.486216469696205e-05,-1.760056568277633e-05,-8.948878599432386e-05
flow/0000/022,022,7,8.75,0.02071256125387807,0.0207640843902845,0.01084751566444854,0.01097741141772694,-2.5761568203216262e-05,-6.49478766391997e-05,3.918630843598343e-05,-5.5310635306922776e-05,-2.562065535172131e-05,-1.0590271794352207e-06,-2.105595497478921e-05,-1.8276338891676236e-05,-1.956419445724427e-05,-2.004604175162301e-05,-0.00020190493145625515
flow/0000/022,022,8,10.0,0.020697859834072962,0.02078711295751635,0.01083666547304286,0.011028192293174718,-4.46265617216942e-05,-9.576341006592871e-05,5.113684834423451e-05,-9.815619361358205e-05,-5.5298749124955277e-05,1.7623320847088078e-05,-4.2674624995325816e-05,-3.0145680354620816e-05,-3.618628648637424e-05,-1.860100397360067e-05,-0.0002981206694491166
flow/0000/022,022,9,11.25,0.020677989802385284,0.020817453901369985,0.010849535227428675,0.011063359055025772,-6.973204949235062e-05,-0.00010691191379854845,3.7179864306197824e-05,-0.0001203482944115309,-9.503391223873031e-05,1.0609686447001637e-05,-7.415567776614292e-05,-4.3248901537081604e-05,-3.998013282648224e-05,4.428200175937789e-07,-0.00034486144084822437
flow/0000/022,022,10,12.5,0.02066903704726983,0.02076002652718118,0.010891552230907509,0.010980712211593227,-4.549473995567495e-05,-4.4579990342859255e-05,-9.147496128156934e-07,-7.007522560170502e-05,-7.231145782006336e-05,2.9651067334638195e-05,-6.924334373557654e-05,-3.472643911608909e-05,-3.524797465683351e-05,7.809839127671434e-06,-0.00011615538672618553
flow/0000/022,022,11,13.75,0.020746505802775633,0.020727491838051504,0.010938355987608199,0.010925448683127822,9.506982362064362e-06,6.453652240188089e-06,3.053330121876273e-06,-6.419526711466672e-06,1.5296400802392723e-05,2.997913623897612e-05,-8.280808816499285e-07,-1.181045689104248e-05,-1.0327801115367049e-05,2.0281315431793564e-05,2.7671551535365935e-05
flow/0000/023,023,0,0.0,0.008080912644531832,0.00808517086617849,0.0004793158575111079,0.000474731264044363,-2.1291108233288322e-06,2.2922967333724497e-06,-4.421407556701282e-06,-1.6171922913692238e-06,5.389428755662659e-07,-7.2486206486137295e-06,-1.895732288973405e-07,1.6054720829751783e-06,6.2376652115159995e-06,-5.096080914803862e-07,1.8356577304791833e-06
flow/0000/023,023,1,1.25,0.008097417386175726,0.008053851366518117,0.00046973231658590825,0.00047989930592385645,2.1783009828804482e-05,-5.083494668974096e-06,2.6866504497778578e-05,2.224126760621767e-05,2.0818794843703147e-05,3.548062338019735e-05,8.591353485099765e-06,6.596877464846025e-06,-1.04629020591994e-05,1.2976289787020192e-06,-1.776558306024504e-05
flow/0000/023,023,2,2.5,0.008080500456596236,0.008090106691359756,0.00047568120433402094,0.0004914941396866913,-4.8031173817599665e-06,-7.906467676335201e-06,3.1033502945752346e-06,-1.6609618689570824e-05,-4.207531969358316e-06,7.67265498152498e-06,-6.06797384963614e-06,4.449018740993875e-06,-1.4018506788600533e-05,2.085504909123088e-06,-2.414188756685737e-05
flow/0000/023,023,3,3.75,0.008089185843209319,0.008102155234596863,0.00047650321796075066,0.0004941959614933632,-6.484695693771865e-06,-8.846371766306287e-06,2.361676072534422e-06,-3.0460050936669328e-05,-4.129850172569782e-07,9.022633856402285e-06,-4.088380677565607e-06,-6.862123810554368e-07,-1.5528817643681064e-05,-8.737545569107585e-07,-1.8296702483577875e-05
flow/0000/023,023,4,5.0,0.008093041599254756,0.00809752277045959,0.0004838050062967473,0.0004917104042446499,-2.24058560241696e-06,-3.952698973951302e-06,1.7121133715343418e-06,-1.9893271528215704e-05,-2.2844031670162315e-07,1.2547085281260258e-05,-1.3877158460107696e-06,2.395548099999394e-06,-3.912594199635092e-06,-3.387328482941978e-06,-1.0906421313227504e-05
flow/0000/023,023,5,6.25,0.008058560749164868,0.00810628400481953,0.0004841479188902114,0.0004860626127479469,-2.3861627827330943e-05,-9.573469288677388e-07,-2.2904280898463204e-05,-4.791565923712576e-05,-1.6079970406840827e-05,-2.1433915643230897e-05,-1.0016966022127153e-05,-1.3245801941424616e-06,4.6021327458300966e-06,-6.704090266488805e-06,-4.028500006698801e-07
flow/0000/023,023,6,7.5,0.008072311361288022,0.00808618110720838,0.00047527340286147835,0.000477652568826778,-6.934872960179077e-06,-1.1895829826498309e-06,-5.745289977529246e-06,-2.6704633450872275e-05,1.5046763984323183e-06,-3.2415680700963526e-06,7.020332818226047e-07,-1.0553537543017807e-06,-8.313111588645903e-07,-3.0114438992621853e-06,1.3977688182923277e-07
flow/0000/023,023,7,8.75,0.008103237069507703,0.00806715288938988,0.000492063398907398,0.0004808045046015158,1.804209005891108e-05,5.6294471529411355e-06,1.2412642905969946e-05,2.2680492750039305e-05,1.8730978081041728e-05,1.8151625655023554e-05,1.2605263749538003e-05,8.689277897139746e-06,6.014069970505722e-06,2.7574472505686396e-06,5.056993493550313e-06
flow/0000/023,023,8,10.0,0.008099157042735502,0.008085972767684288,0.0004894175697764138,0.0004825254469262326,6.592137525606931e-06,3.4460614250905936e-06,3.1460761005163373e-06,2.3298471941304334e-05,1.7074812862418604e-06,-1.7816943585378595e-06,3.144291233421557e-06,-3.884668987462058e-06,1.9120880347429795e-06,5.7782613688543325e-06,9.978565284227256e-06
flow/0000/023,023,9,11.25,0.008101311816376003,0.00809082202132999,0.0004896273495326704,0.00047717158693084635,5.2448975230061715e-06,6.227881300912002e-06,-9.829837779058302e-07,3.5137345354963566e-05,-4.190902726856644e-06,-1.1946020477377264e-05,1.9791679412911253e-06,-6.7807265989909755e-06,8.417768543793531e-06,4.362767487159271e-06,1.8911715771686207e-05
flow/0000/023,023,10,12.5,0.008099795037757183,0.00807962970096578,0.0004917190095190579,0.0004744368937470309,1.0082668395701433e-05,8.641057886013515e-06,1.4416105096879176e-06,3.7105664906018215e-05,2.077247252514104e-06,-4.255497019516573e-06,5.40325844378825e-06,-2.019185822707477e-06,1.3713197545566597e-05,7.851924727349615e-08,2.2791700573921418e-05
flow/0000/023,023,11,13.75,0.008071436890983507,0.008095556380318919,0.00048384363779941124,0.0004805693818777441,-1.2059744667705999e-05,1.6371279608335776e-06,-1.3696872628539576e-05,9.908583389799455e-06,-1.935746143578521e-05,-2.9640633550868933e-05,-9.149467073970175e-06,-8.98937309173263e-06,6.31911540913241e-06,-2.91510393522388e-06,1.2133873461158383e-05
flow/0000/024,024,0,0.0,0.00428299742569419,0.004274709654966952,0.0011163937453489026,0.0011033382640621484,4.143885363619079e-06,6.527740643377127e-06,-2.383855279758048e-06,2.9244932769727228e-06,5.653429222287048e-06,1.0582135154522422e-06,6.939405439765171e-06,1.247881507389012e-07,-4.892517104249523e-07,7.005765192577519e-06,1.946966094061749e-05
flow/0000/024,024,1,1.25,0.004333739804745627,0.004215250066403221,0.001099721622542168,0.0011201636375629677,5.924486917120329e-05,-1.0221007510399782e-05,6.946587668160307e-05,6.64439409904711e-05,5.676302398153273e-05,5.488222848879778e-05,5.889028322401133e-05,-6.739218604987374e-06,-5.58414255860154e-06,-1.69342255701624e-05,-1.1626443307848153e-05
flow/0000/024,024,2,2.5,0.004293741859465285,0.004203867322320297,0.0010977620586426168,0.0011235856052415065,4.4937268572493774e-05,-1.2911773299444877e-05,5.784904187193865e-05,5.29345087661834e-05,4.432752212424275e-05,4.079559420386595e-05,4.169144919568407e-05,-5.578012987144786e-06,-4.639948024803619e-06,-2.4612265930933444e-05,-1.6816866254897684e-05
flow/0000/024,024,3,3.75,0.004316592966849805,0.004180158470348318,0.0010958172967829609,0.0011277686928923118,6.82172482507435e-05,-1.5975698054675473e-05,8.419294630541898e-05,7.331157351834995e-05,6.534963989586408e-05,6.663085249848091e-05,6.757692709027799e-05,-9.056020866505914e-06,-5.842740770509931e-06,-2.414993241838816e-05,-2.485409816329828e-05
flow/0000/024,024,4,5.0,0.004301118718436952,0.004190927485878636,0.0011022746185823992,0.0011264283732631514,5.5095616279158145e-05,-1.20768773403761e-05,6.717249361953424e-05,6.03424961897951e-05,5.0041375161199216e-05,5.850838671661845e-05,5.149020704901938e-05,-4.136244570720083e-06,-4.439967836304348e-06,-1.5512284281535673e-05,-2.421901267294442e-05
flow/0000/024,024,5,6.25,0.004226191782281313,0.004215916820980943,0.0011144649224714386,0.0011249943233031573,5.137480650185128e-06,-5.2647004158593675e-06,1.0402181066044495e-05,-9.699529692592471e-06,8.997584766761444e-06,1.3251696492386483e-05,8.000171034184406e-06,-2.370317416180382e-06,1.0157602837315092e-06,-4.988238709525386e-06,-1.4716005821463116e-05
flow/0000/024,024,6,7.5,0.004216257437524979,0.004222601799250083,0.0011207204635179998,0.00112887131680548,-3.172180862552002e-06,-4.075426643740062e-06,9.0324578118806e-07,-2.0870557332538717e-05,3.3016454159778656e-07,7.5901234451421565e-06,2.615458955896807e-07,-6.187436298109349e-06,2.4123231830676454e-06,-1.4676845499448374e-06,-1.1058908909973857e-05
flow/0000/024,024,7,8.75,0.004185992904787223,0.004236836595009158,0.0011233965746905647,0.0011227530750678773,-2.5421845110967616e-05,3.217498113437236e-07,-2.574359492231134e-05,-3.696724504988723e-05,-2.2961796828430657e-05,-1.7643966175998494e-05,-2.4114372389554516e-05,-2.304343981397142e-06,3.3351906705886736e-06,3.1599492879632067e-06,-2.9037967317797897e-06
flow/0000/024,024,8,10.0,0.004192782574391861,0.004315702278282375,0.0011249621531717363,0.0011105579672485103,-6.145985194525678e-05,7.2020929616130065e-06,-6.866194490686979e-05,-6.600342388280974e-05,-5.7957271739179526e-05,-6.044016503205761e-05,-6.14385471269796e-05,7.445027263145213e-06,5.115345790706149e-06,1.5207183506629209e-05,1.0408152859715499e-06
flow/0000/024,024,9,11.25,0.004210470663993129,0.0043317930088133064,0.0011269802370405715,0.0010991943411837015,-6.066117241008886e-05,1.3892947928435015e-05,-7.455412033852387e-05,-6.00165911370837e-05,-5.887393134383916e-05,-6.272137958179217e-05,-6.103278757764062e-05,7.642298612624732e-06,4.227436488722281e-06,1.9943903005926024e-05,2.375815360646698e-05
flow/0000/024,024,10,12.5,0.0042215783441402425,0.004290844515492706,0.0011283306083433658,0.0010936985167961683,-3.4633085676231794e-05,1.7316045773598746e-05,-5.194913144983054e-05,-2.1848819675071834e-05,-3.8580468244819735e-05,-4.160098502885203e-05,-3.6502069756182056e-05,1.1515154050541665e-05,2.2673831410023203e-06,2.0956500283547046e-05,3.4525145619304035e-05
flow/0000/024,024,11,13.75,0.004208972051571528,0.004308932278487423,0.001127960433402428,0.0010974210274126586,-4.998011345794728e-05,1.5269702994884682e-05,-6.524981645283196e-05,-4.117688804399205e-05,-5.018009552951695e-05,-5.593272512158633e-05,-5.263074513669466e-05,1.2065385369488288e-05,2.6678138526528523e-06,1.967560474718205e-05,2.6670008010215552e-05
flow/0000/025,025,0,0.0,0.006233939906899583,0.006236936224583251,0.0026421875762829123,0.002635976381316279,-1.498158841833734e-06,3.10559748331672e-06,-4.603756325150454e-06,-4.507758556040846e-06,4.1243122908193874e-08,-1.5568614152006686e-06,3.074148099711034e-08,1.72329462580262e-05,-1.902502442116213e-05,4.760798934252551e-06,9.453669162150637e-06
flow/0000/025,025,1,1.25,0.0062326608543550824,0.006243571625517071,0.0026772877623185845,0.0026514662803016177,-5.4553855809943465e-06,1.2910741008483398e-05,-1.8366126589477744e-05,-8.05079945922181e-06,1.3011602630601943e-06,-1.49150004406331e-05,-1.56902687183482e-07,4.107617834031617e-05,-6.835879054274858e-07,1.3874948323019162e-06,9.862878766742718e-06
flow/0000/025,025,2,2.5,0.006208999338509349,0.006283955198767307,0.002645325741900426,0.0026866032273283645,-3.7477930128979216e-05,-2.0638742713969226e-05,-1.683918741500999e-05,-5.0383200161551595e-05,-4.2278916173291506e-05,-5.6658664346258356e-05,-5.90939834814783e-07,-3.0965194952656e-05,-3.1771696664934825e-05,-1.963065914772227e-05,-1.8742009056402307e-07
flow/0000/025,025,3,3.75,0.0062254883848601285,0.006293608588287809,0.0026622101539537143,0.002694457456314371,-3.4060101713840295e-05,-1.6123651180328458e-05,-1.7936450533511837e-05,-6.0217316406853405e-05,-3.3024512425105373e-05,-4.240213591416835e-05,-5.964421092327741e-07,-3.126132052946092e-05,-1.6437513738276534e-05,-1.691832332518606e-05,1.225528716085984e-07
flow/0000/025,025,4,5.0,0.006231668615270442,0.006288352388565851,0.0026382183203637983,0.0026585216948960856,-2.8341886647704345e-05,-1.0151687266143645e-05,-1.81901993815607e-05,-5.334595993286215e-05,-2.8425200820360666e-05,-3.1122633084220645e-05,-4.737527533746821e-07,-3.2217960402381503e-05,9.102921590390571e-06,-1.4038556419030497e-05,-3.4531538335531506e-06
flow/0000/025,025,5,6.25,0.006228334256376782,0.006292584801692015,0.002630550773601556,0.002646213413017696,-3.212527265761657e-05,-7.831319708070158e-06,-2.4293952949546414e-05,-6.891102583647928e-05,-3.095919075170057e-05,-2.8362438736945737e-05,-2.6843530534137916e-07,-3.299179607696391e-05,9.978937444729162e-06,-9.441282004514799e-06,1.1288618044695098e-06
flow/0000/025,025,6,7.5,0.0062649479666366205,0.006278607751891628,0.002672597453864665,0.002628274924352742,-6.829892627503893e-06,2.2161264755961654e-05,-2.8991157383465548e-05,-3.8703754936614265e-05,3.3472056259068253e-06,7.862509334855081e-06,1.7446946583732793e-07,4.722297627733282e-05,2.8486645621547853e-05,7.903152395865426e-06,5.032284729100081e-06
flow/0000/025,025,7,8.75,0.0062875674480703265,0.006237457773520106,0.0026910900999360257,0.00262136570390995,2.5054837275110403e-05,3.486219801303791e-05,-9.807360737927508e-06,2.8851451673348773e-05,3.247039867939564e-05,3.835922400964413e-05,5.382747380515776e-07,7.629496079637581e-05,4.926096281197942e-05,1.487439586612396e-05,-9.815274223279216e-07
flow/0000/025,025,8,10.0,0.006287063306303751,0.00622790123643666,0.0026757532226722148,0.0026590385159244233,2.9581034933545518e-05,8.357353373895753e-06,2.1223681559649765e-05,5.2038416086691054e-05,3.05548520828508e-05,3.5257731133557686e-05,4.7314043108404556e-07,1.399868773768742e-05,1.724957888483373e-05,8.627593993959363e-06,-6.446447120895442e-06
flow/0000/025,025,9,11.25,0.0062916545050664035,0.006224139765648293,0.002644525723400122,0.002669306655303758,3.375736970905518e-05,-1.2390465951818072e-05,4.6147835660873254e-05,7.56626492357318e-05,2.3367110931737586e-05,3.566553285952543e-05,3.3418580922361225e-07,-2.9168040665491796e-05,-1.5063299387849637e-05,5.847463195794559e-06,-1.1177986949726174e-05
flow/0000/025,025,10,12.5,0.006296156462099922,0.006207955564582493,0.002648236127678534,0.0026440293729906705,4.410044875871469e-05,2.103377343931753e-06,4.199707141478294e-05,9.00254532504377e-05,3.8291006407153647e-05,4.765017919795269e-05,4.351561793162974e-07,-9.466121023806503e-06,5.170950221080944e-06,1.4161498664816744e-05,-1.4528184863650952e-06
flow/0000/025,025,11,13.75,0.006255630541212145,0.006230607748049513,0.0026073116245425416,0.002656350199525518,1.251139658131617e-05,-2.451928749148827e-05,3.703068407280444e-05,4.151823484035543e-05,2.550397355021751e-06,5.903646437743423e-06,7.330769214312417e-08,-6.368523206513746e-05,-3.0094782395459225e-05,-1.1782104831389558e-06,-3.118925022218091e-06
flow/0000/026,026,0,0.0,0.0025698234673033065,0.002550509862651649,0.000735876159159378,0.0007463437429223506,9.656802325828636e-06,-5.233791881486323e-06,1.4890594207314959e-05,7.954462422975032e-06,1.1545560069526955e-05,5.174977419091778e-06,1.3952209391720344e-05,-1.7474230349035706e-05,-2.4624238005901934e-06,-5.564041324237953e-06,4.56552794791845e-06
flow/0000/026,026,1,1.25,0.002550997683486479,0.0025699662111651786,0.0007393088313410498,0.0007461119093566217,-9.484263839349815e-06,-3.4015390077859857e-06,-6.082724831563829e-06,-9.580644140802573e-06,-9.19142139600205e-06,-9.179302908146917e-06,-9.985686912448045e-06,-1.412566898819495e-05,2.866862758174008e-07,-4.052018282162318e-06,4.284844963396142e-06
flow/0000/026,026,2,2.5,0.002545678003927439,0.0025697670866444322,0.000752559089308323,0.0007346971594566346,-1.204454135849656e-05,8.93096492584418e-06,-2.097550628434074e-05,-1.6164522221339133e-05,-1.11963401965788e-05,-9.619605975501972e-06,-1.1197697040566876e-05,1.1486321717245514e-06,6.095662988043522e-06,1.9608992105899013e-06,2.6518665333018828e-05
flow/0000/026,026,3,3.75,0.002538178538550877,0.0025731677509772937,0.0007510338593009101,0.0007300334001278714,-1.749460621320838e-05,1.0500229586519322e-05,-2.7994835799727703e-05,-2.0567263979832874e-05,-1.83043541772945e-05,-1.2906470875954359e-05,-1.8200335819752115e-05,1.6293605603475477e-05,8.670724399583108e-06,3.6055605383951634e-06,1.3431027804623459e-05
flow/0000/026,026,4,5.0,0.0025469959735760243,0.0025785256931969178,0.0007501390670320164,0.0007188404556878689,-1.5764859810446724e-05,1.564930567207371e-05,-3.1414165482520435e-05,-1.8902123180262e-05,-1.78371303896942e-05,-9.843059147006785e-06,-1.6477126524823806e-05,2.970792214980673e-05,1.0810426199548133e-05,6.314935859429713e-06,1.576393847951016e-05
flow/0000/026,026,5,6.25,0.0025650699638651623,0.002574164623891271,0.0007496064654792083,0.000717714589252816,-4.547330013054355e-06,1.5945938113196185e-05,-2.049326812625054e-05,-9.018056518165759e-06,-4.568021216826623e-06,-2.6339197779351713e-06,-1.969322539290084e-06,2.779292601981986e-05,8.723940930645198e-06,7.660932019165585e-06,1.9605953483154098e-05
flow/0000/026,026,6,7.5,0.002564874559342742,0.002574668926049696,0.0007398586615728309,0.0007222837789109228,-4.897183353477167e-06,8.78744133095405e-06,-1.3684624684431217e-05,-4.886487608997511e-06,-5.2709367524075585e-06,-5.2406169388870185e-06,-4.190692113616905e-06,1.2857292153683315e-05,2.9482104224381675e-06,4.181715729388076e-06,1.5162547018306724e-05
flow/0000/026,026,7,8.75,0.0025652345711138164,0.002577970479090276,0.0007338587599678031,0.0007355844112917527,-6.367953988229737e-06,-8.628256619747912e-07,-5.5051283262549456e-06,-4.276722027300034e-07,-9.434628148593041e-06,-6.312703293646265e-06,-9.296812307949855e-06,-3.4481269236511392e-06,-3.2543319565544006e-06,1.9857464388283385e-06,1.2654097934779824e-06
flow/0000/026,026,8,10.0,0.0025742277492235913,0.0025655893389599483,0.0007228189437217297,0.0007431440938620062,4.3192051318214925e-06,-1.016257507013824e-05,1.4481780201959732e-05,8.990136256936134e-06,4.2008139495319004e-06,3.1633538629307484e-06,9.225164578864284e-07,-9.791284753094356e-06,-7.331910652169708e-06,-7.927807028241672e-07,-2.2734324172464537e-05
flow/0000/026,026,9,11.25,0.002575758680409491,0.0025471062097257575,0.000717942991854654,0.0007427258385785655,1.4326235341866706e-05,-1.2391423361955733e-05,2.671765870382244e-05,1.892209663251199e-05,1.4083261098505901e-05,1.2000680797127732e-05,1.229890283932153e-05,-1.3199991180210045e-05,-8.928675927126505e-06,-3.4799592377401543e-06,-2.3957067102746226e-05
flow/0000/026,026,10,12.5,0.0025781235526120177,0.0025435286322343788,0.0007185711783125348,0.0007524710287483464,1.7297460188819445e-05,-1.6949925217905806e-05,3.424738540672525e-05,2.163680370098793e-05,1.6826976509829762e-05,1.5141060080149172e-05,1.55850004643107e-05,-1.397301605010517e-05,-9.31154472847128e-06,-5.783740724258089e-06,-3.8731399368788764e-05
flow/0000/026,026,11,13.75,0.0025834720635032776,0.0025371959382381056,0.000730127473662635,0.0007502578837272637,2.3138062632585988e-05,-1.0065205032314388e-05,3.3203267664900376e-05,2.0395769105853532e-05,2.6878070353624764e-05,1.8521306029392875e-05,2.675710504147365e-05,-1.3012962509100163e-05,-5.449247379600997e-06,-5.6616276226031795e-06,-1.6136982617953404e-05
flow/0000/027,027,0,0.0,0.012938362014839676,0.012992665380710637,0.003670399143187317,0.003654952751821018,-2.71516829354803e-05,7.723195683149433e-06,-3.4874878618629734e-05,-7.021327063197989e-06,-1.968547221319842e-05,-6.196692220391403e-05,-1.993301026161423e-05,1.4239712892779623e-05,1.1974864435302084e-05,-1.4821056053093955e-05,1.949926145760998e-05
flow/0000/027,027,1,1.25,0.012979535812569522,0.012965569686420372,0.003697693018296537,0.0036430328625933453,6.983063074575413e-06,2.7330077851595936e-05,-2.0347014777020523e-05,1.4372602274354863e-05,-1.210557427980697e-05,1.5904910245010187e-05,9.760314058744439e-06,2.8880888011032554e-05,1.2279951690904274e-05,4.469475187384277e-05,2.3464719830604145e-05
flow/0000/027,027,2,2.5,0.013052227480570177,0.012933705072063983,0.003737813207924927,0.0036236103969487644,5.9261204253096764e-05,5.71014054880812e-05,2.1597987650155605e-06,4.471437072306461e-05,1.0009522061539891e-05,9.607182959050879e-05,8.624909463727376e-05,4.524670306518255e-05,6.246448052118743e-06,0.00013427181291618623,4.264065791883772e-05
flow/0000/027,027,3,3.75,0.013064009880039315,0.012960613996885851,0.0037059134219912006,0.0036476949168784264,5.1697941576732236e-05,2.910925255638708e-05,2.2588689020345155e-05,3.202026761582599e-05,2.9573172147436683e-06,9.890657128835967e-05,7.290761018799701e-05,2.466751806355313e-05,-5.540767603069274e-07,8.68548452143715e-05,5.468723707930615e-06
flow/0000/027,027,4,5.0,0.013011593341145372,0.012912259782821421,0.0036723689063532013,0.0036353406113429805,4.9666779161975684e-05,1.8514147505110413e-05,3.115263165686527e-05,3.158066369432933e-05,3.4149833044233233e-06,0.00010627385773973909,5.7397611909410125e-05,1.847320554349127e-05,-4.723277008033145e-06,7.127508112455714e-05,-1.096841963957448e-05
flow/0000/027,027,5,6.25,0.01299260834013351,0.012933725759325016,0.003657569391038661,0.003625643198781395,2.94412904042465e-05,1.5963096128632963e-05,1.3478194275613536e-05,9.098839745874318e-07,-5.100616712466755e-07,6.370623641222505e-05,5.36591029014228e-05,1.589761555760615e-05,-6.532549464666757e-06,6.717429853182744e-05,-1.268698011023476e-05
flow/0000/027,027,6,7.5,0.01295385670837857,0.012894719647341788,0.0036404232512598704,0.003624412532705395,2.9568530518391152e-05,8.005359277237683e-06,2.156317124115347e-05,7.083906886397318e-07,4.653433394642952e-05,4.721642852904308e-05,2.3814968909453144e-05,1.3463029973131632e-05,4.9449680509610055e-06,3.145368214334775e-05,-1.784024305848922e-05
flow/0000/027,027,7,8.75,0.01298134692349754,0.012925049051982784,0.0036549549292460683,0.003648511980790016,2.8148935757378243e-05,3.221474228026072e-06,2.492746152935217e-05,1.7365543352602583e-05,7.210438099047867e-05,2.675285923259968e-05,-3.6270405461662214e-06,8.516543303925149e-06,1.1916313400151153e-05,5.296325166448141e-06,-1.2843284958420588e-05
flow/0000/027,027,8,10.0,0.012919663780642708,0.012941771712323363,0.00364016286598485,0.0036786705689276847,-1.1053965840327439e-05,-1.9253851471417354e-05,8.199885631089915e-06,-1.3338175541546468e-05,3.271705300473583e-05,-3.1678700734357954e-05,-3.191604009014377e-05,-2.2397178448685254e-05,1.0959824199409732e-06,-4.452734610166549e-05,-1.1186863755259426e-05
flow/0000/027,027,9,11.25,0.01290102744959075,0.013015503555051235,0.003618752381516124,0.0037064329704317666,-5.72380527302423e-05,-4.384029445782126e-05,-1.3397758272421043e-05,-3.4996136298323134e-05,-1.6664451953081298e-05,-9.75480985836788e-05,-7.97435240858799e-05,-4.520185324705735e-05,-5.5336229217444084e-06,-0.00011160569155285825,-1.3020010109623947e-05
flow/0000/027,027,10,12.5,0.012884736286564091,0.01306154445099842,0.003610071812870176,0.003740977516054865,-8.840408221716476e-05,-6.545285159234452e-05,-2.2951230624820244e-05,-4.859726308314126e-05,-5.1470939231450935e-05,-0.0001412064941463051,-0.00011234163240776349,-6.084394232394553e-05,-1.141007805132376e-05,-0.00016719513082806038,-2.2362255166047743e-05
flow/0000/027,027,11,13.75,0.012917907997283144,0.013044805751468254,0.0036392218231508567,0.003698905795118787,-6.344887709255464e-05,-2.9841985983965116e-05,-3.360689110858952e-05,-3.615504223724187e-05,-4.9387194712267705e-05,-0.00010891541284502489,-5.933785857568149e-05,-2.7876128164867854e-05,-6.692465814137462e-06,-9.150223885980935e-05,6.7028889029535545e-06
flow/0000/028,028,0,0.0,0.010971981852181744,0.0109570201048674,0.0035852733987659893,0.003549315695667404,7.480873657171594e-06,1.797885154929276e-05,-1.0497977892121165e-05,7.997651393274428e-06,1.363956270805395e-05,9.183817410770428e-07,7.3678987862826895e-06,1.4508198043225798e-06,-1.586491709967613e-05,0.00012046787583856267,-3.413837234603808e-05
flow/0000/028,028,1,1.25,0.010953900031115977,0.010965792031882316,0.0035435749372659106,0.003608492924779269,-5.9460003831697875e-06,-3.2458993756679126e-05,2.651299337350934e-05,-3.2738353827795226e-05,1.70213495456744e-05,3.1263575792370504e-06,-1.1193354829794507e-05,-1.264457113596385e-05,-3.4766549838692465e-05,-3.877332760295537e-05,-4.36515264491046e-05
flow/0000/028,028,2,2.5,0.010924009736013323,0.010995820523913482,0.00349291232892704,0.0036831813486328624,-3.5905393950079294e-05,-9.513450985291117e-05,5.922911590283187e-05,-0.00013353751134159795,1.5395473712737952e-05,-2.0839789518492177e-06,-2.339555921960449e-05,-4.890504209124555e-05,-5.993228705814262e-05,-0.00022110713333532445,-5.0593576926932695e-05
flow/0000/028,028,3,3.75,0.010926987028641094,0.01100315442209761,0.0034951197659790767,0.0036938652039964857,-3.808369672825794e-05,-9.937271900870449e-05,6.128902228044655e-05,-0.0001283300803017126,6.4462629836645885e-06,-6.2042777745421884e-06,-2.4246691820443284e-05,-4.097709221221354e-05,-9.190276457131147e-05,-0.00023390239141523033,-3.070862783606369e-05
flow/0000/028,028,4,5.0,0.010942185767680648,0.011008581776083493,0.003498726793363874,0.0036907023553076172,-3.3198004201422104e-05,-9.598778097187166e-05,6.278977677044956e-05,-0.00010005202265159219,-6.761898554029019e-07,-8.614556076465794e-06,-2.3449248222223197e-05,-4.635340354350683e-05,-6.349533176066755e-05,-0.0002552287803047975,-1.8873608278514344e-05
flow/0000/028,028,5,6.25,0.01094419819086657,0.011014045882713437,0.003580110148508645,0.0036866209651732957,-3.4923845923433804e-05,-5.32554083323253e-05,1.8331562408891496e-05,-0.00011465744907876007,-1.2584747688462739e-06,-1.1720634310489336e-05,-1.2058825535639535e-05,-3.3155407958280645e-05,-2.372936245000827e-05,-0.00015538083490719903,-7.560280138130347e-07
flow/0000/028,028,6,7.5,0.010973527094671698,0.01099553157376813,0.003662400884502376,0.0036623967476455774,-1.1002239548215872e-05,2.0684283992631475e-09,-1.1004307976615136e-05,-3.906767414921502e-05,-4.219600338885125e-06,-6.504266774464557e-07,-7.125702731862471e-08,5.711791344035263e-06,1.0431998771617042e-05,-4.0684479985311946e-05,2.454896358325626e-05
flow/0000/028,028,7,8.75,0.01099497041282833,0.010968478408032901,0.0036810989968093085,0.0036006929363453736,1.3246002397714583e-05,4.020303023196748e-05,-2.6957027834252894e-05,5.3584184135915466e-05,-1.515528049427211e-05,6.423886397152918e-06,8.131219552062925e-06,3.733194460856307e-05,3.870333702197821e-05,3.6045372666631235e-05,4.873146663069675e-05
flow/0000/028,028,8,10.0,0.011005530456307607,0.010960847075324544,0.0036903870759545437,0.003532777743982384,2.2341690491531514e-05,7.88046659860799e-05,-5.646297549454838e-05,8.40083126788611e-05,-1.4892952638095001e-05,7.332808581472262e-06,1.291859334388943e-05,4.4386890467914024e-05,8.438801788766478e-05,0.00013294596119748942,5.3497794391251354e-05
flow/0000/028,028,9,11.25,0.011026692337841565,0.010935729784482325,0.0036938635052100634,0.003527932140323758,4.548127667962018e-05,8.296568244315272e-05,-3.748440576353254e-05,0.00015097616212771895,-9.894379501486535e-06,1.2813030329811986e-05,2.8030293762435453e-05,4.6175228528325465e-05,4.5774564524724655e-05,0.00019791776563597013,4.1995171083591704e-05
flow/0000/028,028,10,12.5,0.011014213612853558,0.01091284052010234,0.0036856948911901674,0.0034915022395030143,5.0686546375609126e-05,9.709632584357659e-05,-4.640977946796746e-05,0.0001802034438238972,-8.789199201297317e-06,4.487894768920482e-06,2.6844046110914392e-05,4.144188932578546e-05,5.269291799843813e-05,0.0002663540063006769,2.7896489749406304e-05
flow/0000/028,028,11,13.75,0.010981285249887788,0.010927512843371108,0.0036304551769860854,0.0035086229534058494,2.6886203258340118e-05,6.091611179011801e-05,-3.4029908531777895e-05,8.251781875058366e-05,5.888309308434668e-06,1.7147308394964422e-06,1.74239541348405e-05,8.127372271025338e-06,4.684722188825737e-05,0.00020240622231266613,-1.3716369311476788e-05
flow/0000/029,029,0,0.0,0.009896390186745792,0.009895080960773513,0.0014378085894386505,0.0014414928371153624,6.546129861393843e-07,-1.8421238383559656e-06,2.49673682449535e-06,-2.111822373012523e-06,5.4298553798515226e-06,-2.288565243025592e-06,1.5889841807432623e-06,-1.2089083890355883e-06,1.8652397326516276e-06,-8.512096173728285e-06,4.872694766877334e-07
flow/0000/029,029,1,1.25,0.009907554462773234,0.00988061372746682,0.001427712171681984,0.0014530407019685459,1.3470367653207159e-05,-1.2664265143280933e-05,2.6134632796488092e-05,4.649144491114185e-07,1.9152108458423377e-05,2.4083257317398556e-05,1.018119038789355e-05,-9.335141123385728e-06,-6.807337139365529e-06,-2.6432298821844284e-05,-8.082283488528084e-06
flow/0000/029,029,2,2.5,0.009896966697790778,0.009890110842285083,0.0014341043040372134,0.0014570022020231365,3.427927752847927e-06,-1.1448948992961528e-05,1.4876876745809455e-05,-1.9531943416319607e-05,1.1190999753277892e-05,2.005580280980187e-05,1.99685186462982e-06,-8.792984295988879e-06,-6.219047344172354e-06,-1.708014902954873e-05,-1.3703615302136039e-05
flow/0000/029,029,3,3.75,0.00989536996344357,0.00989524443894107,0.0014370580018404629,0.001458055442148179,6.276225125029233e-08,-1.0498720153858049e-05,1.0561482405108341e-05,-2.4849589842715868e-05,1.1461326555530817e-05,1.3935084195513918e-05,-2.957719033276976e-07,-8.040028567861466e-06,-5.165476573171479e-06,-1.318212211251198e-05,-1.560725336188757e-05
flow/0000/029,029,4,5.0,0.009893696733256241,0.009895399976612531,0.0014399456428056926,0.0014616007923457118,-8.516216781452243e-07,-1.0827574770009619e-05,9.975953091864395e-06,-1.1433466860279531e-05,1.8747223446387642e-06,1.1156870400257958e-05,-5.0046125971989555e-06,-6.202034974846986e-06,-7.47326194736018e-06,-1.3563349716700333e-05,-1.6071652441131357e-05
flow/0000/029,029,5,6.25,0.009878027728599536,0.009904179331915015,0.0014482929724197063,0.0014543424365102559,-1.3075801657739736e-05,-3.0247320452747844e-06,-1.0051069612464951e-05,-2.417385683672023e-05,-8.892730689265098e-06,-9.894853101235362e-06,-9.341766003739989e-06,1.133933097383381e-07,-5.979071809731696e-06,1.4190618581708288e-06,-7.652311539277097e-06
flow/0000/029,029,6,7.5,0.009888279804600084,0.00990105426318717,0.001451864496333209,0.0014487499090723318,-6.387229293542546e-06,1.5572936304386609e-06,-7.944522923981207e-06,-1.0835609217781962e-05,-5.1779172508762544e-06,-6.801405322312895e-06,-2.733985383201673e-06,2.6269097919391984e-06,-5.061696840135722e-06,6.3829731561720546e-06,2.280988413779194e-06
flow/0000/029,029,7,8.75,0.009894794607702189,0.009896866537678415,0.001455174522969579,0.001441115632022253,-1.0359649881127794e-06,7.029445473662925e-06,-8.065410461775705e-06,8.042408585733594e-06,-7.273985316202242e-06,-5.260515356941137e-06,3.4823213495953353e-07,4.531950212826393e-06,-2.1145986214350014e-06,1.5667504915159187e-05,1.0032925388101476e-05
flow/0000/029,029,8,10.0,0.009894610906126495,0.009896152719850325,0.0014609442519491814,0.0014354934315295388,-7.709068619151868e-07,1.2725410209821295e-05,-1.3496317071736482e-05,1.2057613181473692e-05,-7.625942474257311e-06,-9.810056020741718e-06,2.29475786586459e-06,7.428213798864542e-06,5.840030403588784e-06,2.212634432596501e-05,1.5507052310866738e-05
flow/0000/029,029,9,11.25,0.009899401541139913,0.00990112342280539,0.0014602704474932751,0.001430430174693684,-8.609408327382023e-07,1.4920136399795619e-05,-1.578107723253382e-05,2.4366393509668918e-05,-1.1163602750398002e-05,-1.4673132447970763e-05,-1.9734216422538295e-06,8.883013168517711e-06,1.2757858605286383e-05,2.1947143746645905e-05,1.6092530078732476e-05
flow/0000/029,029,10,12.5,0.009899740642152008,0.009892439357166629,0.0014551742844704865,0.001434828938199689,3.650642492689267e-06,1.017267313539879e-05,-6.5220306427095235e-06,3.2269042284384895e-05,-6.136848942277055e-06,-1.3112579305159418e-05,1.582955933807778e-06,6.369105542147497e-06,1.1099192189705323e-05,1.1551976343987915e-05,1.1670418465754563e-05
flow/0000/029,029,11,13.75,0.009896534013753996,0.00989412493782288,0.0014446176071664012,0.0014381947886250343,1.2045379655578267e-06,3.2114092706834584e-06,-2.0068713051256317e-06,1.6106140629718046e-05,-3.943821529075846e-06,-8.160667524276417e-06,8.165002858646561e-07,3.437942948134845e-06,6.8628375076458656e-06,-2.353284252069876e-06,4.89814087902308e-06
flow/0000/030,030,0,0.0,0.006600371293018632,0.006616000632159495,0.0006439047452700742,0.0006393569633544457,-7.814669570431736e-06,2.2738909578142634e-06,-1.0088560528246e-05,-2.429354281956392e-06,-8.813870344803049e-06,-1.764582995139336e-05,-2.3696237035747934e-06,-1.699310900506591e-06,-3.7639727582430734e-08,2.5534691492833876e-06,8.279045310062593e-06
flow/0000/030,030,1,1.25,0.006622964083630028,0.006590772891706489,0.0006514978518247617,0.0006319929358297808,1.6095595961769342e-05,9.752457997490435e-06,6.343137964278907e-06,-3.745457638331404e-07,3.126687144191457e-05,2.278308132237089e-05,1.0706976846625374e-05,8.725803732683444e-06,6.914067861203135e-08,7.696564726844053e-06,2.2518322851822117e-05
flow/0000/030,030,2,2.5,0.006633401441608391,0.006695499254481259,0.0006580028692208717,0.0006416297169352977,-3.1048906436433824e-05,8.186576142786995e-06,-3.923548257922082e-05,-1.647454442571972e-05,-1.1802803474412864e-05,-5.681712090602198e-05,-3.910115693958084e-05,9.695801559555432e-06,2.87218850329828e-06,3.571603925131431e-06,1.6606710583162796e-05
flow/0000/030,030,3,3.75,0.00662998437772724,0.006690923821174762,0.0006503538753910565,0.0006372066708575045,-3.0469721723761032e-05,6.573602266776008e-06,-3.704332399053704e-05,-1.670604315941594e-05,-1.162978175939678e-05,-5.339371646275164e-05,-4.014934551347911e-05,8.402064467494946e-06,7.483080342548676e-07,3.351422488378147e-06,1.3792614076976219e-05
flow/0000/030,030,4,5.0,0.00662052308120395,0.0066824668900075275,0.0006449372048579229,0.0006351868714547137,-3.0971904401788566e-05,4.875166701604611e-06,-3.584707110339318e-05,-1.3888432561476641e-05,-2.1395429738910697e-05,-4.797680083863838e-05,-4.0626954468129736e-05,4.746898944069599e-06,2.383817315654752e-07,2.765628258470372e-06,1.174975787231311e-05
flow/0000/030,030,5,6.25,0.0065992984999877526,0.0067031394235997094,0.0006386355814044305,0.0006416326508016212,-5.1920461805978445e-05,-1.4985346985953553e-06,-5.042192710738309e-05,-1.8747426399440444e-05,-5.197357638233972e-05,-8.348497570506534e-05,-5.347586873706914e-05,-3.189808644246629e-06,2.861921763231332e-07,-8.605968960510206e-07,-2.2299254304067534e-06
flow/0000/030,030,6,7.5,0.006656978573038497,0.006664996976942297,0.0006359610453194256,0.0006398217318478215,-4.009201951900212e-06,-1.930343264197967e-06,-2.078858687702245e-06,-3.978716996343233e-06,-3.354730286045729e-06,-4.6156754332305275e-06,-4.08768509198125e-06,-1.2792317660450213e-06,7.786047873775354e-08,8.595637221796401e-07,-7.379565491664303e-06
flow/0000/030,030,7,8.75,0.006691079622028162,0.006605476778832212,0.0006380405395836668,0.0006459404811779614,4.280142159797471e-05,-3.9499707971473136e-06,4.6751392395122024e-05,1.320516658399819e-05,3.582768571070826e-05,7.50331132221933e-05,4.713972087500018e-05,-7.777902611411764e-07,-1.075489971477109e-07,-1.9602770728204856e-06,-1.2954266857479716e-05
flow/0000/030,030,8,10.0,0.0066846021558671555,0.006607858869036428,0.0006347047897422381,0.0006481053600842933,3.8371643415363674e-05,-6.70028517102758e-06,4.5071928586391254e-05,1.702657780460208e-05,2.949918024810344e-05,6.478188233902202e-05,4.217893326972791e-05,-3.4023633056779736e-06,-1.429528057288305e-07,-5.94012759675639e-06,-1.7315696975947286e-05
flow/0000/030,030,9,11.25,0.00669775778970561,0.006627800603780747,0.0006393010058369408,0.0006543036285563807,3.4978592962431505e-05,-7.501311359719943e-06,4.247990432215145e-05,1.8690909352186025e-05,1.874869629926723e-05,6.0431064195651946e-05,4.2043702002620385e-05,-5.799323940260863e-06,-6.817277058969774e-07,-5.853646775531949e-06,-1.7670547017190237e-05
flow/0000/030,030,10,12.5,0.006703067308667357,0.0066333745730389,0.0006423785251219996,0.0006569991917262264,3.484636781422856e-05,-7.310333302113403e-06,4.2156701116341966e-05,1.9867079586453223e-05,1.5112776606345489e-05,6.22172262222517e-05,4.2188388841864384e-05,-8.445268810272047e-06,-3.0122936352660817e-06,-4.396956217725216e-06,-1.33868145451903e-05
flow/0000/030,030,11,13.75,0.006598165068565028,0.006623441232877364,0.0006391814506994627,0.0006446940769952462,-1.2638082156167865e-05,-2.7563131478917577e-06,-9.881769008276108e-06,3.6997661543830117e-06,-2.5720658535124778e-05,-2.1981165825741937e-05,-6.550270418187974e-06,-7.163981609632092e-06,-2.885051782052539e-07,-1.4257208206341866e-06,-2.1470449830956768e-06
flow/0000/031,031,0,0.0,0.017829106668743048,0.017809637049564134,0.0036124728490587706,0.0036015971127182217,9.734809589457064e-06,5.437868170274449e-06,4.296941419182614e-06,1.3521809457708173e-05,1.800869092288479e-05,-3.223035997991855e-05,3.9639097957159045e-05,-5.920293925643072e-08,2.937749459066668e-06,8.055563414166751e-06,1.081736274712074e-05
flow/0000/031,031,1,1.25,0.017836003287444814,0.017783981814139524,0.0036092818890298174,0.003602030867749356,2.6010736652645056e-05,3.6255106402307766e-06,2.238522601241428e-05,1.4973643157389915e-05,3.800375520118457e-05,2.6018630271511245e-05,2.504691798048929e-05,-1.840046977264746e-07,-1.1706712459261034e-05,2.714308324065079e-06,2.367845139384598e-05
flow/0000/031,031,2,2.5,0.01782733724712081,0.01776349921300066,0.0036162872027262587,0.0035891328667387945,3.1919017060073884e-05,1.3577167993732066e-05,1.8341849066341818e-05,-7.936717807826253e-05,4.1436163247428326e-05,9.358393573656587e-05,7.202314733457168e-05,8.861122730194113e-07,-1.217680888139474e-05,3.805932922813695e-05,2.7540039355166204e-05
flow/0000/031,031,3,3.75,0.017805941557256545,0.017776271255152677,0.0036093723726868254,0.003588976899014755,1.483515105193435e-05,1.0197736836035313e-05,4.637414215899038e-06,-9.245824919456094e-05,2.5915644834291485e-05,9.02087902116596e-05,3.567441835634552e-05,5.323851013884826e-07,-1.4142331046521238e-05,3.574989436610533e-05,1.8650998923168405e-05
flow/0000/031,031,4,5.0,0.017811970367134205,0.017781642910277784,0.003605888984340316,0.0035900490134552973,1.516372842821044e-05,7.91998544250939e-06,7.243742985701051e-06,-7.911517151845335e-05,1.867358074181258e-05,9.367943109689879e-05,2.7417073392580274e-05,5.361264313387222e-07,-1.1089825364506546e-05,3.465914203631612e-05,7.574498666890108e-06
flow/0000/031,031,5,6.25,0.017792750825347724,0.017797200064235713,0.0036059837165561496,0.0035904262123334554,-2.2246194439946854e-06,7.778752111347112e-06,-1.0003371555341797e-05,-0.00010566910415249833,7.714884873640318e-06,4.871336818729893e-05,4.034237331558468e-05,7.26606467701897e-07,7.30719620656753e-07,2.8483113583987855e-05,1.1745687730421728e-06
flow/0000/031,031,6,7.5,0.01777545116738653,0.017810252667744744,0.0035938797048913253,0.0035974411858925998,-1.7400750179107083e-05,-1.7807405006372082e-06,-1.5620009678469875e-05,-4.326894433863068e-05,-9.64461082409232e-06,-5.721395950565936e-06,-1.0968049603141128e-05,2.487625285075418e-08,4.665071993169046e-06,-6.8684994345138625e-06,-4.944410814056166e-06
flow/0000/031,031,7,8.75,0.017771563310239942,0.017842944056874217,0.0035885375628253178,0.003611488512358843,-3.56903733171373e-05,-1.147547476676252e-05,-2.421489855037478e-05,2.628767021851594e-05,-4.321011157910372e-05,-5.448142260566259e-05,-7.13576293022971e-05,-6.977941277742075e-07,2.987614433816506e-06,-3.5527715904972064e-05,-1.2664003468120227e-05
flow/0000/031,031,8,10.0,0.017779062071478894,0.01782736993020128,0.0035886315124051046,0.003615633686329423,-2.4153929361192886e-05,-1.3501086962159226e-05,-1.065284239903366e-05,6.635988859124593e-05,-3.5858707083969224e-05,-6.2147189398001e-05,-6.496970955404639e-05,-4.82108034715444e-07,8.304638127615345e-06,-4.313132500862859e-05,-1.869555293290909e-05
flow/0000/031,031,9,11.25,0.017787183116592945,0.017832278763703868,0.003589828804128001,0.0036122097619010795,-2.254782355546117e-05,-1.1190478886539262e-05,-1.135734466892191e-05,8.98640226494312e-05,-4.418284713643417e-05,-7.203592837985544e-05,-6.383654135498629e-05,-5.312177819681342e-07,1.0858316629805867e-05,-3.116370012277384e-05,-2.3925314271221187e-05
flow/0000/031,031,10,12.5,0.017793665000299646,0.017818407492676384,0.0035920872042428786,0.0036148349015206723,-1.2371246188368906e-05,-1.1373848638896854e-05,-9.973975494720518e-07,0.0001260016934824925,-3.032494367367737e-05,-8.551856842363079e-05,-5.964316613865303e-05,-9.111955267829853e-07,7.35464071719238e-06,-3.105049679221535e-05,-2.0888342953780982e-05
flow/0000/031,031,11,13.75,0.01783327744433803,0.017795764486344047,0.0036066672820267093,0.0036052318185717793,1.8756478996991358e-05,7.177317274649833e-07,1.8038747269526374e-05,6.532412311049257e-05,1.4600183378165113e-05,-3.7841681029998284e-05,3.29432905293069e-05,1.6334374077119348e-07,1.1329851710183486e-05,-1.3635309423411929e-06,-7.258737598753347e-06
flow/0000/032,032,0,0.0,0.026285815612611913,0.026760700049237883,0.0016811306869322891,0.0016674109681069607,-0.0002374422183129849,6.859859412664199e-06,-0.0002443020777256491,-0.0003136053317111531,-0.00026466646767770406,-0.000150093136112436,-0.00022140393775064993,7.905258798965981e-06,5.292524221959085e-06,4.231117571345828e-06,1.0010537058385794e-05
flow/0000/032,032,1,1.25,0.02666222093731485,0.026154160332522422,0.0016931049712481496,0.0016454689464862565,0.00025403030239621455,2.3818012380946523e-05,0.00023021229001526802,0.0001784642619673711,0.00025290143630892284,0.0002655602494918644,0.000319195261816705,1.8078072068057724e-05,1.2917764050222273e-05,1.107641410302005e-05,5.319979930248561e-05
flow/0000/032,032,2,2.5,0.02639746505679271,0.026230116169279682,0.0016591878328732484,0.0016548712027551764,8.367444375651477e-05,2.1583150590359776e-06,8.151612869747879e-05,9.737846566862732e-05,8.39751098826811e-05,-3.2454321675012485e-05,0.00018579852114975794,8.065768145541557e-06,-1.6171308495904974e-05,-6.323384556850909e-06,2.3062185143358453e-05
flow/0000/032,032,3,3.75,0.026765863596811768,0.02611719394127235,0.0016680627776438544,0.0016513551500042382,0.00032433482776970946,8.353813819808099e-06,0.00031598101394990136,0.00041188182730367284,0.0003402713104958509,0.00017387880795168877,0.0003713073653276184,1.3363532392085672e-05,-1.5429717836702586e-05,-2.771999977394229e-07,3.5758640721589166e-05
flow/0000/032,032,4,5.0,0.026786103325924383,0.02596417169345623,0.0016683071881852156,0.0016498046228463291,0.0004109658162340761,9.251282669443242e-06,0.00040171453356463286,0.000496103069725631,0.00047835407251603165,0.00021024140504791872,0.0004591647176467265,1.451402024886517e-05,-8.342056322052215e-06,4.132490814280285e-06,2.670067593668027e-05
flow/0000/032,032,5,6.25,0.026229740472816593,0.026215649472069044,0.0016519547131574705,0.0016486279856137529,7.045500373774327e-06,1.6633637718588279e-06,5.382136601915499e-06,0.00017808770868105867,1.3996782000905497e-05,-0.00016704609710594016,3.143607919075045e-06,3.545348446397259e-06,-7.382984145256396e-07,-1.3069515905768077e-06,5.153356646140066e-06
flow/0000/032,032,6,7.5,0.02634118326985498,0.026139352141508775,0.0016624167544545846,0.0016491630450600936,0.00010091556417310237,6.6268546972455145e-06,9.428870947585685e-05,0.000248285649207404,8.139907332052089e-05,2.2747272486059802e-05,5.123026167842305e-05,2.6421250075357554e-07,2.30807723508484e-05,3.269333963415704e-06,-1.0690002603627215e-07
flow/0000/032,032,7,8.75,0.02628491940541934,0.02612577718198196,0.001659338504909424,0.0016662885806143393,7.957111171869036e-05,-3.475037852457676e-06,8.304614957114803e-05,0.000162634319637419,6.588472030157923e-05,8.26166750896775e-05,7.148731846087428e-06,-8.0121789093196e-06,1.4327187656235129e-05,3.682518555097377e-06,-2.3897678711843392e-05
flow/0000/032,032,8,10.0,0.026048240417694667,0.02642738863327844,0.0016488417119202917,0.0016816258161492848,-0.00018957410779188617,-1.6392052114496585e-05,-0.0001731820556773896,-0.00018117161372084925,-0.0002352751556386045,-7.838649208942623e-05,-0.0002634631697186647,-1.9307850572088765e-05,-2.4885851463611955e-07,-8.543488036658357e-06,-3.74680113346031e-05
flow/0000/032,032,9,11.25,0.02616176263657857,0.026639857798706267,0.0016388809356169863,0.0016884590481119933,-0.000239047581063849,-2.4789056247503504e-05,-0.0002142585248163455,-0.00032821557253350994,-0.0002396999198256214,-8.839479571365848e-05,-0.0002998800361826079,-2.1007066944181397e-05,-1.3994720480927769e-05,-9.754871337719806e-06,-5.439956622718483e-05
flow/0000/032,032,10,12.5,0.026034720559428796,0.026471744528513058,0.0016420192944820822,0.0016583363816520705,-0.0002185119845421312,-8.158543584994155e-06,-0.00021035344095713705,-0.00041295994607920376,-0.00019525982008086924,-7.199783242423444e-06,-0.0002586283887660284,-7.983845288929274e-06,-2.7101678740175904e-06,2.3892491610585324e-06,-2.4329410338088178e-05
flow/0000/032,032,11,13.75,0.026027486002332328,0.02682166003396711,0.001659195849992314,0.0016718999248640839,-0.00039708701581739163,-6.3520374358849545e-06,-0.0003907349783815067,-0.0005656669303211632,-0.00040226716279528896,-0.00024664117412153373,-0.0003737727960315875,-6.353626296747169e-06,-6.418536971451033e-09,-2.9917520110004942e-06,-1.6056352898820596e-05
flow/0000/033,033,0,0.0,0.008156555117512801,0.008132084032190115,0.0013810843747843616,0.0013642001698621453,1.2235542661343142e-05,8.442102461108172e-06,3.7934402002349696e-06,2.542306909216049e-05,3.895498185719527e-05,-1.5514438840408783e-05,7.855853642756605e-08,-2.7019192215330112e-06,2.8990749016789136e-05,5.836301465775794e-06,1.6432785834011234e-06
flow/0000/033,033,1,1.25,0.008123897817490846,0.008192275877017043,0.0013723332877891943,0.0013782217223902377,-3.418902976309868e-05,-2.9442173005217107e-06,-3.1244812462576967e-05,-2.5626567766621425e-05,-4.9758089277453926e-05,-6.112690066241867e-05,-2.445613459027508e-07,-2.091566151289875e-06,-6.80019727525359e-06,-3.8062623700698133e-06,9.211565945271675e-07
flow/0000/033,033,2,2.5,0.008130766166383134,0.008238992576236635,0.001371731745459424,0.0013842698788208297,-5.4113204926750647e-05,-6.2690666807028875e-06,-4.784413824604776e-05,-5.581056297798443e-05,-9.625906469597559e-05,-6.411634299759508e-05,-2.6684903544903994e-07,4.5436186836414006e-06,-2.2496416954204774e-05,-7.631991545562584e-06,5.085230933141638e-07
flow/0000/033,033,3,3.75,0.008126594057647063,0.008266413583435368,0.0013639353414993366,0.0013899493959074797,-6.990976289415231e-05,-1.3007027204071562e-05,-5.6902735690080746e-05,-7.47925740929951e-05,-0.00012650447581144184,-7.794510362878204e-05,-3.9689804338947015e-07,2.451621558100881e-06,-4.534565468152581e-05,-9.880091635905495e-06,7.460159430442846e-07
flow/0000/033,033,4,5.0,0.008136743057902853,0.008295107405429838,0.001364551905465284,0.00139349932770547,-7.918217376349287e-05,-1.4473711120093023e-05,-6.470846264339985e-05,-8.370951824989781e-05,-0.00015499008853045275,-7.758428296716826e-05,-4.44805306448016e-07,1.6670195088280479e-06,-5.083975291150225e-05,-9.023709850445227e-06,3.0159877274758026e-07
flow/0000/033,033,5,6.25,0.008174657005675837,0.008256754225230431,0.0013748388559105353,0.0013875144779371524,-4.104860977729736e-05,-6.337811013308516e-06,-3.471079876398884e-05,-6.46352484726929e-05,-7.078963010242589e-05,-2.8633861258410206e-05,-1.3569927565796868e-07,3.6069415186824275e-06,-2.495845131101227e-05,-4.549073210391701e-06,5.493389494877238e-07
flow/0000/033,033,6,7.5,0.008204514859051151,0.008211961365353097,0.0013796070971668953,0.00138315784958327,-3.7232531509730216e-06,-1.7753762081872994e-06,-1.947876942785722e-06,-2.435098659423927e-05,-1.5542925117170703e-06,1.0974262855007258e-05,3.8003647057602996e-08,9.90386758124742e-07,-5.662214534924142e-06,-1.3385179721274085e-06,-1.091159083822362e-06
flow/0000/033,033,7,8.75,0.008243261266940069,0.008177688709672769,0.0013831967112694992,0.0013862902075536287,3.278627863364993e-05,-1.5467481420647399e-06,3.433302677571467e-05,2.6283151632880506e-05,5.317520235255738e-05,5.1518060044275504e-05,1.6870050488272003e-07,-2.9028559787165576e-06,1.9348830466543385e-06,-2.3670498593019893e-06,-2.8519697768946697e-06
flow/0000/033,033,8,10.0,0.008282090657425705,0.008152705989824276,0.0013901891806780242,0.001377739530330148,6.469233380071437e-05,6.224825173938063e-06,5.846750862677631e-05,6.140374314254817e-05,0.00010695410130258896,9.00635275181954e-05,3.479632395240407e-07,4.6186305403621807e-07,2.2962999227005027e-05,3.4697324614945367e-06,-1.9952940467832844e-06
flow/0000/033,033,9,11.25,0.008278944788807231,0.00812999527654705,0.0013895793756560357,0.0013720335771193904,7.447475613009055e-05,8.772899268322666e-06,6.570185686176789e-05,8.74744859893843e-05,0.00012125186757772338,8.87951489338722e-05,3.7752201938202936e-07,-1.5603606668003044e-06,3.0234506490991152e-05,7.96639221628694e-06,-1.5489409671872042e-06
flow/0000/033,033,10,12.5,0.008254818412945909,0.008129047979292084,0.0013872970926140998,0.0013713811983260573,6.28852168269127e-05,7.957947144021258e-06,5.492726968289144e-05,8.453779567221776e-05,0.00010989141888172356,5.685563603039477e-05,2.5601672331536853e-07,-5.08513179577519e-06,2.7464527567579297e-05,8.767894115596089e-06,6.844986886848112e-07
flow/0000/033,033,11,13.75,0.008203017895398765,0.008119686418916926,0.0013911029705008745,0.0013616750379543002,4.166573824091954e-05,1.4713966273287153e-05,2.695177196763239e-05,5.1641898645406626e-05,8.17842558077991e-05,3.298199159115951e-05,2.5480691931298194e-07,7.878291299156896e-07,4.357372827560268e-05,1.2330349838947591e-05,2.1639578486825175e-06
flow/0000/034,034,0,0.0,0.008202913954150676,0.008218483352289637,0.0006580808262783625,0.0006607873567747763,-7.784699069480518e-06,-1.3532652482069153e-06,-6.431433821273602e-06,1.1877603757863564e-05,-1.3324475282706742e-05,-1.874378831971885e-05,-1.0948136433359176e-05,-7.021194597534009e-06,-3.1936273239134864e-06,2.0703504207865165e-06,2.731410507833277e-06
flow/0000/034,034,1,1.25,0.008236565541824127,0.008167500720169179,0.0006578368128019071,0.0006597038690467083,3.4532410827473915e-05,-9.335281224005744e-07,3.546593894987449e-05,4.301193204479803e-05,5.453364031025084e-05,2.038535449186288e-05,2.0198716462981308e-05,-7.81876003805239e-07,-2.047603924125311e-06,1.549238448933797e-07,-1.0595564065652222e-06
flow/0000/034,034,2,2.5,0.00821202578648425,0.008182562701880412,0.000657928343574844,0.0006582626681748358,1.4731542301919115e-05,-1.6716229999589856e-07,1.4898704601915014e-05,2.0859664533381256e-06,2.81500729865259e-05,1.3724360104789852e-05,1.4965769663019546e-05,2.4180938144679294e-06,-2.4772013276660966e-06,-1.144638580500952e-06,5.350968937155927e-07
flow/0000/034,034,3,3.75,0.00822383767705451,0.008184306154225536,0.0006589548510968253,0.0006572312263639549,1.976576141448673e-05,8.61812366435193e-07,1.8903949048051536e-05,-5.732360360536162e-06,3.8596452472165754e-05,2.7361233530103727e-05,1.8837720016210997e-05,6.828369331116318e-06,-1.959777819939912e-06,-1.7902376359613727e-06,3.688955905261043e-07
flow/0000/034,034,4,5.0,0.00822513313244204,0.008196679108907583,0.0006606937013660075,0.0006560624453074434,1.4227011767229021e-05,2.3156280292820834e-06,1.1911383737946938e-05,-8.28721973239032e-06,2.6527798286382458e-05,2.4769643477284917e-05,1.3897825037639464e-05,9.445436646787265e-06,4.692684434679873e-07,-1.645820421265499e-06,9.93627448138526e-07
flow/0000/034,034,5,6.25,0.008174694798883223,0.00823067594588419,0.0006603407159943406,0.000656501286440193,-2.799057350048352e-05,1.919714777073758e-06,-2.991028827755728e-05,-8.125441212170938e-05,-2.1787739362717426e-05,-1.3204562721897024e-06,-7.599686245316709e-06,5.298554564177717e-06,8.377814978245213e-07,-1.1442143288755986e-06,2.6867373751684738e-06
flow/0000/034,034,6,7.5,0.008182464224577335,0.008228930782040081,0.0006591945930159563,0.0006576074994215719,-2.323327873137316e-05,7.935467971922319e-07,-2.402682552856539e-05,-7.454430517816763e-05,-1.1650239596668228e-05,-1.5268367088705492e-06,-5.211733441784494e-06,1.4946503355182895e-06,3.4367369418793724e-06,-9.208108466709868e-07,-8.363892419577744e-07
flow/0000/034,034,7,8.75,0.008191838951399692,0.008192811897998139,0.0006573961612128061,0.0006590986901915875,-4.864732992236609e-07,-8.512644893906847e-07,3.647911901670238e-07,-2.089309678561524e-05,8.459436841536626e-06,6.488899602819561e-06,3.998867144366144e-06,-1.6518737770486284e-06,3.891834906256551e-06,-8.592142860764317e-07,-4.785804800694365e-06
flow/0000/034,034,8,10.0,0.008189091129361196,0.00820152426082654,0.0006566930045302024,0.0006575801130929194,-6.216565732671507e-06,-4.4355428135853204e-07,-5.773011451312975e-06,2.8363706081613316e-06,-1.5585172931754238e-05,-7.455074567420342e-06,-4.662386039671913e-06,-1.5983578830160898e-06,2.997519286321434e-06,-2.2349637824258754e-07,-2.9498821504967494e-06
flow/0000/034,034,9,11.25,0.008208365156605902,0.008226706790125861,0.0006564301641850859,0.0006581892942886013,-9.17081675997928e-06,-8.79565051757679e-07,-8.2912517082216e-06,3.241562044271201e-05,-3.463247030115798e-05,-2.0166665355025697e-05,-1.4299751826446754e-05,-4.318201759356843e-06,1.2685637384531783e-06,1.0307028997131744e-06,-1.4993250858402394e-06
flow/0000/034,034,10,12.5,0.0082283494953194,0.008206547496185785,0.0006569266970762495,0.0006587237919124832,1.0900999566807248e-05,-8.985474181168488e-07,1.1799546984924097e-05,7.139840715496282e-05,-1.2113986182931552e-05,-9.043366456437923e-06,-6.637056248363481e-06,-4.425008175490408e-06,-1.073373270005706e-06,1.953249538559534e-06,-4.90577655307882e-08
flow/0000/034,034,11,13.75,0.008192543185770708,0.008231454447514717,0.0006587995143549088,0.0006589725331473598,-1.945563087200463e-05,-8.65093962255036e-08,-1.9369121475779126e-05,2.6688752431117818e-05,-4.750678597351468e-05,-3.435142138383902e-05,-2.2653068561783937e-05,-5.322592312164472e-06,-1.8783895266684327e-06,2.5976456123394436e-06,4.257298641591325e-06
flow/0000/035,035,0,0.0,0.006262487973254135,0.006247458579662952,0.0005593676469966516,0.0005572651410775676,7.51469679559141e-06,1.0512529595419992e-06,6.463443836049411e-06,8.93170570750567e-06,1.104216190796507e-05,-3.397618465635077e-07,1.0424681413458842e-05,4.424492450195582e-06,8.116887458386714e-07,-1.1270244007895126e-06,9.585504292299865e-08
flow/0000/035,035,1,1.25,0.006229873365514632,0.006282467081553164,0.0005559405009906131,0.0005613764834216851,-2.6296858019266185e-05,-2.717991215535982e-06,-2.3578866803730203e-05,-4.9839840734302795e-05,-1.7032732065875526e-05,-1.8123108034645997e-05,-2.0191751242241724e-05,-2.7817346837934426e-06,-1.3297822146171173e-06,-2.9285459565687685e-06,-3.831902007164474e-06
flow/0000/035,035,2,2.5,0.006225748053513242,0.00629737892616172,0.0005574262366501174,0.0005613862344237088,-3.581543632423913e-05,-1.979998886795695e-06,-3.3835437437443436e-05,-8.502550180626914e-05,-1.9365599722538044e-05,-1.9832700377927105e-05,-1.9037943390222672e-05,-2.5075720517784054e-06,-1.5179435136247978e-06,1.1100634363008844e-06,-5.004543418080196e-06
flow/0000/035,035,3,3.75,0.006220801136163858,0.006307976722882623,0.0005560049649881203,0.000562629393946455,-4.358779335938284e-05,-3.312214479167389e-06,-4.0275578880215454e-05,-0.00010086409876771535,-2.5878425321997685e-05,-2.2035432803792047e-05,-2.557321654402759e-05,-5.222327072397688e-06,-2.0558813509957495e-06,-3.8481657260892995e-07,-5.585832920667016e-06
flow/0000/035,035,4,5.0,0.006237773626642986,0.006309302749797501,0.0005569069203318909,0.0005622091763023041,-3.576456157725755e-05,-2.6511279852065787e-06,-3.311343359205097e-05,-8.026687115115626e-05,-2.439942381418387e-05,-1.64338369142065e-05,-2.195811442948139e-05,-4.573369482963063e-06,-1.9317767084655213e-06,2.463628772433066e-08,-4.124002037122197e-06
flow/0000/035,035,5,6.25,0.006266482916507862,0.006303760646101301,0.0005599292668297578,0.0005630053625784897,-1.8638864796719553e-05,-1.5380478743659684e-06,-1.7100816922353585e-05,-5.827141636995537e-05,-7.584751984065878e-06,-5.307505339973394e-06,-3.3917854928853033e-06,-2.0597694146995437e-06,-1.0965240890194301e-06,3.389312839039522e-08,-3.0297911221353457e-06
flow/0000/035,035,6,7.5,0.006281321202609855,0.006292454058374827,0.0005601835281743222,0.0005625425524313559,-5.566427882485771e-06,-1.179512128516864e-06,-4.386915753968907e-06,-2.017285098062163e-05,-2.519910426580785e-06,1.2471368206964928e-06,-8.200869434375931e-07,-2.132755085806448e-06,-6.430495525517223e-07,-2.0001059499070452e-06,5.7862074197756116e-08
flow/0000/035,035,7,8.75,0.006296709878789971,0.006277275164760184,0.0005622119631604565,0.0005602944987001912,9.717357014893142e-06,9.587322301326607e-07,8.758624784760481e-06,2.970615338570258e-05,2.2854488058825229e-07,8.369130037218665e-06,5.655997560648045e-07,-5.967159179200046e-07,-7.82125409556282e-08,7.953650981071237e-07,3.7144922812991517e-06
flow/0000/035,035,8,10.0,0.006306828195716793,0.006248589546731951,0.000561767141168665,0.0005581673591234485,2.9119324492420974e-05,1.799891022608263e-06,2.731943346981271e-05,7.254844211718788e-05,1.4200468125252774e-05,1.7502317259969133e-05,1.2226070467274107e-05,4.2631668373488505e-07,1.18648226777262e-06,1.409154123770454e-06,4.177611015155095e-06
flow/0000/035,035,9,11.25,0.006311909904724165,0.006224509523732616,0.0005633201607855807,0.0005558536315140109,4.370019049577435e-05,3.73326463578487e-06,3.996692585998948e-05,0.00010614336688515805,2.3503772993204407e-05,2.2524331461240294e-05,2.262929064349552e-05,4.1660167583875926e-06,2.151258402371434e-06,2.2271250525007346e-06,6.3886583298798346e-06
flow/0000/035,035,10,12.5,0.006305746548709326,0.006224158620326193,0.0005633583949985579,0.0005572236272755938,4.079396419156677e-05,3.0673838614820323e-06,3.772658033008474e-05,0.00010418805978990725,2.1354122740963998e-05,1.820484533112841e-05,1.9428828904268294e-05,4.474500245033302e-06,2.1084041968627755e-06,7.626933803913153e-07,4.923937623640669e-06
flow/0000/035,035,11,13.75,0.006293721891845668,0.00622317129296403,0.000561762159856619,0.0005560970262472752,3.5275299440818905e-05,2.8325668046719123e-06,3.244273263614699e-05,7.332583573542266e-05,2.6937511274215988e-05,1.4725108773043245e-05,2.6112741980593296e-05,6.4558270979159726e-06,2.2551201802448397e-06,3.0635761205974983e-07,2.312962328466996e-06
flow/0000/036,036,0,0.0,0.013017182259051189,0.013133078412485118,0.007095882668237485,0.0072467883424722004,-5.794807671696475e-05,-7.54528371173578e-05,1.7504760400393043e-05,-4.2505528979344676e-05,-6.548855892910856e-05,-5.503273386593503e-05,-6.876548509347161e-05,-8.20633399703295e-05,-0.00015019921288178615,7.344744111033481e-06,-7.689353972835074e-05
flow/0000/036,036,1,1.25,0.013132546106719923,0.013049642163777372,0.007289272419064915,0.007103958827218714,4.145197147127546e-05,9.265679592310042e-05,-5.120482445182496e-05,4.224198090168295e-05,6.229492206637904e-05,4.03819421316582e-05,2.088904078538338e-05,3.006940503474248e-05,0.00028099832486686883,5.02277223737883e-05,9.331731417002494e-06
flow/0000/036,036,2,2.5,0.01311110738083919,0.01302790690453054,0.007297861413596003,0.007038713181925676,4.16002381543254e-05,0.00012957411583516343,-8.797387768083803e-05,7.39159955398987e-05,5.2914867531534716e-05,2.0379499931420103e-05,1.9190589614448937e-05,0.00011891954427975093,0.0003652478210936739,2.703713414654559e-06,3.14253845525715e-05
flow/0000/036,036,3,3.75,0.013087292846210557,0.01303718460533392,0.0072340755771837,0.007046855351028762,2.505412043831822e-05,9.361011307746888e-05,-6.855599263915066e-05,4.755340783951182e-05,3.863634843890608e-05,7.891148585830593e-06,6.1355768890217904e-06,0.00010634661541060767,0.0002610655992818893,-5.039857198486583e-05,5.742680960224306e-05
flow/0000/036,036,4,5.0,0.013112877854230025,0.01300391821023923,0.007231744915051309,0.0070109602619376045,5.44798219953976e-05,0.00011039232655685226,-5.591250456145466e-05,6.409631460780989e-05,6.567752983384877e-05,2.0547186320934475e-05,6.759825721899815e-05,0.00011030046609017147,0.0002985192201472942,-3.594416708026867e-05,6.86937870702127e-05
flow/0000/036,036,5,6.25,0.013065846667190028,0.013005811676126938,0.007149111408723889,0.00698723553256127,3.0017495531544855e-05,8.093793808130936e-05,-5.09204425497645e-05,4.649007035453009e-05,3.965240728818001e-05,-6.450185566449218e-06,4.037769004991941e-05,9.170487431367546e-05,0.00022046466080449974,-5.128847609911307e-05,6.287069330617422e-05
flow/0000/036,036,6,7.5,0.01306249254453222,0.013033487725799164,0.007136093077396672,0.006995045797233409,1.4502409366528093e-05,7.052364008163165e-05,-5.6021230715103554e-05,8.334611360391597e-06,2.265756345262368e-05,-2.0113378219385053e-06,2.90288004750356e-05,5.514068445371676e-05,0.0001462574134969601,9.74520771302367e-06,7.095125466282607e-05
flow/0000/036,036,7,8.75,0.013051111482953442,0.013031596894974688,0.0071015183284314455,0.0070407239958451134,9.757293989377108e-06,3.039716629316602e-05,-2.063987230378891e-05,-1.465196956346778e-05,1.3971173859379793e-05,3.6340453416546653e-06,3.607592631994262e-05,5.088044616590685e-06,1.0419568883632269e-05,5.87948670752428e-05,4.728618459719702e-05
flow/0000/036,036,8,10.0,0.013040451126261298,0.013030372680419663,0.007062700642202846,0.007142709166709842,5.039222920817307e-06,-4.000426225349773e-05,4.504348517431504e-05,-3.878613384944354e-05,8.580919830501917e-06,2.7818738931114848e-05,2.2543366771094267e-05,-4.3024500200961394e-05,-0.00013484200209200933,2.9132159013218898e-05,-1.1282705734241057e-05
flow/0000/036,036,9,11.25,0.012997101795867385,0.01312808914587351,0.006990063608169298,0.007308617581165815,-6.54936750030628e-05,-0.00015927698649825838,9.378331149519558e-05,-8.925337908885066e-05,-8.536852449282043e-05,-3.487586079943018e-05,-5.24769356311525e-05,-0.00012367015272435767,-0.0004470814809483456,6.0374517314449715e-06,-7.239376405177456e-05
flow/0000/036,036,10,12.5,0.01300372397543245,0.013097752442492375,0.006920186284829261,0.007284855020303937,-4.7014233529962465e-05,-0.00018233436773733812,0.00013532013420737565,-6.620319070612269e-05,-7.192938266924014e-05,-4.595776938481032e-06,-4.532858380600947e-05,-0.00015008319847430477,-0.0004908270272490902,-1.4098925939579066e-07,-8.82862559665634e-05
flow/0000/036,036,11,13.75,0.013013925870018914,0.013095270758481818,0.006961892867166952,0.007245617046960249,-4.067244423145225e-05,-0.0001418620898966487,0.00010118964566519645,-3.140953798286272e-05,-6.263935886809124e-05,-1.8585683201826492e-05,-5.00551968730268e-05,-0.00011624556309937535,-0.0003370316048529288,-1.223351799570227e-05,-0.00010193767363858922
flow/0000/037,037,0,0.0,0.008791522897262654,0.00883170749385006,0.002078478830696915,0.0020689195944805817,-2.009229829370244e-05,4.779618108166541e-06,-2.487191640186898e-05,-1.9590892433737905e-05,-2.8369974877152405e-05,-3.231659027180811e-05,-9.17355921119886e-08,-1.0556261272523255e-05,5.989397830088764e-07,3.179470455814612e-05,-2.7189106359655837e-06
flow/0000/037,037,1,1.25,0.008816131124301286,0.008744134762537562,0.0021019002476605517,0.002017993781882162,3.59981808818622e-05,4.1953232889194864e-05,-5.955052007332665e-06,3.3377668653691676e-05,5.7039469359094173e-05,5.3424487470412826e-05,1.5109804425089224e-07,7.909230495029983e-05,-3.0099311897361438e-06,8.341741148202588e-05,8.313146314190662e-06
flow/0000/037,037,2,2.5,0.008747878132843358,0.008836321327129587,0.0020669659932518467,0.002060280059294659,-4.422159714311414e-05,3.3429669785939135e-06,-4.7564564121708054e-05,-9.07044274210617e-05,-4.468227610064223e-05,-4.108140665531456e-05,-4.1827839543779783e-07,2.0164411792055782e-05,-5.382216401236437e-06,3.0335595808828747e-06,-4.443887057326923e-06
flow/0000/037,037,3,3.75,0.008809883232930745,0.008831669412619984,0.002085146970949365,0.0020633834544901667,-1.0893089844619258e-05,1.0881758229599244e-05,-2.1774848074218502e-05,-5.535051470749019e-05,2.2040212451987506e-06,9.760054037614811e-06,-1.859199538014025e-07,4.1156390009956714e-05,-5.350891306106381e-06,8.609967881687908e-06,-8.884336671412555e-07
flow/0000/037,037,4,5.0,0.008819297626425885,0.008795697761426795,0.0020722949034361923,0.0020552964901356476,1.17999324995453e-05,8.499206650272335e-06,3.3007258492729653e-06,-1.8374048187635994e-05,2.5706894530420563e-05,3.9918765932032106e-05,-5.188227663484776e-08,4.058680941859596e-05,-4.79841702033919e-06,1.1114435811824565e-07,-1.902710155285783e-06
flow/0000/037,037,5,6.25,0.008751750573605397,0.008857059580582522,0.0020322095436471716,0.0020831027495675372,-5.265450348856254e-05,-2.54466029601828e-05,-2.7207900528379743e-05,-9.959180501577757e-05,-5.939305784508769e-05,-5.124341441388198e-05,-3.89736679506001e-07,-3.7424161889189e-05,-9.494237741221293e-07,-5.3460996222561875e-05,-9.951829954858704e-06
flow/0000/037,037,6,7.5,0.008810943432945162,0.008821733926953821,0.0020569631167435586,0.002061191346619108,-5.395247004329369e-06,-2.1141149377746846e-06,-3.2811320665546845e-06,-2.0072156635736818e-05,-1.131162504652665e-06,-3.82363105169356e-07,4.6942282368227445e-09,-8.637468161064744e-06,3.433114097834075e-06,-2.2363169897914818e-06,-1.015788698077323e-06
flow/0000/037,037,7,8.75,0.008837973423201901,0.008753655507457117,0.002070678128059956,0.002039441444078277,4.215895787239212e-05,1.5618341990839522e-05,2.65406158815526e-05,6.913652248944063e-05,4.987202735873535e-05,4.925030324318732e-05,3.769783982051028e-07,2.7817445520811725e-05,4.049125459434279e-06,2.319226610586261e-05,7.4145308772497875e-06
flow/0000/037,037,8,10.0,0.008814570657248487,0.008780074876770901,0.0020562792112515365,0.002078348265187008,1.7247890238793022e-05,-1.1034526967735768e-05,2.828241720652879e-05,5.009583544357977e-05,1.6066841794057547e-05,2.64995154019166e-06,1.7893217734130625e-07,-2.4256941205025653e-05,3.808474067554218e-06,-2.841771374291588e-05,4.728073009444586e-06
flow/0000/037,037,9,11.25,0.00884618923764461,0.008796364264996987,0.002068967400611873,0.0020933296718487916,2.491248632381128e-05,-1.2181135618459385e-05,3.7093621942270666e-05,7.989438563577554e-05,1.1902431028685233e-05,7.597153848772943e-06,2.5597478200976964e-07,-3.09993936218173e-05,3.885819668175071e-06,-2.5220443875470294e-05,3.6094753552757706e-06
flow/0000/037,037,10,12.5,0.00883715143711902,0.008760779170278947,0.002063670861999006,0.0020726747006514705,3.818613342003625e-05,-4.501919326232182e-06,4.2688052746268435e-05,9.665302086192713e-05,2.8130587063802427e-05,2.758324927109191e-05,3.7767648332324654e-07,-1.9189195103757987e-05,2.4161550553125738e-06,-7.440016877457599e-06,6.2053796209745335e-06
flow/0000/037,037,11,13.75,0.00875750106549056,0.008823845830482175,0.002035929936012684,0.0020867310674408434,-3.317238249580731e-05,-2.5400565714079606e-05,-7.771816781727706e-06,-1.757028267231845e-05,-5.464030206255195e-05,-6.0304960438751706e-05,-1.7398480960812286e-07,-7.015362079661213e-05,1.3423428189830012e-06,-2.640424597647015e-05,-6.3867389022192935e-06
flow/0000/038,038,0,0.0,0.009295688759949534,0.009288999224141208,0.0031486727362608664,0.0031270118181918115,3.344767904162743e-06,1.0830459034527487e-05,-7.485691130364744e-06,-2.9469321563384276e-07,7.929352300059186e-06,-5.393519497827806e-06,1.1137932030053435e-05,4.636619631477341e-09,3.6347900239336144e-06,2.5257036945977845e-05,1.442537254856685e-05
flow/0000/038,038,1,1.25,0.009284138169085876,0.009307194886197773,0.0031455359449464896,0.0031296847826338065,-1.1528358555948186e-05,7.925581156341573e-06,-1.945393971228976e-05,-1.2109322902192129e-05,-1.163341160851511e-06,-1.204532127152113e-05,-2.0795448889230142e-05,1.3377640295280302e-06,5.982000070824936e-07,1.4127645392588394e-05,1.5638715196168024e-05
flow/0000/038,038,2,2.5,0.009278887473484447,0.009329358991208613,0.0031318451555555106,0.003141552597516498,-2.5235758862082736e-05,-4.853720980493598e-06,-2.0382037881589137e-05,-2.3308222112146046e-05,-2.1237522591648246e-05,-1.9530502134893803e-05,-3.686678860964285e-05,1.0333182199776599e-06,-5.7800864111279705e-06,-1.183929067620406e-05,-2.828825054620402e-06
flow/0000/038,038,3,3.75,0.009276272572461795,0.00934124236504407,0.003130369905726586,0.0031409097620658136,-3.2484896291136954e-05,-5.2699281696136704e-06,-2.7214968121523284e-05,-2.4330672392671197e-05,-3.2903688902296245e-05,-2.5833631038301753e-05,-4.687159283128014e-05,8.716624993546909e-07,-7.4048206085980265e-06,-2.0489071566228475e-05,5.9425169970173455e-06
flow/0000/038,038,4,5.0,0.009282036395354859,0.009345604608011693,0.003128301337202791,0.003143005306929239,-3.1784106328417404e-05,-7.351984863224019e-06,-2.4432121465193385e-05,-1.96957697337814e-05,-4.116546282068034e-05,-2.164279109760983e-05,-4.463240166159826e-05,4.7541700833801485e-07,-7.065518642165132e-06,-2.3018646256768235e-05,2.0080843769884268e-07
flow/0000/038,038,5,6.25,0.009294296383130847,0.009336105499627701,0.0031293754519879733,0.0031456143296620578,-2.090455824842706e-05,-8.119438837042234e-06,-1.2785119411384827e-05,-1.860534805148595e-05,-2.851853616685565e-05,-1.396551152448803e-05,-2.2528837250878828e-05,-3.926565487327445e-07,-3.4798870821076654e-06,-2.419440043139459e-05,-4.4108112859340964e-06
flow/0000/038,038,6,7.5,0.009314903749906513,0.009318829003068973,0.0031374028496414536,0.003147489030158767,-1.9626265812299273e-06,-5.0430902586566e-06,3.0804636774266723e-06,-5.703960501780023e-06,-2.2240380928356326e-06,1.0963693546847675e-06,-1.0188770849881706e-06,-3.7855070924593505e-07,2.4270555602726868e-06,-1.1657696773056773e-05,-1.0563169112597082e-05
flow/0000/038,038,7,8.75,0.009330617695996208,0.009303274655502798,0.003136319522938774,0.0031488641654398766,1.3671520246704913e-05,-6.272321250551209e-06,1.9943841497256122e-05,8.866039630623171e-06,1.2932635348705292e-05,1.6836186568350286e-05,1.6051219439136566e-05,-1.668995325408598e-07,3.40134216954952e-06,-1.1082923190923813e-05,-1.724080444828963e-05
flow/0000/038,038,8,10.0,0.009345833795874116,0.00928862065066242,0.003139118031870329,0.003145319908742531,2.860657260584775e-05,-3.1009384361009844e-06,3.1707511041948735e-05,1.9708230715802157e-05,3.380825008096437e-05,2.72208943732314e-05,3.368891525339264e-05,-4.902619559475651e-07,3.849597581692026e-06,-1.4720400976181262e-06,-1.4291049272529676e-05
flow/0000/038,038,9,11.25,0.009345644420993574,0.009279990560855426,0.003142601767989108,0.0031425889072282526,3.282693006907353e-05,6.430380427788207e-09,3.282049968864574e-05,3.053856969267746e-05,3.0019316414109376e-05,2.673866698480864e-05,4.401116718469669e-05,-9.511548329219402e-07,2.9244811231716452e-06,9.699919670833144e-06,-1.1647524439372184e-05
flow/0000/038,038,10,12.5,0.009332593404802456,0.009276872787685611,0.0031497212360927394,0.0031301595667890198,2.786030855842208e-05,9.780834651859811e-06,1.807947390656227e-05,2.934017205909016e-05,2.3971413445933107e-05,1.9660775064955262e-05,3.846887366370892e-05,-5.753235759061413e-07,3.1694629101449183e-06,2.325831798787514e-05,1.327088128532522e-05
flow/0000/038,038,11,13.75,0.009316194954623557,0.009275804175197567,0.003150966941752851,0.003127795392453951,2.0195389712995143e-05,1.1585774649449992e-05,8.609615063545151e-06,1.5921602634896533e-05,2.236192470032785e-05,1.052553553373102e-05,3.197249598302539e-05,-7.125413509979266e-07,3.895118237054549e-06,3.174402339780518e-05,1.1416498313938494e-05
flow/0000/039,039,0,0.0,0.029726813479368286,0.030156971477057076,0.002466355968660397,0.0026628248888923567,-0.00021507899884439484,-9.823446011597982e-05,-0.00011684453872841502,-0.00041206063632546683,-0.00021613767997383931,-0.00015318448626122638,-7.893319281705117e-05,-0.0001132392669012099,-3.104223579401171e-05,-3.1099357948038e-05,-0.00021755697982065933
flow/0000/039,039,1,1.25,0.029640503052956048,0.030300889983512467,0.0025169200845147005,0.0026312894339919767,-0.0003301934652782095,-5.7184674738638063e-05,-0.00027300879053957145,-0.00065444172281693,-0.00030295428822860876,-0.00023389563339983738,-0.00012948221666746543,-5.904704151585521e-05,-1.5074938101103104e-05,-1.8008177928452484e-05,-0.00013660854140914178
flow/0000/039,039,2,2.5,0.02966501104168447,0.030436480721440746,0.002547218013171604,0.0027051932907390143,-0.00038573483987813795,-7.898763878370517e-05,-0.0003067472010944328,-0.0008211341770447377,-0.0003094134874572149,-0.00029150253904036867,-0.00012088915597023835,-2.0949698814191117e-05,-7.252860418464424e-05,-3.71946819104818e-05,-0.00018527757022550372
flow/0000/039,039,3,3.75,0.029870960653699232,0.030446923287674205,0.002636953719301019,0.0027182965950808997,-0.00028798131698748626,-4.067143788994039e-05,-0.00024730987909754587,-0.0006502001589373529,-0.00019452054688783374,-0.00022773849713090058,-7.94660649938491e-05,8.998022559257818e-06,-5.367896671687835e-05,-2.737180061343871e-05,-9.063300678870297e-05
flow/0000/039,039,4,5.0,0.03001001425876182,0.030429237612027787,0.002619792590035413,0.002769441341832752,-0.0002096116766329842,-7.482437589866942e-05,-0.00013478730073431477,-0.00045589059745894736,-0.0001350320158725743,-0.00019094486112525288,-5.6579232075166554e-05,-8.959492742517585e-07,-6.059516072036289e-05,-5.9262971993924505e-05,-0.00017854342160613908
flow/0000/039,039,5,6.25,0.030162646444556476,0.030281498524754508,0.002603833071503622,0.0026971570464417965,-5.94260400990157e-05,-4.6661987469087327e-05,-1.2764052629928371e-05,-0.00018522440686020644,-1.2769143178402442e-05,-5.220447557308973e-05,1.2493865215623678e-05,1.0686759682213714e-05,-3.421392131288097e-05,-4.171044230403653e-05,-0.0001214103459416453
flow/0000/039,039,6,7.5,0.030362332224607304,0.03002820162297406,0.0026846131642549913,0.002574941927690565,0.00016706530081662258,5.483561828221323e-05,0.00011222968253440935,0.00027758876366055715,0.00016614503554986115,0.0001460968332203938,7.843057083567646e-05,6.658142880605091e-05,3.735028672851746e-05,2.1127028576075116e-05,9.428372901820964e-05
flow/0000/039,039,7,8.75,0.03048445273015811,0.029817458548893387,0.0027383841550554806,0.0024981210589992355,0.0003334970906323613,0.00012013154802812255,0.00021336554260423875,0.0006646249025848427,0.0002832053826527549,0.0002775538993444564,0.0001086041779474042,9.36440052547356e-05,7.446648322764684e-05,5.486659796690558e-05,0.0002575491056632023
flow/0000/039,039,8,10.0,0.030509759758721874,0.029630285856209776,0.00278724293219223,0.0024377520565907434,0.0004397369512560492,0.00017474543780074338,0.00026499151345530584,0.0008762736964854391,0.00037252091036794194,0.00036516210557200474,0.00014499109259881113,0.00011909752047175876,8.975646840752021e-05,9.093987922163479e-05,0.0003991878831020603
flow/0000/039,039,9,11.25,0.030391444091496467,0.02961449504973656,0.0027194262505451914,0.002506430624187938,0.0003884745208799535,0.00010649781317862675,0.00028197670770132677,0.000833791121907082,0.00031327190119300255,0.0002904401942472809,0.0001163948661724503,5.185587803040821e-05,5.4133577170694855e-05,6.08748600608841e-05,0.00025912693745251984
flow/0000/039,039,10,12.5,0.030185329082442487,0.02975348818560006,0.002618810090387401,0.0025949343621620036,0.000215920448421213,1.1937864112698772e-05,0.00020398258430851424,0.0005755495818993185,0.0001271730064933245,0.0001239226077216337,3.703659757057533e-05,-5.9087356620770876e-05,3.3415363679142754e-05,8.604240258575785e-06,6.481920913384677e-05
flow/0000/039,039,11,13.75,0.029924665013513655,0.030013916027085245,0.002523080780456527,0.0026873659282010045,-4.4625506785795147e-05,-8.214257387223868e-05,3.751706708644354e-05,-7.63331744705123e-06,-8.507312133421846e-05,-5.890872944367895e-05,-2.6886858918240622e-05,-0.00010114239192971105,-2.7270346025780974e-05,-3.032272042573583e-05,-0.0001698348371077258
flow/0000/040,040,0,0.0,0.011488515402037965,0.011543755558669443,0.004081807649016785,0.004080161838768427,-2.7620078315739212e-05,8.229051241793149e-07,-2.8442983439918527e-05,-1.7944804099536728e-05,-2.353019810871944e-05,-5.723227450983234e-05,-1.1773036544866604e-05,-5.6077104555467445e-06,2.4557552811041005e-06,2.0081870388695498e-05,-1.3638294717534943e-05
flow/0000/040,040,1,1.25,0.011514506549716521,0.011527517960366798,0.004085728800215574,0.004081506254473502,-6.5057053251381045e-06,2.1112728710360497e-06,-8.616978196174154e-06,-1.6339236467394908e-05,1.6487551912478318e-05,-1.9199550720177053e-05,-6.97158602545574e-06,-5.924525300073872e-07,-1.1361829875592387e-06,3.689714852367701e-06,6.484012149342473e-06
flow/0000/040,040,2,2.5,0.011499070632820445,0.011562508406749205,0.004087728935921507,0.004083550452755747,-3.171888696437957e-05,2.0892415828798264e-06,-3.38081285472594e-05,-3.4154768860104705e-05,-5.17577313961428e-05,-1.7651844377036645e-05,-2.331120322423587e-05,6.164904805727647e-07,-1.0194467528982696e-05,-1.2745200160960493e-06,1.9209463396026045e-05
flow/0000/040,040,3,3.75,0.011529754643052708,0.01156111050004155,0.004081719789876587,0.004086655058495512,-1.5677928494420637e-05,-2.4676343094625144e-06,-1.3210294184958123e-05,-2.5382792788988112e-05,-2.905963603587816e-05,4.580030773201384e-06,-1.284931592601896e-05,2.697874554585724e-06,-1.3605199227225838e-05,-1.6607365659651076e-05,1.7644153094441457e-05
flow/0000/040,040,4,5.0,0.011530705541162397,0.011549305415650295,0.00407896411257137,0.0040884900939359035,-9.299937243949057e-06,-4.762990682266859e-06,-4.536946561682197e-06,-1.4227467793169989e-05,-3.1405671056614765e-05,1.7325912476950228e-05,-8.89252260296387e-06,3.8067902809082836e-06,-1.590168815668422e-05,-2.4012957577908365e-05,1.7055892724616214e-05
flow/0000/040,040,5,6.25,0.01151476489428764,0.011548175623487996,0.004080668375820157,0.0040846730704810815,-1.6705364600177845e-05,-2.0023473304622147e-06,-1.470301726971563e-05,-2.2514960625249006e-05,-4.806953318282729e-05,1.2328891256687194e-05,-8.56585584932271e-06,1.7922504713136379e-06,-1.2007360452172201e-05,-1.3766431342302713e-05,1.597215200131166e-05
flow/0000/040,040,6,7.5,0.01155035345682399,0.011517890273246543,0.004083809347734814,0.004079240773758866,1.623159178872329e-05,2.2842869879741504e-06,1.3947304800749141e-05,2.3376629991389217e-06,1.4942542012993942e-05,3.821948393352686e-05,9.426678209236046e-06,3.6359948376830323e-06,-6.702916514506356e-07,-5.032536074457694e-06,1.1203980840123959e-05
flow/0000/040,040,7,8.75,0.01156400149917726,0.011492407902327318,0.004084342250590313,0.004085409399222712,3.57967984249705e-05,-5.33574316199676e-07,3.633037274117018e-05,2.5868576036794724e-05,5.3056930650370246e-05,4.2323630055136896e-05,2.1938056957581005e-05,3.6055815648785607e-06,7.846163622217384e-06,-1.0520073267239905e-05,-3.0659691846557195e-06
flow/0000/040,040,8,10.0,0.011567093029501365,0.011489947512164587,0.004089693861329868,0.004081744386813712,3.8572758668389134e-05,3.974737258077843e-06,3.459802141031129e-05,3.298526386318317e-05,5.758845708468685e-05,4.221090902258029e-05,2.1506404703102756e-05,1.9593758284718044e-06,1.3503519900588614e-05,3.8717599679474225e-06,-3.4357066646967943e-06
flow/0000/040,040,9,11.25,0.011556219622711089,0.011510839723451025,0.004085376903019876,0.004085706441155117,2.2689949630031944e-05,-1.6476906762076526e-07,2.285471869765271e-05,3.8539366564104786e-05,3.071783947527183e-05,6.3287643211965006e-06,1.5173828159555525e-05,-1.3189181010384889e-06,1.3165595117901776e-05,1.0139081929970775e-05,-2.2644835217318533e-05
flow/0000/040,040,10,12.5,0.011536753341157103,0.011506718158400289,0.00408016100700632,0.00408873553385566,1.5017591378407164e-05,-4.287263424670052e-06,1.9304854803077216e-05,3.1387505777716925e-05,3.6368369229457936e-05,-2.1476760485961838e-05,1.3791250992416064e-05,-4.3668528117522115e-06,1.1048981292931183e-05,6.184769972731631e-06,-3.0015952152590702e-05
flow/0000/040,040,11,13.75,0.011490867820235121,0.0115354703628037,0.004084638868691123,0.0040792041429037725,-2.2301271284289048e-05,2.71736289367535e-06,-2.5018634177964398e-05,-1.7698375306689391e-06,-2.773279587682878e-05,-4.953477924351298e-05,-1.0167672486146358e-05,-6.519412300960486e-06,5.610503910844118e-06,2.6889124160365575e-05,-1.5110764195548458e-05
flow/0000/041,041,0,0.0,0.037166622075725,0.03704349469786171,0.010393990021953053,0.010366936927494458,6.156368893164496e-05,1.3526547229297282e-05,4.803714170234768e-05,8.121056730204211e-05,6.785163534456587e-05,3.367775473769527e-05,6.351479834227139e-05,1.1495313256861244e-06,2.4935274958753917e-05,2.0765519377855673e-05,7.255863254893415e-06
flow/0000/041,041,1,1.25,0.0370264792520341,0.03709545585258389,0.010360926453921948,0.01040265678209812,-3.448830027489441e-05,-2.086516408808612e-05,-1.3623136186808292e-05,-2.5797016587980268e-05,-5.9807331310311046e-05,-1.8252895553384774e-05,-3.4095957647906766e-05,2.365248905392657e-07,-7.46452141214167e-05,-1.2775133297702329e-05,3.723166176235063e-06
flow/0000/041,041,2,2.5,0.03666479154275188,0.037431868672033124,0.010276472301972997,0.01051935108557211,-0.0003835385646406217,-0.00012143939179955644,-0.00026209917284106526,-0.0003918351272273468,-0.0004893259761464888,-0.00020756723143511638,-0.0004454259237535417,-2.6652192067099694e-05,-0.0003550190739518323,-7.776515850528576e-05,-2.632114267400688e-05
flow/0000/041,041,3,3.75,0.036881974455432245,0.03737616134746434,0.010319904926210216,0.010523894165715074,-0.0002470934460160473,-0.00010199461975242928,-0.00014509882626361804,-0.00024174071406627556,-0.0003312209285227345,-0.00012117096148017703,-0.0002942411799950022,-1.83083039349218e-05,-0.00031669627014468266,-5.8843002735261066e-05,-1.4130902194849646e-05
flow/0000/041,041,4,5.0,0.036953727055606456,0.03731585950519626,0.010339667166980046,0.01050968648458776,-0.000181066224794902,-8.500965880385656e-05,-9.605656599104544e-05,-0.0001620103590882771,-0.00024713155905226394,-9.091187067634954e-05,-0.0002242111103627313,-1.5390324411573234e-05,-0.00026328559091343476,-4.806834364637358e-05,-1.3294376244044016e-05
flow/0000/041,041,5,6.25,0.03697773332881319,0.037416987354597836,0.010366528095459212,0.010502279945146178,-0.00021962701289232264,-6.787592484348327e-05,-0.00015175108804883937,-0.00020082000302003473,-0.0002802907028099863,-0.00012433661839662477,-0.00027306072734265344,-1.9354812243976144e-05,-0.00018974345535619289,-4.5143680902289506e-05,-1.7261750871475426e-05
flow/0000/041,041,6,7.5,0.03731177348844402,0.037356132180165195,0.010474042875366789,0.010449184242984196,-2.217934586058734e-05,1.2429316191296669e-05,-3.460866205188401e-05,-2.0597043515657026e-05,-2.995635719967027e-05,-8.230527020713224e-06,-2.9933455706308842e-05,-1.8874930823593438e-06,6.710976944527061e-05,-7.189181572745014e-06,-8.315830024979145e-06
flow/0000/041,041,7,8.75,0.03737938637884292,0.03703574501977453,0.010504252451396932,0.010374017268570518,0.00017182067953419589,6.511759141320742e-05,0.00010670308812098846,0.00015902468319801445,0.00022521052953894394,9.02815222683373e-05,0.0002127659831314896,1.1959069010226324e-05,0.00022843419031304615,1.8113057537426803e-05,1.9640487921293234e-06
flow/0000/041,041,8,10.0,0.03728693798331327,0.03707370559817978,0.010499012782276343,0.010372482388576347,0.00010661619256674415,6.326519684999796e-05,4.3350995716746193e-05,7.30334990367218e-05,0.00016783886406979143,3.7354992182044716e-05,0.00014823741497841172,9.644452692102396e-06,0.00021282046100004268,2.5626736635442262e-05,4.969137072406227e-06
flow/0000/041,041,9,11.25,0.037397184936428546,0.03692003435670978,0.010514843743998295,0.010343120162058479,0.0002385752898593843,8.586179096990807e-05,0.00015271349888947624,0.00020575263445755249,0.00032478038262932427,0.0001285571282362702,0.00029521101411437295,1.878103643025925e-05,0.0002563585572461155,5.527200844883482e-05,1.3035561754420975e-05
flow/0000/041,041,10,12.5,0.03747024369935005,0.036646973063549915,0.01050375751535919,0.010275695649474122,0.00041163531790006785,0.0001140309329425342,0.00029760438495753366,0.0004083325138287165,0.0005256127343925138,0.000231324461477337,0.0004812715619017145,3.1693527451203546e-05,0.00030344256962549707,8.601406080539819e-05,3.497357388804168e-05
flow/0000/041,041,11,13.75,0.03713832379800905,0.03697445633728832,0.01041047970113963,0.010341318187013067,8.193373036036525e-05,3.458075706328119e-05,4.735297329708406e-05,9.576903266028843e-05,0.00011348862035636537,3.4139452059080144e-05,8.433781636571491e-05,4.348226604694583e-06,8.044614880283255e-05,4.187632321042689e-05,1.1652329635170955e-05
flow/0000/042,042,0,0.0,0.03064722822720516,0.030629133408326074,0.0038182682172772766,0.003989909495198567,9.047409439542908e-06,-8.582063896064515e-05,9.486804840018806e-05,0.00014492660202891292,-1.1317536167686909e-05,-6.196921918639325e-05,-3.545020891666112e-05,-0.00010739542378281845,-9.907297644935016e-05,-3.10919845509332e-05,-0.00010572217105947858
flow/0000/042,042,1,1.25,0.03051902036243679,0.030777324087758212,0.003919342866911348,0.003887171221260269,-0.00012915186266071119,1.6085822825539792e-05,-0.00014523768548625098,-0.00012122766561692769,-9.285727446064172e-05,-0.00011608588774707912,-0.00018643662281820142,1.4270020308411457e-05,8.203347516306928e-05,7.012949016739142e-07,-3.266149907099527e-05
flow/0000/042,042,2,2.5,0.030462009817138452,0.030935021177337197,0.003963172196535955,0.0038536029447533166,-0.00023650568009937235,5.478462589131924e-05,-0.0002912903059906916,-0.0003646061761268353,-0.00017003725475312446,-0.00017174079926392423,-0.00023963849025361236,6.564591851287646e-05,0.00015476424726061492,-3.0382241486806485e-06,1.7665619404666488e-06
flow/0000/042,042,3,3.75,0.03050586439648171,0.030923585230903224,0.004006598809708435,0.0037939506883461526,-0.0002088604172107572,0.00010632406068114119,-0.0003151844778918984,-0.00043108924987318026,-0.00012655660649567822,-9.535041349667366e-05,-0.0001824453989774967,0.00013487514456131475,0.00018169199782646478,3.235109661116776e-05,7.63780037256179e-05
flow/0000/042,042,4,5.0,0.030593128316625445,0.03095640151808824,0.004004482166253206,0.0037705984084227886,-0.00018163660073139756,0.00011694187891520859,-0.00029857847964660615,-0.00043236318968766646,-0.00011396098367859667,-4.3580128879762425e-05,-0.00013664210067955776,0.00016263680475966501,0.00016695342100750128,5.5486514800429055e-05,8.269077509323944e-05
flow/0000/042,042,5,6.25,0.030653859149165623,0.030860802069547666,0.0039108402285995235,0.0037711560369137697,-0.00010347146019102152,6.98420958428769e-05,-0.00017331355603389842,-0.0003897344490126284,-3.702752576332374e-05,2.1952690928656732e-05,-9.076556916787215e-06,8.899463593706495e-05,8.447720835689132e-05,2.9692167504908815e-05,7.620437157264339e-05
flow/0000/042,042,6,7.5,0.03083157814296054,0.030758625879522584,0.003900468876909945,0.0037536494433878906,3.64761317189783e-05,7.340971676102724e-05,-3.693358504204894e-05,-0.00014189314394713257,7.524187050129451e-05,0.00010546625371578126,0.00010708954660596653,7.263517942903731e-05,8.664751965703488e-05,4.773258464418461e-05,8.662358331385216e-05
flow/0000/042,042,7,8.75,0.03093512823958379,0.030620526194106733,0.0038703301921212178,0.0037825901535780224,0.0001573010227385284,4.387001927159766e-05,0.00011343100346693073,0.00013727098850846442,0.0001455123643500627,0.00016259112328823218,0.0001838296148073508,3.981758658452893e-05,4.6903876826518125e-05,3.3180404763897154e-05,5.5578208911446006e-05
flow/0000/042,042,8,10.0,0.03096358511754454,0.030616927933105838,0.003806601262654529,0.0038651115409123367,0.00017332859221935032,-2.9255139128903877e-05,0.0002025837313482542,0.0002690583837772764,0.00013105439153937755,0.00011352576217233193,0.00017967583138842058,-4.905212251707673e-05,-6.649119558663468e-05,-2.6290133768896344e-05,2.481289535699073e-05
flow/0000/042,042,9,11.25,0.03087869398415438,0.030483030379072112,0.0037606670131446534,0.003950640421233379,0.00019783180254113499,-9.498670404436277e-05,0.00029281850658549775,0.00044331563260581464,0.00010552893647208447,7.545125926489323e-05,0.00016703138182174934,-0.0001146422070561078,-0.00017965769653987846,-4.107859429321832e-05,-4.4568318288246925e-05
flow/0000/042,042,10,12.5,0.03084373291731657,0.030469037578304728,0.003725123715449329,0.003984244740002556,0.00018734766950592036,-0.00012956051227661363,0.000316908181782534,0.0005224598694248163,7.65030342057306e-05,4.379485201622818e-05,0.00010663292237690636,-0.0001405493685201634,-0.00023739646628955055,-4.390531693623367e-05,-9.639089736050623e-05
flow/0000/042,042,11,13.75,0.03074254755237412,0.03053711918253236,0.003754048512432204,0.004012919250778715,0.00010271418492088097,-0.00012943536917325534,0.0002321495540941363,0.00036512843213161797,2.197298956272721e-05,-2.1311327403000097e-05,4.5066645392180527e-05,-0.000152748053653653,-0.00020116762897860545,-4.6851935765241434e-05,-0.00011697385829552084
flow/0000/043,043,0,0.0,0.006423684716988121,0.006414843260375539,0.0002431163157734106,0.000238993062333253,4.420728306290915e-06,2.0616267200788073e-06,2.3591015862121077e-06,-3.193026640980123e-05,1.3149897671265072e-05,1.6820295627155857e-05,1.964298633654396e-05,-1.0777235438464835e-06,7.159666730405603e-07,1.1837571285679152e-06,7.424506622553224e-06
flow/0000/043,043,1,1.25,0.00642179893206018,0.006445450674112934,0.00024189934587217436,0.00023961280707768354,-1.1825871026376923e-05,1.1432693972454096e-06,-1.2969140423622333e-05,1.7707557290703438e-05,-1.090850978805553e-05,-2.3887789229245972e-05,-3.0214742378908976e-05,-6.082078285335016e-07,4.3740088969241003e-07,-4.976864394706936e-07,5.241570967293478e-06
flow/0000/043,043,2,2.5,0.006423554555199827,0.006418818538934699,0.00024252055581569328,0.000238262667671263,2.368008132564055e-06,2.128944072215142e-06,2.390640603489128e-07,4.753464078139898e-05,5.919794034059053e-07,-2.215391145651271e-05,-1.6500676198036822e-05,4.5013293992322726e-07,1.601038545910496e-07,-1.6872996819774209e-06,9.592839176323698e-06
flow/0000/043,043,3,3.75,0.006401293680961637,0.0064256141377116785,0.00024076954478068137,0.00023663255747242173,-1.2160228375020926e-05,2.068493654129816e-06,-1.4228722029150742e-05,4.249169129718028e-05,-1.7465424598627453e-05,-3.672780883173972e-05,-3.693937136689616e-05,1.2001896596179146e-06,-4.5104836034287013e-07,-1.7984217943799803e-06,9.3232551116242e-06
flow/0000/043,043,4,5.0,0.006416151002887897,0.006413320209517456,0.0002397778893557346,0.00023810737737127587,1.4153966852205324e-06,8.352559922293688e-07,5.801406929911636e-07,5.305438092070153e-05,-7.504011838904614e-06,-1.6789396358793136e-05,-2.3099385982123383e-05,1.4119684156272208e-06,-6.054683817846091e-07,-1.8133868912617216e-06,4.347910826336531e-06
flow/0000/043,043,5,6.25,0.0064343519790269876,0.00641932826967173,0.00024056019883110172,0.00023795137242642523,7.511854677628993e-06,1.304413202338244e-06,6.207441475290749e-06,1.6919293977099396e-05,5.610092173637289e-06,1.2287172707937943e-07,7.3951608326990395e-06,1.2716562609739644e-06,6.709998014647818e-07,-1.200605702340086e-06,4.4756024492543156e-06
flow/0000/043,043,6,7.5,0.00642243456484963,0.006427258396776,0.00023856179613803655,0.00024004139750982391,-2.4119159631849803e-06,-7.398006858936798e-07,-1.6721152772913004e-06,5.0242572104759655e-06,-4.555264632533605e-06,-5.924461961998636e-06,-4.192194468684296e-06,5.739762279540549e-07,2.114610603953332e-06,-3.606674785724983e-07,-5.287122096909601e-06
flow/0000/043,043,7,8.75,0.006421229089145516,0.00642366540030079,0.0002362088034079064,0.0002447824164395322,-1.2181555776370236e-06,-4.286806515812894e-06,3.0686509381758708e-06,-6.07782589586792e-07,-2.757219620947663e-06,1.6352360441137734e-06,-3.142856144128063e-06,-7.565021213384429e-07,5.341609344563998e-07,-9.319049630060366e-07,-1.5992979913363498e-05
flow/0000/043,043,8,10.0,0.006429806914085014,0.00643071074431464,0.00023684210925907717,0.00024277293045982912,-4.5191511481319085e-07,-2.965410600375975e-06,2.513495485562784e-06,-2.4761522722696822e-05,9.790320923334754e-07,6.728220379473033e-06,1.52466097916382e-05,-1.5780917511475637e-07,-6.646179555091028e-07,6.741431835399222e-07,-1.171335845442001e-05
flow/0000/043,043,9,11.25,0.00640982703243027,0.006418077418733013,0.00023792054288060774,0.0002425547576005831,-4.1251931513714216e-06,-2.317107359987679e-06,-1.8080857913837427e-06,-3.6752750295738655e-05,-4.627073994849847e-06,1.1023421631128644e-05,1.3855630053974388e-05,-6.689670367664675e-07,-9.825071673473832e-07,1.8507258867735452e-06,-9.467681122610498e-06
flow/0000/043,043,10,12.5,0.006423313279415241,0.006423367366331758,0.00023944845962238612,0.00024179534250098552,-2.7043458258359243e-08,-1.1734414392997028e-06,1.1463979810413436e-06,-5.206002304592025e-05,3.6093791308663623e-06,2.805798656017617e-05,2.0284483521846447e-05,-9.360024660432921e-07,-1.877605055401895e-06,2.042777570014214e-06,-3.922935805767791e-06
flow/0000/043,043,11,13.75,0.006451022133279744,0.006402818253180324,0.00024320170731813247,0.00023899456504694426,2.4101940049709846e-05,2.1035711355941035e-06,2.1998368914115743e-05,-3.6249871772775846e-05,3.2978845455383134e-05,4.7166523275156674e-05,5.251226324107586e-05,-4.768946781296299e-07,-2.589155566850009e-07,2.613524700592142e-06,6.536570076598849e-06
flow/0000/044,044,0,0.0,0.03351579915208034,0.03290318646170321,0.031258335743529875,0.030540870801789372,0.0003063063451885645,0.00035873247087025127,-5.2426125681686794e-05,0.00017070732169543155,0.00025277012557401064,0.00028041642205725234,0.0005213315114275599,0.00048714142848664543,0.0002998671177794031,0.00040762451714378145,0.00024029682007117338
flow/0000/044,044,1,1.25,0.03302090251379118,0.03330166673697221,0.030631568107577927,0.031151588391061198,-0.000140382111590516,-0.00026001014174163554,0.00011962803015111954,-6.0307783017840566e-05,-0.00011573448998727053,-9.197121571320743e-05,-0.0002935149576437403,-0.00022249610283734886,-0.00019488006809437013,-0.0004988917281357787,-0.00012377266789904712
flow/0000/044,044,2,2.5,0.03273856969041319,0.033437078032980384,0.03045677281047248,0.031248537418626838,-0.00034925417128359865,-0.00039588230407717855,4.66281327935799e-05,-0.00021793289786920488,-0.00033740189773173897,-0.00028485878255739977,-0.0005568231069760544,-0.0004227886410915552,-0.00028971768696062564,-0.0006574203251523934,-0.0002136025631041382
flow/0000/044,044,3,3.75,0.03255062822151436,0.0334736593470175,0.030267028458680102,0.03126004723910561,-0.0004615155627515702,-0.0004965093902127536,3.499382746118343e-05,-0.00029385752369483036,-0.0004197703774220154,-0.0003934613576264817,-0.0007389729922629602,-0.0005867508656867207,-0.000346364455140186,-0.0007467801783404421,-0.0003061420616836631
flow/0000/044,044,4,5.0,0.032744850547722346,0.03361948192090212,0.0303854661026524,0.031381024662789,-0.00043731568658988626,-0.0004977792800682987,6.046359347841243e-05,-0.00027833967170924796,-0.0003887421772175888,-0.0003902687033671935,-0.000691912194065513,-0.0005596504917844657,-0.0003452056569199693,-0.0007633762698279513,-0.00032288470174081114
flow/0000/044,044,5,6.25,0.03320518773236898,0.03359297124763251,0.031032772797847493,0.03127253359462562,-0.00019389175763176447,-0.00011988039838906235,-7.401135924270212e-05,-0.0001977728550766715,-0.0001741772056421606,-0.00019617147857372078,-0.00020744549123448766,-0.00012575536837572399,-6.945161069788451e-05,-0.00015380286799560744,-0.00013051174648704127
flow/0000/044,044,6,7.5,0.033363528788104606,0.03354161953177024,0.0311463163701452,0.031238480248202694,-8.904537183281741e-05,-4.608193902874702e-05,-4.296343280407039e-05,-0.00012040565513079388,-3.768525017882815e-05,-0.00011015166392893544,-8.79389180927087e-05,-7.264245624918897e-05,-4.361970299285485e-05,8.198165595683926e-06,-7.626376246862993e-05
flow/0000/044,044,7,8.75,0.033413155034123745,0.033554617046758314,0.031175523907277052,0.031245055952621205,-7.073100631728446e-05,-3.476602267207633e-05,-3.596498364520813e-05,-4.179763656765763e-05,5.382688292372706e-06,-9.677739718337575e-05,-0.00014973167981048585,-9.812753126623233e-05,-7.821424794318514e-05,9.53061238768288e-05,-5.802843535571492e-05
flow/0000/044,044,8,10.0,0.03350890425191133,0.0333133444384912,0.03125474724183206,0.031026984680872394,9.77799067100639e-05,0.00011388128047983351,-1.610137376976961e-05,9.343851730356581e-05,0.00012240766850526302,7.538994252372089e-05,9.98834985077128e-05,5.7877910362522794e-05,1.8491642872564898e-05,0.00031225360786587067,6.690196081836873e-05
flow/0000/044,044,9,11.25,0.03355636756682133,0.03279742961008316,0.03129446312609188,0.030474338237441927,0.0003794689783690845,0.0004100624443249771,-3.059346595589256e-05,0.00028642542471646847,0.00033194045058287415,0.00033184841556807565,0.0005676616226089164,0.0004076329050629046,0.00027089663973367366,0.0006900748052607146,0.00027164542724261633
flow/0000/044,044,10,12.5,0.03360949743218751,0.032660917214204485,0.03132756743410611,0.030424118766194636,0.00047429010899151247,0.00045172433395573863,2.256577503577384e-05,0.00036092803693388124,0.0003946916381059942,0.0004326721658509079,0.0007088685950752578,0.000518554565798024,0.00032893890690379943,0.0006609559283577635,0.0002984479347633564
flow/0000/044,044,11,13.75,0.0336720946380525,0.032627044140294076,0.03139409894723825,0.030340043765015867,0.0005225252488792118,0.0005270275911111906,-4.502342231978845e-06,0.0003263298163756253,0.00041170511142855915,0.0004815220858658889,0.0008705439818467615,0.0006642757334809658,0.00043612337090627104,0.0006498762666678135,0.000357834993389719
flow/0000/045,045,0,0.0,0.01928070525137576,0.019306787567897138,0.0011808176576049792,0.0011803569470733475,-1.304115826068937e-05,2.3035526581583268e-07,-1.3271513526505203e-05,-1.747247943171583e-05,-1.2962703674446012e-06,-3.3614028699892676e-05,2.1814545629605941e-07,-1.0850022612133878e-05,-3.3674883542891875e-07,1.2274211173781205e-05,-1.660186629549042e-07
flow/0000/045,045,1,1.25,0.019223516424969306,0.01937017114380899,0.0011777975543375034,0.001188941926248892,-7.332735941984261e-05,-5.572185955694331e-06,-6.775517346414828e-05,-3.5289402188276586e-05,-1.99776848754875e-05,-9.11180937505137e-05,-0.00014692425686509136,1.1601670329210731e-08,-2.039639355457261e-06,-2.0820779926769605e-05,5.600737891205671e-07
flow/0000/045,045,2,2.5,0.019234892449018142,0.01939440946464121,0.0011826111844671337,0.0011931449958698078,-7.975850781153336e-05,-5.266905701337035e-06,-7.449160211019633e-05,-5.9188896210168526e-05,-2.3282270932805174e-05,-0.00010564191442566893,-0.0001309209496774856,4.330520032818166e-06,-1.3929074446072118e-06,-2.5128056043332648e-05,1.1228206497734075e-06
flow/0000/045,045,3,3.75,0.019254716247547515,0.019409814376923955,0.0011781520745446584,0.0011956851245894687,-7.754906468821973e-05,-8.766525022405112e-06,-6.878253966581462e-05,-5.297902383778318e-05,-2.3633814074523404e-05,-8.667527159337413e-05,-0.0001469081492471956,2.4850914814260593e-06,-3.1095577210792265e-06,-3.534749299791574e-05,9.058591479486619e-07
flow/0000/045,045,4,5.0,0.01928380637716414,0.01942344799532197,0.0011786999722732299,0.001195662486512634,-6.982080907891493e-05,-8.48125711970201e-06,-6.133955195921292e-05,-4.956651987293465e-05,-2.2029231306315046e-05,-7.553753687195366e-05,-0.00013214994826445461,2.871340831667814e-06,-3.6562400438594034e-06,-3.3964976193977476e-05,8.248469273610001e-07
flow/0000/045,045,5,6.25,0.019347090121480056,0.019371222427948642,0.0011865960786349742,0.0011875123810797755,-1.2066153234293123e-05,-4.5815122240065124e-07,-1.1608002011892471e-05,-3.448017164367229e-05,-4.7133229905409364e-06,-4.351926236394535e-06,-4.719192066567762e-06,5.575125412162046e-06,-3.5077005154264063e-07,-7.750129612322989e-06,6.931693621006258e-07
flow/0000/045,045,6,7.5,0.019364004006774658,0.01934181685824575,0.0011901889295708292,0.0011856794037608553,1.1093574264453912e-05,2.2547629049869417e-06,8.83881135946697e-06,-6.915739318936499e-06,3.157581955752411e-06,2.66961662948699e-05,2.143628812613027e-05,1.102707526085293e-05,4.1790645884099125e-07,-2.3074942752693717e-06,-1.1843582447737923e-07
flow/0000/045,045,7,8.75,0.01938644355665453,0.019314086859259137,0.0011912324404609888,0.0011877144436714887,3.617834869769701e-05,1.7589983947500446e-06,3.4419350302946966e-05,2.805683981425746e-05,1.0533024196547613e-05,5.832192528057792e-05,4.780160549940071e-05,1.2789609332390807e-05,2.1552106177616165e-07,-5.096050252848981e-06,-8.730865623175894e-07
flow/0000/045,045,8,10.0,0.019423636385926202,0.019258621644232574,0.0011959129463854907,0.00117980426974357,8.250737084681409e-05,8.0543383209604e-06,7.445303252585369e-05,6.655705404879936e-05,2.3561375714249277e-05,0.0001072722553028798,0.00013263879832133355,7.405875333189315e-06,3.73998098769689e-06,2.169529782271003e-05,-6.23800859754795e-07
flow/0000/045,045,9,11.25,0.019405526785459627,0.019220430274647704,0.0011925134267955781,0.0011790608614040735,9.25482554059616e-05,6.726282695752308e-06,8.582197271020929e-05,7.567833272685998e-05,2.6640398414927435e-05,0.00010597647107031885,0.0001618978194117375,-4.938743708169429e-06,3.0029499904936016e-06,2.988810554449008e-05,-1.0471810438047498e-06
flow/0000/045,045,10,12.5,0.019372795197541787,0.01924297052381325,0.0011879395553863125,0.0011831408296898657,6.491233686426769e-05,2.399362848223407e-06,6.251297401604428e-05,6.385500046802994e-05,1.8799106490988236e-05,7.488830299239371e-05,0.00010210693750566449,-1.5484993941477005e-05,6.219177952827186e-07,2.5541447569653666e-05,-1.0809200305651397e-06
flow/0000/045,045,11,13.75,0.019337651883213212,0.0192706767843433,0.0011910638232906791,0.0011770775152737658,3.348754943495631e-05,6.993154008456655e-06,2.6494395426499657e-05,1.8646501375416645e-05,1.0975549093108095e-05,1.63477043338342e-05,8.798044293746934e-05,-1.4562784439960431e-05,2.4987016297521028e-06,4.02469458588078e-05,-2.1024701477288685e-07
flow/0000/046,046,0,0.0,0.028731921313933755,0.028808815807430912,0.001172841911047347,0.0011913586246027374,-3.844724674857865e-05,-9.258356777695222e-06,-2.9188889970883426e-05,-7.076153522628595e-05,-2.727580761172424e-05,-5.41371920813917e-05,-1.6144520749083666e-06,1.9870443208173136e-07,-1.5676320771360053e-05,-2.1902509722552762e-05,3.466989510498425e-07
flow/0000/046,046,1,1.25,0.028855122109111682,0.028667520651633846,0.00120583432295233,0.0011534981865892224,9.380072873891795e-05,2.6168068181553852e-05,6.76326605573641e-05,0.00012058257661377164,0.00011541715696526504,0.00012687782242883777,1.2325358947793026e-05,1.663756735130535e-05,2.9091336015611897e-05,2.519064050628074e-05,3.3752728853017285e-05
flow/0000/046,046,2,2.5,0.028740008996415947,0.028797202499214577,0.0011965039123034188,0.0011576416370056646,-2.859675139931482e-05,1.943113764887709e-05,-4.802788904819191e-05,-1.1138762663870372e-05,-2.251475020576335e-05,-5.4405698353805765e-05,-2.632779437382153e-05,1.0628563114171389e-05,2.6538041125227893e-05,1.7088969476827115e-05,2.346897687928169e-05
flow/0000/046,046,3,3.75,0.028839086623760342,0.028778554446189236,0.0012001480223459667,0.001156264005974026,3.026608878555284e-05,2.1942008185970403e-05,8.324080599582439e-06,4.936122973598148e-05,4.026751565500315e-05,4.143983331714174e-05,-1.0004223565908063e-05,1.1636494013330306e-05,2.869809742486306e-05,1.7480377938815825e-05,2.995306336687272e-05
flow/0000/046,046,4,5.0,0.028806028662371513,0.02872623958753747,0.001196467147947055,0.0011531699035043082,3.9894537417020995e-05,2.1648622221373472e-05,1.8245915195647523e-05,6.430985085697019e-05,4.434302415642216e-05,5.741108114599991e-05,-6.485806491312619e-06,9.124057232632292e-06,2.8447377163304298e-05,2.3503521102528338e-05,2.5519533387029203e-05
flow/0000/046,046,5,6.25,0.028672538896239184,0.028807371044605738,0.0011612759328277114,0.0011683977233185345,-6.741607418327654e-05,-3.5608952454115484e-06,-6.385517893786499e-05,-8.205844350314337e-05,-7.552775698384598e-05,-8.91928067275824e-05,-2.2885289518537882e-05,-3.2789125774880827e-06,-1.2632174365687955e-06,-9.321247225973703e-06,-3.802037416155042e-07
flow/0000/046,046,6,7.5,0.028797145806712804,0.028775618155551467,0.0011646383349102625,0.0011739484298627938,1.0763825580668504e-05,-4.655047476265651e-06,1.5418873056934155e-05,1.205444153806745e-05,9.565784023678886e-06,1.7889995701434597e-05,3.545081059496552e-06,-1.8821472173150596e-06,-2.936919590815104e-06,-4.975729561024493e-06,-8.825393535907594e-06
flow/0000/046,046,7,8.75,0.02882896272335447,0.028624149154543612,0.001164458807595981,0.0011699149941642524,0.00010240678440542883,-2.7280932841357514e-06,0.00010513487768956458,0.0001278484482369821,0.00010871133559103331,0.00014162005481391585,3.1447298979791864e-05,1.1755668333503732e-06,-1.2151638018168855e-06,4.983621355287497e-06,-1.5856397523364234e-05
flow/0000/046,046,8,10.0,0.028742760474985436,0.02874559262186488,0.0011565127517202394,0.0011815891328717004,-1.4160734397219293e-06,-1.2538190575730524e-05,1.1122117136008595e-05,6.104977194339167e-06,-1.6718495368503797e-05,-4.145063023274637e-06,9.09428743854808e-06,-9.501187267689666e-06,-1.264775848234753e-05,-1.377716442526179e-06,-2.6626100110358668e-05
flow/0000/046,046,9,11.25,0.028773440592699453,0.028824583752401784,0.0011575524269675517,0.0012047827837755687,-2.557157985116562e-05,-2.3615178404008523e-05,-1.9564014471570986e-06,-3.696382930566677e-05,-3.935683017464685e-05,-3.719495683029983e-05,1.1229296905942293e-05,-1.4035790572863817e-05,-2.8713346261186805e-05,-1.713630658902593e-05,-3.457527019295743e-05
flow/0000/046,046,10,12.5,0.028780847784999147,0.02874178826123032,0.0011653372208180763,0.0011947190719237598,1.9529761884413965e-05,-1.4690925552841762e-05,3.422068743725573e-05,1.3943089252309304e-06,1.44814830544647e-05,3.9436535434422826e-05,2.280672012354261e-05,-8.717878626347966e-06,-2.371122737374043e-05,-1.2341683724440152e-05,-1.3992912486839124e-05
flow/0000/046,046,11,13.75,0.028613704202606907,0.028879013646283577,0.0011624598916961906,0.0011990516199668296,-0.00013265472183833504,-1.8295864135319494e-05,-0.00011435885770301555,-0.00017799941923640067,-0.00014870199878621454,-0.00018196218445556273,-2.1955284875160505e-05,-1.2301409986963883e-05,-2.650136095550112e-05,-2.147924509360473e-05,-1.2901440505208323e-05
flow/0000/047,047,0,0.0,0.0058583949351681385,0.005881740393275591,0.0009811344061062264,0.0009804848680278094,-1.1672729053726141e-05,3.2476903920851397e-07,-1.1997498092934655e-05,-1.952415613491851e-05,-2.5144153731207833e-06,-2.1023419556490466e-05,-3.628925150376324e-06,1.0640182996659025e-06,3.265971178826693e-07,1.7227703195527282e-06,-1.8143095802671764e-06
flow/0000/047,047,1,1.25,0.005879556911722265,0.005856113843805331,0.0009817809516848221,0.0009811830711413804,1.1721533958466979e-05,2.9894027172086557e-07,1.1422593686746113e-05,8.003769979302022e-06,1.5251736893562209e-05,2.3721402815198717e-05,-9.07738541928646e-08,6.35442350846216e-07,2.707903551479418e-07,4.031873443267192e-06,-3.742345062377698e-06
flow/0000/047,047,2,2.5,0.005850288411686043,0.0058801877705665995,0.0009869608387463496,0.0009757192254514552,-1.4949679440278123e-05,5.620806647447152e-06,-2.0570486087725275e-05,-1.4469655731940562e-05,-1.6680176304613957e-05,-7.509856001086147e-06,-2.113902972347226e-05,1.229934350047905e-06,2.1160123335508385e-06,1.0781123634038842e-05,8.356156272151089e-06
flow/0000/047,047,3,3.75,0.005870559309090792,0.005871144672163525,0.0009820519094286858,0.0009764392336811699,-2.9268153636666586e-07,2.8063378737579973e-06,-3.099019410124663e-06,-5.191133757304154e-06,-1.947487263336857e-06,1.5339174052124774e-05,-9.371279176950426e-06,6.525602904589056e-07,1.3273661656923132e-06,7.064248815123221e-06,2.181176223757346e-06
flow/0000/047,047,4,5.0,0.00587207499275538,0.0058626633614381595,0.00098000321913396,0.0009756843896270458,4.7058156586103454e-06,2.1594147534571145e-06,2.546400905153231e-06,2.288654938440533e-06,-3.918662590417319e-06,2.5347676163672145e-05,-4.894405877251592e-06,3.5731648541804245e-07,9.152861408859427e-07,3.323320213165183e-06,4.041736174359304e-06
flow/0000/047,047,5,6.25,0.005851130501599196,0.005879113947782793,0.0009819136209081936,0.0009768063848592892,-1.3991723091798768e-05,2.5536180244522264e-06,-1.6545341116250994e-05,-1.588803862386727e-05,-1.672275796152844e-05,-1.338999792701006e-05,-9.966097854790384e-06,2.0291415155106987e-07,7.564430897711905e-07,2.9970412408182948e-06,6.258073615668445e-06
flow/0000/047,047,6,7.5,0.005880583661027434,0.005876253283168875,0.0009778829465925364,0.0009792417020908764,2.165188929279492e-06,-6.793777491700091e-07,2.844566678449501e-06,2.9487394426794093e-06,-6.638243361728122e-07,4.71487678794201e-06,1.6609638226676264e-06,-5.231578104034388e-07,-6.235746967732131e-07,-1.9111407226584092e-06,3.4036223315497046e-07
flow/0000/047,047,7,8.75,0.005879189152952001,0.005848839565139936,0.0009773451508495036,0.0009798633798057325,1.5174793906032238e-05,-1.2591144781144703e-06,1.6433908384146708e-05,2.1008197953823566e-05,9.811716913097224e-06,1.7464677489979936e-05,1.2414583267228007e-05,-7.030438848356355e-07,-1.5184552911933722e-06,-1.3765118461218917e-06,-1.4384468903069682e-06
flow/0000/047,047,8,10.0,0.005867263736341928,0.005856053685509345,0.0009740615546828327,0.0009811892078008726,5.60502541629114e-06,-3.563826559019952e-06,9.168851975311092e-06,1.5506105718147327e-05,4.0025633227611795e-06,-3.764788257204152e-06,6.676220881459988e-06,-1.425204705475221e-06,-1.2388195755344366e-06,-6.2866426117740015e-06,-5.304639343296216e-06
flow/0000/047,047,9,11.25,0.005870593914463753,0.005868955867904346,0.0009766710092822721,0.0009828646307502521,8.190232797036789e-07,-3.0968107339899914e-06,3.91583401369367e-06,8.035973341439986e-06,5.588681409947512e-07,-1.4439591025125313e-05,9.120842661506593e-06,-9.584701790991729e-07,-1.1365959892925017e-06,-7.435205491355132e-06,-2.8569712762134027e-06
flow/0000/047,047,10,12.5,0.005874671791416509,0.005849905861933292,0.0009769142633067646,0.00098650821777137,1.2382964741608667e-05,-4.796977232302728e-06,1.7179941973911395e-05,1.1924063986251806e-05,1.591807730229799e-05,2.632798816254271e-06,1.9056918861631248e-05,-7.318734740052193e-07,-1.5170226197874103e-06,-9.403835157650777e-06,-7.535177677767601e-06
flow/0000/047,047,11,13.75,0.0058500915296542215,0.005882554729922001,0.0009791375172833157,0.000981714996244852,-1.6231600133889863e-05,-1.2887394807681828e-06,-1.494286065312168e-05,-1.702650378769023e-05,-8.393226943176693e-06,-3.699344675213e-05,-2.513223052562092e-06,1.1817250419066138e-07,3.0171403675760035e-07,-4.5043911368954515e-06,-1.07045332712588e-06
flow/0000/048,048,0,0.0,0.01804967555902858,0.018004303427649686,0.008699753631894642,0.00862497244058019,2.2686065689447865e-05,3.739059565722579e-05,-1.4704529967777928e-05,1.675394241776925e-05,4.2386969419687046e-05,1.433681923489541e-05,1.7266531685437153e-05,5.590568251239922e-05,5.248278681700257e-05,2.5010273899060773e-05,1.6163639400439307e-05
flow/0000/048,048,1,1.25,0.017983631222242984,0.01807762076194026,0.008598758954955812,0.008744541396326857,-4.699476984863782e-05,-7.289122068552222e-05,2.5896450836884397e-05,-5.064358564243077e-05,-5.373473365722671e-05,-3.9852298082810114e-05,-4.374846201209235e-05,-0.00010651836486438946,-9.645846860945658e-05,-6.900332666592542e-05,-1.9584722602318267e-05
flow/0000/048,048,2,2.5,0.017962148850104196,0.018102328634125364,0.008614002735970173,0.008732680220494024,-7.008989201058406e-05,-5.933874226192546e-05,-1.0751149748658602e-05,-0.0001101372797987013,-6.276525559624664e-05,-4.5867995223981134e-05,-6.158903742340804e-05,-9.440875923985657e-05,-9.272599782686117e-05,-4.937590701161896e-05,-8.44304969365578e-07
flow/0000/048,048,3,3.75,0.017963582015637986,0.01810786096243097,0.008594151772605614,0.008724036518406225,-7.213947339649272e-05,-6.494237290030538e-05,-7.197100496187346e-06,-0.00011003436535227378,-6.891712623850917e-05,-4.646183808994578e-05,-6.314456390524303e-05,-9.831937502884948e-05,-0.00010100650276869891,-5.339533306952804e-05,-7.048280734145949e-06
flow/0000/048,048,4,5.0,0.017989203092040593,0.018113021320140525,0.008619841979682338,0.008718318995527117,-6.190911404996627e-05,-4.9238507922389103e-05,-1.2670606127577165e-05,-8.03300686537103e-05,-7.01195905282153e-05,-4.31654142851335e-05,-5.402138273279556e-05,-7.965938402397944e-05,-7.421154026381223e-05,-3.712720857047087e-05,-5.955898831292144e-06
flow/0000/048,048,5,6.25,0.018053345202845846,0.01810034821210466,0.008726827078794077,0.00868804661078934,-2.3501504629406395e-05,1.9390234002368036e-05,-4.289173863177443e-05,-6.111592579769853e-05,-9.013515549624249e-06,-1.2478970124454522e-05,-1.1397607045844811e-05,1.9608674849927628e-05,2.001477960863942e-05,2.0905192256821022e-05,1.703228929408494e-05
flow/0000/048,048,6,7.5,0.018076228329976525,0.018096471396335516,0.008716407768740778,0.008706100382632826,-1.0121533179495434e-05,5.153693053976116e-06,-1.527522623347155e-05,-2.4279470201234166e-05,-6.243926259830515e-06,-1.3685885417651783e-05,3.7231491607381956e-06,1.941112587977231e-06,1.8816517443807912e-05,3.856016567103156e-06,-3.998874382985136e-06
flow/0000/048,048,7,8.75,0.018082620958389757,0.018079289314613785,0.008697415298856502,0.008727021735615981,1.6658218879861408e-06,-1.4803218379739504e-05,1.6469040267725644e-05,1.9789651321973876e-05,-1.951110033879093e-05,-4.93741784802354e-06,1.132215441678689e-05,-2.046082311389901e-05,-4.3376304348727995e-06,-1.3783147549528002e-05,-2.0631272420659937e-05
flow/0000/048,048,8,10.0,0.01810383822887184,0.01802445584744835,0.0087068393238222,0.008682112390645503,3.969119071174469e-05,1.2363466588348297e-05,2.7327724123396395e-05,6.27465378408203e-05,2.876158168180383e-05,3.111101467868395e-05,3.614562864566635e-05,2.3350289805782777e-05,2.6243355579870682e-05,1.253301433407723e-05,-1.26727933663375e-05
flow/0000/048,048,9,11.25,0.018114112940132543,0.01797019607150161,0.008708041932680944,0.008603201939547946,7.195843431546597e-05,5.241999656649919e-05,1.9538437748966783e-05,0.0001172117364683237,6.128278600979302e-05,5.485651039099926e-05,5.4482704392748785e-05,8.290872776567024e-05,7.725412810115351e-05,4.763900329476413e-05,1.8781271044067231e-06
flow/0000/048,048,10,12.5,0.018118627053706496,0.017959289682817074,0.008723750934632776,0.008617035638657216,7.966868544471116e-05,5.335764798778016e-05,2.6311037456931002e-05,0.00013583651100396513,6.836101531610544e-05,5.612060390206182e-05,5.835661155671485e-05,9.013195469653821e-05,7.204827064604281e-05,4.506660137718228e-05,6.183765231355595e-06
flow/0000/048,048,11,13.75,0.0181031820094261,0.01796841455402166,0.008746529095646837,0.008589748514590176,6.738372770222038e-05,7.839029052833079e-05,-1.1006562826110407e-05,8.114861326770709e-05,8.801763719683969e-05,4.9251568180025754e-05,5.111709216431247e-05,0.00011756590887388677,0.00010259572659385412,6.587861077382096e-05,2.7520915871759137e-05
flow/0000/049,049,0,0.0,0.00229032384282863,0.0022769010817754913,8.290017360798599e-07,8.242484754558616e-07,6.7113805265694125e-06,2.3766303119991895e-09,6.7090038962574135e-06,9.669257790931524e-06,9.510570095387898e-06,1.7090755653639367e-06,5.956618654594562e-06,4.39284780436028e-09,7.478506247004169e-10,2.930267299325247e-09,1.435555519611052e-09
flow/0000/049,049,1,1.25,0.00227072086321342,0.002287526471760945,8.32745632545938e-07,8.043398708086923e-07,-8.402804273762625e-06,1.4202880868622837e-08,-8.417007154631248e-06,-1.2622110104098909e-05,-1.2778903493072206e-05,-3.0132828643575946e-06,-5.1969206335224965e-06,2.6251917450473118e-08,4.469197172488795e-09,1.7511442776100336e-08,8.57896607542918e-09
flow/0000/049,049,2,2.5,0.002294845859077732,0.0023008213000185263,8.480966609767292e-07,6.723545040722266e-07,-2.9877204703971857e-06,8.787107845225127e-08,-3.075591548849437e-06,-8.669458943189002e-06,-1.630495326013356e-05,2.875307881079086e-06,1.0148222440654626e-05,1.628025709883917e-07,2.757646491592519e-08,1.0790240663739446e-07,5.3202871267293726e-08
flow/0000/049,049,3,3.75,0.0022687179223428323,0.0022881678290266995,8.440372425077974e-07,6.611783412295147e-07,-9.724953341933625e-06,9.142945063914135e-08,-9.816382792572766e-06,-1.6242385154908046e-05,-2.3657839054460304e-05,2.442829790207969e-08,9.759825437320952e-07,1.690644457944037e-07,2.8756444327501536e-08,1.1264770129878316e-07,5.5249211135877126e-08
flow/0000/049,049,4,5.0,0.0022690297886585613,0.002286366012912784,8.50110214255103e-07,6.501417804387738e-07,-8.668112127111285e-06,9.99842169081646e-08,-8.76809634401945e-06,-1.3967805050920821e-05,-2.0609078363301517e-05,-5.359858282433867e-07,4.404207340206372e-07,1.848059932116144e-07,3.1461869927553324e-08,1.2327555382796067e-07,6.03934506655299e-08
flow/0000/049,049,5,6.25,0.002291889443803239,0.002288407847508515,8.296699509195852e-07,6.72892866401146e-07,1.7407981473620791e-06,7.838854225921957e-08,1.6624096051028596e-06,1.2164550910729634e-06,-6.725227079775733e-06,3.164688252357123e-06,9.307276325793909e-06,1.4519012762729627e-07,2.4608935336422198e-08,9.630787603082577e-08,4.744723004233423e-08
flow/0000/049,049,6,7.5,0.0023002231104734166,0.002295126195865544,7.434278103701293e-07,7.367825414153881e-07,2.5484573039362586e-06,3.3226344773705953e-09,2.545134669458888e-06,2.862615415393085e-06,5.984519035607139e-06,-1.1508113442125186e-07,1.4617758991657907e-06,6.141396654038564e-09,1.0455286190212103e-09,4.096643670801802e-09,2.0069689656208313e-09
flow/0000/049,049,7,8.75,0.0022901661077732597,0.002296750881917265,6.695360212101792e-07,8.214232132933764e-07,-3.2923870720027136e-06,-7.594359604159863e-08,-3.216443475961115e-06,-3.660860308653908e-06,4.634473736584571e-06,-3.5759087667720855e-06,-1.0567252949169703e-05,-1.403796903132855e-07,-2.3895284654460895e-08,-9.362420101312309e-08,-4.5875208185525195e-08
flow/0000/049,049,8,10.0,0.0022843329513517123,0.002283264278124782,6.523401852986234e-07,8.603904580354066e-07,5.343366134651344e-07,-1.0402513636839157e-07,6.38361749833526e-07,3.0620399544879252e-06,7.329809089642002e-06,-1.0272672909571244e-06,-7.227235299311669e-06,-1.922750291085173e-07,-3.273341769301533e-08,-1.2825781323423226e-07,-6.283428543780115e-08
flow/0000/049,049,9,11.25,0.0022802776978005142,0.0022669606098227302,6.607166563325135e-07,8.436581149109819e-07,6.658543988892008e-06,-9.147072928923418e-08,6.750014718181242e-06,1.1879619508151171e-05,1.8972540089790078e-05,-8.66633105953054e-08,-4.131320331777805e-06,-1.694227952846609e-07,-2.8715508740450136e-08,-1.1237829364168162e-07,-5.536631949014389e-08
flow/0000/049,049,10,12.5,0.0023027300936667703,0.0022933740529295244,6.748685491787023e-07,8.518521351463741e-07,4.678020368622951e-06,-8.849179298383592e-08,4.766512161606787e-06,1.0879778749890191e-05,1.944555951367637e-05,-2.2989979174875465e-06,-9.314258871587103e-06,-1.6391580764058295e-07,-2.777829752665137e-08,-1.0870639787239378e-07,-5.356666889571588e-08
flow/0000/049,049,11,13.75,0.0022966858234021114,0.002274263107198967,7.947511377991173e-07,8.297268294063417e-07,1.121135810157217e-05,-1.7487845803612183e-08,1.1228845947375782e-05,1.664919383804835e-05,1.6590095036817963e-05,3.0785687535809614e-06,8.527574777840701e-06,-3.2323689951436166e-08,-5.502872590518739e-09,-2.1561638388496004e-08,-1.0563182283997612e-08
