key,value
FlyVis_version,1.2.0
FlyVis_commit,92b3845cc426dd309a1a0e1b3890156c42e14021
FlyVis_path,/opt/anaconda3/envs/flyvis_env/lib/python3.11/site-packages/flyvis/__init__.py
editable_install,false
installed_RECORD_hashes_verified,true
Python,3.11.14
torch,2.10.0
device,cpu
FLYVIS_ROOT_DIR,<FLYVIS_ROOT_DIR>
model_ids,"[""flow/0000/000"", ""flow/0000/001"", ""flow/0000/002"", ""flow/0000/003"", ""flow/0000/004"", ""flow/0000/005"", ""flow/0000/006"", ""flow/0000/007"", ""flow/0000/008"", ""flow/0000/009"", ""flow/0000/010"", ""flow/0000/011"", ""flow/0000/012"", ""flow/0000/013"", ""flow/0000/014"", ""flow/0000/015"", ""flow/0000/016"", ""flow/0000/017"", ""flow/0000/018"", ""flow/0000/019"", ""flow/0000/020"", ""flow/0000/021"", ""flow/0000/022"", ""flow/0000/023"", ""flow/0000/024"", ""flow/0000/025"", ""flow/0000/026"", ""flow/0000/027"", ""flow/0000/028"", ""flow/0000/029"", ""flow/0000/030"", ""flow/0000/031"", ""flow/0000/032"", ""flow/0000/033"", ""flow/0000/034"", ""flow/0000/035"", ""flow/0000/036"", ""flow/0000/037"", ""flow/0000/038"", ""flow/0000/039"", ""flow/0000/040"", ""flow/0000/041"", ""flow/0000/042"", ""flow/0000/043"", ""flow/0000/044"", ""flow/0000/045"", ""flow/0000/046"", ""flow/0000/047"", ""flow/0000/048"", ""flow/0000/049""]"
phases_deg,"[0.0, 1.25, 2.5, 3.75, 5.0, 6.25, 7.5, 8.75, 10.0, 11.25, 12.5, 13.75]"
conditions,"[""original"", ""mirror""]"
stimulus,3MIDD C=48 Original/Mirror canonical B1 single BoxEye
image_dimensions,382x382
inner_diameter_px,55
outer_diameter_px,382
BoxEye_extent,15
BoxEye_kernel_size,13
frames,50
dt_seconds,0.02
fade_in_seconds,1.0
analysis_frames_inclusive,10-49
integrations_expected,1200
integrations_completed,1200
model_phase_rows,600
decoded_join_rows,600
source_contribution_rows,38400
decoded_join_exact,true
source_ON,"[""Mi1"", ""Tm3""]"
targets_ON,"[""T4a"", ""T4b"", ""T4c"", ""T4d""]"
source_OFF,"[""Tm1"", ""Tm2"", ""Tm4"", ""Tm9""]"
targets_OFF,"[""T5a"", ""T5b"", ""T5c"", ""T5d""]"
aggregation,sum signed source edge currents per target cell; time mean frames 10-49; mean target cells within subtype; equal-weight mean of four subtypes
ON_A,(R_ON_original-R_ON_mirror)/2
OFF_A,(R_OFF_original-R_OFF_mirror)/2
I_ONOFF,ON_A-OFF_A; no post-hoc sign flip; no fitted source/spatial weights
primary_stats,P1 model-level phase-mean I vs zero; P2 Spearman model-level mean I vs A_flow; 10000 whole-model bootstrap draws; 20000 permutations; Holm over P1/P2; P3 descriptive only
random_seed,20261006
input_sha256,"{""<repository-root>/data/precomputed/supplementary/biological_constraints/B1/t4t5_activity_model_phase.csv"": ""88f4f4b6c0d52f75abbe1c608136420b1655e7a881e48fe10d667d2818d1a7b4"", ""<repository-root>/data/precomputed/fig04/official50_phase_pairs.csv"": ""c89eec320fb486f2f75626b727a581bbb0286fa7a7088e9bba004620f98457d3"", ""<repository-root>/data/precomputed/fig04/phase_stimulus_manifest.csv"": ""157d4c017fe820d3a811356c3e2c451f8ebd8398629b7585b1525e3dccb9871d""}"
stimulus_image_and_render_hashes,"{""000|0|mirror"": {""image_sha256"": ""bae7e04d77f43a177610ccc1d9dfb638fbe01296b69ac462e00fa5b2293a026d"", ""key"": ""3MIDD_048_p00__mirror"", ""rendered_hash_matches_manifest"": false, ""rendered_sha256_manifest"": ""3318e0f201660badacba48c9b8421d631730ce66e4e215031158f9a905899016"", ""rendered_sha256_observed"": ""95ccac4a43b2ce3101428c8ad255378481707b4f230146b8893eff4eea57ffca""}, ""000|0|original"": {""image_sha256"": ""55de889bf77d4ed148146e80de064406871b98fbc6362750a940c6f8d0526965"", ""key"": ""3MIDD_048_p00__original"", ""rendered_hash_matches_manifest"": false, ""rendered_sha256_manifest"": ""c64d770e6191feb1ac7e6eae9ed43e6847f2c5f5a346deaad3597d0b98796435"", ""rendered_sha256_observed"": ""12afbe0d8f29b9563a881012679693f6d2ef8364067a4eb0b1b6bcf4ba988bc3""}, ""000|10|mirror"": {""image_sha256"": ""96cc75d2f496cd2b04177ff0fe242de86e399edae3de87094cef68f8fff3da81"", ""key"": ""3MIDD_048_p10__mirror"", ""rendered_hash_matches_manifest"": false, ""rendered_sha256_manifest"": ""18dd718d50d364030ec34f91333a2b0a598018bf35e8c504e25cc877d2e96685"", ""rendered_sha256_observed"": ""2934d848523f6313a0158319aaf16a6e7cfaa5d6579753909f88d546ab6dfe19""}, ""000|10|original"": {""image_sha256"": ""4550b8320af6cd8f34965ee303437323c51d2f98cc166d0bce5d3f1f7b70aa8e"", ""key"": ""3MIDD_048_p10__original"", ""rendered_hash_matches_manifest"": false, ""rendered_sha256_manifest"": ""63a455c2f57130657be84c4c88aea4168fcea8ee9ba8d15320d57802b2dbeb34"", ""rendered_sha256_observed"": ""e779601fbeaf0348aa19838eacaf39b87f6ecaf697c7d8fb72cd3c10a03179cc""}, ""000|11|mirror"": {""image_sha256"": ""688b0cd10fcede1a61455aaa00e6a41623ef76bf51e194a97252fa035d320011"", ""key"": ""3MIDD_048_p11__mirror"", ""rendered_hash_matches_manifest"": false, ""rendered_sha256_manifest"": ""69ed896a69afe441ef455660ad9ffd953025efe3828d1b9e99673895d65c51f2"", ""rendered_sha256_observed"": ""210950a849d847fc3bcc16eecefeffe46654a115fffd9e1658600f506748f0a0""}, ""000|11|original"": {""image_sha256"": ""7a8f168925cd817566f65f95522d8d907d3d648650604476069565dc5b79c0b8"", ""key"": ""3MIDD_048_p11__original"", ""rendered_hash_matches_manifest"": false, ""rendered_sha256_manifest"": ""eece1064c38f97a155bfd03ba34f7df8a60451e3067af54e3ef554ecc1b1e852"", ""rendered_sha256_observed"": ""3f5234b16e90575e4082bf951b66033f81dac2d8cd6034771ce860f1414797c8""}, ""000|1|mirror"": {""image_sha256"": ""76ae87fe845b5de53b4efdcf569bb157b1e1cc9fadc2b60fe5517d72df68a38e"", ""key"": ""3MIDD_048_p01__mirror"", ""rendered_hash_matches_manifest"": false, ""rendered_sha256_manifest"": ""95504b1bb34d39f2c55d1675935bd2f5be0203be221aad0f465b4ae492d88fb9"", ""rendered_sha256_observed"": ""3a63e882bf189939a01ec47b4c9e738eb16f100a0a4911d8ed3c02b397fe4d38""}, ""000|1|original"": {""image_sha256"": ""b22202e274a4ea56acfb1ad5a84a000e3621004051215da0c5d1e7e7a356bd93"", ""key"": ""3MIDD_048_p01__original"", ""rendered_hash_matches_manifest"": false, ""rendered_sha256_manifest"": ""0b1c2d3ab1dd4c595cca56b1c2354afc8941d05185bc36537ebae1a0b4e863f8"", ""rendered_sha256_observed"": ""6268a51b09defd504cdac90309110fc9cba8efa8015b7525f3151e0f87baf592""}, ""000|2|mirror"": {""image_sha256"": ""4e34f3d68c63e1f5f70aab44089c0e29fda6613480247eb5dd9aa57513fe9726"", ""key"": ""3MIDD_048_p02__mirror"", ""rendered_hash_matches_manifest"": false, ""rendered_sha256_manifest"": ""e805edb26281908117820ac5aeeaa51eb6851d2dd0b1e0655f022c669316b1ed"", ""rendered_sha256_observed"": ""10290257862ec62d129306d7573496554a6db305a688ec221a41866476eeedf9""}, ""000|2|original"": {""image_sha256"": ""5ba531b1b46b3db2b707aec365d91759124b6d9be6e1b4fa913659121dbb0e35"", ""key"": ""3MIDD_048_p02__original"", ""rendered_hash_matches_manifest"": false, ""rendered_sha256_manifest"": ""cb3bcdee86ed1563d6ca820a1f7ed966c9e2db105159a47b083137c0ad345b7c"", ""rendered_sha256_observed"": ""a20ddfccb0fc8806cff1d5843be94f8e40606b63875d207055290d69b9b87637""}, ""000|3|mirror"": {""image_sha256"": ""ffb35a39466db44b67099d2beec9e4a872e7e675248262b0b113bc19f091698f"", ""key"": ""3MIDD_048_p03__mirror"", ""rendered_hash_matches_manifest"": false, ""rendered_sha256_manifest"": ""c58b6afb3158907f2ae38adb5638efc6b64bfcdb8e4d657be564a7b299b98fd3"", ""rendered_sha256_observed"": ""65fa4081b7cd9e8caf3faed1a8ad7b3c36d62f009637e3da2b06155681d1e8be""}, ""000|3|original"": {""image_sha256"": ""60b8be653d5af5a824f3e82b472356750990854ed67d77ac0d5c17e3a1865920"", ""key"": ""3MIDD_048_p03__original"", ""rendered_hash_matches_manifest"": false, ""rendered_sha256_manifest"": ""fdfff2fa8a89e028955e887fb853720cbffefadc4ae56baca47e7d66a472136e"", ""rendered_sha256_observed"": ""2a7933ae1f41135eaceea5a2acfd021b00c9ec153fdae1741b1576e361513f72""}, ""000|4|mirror"": {""image_sha256"": ""9f72bb61d48dd59b058a653aa23c1bfd8798b27122d7417b27d6a84e48592e41"", ""key"": ""3MIDD_048_p04__mirror"", ""rendered_hash_matches_manifest"": false, ""rendered_sha256_manifest"": ""7272d3a8380e1c53060155648a49dc96b22c2bdae607ab976591c5e67e17bf2d"", ""rendered_sha256_observed"": ""fe5664ad8fb1cf4227ca880ff3eaab8106d5900a8d050a44d025f3ca2ae11818""}, ""000|4|original"": {""image_sha256"": ""a2213590cc067a63b6d9027ac537325df2642346f5b200339ce100b64b2ae2ae"", ""key"": ""3MIDD_048_p04__original"", ""rendered_hash_matches_manifest"": false, ""rendered_sha256_manifest"": ""b068b151fff6ad7dddc9c03f9be97a65ae58a0acc44f6ad70e298c166a9052f1"", ""rendered_sha256_observed"": ""e277bd9d0b2d2758cf23bbbe9a1eaedfb6ea9503c272e5b19db662e2c8fc1bf2""}, ""000|5|mirror"": {""image_sha256"": ""fb9353386392c1974dbc4c584fdfacd6711167492e54e5c481558dd4d987abdd"", ""key"": ""3MIDD_048_p05__mirror"", ""rendered_hash_matches_manifest"": false, ""rendered_sha256_manifest"": ""7534be0114b31d7c892fc08d18b989faf13742d8a65cdfcb17201a60cdce9d79"", ""rendered_sha256_observed"": ""238122e498c334c6a42104de3aee64dcc958c0d93163624a5ca61ed6076eb17c""}, ""000|5|original"": {""image_sha256"": ""8c421d48f329fdce70ec385017a55ca019b0eda1ada605fbb260a969cfad57bf"", ""key"": ""3MIDD_048_p05__original"", ""rendered_hash_matches_manifest"": false, ""rendered_sha256_manifest"": ""c4cea68a0cd7b22c133c006f0fd5efb687e79f8547549b7580d20a8f4f044239"", ""rendered_sha256_observed"": ""9d3edacad216b2fabbf82a2b46244320b2ba7b95e5856853cb910c57f4db04bb""}, ""000|6|mirror"": {""image_sha256"": ""2539e65a0e90bbcf7940f8489358d68ca2e72794ffc47f7eea9de4d83873a421"", ""key"": ""3MIDD_048_p06__mirror"", ""rendered_hash_matches_manifest"": false, ""rendered_sha256_manifest"": ""355eef0412c959425875ac1f378309e1db970dbd87806e2a94ff8a5df7817751"", ""rendered_sha256_observed"": ""4744ba7f3ddddef5e613244e941287086f6a1f9894fc3f5e33b883d99cc3e69c""}, ""000|6|original"": {""image_sha256"": ""d9166aeb478c215ddd59c92dee3c5f8331e591539cdbf6ea15da8f3bc829c5a7"", ""key"": ""3MIDD_048_p06__original"", ""rendered_hash_matches_manifest"": false, ""rendered_sha256_manifest"": ""3b0ca74600905a34d807c5e518b0dadc62763cec203734119b92f816134d3365"", ""rendered_sha256_observed"": ""d30baa041727819a706dda1a1c7d83d1b1a9f793d60effda5619c67517789e59""}, ""000|7|mirror"": {""image_sha256"": ""c03e06da1762c4b589c163595a86622c9396bc9173a5e52a948d6e56e131a9d7"", ""key"": ""3MIDD_048_p07__mirror"", ""rendered_hash_matches_manifest"": false, ""rendered_sha256_manifest"": ""f2fdf26272a9f966e67d48b002aa73b53a33b56439a1589b0cdbeecdf4aac812"", ""rendered_sha256_observed"": ""3eac954cc77c27f0e1d9a051de97555513645c480fa4423b609d84f2fdd95106""}, ""000|7|original"": {""image_sha256"": ""592326bd04173d519dd91155d024aea283335c9b3a5ee1adbd65bb3e9d7c02ce"", ""key"": ""3MIDD_048_p07__original"", ""rendered_hash_matches_manifest"": false, ""rendered_sha256_manifest"": ""6b00971f871a2480de03ca9d75d0751c7f7e9115afc377274dd7008d8601e29d"", ""rendered_sha256_observed"": ""a1533a72b12334608bdd552fd9fdde7e0de37004e56302e573e67105b3170f6d""}, ""000|8|mirror"": {""image_sha256"": ""4d409fd7f2e7211c67e53cdd47291c912a592855a96c10591f9fdaae00cf5274"", ""key"": ""3MIDD_048_p08__mirror"", ""rendered_hash_matches_manifest"": false, ""rendered_sha256_manifest"": ""6a43378923a6dc92ab9cb3e3261a4542cfedfa7aba0b678402c61b2b69de1bc1"", ""rendered_sha256_observed"": ""43d088d06bcd7c7d1d53535e17aed0a31e2658e85c5ef0bb2e1fc890de1dc2e1""}, ""000|8|original"": {""image_sha256"": ""9e489be2590f66c123eda42b3a8cf2dc16cab61a6c788e25436002ff33c3bf23"", ""key"": ""3MIDD_048_p08__original"", ""rendered_hash_matches_manifest"": false, ""rendered_sha256_manifest"": ""6df1617532c48b9961f28429fa2794c14533f613d1038278b8c1e5fbcfafa811"", ""rendered_sha256_observed"": ""b9a1cdcdb78d434af31b70623c801c8cf4d64eb31eb82f3818b5206211b20888""}, ""000|9|mirror"": {""image_sha256"": ""590d24d23f57640236e3456066c73c937f94c7aa27318cee3bab578718eb3c72"", ""key"": ""3MIDD_048_p09__mirror"", ""rendered_hash_matches_manifest"": false, ""rendered_sha256_manifest"": ""fffbf428c90dc1a574d44ec590f3025fcb0e6946e6ade239ee2103066e332ffd"", ""rendered_sha256_observed"": ""977daf24eab5d7697a7724086f4ba65c6b79e74eea9e756a3fb89d5ac6915d6b""}, ""000|9|original"": {""image_sha256"": ""b099e4e04c23584b7e1103c4fb6faca25787a2d443f977fd37e962592c6ee560"", ""key"": ""3MIDD_048_p09__original"", ""rendered_hash_matches_manifest"": false, ""rendered_sha256_manifest"": ""f6000bef78eeb2eee55b544e2e92dc4b5f4817718c94242e364664c682512599"", ""rendered_sha256_observed"": ""1ec8d847e014b9317edfe33d2542e6679dc82482fc277dbf482863bfaef62c3f""}, ""001|0|mirror"": {""image_sha256"": ""bae7e04d77f43a177610ccc1d9dfb638fbe01296b69ac462e00fa5b2293a026d"", ""key"": ""3MIDD_048_p00__mirror"", ""rendered_hash_matches_manifest"": false, ""rendered_sha256_manifest"": ""3318e0f201660badacba48c9b8421d631730ce66e4e215031158f9a905899016"", ""rendered_sha256_observed"": ""95ccac4a43b2ce3101428c8ad255378481707b4f230146b8893eff4eea57ffca""}, ""001|0|original"": {""image_sha256"": ""55de889bf77d4ed148146e80de064406871b98fbc6362750a940c6f8d0526965"", ""key"": ""3MIDD_048_p00__original"", ""rendered_hash_matches_manifest"": false, ""rendered_sha256_manifest"": ""c64d770e6191feb1ac7e6eae9ed43e6847f2c5f5a346deaad3597d0b98796435"", ""rendered_sha256_observed"": ""12afbe0d8f29b9563a881012679693f6d2ef8364067a4eb0b1b6bcf4ba988bc3""}, ""001|10|mirror"": {""image_sha256"": ""96cc75d2f496cd2b04177ff0fe242de86e399edae3de87094cef68f8fff3da81"", ""key"": ""3MIDD_048_p10__mirror"", ""rendered_hash_matches_manifest"": false, ""rendered_sha256_manifest"": ""18dd718d50d364030ec34f91333a2b0a598018bf35e8c504e25cc877d2e96685"", ""rendered_sha256_observed"": ""2934d848523f6313a0158319aaf16a6e7cfaa5d6579753909f88d546ab6dfe19""}, ""001|10|original"": {""image_sha256"": ""4550b8320af6cd8f34965ee303437323c51d2f98cc166d0bce5d3f1f7b70aa8e"", ""key"": ""3MIDD_048_p10__original"", ""rendered_hash_matches_manifest"": false, ""rendered_sha256_manifest"": ""63a455c2f57130657be84c4c88aea4168fcea8ee9ba8d15320d57802b2dbeb34"", ""rendered_sha256_observed"": ""e779601fbeaf0348aa19838eacaf39b87f6ecaf697c7d8fb72cd3c10a03179cc""}, ""001|11|mirror"": {""image_sha256"": ""688b0cd10fcede1a61455aaa00e6a41623ef76bf51e194a97252fa035d320011"", ""key"": ""3MIDD_048_p11__mirror"", ""rendered_hash_matches_manifest"": false, ""rendered_sha256_manifest"": ""69ed896a69afe441ef455660ad9ffd953025efe3828d1b9e99673895d65c51f2"", ""rendered_sha256_observed"": ""210950a849d847fc3bcc16eecefeffe46654a115fffd9e1658600f506748f0a0""}, ""001|11|original"": {""image_sha256"": ""7a8f168925cd817566f65f95522d8d907d3d648650604476069565dc5b79c0b8"", ""key"": ""3MIDD_048_p11__original"", ""rendered_hash_matches_manifest"": false, ""rendered_sha256_manifest"": ""eece1064c38f97a155bfd03ba34f7df8a60451e3067af54e3ef554ecc1b1e852"", ""rendered_sha256_observed"": ""3f5234b16e90575e4082bf951b66033f81dac2d8cd6034771ce860f1414797c8""}, ""001|1|mirror"": {""image_sha256"": ""76ae87fe845b5de53b4efdcf569bb157b1e1cc9fadc2b60fe5517d72df68a38e"", ""key"": ""3MIDD_048_p01__mirror"", ""rendered_hash_matches_manifest"": false, ""rendered_sha256_manifest"": ""95504b1bb34d39f2c55d1675935bd2f5be0203be221aad0f465b4ae492d88fb9"", ""rendered_sha256_observed"": ""3a63e882bf189939a01ec47b4c9e738eb16f100a0a4911d8ed3c02b397fe4d38""}, ""001|1|original"": {""image_sha256"": ""b22202e274a4ea56acfb1ad5a84a000e3621004051215da0c5d1e7e7a356bd93"", ""key"": ""3MIDD_048_p01__original"", ""rendered_hash_matches_manifest"": false, ""rendered_sha256_manifest"": ""0b1c2d3ab1dd4c595cca56b1c2354afc8941d05185bc36537ebae1a0b4e863f8"", ""rendered_sha256_observed"": ""6268a51b09defd504cdac90309110fc9cba8efa8015b7525f3151e0f87baf592""}, ""001|2|mirror"": {""image_sha256"": ""4e34f3d68c63e1f5f70aab44089c0e29fda6613480247eb5dd9aa57513fe9726"", ""key"": ""3MIDD_048_p02__mirror"", ""rendered_hash_matches_manifest"": false, ""rendered_sha256_manifest"": ""e805edb26281908117820ac5aeeaa51eb6851d2dd0b1e0655f022c669316b1ed"", ""rendered_sha256_observed"": ""10290257862ec62d129306d7573496554a6db305a688ec221a41866476eeedf9""}, ""001|2|original"": {""image_sha256"": ""5ba531b1b46b3db2b707aec365d91759124b6d9be6e1b4fa913659121dbb0e35"", ""key"": ""3MIDD_048_p02__original"", ""rendered_hash_matches_manifest"": false, ""rendered_sha256_manifest"": ""cb3bcdee86ed1563d6ca820a1f7ed966c9e2db105159a47b083137c0ad345b7c"", ""rendered_sha256_observed"": ""a20ddfccb0fc8806cff1d5843be94f8e40606b63875d207055290d69b9b87637""}, ""001|3|mirror"": {""image_sha256"": ""ffb35a39466db44b67099d2beec9e4a872e7e675248262b0b113bc19f091698f"", ""key"": ""3MIDD_048_p03__mirror"", ""rendered_hash_matches_manifest"": false, ""rendered_sha256_manifest"": ""c58b6afb3158907f2ae38adb5638efc6b64bfcdb8e4d657be564a7b299b98fd3"", ""rendered_sha256_observed"": ""65fa4081b7cd9e8caf3faed1a8ad7b3c36d62f009637e3da2b06155681d1e8be""}, ""001|3|original"": {""image_sha256"": ""60b8be653d5af5a824f3e82b472356750990854ed67d77ac0d5c17e3a1865920"", ""key"": ""3MIDD_048_p03__original"", ""rendered_hash_matches_manifest"": false, ""rendered_sha256_manifest"": ""fdfff2fa8a89e028955e887fb853720cbffefadc4ae56baca47e7d66a472136e"", ""rendered_sha256_observed"": ""2a7933ae1f41135eaceea5a2acfd021b00c9ec153fdae1741b1576e361513f72""}, ""001|4|mirror"": {""image_sha256"": ""9f72bb61d48dd59b058a653aa23c1bfd8798b27122d7417b27d6a84e48592e41"", ""key"": ""3MIDD_048_p04__mirror"", ""rendered_hash_matches_manifest"": false, ""rendered_sha256_manifest"": ""7272d3a8380e1c53060155648a49dc96b22c2bdae607ab976591c5e67e17bf2d"", ""rendered_sha256_observed"": ""fe5664ad8fb1cf4227ca880ff3eaab8106d5900a8d050a44d025f3ca2ae11818""}, ""001|4|original"": {""image_sha256"": ""a2213590cc067a63b6d9027ac537325df2642346f5b200339ce100b64b2ae2ae"", ""key"": ""3MIDD_048_p04__original"", ""rendered_hash_matches_manifest"": false, ""rendered_sha256_manifest"": ""b068b151fff6ad7dddc9c03f9be97a65ae58a0acc44f6ad70e298c166a9052f1"", ""rendered_sha256_observed"": ""e277bd9d0b2d2758cf23bbbe9a1eaedfb6ea9503c272e5b19db662e2c8fc1bf2""}, ""001|5|mirror"": {""image_sha256"": ""fb9353386392c1974dbc4c584fdfacd6711167492e54e5c481558dd4d987abdd"", ""key"": ""3MIDD_048_p05__mirror"", ""rendered_hash_matches_manifest"": false, ""rendered_sha256_manifest"": ""7534be0114b31d7c892fc08d18b989faf13742d8a65cdfcb17201a60cdce9d79"", ""rendered_sha256_observed"": ""238122e498c334c6a42104de3aee64dcc958c0d93163624a5ca61ed6076eb17c""}, ""001|5|original"": {""image_sha256"": ""8c421d48f329fdce70ec385017a55ca019b0eda1ada605fbb260a969cfad57bf"", ""key"": ""3MIDD_048_p05__original"", ""rendered_hash_matches_manifest"": false, ""rendered_sha256_manifest"": ""c4cea68a0cd7b22c133c006f0fd5efb687e79f8547549b7580d20a8f4f044239"", ""rendered_sha256_observed"": ""9d3edacad216b2fabbf82a2b46244320b2ba7b95e5856853cb910c57f4db04bb""}, ""001|6|mirror"": {""image_sha256"": ""2539e65a0e90bbcf7940f8489358d68ca2e72794ffc47f7eea9de4d83873a421"", ""key"": ""3MIDD_048_p06__mirror"", ""rendered_hash_matches_manifest"": false, ""rendered_sha256_manifest"": ""355eef0412c959425875ac1f378309e1db970dbd87806e2a94ff8a5df7817751"", ""rendered_sha256_observed"": ""4744ba7f3ddddef5e613244e941287086f6a1f9894fc3f5e33b883d99cc3e69c""}, ""001|6|original"": {""image_sha256"": ""d9166aeb478c215ddd59c92dee3c5f8331e591539cdbf6ea15da8f3bc829c5a7"", ""key"": ""3MIDD_048_p06__original"", ""rendered_hash_matches_manifest"": false, ""rendered_sha256_manifest"": ""3b0ca74600905a34d807c5e518b0dadc62763cec203734119b92f816134d3365"", ""rendered_sha256_observed"": ""d30baa041727819a706dda1a1c7d83d1b1a9f793d60effda5619c67517789e59""}, ""001|7|mirror"": {""image_sha256"": ""c03e06da1762c4b589c163595a86622c9396bc9173a5e52a948d6e56e131a9d7"", ""key"": ""3MIDD_048_p07__mirror"", ""rendered_hash_matches_manifest"": false, ""rendered_sha256_manifest"": ""f2fdf26272a9f966e67d48b002aa73b53a33b56439a1589b0cdbeecdf4aac812"", ""rendered_sha256_observed"": ""3eac954cc77c27f0e1d9a051de97555513645c480fa4423b609d84f2fdd95106""}, ""001|7|original"": {""image_sha256"": ""592326bd04173d519dd91155d024aea283335c9b3a5ee1adbd65bb3e9d7c02ce"", ""key"": ""3MIDD_048_p07__original"", ""rendered_hash_matches_manifest"": false, ""rendered_sha256_manifest"": ""6b00971f871a2480de03ca9d75d0751c7f7e9115afc377274dd7008d8601e29d"", ""rendered_sha256_observed"": ""a1533a72b12334608bdd552fd9fdde7e0de37004e56302e573e67105b3170f6d""}, ""001|8|mirror"": {""image_sha256"": ""4d409fd7f2e7211c67e53cdd47291c912a592855a96c10591f9fdaae00cf5274"", ""key"": ""3MIDD_048_p08__mirror"", ""rendered_hash_matches_manifest"": false, ""rendered_sha256_manifest"": ""6a43378923a6dc92ab9cb3e3261a4542cfedfa7aba0b678402c61b2b69de1bc1"", ""rendered_sha256_observed"": ""43d088d06bcd7c7d1d53535e17aed0a31e2658e85c5ef0bb2e1fc890de1dc2e1""}, ""001|8|original"": {""image_sha256"": ""9e489be2590f66c123eda42b3a8cf2dc16cab61a6c788e25436002ff33c3bf23"", ""key"": ""3MIDD_048_p08__original"", ""rendered_hash_matches_manifest"": false, ""rendered_sha256_manifest"": ""6df1617532c48b9961f28429fa2794c14533f613d1038278b8c1e5fbcfafa811"", ""rendered_sha256_observed"": ""b9a1cdcdb78d434af31b70623c801c8cf4d64eb31eb82f3818b5206211b20888""}, ""001|9|mirror"": {""image_sha256"": ""590d24d23f57640236e3456066c73c937f94c7aa27318cee3bab578718eb3c72"", ""key"": ""3MIDD_048_p09__mirror"", ""rendered_hash_matches_manifest"": false, ""rendered_sha256_manifest"": ""fffbf428c90dc1a574d44ec590f3025fcb0e6946e6ade239ee2103066e332ffd"", ""rendered_sha256_observed"": ""977daf24eab5d7697a7724086f4ba65c6b79e74eea9e756a3fb89d5ac6915d6b""}, ""001|9|original"": {""image_sha256"": ""b099e4e04c23584b7e1103c4fb6faca25787a2d443f977fd37e962592c6ee560"", ""key"": ""3MIDD_048_p09__original"", ""rendered_hash_matches_manifest"": false, ""rendered_sha256_manifest"": ""f6000bef78eeb2eee55b544e2e92dc4b5f4817718c94242e364664c682512599"", ""rendered_sha256_observed"": ""1ec8d847e014b9317edfe33d2542e6679dc82482fc277dbf482863bfaef62c3f""}, ""002|0|mirror"": {""image_sha256"": ""bae7e04d77f43a177610ccc1d9dfb638fbe01296b69ac462e00fa5b2293a026d"", ""key"": ""3MIDD_048_p00__mirror"", ""rendered_hash_matches_manifest"": false, ""rendered_sha256_manifest"": ""3318e0f201660badacba48c9b8421d631730ce66e4e215031158f9a905899016"", ""rendered_sha256_observed"": ""95ccac4a43b2ce3101428c8ad255378481707b4f230146b8893eff4eea57ffca""}, ""002|0|original"": {""image_sha256"": ""55de889bf77d4ed148146e80de064406871b98fbc6362750a940c6f8d0526965"", ""key"": ""3MIDD_048_p00__original"", ""rendered_hash_matches_manifest"": false, ""rendered_sha256_manifest"": ""c64d770e6191feb1ac7e6eae9ed43e6847f2c5f5a346deaad3597d0b98796435"", ""rendered_sha256_observed"": ""12afbe0d8f29b9563a881012679693f6d2ef8364067a4eb0b1b6bcf4ba988bc3""}, ""002|10|mirror"": {""image_sha256"": ""96cc75d2f496cd2b04177ff0fe242de86e399edae3de87094cef68f8fff3da81"", ""key"": ""3MIDD_048_p10__mirror"", ""rendered_hash_matches_manifest"": false, ""rendered_sha256_manifest"": ""18dd718d50d364030ec34f91333a2b0a598018bf35e8c504e25cc877d2e96685"", ""rendered_sha256_observed"": ""2934d848523f6313a0158319aaf16a6e7cfaa5d6579753909f88d546ab6dfe19""}, ""002|10|original"": {""image_sha256"": ""4550b8320af6cd8f34965ee303437323c51d2f98cc166d0bce5d3f1f7b70aa8e"", ""key"": ""3MIDD_048_p10__original"", ""rendered_hash_matches_manifest"": false, ""rendered_sha256_manifest"": ""63a455c2f57130657be84c4c88aea4168fcea8ee9ba8d15320d57802b2dbeb34"", ""rendered_sha256_observed"": ""e779601fbeaf0348aa19838eacaf39b87f6ecaf697c7d8fb72cd3c10a03179cc""}, ""002|11|mirror"": {""image_sha256"": ""688b0cd10fcede1a61455aaa00e6a41623ef76bf51e194a97252fa035d320011"", ""key"": ""3MIDD_048_p11__mirror"", ""rendered_hash_matches_manifest"": false, ""rendered_sha256_manifest"": ""69ed896a69afe441ef455660ad9ffd953025efe3828d1b9e99673895d65c51f2"", ""rendered_sha256_observed"": ""210950a849d847fc3bcc16eecefeffe46654a115fffd9e1658600f506748f0a0""}, ""002|11|original"": {""image_sha256"": ""7a8f168925cd817566f65f95522d8d907d3d648650604476069565dc5b79c0b8"", ""key"": ""3MIDD_048_p11__original"", ""rendered_hash_matches_manifest"": false, ""rendered_sha256_manifest"": ""eece1064c38f97a155bfd03ba34f7df8a60451e3067af54e3ef554ecc1b1e852"", ""rendered_sha256_observed"": ""3f5234b16e90575e4082bf951b66033f81dac2d8cd6034771ce860f1414797c8""}, ""002|1|mirror"": {""image_sha256"": ""76ae87fe845b5de53b4efdcf569bb157b1e1cc9fadc2b60fe5517d72df68a38e"", ""key"": ""3MIDD_048_p01__mirror"", ""rendered_hash_matches_manifest"": false, ""rendered_sha256_manifest"": ""95504b1bb34d39f2c55d1675935bd2f5be0203be221aad0f465b4ae492d88fb9"", ""rendered_sha256_observed"": ""3a63e882bf189939a01ec47b4c9e738eb16f100a0a4911d8ed3c02b397fe4d38""}, ""002|1|original"": {""image_sha256"": ""b22202e274a4ea56acfb1ad5a84a000e3621004051215da0c5d1e7e7a356bd93"", ""key"": ""3MIDD_048_p01__original"", ""rendered_hash_matches_manifest"": false, ""rendered_sha256_manifest"": ""0b1c2d3ab1dd4c595cca56b1c2354afc8941d05185bc36537ebae1a0b4e863f8"", ""rendered_sha256_observed"": ""6268a51b09defd504cdac90309110fc9cba8efa8015b7525f3151e0f87baf592""}, ""002|2|mirror"": {""image_sha256"": ""4e34f3d68c63e1f5f70aab44089c0e29fda6613480247eb5dd9aa57513fe9726"", ""key"": ""3MIDD_048_p02__mirror"", ""rendered_hash_matches_manifest"": false, ""rendered_sha256_manifest"": ""e805edb26281908117820ac5aeeaa51eb6851d2dd0b1e0655f022c669316b1ed"", ""rendered_sha256_observed"": ""10290257862ec62d129306d7573496554a6db305a688ec221a41866476eeedf9""}, ""002|2|original"": {""image_sha256"": ""5ba531b1b46b3db2b707aec365d91759124b6d9be6e1b4fa913659121dbb0e35"", ""key"": ""3MIDD_048_p02__original"", ""rendered_hash_matches_manifest"": false, ""rendered_sha256_manifest"": ""cb3bcdee86ed1563d6ca820a1f7ed966c9e2db105159a47b083137c0ad345b7c"", ""rendered_sha256_observed"": ""a20ddfccb0fc8806cff1d5843be94f8e40606b63875d207055290d69b9b87637""}, ""002|3|mirror"": {""image_sha256"": ""ffb35a39466db44b67099d2beec9e4a872e7e675248262b0b113bc19f091698f"", ""key"": ""3MIDD_048_p03__mirror"", ""rendered_hash_matches_manifest"": false, ""rendered_sha256_manifest"": ""c58b6afb3158907f2ae38adb5638efc6b64bfcdb8e4d657be564a7b299b98fd3"", ""rendered_sha256_observed"": ""65fa4081b7cd9e8caf3faed1a8ad7b3c36d62f009637e3da2b06155681d1e8be""}, ""002|3|original"": {""image_sha256"": ""60b8be653d5af5a824f3e82b472356750990854ed67d77ac0d5c17e3a1865920"", ""key"": ""3MIDD_048_p03__original"", ""rendered_hash_matches_manifest"": false, ""rendered_sha256_manifest"": ""fdfff2fa8a89e028955e887fb853720cbffefadc4ae56baca47e7d66a472136e"", ""rendered_sha256_observed"": ""2a7933ae1f41135eaceea5a2acfd021b00c9ec153fdae1741b1576e361513f72""}, ""002|4|mirror"": {""image_sha256"": ""9f72bb61d48dd59b058a653aa23c1bfd8798b27122d7417b27d6a84e48592e41"", ""key"": ""3MIDD_048_p04__mirror"", ""rendered_hash_matches_manifest"": false, ""rendered_sha256_manifest"": ""7272d3a8380e1c53060155648a49dc96b22c2bdae607ab976591c5e67e17bf2d"", ""rendered_sha256_observed"": ""fe5664ad8fb1cf4227ca880ff3eaab8106d5900a8d050a44d025f3ca2ae11818""}, ""002|4|original"": {""image_sha256"": ""a2213590cc067a63b6d9027ac537325df2642346f5b200339ce100b64b2ae2ae"", ""key"": ""3MIDD_048_p04__original"", ""rendered_hash_matches_manifest"": false, ""rendered_sha256_manifest"": ""b068b151fff6ad7dddc9c03f9be97a65ae58a0acc44f6ad70e298c166a9052f1"", ""rendered_sha256_observed"": ""e277bd9d0b2d2758cf23bbbe9a1eaedfb6ea9503c272e5b19db662e2c8fc1bf2""}, ""002|5|mirror"": {""image_sha256"": ""fb9353386392c1974dbc4c584fdfacd6711167492e54e5c481558dd4d987abdd"", ""key"": ""3MIDD_048_p05__mirror"", ""rendered_hash_matches_manifest"": false, ""rendered_sha256_manifest"": ""7534be0114b31d7c892fc08d18b989faf13742d8a65cdfcb17201a60cdce9d79"", ""rendered_sha256_observed"": ""238122e498c334c6a42104de3aee64dcc958c0d93163624a5ca61ed6076eb17c""}, ""002|5|original"": {""image_sha256"": ""8c421d48f329fdce70ec385017a55ca019b0eda1ada605fbb260a969cfad57bf"", ""key"": ""3MIDD_048_p05__original"", ""rendered_hash_matches_manifest"": false, ""rendered_sha256_manifest"": ""c4cea68a0cd7b22c133c006f0fd5efb687e79f8547549b7580d20a8f4f044239"", ""rendered_sha256_observed"": ""9d3edacad216b2fabbf82a2b46244320b2ba7b95e5856853cb910c57f4db04bb""}, ""002|6|mirror"": {""image_sha256"": ""2539e65a0e90bbcf7940f8489358d68ca2e72794ffc47f7eea9de4d83873a421"", ""key"": ""3MIDD_048_p06__mirror"", ""rendered_hash_matches_manifest"": false, ""rendered_sha256_manifest"": ""355eef0412c959425875ac1f378309e1db970dbd87806e2a94ff8a5df7817751"", ""rendered_sha256_observed"": ""4744ba7f3ddddef5e613244e941287086f6a1f9894fc3f5e33b883d99cc3e69c""}, ""002|6|original"": {""image_sha256"": ""d9166aeb478c215ddd59c92dee3c5f8331e591539cdbf6ea15da8f3bc829c5a7"", ""key"": ""3MIDD_048_p06__original"", ""rendered_hash_matches_manifest"": false, ""rendered_sha256_manifest"": ""3b0ca74600905a34d807c5e518b0dadc62763cec203734119b92f816134d3365"", ""rendered_sha256_observed"": ""d30baa041727819a706dda1a1c7d83d1b1a9f793d60effda5619c67517789e59""}, ""002|7|mirror"": {""image_sha256"": ""c03e06da1762c4b589c163595a86622c9396bc9173a5e52a948d6e56e131a9d7"", ""key"": ""3MIDD_048_p07__mirror"", ""rendered_hash_matches_manifest"": false, ""rendered_sha256_manifest"": ""f2fdf26272a9f966e67d48b002aa73b53a33b56439a1589b0cdbeecdf4aac812"", ""rendered_sha256_observed"": ""3eac954cc77c27f0e1d9a051de97555513645c480fa4423b609d84f2fdd95106""}, ""002|7|original"": {""image_sha256"": ""592326bd04173d519dd91155d024aea283335c9b3a5ee1adbd65bb3e9d7c02ce"", ""key"": ""3MIDD_048_p07__original"", ""rendered_hash_matches_manifest"": false, ""rendered_sha256_manifest"": ""6b00971f871a2480de03ca9d75d0751c7f7e9115afc377274dd7008d8601e29d"", ""rendered_sha256_observed"": ""a1533a72b12334608bdd552fd9fdde7e0de37004e56302e573e67105b3170f6d""}, ""002|8|mirror"": {""image_sha256"": ""4d409fd7f2e7211c67e53cdd47291c912a592855a96c10591f9fdaae00cf5274"", ""key"": ""3MIDD_048_p08__mirror"", ""rendered_hash_matches_manifest"": false, ""rendered_sha256_manifest"": ""6a43378923a6dc92ab9cb3e3261a4542cfedfa7aba0b678402c61b2b69de1bc1"", ""rendered_sha256_observed"": ""43d088d06bcd7c7d1d53535e17aed0a31e2658e85c5ef0bb2e1fc890de1dc2e1""}, ""002|8|original"": {""image_sha256"": ""9e489be2590f66c123eda42b3a8cf2dc16cab61a6c788e25436002ff33c3bf23"", ""key"": ""3MIDD_048_p08__original"", ""rendered_hash_matches_manifest"": false, ""rendered_sha256_manifest"": ""6df1617532c48b9961f28429fa2794c14533f613d1038278b8c1e5fbcfafa811"", ""rendered_sha256_observed"": ""b9a1cdcdb78d434af31b70623c801c8cf4d64eb31eb82f3818b5206211b20888""}, ""002|9|mirror"": {""image_sha256"": ""590d24d23f57640236e3456066c73c937f94c7aa27318cee3bab578718eb3c72"", ""key"": ""3MIDD_048_p09__mirror"", ""rendered_hash_matches_manifest"": false, ""rendered_sha256_manifest"": ""fffbf428c90dc1a574d44ec590f3025fcb0e6946e6ade239ee2103066e332ffd"", ""rendered_sha256_observed"": ""977daf24eab5d7697a7724086f4ba65c6b79e74eea9e756a3fb89d5ac6915d6b""}, ""002|9|original"": {""image_sha256"": ""b099e4e04c23584b7e1103c4fb6faca25787a2d443f977fd37e962592c6ee560"", ""key"": ""3MIDD_048_p09__original"", ""rendered_hash_matches_manifest"": false, ""rendered_sha256_manifest"": ""f6000bef78eeb2eee55b544e2e92dc4b5f4817718c94242e364664c682512599"", ""rendered_sha256_observed"": ""1ec8d847e014b9317edfe33d2542e6679dc82482fc277dbf482863bfaef62c3f""}, ""003|0|mirror"": {""image_sha256"": ""bae7e04d77f43a177610ccc1d9dfb638fbe01296b69ac462e00fa5b2293a026d"", ""key"": ""3MIDD_048_p00__mirror"", ""rendered_hash_matches_manifest"": false, ""rendered_sha256_manifest"": ""3318e0f201660badacba48c9b8421d631730ce66e4e215031158f9a905899016"", ""rendered_sha256_observed"": ""95ccac4a43b2ce3101428c8ad255378481707b4f230146b8893eff4eea57ffca""}, ""003|0|original"": {""image_sha256"": ""55de889bf77d4ed148146e80de064406871b98fbc6362750a940c6f8d0526965"", ""key"": ""3MIDD_048_p00__original"", ""rendered_hash_matches_manifest"": false, ""rendered_sha256_manifest"": ""c64d770e6191feb1ac7e6eae9ed43e6847f2c5f5a346deaad3597d0b98796435"", ""rendered_sha256_observed"": ""12afbe0d8f29b9563a881012679693f6d2ef8364067a4eb0b1b6bcf4ba988bc3""}, ""003|10|mirror"": {""image_sha256"": ""96cc75d2f496cd2b04177ff0fe242de86e399edae3de87094cef68f8fff3da81"", ""key"": ""3MIDD_048_p10__mirror"", ""rendered_hash_matches_manifest"": false, ""rendered_sha256_manifest"": ""18dd718d50d364030ec34f91333a2b0a598018bf35e8c504e25cc877d2e96685"", ""rendered_sha256_observed"": ""2934d848523f6313a0158319aaf16a6e7cfaa5d6579753909f88d546ab6dfe19""}, ""003|10|original"": {""image_sha256"": ""4550b8320af6cd8f34965ee303437323c51d2f98cc166d0bce5d3f1f7b70aa8e"", ""key"": ""3MIDD_048_p10__original"", ""rendered_hash_matches_manifest"": false, ""rendered_sha256_manifest"": ""63a455c2f57130657be84c4c88aea4168fcea8ee9ba8d15320d57802b2dbeb34"", ""rendered_sha256_observed"": ""e779601fbeaf0348aa19838eacaf39b87f6ecaf697c7d8fb72cd3c10a03179cc""}, ""003|11|mirror"": {""image_sha256"": ""688b0cd10fcede1a61455aaa00e6a41623ef76bf51e194a97252fa035d320011"", ""key"": ""3MIDD_048_p11__mirror"", ""rendered_hash_matches_manifest"": false, ""rendered_sha256_manifest"": ""69ed896a69afe441ef455660ad9ffd953025efe3828d1b9e99673895d65c51f2"", ""rendered_sha256_observed"": ""210950a849d847fc3bcc16eecefeffe46654a115fffd9e1658600f506748f0a0""}, ""003|11|original"": {""image_sha256"": ""7a8f168925cd817566f65f95522d8d907d3d648650604476069565dc5b79c0b8"", ""key"": ""3MIDD_048_p11__original"", ""rendered_hash_matches_manifest"": false, ""rendered_sha256_manifest"": ""eece1064c38f97a155bfd03ba34f7df8a60451e3067af54e3ef554ecc1b1e852"", ""rendered_sha256_observed"": ""3f5234b16e90575e4082bf951b66033f81dac2d8cd6034771ce860f1414797c8""}, ""003|1|mirror"": {""image_sha256"": ""76ae87fe845b5de53b4efdcf569bb157b1e1cc9fadc2b60fe5517d72df68a38e"", ""key"": ""3MIDD_048_p01__mirror"", ""rendered_hash_matches_manifest"": false, ""rendered_sha256_manifest"": ""95504b1bb34d39f2c55d1675935bd2f5be0203be221aad0f465b4ae492d88fb9"", ""rendered_sha256_observed"": ""3a63e882bf189939a01ec47b4c9e738eb16f100a0a4911d8ed3c02b397fe4d38""}, ""003|1|original"": {""image_sha256"": ""b22202e274a4ea56acfb1ad5a84a000e3621004051215da0c5d1e7e7a356bd93"", ""key"": ""3MIDD_048_p01__original"", ""rendered_hash_matches_manifest"": false, ""rendered_sha256_manifest"": ""0b1c2d3ab1dd4c595cca56b1c2354afc8941d05185bc36537ebae1a0b4e863f8"", ""rendered_sha256_observed"": ""6268a51b09defd504cdac90309110fc9cba8efa8015b7525f3151e0f87baf592""}, ""003|2|mirror"": {""image_sha256"": ""4e34f3d68c63e1f5f70aab44089c0e29fda6613480247eb5dd9aa57513fe9726"", ""key"": ""3MIDD_048_p02__mirror"", ""rendered_hash_matches_manifest"": false, ""rendered_sha256_manifest"": ""e805edb26281908117820ac5aeeaa51eb6851d2dd0b1e0655f022c669316b1ed"", ""rendered_sha256_observed"": ""10290257862ec62d129306d7573496554a6db305a688ec221a41866476eeedf9""}, ""003|2|original"": {""image_sha256"": ""5ba531b1b46b3db2b707aec365d91759124b6d9be6e1b4fa913659121dbb0e35"", ""key"": ""3MIDD_048_p02__original"", ""rendered_hash_matches_manifest"": false, ""rendered_sha256_manifest"": ""cb3bcdee86ed1563d6ca820a1f7ed966c9e2db105159a47b083137c0ad345b7c"", ""rendered_sha256_observed"": ""a20ddfccb0fc8806cff1d5843be94f8e40606b63875d207055290d69b9b87637""}, ""003|3|mirror"": {""image_sha256"": ""ffb35a39466db44b67099d2beec9e4a872e7e675248262b0b113bc19f091698f"", ""key"": ""3MIDD_048_p03__mirror"", ""rendered_hash_matches_manifest"": false, ""rendered_sha256_manifest"": ""c58b6afb3158907f2ae38adb5638efc6b64bfcdb8e4d657be564a7b299b98fd3"", ""rendered_sha256_observed"": ""65fa4081b7cd9e8caf3faed1a8ad7b3c36d62f009637e3da2b06155681d1e8be""}, ""003|3|original"": {""image_sha256"": ""60b8be653d5af5a824f3e82b472356750990854ed67d77ac0d5c17e3a1865920"", ""key"": ""3MIDD_048_p03__original"", ""rendered_hash_matches_manifest"": false, ""rendered_sha256_manifest"": ""fdfff2fa8a89e028955e887fb853720cbffefadc4ae56baca47e7d66a472136e"", ""rendered_sha256_observed"": ""2a7933ae1f41135eaceea5a2acfd021b00c9ec153fdae1741b1576e361513f72""}, ""003|4|mirror"": {""image_sha256"": ""9f72bb61d48dd59b058a653aa23c1bfd8798b27122d7417b27d6a84e48592e41"", ""key"": ""3MIDD_048_p04__mirror"", ""rendered_hash_matches_manifest"": false, ""rendered_sha256_manifest"": ""7272d3a8380e1c53060155648a49dc96b22c2bdae607ab976591c5e67e17bf2d"", ""rendered_sha256_observed"": ""fe5664ad8fb1cf4227ca880ff3eaab8106d5900a8d050a44d025f3ca2ae11818""}, ""003|4|original"": {""image_sha256"": ""a2213590cc067a63b6d9027ac537325df2642346f5b200339ce100b64b2ae2ae"", ""key"": ""3MIDD_048_p04__original"", ""rendered_hash_matches_manifest"": false, ""rendered_sha256_manifest"": ""b068b151fff6ad7dddc9c03f9be97a65ae58a0acc44f6ad70e298c166a9052f1"", ""rendered_sha256_observed"": ""e277bd9d0b2d2758cf23bbbe9a1eaedfb6ea9503c272e5b19db662e2c8fc1bf2""}, ""003|5|mirror"": {""image_sha256"": ""fb9353386392c1974dbc4c584fdfacd6711167492e54e5c481558dd4d987abdd"", ""key"": ""3MIDD_048_p05__mirror"", ""rendered_hash_matches_manifest"": false, ""rendered_sha256_manifest"": ""7534be0114b31d7c892fc08d18b989faf13742d8a65cdfcb17201a60cdce9d79"", ""rendered_sha256_observed"": ""238122e498c334c6a42104de3aee64dcc958c0d93163624a5ca61ed6076eb17c""}, ""003|5|original"": {""image_sha256"": ""8c421d48f329fdce70ec385017a55ca019b0eda1ada605fbb260a969cfad57bf"", ""key"": ""3MIDD_048_p05__original"", ""rendered_hash_matches_manifest"": false, ""rendered_sha256_manifest"": ""c4cea68a0cd7b22c133c006f0fd5efb687e79f8547549b7580d20a8f4f044239"", ""rendered_sha256_observed"": ""9d3edacad216b2fabbf82a2b46244320b2ba7b95e5856853cb910c57f4db04bb""}, ""003|6|mirror"": {""image_sha256"": ""2539e65a0e90bbcf7940f8489358d68ca2e72794ffc47f7eea9de4d83873a421"", ""key"": ""3MIDD_048_p06__mirror"", ""rendered_hash_matches_manifest"": false, ""rendered_sha256_manifest"": ""355eef0412c959425875ac1f378309e1db970dbd87806e2a94ff8a5df7817751"", ""rendered_sha256_observed"": ""4744ba7f3ddddef5e613244e941287086f6a1f9894fc3f5e33b883d99cc3e69c""}, ""003|6|original"": {""image_sha256"": ""d9166aeb478c215ddd59c92dee3c5f8331e591539cdbf6ea15da8f3bc829c5a7"", ""key"": ""3MIDD_048_p06__original"", ""rendered_hash_matches_manifest"": false, ""rendered_sha256_manifest"": ""3b0ca74600905a34d807c5e518b0dadc62763cec203734119b92f816134d3365"", ""rendered_sha256_observed"": ""d30baa041727819a706dda1a1c7d83d1b1a9f793d60effda5619c67517789e59""}, ""003|7|mirror"": {""image_sha256"": ""c03e06da1762c4b589c163595a86622c9396bc9173a5e52a948d6e56e131a9d7"", ""key"": ""3MIDD_048_p07__mirror"", ""rendered_hash_matches_manifest"": false, ""rendered_sha256_manifest"": ""f2fdf26272a9f966e67d48b002aa73b53a33b56439a1589b0cdbeecdf4aac812"", ""rendered_sha256_observed"": ""3eac954cc77c27f0e1d9a051de97555513645c480fa4423b609d84f2fdd95106""}, ""003|7|original"": {""image_sha256"": ""592326bd04173d519dd91155d024aea283335c9b3a5ee1adbd65bb3e9d7c02ce"", ""key"": ""3MIDD_048_p07__original"", ""rendered_hash_matches_manifest"": false, ""rendered_sha256_manifest"": ""6b00971f871a2480de03ca9d75d0751c7f7e9115afc377274dd7008d8601e29d"", ""rendered_sha256_observed"": ""a1533a72b12334608bdd552fd9fdde7e0de37004e56302e573e67105b3170f6d""}, ""003|8|mirror"": {""image_sha256"": ""4d409fd7f2e7211c67e53cdd47291c912a592855a96c10591f9fdaae00cf5274"", ""key"": ""3MIDD_048_p08__mirror"", ""rendered_hash_matches_manifest"": false, ""rendered_sha256_manifest"": ""6a43378923a6dc92ab9cb3e3261a4542cfedfa7aba0b678402c61b2b69de1bc1"", ""rendered_sha256_observed"": ""43d088d06bcd7c7d1d53535e17aed0a31e2658e85c5ef0bb2e1fc890de1dc2e1""}, ""003|8|original"": {""image_sha256"": ""9e489be2590f66c123eda42b3a8cf2dc16cab61a6c788e25436002ff33c3bf23"", ""key"": ""3MIDD_048_p08__original"", ""rendered_hash_matches_manifest"": false, ""rendered_sha256_manifest"": ""6df1617532c48b9961f28429fa2794c14533f613d1038278b8c1e5fbcfafa811"", ""rendered_sha256_observed"": ""b9a1cdcdb78d434af31b70623c801c8cf4d64eb31eb82f3818b5206211b20888""}, ""003|9|mirror"": {""image_sha256"": ""590d24d23f57640236e3456066c73c937f94c7aa27318cee3bab578718eb3c72"", ""key"": ""3MIDD_048_p09__mirror"", ""rendered_hash_matches_manifest"": false, ""rendered_sha256_manifest"": ""fffbf428c90dc1a574d44ec590f3025fcb0e6946e6ade239ee2103066e332ffd"", ""rendered_sha256_observed"": ""977daf24eab5d7697a7724086f4ba65c6b79e74eea9e756a3fb89d5ac6915d6b""}, ""003|9|original"": {""image_sha256"": ""b099e4e04c23584b7e1103c4fb6faca25787a2d443f977fd37e962592c6ee560"", ""key"": ""3MIDD_048_p09__original"", ""rendered_hash_matches_manifest"": false, ""rendered_sha256_manifest"": ""f6000bef78eeb2eee55b544e2e92dc4b5f4817718c94242e364664c682512599"", ""rendered_sha256_observed"": ""1ec8d847e014b9317edfe33d2542e6679dc82482fc277dbf482863bfaef62c3f""}, ""004|0|mirror"": {""image_sha256"": ""bae7e04d77f43a177610ccc1d9dfb638fbe01296b69ac462e00fa5b2293a026d"", ""key"": ""3MIDD_048_p00__mirror"", ""rendered_hash_matches_manifest"": false, ""rendered_sha256_manifest"": ""3318e0f201660badacba48c9b8421d631730ce66e4e215031158f9a905899016"", ""rendered_sha256_observed"": ""95ccac4a43b2ce3101428c8ad255378481707b4f230146b8893eff4eea57ffca""}, ""004|0|original"": {""image_sha256"": ""55de889bf77d4ed148146e80de064406871b98fbc6362750a940c6f8d0526965"", ""key"": ""3MIDD_048_p00__original"", ""rendered_hash_matches_manifest"": false, ""rendered_sha256_manifest"": ""c64d770e6191feb1ac7e6eae9ed43e6847f2c5f5a346deaad3597d0b98796435"", ""rendered_sha256_observed"": ""12afbe0d8f29b9563a881012679693f6d2ef8364067a4eb0b1b6bcf4ba988bc3""}, ""004|10|mirror"": {""image_sha256"": ""96cc75d2f496cd2b04177ff0fe242de86e399edae3de87094cef68f8fff3da81"", ""key"": ""3MIDD_048_p10__mirror"", ""rendered_hash_matches_manifest"": false, ""rendered_sha256_manifest"": ""18dd718d50d364030ec34f91333a2b0a598018bf35e8c504e25cc877d2e96685"", ""rendered_sha256_observed"": ""2934d848523f6313a0158319aaf16a6e7cfaa5d6579753909f88d546ab6dfe19""}, ""004|10|original"": {""image_sha256"": ""4550b8320af6cd8f34965ee303437323c51d2f98cc166d0bce5d3f1f7b70aa8e"", ""key"": ""3MIDD_048_p10__original"", ""rendered_hash_matches_manifest"": false, ""rendered_sha256_manifest"": ""63a455c2f57130657be84c4c88aea4168fcea8ee9ba8d15320d57802b2dbeb34"", ""rendered_sha256_observed"": ""e779601fbeaf0348aa19838eacaf39b87f6ecaf697c7d8fb72cd3c10a03179cc""}, ""004|11|mirror"": {""image_sha256"": ""688b0cd10fcede1a61455aaa00e6a41623ef76bf51e194a97252fa035d320011"", ""key"": ""3MIDD_048_p11__mirror"", ""rendered_hash_matches_manifest"": false, ""rendered_sha256_manifest"": ""69ed896a69afe441ef455660ad9ffd953025efe3828d1b9e99673895d65c51f2"", ""rendered_sha256_observed"": ""210950a849d847fc3bcc16eecefeffe46654a115fffd9e1658600f506748f0a0""}, ""004|11|original"": {""image_sha256"": ""7a8f168925cd817566f65f95522d8d907d3d648650604476069565dc5b79c0b8"", ""key"": ""3MIDD_048_p11__original"", ""rendered_hash_matches_manifest"": false, ""rendered_sha256_manifest"": ""eece1064c38f97a155bfd03ba34f7df8a60451e3067af54e3ef554ecc1b1e852"", ""rendered_sha256_observed"": ""3f5234b16e90575e4082bf951b66033f81dac2d8cd6034771ce860f1414797c8""}, ""004|1|mirror"": {""image_sha256"": ""76ae87fe845b5de53b4efdcf569bb157b1e1cc9fadc2b60fe5517d72df68a38e"", ""key"": ""3MIDD_048_p01__mirror"", ""rendered_hash_matches_manifest"": false, ""rendered_sha256_manifest"": ""95504b1bb34d39f2c55d1675935bd2f5be0203be221aad0f465b4ae492d88fb9"", ""rendered_sha256_observed"": ""3a63e882bf189939a01ec47b4c9e738eb16f100a0a4911d8ed3c02b397fe4d38""}, ""004|1|original"": {""image_sha256"": ""b22202e274a4ea56acfb1ad5a84a000e3621004051215da0c5d1e7e7a356bd93"", ""key"": ""3MIDD_048_p01__original"", ""rendered_hash_matches_manifest"": false, ""rendered_sha256_manifest"": ""0b1c2d3ab1dd4c595cca56b1c2354afc8941d05185bc36537ebae1a0b4e863f8"", ""rendered_sha256_observed"": ""6268a51b09defd504cdac90309110fc9cba8efa8015b7525f3151e0f87baf592""}, ""004|2|mirror"": {""image_sha256"": ""4e34f3d68c63e1f5f70aab44089c0e29fda6613480247eb5dd9aa57513fe9726"", ""key"": ""3MIDD_048_p02__mirror"", ""rendered_hash_matches_manifest"": false, ""rendered_sha256_manifest"": ""e805edb26281908117820ac5aeeaa51eb6851d2dd0b1e0655f022c669316b1ed"", ""rendered_sha256_observed"": ""10290257862ec62d129306d7573496554a6db305a688ec221a41866476eeedf9""}, ""004|2|original"": {""image_sha256"": ""5ba531b1b46b3db2b707aec365d91759124b6d9be6e1b4fa913659121dbb0e35"", ""key"": ""3MIDD_048_p02__original"", ""rendered_hash_matches_manifest"": false, ""rendered_sha256_manifest"": ""cb3bcdee86ed1563d6ca820a1f7ed966c9e2db105159a47b083137c0ad345b7c"", ""rendered_sha256_observed"": ""a20ddfccb0fc8806cff1d5843be94f8e40606b63875d207055290d69b9b87637""}, ""004|3|mirror"": {""image_sha256"": ""ffb35a39466db44b67099d2beec9e4a872e7e675248262b0b113bc19f091698f"", ""key"": ""3MIDD_048_p03__mirror"", ""rendered_hash_matches_manifest"": false, ""rendered_sha256_manifest"": ""c58b6afb3158907f2ae38adb5638efc6b64bfcdb8e4d657be564a7b299b98fd3"", ""rendered_sha256_observed"": ""65fa4081b7cd9e8caf3faed1a8ad7b3c36d62f009637e3da2b06155681d1e8be""}, ""004|3|original"": {""image_sha256"": ""60b8be653d5af5a824f3e82b472356750990854ed67d77ac0d5c17e3a1865920"", ""key"": ""3MIDD_048_p03__original"", ""rendered_hash_matches_manifest"": false, ""rendered_sha256_manifest"": ""fdfff2fa8a89e028955e887fb853720cbffefadc4ae56baca47e7d66a472136e"", ""rendered_sha256_observed"": ""2a7933ae1f41135eaceea5a2acfd021b00c9ec153fdae1741b1576e361513f72""}, ""004|4|mirror"": {""image_sha256"": ""9f72bb61d48dd59b058a653aa23c1bfd8798b27122d7417b27d6a84e48592e41"", ""key"": ""3MIDD_048_p04__mirror"", ""rendered_hash_matches_manifest"": false, ""rendered_sha256_manifest"": ""7272d3a8380e1c53060155648a49dc96b22c2bdae607ab976591c5e67e17bf2d"", ""rendered_sha256_observed"": ""fe5664ad8fb1cf4227ca880ff3eaab8106d5900a8d050a44d025f3ca2ae11818""}, ""004|4|original"": {""image_sha256"": ""a2213590cc067a63b6d9027ac537325df2642346f5b200339ce100b64b2ae2ae"", ""key"": ""3MIDD_048_p04__original"", ""rendered_hash_matches_manifest"": false, ""rendered_sha256_manifest"": ""b068b151fff6ad7dddc9c03f9be97a65ae58a0acc44f6ad70e298c166a9052f1"", ""rendered_sha256_observed"": ""e277bd9d0b2d2758cf23bbbe9a1eaedfb6ea9503c272e5b19db662e2c8fc1bf2""}, ""004|5|mirror"": {""image_sha256"": ""fb9353386392c1974dbc4c584fdfacd6711167492e54e5c481558dd4d987abdd"", ""key"": ""3MIDD_048_p05__mirror"", ""rendered_hash_matches_manifest"": false, ""rendered_sha256_manifest"": ""7534be0114b31d7c892fc08d18b989faf13742d8a65cdfcb17201a60cdce9d79"", ""rendered_sha256_observed"": ""238122e498c334c6a42104de3aee64dcc958c0d93163624a5ca61ed6076eb17c""}, ""004|5|original"": {""image_sha256"": ""8c421d48f329fdce70ec385017a55ca019b0eda1ada605fbb260a969cfad57bf"", ""key"": ""3MIDD_048_p05__original"", ""rendered_hash_matches_manifest"": false, ""rendered_sha256_manifest"": ""c4cea68a0cd7b22c133c006f0fd5efb687e79f8547549b7580d20a8f4f044239"", ""rendered_sha256_observed"": ""9d3edacad216b2fabbf82a2b46244320b2ba7b95e5856853cb910c57f4db04bb""}, ""004|6|mirror"": {""image_sha256"": ""2539e65a0e90bbcf7940f8489358d68ca2e72794ffc47f7eea9de4d83873a421"", ""key"": ""3MIDD_048_p06__mirror"", ""rendered_hash_matches_manifest"": false, ""rendered_sha256_manifest"": ""355eef0412c959425875ac1f378309e1db970dbd87806e2a94ff8a5df7817751"", ""rendered_sha256_observed"": ""4744ba7f3ddddef5e613244e941287086f6a1f9894fc3f5e33b883d99cc3e69c""}, ""004|6|original"": {""image_sha256"": ""d9166aeb478c215ddd59c92dee3c5f8331e591539cdbf6ea15da8f3bc829c5a7"", ""key"": ""3MIDD_048_p06__original"", ""rendered_hash_matches_manifest"": false, ""rendered_sha256_manifest"": ""3b0ca74600905a34d807c5e518b0dadc62763cec203734119b92f816134d3365"", ""rendered_sha256_observed"": ""d30baa041727819a706dda1a1c7d83d1b1a9f793d60effda5619c67517789e59""}, ""004|7|mirror"": {""image_sha256"": ""c03e06da1762c4b589c163595a86622c9396bc9173a5e52a948d6e56e131a9d7"", ""key"": ""3MIDD_048_p07__mirror"", ""rendered_hash_matches_manifest"": false, ""rendered_sha256_manifest"": ""f2fdf26272a9f966e67d48b002aa73b53a33b56439a1589b0cdbeecdf4aac812"", ""rendered_sha256_observed"": ""3eac954cc77c27f0e1d9a051de97555513645c480fa4423b609d84f2fdd95106""}, ""004|7|original"": {""image_sha256"": ""592326bd04173d519dd91155d024aea283335c9b3a5ee1adbd65bb3e9d7c02ce"", ""key"": ""3MIDD_048_p07__original"", ""rendered_hash_matches_manifest"": false, ""rendered_sha256_manifest"": ""6b00971f871a2480de03ca9d75d0751c7f7e9115afc377274dd7008d8601e29d"", ""rendered_sha256_observed"": ""a1533a72b12334608bdd552fd9fdde7e0de37004e56302e573e67105b3170f6d""}, ""004|8|mirror"": {""image_sha256"": ""4d409fd7f2e7211c67e53cdd47291c912a592855a96c10591f9fdaae00cf5274"", ""key"": ""3MIDD_048_p08__mirror"", ""rendered_hash_matches_manifest"": false, ""rendered_sha256_manifest"": ""6a43378923a6dc92ab9cb3e3261a4542cfedfa7aba0b678402c61b2b69de1bc1"", ""rendered_sha256_observed"": ""43d088d06bcd7c7d1d53535e17aed0a31e2658e85c5ef0bb2e1fc890de1dc2e1""}, ""004|8|original"": {""image_sha256"": ""9e489be2590f66c123eda42b3a8cf2dc16cab61a6c788e25436002ff33c3bf23"", ""key"": ""3MIDD_048_p08__original"", ""rendered_hash_matches_manifest"": false, ""rendered_sha256_manifest"": ""6df1617532c48b9961f28429fa2794c14533f613d1038278b8c1e5fbcfafa811"", ""rendered_sha256_observed"": ""b9a1cdcdb78d434af31b70623c801c8cf4d64eb31eb82f3818b5206211b20888""}, ""004|9|mirror"": {""image_sha256"": ""590d24d23f57640236e3456066c73c937f94c7aa27318cee3bab578718eb3c72"", ""key"": ""3MIDD_048_p09__mirror"", ""rendered_hash_matches_manifest"": false, ""rendered_sha256_manifest"": ""fffbf428c90dc1a574d44ec590f3025fcb0e6946e6ade239ee2103066e332ffd"", ""rendered_sha256_observed"": ""977daf24eab5d7697a7724086f4ba65c6b79e74eea9e756a3fb89d5ac6915d6b""}, ""004|9|original"": {""image_sha256"": ""b099e4e04c23584b7e1103c4fb6faca25787a2d443f977fd37e962592c6ee560"", ""key"": ""3MIDD_048_p09__original"", ""rendered_hash_matches_manifest"": false, ""rendered_sha256_manifest"": ""f6000bef78eeb2eee55b544e2e92dc4b5f4817718c94242e364664c682512599"", ""rendered_sha256_observed"": ""1ec8d847e014b9317edfe33d2542e6679dc82482fc277dbf482863bfaef62c3f""}, ""005|0|mirror"": {""image_sha256"": ""bae7e04d77f43a177610ccc1d9dfb638fbe01296b69ac462e00fa5b2293a026d"", ""key"": ""3MIDD_048_p00__mirror"", ""rendered_hash_matches_manifest"": false, ""rendered_sha256_manifest"": ""3318e0f201660badacba48c9b8421d631730ce66e4e215031158f9a905899016"", ""rendered_sha256_observed"": ""95ccac4a43b2ce3101428c8ad255378481707b4f230146b8893eff4eea57ffca""}, ""005|0|original"": {""image_sha256"": ""55de889bf77d4ed148146e80de064406871b98fbc6362750a940c6f8d0526965"", ""key"": ""3MIDD_048_p00__original"", ""rendered_hash_matches_manifest"": false, ""rendered_sha256_manifest"": ""c64d770e6191feb1ac7e6eae9ed43e6847f2c5f5a346deaad3597d0b98796435"", ""rendered_sha256_observed"": ""12afbe0d8f29b9563a881012679693f6d2ef8364067a4eb0b1b6bcf4ba988bc3""}, ""005|10|mirror"": {""image_sha256"": ""96cc75d2f496cd2b04177ff0fe242de86e399edae3de87094cef68f8fff3da81"", ""key"": ""3MIDD_048_p10__mirror"", ""rendered_hash_matches_manifest"": false, ""rendered_sha256_manifest"": ""18dd718d50d364030ec34f91333a2b0a598018bf35e8c504e25cc877d2e96685"", ""rendered_sha256_observed"": ""2934d848523f6313a0158319aaf16a6e7cfaa5d6579753909f88d546ab6dfe19""}, ""005|10|original"": {""image_sha256"": ""4550b8320af6cd8f34965ee303437323c51d2f98cc166d0bce5d3f1f7b70aa8e"", ""key"": ""3MIDD_048_p10__original"", ""rendered_hash_matches_manifest"": false, ""rendered_sha256_manifest"": ""63a455c2f57130657be84c4c88aea4168fcea8ee9ba8d15320d57802b2dbeb34"", ""rendered_sha256_observed"": ""e779601fbeaf0348aa19838eacaf39b87f6ecaf697c7d8fb72cd3c10a03179cc""}, ""005|11|mirror"": {""image_sha256"": ""688b0cd10fcede1a61455aaa00e6a41623ef76bf51e194a97252fa035d320011"", ""key"": ""3MIDD_048_p11__mirror"", ""rendered_hash_matches_manifest"": false, ""rendered_sha256_manifest"": ""69ed896a69afe441ef455660ad9ffd953025efe3828d1b9e99673895d65c51f2"", ""rendered_sha256_observed"": ""210950a849d847fc3bcc16eecefeffe46654a115fffd9e1658600f506748f0a0""}, ""005|11|original"": {""image_sha256"": ""7a8f168925cd817566f65f95522d8d907d3d648650604476069565dc5b79c0b8"", ""key"": ""3MIDD_048_p11__original"", ""rendered_hash_matches_manifest"": false, ""rendered_sha256_manifest"": ""eece1064c38f97a155bfd03ba34f7df8a60451e3067af54e3ef554ecc1b1e852"", ""rendered_sha256_observed"": ""3f5234b16e90575e4082bf951b66033f81dac2d8cd6034771ce860f1414797c8""}, ""005|1|mirror"": {""image_sha256"": ""76ae87fe845b5de53b4efdcf569bb157b1e1cc9fadc2b60fe5517d72df68a38e"", ""key"": ""3MIDD_048_p01__mirror"", ""rendered_hash_matches_manifest"": false, ""rendered_sha256_manifest"": ""95504b1bb34d39f2c55d1675935bd2f5be0203be221aad0f465b4ae492d88fb9"", ""rendered_sha256_observed"": ""3a63e882bf189939a01ec47b4c9e738eb16f100a0a4911d8ed3c02b397fe4d38""}, ""005|1|original"": {""image_sha256"": ""b22202e274a4ea56acfb1ad5a84a000e3621004051215da0c5d1e7e7a356bd93"", ""key"": ""3MIDD_048_p01__original"", ""rendered_hash_matches_manifest"": false, ""rendered_sha256_manifest"": ""0b1c2d3ab1dd4c595cca56b1c2354afc8941d05185bc36537ebae1a0b4e863f8"", ""rendered_sha256_observed"": ""6268a51b09defd504cdac90309110fc9cba8efa8015b7525f3151e0f87baf592""}, ""005|2|mirror"": {""image_sha256"": ""4e34f3d68c63e1f5f70aab44089c0e29fda6613480247eb5dd9aa57513fe9726"", ""key"": ""3MIDD_048_p02__mirror"", ""rendered_hash_matches_manifest"": false, ""rendered_sha256_manifest"": ""e805edb26281908117820ac5aeeaa51eb6851d2dd0b1e0655f022c669316b1ed"", ""rendered_sha256_observed"": ""10290257862ec62d129306d7573496554a6db305a688ec221a41866476eeedf9""}, ""005|2|original"": {""image_sha256"": ""5ba531b1b46b3db2b707aec365d91759124b6d9be6e1b4fa913659121dbb0e35"", ""key"": ""3MIDD_048_p02__original"", ""rendered_hash_matches_manifest"": false, ""rendered_sha256_manifest"": ""cb3bcdee86ed1563d6ca820a1f7ed966c9e2db105159a47b083137c0ad345b7c"", ""rendered_sha256_observed"": ""a20ddfccb0fc8806cff1d5843be94f8e40606b63875d207055290d69b9b87637""}, ""005|3|mirror"": {""image_sha256"": ""ffb35a39466db44b67099d2beec9e4a872e7e675248262b0b113bc19f091698f"", ""key"": ""3MIDD_048_p03__mirror"", ""rendered_hash_matches_manifest"": false, ""rendered_sha256_manifest"": ""c58b6afb3158907f2ae38adb5638efc6b64bfcdb8e4d657be564a7b299b98fd3"", ""rendered_sha256_observed"": ""65fa4081b7cd9e8caf3faed1a8ad7b3c36d62f009637e3da2b06155681d1e8be""}, ""005|3|original"": {""image_sha256"": ""60b8be653d5af5a824f3e82b472356750990854ed67d77ac0d5c17e3a1865920"", ""key"": ""3MIDD_048_p03__original"", ""rendered_hash_matches_manifest"": false, ""rendered_sha256_manifest"": ""fdfff2fa8a89e028955e887fb853720cbffefadc4ae56baca47e7d66a472136e"", ""rendered_sha256_observed"": ""2a7933ae1f41135eaceea5a2acfd021b00c9ec153fdae1741b1576e361513f72""}, ""005|4|mirror"": {""image_sha256"": ""9f72bb61d48dd59b058a653aa23c1bfd8798b27122d7417b27d6a84e48592e41"", ""key"": ""3MIDD_048_p04__mirror"", ""rendered_hash_matches_manifest"": false, ""rendered_sha256_manifest"": ""7272d3a8380e1c53060155648a49dc96b22c2bdae607ab976591c5e67e17bf2d"", ""rendered_sha256_observed"": ""fe5664ad8fb1cf4227ca880ff3eaab8106d5900a8d050a44d025f3ca2ae11818""}, ""005|4|original"": {""image_sha256"": ""a2213590cc067a63b6d9027ac537325df2642346f5b200339ce100b64b2ae2ae"", ""key"": ""3MIDD_048_p04__original"", ""rendered_hash_matches_manifest"": false, ""rendered_sha256_manifest"": ""b068b151fff6ad7dddc9c03f9be97a65ae58a0acc44f6ad70e298c166a9052f1"", ""rendered_sha256_observed"": ""e277bd9d0b2d2758cf23bbbe9a1eaedfb6ea9503c272e5b19db662e2c8fc1bf2""}, ""005|5|mirror"": {""image_sha256"": ""fb9353386392c1974dbc4c584fdfacd6711167492e54e5c481558dd4d987abdd"", ""key"": ""3MIDD_048_p05__mirror"", ""rendered_hash_matches_manifest"": false, ""rendered_sha256_manifest"": ""7534be0114b31d7c892fc08d18b989faf13742d8a65cdfcb17201a60cdce9d79"", ""rendered_sha256_observed"": ""238122e498c334c6a42104de3aee64dcc958c0d93163624a5ca61ed6076eb17c""}, ""005|5|original"": {""image_sha256"": ""8c421d48f329fdce70ec385017a55ca019b0eda1ada605fbb260a969cfad57bf"", ""key"": ""3MIDD_048_p05__original"", ""rendered_hash_matches_manifest"": false, ""rendered_sha256_manifest"": ""c4cea68a0cd7b22c133c006f0fd5efb687e79f8547549b7580d20a8f4f044239"", ""rendered_sha256_observed"": ""9d3edacad216b2fabbf82a2b46244320b2ba7b95e5856853cb910c57f4db04bb""}, ""005|6|mirror"": {""image_sha256"": ""2539e65a0e90bbcf7940f8489358d68ca2e72794ffc47f7eea9de4d83873a421"", ""key"": ""3MIDD_048_p06__mirror"", ""rendered_hash_matches_manifest"": false, ""rendered_sha256_manifest"": ""355eef0412c959425875ac1f378309e1db970dbd87806e2a94ff8a5df7817751"", ""rendered_sha256_observed"": ""4744ba7f3ddddef5e613244e941287086f6a1f9894fc3f5e33b883d99cc3e69c""}, ""005|6|original"": {""image_sha256"": ""d9166aeb478c215ddd59c92dee3c5f8331e591539cdbf6ea15da8f3bc829c5a7"", ""key"": ""3MIDD_048_p06__original"", ""rendered_hash_matches_manifest"": false, ""rendered_sha256_manifest"": ""3b0ca74600905a34d807c5e518b0dadc62763cec203734119b92f816134d3365"", ""rendered_sha256_observed"": ""d30baa041727819a706dda1a1c7d83d1b1a9f793d60effda5619c67517789e59""}, ""005|7|mirror"": {""image_sha256"": ""c03e06da1762c4b589c163595a86622c9396bc9173a5e52a948d6e56e131a9d7"", ""key"": ""3MIDD_048_p07__mirror"", ""rendered_hash_matches_manifest"": false, ""rendered_sha256_manifest"": ""f2fdf26272a9f966e67d48b002aa73b53a33b56439a1589b0cdbeecdf4aac812"", ""rendered_sha256_observed"": ""3eac954cc77c27f0e1d9a051de97555513645c480fa4423b609d84f2fdd95106""}, ""005|7|original"": {""image_sha256"": ""592326bd04173d519dd91155d024aea283335c9b3a5ee1adbd65bb3e9d7c02ce"", ""key"": ""3MIDD_048_p07__original"", ""rendered_hash_matches_manifest"": false, ""rendered_sha256_manifest"": ""6b00971f871a2480de03ca9d75d0751c7f7e9115afc377274dd7008d8601e29d"", ""rendered_sha256_observed"": ""a1533a72b12334608bdd552fd9fdde7e0de37004e56302e573e67105b3170f6d""}, ""005|8|mirror"": {""image_sha256"": ""4d409fd7f2e7211c67e53cdd47291c912a592855a96c10591f9fdaae00cf5274"", ""key"": ""3MIDD_048_p08__mirror"", ""rendered_hash_matches_manifest"": false, ""rendered_sha256_manifest"": ""6a43378923a6dc92ab9cb3e3261a4542cfedfa7aba0b678402c61b2b69de1bc1"", ""rendered_sha256_observed"": ""43d088d06bcd7c7d1d53535e17aed0a31e2658e85c5ef0bb2e1fc890de1dc2e1""}, ""005|8|original"": {""image_sha256"": ""9e489be2590f66c123eda42b3a8cf2dc16cab61a6c788e25436002ff33c3bf23"", ""key"": ""3MIDD_048_p08__original"", ""rendered_hash_matches_manifest"": false, ""rendered_sha256_manifest"": ""6df1617532c48b9961f28429fa2794c14533f613d1038278b8c1e5fbcfafa811"", ""rendered_sha256_observed"": ""b9a1cdcdb78d434af31b70623c801c8cf4d64eb31eb82f3818b5206211b20888""}, ""005|9|mirror"": {""image_sha256"": ""590d24d23f57640236e3456066c73c937f94c7aa27318cee3bab578718eb3c72"", ""key"": ""3MIDD_048_p09__mirror"", ""rendered_hash_matches_manifest"": false, ""rendered_sha256_manifest"": ""fffbf428c90dc1a574d44ec590f3025fcb0e6946e6ade239ee2103066e332ffd"", ""rendered_sha256_observed"": ""977daf24eab5d7697a7724086f4ba65c6b79e74eea9e756a3fb89d5ac6915d6b""}, ""005|9|original"": {""image_sha256"": ""b099e4e04c23584b7e1103c4fb6faca25787a2d443f977fd37e962592c6ee560"", ""key"": ""3MIDD_048_p09__original"", ""rendered_hash_matches_manifest"": false, ""rendered_sha256_manifest"": ""f6000bef78eeb2eee55b544e2e92dc4b5f4817718c94242e364664c682512599"", ""rendered_sha256_observed"": ""1ec8d847e014b9317edfe33d2542e6679dc82482fc277dbf482863bfaef62c3f""}, ""006|0|mirror"": {""image_sha256"": ""bae7e04d77f43a177610ccc1d9dfb638fbe01296b69ac462e00fa5b2293a026d"", ""key"": ""3MIDD_048_p00__mirror"", ""rendered_hash_matches_manifest"": false, ""rendered_sha256_manifest"": ""3318e0f201660badacba48c9b8421d631730ce66e4e215031158f9a905899016"", ""rendered_sha256_observed"": ""95ccac4a43b2ce3101428c8ad255378481707b4f230146b8893eff4eea57ffca""}, ""006|0|original"": {""image_sha256"": ""55de889bf77d4ed148146e80de064406871b98fbc6362750a940c6f8d0526965"", ""key"": ""3MIDD_048_p00__original"", ""rendered_hash_matches_manifest"": false, ""rendered_sha256_manifest"": ""c64d770e6191feb1ac7e6eae9ed43e6847f2c5f5a346deaad3597d0b98796435"", ""rendered_sha256_observed"": ""12afbe0d8f29b9563a881012679693f6d2ef8364067a4eb0b1b6bcf4ba988bc3""}, ""006|10|mirror"": {""image_sha256"": ""96cc75d2f496cd2b04177ff0fe242de86e399edae3de87094cef68f8fff3da81"", ""key"": ""3MIDD_048_p10__mirror"", ""rendered_hash_matches_manifest"": false, ""rendered_sha256_manifest"": ""18dd718d50d364030ec34f91333a2b0a598018bf35e8c504e25cc877d2e96685"", ""rendered_sha256_observed"": ""2934d848523f6313a0158319aaf16a6e7cfaa5d6579753909f88d546ab6dfe19""}, ""006|10|original"": {""image_sha256"": ""4550b8320af6cd8f34965ee303437323c51d2f98cc166d0bce5d3f1f7b70aa8e"", ""key"": ""3MIDD_048_p10__original"", ""rendered_hash_matches_manifest"": false, ""rendered_sha256_manifest"": ""63a455c2f57130657be84c4c88aea4168fcea8ee9ba8d15320d57802b2dbeb34"", ""rendered_sha256_observed"": ""e779601fbeaf0348aa19838eacaf39b87f6ecaf697c7d8fb72cd3c10a03179cc""}, ""006|11|mirror"": {""image_sha256"": ""688b0cd10fcede1a61455aaa00e6a41623ef76bf51e194a97252fa035d320011"", ""key"": ""3MIDD_048_p11__mirror"", ""rendered_hash_matches_manifest"": false, ""rendered_sha256_manifest"": ""69ed896a69afe441ef455660ad9ffd953025efe3828d1b9e99673895d65c51f2"", ""rendered_sha256_observed"": ""210950a849d847fc3bcc16eecefeffe46654a115fffd9e1658600f506748f0a0""}, ""006|11|original"": {""image_sha256"": ""7a8f168925cd817566f65f95522d8d907d3d648650604476069565dc5b79c0b8"", ""key"": ""3MIDD_048_p11__original"", ""rendered_hash_matches_manifest"": false, ""rendered_sha256_manifest"": ""eece1064c38f97a155bfd03ba34f7df8a60451e3067af54e3ef554ecc1b1e852"", ""rendered_sha256_observed"": ""3f5234b16e90575e4082bf951b66033f81dac2d8cd6034771ce860f1414797c8""}, ""006|1|mirror"": {""image_sha256"": ""76ae87fe845b5de53b4efdcf569bb157b1e1cc9fadc2b60fe5517d72df68a38e"", ""key"": ""3MIDD_048_p01__mirror"", ""rendered_hash_matches_manifest"": false, ""rendered_sha256_manifest"": ""95504b1bb34d39f2c55d1675935bd2f5be0203be221aad0f465b4ae492d88fb9"", ""rendered_sha256_observed"": ""3a63e882bf189939a01ec47b4c9e738eb16f100a0a4911d8ed3c02b397fe4d38""}, ""006|1|original"": {""image_sha256"": ""b22202e274a4ea56acfb1ad5a84a000e3621004051215da0c5d1e7e7a356bd93"", ""key"": ""3MIDD_048_p01__original"", ""rendered_hash_matches_manifest"": false, ""rendered_sha256_manifest"": ""0b1c2d3ab1dd4c595cca56b1c2354afc8941d05185bc36537ebae1a0b4e863f8"", ""rendered_sha256_observed"": ""6268a51b09defd504cdac90309110fc9cba8efa8015b7525f3151e0f87baf592""}, ""006|2|mirror"": {""image_sha256"": ""4e34f3d68c63e1f5f70aab44089c0e29fda6613480247eb5dd9aa57513fe9726"", ""key"": ""3MIDD_048_p02__mirror"", ""rendered_hash_matches_manifest"": false, ""rendered_sha256_manifest"": ""e805edb26281908117820ac5aeeaa51eb6851d2dd0b1e0655f022c669316b1ed"", ""rendered_sha256_observed"": ""10290257862ec62d129306d7573496554a6db305a688ec221a41866476eeedf9""}, ""006|2|original"": {""image_sha256"": ""5ba531b1b46b3db2b707aec365d91759124b6d9be6e1b4fa913659121dbb0e35"", ""key"": ""3MIDD_048_p02__original"", ""rendered_hash_matches_manifest"": false, ""rendered_sha256_manifest"": ""cb3bcdee86ed1563d6ca820a1f7ed966c9e2db105159a47b083137c0ad345b7c"", ""rendered_sha256_observed"": ""a20ddfccb0fc8806cff1d5843be94f8e40606b63875d207055290d69b9b87637""}, ""006|3|mirror"": {""image_sha256"": ""ffb35a39466db44b67099d2beec9e4a872e7e675248262b0b113bc19f091698f"", ""key"": ""3MIDD_048_p03__mirror"", ""rendered_hash_matches_manifest"": false, ""rendered_sha256_manifest"": ""c58b6afb3158907f2ae38adb5638efc6b64bfcdb8e4d657be564a7b299b98fd3"", ""rendered_sha256_observed"": ""65fa4081b7cd9e8caf3faed1a8ad7b3c36d62f009637e3da2b06155681d1e8be""}, ""006|3|original"": {""image_sha256"": ""60b8be653d5af5a824f3e82b472356750990854ed67d77ac0d5c17e3a1865920"", ""key"": ""3MIDD_048_p03__original"", ""rendered_hash_matches_manifest"": false, ""rendered_sha256_manifest"": ""fdfff2fa8a89e028955e887fb853720cbffefadc4ae56baca47e7d66a472136e"", ""rendered_sha256_observed"": ""2a7933ae1f41135eaceea5a2acfd021b00c9ec153fdae1741b1576e361513f72""}, ""006|4|mirror"": {""image_sha256"": ""9f72bb61d48dd59b058a653aa23c1bfd8798b27122d7417b27d6a84e48592e41"", ""key"": ""3MIDD_048_p04__mirror"", ""rendered_hash_matches_manifest"": false, ""rendered_sha256_manifest"": ""7272d3a8380e1c53060155648a49dc96b22c2bdae607ab976591c5e67e17bf2d"", ""rendered_sha256_observed"": ""fe5664ad8fb1cf4227ca880ff3eaab8106d5900a8d050a44d025f3ca2ae11818""}, ""006|4|original"": {""image_sha256"": ""a2213590cc067a63b6d9027ac537325df2642346f5b200339ce100b64b2ae2ae"", ""key"": ""3MIDD_048_p04__original"", ""rendered_hash_matches_manifest"": false, ""rendered_sha256_manifest"": ""b068b151fff6ad7dddc9c03f9be97a65ae58a0acc44f6ad70e298c166a9052f1"", ""rendered_sha256_observed"": ""e277bd9d0b2d2758cf23bbbe9a1eaedfb6ea9503c272e5b19db662e2c8fc1bf2""}, ""006|5|mirror"": {""image_sha256"": ""fb9353386392c1974dbc4c584fdfacd6711167492e54e5c481558dd4d987abdd"", ""key"": ""3MIDD_048_p05__mirror"", ""rendered_hash_matches_manifest"": false, ""rendered_sha256_manifest"": ""7534be0114b31d7c892fc08d18b989faf13742d8a65cdfcb17201a60cdce9d79"", ""rendered_sha256_observed"": ""238122e498c334c6a42104de3aee64dcc958c0d93163624a5ca61ed6076eb17c""}, ""006|5|original"": {""image_sha256"": ""8c421d48f329fdce70ec385017a55ca019b0eda1ada605fbb260a969cfad57bf"", ""key"": ""3MIDD_048_p05__original"", ""rendered_hash_matches_manifest"": false, ""rendered_sha256_manifest"": ""c4cea68a0cd7b22c133c006f0fd5efb687e79f8547549b7580d20a8f4f044239"", ""rendered_sha256_observed"": ""9d3edacad216b2fabbf82a2b46244320b2ba7b95e5856853cb910c57f4db04bb""}, ""006|6|mirror"": {""image_sha256"": ""2539e65a0e90bbcf7940f8489358d68ca2e72794ffc47f7eea9de4d83873a421"", ""key"": ""3MIDD_048_p06__mirror"", ""rendered_hash_matches_manifest"": false, ""rendered_sha256_manifest"": ""355eef0412c959425875ac1f378309e1db970dbd87806e2a94ff8a5df7817751"", ""rendered_sha256_observed"": ""4744ba7f3ddddef5e613244e941287086f6a1f9894fc3f5e33b883d99cc3e69c""}, ""006|6|original"": {""image_sha256"": ""d9166aeb478c215ddd59c92dee3c5f8331e591539cdbf6ea15da8f3bc829c5a7"", ""key"": ""3MIDD_048_p06__original"", ""rendered_hash_matches_manifest"": false, ""rendered_sha256_manifest"": ""3b0ca74600905a34d807c5e518b0dadc62763cec203734119b92f816134d3365"", ""rendered_sha256_observed"": ""d30baa041727819a706dda1a1c7d83d1b1a9f793d60effda5619c67517789e59""}, ""006|7|mirror"": {""image_sha256"": ""c03e06da1762c4b589c163595a86622c9396bc9173a5e52a948d6e56e131a9d7"", ""key"": ""3MIDD_048_p07__mirror"", ""rendered_hash_matches_manifest"": false, ""rendered_sha256_manifest"": ""f2fdf26272a9f966e67d48b002aa73b53a33b56439a1589b0cdbeecdf4aac812"", ""rendered_sha256_observed"": ""3eac954cc77c27f0e1d9a051de97555513645c480fa4423b609d84f2fdd95106""}, ""006|7|original"": {""image_sha256"": ""592326bd04173d519dd91155d024aea283335c9b3a5ee1adbd65bb3e9d7c02ce"", ""key"": ""3MIDD_048_p07__original"", ""rendered_hash_matches_manifest"": false, ""rendered_sha256_manifest"": ""6b00971f871a2480de03ca9d75d0751c7f7e9115afc377274dd7008d8601e29d"", ""rendered_sha256_observed"": ""a1533a72b12334608bdd552fd9fdde7e0de37004e56302e573e67105b3170f6d""}, ""006|8|mirror"": {""image_sha256"": ""4d409fd7f2e7211c67e53cdd47291c912a592855a96c10591f9fdaae00cf5274"", ""key"": ""3MIDD_048_p08__mirror"", ""rendered_hash_matches_manifest"": false, ""rendered_sha256_manifest"": ""6a43378923a6dc92ab9cb3e3261a4542cfedfa7aba0b678402c61b2b69de1bc1"", ""rendered_sha256_observed"": ""43d088d06bcd7c7d1d53535e17aed0a31e2658e85c5ef0bb2e1fc890de1dc2e1""}, ""006|8|original"": {""image_sha256"": ""9e489be2590f66c123eda42b3a8cf2dc16cab61a6c788e25436002ff33c3bf23"", ""key"": ""3MIDD_048_p08__original"", ""rendered_hash_matches_manifest"": false, ""rendered_sha256_manifest"": ""6df1617532c48b9961f28429fa2794c14533f613d1038278b8c1e5fbcfafa811"", ""rendered_sha256_observed"": ""b9a1cdcdb78d434af31b70623c801c8cf4d64eb31eb82f3818b5206211b20888""}, ""006|9|mirror"": {""image_sha256"": ""590d24d23f57640236e3456066c73c937f94c7aa27318cee3bab578718eb3c72"", ""key"": ""3MIDD_048_p09__mirror"", ""rendered_hash_matches_manifest"": false, ""rendered_sha256_manifest"": ""fffbf428c90dc1a574d44ec590f3025fcb0e6946e6ade239ee2103066e332ffd"", ""rendered_sha256_observed"": ""977daf24eab5d7697a7724086f4ba65c6b79e74eea9e756a3fb89d5ac6915d6b""}, ""006|9|original"": {""image_sha256"": ""b099e4e04c23584b7e1103c4fb6faca25787a2d443f977fd37e962592c6ee560"", ""key"": ""3MIDD_048_p09__original"", ""rendered_hash_matches_manifest"": false, ""rendered_sha256_manifest"": ""f6000bef78eeb2eee55b544e2e92dc4b5f4817718c94242e364664c682512599"", ""rendered_sha256_observed"": ""1ec8d847e014b9317edfe33d2542e6679dc82482fc277dbf482863bfaef62c3f""}, ""007|0|mirror"": {""image_sha256"": ""bae7e04d77f43a177610ccc1d9dfb638fbe01296b69ac462e00fa5b2293a026d"", ""key"": ""3MIDD_048_p00__mirror"", ""rendered_hash_matches_manifest"": false, ""rendered_sha256_manifest"": ""3318e0f201660badacba48c9b8421d631730ce66e4e215031158f9a905899016"", ""rendered_sha256_observed"": ""95ccac4a43b2ce3101428c8ad255378481707b4f230146b8893eff4eea57ffca""}, ""007|0|original"": {""image_sha256"": ""55de889bf77d4ed148146e80de064406871b98fbc6362750a940c6f8d0526965"", ""key"": ""3MIDD_048_p00__original"", ""rendered_hash_matches_manifest"": false, ""rendered_sha256_manifest"": ""c64d770e6191feb1ac7e6eae9ed43e6847f2c5f5a346deaad3597d0b98796435"", ""rendered_sha256_observed"": ""12afbe0d8f29b9563a881012679693f6d2ef8364067a4eb0b1b6bcf4ba988bc3""}, ""007|10|mirror"": {""image_sha256"": ""96cc75d2f496cd2b04177ff0fe242de86e399edae3de87094cef68f8fff3da81"", ""key"": ""3MIDD_048_p10__mirror"", ""rendered_hash_matches_manifest"": false, ""rendered_sha256_manifest"": ""18dd718d50d364030ec34f91333a2b0a598018bf35e8c504e25cc877d2e96685"", ""rendered_sha256_observed"": ""2934d848523f6313a0158319aaf16a6e7cfaa5d6579753909f88d546ab6dfe19""}, ""007|10|original"": {""image_sha256"": ""4550b8320af6cd8f34965ee303437323c51d2f98cc166d0bce5d3f1f7b70aa8e"", ""key"": ""3MIDD_048_p10__original"", ""rendered_hash_matches_manifest"": false, ""rendered_sha256_manifest"": ""63a455c2f57130657be84c4c88aea4168fcea8ee9ba8d15320d57802b2dbeb34"", ""rendered_sha256_observed"": ""e779601fbeaf0348aa19838eacaf39b87f6ecaf697c7d8fb72cd3c10a03179cc""}, ""007|11|mirror"": {""image_sha256"": ""688b0cd10fcede1a61455aaa00e6a41623ef76bf51e194a97252fa035d320011"", ""key"": ""3MIDD_048_p11__mirror"", ""rendered_hash_matches_manifest"": false, ""rendered_sha256_manifest"": ""69ed896a69afe441ef455660ad9ffd953025efe3828d1b9e99673895d65c51f2"", ""rendered_sha256_observed"": ""210950a849d847fc3bcc16eecefeffe46654a115fffd9e1658600f506748f0a0""}, ""007|11|original"": {""image_sha256"": ""7a8f168925cd817566f65f95522d8d907d3d648650604476069565dc5b79c0b8"", ""key"": ""3MIDD_048_p11__original"", ""rendered_hash_matches_manifest"": false, ""rendered_sha256_manifest"": ""eece1064c38f97a155bfd03ba34f7df8a60451e3067af54e3ef554ecc1b1e852"", ""rendered_sha256_observed"": ""3f5234b16e90575e4082bf951b66033f81dac2d8cd6034771ce860f1414797c8""}, ""007|1|mirror"": {""image_sha256"": ""76ae87fe845b5de53b4efdcf569bb157b1e1cc9fadc2b60fe5517d72df68a38e"", ""key"": ""3MIDD_048_p01__mirror"", ""rendered_hash_matches_manifest"": false, ""rendered_sha256_manifest"": ""95504b1bb34d39f2c55d1675935bd2f5be0203be221aad0f465b4ae492d88fb9"", ""rendered_sha256_observed"": ""3a63e882bf189939a01ec47b4c9e738eb16f100a0a4911d8ed3c02b397fe4d38""}, ""007|1|original"": {""image_sha256"": ""b22202e274a4ea56acfb1ad5a84a000e3621004051215da0c5d1e7e7a356bd93"", ""key"": ""3MIDD_048_p01__original"", ""rendered_hash_matches_manifest"": false, ""rendered_sha256_manifest"": ""0b1c2d3ab1dd4c595cca56b1c2354afc8941d05185bc36537ebae1a0b4e863f8"", ""rendered_sha256_observed"": ""6268a51b09defd504cdac90309110fc9cba8efa8015b7525f3151e0f87baf592""}, ""007|2|mirror"": {""image_sha256"": ""4e34f3d68c63e1f5f70aab44089c0e29fda6613480247eb5dd9aa57513fe9726"", ""key"": ""3MIDD_048_p02__mirror"", ""rendered_hash_matches_manifest"": false, ""rendered_sha256_manifest"": ""e805edb26281908117820ac5aeeaa51eb6851d2dd0b1e0655f022c669316b1ed"", ""rendered_sha256_observed"": ""10290257862ec62d129306d7573496554a6db305a688ec221a41866476eeedf9""}, ""007|2|original"": {""image_sha256"": ""5ba531b1b46b3db2b707aec365d91759124b6d9be6e1b4fa913659121dbb0e35"", ""key"": ""3MIDD_048_p02__original"", ""rendered_hash_matches_manifest"": false, ""rendered_sha256_manifest"": ""cb3bcdee86ed1563d6ca820a1f7ed966c9e2db105159a47b083137c0ad345b7c"", ""rendered_sha256_observed"": ""a20ddfccb0fc8806cff1d5843be94f8e40606b63875d207055290d69b9b87637""}, ""007|3|mirror"": {""image_sha256"": ""ffb35a39466db44b67099d2beec9e4a872e7e675248262b0b113bc19f091698f"", ""key"": ""3MIDD_048_p03__mirror"", ""rendered_hash_matches_manifest"": false, ""rendered_sha256_manifest"": ""c58b6afb3158907f2ae38adb5638efc6b64bfcdb8e4d657be564a7b299b98fd3"", ""rendered_sha256_observed"": ""65fa4081b7cd9e8caf3faed1a8ad7b3c36d62f009637e3da2b06155681d1e8be""}, ""007|3|original"": {""image_sha256"": ""60b8be653d5af5a824f3e82b472356750990854ed67d77ac0d5c17e3a1865920"", ""key"": ""3MIDD_048_p03__original"", ""rendered_hash_matches_manifest"": false, ""rendered_sha256_manifest"": ""fdfff2fa8a89e028955e887fb853720cbffefadc4ae56baca47e7d66a472136e"", ""rendered_sha256_observed"": ""2a7933ae1f41135eaceea5a2acfd021b00c9ec153fdae1741b1576e361513f72""}, ""007|4|mirror"": {""image_sha256"": ""9f72bb61d48dd59b058a653aa23c1bfd8798b27122d7417b27d6a84e48592e41"", ""key"": ""3MIDD_048_p04__mirror"", ""rendered_hash_matches_manifest"": false, ""rendered_sha256_manifest"": ""7272d3a8380e1c53060155648a49dc96b22c2bdae607ab976591c5e67e17bf2d"", ""rendered_sha256_observed"": ""fe5664ad8fb1cf4227ca880ff3eaab8106d5900a8d050a44d025f3ca2ae11818""}, ""007|4|original"": {""image_sha256"": ""a2213590cc067a63b6d9027ac537325df2642346f5b200339ce100b64b2ae2ae"", ""key"": ""3MIDD_048_p04__original"", ""rendered_hash_matches_manifest"": false, ""rendered_sha256_manifest"": ""b068b151fff6ad7dddc9c03f9be97a65ae58a0acc44f6ad70e298c166a9052f1"", ""rendered_sha256_observed"": ""e277bd9d0b2d2758cf23bbbe9a1eaedfb6ea9503c272e5b19db662e2c8fc1bf2""}, ""007|5|mirror"": {""image_sha256"": ""fb9353386392c1974dbc4c584fdfacd6711167492e54e5c481558dd4d987abdd"", ""key"": ""3MIDD_048_p05__mirror"", ""rendered_hash_matches_manifest"": false, ""rendered_sha256_manifest"": ""7534be0114b31d7c892fc08d18b989faf13742d8a65cdfcb17201a60cdce9d79"", ""rendered_sha256_observed"": ""238122e498c334c6a42104de3aee64dcc958c0d93163624a5ca61ed6076eb17c""}, ""007|5|original"": {""image_sha256"": ""8c421d48f329fdce70ec385017a55ca019b0eda1ada605fbb260a969cfad57bf"", ""key"": ""3MIDD_048_p05__original"", ""rendered_hash_matches_manifest"": false, ""rendered_sha256_manifest"": ""c4cea68a0cd7b22c133c006f0fd5efb687e79f8547549b7580d20a8f4f044239"", ""rendered_sha256_observed"": ""9d3edacad216b2fabbf82a2b46244320b2ba7b95e5856853cb910c57f4db04bb""}, ""007|6|mirror"": {""image_sha256"": ""2539e65a0e90bbcf7940f8489358d68ca2e72794ffc47f7eea9de4d83873a421"", ""key"": ""3MIDD_048_p06__mirror"", ""rendered_hash_matches_manifest"": false, ""rendered_sha256_manifest"": ""355eef0412c959425875ac1f378309e1db970dbd87806e2a94ff8a5df7817751"", ""rendered_sha256_observed"": ""4744ba7f3ddddef5e613244e941287086f6a1f9894fc3f5e33b883d99cc3e69c""}, ""007|6|original"": {""image_sha256"": ""d9166aeb478c215ddd59c92dee3c5f8331e591539cdbf6ea15da8f3bc829c5a7"", ""key"": ""3MIDD_048_p06__original"", ""rendered_hash_matches_manifest"": false, ""rendered_sha256_manifest"": ""3b0ca74600905a34d807c5e518b0dadc62763cec203734119b92f816134d3365"", ""rendered_sha256_observed"": ""d30baa041727819a706dda1a1c7d83d1b1a9f793d60effda5619c67517789e59""}, ""007|7|mirror"": {""image_sha256"": ""c03e06da1762c4b589c163595a86622c9396bc9173a5e52a948d6e56e131a9d7"", ""key"": ""3MIDD_048_p07__mirror"", ""rendered_hash_matches_manifest"": false, ""rendered_sha256_manifest"": ""f2fdf26272a9f966e67d48b002aa73b53a33b56439a1589b0cdbeecdf4aac812"", ""rendered_sha256_observed"": ""3eac954cc77c27f0e1d9a051de97555513645c480fa4423b609d84f2fdd95106""}, ""007|7|original"": {""image_sha256"": ""592326bd04173d519dd91155d024aea283335c9b3a5ee1adbd65bb3e9d7c02ce"", ""key"": ""3MIDD_048_p07__original"", ""rendered_hash_matches_manifest"": false, ""rendered_sha256_manifest"": ""6b00971f871a2480de03ca9d75d0751c7f7e9115afc377274dd7008d8601e29d"", ""rendered_sha256_observed"": ""a1533a72b12334608bdd552fd9fdde7e0de37004e56302e573e67105b3170f6d""}, ""007|8|mirror"": {""image_sha256"": ""4d409fd7f2e7211c67e53cdd47291c912a592855a96c10591f9fdaae00cf5274"", ""key"": ""3MIDD_048_p08__mirror"", ""rendered_hash_matches_manifest"": false, ""rendered_sha256_manifest"": ""6a43378923a6dc92ab9cb3e3261a4542cfedfa7aba0b678402c61b2b69de1bc1"", ""rendered_sha256_observed"": ""43d088d06bcd7c7d1d53535e17aed0a31e2658e85c5ef0bb2e1fc890de1dc2e1""}, ""007|8|original"": {""image_sha256"": ""9e489be2590f66c123eda42b3a8cf2dc16cab61a6c788e25436002ff33c3bf23"", ""key"": ""3MIDD_048_p08__original"", ""rendered_hash_matches_manifest"": false, ""rendered_sha256_manifest"": ""6df1617532c48b9961f28429fa2794c14533f613d1038278b8c1e5fbcfafa811"", ""rendered_sha256_observed"": ""b9a1cdcdb78d434af31b70623c801c8cf4d64eb31eb82f3818b5206211b20888""}, ""007|9|mirror"": {""image_sha256"": ""590d24d23f57640236e3456066c73c937f94c7aa27318cee3bab578718eb3c72"", ""key"": ""3MIDD_048_p09__mirror"", ""rendered_hash_matches_manifest"": false, ""rendered_sha256_manifest"": ""fffbf428c90dc1a574d44ec590f3025fcb0e6946e6ade239ee2103066e332ffd"", ""rendered_sha256_observed"": ""977daf24eab5d7697a7724086f4ba65c6b79e74eea9e756a3fb89d5ac6915d6b""}, ""007|9|original"": {""image_sha256"": ""b099e4e04c23584b7e1103c4fb6faca25787a2d443f977fd37e962592c6ee560"", ""key"": ""3MIDD_048_p09__original"", ""rendered_hash_matches_manifest"": false, ""rendered_sha256_manifest"": ""f6000bef78eeb2eee55b544e2e92dc4b5f4817718c94242e364664c682512599"", ""rendered_sha256_observed"": ""1ec8d847e014b9317edfe33d2542e6679dc82482fc277dbf482863bfaef62c3f""}, ""008|0|mirror"": {""image_sha256"": ""bae7e04d77f43a177610ccc1d9dfb638fbe01296b69ac462e00fa5b2293a026d"", ""key"": ""3MIDD_048_p00__mirror"", ""rendered_hash_matches_manifest"": false, ""rendered_sha256_manifest"": ""3318e0f201660badacba48c9b8421d631730ce66e4e215031158f9a905899016"", ""rendered_sha256_observed"": ""95ccac4a43b2ce3101428c8ad255378481707b4f230146b8893eff4eea57ffca""}, ""008|0|original"": {""image_sha256"": ""55de889bf77d4ed148146e80de064406871b98fbc6362750a940c6f8d0526965"", ""key"": ""3MIDD_048_p00__original"", ""rendered_hash_matches_manifest"": false, ""rendered_sha256_manifest"": ""c64d770e6191feb1ac7e6eae9ed43e6847f2c5f5a346deaad3597d0b98796435"", ""rendered_sha256_observed"": ""12afbe0d8f29b9563a881012679693f6d2ef8364067a4eb0b1b6bcf4ba988bc3""}, ""008|10|mirror"": {""image_sha256"": ""96cc75d2f496cd2b04177ff0fe242de86e399edae3de87094cef68f8fff3da81"", ""key"": ""3MIDD_048_p10__mirror"", ""rendered_hash_matches_manifest"": false, ""rendered_sha256_manifest"": ""18dd718d50d364030ec34f91333a2b0a598018bf35e8c504e25cc877d2e96685"", ""rendered_sha256_observed"": ""2934d848523f6313a0158319aaf16a6e7cfaa5d6579753909f88d546ab6dfe19""}, ""008|10|original"": {""image_sha256"": ""4550b8320af6cd8f34965ee303437323c51d2f98cc166d0bce5d3f1f7b70aa8e"", ""key"": ""3MIDD_048_p10__original"", ""rendered_hash_matches_manifest"": false, ""rendered_sha256_manifest"": ""63a455c2f57130657be84c4c88aea4168fcea8ee9ba8d15320d57802b2dbeb34"", ""rendered_sha256_observed"": ""e779601fbeaf0348aa19838eacaf39b87f6ecaf697c7d8fb72cd3c10a03179cc""}, ""008|11|mirror"": {""image_sha256"": ""688b0cd10fcede1a61455aaa00e6a41623ef76bf51e194a97252fa035d320011"", ""key"": ""3MIDD_048_p11__mirror"", ""rendered_hash_matches_manifest"": false, ""rendered_sha256_manifest"": ""69ed896a69afe441ef455660ad9ffd953025efe3828d1b9e99673895d65c51f2"", ""rendered_sha256_observed"": ""210950a849d847fc3bcc16eecefeffe46654a115fffd9e1658600f506748f0a0""}, ""008|11|original"": {""image_sha256"": ""7a8f168925cd817566f65f95522d8d907d3d648650604476069565dc5b79c0b8"", ""key"": ""3MIDD_048_p11__original"", ""rendered_hash_matches_manifest"": false, ""rendered_sha256_manifest"": ""eece1064c38f97a155bfd03ba34f7df8a60451e3067af54e3ef554ecc1b1e852"", ""rendered_sha256_observed"": ""3f5234b16e90575e4082bf951b66033f81dac2d8cd6034771ce860f1414797c8""}, ""008|1|mirror"": {""image_sha256"": ""76ae87fe845b5de53b4efdcf569bb157b1e1cc9fadc2b60fe5517d72df68a38e"", ""key"": ""3MIDD_048_p01__mirror"", ""rendered_hash_matches_manifest"": false, ""rendered_sha256_manifest"": ""95504b1bb34d39f2c55d1675935bd2f5be0203be221aad0f465b4ae492d88fb9"", ""rendered_sha256_observed"": ""3a63e882bf189939a01ec47b4c9e738eb16f100a0a4911d8ed3c02b397fe4d38""}, ""008|1|original"": {""image_sha256"": ""b22202e274a4ea56acfb1ad5a84a000e3621004051215da0c5d1e7e7a356bd93"", ""key"": ""3MIDD_048_p01__original"", ""rendered_hash_matches_manifest"": false, ""rendered_sha256_manifest"": ""0b1c2d3ab1dd4c595cca56b1c2354afc8941d05185bc36537ebae1a0b4e863f8"", ""rendered_sha256_observed"": ""6268a51b09defd504cdac90309110fc9cba8efa8015b7525f3151e0f87baf592""}, ""008|2|mirror"": {""image_sha256"": ""4e34f3d68c63e1f5f70aab44089c0e29fda6613480247eb5dd9aa57513fe9726"", ""key"": ""3MIDD_048_p02__mirror"", ""rendered_hash_matches_manifest"": false, ""rendered_sha256_manifest"": ""e805edb26281908117820ac5aeeaa51eb6851d2dd0b1e0655f022c669316b1ed"", ""rendered_sha256_observed"": ""10290257862ec62d129306d7573496554a6db305a688ec221a41866476eeedf9""}, ""008|2|original"": {""image_sha256"": ""5ba531b1b46b3db2b707aec365d91759124b6d9be6e1b4fa913659121dbb0e35"", ""key"": ""3MIDD_048_p02__original"", ""rendered_hash_matches_manifest"": false, ""rendered_sha256_manifest"": ""cb3bcdee86ed1563d6ca820a1f7ed966c9e2db105159a47b083137c0ad345b7c"", ""rendered_sha256_observed"": ""a20ddfccb0fc8806cff1d5843be94f8e40606b63875d207055290d69b9b87637""}, ""008|3|mirror"": {""image_sha256"": ""ffb35a39466db44b67099d2beec9e4a872e7e675248262b0b113bc19f091698f"", ""key"": ""3MIDD_048_p03__mirror"", ""rendered_hash_matches_manifest"": false, ""rendered_sha256_manifest"": ""c58b6afb3158907f2ae38adb5638efc6b64bfcdb8e4d657be564a7b299b98fd3"", ""rendered_sha256_observed"": ""65fa4081b7cd9e8caf3faed1a8ad7b3c36d62f009637e3da2b06155681d1e8be""}, ""008|3|original"": {""image_sha256"": ""60b8be653d5af5a824f3e82b472356750990854ed67d77ac0d5c17e3a1865920"", ""key"": ""3MIDD_048_p03__original"", ""rendered_hash_matches_manifest"": false, ""rendered_sha256_manifest"": ""fdfff2fa8a89e028955e887fb853720cbffefadc4ae56baca47e7d66a472136e"", ""rendered_sha256_observed"": ""2a7933ae1f41135eaceea5a2acfd021b00c9ec153fdae1741b1576e361513f72""}, ""008|4|mirror"": {""image_sha256"": ""9f72bb61d48dd59b058a653aa23c1bfd8798b27122d7417b27d6a84e48592e41"", ""key"": ""3MIDD_048_p04__mirror"", ""rendered_hash_matches_manifest"": false, ""rendered_sha256_manifest"": ""7272d3a8380e1c53060155648a49dc96b22c2bdae607ab976591c5e67e17bf2d"", ""rendered_sha256_observed"": ""fe5664ad8fb1cf4227ca880ff3eaab8106d5900a8d050a44d025f3ca2ae11818""}, ""008|4|original"": {""image_sha256"": ""a2213590cc067a63b6d9027ac537325df2642346f5b200339ce100b64b2ae2ae"", ""key"": ""3MIDD_048_p04__original"", ""rendered_hash_matches_manifest"": false, ""rendered_sha256_manifest"": ""b068b151fff6ad7dddc9c03f9be97a65ae58a0acc44f6ad70e298c166a9052f1"", ""rendered_sha256_observed"": ""e277bd9d0b2d2758cf23bbbe9a1eaedfb6ea9503c272e5b19db662e2c8fc1bf2""}, ""008|5|mirror"": {""image_sha256"": ""fb9353386392c1974dbc4c584fdfacd6711167492e54e5c481558dd4d987abdd"", ""key"": ""3MIDD_048_p05__mirror"", ""rendered_hash_matches_manifest"": false, ""rendered_sha256_manifest"": ""7534be0114b31d7c892fc08d18b989faf13742d8a65cdfcb17201a60cdce9d79"", ""rendered_sha256_observed"": ""238122e498c334c6a42104de3aee64dcc958c0d93163624a5ca61ed6076eb17c""}, ""008|5|original"": {""image_sha256"": ""8c421d48f329fdce70ec385017a55ca019b0eda1ada605fbb260a969cfad57bf"", ""key"": ""3MIDD_048_p05__original"", ""rendered_hash_matches_manifest"": false, ""rendered_sha256_manifest"": ""c4cea68a0cd7b22c133c006f0fd5efb687e79f8547549b7580d20a8f4f044239"", ""rendered_sha256_observed"": ""9d3edacad216b2fabbf82a2b46244320b2ba7b95e5856853cb910c57f4db04bb""}, ""008|6|mirror"": {""image_sha256"": ""2539e65a0e90bbcf7940f8489358d68ca2e72794ffc47f7eea9de4d83873a421"", ""key"": ""3MIDD_048_p06__mirror"", ""rendered_hash_matches_manifest"": false, ""rendered_sha256_manifest"": ""355eef0412c959425875ac1f378309e1db970dbd87806e2a94ff8a5df7817751"", ""rendered_sha256_observed"": ""4744ba7f3ddddef5e613244e941287086f6a1f9894fc3f5e33b883d99cc3e69c""}, ""008|6|original"": {""image_sha256"": ""d9166aeb478c215ddd59c92dee3c5f8331e591539cdbf6ea15da8f3bc829c5a7"", ""key"": ""3MIDD_048_p06__original"", ""rendered_hash_matches_manifest"": false, ""rendered_sha256_manifest"": ""3b0ca74600905a34d807c5e518b0dadc62763cec203734119b92f816134d3365"", ""rendered_sha256_observed"": ""d30baa041727819a706dda1a1c7d83d1b1a9f793d60effda5619c67517789e59""}, ""008|7|mirror"": {""image_sha256"": ""c03e06da1762c4b589c163595a86622c9396bc9173a5e52a948d6e56e131a9d7"", ""key"": ""3MIDD_048_p07__mirror"", ""rendered_hash_matches_manifest"": false, ""rendered_sha256_manifest"": ""f2fdf26272a9f966e67d48b002aa73b53a33b56439a1589b0cdbeecdf4aac812"", ""rendered_sha256_observed"": ""3eac954cc77c27f0e1d9a051de97555513645c480fa4423b609d84f2fdd95106""}, ""008|7|original"": {""image_sha256"": ""592326bd04173d519dd91155d024aea283335c9b3a5ee1adbd65bb3e9d7c02ce"", ""key"": ""3MIDD_048_p07__original"", ""rendered_hash_matches_manifest"": false, ""rendered_sha256_manifest"": ""6b00971f871a2480de03ca9d75d0751c7f7e9115afc377274dd7008d8601e29d"", ""rendered_sha256_observed"": ""a1533a72b12334608bdd552fd9fdde7e0de37004e56302e573e67105b3170f6d""}, ""008|8|mirror"": {""image_sha256"": ""4d409fd7f2e7211c67e53cdd47291c912a592855a96c10591f9fdaae00cf5274"", ""key"": ""3MIDD_048_p08__mirror"", ""rendered_hash_matches_manifest"": false, ""rendered_sha256_manifest"": ""6a43378923a6dc92ab9cb3e3261a4542cfedfa7aba0b678402c61b2b69de1bc1"", ""rendered_sha256_observed"": ""43d088d06bcd7c7d1d53535e17aed0a31e2658e85c5ef0bb2e1fc890de1dc2e1""}, ""008|8|original"": {""image_sha256"": ""9e489be2590f66c123eda42b3a8cf2dc16cab61a6c788e25436002ff33c3bf23"", ""key"": ""3MIDD_048_p08__original"", ""rendered_hash_matches_manifest"": false, ""rendered_sha256_manifest"": ""6df1617532c48b9961f28429fa2794c14533f613d1038278b8c1e5fbcfafa811"", ""rendered_sha256_observed"": ""b9a1cdcdb78d434af31b70623c801c8cf4d64eb31eb82f3818b5206211b20888""}, ""008|9|mirror"": {""image_sha256"": ""590d24d23f57640236e3456066c73c937f94c7aa27318cee3bab578718eb3c72"", ""key"": ""3MIDD_048_p09__mirror"", ""rendered_hash_matches_manifest"": false, ""rendered_sha256_manifest"": ""fffbf428c90dc1a574d44ec590f3025fcb0e6946e6ade239ee2103066e332ffd"", ""rendered_sha256_observed"": ""977daf24eab5d7697a7724086f4ba65c6b79e74eea9e756a3fb89d5ac6915d6b""}, ""008|9|original"": {""image_sha256"": ""b099e4e04c23584b7e1103c4fb6faca25787a2d443f977fd37e962592c6ee560"", ""key"": ""3MIDD_048_p09__original"", ""rendered_hash_matches_manifest"": false, ""rendered_sha256_manifest"": ""f6000bef78eeb2eee55b544e2e92dc4b5f4817718c94242e364664c682512599"", ""rendered_sha256_observed"": ""1ec8d847e014b9317edfe33d2542e6679dc82482fc277dbf482863bfaef62c3f""}, ""009|0|mirror"": {""image_sha256"": ""bae7e04d77f43a177610ccc1d9dfb638fbe01296b69ac462e00fa5b2293a026d"", ""key"": ""3MIDD_048_p00__mirror"", ""rendered_hash_matches_manifest"": false, ""rendered_sha256_manifest"": ""3318e0f201660badacba48c9b8421d631730ce66e4e215031158f9a905899016"", ""rendered_sha256_observed"": ""95ccac4a43b2ce3101428c8ad255378481707b4f230146b8893eff4eea57ffca""}, ""009|0|original"": {""image_sha256"": ""55de889bf77d4ed148146e80de064406871b98fbc6362750a940c6f8d0526965"", ""key"": ""3MIDD_048_p00__original"", ""rendered_hash_matches_manifest"": false, ""rendered_sha256_manifest"": ""c64d770e6191feb1ac7e6eae9ed43e6847f2c5f5a346deaad3597d0b98796435"", ""rendered_sha256_observed"": ""12afbe0d8f29b9563a881012679693f6d2ef8364067a4eb0b1b6bcf4ba988bc3""}, ""009|10|mirror"": {""image_sha256"": ""96cc75d2f496cd2b04177ff0fe242de86e399edae3de87094cef68f8fff3da81"", ""key"": ""3MIDD_048_p10__mirror"", ""rendered_hash_matches_manifest"": false, ""rendered_sha256_manifest"": ""18dd718d50d364030ec34f91333a2b0a598018bf35e8c504e25cc877d2e96685"", ""rendered_sha256_observed"": ""2934d848523f6313a0158319aaf16a6e7cfaa5d6579753909f88d546ab6dfe19""}, ""009|10|original"": {""image_sha256"": ""4550b8320af6cd8f34965ee303437323c51d2f98cc166d0bce5d3f1f7b70aa8e"", ""key"": ""3MIDD_048_p10__original"", ""rendered_hash_matches_manifest"": false, ""rendered_sha256_manifest"": ""63a455c2f57130657be84c4c88aea4168fcea8ee9ba8d15320d57802b2dbeb34"", ""rendered_sha256_observed"": ""e779601fbeaf0348aa19838eacaf39b87f6ecaf697c7d8fb72cd3c10a03179cc""}, ""009|11|mirror"": {""image_sha256"": ""688b0cd10fcede1a61455aaa00e6a41623ef76bf51e194a97252fa035d320011"", ""key"": ""3MIDD_048_p11__mirror"", ""rendered_hash_matches_manifest"": false, ""rendered_sha256_manifest"": ""69ed896a69afe441ef455660ad9ffd953025efe3828d1b9e99673895d65c51f2"", ""rendered_sha256_observed"": ""210950a849d847fc3bcc16eecefeffe46654a115fffd9e1658600f506748f0a0""}, ""009|11|original"": {""image_sha256"": ""7a8f168925cd817566f65f95522d8d907d3d648650604476069565dc5b79c0b8"", ""key"": ""3MIDD_048_p11__original"", ""rendered_hash_matches_manifest"": false, ""rendered_sha256_manifest"": ""eece1064c38f97a155bfd03ba34f7df8a60451e3067af54e3ef554ecc1b1e852"", ""rendered_sha256_observed"": ""3f5234b16e90575e4082bf951b66033f81dac2d8cd6034771ce860f1414797c8""}, ""009|1|mirror"": {""image_sha256"": ""76ae87fe845b5de53b4efdcf569bb157b1e1cc9fadc2b60fe5517d72df68a38e"", ""key"": ""3MIDD_048_p01__mirror"", ""rendered_hash_matches_manifest"": false, ""rendered_sha256_manifest"": ""95504b1bb34d39f2c55d1675935bd2f5be0203be221aad0f465b4ae492d88fb9"", ""rendered_sha256_observed"": ""3a63e882bf189939a01ec47b4c9e738eb16f100a0a4911d8ed3c02b397fe4d38""}, ""009|1|original"": {""image_sha256"": ""b22202e274a4ea56acfb1ad5a84a000e3621004051215da0c5d1e7e7a356bd93"", ""key"": ""3MIDD_048_p01__original"", ""rendered_hash_matches_manifest"": false, ""rendered_sha256_manifest"": ""0b1c2d3ab1dd4c595cca56b1c2354afc8941d05185bc36537ebae1a0b4e863f8"", ""rendered_sha256_observed"": ""6268a51b09defd504cdac90309110fc9cba8efa8015b7525f3151e0f87baf592""}, ""009|2|mirror"": {""image_sha256"": ""4e34f3d68c63e1f5f70aab44089c0e29fda6613480247eb5dd9aa57513fe9726"", ""key"": ""3MIDD_048_p02__mirror"", ""rendered_hash_matches_manifest"": false, ""rendered_sha256_manifest"": ""e805edb26281908117820ac5aeeaa51eb6851d2dd0b1e0655f022c669316b1ed"", ""rendered_sha256_observed"": ""10290257862ec62d129306d7573496554a6db305a688ec221a41866476eeedf9""}, ""009|2|original"": {""image_sha256"": ""5ba531b1b46b3db2b707aec365d91759124b6d9be6e1b4fa913659121dbb0e35"", ""key"": ""3MIDD_048_p02__original"", ""rendered_hash_matches_manifest"": false, ""rendered_sha256_manifest"": ""cb3bcdee86ed1563d6ca820a1f7ed966c9e2db105159a47b083137c0ad345b7c"", ""rendered_sha256_observed"": ""a20ddfccb0fc8806cff1d5843be94f8e40606b63875d207055290d69b9b87637""}, ""009|3|mirror"": {""image_sha256"": ""ffb35a39466db44b67099d2beec9e4a872e7e675248262b0b113bc19f091698f"", ""key"": ""3MIDD_048_p03__mirror"", ""rendered_hash_matches_manifest"": false, ""rendered_sha256_manifest"": ""c58b6afb3158907f2ae38adb5638efc6b64bfcdb8e4d657be564a7b299b98fd3"", ""rendered_sha256_observed"": ""65fa4081b7cd9e8caf3faed1a8ad7b3c36d62f009637e3da2b06155681d1e8be""}, ""009|3|original"": {""image_sha256"": ""60b8be653d5af5a824f3e82b472356750990854ed67d77ac0d5c17e3a1865920"", ""key"": ""3MIDD_048_p03__original"", ""rendered_hash_matches_manifest"": false, ""rendered_sha256_manifest"": ""fdfff2fa8a89e028955e887fb853720cbffefadc4ae56baca47e7d66a472136e"", ""rendered_sha256_observed"": ""2a7933ae1f41135eaceea5a2acfd021b00c9ec153fdae1741b1576e361513f72""}, ""009|4|mirror"": {""image_sha256"": ""9f72bb61d48dd59b058a653aa23c1bfd8798b27122d7417b27d6a84e48592e41"", ""key"": ""3MIDD_048_p04__mirror"", ""rendered_hash_matches_manifest"": false, ""rendered_sha256_manifest"": ""7272d3a8380e1c53060155648a49dc96b22c2bdae607ab976591c5e67e17bf2d"", ""rendered_sha256_observed"": ""fe5664ad8fb1cf4227ca880ff3eaab8106d5900a8d050a44d025f3ca2ae11818""}, ""009|4|original"": {""image_sha256"": ""a2213590cc067a63b6d9027ac537325df2642346f5b200339ce100b64b2ae2ae"", ""key"": ""3MIDD_048_p04__original"", ""rendered_hash_matches_manifest"": false, ""rendered_sha256_manifest"": ""b068b151fff6ad7dddc9c03f9be97a65ae58a0acc44f6ad70e298c166a9052f1"", ""rendered_sha256_observed"": ""e277bd9d0b2d2758cf23bbbe9a1eaedfb6ea9503c272e5b19db662e2c8fc1bf2""}, ""009|5|mirror"": {""image_sha256"": ""fb9353386392c1974dbc4c584fdfacd6711167492e54e5c481558dd4d987abdd"", ""key"": ""3MIDD_048_p05__mirror"", ""rendered_hash_matches_manifest"": false, ""rendered_sha256_manifest"": ""7534be0114b31d7c892fc08d18b989faf13742d8a65cdfcb17201a60cdce9d79"", ""rendered_sha256_observed"": ""238122e498c334c6a42104de3aee64dcc958c0d93163624a5ca61ed6076eb17c""}, ""009|5|original"": {""image_sha256"": ""8c421d48f329fdce70ec385017a55ca019b0eda1ada605fbb260a969cfad57bf"", ""key"": ""3MIDD_048_p05__original"", ""rendered_hash_matches_manifest"": false, ""rendered_sha256_manifest"": ""c4cea68a0cd7b22c133c006f0fd5efb687e79f8547549b7580d20a8f4f044239"", ""rendered_sha256_observed"": ""9d3edacad216b2fabbf82a2b46244320b2ba7b95e5856853cb910c57f4db04bb""}, ""009|6|mirror"": {""image_sha256"": ""2539e65a0e90bbcf7940f8489358d68ca2e72794ffc47f7eea9de4d83873a421"", ""key"": ""3MIDD_048_p06__mirror"", ""rendered_hash_matches_manifest"": false, ""rendered_sha256_manifest"": ""355eef0412c959425875ac1f378309e1db970dbd87806e2a94ff8a5df7817751"", ""rendered_sha256_observed"": ""4744ba7f3ddddef5e613244e941287086f6a1f9894fc3f5e33b883d99cc3e69c""}, ""009|6|original"": {""image_sha256"": ""d9166aeb478c215ddd59c92dee3c5f8331e591539cdbf6ea15da8f3bc829c5a7"", ""key"": ""3MIDD_048_p06__original"", ""rendered_hash_matches_manifest"": false, ""rendered_sha256_manifest"": ""3b0ca74600905a34d807c5e518b0dadc62763cec203734119b92f816134d3365"", ""rendered_sha256_observed"": ""d30baa041727819a706dda1a1c7d83d1b1a9f793d60effda5619c67517789e59""}, ""009|7|mirror"": {""image_sha256"": ""c03e06da1762c4b589c163595a86622c9396bc9173a5e52a948d6e56e131a9d7"", ""key"": ""3MIDD_048_p07__mirror"", ""rendered_hash_matches_manifest"": false, ""rendered_sha256_manifest"": ""f2fdf26272a9f966e67d48b002aa73b53a33b56439a1589b0cdbeecdf4aac812"", ""rendered_sha256_observed"": ""3eac954cc77c27f0e1d9a051de97555513645c480fa4423b609d84f2fdd95106""}, ""009|7|original"": {""image_sha256"": ""592326bd04173d519dd91155d024aea283335c9b3a5ee1adbd65bb3e9d7c02ce"", ""key"": ""3MIDD_048_p07__original"", ""rendered_hash_matches_manifest"": false, ""rendered_sha256_manifest"": ""6b00971f871a2480de03ca9d75d0751c7f7e9115afc377274dd7008d8601e29d"", ""rendered_sha256_observed"": ""a1533a72b12334608bdd552fd9fdde7e0de37004e56302e573e67105b3170f6d""}, ""009|8|mirror"": {""image_sha256"": ""4d409fd7f2e7211c67e53cdd47291c912a592855a96c10591f9fdaae00cf5274"", ""key"": ""3MIDD_048_p08__mirror"", ""rendered_hash_matches_manifest"": false, ""rendered_sha256_manifest"": ""6a43378923a6dc92ab9cb3e3261a4542cfedfa7aba0b678402c61b2b69de1bc1"", ""rendered_sha256_observed"": ""43d088d06bcd7c7d1d53535e17aed0a31e2658e85c5ef0bb2e1fc890de1dc2e1""}, ""009|8|original"": {""image_sha256"": ""9e489be2590f66c123eda42b3a8cf2dc16cab61a6c788e25436002ff33c3bf23"", ""key"": ""3MIDD_048_p08__original"", ""rendered_hash_matches_manifest"": false, ""rendered_sha256_manifest"": ""6df1617532c48b9961f28429fa2794c14533f613d1038278b8c1e5fbcfafa811"", ""rendered_sha256_observed"": ""b9a1cdcdb78d434af31b70623c801c8cf4d64eb31eb82f3818b5206211b20888""}, ""009|9|mirror"": {""image_sha256"": ""590d24d23f57640236e3456066c73c937f94c7aa27318cee3bab578718eb3c72"", ""key"": ""3MIDD_048_p09__mirror"", ""rendered_hash_matches_manifest"": false, ""rendered_sha256_manifest"": ""fffbf428c90dc1a574d44ec590f3025fcb0e6946e6ade239ee2103066e332ffd"", ""rendered_sha256_observed"": ""977daf24eab5d7697a7724086f4ba65c6b79e74eea9e756a3fb89d5ac6915d6b""}, ""009|9|original"": {""image_sha256"": ""b099e4e04c23584b7e1103c4fb6faca25787a2d443f977fd37e962592c6ee560"", ""key"": ""3MIDD_048_p09__original"", ""rendered_hash_matches_manifest"": false, ""rendered_sha256_manifest"": ""f6000bef78eeb2eee55b544e2e92dc4b5f4817718c94242e364664c682512599"", ""rendered_sha256_observed"": ""1ec8d847e014b9317edfe33d2542e6679dc82482fc277dbf482863bfaef62c3f""}, ""010|0|mirror"": {""image_sha256"": ""bae7e04d77f43a177610ccc1d9dfb638fbe01296b69ac462e00fa5b2293a026d"", ""key"": ""3MIDD_048_p00__mirror"", ""rendered_hash_matches_manifest"": false, ""rendered_sha256_manifest"": ""3318e0f201660badacba48c9b8421d631730ce66e4e215031158f9a905899016"", ""rendered_sha256_observed"": ""95ccac4a43b2ce3101428c8ad255378481707b4f230146b8893eff4eea57ffca""}, ""010|0|original"": {""image_sha256"": ""55de889bf77d4ed148146e80de064406871b98fbc6362750a940c6f8d0526965"", ""key"": ""3MIDD_048_p00__original"", ""rendered_hash_matches_manifest"": false, ""rendered_sha256_manifest"": ""c64d770e6191feb1ac7e6eae9ed43e6847f2c5f5a346deaad3597d0b98796435"", ""rendered_sha256_observed"": ""12afbe0d8f29b9563a881012679693f6d2ef8364067a4eb0b1b6bcf4ba988bc3""}, ""010|10|mirror"": {""image_sha256"": ""96cc75d2f496cd2b04177ff0fe242de86e399edae3de87094cef68f8fff3da81"", ""key"": ""3MIDD_048_p10__mirror"", ""rendered_hash_matches_manifest"": false, ""rendered_sha256_manifest"": ""18dd718d50d364030ec34f91333a2b0a598018bf35e8c504e25cc877d2e96685"", ""rendered_sha256_observed"": ""2934d848523f6313a0158319aaf16a6e7cfaa5d6579753909f88d546ab6dfe19""}, ""010|10|original"": {""image_sha256"": ""4550b8320af6cd8f34965ee303437323c51d2f98cc166d0bce5d3f1f7b70aa8e"", ""key"": ""3MIDD_048_p10__original"", ""rendered_hash_matches_manifest"": false, ""rendered_sha256_manifest"": ""63a455c2f57130657be84c4c88aea4168fcea8ee9ba8d15320d57802b2dbeb34"", ""rendered_sha256_observed"": ""e779601fbeaf0348aa19838eacaf39b87f6ecaf697c7d8fb72cd3c10a03179cc""}, ""010|11|mirror"": {""image_sha256"": ""688b0cd10fcede1a61455aaa00e6a41623ef76bf51e194a97252fa035d320011"", ""key"": ""3MIDD_048_p11__mirror"", ""rendered_hash_matches_manifest"": false, ""rendered_sha256_manifest"": ""69ed896a69afe441ef455660ad9ffd953025efe3828d1b9e99673895d65c51f2"", ""rendered_sha256_observed"": ""210950a849d847fc3bcc16eecefeffe46654a115fffd9e1658600f506748f0a0""}, ""010|11|original"": {""image_sha256"": ""7a8f168925cd817566f65f95522d8d907d3d648650604476069565dc5b79c0b8"", ""key"": ""3MIDD_048_p11__original"", ""rendered_hash_matches_manifest"": false, ""rendered_sha256_manifest"": ""eece1064c38f97a155bfd03ba34f7df8a60451e3067af54e3ef554ecc1b1e852"", ""rendered_sha256_observed"": ""3f5234b16e90575e4082bf951b66033f81dac2d8cd6034771ce860f1414797c8""}, ""010|1|mirror"": {""image_sha256"": ""76ae87fe845b5de53b4efdcf569bb157b1e1cc9fadc2b60fe5517d72df68a38e"", ""key"": ""3MIDD_048_p01__mirror"", ""rendered_hash_matches_manifest"": false, ""rendered_sha256_manifest"": ""95504b1bb34d39f2c55d1675935bd2f5be0203be221aad0f465b4ae492d88fb9"", ""rendered_sha256_observed"": ""3a63e882bf189939a01ec47b4c9e738eb16f100a0a4911d8ed3c02b397fe4d38""}, ""010|1|original"": {""image_sha256"": ""b22202e274a4ea56acfb1ad5a84a000e3621004051215da0c5d1e7e7a356bd93"", ""key"": ""3MIDD_048_p01__original"", ""rendered_hash_matches_manifest"": false, ""rendered_sha256_manifest"": ""0b1c2d3ab1dd4c595cca56b1c2354afc8941d05185bc36537ebae1a0b4e863f8"", ""rendered_sha256_observed"": ""6268a51b09defd504cdac90309110fc9cba8efa8015b7525f3151e0f87baf592""}, ""010|2|mirror"": {""image_sha256"": ""4e34f3d68c63e1f5f70aab44089c0e29fda6613480247eb5dd9aa57513fe9726"", ""key"": ""3MIDD_048_p02__mirror"", ""rendered_hash_matches_manifest"": false, ""rendered_sha256_manifest"": ""e805edb26281908117820ac5aeeaa51eb6851d2dd0b1e0655f022c669316b1ed"", ""rendered_sha256_observed"": ""10290257862ec62d129306d7573496554a6db305a688ec221a41866476eeedf9""}, ""010|2|original"": {""image_sha256"": ""5ba531b1b46b3db2b707aec365d91759124b6d9be6e1b4fa913659121dbb0e35"", ""key"": ""3MIDD_048_p02__original"", ""rendered_hash_matches_manifest"": false, ""rendered_sha256_manifest"": ""cb3bcdee86ed1563d6ca820a1f7ed966c9e2db105159a47b083137c0ad345b7c"", ""rendered_sha256_observed"": ""a20ddfccb0fc8806cff1d5843be94f8e40606b63875d207055290d69b9b87637""}, ""010|3|mirror"": {""image_sha256"": ""ffb35a39466db44b67099d2beec9e4a872e7e675248262b0b113bc19f091698f"", ""key"": ""3MIDD_048_p03__mirror"", ""rendered_hash_matches_manifest"": false, ""rendered_sha256_manifest"": ""c58b6afb3158907f2ae38adb5638efc6b64bfcdb8e4d657be564a7b299b98fd3"", ""rendered_sha256_observed"": ""65fa4081b7cd9e8caf3faed1a8ad7b3c36d62f009637e3da2b06155681d1e8be""}, ""010|3|original"": {""image_sha256"": ""60b8be653d5af5a824f3e82b472356750990854ed67d77ac0d5c17e3a1865920"", ""key"": ""3MIDD_048_p03__original"", ""rendered_hash_matches_manifest"": false, ""rendered_sha256_manifest"": ""fdfff2fa8a89e028955e887fb853720cbffefadc4ae56baca47e7d66a472136e"", ""rendered_sha256_observed"": ""2a7933ae1f41135eaceea5a2acfd021b00c9ec153fdae1741b1576e361513f72""}, ""010|4|mirror"": {""image_sha256"": ""9f72bb61d48dd59b058a653aa23c1bfd8798b27122d7417b27d6a84e48592e41"", ""key"": ""3MIDD_048_p04__mirror"", ""rendered_hash_matches_manifest"": false, ""rendered_sha256_manifest"": ""7272d3a8380e1c53060155648a49dc96b22c2bdae607ab976591c5e67e17bf2d"", ""rendered_sha256_observed"": ""fe5664ad8fb1cf4227ca880ff3eaab8106d5900a8d050a44d025f3ca2ae11818""}, ""010|4|original"": {""image_sha256"": ""a2213590cc067a63b6d9027ac537325df2642346f5b200339ce100b64b2ae2ae"", ""key"": ""3MIDD_048_p04__original"", ""rendered_hash_matches_manifest"": false, ""rendered_sha256_manifest"": ""b068b151fff6ad7dddc9c03f9be97a65ae58a0acc44f6ad70e298c166a9052f1"", ""rendered_sha256_observed"": ""e277bd9d0b2d2758cf23bbbe9a1eaedfb6ea9503c272e5b19db662e2c8fc1bf2""}, ""010|5|mirror"": {""image_sha256"": ""fb9353386392c1974dbc4c584fdfacd6711167492e54e5c481558dd4d987abdd"", ""key"": ""3MIDD_048_p05__mirror"", ""rendered_hash_matches_manifest"": false, ""rendered_sha256_manifest"": ""7534be0114b31d7c892fc08d18b989faf13742d8a65cdfcb17201a60cdce9d79"", ""rendered_sha256_observed"": ""238122e498c334c6a42104de3aee64dcc958c0d93163624a5ca61ed6076eb17c""}, ""010|5|original"": {""image_sha256"": ""8c421d48f329fdce70ec385017a55ca019b0eda1ada605fbb260a969cfad57bf"", ""key"": ""3MIDD_048_p05__original"", ""rendered_hash_matches_manifest"": false, ""rendered_sha256_manifest"": ""c4cea68a0cd7b22c133c006f0fd5efb687e79f8547549b7580d20a8f4f044239"", ""rendered_sha256_observed"": ""9d3edacad216b2fabbf82a2b46244320b2ba7b95e5856853cb910c57f4db04bb""}, ""010|6|mirror"": {""image_sha256"": ""2539e65a0e90bbcf7940f8489358d68ca2e72794ffc47f7eea9de4d83873a421"", ""key"": ""3MIDD_048_p06__mirror"", ""rendered_hash_matches_manifest"": false, ""rendered_sha256_manifest"": ""355eef0412c959425875ac1f378309e1db970dbd87806e2a94ff8a5df7817751"", ""rendered_sha256_observed"": ""4744ba7f3ddddef5e613244e941287086f6a1f9894fc3f5e33b883d99cc3e69c""}, ""010|6|original"": {""image_sha256"": ""d9166aeb478c215ddd59c92dee3c5f8331e591539cdbf6ea15da8f3bc829c5a7"", ""key"": ""3MIDD_048_p06__original"", ""rendered_hash_matches_manifest"": false, ""rendered_sha256_manifest"": ""3b0ca74600905a34d807c5e518b0dadc62763cec203734119b92f816134d3365"", ""rendered_sha256_observed"": ""d30baa041727819a706dda1a1c7d83d1b1a9f793d60effda5619c67517789e59""}, ""010|7|mirror"": {""image_sha256"": ""c03e06da1762c4b589c163595a86622c9396bc9173a5e52a948d6e56e131a9d7"", ""key"": ""3MIDD_048_p07__mirror"", ""rendered_hash_matches_manifest"": false, ""rendered_sha256_manifest"": ""f2fdf26272a9f966e67d48b002aa73b53a33b56439a1589b0cdbeecdf4aac812"", ""rendered_sha256_observed"": ""3eac954cc77c27f0e1d9a051de97555513645c480fa4423b609d84f2fdd95106""}, ""010|7|original"": {""image_sha256"": ""592326bd04173d519dd91155d024aea283335c9b3a5ee1adbd65bb3e9d7c02ce"", ""key"": ""3MIDD_048_p07__original"", ""rendered_hash_matches_manifest"": false, ""rendered_sha256_manifest"": ""6b00971f871a2480de03ca9d75d0751c7f7e9115afc377274dd7008d8601e29d"", ""rendered_sha256_observed"": ""a1533a72b12334608bdd552fd9fdde7e0de37004e56302e573e67105b3170f6d""}, ""010|8|mirror"": {""image_sha256"": ""4d409fd7f2e7211c67e53cdd47291c912a592855a96c10591f9fdaae00cf5274"", ""key"": ""3MIDD_048_p08__mirror"", ""rendered_hash_matches_manifest"": false, ""rendered_sha256_manifest"": ""6a43378923a6dc92ab9cb3e3261a4542cfedfa7aba0b678402c61b2b69de1bc1"", ""rendered_sha256_observed"": ""43d088d06bcd7c7d1d53535e17aed0a31e2658e85c5ef0bb2e1fc890de1dc2e1""}, ""010|8|original"": {""image_sha256"": ""9e489be2590f66c123eda42b3a8cf2dc16cab61a6c788e25436002ff33c3bf23"", ""key"": ""3MIDD_048_p08__original"", ""rendered_hash_matches_manifest"": false, ""rendered_sha256_manifest"": ""6df1617532c48b9961f28429fa2794c14533f613d1038278b8c1e5fbcfafa811"", ""rendered_sha256_observed"": ""b9a1cdcdb78d434af31b70623c801c8cf4d64eb31eb82f3818b5206211b20888""}, ""010|9|mirror"": {""image_sha256"": ""590d24d23f57640236e3456066c73c937f94c7aa27318cee3bab578718eb3c72"", ""key"": ""3MIDD_048_p09__mirror"", ""rendered_hash_matches_manifest"": false, ""rendered_sha256_manifest"": ""fffbf428c90dc1a574d44ec590f3025fcb0e6946e6ade239ee2103066e332ffd"", ""rendered_sha256_observed"": ""977daf24eab5d7697a7724086f4ba65c6b79e74eea9e756a3fb89d5ac6915d6b""}, ""010|9|original"": {""image_sha256"": ""b099e4e04c23584b7e1103c4fb6faca25787a2d443f977fd37e962592c6ee560"", ""key"": ""3MIDD_048_p09__original"", ""rendered_hash_matches_manifest"": false, ""rendered_sha256_manifest"": ""f6000bef78eeb2eee55b544e2e92dc4b5f4817718c94242e364664c682512599"", ""rendered_sha256_observed"": ""1ec8d847e014b9317edfe33d2542e6679dc82482fc277dbf482863bfaef62c3f""}, ""011|0|mirror"": {""image_sha256"": ""bae7e04d77f43a177610ccc1d9dfb638fbe01296b69ac462e00fa5b2293a026d"", ""key"": ""3MIDD_048_p00__mirror"", ""rendered_hash_matches_manifest"": false, ""rendered_sha256_manifest"": ""3318e0f201660badacba48c9b8421d631730ce66e4e215031158f9a905899016"", ""rendered_sha256_observed"": ""95ccac4a43b2ce3101428c8ad255378481707b4f230146b8893eff4eea57ffca""}, ""011|0|original"": {""image_sha256"": ""55de889bf77d4ed148146e80de064406871b98fbc6362750a940c6f8d0526965"", ""key"": ""3MIDD_048_p00__original"", ""rendered_hash_matches_manifest"": false, ""rendered_sha256_manifest"": ""c64d770e6191feb1ac7e6eae9ed43e6847f2c5f5a346deaad3597d0b98796435"", ""rendered_sha256_observed"": ""12afbe0d8f29b9563a881012679693f6d2ef8364067a4eb0b1b6bcf4ba988bc3""}, ""011|10|mirror"": {""image_sha256"": ""96cc75d2f496cd2b04177ff0fe242de86e399edae3de87094cef68f8fff3da81"", ""key"": ""3MIDD_048_p10__mirror"", ""rendered_hash_matches_manifest"": false, ""rendered_sha256_manifest"": ""18dd718d50d364030ec34f91333a2b0a598018bf35e8c504e25cc877d2e96685"", ""rendered_sha256_observed"": ""2934d848523f6313a0158319aaf16a6e7cfaa5d6579753909f88d546ab6dfe19""}, ""011|10|original"": {""image_sha256"": ""4550b8320af6cd8f34965ee303437323c51d2f98cc166d0bce5d3f1f7b70aa8e"", ""key"": ""3MIDD_048_p10__original"", ""rendered_hash_matches_manifest"": false, ""rendered_sha256_manifest"": ""63a455c2f57130657be84c4c88aea4168fcea8ee9ba8d15320d57802b2dbeb34"", ""rendered_sha256_observed"": ""e779601fbeaf0348aa19838eacaf39b87f6ecaf697c7d8fb72cd3c10a03179cc""}, ""011|11|mirror"": {""image_sha256"": ""688b0cd10fcede1a61455aaa00e6a41623ef76bf51e194a97252fa035d320011"", ""key"": ""3MIDD_048_p11__mirror"", ""rendered_hash_matches_manifest"": false, ""rendered_sha256_manifest"": ""69ed896a69afe441ef455660ad9ffd953025efe3828d1b9e99673895d65c51f2"", ""rendered_sha256_observed"": ""210950a849d847fc3bcc16eecefeffe46654a115fffd9e1658600f506748f0a0""}, ""011|11|original"": {""image_sha256"": ""7a8f168925cd817566f65f95522d8d907d3d648650604476069565dc5b79c0b8"", ""key"": ""3MIDD_048_p11__original"", ""rendered_hash_matches_manifest"": false, ""rendered_sha256_manifest"": ""eece1064c38f97a155bfd03ba34f7df8a60451e3067af54e3ef554ecc1b1e852"", ""rendered_sha256_observed"": ""3f5234b16e90575e4082bf951b66033f81dac2d8cd6034771ce860f1414797c8""}, ""011|1|mirror"": {""image_sha256"": ""76ae87fe845b5de53b4efdcf569bb157b1e1cc9fadc2b60fe5517d72df68a38e"", ""key"": ""3MIDD_048_p01__mirror"", ""rendered_hash_matches_manifest"": false, ""rendered_sha256_manifest"": ""95504b1bb34d39f2c55d1675935bd2f5be0203be221aad0f465b4ae492d88fb9"", ""rendered_sha256_observed"": ""3a63e882bf189939a01ec47b4c9e738eb16f100a0a4911d8ed3c02b397fe4d38""}, ""011|1|original"": {""image_sha256"": ""b22202e274a4ea56acfb1ad5a84a000e3621004051215da0c5d1e7e7a356bd93"", ""key"": ""3MIDD_048_p01__original"", ""rendered_hash_matches_manifest"": false, ""rendered_sha256_manifest"": ""0b1c2d3ab1dd4c595cca56b1c2354afc8941d05185bc36537ebae1a0b4e863f8"", ""rendered_sha256_observed"": ""6268a51b09defd504cdac90309110fc9cba8efa8015b7525f3151e0f87baf592""}, ""011|2|mirror"": {""image_sha256"": ""4e34f3d68c63e1f5f70aab44089c0e29fda6613480247eb5dd9aa57513fe9726"", ""key"": ""3MIDD_048_p02__mirror"", ""rendered_hash_matches_manifest"": false, ""rendered_sha256_manifest"": ""e805edb26281908117820ac5aeeaa51eb6851d2dd0b1e0655f022c669316b1ed"", ""rendered_sha256_observed"": ""10290257862ec62d129306d7573496554a6db305a688ec221a41866476eeedf9""}, ""011|2|original"": {""image_sha256"": ""5ba531b1b46b3db2b707aec365d91759124b6d9be6e1b4fa913659121dbb0e35"", ""key"": ""3MIDD_048_p02__original"", ""rendered_hash_matches_manifest"": false, ""rendered_sha256_manifest"": ""cb3bcdee86ed1563d6ca820a1f7ed966c9e2db105159a47b083137c0ad345b7c"", ""rendered_sha256_observed"": ""a20ddfccb0fc8806cff1d5843be94f8e40606b63875d207055290d69b9b87637""}, ""011|3|mirror"": {""image_sha256"": ""ffb35a39466db44b67099d2beec9e4a872e7e675248262b0b113bc19f091698f"", ""key"": ""3MIDD_048_p03__mirror"", ""rendered_hash_matches_manifest"": false, ""rendered_sha256_manifest"": ""c58b6afb3158907f2ae38adb5638efc6b64bfcdb8e4d657be564a7b299b98fd3"", ""rendered_sha256_observed"": ""65fa4081b7cd9e8caf3faed1a8ad7b3c36d62f009637e3da2b06155681d1e8be""}, ""011|3|original"": {""image_sha256"": ""60b8be653d5af5a824f3e82b472356750990854ed67d77ac0d5c17e3a1865920"", ""key"": ""3MIDD_048_p03__original"", ""rendered_hash_matches_manifest"": false, ""rendered_sha256_manifest"": ""fdfff2fa8a89e028955e887fb853720cbffefadc4ae56baca47e7d66a472136e"", ""rendered_sha256_observed"": ""2a7933ae1f41135eaceea5a2acfd021b00c9ec153fdae1741b1576e361513f72""}, ""011|4|mirror"": {""image_sha256"": ""9f72bb61d48dd59b058a653aa23c1bfd8798b27122d7417b27d6a84e48592e41"", ""key"": ""3MIDD_048_p04__mirror"", ""rendered_hash_matches_manifest"": false, ""rendered_sha256_manifest"": ""7272d3a8380e1c53060155648a49dc96b22c2bdae607ab976591c5e67e17bf2d"", ""rendered_sha256_observed"": ""fe5664ad8fb1cf4227ca880ff3eaab8106d5900a8d050a44d025f3ca2ae11818""}, ""011|4|original"": {""image_sha256"": ""a2213590cc067a63b6d9027ac537325df2642346f5b200339ce100b64b2ae2ae"", ""key"": ""3MIDD_048_p04__original"", ""rendered_hash_matches_manifest"": false, ""rendered_sha256_manifest"": ""b068b151fff6ad7dddc9c03f9be97a65ae58a0acc44f6ad70e298c166a9052f1"", ""rendered_sha256_observed"": ""e277bd9d0b2d2758cf23bbbe9a1eaedfb6ea9503c272e5b19db662e2c8fc1bf2""}, ""011|5|mirror"": {""image_sha256"": ""fb9353386392c1974dbc4c584fdfacd6711167492e54e5c481558dd4d987abdd"", ""key"": ""3MIDD_048_p05__mirror"", ""rendered_hash_matches_manifest"": false, ""rendered_sha256_manifest"": ""7534be0114b31d7c892fc08d18b989faf13742d8a65cdfcb17201a60cdce9d79"", ""rendered_sha256_observed"": ""238122e498c334c6a42104de3aee64dcc958c0d93163624a5ca61ed6076eb17c""}, ""011|5|original"": {""image_sha256"": ""8c421d48f329fdce70ec385017a55ca019b0eda1ada605fbb260a969cfad57bf"", ""key"": ""3MIDD_048_p05__original"", ""rendered_hash_matches_manifest"": false, ""rendered_sha256_manifest"": ""c4cea68a0cd7b22c133c006f0fd5efb687e79f8547549b7580d20a8f4f044239"", ""rendered_sha256_observed"": ""9d3edacad216b2fabbf82a2b46244320b2ba7b95e5856853cb910c57f4db04bb""}, ""011|6|mirror"": {""image_sha256"": ""2539e65a0e90bbcf7940f8489358d68ca2e72794ffc47f7eea9de4d83873a421"", ""key"": ""3MIDD_048_p06__mirror"", ""rendered_hash_matches_manifest"": false, ""rendered_sha256_manifest"": ""355eef0412c959425875ac1f378309e1db970dbd87806e2a94ff8a5df7817751"", ""rendered_sha256_observed"": ""4744ba7f3ddddef5e613244e941287086f6a1f9894fc3f5e33b883d99cc3e69c""}, ""011|6|original"": {""image_sha256"": ""d9166aeb478c215ddd59c92dee3c5f8331e591539cdbf6ea15da8f3bc829c5a7"", ""key"": ""3MIDD_048_p06__original"", ""rendered_hash_matches_manifest"": false, ""rendered_sha256_manifest"": ""3b0ca74600905a34d807c5e518b0dadc62763cec203734119b92f816134d3365"", ""rendered_sha256_observed"": ""d30baa041727819a706dda1a1c7d83d1b1a9f793d60effda5619c67517789e59""}, ""011|7|mirror"": {""image_sha256"": ""c03e06da1762c4b589c163595a86622c9396bc9173a5e52a948d6e56e131a9d7"", ""key"": ""3MIDD_048_p07__mirror"", ""rendered_hash_matches_manifest"": false, ""rendered_sha256_manifest"": ""f2fdf26272a9f966e67d48b002aa73b53a33b56439a1589b0cdbeecdf4aac812"", ""rendered_sha256_observed"": ""3eac954cc77c27f0e1d9a051de97555513645c480fa4423b609d84f2fdd95106""}, ""011|7|original"": {""image_sha256"": ""592326bd04173d519dd91155d024aea283335c9b3a5ee1adbd65bb3e9d7c02ce"", ""key"": ""3MIDD_048_p07__original"", ""rendered_hash_matches_manifest"": false, ""rendered_sha256_manifest"": ""6b00971f871a2480de03ca9d75d0751c7f7e9115afc377274dd7008d8601e29d"", ""rendered_sha256_observed"": ""a1533a72b12334608bdd552fd9fdde7e0de37004e56302e573e67105b3170f6d""}, ""011|8|mirror"": {""image_sha256"": ""4d409fd7f2e7211c67e53cdd47291c912a592855a96c10591f9fdaae00cf5274"", ""key"": ""3MIDD_048_p08__mirror"", ""rendered_hash_matches_manifest"": false, ""rendered_sha256_manifest"": ""6a43378923a6dc92ab9cb3e3261a4542cfedfa7aba0b678402c61b2b69de1bc1"", ""rendered_sha256_observed"": ""43d088d06bcd7c7d1d53535e17aed0a31e2658e85c5ef0bb2e1fc890de1dc2e1""}, ""011|8|original"": {""image_sha256"": ""9e489be2590f66c123eda42b3a8cf2dc16cab61a6c788e25436002ff33c3bf23"", ""key"": ""3MIDD_048_p08__original"", ""rendered_hash_matches_manifest"": false, ""rendered_sha256_manifest"": ""6df1617532c48b9961f28429fa2794c14533f613d1038278b8c1e5fbcfafa811"", ""rendered_sha256_observed"": ""b9a1cdcdb78d434af31b70623c801c8cf4d64eb31eb82f3818b5206211b20888""}, ""011|9|mirror"": {""image_sha256"": ""590d24d23f57640236e3456066c73c937f94c7aa27318cee3bab578718eb3c72"", ""key"": ""3MIDD_048_p09__mirror"", ""rendered_hash_matches_manifest"": false, ""rendered_sha256_manifest"": ""fffbf428c90dc1a574d44ec590f3025fcb0e6946e6ade239ee2103066e332ffd"", ""rendered_sha256_observed"": ""977daf24eab5d7697a7724086f4ba65c6b79e74eea9e756a3fb89d5ac6915d6b""}, ""011|9|original"": {""image_sha256"": ""b099e4e04c23584b7e1103c4fb6faca25787a2d443f977fd37e962592c6ee560"", ""key"": ""3MIDD_048_p09__original"", ""rendered_hash_matches_manifest"": false, ""rendered_sha256_manifest"": ""f6000bef78eeb2eee55b544e2e92dc4b5f4817718c94242e364664c682512599"", ""rendered_sha256_observed"": ""1ec8d847e014b9317edfe33d2542e6679dc82482fc277dbf482863bfaef62c3f""}, ""012|0|mirror"": {""image_sha256"": ""bae7e04d77f43a177610ccc1d9dfb638fbe01296b69ac462e00fa5b2293a026d"", ""key"": ""3MIDD_048_p00__mirror"", ""rendered_hash_matches_manifest"": false, ""rendered_sha256_manifest"": ""3318e0f201660badacba48c9b8421d631730ce66e4e215031158f9a905899016"", ""rendered_sha256_observed"": ""95ccac4a43b2ce3101428c8ad255378481707b4f230146b8893eff4eea57ffca""}, ""012|0|original"": {""image_sha256"": ""55de889bf77d4ed148146e80de064406871b98fbc6362750a940c6f8d0526965"", ""key"": ""3MIDD_048_p00__original"", ""rendered_hash_matches_manifest"": false, ""rendered_sha256_manifest"": ""c64d770e6191feb1ac7e6eae9ed43e6847f2c5f5a346deaad3597d0b98796435"", ""rendered_sha256_observed"": ""12afbe0d8f29b9563a881012679693f6d2ef8364067a4eb0b1b6bcf4ba988bc3""}, ""012|10|mirror"": {""image_sha256"": ""96cc75d2f496cd2b04177ff0fe242de86e399edae3de87094cef68f8fff3da81"", ""key"": ""3MIDD_048_p10__mirror"", ""rendered_hash_matches_manifest"": false, ""rendered_sha256_manifest"": ""18dd718d50d364030ec34f91333a2b0a598018bf35e8c504e25cc877d2e96685"", ""rendered_sha256_observed"": ""2934d848523f6313a0158319aaf16a6e7cfaa5d6579753909f88d546ab6dfe19""}, ""012|10|original"": {""image_sha256"": ""4550b8320af6cd8f34965ee303437323c51d2f98cc166d0bce5d3f1f7b70aa8e"", ""key"": ""3MIDD_048_p10__original"", ""rendered_hash_matches_manifest"": false, ""rendered_sha256_manifest"": ""63a455c2f57130657be84c4c88aea4168fcea8ee9ba8d15320d57802b2dbeb34"", ""rendered_sha256_observed"": ""e779601fbeaf0348aa19838eacaf39b87f6ecaf697c7d8fb72cd3c10a03179cc""}, ""012|11|mirror"": {""image_sha256"": ""688b0cd10fcede1a61455aaa00e6a41623ef76bf51e194a97252fa035d320011"", ""key"": ""3MIDD_048_p11__mirror"", ""rendered_hash_matches_manifest"": false, ""rendered_sha256_manifest"": ""69ed896a69afe441ef455660ad9ffd953025efe3828d1b9e99673895d65c51f2"", ""rendered_sha256_observed"": ""210950a849d847fc3bcc16eecefeffe46654a115fffd9e1658600f506748f0a0""}, ""012|11|original"": {""image_sha256"": ""7a8f168925cd817566f65f95522d8d907d3d648650604476069565dc5b79c0b8"", ""key"": ""3MIDD_048_p11__original"", ""rendered_hash_matches_manifest"": false, ""rendered_sha256_manifest"": ""eece1064c38f97a155bfd03ba34f7df8a60451e3067af54e3ef554ecc1b1e852"", ""rendered_sha256_observed"": ""3f5234b16e90575e4082bf951b66033f81dac2d8cd6034771ce860f1414797c8""}, ""012|1|mirror"": {""image_sha256"": ""76ae87fe845b5de53b4efdcf569bb157b1e1cc9fadc2b60fe5517d72df68a38e"", ""key"": ""3MIDD_048_p01__mirror"", ""rendered_hash_matches_manifest"": false, ""rendered_sha256_manifest"": ""95504b1bb34d39f2c55d1675935bd2f5be0203be221aad0f465b4ae492d88fb9"", ""rendered_sha256_observed"": ""3a63e882bf189939a01ec47b4c9e738eb16f100a0a4911d8ed3c02b397fe4d38""}, ""012|1|original"": {""image_sha256"": ""b22202e274a4ea56acfb1ad5a84a000e3621004051215da0c5d1e7e7a356bd93"", ""key"": ""3MIDD_048_p01__original"", ""rendered_hash_matches_manifest"": false, ""rendered_sha256_manifest"": ""0b1c2d3ab1dd4c595cca56b1c2354afc8941d05185bc36537ebae1a0b4e863f8"", ""rendered_sha256_observed"": ""6268a51b09defd504cdac90309110fc9cba8efa8015b7525f3151e0f87baf592""}, ""012|2|mirror"": {""image_sha256"": ""4e34f3d68c63e1f5f70aab44089c0e29fda6613480247eb5dd9aa57513fe9726"", ""key"": ""3MIDD_048_p02__mirror"", ""rendered_hash_matches_manifest"": false, ""rendered_sha256_manifest"": ""e805edb26281908117820ac5aeeaa51eb6851d2dd0b1e0655f022c669316b1ed"", ""rendered_sha256_observed"": ""10290257862ec62d129306d7573496554a6db305a688ec221a41866476eeedf9""}, ""012|2|original"": {""image_sha256"": ""5ba531b1b46b3db2b707aec365d91759124b6d9be6e1b4fa913659121dbb0e35"", ""key"": ""3MIDD_048_p02__original"", ""rendered_hash_matches_manifest"": false, ""rendered_sha256_manifest"": ""cb3bcdee86ed1563d6ca820a1f7ed966c9e2db105159a47b083137c0ad345b7c"", ""rendered_sha256_observed"": ""a20ddfccb0fc8806cff1d5843be94f8e40606b63875d207055290d69b9b87637""}, ""012|3|mirror"": {""image_sha256"": ""ffb35a39466db44b67099d2beec9e4a872e7e675248262b0b113bc19f091698f"", ""key"": ""3MIDD_048_p03__mirror"", ""rendered_hash_matches_manifest"": false, ""rendered_sha256_manifest"": ""c58b6afb3158907f2ae38adb5638efc6b64bfcdb8e4d657be564a7b299b98fd3"", ""rendered_sha256_observed"": ""65fa4081b7cd9e8caf3faed1a8ad7b3c36d62f009637e3da2b06155681d1e8be""}, ""012|3|original"": {""image_sha256"": ""60b8be653d5af5a824f3e82b472356750990854ed67d77ac0d5c17e3a1865920"", ""key"": ""3MIDD_048_p03__original"", ""rendered_hash_matches_manifest"": false, ""rendered_sha256_manifest"": ""fdfff2fa8a89e028955e887fb853720cbffefadc4ae56baca47e7d66a472136e"", ""rendered_sha256_observed"": ""2a7933ae1f41135eaceea5a2acfd021b00c9ec153fdae1741b1576e361513f72""}, ""012|4|mirror"": {""image_sha256"": ""9f72bb61d48dd59b058a653aa23c1bfd8798b27122d7417b27d6a84e48592e41"", ""key"": ""3MIDD_048_p04__mirror"", ""rendered_hash_matches_manifest"": false, ""rendered_sha256_manifest"": ""7272d3a8380e1c53060155648a49dc96b22c2bdae607ab976591c5e67e17bf2d"", ""rendered_sha256_observed"": ""fe5664ad8fb1cf4227ca880ff3eaab8106d5900a8d050a44d025f3ca2ae11818""}, ""012|4|original"": {""image_sha256"": ""a2213590cc067a63b6d9027ac537325df2642346f5b200339ce100b64b2ae2ae"", ""key"": ""3MIDD_048_p04__original"", ""rendered_hash_matches_manifest"": false, ""rendered_sha256_manifest"": ""b068b151fff6ad7dddc9c03f9be97a65ae58a0acc44f6ad70e298c166a9052f1"", ""rendered_sha256_observed"": ""e277bd9d0b2d2758cf23bbbe9a1eaedfb6ea9503c272e5b19db662e2c8fc1bf2""}, ""012|5|mirror"": {""image_sha256"": ""fb9353386392c1974dbc4c584fdfacd6711167492e54e5c481558dd4d987abdd"", ""key"": ""3MIDD_048_p05__mirror"", ""rendered_hash_matches_manifest"": false, ""rendered_sha256_manifest"": ""7534be0114b31d7c892fc08d18b989faf13742d8a65cdfcb17201a60cdce9d79"", ""rendered_sha256_observed"": ""238122e498c334c6a42104de3aee64dcc958c0d93163624a5ca61ed6076eb17c""}, ""012|5|original"": {""image_sha256"": ""8c421d48f329fdce70ec385017a55ca019b0eda1ada605fbb260a969cfad57bf"", ""key"": ""3MIDD_048_p05__original"", ""rendered_hash_matches_manifest"": false, ""rendered_sha256_manifest"": ""c4cea68a0cd7b22c133c006f0fd5efb687e79f8547549b7580d20a8f4f044239"", ""rendered_sha256_observed"": ""9d3edacad216b2fabbf82a2b46244320b2ba7b95e5856853cb910c57f4db04bb""}, ""012|6|mirror"": {""image_sha256"": ""2539e65a0e90bbcf7940f8489358d68ca2e72794ffc47f7eea9de4d83873a421"", ""key"": ""3MIDD_048_p06__mirror"", ""rendered_hash_matches_manifest"": false, ""rendered_sha256_manifest"": ""355eef0412c959425875ac1f378309e1db970dbd87806e2a94ff8a5df7817751"", ""rendered_sha256_observed"": ""4744ba7f3ddddef5e613244e941287086f6a1f9894fc3f5e33b883d99cc3e69c""}, ""012|6|original"": {""image_sha256"": ""d9166aeb478c215ddd59c92dee3c5f8331e591539cdbf6ea15da8f3bc829c5a7"", ""key"": ""3MIDD_048_p06__original"", ""rendered_hash_matches_manifest"": false, ""rendered_sha256_manifest"": ""3b0ca74600905a34d807c5e518b0dadc62763cec203734119b92f816134d3365"", ""rendered_sha256_observed"": ""d30baa041727819a706dda1a1c7d83d1b1a9f793d60effda5619c67517789e59""}, ""012|7|mirror"": {""image_sha256"": ""c03e06da1762c4b589c163595a86622c9396bc9173a5e52a948d6e56e131a9d7"", ""key"": ""3MIDD_048_p07__mirror"", ""rendered_hash_matches_manifest"": false, ""rendered_sha256_manifest"": ""f2fdf26272a9f966e67d48b002aa73b53a33b56439a1589b0cdbeecdf4aac812"", ""rendered_sha256_observed"": ""3eac954cc77c27f0e1d9a051de97555513645c480fa4423b609d84f2fdd95106""}, ""012|7|original"": {""image_sha256"": ""592326bd04173d519dd91155d024aea283335c9b3a5ee1adbd65bb3e9d7c02ce"", ""key"": ""3MIDD_048_p07__original"", ""rendered_hash_matches_manifest"": false, ""rendered_sha256_manifest"": ""6b00971f871a2480de03ca9d75d0751c7f7e9115afc377274dd7008d8601e29d"", ""rendered_sha256_observed"": ""a1533a72b12334608bdd552fd9fdde7e0de37004e56302e573e67105b3170f6d""}, ""012|8|mirror"": {""image_sha256"": ""4d409fd7f2e7211c67e53cdd47291c912a592855a96c10591f9fdaae00cf5274"", ""key"": ""3MIDD_048_p08__mirror"", ""rendered_hash_matches_manifest"": false, ""rendered_sha256_manifest"": ""6a43378923a6dc92ab9cb3e3261a4542cfedfa7aba0b678402c61b2b69de1bc1"", ""rendered_sha256_observed"": ""43d088d06bcd7c7d1d53535e17aed0a31e2658e85c5ef0bb2e1fc890de1dc2e1""}, ""012|8|original"": {""image_sha256"": ""9e489be2590f66c123eda42b3a8cf2dc16cab61a6c788e25436002ff33c3bf23"", ""key"": ""3MIDD_048_p08__original"", ""rendered_hash_matches_manifest"": false, ""rendered_sha256_manifest"": ""6df1617532c48b9961f28429fa2794c14533f613d1038278b8c1e5fbcfafa811"", ""rendered_sha256_observed"": ""b9a1cdcdb78d434af31b70623c801c8cf4d64eb31eb82f3818b5206211b20888""}, ""012|9|mirror"": {""image_sha256"": ""590d24d23f57640236e3456066c73c937f94c7aa27318cee3bab578718eb3c72"", ""key"": ""3MIDD_048_p09__mirror"", ""rendered_hash_matches_manifest"": false, ""rendered_sha256_manifest"": ""fffbf428c90dc1a574d44ec590f3025fcb0e6946e6ade239ee2103066e332ffd"", ""rendered_sha256_observed"": ""977daf24eab5d7697a7724086f4ba65c6b79e74eea9e756a3fb89d5ac6915d6b""}, ""012|9|original"": {""image_sha256"": ""b099e4e04c23584b7e1103c4fb6faca25787a2d443f977fd37e962592c6ee560"", ""key"": ""3MIDD_048_p09__original"", ""rendered_hash_matches_manifest"": false, ""rendered_sha256_manifest"": ""f6000bef78eeb2eee55b544e2e92dc4b5f4817718c94242e364664c682512599"", ""rendered_sha256_observed"": ""1ec8d847e014b9317edfe33d2542e6679dc82482fc277dbf482863bfaef62c3f""}, ""013|0|mirror"": {""image_sha256"": ""bae7e04d77f43a177610ccc1d9dfb638fbe01296b69ac462e00fa5b2293a026d"", ""key"": ""3MIDD_048_p00__mirror"", ""rendered_hash_matches_manifest"": false, ""rendered_sha256_manifest"": ""3318e0f201660badacba48c9b8421d631730ce66e4e215031158f9a905899016"", ""rendered_sha256_observed"": ""95ccac4a43b2ce3101428c8ad255378481707b4f230146b8893eff4eea57ffca""}, ""013|0|original"": {""image_sha256"": ""55de889bf77d4ed148146e80de064406871b98fbc6362750a940c6f8d0526965"", ""key"": ""3MIDD_048_p00__original"", ""rendered_hash_matches_manifest"": false, ""rendered_sha256_manifest"": ""c64d770e6191feb1ac7e6eae9ed43e6847f2c5f5a346deaad3597d0b98796435"", ""rendered_sha256_observed"": ""12afbe0d8f29b9563a881012679693f6d2ef8364067a4eb0b1b6bcf4ba988bc3""}, ""013|10|mirror"": {""image_sha256"": ""96cc75d2f496cd2b04177ff0fe242de86e399edae3de87094cef68f8fff3da81"", ""key"": ""3MIDD_048_p10__mirror"", ""rendered_hash_matches_manifest"": false, ""rendered_sha256_manifest"": ""18dd718d50d364030ec34f91333a2b0a598018bf35e8c504e25cc877d2e96685"", ""rendered_sha256_observed"": ""2934d848523f6313a0158319aaf16a6e7cfaa5d6579753909f88d546ab6dfe19""}, ""013|10|original"": {""image_sha256"": ""4550b8320af6cd8f34965ee303437323c51d2f98cc166d0bce5d3f1f7b70aa8e"", ""key"": ""3MIDD_048_p10__original"", ""rendered_hash_matches_manifest"": false, ""rendered_sha256_manifest"": ""63a455c2f57130657be84c4c88aea4168fcea8ee9ba8d15320d57802b2dbeb34"", ""rendered_sha256_observed"": ""e779601fbeaf0348aa19838eacaf39b87f6ecaf697c7d8fb72cd3c10a03179cc""}, ""013|11|mirror"": {""image_sha256"": ""688b0cd10fcede1a61455aaa00e6a41623ef76bf51e194a97252fa035d320011"", ""key"": ""3MIDD_048_p11__mirror"", ""rendered_hash_matches_manifest"": false, ""rendered_sha256_manifest"": ""69ed896a69afe441ef455660ad9ffd953025efe3828d1b9e99673895d65c51f2"", ""rendered_sha256_observed"": ""210950a849d847fc3bcc16eecefeffe46654a115fffd9e1658600f506748f0a0""}, ""013|11|original"": {""image_sha256"": ""7a8f168925cd817566f65f95522d8d907d3d648650604476069565dc5b79c0b8"", ""key"": ""3MIDD_048_p11__original"", ""rendered_hash_matches_manifest"": false, ""rendered_sha256_manifest"": ""eece1064c38f97a155bfd03ba34f7df8a60451e3067af54e3ef554ecc1b1e852"", ""rendered_sha256_observed"": ""3f5234b16e90575e4082bf951b66033f81dac2d8cd6034771ce860f1414797c8""}, ""013|1|mirror"": {""image_sha256"": ""76ae87fe845b5de53b4efdcf569bb157b1e1cc9fadc2b60fe5517d72df68a38e"", ""key"": ""3MIDD_048_p01__mirror"", ""rendered_hash_matches_manifest"": false, ""rendered_sha256_manifest"": ""95504b1bb34d39f2c55d1675935bd2f5be0203be221aad0f465b4ae492d88fb9"", ""rendered_sha256_observed"": ""3a63e882bf189939a01ec47b4c9e738eb16f100a0a4911d8ed3c02b397fe4d38""}, ""013|1|original"": {""image_sha256"": ""b22202e274a4ea56acfb1ad5a84a000e3621004051215da0c5d1e7e7a356bd93"", ""key"": ""3MIDD_048_p01__original"", ""rendered_hash_matches_manifest"": false, ""rendered_sha256_manifest"": ""0b1c2d3ab1dd4c595cca56b1c2354afc8941d05185bc36537ebae1a0b4e863f8"", ""rendered_sha256_observed"": ""6268a51b09defd504cdac90309110fc9cba8efa8015b7525f3151e0f87baf592""}, ""013|2|mirror"": {""image_sha256"": ""4e34f3d68c63e1f5f70aab44089c0e29fda6613480247eb5dd9aa57513fe9726"", ""key"": ""3MIDD_048_p02__mirror"", ""rendered_hash_matches_manifest"": false, ""rendered_sha256_manifest"": ""e805edb26281908117820ac5aeeaa51eb6851d2dd0b1e0655f022c669316b1ed"", ""rendered_sha256_observed"": ""10290257862ec62d129306d7573496554a6db305a688ec221a41866476eeedf9""}, ""013|2|original"": {""image_sha256"": ""5ba531b1b46b3db2b707aec365d91759124b6d9be6e1b4fa913659121dbb0e35"", ""key"": ""3MIDD_048_p02__original"", ""rendered_hash_matches_manifest"": false, ""rendered_sha256_manifest"": ""cb3bcdee86ed1563d6ca820a1f7ed966c9e2db105159a47b083137c0ad345b7c"", ""rendered_sha256_observed"": ""a20ddfccb0fc8806cff1d5843be94f8e40606b63875d207055290d69b9b87637""}, ""013|3|mirror"": {""image_sha256"": ""ffb35a39466db44b67099d2beec9e4a872e7e675248262b0b113bc19f091698f"", ""key"": ""3MIDD_048_p03__mirror"", ""rendered_hash_matches_manifest"": false, ""rendered_sha256_manifest"": ""c58b6afb3158907f2ae38adb5638efc6b64bfcdb8e4d657be564a7b299b98fd3"", ""rendered_sha256_observed"": ""65fa4081b7cd9e8caf3faed1a8ad7b3c36d62f009637e3da2b06155681d1e8be""}, ""013|3|original"": {""image_sha256"": ""60b8be653d5af5a824f3e82b472356750990854ed67d77ac0d5c17e3a1865920"", ""key"": ""3MIDD_048_p03__original"", ""rendered_hash_matches_manifest"": false, ""rendered_sha256_manifest"": ""fdfff2fa8a89e028955e887fb853720cbffefadc4ae56baca47e7d66a472136e"", ""rendered_sha256_observed"": ""2a7933ae1f41135eaceea5a2acfd021b00c9ec153fdae1741b1576e361513f72""}, ""013|4|mirror"": {""image_sha256"": ""9f72bb61d48dd59b058a653aa23c1bfd8798b27122d7417b27d6a84e48592e41"", ""key"": ""3MIDD_048_p04__mirror"", ""rendered_hash_matches_manifest"": false, ""rendered_sha256_manifest"": ""7272d3a8380e1c53060155648a49dc96b22c2bdae607ab976591c5e67e17bf2d"", ""rendered_sha256_observed"": ""fe5664ad8fb1cf4227ca880ff3eaab8106d5900a8d050a44d025f3ca2ae11818""}, ""013|4|original"": {""image_sha256"": ""a2213590cc067a63b6d9027ac537325df2642346f5b200339ce100b64b2ae2ae"", ""key"": ""3MIDD_048_p04__original"", ""rendered_hash_matches_manifest"": false, ""rendered_sha256_manifest"": ""b068b151fff6ad7dddc9c03f9be97a65ae58a0acc44f6ad70e298c166a9052f1"", ""rendered_sha256_observed"": ""e277bd9d0b2d2758cf23bbbe9a1eaedfb6ea9503c272e5b19db662e2c8fc1bf2""}, ""013|5|mirror"": {""image_sha256"": ""fb9353386392c1974dbc4c584fdfacd6711167492e54e5c481558dd4d987abdd"", ""key"": ""3MIDD_048_p05__mirror"", ""rendered_hash_matches_manifest"": false, ""rendered_sha256_manifest"": ""7534be0114b31d7c892fc08d18b989faf13742d8a65cdfcb17201a60cdce9d79"", ""rendered_sha256_observed"": ""238122e498c334c6a42104de3aee64dcc958c0d93163624a5ca61ed6076eb17c""}, ""013|5|original"": {""image_sha256"": ""8c421d48f329fdce70ec385017a55ca019b0eda1ada605fbb260a969cfad57bf"", ""key"": ""3MIDD_048_p05__original"", ""rendered_hash_matches_manifest"": false, ""rendered_sha256_manifest"": ""c4cea68a0cd7b22c133c006f0fd5efb687e79f8547549b7580d20a8f4f044239"", ""rendered_sha256_observed"": ""9d3edacad216b2fabbf82a2b46244320b2ba7b95e5856853cb910c57f4db04bb""}, ""013|6|mirror"": {""image_sha256"": ""2539e65a0e90bbcf7940f8489358d68ca2e72794ffc47f7eea9de4d83873a421"", ""key"": ""3MIDD_048_p06__mirror"", ""rendered_hash_matches_manifest"": false, ""rendered_sha256_manifest"": ""355eef0412c959425875ac1f378309e1db970dbd87806e2a94ff8a5df7817751"", ""rendered_sha256_observed"": ""4744ba7f3ddddef5e613244e941287086f6a1f9894fc3f5e33b883d99cc3e69c""}, ""013|6|original"": {""image_sha256"": ""d9166aeb478c215ddd59c92dee3c5f8331e591539cdbf6ea15da8f3bc829c5a7"", ""key"": ""3MIDD_048_p06__original"", ""rendered_hash_matches_manifest"": false, ""rendered_sha256_manifest"": ""3b0ca74600905a34d807c5e518b0dadc62763cec203734119b92f816134d3365"", ""rendered_sha256_observed"": ""d30baa041727819a706dda1a1c7d83d1b1a9f793d60effda5619c67517789e59""}, ""013|7|mirror"": {""image_sha256"": ""c03e06da1762c4b589c163595a86622c9396bc9173a5e52a948d6e56e131a9d7"", ""key"": ""3MIDD_048_p07__mirror"", ""rendered_hash_matches_manifest"": false, ""rendered_sha256_manifest"": ""f2fdf26272a9f966e67d48b002aa73b53a33b56439a1589b0cdbeecdf4aac812"", ""rendered_sha256_observed"": ""3eac954cc77c27f0e1d9a051de97555513645c480fa4423b609d84f2fdd95106""}, ""013|7|original"": {""image_sha256"": ""592326bd04173d519dd91155d024aea283335c9b3a5ee1adbd65bb3e9d7c02ce"", ""key"": ""3MIDD_048_p07__original"", ""rendered_hash_matches_manifest"": false, ""rendered_sha256_manifest"": ""6b00971f871a2480de03ca9d75d0751c7f7e9115afc377274dd7008d8601e29d"", ""rendered_sha256_observed"": ""a1533a72b12334608bdd552fd9fdde7e0de37004e56302e573e67105b3170f6d""}, ""013|8|mirror"": {""image_sha256"": ""4d409fd7f2e7211c67e53cdd47291c912a592855a96c10591f9fdaae00cf5274"", ""key"": ""3MIDD_048_p08__mirror"", ""rendered_hash_matches_manifest"": false, ""rendered_sha256_manifest"": ""6a43378923a6dc92ab9cb3e3261a4542cfedfa7aba0b678402c61b2b69de1bc1"", ""rendered_sha256_observed"": ""43d088d06bcd7c7d1d53535e17aed0a31e2658e85c5ef0bb2e1fc890de1dc2e1""}, ""013|8|original"": {""image_sha256"": ""9e489be2590f66c123eda42b3a8cf2dc16cab61a6c788e25436002ff33c3bf23"", ""key"": ""3MIDD_048_p08__original"", ""rendered_hash_matches_manifest"": false, ""rendered_sha256_manifest"": ""6df1617532c48b9961f28429fa2794c14533f613d1038278b8c1e5fbcfafa811"", ""rendered_sha256_observed"": ""b9a1cdcdb78d434af31b70623c801c8cf4d64eb31eb82f3818b5206211b20888""}, ""013|9|mirror"": {""image_sha256"": ""590d24d23f57640236e3456066c73c937f94c7aa27318cee3bab578718eb3c72"", ""key"": ""3MIDD_048_p09__mirror"", ""rendered_hash_matches_manifest"": false, ""rendered_sha256_manifest"": ""fffbf428c90dc1a574d44ec590f3025fcb0e6946e6ade239ee2103066e332ffd"", ""rendered_sha256_observed"": ""977daf24eab5d7697a7724086f4ba65c6b79e74eea9e756a3fb89d5ac6915d6b""}, ""013|9|original"": {""image_sha256"": ""b099e4e04c23584b7e1103c4fb6faca25787a2d443f977fd37e962592c6ee560"", ""key"": ""3MIDD_048_p09__original"", ""rendered_hash_matches_manifest"": false, ""rendered_sha256_manifest"": ""f6000bef78eeb2eee55b544e2e92dc4b5f4817718c94242e364664c682512599"", ""rendered_sha256_observed"": ""1ec8d847e014b9317edfe33d2542e6679dc82482fc277dbf482863bfaef62c3f""}, ""014|0|mirror"": {""image_sha256"": ""bae7e04d77f43a177610ccc1d9dfb638fbe01296b69ac462e00fa5b2293a026d"", ""key"": ""3MIDD_048_p00__mirror"", ""rendered_hash_matches_manifest"": false, ""rendered_sha256_manifest"": ""3318e0f201660badacba48c9b8421d631730ce66e4e215031158f9a905899016"", ""rendered_sha256_observed"": ""95ccac4a43b2ce3101428c8ad255378481707b4f230146b8893eff4eea57ffca""}, ""014|0|original"": {""image_sha256"": ""55de889bf77d4ed148146e80de064406871b98fbc6362750a940c6f8d0526965"", ""key"": ""3MIDD_048_p00__original"", ""rendered_hash_matches_manifest"": false, ""rendered_sha256_manifest"": ""c64d770e6191feb1ac7e6eae9ed43e6847f2c5f5a346deaad3597d0b98796435"", ""rendered_sha256_observed"": ""12afbe0d8f29b9563a881012679693f6d2ef8364067a4eb0b1b6bcf4ba988bc3""}, ""014|10|mirror"": {""image_sha256"": ""96cc75d2f496cd2b04177ff0fe242de86e399edae3de87094cef68f8fff3da81"", ""key"": ""3MIDD_048_p10__mirror"", ""rendered_hash_matches_manifest"": false, ""rendered_sha256_manifest"": ""18dd718d50d364030ec34f91333a2b0a598018bf35e8c504e25cc877d2e96685"", ""rendered_sha256_observed"": ""2934d848523f6313a0158319aaf16a6e7cfaa5d6579753909f88d546ab6dfe19""}, ""014|10|original"": {""image_sha256"": ""4550b8320af6cd8f34965ee303437323c51d2f98cc166d0bce5d3f1f7b70aa8e"", ""key"": ""3MIDD_048_p10__original"", ""rendered_hash_matches_manifest"": false, ""rendered_sha256_manifest"": ""63a455c2f57130657be84c4c88aea4168fcea8ee9ba8d15320d57802b2dbeb34"", ""rendered_sha256_observed"": ""e779601fbeaf0348aa19838eacaf39b87f6ecaf697c7d8fb72cd3c10a03179cc""}, ""014|11|mirror"": {""image_sha256"": ""688b0cd10fcede1a61455aaa00e6a41623ef76bf51e194a97252fa035d320011"", ""key"": ""3MIDD_048_p11__mirror"", ""rendered_hash_matches_manifest"": false, ""rendered_sha256_manifest"": ""69ed896a69afe441ef455660ad9ffd953025efe3828d1b9e99673895d65c51f2"", ""rendered_sha256_observed"": ""210950a849d847fc3bcc16eecefeffe46654a115fffd9e1658600f506748f0a0""}, ""014|11|original"": {""image_sha256"": ""7a8f168925cd817566f65f95522d8d907d3d648650604476069565dc5b79c0b8"", ""key"": ""3MIDD_048_p11__original"", ""rendered_hash_matches_manifest"": false, ""rendered_sha256_manifest"": ""eece1064c38f97a155bfd03ba34f7df8a60451e3067af54e3ef554ecc1b1e852"", ""rendered_sha256_observed"": ""3f5234b16e90575e4082bf951b66033f81dac2d8cd6034771ce860f1414797c8""}, ""014|1|mirror"": {""image_sha256"": ""76ae87fe845b5de53b4efdcf569bb157b1e1cc9fadc2b60fe5517d72df68a38e"", ""key"": ""3MIDD_048_p01__mirror"", ""rendered_hash_matches_manifest"": false, ""rendered_sha256_manifest"": ""95504b1bb34d39f2c55d1675935bd2f5be0203be221aad0f465b4ae492d88fb9"", ""rendered_sha256_observed"": ""3a63e882bf189939a01ec47b4c9e738eb16f100a0a4911d8ed3c02b397fe4d38""}, ""014|1|original"": {""image_sha256"": ""b22202e274a4ea56acfb1ad5a84a000e3621004051215da0c5d1e7e7a356bd93"", ""key"": ""3MIDD_048_p01__original"", ""rendered_hash_matches_manifest"": false, ""rendered_sha256_manifest"": ""0b1c2d3ab1dd4c595cca56b1c2354afc8941d05185bc36537ebae1a0b4e863f8"", ""rendered_sha256_observed"": ""6268a51b09defd504cdac90309110fc9cba8efa8015b7525f3151e0f87baf592""}, ""014|2|mirror"": {""image_sha256"": ""4e34f3d68c63e1f5f70aab44089c0e29fda6613480247eb5dd9aa57513fe9726"", ""key"": ""3MIDD_048_p02__mirror"", ""rendered_hash_matches_manifest"": false, ""rendered_sha256_manifest"": ""e805edb26281908117820ac5aeeaa51eb6851d2dd0b1e0655f022c669316b1ed"", ""rendered_sha256_observed"": ""10290257862ec62d129306d7573496554a6db305a688ec221a41866476eeedf9""}, ""014|2|original"": {""image_sha256"": ""5ba531b1b46b3db2b707aec365d91759124b6d9be6e1b4fa913659121dbb0e35"", ""key"": ""3MIDD_048_p02__original"", ""rendered_hash_matches_manifest"": false, ""rendered_sha256_manifest"": ""cb3bcdee86ed1563d6ca820a1f7ed966c9e2db105159a47b083137c0ad345b7c"", ""rendered_sha256_observed"": ""a20ddfccb0fc8806cff1d5843be94f8e40606b63875d207055290d69b9b87637""}, ""014|3|mirror"": {""image_sha256"": ""ffb35a39466db44b67099d2beec9e4a872e7e675248262b0b113bc19f091698f"", ""key"": ""3MIDD_048_p03__mirror"", ""rendered_hash_matches_manifest"": false, ""rendered_sha256_manifest"": ""c58b6afb3158907f2ae38adb5638efc6b64bfcdb8e4d657be564a7b299b98fd3"", ""rendered_sha256_observed"": ""65fa4081b7cd9e8caf3faed1a8ad7b3c36d62f009637e3da2b06155681d1e8be""}, ""014|3|original"": {""image_sha256"": ""60b8be653d5af5a824f3e82b472356750990854ed67d77ac0d5c17e3a1865920"", ""key"": ""3MIDD_048_p03__original"", ""rendered_hash_matches_manifest"": false, ""rendered_sha256_manifest"": ""fdfff2fa8a89e028955e887fb853720cbffefadc4ae56baca47e7d66a472136e"", ""rendered_sha256_observed"": ""2a7933ae1f41135eaceea5a2acfd021b00c9ec153fdae1741b1576e361513f72""}, ""014|4|mirror"": {""image_sha256"": ""9f72bb61d48dd59b058a653aa23c1bfd8798b27122d7417b27d6a84e48592e41"", ""key"": ""3MIDD_048_p04__mirror"", ""rendered_hash_matches_manifest"": false, ""rendered_sha256_manifest"": ""7272d3a8380e1c53060155648a49dc96b22c2bdae607ab976591c5e67e17bf2d"", ""rendered_sha256_observed"": ""fe5664ad8fb1cf4227ca880ff3eaab8106d5900a8d050a44d025f3ca2ae11818""}, ""014|4|original"": {""image_sha256"": ""a2213590cc067a63b6d9027ac537325df2642346f5b200339ce100b64b2ae2ae"", ""key"": ""3MIDD_048_p04__original"", ""rendered_hash_matches_manifest"": false, ""rendered_sha256_manifest"": ""b068b151fff6ad7dddc9c03f9be97a65ae58a0acc44f6ad70e298c166a9052f1"", ""rendered_sha256_observed"": ""e277bd9d0b2d2758cf23bbbe9a1eaedfb6ea9503c272e5b19db662e2c8fc1bf2""}, ""014|5|mirror"": {""image_sha256"": ""fb9353386392c1974dbc4c584fdfacd6711167492e54e5c481558dd4d987abdd"", ""key"": ""3MIDD_048_p05__mirror"", ""rendered_hash_matches_manifest"": false, ""rendered_sha256_manifest"": ""7534be0114b31d7c892fc08d18b989faf13742d8a65cdfcb17201a60cdce9d79"", ""rendered_sha256_observed"": ""238122e498c334c6a42104de3aee64dcc958c0d93163624a5ca61ed6076eb17c""}, ""014|5|original"": {""image_sha256"": ""8c421d48f329fdce70ec385017a55ca019b0eda1ada605fbb260a969cfad57bf"", ""key"": ""3MIDD_048_p05__original"", ""rendered_hash_matches_manifest"": false, ""rendered_sha256_manifest"": ""c4cea68a0cd7b22c133c006f0fd5efb687e79f8547549b7580d20a8f4f044239"", ""rendered_sha256_observed"": ""9d3edacad216b2fabbf82a2b46244320b2ba7b95e5856853cb910c57f4db04bb""}, ""014|6|mirror"": {""image_sha256"": ""2539e65a0e90bbcf7940f8489358d68ca2e72794ffc47f7eea9de4d83873a421"", ""key"": ""3MIDD_048_p06__mirror"", ""rendered_hash_matches_manifest"": false, ""rendered_sha256_manifest"": ""355eef0412c959425875ac1f378309e1db970dbd87806e2a94ff8a5df7817751"", ""rendered_sha256_observed"": ""4744ba7f3ddddef5e613244e941287086f6a1f9894fc3f5e33b883d99cc3e69c""}, ""014|6|original"": {""image_sha256"": ""d9166aeb478c215ddd59c92dee3c5f8331e591539cdbf6ea15da8f3bc829c5a7"", ""key"": ""3MIDD_048_p06__original"", ""rendered_hash_matches_manifest"": false, ""rendered_sha256_manifest"": ""3b0ca74600905a34d807c5e518b0dadc62763cec203734119b92f816134d3365"", ""rendered_sha256_observed"": ""d30baa041727819a706dda1a1c7d83d1b1a9f793d60effda5619c67517789e59""}, ""014|7|mirror"": {""image_sha256"": ""c03e06da1762c4b589c163595a86622c9396bc9173a5e52a948d6e56e131a9d7"", ""key"": ""3MIDD_048_p07__mirror"", ""rendered_hash_matches_manifest"": false, ""rendered_sha256_manifest"": ""f2fdf26272a9f966e67d48b002aa73b53a33b56439a1589b0cdbeecdf4aac812"", ""rendered_sha256_observed"": ""3eac954cc77c27f0e1d9a051de97555513645c480fa4423b609d84f2fdd95106""}, ""014|7|original"": {""image_sha256"": ""592326bd04173d519dd91155d024aea283335c9b3a5ee1adbd65bb3e9d7c02ce"", ""key"": ""3MIDD_048_p07__original"", ""rendered_hash_matches_manifest"": false, ""rendered_sha256_manifest"": ""6b00971f871a2480de03ca9d75d0751c7f7e9115afc377274dd7008d8601e29d"", ""rendered_sha256_observed"": ""a1533a72b12334608bdd552fd9fdde7e0de37004e56302e573e67105b3170f6d""}, ""014|8|mirror"": {""image_sha256"": ""4d409fd7f2e7211c67e53cdd47291c912a592855a96c10591f9fdaae00cf5274"", ""key"": ""3MIDD_048_p08__mirror"", ""rendered_hash_matches_manifest"": false, ""rendered_sha256_manifest"": ""6a43378923a6dc92ab9cb3e3261a4542cfedfa7aba0b678402c61b2b69de1bc1"", ""rendered_sha256_observed"": ""43d088d06bcd7c7d1d53535e17aed0a31e2658e85c5ef0bb2e1fc890de1dc2e1""}, ""014|8|original"": {""image_sha256"": ""9e489be2590f66c123eda42b3a8cf2dc16cab61a6c788e25436002ff33c3bf23"", ""key"": ""3MIDD_048_p08__original"", ""rendered_hash_matches_manifest"": false, ""rendered_sha256_manifest"": ""6df1617532c48b9961f28429fa2794c14533f613d1038278b8c1e5fbcfafa811"", ""rendered_sha256_observed"": ""b9a1cdcdb78d434af31b70623c801c8cf4d64eb31eb82f3818b5206211b20888""}, ""014|9|mirror"": {""image_sha256"": ""590d24d23f57640236e3456066c73c937f94c7aa27318cee3bab578718eb3c72"", ""key"": ""3MIDD_048_p09__mirror"", ""rendered_hash_matches_manifest"": false, ""rendered_sha256_manifest"": ""fffbf428c90dc1a574d44ec590f3025fcb0e6946e6ade239ee2103066e332ffd"", ""rendered_sha256_observed"": ""977daf24eab5d7697a7724086f4ba65c6b79e74eea9e756a3fb89d5ac6915d6b""}, ""014|9|original"": {""image_sha256"": ""b099e4e04c23584b7e1103c4fb6faca25787a2d443f977fd37e962592c6ee560"", ""key"": ""3MIDD_048_p09__original"", ""rendered_hash_matches_manifest"": false, ""rendered_sha256_manifest"": ""f6000bef78eeb2eee55b544e2e92dc4b5f4817718c94242e364664c682512599"", ""rendered_sha256_observed"": ""1ec8d847e014b9317edfe33d2542e6679dc82482fc277dbf482863bfaef62c3f""}, ""015|0|mirror"": {""image_sha256"": ""bae7e04d77f43a177610ccc1d9dfb638fbe01296b69ac462e00fa5b2293a026d"", ""key"": ""3MIDD_048_p00__mirror"", ""rendered_hash_matches_manifest"": false, ""rendered_sha256_manifest"": ""3318e0f201660badacba48c9b8421d631730ce66e4e215031158f9a905899016"", ""rendered_sha256_observed"": ""95ccac4a43b2ce3101428c8ad255378481707b4f230146b8893eff4eea57ffca""}, ""015|0|original"": {""image_sha256"": ""55de889bf77d4ed148146e80de064406871b98fbc6362750a940c6f8d0526965"", ""key"": ""3MIDD_048_p00__original"", ""rendered_hash_matches_manifest"": false, ""rendered_sha256_manifest"": ""c64d770e6191feb1ac7e6eae9ed43e6847f2c5f5a346deaad3597d0b98796435"", ""rendered_sha256_observed"": ""12afbe0d8f29b9563a881012679693f6d2ef8364067a4eb0b1b6bcf4ba988bc3""}, ""015|10|mirror"": {""image_sha256"": ""96cc75d2f496cd2b04177ff0fe242de86e399edae3de87094cef68f8fff3da81"", ""key"": ""3MIDD_048_p10__mirror"", ""rendered_hash_matches_manifest"": false, ""rendered_sha256_manifest"": ""18dd718d50d364030ec34f91333a2b0a598018bf35e8c504e25cc877d2e96685"", ""rendered_sha256_observed"": ""2934d848523f6313a0158319aaf16a6e7cfaa5d6579753909f88d546ab6dfe19""}, ""015|10|original"": {""image_sha256"": ""4550b8320af6cd8f34965ee303437323c51d2f98cc166d0bce5d3f1f7b70aa8e"", ""key"": ""3MIDD_048_p10__original"", ""rendered_hash_matches_manifest"": false, ""rendered_sha256_manifest"": ""63a455c2f57130657be84c4c88aea4168fcea8ee9ba8d15320d57802b2dbeb34"", ""rendered_sha256_observed"": ""e779601fbeaf0348aa19838eacaf39b87f6ecaf697c7d8fb72cd3c10a03179cc""}, ""015|11|mirror"": {""image_sha256"": ""688b0cd10fcede1a61455aaa00e6a41623ef76bf51e194a97252fa035d320011"", ""key"": ""3MIDD_048_p11__mirror"", ""rendered_hash_matches_manifest"": false, ""rendered_sha256_manifest"": ""69ed896a69afe441ef455660ad9ffd953025efe3828d1b9e99673895d65c51f2"", ""rendered_sha256_observed"": ""210950a849d847fc3bcc16eecefeffe46654a115fffd9e1658600f506748f0a0""}, ""015|11|original"": {""image_sha256"": ""7a8f168925cd817566f65f95522d8d907d3d648650604476069565dc5b79c0b8"", ""key"": ""3MIDD_048_p11__original"", ""rendered_hash_matches_manifest"": false, ""rendered_sha256_manifest"": ""eece1064c38f97a155bfd03ba34f7df8a60451e3067af54e3ef554ecc1b1e852"", ""rendered_sha256_observed"": ""3f5234b16e90575e4082bf951b66033f81dac2d8cd6034771ce860f1414797c8""}, ""015|1|mirror"": {""image_sha256"": ""76ae87fe845b5de53b4efdcf569bb157b1e1cc9fadc2b60fe5517d72df68a38e"", ""key"": ""3MIDD_048_p01__mirror"", ""rendered_hash_matches_manifest"": false, ""rendered_sha256_manifest"": ""95504b1bb34d39f2c55d1675935bd2f5be0203be221aad0f465b4ae492d88fb9"", ""rendered_sha256_observed"": ""3a63e882bf189939a01ec47b4c9e738eb16f100a0a4911d8ed3c02b397fe4d38""}, ""015|1|original"": {""image_sha256"": ""b22202e274a4ea56acfb1ad5a84a000e3621004051215da0c5d1e7e7a356bd93"", ""key"": ""3MIDD_048_p01__original"", ""rendered_hash_matches_manifest"": false, ""rendered_sha256_manifest"": ""0b1c2d3ab1dd4c595cca56b1c2354afc8941d05185bc36537ebae1a0b4e863f8"", ""rendered_sha256_observed"": ""6268a51b09defd504cdac90309110fc9cba8efa8015b7525f3151e0f87baf592""}, ""015|2|mirror"": {""image_sha256"": ""4e34f3d68c63e1f5f70aab44089c0e29fda6613480247eb5dd9aa57513fe9726"", ""key"": ""3MIDD_048_p02__mirror"", ""rendered_hash_matches_manifest"": false, ""rendered_sha256_manifest"": ""e805edb26281908117820ac5aeeaa51eb6851d2dd0b1e0655f022c669316b1ed"", ""rendered_sha256_observed"": ""10290257862ec62d129306d7573496554a6db305a688ec221a41866476eeedf9""}, ""015|2|original"": {""image_sha256"": ""5ba531b1b46b3db2b707aec365d91759124b6d9be6e1b4fa913659121dbb0e35"", ""key"": ""3MIDD_048_p02__original"", ""rendered_hash_matches_manifest"": false, ""rendered_sha256_manifest"": ""cb3bcdee86ed1563d6ca820a1f7ed966c9e2db105159a47b083137c0ad345b7c"", ""rendered_sha256_observed"": ""a20ddfccb0fc8806cff1d5843be94f8e40606b63875d207055290d69b9b87637""}, ""015|3|mirror"": {""image_sha256"": ""ffb35a39466db44b67099d2beec9e4a872e7e675248262b0b113bc19f091698f"", ""key"": ""3MIDD_048_p03__mirror"", ""rendered_hash_matches_manifest"": false, ""rendered_sha256_manifest"": ""c58b6afb3158907f2ae38adb5638efc6b64bfcdb8e4d657be564a7b299b98fd3"", ""rendered_sha256_observed"": ""65fa4081b7cd9e8caf3faed1a8ad7b3c36d62f009637e3da2b06155681d1e8be""}, ""015|3|original"": {""image_sha256"": ""60b8be653d5af5a824f3e82b472356750990854ed67d77ac0d5c17e3a1865920"", ""key"": ""3MIDD_048_p03__original"", ""rendered_hash_matches_manifest"": false, ""rendered_sha256_manifest"": ""fdfff2fa8a89e028955e887fb853720cbffefadc4ae56baca47e7d66a472136e"", ""rendered_sha256_observed"": ""2a7933ae1f41135eaceea5a2acfd021b00c9ec153fdae1741b1576e361513f72""}, ""015|4|mirror"": {""image_sha256"": ""9f72bb61d48dd59b058a653aa23c1bfd8798b27122d7417b27d6a84e48592e41"", ""key"": ""3MIDD_048_p04__mirror"", ""rendered_hash_matches_manifest"": false, ""rendered_sha256_manifest"": ""7272d3a8380e1c53060155648a49dc96b22c2bdae607ab976591c5e67e17bf2d"", ""rendered_sha256_observed"": ""fe5664ad8fb1cf4227ca880ff3eaab8106d5900a8d050a44d025f3ca2ae11818""}, ""015|4|original"": {""image_sha256"": ""a2213590cc067a63b6d9027ac537325df2642346f5b200339ce100b64b2ae2ae"", ""key"": ""3MIDD_048_p04__original"", ""rendered_hash_matches_manifest"": false, ""rendered_sha256_manifest"": ""b068b151fff6ad7dddc9c03f9be97a65ae58a0acc44f6ad70e298c166a9052f1"", ""rendered_sha256_observed"": ""e277bd9d0b2d2758cf23bbbe9a1eaedfb6ea9503c272e5b19db662e2c8fc1bf2""}, ""015|5|mirror"": {""image_sha256"": ""fb9353386392c1974dbc4c584fdfacd6711167492e54e5c481558dd4d987abdd"", ""key"": ""3MIDD_048_p05__mirror"", ""rendered_hash_matches_manifest"": false, ""rendered_sha256_manifest"": ""7534be0114b31d7c892fc08d18b989faf13742d8a65cdfcb17201a60cdce9d79"", ""rendered_sha256_observed"": ""238122e498c334c6a42104de3aee64dcc958c0d93163624a5ca61ed6076eb17c""}, ""015|5|original"": {""image_sha256"": ""8c421d48f329fdce70ec385017a55ca019b0eda1ada605fbb260a969cfad57bf"", ""key"": ""3MIDD_048_p05__original"", ""rendered_hash_matches_manifest"": false, ""rendered_sha256_manifest"": ""c4cea68a0cd7b22c133c006f0fd5efb687e79f8547549b7580d20a8f4f044239"", ""rendered_sha256_observed"": ""9d3edacad216b2fabbf82a2b46244320b2ba7b95e5856853cb910c57f4db04bb""}, ""015|6|mirror"": {""image_sha256"": ""2539e65a0e90bbcf7940f8489358d68ca2e72794ffc47f7eea9de4d83873a421"", ""key"": ""3MIDD_048_p06__mirror"", ""rendered_hash_matches_manifest"": false, ""rendered_sha256_manifest"": ""355eef0412c959425875ac1f378309e1db970dbd87806e2a94ff8a5df7817751"", ""rendered_sha256_observed"": ""4744ba7f3ddddef5e613244e941287086f6a1f9894fc3f5e33b883d99cc3e69c""}, ""015|6|original"": {""image_sha256"": ""d9166aeb478c215ddd59c92dee3c5f8331e591539cdbf6ea15da8f3bc829c5a7"", ""key"": ""3MIDD_048_p06__original"", ""rendered_hash_matches_manifest"": false, ""rendered_sha256_manifest"": ""3b0ca74600905a34d807c5e518b0dadc62763cec203734119b92f816134d3365"", ""rendered_sha256_observed"": ""d30baa041727819a706dda1a1c7d83d1b1a9f793d60effda5619c67517789e59""}, ""015|7|mirror"": {""image_sha256"": ""c03e06da1762c4b589c163595a86622c9396bc9173a5e52a948d6e56e131a9d7"", ""key"": ""3MIDD_048_p07__mirror"", ""rendered_hash_matches_manifest"": false, ""rendered_sha256_manifest"": ""f2fdf26272a9f966e67d48b002aa73b53a33b56439a1589b0cdbeecdf4aac812"", ""rendered_sha256_observed"": ""3eac954cc77c27f0e1d9a051de97555513645c480fa4423b609d84f2fdd95106""}, ""015|7|original"": {""image_sha256"": ""592326bd04173d519dd91155d024aea283335c9b3a5ee1adbd65bb3e9d7c02ce"", ""key"": ""3MIDD_048_p07__original"", ""rendered_hash_matches_manifest"": false, ""rendered_sha256_manifest"": ""6b00971f871a2480de03ca9d75d0751c7f7e9115afc377274dd7008d8601e29d"", ""rendered_sha256_observed"": ""a1533a72b12334608bdd552fd9fdde7e0de37004e56302e573e67105b3170f6d""}, ""015|8|mirror"": {""image_sha256"": ""4d409fd7f2e7211c67e53cdd47291c912a592855a96c10591f9fdaae00cf5274"", ""key"": ""3MIDD_048_p08__mirror"", ""rendered_hash_matches_manifest"": false, ""rendered_sha256_manifest"": ""6a43378923a6dc92ab9cb3e3261a4542cfedfa7aba0b678402c61b2b69de1bc1"", ""rendered_sha256_observed"": ""43d088d06bcd7c7d1d53535e17aed0a31e2658e85c5ef0bb2e1fc890de1dc2e1""}, ""015|8|original"": {""image_sha256"": ""9e489be2590f66c123eda42b3a8cf2dc16cab61a6c788e25436002ff33c3bf23"", ""key"": ""3MIDD_048_p08__original"", ""rendered_hash_matches_manifest"": false, ""rendered_sha256_manifest"": ""6df1617532c48b9961f28429fa2794c14533f613d1038278b8c1e5fbcfafa811"", ""rendered_sha256_observed"": ""b9a1cdcdb78d434af31b70623c801c8cf4d64eb31eb82f3818b5206211b20888""}, ""015|9|mirror"": {""image_sha256"": ""590d24d23f57640236e3456066c73c937f94c7aa27318cee3bab578718eb3c72"", ""key"": ""3MIDD_048_p09__mirror"", ""rendered_hash_matches_manifest"": false, ""rendered_sha256_manifest"": ""fffbf428c90dc1a574d44ec590f3025fcb0e6946e6ade239ee2103066e332ffd"", ""rendered_sha256_observed"": ""977daf24eab5d7697a7724086f4ba65c6b79e74eea9e756a3fb89d5ac6915d6b""}, ""015|9|original"": {""image_sha256"": ""b099e4e04c23584b7e1103c4fb6faca25787a2d443f977fd37e962592c6ee560"", ""key"": ""3MIDD_048_p09__original"", ""rendered_hash_matches_manifest"": false, ""rendered_sha256_manifest"": ""f6000bef78eeb2eee55b544e2e92dc4b5f4817718c94242e364664c682512599"", ""rendered_sha256_observed"": ""1ec8d847e014b9317edfe33d2542e6679dc82482fc277dbf482863bfaef62c3f""}, ""016|0|mirror"": {""image_sha256"": ""bae7e04d77f43a177610ccc1d9dfb638fbe01296b69ac462e00fa5b2293a026d"", ""key"": ""3MIDD_048_p00__mirror"", ""rendered_hash_matches_manifest"": false, ""rendered_sha256_manifest"": ""3318e0f201660badacba48c9b8421d631730ce66e4e215031158f9a905899016"", ""rendered_sha256_observed"": ""95ccac4a43b2ce3101428c8ad255378481707b4f230146b8893eff4eea57ffca""}, ""016|0|original"": {""image_sha256"": ""55de889bf77d4ed148146e80de064406871b98fbc6362750a940c6f8d0526965"", ""key"": ""3MIDD_048_p00__original"", ""rendered_hash_matches_manifest"": false, ""rendered_sha256_manifest"": ""c64d770e6191feb1ac7e6eae9ed43e6847f2c5f5a346deaad3597d0b98796435"", ""rendered_sha256_observed"": ""12afbe0d8f29b9563a881012679693f6d2ef8364067a4eb0b1b6bcf4ba988bc3""}, ""016|10|mirror"": {""image_sha256"": ""96cc75d2f496cd2b04177ff0fe242de86e399edae3de87094cef68f8fff3da81"", ""key"": ""3MIDD_048_p10__mirror"", ""rendered_hash_matches_manifest"": false, ""rendered_sha256_manifest"": ""18dd718d50d364030ec34f91333a2b0a598018bf35e8c504e25cc877d2e96685"", ""rendered_sha256_observed"": ""2934d848523f6313a0158319aaf16a6e7cfaa5d6579753909f88d546ab6dfe19""}, ""016|10|original"": {""image_sha256"": ""4550b8320af6cd8f34965ee303437323c51d2f98cc166d0bce5d3f1f7b70aa8e"", ""key"": ""3MIDD_048_p10__original"", ""rendered_hash_matches_manifest"": false, ""rendered_sha256_manifest"": ""63a455c2f57130657be84c4c88aea4168fcea8ee9ba8d15320d57802b2dbeb34"", ""rendered_sha256_observed"": ""e779601fbeaf0348aa19838eacaf39b87f6ecaf697c7d8fb72cd3c10a03179cc""}, ""016|11|mirror"": {""image_sha256"": ""688b0cd10fcede1a61455aaa00e6a41623ef76bf51e194a97252fa035d320011"", ""key"": ""3MIDD_048_p11__mirror"", ""rendered_hash_matches_manifest"": false, ""rendered_sha256_manifest"": ""69ed896a69afe441ef455660ad9ffd953025efe3828d1b9e99673895d65c51f2"", ""rendered_sha256_observed"": ""210950a849d847fc3bcc16eecefeffe46654a115fffd9e1658600f506748f0a0""}, ""016|11|original"": {""image_sha256"": ""7a8f168925cd817566f65f95522d8d907d3d648650604476069565dc5b79c0b8"", ""key"": ""3MIDD_048_p11__original"", ""rendered_hash_matches_manifest"": false, ""rendered_sha256_manifest"": ""eece1064c38f97a155bfd03ba34f7df8a60451e3067af54e3ef554ecc1b1e852"", ""rendered_sha256_observed"": ""3f5234b16e90575e4082bf951b66033f81dac2d8cd6034771ce860f1414797c8""}, ""016|1|mirror"": {""image_sha256"": ""76ae87fe845b5de53b4efdcf569bb157b1e1cc9fadc2b60fe5517d72df68a38e"", ""key"": ""3MIDD_048_p01__mirror"", ""rendered_hash_matches_manifest"": false, ""rendered_sha256_manifest"": ""95504b1bb34d39f2c55d1675935bd2f5be0203be221aad0f465b4ae492d88fb9"", ""rendered_sha256_observed"": ""3a63e882bf189939a01ec47b4c9e738eb16f100a0a4911d8ed3c02b397fe4d38""}, ""016|1|original"": {""image_sha256"": ""b22202e274a4ea56acfb1ad5a84a000e3621004051215da0c5d1e7e7a356bd93"", ""key"": ""3MIDD_048_p01__original"", ""rendered_hash_matches_manifest"": false, ""rendered_sha256_manifest"": ""0b1c2d3ab1dd4c595cca56b1c2354afc8941d05185bc36537ebae1a0b4e863f8"", ""rendered_sha256_observed"": ""6268a51b09defd504cdac90309110fc9cba8efa8015b7525f3151e0f87baf592""}, ""016|2|mirror"": {""image_sha256"": ""4e34f3d68c63e1f5f70aab44089c0e29fda6613480247eb5dd9aa57513fe9726"", ""key"": ""3MIDD_048_p02__mirror"", ""rendered_hash_matches_manifest"": false, ""rendered_sha256_manifest"": ""e805edb26281908117820ac5aeeaa51eb6851d2dd0b1e0655f022c669316b1ed"", ""rendered_sha256_observed"": ""10290257862ec62d129306d7573496554a6db305a688ec221a41866476eeedf9""}, ""016|2|original"": {""image_sha256"": ""5ba531b1b46b3db2b707aec365d91759124b6d9be6e1b4fa913659121dbb0e35"", ""key"": ""3MIDD_048_p02__original"", ""rendered_hash_matches_manifest"": false, ""rendered_sha256_manifest"": ""cb3bcdee86ed1563d6ca820a1f7ed966c9e2db105159a47b083137c0ad345b7c"", ""rendered_sha256_observed"": ""a20ddfccb0fc8806cff1d5843be94f8e40606b63875d207055290d69b9b87637""}, ""016|3|mirror"": {""image_sha256"": ""ffb35a39466db44b67099d2beec9e4a872e7e675248262b0b113bc19f091698f"", ""key"": ""3MIDD_048_p03__mirror"", ""rendered_hash_matches_manifest"": false, ""rendered_sha256_manifest"": ""c58b6afb3158907f2ae38adb5638efc6b64bfcdb8e4d657be564a7b299b98fd3"", ""rendered_sha256_observed"": ""65fa4081b7cd9e8caf3faed1a8ad7b3c36d62f009637e3da2b06155681d1e8be""}, ""016|3|original"": {""image_sha256"": ""60b8be653d5af5a824f3e82b472356750990854ed67d77ac0d5c17e3a1865920"", ""key"": ""3MIDD_048_p03__original"", ""rendered_hash_matches_manifest"": false, ""rendered_sha256_manifest"": ""fdfff2fa8a89e028955e887fb853720cbffefadc4ae56baca47e7d66a472136e"", ""rendered_sha256_observed"": ""2a7933ae1f41135eaceea5a2acfd021b00c9ec153fdae1741b1576e361513f72""}, ""016|4|mirror"": {""image_sha256"": ""9f72bb61d48dd59b058a653aa23c1bfd8798b27122d7417b27d6a84e48592e41"", ""key"": ""3MIDD_048_p04__mirror"", ""rendered_hash_matches_manifest"": false, ""rendered_sha256_manifest"": ""7272d3a8380e1c53060155648a49dc96b22c2bdae607ab976591c5e67e17bf2d"", ""rendered_sha256_observed"": ""fe5664ad8fb1cf4227ca880ff3eaab8106d5900a8d050a44d025f3ca2ae11818""}, ""016|4|original"": {""image_sha256"": ""a2213590cc067a63b6d9027ac537325df2642346f5b200339ce100b64b2ae2ae"", ""key"": ""3MIDD_048_p04__original"", ""rendered_hash_matches_manifest"": false, ""rendered_sha256_manifest"": ""b068b151fff6ad7dddc9c03f9be97a65ae58a0acc44f6ad70e298c166a9052f1"", ""rendered_sha256_observed"": ""e277bd9d0b2d2758cf23bbbe9a1eaedfb6ea9503c272e5b19db662e2c8fc1bf2""}, ""016|5|mirror"": {""image_sha256"": ""fb9353386392c1974dbc4c584fdfacd6711167492e54e5c481558dd4d987abdd"", ""key"": ""3MIDD_048_p05__mirror"", ""rendered_hash_matches_manifest"": false, ""rendered_sha256_manifest"": ""7534be0114b31d7c892fc08d18b989faf13742d8a65cdfcb17201a60cdce9d79"", ""rendered_sha256_observed"": ""238122e498c334c6a42104de3aee64dcc958c0d93163624a5ca61ed6076eb17c""}, ""016|5|original"": {""image_sha256"": ""8c421d48f329fdce70ec385017a55ca019b0eda1ada605fbb260a969cfad57bf"", ""key"": ""3MIDD_048_p05__original"", ""rendered_hash_matches_manifest"": false, ""rendered_sha256_manifest"": ""c4cea68a0cd7b22c133c006f0fd5efb687e79f8547549b7580d20a8f4f044239"", ""rendered_sha256_observed"": ""9d3edacad216b2fabbf82a2b46244320b2ba7b95e5856853cb910c57f4db04bb""}, ""016|6|mirror"": {""image_sha256"": ""2539e65a0e90bbcf7940f8489358d68ca2e72794ffc47f7eea9de4d83873a421"", ""key"": ""3MIDD_048_p06__mirror"", ""rendered_hash_matches_manifest"": false, ""rendered_sha256_manifest"": ""355eef0412c959425875ac1f378309e1db970dbd87806e2a94ff8a5df7817751"", ""rendered_sha256_observed"": ""4744ba7f3ddddef5e613244e941287086f6a1f9894fc3f5e33b883d99cc3e69c""}, ""016|6|original"": {""image_sha256"": ""d9166aeb478c215ddd59c92dee3c5f8331e591539cdbf6ea15da8f3bc829c5a7"", ""key"": ""3MIDD_048_p06__original"", ""rendered_hash_matches_manifest"": false, ""rendered_sha256_manifest"": ""3b0ca74600905a34d807c5e518b0dadc62763cec203734119b92f816134d3365"", ""rendered_sha256_observed"": ""d30baa041727819a706dda1a1c7d83d1b1a9f793d60effda5619c67517789e59""}, ""016|7|mirror"": {""image_sha256"": ""c03e06da1762c4b589c163595a86622c9396bc9173a5e52a948d6e56e131a9d7"", ""key"": ""3MIDD_048_p07__mirror"", ""rendered_hash_matches_manifest"": false, ""rendered_sha256_manifest"": ""f2fdf26272a9f966e67d48b002aa73b53a33b56439a1589b0cdbeecdf4aac812"", ""rendered_sha256_observed"": ""3eac954cc77c27f0e1d9a051de97555513645c480fa4423b609d84f2fdd95106""}, ""016|7|original"": {""image_sha256"": ""592326bd04173d519dd91155d024aea283335c9b3a5ee1adbd65bb3e9d7c02ce"", ""key"": ""3MIDD_048_p07__original"", ""rendered_hash_matches_manifest"": false, ""rendered_sha256_manifest"": ""6b00971f871a2480de03ca9d75d0751c7f7e9115afc377274dd7008d8601e29d"", ""rendered_sha256_observed"": ""a1533a72b12334608bdd552fd9fdde7e0de37004e56302e573e67105b3170f6d""}, ""016|8|mirror"": {""image_sha256"": ""4d409fd7f2e7211c67e53cdd47291c912a592855a96c10591f9fdaae00cf5274"", ""key"": ""3MIDD_048_p08__mirror"", ""rendered_hash_matches_manifest"": false, ""rendered_sha256_manifest"": ""6a43378923a6dc92ab9cb3e3261a4542cfedfa7aba0b678402c61b2b69de1bc1"", ""rendered_sha256_observed"": ""43d088d06bcd7c7d1d53535e17aed0a31e2658e85c5ef0bb2e1fc890de1dc2e1""}, ""016|8|original"": {""image_sha256"": ""9e489be2590f66c123eda42b3a8cf2dc16cab61a6c788e25436002ff33c3bf23"", ""key"": ""3MIDD_048_p08__original"", ""rendered_hash_matches_manifest"": false, ""rendered_sha256_manifest"": ""6df1617532c48b9961f28429fa2794c14533f613d1038278b8c1e5fbcfafa811"", ""rendered_sha256_observed"": ""b9a1cdcdb78d434af31b70623c801c8cf4d64eb31eb82f3818b5206211b20888""}, ""016|9|mirror"": {""image_sha256"": ""590d24d23f57640236e3456066c73c937f94c7aa27318cee3bab578718eb3c72"", ""key"": ""3MIDD_048_p09__mirror"", ""rendered_hash_matches_manifest"": false, ""rendered_sha256_manifest"": ""fffbf428c90dc1a574d44ec590f3025fcb0e6946e6ade239ee2103066e332ffd"", ""rendered_sha256_observed"": ""977daf24eab5d7697a7724086f4ba65c6b79e74eea9e756a3fb89d5ac6915d6b""}, ""016|9|original"": {""image_sha256"": ""b099e4e04c23584b7e1103c4fb6faca25787a2d443f977fd37e962592c6ee560"", ""key"": ""3MIDD_048_p09__original"", ""rendered_hash_matches_manifest"": false, ""rendered_sha256_manifest"": ""f6000bef78eeb2eee55b544e2e92dc4b5f4817718c94242e364664c682512599"", ""rendered_sha256_observed"": ""1ec8d847e014b9317edfe33d2542e6679dc82482fc277dbf482863bfaef62c3f""}, ""017|0|mirror"": {""image_sha256"": ""bae7e04d77f43a177610ccc1d9dfb638fbe01296b69ac462e00fa5b2293a026d"", ""key"": ""3MIDD_048_p00__mirror"", ""rendered_hash_matches_manifest"": false, ""rendered_sha256_manifest"": ""3318e0f201660badacba48c9b8421d631730ce66e4e215031158f9a905899016"", ""rendered_sha256_observed"": ""95ccac4a43b2ce3101428c8ad255378481707b4f230146b8893eff4eea57ffca""}, ""017|0|original"": {""image_sha256"": ""55de889bf77d4ed148146e80de064406871b98fbc6362750a940c6f8d0526965"", ""key"": ""3MIDD_048_p00__original"", ""rendered_hash_matches_manifest"": false, ""rendered_sha256_manifest"": ""c64d770e6191feb1ac7e6eae9ed43e6847f2c5f5a346deaad3597d0b98796435"", ""rendered_sha256_observed"": ""12afbe0d8f29b9563a881012679693f6d2ef8364067a4eb0b1b6bcf4ba988bc3""}, ""017|10|mirror"": {""image_sha256"": ""96cc75d2f496cd2b04177ff0fe242de86e399edae3de87094cef68f8fff3da81"", ""key"": ""3MIDD_048_p10__mirror"", ""rendered_hash_matches_manifest"": false, ""rendered_sha256_manifest"": ""18dd718d50d364030ec34f91333a2b0a598018bf35e8c504e25cc877d2e96685"", ""rendered_sha256_observed"": ""2934d848523f6313a0158319aaf16a6e7cfaa5d6579753909f88d546ab6dfe19""}, ""017|10|original"": {""image_sha256"": ""4550b8320af6cd8f34965ee303437323c51d2f98cc166d0bce5d3f1f7b70aa8e"", ""key"": ""3MIDD_048_p10__original"", ""rendered_hash_matches_manifest"": false, ""rendered_sha256_manifest"": ""63a455c2f57130657be84c4c88aea4168fcea8ee9ba8d15320d57802b2dbeb34"", ""rendered_sha256_observed"": ""e779601fbeaf0348aa19838eacaf39b87f6ecaf697c7d8fb72cd3c10a03179cc""}, ""017|11|mirror"": {""image_sha256"": ""688b0cd10fcede1a61455aaa00e6a41623ef76bf51e194a97252fa035d320011"", ""key"": ""3MIDD_048_p11__mirror"", ""rendered_hash_matches_manifest"": false, ""rendered_sha256_manifest"": ""69ed896a69afe441ef455660ad9ffd953025efe3828d1b9e99673895d65c51f2"", ""rendered_sha256_observed"": ""210950a849d847fc3bcc16eecefeffe46654a115fffd9e1658600f506748f0a0""}, ""017|11|original"": {""image_sha256"": ""7a8f168925cd817566f65f95522d8d907d3d648650604476069565dc5b79c0b8"", ""key"": ""3MIDD_048_p11__original"", ""rendered_hash_matches_manifest"": false, ""rendered_sha256_manifest"": ""eece1064c38f97a155bfd03ba34f7df8a60451e3067af54e3ef554ecc1b1e852"", ""rendered_sha256_observed"": ""3f5234b16e90575e4082bf951b66033f81dac2d8cd6034771ce860f1414797c8""}, ""017|1|mirror"": {""image_sha256"": ""76ae87fe845b5de53b4efdcf569bb157b1e1cc9fadc2b60fe5517d72df68a38e"", ""key"": ""3MIDD_048_p01__mirror"", ""rendered_hash_matches_manifest"": false, ""rendered_sha256_manifest"": ""95504b1bb34d39f2c55d1675935bd2f5be0203be221aad0f465b4ae492d88fb9"", ""rendered_sha256_observed"": ""3a63e882bf189939a01ec47b4c9e738eb16f100a0a4911d8ed3c02b397fe4d38""}, ""017|1|original"": {""image_sha256"": ""b22202e274a4ea56acfb1ad5a84a000e3621004051215da0c5d1e7e7a356bd93"", ""key"": ""3MIDD_048_p01__original"", ""rendered_hash_matches_manifest"": false, ""rendered_sha256_manifest"": ""0b1c2d3ab1dd4c595cca56b1c2354afc8941d05185bc36537ebae1a0b4e863f8"", ""rendered_sha256_observed"": ""6268a51b09defd504cdac90309110fc9cba8efa8015b7525f3151e0f87baf592""}, ""017|2|mirror"": {""image_sha256"": ""4e34f3d68c63e1f5f70aab44089c0e29fda6613480247eb5dd9aa57513fe9726"", ""key"": ""3MIDD_048_p02__mirror"", ""rendered_hash_matches_manifest"": false, ""rendered_sha256_manifest"": ""e805edb26281908117820ac5aeeaa51eb6851d2dd0b1e0655f022c669316b1ed"", ""rendered_sha256_observed"": ""10290257862ec62d129306d7573496554a6db305a688ec221a41866476eeedf9""}, ""017|2|original"": {""image_sha256"": ""5ba531b1b46b3db2b707aec365d91759124b6d9be6e1b4fa913659121dbb0e35"", ""key"": ""3MIDD_048_p02__original"", ""rendered_hash_matches_manifest"": false, ""rendered_sha256_manifest"": ""cb3bcdee86ed1563d6ca820a1f7ed966c9e2db105159a47b083137c0ad345b7c"", ""rendered_sha256_observed"": ""a20ddfccb0fc8806cff1d5843be94f8e40606b63875d207055290d69b9b87637""}, ""017|3|mirror"": {""image_sha256"": ""ffb35a39466db44b67099d2beec9e4a872e7e675248262b0b113bc19f091698f"", ""key"": ""3MIDD_048_p03__mirror"", ""rendered_hash_matches_manifest"": false, ""rendered_sha256_manifest"": ""c58b6afb3158907f2ae38adb5638efc6b64bfcdb8e4d657be564a7b299b98fd3"", ""rendered_sha256_observed"": ""65fa4081b7cd9e8caf3faed1a8ad7b3c36d62f009637e3da2b06155681d1e8be""}, ""017|3|original"": {""image_sha256"": ""60b8be653d5af5a824f3e82b472356750990854ed67d77ac0d5c17e3a1865920"", ""key"": ""3MIDD_048_p03__original"", ""rendered_hash_matches_manifest"": false, ""rendered_sha256_manifest"": ""fdfff2fa8a89e028955e887fb853720cbffefadc4ae56baca47e7d66a472136e"", ""rendered_sha256_observed"": ""2a7933ae1f41135eaceea5a2acfd021b00c9ec153fdae1741b1576e361513f72""}, ""017|4|mirror"": {""image_sha256"": ""9f72bb61d48dd59b058a653aa23c1bfd8798b27122d7417b27d6a84e48592e41"", ""key"": ""3MIDD_048_p04__mirror"", ""rendered_hash_matches_manifest"": false, ""rendered_sha256_manifest"": ""7272d3a8380e1c53060155648a49dc96b22c2bdae607ab976591c5e67e17bf2d"", ""rendered_sha256_observed"": ""fe5664ad8fb1cf4227ca880ff3eaab8106d5900a8d050a44d025f3ca2ae11818""}, ""017|4|original"": {""image_sha256"": ""a2213590cc067a63b6d9027ac537325df2642346f5b200339ce100b64b2ae2ae"", ""key"": ""3MIDD_048_p04__original"", ""rendered_hash_matches_manifest"": false, ""rendered_sha256_manifest"": ""b068b151fff6ad7dddc9c03f9be97a65ae58a0acc44f6ad70e298c166a9052f1"", ""rendered_sha256_observed"": ""e277bd9d0b2d2758cf23bbbe9a1eaedfb6ea9503c272e5b19db662e2c8fc1bf2""}, ""017|5|mirror"": {""image_sha256"": ""fb9353386392c1974dbc4c584fdfacd6711167492e54e5c481558dd4d987abdd"", ""key"": ""3MIDD_048_p05__mirror"", ""rendered_hash_matches_manifest"": false, ""rendered_sha256_manifest"": ""7534be0114b31d7c892fc08d18b989faf13742d8a65cdfcb17201a60cdce9d79"", ""rendered_sha256_observed"": ""238122e498c334c6a42104de3aee64dcc958c0d93163624a5ca61ed6076eb17c""}, ""017|5|original"": {""image_sha256"": ""8c421d48f329fdce70ec385017a55ca019b0eda1ada605fbb260a969cfad57bf"", ""key"": ""3MIDD_048_p05__original"", ""rendered_hash_matches_manifest"": false, ""rendered_sha256_manifest"": ""c4cea68a0cd7b22c133c006f0fd5efb687e79f8547549b7580d20a8f4f044239"", ""rendered_sha256_observed"": ""9d3edacad216b2fabbf82a2b46244320b2ba7b95e5856853cb910c57f4db04bb""}, ""017|6|mirror"": {""image_sha256"": ""2539e65a0e90bbcf7940f8489358d68ca2e72794ffc47f7eea9de4d83873a421"", ""key"": ""3MIDD_048_p06__mirror"", ""rendered_hash_matches_manifest"": false, ""rendered_sha256_manifest"": ""355eef0412c959425875ac1f378309e1db970dbd87806e2a94ff8a5df7817751"", ""rendered_sha256_observed"": ""4744ba7f3ddddef5e613244e941287086f6a1f9894fc3f5e33b883d99cc3e69c""}, ""017|6|original"": {""image_sha256"": ""d9166aeb478c215ddd59c92dee3c5f8331e591539cdbf6ea15da8f3bc829c5a7"", ""key"": ""3MIDD_048_p06__original"", ""rendered_hash_matches_manifest"": false, ""rendered_sha256_manifest"": ""3b0ca74600905a34d807c5e518b0dadc62763cec203734119b92f816134d3365"", ""rendered_sha256_observed"": ""d30baa041727819a706dda1a1c7d83d1b1a9f793d60effda5619c67517789e59""}, ""017|7|mirror"": {""image_sha256"": ""c03e06da1762c4b589c163595a86622c9396bc9173a5e52a948d6e56e131a9d7"", ""key"": ""3MIDD_048_p07__mirror"", ""rendered_hash_matches_manifest"": false, ""rendered_sha256_manifest"": ""f2fdf26272a9f966e67d48b002aa73b53a33b56439a1589b0cdbeecdf4aac812"", ""rendered_sha256_observed"": ""3eac954cc77c27f0e1d9a051de97555513645c480fa4423b609d84f2fdd95106""}, ""017|7|original"": {""image_sha256"": ""592326bd04173d519dd91155d024aea283335c9b3a5ee1adbd65bb3e9d7c02ce"", ""key"": ""3MIDD_048_p07__original"", ""rendered_hash_matches_manifest"": false, ""rendered_sha256_manifest"": ""6b00971f871a2480de03ca9d75d0751c7f7e9115afc377274dd7008d8601e29d"", ""rendered_sha256_observed"": ""a1533a72b12334608bdd552fd9fdde7e0de37004e56302e573e67105b3170f6d""}, ""017|8|mirror"": {""image_sha256"": ""4d409fd7f2e7211c67e53cdd47291c912a592855a96c10591f9fdaae00cf5274"", ""key"": ""3MIDD_048_p08__mirror"", ""rendered_hash_matches_manifest"": false, ""rendered_sha256_manifest"": ""6a43378923a6dc92ab9cb3e3261a4542cfedfa7aba0b678402c61b2b69de1bc1"", ""rendered_sha256_observed"": ""43d088d06bcd7c7d1d53535e17aed0a31e2658e85c5ef0bb2e1fc890de1dc2e1""}, ""017|8|original"": {""image_sha256"": ""9e489be2590f66c123eda42b3a8cf2dc16cab61a6c788e25436002ff33c3bf23"", ""key"": ""3MIDD_048_p08__original"", ""rendered_hash_matches_manifest"": false, ""rendered_sha256_manifest"": ""6df1617532c48b9961f28429fa2794c14533f613d1038278b8c1e5fbcfafa811"", ""rendered_sha256_observed"": ""b9a1cdcdb78d434af31b70623c801c8cf4d64eb31eb82f3818b5206211b20888""}, ""017|9|mirror"": {""image_sha256"": ""590d24d23f57640236e3456066c73c937f94c7aa27318cee3bab578718eb3c72"", ""key"": ""3MIDD_048_p09__mirror"", ""rendered_hash_matches_manifest"": false, ""rendered_sha256_manifest"": ""fffbf428c90dc1a574d44ec590f3025fcb0e6946e6ade239ee2103066e332ffd"", ""rendered_sha256_observed"": ""977daf24eab5d7697a7724086f4ba65c6b79e74eea9e756a3fb89d5ac6915d6b""}, ""017|9|original"": {""image_sha256"": ""b099e4e04c23584b7e1103c4fb6faca25787a2d443f977fd37e962592c6ee560"", ""key"": ""3MIDD_048_p09__original"", ""rendered_hash_matches_manifest"": false, ""rendered_sha256_manifest"": ""f6000bef78eeb2eee55b544e2e92dc4b5f4817718c94242e364664c682512599"", ""rendered_sha256_observed"": ""1ec8d847e014b9317edfe33d2542e6679dc82482fc277dbf482863bfaef62c3f""}, ""018|0|mirror"": {""image_sha256"": ""bae7e04d77f43a177610ccc1d9dfb638fbe01296b69ac462e00fa5b2293a026d"", ""key"": ""3MIDD_048_p00__mirror"", ""rendered_hash_matches_manifest"": false, ""rendered_sha256_manifest"": ""3318e0f201660badacba48c9b8421d631730ce66e4e215031158f9a905899016"", ""rendered_sha256_observed"": ""95ccac4a43b2ce3101428c8ad255378481707b4f230146b8893eff4eea57ffca""}, ""018|0|original"": {""image_sha256"": ""55de889bf77d4ed148146e80de064406871b98fbc6362750a940c6f8d0526965"", ""key"": ""3MIDD_048_p00__original"", ""rendered_hash_matches_manifest"": false, ""rendered_sha256_manifest"": ""c64d770e6191feb1ac7e6eae9ed43e6847f2c5f5a346deaad3597d0b98796435"", ""rendered_sha256_observed"": ""12afbe0d8f29b9563a881012679693f6d2ef8364067a4eb0b1b6bcf4ba988bc3""}, ""018|10|mirror"": {""image_sha256"": ""96cc75d2f496cd2b04177ff0fe242de86e399edae3de87094cef68f8fff3da81"", ""key"": ""3MIDD_048_p10__mirror"", ""rendered_hash_matches_manifest"": false, ""rendered_sha256_manifest"": ""18dd718d50d364030ec34f91333a2b0a598018bf35e8c504e25cc877d2e96685"", ""rendered_sha256_observed"": ""2934d848523f6313a0158319aaf16a6e7cfaa5d6579753909f88d546ab6dfe19""}, ""018|10|original"": {""image_sha256"": ""4550b8320af6cd8f34965ee303437323c51d2f98cc166d0bce5d3f1f7b70aa8e"", ""key"": ""3MIDD_048_p10__original"", ""rendered_hash_matches_manifest"": false, ""rendered_sha256_manifest"": ""63a455c2f57130657be84c4c88aea4168fcea8ee9ba8d15320d57802b2dbeb34"", ""rendered_sha256_observed"": ""e779601fbeaf0348aa19838eacaf39b87f6ecaf697c7d8fb72cd3c10a03179cc""}, ""018|11|mirror"": {""image_sha256"": ""688b0cd10fcede1a61455aaa00e6a41623ef76bf51e194a97252fa035d320011"", ""key"": ""3MIDD_048_p11__mirror"", ""rendered_hash_matches_manifest"": false, ""rendered_sha256_manifest"": ""69ed896a69afe441ef455660ad9ffd953025efe3828d1b9e99673895d65c51f2"", ""rendered_sha256_observed"": ""210950a849d847fc3bcc16eecefeffe46654a115fffd9e1658600f506748f0a0""}, ""018|11|original"": {""image_sha256"": ""7a8f168925cd817566f65f95522d8d907d3d648650604476069565dc5b79c0b8"", ""key"": ""3MIDD_048_p11__original"", ""rendered_hash_matches_manifest"": false, ""rendered_sha256_manifest"": ""eece1064c38f97a155bfd03ba34f7df8a60451e3067af54e3ef554ecc1b1e852"", ""rendered_sha256_observed"": ""3f5234b16e90575e4082bf951b66033f81dac2d8cd6034771ce860f1414797c8""}, ""018|1|mirror"": {""image_sha256"": ""76ae87fe845b5de53b4efdcf569bb157b1e1cc9fadc2b60fe5517d72df68a38e"", ""key"": ""3MIDD_048_p01__mirror"", ""rendered_hash_matches_manifest"": false, ""rendered_sha256_manifest"": ""95504b1bb34d39f2c55d1675935bd2f5be0203be221aad0f465b4ae492d88fb9"", ""rendered_sha256_observed"": ""3a63e882bf189939a01ec47b4c9e738eb16f100a0a4911d8ed3c02b397fe4d38""}, ""018|1|original"": {""image_sha256"": ""b22202e274a4ea56acfb1ad5a84a000e3621004051215da0c5d1e7e7a356bd93"", ""key"": ""3MIDD_048_p01__original"", ""rendered_hash_matches_manifest"": false, ""rendered_sha256_manifest"": ""0b1c2d3ab1dd4c595cca56b1c2354afc8941d05185bc36537ebae1a0b4e863f8"", ""rendered_sha256_observed"": ""6268a51b09defd504cdac90309110fc9cba8efa8015b7525f3151e0f87baf592""}, ""018|2|mirror"": {""image_sha256"": ""4e34f3d68c63e1f5f70aab44089c0e29fda6613480247eb5dd9aa57513fe9726"", ""key"": ""3MIDD_048_p02__mirror"", ""rendered_hash_matches_manifest"": false, ""rendered_sha256_manifest"": ""e805edb26281908117820ac5aeeaa51eb6851d2dd0b1e0655f022c669316b1ed"", ""rendered_sha256_observed"": ""10290257862ec62d129306d7573496554a6db305a688ec221a41866476eeedf9""}, ""018|2|original"": {""image_sha256"": ""5ba531b1b46b3db2b707aec365d91759124b6d9be6e1b4fa913659121dbb0e35"", ""key"": ""3MIDD_048_p02__original"", ""rendered_hash_matches_manifest"": false, ""rendered_sha256_manifest"": ""cb3bcdee86ed1563d6ca820a1f7ed966c9e2db105159a47b083137c0ad345b7c"", ""rendered_sha256_observed"": ""a20ddfccb0fc8806cff1d5843be94f8e40606b63875d207055290d69b9b87637""}, ""018|3|mirror"": {""image_sha256"": ""ffb35a39466db44b67099d2beec9e4a872e7e675248262b0b113bc19f091698f"", ""key"": ""3MIDD_048_p03__mirror"", ""rendered_hash_matches_manifest"": false, ""rendered_sha256_manifest"": ""c58b6afb3158907f2ae38adb5638efc6b64bfcdb8e4d657be564a7b299b98fd3"", ""rendered_sha256_observed"": ""65fa4081b7cd9e8caf3faed1a8ad7b3c36d62f009637e3da2b06155681d1e8be""}, ""018|3|original"": {""image_sha256"": ""60b8be653d5af5a824f3e82b472356750990854ed67d77ac0d5c17e3a1865920"", ""key"": ""3MIDD_048_p03__original"", ""rendered_hash_matches_manifest"": false, ""rendered_sha256_manifest"": ""fdfff2fa8a89e028955e887fb853720cbffefadc4ae56baca47e7d66a472136e"", ""rendered_sha256_observed"": ""2a7933ae1f41135eaceea5a2acfd021b00c9ec153fdae1741b1576e361513f72""}, ""018|4|mirror"": {""image_sha256"": ""9f72bb61d48dd59b058a653aa23c1bfd8798b27122d7417b27d6a84e48592e41"", ""key"": ""3MIDD_048_p04__mirror"", ""rendered_hash_matches_manifest"": false, ""rendered_sha256_manifest"": ""7272d3a8380e1c53060155648a49dc96b22c2bdae607ab976591c5e67e17bf2d"", ""rendered_sha256_observed"": ""fe5664ad8fb1cf4227ca880ff3eaab8106d5900a8d050a44d025f3ca2ae11818""}, ""018|4|original"": {""image_sha256"": ""a2213590cc067a63b6d9027ac537325df2642346f5b200339ce100b64b2ae2ae"", ""key"": ""3MIDD_048_p04__original"", ""rendered_hash_matches_manifest"": false, ""rendered_sha256_manifest"": ""b068b151fff6ad7dddc9c03f9be97a65ae58a0acc44f6ad70e298c166a9052f1"", ""rendered_sha256_observed"": ""e277bd9d0b2d2758cf23bbbe9a1eaedfb6ea9503c272e5b19db662e2c8fc1bf2""}, ""018|5|mirror"": {""image_sha256"": ""fb9353386392c1974dbc4c584fdfacd6711167492e54e5c481558dd4d987abdd"", ""key"": ""3MIDD_048_p05__mirror"", ""rendered_hash_matches_manifest"": false, ""rendered_sha256_manifest"": ""7534be0114b31d7c892fc08d18b989faf13742d8a65cdfcb17201a60cdce9d79"", ""rendered_sha256_observed"": ""238122e498c334c6a42104de3aee64dcc958c0d93163624a5ca61ed6076eb17c""}, ""018|5|original"": {""image_sha256"": ""8c421d48f329fdce70ec385017a55ca019b0eda1ada605fbb260a969cfad57bf"", ""key"": ""3MIDD_048_p05__original"", ""rendered_hash_matches_manifest"": false, ""rendered_sha256_manifest"": ""c4cea68a0cd7b22c133c006f0fd5efb687e79f8547549b7580d20a8f4f044239"", ""rendered_sha256_observed"": ""9d3edacad216b2fabbf82a2b46244320b2ba7b95e5856853cb910c57f4db04bb""}, ""018|6|mirror"": {""image_sha256"": ""2539e65a0e90bbcf7940f8489358d68ca2e72794ffc47f7eea9de4d83873a421"", ""key"": ""3MIDD_048_p06__mirror"", ""rendered_hash_matches_manifest"": false, ""rendered_sha256_manifest"": ""355eef0412c959425875ac1f378309e1db970dbd87806e2a94ff8a5df7817751"", ""rendered_sha256_observed"": ""4744ba7f3ddddef5e613244e941287086f6a1f9894fc3f5e33b883d99cc3e69c""}, ""018|6|original"": {""image_sha256"": ""d9166aeb478c215ddd59c92dee3c5f8331e591539cdbf6ea15da8f3bc829c5a7"", ""key"": ""3MIDD_048_p06__original"", ""rendered_hash_matches_manifest"": false, ""rendered_sha256_manifest"": ""3b0ca74600905a34d807c5e518b0dadc62763cec203734119b92f816134d3365"", ""rendered_sha256_observed"": ""d30baa041727819a706dda1a1c7d83d1b1a9f793d60effda5619c67517789e59""}, ""018|7|mirror"": {""image_sha256"": ""c03e06da1762c4b589c163595a86622c9396bc9173a5e52a948d6e56e131a9d7"", ""key"": ""3MIDD_048_p07__mirror"", ""rendered_hash_matches_manifest"": false, ""rendered_sha256_manifest"": ""f2fdf26272a9f966e67d48b002aa73b53a33b56439a1589b0cdbeecdf4aac812"", ""rendered_sha256_observed"": ""3eac954cc77c27f0e1d9a051de97555513645c480fa4423b609d84f2fdd95106""}, ""018|7|original"": {""image_sha256"": ""592326bd04173d519dd91155d024aea283335c9b3a5ee1adbd65bb3e9d7c02ce"", ""key"": ""3MIDD_048_p07__original"", ""rendered_hash_matches_manifest"": false, ""rendered_sha256_manifest"": ""6b00971f871a2480de03ca9d75d0751c7f7e9115afc377274dd7008d8601e29d"", ""rendered_sha256_observed"": ""a1533a72b12334608bdd552fd9fdde7e0de37004e56302e573e67105b3170f6d""}, ""018|8|mirror"": {""image_sha256"": ""4d409fd7f2e7211c67e53cdd47291c912a592855a96c10591f9fdaae00cf5274"", ""key"": ""3MIDD_048_p08__mirror"", ""rendered_hash_matches_manifest"": false, ""rendered_sha256_manifest"": ""6a43378923a6dc92ab9cb3e3261a4542cfedfa7aba0b678402c61b2b69de1bc1"", ""rendered_sha256_observed"": ""43d088d06bcd7c7d1d53535e17aed0a31e2658e85c5ef0bb2e1fc890de1dc2e1""}, ""018|8|original"": {""image_sha256"": ""9e489be2590f66c123eda42b3a8cf2dc16cab61a6c788e25436002ff33c3bf23"", ""key"": ""3MIDD_048_p08__original"", ""rendered_hash_matches_manifest"": false, ""rendered_sha256_manifest"": ""6df1617532c48b9961f28429fa2794c14533f613d1038278b8c1e5fbcfafa811"", ""rendered_sha256_observed"": ""b9a1cdcdb78d434af31b70623c801c8cf4d64eb31eb82f3818b5206211b20888""}, ""018|9|mirror"": {""image_sha256"": ""590d24d23f57640236e3456066c73c937f94c7aa27318cee3bab578718eb3c72"", ""key"": ""3MIDD_048_p09__mirror"", ""rendered_hash_matches_manifest"": false, ""rendered_sha256_manifest"": ""fffbf428c90dc1a574d44ec590f3025fcb0e6946e6ade239ee2103066e332ffd"", ""rendered_sha256_observed"": ""977daf24eab5d7697a7724086f4ba65c6b79e74eea9e756a3fb89d5ac6915d6b""}, ""018|9|original"": {""image_sha256"": ""b099e4e04c23584b7e1103c4fb6faca25787a2d443f977fd37e962592c6ee560"", ""key"": ""3MIDD_048_p09__original"", ""rendered_hash_matches_manifest"": false, ""rendered_sha256_manifest"": ""f6000bef78eeb2eee55b544e2e92dc4b5f4817718c94242e364664c682512599"", ""rendered_sha256_observed"": ""1ec8d847e014b9317edfe33d2542e6679dc82482fc277dbf482863bfaef62c3f""}, ""019|0|mirror"": {""image_sha256"": ""bae7e04d77f43a177610ccc1d9dfb638fbe01296b69ac462e00fa5b2293a026d"", ""key"": ""3MIDD_048_p00__mirror"", ""rendered_hash_matches_manifest"": false, ""rendered_sha256_manifest"": ""3318e0f201660badacba48c9b8421d631730ce66e4e215031158f9a905899016"", ""rendered_sha256_observed"": ""95ccac4a43b2ce3101428c8ad255378481707b4f230146b8893eff4eea57ffca""}, ""019|0|original"": {""image_sha256"": ""55de889bf77d4ed148146e80de064406871b98fbc6362750a940c6f8d0526965"", ""key"": ""3MIDD_048_p00__original"", ""rendered_hash_matches_manifest"": false, ""rendered_sha256_manifest"": ""c64d770e6191feb1ac7e6eae9ed43e6847f2c5f5a346deaad3597d0b98796435"", ""rendered_sha256_observed"": ""12afbe0d8f29b9563a881012679693f6d2ef8364067a4eb0b1b6bcf4ba988bc3""}, ""019|10|mirror"": {""image_sha256"": ""96cc75d2f496cd2b04177ff0fe242de86e399edae3de87094cef68f8fff3da81"", ""key"": ""3MIDD_048_p10__mirror"", ""rendered_hash_matches_manifest"": false, ""rendered_sha256_manifest"": ""18dd718d50d364030ec34f91333a2b0a598018bf35e8c504e25cc877d2e96685"", ""rendered_sha256_observed"": ""2934d848523f6313a0158319aaf16a6e7cfaa5d6579753909f88d546ab6dfe19""}, ""019|10|original"": {""image_sha256"": ""4550b8320af6cd8f34965ee303437323c51d2f98cc166d0bce5d3f1f7b70aa8e"", ""key"": ""3MIDD_048_p10__original"", ""rendered_hash_matches_manifest"": false, ""rendered_sha256_manifest"": ""63a455c2f57130657be84c4c88aea4168fcea8ee9ba8d15320d57802b2dbeb34"", ""rendered_sha256_observed"": ""e779601fbeaf0348aa19838eacaf39b87f6ecaf697c7d8fb72cd3c10a03179cc""}, ""019|11|mirror"": {""image_sha256"": ""688b0cd10fcede1a61455aaa00e6a41623ef76bf51e194a97252fa035d320011"", ""key"": ""3MIDD_048_p11__mirror"", ""rendered_hash_matches_manifest"": false, ""rendered_sha256_manifest"": ""69ed896a69afe441ef455660ad9ffd953025efe3828d1b9e99673895d65c51f2"", ""rendered_sha256_observed"": ""210950a849d847fc3bcc16eecefeffe46654a115fffd9e1658600f506748f0a0""}, ""019|11|original"": {""image_sha256"": ""7a8f168925cd817566f65f95522d8d907d3d648650604476069565dc5b79c0b8"", ""key"": ""3MIDD_048_p11__original"", ""rendered_hash_matches_manifest"": false, ""rendered_sha256_manifest"": ""eece1064c38f97a155bfd03ba34f7df8a60451e3067af54e3ef554ecc1b1e852"", ""rendered_sha256_observed"": ""3f5234b16e90575e4082bf951b66033f81dac2d8cd6034771ce860f1414797c8""}, ""019|1|mirror"": {""image_sha256"": ""76ae87fe845b5de53b4efdcf569bb157b1e1cc9fadc2b60fe5517d72df68a38e"", ""key"": ""3MIDD_048_p01__mirror"", ""rendered_hash_matches_manifest"": false, ""rendered_sha256_manifest"": ""95504b1bb34d39f2c55d1675935bd2f5be0203be221aad0f465b4ae492d88fb9"", ""rendered_sha256_observed"": ""3a63e882bf189939a01ec47b4c9e738eb16f100a0a4911d8ed3c02b397fe4d38""}, ""019|1|original"": {""image_sha256"": ""b22202e274a4ea56acfb1ad5a84a000e3621004051215da0c5d1e7e7a356bd93"", ""key"": ""3MIDD_048_p01__original"", ""rendered_hash_matches_manifest"": false, ""rendered_sha256_manifest"": ""0b1c2d3ab1dd4c595cca56b1c2354afc8941d05185bc36537ebae1a0b4e863f8"", ""rendered_sha256_observed"": ""6268a51b09defd504cdac90309110fc9cba8efa8015b7525f3151e0f87baf592""}, ""019|2|mirror"": {""image_sha256"": ""4e34f3d68c63e1f5f70aab44089c0e29fda6613480247eb5dd9aa57513fe9726"", ""key"": ""3MIDD_048_p02__mirror"", ""rendered_hash_matches_manifest"": false, ""rendered_sha256_manifest"": ""e805edb26281908117820ac5aeeaa51eb6851d2dd0b1e0655f022c669316b1ed"", ""rendered_sha256_observed"": ""10290257862ec62d129306d7573496554a6db305a688ec221a41866476eeedf9""}, ""019|2|original"": {""image_sha256"": ""5ba531b1b46b3db2b707aec365d91759124b6d9be6e1b4fa913659121dbb0e35"", ""key"": ""3MIDD_048_p02__original"", ""rendered_hash_matches_manifest"": false, ""rendered_sha256_manifest"": ""cb3bcdee86ed1563d6ca820a1f7ed966c9e2db105159a47b083137c0ad345b7c"", ""rendered_sha256_observed"": ""a20ddfccb0fc8806cff1d5843be94f8e40606b63875d207055290d69b9b87637""}, ""019|3|mirror"": {""image_sha256"": ""ffb35a39466db44b67099d2beec9e4a872e7e675248262b0b113bc19f091698f"", ""key"": ""3MIDD_048_p03__mirror"", ""rendered_hash_matches_manifest"": false, ""rendered_sha256_manifest"": ""c58b6afb3158907f2ae38adb5638efc6b64bfcdb8e4d657be564a7b299b98fd3"", ""rendered_sha256_observed"": ""65fa4081b7cd9e8caf3faed1a8ad7b3c36d62f009637e3da2b06155681d1e8be""}, ""019|3|original"": {""image_sha256"": ""60b8be653d5af5a824f3e82b472356750990854ed67d77ac0d5c17e3a1865920"", ""key"": ""3MIDD_048_p03__original"", ""rendered_hash_matches_manifest"": false, ""rendered_sha256_manifest"": ""fdfff2fa8a89e028955e887fb853720cbffefadc4ae56baca47e7d66a472136e"", ""rendered_sha256_observed"": ""2a7933ae1f41135eaceea5a2acfd021b00c9ec153fdae1741b1576e361513f72""}, ""019|4|mirror"": {""image_sha256"": ""9f72bb61d48dd59b058a653aa23c1bfd8798b27122d7417b27d6a84e48592e41"", ""key"": ""3MIDD_048_p04__mirror"", ""rendered_hash_matches_manifest"": false, ""rendered_sha256_manifest"": ""7272d3a8380e1c53060155648a49dc96b22c2bdae607ab976591c5e67e17bf2d"", ""rendered_sha256_observed"": ""fe5664ad8fb1cf4227ca880ff3eaab8106d5900a8d050a44d025f3ca2ae11818""}, ""019|4|original"": {""image_sha256"": ""a2213590cc067a63b6d9027ac537325df2642346f5b200339ce100b64b2ae2ae"", ""key"": ""3MIDD_048_p04__original"", ""rendered_hash_matches_manifest"": false, ""rendered_sha256_manifest"": ""b068b151fff6ad7dddc9c03f9be97a65ae58a0acc44f6ad70e298c166a9052f1"", ""rendered_sha256_observed"": ""e277bd9d0b2d2758cf23bbbe9a1eaedfb6ea9503c272e5b19db662e2c8fc1bf2""}, ""019|5|mirror"": {""image_sha256"": ""fb9353386392c1974dbc4c584fdfacd6711167492e54e5c481558dd4d987abdd"", ""key"": ""3MIDD_048_p05__mirror"", ""rendered_hash_matches_manifest"": false, ""rendered_sha256_manifest"": ""7534be0114b31d7c892fc08d18b989faf13742d8a65cdfcb17201a60cdce9d79"", ""rendered_sha256_observed"": ""238122e498c334c6a42104de3aee64dcc958c0d93163624a5ca61ed6076eb17c""}, ""019|5|original"": {""image_sha256"": ""8c421d48f329fdce70ec385017a55ca019b0eda1ada605fbb260a969cfad57bf"", ""key"": ""3MIDD_048_p05__original"", ""rendered_hash_matches_manifest"": false, ""rendered_sha256_manifest"": ""c4cea68a0cd7b22c133c006f0fd5efb687e79f8547549b7580d20a8f4f044239"", ""rendered_sha256_observed"": ""9d3edacad216b2fabbf82a2b46244320b2ba7b95e5856853cb910c57f4db04bb""}, ""019|6|mirror"": {""image_sha256"": ""2539e65a0e90bbcf7940f8489358d68ca2e72794ffc47f7eea9de4d83873a421"", ""key"": ""3MIDD_048_p06__mirror"", ""rendered_hash_matches_manifest"": false, ""rendered_sha256_manifest"": ""355eef0412c959425875ac1f378309e1db970dbd87806e2a94ff8a5df7817751"", ""rendered_sha256_observed"": ""4744ba7f3ddddef5e613244e941287086f6a1f9894fc3f5e33b883d99cc3e69c""}, ""019|6|original"": {""image_sha256"": ""d9166aeb478c215ddd59c92dee3c5f8331e591539cdbf6ea15da8f3bc829c5a7"", ""key"": ""3MIDD_048_p06__original"", ""rendered_hash_matches_manifest"": false, ""rendered_sha256_manifest"": ""3b0ca74600905a34d807c5e518b0dadc62763cec203734119b92f816134d3365"", ""rendered_sha256_observed"": ""d30baa041727819a706dda1a1c7d83d1b1a9f793d60effda5619c67517789e59""}, ""019|7|mirror"": {""image_sha256"": ""c03e06da1762c4b589c163595a86622c9396bc9173a5e52a948d6e56e131a9d7"", ""key"": ""3MIDD_048_p07__mirror"", ""rendered_hash_matches_manifest"": false, ""rendered_sha256_manifest"": ""f2fdf26272a9f966e67d48b002aa73b53a33b56439a1589b0cdbeecdf4aac812"", ""rendered_sha256_observed"": ""3eac954cc77c27f0e1d9a051de97555513645c480fa4423b609d84f2fdd95106""}, ""019|7|original"": {""image_sha256"": ""592326bd04173d519dd91155d024aea283335c9b3a5ee1adbd65bb3e9d7c02ce"", ""key"": ""3MIDD_048_p07__original"", ""rendered_hash_matches_manifest"": false, ""rendered_sha256_manifest"": ""6b00971f871a2480de03ca9d75d0751c7f7e9115afc377274dd7008d8601e29d"", ""rendered_sha256_observed"": ""a1533a72b12334608bdd552fd9fdde7e0de37004e56302e573e67105b3170f6d""}, ""019|8|mirror"": {""image_sha256"": ""4d409fd7f2e7211c67e53cdd47291c912a592855a96c10591f9fdaae00cf5274"", ""key"": ""3MIDD_048_p08__mirror"", ""rendered_hash_matches_manifest"": false, ""rendered_sha256_manifest"": ""6a43378923a6dc92ab9cb3e3261a4542cfedfa7aba0b678402c61b2b69de1bc1"", ""rendered_sha256_observed"": ""43d088d06bcd7c7d1d53535e17aed0a31e2658e85c5ef0bb2e1fc890de1dc2e1""}, ""019|8|original"": {""image_sha256"": ""9e489be2590f66c123eda42b3a8cf2dc16cab61a6c788e25436002ff33c3bf23"", ""key"": ""3MIDD_048_p08__original"", ""rendered_hash_matches_manifest"": false, ""rendered_sha256_manifest"": ""6df1617532c48b9961f28429fa2794c14533f613d1038278b8c1e5fbcfafa811"", ""rendered_sha256_observed"": ""b9a1cdcdb78d434af31b70623c801c8cf4d64eb31eb82f3818b5206211b20888""}, ""019|9|mirror"": {""image_sha256"": ""590d24d23f57640236e3456066c73c937f94c7aa27318cee3bab578718eb3c72"", ""key"": ""3MIDD_048_p09__mirror"", ""rendered_hash_matches_manifest"": false, ""rendered_sha256_manifest"": ""fffbf428c90dc1a574d44ec590f3025fcb0e6946e6ade239ee2103066e332ffd"", ""rendered_sha256_observed"": ""977daf24eab5d7697a7724086f4ba65c6b79e74eea9e756a3fb89d5ac6915d6b""}, ""019|9|original"": {""image_sha256"": ""b099e4e04c23584b7e1103c4fb6faca25787a2d443f977fd37e962592c6ee560"", ""key"": ""3MIDD_048_p09__original"", ""rendered_hash_matches_manifest"": false, ""rendered_sha256_manifest"": ""f6000bef78eeb2eee55b544e2e92dc4b5f4817718c94242e364664c682512599"", ""rendered_sha256_observed"": ""1ec8d847e014b9317edfe33d2542e6679dc82482fc277dbf482863bfaef62c3f""}, ""020|0|mirror"": {""image_sha256"": ""bae7e04d77f43a177610ccc1d9dfb638fbe01296b69ac462e00fa5b2293a026d"", ""key"": ""3MIDD_048_p00__mirror"", ""rendered_hash_matches_manifest"": false, ""rendered_sha256_manifest"": ""3318e0f201660badacba48c9b8421d631730ce66e4e215031158f9a905899016"", ""rendered_sha256_observed"": ""95ccac4a43b2ce3101428c8ad255378481707b4f230146b8893eff4eea57ffca""}, ""020|0|original"": {""image_sha256"": ""55de889bf77d4ed148146e80de064406871b98fbc6362750a940c6f8d0526965"", ""key"": ""3MIDD_048_p00__original"", ""rendered_hash_matches_manifest"": false, ""rendered_sha256_manifest"": ""c64d770e6191feb1ac7e6eae9ed43e6847f2c5f5a346deaad3597d0b98796435"", ""rendered_sha256_observed"": ""12afbe0d8f29b9563a881012679693f6d2ef8364067a4eb0b1b6bcf4ba988bc3""}, ""020|10|mirror"": {""image_sha256"": ""96cc75d2f496cd2b04177ff0fe242de86e399edae3de87094cef68f8fff3da81"", ""key"": ""3MIDD_048_p10__mirror"", ""rendered_hash_matches_manifest"": false, ""rendered_sha256_manifest"": ""18dd718d50d364030ec34f91333a2b0a598018bf35e8c504e25cc877d2e96685"", ""rendered_sha256_observed"": ""2934d848523f6313a0158319aaf16a6e7cfaa5d6579753909f88d546ab6dfe19""}, ""020|10|original"": {""image_sha256"": ""4550b8320af6cd8f34965ee303437323c51d2f98cc166d0bce5d3f1f7b70aa8e"", ""key"": ""3MIDD_048_p10__original"", ""rendered_hash_matches_manifest"": false, ""rendered_sha256_manifest"": ""63a455c2f57130657be84c4c88aea4168fcea8ee9ba8d15320d57802b2dbeb34"", ""rendered_sha256_observed"": ""e779601fbeaf0348aa19838eacaf39b87f6ecaf697c7d8fb72cd3c10a03179cc""}, ""020|11|mirror"": {""image_sha256"": ""688b0cd10fcede1a61455aaa00e6a41623ef76bf51e194a97252fa035d320011"", ""key"": ""3MIDD_048_p11__mirror"", ""rendered_hash_matches_manifest"": false, ""rendered_sha256_manifest"": ""69ed896a69afe441ef455660ad9ffd953025efe3828d1b9e99673895d65c51f2"", ""rendered_sha256_observed"": ""210950a849d847fc3bcc16eecefeffe46654a115fffd9e1658600f506748f0a0""}, ""020|11|original"": {""image_sha256"": ""7a8f168925cd817566f65f95522d8d907d3d648650604476069565dc5b79c0b8"", ""key"": ""3MIDD_048_p11__original"", ""rendered_hash_matches_manifest"": false, ""rendered_sha256_manifest"": ""eece1064c38f97a155bfd03ba34f7df8a60451e3067af54e3ef554ecc1b1e852"", ""rendered_sha256_observed"": ""3f5234b16e90575e4082bf951b66033f81dac2d8cd6034771ce860f1414797c8""}, ""020|1|mirror"": {""image_sha256"": ""76ae87fe845b5de53b4efdcf569bb157b1e1cc9fadc2b60fe5517d72df68a38e"", ""key"": ""3MIDD_048_p01__mirror"", ""rendered_hash_matches_manifest"": false, ""rendered_sha256_manifest"": ""95504b1bb34d39f2c55d1675935bd2f5be0203be221aad0f465b4ae492d88fb9"", ""rendered_sha256_observed"": ""3a63e882bf189939a01ec47b4c9e738eb16f100a0a4911d8ed3c02b397fe4d38""}, ""020|1|original"": {""image_sha256"": ""b22202e274a4ea56acfb1ad5a84a000e3621004051215da0c5d1e7e7a356bd93"", ""key"": ""3MIDD_048_p01__original"", ""rendered_hash_matches_manifest"": false, ""rendered_sha256_manifest"": ""0b1c2d3ab1dd4c595cca56b1c2354afc8941d05185bc36537ebae1a0b4e863f8"", ""rendered_sha256_observed"": ""6268a51b09defd504cdac90309110fc9cba8efa8015b7525f3151e0f87baf592""}, ""020|2|mirror"": {""image_sha256"": ""4e34f3d68c63e1f5f70aab44089c0e29fda6613480247eb5dd9aa57513fe9726"", ""key"": ""3MIDD_048_p02__mirror"", ""rendered_hash_matches_manifest"": false, ""rendered_sha256_manifest"": ""e805edb26281908117820ac5aeeaa51eb6851d2dd0b1e0655f022c669316b1ed"", ""rendered_sha256_observed"": ""10290257862ec62d129306d7573496554a6db305a688ec221a41866476eeedf9""}, ""020|2|original"": {""image_sha256"": ""5ba531b1b46b3db2b707aec365d91759124b6d9be6e1b4fa913659121dbb0e35"", ""key"": ""3MIDD_048_p02__original"", ""rendered_hash_matches_manifest"": false, ""rendered_sha256_manifest"": ""cb3bcdee86ed1563d6ca820a1f7ed966c9e2db105159a47b083137c0ad345b7c"", ""rendered_sha256_observed"": ""a20ddfccb0fc8806cff1d5843be94f8e40606b63875d207055290d69b9b87637""}, ""020|3|mirror"": {""image_sha256"": ""ffb35a39466db44b67099d2beec9e4a872e7e675248262b0b113bc19f091698f"", ""key"": ""3MIDD_048_p03__mirror"", ""rendered_hash_matches_manifest"": false, ""rendered_sha256_manifest"": ""c58b6afb3158907f2ae38adb5638efc6b64bfcdb8e4d657be564a7b299b98fd3"", ""rendered_sha256_observed"": ""65fa4081b7cd9e8caf3faed1a8ad7b3c36d62f009637e3da2b06155681d1e8be""}, ""020|3|original"": {""image_sha256"": ""60b8be653d5af5a824f3e82b472356750990854ed67d77ac0d5c17e3a1865920"", ""key"": ""3MIDD_048_p03__original"", ""rendered_hash_matches_manifest"": false, ""rendered_sha256_manifest"": ""fdfff2fa8a89e028955e887fb853720cbffefadc4ae56baca47e7d66a472136e"", ""rendered_sha256_observed"": ""2a7933ae1f41135eaceea5a2acfd021b00c9ec153fdae1741b1576e361513f72""}, ""020|4|mirror"": {""image_sha256"": ""9f72bb61d48dd59b058a653aa23c1bfd8798b27122d7417b27d6a84e48592e41"", ""key"": ""3MIDD_048_p04__mirror"", ""rendered_hash_matches_manifest"": false, ""rendered_sha256_manifest"": ""7272d3a8380e1c53060155648a49dc96b22c2bdae607ab976591c5e67e17bf2d"", ""rendered_sha256_observed"": ""fe5664ad8fb1cf4227ca880ff3eaab8106d5900a8d050a44d025f3ca2ae11818""}, ""020|4|original"": {""image_sha256"": ""a2213590cc067a63b6d9027ac537325df2642346f5b200339ce100b64b2ae2ae"", ""key"": ""3MIDD_048_p04__original"", ""rendered_hash_matches_manifest"": false, ""rendered_sha256_manifest"": ""b068b151fff6ad7dddc9c03f9be97a65ae58a0acc44f6ad70e298c166a9052f1"", ""rendered_sha256_observed"": ""e277bd9d0b2d2758cf23bbbe9a1eaedfb6ea9503c272e5b19db662e2c8fc1bf2""}, ""020|5|mirror"": {""image_sha256"": ""fb9353386392c1974dbc4c584fdfacd6711167492e54e5c481558dd4d987abdd"", ""key"": ""3MIDD_048_p05__mirror"", ""rendered_hash_matches_manifest"": false, ""rendered_sha256_manifest"": ""7534be0114b31d7c892fc08d18b989faf13742d8a65cdfcb17201a60cdce9d79"", ""rendered_sha256_observed"": ""238122e498c334c6a42104de3aee64dcc958c0d93163624a5ca61ed6076eb17c""}, ""020|5|original"": {""image_sha256"": ""8c421d48f329fdce70ec385017a55ca019b0eda1ada605fbb260a969cfad57bf"", ""key"": ""3MIDD_048_p05__original"", ""rendered_hash_matches_manifest"": false, ""rendered_sha256_manifest"": ""c4cea68a0cd7b22c133c006f0fd5efb687e79f8547549b7580d20a8f4f044239"", ""rendered_sha256_observed"": ""9d3edacad216b2fabbf82a2b46244320b2ba7b95e5856853cb910c57f4db04bb""}, ""020|6|mirror"": {""image_sha256"": ""2539e65a0e90bbcf7940f8489358d68ca2e72794ffc47f7eea9de4d83873a421"", ""key"": ""3MIDD_048_p06__mirror"", ""rendered_hash_matches_manifest"": false, ""rendered_sha256_manifest"": ""355eef0412c959425875ac1f378309e1db970dbd87806e2a94ff8a5df7817751"", ""rendered_sha256_observed"": ""4744ba7f3ddddef5e613244e941287086f6a1f9894fc3f5e33b883d99cc3e69c""}, ""020|6|original"": {""image_sha256"": ""d9166aeb478c215ddd59c92dee3c5f8331e591539cdbf6ea15da8f3bc829c5a7"", ""key"": ""3MIDD_048_p06__original"", ""rendered_hash_matches_manifest"": false, ""rendered_sha256_manifest"": ""3b0ca74600905a34d807c5e518b0dadc62763cec203734119b92f816134d3365"", ""rendered_sha256_observed"": ""d30baa041727819a706dda1a1c7d83d1b1a9f793d60effda5619c67517789e59""}, ""020|7|mirror"": {""image_sha256"": ""c03e06da1762c4b589c163595a86622c9396bc9173a5e52a948d6e56e131a9d7"", ""key"": ""3MIDD_048_p07__mirror"", ""rendered_hash_matches_manifest"": false, ""rendered_sha256_manifest"": ""f2fdf26272a9f966e67d48b002aa73b53a33b56439a1589b0cdbeecdf4aac812"", ""rendered_sha256_observed"": ""3eac954cc77c27f0e1d9a051de97555513645c480fa4423b609d84f2fdd95106""}, ""020|7|original"": {""image_sha256"": ""592326bd04173d519dd91155d024aea283335c9b3a5ee1adbd65bb3e9d7c02ce"", ""key"": ""3MIDD_048_p07__original"", ""rendered_hash_matches_manifest"": false, ""rendered_sha256_manifest"": ""6b00971f871a2480de03ca9d75d0751c7f7e9115afc377274dd7008d8601e29d"", ""rendered_sha256_observed"": ""a1533a72b12334608bdd552fd9fdde7e0de37004e56302e573e67105b3170f6d""}, ""020|8|mirror"": {""image_sha256"": ""4d409fd7f2e7211c67e53cdd47291c912a592855a96c10591f9fdaae00cf5274"", ""key"": ""3MIDD_048_p08__mirror"", ""rendered_hash_matches_manifest"": false, ""rendered_sha256_manifest"": ""6a43378923a6dc92ab9cb3e3261a4542cfedfa7aba0b678402c61b2b69de1bc1"", ""rendered_sha256_observed"": ""43d088d06bcd7c7d1d53535e17aed0a31e2658e85c5ef0bb2e1fc890de1dc2e1""}, ""020|8|original"": {""image_sha256"": ""9e489be2590f66c123eda42b3a8cf2dc16cab61a6c788e25436002ff33c3bf23"", ""key"": ""3MIDD_048_p08__original"", ""rendered_hash_matches_manifest"": false, ""rendered_sha256_manifest"": ""6df1617532c48b9961f28429fa2794c14533f613d1038278b8c1e5fbcfafa811"", ""rendered_sha256_observed"": ""b9a1cdcdb78d434af31b70623c801c8cf4d64eb31eb82f3818b5206211b20888""}, ""020|9|mirror"": {""image_sha256"": ""590d24d23f57640236e3456066c73c937f94c7aa27318cee3bab578718eb3c72"", ""key"": ""3MIDD_048_p09__mirror"", ""rendered_hash_matches_manifest"": false, ""rendered_sha256_manifest"": ""fffbf428c90dc1a574d44ec590f3025fcb0e6946e6ade239ee2103066e332ffd"", ""rendered_sha256_observed"": ""977daf24eab5d7697a7724086f4ba65c6b79e74eea9e756a3fb89d5ac6915d6b""}, ""020|9|original"": {""image_sha256"": ""b099e4e04c23584b7e1103c4fb6faca25787a2d443f977fd37e962592c6ee560"", ""key"": ""3MIDD_048_p09__original"", ""rendered_hash_matches_manifest"": false, ""rendered_sha256_manifest"": ""f6000bef78eeb2eee55b544e2e92dc4b5f4817718c94242e364664c682512599"", ""rendered_sha256_observed"": ""1ec8d847e014b9317edfe33d2542e6679dc82482fc277dbf482863bfaef62c3f""}, ""021|0|mirror"": {""image_sha256"": ""bae7e04d77f43a177610ccc1d9dfb638fbe01296b69ac462e00fa5b2293a026d"", ""key"": ""3MIDD_048_p00__mirror"", ""rendered_hash_matches_manifest"": false, ""rendered_sha256_manifest"": ""3318e0f201660badacba48c9b8421d631730ce66e4e215031158f9a905899016"", ""rendered_sha256_observed"": ""95ccac4a43b2ce3101428c8ad255378481707b4f230146b8893eff4eea57ffca""}, ""021|0|original"": {""image_sha256"": ""55de889bf77d4ed148146e80de064406871b98fbc6362750a940c6f8d0526965"", ""key"": ""3MIDD_048_p00__original"", ""rendered_hash_matches_manifest"": false, ""rendered_sha256_manifest"": ""c64d770e6191feb1ac7e6eae9ed43e6847f2c5f5a346deaad3597d0b98796435"", ""rendered_sha256_observed"": ""12afbe0d8f29b9563a881012679693f6d2ef8364067a4eb0b1b6bcf4ba988bc3""}, ""021|10|mirror"": {""image_sha256"": ""96cc75d2f496cd2b04177ff0fe242de86e399edae3de87094cef68f8fff3da81"", ""key"": ""3MIDD_048_p10__mirror"", ""rendered_hash_matches_manifest"": false, ""rendered_sha256_manifest"": ""18dd718d50d364030ec34f91333a2b0a598018bf35e8c504e25cc877d2e96685"", ""rendered_sha256_observed"": ""2934d848523f6313a0158319aaf16a6e7cfaa5d6579753909f88d546ab6dfe19""}, ""021|10|original"": {""image_sha256"": ""4550b8320af6cd8f34965ee303437323c51d2f98cc166d0bce5d3f1f7b70aa8e"", ""key"": ""3MIDD_048_p10__original"", ""rendered_hash_matches_manifest"": false, ""rendered_sha256_manifest"": ""63a455c2f57130657be84c4c88aea4168fcea8ee9ba8d15320d57802b2dbeb34"", ""rendered_sha256_observed"": ""e779601fbeaf0348aa19838eacaf39b87f6ecaf697c7d8fb72cd3c10a03179cc""}, ""021|11|mirror"": {""image_sha256"": ""688b0cd10fcede1a61455aaa00e6a41623ef76bf51e194a97252fa035d320011"", ""key"": ""3MIDD_048_p11__mirror"", ""rendered_hash_matches_manifest"": false, ""rendered_sha256_manifest"": ""69ed896a69afe441ef455660ad9ffd953025efe3828d1b9e99673895d65c51f2"", ""rendered_sha256_observed"": ""210950a849d847fc3bcc16eecefeffe46654a115fffd9e1658600f506748f0a0""}, ""021|11|original"": {""image_sha256"": ""7a8f168925cd817566f65f95522d8d907d3d648650604476069565dc5b79c0b8"", ""key"": ""3MIDD_048_p11__original"", ""rendered_hash_matches_manifest"": false, ""rendered_sha256_manifest"": ""eece1064c38f97a155bfd03ba34f7df8a60451e3067af54e3ef554ecc1b1e852"", ""rendered_sha256_observed"": ""3f5234b16e90575e4082bf951b66033f81dac2d8cd6034771ce860f1414797c8""}, ""021|1|mirror"": {""image_sha256"": ""76ae87fe845b5de53b4efdcf569bb157b1e1cc9fadc2b60fe5517d72df68a38e"", ""key"": ""3MIDD_048_p01__mirror"", ""rendered_hash_matches_manifest"": false, ""rendered_sha256_manifest"": ""95504b1bb34d39f2c55d1675935bd2f5be0203be221aad0f465b4ae492d88fb9"", ""rendered_sha256_observed"": ""3a63e882bf189939a01ec47b4c9e738eb16f100a0a4911d8ed3c02b397fe4d38""}, ""021|1|original"": {""image_sha256"": ""b22202e274a4ea56acfb1ad5a84a000e3621004051215da0c5d1e7e7a356bd93"", ""key"": ""3MIDD_048_p01__original"", ""rendered_hash_matches_manifest"": false, ""rendered_sha256_manifest"": ""0b1c2d3ab1dd4c595cca56b1c2354afc8941d05185bc36537ebae1a0b4e863f8"", ""rendered_sha256_observed"": ""6268a51b09defd504cdac90309110fc9cba8efa8015b7525f3151e0f87baf592""}, ""021|2|mirror"": {""image_sha256"": ""4e34f3d68c63e1f5f70aab44089c0e29fda6613480247eb5dd9aa57513fe9726"", ""key"": ""3MIDD_048_p02__mirror"", ""rendered_hash_matches_manifest"": false, ""rendered_sha256_manifest"": ""e805edb26281908117820ac5aeeaa51eb6851d2dd0b1e0655f022c669316b1ed"", ""rendered_sha256_observed"": ""10290257862ec62d129306d7573496554a6db305a688ec221a41866476eeedf9""}, ""021|2|original"": {""image_sha256"": ""5ba531b1b46b3db2b707aec365d91759124b6d9be6e1b4fa913659121dbb0e35"", ""key"": ""3MIDD_048_p02__original"", ""rendered_hash_matches_manifest"": false, ""rendered_sha256_manifest"": ""cb3bcdee86ed1563d6ca820a1f7ed966c9e2db105159a47b083137c0ad345b7c"", ""rendered_sha256_observed"": ""a20ddfccb0fc8806cff1d5843be94f8e40606b63875d207055290d69b9b87637""}, ""021|3|mirror"": {""image_sha256"": ""ffb35a39466db44b67099d2beec9e4a872e7e675248262b0b113bc19f091698f"", ""key"": ""3MIDD_048_p03__mirror"", ""rendered_hash_matches_manifest"": false, ""rendered_sha256_manifest"": ""c58b6afb3158907f2ae38adb5638efc6b64bfcdb8e4d657be564a7b299b98fd3"", ""rendered_sha256_observed"": ""65fa4081b7cd9e8caf3faed1a8ad7b3c36d62f009637e3da2b06155681d1e8be""}, ""021|3|original"": {""image_sha256"": ""60b8be653d5af5a824f3e82b472356750990854ed67d77ac0d5c17e3a1865920"", ""key"": ""3MIDD_048_p03__original"", ""rendered_hash_matches_manifest"": false, ""rendered_sha256_manifest"": ""fdfff2fa8a89e028955e887fb853720cbffefadc4ae56baca47e7d66a472136e"", ""rendered_sha256_observed"": ""2a7933ae1f41135eaceea5a2acfd021b00c9ec153fdae1741b1576e361513f72""}, ""021|4|mirror"": {""image_sha256"": ""9f72bb61d48dd59b058a653aa23c1bfd8798b27122d7417b27d6a84e48592e41"", ""key"": ""3MIDD_048_p04__mirror"", ""rendered_hash_matches_manifest"": false, ""rendered_sha256_manifest"": ""7272d3a8380e1c53060155648a49dc96b22c2bdae607ab976591c5e67e17bf2d"", ""rendered_sha256_observed"": ""fe5664ad8fb1cf4227ca880ff3eaab8106d5900a8d050a44d025f3ca2ae11818""}, ""021|4|original"": {""image_sha256"": ""a2213590cc067a63b6d9027ac537325df2642346f5b200339ce100b64b2ae2ae"", ""key"": ""3MIDD_048_p04__original"", ""rendered_hash_matches_manifest"": false, ""rendered_sha256_manifest"": ""b068b151fff6ad7dddc9c03f9be97a65ae58a0acc44f6ad70e298c166a9052f1"", ""rendered_sha256_observed"": ""e277bd9d0b2d2758cf23bbbe9a1eaedfb6ea9503c272e5b19db662e2c8fc1bf2""}, ""021|5|mirror"": {""image_sha256"": ""fb9353386392c1974dbc4c584fdfacd6711167492e54e5c481558dd4d987abdd"", ""key"": ""3MIDD_048_p05__mirror"", ""rendered_hash_matches_manifest"": false, ""rendered_sha256_manifest"": ""7534be0114b31d7c892fc08d18b989faf13742d8a65cdfcb17201a60cdce9d79"", ""rendered_sha256_observed"": ""238122e498c334c6a42104de3aee64dcc958c0d93163624a5ca61ed6076eb17c""}, ""021|5|original"": {""image_sha256"": ""8c421d48f329fdce70ec385017a55ca019b0eda1ada605fbb260a969cfad57bf"", ""key"": ""3MIDD_048_p05__original"", ""rendered_hash_matches_manifest"": false, ""rendered_sha256_manifest"": ""c4cea68a0cd7b22c133c006f0fd5efb687e79f8547549b7580d20a8f4f044239"", ""rendered_sha256_observed"": ""9d3edacad216b2fabbf82a2b46244320b2ba7b95e5856853cb910c57f4db04bb""}, ""021|6|mirror"": {""image_sha256"": ""2539e65a0e90bbcf7940f8489358d68ca2e72794ffc47f7eea9de4d83873a421"", ""key"": ""3MIDD_048_p06__mirror"", ""rendered_hash_matches_manifest"": false, ""rendered_sha256_manifest"": ""355eef0412c959425875ac1f378309e1db970dbd87806e2a94ff8a5df7817751"", ""rendered_sha256_observed"": ""4744ba7f3ddddef5e613244e941287086f6a1f9894fc3f5e33b883d99cc3e69c""}, ""021|6|original"": {""image_sha256"": ""d9166aeb478c215ddd59c92dee3c5f8331e591539cdbf6ea15da8f3bc829c5a7"", ""key"": ""3MIDD_048_p06__original"", ""rendered_hash_matches_manifest"": false, ""rendered_sha256_manifest"": ""3b0ca74600905a34d807c5e518b0dadc62763cec203734119b92f816134d3365"", ""rendered_sha256_observed"": ""d30baa041727819a706dda1a1c7d83d1b1a9f793d60effda5619c67517789e59""}, ""021|7|mirror"": {""image_sha256"": ""c03e06da1762c4b589c163595a86622c9396bc9173a5e52a948d6e56e131a9d7"", ""key"": ""3MIDD_048_p07__mirror"", ""rendered_hash_matches_manifest"": false, ""rendered_sha256_manifest"": ""f2fdf26272a9f966e67d48b002aa73b53a33b56439a1589b0cdbeecdf4aac812"", ""rendered_sha256_observed"": ""3eac954cc77c27f0e1d9a051de97555513645c480fa4423b609d84f2fdd95106""}, ""021|7|original"": {""image_sha256"": ""592326bd04173d519dd91155d024aea283335c9b3a5ee1adbd65bb3e9d7c02ce"", ""key"": ""3MIDD_048_p07__original"", ""rendered_hash_matches_manifest"": false, ""rendered_sha256_manifest"": ""6b00971f871a2480de03ca9d75d0751c7f7e9115afc377274dd7008d8601e29d"", ""rendered_sha256_observed"": ""a1533a72b12334608bdd552fd9fdde7e0de37004e56302e573e67105b3170f6d""}, ""021|8|mirror"": {""image_sha256"": ""4d409fd7f2e7211c67e53cdd47291c912a592855a96c10591f9fdaae00cf5274"", ""key"": ""3MIDD_048_p08__mirror"", ""rendered_hash_matches_manifest"": false, ""rendered_sha256_manifest"": ""6a43378923a6dc92ab9cb3e3261a4542cfedfa7aba0b678402c61b2b69de1bc1"", ""rendered_sha256_observed"": ""43d088d06bcd7c7d1d53535e17aed0a31e2658e85c5ef0bb2e1fc890de1dc2e1""}, ""021|8|original"": {""image_sha256"": ""9e489be2590f66c123eda42b3a8cf2dc16cab61a6c788e25436002ff33c3bf23"", ""key"": ""3MIDD_048_p08__original"", ""rendered_hash_matches_manifest"": false, ""rendered_sha256_manifest"": ""6df1617532c48b9961f28429fa2794c14533f613d1038278b8c1e5fbcfafa811"", ""rendered_sha256_observed"": ""b9a1cdcdb78d434af31b70623c801c8cf4d64eb31eb82f3818b5206211b20888""}, ""021|9|mirror"": {""image_sha256"": ""590d24d23f57640236e3456066c73c937f94c7aa27318cee3bab578718eb3c72"", ""key"": ""3MIDD_048_p09__mirror"", ""rendered_hash_matches_manifest"": false, ""rendered_sha256_manifest"": ""fffbf428c90dc1a574d44ec590f3025fcb0e6946e6ade239ee2103066e332ffd"", ""rendered_sha256_observed"": ""977daf24eab5d7697a7724086f4ba65c6b79e74eea9e756a3fb89d5ac6915d6b""}, ""021|9|original"": {""image_sha256"": ""b099e4e04c23584b7e1103c4fb6faca25787a2d443f977fd37e962592c6ee560"", ""key"": ""3MIDD_048_p09__original"", ""rendered_hash_matches_manifest"": false, ""rendered_sha256_manifest"": ""f6000bef78eeb2eee55b544e2e92dc4b5f4817718c94242e364664c682512599"", ""rendered_sha256_observed"": ""1ec8d847e014b9317edfe33d2542e6679dc82482fc277dbf482863bfaef62c3f""}, ""022|0|mirror"": {""image_sha256"": ""bae7e04d77f43a177610ccc1d9dfb638fbe01296b69ac462e00fa5b2293a026d"", ""key"": ""3MIDD_048_p00__mirror"", ""rendered_hash_matches_manifest"": false, ""rendered_sha256_manifest"": ""3318e0f201660badacba48c9b8421d631730ce66e4e215031158f9a905899016"", ""rendered_sha256_observed"": ""95ccac4a43b2ce3101428c8ad255378481707b4f230146b8893eff4eea57ffca""}, ""022|0|original"": {""image_sha256"": ""55de889bf77d4ed148146e80de064406871b98fbc6362750a940c6f8d0526965"", ""key"": ""3MIDD_048_p00__original"", ""rendered_hash_matches_manifest"": false, ""rendered_sha256_manifest"": ""c64d770e6191feb1ac7e6eae9ed43e6847f2c5f5a346deaad3597d0b98796435"", ""rendered_sha256_observed"": ""12afbe0d8f29b9563a881012679693f6d2ef8364067a4eb0b1b6bcf4ba988bc3""}, ""022|10|mirror"": {""image_sha256"": ""96cc75d2f496cd2b04177ff0fe242de86e399edae3de87094cef68f8fff3da81"", ""key"": ""3MIDD_048_p10__mirror"", ""rendered_hash_matches_manifest"": false, ""rendered_sha256_manifest"": ""18dd718d50d364030ec34f91333a2b0a598018bf35e8c504e25cc877d2e96685"", ""rendered_sha256_observed"": ""2934d848523f6313a0158319aaf16a6e7cfaa5d6579753909f88d546ab6dfe19""}, ""022|10|original"": {""image_sha256"": ""4550b8320af6cd8f34965ee303437323c51d2f98cc166d0bce5d3f1f7b70aa8e"", ""key"": ""3MIDD_048_p10__original"", ""rendered_hash_matches_manifest"": false, ""rendered_sha256_manifest"": ""63a455c2f57130657be84c4c88aea4168fcea8ee9ba8d15320d57802b2dbeb34"", ""rendered_sha256_observed"": ""e779601fbeaf0348aa19838eacaf39b87f6ecaf697c7d8fb72cd3c10a03179cc""}, ""022|11|mirror"": {""image_sha256"": ""688b0cd10fcede1a61455aaa00e6a41623ef76bf51e194a97252fa035d320011"", ""key"": ""3MIDD_048_p11__mirror"", ""rendered_hash_matches_manifest"": false, ""rendered_sha256_manifest"": ""69ed896a69afe441ef455660ad9ffd953025efe3828d1b9e99673895d65c51f2"", ""rendered_sha256_observed"": ""210950a849d847fc3bcc16eecefeffe46654a115fffd9e1658600f506748f0a0""}, ""022|11|original"": {""image_sha256"": ""7a8f168925cd817566f65f95522d8d907d3d648650604476069565dc5b79c0b8"", ""key"": ""3MIDD_048_p11__original"", ""rendered_hash_matches_manifest"": false, ""rendered_sha256_manifest"": ""eece1064c38f97a155bfd03ba34f7df8a60451e3067af54e3ef554ecc1b1e852"", ""rendered_sha256_observed"": ""3f5234b16e90575e4082bf951b66033f81dac2d8cd6034771ce860f1414797c8""}, ""022|1|mirror"": {""image_sha256"": ""76ae87fe845b5de53b4efdcf569bb157b1e1cc9fadc2b60fe5517d72df68a38e"", ""key"": ""3MIDD_048_p01__mirror"", ""rendered_hash_matches_manifest"": false, ""rendered_sha256_manifest"": ""95504b1bb34d39f2c55d1675935bd2f5be0203be221aad0f465b4ae492d88fb9"", ""rendered_sha256_observed"": ""3a63e882bf189939a01ec47b4c9e738eb16f100a0a4911d8ed3c02b397fe4d38""}, ""022|1|original"": {""image_sha256"": ""b22202e274a4ea56acfb1ad5a84a000e3621004051215da0c5d1e7e7a356bd93"", ""key"": ""3MIDD_048_p01__original"", ""rendered_hash_matches_manifest"": false, ""rendered_sha256_manifest"": ""0b1c2d3ab1dd4c595cca56b1c2354afc8941d05185bc36537ebae1a0b4e863f8"", ""rendered_sha256_observed"": ""6268a51b09defd504cdac90309110fc9cba8efa8015b7525f3151e0f87baf592""}, ""022|2|mirror"": {""image_sha256"": ""4e34f3d68c63e1f5f70aab44089c0e29fda6613480247eb5dd9aa57513fe9726"", ""key"": ""3MIDD_048_p02__mirror"", ""rendered_hash_matches_manifest"": false, ""rendered_sha256_manifest"": ""e805edb26281908117820ac5aeeaa51eb6851d2dd0b1e0655f022c669316b1ed"", ""rendered_sha256_observed"": ""10290257862ec62d129306d7573496554a6db305a688ec221a41866476eeedf9""}, ""022|2|original"": {""image_sha256"": ""5ba531b1b46b3db2b707aec365d91759124b6d9be6e1b4fa913659121dbb0e35"", ""key"": ""3MIDD_048_p02__original"", ""rendered_hash_matches_manifest"": false, ""rendered_sha256_manifest"": ""cb3bcdee86ed1563d6ca820a1f7ed966c9e2db105159a47b083137c0ad345b7c"", ""rendered_sha256_observed"": ""a20ddfccb0fc8806cff1d5843be94f8e40606b63875d207055290d69b9b87637""}, ""022|3|mirror"": {""image_sha256"": ""ffb35a39466db44b67099d2beec9e4a872e7e675248262b0b113bc19f091698f"", ""key"": ""3MIDD_048_p03__mirror"", ""rendered_hash_matches_manifest"": false, ""rendered_sha256_manifest"": ""c58b6afb3158907f2ae38adb5638efc6b64bfcdb8e4d657be564a7b299b98fd3"", ""rendered_sha256_observed"": ""65fa4081b7cd9e8caf3faed1a8ad7b3c36d62f009637e3da2b06155681d1e8be""}, ""022|3|original"": {""image_sha256"": ""60b8be653d5af5a824f3e82b472356750990854ed67d77ac0d5c17e3a1865920"", ""key"": ""3MIDD_048_p03__original"", ""rendered_hash_matches_manifest"": false, ""rendered_sha256_manifest"": ""fdfff2fa8a89e028955e887fb853720cbffefadc4ae56baca47e7d66a472136e"", ""rendered_sha256_observed"": ""2a7933ae1f41135eaceea5a2acfd021b00c9ec153fdae1741b1576e361513f72""}, ""022|4|mirror"": {""image_sha256"": ""9f72bb61d48dd59b058a653aa23c1bfd8798b27122d7417b27d6a84e48592e41"", ""key"": ""3MIDD_048_p04__mirror"", ""rendered_hash_matches_manifest"": false, ""rendered_sha256_manifest"": ""7272d3a8380e1c53060155648a49dc96b22c2bdae607ab976591c5e67e17bf2d"", ""rendered_sha256_observed"": ""fe5664ad8fb1cf4227ca880ff3eaab8106d5900a8d050a44d025f3ca2ae11818""}, ""022|4|original"": {""image_sha256"": ""a2213590cc067a63b6d9027ac537325df2642346f5b200339ce100b64b2ae2ae"", ""key"": ""3MIDD_048_p04__original"", ""rendered_hash_matches_manifest"": false, ""rendered_sha256_manifest"": ""b068b151fff6ad7dddc9c03f9be97a65ae58a0acc44f6ad70e298c166a9052f1"", ""rendered_sha256_observed"": ""e277bd9d0b2d2758cf23bbbe9a1eaedfb6ea9503c272e5b19db662e2c8fc1bf2""}, ""022|5|mirror"": {""image_sha256"": ""fb9353386392c1974dbc4c584fdfacd6711167492e54e5c481558dd4d987abdd"", ""key"": ""3MIDD_048_p05__mirror"", ""rendered_hash_matches_manifest"": false, ""rendered_sha256_manifest"": ""7534be0114b31d7c892fc08d18b989faf13742d8a65cdfcb17201a60cdce9d79"", ""rendered_sha256_observed"": ""238122e498c334c6a42104de3aee64dcc958c0d93163624a5ca61ed6076eb17c""}, ""022|5|original"": {""image_sha256"": ""8c421d48f329fdce70ec385017a55ca019b0eda1ada605fbb260a969cfad57bf"", ""key"": ""3MIDD_048_p05__original"", ""rendered_hash_matches_manifest"": false, ""rendered_sha256_manifest"": ""c4cea68a0cd7b22c133c006f0fd5efb687e79f8547549b7580d20a8f4f044239"", ""rendered_sha256_observed"": ""9d3edacad216b2fabbf82a2b46244320b2ba7b95e5856853cb910c57f4db04bb""}, ""022|6|mirror"": {""image_sha256"": ""2539e65a0e90bbcf7940f8489358d68ca2e72794ffc47f7eea9de4d83873a421"", ""key"": ""3MIDD_048_p06__mirror"", ""rendered_hash_matches_manifest"": false, ""rendered_sha256_manifest"": ""355eef0412c959425875ac1f378309e1db970dbd87806e2a94ff8a5df7817751"", ""rendered_sha256_observed"": ""4744ba7f3ddddef5e613244e941287086f6a1f9894fc3f5e33b883d99cc3e69c""}, ""022|6|original"": {""image_sha256"": ""d9166aeb478c215ddd59c92dee3c5f8331e591539cdbf6ea15da8f3bc829c5a7"", ""key"": ""3MIDD_048_p06__original"", ""rendered_hash_matches_manifest"": false, ""rendered_sha256_manifest"": ""3b0ca74600905a34d807c5e518b0dadc62763cec203734119b92f816134d3365"", ""rendered_sha256_observed"": ""d30baa041727819a706dda1a1c7d83d1b1a9f793d60effda5619c67517789e59""}, ""022|7|mirror"": {""image_sha256"": ""c03e06da1762c4b589c163595a86622c9396bc9173a5e52a948d6e56e131a9d7"", ""key"": ""3MIDD_048_p07__mirror"", ""rendered_hash_matches_manifest"": false, ""rendered_sha256_manifest"": ""f2fdf26272a9f966e67d48b002aa73b53a33b56439a1589b0cdbeecdf4aac812"", ""rendered_sha256_observed"": ""3eac954cc77c27f0e1d9a051de97555513645c480fa4423b609d84f2fdd95106""}, ""022|7|original"": {""image_sha256"": ""592326bd04173d519dd91155d024aea283335c9b3a5ee1adbd65bb3e9d7c02ce"", ""key"": ""3MIDD_048_p07__original"", ""rendered_hash_matches_manifest"": false, ""rendered_sha256_manifest"": ""6b00971f871a2480de03ca9d75d0751c7f7e9115afc377274dd7008d8601e29d"", ""rendered_sha256_observed"": ""a1533a72b12334608bdd552fd9fdde7e0de37004e56302e573e67105b3170f6d""}, ""022|8|mirror"": {""image_sha256"": ""4d409fd7f2e7211c67e53cdd47291c912a592855a96c10591f9fdaae00cf5274"", ""key"": ""3MIDD_048_p08__mirror"", ""rendered_hash_matches_manifest"": false, ""rendered_sha256_manifest"": ""6a43378923a6dc92ab9cb3e3261a4542cfedfa7aba0b678402c61b2b69de1bc1"", ""rendered_sha256_observed"": ""43d088d06bcd7c7d1d53535e17aed0a31e2658e85c5ef0bb2e1fc890de1dc2e1""}, ""022|8|original"": {""image_sha256"": ""9e489be2590f66c123eda42b3a8cf2dc16cab61a6c788e25436002ff33c3bf23"", ""key"": ""3MIDD_048_p08__original"", ""rendered_hash_matches_manifest"": false, ""rendered_sha256_manifest"": ""6df1617532c48b9961f28429fa2794c14533f613d1038278b8c1e5fbcfafa811"", ""rendered_sha256_observed"": ""b9a1cdcdb78d434af31b70623c801c8cf4d64eb31eb82f3818b5206211b20888""}, ""022|9|mirror"": {""image_sha256"": ""590d24d23f57640236e3456066c73c937f94c7aa27318cee3bab578718eb3c72"", ""key"": ""3MIDD_048_p09__mirror"", ""rendered_hash_matches_manifest"": false, ""rendered_sha256_manifest"": ""fffbf428c90dc1a574d44ec590f3025fcb0e6946e6ade239ee2103066e332ffd"", ""rendered_sha256_observed"": ""977daf24eab5d7697a7724086f4ba65c6b79e74eea9e756a3fb89d5ac6915d6b""}, ""022|9|original"": {""image_sha256"": ""b099e4e04c23584b7e1103c4fb6faca25787a2d443f977fd37e962592c6ee560"", ""key"": ""3MIDD_048_p09__original"", ""rendered_hash_matches_manifest"": false, ""rendered_sha256_manifest"": ""f6000bef78eeb2eee55b544e2e92dc4b5f4817718c94242e364664c682512599"", ""rendered_sha256_observed"": ""1ec8d847e014b9317edfe33d2542e6679dc82482fc277dbf482863bfaef62c3f""}, ""023|0|mirror"": {""image_sha256"": ""bae7e04d77f43a177610ccc1d9dfb638fbe01296b69ac462e00fa5b2293a026d"", ""key"": ""3MIDD_048_p00__mirror"", ""rendered_hash_matches_manifest"": false, ""rendered_sha256_manifest"": ""3318e0f201660badacba48c9b8421d631730ce66e4e215031158f9a905899016"", ""rendered_sha256_observed"": ""95ccac4a43b2ce3101428c8ad255378481707b4f230146b8893eff4eea57ffca""}, ""023|0|original"": {""image_sha256"": ""55de889bf77d4ed148146e80de064406871b98fbc6362750a940c6f8d0526965"", ""key"": ""3MIDD_048_p00__original"", ""rendered_hash_matches_manifest"": false, ""rendered_sha256_manifest"": ""c64d770e6191feb1ac7e6eae9ed43e6847f2c5f5a346deaad3597d0b98796435"", ""rendered_sha256_observed"": ""12afbe0d8f29b9563a881012679693f6d2ef8364067a4eb0b1b6bcf4ba988bc3""}, ""023|10|mirror"": {""image_sha256"": ""96cc75d2f496cd2b04177ff0fe242de86e399edae3de87094cef68f8fff3da81"", ""key"": ""3MIDD_048_p10__mirror"", ""rendered_hash_matches_manifest"": false, ""rendered_sha256_manifest"": ""18dd718d50d364030ec34f91333a2b0a598018bf35e8c504e25cc877d2e96685"", ""rendered_sha256_observed"": ""2934d848523f6313a0158319aaf16a6e7cfaa5d6579753909f88d546ab6dfe19""}, ""023|10|original"": {""image_sha256"": ""4550b8320af6cd8f34965ee303437323c51d2f98cc166d0bce5d3f1f7b70aa8e"", ""key"": ""3MIDD_048_p10__original"", ""rendered_hash_matches_manifest"": false, ""rendered_sha256_manifest"": ""63a455c2f57130657be84c4c88aea4168fcea8ee9ba8d15320d57802b2dbeb34"", ""rendered_sha256_observed"": ""e779601fbeaf0348aa19838eacaf39b87f6ecaf697c7d8fb72cd3c10a03179cc""}, ""023|11|mirror"": {""image_sha256"": ""688b0cd10fcede1a61455aaa00e6a41623ef76bf51e194a97252fa035d320011"", ""key"": ""3MIDD_048_p11__mirror"", ""rendered_hash_matches_manifest"": false, ""rendered_sha256_manifest"": ""69ed896a69afe441ef455660ad9ffd953025efe3828d1b9e99673895d65c51f2"", ""rendered_sha256_observed"": ""210950a849d847fc3bcc16eecefeffe46654a115fffd9e1658600f506748f0a0""}, ""023|11|original"": {""image_sha256"": ""7a8f168925cd817566f65f95522d8d907d3d648650604476069565dc5b79c0b8"", ""key"": ""3MIDD_048_p11__original"", ""rendered_hash_matches_manifest"": false, ""rendered_sha256_manifest"": ""eece1064c38f97a155bfd03ba34f7df8a60451e3067af54e3ef554ecc1b1e852"", ""rendered_sha256_observed"": ""3f5234b16e90575e4082bf951b66033f81dac2d8cd6034771ce860f1414797c8""}, ""023|1|mirror"": {""image_sha256"": ""76ae87fe845b5de53b4efdcf569bb157b1e1cc9fadc2b60fe5517d72df68a38e"", ""key"": ""3MIDD_048_p01__mirror"", ""rendered_hash_matches_manifest"": false, ""rendered_sha256_manifest"": ""95504b1bb34d39f2c55d1675935bd2f5be0203be221aad0f465b4ae492d88fb9"", ""rendered_sha256_observed"": ""3a63e882bf189939a01ec47b4c9e738eb16f100a0a4911d8ed3c02b397fe4d38""}, ""023|1|original"": {""image_sha256"": ""b22202e274a4ea56acfb1ad5a84a000e3621004051215da0c5d1e7e7a356bd93"", ""key"": ""3MIDD_048_p01__original"", ""rendered_hash_matches_manifest"": false, ""rendered_sha256_manifest"": ""0b1c2d3ab1dd4c595cca56b1c2354afc8941d05185bc36537ebae1a0b4e863f8"", ""rendered_sha256_observed"": ""6268a51b09defd504cdac90309110fc9cba8efa8015b7525f3151e0f87baf592""}, ""023|2|mirror"": {""image_sha256"": ""4e34f3d68c63e1f5f70aab44089c0e29fda6613480247eb5dd9aa57513fe9726"", ""key"": ""3MIDD_048_p02__mirror"", ""rendered_hash_matches_manifest"": false, ""rendered_sha256_manifest"": ""e805edb26281908117820ac5aeeaa51eb6851d2dd0b1e0655f022c669316b1ed"", ""rendered_sha256_observed"": ""10290257862ec62d129306d7573496554a6db305a688ec221a41866476eeedf9""}, ""023|2|original"": {""image_sha256"": ""5ba531b1b46b3db2b707aec365d91759124b6d9be6e1b4fa913659121dbb0e35"", ""key"": ""3MIDD_048_p02__original"", ""rendered_hash_matches_manifest"": false, ""rendered_sha256_manifest"": ""cb3bcdee86ed1563d6ca820a1f7ed966c9e2db105159a47b083137c0ad345b7c"", ""rendered_sha256_observed"": ""a20ddfccb0fc8806cff1d5843be94f8e40606b63875d207055290d69b9b87637""}, ""023|3|mirror"": {""image_sha256"": ""ffb35a39466db44b67099d2beec9e4a872e7e675248262b0b113bc19f091698f"", ""key"": ""3MIDD_048_p03__mirror"", ""rendered_hash_matches_manifest"": false, ""rendered_sha256_manifest"": ""c58b6afb3158907f2ae38adb5638efc6b64bfcdb8e4d657be564a7b299b98fd3"", ""rendered_sha256_observed"": ""65fa4081b7cd9e8caf3faed1a8ad7b3c36d62f009637e3da2b06155681d1e8be""}, ""023|3|original"": {""image_sha256"": ""60b8be653d5af5a824f3e82b472356750990854ed67d77ac0d5c17e3a1865920"", ""key"": ""3MIDD_048_p03__original"", ""rendered_hash_matches_manifest"": false, ""rendered_sha256_manifest"": ""fdfff2fa8a89e028955e887fb853720cbffefadc4ae56baca47e7d66a472136e"", ""rendered_sha256_observed"": ""2a7933ae1f41135eaceea5a2acfd021b00c9ec153fdae1741b1576e361513f72""}, ""023|4|mirror"": {""image_sha256"": ""9f72bb61d48dd59b058a653aa23c1bfd8798b27122d7417b27d6a84e48592e41"", ""key"": ""3MIDD_048_p04__mirror"", ""rendered_hash_matches_manifest"": false, ""rendered_sha256_manifest"": ""7272d3a8380e1c53060155648a49dc96b22c2bdae607ab976591c5e67e17bf2d"", ""rendered_sha256_observed"": ""fe5664ad8fb1cf4227ca880ff3eaab8106d5900a8d050a44d025f3ca2ae11818""}, ""023|4|original"": {""image_sha256"": ""a2213590cc067a63b6d9027ac537325df2642346f5b200339ce100b64b2ae2ae"", ""key"": ""3MIDD_048_p04__original"", ""rendered_hash_matches_manifest"": false, ""rendered_sha256_manifest"": ""b068b151fff6ad7dddc9c03f9be97a65ae58a0acc44f6ad70e298c166a9052f1"", ""rendered_sha256_observed"": ""e277bd9d0b2d2758cf23bbbe9a1eaedfb6ea9503c272e5b19db662e2c8fc1bf2""}, ""023|5|mirror"": {""image_sha256"": ""fb9353386392c1974dbc4c584fdfacd6711167492e54e5c481558dd4d987abdd"", ""key"": ""3MIDD_048_p05__mirror"", ""rendered_hash_matches_manifest"": false, ""rendered_sha256_manifest"": ""7534be0114b31d7c892fc08d18b989faf13742d8a65cdfcb17201a60cdce9d79"", ""rendered_sha256_observed"": ""238122e498c334c6a42104de3aee64dcc958c0d93163624a5ca61ed6076eb17c""}, ""023|5|original"": {""image_sha256"": ""8c421d48f329fdce70ec385017a55ca019b0eda1ada605fbb260a969cfad57bf"", ""key"": ""3MIDD_048_p05__original"", ""rendered_hash_matches_manifest"": false, ""rendered_sha256_manifest"": ""c4cea68a0cd7b22c133c006f0fd5efb687e79f8547549b7580d20a8f4f044239"", ""rendered_sha256_observed"": ""9d3edacad216b2fabbf82a2b46244320b2ba7b95e5856853cb910c57f4db04bb""}, ""023|6|mirror"": {""image_sha256"": ""2539e65a0e90bbcf7940f8489358d68ca2e72794ffc47f7eea9de4d83873a421"", ""key"": ""3MIDD_048_p06__mirror"", ""rendered_hash_matches_manifest"": false, ""rendered_sha256_manifest"": ""355eef0412c959425875ac1f378309e1db970dbd87806e2a94ff8a5df7817751"", ""rendered_sha256_observed"": ""4744ba7f3ddddef5e613244e941287086f6a1f9894fc3f5e33b883d99cc3e69c""}, ""023|6|original"": {""image_sha256"": ""d9166aeb478c215ddd59c92dee3c5f8331e591539cdbf6ea15da8f3bc829c5a7"", ""key"": ""3MIDD_048_p06__original"", ""rendered_hash_matches_manifest"": false, ""rendered_sha256_manifest"": ""3b0ca74600905a34d807c5e518b0dadc62763cec203734119b92f816134d3365"", ""rendered_sha256_observed"": ""d30baa041727819a706dda1a1c7d83d1b1a9f793d60effda5619c67517789e59""}, ""023|7|mirror"": {""image_sha256"": ""c03e06da1762c4b589c163595a86622c9396bc9173a5e52a948d6e56e131a9d7"", ""key"": ""3MIDD_048_p07__mirror"", ""rendered_hash_matches_manifest"": false, ""rendered_sha256_manifest"": ""f2fdf26272a9f966e67d48b002aa73b53a33b56439a1589b0cdbeecdf4aac812"", ""rendered_sha256_observed"": ""3eac954cc77c27f0e1d9a051de97555513645c480fa4423b609d84f2fdd95106""}, ""023|7|original"": {""image_sha256"": ""592326bd04173d519dd91155d024aea283335c9b3a5ee1adbd65bb3e9d7c02ce"", ""key"": ""3MIDD_048_p07__original"", ""rendered_hash_matches_manifest"": false, ""rendered_sha256_manifest"": ""6b00971f871a2480de03ca9d75d0751c7f7e9115afc377274dd7008d8601e29d"", ""rendered_sha256_observed"": ""a1533a72b12334608bdd552fd9fdde7e0de37004e56302e573e67105b3170f6d""}, ""023|8|mirror"": {""image_sha256"": ""4d409fd7f2e7211c67e53cdd47291c912a592855a96c10591f9fdaae00cf5274"", ""key"": ""3MIDD_048_p08__mirror"", ""rendered_hash_matches_manifest"": false, ""rendered_sha256_manifest"": ""6a43378923a6dc92ab9cb3e3261a4542cfedfa7aba0b678402c61b2b69de1bc1"", ""rendered_sha256_observed"": ""43d088d06bcd7c7d1d53535e17aed0a31e2658e85c5ef0bb2e1fc890de1dc2e1""}, ""023|8|original"": {""image_sha256"": ""9e489be2590f66c123eda42b3a8cf2dc16cab61a6c788e25436002ff33c3bf23"", ""key"": ""3MIDD_048_p08__original"", ""rendered_hash_matches_manifest"": false, ""rendered_sha256_manifest"": ""6df1617532c48b9961f28429fa2794c14533f613d1038278b8c1e5fbcfafa811"", ""rendered_sha256_observed"": ""b9a1cdcdb78d434af31b70623c801c8cf4d64eb31eb82f3818b5206211b20888""}, ""023|9|mirror"": {""image_sha256"": ""590d24d23f57640236e3456066c73c937f94c7aa27318cee3bab578718eb3c72"", ""key"": ""3MIDD_048_p09__mirror"", ""rendered_hash_matches_manifest"": false, ""rendered_sha256_manifest"": ""fffbf428c90dc1a574d44ec590f3025fcb0e6946e6ade239ee2103066e332ffd"", ""rendered_sha256_observed"": ""977daf24eab5d7697a7724086f4ba65c6b79e74eea9e756a3fb89d5ac6915d6b""}, ""023|9|original"": {""image_sha256"": ""b099e4e04c23584b7e1103c4fb6faca25787a2d443f977fd37e962592c6ee560"", ""key"": ""3MIDD_048_p09__original"", ""rendered_hash_matches_manifest"": false, ""rendered_sha256_manifest"": ""f6000bef78eeb2eee55b544e2e92dc4b5f4817718c94242e364664c682512599"", ""rendered_sha256_observed"": ""1ec8d847e014b9317edfe33d2542e6679dc82482fc277dbf482863bfaef62c3f""}, ""024|0|mirror"": {""image_sha256"": ""bae7e04d77f43a177610ccc1d9dfb638fbe01296b69ac462e00fa5b2293a026d"", ""key"": ""3MIDD_048_p00__mirror"", ""rendered_hash_matches_manifest"": false, ""rendered_sha256_manifest"": ""3318e0f201660badacba48c9b8421d631730ce66e4e215031158f9a905899016"", ""rendered_sha256_observed"": ""95ccac4a43b2ce3101428c8ad255378481707b4f230146b8893eff4eea57ffca""}, ""024|0|original"": {""image_sha256"": ""55de889bf77d4ed148146e80de064406871b98fbc6362750a940c6f8d0526965"", ""key"": ""3MIDD_048_p00__original"", ""rendered_hash_matches_manifest"": false, ""rendered_sha256_manifest"": ""c64d770e6191feb1ac7e6eae9ed43e6847f2c5f5a346deaad3597d0b98796435"", ""rendered_sha256_observed"": ""12afbe0d8f29b9563a881012679693f6d2ef8364067a4eb0b1b6bcf4ba988bc3""}, ""024|10|mirror"": {""image_sha256"": ""96cc75d2f496cd2b04177ff0fe242de86e399edae3de87094cef68f8fff3da81"", ""key"": ""3MIDD_048_p10__mirror"", ""rendered_hash_matches_manifest"": false, ""rendered_sha256_manifest"": ""18dd718d50d364030ec34f91333a2b0a598018bf35e8c504e25cc877d2e96685"", ""rendered_sha256_observed"": ""2934d848523f6313a0158319aaf16a6e7cfaa5d6579753909f88d546ab6dfe19""}, ""024|10|original"": {""image_sha256"": ""4550b8320af6cd8f34965ee303437323c51d2f98cc166d0bce5d3f1f7b70aa8e"", ""key"": ""3MIDD_048_p10__original"", ""rendered_hash_matches_manifest"": false, ""rendered_sha256_manifest"": ""63a455c2f57130657be84c4c88aea4168fcea8ee9ba8d15320d57802b2dbeb34"", ""rendered_sha256_observed"": ""e779601fbeaf0348aa19838eacaf39b87f6ecaf697c7d8fb72cd3c10a03179cc""}, ""024|11|mirror"": {""image_sha256"": ""688b0cd10fcede1a61455aaa00e6a41623ef76bf51e194a97252fa035d320011"", ""key"": ""3MIDD_048_p11__mirror"", ""rendered_hash_matches_manifest"": false, ""rendered_sha256_manifest"": ""69ed896a69afe441ef455660ad9ffd953025efe3828d1b9e99673895d65c51f2"", ""rendered_sha256_observed"": ""210950a849d847fc3bcc16eecefeffe46654a115fffd9e1658600f506748f0a0""}, ""024|11|original"": {""image_sha256"": ""7a8f168925cd817566f65f95522d8d907d3d648650604476069565dc5b79c0b8"", ""key"": ""3MIDD_048_p11__original"", ""rendered_hash_matches_manifest"": false, ""rendered_sha256_manifest"": ""eece1064c38f97a155bfd03ba34f7df8a60451e3067af54e3ef554ecc1b1e852"", ""rendered_sha256_observed"": ""3f5234b16e90575e4082bf951b66033f81dac2d8cd6034771ce860f1414797c8""}, ""024|1|mirror"": {""image_sha256"": ""76ae87fe845b5de53b4efdcf569bb157b1e1cc9fadc2b60fe5517d72df68a38e"", ""key"": ""3MIDD_048_p01__mirror"", ""rendered_hash_matches_manifest"": false, ""rendered_sha256_manifest"": ""95504b1bb34d39f2c55d1675935bd2f5be0203be221aad0f465b4ae492d88fb9"", ""rendered_sha256_observed"": ""3a63e882bf189939a01ec47b4c9e738eb16f100a0a4911d8ed3c02b397fe4d38""}, ""024|1|original"": {""image_sha256"": ""b22202e274a4ea56acfb1ad5a84a000e3621004051215da0c5d1e7e7a356bd93"", ""key"": ""3MIDD_048_p01__original"", ""rendered_hash_matches_manifest"": false, ""rendered_sha256_manifest"": ""0b1c2d3ab1dd4c595cca56b1c2354afc8941d05185bc36537ebae1a0b4e863f8"", ""rendered_sha256_observed"": ""6268a51b09defd504cdac90309110fc9cba8efa8015b7525f3151e0f87baf592""}, ""024|2|mirror"": {""image_sha256"": ""4e34f3d68c63e1f5f70aab44089c0e29fda6613480247eb5dd9aa57513fe9726"", ""key"": ""3MIDD_048_p02__mirror"", ""rendered_hash_matches_manifest"": false, ""rendered_sha256_manifest"": ""e805edb26281908117820ac5aeeaa51eb6851d2dd0b1e0655f022c669316b1ed"", ""rendered_sha256_observed"": ""10290257862ec62d129306d7573496554a6db305a688ec221a41866476eeedf9""}, ""024|2|original"": {""image_sha256"": ""5ba531b1b46b3db2b707aec365d91759124b6d9be6e1b4fa913659121dbb0e35"", ""key"": ""3MIDD_048_p02__original"", ""rendered_hash_matches_manifest"": false, ""rendered_sha256_manifest"": ""cb3bcdee86ed1563d6ca820a1f7ed966c9e2db105159a47b083137c0ad345b7c"", ""rendered_sha256_observed"": ""a20ddfccb0fc8806cff1d5843be94f8e40606b63875d207055290d69b9b87637""}, ""024|3|mirror"": {""image_sha256"": ""ffb35a39466db44b67099d2beec9e4a872e7e675248262b0b113bc19f091698f"", ""key"": ""3MIDD_048_p03__mirror"", ""rendered_hash_matches_manifest"": false, ""rendered_sha256_manifest"": ""c58b6afb3158907f2ae38adb5638efc6b64bfcdb8e4d657be564a7b299b98fd3"", ""rendered_sha256_observed"": ""65fa4081b7cd9e8caf3faed1a8ad7b3c36d62f009637e3da2b06155681d1e8be""}, ""024|3|original"": {""image_sha256"": ""60b8be653d5af5a824f3e82b472356750990854ed67d77ac0d5c17e3a1865920"", ""key"": ""3MIDD_048_p03__original"", ""rendered_hash_matches_manifest"": false, ""rendered_sha256_manifest"": ""fdfff2fa8a89e028955e887fb853720cbffefadc4ae56baca47e7d66a472136e"", ""rendered_sha256_observed"": ""2a7933ae1f41135eaceea5a2acfd021b00c9ec153fdae1741b1576e361513f72""}, ""024|4|mirror"": {""image_sha256"": ""9f72bb61d48dd59b058a653aa23c1bfd8798b27122d7417b27d6a84e48592e41"", ""key"": ""3MIDD_048_p04__mirror"", ""rendered_hash_matches_manifest"": false, ""rendered_sha256_manifest"": ""7272d3a8380e1c53060155648a49dc96b22c2bdae607ab976591c5e67e17bf2d"", ""rendered_sha256_observed"": ""fe5664ad8fb1cf4227ca880ff3eaab8106d5900a8d050a44d025f3ca2ae11818""}, ""024|4|original"": {""image_sha256"": ""a2213590cc067a63b6d9027ac537325df2642346f5b200339ce100b64b2ae2ae"", ""key"": ""3MIDD_048_p04__original"", ""rendered_hash_matches_manifest"": false, ""rendered_sha256_manifest"": ""b068b151fff6ad7dddc9c03f9be97a65ae58a0acc44f6ad70e298c166a9052f1"", ""rendered_sha256_observed"": ""e277bd9d0b2d2758cf23bbbe9a1eaedfb6ea9503c272e5b19db662e2c8fc1bf2""}, ""024|5|mirror"": {""image_sha256"": ""fb9353386392c1974dbc4c584fdfacd6711167492e54e5c481558dd4d987abdd"", ""key"": ""3MIDD_048_p05__mirror"", ""rendered_hash_matches_manifest"": false, ""rendered_sha256_manifest"": ""7534be0114b31d7c892fc08d18b989faf13742d8a65cdfcb17201a60cdce9d79"", ""rendered_sha256_observed"": ""238122e498c334c6a42104de3aee64dcc958c0d93163624a5ca61ed6076eb17c""}, ""024|5|original"": {""image_sha256"": ""8c421d48f329fdce70ec385017a55ca019b0eda1ada605fbb260a969cfad57bf"", ""key"": ""3MIDD_048_p05__original"", ""rendered_hash_matches_manifest"": false, ""rendered_sha256_manifest"": ""c4cea68a0cd7b22c133c006f0fd5efb687e79f8547549b7580d20a8f4f044239"", ""rendered_sha256_observed"": ""9d3edacad216b2fabbf82a2b46244320b2ba7b95e5856853cb910c57f4db04bb""}, ""024|6|mirror"": {""image_sha256"": ""2539e65a0e90bbcf7940f8489358d68ca2e72794ffc47f7eea9de4d83873a421"", ""key"": ""3MIDD_048_p06__mirror"", ""rendered_hash_matches_manifest"": false, ""rendered_sha256_manifest"": ""355eef0412c959425875ac1f378309e1db970dbd87806e2a94ff8a5df7817751"", ""rendered_sha256_observed"": ""4744ba7f3ddddef5e613244e941287086f6a1f9894fc3f5e33b883d99cc3e69c""}, ""024|6|original"": {""image_sha256"": ""d9166aeb478c215ddd59c92dee3c5f8331e591539cdbf6ea15da8f3bc829c5a7"", ""key"": ""3MIDD_048_p06__original"", ""rendered_hash_matches_manifest"": false, ""rendered_sha256_manifest"": ""3b0ca74600905a34d807c5e518b0dadc62763cec203734119b92f816134d3365"", ""rendered_sha256_observed"": ""d30baa041727819a706dda1a1c7d83d1b1a9f793d60effda5619c67517789e59""}, ""024|7|mirror"": {""image_sha256"": ""c03e06da1762c4b589c163595a86622c9396bc9173a5e52a948d6e56e131a9d7"", ""key"": ""3MIDD_048_p07__mirror"", ""rendered_hash_matches_manifest"": false, ""rendered_sha256_manifest"": ""f2fdf26272a9f966e67d48b002aa73b53a33b56439a1589b0cdbeecdf4aac812"", ""rendered_sha256_observed"": ""3eac954cc77c27f0e1d9a051de97555513645c480fa4423b609d84f2fdd95106""}, ""024|7|original"": {""image_sha256"": ""592326bd04173d519dd91155d024aea283335c9b3a5ee1adbd65bb3e9d7c02ce"", ""key"": ""3MIDD_048_p07__original"", ""rendered_hash_matches_manifest"": false, ""rendered_sha256_manifest"": ""6b00971f871a2480de03ca9d75d0751c7f7e9115afc377274dd7008d8601e29d"", ""rendered_sha256_observed"": ""a1533a72b12334608bdd552fd9fdde7e0de37004e56302e573e67105b3170f6d""}, ""024|8|mirror"": {""image_sha256"": ""4d409fd7f2e7211c67e53cdd47291c912a592855a96c10591f9fdaae00cf5274"", ""key"": ""3MIDD_048_p08__mirror"", ""rendered_hash_matches_manifest"": false, ""rendered_sha256_manifest"": ""6a43378923a6dc92ab9cb3e3261a4542cfedfa7aba0b678402c61b2b69de1bc1"", ""rendered_sha256_observed"": ""43d088d06bcd7c7d1d53535e17aed0a31e2658e85c5ef0bb2e1fc890de1dc2e1""}, ""024|8|original"": {""image_sha256"": ""9e489be2590f66c123eda42b3a8cf2dc16cab61a6c788e25436002ff33c3bf23"", ""key"": ""3MIDD_048_p08__original"", ""rendered_hash_matches_manifest"": false, ""rendered_sha256_manifest"": ""6df1617532c48b9961f28429fa2794c14533f613d1038278b8c1e5fbcfafa811"", ""rendered_sha256_observed"": ""b9a1cdcdb78d434af31b70623c801c8cf4d64eb31eb82f3818b5206211b20888""}, ""024|9|mirror"": {""image_sha256"": ""590d24d23f57640236e3456066c73c937f94c7aa27318cee3bab578718eb3c72"", ""key"": ""3MIDD_048_p09__mirror"", ""rendered_hash_matches_manifest"": false, ""rendered_sha256_manifest"": ""fffbf428c90dc1a574d44ec590f3025fcb0e6946e6ade239ee2103066e332ffd"", ""rendered_sha256_observed"": ""977daf24eab5d7697a7724086f4ba65c6b79e74eea9e756a3fb89d5ac6915d6b""}, ""024|9|original"": {""image_sha256"": ""b099e4e04c23584b7e1103c4fb6faca25787a2d443f977fd37e962592c6ee560"", ""key"": ""3MIDD_048_p09__original"", ""rendered_hash_matches_manifest"": false, ""rendered_sha256_manifest"": ""f6000bef78eeb2eee55b544e2e92dc4b5f4817718c94242e364664c682512599"", ""rendered_sha256_observed"": ""1ec8d847e014b9317edfe33d2542e6679dc82482fc277dbf482863bfaef62c3f""}, ""025|0|mirror"": {""image_sha256"": ""bae7e04d77f43a177610ccc1d9dfb638fbe01296b69ac462e00fa5b2293a026d"", ""key"": ""3MIDD_048_p00__mirror"", ""rendered_hash_matches_manifest"": false, ""rendered_sha256_manifest"": ""3318e0f201660badacba48c9b8421d631730ce66e4e215031158f9a905899016"", ""rendered_sha256_observed"": ""95ccac4a43b2ce3101428c8ad255378481707b4f230146b8893eff4eea57ffca""}, ""025|0|original"": {""image_sha256"": ""55de889bf77d4ed148146e80de064406871b98fbc6362750a940c6f8d0526965"", ""key"": ""3MIDD_048_p00__original"", ""rendered_hash_matches_manifest"": false, ""rendered_sha256_manifest"": ""c64d770e6191feb1ac7e6eae9ed43e6847f2c5f5a346deaad3597d0b98796435"", ""rendered_sha256_observed"": ""12afbe0d8f29b9563a881012679693f6d2ef8364067a4eb0b1b6bcf4ba988bc3""}, ""025|10|mirror"": {""image_sha256"": ""96cc75d2f496cd2b04177ff0fe242de86e399edae3de87094cef68f8fff3da81"", ""key"": ""3MIDD_048_p10__mirror"", ""rendered_hash_matches_manifest"": false, ""rendered_sha256_manifest"": ""18dd718d50d364030ec34f91333a2b0a598018bf35e8c504e25cc877d2e96685"", ""rendered_sha256_observed"": ""2934d848523f6313a0158319aaf16a6e7cfaa5d6579753909f88d546ab6dfe19""}, ""025|10|original"": {""image_sha256"": ""4550b8320af6cd8f34965ee303437323c51d2f98cc166d0bce5d3f1f7b70aa8e"", ""key"": ""3MIDD_048_p10__original"", ""rendered_hash_matches_manifest"": false, ""rendered_sha256_manifest"": ""63a455c2f57130657be84c4c88aea4168fcea8ee9ba8d15320d57802b2dbeb34"", ""rendered_sha256_observed"": ""e779601fbeaf0348aa19838eacaf39b87f6ecaf697c7d8fb72cd3c10a03179cc""}, ""025|11|mirror"": {""image_sha256"": ""688b0cd10fcede1a61455aaa00e6a41623ef76bf51e194a97252fa035d320011"", ""key"": ""3MIDD_048_p11__mirror"", ""rendered_hash_matches_manifest"": false, ""rendered_sha256_manifest"": ""69ed896a69afe441ef455660ad9ffd953025efe3828d1b9e99673895d65c51f2"", ""rendered_sha256_observed"": ""210950a849d847fc3bcc16eecefeffe46654a115fffd9e1658600f506748f0a0""}, ""025|11|original"": {""image_sha256"": ""7a8f168925cd817566f65f95522d8d907d3d648650604476069565dc5b79c0b8"", ""key"": ""3MIDD_048_p11__original"", ""rendered_hash_matches_manifest"": false, ""rendered_sha256_manifest"": ""eece1064c38f97a155bfd03ba34f7df8a60451e3067af54e3ef554ecc1b1e852"", ""rendered_sha256_observed"": ""3f5234b16e90575e4082bf951b66033f81dac2d8cd6034771ce860f1414797c8""}, ""025|1|mirror"": {""image_sha256"": ""76ae87fe845b5de53b4efdcf569bb157b1e1cc9fadc2b60fe5517d72df68a38e"", ""key"": ""3MIDD_048_p01__mirror"", ""rendered_hash_matches_manifest"": false, ""rendered_sha256_manifest"": ""95504b1bb34d39f2c55d1675935bd2f5be0203be221aad0f465b4ae492d88fb9"", ""rendered_sha256_observed"": ""3a63e882bf189939a01ec47b4c9e738eb16f100a0a4911d8ed3c02b397fe4d38""}, ""025|1|original"": {""image_sha256"": ""b22202e274a4ea56acfb1ad5a84a000e3621004051215da0c5d1e7e7a356bd93"", ""key"": ""3MIDD_048_p01__original"", ""rendered_hash_matches_manifest"": false, ""rendered_sha256_manifest"": ""0b1c2d3ab1dd4c595cca56b1c2354afc8941d05185bc36537ebae1a0b4e863f8"", ""rendered_sha256_observed"": ""6268a51b09defd504cdac90309110fc9cba8efa8015b7525f3151e0f87baf592""}, ""025|2|mirror"": {""image_sha256"": ""4e34f3d68c63e1f5f70aab44089c0e29fda6613480247eb5dd9aa57513fe9726"", ""key"": ""3MIDD_048_p02__mirror"", ""rendered_hash_matches_manifest"": false, ""rendered_sha256_manifest"": ""e805edb26281908117820ac5aeeaa51eb6851d2dd0b1e0655f022c669316b1ed"", ""rendered_sha256_observed"": ""10290257862ec62d129306d7573496554a6db305a688ec221a41866476eeedf9""}, ""025|2|original"": {""image_sha256"": ""5ba531b1b46b3db2b707aec365d91759124b6d9be6e1b4fa913659121dbb0e35"", ""key"": ""3MIDD_048_p02__original"", ""rendered_hash_matches_manifest"": false, ""rendered_sha256_manifest"": ""cb3bcdee86ed1563d6ca820a1f7ed966c9e2db105159a47b083137c0ad345b7c"", ""rendered_sha256_observed"": ""a20ddfccb0fc8806cff1d5843be94f8e40606b63875d207055290d69b9b87637""}, ""025|3|mirror"": {""image_sha256"": ""ffb35a39466db44b67099d2beec9e4a872e7e675248262b0b113bc19f091698f"", ""key"": ""3MIDD_048_p03__mirror"", ""rendered_hash_matches_manifest"": false, ""rendered_sha256_manifest"": ""c58b6afb3158907f2ae38adb5638efc6b64bfcdb8e4d657be564a7b299b98fd3"", ""rendered_sha256_observed"": ""65fa4081b7cd9e8caf3faed1a8ad7b3c36d62f009637e3da2b06155681d1e8be""}, ""025|3|original"": {""image_sha256"": ""60b8be653d5af5a824f3e82b472356750990854ed67d77ac0d5c17e3a1865920"", ""key"": ""3MIDD_048_p03__original"", ""rendered_hash_matches_manifest"": false, ""rendered_sha256_manifest"": ""fdfff2fa8a89e028955e887fb853720cbffefadc4ae56baca47e7d66a472136e"", ""rendered_sha256_observed"": ""2a7933ae1f41135eaceea5a2acfd021b00c9ec153fdae1741b1576e361513f72""}, ""025|4|mirror"": {""image_sha256"": ""9f72bb61d48dd59b058a653aa23c1bfd8798b27122d7417b27d6a84e48592e41"", ""key"": ""3MIDD_048_p04__mirror"", ""rendered_hash_matches_manifest"": false, ""rendered_sha256_manifest"": ""7272d3a8380e1c53060155648a49dc96b22c2bdae607ab976591c5e67e17bf2d"", ""rendered_sha256_observed"": ""fe5664ad8fb1cf4227ca880ff3eaab8106d5900a8d050a44d025f3ca2ae11818""}, ""025|4|original"": {""image_sha256"": ""a2213590cc067a63b6d9027ac537325df2642346f5b200339ce100b64b2ae2ae"", ""key"": ""3MIDD_048_p04__original"", ""rendered_hash_matches_manifest"": false, ""rendered_sha256_manifest"": ""b068b151fff6ad7dddc9c03f9be97a65ae58a0acc44f6ad70e298c166a9052f1"", ""rendered_sha256_observed"": ""e277bd9d0b2d2758cf23bbbe9a1eaedfb6ea9503c272e5b19db662e2c8fc1bf2""}, ""025|5|mirror"": {""image_sha256"": ""fb9353386392c1974dbc4c584fdfacd6711167492e54e5c481558dd4d987abdd"", ""key"": ""3MIDD_048_p05__mirror"", ""rendered_hash_matches_manifest"": false, ""rendered_sha256_manifest"": ""7534be0114b31d7c892fc08d18b989faf13742d8a65cdfcb17201a60cdce9d79"", ""rendered_sha256_observed"": ""238122e498c334c6a42104de3aee64dcc958c0d93163624a5ca61ed6076eb17c""}, ""025|5|original"": {""image_sha256"": ""8c421d48f329fdce70ec385017a55ca019b0eda1ada605fbb260a969cfad57bf"", ""key"": ""3MIDD_048_p05__original"", ""rendered_hash_matches_manifest"": false, ""rendered_sha256_manifest"": ""c4cea68a0cd7b22c133c006f0fd5efb687e79f8547549b7580d20a8f4f044239"", ""rendered_sha256_observed"": ""9d3edacad216b2fabbf82a2b46244320b2ba7b95e5856853cb910c57f4db04bb""}, ""025|6|mirror"": {""image_sha256"": ""2539e65a0e90bbcf7940f8489358d68ca2e72794ffc47f7eea9de4d83873a421"", ""key"": ""3MIDD_048_p06__mirror"", ""rendered_hash_matches_manifest"": false, ""rendered_sha256_manifest"": ""355eef0412c959425875ac1f378309e1db970dbd87806e2a94ff8a5df7817751"", ""rendered_sha256_observed"": ""4744ba7f3ddddef5e613244e941287086f6a1f9894fc3f5e33b883d99cc3e69c""}, ""025|6|original"": {""image_sha256"": ""d9166aeb478c215ddd59c92dee3c5f8331e591539cdbf6ea15da8f3bc829c5a7"", ""key"": ""3MIDD_048_p06__original"", ""rendered_hash_matches_manifest"": false, ""rendered_sha256_manifest"": ""3b0ca74600905a34d807c5e518b0dadc62763cec203734119b92f816134d3365"", ""rendered_sha256_observed"": ""d30baa041727819a706dda1a1c7d83d1b1a9f793d60effda5619c67517789e59""}, ""025|7|mirror"": {""image_sha256"": ""c03e06da1762c4b589c163595a86622c9396bc9173a5e52a948d6e56e131a9d7"", ""key"": ""3MIDD_048_p07__mirror"", ""rendered_hash_matches_manifest"": false, ""rendered_sha256_manifest"": ""f2fdf26272a9f966e67d48b002aa73b53a33b56439a1589b0cdbeecdf4aac812"", ""rendered_sha256_observed"": ""3eac954cc77c27f0e1d9a051de97555513645c480fa4423b609d84f2fdd95106""}, ""025|7|original"": {""image_sha256"": ""592326bd04173d519dd91155d024aea283335c9b3a5ee1adbd65bb3e9d7c02ce"", ""key"": ""3MIDD_048_p07__original"", ""rendered_hash_matches_manifest"": false, ""rendered_sha256_manifest"": ""6b00971f871a2480de03ca9d75d0751c7f7e9115afc377274dd7008d8601e29d"", ""rendered_sha256_observed"": ""a1533a72b12334608bdd552fd9fdde7e0de37004e56302e573e67105b3170f6d""}, ""025|8|mirror"": {""image_sha256"": ""4d409fd7f2e7211c67e53cdd47291c912a592855a96c10591f9fdaae00cf5274"", ""key"": ""3MIDD_048_p08__mirror"", ""rendered_hash_matches_manifest"": false, ""rendered_sha256_manifest"": ""6a43378923a6dc92ab9cb3e3261a4542cfedfa7aba0b678402c61b2b69de1bc1"", ""rendered_sha256_observed"": ""43d088d06bcd7c7d1d53535e17aed0a31e2658e85c5ef0bb2e1fc890de1dc2e1""}, ""025|8|original"": {""image_sha256"": ""9e489be2590f66c123eda42b3a8cf2dc16cab61a6c788e25436002ff33c3bf23"", ""key"": ""3MIDD_048_p08__original"", ""rendered_hash_matches_manifest"": false, ""rendered_sha256_manifest"": ""6df1617532c48b9961f28429fa2794c14533f613d1038278b8c1e5fbcfafa811"", ""rendered_sha256_observed"": ""b9a1cdcdb78d434af31b70623c801c8cf4d64eb31eb82f3818b5206211b20888""}, ""025|9|mirror"": {""image_sha256"": ""590d24d23f57640236e3456066c73c937f94c7aa27318cee3bab578718eb3c72"", ""key"": ""3MIDD_048_p09__mirror"", ""rendered_hash_matches_manifest"": false, ""rendered_sha256_manifest"": ""fffbf428c90dc1a574d44ec590f3025fcb0e6946e6ade239ee2103066e332ffd"", ""rendered_sha256_observed"": ""977daf24eab5d7697a7724086f4ba65c6b79e74eea9e756a3fb89d5ac6915d6b""}, ""025|9|original"": {""image_sha256"": ""b099e4e04c23584b7e1103c4fb6faca25787a2d443f977fd37e962592c6ee560"", ""key"": ""3MIDD_048_p09__original"", ""rendered_hash_matches_manifest"": false, ""rendered_sha256_manifest"": ""f6000bef78eeb2eee55b544e2e92dc4b5f4817718c94242e364664c682512599"", ""rendered_sha256_observed"": ""1ec8d847e014b9317edfe33d2542e6679dc82482fc277dbf482863bfaef62c3f""}, ""026|0|mirror"": {""image_sha256"": ""bae7e04d77f43a177610ccc1d9dfb638fbe01296b69ac462e00fa5b2293a026d"", ""key"": ""3MIDD_048_p00__mirror"", ""rendered_hash_matches_manifest"": false, ""rendered_sha256_manifest"": ""3318e0f201660badacba48c9b8421d631730ce66e4e215031158f9a905899016"", ""rendered_sha256_observed"": ""95ccac4a43b2ce3101428c8ad255378481707b4f230146b8893eff4eea57ffca""}, ""026|0|original"": {""image_sha256"": ""55de889bf77d4ed148146e80de064406871b98fbc6362750a940c6f8d0526965"", ""key"": ""3MIDD_048_p00__original"", ""rendered_hash_matches_manifest"": false, ""rendered_sha256_manifest"": ""c64d770e6191feb1ac7e6eae9ed43e6847f2c5f5a346deaad3597d0b98796435"", ""rendered_sha256_observed"": ""12afbe0d8f29b9563a881012679693f6d2ef8364067a4eb0b1b6bcf4ba988bc3""}, ""026|10|mirror"": {""image_sha256"": ""96cc75d2f496cd2b04177ff0fe242de86e399edae3de87094cef68f8fff3da81"", ""key"": ""3MIDD_048_p10__mirror"", ""rendered_hash_matches_manifest"": false, ""rendered_sha256_manifest"": ""18dd718d50d364030ec34f91333a2b0a598018bf35e8c504e25cc877d2e96685"", ""rendered_sha256_observed"": ""2934d848523f6313a0158319aaf16a6e7cfaa5d6579753909f88d546ab6dfe19""}, ""026|10|original"": {""image_sha256"": ""4550b8320af6cd8f34965ee303437323c51d2f98cc166d0bce5d3f1f7b70aa8e"", ""key"": ""3MIDD_048_p10__original"", ""rendered_hash_matches_manifest"": false, ""rendered_sha256_manifest"": ""63a455c2f57130657be84c4c88aea4168fcea8ee9ba8d15320d57802b2dbeb34"", ""rendered_sha256_observed"": ""e779601fbeaf0348aa19838eacaf39b87f6ecaf697c7d8fb72cd3c10a03179cc""}, ""026|11|mirror"": {""image_sha256"": ""688b0cd10fcede1a61455aaa00e6a41623ef76bf51e194a97252fa035d320011"", ""key"": ""3MIDD_048_p11__mirror"", ""rendered_hash_matches_manifest"": false, ""rendered_sha256_manifest"": ""69ed896a69afe441ef455660ad9ffd953025efe3828d1b9e99673895d65c51f2"", ""rendered_sha256_observed"": ""210950a849d847fc3bcc16eecefeffe46654a115fffd9e1658600f506748f0a0""}, ""026|11|original"": {""image_sha256"": ""7a8f168925cd817566f65f95522d8d907d3d648650604476069565dc5b79c0b8"", ""key"": ""3MIDD_048_p11__original"", ""rendered_hash_matches_manifest"": false, ""rendered_sha256_manifest"": ""eece1064c38f97a155bfd03ba34f7df8a60451e3067af54e3ef554ecc1b1e852"", ""rendered_sha256_observed"": ""3f5234b16e90575e4082bf951b66033f81dac2d8cd6034771ce860f1414797c8""}, ""026|1|mirror"": {""image_sha256"": ""76ae87fe845b5de53b4efdcf569bb157b1e1cc9fadc2b60fe5517d72df68a38e"", ""key"": ""3MIDD_048_p01__mirror"", ""rendered_hash_matches_manifest"": false, ""rendered_sha256_manifest"": ""95504b1bb34d39f2c55d1675935bd2f5be0203be221aad0f465b4ae492d88fb9"", ""rendered_sha256_observed"": ""3a63e882bf189939a01ec47b4c9e738eb16f100a0a4911d8ed3c02b397fe4d38""}, ""026|1|original"": {""image_sha256"": ""b22202e274a4ea56acfb1ad5a84a000e3621004051215da0c5d1e7e7a356bd93"", ""key"": ""3MIDD_048_p01__original"", ""rendered_hash_matches_manifest"": false, ""rendered_sha256_manifest"": ""0b1c2d3ab1dd4c595cca56b1c2354afc8941d05185bc36537ebae1a0b4e863f8"", ""rendered_sha256_observed"": ""6268a51b09defd504cdac90309110fc9cba8efa8015b7525f3151e0f87baf592""}, ""026|2|mirror"": {""image_sha256"": ""4e34f3d68c63e1f5f70aab44089c0e29fda6613480247eb5dd9aa57513fe9726"", ""key"": ""3MIDD_048_p02__mirror"", ""rendered_hash_matches_manifest"": false, ""rendered_sha256_manifest"": ""e805edb26281908117820ac5aeeaa51eb6851d2dd0b1e0655f022c669316b1ed"", ""rendered_sha256_observed"": ""10290257862ec62d129306d7573496554a6db305a688ec221a41866476eeedf9""}, ""026|2|original"": {""image_sha256"": ""5ba531b1b46b3db2b707aec365d91759124b6d9be6e1b4fa913659121dbb0e35"", ""key"": ""3MIDD_048_p02__original"", ""rendered_hash_matches_manifest"": false, ""rendered_sha256_manifest"": ""cb3bcdee86ed1563d6ca820a1f7ed966c9e2db105159a47b083137c0ad345b7c"", ""rendered_sha256_observed"": ""a20ddfccb0fc8806cff1d5843be94f8e40606b63875d207055290d69b9b87637""}, ""026|3|mirror"": {""image_sha256"": ""ffb35a39466db44b67099d2beec9e4a872e7e675248262b0b113bc19f091698f"", ""key"": ""3MIDD_048_p03__mirror"", ""rendered_hash_matches_manifest"": false, ""rendered_sha256_manifest"": ""c58b6afb3158907f2ae38adb5638efc6b64bfcdb8e4d657be564a7b299b98fd3"", ""rendered_sha256_observed"": ""65fa4081b7cd9e8caf3faed1a8ad7b3c36d62f009637e3da2b06155681d1e8be""}, ""026|3|original"": {""image_sha256"": ""60b8be653d5af5a824f3e82b472356750990854ed67d77ac0d5c17e3a1865920"", ""key"": ""3MIDD_048_p03__original"", ""rendered_hash_matches_manifest"": false, ""rendered_sha256_manifest"": ""fdfff2fa8a89e028955e887fb853720cbffefadc4ae56baca47e7d66a472136e"", ""rendered_sha256_observed"": ""2a7933ae1f41135eaceea5a2acfd021b00c9ec153fdae1741b1576e361513f72""}, ""026|4|mirror"": {""image_sha256"": ""9f72bb61d48dd59b058a653aa23c1bfd8798b27122d7417b27d6a84e48592e41"", ""key"": ""3MIDD_048_p04__mirror"", ""rendered_hash_matches_manifest"": false, ""rendered_sha256_manifest"": ""7272d3a8380e1c53060155648a49dc96b22c2bdae607ab976591c5e67e17bf2d"", ""rendered_sha256_observed"": ""fe5664ad8fb1cf4227ca880ff3eaab8106d5900a8d050a44d025f3ca2ae11818""}, ""026|4|original"": {""image_sha256"": ""a2213590cc067a63b6d9027ac537325df2642346f5b200339ce100b64b2ae2ae"", ""key"": ""3MIDD_048_p04__original"", ""rendered_hash_matches_manifest"": false, ""rendered_sha256_manifest"": ""b068b151fff6ad7dddc9c03f9be97a65ae58a0acc44f6ad70e298c166a9052f1"", ""rendered_sha256_observed"": ""e277bd9d0b2d2758cf23bbbe9a1eaedfb6ea9503c272e5b19db662e2c8fc1bf2""}, ""026|5|mirror"": {""image_sha256"": ""fb9353386392c1974dbc4c584fdfacd6711167492e54e5c481558dd4d987abdd"", ""key"": ""3MIDD_048_p05__mirror"", ""rendered_hash_matches_manifest"": false, ""rendered_sha256_manifest"": ""7534be0114b31d7c892fc08d18b989faf13742d8a65cdfcb17201a60cdce9d79"", ""rendered_sha256_observed"": ""238122e498c334c6a42104de3aee64dcc958c0d93163624a5ca61ed6076eb17c""}, ""026|5|original"": {""image_sha256"": ""8c421d48f329fdce70ec385017a55ca019b0eda1ada605fbb260a969cfad57bf"", ""key"": ""3MIDD_048_p05__original"", ""rendered_hash_matches_manifest"": false, ""rendered_sha256_manifest"": ""c4cea68a0cd7b22c133c006f0fd5efb687e79f8547549b7580d20a8f4f044239"", ""rendered_sha256_observed"": ""9d3edacad216b2fabbf82a2b46244320b2ba7b95e5856853cb910c57f4db04bb""}, ""026|6|mirror"": {""image_sha256"": ""2539e65a0e90bbcf7940f8489358d68ca2e72794ffc47f7eea9de4d83873a421"", ""key"": ""3MIDD_048_p06__mirror"", ""rendered_hash_matches_manifest"": false, ""rendered_sha256_manifest"": ""355eef0412c959425875ac1f378309e1db970dbd87806e2a94ff8a5df7817751"", ""rendered_sha256_observed"": ""4744ba7f3ddddef5e613244e941287086f6a1f9894fc3f5e33b883d99cc3e69c""}, ""026|6|original"": {""image_sha256"": ""d9166aeb478c215ddd59c92dee3c5f8331e591539cdbf6ea15da8f3bc829c5a7"", ""key"": ""3MIDD_048_p06__original"", ""rendered_hash_matches_manifest"": false, ""rendered_sha256_manifest"": ""3b0ca74600905a34d807c5e518b0dadc62763cec203734119b92f816134d3365"", ""rendered_sha256_observed"": ""d30baa041727819a706dda1a1c7d83d1b1a9f793d60effda5619c67517789e59""}, ""026|7|mirror"": {""image_sha256"": ""c03e06da1762c4b589c163595a86622c9396bc9173a5e52a948d6e56e131a9d7"", ""key"": ""3MIDD_048_p07__mirror"", ""rendered_hash_matches_manifest"": false, ""rendered_sha256_manifest"": ""f2fdf26272a9f966e67d48b002aa73b53a33b56439a1589b0cdbeecdf4aac812"", ""rendered_sha256_observed"": ""3eac954cc77c27f0e1d9a051de97555513645c480fa4423b609d84f2fdd95106""}, ""026|7|original"": {""image_sha256"": ""592326bd04173d519dd91155d024aea283335c9b3a5ee1adbd65bb3e9d7c02ce"", ""key"": ""3MIDD_048_p07__original"", ""rendered_hash_matches_manifest"": false, ""rendered_sha256_manifest"": ""6b00971f871a2480de03ca9d75d0751c7f7e9115afc377274dd7008d8601e29d"", ""rendered_sha256_observed"": ""a1533a72b12334608bdd552fd9fdde7e0de37004e56302e573e67105b3170f6d""}, ""026|8|mirror"": {""image_sha256"": ""4d409fd7f2e7211c67e53cdd47291c912a592855a96c10591f9fdaae00cf5274"", ""key"": ""3MIDD_048_p08__mirror"", ""rendered_hash_matches_manifest"": false, ""rendered_sha256_manifest"": ""6a43378923a6dc92ab9cb3e3261a4542cfedfa7aba0b678402c61b2b69de1bc1"", ""rendered_sha256_observed"": ""43d088d06bcd7c7d1d53535e17aed0a31e2658e85c5ef0bb2e1fc890de1dc2e1""}, ""026|8|original"": {""image_sha256"": ""9e489be2590f66c123eda42b3a8cf2dc16cab61a6c788e25436002ff33c3bf23"", ""key"": ""3MIDD_048_p08__original"", ""rendered_hash_matches_manifest"": false, ""rendered_sha256_manifest"": ""6df1617532c48b9961f28429fa2794c14533f613d1038278b8c1e5fbcfafa811"", ""rendered_sha256_observed"": ""b9a1cdcdb78d434af31b70623c801c8cf4d64eb31eb82f3818b5206211b20888""}, ""026|9|mirror"": {""image_sha256"": ""590d24d23f57640236e3456066c73c937f94c7aa27318cee3bab578718eb3c72"", ""key"": ""3MIDD_048_p09__mirror"", ""rendered_hash_matches_manifest"": false, ""rendered_sha256_manifest"": ""fffbf428c90dc1a574d44ec590f3025fcb0e6946e6ade239ee2103066e332ffd"", ""rendered_sha256_observed"": ""977daf24eab5d7697a7724086f4ba65c6b79e74eea9e756a3fb89d5ac6915d6b""}, ""026|9|original"": {""image_sha256"": ""b099e4e04c23584b7e1103c4fb6faca25787a2d443f977fd37e962592c6ee560"", ""key"": ""3MIDD_048_p09__original"", ""rendered_hash_matches_manifest"": false, ""rendered_sha256_manifest"": ""f6000bef78eeb2eee55b544e2e92dc4b5f4817718c94242e364664c682512599"", ""rendered_sha256_observed"": ""1ec8d847e014b9317edfe33d2542e6679dc82482fc277dbf482863bfaef62c3f""}, ""027|0|mirror"": {""image_sha256"": ""bae7e04d77f43a177610ccc1d9dfb638fbe01296b69ac462e00fa5b2293a026d"", ""key"": ""3MIDD_048_p00__mirror"", ""rendered_hash_matches_manifest"": false, ""rendered_sha256_manifest"": ""3318e0f201660badacba48c9b8421d631730ce66e4e215031158f9a905899016"", ""rendered_sha256_observed"": ""95ccac4a43b2ce3101428c8ad255378481707b4f230146b8893eff4eea57ffca""}, ""027|0|original"": {""image_sha256"": ""55de889bf77d4ed148146e80de064406871b98fbc6362750a940c6f8d0526965"", ""key"": ""3MIDD_048_p00__original"", ""rendered_hash_matches_manifest"": false, ""rendered_sha256_manifest"": ""c64d770e6191feb1ac7e6eae9ed43e6847f2c5f5a346deaad3597d0b98796435"", ""rendered_sha256_observed"": ""12afbe0d8f29b9563a881012679693f6d2ef8364067a4eb0b1b6bcf4ba988bc3""}, ""027|10|mirror"": {""image_sha256"": ""96cc75d2f496cd2b04177ff0fe242de86e399edae3de87094cef68f8fff3da81"", ""key"": ""3MIDD_048_p10__mirror"", ""rendered_hash_matches_manifest"": false, ""rendered_sha256_manifest"": ""18dd718d50d364030ec34f91333a2b0a598018bf35e8c504e25cc877d2e96685"", ""rendered_sha256_observed"": ""2934d848523f6313a0158319aaf16a6e7cfaa5d6579753909f88d546ab6dfe19""}, ""027|10|original"": {""image_sha256"": ""4550b8320af6cd8f34965ee303437323c51d2f98cc166d0bce5d3f1f7b70aa8e"", ""key"": ""3MIDD_048_p10__original"", ""rendered_hash_matches_manifest"": false, ""rendered_sha256_manifest"": ""63a455c2f57130657be84c4c88aea4168fcea8ee9ba8d15320d57802b2dbeb34"", ""rendered_sha256_observed"": ""e779601fbeaf0348aa19838eacaf39b87f6ecaf697c7d8fb72cd3c10a03179cc""}, ""027|11|mirror"": {""image_sha256"": ""688b0cd10fcede1a61455aaa00e6a41623ef76bf51e194a97252fa035d320011"", ""key"": ""3MIDD_048_p11__mirror"", ""rendered_hash_matches_manifest"": false, ""rendered_sha256_manifest"": ""69ed896a69afe441ef455660ad9ffd953025efe3828d1b9e99673895d65c51f2"", ""rendered_sha256_observed"": ""210950a849d847fc3bcc16eecefeffe46654a115fffd9e1658600f506748f0a0""}, ""027|11|original"": {""image_sha256"": ""7a8f168925cd817566f65f95522d8d907d3d648650604476069565dc5b79c0b8"", ""key"": ""3MIDD_048_p11__original"", ""rendered_hash_matches_manifest"": false, ""rendered_sha256_manifest"": ""eece1064c38f97a155bfd03ba34f7df8a60451e3067af54e3ef554ecc1b1e852"", ""rendered_sha256_observed"": ""3f5234b16e90575e4082bf951b66033f81dac2d8cd6034771ce860f1414797c8""}, ""027|1|mirror"": {""image_sha256"": ""76ae87fe845b5de53b4efdcf569bb157b1e1cc9fadc2b60fe5517d72df68a38e"", ""key"": ""3MIDD_048_p01__mirror"", ""rendered_hash_matches_manifest"": false, ""rendered_sha256_manifest"": ""95504b1bb34d39f2c55d1675935bd2f5be0203be221aad0f465b4ae492d88fb9"", ""rendered_sha256_observed"": ""3a63e882bf189939a01ec47b4c9e738eb16f100a0a4911d8ed3c02b397fe4d38""}, ""027|1|original"": {""image_sha256"": ""b22202e274a4ea56acfb1ad5a84a000e3621004051215da0c5d1e7e7a356bd93"", ""key"": ""3MIDD_048_p01__original"", ""rendered_hash_matches_manifest"": false, ""rendered_sha256_manifest"": ""0b1c2d3ab1dd4c595cca56b1c2354afc8941d05185bc36537ebae1a0b4e863f8"", ""rendered_sha256_observed"": ""6268a51b09defd504cdac90309110fc9cba8efa8015b7525f3151e0f87baf592""}, ""027|2|mirror"": {""image_sha256"": ""4e34f3d68c63e1f5f70aab44089c0e29fda6613480247eb5dd9aa57513fe9726"", ""key"": ""3MIDD_048_p02__mirror"", ""rendered_hash_matches_manifest"": false, ""rendered_sha256_manifest"": ""e805edb26281908117820ac5aeeaa51eb6851d2dd0b1e0655f022c669316b1ed"", ""rendered_sha256_observed"": ""10290257862ec62d129306d7573496554a6db305a688ec221a41866476eeedf9""}, ""027|2|original"": {""image_sha256"": ""5ba531b1b46b3db2b707aec365d91759124b6d9be6e1b4fa913659121dbb0e35"", ""key"": ""3MIDD_048_p02__original"", ""rendered_hash_matches_manifest"": false, ""rendered_sha256_manifest"": ""cb3bcdee86ed1563d6ca820a1f7ed966c9e2db105159a47b083137c0ad345b7c"", ""rendered_sha256_observed"": ""a20ddfccb0fc8806cff1d5843be94f8e40606b63875d207055290d69b9b87637""}, ""027|3|mirror"": {""image_sha256"": ""ffb35a39466db44b67099d2beec9e4a872e7e675248262b0b113bc19f091698f"", ""key"": ""3MIDD_048_p03__mirror"", ""rendered_hash_matches_manifest"": false, ""rendered_sha256_manifest"": ""c58b6afb3158907f2ae38adb5638efc6b64bfcdb8e4d657be564a7b299b98fd3"", ""rendered_sha256_observed"": ""65fa4081b7cd9e8caf3faed1a8ad7b3c36d62f009637e3da2b06155681d1e8be""}, ""027|3|original"": {""image_sha256"": ""60b8be653d5af5a824f3e82b472356750990854ed67d77ac0d5c17e3a1865920"", ""key"": ""3MIDD_048_p03__original"", ""rendered_hash_matches_manifest"": false, ""rendered_sha256_manifest"": ""fdfff2fa8a89e028955e887fb853720cbffefadc4ae56baca47e7d66a472136e"", ""rendered_sha256_observed"": ""2a7933ae1f41135eaceea5a2acfd021b00c9ec153fdae1741b1576e361513f72""}, ""027|4|mirror"": {""image_sha256"": ""9f72bb61d48dd59b058a653aa23c1bfd8798b27122d7417b27d6a84e48592e41"", ""key"": ""3MIDD_048_p04__mirror"", ""rendered_hash_matches_manifest"": false, ""rendered_sha256_manifest"": ""7272d3a8380e1c53060155648a49dc96b22c2bdae607ab976591c5e67e17bf2d"", ""rendered_sha256_observed"": ""fe5664ad8fb1cf4227ca880ff3eaab8106d5900a8d050a44d025f3ca2ae11818""}, ""027|4|original"": {""image_sha256"": ""a2213590cc067a63b6d9027ac537325df2642346f5b200339ce100b64b2ae2ae"", ""key"": ""3MIDD_048_p04__original"", ""rendered_hash_matches_manifest"": false, ""rendered_sha256_manifest"": ""b068b151fff6ad7dddc9c03f9be97a65ae58a0acc44f6ad70e298c166a9052f1"", ""rendered_sha256_observed"": ""e277bd9d0b2d2758cf23bbbe9a1eaedfb6ea9503c272e5b19db662e2c8fc1bf2""}, ""027|5|mirror"": {""image_sha256"": ""fb9353386392c1974dbc4c584fdfacd6711167492e54e5c481558dd4d987abdd"", ""key"": ""3MIDD_048_p05__mirror"", ""rendered_hash_matches_manifest"": false, ""rendered_sha256_manifest"": ""7534be0114b31d7c892fc08d18b989faf13742d8a65cdfcb17201a60cdce9d79"", ""rendered_sha256_observed"": ""238122e498c334c6a42104de3aee64dcc958c0d93163624a5ca61ed6076eb17c""}, ""027|5|original"": {""image_sha256"": ""8c421d48f329fdce70ec385017a55ca019b0eda1ada605fbb260a969cfad57bf"", ""key"": ""3MIDD_048_p05__original"", ""rendered_hash_matches_manifest"": false, ""rendered_sha256_manifest"": ""c4cea68a0cd7b22c133c006f0fd5efb687e79f8547549b7580d20a8f4f044239"", ""rendered_sha256_observed"": ""9d3edacad216b2fabbf82a2b46244320b2ba7b95e5856853cb910c57f4db04bb""}, ""027|6|mirror"": {""image_sha256"": ""2539e65a0e90bbcf7940f8489358d68ca2e72794ffc47f7eea9de4d83873a421"", ""key"": ""3MIDD_048_p06__mirror"", ""rendered_hash_matches_manifest"": false, ""rendered_sha256_manifest"": ""355eef0412c959425875ac1f378309e1db970dbd87806e2a94ff8a5df7817751"", ""rendered_sha256_observed"": ""4744ba7f3ddddef5e613244e941287086f6a1f9894fc3f5e33b883d99cc3e69c""}, ""027|6|original"": {""image_sha256"": ""d9166aeb478c215ddd59c92dee3c5f8331e591539cdbf6ea15da8f3bc829c5a7"", ""key"": ""3MIDD_048_p06__original"", ""rendered_hash_matches_manifest"": false, ""rendered_sha256_manifest"": ""3b0ca74600905a34d807c5e518b0dadc62763cec203734119b92f816134d3365"", ""rendered_sha256_observed"": ""d30baa041727819a706dda1a1c7d83d1b1a9f793d60effda5619c67517789e59""}, ""027|7|mirror"": {""image_sha256"": ""c03e06da1762c4b589c163595a86622c9396bc9173a5e52a948d6e56e131a9d7"", ""key"": ""3MIDD_048_p07__mirror"", ""rendered_hash_matches_manifest"": false, ""rendered_sha256_manifest"": ""f2fdf26272a9f966e67d48b002aa73b53a33b56439a1589b0cdbeecdf4aac812"", ""rendered_sha256_observed"": ""3eac954cc77c27f0e1d9a051de97555513645c480fa4423b609d84f2fdd95106""}, ""027|7|original"": {""image_sha256"": ""592326bd04173d519dd91155d024aea283335c9b3a5ee1adbd65bb3e9d7c02ce"", ""key"": ""3MIDD_048_p07__original"", ""rendered_hash_matches_manifest"": false, ""rendered_sha256_manifest"": ""6b00971f871a2480de03ca9d75d0751c7f7e9115afc377274dd7008d8601e29d"", ""rendered_sha256_observed"": ""a1533a72b12334608bdd552fd9fdde7e0de37004e56302e573e67105b3170f6d""}, ""027|8|mirror"": {""image_sha256"": ""4d409fd7f2e7211c67e53cdd47291c912a592855a96c10591f9fdaae00cf5274"", ""key"": ""3MIDD_048_p08__mirror"", ""rendered_hash_matches_manifest"": false, ""rendered_sha256_manifest"": ""6a43378923a6dc92ab9cb3e3261a4542cfedfa7aba0b678402c61b2b69de1bc1"", ""rendered_sha256_observed"": ""43d088d06bcd7c7d1d53535e17aed0a31e2658e85c5ef0bb2e1fc890de1dc2e1""}, ""027|8|original"": {""image_sha256"": ""9e489be2590f66c123eda42b3a8cf2dc16cab61a6c788e25436002ff33c3bf23"", ""key"": ""3MIDD_048_p08__original"", ""rendered_hash_matches_manifest"": false, ""rendered_sha256_manifest"": ""6df1617532c48b9961f28429fa2794c14533f613d1038278b8c1e5fbcfafa811"", ""rendered_sha256_observed"": ""b9a1cdcdb78d434af31b70623c801c8cf4d64eb31eb82f3818b5206211b20888""}, ""027|9|mirror"": {""image_sha256"": ""590d24d23f57640236e3456066c73c937f94c7aa27318cee3bab578718eb3c72"", ""key"": ""3MIDD_048_p09__mirror"", ""rendered_hash_matches_manifest"": false, ""rendered_sha256_manifest"": ""fffbf428c90dc1a574d44ec590f3025fcb0e6946e6ade239ee2103066e332ffd"", ""rendered_sha256_observed"": ""977daf24eab5d7697a7724086f4ba65c6b79e74eea9e756a3fb89d5ac6915d6b""}, ""027|9|original"": {""image_sha256"": ""b099e4e04c23584b7e1103c4fb6faca25787a2d443f977fd37e962592c6ee560"", ""key"": ""3MIDD_048_p09__original"", ""rendered_hash_matches_manifest"": false, ""rendered_sha256_manifest"": ""f6000bef78eeb2eee55b544e2e92dc4b5f4817718c94242e364664c682512599"", ""rendered_sha256_observed"": ""1ec8d847e014b9317edfe33d2542e6679dc82482fc277dbf482863bfaef62c3f""}, ""028|0|mirror"": {""image_sha256"": ""bae7e04d77f43a177610ccc1d9dfb638fbe01296b69ac462e00fa5b2293a026d"", ""key"": ""3MIDD_048_p00__mirror"", ""rendered_hash_matches_manifest"": false, ""rendered_sha256_manifest"": ""3318e0f201660badacba48c9b8421d631730ce66e4e215031158f9a905899016"", ""rendered_sha256_observed"": ""95ccac4a43b2ce3101428c8ad255378481707b4f230146b8893eff4eea57ffca""}, ""028|0|original"": {""image_sha256"": ""55de889bf77d4ed148146e80de064406871b98fbc6362750a940c6f8d0526965"", ""key"": ""3MIDD_048_p00__original"", ""rendered_hash_matches_manifest"": false, ""rendered_sha256_manifest"": ""c64d770e6191feb1ac7e6eae9ed43e6847f2c5f5a346deaad3597d0b98796435"", ""rendered_sha256_observed"": ""12afbe0d8f29b9563a881012679693f6d2ef8364067a4eb0b1b6bcf4ba988bc3""}, ""028|10|mirror"": {""image_sha256"": ""96cc75d2f496cd2b04177ff0fe242de86e399edae3de87094cef68f8fff3da81"", ""key"": ""3MIDD_048_p10__mirror"", ""rendered_hash_matches_manifest"": false, ""rendered_sha256_manifest"": ""18dd718d50d364030ec34f91333a2b0a598018bf35e8c504e25cc877d2e96685"", ""rendered_sha256_observed"": ""2934d848523f6313a0158319aaf16a6e7cfaa5d6579753909f88d546ab6dfe19""}, ""028|10|original"": {""image_sha256"": ""4550b8320af6cd8f34965ee303437323c51d2f98cc166d0bce5d3f1f7b70aa8e"", ""key"": ""3MIDD_048_p10__original"", ""rendered_hash_matches_manifest"": false, ""rendered_sha256_manifest"": ""63a455c2f57130657be84c4c88aea4168fcea8ee9ba8d15320d57802b2dbeb34"", ""rendered_sha256_observed"": ""e779601fbeaf0348aa19838eacaf39b87f6ecaf697c7d8fb72cd3c10a03179cc""}, ""028|11|mirror"": {""image_sha256"": ""688b0cd10fcede1a61455aaa00e6a41623ef76bf51e194a97252fa035d320011"", ""key"": ""3MIDD_048_p11__mirror"", ""rendered_hash_matches_manifest"": false, ""rendered_sha256_manifest"": ""69ed896a69afe441ef455660ad9ffd953025efe3828d1b9e99673895d65c51f2"", ""rendered_sha256_observed"": ""210950a849d847fc3bcc16eecefeffe46654a115fffd9e1658600f506748f0a0""}, ""028|11|original"": {""image_sha256"": ""7a8f168925cd817566f65f95522d8d907d3d648650604476069565dc5b79c0b8"", ""key"": ""3MIDD_048_p11__original"", ""rendered_hash_matches_manifest"": false, ""rendered_sha256_manifest"": ""eece1064c38f97a155bfd03ba34f7df8a60451e3067af54e3ef554ecc1b1e852"", ""rendered_sha256_observed"": ""3f5234b16e90575e4082bf951b66033f81dac2d8cd6034771ce860f1414797c8""}, ""028|1|mirror"": {""image_sha256"": ""76ae87fe845b5de53b4efdcf569bb157b1e1cc9fadc2b60fe5517d72df68a38e"", ""key"": ""3MIDD_048_p01__mirror"", ""rendered_hash_matches_manifest"": false, ""rendered_sha256_manifest"": ""95504b1bb34d39f2c55d1675935bd2f5be0203be221aad0f465b4ae492d88fb9"", ""rendered_sha256_observed"": ""3a63e882bf189939a01ec47b4c9e738eb16f100a0a4911d8ed3c02b397fe4d38""}, ""028|1|original"": {""image_sha256"": ""b22202e274a4ea56acfb1ad5a84a000e3621004051215da0c5d1e7e7a356bd93"", ""key"": ""3MIDD_048_p01__original"", ""rendered_hash_matches_manifest"": false, ""rendered_sha256_manifest"": ""0b1c2d3ab1dd4c595cca56b1c2354afc8941d05185bc36537ebae1a0b4e863f8"", ""rendered_sha256_observed"": ""6268a51b09defd504cdac90309110fc9cba8efa8015b7525f3151e0f87baf592""}, ""028|2|mirror"": {""image_sha256"": ""4e34f3d68c63e1f5f70aab44089c0e29fda6613480247eb5dd9aa57513fe9726"", ""key"": ""3MIDD_048_p02__mirror"", ""rendered_hash_matches_manifest"": false, ""rendered_sha256_manifest"": ""e805edb26281908117820ac5aeeaa51eb6851d2dd0b1e0655f022c669316b1ed"", ""rendered_sha256_observed"": ""10290257862ec62d129306d7573496554a6db305a688ec221a41866476eeedf9""}, ""028|2|original"": {""image_sha256"": ""5ba531b1b46b3db2b707aec365d91759124b6d9be6e1b4fa913659121dbb0e35"", ""key"": ""3MIDD_048_p02__original"", ""rendered_hash_matches_manifest"": false, ""rendered_sha256_manifest"": ""cb3bcdee86ed1563d6ca820a1f7ed966c9e2db105159a47b083137c0ad345b7c"", ""rendered_sha256_observed"": ""a20ddfccb0fc8806cff1d5843be94f8e40606b63875d207055290d69b9b87637""}, ""028|3|mirror"": {""image_sha256"": ""ffb35a39466db44b67099d2beec9e4a872e7e675248262b0b113bc19f091698f"", ""key"": ""3MIDD_048_p03__mirror"", ""rendered_hash_matches_manifest"": false, ""rendered_sha256_manifest"": ""c58b6afb3158907f2ae38adb5638efc6b64bfcdb8e4d657be564a7b299b98fd3"", ""rendered_sha256_observed"": ""65fa4081b7cd9e8caf3faed1a8ad7b3c36d62f009637e3da2b06155681d1e8be""}, ""028|3|original"": {""image_sha256"": ""60b8be653d5af5a824f3e82b472356750990854ed67d77ac0d5c17e3a1865920"", ""key"": ""3MIDD_048_p03__original"", ""rendered_hash_matches_manifest"": false, ""rendered_sha256_manifest"": ""fdfff2fa8a89e028955e887fb853720cbffefadc4ae56baca47e7d66a472136e"", ""rendered_sha256_observed"": ""2a7933ae1f41135eaceea5a2acfd021b00c9ec153fdae1741b1576e361513f72""}, ""028|4|mirror"": {""image_sha256"": ""9f72bb61d48dd59b058a653aa23c1bfd8798b27122d7417b27d6a84e48592e41"", ""key"": ""3MIDD_048_p04__mirror"", ""rendered_hash_matches_manifest"": false, ""rendered_sha256_manifest"": ""7272d3a8380e1c53060155648a49dc96b22c2bdae607ab976591c5e67e17bf2d"", ""rendered_sha256_observed"": ""fe5664ad8fb1cf4227ca880ff3eaab8106d5900a8d050a44d025f3ca2ae11818""}, ""028|4|original"": {""image_sha256"": ""a2213590cc067a63b6d9027ac537325df2642346f5b200339ce100b64b2ae2ae"", ""key"": ""3MIDD_048_p04__original"", ""rendered_hash_matches_manifest"": false, ""rendered_sha256_manifest"": ""b068b151fff6ad7dddc9c03f9be97a65ae58a0acc44f6ad70e298c166a9052f1"", ""rendered_sha256_observed"": ""e277bd9d0b2d2758cf23bbbe9a1eaedfb6ea9503c272e5b19db662e2c8fc1bf2""}, ""028|5|mirror"": {""image_sha256"": ""fb9353386392c1974dbc4c584fdfacd6711167492e54e5c481558dd4d987abdd"", ""key"": ""3MIDD_048_p05__mirror"", ""rendered_hash_matches_manifest"": false, ""rendered_sha256_manifest"": ""7534be0114b31d7c892fc08d18b989faf13742d8a65cdfcb17201a60cdce9d79"", ""rendered_sha256_observed"": ""238122e498c334c6a42104de3aee64dcc958c0d93163624a5ca61ed6076eb17c""}, ""028|5|original"": {""image_sha256"": ""8c421d48f329fdce70ec385017a55ca019b0eda1ada605fbb260a969cfad57bf"", ""key"": ""3MIDD_048_p05__original"", ""rendered_hash_matches_manifest"": false, ""rendered_sha256_manifest"": ""c4cea68a0cd7b22c133c006f0fd5efb687e79f8547549b7580d20a8f4f044239"", ""rendered_sha256_observed"": ""9d3edacad216b2fabbf82a2b46244320b2ba7b95e5856853cb910c57f4db04bb""}, ""028|6|mirror"": {""image_sha256"": ""2539e65a0e90bbcf7940f8489358d68ca2e72794ffc47f7eea9de4d83873a421"", ""key"": ""3MIDD_048_p06__mirror"", ""rendered_hash_matches_manifest"": false, ""rendered_sha256_manifest"": ""355eef0412c959425875ac1f378309e1db970dbd87806e2a94ff8a5df7817751"", ""rendered_sha256_observed"": ""4744ba7f3ddddef5e613244e941287086f6a1f9894fc3f5e33b883d99cc3e69c""}, ""028|6|original"": {""image_sha256"": ""d9166aeb478c215ddd59c92dee3c5f8331e591539cdbf6ea15da8f3bc829c5a7"", ""key"": ""3MIDD_048_p06__original"", ""rendered_hash_matches_manifest"": false, ""rendered_sha256_manifest"": ""3b0ca74600905a34d807c5e518b0dadc62763cec203734119b92f816134d3365"", ""rendered_sha256_observed"": ""d30baa041727819a706dda1a1c7d83d1b1a9f793d60effda5619c67517789e59""}, ""028|7|mirror"": {""image_sha256"": ""c03e06da1762c4b589c163595a86622c9396bc9173a5e52a948d6e56e131a9d7"", ""key"": ""3MIDD_048_p07__mirror"", ""rendered_hash_matches_manifest"": false, ""rendered_sha256_manifest"": ""f2fdf26272a9f966e67d48b002aa73b53a33b56439a1589b0cdbeecdf4aac812"", ""rendered_sha256_observed"": ""3eac954cc77c27f0e1d9a051de97555513645c480fa4423b609d84f2fdd95106""}, ""028|7|original"": {""image_sha256"": ""592326bd04173d519dd91155d024aea283335c9b3a5ee1adbd65bb3e9d7c02ce"", ""key"": ""3MIDD_048_p07__original"", ""rendered_hash_matches_manifest"": false, ""rendered_sha256_manifest"": ""6b00971f871a2480de03ca9d75d0751c7f7e9115afc377274dd7008d8601e29d"", ""rendered_sha256_observed"": ""a1533a72b12334608bdd552fd9fdde7e0de37004e56302e573e67105b3170f6d""}, ""028|8|mirror"": {""image_sha256"": ""4d409fd7f2e7211c67e53cdd47291c912a592855a96c10591f9fdaae00cf5274"", ""key"": ""3MIDD_048_p08__mirror"", ""rendered_hash_matches_manifest"": false, ""rendered_sha256_manifest"": ""6a43378923a6dc92ab9cb3e3261a4542cfedfa7aba0b678402c61b2b69de1bc1"", ""rendered_sha256_observed"": ""43d088d06bcd7c7d1d53535e17aed0a31e2658e85c5ef0bb2e1fc890de1dc2e1""}, ""028|8|original"": {""image_sha256"": ""9e489be2590f66c123eda42b3a8cf2dc16cab61a6c788e25436002ff33c3bf23"", ""key"": ""3MIDD_048_p08__original"", ""rendered_hash_matches_manifest"": false, ""rendered_sha256_manifest"": ""6df1617532c48b9961f28429fa2794c14533f613d1038278b8c1e5fbcfafa811"", ""rendered_sha256_observed"": ""b9a1cdcdb78d434af31b70623c801c8cf4d64eb31eb82f3818b5206211b20888""}, ""028|9|mirror"": {""image_sha256"": ""590d24d23f57640236e3456066c73c937f94c7aa27318cee3bab578718eb3c72"", ""key"": ""3MIDD_048_p09__mirror"", ""rendered_hash_matches_manifest"": false, ""rendered_sha256_manifest"": ""fffbf428c90dc1a574d44ec590f3025fcb0e6946e6ade239ee2103066e332ffd"", ""rendered_sha256_observed"": ""977daf24eab5d7697a7724086f4ba65c6b79e74eea9e756a3fb89d5ac6915d6b""}, ""028|9|original"": {""image_sha256"": ""b099e4e04c23584b7e1103c4fb6faca25787a2d443f977fd37e962592c6ee560"", ""key"": ""3MIDD_048_p09__original"", ""rendered_hash_matches_manifest"": false, ""rendered_sha256_manifest"": ""f6000bef78eeb2eee55b544e2e92dc4b5f4817718c94242e364664c682512599"", ""rendered_sha256_observed"": ""1ec8d847e014b9317edfe33d2542e6679dc82482fc277dbf482863bfaef62c3f""}, ""029|0|mirror"": {""image_sha256"": ""bae7e04d77f43a177610ccc1d9dfb638fbe01296b69ac462e00fa5b2293a026d"", ""key"": ""3MIDD_048_p00__mirror"", ""rendered_hash_matches_manifest"": false, ""rendered_sha256_manifest"": ""3318e0f201660badacba48c9b8421d631730ce66e4e215031158f9a905899016"", ""rendered_sha256_observed"": ""95ccac4a43b2ce3101428c8ad255378481707b4f230146b8893eff4eea57ffca""}, ""029|0|original"": {""image_sha256"": ""55de889bf77d4ed148146e80de064406871b98fbc6362750a940c6f8d0526965"", ""key"": ""3MIDD_048_p00__original"", ""rendered_hash_matches_manifest"": false, ""rendered_sha256_manifest"": ""c64d770e6191feb1ac7e6eae9ed43e6847f2c5f5a346deaad3597d0b98796435"", ""rendered_sha256_observed"": ""12afbe0d8f29b9563a881012679693f6d2ef8364067a4eb0b1b6bcf4ba988bc3""}, ""029|10|mirror"": {""image_sha256"": ""96cc75d2f496cd2b04177ff0fe242de86e399edae3de87094cef68f8fff3da81"", ""key"": ""3MIDD_048_p10__mirror"", ""rendered_hash_matches_manifest"": false, ""rendered_sha256_manifest"": ""18dd718d50d364030ec34f91333a2b0a598018bf35e8c504e25cc877d2e96685"", ""rendered_sha256_observed"": ""2934d848523f6313a0158319aaf16a6e7cfaa5d6579753909f88d546ab6dfe19""}, ""029|10|original"": {""image_sha256"": ""4550b8320af6cd8f34965ee303437323c51d2f98cc166d0bce5d3f1f7b70aa8e"", ""key"": ""3MIDD_048_p10__original"", ""rendered_hash_matches_manifest"": false, ""rendered_sha256_manifest"": ""63a455c2f57130657be84c4c88aea4168fcea8ee9ba8d15320d57802b2dbeb34"", ""rendered_sha256_observed"": ""e779601fbeaf0348aa19838eacaf39b87f6ecaf697c7d8fb72cd3c10a03179cc""}, ""029|11|mirror"": {""image_sha256"": ""688b0cd10fcede1a61455aaa00e6a41623ef76bf51e194a97252fa035d320011"", ""key"": ""3MIDD_048_p11__mirror"", ""rendered_hash_matches_manifest"": false, ""rendered_sha256_manifest"": ""69ed896a69afe441ef455660ad9ffd953025efe3828d1b9e99673895d65c51f2"", ""rendered_sha256_observed"": ""210950a849d847fc3bcc16eecefeffe46654a115fffd9e1658600f506748f0a0""}, ""029|11|original"": {""image_sha256"": ""7a8f168925cd817566f65f95522d8d907d3d648650604476069565dc5b79c0b8"", ""key"": ""3MIDD_048_p11__original"", ""rendered_hash_matches_manifest"": false, ""rendered_sha256_manifest"": ""eece1064c38f97a155bfd03ba34f7df8a60451e3067af54e3ef554ecc1b1e852"", ""rendered_sha256_observed"": ""3f5234b16e90575e4082bf951b66033f81dac2d8cd6034771ce860f1414797c8""}, ""029|1|mirror"": {""image_sha256"": ""76ae87fe845b5de53b4efdcf569bb157b1e1cc9fadc2b60fe5517d72df68a38e"", ""key"": ""3MIDD_048_p01__mirror"", ""rendered_hash_matches_manifest"": false, ""rendered_sha256_manifest"": ""95504b1bb34d39f2c55d1675935bd2f5be0203be221aad0f465b4ae492d88fb9"", ""rendered_sha256_observed"": ""3a63e882bf189939a01ec47b4c9e738eb16f100a0a4911d8ed3c02b397fe4d38""}, ""029|1|original"": {""image_sha256"": ""b22202e274a4ea56acfb1ad5a84a000e3621004051215da0c5d1e7e7a356bd93"", ""key"": ""3MIDD_048_p01__original"", ""rendered_hash_matches_manifest"": false, ""rendered_sha256_manifest"": ""0b1c2d3ab1dd4c595cca56b1c2354afc8941d05185bc36537ebae1a0b4e863f8"", ""rendered_sha256_observed"": ""6268a51b09defd504cdac90309110fc9cba8efa8015b7525f3151e0f87baf592""}, ""029|2|mirror"": {""image_sha256"": ""4e34f3d68c63e1f5f70aab44089c0e29fda6613480247eb5dd9aa57513fe9726"", ""key"": ""3MIDD_048_p02__mirror"", ""rendered_hash_matches_manifest"": false, ""rendered_sha256_manifest"": ""e805edb26281908117820ac5aeeaa51eb6851d2dd0b1e0655f022c669316b1ed"", ""rendered_sha256_observed"": ""10290257862ec62d129306d7573496554a6db305a688ec221a41866476eeedf9""}, ""029|2|original"": {""image_sha256"": ""5ba531b1b46b3db2b707aec365d91759124b6d9be6e1b4fa913659121dbb0e35"", ""key"": ""3MIDD_048_p02__original"", ""rendered_hash_matches_manifest"": false, ""rendered_sha256_manifest"": ""cb3bcdee86ed1563d6ca820a1f7ed966c9e2db105159a47b083137c0ad345b7c"", ""rendered_sha256_observed"": ""a20ddfccb0fc8806cff1d5843be94f8e40606b63875d207055290d69b9b87637""}, ""029|3|mirror"": {""image_sha256"": ""ffb35a39466db44b67099d2beec9e4a872e7e675248262b0b113bc19f091698f"", ""key"": ""3MIDD_048_p03__mirror"", ""rendered_hash_matches_manifest"": false, ""rendered_sha256_manifest"": ""c58b6afb3158907f2ae38adb5638efc6b64bfcdb8e4d657be564a7b299b98fd3"", ""rendered_sha256_observed"": ""65fa4081b7cd9e8caf3faed1a8ad7b3c36d62f009637e3da2b06155681d1e8be""}, ""029|3|original"": {""image_sha256"": ""60b8be653d5af5a824f3e82b472356750990854ed67d77ac0d5c17e3a1865920"", ""key"": ""3MIDD_048_p03__original"", ""rendered_hash_matches_manifest"": false, ""rendered_sha256_manifest"": ""fdfff2fa8a89e028955e887fb853720cbffefadc4ae56baca47e7d66a472136e"", ""rendered_sha256_observed"": ""2a7933ae1f41135eaceea5a2acfd021b00c9ec153fdae1741b1576e361513f72""}, ""029|4|mirror"": {""image_sha256"": ""9f72bb61d48dd59b058a653aa23c1bfd8798b27122d7417b27d6a84e48592e41"", ""key"": ""3MIDD_048_p04__mirror"", ""rendered_hash_matches_manifest"": false, ""rendered_sha256_manifest"": ""7272d3a8380e1c53060155648a49dc96b22c2bdae607ab976591c5e67e17bf2d"", ""rendered_sha256_observed"": ""fe5664ad8fb1cf4227ca880ff3eaab8106d5900a8d050a44d025f3ca2ae11818""}, ""029|4|original"": {""image_sha256"": ""a2213590cc067a63b6d9027ac537325df2642346f5b200339ce100b64b2ae2ae"", ""key"": ""3MIDD_048_p04__original"", ""rendered_hash_matches_manifest"": false, ""rendered_sha256_manifest"": ""b068b151fff6ad7dddc9c03f9be97a65ae58a0acc44f6ad70e298c166a9052f1"", ""rendered_sha256_observed"": ""e277bd9d0b2d2758cf23bbbe9a1eaedfb6ea9503c272e5b19db662e2c8fc1bf2""}, ""029|5|mirror"": {""image_sha256"": ""fb9353386392c1974dbc4c584fdfacd6711167492e54e5c481558dd4d987abdd"", ""key"": ""3MIDD_048_p05__mirror"", ""rendered_hash_matches_manifest"": false, ""rendered_sha256_manifest"": ""7534be0114b31d7c892fc08d18b989faf13742d8a65cdfcb17201a60cdce9d79"", ""rendered_sha256_observed"": ""238122e498c334c6a42104de3aee64dcc958c0d93163624a5ca61ed6076eb17c""}, ""029|5|original"": {""image_sha256"": ""8c421d48f329fdce70ec385017a55ca019b0eda1ada605fbb260a969cfad57bf"", ""key"": ""3MIDD_048_p05__original"", ""rendered_hash_matches_manifest"": false, ""rendered_sha256_manifest"": ""c4cea68a0cd7b22c133c006f0fd5efb687e79f8547549b7580d20a8f4f044239"", ""rendered_sha256_observed"": ""9d3edacad216b2fabbf82a2b46244320b2ba7b95e5856853cb910c57f4db04bb""}, ""029|6|mirror"": {""image_sha256"": ""2539e65a0e90bbcf7940f8489358d68ca2e72794ffc47f7eea9de4d83873a421"", ""key"": ""3MIDD_048_p06__mirror"", ""rendered_hash_matches_manifest"": false, ""rendered_sha256_manifest"": ""355eef0412c959425875ac1f378309e1db970dbd87806e2a94ff8a5df7817751"", ""rendered_sha256_observed"": ""4744ba7f3ddddef5e613244e941287086f6a1f9894fc3f5e33b883d99cc3e69c""}, ""029|6|original"": {""image_sha256"": ""d9166aeb478c215ddd59c92dee3c5f8331e591539cdbf6ea15da8f3bc829c5a7"", ""key"": ""3MIDD_048_p06__original"", ""rendered_hash_matches_manifest"": false, ""rendered_sha256_manifest"": ""3b0ca74600905a34d807c5e518b0dadc62763cec203734119b92f816134d3365"", ""rendered_sha256_observed"": ""d30baa041727819a706dda1a1c7d83d1b1a9f793d60effda5619c67517789e59""}, ""029|7|mirror"": {""image_sha256"": ""c03e06da1762c4b589c163595a86622c9396bc9173a5e52a948d6e56e131a9d7"", ""key"": ""3MIDD_048_p07__mirror"", ""rendered_hash_matches_manifest"": false, ""rendered_sha256_manifest"": ""f2fdf26272a9f966e67d48b002aa73b53a33b56439a1589b0cdbeecdf4aac812"", ""rendered_sha256_observed"": ""3eac954cc77c27f0e1d9a051de97555513645c480fa4423b609d84f2fdd95106""}, ""029|7|original"": {""image_sha256"": ""592326bd04173d519dd91155d024aea283335c9b3a5ee1adbd65bb3e9d7c02ce"", ""key"": ""3MIDD_048_p07__original"", ""rendered_hash_matches_manifest"": false, ""rendered_sha256_manifest"": ""6b00971f871a2480de03ca9d75d0751c7f7e9115afc377274dd7008d8601e29d"", ""rendered_sha256_observed"": ""a1533a72b12334608bdd552fd9fdde7e0de37004e56302e573e67105b3170f6d""}, ""029|8|mirror"": {""image_sha256"": ""4d409fd7f2e7211c67e53cdd47291c912a592855a96c10591f9fdaae00cf5274"", ""key"": ""3MIDD_048_p08__mirror"", ""rendered_hash_matches_manifest"": false, ""rendered_sha256_manifest"": ""6a43378923a6dc92ab9cb3e3261a4542cfedfa7aba0b678402c61b2b69de1bc1"", ""rendered_sha256_observed"": ""43d088d06bcd7c7d1d53535e17aed0a31e2658e85c5ef0bb2e1fc890de1dc2e1""}, ""029|8|original"": {""image_sha256"": ""9e489be2590f66c123eda42b3a8cf2dc16cab61a6c788e25436002ff33c3bf23"", ""key"": ""3MIDD_048_p08__original"", ""rendered_hash_matches_manifest"": false, ""rendered_sha256_manifest"": ""6df1617532c48b9961f28429fa2794c14533f613d1038278b8c1e5fbcfafa811"", ""rendered_sha256_observed"": ""b9a1cdcdb78d434af31b70623c801c8cf4d64eb31eb82f3818b5206211b20888""}, ""029|9|mirror"": {""image_sha256"": ""590d24d23f57640236e3456066c73c937f94c7aa27318cee3bab578718eb3c72"", ""key"": ""3MIDD_048_p09__mirror"", ""rendered_hash_matches_manifest"": false, ""rendered_sha256_manifest"": ""fffbf428c90dc1a574d44ec590f3025fcb0e6946e6ade239ee2103066e332ffd"", ""rendered_sha256_observed"": ""977daf24eab5d7697a7724086f4ba65c6b79e74eea9e756a3fb89d5ac6915d6b""}, ""029|9|original"": {""image_sha256"": ""b099e4e04c23584b7e1103c4fb6faca25787a2d443f977fd37e962592c6ee560"", ""key"": ""3MIDD_048_p09__original"", ""rendered_hash_matches_manifest"": false, ""rendered_sha256_manifest"": ""f6000bef78eeb2eee55b544e2e92dc4b5f4817718c94242e364664c682512599"", ""rendered_sha256_observed"": ""1ec8d847e014b9317edfe33d2542e6679dc82482fc277dbf482863bfaef62c3f""}, ""030|0|mirror"": {""image_sha256"": ""bae7e04d77f43a177610ccc1d9dfb638fbe01296b69ac462e00fa5b2293a026d"", ""key"": ""3MIDD_048_p00__mirror"", ""rendered_hash_matches_manifest"": false, ""rendered_sha256_manifest"": ""3318e0f201660badacba48c9b8421d631730ce66e4e215031158f9a905899016"", ""rendered_sha256_observed"": ""95ccac4a43b2ce3101428c8ad255378481707b4f230146b8893eff4eea57ffca""}, ""030|0|original"": {""image_sha256"": ""55de889bf77d4ed148146e80de064406871b98fbc6362750a940c6f8d0526965"", ""key"": ""3MIDD_048_p00__original"", ""rendered_hash_matches_manifest"": false, ""rendered_sha256_manifest"": ""c64d770e6191feb1ac7e6eae9ed43e6847f2c5f5a346deaad3597d0b98796435"", ""rendered_sha256_observed"": ""12afbe0d8f29b9563a881012679693f6d2ef8364067a4eb0b1b6bcf4ba988bc3""}, ""030|10|mirror"": {""image_sha256"": ""96cc75d2f496cd2b04177ff0fe242de86e399edae3de87094cef68f8fff3da81"", ""key"": ""3MIDD_048_p10__mirror"", ""rendered_hash_matches_manifest"": false, ""rendered_sha256_manifest"": ""18dd718d50d364030ec34f91333a2b0a598018bf35e8c504e25cc877d2e96685"", ""rendered_sha256_observed"": ""2934d848523f6313a0158319aaf16a6e7cfaa5d6579753909f88d546ab6dfe19""}, ""030|10|original"": {""image_sha256"": ""4550b8320af6cd8f34965ee303437323c51d2f98cc166d0bce5d3f1f7b70aa8e"", ""key"": ""3MIDD_048_p10__original"", ""rendered_hash_matches_manifest"": false, ""rendered_sha256_manifest"": ""63a455c2f57130657be84c4c88aea4168fcea8ee9ba8d15320d57802b2dbeb34"", ""rendered_sha256_observed"": ""e779601fbeaf0348aa19838eacaf39b87f6ecaf697c7d8fb72cd3c10a03179cc""}, ""030|11|mirror"": {""image_sha256"": ""688b0cd10fcede1a61455aaa00e6a41623ef76bf51e194a97252fa035d320011"", ""key"": ""3MIDD_048_p11__mirror"", ""rendered_hash_matches_manifest"": false, ""rendered_sha256_manifest"": ""69ed896a69afe441ef455660ad9ffd953025efe3828d1b9e99673895d65c51f2"", ""rendered_sha256_observed"": ""210950a849d847fc3bcc16eecefeffe46654a115fffd9e1658600f506748f0a0""}, ""030|11|original"": {""image_sha256"": ""7a8f168925cd817566f65f95522d8d907d3d648650604476069565dc5b79c0b8"", ""key"": ""3MIDD_048_p11__original"", ""rendered_hash_matches_manifest"": false, ""rendered_sha256_manifest"": ""eece1064c38f97a155bfd03ba34f7df8a60451e3067af54e3ef554ecc1b1e852"", ""rendered_sha256_observed"": ""3f5234b16e90575e4082bf951b66033f81dac2d8cd6034771ce860f1414797c8""}, ""030|1|mirror"": {""image_sha256"": ""76ae87fe845b5de53b4efdcf569bb157b1e1cc9fadc2b60fe5517d72df68a38e"", ""key"": ""3MIDD_048_p01__mirror"", ""rendered_hash_matches_manifest"": false, ""rendered_sha256_manifest"": ""95504b1bb34d39f2c55d1675935bd2f5be0203be221aad0f465b4ae492d88fb9"", ""rendered_sha256_observed"": ""3a63e882bf189939a01ec47b4c9e738eb16f100a0a4911d8ed3c02b397fe4d38""}, ""030|1|original"": {""image_sha256"": ""b22202e274a4ea56acfb1ad5a84a000e3621004051215da0c5d1e7e7a356bd93"", ""key"": ""3MIDD_048_p01__original"", ""rendered_hash_matches_manifest"": false, ""rendered_sha256_manifest"": ""0b1c2d3ab1dd4c595cca56b1c2354afc8941d05185bc36537ebae1a0b4e863f8"", ""rendered_sha256_observed"": ""6268a51b09defd504cdac90309110fc9cba8efa8015b7525f3151e0f87baf592""}, ""030|2|mirror"": {""image_sha256"": ""4e34f3d68c63e1f5f70aab44089c0e29fda6613480247eb5dd9aa57513fe9726"", ""key"": ""3MIDD_048_p02__mirror"", ""rendered_hash_matches_manifest"": false, ""rendered_sha256_manifest"": ""e805edb26281908117820ac5aeeaa51eb6851d2dd0b1e0655f022c669316b1ed"", ""rendered_sha256_observed"": ""10290257862ec62d129306d7573496554a6db305a688ec221a41866476eeedf9""}, ""030|2|original"": {""image_sha256"": ""5ba531b1b46b3db2b707aec365d91759124b6d9be6e1b4fa913659121dbb0e35"", ""key"": ""3MIDD_048_p02__original"", ""rendered_hash_matches_manifest"": false, ""rendered_sha256_manifest"": ""cb3bcdee86ed1563d6ca820a1f7ed966c9e2db105159a47b083137c0ad345b7c"", ""rendered_sha256_observed"": ""a20ddfccb0fc8806cff1d5843be94f8e40606b63875d207055290d69b9b87637""}, ""030|3|mirror"": {""image_sha256"": ""ffb35a39466db44b67099d2beec9e4a872e7e675248262b0b113bc19f091698f"", ""key"": ""3MIDD_048_p03__mirror"", ""rendered_hash_matches_manifest"": false, ""rendered_sha256_manifest"": ""c58b6afb3158907f2ae38adb5638efc6b64bfcdb8e4d657be564a7b299b98fd3"", ""rendered_sha256_observed"": ""65fa4081b7cd9e8caf3faed1a8ad7b3c36d62f009637e3da2b06155681d1e8be""}, ""030|3|original"": {""image_sha256"": ""60b8be653d5af5a824f3e82b472356750990854ed67d77ac0d5c17e3a1865920"", ""key"": ""3MIDD_048_p03__original"", ""rendered_hash_matches_manifest"": false, ""rendered_sha256_manifest"": ""fdfff2fa8a89e028955e887fb853720cbffefadc4ae56baca47e7d66a472136e"", ""rendered_sha256_observed"": ""2a7933ae1f41135eaceea5a2acfd021b00c9ec153fdae1741b1576e361513f72""}, ""030|4|mirror"": {""image_sha256"": ""9f72bb61d48dd59b058a653aa23c1bfd8798b27122d7417b27d6a84e48592e41"", ""key"": ""3MIDD_048_p04__mirror"", ""rendered_hash_matches_manifest"": false, ""rendered_sha256_manifest"": ""7272d3a8380e1c53060155648a49dc96b22c2bdae607ab976591c5e67e17bf2d"", ""rendered_sha256_observed"": ""fe5664ad8fb1cf4227ca880ff3eaab8106d5900a8d050a44d025f3ca2ae11818""}, ""030|4|original"": {""image_sha256"": ""a2213590cc067a63b6d9027ac537325df2642346f5b200339ce100b64b2ae2ae"", ""key"": ""3MIDD_048_p04__original"", ""rendered_hash_matches_manifest"": false, ""rendered_sha256_manifest"": ""b068b151fff6ad7dddc9c03f9be97a65ae58a0acc44f6ad70e298c166a9052f1"", ""rendered_sha256_observed"": ""e277bd9d0b2d2758cf23bbbe9a1eaedfb6ea9503c272e5b19db662e2c8fc1bf2""}, ""030|5|mirror"": {""image_sha256"": ""fb9353386392c1974dbc4c584fdfacd6711167492e54e5c481558dd4d987abdd"", ""key"": ""3MIDD_048_p05__mirror"", ""rendered_hash_matches_manifest"": false, ""rendered_sha256_manifest"": ""7534be0114b31d7c892fc08d18b989faf13742d8a65cdfcb17201a60cdce9d79"", ""rendered_sha256_observed"": ""238122e498c334c6a42104de3aee64dcc958c0d93163624a5ca61ed6076eb17c""}, ""030|5|original"": {""image_sha256"": ""8c421d48f329fdce70ec385017a55ca019b0eda1ada605fbb260a969cfad57bf"", ""key"": ""3MIDD_048_p05__original"", ""rendered_hash_matches_manifest"": false, ""rendered_sha256_manifest"": ""c4cea68a0cd7b22c133c006f0fd5efb687e79f8547549b7580d20a8f4f044239"", ""rendered_sha256_observed"": ""9d3edacad216b2fabbf82a2b46244320b2ba7b95e5856853cb910c57f4db04bb""}, ""030|6|mirror"": {""image_sha256"": ""2539e65a0e90bbcf7940f8489358d68ca2e72794ffc47f7eea9de4d83873a421"", ""key"": ""3MIDD_048_p06__mirror"", ""rendered_hash_matches_manifest"": false, ""rendered_sha256_manifest"": ""355eef0412c959425875ac1f378309e1db970dbd87806e2a94ff8a5df7817751"", ""rendered_sha256_observed"": ""4744ba7f3ddddef5e613244e941287086f6a1f9894fc3f5e33b883d99cc3e69c""}, ""030|6|original"": {""image_sha256"": ""d9166aeb478c215ddd59c92dee3c5f8331e591539cdbf6ea15da8f3bc829c5a7"", ""key"": ""3MIDD_048_p06__original"", ""rendered_hash_matches_manifest"": false, ""rendered_sha256_manifest"": ""3b0ca74600905a34d807c5e518b0dadc62763cec203734119b92f816134d3365"", ""rendered_sha256_observed"": ""d30baa041727819a706dda1a1c7d83d1b1a9f793d60effda5619c67517789e59""}, ""030|7|mirror"": {""image_sha256"": ""c03e06da1762c4b589c163595a86622c9396bc9173a5e52a948d6e56e131a9d7"", ""key"": ""3MIDD_048_p07__mirror"", ""rendered_hash_matches_manifest"": false, ""rendered_sha256_manifest"": ""f2fdf26272a9f966e67d48b002aa73b53a33b56439a1589b0cdbeecdf4aac812"", ""rendered_sha256_observed"": ""3eac954cc77c27f0e1d9a051de97555513645c480fa4423b609d84f2fdd95106""}, ""030|7|original"": {""image_sha256"": ""592326bd04173d519dd91155d024aea283335c9b3a5ee1adbd65bb3e9d7c02ce"", ""key"": ""3MIDD_048_p07__original"", ""rendered_hash_matches_manifest"": false, ""rendered_sha256_manifest"": ""6b00971f871a2480de03ca9d75d0751c7f7e9115afc377274dd7008d8601e29d"", ""rendered_sha256_observed"": ""a1533a72b12334608bdd552fd9fdde7e0de37004e56302e573e67105b3170f6d""}, ""030|8|mirror"": {""image_sha256"": ""4d409fd7f2e7211c67e53cdd47291c912a592855a96c10591f9fdaae00cf5274"", ""key"": ""3MIDD_048_p08__mirror"", ""rendered_hash_matches_manifest"": false, ""rendered_sha256_manifest"": ""6a43378923a6dc92ab9cb3e3261a4542cfedfa7aba0b678402c61b2b69de1bc1"", ""rendered_sha256_observed"": ""43d088d06bcd7c7d1d53535e17aed0a31e2658e85c5ef0bb2e1fc890de1dc2e1""}, ""030|8|original"": {""image_sha256"": ""9e489be2590f66c123eda42b3a8cf2dc16cab61a6c788e25436002ff33c3bf23"", ""key"": ""3MIDD_048_p08__original"", ""rendered_hash_matches_manifest"": false, ""rendered_sha256_manifest"": ""6df1617532c48b9961f28429fa2794c14533f613d1038278b8c1e5fbcfafa811"", ""rendered_sha256_observed"": ""b9a1cdcdb78d434af31b70623c801c8cf4d64eb31eb82f3818b5206211b20888""}, ""030|9|mirror"": {""image_sha256"": ""590d24d23f57640236e3456066c73c937f94c7aa27318cee3bab578718eb3c72"", ""key"": ""3MIDD_048_p09__mirror"", ""rendered_hash_matches_manifest"": false, ""rendered_sha256_manifest"": ""fffbf428c90dc1a574d44ec590f3025fcb0e6946e6ade239ee2103066e332ffd"", ""rendered_sha256_observed"": ""977daf24eab5d7697a7724086f4ba65c6b79e74eea9e756a3fb89d5ac6915d6b""}, ""030|9|original"": {""image_sha256"": ""b099e4e04c23584b7e1103c4fb6faca25787a2d443f977fd37e962592c6ee560"", ""key"": ""3MIDD_048_p09__original"", ""rendered_hash_matches_manifest"": false, ""rendered_sha256_manifest"": ""f6000bef78eeb2eee55b544e2e92dc4b5f4817718c94242e364664c682512599"", ""rendered_sha256_observed"": ""1ec8d847e014b9317edfe33d2542e6679dc82482fc277dbf482863bfaef62c3f""}, ""031|0|mirror"": {""image_sha256"": ""bae7e04d77f43a177610ccc1d9dfb638fbe01296b69ac462e00fa5b2293a026d"", ""key"": ""3MIDD_048_p00__mirror"", ""rendered_hash_matches_manifest"": false, ""rendered_sha256_manifest"": ""3318e0f201660badacba48c9b8421d631730ce66e4e215031158f9a905899016"", ""rendered_sha256_observed"": ""95ccac4a43b2ce3101428c8ad255378481707b4f230146b8893eff4eea57ffca""}, ""031|0|original"": {""image_sha256"": ""55de889bf77d4ed148146e80de064406871b98fbc6362750a940c6f8d0526965"", ""key"": ""3MIDD_048_p00__original"", ""rendered_hash_matches_manifest"": false, ""rendered_sha256_manifest"": ""c64d770e6191feb1ac7e6eae9ed43e6847f2c5f5a346deaad3597d0b98796435"", ""rendered_sha256_observed"": ""12afbe0d8f29b9563a881012679693f6d2ef8364067a4eb0b1b6bcf4ba988bc3""}, ""031|10|mirror"": {""image_sha256"": ""96cc75d2f496cd2b04177ff0fe242de86e399edae3de87094cef68f8fff3da81"", ""key"": ""3MIDD_048_p10__mirror"", ""rendered_hash_matches_manifest"": false, ""rendered_sha256_manifest"": ""18dd718d50d364030ec34f91333a2b0a598018bf35e8c504e25cc877d2e96685"", ""rendered_sha256_observed"": ""2934d848523f6313a0158319aaf16a6e7cfaa5d6579753909f88d546ab6dfe19""}, ""031|10|original"": {""image_sha256"": ""4550b8320af6cd8f34965ee303437323c51d2f98cc166d0bce5d3f1f7b70aa8e"", ""key"": ""3MIDD_048_p10__original"", ""rendered_hash_matches_manifest"": false, ""rendered_sha256_manifest"": ""63a455c2f57130657be84c4c88aea4168fcea8ee9ba8d15320d57802b2dbeb34"", ""rendered_sha256_observed"": ""e779601fbeaf0348aa19838eacaf39b87f6ecaf697c7d8fb72cd3c10a03179cc""}, ""031|11|mirror"": {""image_sha256"": ""688b0cd10fcede1a61455aaa00e6a41623ef76bf51e194a97252fa035d320011"", ""key"": ""3MIDD_048_p11__mirror"", ""rendered_hash_matches_manifest"": false, ""rendered_sha256_manifest"": ""69ed896a69afe441ef455660ad9ffd953025efe3828d1b9e99673895d65c51f2"", ""rendered_sha256_observed"": ""210950a849d847fc3bcc16eecefeffe46654a115fffd9e1658600f506748f0a0""}, ""031|11|original"": {""image_sha256"": ""7a8f168925cd817566f65f95522d8d907d3d648650604476069565dc5b79c0b8"", ""key"": ""3MIDD_048_p11__original"", ""rendered_hash_matches_manifest"": false, ""rendered_sha256_manifest"": ""eece1064c38f97a155bfd03ba34f7df8a60451e3067af54e3ef554ecc1b1e852"", ""rendered_sha256_observed"": ""3f5234b16e90575e4082bf951b66033f81dac2d8cd6034771ce860f1414797c8""}, ""031|1|mirror"": {""image_sha256"": ""76ae87fe845b5de53b4efdcf569bb157b1e1cc9fadc2b60fe5517d72df68a38e"", ""key"": ""3MIDD_048_p01__mirror"", ""rendered_hash_matches_manifest"": false, ""rendered_sha256_manifest"": ""95504b1bb34d39f2c55d1675935bd2f5be0203be221aad0f465b4ae492d88fb9"", ""rendered_sha256_observed"": ""3a63e882bf189939a01ec47b4c9e738eb16f100a0a4911d8ed3c02b397fe4d38""}, ""031|1|original"": {""image_sha256"": ""b22202e274a4ea56acfb1ad5a84a000e3621004051215da0c5d1e7e7a356bd93"", ""key"": ""3MIDD_048_p01__original"", ""rendered_hash_matches_manifest"": false, ""rendered_sha256_manifest"": ""0b1c2d3ab1dd4c595cca56b1c2354afc8941d05185bc36537ebae1a0b4e863f8"", ""rendered_sha256_observed"": ""6268a51b09defd504cdac90309110fc9cba8efa8015b7525f3151e0f87baf592""}, ""031|2|mirror"": {""image_sha256"": ""4e34f3d68c63e1f5f70aab44089c0e29fda6613480247eb5dd9aa57513fe9726"", ""key"": ""3MIDD_048_p02__mirror"", ""rendered_hash_matches_manifest"": false, ""rendered_sha256_manifest"": ""e805edb26281908117820ac5aeeaa51eb6851d2dd0b1e0655f022c669316b1ed"", ""rendered_sha256_observed"": ""10290257862ec62d129306d7573496554a6db305a688ec221a41866476eeedf9""}, ""031|2|original"": {""image_sha256"": ""5ba531b1b46b3db2b707aec365d91759124b6d9be6e1b4fa913659121dbb0e35"", ""key"": ""3MIDD_048_p02__original"", ""rendered_hash_matches_manifest"": false, ""rendered_sha256_manifest"": ""cb3bcdee86ed1563d6ca820a1f7ed966c9e2db105159a47b083137c0ad345b7c"", ""rendered_sha256_observed"": ""a20ddfccb0fc8806cff1d5843be94f8e40606b63875d207055290d69b9b87637""}, ""031|3|mirror"": {""image_sha256"": ""ffb35a39466db44b67099d2beec9e4a872e7e675248262b0b113bc19f091698f"", ""key"": ""3MIDD_048_p03__mirror"", ""rendered_hash_matches_manifest"": false, ""rendered_sha256_manifest"": ""c58b6afb3158907f2ae38adb5638efc6b64bfcdb8e4d657be564a7b299b98fd3"", ""rendered_sha256_observed"": ""65fa4081b7cd9e8caf3faed1a8ad7b3c36d62f009637e3da2b06155681d1e8be""}, ""031|3|original"": {""image_sha256"": ""60b8be653d5af5a824f3e82b472356750990854ed67d77ac0d5c17e3a1865920"", ""key"": ""3MIDD_048_p03__original"", ""rendered_hash_matches_manifest"": false, ""rendered_sha256_manifest"": ""fdfff2fa8a89e028955e887fb853720cbffefadc4ae56baca47e7d66a472136e"", ""rendered_sha256_observed"": ""2a7933ae1f41135eaceea5a2acfd021b00c9ec153fdae1741b1576e361513f72""}, ""031|4|mirror"": {""image_sha256"": ""9f72bb61d48dd59b058a653aa23c1bfd8798b27122d7417b27d6a84e48592e41"", ""key"": ""3MIDD_048_p04__mirror"", ""rendered_hash_matches_manifest"": false, ""rendered_sha256_manifest"": ""7272d3a8380e1c53060155648a49dc96b22c2bdae607ab976591c5e67e17bf2d"", ""rendered_sha256_observed"": ""fe5664ad8fb1cf4227ca880ff3eaab8106d5900a8d050a44d025f3ca2ae11818""}, ""031|4|original"": {""image_sha256"": ""a2213590cc067a63b6d9027ac537325df2642346f5b200339ce100b64b2ae2ae"", ""key"": ""3MIDD_048_p04__original"", ""rendered_hash_matches_manifest"": false, ""rendered_sha256_manifest"": ""b068b151fff6ad7dddc9c03f9be97a65ae58a0acc44f6ad70e298c166a9052f1"", ""rendered_sha256_observed"": ""e277bd9d0b2d2758cf23bbbe9a1eaedfb6ea9503c272e5b19db662e2c8fc1bf2""}, ""031|5|mirror"": {""image_sha256"": ""fb9353386392c1974dbc4c584fdfacd6711167492e54e5c481558dd4d987abdd"", ""key"": ""3MIDD_048_p05__mirror"", ""rendered_hash_matches_manifest"": false, ""rendered_sha256_manifest"": ""7534be0114b31d7c892fc08d18b989faf13742d8a65cdfcb17201a60cdce9d79"", ""rendered_sha256_observed"": ""238122e498c334c6a42104de3aee64dcc958c0d93163624a5ca61ed6076eb17c""}, ""031|5|original"": {""image_sha256"": ""8c421d48f329fdce70ec385017a55ca019b0eda1ada605fbb260a969cfad57bf"", ""key"": ""3MIDD_048_p05__original"", ""rendered_hash_matches_manifest"": false, ""rendered_sha256_manifest"": ""c4cea68a0cd7b22c133c006f0fd5efb687e79f8547549b7580d20a8f4f044239"", ""rendered_sha256_observed"": ""9d3edacad216b2fabbf82a2b46244320b2ba7b95e5856853cb910c57f4db04bb""}, ""031|6|mirror"": {""image_sha256"": ""2539e65a0e90bbcf7940f8489358d68ca2e72794ffc47f7eea9de4d83873a421"", ""key"": ""3MIDD_048_p06__mirror"", ""rendered_hash_matches_manifest"": false, ""rendered_sha256_manifest"": ""355eef0412c959425875ac1f378309e1db970dbd87806e2a94ff8a5df7817751"", ""rendered_sha256_observed"": ""4744ba7f3ddddef5e613244e941287086f6a1f9894fc3f5e33b883d99cc3e69c""}, ""031|6|original"": {""image_sha256"": ""d9166aeb478c215ddd59c92dee3c5f8331e591539cdbf6ea15da8f3bc829c5a7"", ""key"": ""3MIDD_048_p06__original"", ""rendered_hash_matches_manifest"": false, ""rendered_sha256_manifest"": ""3b0ca74600905a34d807c5e518b0dadc62763cec203734119b92f816134d3365"", ""rendered_sha256_observed"": ""d30baa041727819a706dda1a1c7d83d1b1a9f793d60effda5619c67517789e59""}, ""031|7|mirror"": {""image_sha256"": ""c03e06da1762c4b589c163595a86622c9396bc9173a5e52a948d6e56e131a9d7"", ""key"": ""3MIDD_048_p07__mirror"", ""rendered_hash_matches_manifest"": false, ""rendered_sha256_manifest"": ""f2fdf26272a9f966e67d48b002aa73b53a33b56439a1589b0cdbeecdf4aac812"", ""rendered_sha256_observed"": ""3eac954cc77c27f0e1d9a051de97555513645c480fa4423b609d84f2fdd95106""}, ""031|7|original"": {""image_sha256"": ""592326bd04173d519dd91155d024aea283335c9b3a5ee1adbd65bb3e9d7c02ce"", ""key"": ""3MIDD_048_p07__original"", ""rendered_hash_matches_manifest"": false, ""rendered_sha256_manifest"": ""6b00971f871a2480de03ca9d75d0751c7f7e9115afc377274dd7008d8601e29d"", ""rendered_sha256_observed"": ""a1533a72b12334608bdd552fd9fdde7e0de37004e56302e573e67105b3170f6d""}, ""031|8|mirror"": {""image_sha256"": ""4d409fd7f2e7211c67e53cdd47291c912a592855a96c10591f9fdaae00cf5274"", ""key"": ""3MIDD_048_p08__mirror"", ""rendered_hash_matches_manifest"": false, ""rendered_sha256_manifest"": ""6a43378923a6dc92ab9cb3e3261a4542cfedfa7aba0b678402c61b2b69de1bc1"", ""rendered_sha256_observed"": ""43d088d06bcd7c7d1d53535e17aed0a31e2658e85c5ef0bb2e1fc890de1dc2e1""}, ""031|8|original"": {""image_sha256"": ""9e489be2590f66c123eda42b3a8cf2dc16cab61a6c788e25436002ff33c3bf23"", ""key"": ""3MIDD_048_p08__original"", ""rendered_hash_matches_manifest"": false, ""rendered_sha256_manifest"": ""6df1617532c48b9961f28429fa2794c14533f613d1038278b8c1e5fbcfafa811"", ""rendered_sha256_observed"": ""b9a1cdcdb78d434af31b70623c801c8cf4d64eb31eb82f3818b5206211b20888""}, ""031|9|mirror"": {""image_sha256"": ""590d24d23f57640236e3456066c73c937f94c7aa27318cee3bab578718eb3c72"", ""key"": ""3MIDD_048_p09__mirror"", ""rendered_hash_matches_manifest"": false, ""rendered_sha256_manifest"": ""fffbf428c90dc1a574d44ec590f3025fcb0e6946e6ade239ee2103066e332ffd"", ""rendered_sha256_observed"": ""977daf24eab5d7697a7724086f4ba65c6b79e74eea9e756a3fb89d5ac6915d6b""}, ""031|9|original"": {""image_sha256"": ""b099e4e04c23584b7e1103c4fb6faca25787a2d443f977fd37e962592c6ee560"", ""key"": ""3MIDD_048_p09__original"", ""rendered_hash_matches_manifest"": false, ""rendered_sha256_manifest"": ""f6000bef78eeb2eee55b544e2e92dc4b5f4817718c94242e364664c682512599"", ""rendered_sha256_observed"": ""1ec8d847e014b9317edfe33d2542e6679dc82482fc277dbf482863bfaef62c3f""}, ""032|0|mirror"": {""image_sha256"": ""bae7e04d77f43a177610ccc1d9dfb638fbe01296b69ac462e00fa5b2293a026d"", ""key"": ""3MIDD_048_p00__mirror"", ""rendered_hash_matches_manifest"": false, ""rendered_sha256_manifest"": ""3318e0f201660badacba48c9b8421d631730ce66e4e215031158f9a905899016"", ""rendered_sha256_observed"": ""95ccac4a43b2ce3101428c8ad255378481707b4f230146b8893eff4eea57ffca""}, ""032|0|original"": {""image_sha256"": ""55de889bf77d4ed148146e80de064406871b98fbc6362750a940c6f8d0526965"", ""key"": ""3MIDD_048_p00__original"", ""rendered_hash_matches_manifest"": false, ""rendered_sha256_manifest"": ""c64d770e6191feb1ac7e6eae9ed43e6847f2c5f5a346deaad3597d0b98796435"", ""rendered_sha256_observed"": ""12afbe0d8f29b9563a881012679693f6d2ef8364067a4eb0b1b6bcf4ba988bc3""}, ""032|10|mirror"": {""image_sha256"": ""96cc75d2f496cd2b04177ff0fe242de86e399edae3de87094cef68f8fff3da81"", ""key"": ""3MIDD_048_p10__mirror"", ""rendered_hash_matches_manifest"": false, ""rendered_sha256_manifest"": ""18dd718d50d364030ec34f91333a2b0a598018bf35e8c504e25cc877d2e96685"", ""rendered_sha256_observed"": ""2934d848523f6313a0158319aaf16a6e7cfaa5d6579753909f88d546ab6dfe19""}, ""032|10|original"": {""image_sha256"": ""4550b8320af6cd8f34965ee303437323c51d2f98cc166d0bce5d3f1f7b70aa8e"", ""key"": ""3MIDD_048_p10__original"", ""rendered_hash_matches_manifest"": false, ""rendered_sha256_manifest"": ""63a455c2f57130657be84c4c88aea4168fcea8ee9ba8d15320d57802b2dbeb34"", ""rendered_sha256_observed"": ""e779601fbeaf0348aa19838eacaf39b87f6ecaf697c7d8fb72cd3c10a03179cc""}, ""032|11|mirror"": {""image_sha256"": ""688b0cd10fcede1a61455aaa00e6a41623ef76bf51e194a97252fa035d320011"", ""key"": ""3MIDD_048_p11__mirror"", ""rendered_hash_matches_manifest"": false, ""rendered_sha256_manifest"": ""69ed896a69afe441ef455660ad9ffd953025efe3828d1b9e99673895d65c51f2"", ""rendered_sha256_observed"": ""210950a849d847fc3bcc16eecefeffe46654a115fffd9e1658600f506748f0a0""}, ""032|11|original"": {""image_sha256"": ""7a8f168925cd817566f65f95522d8d907d3d648650604476069565dc5b79c0b8"", ""key"": ""3MIDD_048_p11__original"", ""rendered_hash_matches_manifest"": false, ""rendered_sha256_manifest"": ""eece1064c38f97a155bfd03ba34f7df8a60451e3067af54e3ef554ecc1b1e852"", ""rendered_sha256_observed"": ""3f5234b16e90575e4082bf951b66033f81dac2d8cd6034771ce860f1414797c8""}, ""032|1|mirror"": {""image_sha256"": ""76ae87fe845b5de53b4efdcf569bb157b1e1cc9fadc2b60fe5517d72df68a38e"", ""key"": ""3MIDD_048_p01__mirror"", ""rendered_hash_matches_manifest"": false, ""rendered_sha256_manifest"": ""95504b1bb34d39f2c55d1675935bd2f5be0203be221aad0f465b4ae492d88fb9"", ""rendered_sha256_observed"": ""3a63e882bf189939a01ec47b4c9e738eb16f100a0a4911d8ed3c02b397fe4d38""}, ""032|1|original"": {""image_sha256"": ""b22202e274a4ea56acfb1ad5a84a000e3621004051215da0c5d1e7e7a356bd93"", ""key"": ""3MIDD_048_p01__original"", ""rendered_hash_matches_manifest"": false, ""rendered_sha256_manifest"": ""0b1c2d3ab1dd4c595cca56b1c2354afc8941d05185bc36537ebae1a0b4e863f8"", ""rendered_sha256_observed"": ""6268a51b09defd504cdac90309110fc9cba8efa8015b7525f3151e0f87baf592""}, ""032|2|mirror"": {""image_sha256"": ""4e34f3d68c63e1f5f70aab44089c0e29fda6613480247eb5dd9aa57513fe9726"", ""key"": ""3MIDD_048_p02__mirror"", ""rendered_hash_matches_manifest"": false, ""rendered_sha256_manifest"": ""e805edb26281908117820ac5aeeaa51eb6851d2dd0b1e0655f022c669316b1ed"", ""rendered_sha256_observed"": ""10290257862ec62d129306d7573496554a6db305a688ec221a41866476eeedf9""}, ""032|2|original"": {""image_sha256"": ""5ba531b1b46b3db2b707aec365d91759124b6d9be6e1b4fa913659121dbb0e35"", ""key"": ""3MIDD_048_p02__original"", ""rendered_hash_matches_manifest"": false, ""rendered_sha256_manifest"": ""cb3bcdee86ed1563d6ca820a1f7ed966c9e2db105159a47b083137c0ad345b7c"", ""rendered_sha256_observed"": ""a20ddfccb0fc8806cff1d5843be94f8e40606b63875d207055290d69b9b87637""}, ""032|3|mirror"": {""image_sha256"": ""ffb35a39466db44b67099d2beec9e4a872e7e675248262b0b113bc19f091698f"", ""key"": ""3MIDD_048_p03__mirror"", ""rendered_hash_matches_manifest"": false, ""rendered_sha256_manifest"": ""c58b6afb3158907f2ae38adb5638efc6b64bfcdb8e4d657be564a7b299b98fd3"", ""rendered_sha256_observed"": ""65fa4081b7cd9e8caf3faed1a8ad7b3c36d62f009637e3da2b06155681d1e8be""}, ""032|3|original"": {""image_sha256"": ""60b8be653d5af5a824f3e82b472356750990854ed67d77ac0d5c17e3a1865920"", ""key"": ""3MIDD_048_p03__original"", ""rendered_hash_matches_manifest"": false, ""rendered_sha256_manifest"": ""fdfff2fa8a89e028955e887fb853720cbffefadc4ae56baca47e7d66a472136e"", ""rendered_sha256_observed"": ""2a7933ae1f41135eaceea5a2acfd021b00c9ec153fdae1741b1576e361513f72""}, ""032|4|mirror"": {""image_sha256"": ""9f72bb61d48dd59b058a653aa23c1bfd8798b27122d7417b27d6a84e48592e41"", ""key"": ""3MIDD_048_p04__mirror"", ""rendered_hash_matches_manifest"": false, ""rendered_sha256_manifest"": ""7272d3a8380e1c53060155648a49dc96b22c2bdae607ab976591c5e67e17bf2d"", ""rendered_sha256_observed"": ""fe5664ad8fb1cf4227ca880ff3eaab8106d5900a8d050a44d025f3ca2ae11818""}, ""032|4|original"": {""image_sha256"": ""a2213590cc067a63b6d9027ac537325df2642346f5b200339ce100b64b2ae2ae"", ""key"": ""3MIDD_048_p04__original"", ""rendered_hash_matches_manifest"": false, ""rendered_sha256_manifest"": ""b068b151fff6ad7dddc9c03f9be97a65ae58a0acc44f6ad70e298c166a9052f1"", ""rendered_sha256_observed"": ""e277bd9d0b2d2758cf23bbbe9a1eaedfb6ea9503c272e5b19db662e2c8fc1bf2""}, ""032|5|mirror"": {""image_sha256"": ""fb9353386392c1974dbc4c584fdfacd6711167492e54e5c481558dd4d987abdd"", ""key"": ""3MIDD_048_p05__mirror"", ""rendered_hash_matches_manifest"": false, ""rendered_sha256_manifest"": ""7534be0114b31d7c892fc08d18b989faf13742d8a65cdfcb17201a60cdce9d79"", ""rendered_sha256_observed"": ""238122e498c334c6a42104de3aee64dcc958c0d93163624a5ca61ed6076eb17c""}, ""032|5|original"": {""image_sha256"": ""8c421d48f329fdce70ec385017a55ca019b0eda1ada605fbb260a969cfad57bf"", ""key"": ""3MIDD_048_p05__original"", ""rendered_hash_matches_manifest"": false, ""rendered_sha256_manifest"": ""c4cea68a0cd7b22c133c006f0fd5efb687e79f8547549b7580d20a8f4f044239"", ""rendered_sha256_observed"": ""9d3edacad216b2fabbf82a2b46244320b2ba7b95e5856853cb910c57f4db04bb""}, ""032|6|mirror"": {""image_sha256"": ""2539e65a0e90bbcf7940f8489358d68ca2e72794ffc47f7eea9de4d83873a421"", ""key"": ""3MIDD_048_p06__mirror"", ""rendered_hash_matches_manifest"": false, ""rendered_sha256_manifest"": ""355eef0412c959425875ac1f378309e1db970dbd87806e2a94ff8a5df7817751"", ""rendered_sha256_observed"": ""4744ba7f3ddddef5e613244e941287086f6a1f9894fc3f5e33b883d99cc3e69c""}, ""032|6|original"": {""image_sha256"": ""d9166aeb478c215ddd59c92dee3c5f8331e591539cdbf6ea15da8f3bc829c5a7"", ""key"": ""3MIDD_048_p06__original"", ""rendered_hash_matches_manifest"": false, ""rendered_sha256_manifest"": ""3b0ca74600905a34d807c5e518b0dadc62763cec203734119b92f816134d3365"", ""rendered_sha256_observed"": ""d30baa041727819a706dda1a1c7d83d1b1a9f793d60effda5619c67517789e59""}, ""032|7|mirror"": {""image_sha256"": ""c03e06da1762c4b589c163595a86622c9396bc9173a5e52a948d6e56e131a9d7"", ""key"": ""3MIDD_048_p07__mirror"", ""rendered_hash_matches_manifest"": false, ""rendered_sha256_manifest"": ""f2fdf26272a9f966e67d48b002aa73b53a33b56439a1589b0cdbeecdf4aac812"", ""rendered_sha256_observed"": ""3eac954cc77c27f0e1d9a051de97555513645c480fa4423b609d84f2fdd95106""}, ""032|7|original"": {""image_sha256"": ""592326bd04173d519dd91155d024aea283335c9b3a5ee1adbd65bb3e9d7c02ce"", ""key"": ""3MIDD_048_p07__original"", ""rendered_hash_matches_manifest"": false, ""rendered_sha256_manifest"": ""6b00971f871a2480de03ca9d75d0751c7f7e9115afc377274dd7008d8601e29d"", ""rendered_sha256_observed"": ""a1533a72b12334608bdd552fd9fdde7e0de37004e56302e573e67105b3170f6d""}, ""032|8|mirror"": {""image_sha256"": ""4d409fd7f2e7211c67e53cdd47291c912a592855a96c10591f9fdaae00cf5274"", ""key"": ""3MIDD_048_p08__mirror"", ""rendered_hash_matches_manifest"": false, ""rendered_sha256_manifest"": ""6a43378923a6dc92ab9cb3e3261a4542cfedfa7aba0b678402c61b2b69de1bc1"", ""rendered_sha256_observed"": ""43d088d06bcd7c7d1d53535e17aed0a31e2658e85c5ef0bb2e1fc890de1dc2e1""}, ""032|8|original"": {""image_sha256"": ""9e489be2590f66c123eda42b3a8cf2dc16cab61a6c788e25436002ff33c3bf23"", ""key"": ""3MIDD_048_p08__original"", ""rendered_hash_matches_manifest"": false, ""rendered_sha256_manifest"": ""6df1617532c48b9961f28429fa2794c14533f613d1038278b8c1e5fbcfafa811"", ""rendered_sha256_observed"": ""b9a1cdcdb78d434af31b70623c801c8cf4d64eb31eb82f3818b5206211b20888""}, ""032|9|mirror"": {""image_sha256"": ""590d24d23f57640236e3456066c73c937f94c7aa27318cee3bab578718eb3c72"", ""key"": ""3MIDD_048_p09__mirror"", ""rendered_hash_matches_manifest"": false, ""rendered_sha256_manifest"": ""fffbf428c90dc1a574d44ec590f3025fcb0e6946e6ade239ee2103066e332ffd"", ""rendered_sha256_observed"": ""977daf24eab5d7697a7724086f4ba65c6b79e74eea9e756a3fb89d5ac6915d6b""}, ""032|9|original"": {""image_sha256"": ""b099e4e04c23584b7e1103c4fb6faca25787a2d443f977fd37e962592c6ee560"", ""key"": ""3MIDD_048_p09__original"", ""rendered_hash_matches_manifest"": false, ""rendered_sha256_manifest"": ""f6000bef78eeb2eee55b544e2e92dc4b5f4817718c94242e364664c682512599"", ""rendered_sha256_observed"": ""1ec8d847e014b9317edfe33d2542e6679dc82482fc277dbf482863bfaef62c3f""}, ""033|0|mirror"": {""image_sha256"": ""bae7e04d77f43a177610ccc1d9dfb638fbe01296b69ac462e00fa5b2293a026d"", ""key"": ""3MIDD_048_p00__mirror"", ""rendered_hash_matches_manifest"": false, ""rendered_sha256_manifest"": ""3318e0f201660badacba48c9b8421d631730ce66e4e215031158f9a905899016"", ""rendered_sha256_observed"": ""95ccac4a43b2ce3101428c8ad255378481707b4f230146b8893eff4eea57ffca""}, ""033|0|original"": {""image_sha256"": ""55de889bf77d4ed148146e80de064406871b98fbc6362750a940c6f8d0526965"", ""key"": ""3MIDD_048_p00__original"", ""rendered_hash_matches_manifest"": false, ""rendered_sha256_manifest"": ""c64d770e6191feb1ac7e6eae9ed43e6847f2c5f5a346deaad3597d0b98796435"", ""rendered_sha256_observed"": ""12afbe0d8f29b9563a881012679693f6d2ef8364067a4eb0b1b6bcf4ba988bc3""}, ""033|10|mirror"": {""image_sha256"": ""96cc75d2f496cd2b04177ff0fe242de86e399edae3de87094cef68f8fff3da81"", ""key"": ""3MIDD_048_p10__mirror"", ""rendered_hash_matches_manifest"": false, ""rendered_sha256_manifest"": ""18dd718d50d364030ec34f91333a2b0a598018bf35e8c504e25cc877d2e96685"", ""rendered_sha256_observed"": ""2934d848523f6313a0158319aaf16a6e7cfaa5d6579753909f88d546ab6dfe19""}, ""033|10|original"": {""image_sha256"": ""4550b8320af6cd8f34965ee303437323c51d2f98cc166d0bce5d3f1f7b70aa8e"", ""key"": ""3MIDD_048_p10__original"", ""rendered_hash_matches_manifest"": false, ""rendered_sha256_manifest"": ""63a455c2f57130657be84c4c88aea4168fcea8ee9ba8d15320d57802b2dbeb34"", ""rendered_sha256_observed"": ""e779601fbeaf0348aa19838eacaf39b87f6ecaf697c7d8fb72cd3c10a03179cc""}, ""033|11|mirror"": {""image_sha256"": ""688b0cd10fcede1a61455aaa00e6a41623ef76bf51e194a97252fa035d320011"", ""key"": ""3MIDD_048_p11__mirror"", ""rendered_hash_matches_manifest"": false, ""rendered_sha256_manifest"": ""69ed896a69afe441ef455660ad9ffd953025efe3828d1b9e99673895d65c51f2"", ""rendered_sha256_observed"": ""210950a849d847fc3bcc16eecefeffe46654a115fffd9e1658600f506748f0a0""}, ""033|11|original"": {""image_sha256"": ""7a8f168925cd817566f65f95522d8d907d3d648650604476069565dc5b79c0b8"", ""key"": ""3MIDD_048_p11__original"", ""rendered_hash_matches_manifest"": false, ""rendered_sha256_manifest"": ""eece1064c38f97a155bfd03ba34f7df8a60451e3067af54e3ef554ecc1b1e852"", ""rendered_sha256_observed"": ""3f5234b16e90575e4082bf951b66033f81dac2d8cd6034771ce860f1414797c8""}, ""033|1|mirror"": {""image_sha256"": ""76ae87fe845b5de53b4efdcf569bb157b1e1cc9fadc2b60fe5517d72df68a38e"", ""key"": ""3MIDD_048_p01__mirror"", ""rendered_hash_matches_manifest"": false, ""rendered_sha256_manifest"": ""95504b1bb34d39f2c55d1675935bd2f5be0203be221aad0f465b4ae492d88fb9"", ""rendered_sha256_observed"": ""3a63e882bf189939a01ec47b4c9e738eb16f100a0a4911d8ed3c02b397fe4d38""}, ""033|1|original"": {""image_sha256"": ""b22202e274a4ea56acfb1ad5a84a000e3621004051215da0c5d1e7e7a356bd93"", ""key"": ""3MIDD_048_p01__original"", ""rendered_hash_matches_manifest"": false, ""rendered_sha256_manifest"": ""0b1c2d3ab1dd4c595cca56b1c2354afc8941d05185bc36537ebae1a0b4e863f8"", ""rendered_sha256_observed"": ""6268a51b09defd504cdac90309110fc9cba8efa8015b7525f3151e0f87baf592""}, ""033|2|mirror"": {""image_sha256"": ""4e34f3d68c63e1f5f70aab44089c0e29fda6613480247eb5dd9aa57513fe9726"", ""key"": ""3MIDD_048_p02__mirror"", ""rendered_hash_matches_manifest"": false, ""rendered_sha256_manifest"": ""e805edb26281908117820ac5aeeaa51eb6851d2dd0b1e0655f022c669316b1ed"", ""rendered_sha256_observed"": ""10290257862ec62d129306d7573496554a6db305a688ec221a41866476eeedf9""}, ""033|2|original"": {""image_sha256"": ""5ba531b1b46b3db2b707aec365d91759124b6d9be6e1b4fa913659121dbb0e35"", ""key"": ""3MIDD_048_p02__original"", ""rendered_hash_matches_manifest"": false, ""rendered_sha256_manifest"": ""cb3bcdee86ed1563d6ca820a1f7ed966c9e2db105159a47b083137c0ad345b7c"", ""rendered_sha256_observed"": ""a20ddfccb0fc8806cff1d5843be94f8e40606b63875d207055290d69b9b87637""}, ""033|3|mirror"": {""image_sha256"": ""ffb35a39466db44b67099d2beec9e4a872e7e675248262b0b113bc19f091698f"", ""key"": ""3MIDD_048_p03__mirror"", ""rendered_hash_matches_manifest"": false, ""rendered_sha256_manifest"": ""c58b6afb3158907f2ae38adb5638efc6b64bfcdb8e4d657be564a7b299b98fd3"", ""rendered_sha256_observed"": ""65fa4081b7cd9e8caf3faed1a8ad7b3c36d62f009637e3da2b06155681d1e8be""}, ""033|3|original"": {""image_sha256"": ""60b8be653d5af5a824f3e82b472356750990854ed67d77ac0d5c17e3a1865920"", ""key"": ""3MIDD_048_p03__original"", ""rendered_hash_matches_manifest"": false, ""rendered_sha256_manifest"": ""fdfff2fa8a89e028955e887fb853720cbffefadc4ae56baca47e7d66a472136e"", ""rendered_sha256_observed"": ""2a7933ae1f41135eaceea5a2acfd021b00c9ec153fdae1741b1576e361513f72""}, ""033|4|mirror"": {""image_sha256"": ""9f72bb61d48dd59b058a653aa23c1bfd8798b27122d7417b27d6a84e48592e41"", ""key"": ""3MIDD_048_p04__mirror"", ""rendered_hash_matches_manifest"": false, ""rendered_sha256_manifest"": ""7272d3a8380e1c53060155648a49dc96b22c2bdae607ab976591c5e67e17bf2d"", ""rendered_sha256_observed"": ""fe5664ad8fb1cf4227ca880ff3eaab8106d5900a8d050a44d025f3ca2ae11818""}, ""033|4|original"": {""image_sha256"": ""a2213590cc067a63b6d9027ac537325df2642346f5b200339ce100b64b2ae2ae"", ""key"": ""3MIDD_048_p04__original"", ""rendered_hash_matches_manifest"": false, ""rendered_sha256_manifest"": ""b068b151fff6ad7dddc9c03f9be97a65ae58a0acc44f6ad70e298c166a9052f1"", ""rendered_sha256_observed"": ""e277bd9d0b2d2758cf23bbbe9a1eaedfb6ea9503c272e5b19db662e2c8fc1bf2""}, ""033|5|mirror"": {""image_sha256"": ""fb9353386392c1974dbc4c584fdfacd6711167492e54e5c481558dd4d987abdd"", ""key"": ""3MIDD_048_p05__mirror"", ""rendered_hash_matches_manifest"": false, ""rendered_sha256_manifest"": ""7534be0114b31d7c892fc08d18b989faf13742d8a65cdfcb17201a60cdce9d79"", ""rendered_sha256_observed"": ""238122e498c334c6a42104de3aee64dcc958c0d93163624a5ca61ed6076eb17c""}, ""033|5|original"": {""image_sha256"": ""8c421d48f329fdce70ec385017a55ca019b0eda1ada605fbb260a969cfad57bf"", ""key"": ""3MIDD_048_p05__original"", ""rendered_hash_matches_manifest"": false, ""rendered_sha256_manifest"": ""c4cea68a0cd7b22c133c006f0fd5efb687e79f8547549b7580d20a8f4f044239"", ""rendered_sha256_observed"": ""9d3edacad216b2fabbf82a2b46244320b2ba7b95e5856853cb910c57f4db04bb""}, ""033|6|mirror"": {""image_sha256"": ""2539e65a0e90bbcf7940f8489358d68ca2e72794ffc47f7eea9de4d83873a421"", ""key"": ""3MIDD_048_p06__mirror"", ""rendered_hash_matches_manifest"": false, ""rendered_sha256_manifest"": ""355eef0412c959425875ac1f378309e1db970dbd87806e2a94ff8a5df7817751"", ""rendered_sha256_observed"": ""4744ba7f3ddddef5e613244e941287086f6a1f9894fc3f5e33b883d99cc3e69c""}, ""033|6|original"": {""image_sha256"": ""d9166aeb478c215ddd59c92dee3c5f8331e591539cdbf6ea15da8f3bc829c5a7"", ""key"": ""3MIDD_048_p06__original"", ""rendered_hash_matches_manifest"": false, ""rendered_sha256_manifest"": ""3b0ca74600905a34d807c5e518b0dadc62763cec203734119b92f816134d3365"", ""rendered_sha256_observed"": ""d30baa041727819a706dda1a1c7d83d1b1a9f793d60effda5619c67517789e59""}, ""033|7|mirror"": {""image_sha256"": ""c03e06da1762c4b589c163595a86622c9396bc9173a5e52a948d6e56e131a9d7"", ""key"": ""3MIDD_048_p07__mirror"", ""rendered_hash_matches_manifest"": false, ""rendered_sha256_manifest"": ""f2fdf26272a9f966e67d48b002aa73b53a33b56439a1589b0cdbeecdf4aac812"", ""rendered_sha256_observed"": ""3eac954cc77c27f0e1d9a051de97555513645c480fa4423b609d84f2fdd95106""}, ""033|7|original"": {""image_sha256"": ""592326bd04173d519dd91155d024aea283335c9b3a5ee1adbd65bb3e9d7c02ce"", ""key"": ""3MIDD_048_p07__original"", ""rendered_hash_matches_manifest"": false, ""rendered_sha256_manifest"": ""6b00971f871a2480de03ca9d75d0751c7f7e9115afc377274dd7008d8601e29d"", ""rendered_sha256_observed"": ""a1533a72b12334608bdd552fd9fdde7e0de37004e56302e573e67105b3170f6d""}, ""033|8|mirror"": {""image_sha256"": ""4d409fd7f2e7211c67e53cdd47291c912a592855a96c10591f9fdaae00cf5274"", ""key"": ""3MIDD_048_p08__mirror"", ""rendered_hash_matches_manifest"": false, ""rendered_sha256_manifest"": ""6a43378923a6dc92ab9cb3e3261a4542cfedfa7aba0b678402c61b2b69de1bc1"", ""rendered_sha256_observed"": ""43d088d06bcd7c7d1d53535e17aed0a31e2658e85c5ef0bb2e1fc890de1dc2e1""}, ""033|8|original"": {""image_sha256"": ""9e489be2590f66c123eda42b3a8cf2dc16cab61a6c788e25436002ff33c3bf23"", ""key"": ""3MIDD_048_p08__original"", ""rendered_hash_matches_manifest"": false, ""rendered_sha256_manifest"": ""6df1617532c48b9961f28429fa2794c14533f613d1038278b8c1e5fbcfafa811"", ""rendered_sha256_observed"": ""b9a1cdcdb78d434af31b70623c801c8cf4d64eb31eb82f3818b5206211b20888""}, ""033|9|mirror"": {""image_sha256"": ""590d24d23f57640236e3456066c73c937f94c7aa27318cee3bab578718eb3c72"", ""key"": ""3MIDD_048_p09__mirror"", ""rendered_hash_matches_manifest"": false, ""rendered_sha256_manifest"": ""fffbf428c90dc1a574d44ec590f3025fcb0e6946e6ade239ee2103066e332ffd"", ""rendered_sha256_observed"": ""977daf24eab5d7697a7724086f4ba65c6b79e74eea9e756a3fb89d5ac6915d6b""}, ""033|9|original"": {""image_sha256"": ""b099e4e04c23584b7e1103c4fb6faca25787a2d443f977fd37e962592c6ee560"", ""key"": ""3MIDD_048_p09__original"", ""rendered_hash_matches_manifest"": false, ""rendered_sha256_manifest"": ""f6000bef78eeb2eee55b544e2e92dc4b5f4817718c94242e364664c682512599"", ""rendered_sha256_observed"": ""1ec8d847e014b9317edfe33d2542e6679dc82482fc277dbf482863bfaef62c3f""}, ""034|0|mirror"": {""image_sha256"": ""bae7e04d77f43a177610ccc1d9dfb638fbe01296b69ac462e00fa5b2293a026d"", ""key"": ""3MIDD_048_p00__mirror"", ""rendered_hash_matches_manifest"": false, ""rendered_sha256_manifest"": ""3318e0f201660badacba48c9b8421d631730ce66e4e215031158f9a905899016"", ""rendered_sha256_observed"": ""95ccac4a43b2ce3101428c8ad255378481707b4f230146b8893eff4eea57ffca""}, ""034|0|original"": {""image_sha256"": ""55de889bf77d4ed148146e80de064406871b98fbc6362750a940c6f8d0526965"", ""key"": ""3MIDD_048_p00__original"", ""rendered_hash_matches_manifest"": false, ""rendered_sha256_manifest"": ""c64d770e6191feb1ac7e6eae9ed43e6847f2c5f5a346deaad3597d0b98796435"", ""rendered_sha256_observed"": ""12afbe0d8f29b9563a881012679693f6d2ef8364067a4eb0b1b6bcf4ba988bc3""}, ""034|10|mirror"": {""image_sha256"": ""96cc75d2f496cd2b04177ff0fe242de86e399edae3de87094cef68f8fff3da81"", ""key"": ""3MIDD_048_p10__mirror"", ""rendered_hash_matches_manifest"": false, ""rendered_sha256_manifest"": ""18dd718d50d364030ec34f91333a2b0a598018bf35e8c504e25cc877d2e96685"", ""rendered_sha256_observed"": ""2934d848523f6313a0158319aaf16a6e7cfaa5d6579753909f88d546ab6dfe19""}, ""034|10|original"": {""image_sha256"": ""4550b8320af6cd8f34965ee303437323c51d2f98cc166d0bce5d3f1f7b70aa8e"", ""key"": ""3MIDD_048_p10__original"", ""rendered_hash_matches_manifest"": false, ""rendered_sha256_manifest"": ""63a455c2f57130657be84c4c88aea4168fcea8ee9ba8d15320d57802b2dbeb34"", ""rendered_sha256_observed"": ""e779601fbeaf0348aa19838eacaf39b87f6ecaf697c7d8fb72cd3c10a03179cc""}, ""034|11|mirror"": {""image_sha256"": ""688b0cd10fcede1a61455aaa00e6a41623ef76bf51e194a97252fa035d320011"", ""key"": ""3MIDD_048_p11__mirror"", ""rendered_hash_matches_manifest"": false, ""rendered_sha256_manifest"": ""69ed896a69afe441ef455660ad9ffd953025efe3828d1b9e99673895d65c51f2"", ""rendered_sha256_observed"": ""210950a849d847fc3bcc16eecefeffe46654a115fffd9e1658600f506748f0a0""}, ""034|11|original"": {""image_sha256"": ""7a8f168925cd817566f65f95522d8d907d3d648650604476069565dc5b79c0b8"", ""key"": ""3MIDD_048_p11__original"", ""rendered_hash_matches_manifest"": false, ""rendered_sha256_manifest"": ""eece1064c38f97a155bfd03ba34f7df8a60451e3067af54e3ef554ecc1b1e852"", ""rendered_sha256_observed"": ""3f5234b16e90575e4082bf951b66033f81dac2d8cd6034771ce860f1414797c8""}, ""034|1|mirror"": {""image_sha256"": ""76ae87fe845b5de53b4efdcf569bb157b1e1cc9fadc2b60fe5517d72df68a38e"", ""key"": ""3MIDD_048_p01__mirror"", ""rendered_hash_matches_manifest"": false, ""rendered_sha256_manifest"": ""95504b1bb34d39f2c55d1675935bd2f5be0203be221aad0f465b4ae492d88fb9"", ""rendered_sha256_observed"": ""3a63e882bf189939a01ec47b4c9e738eb16f100a0a4911d8ed3c02b397fe4d38""}, ""034|1|original"": {""image_sha256"": ""b22202e274a4ea56acfb1ad5a84a000e3621004051215da0c5d1e7e7a356bd93"", ""key"": ""3MIDD_048_p01__original"", ""rendered_hash_matches_manifest"": false, ""rendered_sha256_manifest"": ""0b1c2d3ab1dd4c595cca56b1c2354afc8941d05185bc36537ebae1a0b4e863f8"", ""rendered_sha256_observed"": ""6268a51b09defd504cdac90309110fc9cba8efa8015b7525f3151e0f87baf592""}, ""034|2|mirror"": {""image_sha256"": ""4e34f3d68c63e1f5f70aab44089c0e29fda6613480247eb5dd9aa57513fe9726"", ""key"": ""3MIDD_048_p02__mirror"", ""rendered_hash_matches_manifest"": false, ""rendered_sha256_manifest"": ""e805edb26281908117820ac5aeeaa51eb6851d2dd0b1e0655f022c669316b1ed"", ""rendered_sha256_observed"": ""10290257862ec62d129306d7573496554a6db305a688ec221a41866476eeedf9""}, ""034|2|original"": {""image_sha256"": ""5ba531b1b46b3db2b707aec365d91759124b6d9be6e1b4fa913659121dbb0e35"", ""key"": ""3MIDD_048_p02__original"", ""rendered_hash_matches_manifest"": false, ""rendered_sha256_manifest"": ""cb3bcdee86ed1563d6ca820a1f7ed966c9e2db105159a47b083137c0ad345b7c"", ""rendered_sha256_observed"": ""a20ddfccb0fc8806cff1d5843be94f8e40606b63875d207055290d69b9b87637""}, ""034|3|mirror"": {""image_sha256"": ""ffb35a39466db44b67099d2beec9e4a872e7e675248262b0b113bc19f091698f"", ""key"": ""3MIDD_048_p03__mirror"", ""rendered_hash_matches_manifest"": false, ""rendered_sha256_manifest"": ""c58b6afb3158907f2ae38adb5638efc6b64bfcdb8e4d657be564a7b299b98fd3"", ""rendered_sha256_observed"": ""65fa4081b7cd9e8caf3faed1a8ad7b3c36d62f009637e3da2b06155681d1e8be""}, ""034|3|original"": {""image_sha256"": ""60b8be653d5af5a824f3e82b472356750990854ed67d77ac0d5c17e3a1865920"", ""key"": ""3MIDD_048_p03__original"", ""rendered_hash_matches_manifest"": false, ""rendered_sha256_manifest"": ""fdfff2fa8a89e028955e887fb853720cbffefadc4ae56baca47e7d66a472136e"", ""rendered_sha256_observed"": ""2a7933ae1f41135eaceea5a2acfd021b00c9ec153fdae1741b1576e361513f72""}, ""034|4|mirror"": {""image_sha256"": ""9f72bb61d48dd59b058a653aa23c1bfd8798b27122d7417b27d6a84e48592e41"", ""key"": ""3MIDD_048_p04__mirror"", ""rendered_hash_matches_manifest"": false, ""rendered_sha256_manifest"": ""7272d3a8380e1c53060155648a49dc96b22c2bdae607ab976591c5e67e17bf2d"", ""rendered_sha256_observed"": ""fe5664ad8fb1cf4227ca880ff3eaab8106d5900a8d050a44d025f3ca2ae11818""}, ""034|4|original"": {""image_sha256"": ""a2213590cc067a63b6d9027ac537325df2642346f5b200339ce100b64b2ae2ae"", ""key"": ""3MIDD_048_p04__original"", ""rendered_hash_matches_manifest"": false, ""rendered_sha256_manifest"": ""b068b151fff6ad7dddc9c03f9be97a65ae58a0acc44f6ad70e298c166a9052f1"", ""rendered_sha256_observed"": ""e277bd9d0b2d2758cf23bbbe9a1eaedfb6ea9503c272e5b19db662e2c8fc1bf2""}, ""034|5|mirror"": {""image_sha256"": ""fb9353386392c1974dbc4c584fdfacd6711167492e54e5c481558dd4d987abdd"", ""key"": ""3MIDD_048_p05__mirror"", ""rendered_hash_matches_manifest"": false, ""rendered_sha256_manifest"": ""7534be0114b31d7c892fc08d18b989faf13742d8a65cdfcb17201a60cdce9d79"", ""rendered_sha256_observed"": ""238122e498c334c6a42104de3aee64dcc958c0d93163624a5ca61ed6076eb17c""}, ""034|5|original"": {""image_sha256"": ""8c421d48f329fdce70ec385017a55ca019b0eda1ada605fbb260a969cfad57bf"", ""key"": ""3MIDD_048_p05__original"", ""rendered_hash_matches_manifest"": false, ""rendered_sha256_manifest"": ""c4cea68a0cd7b22c133c006f0fd5efb687e79f8547549b7580d20a8f4f044239"", ""rendered_sha256_observed"": ""9d3edacad216b2fabbf82a2b46244320b2ba7b95e5856853cb910c57f4db04bb""}, ""034|6|mirror"": {""image_sha256"": ""2539e65a0e90bbcf7940f8489358d68ca2e72794ffc47f7eea9de4d83873a421"", ""key"": ""3MIDD_048_p06__mirror"", ""rendered_hash_matches_manifest"": false, ""rendered_sha256_manifest"": ""355eef0412c959425875ac1f378309e1db970dbd87806e2a94ff8a5df7817751"", ""rendered_sha256_observed"": ""4744ba7f3ddddef5e613244e941287086f6a1f9894fc3f5e33b883d99cc3e69c""}, ""034|6|original"": {""image_sha256"": ""d9166aeb478c215ddd59c92dee3c5f8331e591539cdbf6ea15da8f3bc829c5a7"", ""key"": ""3MIDD_048_p06__original"", ""rendered_hash_matches_manifest"": false, ""rendered_sha256_manifest"": ""3b0ca74600905a34d807c5e518b0dadc62763cec203734119b92f816134d3365"", ""rendered_sha256_observed"": ""d30baa041727819a706dda1a1c7d83d1b1a9f793d60effda5619c67517789e59""}, ""034|7|mirror"": {""image_sha256"": ""c03e06da1762c4b589c163595a86622c9396bc9173a5e52a948d6e56e131a9d7"", ""key"": ""3MIDD_048_p07__mirror"", ""rendered_hash_matches_manifest"": false, ""rendered_sha256_manifest"": ""f2fdf26272a9f966e67d48b002aa73b53a33b56439a1589b0cdbeecdf4aac812"", ""rendered_sha256_observed"": ""3eac954cc77c27f0e1d9a051de97555513645c480fa4423b609d84f2fdd95106""}, ""034|7|original"": {""image_sha256"": ""592326bd04173d519dd91155d024aea283335c9b3a5ee1adbd65bb3e9d7c02ce"", ""key"": ""3MIDD_048_p07__original"", ""rendered_hash_matches_manifest"": false, ""rendered_sha256_manifest"": ""6b00971f871a2480de03ca9d75d0751c7f7e9115afc377274dd7008d8601e29d"", ""rendered_sha256_observed"": ""a1533a72b12334608bdd552fd9fdde7e0de37004e56302e573e67105b3170f6d""}, ""034|8|mirror"": {""image_sha256"": ""4d409fd7f2e7211c67e53cdd47291c912a592855a96c10591f9fdaae00cf5274"", ""key"": ""3MIDD_048_p08__mirror"", ""rendered_hash_matches_manifest"": false, ""rendered_sha256_manifest"": ""6a43378923a6dc92ab9cb3e3261a4542cfedfa7aba0b678402c61b2b69de1bc1"", ""rendered_sha256_observed"": ""43d088d06bcd7c7d1d53535e17aed0a31e2658e85c5ef0bb2e1fc890de1dc2e1""}, ""034|8|original"": {""image_sha256"": ""9e489be2590f66c123eda42b3a8cf2dc16cab61a6c788e25436002ff33c3bf23"", ""key"": ""3MIDD_048_p08__original"", ""rendered_hash_matches_manifest"": false, ""rendered_sha256_manifest"": ""6df1617532c48b9961f28429fa2794c14533f613d1038278b8c1e5fbcfafa811"", ""rendered_sha256_observed"": ""b9a1cdcdb78d434af31b70623c801c8cf4d64eb31eb82f3818b5206211b20888""}, ""034|9|mirror"": {""image_sha256"": ""590d24d23f57640236e3456066c73c937f94c7aa27318cee3bab578718eb3c72"", ""key"": ""3MIDD_048_p09__mirror"", ""rendered_hash_matches_manifest"": false, ""rendered_sha256_manifest"": ""fffbf428c90dc1a574d44ec590f3025fcb0e6946e6ade239ee2103066e332ffd"", ""rendered_sha256_observed"": ""977daf24eab5d7697a7724086f4ba65c6b79e74eea9e756a3fb89d5ac6915d6b""}, ""034|9|original"": {""image_sha256"": ""b099e4e04c23584b7e1103c4fb6faca25787a2d443f977fd37e962592c6ee560"", ""key"": ""3MIDD_048_p09__original"", ""rendered_hash_matches_manifest"": false, ""rendered_sha256_manifest"": ""f6000bef78eeb2eee55b544e2e92dc4b5f4817718c94242e364664c682512599"", ""rendered_sha256_observed"": ""1ec8d847e014b9317edfe33d2542e6679dc82482fc277dbf482863bfaef62c3f""}, ""035|0|mirror"": {""image_sha256"": ""bae7e04d77f43a177610ccc1d9dfb638fbe01296b69ac462e00fa5b2293a026d"", ""key"": ""3MIDD_048_p00__mirror"", ""rendered_hash_matches_manifest"": false, ""rendered_sha256_manifest"": ""3318e0f201660badacba48c9b8421d631730ce66e4e215031158f9a905899016"", ""rendered_sha256_observed"": ""95ccac4a43b2ce3101428c8ad255378481707b4f230146b8893eff4eea57ffca""}, ""035|0|original"": {""image_sha256"": ""55de889bf77d4ed148146e80de064406871b98fbc6362750a940c6f8d0526965"", ""key"": ""3MIDD_048_p00__original"", ""rendered_hash_matches_manifest"": false, ""rendered_sha256_manifest"": ""c64d770e6191feb1ac7e6eae9ed43e6847f2c5f5a346deaad3597d0b98796435"", ""rendered_sha256_observed"": ""12afbe0d8f29b9563a881012679693f6d2ef8364067a4eb0b1b6bcf4ba988bc3""}, ""035|10|mirror"": {""image_sha256"": ""96cc75d2f496cd2b04177ff0fe242de86e399edae3de87094cef68f8fff3da81"", ""key"": ""3MIDD_048_p10__mirror"", ""rendered_hash_matches_manifest"": false, ""rendered_sha256_manifest"": ""18dd718d50d364030ec34f91333a2b0a598018bf35e8c504e25cc877d2e96685"", ""rendered_sha256_observed"": ""2934d848523f6313a0158319aaf16a6e7cfaa5d6579753909f88d546ab6dfe19""}, ""035|10|original"": {""image_sha256"": ""4550b8320af6cd8f34965ee303437323c51d2f98cc166d0bce5d3f1f7b70aa8e"", ""key"": ""3MIDD_048_p10__original"", ""rendered_hash_matches_manifest"": false, ""rendered_sha256_manifest"": ""63a455c2f57130657be84c4c88aea4168fcea8ee9ba8d15320d57802b2dbeb34"", ""rendered_sha256_observed"": ""e779601fbeaf0348aa19838eacaf39b87f6ecaf697c7d8fb72cd3c10a03179cc""}, ""035|11|mirror"": {""image_sha256"": ""688b0cd10fcede1a61455aaa00e6a41623ef76bf51e194a97252fa035d320011"", ""key"": ""3MIDD_048_p11__mirror"", ""rendered_hash_matches_manifest"": false, ""rendered_sha256_manifest"": ""69ed896a69afe441ef455660ad9ffd953025efe3828d1b9e99673895d65c51f2"", ""rendered_sha256_observed"": ""210950a849d847fc3bcc16eecefeffe46654a115fffd9e1658600f506748f0a0""}, ""035|11|original"": {""image_sha256"": ""7a8f168925cd817566f65f95522d8d907d3d648650604476069565dc5b79c0b8"", ""key"": ""3MIDD_048_p11__original"", ""rendered_hash_matches_manifest"": false, ""rendered_sha256_manifest"": ""eece1064c38f97a155bfd03ba34f7df8a60451e3067af54e3ef554ecc1b1e852"", ""rendered_sha256_observed"": ""3f5234b16e90575e4082bf951b66033f81dac2d8cd6034771ce860f1414797c8""}, ""035|1|mirror"": {""image_sha256"": ""76ae87fe845b5de53b4efdcf569bb157b1e1cc9fadc2b60fe5517d72df68a38e"", ""key"": ""3MIDD_048_p01__mirror"", ""rendered_hash_matches_manifest"": false, ""rendered_sha256_manifest"": ""95504b1bb34d39f2c55d1675935bd2f5be0203be221aad0f465b4ae492d88fb9"", ""rendered_sha256_observed"": ""3a63e882bf189939a01ec47b4c9e738eb16f100a0a4911d8ed3c02b397fe4d38""}, ""035|1|original"": {""image_sha256"": ""b22202e274a4ea56acfb1ad5a84a000e3621004051215da0c5d1e7e7a356bd93"", ""key"": ""3MIDD_048_p01__original"", ""rendered_hash_matches_manifest"": false, ""rendered_sha256_manifest"": ""0b1c2d3ab1dd4c595cca56b1c2354afc8941d05185bc36537ebae1a0b4e863f8"", ""rendered_sha256_observed"": ""6268a51b09defd504cdac90309110fc9cba8efa8015b7525f3151e0f87baf592""}, ""035|2|mirror"": {""image_sha256"": ""4e34f3d68c63e1f5f70aab44089c0e29fda6613480247eb5dd9aa57513fe9726"", ""key"": ""3MIDD_048_p02__mirror"", ""rendered_hash_matches_manifest"": false, ""rendered_sha256_manifest"": ""e805edb26281908117820ac5aeeaa51eb6851d2dd0b1e0655f022c669316b1ed"", ""rendered_sha256_observed"": ""10290257862ec62d129306d7573496554a6db305a688ec221a41866476eeedf9""}, ""035|2|original"": {""image_sha256"": ""5ba531b1b46b3db2b707aec365d91759124b6d9be6e1b4fa913659121dbb0e35"", ""key"": ""3MIDD_048_p02__original"", ""rendered_hash_matches_manifest"": false, ""rendered_sha256_manifest"": ""cb3bcdee86ed1563d6ca820a1f7ed966c9e2db105159a47b083137c0ad345b7c"", ""rendered_sha256_observed"": ""a20ddfccb0fc8806cff1d5843be94f8e40606b63875d207055290d69b9b87637""}, ""035|3|mirror"": {""image_sha256"": ""ffb35a39466db44b67099d2beec9e4a872e7e675248262b0b113bc19f091698f"", ""key"": ""3MIDD_048_p03__mirror"", ""rendered_hash_matches_manifest"": false, ""rendered_sha256_manifest"": ""c58b6afb3158907f2ae38adb5638efc6b64bfcdb8e4d657be564a7b299b98fd3"", ""rendered_sha256_observed"": ""65fa4081b7cd9e8caf3faed1a8ad7b3c36d62f009637e3da2b06155681d1e8be""}, ""035|3|original"": {""image_sha256"": ""60b8be653d5af5a824f3e82b472356750990854ed67d77ac0d5c17e3a1865920"", ""key"": ""3MIDD_048_p03__original"", ""rendered_hash_matches_manifest"": false, ""rendered_sha256_manifest"": ""fdfff2fa8a89e028955e887fb853720cbffefadc4ae56baca47e7d66a472136e"", ""rendered_sha256_observed"": ""2a7933ae1f41135eaceea5a2acfd021b00c9ec153fdae1741b1576e361513f72""}, ""035|4|mirror"": {""image_sha256"": ""9f72bb61d48dd59b058a653aa23c1bfd8798b27122d7417b27d6a84e48592e41"", ""key"": ""3MIDD_048_p04__mirror"", ""rendered_hash_matches_manifest"": false, ""rendered_sha256_manifest"": ""7272d3a8380e1c53060155648a49dc96b22c2bdae607ab976591c5e67e17bf2d"", ""rendered_sha256_observed"": ""fe5664ad8fb1cf4227ca880ff3eaab8106d5900a8d050a44d025f3ca2ae11818""}, ""035|4|original"": {""image_sha256"": ""a2213590cc067a63b6d9027ac537325df2642346f5b200339ce100b64b2ae2ae"", ""key"": ""3MIDD_048_p04__original"", ""rendered_hash_matches_manifest"": false, ""rendered_sha256_manifest"": ""b068b151fff6ad7dddc9c03f9be97a65ae58a0acc44f6ad70e298c166a9052f1"", ""rendered_sha256_observed"": ""e277bd9d0b2d2758cf23bbbe9a1eaedfb6ea9503c272e5b19db662e2c8fc1bf2""}, ""035|5|mirror"": {""image_sha256"": ""fb9353386392c1974dbc4c584fdfacd6711167492e54e5c481558dd4d987abdd"", ""key"": ""3MIDD_048_p05__mirror"", ""rendered_hash_matches_manifest"": false, ""rendered_sha256_manifest"": ""7534be0114b31d7c892fc08d18b989faf13742d8a65cdfcb17201a60cdce9d79"", ""rendered_sha256_observed"": ""238122e498c334c6a42104de3aee64dcc958c0d93163624a5ca61ed6076eb17c""}, ""035|5|original"": {""image_sha256"": ""8c421d48f329fdce70ec385017a55ca019b0eda1ada605fbb260a969cfad57bf"", ""key"": ""3MIDD_048_p05__original"", ""rendered_hash_matches_manifest"": false, ""rendered_sha256_manifest"": ""c4cea68a0cd7b22c133c006f0fd5efb687e79f8547549b7580d20a8f4f044239"", ""rendered_sha256_observed"": ""9d3edacad216b2fabbf82a2b46244320b2ba7b95e5856853cb910c57f4db04bb""}, ""035|6|mirror"": {""image_sha256"": ""2539e65a0e90bbcf7940f8489358d68ca2e72794ffc47f7eea9de4d83873a421"", ""key"": ""3MIDD_048_p06__mirror"", ""rendered_hash_matches_manifest"": false, ""rendered_sha256_manifest"": ""355eef0412c959425875ac1f378309e1db970dbd87806e2a94ff8a5df7817751"", ""rendered_sha256_observed"": ""4744ba7f3ddddef5e613244e941287086f6a1f9894fc3f5e33b883d99cc3e69c""}, ""035|6|original"": {""image_sha256"": ""d9166aeb478c215ddd59c92dee3c5f8331e591539cdbf6ea15da8f3bc829c5a7"", ""key"": ""3MIDD_048_p06__original"", ""rendered_hash_matches_manifest"": false, ""rendered_sha256_manifest"": ""3b0ca74600905a34d807c5e518b0dadc62763cec203734119b92f816134d3365"", ""rendered_sha256_observed"": ""d30baa041727819a706dda1a1c7d83d1b1a9f793d60effda5619c67517789e59""}, ""035|7|mirror"": {""image_sha256"": ""c03e06da1762c4b589c163595a86622c9396bc9173a5e52a948d6e56e131a9d7"", ""key"": ""3MIDD_048_p07__mirror"", ""rendered_hash_matches_manifest"": false, ""rendered_sha256_manifest"": ""f2fdf26272a9f966e67d48b002aa73b53a33b56439a1589b0cdbeecdf4aac812"", ""rendered_sha256_observed"": ""3eac954cc77c27f0e1d9a051de97555513645c480fa4423b609d84f2fdd95106""}, ""035|7|original"": {""image_sha256"": ""592326bd04173d519dd91155d024aea283335c9b3a5ee1adbd65bb3e9d7c02ce"", ""key"": ""3MIDD_048_p07__original"", ""rendered_hash_matches_manifest"": false, ""rendered_sha256_manifest"": ""6b00971f871a2480de03ca9d75d0751c7f7e9115afc377274dd7008d8601e29d"", ""rendered_sha256_observed"": ""a1533a72b12334608bdd552fd9fdde7e0de37004e56302e573e67105b3170f6d""}, ""035|8|mirror"": {""image_sha256"": ""4d409fd7f2e7211c67e53cdd47291c912a592855a96c10591f9fdaae00cf5274"", ""key"": ""3MIDD_048_p08__mirror"", ""rendered_hash_matches_manifest"": false, ""rendered_sha256_manifest"": ""6a43378923a6dc92ab9cb3e3261a4542cfedfa7aba0b678402c61b2b69de1bc1"", ""rendered_sha256_observed"": ""43d088d06bcd7c7d1d53535e17aed0a31e2658e85c5ef0bb2e1fc890de1dc2e1""}, ""035|8|original"": {""image_sha256"": ""9e489be2590f66c123eda42b3a8cf2dc16cab61a6c788e25436002ff33c3bf23"", ""key"": ""3MIDD_048_p08__original"", ""rendered_hash_matches_manifest"": false, ""rendered_sha256_manifest"": ""6df1617532c48b9961f28429fa2794c14533f613d1038278b8c1e5fbcfafa811"", ""rendered_sha256_observed"": ""b9a1cdcdb78d434af31b70623c801c8cf4d64eb31eb82f3818b5206211b20888""}, ""035|9|mirror"": {""image_sha256"": ""590d24d23f57640236e3456066c73c937f94c7aa27318cee3bab578718eb3c72"", ""key"": ""3MIDD_048_p09__mirror"", ""rendered_hash_matches_manifest"": false, ""rendered_sha256_manifest"": ""fffbf428c90dc1a574d44ec590f3025fcb0e6946e6ade239ee2103066e332ffd"", ""rendered_sha256_observed"": ""977daf24eab5d7697a7724086f4ba65c6b79e74eea9e756a3fb89d5ac6915d6b""}, ""035|9|original"": {""image_sha256"": ""b099e4e04c23584b7e1103c4fb6faca25787a2d443f977fd37e962592c6ee560"", ""key"": ""3MIDD_048_p09__original"", ""rendered_hash_matches_manifest"": false, ""rendered_sha256_manifest"": ""f6000bef78eeb2eee55b544e2e92dc4b5f4817718c94242e364664c682512599"", ""rendered_sha256_observed"": ""1ec8d847e014b9317edfe33d2542e6679dc82482fc277dbf482863bfaef62c3f""}, ""036|0|mirror"": {""image_sha256"": ""bae7e04d77f43a177610ccc1d9dfb638fbe01296b69ac462e00fa5b2293a026d"", ""key"": ""3MIDD_048_p00__mirror"", ""rendered_hash_matches_manifest"": false, ""rendered_sha256_manifest"": ""3318e0f201660badacba48c9b8421d631730ce66e4e215031158f9a905899016"", ""rendered_sha256_observed"": ""95ccac4a43b2ce3101428c8ad255378481707b4f230146b8893eff4eea57ffca""}, ""036|0|original"": {""image_sha256"": ""55de889bf77d4ed148146e80de064406871b98fbc6362750a940c6f8d0526965"", ""key"": ""3MIDD_048_p00__original"", ""rendered_hash_matches_manifest"": false, ""rendered_sha256_manifest"": ""c64d770e6191feb1ac7e6eae9ed43e6847f2c5f5a346deaad3597d0b98796435"", ""rendered_sha256_observed"": ""12afbe0d8f29b9563a881012679693f6d2ef8364067a4eb0b1b6bcf4ba988bc3""}, ""036|10|mirror"": {""image_sha256"": ""96cc75d2f496cd2b04177ff0fe242de86e399edae3de87094cef68f8fff3da81"", ""key"": ""3MIDD_048_p10__mirror"", ""rendered_hash_matches_manifest"": false, ""rendered_sha256_manifest"": ""18dd718d50d364030ec34f91333a2b0a598018bf35e8c504e25cc877d2e96685"", ""rendered_sha256_observed"": ""2934d848523f6313a0158319aaf16a6e7cfaa5d6579753909f88d546ab6dfe19""}, ""036|10|original"": {""image_sha256"": ""4550b8320af6cd8f34965ee303437323c51d2f98cc166d0bce5d3f1f7b70aa8e"", ""key"": ""3MIDD_048_p10__original"", ""rendered_hash_matches_manifest"": false, ""rendered_sha256_manifest"": ""63a455c2f57130657be84c4c88aea4168fcea8ee9ba8d15320d57802b2dbeb34"", ""rendered_sha256_observed"": ""e779601fbeaf0348aa19838eacaf39b87f6ecaf697c7d8fb72cd3c10a03179cc""}, ""036|11|mirror"": {""image_sha256"": ""688b0cd10fcede1a61455aaa00e6a41623ef76bf51e194a97252fa035d320011"", ""key"": ""3MIDD_048_p11__mirror"", ""rendered_hash_matches_manifest"": false, ""rendered_sha256_manifest"": ""69ed896a69afe441ef455660ad9ffd953025efe3828d1b9e99673895d65c51f2"", ""rendered_sha256_observed"": ""210950a849d847fc3bcc16eecefeffe46654a115fffd9e1658600f506748f0a0""}, ""036|11|original"": {""image_sha256"": ""7a8f168925cd817566f65f95522d8d907d3d648650604476069565dc5b79c0b8"", ""key"": ""3MIDD_048_p11__original"", ""rendered_hash_matches_manifest"": false, ""rendered_sha256_manifest"": ""eece1064c38f97a155bfd03ba34f7df8a60451e3067af54e3ef554ecc1b1e852"", ""rendered_sha256_observed"": ""3f5234b16e90575e4082bf951b66033f81dac2d8cd6034771ce860f1414797c8""}, ""036|1|mirror"": {""image_sha256"": ""76ae87fe845b5de53b4efdcf569bb157b1e1cc9fadc2b60fe5517d72df68a38e"", ""key"": ""3MIDD_048_p01__mirror"", ""rendered_hash_matches_manifest"": false, ""rendered_sha256_manifest"": ""95504b1bb34d39f2c55d1675935bd2f5be0203be221aad0f465b4ae492d88fb9"", ""rendered_sha256_observed"": ""3a63e882bf189939a01ec47b4c9e738eb16f100a0a4911d8ed3c02b397fe4d38""}, ""036|1|original"": {""image_sha256"": ""b22202e274a4ea56acfb1ad5a84a000e3621004051215da0c5d1e7e7a356bd93"", ""key"": ""3MIDD_048_p01__original"", ""rendered_hash_matches_manifest"": false, ""rendered_sha256_manifest"": ""0b1c2d3ab1dd4c595cca56b1c2354afc8941d05185bc36537ebae1a0b4e863f8"", ""rendered_sha256_observed"": ""6268a51b09defd504cdac90309110fc9cba8efa8015b7525f3151e0f87baf592""}, ""036|2|mirror"": {""image_sha256"": ""4e34f3d68c63e1f5f70aab44089c0e29fda6613480247eb5dd9aa57513fe9726"", ""key"": ""3MIDD_048_p02__mirror"", ""rendered_hash_matches_manifest"": false, ""rendered_sha256_manifest"": ""e805edb26281908117820ac5aeeaa51eb6851d2dd0b1e0655f022c669316b1ed"", ""rendered_sha256_observed"": ""10290257862ec62d129306d7573496554a6db305a688ec221a41866476eeedf9""}, ""036|2|original"": {""image_sha256"": ""5ba531b1b46b3db2b707aec365d91759124b6d9be6e1b4fa913659121dbb0e35"", ""key"": ""3MIDD_048_p02__original"", ""rendered_hash_matches_manifest"": false, ""rendered_sha256_manifest"": ""cb3bcdee86ed1563d6ca820a1f7ed966c9e2db105159a47b083137c0ad345b7c"", ""rendered_sha256_observed"": ""a20ddfccb0fc8806cff1d5843be94f8e40606b63875d207055290d69b9b87637""}, ""036|3|mirror"": {""image_sha256"": ""ffb35a39466db44b67099d2beec9e4a872e7e675248262b0b113bc19f091698f"", ""key"": ""3MIDD_048_p03__mirror"", ""rendered_hash_matches_manifest"": false, ""rendered_sha256_manifest"": ""c58b6afb3158907f2ae38adb5638efc6b64bfcdb8e4d657be564a7b299b98fd3"", ""rendered_sha256_observed"": ""65fa4081b7cd9e8caf3faed1a8ad7b3c36d62f009637e3da2b06155681d1e8be""}, ""036|3|original"": {""image_sha256"": ""60b8be653d5af5a824f3e82b472356750990854ed67d77ac0d5c17e3a1865920"", ""key"": ""3MIDD_048_p03__original"", ""rendered_hash_matches_manifest"": false, ""rendered_sha256_manifest"": ""fdfff2fa8a89e028955e887fb853720cbffefadc4ae56baca47e7d66a472136e"", ""rendered_sha256_observed"": ""2a7933ae1f41135eaceea5a2acfd021b00c9ec153fdae1741b1576e361513f72""}, ""036|4|mirror"": {""image_sha256"": ""9f72bb61d48dd59b058a653aa23c1bfd8798b27122d7417b27d6a84e48592e41"", ""key"": ""3MIDD_048_p04__mirror"", ""rendered_hash_matches_manifest"": false, ""rendered_sha256_manifest"": ""7272d3a8380e1c53060155648a49dc96b22c2bdae607ab976591c5e67e17bf2d"", ""rendered_sha256_observed"": ""fe5664ad8fb1cf4227ca880ff3eaab8106d5900a8d050a44d025f3ca2ae11818""}, ""036|4|original"": {""image_sha256"": ""a2213590cc067a63b6d9027ac537325df2642346f5b200339ce100b64b2ae2ae"", ""key"": ""3MIDD_048_p04__original"", ""rendered_hash_matches_manifest"": false, ""rendered_sha256_manifest"": ""b068b151fff6ad7dddc9c03f9be97a65ae58a0acc44f6ad70e298c166a9052f1"", ""rendered_sha256_observed"": ""e277bd9d0b2d2758cf23bbbe9a1eaedfb6ea9503c272e5b19db662e2c8fc1bf2""}, ""036|5|mirror"": {""image_sha256"": ""fb9353386392c1974dbc4c584fdfacd6711167492e54e5c481558dd4d987abdd"", ""key"": ""3MIDD_048_p05__mirror"", ""rendered_hash_matches_manifest"": false, ""rendered_sha256_manifest"": ""7534be0114b31d7c892fc08d18b989faf13742d8a65cdfcb17201a60cdce9d79"", ""rendered_sha256_observed"": ""238122e498c334c6a42104de3aee64dcc958c0d93163624a5ca61ed6076eb17c""}, ""036|5|original"": {""image_sha256"": ""8c421d48f329fdce70ec385017a55ca019b0eda1ada605fbb260a969cfad57bf"", ""key"": ""3MIDD_048_p05__original"", ""rendered_hash_matches_manifest"": false, ""rendered_sha256_manifest"": ""c4cea68a0cd7b22c133c006f0fd5efb687e79f8547549b7580d20a8f4f044239"", ""rendered_sha256_observed"": ""9d3edacad216b2fabbf82a2b46244320b2ba7b95e5856853cb910c57f4db04bb""}, ""036|6|mirror"": {""image_sha256"": ""2539e65a0e90bbcf7940f8489358d68ca2e72794ffc47f7eea9de4d83873a421"", ""key"": ""3MIDD_048_p06__mirror"", ""rendered_hash_matches_manifest"": false, ""rendered_sha256_manifest"": ""355eef0412c959425875ac1f378309e1db970dbd87806e2a94ff8a5df7817751"", ""rendered_sha256_observed"": ""4744ba7f3ddddef5e613244e941287086f6a1f9894fc3f5e33b883d99cc3e69c""}, ""036|6|original"": {""image_sha256"": ""d9166aeb478c215ddd59c92dee3c5f8331e591539cdbf6ea15da8f3bc829c5a7"", ""key"": ""3MIDD_048_p06__original"", ""rendered_hash_matches_manifest"": false, ""rendered_sha256_manifest"": ""3b0ca74600905a34d807c5e518b0dadc62763cec203734119b92f816134d3365"", ""rendered_sha256_observed"": ""d30baa041727819a706dda1a1c7d83d1b1a9f793d60effda5619c67517789e59""}, ""036|7|mirror"": {""image_sha256"": ""c03e06da1762c4b589c163595a86622c9396bc9173a5e52a948d6e56e131a9d7"", ""key"": ""3MIDD_048_p07__mirror"", ""rendered_hash_matches_manifest"": false, ""rendered_sha256_manifest"": ""f2fdf26272a9f966e67d48b002aa73b53a33b56439a1589b0cdbeecdf4aac812"", ""rendered_sha256_observed"": ""3eac954cc77c27f0e1d9a051de97555513645c480fa4423b609d84f2fdd95106""}, ""036|7|original"": {""image_sha256"": ""592326bd04173d519dd91155d024aea283335c9b3a5ee1adbd65bb3e9d7c02ce"", ""key"": ""3MIDD_048_p07__original"", ""rendered_hash_matches_manifest"": false, ""rendered_sha256_manifest"": ""6b00971f871a2480de03ca9d75d0751c7f7e9115afc377274dd7008d8601e29d"", ""rendered_sha256_observed"": ""a1533a72b12334608bdd552fd9fdde7e0de37004e56302e573e67105b3170f6d""}, ""036|8|mirror"": {""image_sha256"": ""4d409fd7f2e7211c67e53cdd47291c912a592855a96c10591f9fdaae00cf5274"", ""key"": ""3MIDD_048_p08__mirror"", ""rendered_hash_matches_manifest"": false, ""rendered_sha256_manifest"": ""6a43378923a6dc92ab9cb3e3261a4542cfedfa7aba0b678402c61b2b69de1bc1"", ""rendered_sha256_observed"": ""43d088d06bcd7c7d1d53535e17aed0a31e2658e85c5ef0bb2e1fc890de1dc2e1""}, ""036|8|original"": {""image_sha256"": ""9e489be2590f66c123eda42b3a8cf2dc16cab61a6c788e25436002ff33c3bf23"", ""key"": ""3MIDD_048_p08__original"", ""rendered_hash_matches_manifest"": false, ""rendered_sha256_manifest"": ""6df1617532c48b9961f28429fa2794c14533f613d1038278b8c1e5fbcfafa811"", ""rendered_sha256_observed"": ""b9a1cdcdb78d434af31b70623c801c8cf4d64eb31eb82f3818b5206211b20888""}, ""036|9|mirror"": {""image_sha256"": ""590d24d23f57640236e3456066c73c937f94c7aa27318cee3bab578718eb3c72"", ""key"": ""3MIDD_048_p09__mirror"", ""rendered_hash_matches_manifest"": false, ""rendered_sha256_manifest"": ""fffbf428c90dc1a574d44ec590f3025fcb0e6946e6ade239ee2103066e332ffd"", ""rendered_sha256_observed"": ""977daf24eab5d7697a7724086f4ba65c6b79e74eea9e756a3fb89d5ac6915d6b""}, ""036|9|original"": {""image_sha256"": ""b099e4e04c23584b7e1103c4fb6faca25787a2d443f977fd37e962592c6ee560"", ""key"": ""3MIDD_048_p09__original"", ""rendered_hash_matches_manifest"": false, ""rendered_sha256_manifest"": ""f6000bef78eeb2eee55b544e2e92dc4b5f4817718c94242e364664c682512599"", ""rendered_sha256_observed"": ""1ec8d847e014b9317edfe33d2542e6679dc82482fc277dbf482863bfaef62c3f""}, ""037|0|mirror"": {""image_sha256"": ""bae7e04d77f43a177610ccc1d9dfb638fbe01296b69ac462e00fa5b2293a026d"", ""key"": ""3MIDD_048_p00__mirror"", ""rendered_hash_matches_manifest"": false, ""rendered_sha256_manifest"": ""3318e0f201660badacba48c9b8421d631730ce66e4e215031158f9a905899016"", ""rendered_sha256_observed"": ""95ccac4a43b2ce3101428c8ad255378481707b4f230146b8893eff4eea57ffca""}, ""037|0|original"": {""image_sha256"": ""55de889bf77d4ed148146e80de064406871b98fbc6362750a940c6f8d0526965"", ""key"": ""3MIDD_048_p00__original"", ""rendered_hash_matches_manifest"": false, ""rendered_sha256_manifest"": ""c64d770e6191feb1ac7e6eae9ed43e6847f2c5f5a346deaad3597d0b98796435"", ""rendered_sha256_observed"": ""12afbe0d8f29b9563a881012679693f6d2ef8364067a4eb0b1b6bcf4ba988bc3""}, ""037|10|mirror"": {""image_sha256"": ""96cc75d2f496cd2b04177ff0fe242de86e399edae3de87094cef68f8fff3da81"", ""key"": ""3MIDD_048_p10__mirror"", ""rendered_hash_matches_manifest"": false, ""rendered_sha256_manifest"": ""18dd718d50d364030ec34f91333a2b0a598018bf35e8c504e25cc877d2e96685"", ""rendered_sha256_observed"": ""2934d848523f6313a0158319aaf16a6e7cfaa5d6579753909f88d546ab6dfe19""}, ""037|10|original"": {""image_sha256"": ""4550b8320af6cd8f34965ee303437323c51d2f98cc166d0bce5d3f1f7b70aa8e"", ""key"": ""3MIDD_048_p10__original"", ""rendered_hash_matches_manifest"": false, ""rendered_sha256_manifest"": ""63a455c2f57130657be84c4c88aea4168fcea8ee9ba8d15320d57802b2dbeb34"", ""rendered_sha256_observed"": ""e779601fbeaf0348aa19838eacaf39b87f6ecaf697c7d8fb72cd3c10a03179cc""}, ""037|11|mirror"": {""image_sha256"": ""688b0cd10fcede1a61455aaa00e6a41623ef76bf51e194a97252fa035d320011"", ""key"": ""3MIDD_048_p11__mirror"", ""rendered_hash_matches_manifest"": false, ""rendered_sha256_manifest"": ""69ed896a69afe441ef455660ad9ffd953025efe3828d1b9e99673895d65c51f2"", ""rendered_sha256_observed"": ""210950a849d847fc3bcc16eecefeffe46654a115fffd9e1658600f506748f0a0""}, ""037|11|original"": {""image_sha256"": ""7a8f168925cd817566f65f95522d8d907d3d648650604476069565dc5b79c0b8"", ""key"": ""3MIDD_048_p11__original"", ""rendered_hash_matches_manifest"": false, ""rendered_sha256_manifest"": ""eece1064c38f97a155bfd03ba34f7df8a60451e3067af54e3ef554ecc1b1e852"", ""rendered_sha256_observed"": ""3f5234b16e90575e4082bf951b66033f81dac2d8cd6034771ce860f1414797c8""}, ""037|1|mirror"": {""image_sha256"": ""76ae87fe845b5de53b4efdcf569bb157b1e1cc9fadc2b60fe5517d72df68a38e"", ""key"": ""3MIDD_048_p01__mirror"", ""rendered_hash_matches_manifest"": false, ""rendered_sha256_manifest"": ""95504b1bb34d39f2c55d1675935bd2f5be0203be221aad0f465b4ae492d88fb9"", ""rendered_sha256_observed"": ""3a63e882bf189939a01ec47b4c9e738eb16f100a0a4911d8ed3c02b397fe4d38""}, ""037|1|original"": {""image_sha256"": ""b22202e274a4ea56acfb1ad5a84a000e3621004051215da0c5d1e7e7a356bd93"", ""key"": ""3MIDD_048_p01__original"", ""rendered_hash_matches_manifest"": false, ""rendered_sha256_manifest"": ""0b1c2d3ab1dd4c595cca56b1c2354afc8941d05185bc36537ebae1a0b4e863f8"", ""rendered_sha256_observed"": ""6268a51b09defd504cdac90309110fc9cba8efa8015b7525f3151e0f87baf592""}, ""037|2|mirror"": {""image_sha256"": ""4e34f3d68c63e1f5f70aab44089c0e29fda6613480247eb5dd9aa57513fe9726"", ""key"": ""3MIDD_048_p02__mirror"", ""rendered_hash_matches_manifest"": false, ""rendered_sha256_manifest"": ""e805edb26281908117820ac5aeeaa51eb6851d2dd0b1e0655f022c669316b1ed"", ""rendered_sha256_observed"": ""10290257862ec62d129306d7573496554a6db305a688ec221a41866476eeedf9""}, ""037|2|original"": {""image_sha256"": ""5ba531b1b46b3db2b707aec365d91759124b6d9be6e1b4fa913659121dbb0e35"", ""key"": ""3MIDD_048_p02__original"", ""rendered_hash_matches_manifest"": false, ""rendered_sha256_manifest"": ""cb3bcdee86ed1563d6ca820a1f7ed966c9e2db105159a47b083137c0ad345b7c"", ""rendered_sha256_observed"": ""a20ddfccb0fc8806cff1d5843be94f8e40606b63875d207055290d69b9b87637""}, ""037|3|mirror"": {""image_sha256"": ""ffb35a39466db44b67099d2beec9e4a872e7e675248262b0b113bc19f091698f"", ""key"": ""3MIDD_048_p03__mirror"", ""rendered_hash_matches_manifest"": false, ""rendered_sha256_manifest"": ""c58b6afb3158907f2ae38adb5638efc6b64bfcdb8e4d657be564a7b299b98fd3"", ""rendered_sha256_observed"": ""65fa4081b7cd9e8caf3faed1a8ad7b3c36d62f009637e3da2b06155681d1e8be""}, ""037|3|original"": {""image_sha256"": ""60b8be653d5af5a824f3e82b472356750990854ed67d77ac0d5c17e3a1865920"", ""key"": ""3MIDD_048_p03__original"", ""rendered_hash_matches_manifest"": false, ""rendered_sha256_manifest"": ""fdfff2fa8a89e028955e887fb853720cbffefadc4ae56baca47e7d66a472136e"", ""rendered_sha256_observed"": ""2a7933ae1f41135eaceea5a2acfd021b00c9ec153fdae1741b1576e361513f72""}, ""037|4|mirror"": {""image_sha256"": ""9f72bb61d48dd59b058a653aa23c1bfd8798b27122d7417b27d6a84e48592e41"", ""key"": ""3MIDD_048_p04__mirror"", ""rendered_hash_matches_manifest"": false, ""rendered_sha256_manifest"": ""7272d3a8380e1c53060155648a49dc96b22c2bdae607ab976591c5e67e17bf2d"", ""rendered_sha256_observed"": ""fe5664ad8fb1cf4227ca880ff3eaab8106d5900a8d050a44d025f3ca2ae11818""}, ""037|4|original"": {""image_sha256"": ""a2213590cc067a63b6d9027ac537325df2642346f5b200339ce100b64b2ae2ae"", ""key"": ""3MIDD_048_p04__original"", ""rendered_hash_matches_manifest"": false, ""rendered_sha256_manifest"": ""b068b151fff6ad7dddc9c03f9be97a65ae58a0acc44f6ad70e298c166a9052f1"", ""rendered_sha256_observed"": ""e277bd9d0b2d2758cf23bbbe9a1eaedfb6ea9503c272e5b19db662e2c8fc1bf2""}, ""037|5|mirror"": {""image_sha256"": ""fb9353386392c1974dbc4c584fdfacd6711167492e54e5c481558dd4d987abdd"", ""key"": ""3MIDD_048_p05__mirror"", ""rendered_hash_matches_manifest"": false, ""rendered_sha256_manifest"": ""7534be0114b31d7c892fc08d18b989faf13742d8a65cdfcb17201a60cdce9d79"", ""rendered_sha256_observed"": ""238122e498c334c6a42104de3aee64dcc958c0d93163624a5ca61ed6076eb17c""}, ""037|5|original"": {""image_sha256"": ""8c421d48f329fdce70ec385017a55ca019b0eda1ada605fbb260a969cfad57bf"", ""key"": ""3MIDD_048_p05__original"", ""rendered_hash_matches_manifest"": false, ""rendered_sha256_manifest"": ""c4cea68a0cd7b22c133c006f0fd5efb687e79f8547549b7580d20a8f4f044239"", ""rendered_sha256_observed"": ""9d3edacad216b2fabbf82a2b46244320b2ba7b95e5856853cb910c57f4db04bb""}, ""037|6|mirror"": {""image_sha256"": ""2539e65a0e90bbcf7940f8489358d68ca2e72794ffc47f7eea9de4d83873a421"", ""key"": ""3MIDD_048_p06__mirror"", ""rendered_hash_matches_manifest"": false, ""rendered_sha256_manifest"": ""355eef0412c959425875ac1f378309e1db970dbd87806e2a94ff8a5df7817751"", ""rendered_sha256_observed"": ""4744ba7f3ddddef5e613244e941287086f6a1f9894fc3f5e33b883d99cc3e69c""}, ""037|6|original"": {""image_sha256"": ""d9166aeb478c215ddd59c92dee3c5f8331e591539cdbf6ea15da8f3bc829c5a7"", ""key"": ""3MIDD_048_p06__original"", ""rendered_hash_matches_manifest"": false, ""rendered_sha256_manifest"": ""3b0ca74600905a34d807c5e518b0dadc62763cec203734119b92f816134d3365"", ""rendered_sha256_observed"": ""d30baa041727819a706dda1a1c7d83d1b1a9f793d60effda5619c67517789e59""}, ""037|7|mirror"": {""image_sha256"": ""c03e06da1762c4b589c163595a86622c9396bc9173a5e52a948d6e56e131a9d7"", ""key"": ""3MIDD_048_p07__mirror"", ""rendered_hash_matches_manifest"": false, ""rendered_sha256_manifest"": ""f2fdf26272a9f966e67d48b002aa73b53a33b56439a1589b0cdbeecdf4aac812"", ""rendered_sha256_observed"": ""3eac954cc77c27f0e1d9a051de97555513645c480fa4423b609d84f2fdd95106""}, ""037|7|original"": {""image_sha256"": ""592326bd04173d519dd91155d024aea283335c9b3a5ee1adbd65bb3e9d7c02ce"", ""key"": ""3MIDD_048_p07__original"", ""rendered_hash_matches_manifest"": false, ""rendered_sha256_manifest"": ""6b00971f871a2480de03ca9d75d0751c7f7e9115afc377274dd7008d8601e29d"", ""rendered_sha256_observed"": ""a1533a72b12334608bdd552fd9fdde7e0de37004e56302e573e67105b3170f6d""}, ""037|8|mirror"": {""image_sha256"": ""4d409fd7f2e7211c67e53cdd47291c912a592855a96c10591f9fdaae00cf5274"", ""key"": ""3MIDD_048_p08__mirror"", ""rendered_hash_matches_manifest"": false, ""rendered_sha256_manifest"": ""6a43378923a6dc92ab9cb3e3261a4542cfedfa7aba0b678402c61b2b69de1bc1"", ""rendered_sha256_observed"": ""43d088d06bcd7c7d1d53535e17aed0a31e2658e85c5ef0bb2e1fc890de1dc2e1""}, ""037|8|original"": {""image_sha256"": ""9e489be2590f66c123eda42b3a8cf2dc16cab61a6c788e25436002ff33c3bf23"", ""key"": ""3MIDD_048_p08__original"", ""rendered_hash_matches_manifest"": false, ""rendered_sha256_manifest"": ""6df1617532c48b9961f28429fa2794c14533f613d1038278b8c1e5fbcfafa811"", ""rendered_sha256_observed"": ""b9a1cdcdb78d434af31b70623c801c8cf4d64eb31eb82f3818b5206211b20888""}, ""037|9|mirror"": {""image_sha256"": ""590d24d23f57640236e3456066c73c937f94c7aa27318cee3bab578718eb3c72"", ""key"": ""3MIDD_048_p09__mirror"", ""rendered_hash_matches_manifest"": false, ""rendered_sha256_manifest"": ""fffbf428c90dc1a574d44ec590f3025fcb0e6946e6ade239ee2103066e332ffd"", ""rendered_sha256_observed"": ""977daf24eab5d7697a7724086f4ba65c6b79e74eea9e756a3fb89d5ac6915d6b""}, ""037|9|original"": {""image_sha256"": ""b099e4e04c23584b7e1103c4fb6faca25787a2d443f977fd37e962592c6ee560"", ""key"": ""3MIDD_048_p09__original"", ""rendered_hash_matches_manifest"": false, ""rendered_sha256_manifest"": ""f6000bef78eeb2eee55b544e2e92dc4b5f4817718c94242e364664c682512599"", ""rendered_sha256_observed"": ""1ec8d847e014b9317edfe33d2542e6679dc82482fc277dbf482863bfaef62c3f""}, ""038|0|mirror"": {""image_sha256"": ""bae7e04d77f43a177610ccc1d9dfb638fbe01296b69ac462e00fa5b2293a026d"", ""key"": ""3MIDD_048_p00__mirror"", ""rendered_hash_matches_manifest"": false, ""rendered_sha256_manifest"": ""3318e0f201660badacba48c9b8421d631730ce66e4e215031158f9a905899016"", ""rendered_sha256_observed"": ""95ccac4a43b2ce3101428c8ad255378481707b4f230146b8893eff4eea57ffca""}, ""038|0|original"": {""image_sha256"": ""55de889bf77d4ed148146e80de064406871b98fbc6362750a940c6f8d0526965"", ""key"": ""3MIDD_048_p00__original"", ""rendered_hash_matches_manifest"": false, ""rendered_sha256_manifest"": ""c64d770e6191feb1ac7e6eae9ed43e6847f2c5f5a346deaad3597d0b98796435"", ""rendered_sha256_observed"": ""12afbe0d8f29b9563a881012679693f6d2ef8364067a4eb0b1b6bcf4ba988bc3""}, ""038|10|mirror"": {""image_sha256"": ""96cc75d2f496cd2b04177ff0fe242de86e399edae3de87094cef68f8fff3da81"", ""key"": ""3MIDD_048_p10__mirror"", ""rendered_hash_matches_manifest"": false, ""rendered_sha256_manifest"": ""18dd718d50d364030ec34f91333a2b0a598018bf35e8c504e25cc877d2e96685"", ""rendered_sha256_observed"": ""2934d848523f6313a0158319aaf16a6e7cfaa5d6579753909f88d546ab6dfe19""}, ""038|10|original"": {""image_sha256"": ""4550b8320af6cd8f34965ee303437323c51d2f98cc166d0bce5d3f1f7b70aa8e"", ""key"": ""3MIDD_048_p10__original"", ""rendered_hash_matches_manifest"": false, ""rendered_sha256_manifest"": ""63a455c2f57130657be84c4c88aea4168fcea8ee9ba8d15320d57802b2dbeb34"", ""rendered_sha256_observed"": ""e779601fbeaf0348aa19838eacaf39b87f6ecaf697c7d8fb72cd3c10a03179cc""}, ""038|11|mirror"": {""image_sha256"": ""688b0cd10fcede1a61455aaa00e6a41623ef76bf51e194a97252fa035d320011"", ""key"": ""3MIDD_048_p11__mirror"", ""rendered_hash_matches_manifest"": false, ""rendered_sha256_manifest"": ""69ed896a69afe441ef455660ad9ffd953025efe3828d1b9e99673895d65c51f2"", ""rendered_sha256_observed"": ""210950a849d847fc3bcc16eecefeffe46654a115fffd9e1658600f506748f0a0""}, ""038|11|original"": {""image_sha256"": ""7a8f168925cd817566f65f95522d8d907d3d648650604476069565dc5b79c0b8"", ""key"": ""3MIDD_048_p11__original"", ""rendered_hash_matches_manifest"": false, ""rendered_sha256_manifest"": ""eece1064c38f97a155bfd03ba34f7df8a60451e3067af54e3ef554ecc1b1e852"", ""rendered_sha256_observed"": ""3f5234b16e90575e4082bf951b66033f81dac2d8cd6034771ce860f1414797c8""}, ""038|1|mirror"": {""image_sha256"": ""76ae87fe845b5de53b4efdcf569bb157b1e1cc9fadc2b60fe5517d72df68a38e"", ""key"": ""3MIDD_048_p01__mirror"", ""rendered_hash_matches_manifest"": false, ""rendered_sha256_manifest"": ""95504b1bb34d39f2c55d1675935bd2f5be0203be221aad0f465b4ae492d88fb9"", ""rendered_sha256_observed"": ""3a63e882bf189939a01ec47b4c9e738eb16f100a0a4911d8ed3c02b397fe4d38""}, ""038|1|original"": {""image_sha256"": ""b22202e274a4ea56acfb1ad5a84a000e3621004051215da0c5d1e7e7a356bd93"", ""key"": ""3MIDD_048_p01__original"", ""rendered_hash_matches_manifest"": false, ""rendered_sha256_manifest"": ""0b1c2d3ab1dd4c595cca56b1c2354afc8941d05185bc36537ebae1a0b4e863f8"", ""rendered_sha256_observed"": ""6268a51b09defd504cdac90309110fc9cba8efa8015b7525f3151e0f87baf592""}, ""038|2|mirror"": {""image_sha256"": ""4e34f3d68c63e1f5f70aab44089c0e29fda6613480247eb5dd9aa57513fe9726"", ""key"": ""3MIDD_048_p02__mirror"", ""rendered_hash_matches_manifest"": false, ""rendered_sha256_manifest"": ""e805edb26281908117820ac5aeeaa51eb6851d2dd0b1e0655f022c669316b1ed"", ""rendered_sha256_observed"": ""10290257862ec62d129306d7573496554a6db305a688ec221a41866476eeedf9""}, ""038|2|original"": {""image_sha256"": ""5ba531b1b46b3db2b707aec365d91759124b6d9be6e1b4fa913659121dbb0e35"", ""key"": ""3MIDD_048_p02__original"", ""rendered_hash_matches_manifest"": false, ""rendered_sha256_manifest"": ""cb3bcdee86ed1563d6ca820a1f7ed966c9e2db105159a47b083137c0ad345b7c"", ""rendered_sha256_observed"": ""a20ddfccb0fc8806cff1d5843be94f8e40606b63875d207055290d69b9b87637""}, ""038|3|mirror"": {""image_sha256"": ""ffb35a39466db44b67099d2beec9e4a872e7e675248262b0b113bc19f091698f"", ""key"": ""3MIDD_048_p03__mirror"", ""rendered_hash_matches_manifest"": false, ""rendered_sha256_manifest"": ""c58b6afb3158907f2ae38adb5638efc6b64bfcdb8e4d657be564a7b299b98fd3"", ""rendered_sha256_observed"": ""65fa4081b7cd9e8caf3faed1a8ad7b3c36d62f009637e3da2b06155681d1e8be""}, ""038|3|original"": {""image_sha256"": ""60b8be653d5af5a824f3e82b472356750990854ed67d77ac0d5c17e3a1865920"", ""key"": ""3MIDD_048_p03__original"", ""rendered_hash_matches_manifest"": false, ""rendered_sha256_manifest"": ""fdfff2fa8a89e028955e887fb853720cbffefadc4ae56baca47e7d66a472136e"", ""rendered_sha256_observed"": ""2a7933ae1f41135eaceea5a2acfd021b00c9ec153fdae1741b1576e361513f72""}, ""038|4|mirror"": {""image_sha256"": ""9f72bb61d48dd59b058a653aa23c1bfd8798b27122d7417b27d6a84e48592e41"", ""key"": ""3MIDD_048_p04__mirror"", ""rendered_hash_matches_manifest"": false, ""rendered_sha256_manifest"": ""7272d3a8380e1c53060155648a49dc96b22c2bdae607ab976591c5e67e17bf2d"", ""rendered_sha256_observed"": ""fe5664ad8fb1cf4227ca880ff3eaab8106d5900a8d050a44d025f3ca2ae11818""}, ""038|4|original"": {""image_sha256"": ""a2213590cc067a63b6d9027ac537325df2642346f5b200339ce100b64b2ae2ae"", ""key"": ""3MIDD_048_p04__original"", ""rendered_hash_matches_manifest"": false, ""rendered_sha256_manifest"": ""b068b151fff6ad7dddc9c03f9be97a65ae58a0acc44f6ad70e298c166a9052f1"", ""rendered_sha256_observed"": ""e277bd9d0b2d2758cf23bbbe9a1eaedfb6ea9503c272e5b19db662e2c8fc1bf2""}, ""038|5|mirror"": {""image_sha256"": ""fb9353386392c1974dbc4c584fdfacd6711167492e54e5c481558dd4d987abdd"", ""key"": ""3MIDD_048_p05__mirror"", ""rendered_hash_matches_manifest"": false, ""rendered_sha256_manifest"": ""7534be0114b31d7c892fc08d18b989faf13742d8a65cdfcb17201a60cdce9d79"", ""rendered_sha256_observed"": ""238122e498c334c6a42104de3aee64dcc958c0d93163624a5ca61ed6076eb17c""}, ""038|5|original"": {""image_sha256"": ""8c421d48f329fdce70ec385017a55ca019b0eda1ada605fbb260a969cfad57bf"", ""key"": ""3MIDD_048_p05__original"", ""rendered_hash_matches_manifest"": false, ""rendered_sha256_manifest"": ""c4cea68a0cd7b22c133c006f0fd5efb687e79f8547549b7580d20a8f4f044239"", ""rendered_sha256_observed"": ""9d3edacad216b2fabbf82a2b46244320b2ba7b95e5856853cb910c57f4db04bb""}, ""038|6|mirror"": {""image_sha256"": ""2539e65a0e90bbcf7940f8489358d68ca2e72794ffc47f7eea9de4d83873a421"", ""key"": ""3MIDD_048_p06__mirror"", ""rendered_hash_matches_manifest"": false, ""rendered_sha256_manifest"": ""355eef0412c959425875ac1f378309e1db970dbd87806e2a94ff8a5df7817751"", ""rendered_sha256_observed"": ""4744ba7f3ddddef5e613244e941287086f6a1f9894fc3f5e33b883d99cc3e69c""}, ""038|6|original"": {""image_sha256"": ""d9166aeb478c215ddd59c92dee3c5f8331e591539cdbf6ea15da8f3bc829c5a7"", ""key"": ""3MIDD_048_p06__original"", ""rendered_hash_matches_manifest"": false, ""rendered_sha256_manifest"": ""3b0ca74600905a34d807c5e518b0dadc62763cec203734119b92f816134d3365"", ""rendered_sha256_observed"": ""d30baa041727819a706dda1a1c7d83d1b1a9f793d60effda5619c67517789e59""}, ""038|7|mirror"": {""image_sha256"": ""c03e06da1762c4b589c163595a86622c9396bc9173a5e52a948d6e56e131a9d7"", ""key"": ""3MIDD_048_p07__mirror"", ""rendered_hash_matches_manifest"": false, ""rendered_sha256_manifest"": ""f2fdf26272a9f966e67d48b002aa73b53a33b56439a1589b0cdbeecdf4aac812"", ""rendered_sha256_observed"": ""3eac954cc77c27f0e1d9a051de97555513645c480fa4423b609d84f2fdd95106""}, ""038|7|original"": {""image_sha256"": ""592326bd04173d519dd91155d024aea283335c9b3a5ee1adbd65bb3e9d7c02ce"", ""key"": ""3MIDD_048_p07__original"", ""rendered_hash_matches_manifest"": false, ""rendered_sha256_manifest"": ""6b00971f871a2480de03ca9d75d0751c7f7e9115afc377274dd7008d8601e29d"", ""rendered_sha256_observed"": ""a1533a72b12334608bdd552fd9fdde7e0de37004e56302e573e67105b3170f6d""}, ""038|8|mirror"": {""image_sha256"": ""4d409fd7f2e7211c67e53cdd47291c912a592855a96c10591f9fdaae00cf5274"", ""key"": ""3MIDD_048_p08__mirror"", ""rendered_hash_matches_manifest"": false, ""rendered_sha256_manifest"": ""6a43378923a6dc92ab9cb3e3261a4542cfedfa7aba0b678402c61b2b69de1bc1"", ""rendered_sha256_observed"": ""43d088d06bcd7c7d1d53535e17aed0a31e2658e85c5ef0bb2e1fc890de1dc2e1""}, ""038|8|original"": {""image_sha256"": ""9e489be2590f66c123eda42b3a8cf2dc16cab61a6c788e25436002ff33c3bf23"", ""key"": ""3MIDD_048_p08__original"", ""rendered_hash_matches_manifest"": false, ""rendered_sha256_manifest"": ""6df1617532c48b9961f28429fa2794c14533f613d1038278b8c1e5fbcfafa811"", ""rendered_sha256_observed"": ""b9a1cdcdb78d434af31b70623c801c8cf4d64eb31eb82f3818b5206211b20888""}, ""038|9|mirror"": {""image_sha256"": ""590d24d23f57640236e3456066c73c937f94c7aa27318cee3bab578718eb3c72"", ""key"": ""3MIDD_048_p09__mirror"", ""rendered_hash_matches_manifest"": false, ""rendered_sha256_manifest"": ""fffbf428c90dc1a574d44ec590f3025fcb0e6946e6ade239ee2103066e332ffd"", ""rendered_sha256_observed"": ""977daf24eab5d7697a7724086f4ba65c6b79e74eea9e756a3fb89d5ac6915d6b""}, ""038|9|original"": {""image_sha256"": ""b099e4e04c23584b7e1103c4fb6faca25787a2d443f977fd37e962592c6ee560"", ""key"": ""3MIDD_048_p09__original"", ""rendered_hash_matches_manifest"": false, ""rendered_sha256_manifest"": ""f6000bef78eeb2eee55b544e2e92dc4b5f4817718c94242e364664c682512599"", ""rendered_sha256_observed"": ""1ec8d847e014b9317edfe33d2542e6679dc82482fc277dbf482863bfaef62c3f""}, ""039|0|mirror"": {""image_sha256"": ""bae7e04d77f43a177610ccc1d9dfb638fbe01296b69ac462e00fa5b2293a026d"", ""key"": ""3MIDD_048_p00__mirror"", ""rendered_hash_matches_manifest"": false, ""rendered_sha256_manifest"": ""3318e0f201660badacba48c9b8421d631730ce66e4e215031158f9a905899016"", ""rendered_sha256_observed"": ""95ccac4a43b2ce3101428c8ad255378481707b4f230146b8893eff4eea57ffca""}, ""039|0|original"": {""image_sha256"": ""55de889bf77d4ed148146e80de064406871b98fbc6362750a940c6f8d0526965"", ""key"": ""3MIDD_048_p00__original"", ""rendered_hash_matches_manifest"": false, ""rendered_sha256_manifest"": ""c64d770e6191feb1ac7e6eae9ed43e6847f2c5f5a346deaad3597d0b98796435"", ""rendered_sha256_observed"": ""12afbe0d8f29b9563a881012679693f6d2ef8364067a4eb0b1b6bcf4ba988bc3""}, ""039|10|mirror"": {""image_sha256"": ""96cc75d2f496cd2b04177ff0fe242de86e399edae3de87094cef68f8fff3da81"", ""key"": ""3MIDD_048_p10__mirror"", ""rendered_hash_matches_manifest"": false, ""rendered_sha256_manifest"": ""18dd718d50d364030ec34f91333a2b0a598018bf35e8c504e25cc877d2e96685"", ""rendered_sha256_observed"": ""2934d848523f6313a0158319aaf16a6e7cfaa5d6579753909f88d546ab6dfe19""}, ""039|10|original"": {""image_sha256"": ""4550b8320af6cd8f34965ee303437323c51d2f98cc166d0bce5d3f1f7b70aa8e"", ""key"": ""3MIDD_048_p10__original"", ""rendered_hash_matches_manifest"": false, ""rendered_sha256_manifest"": ""63a455c2f57130657be84c4c88aea4168fcea8ee9ba8d15320d57802b2dbeb34"", ""rendered_sha256_observed"": ""e779601fbeaf0348aa19838eacaf39b87f6ecaf697c7d8fb72cd3c10a03179cc""}, ""039|11|mirror"": {""image_sha256"": ""688b0cd10fcede1a61455aaa00e6a41623ef76bf51e194a97252fa035d320011"", ""key"": ""3MIDD_048_p11__mirror"", ""rendered_hash_matches_manifest"": false, ""rendered_sha256_manifest"": ""69ed896a69afe441ef455660ad9ffd953025efe3828d1b9e99673895d65c51f2"", ""rendered_sha256_observed"": ""210950a849d847fc3bcc16eecefeffe46654a115fffd9e1658600f506748f0a0""}, ""039|11|original"": {""image_sha256"": ""7a8f168925cd817566f65f95522d8d907d3d648650604476069565dc5b79c0b8"", ""key"": ""3MIDD_048_p11__original"", ""rendered_hash_matches_manifest"": false, ""rendered_sha256_manifest"": ""eece1064c38f97a155bfd03ba34f7df8a60451e3067af54e3ef554ecc1b1e852"", ""rendered_sha256_observed"": ""3f5234b16e90575e4082bf951b66033f81dac2d8cd6034771ce860f1414797c8""}, ""039|1|mirror"": {""image_sha256"": ""76ae87fe845b5de53b4efdcf569bb157b1e1cc9fadc2b60fe5517d72df68a38e"", ""key"": ""3MIDD_048_p01__mirror"", ""rendered_hash_matches_manifest"": false, ""rendered_sha256_manifest"": ""95504b1bb34d39f2c55d1675935bd2f5be0203be221aad0f465b4ae492d88fb9"", ""rendered_sha256_observed"": ""3a63e882bf189939a01ec47b4c9e738eb16f100a0a4911d8ed3c02b397fe4d38""}, ""039|1|original"": {""image_sha256"": ""b22202e274a4ea56acfb1ad5a84a000e3621004051215da0c5d1e7e7a356bd93"", ""key"": ""3MIDD_048_p01__original"", ""rendered_hash_matches_manifest"": false, ""rendered_sha256_manifest"": ""0b1c2d3ab1dd4c595cca56b1c2354afc8941d05185bc36537ebae1a0b4e863f8"", ""rendered_sha256_observed"": ""6268a51b09defd504cdac90309110fc9cba8efa8015b7525f3151e0f87baf592""}, ""039|2|mirror"": {""image_sha256"": ""4e34f3d68c63e1f5f70aab44089c0e29fda6613480247eb5dd9aa57513fe9726"", ""key"": ""3MIDD_048_p02__mirror"", ""rendered_hash_matches_manifest"": false, ""rendered_sha256_manifest"": ""e805edb26281908117820ac5aeeaa51eb6851d2dd0b1e0655f022c669316b1ed"", ""rendered_sha256_observed"": ""10290257862ec62d129306d7573496554a6db305a688ec221a41866476eeedf9""}, ""039|2|original"": {""image_sha256"": ""5ba531b1b46b3db2b707aec365d91759124b6d9be6e1b4fa913659121dbb0e35"", ""key"": ""3MIDD_048_p02__original"", ""rendered_hash_matches_manifest"": false, ""rendered_sha256_manifest"": ""cb3bcdee86ed1563d6ca820a1f7ed966c9e2db105159a47b083137c0ad345b7c"", ""rendered_sha256_observed"": ""a20ddfccb0fc8806cff1d5843be94f8e40606b63875d207055290d69b9b87637""}, ""039|3|mirror"": {""image_sha256"": ""ffb35a39466db44b67099d2beec9e4a872e7e675248262b0b113bc19f091698f"", ""key"": ""3MIDD_048_p03__mirror"", ""rendered_hash_matches_manifest"": false, ""rendered_sha256_manifest"": ""c58b6afb3158907f2ae38adb5638efc6b64bfcdb8e4d657be564a7b299b98fd3"", ""rendered_sha256_observed"": ""65fa4081b7cd9e8caf3faed1a8ad7b3c36d62f009637e3da2b06155681d1e8be""}, ""039|3|original"": {""image_sha256"": ""60b8be653d5af5a824f3e82b472356750990854ed67d77ac0d5c17e3a1865920"", ""key"": ""3MIDD_048_p03__original"", ""rendered_hash_matches_manifest"": false, ""rendered_sha256_manifest"": ""fdfff2fa8a89e028955e887fb853720cbffefadc4ae56baca47e7d66a472136e"", ""rendered_sha256_observed"": ""2a7933ae1f41135eaceea5a2acfd021b00c9ec153fdae1741b1576e361513f72""}, ""039|4|mirror"": {""image_sha256"": ""9f72bb61d48dd59b058a653aa23c1bfd8798b27122d7417b27d6a84e48592e41"", ""key"": ""3MIDD_048_p04__mirror"", ""rendered_hash_matches_manifest"": false, ""rendered_sha256_manifest"": ""7272d3a8380e1c53060155648a49dc96b22c2bdae607ab976591c5e67e17bf2d"", ""rendered_sha256_observed"": ""fe5664ad8fb1cf4227ca880ff3eaab8106d5900a8d050a44d025f3ca2ae11818""}, ""039|4|original"": {""image_sha256"": ""a2213590cc067a63b6d9027ac537325df2642346f5b200339ce100b64b2ae2ae"", ""key"": ""3MIDD_048_p04__original"", ""rendered_hash_matches_manifest"": false, ""rendered_sha256_manifest"": ""b068b151fff6ad7dddc9c03f9be97a65ae58a0acc44f6ad70e298c166a9052f1"", ""rendered_sha256_observed"": ""e277bd9d0b2d2758cf23bbbe9a1eaedfb6ea9503c272e5b19db662e2c8fc1bf2""}, ""039|5|mirror"": {""image_sha256"": ""fb9353386392c1974dbc4c584fdfacd6711167492e54e5c481558dd4d987abdd"", ""key"": ""3MIDD_048_p05__mirror"", ""rendered_hash_matches_manifest"": false, ""rendered_sha256_manifest"": ""7534be0114b31d7c892fc08d18b989faf13742d8a65cdfcb17201a60cdce9d79"", ""rendered_sha256_observed"": ""238122e498c334c6a42104de3aee64dcc958c0d93163624a5ca61ed6076eb17c""}, ""039|5|original"": {""image_sha256"": ""8c421d48f329fdce70ec385017a55ca019b0eda1ada605fbb260a969cfad57bf"", ""key"": ""3MIDD_048_p05__original"", ""rendered_hash_matches_manifest"": false, ""rendered_sha256_manifest"": ""c4cea68a0cd7b22c133c006f0fd5efb687e79f8547549b7580d20a8f4f044239"", ""rendered_sha256_observed"": ""9d3edacad216b2fabbf82a2b46244320b2ba7b95e5856853cb910c57f4db04bb""}, ""039|6|mirror"": {""image_sha256"": ""2539e65a0e90bbcf7940f8489358d68ca2e72794ffc47f7eea9de4d83873a421"", ""key"": ""3MIDD_048_p06__mirror"", ""rendered_hash_matches_manifest"": false, ""rendered_sha256_manifest"": ""355eef0412c959425875ac1f378309e1db970dbd87806e2a94ff8a5df7817751"", ""rendered_sha256_observed"": ""4744ba7f3ddddef5e613244e941287086f6a1f9894fc3f5e33b883d99cc3e69c""}, ""039|6|original"": {""image_sha256"": ""d9166aeb478c215ddd59c92dee3c5f8331e591539cdbf6ea15da8f3bc829c5a7"", ""key"": ""3MIDD_048_p06__original"", ""rendered_hash_matches_manifest"": false, ""rendered_sha256_manifest"": ""3b0ca74600905a34d807c5e518b0dadc62763cec203734119b92f816134d3365"", ""rendered_sha256_observed"": ""d30baa041727819a706dda1a1c7d83d1b1a9f793d60effda5619c67517789e59""}, ""039|7|mirror"": {""image_sha256"": ""c03e06da1762c4b589c163595a86622c9396bc9173a5e52a948d6e56e131a9d7"", ""key"": ""3MIDD_048_p07__mirror"", ""rendered_hash_matches_manifest"": false, ""rendered_sha256_manifest"": ""f2fdf26272a9f966e67d48b002aa73b53a33b56439a1589b0cdbeecdf4aac812"", ""rendered_sha256_observed"": ""3eac954cc77c27f0e1d9a051de97555513645c480fa4423b609d84f2fdd95106""}, ""039|7|original"": {""image_sha256"": ""592326bd04173d519dd91155d024aea283335c9b3a5ee1adbd65bb3e9d7c02ce"", ""key"": ""3MIDD_048_p07__original"", ""rendered_hash_matches_manifest"": false, ""rendered_sha256_manifest"": ""6b00971f871a2480de03ca9d75d0751c7f7e9115afc377274dd7008d8601e29d"", ""rendered_sha256_observed"": ""a1533a72b12334608bdd552fd9fdde7e0de37004e56302e573e67105b3170f6d""}, ""039|8|mirror"": {""image_sha256"": ""4d409fd7f2e7211c67e53cdd47291c912a592855a96c10591f9fdaae00cf5274"", ""key"": ""3MIDD_048_p08__mirror"", ""rendered_hash_matches_manifest"": false, ""rendered_sha256_manifest"": ""6a43378923a6dc92ab9cb3e3261a4542cfedfa7aba0b678402c61b2b69de1bc1"", ""rendered_sha256_observed"": ""43d088d06bcd7c7d1d53535e17aed0a31e2658e85c5ef0bb2e1fc890de1dc2e1""}, ""039|8|original"": {""image_sha256"": ""9e489be2590f66c123eda42b3a8cf2dc16cab61a6c788e25436002ff33c3bf23"", ""key"": ""3MIDD_048_p08__original"", ""rendered_hash_matches_manifest"": false, ""rendered_sha256_manifest"": ""6df1617532c48b9961f28429fa2794c14533f613d1038278b8c1e5fbcfafa811"", ""rendered_sha256_observed"": ""b9a1cdcdb78d434af31b70623c801c8cf4d64eb31eb82f3818b5206211b20888""}, ""039|9|mirror"": {""image_sha256"": ""590d24d23f57640236e3456066c73c937f94c7aa27318cee3bab578718eb3c72"", ""key"": ""3MIDD_048_p09__mirror"", ""rendered_hash_matches_manifest"": false, ""rendered_sha256_manifest"": ""fffbf428c90dc1a574d44ec590f3025fcb0e6946e6ade239ee2103066e332ffd"", ""rendered_sha256_observed"": ""977daf24eab5d7697a7724086f4ba65c6b79e74eea9e756a3fb89d5ac6915d6b""}, ""039|9|original"": {""image_sha256"": ""b099e4e04c23584b7e1103c4fb6faca25787a2d443f977fd37e962592c6ee560"", ""key"": ""3MIDD_048_p09__original"", ""rendered_hash_matches_manifest"": false, ""rendered_sha256_manifest"": ""f6000bef78eeb2eee55b544e2e92dc4b5f4817718c94242e364664c682512599"", ""rendered_sha256_observed"": ""1ec8d847e014b9317edfe33d2542e6679dc82482fc277dbf482863bfaef62c3f""}, ""040|0|mirror"": {""image_sha256"": ""bae7e04d77f43a177610ccc1d9dfb638fbe01296b69ac462e00fa5b2293a026d"", ""key"": ""3MIDD_048_p00__mirror"", ""rendered_hash_matches_manifest"": false, ""rendered_sha256_manifest"": ""3318e0f201660badacba48c9b8421d631730ce66e4e215031158f9a905899016"", ""rendered_sha256_observed"": ""95ccac4a43b2ce3101428c8ad255378481707b4f230146b8893eff4eea57ffca""}, ""040|0|original"": {""image_sha256"": ""55de889bf77d4ed148146e80de064406871b98fbc6362750a940c6f8d0526965"", ""key"": ""3MIDD_048_p00__original"", ""rendered_hash_matches_manifest"": false, ""rendered_sha256_manifest"": ""c64d770e6191feb1ac7e6eae9ed43e6847f2c5f5a346deaad3597d0b98796435"", ""rendered_sha256_observed"": ""12afbe0d8f29b9563a881012679693f6d2ef8364067a4eb0b1b6bcf4ba988bc3""}, ""040|10|mirror"": {""image_sha256"": ""96cc75d2f496cd2b04177ff0fe242de86e399edae3de87094cef68f8fff3da81"", ""key"": ""3MIDD_048_p10__mirror"", ""rendered_hash_matches_manifest"": false, ""rendered_sha256_manifest"": ""18dd718d50d364030ec34f91333a2b0a598018bf35e8c504e25cc877d2e96685"", ""rendered_sha256_observed"": ""2934d848523f6313a0158319aaf16a6e7cfaa5d6579753909f88d546ab6dfe19""}, ""040|10|original"": {""image_sha256"": ""4550b8320af6cd8f34965ee303437323c51d2f98cc166d0bce5d3f1f7b70aa8e"", ""key"": ""3MIDD_048_p10__original"", ""rendered_hash_matches_manifest"": false, ""rendered_sha256_manifest"": ""63a455c2f57130657be84c4c88aea4168fcea8ee9ba8d15320d57802b2dbeb34"", ""rendered_sha256_observed"": ""e779601fbeaf0348aa19838eacaf39b87f6ecaf697c7d8fb72cd3c10a03179cc""}, ""040|11|mirror"": {""image_sha256"": ""688b0cd10fcede1a61455aaa00e6a41623ef76bf51e194a97252fa035d320011"", ""key"": ""3MIDD_048_p11__mirror"", ""rendered_hash_matches_manifest"": false, ""rendered_sha256_manifest"": ""69ed896a69afe441ef455660ad9ffd953025efe3828d1b9e99673895d65c51f2"", ""rendered_sha256_observed"": ""210950a849d847fc3bcc16eecefeffe46654a115fffd9e1658600f506748f0a0""}, ""040|11|original"": {""image_sha256"": ""7a8f168925cd817566f65f95522d8d907d3d648650604476069565dc5b79c0b8"", ""key"": ""3MIDD_048_p11__original"", ""rendered_hash_matches_manifest"": false, ""rendered_sha256_manifest"": ""eece1064c38f97a155bfd03ba34f7df8a60451e3067af54e3ef554ecc1b1e852"", ""rendered_sha256_observed"": ""3f5234b16e90575e4082bf951b66033f81dac2d8cd6034771ce860f1414797c8""}, ""040|1|mirror"": {""image_sha256"": ""76ae87fe845b5de53b4efdcf569bb157b1e1cc9fadc2b60fe5517d72df68a38e"", ""key"": ""3MIDD_048_p01__mirror"", ""rendered_hash_matches_manifest"": false, ""rendered_sha256_manifest"": ""95504b1bb34d39f2c55d1675935bd2f5be0203be221aad0f465b4ae492d88fb9"", ""rendered_sha256_observed"": ""3a63e882bf189939a01ec47b4c9e738eb16f100a0a4911d8ed3c02b397fe4d38""}, ""040|1|original"": {""image_sha256"": ""b22202e274a4ea56acfb1ad5a84a000e3621004051215da0c5d1e7e7a356bd93"", ""key"": ""3MIDD_048_p01__original"", ""rendered_hash_matches_manifest"": false, ""rendered_sha256_manifest"": ""0b1c2d3ab1dd4c595cca56b1c2354afc8941d05185bc36537ebae1a0b4e863f8"", ""rendered_sha256_observed"": ""6268a51b09defd504cdac90309110fc9cba8efa8015b7525f3151e0f87baf592""}, ""040|2|mirror"": {""image_sha256"": ""4e34f3d68c63e1f5f70aab44089c0e29fda6613480247eb5dd9aa57513fe9726"", ""key"": ""3MIDD_048_p02__mirror"", ""rendered_hash_matches_manifest"": false, ""rendered_sha256_manifest"": ""e805edb26281908117820ac5aeeaa51eb6851d2dd0b1e0655f022c669316b1ed"", ""rendered_sha256_observed"": ""10290257862ec62d129306d7573496554a6db305a688ec221a41866476eeedf9""}, ""040|2|original"": {""image_sha256"": ""5ba531b1b46b3db2b707aec365d91759124b6d9be6e1b4fa913659121dbb0e35"", ""key"": ""3MIDD_048_p02__original"", ""rendered_hash_matches_manifest"": false, ""rendered_sha256_manifest"": ""cb3bcdee86ed1563d6ca820a1f7ed966c9e2db105159a47b083137c0ad345b7c"", ""rendered_sha256_observed"": ""a20ddfccb0fc8806cff1d5843be94f8e40606b63875d207055290d69b9b87637""}, ""040|3|mirror"": {""image_sha256"": ""ffb35a39466db44b67099d2beec9e4a872e7e675248262b0b113bc19f091698f"", ""key"": ""3MIDD_048_p03__mirror"", ""rendered_hash_matches_manifest"": false, ""rendered_sha256_manifest"": ""c58b6afb3158907f2ae38adb5638efc6b64bfcdb8e4d657be564a7b299b98fd3"", ""rendered_sha256_observed"": ""65fa4081b7cd9e8caf3faed1a8ad7b3c36d62f009637e3da2b06155681d1e8be""}, ""040|3|original"": {""image_sha256"": ""60b8be653d5af5a824f3e82b472356750990854ed67d77ac0d5c17e3a1865920"", ""key"": ""3MIDD_048_p03__original"", ""rendered_hash_matches_manifest"": false, ""rendered_sha256_manifest"": ""fdfff2fa8a89e028955e887fb853720cbffefadc4ae56baca47e7d66a472136e"", ""rendered_sha256_observed"": ""2a7933ae1f41135eaceea5a2acfd021b00c9ec153fdae1741b1576e361513f72""}, ""040|4|mirror"": {""image_sha256"": ""9f72bb61d48dd59b058a653aa23c1bfd8798b27122d7417b27d6a84e48592e41"", ""key"": ""3MIDD_048_p04__mirror"", ""rendered_hash_matches_manifest"": false, ""rendered_sha256_manifest"": ""7272d3a8380e1c53060155648a49dc96b22c2bdae607ab976591c5e67e17bf2d"", ""rendered_sha256_observed"": ""fe5664ad8fb1cf4227ca880ff3eaab8106d5900a8d050a44d025f3ca2ae11818""}, ""040|4|original"": {""image_sha256"": ""a2213590cc067a63b6d9027ac537325df2642346f5b200339ce100b64b2ae2ae"", ""key"": ""3MIDD_048_p04__original"", ""rendered_hash_matches_manifest"": false, ""rendered_sha256_manifest"": ""b068b151fff6ad7dddc9c03f9be97a65ae58a0acc44f6ad70e298c166a9052f1"", ""rendered_sha256_observed"": ""e277bd9d0b2d2758cf23bbbe9a1eaedfb6ea9503c272e5b19db662e2c8fc1bf2""}, ""040|5|mirror"": {""image_sha256"": ""fb9353386392c1974dbc4c584fdfacd6711167492e54e5c481558dd4d987abdd"", ""key"": ""3MIDD_048_p05__mirror"", ""rendered_hash_matches_manifest"": false, ""rendered_sha256_manifest"": ""7534be0114b31d7c892fc08d18b989faf13742d8a65cdfcb17201a60cdce9d79"", ""rendered_sha256_observed"": ""238122e498c334c6a42104de3aee64dcc958c0d93163624a5ca61ed6076eb17c""}, ""040|5|original"": {""image_sha256"": ""8c421d48f329fdce70ec385017a55ca019b0eda1ada605fbb260a969cfad57bf"", ""key"": ""3MIDD_048_p05__original"", ""rendered_hash_matches_manifest"": false, ""rendered_sha256_manifest"": ""c4cea68a0cd7b22c133c006f0fd5efb687e79f8547549b7580d20a8f4f044239"", ""rendered_sha256_observed"": ""9d3edacad216b2fabbf82a2b46244320b2ba7b95e5856853cb910c57f4db04bb""}, ""040|6|mirror"": {""image_sha256"": ""2539e65a0e90bbcf7940f8489358d68ca2e72794ffc47f7eea9de4d83873a421"", ""key"": ""3MIDD_048_p06__mirror"", ""rendered_hash_matches_manifest"": false, ""rendered_sha256_manifest"": ""355eef0412c959425875ac1f378309e1db970dbd87806e2a94ff8a5df7817751"", ""rendered_sha256_observed"": ""4744ba7f3ddddef5e613244e941287086f6a1f9894fc3f5e33b883d99cc3e69c""}, ""040|6|original"": {""image_sha256"": ""d9166aeb478c215ddd59c92dee3c5f8331e591539cdbf6ea15da8f3bc829c5a7"", ""key"": ""3MIDD_048_p06__original"", ""rendered_hash_matches_manifest"": false, ""rendered_sha256_manifest"": ""3b0ca74600905a34d807c5e518b0dadc62763cec203734119b92f816134d3365"", ""rendered_sha256_observed"": ""d30baa041727819a706dda1a1c7d83d1b1a9f793d60effda5619c67517789e59""}, ""040|7|mirror"": {""image_sha256"": ""c03e06da1762c4b589c163595a86622c9396bc9173a5e52a948d6e56e131a9d7"", ""key"": ""3MIDD_048_p07__mirror"", ""rendered_hash_matches_manifest"": false, ""rendered_sha256_manifest"": ""f2fdf26272a9f966e67d48b002aa73b53a33b56439a1589b0cdbeecdf4aac812"", ""rendered_sha256_observed"": ""3eac954cc77c27f0e1d9a051de97555513645c480fa4423b609d84f2fdd95106""}, ""040|7|original"": {""image_sha256"": ""592326bd04173d519dd91155d024aea283335c9b3a5ee1adbd65bb3e9d7c02ce"", ""key"": ""3MIDD_048_p07__original"", ""rendered_hash_matches_manifest"": false, ""rendered_sha256_manifest"": ""6b00971f871a2480de03ca9d75d0751c7f7e9115afc377274dd7008d8601e29d"", ""rendered_sha256_observed"": ""a1533a72b12334608bdd552fd9fdde7e0de37004e56302e573e67105b3170f6d""}, ""040|8|mirror"": {""image_sha256"": ""4d409fd7f2e7211c67e53cdd47291c912a592855a96c10591f9fdaae00cf5274"", ""key"": ""3MIDD_048_p08__mirror"", ""rendered_hash_matches_manifest"": false, ""rendered_sha256_manifest"": ""6a43378923a6dc92ab9cb3e3261a4542cfedfa7aba0b678402c61b2b69de1bc1"", ""rendered_sha256_observed"": ""43d088d06bcd7c7d1d53535e17aed0a31e2658e85c5ef0bb2e1fc890de1dc2e1""}, ""040|8|original"": {""image_sha256"": ""9e489be2590f66c123eda42b3a8cf2dc16cab61a6c788e25436002ff33c3bf23"", ""key"": ""3MIDD_048_p08__original"", ""rendered_hash_matches_manifest"": false, ""rendered_sha256_manifest"": ""6df1617532c48b9961f28429fa2794c14533f613d1038278b8c1e5fbcfafa811"", ""rendered_sha256_observed"": ""b9a1cdcdb78d434af31b70623c801c8cf4d64eb31eb82f3818b5206211b20888""}, ""040|9|mirror"": {""image_sha256"": ""590d24d23f57640236e3456066c73c937f94c7aa27318cee3bab578718eb3c72"", ""key"": ""3MIDD_048_p09__mirror"", ""rendered_hash_matches_manifest"": false, ""rendered_sha256_manifest"": ""fffbf428c90dc1a574d44ec590f3025fcb0e6946e6ade239ee2103066e332ffd"", ""rendered_sha256_observed"": ""977daf24eab5d7697a7724086f4ba65c6b79e74eea9e756a3fb89d5ac6915d6b""}, ""040|9|original"": {""image_sha256"": ""b099e4e04c23584b7e1103c4fb6faca25787a2d443f977fd37e962592c6ee560"", ""key"": ""3MIDD_048_p09__original"", ""rendered_hash_matches_manifest"": false, ""rendered_sha256_manifest"": ""f6000bef78eeb2eee55b544e2e92dc4b5f4817718c94242e364664c682512599"", ""rendered_sha256_observed"": ""1ec8d847e014b9317edfe33d2542e6679dc82482fc277dbf482863bfaef62c3f""}, ""041|0|mirror"": {""image_sha256"": ""bae7e04d77f43a177610ccc1d9dfb638fbe01296b69ac462e00fa5b2293a026d"", ""key"": ""3MIDD_048_p00__mirror"", ""rendered_hash_matches_manifest"": false, ""rendered_sha256_manifest"": ""3318e0f201660badacba48c9b8421d631730ce66e4e215031158f9a905899016"", ""rendered_sha256_observed"": ""95ccac4a43b2ce3101428c8ad255378481707b4f230146b8893eff4eea57ffca""}, ""041|0|original"": {""image_sha256"": ""55de889bf77d4ed148146e80de064406871b98fbc6362750a940c6f8d0526965"", ""key"": ""3MIDD_048_p00__original"", ""rendered_hash_matches_manifest"": false, ""rendered_sha256_manifest"": ""c64d770e6191feb1ac7e6eae9ed43e6847f2c5f5a346deaad3597d0b98796435"", ""rendered_sha256_observed"": ""12afbe0d8f29b9563a881012679693f6d2ef8364067a4eb0b1b6bcf4ba988bc3""}, ""041|10|mirror"": {""image_sha256"": ""96cc75d2f496cd2b04177ff0fe242de86e399edae3de87094cef68f8fff3da81"", ""key"": ""3MIDD_048_p10__mirror"", ""rendered_hash_matches_manifest"": false, ""rendered_sha256_manifest"": ""18dd718d50d364030ec34f91333a2b0a598018bf35e8c504e25cc877d2e96685"", ""rendered_sha256_observed"": ""2934d848523f6313a0158319aaf16a6e7cfaa5d6579753909f88d546ab6dfe19""}, ""041|10|original"": {""image_sha256"": ""4550b8320af6cd8f34965ee303437323c51d2f98cc166d0bce5d3f1f7b70aa8e"", ""key"": ""3MIDD_048_p10__original"", ""rendered_hash_matches_manifest"": false, ""rendered_sha256_manifest"": ""63a455c2f57130657be84c4c88aea4168fcea8ee9ba8d15320d57802b2dbeb34"", ""rendered_sha256_observed"": ""e779601fbeaf0348aa19838eacaf39b87f6ecaf697c7d8fb72cd3c10a03179cc""}, ""041|11|mirror"": {""image_sha256"": ""688b0cd10fcede1a61455aaa00e6a41623ef76bf51e194a97252fa035d320011"", ""key"": ""3MIDD_048_p11__mirror"", ""rendered_hash_matches_manifest"": false, ""rendered_sha256_manifest"": ""69ed896a69afe441ef455660ad9ffd953025efe3828d1b9e99673895d65c51f2"", ""rendered_sha256_observed"": ""210950a849d847fc3bcc16eecefeffe46654a115fffd9e1658600f506748f0a0""}, ""041|11|original"": {""image_sha256"": ""7a8f168925cd817566f65f95522d8d907d3d648650604476069565dc5b79c0b8"", ""key"": ""3MIDD_048_p11__original"", ""rendered_hash_matches_manifest"": false, ""rendered_sha256_manifest"": ""eece1064c38f97a155bfd03ba34f7df8a60451e3067af54e3ef554ecc1b1e852"", ""rendered_sha256_observed"": ""3f5234b16e90575e4082bf951b66033f81dac2d8cd6034771ce860f1414797c8""}, ""041|1|mirror"": {""image_sha256"": ""76ae87fe845b5de53b4efdcf569bb157b1e1cc9fadc2b60fe5517d72df68a38e"", ""key"": ""3MIDD_048_p01__mirror"", ""rendered_hash_matches_manifest"": false, ""rendered_sha256_manifest"": ""95504b1bb34d39f2c55d1675935bd2f5be0203be221aad0f465b4ae492d88fb9"", ""rendered_sha256_observed"": ""3a63e882bf189939a01ec47b4c9e738eb16f100a0a4911d8ed3c02b397fe4d38""}, ""041|1|original"": {""image_sha256"": ""b22202e274a4ea56acfb1ad5a84a000e3621004051215da0c5d1e7e7a356bd93"", ""key"": ""3MIDD_048_p01__original"", ""rendered_hash_matches_manifest"": false, ""rendered_sha256_manifest"": ""0b1c2d3ab1dd4c595cca56b1c2354afc8941d05185bc36537ebae1a0b4e863f8"", ""rendered_sha256_observed"": ""6268a51b09defd504cdac90309110fc9cba8efa8015b7525f3151e0f87baf592""}, ""041|2|mirror"": {""image_sha256"": ""4e34f3d68c63e1f5f70aab44089c0e29fda6613480247eb5dd9aa57513fe9726"", ""key"": ""3MIDD_048_p02__mirror"", ""rendered_hash_matches_manifest"": false, ""rendered_sha256_manifest"": ""e805edb26281908117820ac5aeeaa51eb6851d2dd0b1e0655f022c669316b1ed"", ""rendered_sha256_observed"": ""10290257862ec62d129306d7573496554a6db305a688ec221a41866476eeedf9""}, ""041|2|original"": {""image_sha256"": ""5ba531b1b46b3db2b707aec365d91759124b6d9be6e1b4fa913659121dbb0e35"", ""key"": ""3MIDD_048_p02__original"", ""rendered_hash_matches_manifest"": false, ""rendered_sha256_manifest"": ""cb3bcdee86ed1563d6ca820a1f7ed966c9e2db105159a47b083137c0ad345b7c"", ""rendered_sha256_observed"": ""a20ddfccb0fc8806cff1d5843be94f8e40606b63875d207055290d69b9b87637""}, ""041|3|mirror"": {""image_sha256"": ""ffb35a39466db44b67099d2beec9e4a872e7e675248262b0b113bc19f091698f"", ""key"": ""3MIDD_048_p03__mirror"", ""rendered_hash_matches_manifest"": false, ""rendered_sha256_manifest"": ""c58b6afb3158907f2ae38adb5638efc6b64bfcdb8e4d657be564a7b299b98fd3"", ""rendered_sha256_observed"": ""65fa4081b7cd9e8caf3faed1a8ad7b3c36d62f009637e3da2b06155681d1e8be""}, ""041|3|original"": {""image_sha256"": ""60b8be653d5af5a824f3e82b472356750990854ed67d77ac0d5c17e3a1865920"", ""key"": ""3MIDD_048_p03__original"", ""rendered_hash_matches_manifest"": false, ""rendered_sha256_manifest"": ""fdfff2fa8a89e028955e887fb853720cbffefadc4ae56baca47e7d66a472136e"", ""rendered_sha256_observed"": ""2a7933ae1f41135eaceea5a2acfd021b00c9ec153fdae1741b1576e361513f72""}, ""041|4|mirror"": {""image_sha256"": ""9f72bb61d48dd59b058a653aa23c1bfd8798b27122d7417b27d6a84e48592e41"", ""key"": ""3MIDD_048_p04__mirror"", ""rendered_hash_matches_manifest"": false, ""rendered_sha256_manifest"": ""7272d3a8380e1c53060155648a49dc96b22c2bdae607ab976591c5e67e17bf2d"", ""rendered_sha256_observed"": ""fe5664ad8fb1cf4227ca880ff3eaab8106d5900a8d050a44d025f3ca2ae11818""}, ""041|4|original"": {""image_sha256"": ""a2213590cc067a63b6d9027ac537325df2642346f5b200339ce100b64b2ae2ae"", ""key"": ""3MIDD_048_p04__original"", ""rendered_hash_matches_manifest"": false, ""rendered_sha256_manifest"": ""b068b151fff6ad7dddc9c03f9be97a65ae58a0acc44f6ad70e298c166a9052f1"", ""rendered_sha256_observed"": ""e277bd9d0b2d2758cf23bbbe9a1eaedfb6ea9503c272e5b19db662e2c8fc1bf2""}, ""041|5|mirror"": {""image_sha256"": ""fb9353386392c1974dbc4c584fdfacd6711167492e54e5c481558dd4d987abdd"", ""key"": ""3MIDD_048_p05__mirror"", ""rendered_hash_matches_manifest"": false, ""rendered_sha256_manifest"": ""7534be0114b31d7c892fc08d18b989faf13742d8a65cdfcb17201a60cdce9d79"", ""rendered_sha256_observed"": ""238122e498c334c6a42104de3aee64dcc958c0d93163624a5ca61ed6076eb17c""}, ""041|5|original"": {""image_sha256"": ""8c421d48f329fdce70ec385017a55ca019b0eda1ada605fbb260a969cfad57bf"", ""key"": ""3MIDD_048_p05__original"", ""rendered_hash_matches_manifest"": false, ""rendered_sha256_manifest"": ""c4cea68a0cd7b22c133c006f0fd5efb687e79f8547549b7580d20a8f4f044239"", ""rendered_sha256_observed"": ""9d3edacad216b2fabbf82a2b46244320b2ba7b95e5856853cb910c57f4db04bb""}, ""041|6|mirror"": {""image_sha256"": ""2539e65a0e90bbcf7940f8489358d68ca2e72794ffc47f7eea9de4d83873a421"", ""key"": ""3MIDD_048_p06__mirror"", ""rendered_hash_matches_manifest"": false, ""rendered_sha256_manifest"": ""355eef0412c959425875ac1f378309e1db970dbd87806e2a94ff8a5df7817751"", ""rendered_sha256_observed"": ""4744ba7f3ddddef5e613244e941287086f6a1f9894fc3f5e33b883d99cc3e69c""}, ""041|6|original"": {""image_sha256"": ""d9166aeb478c215ddd59c92dee3c5f8331e591539cdbf6ea15da8f3bc829c5a7"", ""key"": ""3MIDD_048_p06__original"", ""rendered_hash_matches_manifest"": false, ""rendered_sha256_manifest"": ""3b0ca74600905a34d807c5e518b0dadc62763cec203734119b92f816134d3365"", ""rendered_sha256_observed"": ""d30baa041727819a706dda1a1c7d83d1b1a9f793d60effda5619c67517789e59""}, ""041|7|mirror"": {""image_sha256"": ""c03e06da1762c4b589c163595a86622c9396bc9173a5e52a948d6e56e131a9d7"", ""key"": ""3MIDD_048_p07__mirror"", ""rendered_hash_matches_manifest"": false, ""rendered_sha256_manifest"": ""f2fdf26272a9f966e67d48b002aa73b53a33b56439a1589b0cdbeecdf4aac812"", ""rendered_sha256_observed"": ""3eac954cc77c27f0e1d9a051de97555513645c480fa4423b609d84f2fdd95106""}, ""041|7|original"": {""image_sha256"": ""592326bd04173d519dd91155d024aea283335c9b3a5ee1adbd65bb3e9d7c02ce"", ""key"": ""3MIDD_048_p07__original"", ""rendered_hash_matches_manifest"": false, ""rendered_sha256_manifest"": ""6b00971f871a2480de03ca9d75d0751c7f7e9115afc377274dd7008d8601e29d"", ""rendered_sha256_observed"": ""a1533a72b12334608bdd552fd9fdde7e0de37004e56302e573e67105b3170f6d""}, ""041|8|mirror"": {""image_sha256"": ""4d409fd7f2e7211c67e53cdd47291c912a592855a96c10591f9fdaae00cf5274"", ""key"": ""3MIDD_048_p08__mirror"", ""rendered_hash_matches_manifest"": false, ""rendered_sha256_manifest"": ""6a43378923a6dc92ab9cb3e3261a4542cfedfa7aba0b678402c61b2b69de1bc1"", ""rendered_sha256_observed"": ""43d088d06bcd7c7d1d53535e17aed0a31e2658e85c5ef0bb2e1fc890de1dc2e1""}, ""041|8|original"": {""image_sha256"": ""9e489be2590f66c123eda42b3a8cf2dc16cab61a6c788e25436002ff33c3bf23"", ""key"": ""3MIDD_048_p08__original"", ""rendered_hash_matches_manifest"": false, ""rendered_sha256_manifest"": ""6df1617532c48b9961f28429fa2794c14533f613d1038278b8c1e5fbcfafa811"", ""rendered_sha256_observed"": ""b9a1cdcdb78d434af31b70623c801c8cf4d64eb31eb82f3818b5206211b20888""}, ""041|9|mirror"": {""image_sha256"": ""590d24d23f57640236e3456066c73c937f94c7aa27318cee3bab578718eb3c72"", ""key"": ""3MIDD_048_p09__mirror"", ""rendered_hash_matches_manifest"": false, ""rendered_sha256_manifest"": ""fffbf428c90dc1a574d44ec590f3025fcb0e6946e6ade239ee2103066e332ffd"", ""rendered_sha256_observed"": ""977daf24eab5d7697a7724086f4ba65c6b79e74eea9e756a3fb89d5ac6915d6b""}, ""041|9|original"": {""image_sha256"": ""b099e4e04c23584b7e1103c4fb6faca25787a2d443f977fd37e962592c6ee560"", ""key"": ""3MIDD_048_p09__original"", ""rendered_hash_matches_manifest"": false, ""rendered_sha256_manifest"": ""f6000bef78eeb2eee55b544e2e92dc4b5f4817718c94242e364664c682512599"", ""rendered_sha256_observed"": ""1ec8d847e014b9317edfe33d2542e6679dc82482fc277dbf482863bfaef62c3f""}, ""042|0|mirror"": {""image_sha256"": ""bae7e04d77f43a177610ccc1d9dfb638fbe01296b69ac462e00fa5b2293a026d"", ""key"": ""3MIDD_048_p00__mirror"", ""rendered_hash_matches_manifest"": false, ""rendered_sha256_manifest"": ""3318e0f201660badacba48c9b8421d631730ce66e4e215031158f9a905899016"", ""rendered_sha256_observed"": ""95ccac4a43b2ce3101428c8ad255378481707b4f230146b8893eff4eea57ffca""}, ""042|0|original"": {""image_sha256"": ""55de889bf77d4ed148146e80de064406871b98fbc6362750a940c6f8d0526965"", ""key"": ""3MIDD_048_p00__original"", ""rendered_hash_matches_manifest"": false, ""rendered_sha256_manifest"": ""c64d770e6191feb1ac7e6eae9ed43e6847f2c5f5a346deaad3597d0b98796435"", ""rendered_sha256_observed"": ""12afbe0d8f29b9563a881012679693f6d2ef8364067a4eb0b1b6bcf4ba988bc3""}, ""042|10|mirror"": {""image_sha256"": ""96cc75d2f496cd2b04177ff0fe242de86e399edae3de87094cef68f8fff3da81"", ""key"": ""3MIDD_048_p10__mirror"", ""rendered_hash_matches_manifest"": false, ""rendered_sha256_manifest"": ""18dd718d50d364030ec34f91333a2b0a598018bf35e8c504e25cc877d2e96685"", ""rendered_sha256_observed"": ""2934d848523f6313a0158319aaf16a6e7cfaa5d6579753909f88d546ab6dfe19""}, ""042|10|original"": {""image_sha256"": ""4550b8320af6cd8f34965ee303437323c51d2f98cc166d0bce5d3f1f7b70aa8e"", ""key"": ""3MIDD_048_p10__original"", ""rendered_hash_matches_manifest"": false, ""rendered_sha256_manifest"": ""63a455c2f57130657be84c4c88aea4168fcea8ee9ba8d15320d57802b2dbeb34"", ""rendered_sha256_observed"": ""e779601fbeaf0348aa19838eacaf39b87f6ecaf697c7d8fb72cd3c10a03179cc""}, ""042|11|mirror"": {""image_sha256"": ""688b0cd10fcede1a61455aaa00e6a41623ef76bf51e194a97252fa035d320011"", ""key"": ""3MIDD_048_p11__mirror"", ""rendered_hash_matches_manifest"": false, ""rendered_sha256_manifest"": ""69ed896a69afe441ef455660ad9ffd953025efe3828d1b9e99673895d65c51f2"", ""rendered_sha256_observed"": ""210950a849d847fc3bcc16eecefeffe46654a115fffd9e1658600f506748f0a0""}, ""042|11|original"": {""image_sha256"": ""7a8f168925cd817566f65f95522d8d907d3d648650604476069565dc5b79c0b8"", ""key"": ""3MIDD_048_p11__original"", ""rendered_hash_matches_manifest"": false, ""rendered_sha256_manifest"": ""eece1064c38f97a155bfd03ba34f7df8a60451e3067af54e3ef554ecc1b1e852"", ""rendered_sha256_observed"": ""3f5234b16e90575e4082bf951b66033f81dac2d8cd6034771ce860f1414797c8""}, ""042|1|mirror"": {""image_sha256"": ""76ae87fe845b5de53b4efdcf569bb157b1e1cc9fadc2b60fe5517d72df68a38e"", ""key"": ""3MIDD_048_p01__mirror"", ""rendered_hash_matches_manifest"": false, ""rendered_sha256_manifest"": ""95504b1bb34d39f2c55d1675935bd2f5be0203be221aad0f465b4ae492d88fb9"", ""rendered_sha256_observed"": ""3a63e882bf189939a01ec47b4c9e738eb16f100a0a4911d8ed3c02b397fe4d38""}, ""042|1|original"": {""image_sha256"": ""b22202e274a4ea56acfb1ad5a84a000e3621004051215da0c5d1e7e7a356bd93"", ""key"": ""3MIDD_048_p01__original"", ""rendered_hash_matches_manifest"": false, ""rendered_sha256_manifest"": ""0b1c2d3ab1dd4c595cca56b1c2354afc8941d05185bc36537ebae1a0b4e863f8"", ""rendered_sha256_observed"": ""6268a51b09defd504cdac90309110fc9cba8efa8015b7525f3151e0f87baf592""}, ""042|2|mirror"": {""image_sha256"": ""4e34f3d68c63e1f5f70aab44089c0e29fda6613480247eb5dd9aa57513fe9726"", ""key"": ""3MIDD_048_p02__mirror"", ""rendered_hash_matches_manifest"": false, ""rendered_sha256_manifest"": ""e805edb26281908117820ac5aeeaa51eb6851d2dd0b1e0655f022c669316b1ed"", ""rendered_sha256_observed"": ""10290257862ec62d129306d7573496554a6db305a688ec221a41866476eeedf9""}, ""042|2|original"": {""image_sha256"": ""5ba531b1b46b3db2b707aec365d91759124b6d9be6e1b4fa913659121dbb0e35"", ""key"": ""3MIDD_048_p02__original"", ""rendered_hash_matches_manifest"": false, ""rendered_sha256_manifest"": ""cb3bcdee86ed1563d6ca820a1f7ed966c9e2db105159a47b083137c0ad345b7c"", ""rendered_sha256_observed"": ""a20ddfccb0fc8806cff1d5843be94f8e40606b63875d207055290d69b9b87637""}, ""042|3|mirror"": {""image_sha256"": ""ffb35a39466db44b67099d2beec9e4a872e7e675248262b0b113bc19f091698f"", ""key"": ""3MIDD_048_p03__mirror"", ""rendered_hash_matches_manifest"": false, ""rendered_sha256_manifest"": ""c58b6afb3158907f2ae38adb5638efc6b64bfcdb8e4d657be564a7b299b98fd3"", ""rendered_sha256_observed"": ""65fa4081b7cd9e8caf3faed1a8ad7b3c36d62f009637e3da2b06155681d1e8be""}, ""042|3|original"": {""image_sha256"": ""60b8be653d5af5a824f3e82b472356750990854ed67d77ac0d5c17e3a1865920"", ""key"": ""3MIDD_048_p03__original"", ""rendered_hash_matches_manifest"": false, ""rendered_sha256_manifest"": ""fdfff2fa8a89e028955e887fb853720cbffefadc4ae56baca47e7d66a472136e"", ""rendered_sha256_observed"": ""2a7933ae1f41135eaceea5a2acfd021b00c9ec153fdae1741b1576e361513f72""}, ""042|4|mirror"": {""image_sha256"": ""9f72bb61d48dd59b058a653aa23c1bfd8798b27122d7417b27d6a84e48592e41"", ""key"": ""3MIDD_048_p04__mirror"", ""rendered_hash_matches_manifest"": false, ""rendered_sha256_manifest"": ""7272d3a8380e1c53060155648a49dc96b22c2bdae607ab976591c5e67e17bf2d"", ""rendered_sha256_observed"": ""fe5664ad8fb1cf4227ca880ff3eaab8106d5900a8d050a44d025f3ca2ae11818""}, ""042|4|original"": {""image_sha256"": ""a2213590cc067a63b6d9027ac537325df2642346f5b200339ce100b64b2ae2ae"", ""key"": ""3MIDD_048_p04__original"", ""rendered_hash_matches_manifest"": false, ""rendered_sha256_manifest"": ""b068b151fff6ad7dddc9c03f9be97a65ae58a0acc44f6ad70e298c166a9052f1"", ""rendered_sha256_observed"": ""e277bd9d0b2d2758cf23bbbe9a1eaedfb6ea9503c272e5b19db662e2c8fc1bf2""}, ""042|5|mirror"": {""image_sha256"": ""fb9353386392c1974dbc4c584fdfacd6711167492e54e5c481558dd4d987abdd"", ""key"": ""3MIDD_048_p05__mirror"", ""rendered_hash_matches_manifest"": false, ""rendered_sha256_manifest"": ""7534be0114b31d7c892fc08d18b989faf13742d8a65cdfcb17201a60cdce9d79"", ""rendered_sha256_observed"": ""238122e498c334c6a42104de3aee64dcc958c0d93163624a5ca61ed6076eb17c""}, ""042|5|original"": {""image_sha256"": ""8c421d48f329fdce70ec385017a55ca019b0eda1ada605fbb260a969cfad57bf"", ""key"": ""3MIDD_048_p05__original"", ""rendered_hash_matches_manifest"": false, ""rendered_sha256_manifest"": ""c4cea68a0cd7b22c133c006f0fd5efb687e79f8547549b7580d20a8f4f044239"", ""rendered_sha256_observed"": ""9d3edacad216b2fabbf82a2b46244320b2ba7b95e5856853cb910c57f4db04bb""}, ""042|6|mirror"": {""image_sha256"": ""2539e65a0e90bbcf7940f8489358d68ca2e72794ffc47f7eea9de4d83873a421"", ""key"": ""3MIDD_048_p06__mirror"", ""rendered_hash_matches_manifest"": false, ""rendered_sha256_manifest"": ""355eef0412c959425875ac1f378309e1db970dbd87806e2a94ff8a5df7817751"", ""rendered_sha256_observed"": ""4744ba7f3ddddef5e613244e941287086f6a1f9894fc3f5e33b883d99cc3e69c""}, ""042|6|original"": {""image_sha256"": ""d9166aeb478c215ddd59c92dee3c5f8331e591539cdbf6ea15da8f3bc829c5a7"", ""key"": ""3MIDD_048_p06__original"", ""rendered_hash_matches_manifest"": false, ""rendered_sha256_manifest"": ""3b0ca74600905a34d807c5e518b0dadc62763cec203734119b92f816134d3365"", ""rendered_sha256_observed"": ""d30baa041727819a706dda1a1c7d83d1b1a9f793d60effda5619c67517789e59""}, ""042|7|mirror"": {""image_sha256"": ""c03e06da1762c4b589c163595a86622c9396bc9173a5e52a948d6e56e131a9d7"", ""key"": ""3MIDD_048_p07__mirror"", ""rendered_hash_matches_manifest"": false, ""rendered_sha256_manifest"": ""f2fdf26272a9f966e67d48b002aa73b53a33b56439a1589b0cdbeecdf4aac812"", ""rendered_sha256_observed"": ""3eac954cc77c27f0e1d9a051de97555513645c480fa4423b609d84f2fdd95106""}, ""042|7|original"": {""image_sha256"": ""592326bd04173d519dd91155d024aea283335c9b3a5ee1adbd65bb3e9d7c02ce"", ""key"": ""3MIDD_048_p07__original"", ""rendered_hash_matches_manifest"": false, ""rendered_sha256_manifest"": ""6b00971f871a2480de03ca9d75d0751c7f7e9115afc377274dd7008d8601e29d"", ""rendered_sha256_observed"": ""a1533a72b12334608bdd552fd9fdde7e0de37004e56302e573e67105b3170f6d""}, ""042|8|mirror"": {""image_sha256"": ""4d409fd7f2e7211c67e53cdd47291c912a592855a96c10591f9fdaae00cf5274"", ""key"": ""3MIDD_048_p08__mirror"", ""rendered_hash_matches_manifest"": false, ""rendered_sha256_manifest"": ""6a43378923a6dc92ab9cb3e3261a4542cfedfa7aba0b678402c61b2b69de1bc1"", ""rendered_sha256_observed"": ""43d088d06bcd7c7d1d53535e17aed0a31e2658e85c5ef0bb2e1fc890de1dc2e1""}, ""042|8|original"": {""image_sha256"": ""9e489be2590f66c123eda42b3a8cf2dc16cab61a6c788e25436002ff33c3bf23"", ""key"": ""3MIDD_048_p08__original"", ""rendered_hash_matches_manifest"": false, ""rendered_sha256_manifest"": ""6df1617532c48b9961f28429fa2794c14533f613d1038278b8c1e5fbcfafa811"", ""rendered_sha256_observed"": ""b9a1cdcdb78d434af31b70623c801c8cf4d64eb31eb82f3818b5206211b20888""}, ""042|9|mirror"": {""image_sha256"": ""590d24d23f57640236e3456066c73c937f94c7aa27318cee3bab578718eb3c72"", ""key"": ""3MIDD_048_p09__mirror"", ""rendered_hash_matches_manifest"": false, ""rendered_sha256_manifest"": ""fffbf428c90dc1a574d44ec590f3025fcb0e6946e6ade239ee2103066e332ffd"", ""rendered_sha256_observed"": ""977daf24eab5d7697a7724086f4ba65c6b79e74eea9e756a3fb89d5ac6915d6b""}, ""042|9|original"": {""image_sha256"": ""b099e4e04c23584b7e1103c4fb6faca25787a2d443f977fd37e962592c6ee560"", ""key"": ""3MIDD_048_p09__original"", ""rendered_hash_matches_manifest"": false, ""rendered_sha256_manifest"": ""f6000bef78eeb2eee55b544e2e92dc4b5f4817718c94242e364664c682512599"", ""rendered_sha256_observed"": ""1ec8d847e014b9317edfe33d2542e6679dc82482fc277dbf482863bfaef62c3f""}, ""043|0|mirror"": {""image_sha256"": ""bae7e04d77f43a177610ccc1d9dfb638fbe01296b69ac462e00fa5b2293a026d"", ""key"": ""3MIDD_048_p00__mirror"", ""rendered_hash_matches_manifest"": false, ""rendered_sha256_manifest"": ""3318e0f201660badacba48c9b8421d631730ce66e4e215031158f9a905899016"", ""rendered_sha256_observed"": ""95ccac4a43b2ce3101428c8ad255378481707b4f230146b8893eff4eea57ffca""}, ""043|0|original"": {""image_sha256"": ""55de889bf77d4ed148146e80de064406871b98fbc6362750a940c6f8d0526965"", ""key"": ""3MIDD_048_p00__original"", ""rendered_hash_matches_manifest"": false, ""rendered_sha256_manifest"": ""c64d770e6191feb1ac7e6eae9ed43e6847f2c5f5a346deaad3597d0b98796435"", ""rendered_sha256_observed"": ""12afbe0d8f29b9563a881012679693f6d2ef8364067a4eb0b1b6bcf4ba988bc3""}, ""043|10|mirror"": {""image_sha256"": ""96cc75d2f496cd2b04177ff0fe242de86e399edae3de87094cef68f8fff3da81"", ""key"": ""3MIDD_048_p10__mirror"", ""rendered_hash_matches_manifest"": false, ""rendered_sha256_manifest"": ""18dd718d50d364030ec34f91333a2b0a598018bf35e8c504e25cc877d2e96685"", ""rendered_sha256_observed"": ""2934d848523f6313a0158319aaf16a6e7cfaa5d6579753909f88d546ab6dfe19""}, ""043|10|original"": {""image_sha256"": ""4550b8320af6cd8f34965ee303437323c51d2f98cc166d0bce5d3f1f7b70aa8e"", ""key"": ""3MIDD_048_p10__original"", ""rendered_hash_matches_manifest"": false, ""rendered_sha256_manifest"": ""63a455c2f57130657be84c4c88aea4168fcea8ee9ba8d15320d57802b2dbeb34"", ""rendered_sha256_observed"": ""e779601fbeaf0348aa19838eacaf39b87f6ecaf697c7d8fb72cd3c10a03179cc""}, ""043|11|mirror"": {""image_sha256"": ""688b0cd10fcede1a61455aaa00e6a41623ef76bf51e194a97252fa035d320011"", ""key"": ""3MIDD_048_p11__mirror"", ""rendered_hash_matches_manifest"": false, ""rendered_sha256_manifest"": ""69ed896a69afe441ef455660ad9ffd953025efe3828d1b9e99673895d65c51f2"", ""rendered_sha256_observed"": ""210950a849d847fc3bcc16eecefeffe46654a115fffd9e1658600f506748f0a0""}, ""043|11|original"": {""image_sha256"": ""7a8f168925cd817566f65f95522d8d907d3d648650604476069565dc5b79c0b8"", ""key"": ""3MIDD_048_p11__original"", ""rendered_hash_matches_manifest"": false, ""rendered_sha256_manifest"": ""eece1064c38f97a155bfd03ba34f7df8a60451e3067af54e3ef554ecc1b1e852"", ""rendered_sha256_observed"": ""3f5234b16e90575e4082bf951b66033f81dac2d8cd6034771ce860f1414797c8""}, ""043|1|mirror"": {""image_sha256"": ""76ae87fe845b5de53b4efdcf569bb157b1e1cc9fadc2b60fe5517d72df68a38e"", ""key"": ""3MIDD_048_p01__mirror"", ""rendered_hash_matches_manifest"": false, ""rendered_sha256_manifest"": ""95504b1bb34d39f2c55d1675935bd2f5be0203be221aad0f465b4ae492d88fb9"", ""rendered_sha256_observed"": ""3a63e882bf189939a01ec47b4c9e738eb16f100a0a4911d8ed3c02b397fe4d38""}, ""043|1|original"": {""image_sha256"": ""b22202e274a4ea56acfb1ad5a84a000e3621004051215da0c5d1e7e7a356bd93"", ""key"": ""3MIDD_048_p01__original"", ""rendered_hash_matches_manifest"": false, ""rendered_sha256_manifest"": ""0b1c2d3ab1dd4c595cca56b1c2354afc8941d05185bc36537ebae1a0b4e863f8"", ""rendered_sha256_observed"": ""6268a51b09defd504cdac90309110fc9cba8efa8015b7525f3151e0f87baf592""}, ""043|2|mirror"": {""image_sha256"": ""4e34f3d68c63e1f5f70aab44089c0e29fda6613480247eb5dd9aa57513fe9726"", ""key"": ""3MIDD_048_p02__mirror"", ""rendered_hash_matches_manifest"": false, ""rendered_sha256_manifest"": ""e805edb26281908117820ac5aeeaa51eb6851d2dd0b1e0655f022c669316b1ed"", ""rendered_sha256_observed"": ""10290257862ec62d129306d7573496554a6db305a688ec221a41866476eeedf9""}, ""043|2|original"": {""image_sha256"": ""5ba531b1b46b3db2b707aec365d91759124b6d9be6e1b4fa913659121dbb0e35"", ""key"": ""3MIDD_048_p02__original"", ""rendered_hash_matches_manifest"": false, ""rendered_sha256_manifest"": ""cb3bcdee86ed1563d6ca820a1f7ed966c9e2db105159a47b083137c0ad345b7c"", ""rendered_sha256_observed"": ""a20ddfccb0fc8806cff1d5843be94f8e40606b63875d207055290d69b9b87637""}, ""043|3|mirror"": {""image_sha256"": ""ffb35a39466db44b67099d2beec9e4a872e7e675248262b0b113bc19f091698f"", ""key"": ""3MIDD_048_p03__mirror"", ""rendered_hash_matches_manifest"": false, ""rendered_sha256_manifest"": ""c58b6afb3158907f2ae38adb5638efc6b64bfcdb8e4d657be564a7b299b98fd3"", ""rendered_sha256_observed"": ""65fa4081b7cd9e8caf3faed1a8ad7b3c36d62f009637e3da2b06155681d1e8be""}, ""043|3|original"": {""image_sha256"": ""60b8be653d5af5a824f3e82b472356750990854ed67d77ac0d5c17e3a1865920"", ""key"": ""3MIDD_048_p03__original"", ""rendered_hash_matches_manifest"": false, ""rendered_sha256_manifest"": ""fdfff2fa8a89e028955e887fb853720cbffefadc4ae56baca47e7d66a472136e"", ""rendered_sha256_observed"": ""2a7933ae1f41135eaceea5a2acfd021b00c9ec153fdae1741b1576e361513f72""}, ""043|4|mirror"": {""image_sha256"": ""9f72bb61d48dd59b058a653aa23c1bfd8798b27122d7417b27d6a84e48592e41"", ""key"": ""3MIDD_048_p04__mirror"", ""rendered_hash_matches_manifest"": false, ""rendered_sha256_manifest"": ""7272d3a8380e1c53060155648a49dc96b22c2bdae607ab976591c5e67e17bf2d"", ""rendered_sha256_observed"": ""fe5664ad8fb1cf4227ca880ff3eaab8106d5900a8d050a44d025f3ca2ae11818""}, ""043|4|original"": {""image_sha256"": ""a2213590cc067a63b6d9027ac537325df2642346f5b200339ce100b64b2ae2ae"", ""key"": ""3MIDD_048_p04__original"", ""rendered_hash_matches_manifest"": false, ""rendered_sha256_manifest"": ""b068b151fff6ad7dddc9c03f9be97a65ae58a0acc44f6ad70e298c166a9052f1"", ""rendered_sha256_observed"": ""e277bd9d0b2d2758cf23bbbe9a1eaedfb6ea9503c272e5b19db662e2c8fc1bf2""}, ""043|5|mirror"": {""image_sha256"": ""fb9353386392c1974dbc4c584fdfacd6711167492e54e5c481558dd4d987abdd"", ""key"": ""3MIDD_048_p05__mirror"", ""rendered_hash_matches_manifest"": false, ""rendered_sha256_manifest"": ""7534be0114b31d7c892fc08d18b989faf13742d8a65cdfcb17201a60cdce9d79"", ""rendered_sha256_observed"": ""238122e498c334c6a42104de3aee64dcc958c0d93163624a5ca61ed6076eb17c""}, ""043|5|original"": {""image_sha256"": ""8c421d48f329fdce70ec385017a55ca019b0eda1ada605fbb260a969cfad57bf"", ""key"": ""3MIDD_048_p05__original"", ""rendered_hash_matches_manifest"": false, ""rendered_sha256_manifest"": ""c4cea68a0cd7b22c133c006f0fd5efb687e79f8547549b7580d20a8f4f044239"", ""rendered_sha256_observed"": ""9d3edacad216b2fabbf82a2b46244320b2ba7b95e5856853cb910c57f4db04bb""}, ""043|6|mirror"": {""image_sha256"": ""2539e65a0e90bbcf7940f8489358d68ca2e72794ffc47f7eea9de4d83873a421"", ""key"": ""3MIDD_048_p06__mirror"", ""rendered_hash_matches_manifest"": false, ""rendered_sha256_manifest"": ""355eef0412c959425875ac1f378309e1db970dbd87806e2a94ff8a5df7817751"", ""rendered_sha256_observed"": ""4744ba7f3ddddef5e613244e941287086f6a1f9894fc3f5e33b883d99cc3e69c""}, ""043|6|original"": {""image_sha256"": ""d9166aeb478c215ddd59c92dee3c5f8331e591539cdbf6ea15da8f3bc829c5a7"", ""key"": ""3MIDD_048_p06__original"", ""rendered_hash_matches_manifest"": false, ""rendered_sha256_manifest"": ""3b0ca74600905a34d807c5e518b0dadc62763cec203734119b92f816134d3365"", ""rendered_sha256_observed"": ""d30baa041727819a706dda1a1c7d83d1b1a9f793d60effda5619c67517789e59""}, ""043|7|mirror"": {""image_sha256"": ""c03e06da1762c4b589c163595a86622c9396bc9173a5e52a948d6e56e131a9d7"", ""key"": ""3MIDD_048_p07__mirror"", ""rendered_hash_matches_manifest"": false, ""rendered_sha256_manifest"": ""f2fdf26272a9f966e67d48b002aa73b53a33b56439a1589b0cdbeecdf4aac812"", ""rendered_sha256_observed"": ""3eac954cc77c27f0e1d9a051de97555513645c480fa4423b609d84f2fdd95106""}, ""043|7|original"": {""image_sha256"": ""592326bd04173d519dd91155d024aea283335c9b3a5ee1adbd65bb3e9d7c02ce"", ""key"": ""3MIDD_048_p07__original"", ""rendered_hash_matches_manifest"": false, ""rendered_sha256_manifest"": ""6b00971f871a2480de03ca9d75d0751c7f7e9115afc377274dd7008d8601e29d"", ""rendered_sha256_observed"": ""a1533a72b12334608bdd552fd9fdde7e0de37004e56302e573e67105b3170f6d""}, ""043|8|mirror"": {""image_sha256"": ""4d409fd7f2e7211c67e53cdd47291c912a592855a96c10591f9fdaae00cf5274"", ""key"": ""3MIDD_048_p08__mirror"", ""rendered_hash_matches_manifest"": false, ""rendered_sha256_manifest"": ""6a43378923a6dc92ab9cb3e3261a4542cfedfa7aba0b678402c61b2b69de1bc1"", ""rendered_sha256_observed"": ""43d088d06bcd7c7d1d53535e17aed0a31e2658e85c5ef0bb2e1fc890de1dc2e1""}, ""043|8|original"": {""image_sha256"": ""9e489be2590f66c123eda42b3a8cf2dc16cab61a6c788e25436002ff33c3bf23"", ""key"": ""3MIDD_048_p08__original"", ""rendered_hash_matches_manifest"": false, ""rendered_sha256_manifest"": ""6df1617532c48b9961f28429fa2794c14533f613d1038278b8c1e5fbcfafa811"", ""rendered_sha256_observed"": ""b9a1cdcdb78d434af31b70623c801c8cf4d64eb31eb82f3818b5206211b20888""}, ""043|9|mirror"": {""image_sha256"": ""590d24d23f57640236e3456066c73c937f94c7aa27318cee3bab578718eb3c72"", ""key"": ""3MIDD_048_p09__mirror"", ""rendered_hash_matches_manifest"": false, ""rendered_sha256_manifest"": ""fffbf428c90dc1a574d44ec590f3025fcb0e6946e6ade239ee2103066e332ffd"", ""rendered_sha256_observed"": ""977daf24eab5d7697a7724086f4ba65c6b79e74eea9e756a3fb89d5ac6915d6b""}, ""043|9|original"": {""image_sha256"": ""b099e4e04c23584b7e1103c4fb6faca25787a2d443f977fd37e962592c6ee560"", ""key"": ""3MIDD_048_p09__original"", ""rendered_hash_matches_manifest"": false, ""rendered_sha256_manifest"": ""f6000bef78eeb2eee55b544e2e92dc4b5f4817718c94242e364664c682512599"", ""rendered_sha256_observed"": ""1ec8d847e014b9317edfe33d2542e6679dc82482fc277dbf482863bfaef62c3f""}, ""044|0|mirror"": {""image_sha256"": ""bae7e04d77f43a177610ccc1d9dfb638fbe01296b69ac462e00fa5b2293a026d"", ""key"": ""3MIDD_048_p00__mirror"", ""rendered_hash_matches_manifest"": false, ""rendered_sha256_manifest"": ""3318e0f201660badacba48c9b8421d631730ce66e4e215031158f9a905899016"", ""rendered_sha256_observed"": ""95ccac4a43b2ce3101428c8ad255378481707b4f230146b8893eff4eea57ffca""}, ""044|0|original"": {""image_sha256"": ""55de889bf77d4ed148146e80de064406871b98fbc6362750a940c6f8d0526965"", ""key"": ""3MIDD_048_p00__original"", ""rendered_hash_matches_manifest"": false, ""rendered_sha256_manifest"": ""c64d770e6191feb1ac7e6eae9ed43e6847f2c5f5a346deaad3597d0b98796435"", ""rendered_sha256_observed"": ""12afbe0d8f29b9563a881012679693f6d2ef8364067a4eb0b1b6bcf4ba988bc3""}, ""044|10|mirror"": {""image_sha256"": ""96cc75d2f496cd2b04177ff0fe242de86e399edae3de87094cef68f8fff3da81"", ""key"": ""3MIDD_048_p10__mirror"", ""rendered_hash_matches_manifest"": false, ""rendered_sha256_manifest"": ""18dd718d50d364030ec34f91333a2b0a598018bf35e8c504e25cc877d2e96685"", ""rendered_sha256_observed"": ""2934d848523f6313a0158319aaf16a6e7cfaa5d6579753909f88d546ab6dfe19""}, ""044|10|original"": {""image_sha256"": ""4550b8320af6cd8f34965ee303437323c51d2f98cc166d0bce5d3f1f7b70aa8e"", ""key"": ""3MIDD_048_p10__original"", ""rendered_hash_matches_manifest"": false, ""rendered_sha256_manifest"": ""63a455c2f57130657be84c4c88aea4168fcea8ee9ba8d15320d57802b2dbeb34"", ""rendered_sha256_observed"": ""e779601fbeaf0348aa19838eacaf39b87f6ecaf697c7d8fb72cd3c10a03179cc""}, ""044|11|mirror"": {""image_sha256"": ""688b0cd10fcede1a61455aaa00e6a41623ef76bf51e194a97252fa035d320011"", ""key"": ""3MIDD_048_p11__mirror"", ""rendered_hash_matches_manifest"": false, ""rendered_sha256_manifest"": ""69ed896a69afe441ef455660ad9ffd953025efe3828d1b9e99673895d65c51f2"", ""rendered_sha256_observed"": ""210950a849d847fc3bcc16eecefeffe46654a115fffd9e1658600f506748f0a0""}, ""044|11|original"": {""image_sha256"": ""7a8f168925cd817566f65f95522d8d907d3d648650604476069565dc5b79c0b8"", ""key"": ""3MIDD_048_p11__original"", ""rendered_hash_matches_manifest"": false, ""rendered_sha256_manifest"": ""eece1064c38f97a155bfd03ba34f7df8a60451e3067af54e3ef554ecc1b1e852"", ""rendered_sha256_observed"": ""3f5234b16e90575e4082bf951b66033f81dac2d8cd6034771ce860f1414797c8""}, ""044|1|mirror"": {""image_sha256"": ""76ae87fe845b5de53b4efdcf569bb157b1e1cc9fadc2b60fe5517d72df68a38e"", ""key"": ""3MIDD_048_p01__mirror"", ""rendered_hash_matches_manifest"": false, ""rendered_sha256_manifest"": ""95504b1bb34d39f2c55d1675935bd2f5be0203be221aad0f465b4ae492d88fb9"", ""rendered_sha256_observed"": ""3a63e882bf189939a01ec47b4c9e738eb16f100a0a4911d8ed3c02b397fe4d38""}, ""044|1|original"": {""image_sha256"": ""b22202e274a4ea56acfb1ad5a84a000e3621004051215da0c5d1e7e7a356bd93"", ""key"": ""3MIDD_048_p01__original"", ""rendered_hash_matches_manifest"": false, ""rendered_sha256_manifest"": ""0b1c2d3ab1dd4c595cca56b1c2354afc8941d05185bc36537ebae1a0b4e863f8"", ""rendered_sha256_observed"": ""6268a51b09defd504cdac90309110fc9cba8efa8015b7525f3151e0f87baf592""}, ""044|2|mirror"": {""image_sha256"": ""4e34f3d68c63e1f5f70aab44089c0e29fda6613480247eb5dd9aa57513fe9726"", ""key"": ""3MIDD_048_p02__mirror"", ""rendered_hash_matches_manifest"": false, ""rendered_sha256_manifest"": ""e805edb26281908117820ac5aeeaa51eb6851d2dd0b1e0655f022c669316b1ed"", ""rendered_sha256_observed"": ""10290257862ec62d129306d7573496554a6db305a688ec221a41866476eeedf9""}, ""044|2|original"": {""image_sha256"": ""5ba531b1b46b3db2b707aec365d91759124b6d9be6e1b4fa913659121dbb0e35"", ""key"": ""3MIDD_048_p02__original"", ""rendered_hash_matches_manifest"": false, ""rendered_sha256_manifest"": ""cb3bcdee86ed1563d6ca820a1f7ed966c9e2db105159a47b083137c0ad345b7c"", ""rendered_sha256_observed"": ""a20ddfccb0fc8806cff1d5843be94f8e40606b63875d207055290d69b9b87637""}, ""044|3|mirror"": {""image_sha256"": ""ffb35a39466db44b67099d2beec9e4a872e7e675248262b0b113bc19f091698f"", ""key"": ""3MIDD_048_p03__mirror"", ""rendered_hash_matches_manifest"": false, ""rendered_sha256_manifest"": ""c58b6afb3158907f2ae38adb5638efc6b64bfcdb8e4d657be564a7b299b98fd3"", ""rendered_sha256_observed"": ""65fa4081b7cd9e8caf3faed1a8ad7b3c36d62f009637e3da2b06155681d1e8be""}, ""044|3|original"": {""image_sha256"": ""60b8be653d5af5a824f3e82b472356750990854ed67d77ac0d5c17e3a1865920"", ""key"": ""3MIDD_048_p03__original"", ""rendered_hash_matches_manifest"": false, ""rendered_sha256_manifest"": ""fdfff2fa8a89e028955e887fb853720cbffefadc4ae56baca47e7d66a472136e"", ""rendered_sha256_observed"": ""2a7933ae1f41135eaceea5a2acfd021b00c9ec153fdae1741b1576e361513f72""}, ""044|4|mirror"": {""image_sha256"": ""9f72bb61d48dd59b058a653aa23c1bfd8798b27122d7417b27d6a84e48592e41"", ""key"": ""3MIDD_048_p04__mirror"", ""rendered_hash_matches_manifest"": false, ""rendered_sha256_manifest"": ""7272d3a8380e1c53060155648a49dc96b22c2bdae607ab976591c5e67e17bf2d"", ""rendered_sha256_observed"": ""fe5664ad8fb1cf4227ca880ff3eaab8106d5900a8d050a44d025f3ca2ae11818""}, ""044|4|original"": {""image_sha256"": ""a2213590cc067a63b6d9027ac537325df2642346f5b200339ce100b64b2ae2ae"", ""key"": ""3MIDD_048_p04__original"", ""rendered_hash_matches_manifest"": false, ""rendered_sha256_manifest"": ""b068b151fff6ad7dddc9c03f9be97a65ae58a0acc44f6ad70e298c166a9052f1"", ""rendered_sha256_observed"": ""e277bd9d0b2d2758cf23bbbe9a1eaedfb6ea9503c272e5b19db662e2c8fc1bf2""}, ""044|5|mirror"": {""image_sha256"": ""fb9353386392c1974dbc4c584fdfacd6711167492e54e5c481558dd4d987abdd"", ""key"": ""3MIDD_048_p05__mirror"", ""rendered_hash_matches_manifest"": false, ""rendered_sha256_manifest"": ""7534be0114b31d7c892fc08d18b989faf13742d8a65cdfcb17201a60cdce9d79"", ""rendered_sha256_observed"": ""238122e498c334c6a42104de3aee64dcc958c0d93163624a5ca61ed6076eb17c""}, ""044|5|original"": {""image_sha256"": ""8c421d48f329fdce70ec385017a55ca019b0eda1ada605fbb260a969cfad57bf"", ""key"": ""3MIDD_048_p05__original"", ""rendered_hash_matches_manifest"": false, ""rendered_sha256_manifest"": ""c4cea68a0cd7b22c133c006f0fd5efb687e79f8547549b7580d20a8f4f044239"", ""rendered_sha256_observed"": ""9d3edacad216b2fabbf82a2b46244320b2ba7b95e5856853cb910c57f4db04bb""}, ""044|6|mirror"": {""image_sha256"": ""2539e65a0e90bbcf7940f8489358d68ca2e72794ffc47f7eea9de4d83873a421"", ""key"": ""3MIDD_048_p06__mirror"", ""rendered_hash_matches_manifest"": false, ""rendered_sha256_manifest"": ""355eef0412c959425875ac1f378309e1db970dbd87806e2a94ff8a5df7817751"", ""rendered_sha256_observed"": ""4744ba7f3ddddef5e613244e941287086f6a1f9894fc3f5e33b883d99cc3e69c""}, ""044|6|original"": {""image_sha256"": ""d9166aeb478c215ddd59c92dee3c5f8331e591539cdbf6ea15da8f3bc829c5a7"", ""key"": ""3MIDD_048_p06__original"", ""rendered_hash_matches_manifest"": false, ""rendered_sha256_manifest"": ""3b0ca74600905a34d807c5e518b0dadc62763cec203734119b92f816134d3365"", ""rendered_sha256_observed"": ""d30baa041727819a706dda1a1c7d83d1b1a9f793d60effda5619c67517789e59""}, ""044|7|mirror"": {""image_sha256"": ""c03e06da1762c4b589c163595a86622c9396bc9173a5e52a948d6e56e131a9d7"", ""key"": ""3MIDD_048_p07__mirror"", ""rendered_hash_matches_manifest"": false, ""rendered_sha256_manifest"": ""f2fdf26272a9f966e67d48b002aa73b53a33b56439a1589b0cdbeecdf4aac812"", ""rendered_sha256_observed"": ""3eac954cc77c27f0e1d9a051de97555513645c480fa4423b609d84f2fdd95106""}, ""044|7|original"": {""image_sha256"": ""592326bd04173d519dd91155d024aea283335c9b3a5ee1adbd65bb3e9d7c02ce"", ""key"": ""3MIDD_048_p07__original"", ""rendered_hash_matches_manifest"": false, ""rendered_sha256_manifest"": ""6b00971f871a2480de03ca9d75d0751c7f7e9115afc377274dd7008d8601e29d"", ""rendered_sha256_observed"": ""a1533a72b12334608bdd552fd9fdde7e0de37004e56302e573e67105b3170f6d""}, ""044|8|mirror"": {""image_sha256"": ""4d409fd7f2e7211c67e53cdd47291c912a592855a96c10591f9fdaae00cf5274"", ""key"": ""3MIDD_048_p08__mirror"", ""rendered_hash_matches_manifest"": false, ""rendered_sha256_manifest"": ""6a43378923a6dc92ab9cb3e3261a4542cfedfa7aba0b678402c61b2b69de1bc1"", ""rendered_sha256_observed"": ""43d088d06bcd7c7d1d53535e17aed0a31e2658e85c5ef0bb2e1fc890de1dc2e1""}, ""044|8|original"": {""image_sha256"": ""9e489be2590f66c123eda42b3a8cf2dc16cab61a6c788e25436002ff33c3bf23"", ""key"": ""3MIDD_048_p08__original"", ""rendered_hash_matches_manifest"": false, ""rendered_sha256_manifest"": ""6df1617532c48b9961f28429fa2794c14533f613d1038278b8c1e5fbcfafa811"", ""rendered_sha256_observed"": ""b9a1cdcdb78d434af31b70623c801c8cf4d64eb31eb82f3818b5206211b20888""}, ""044|9|mirror"": {""image_sha256"": ""590d24d23f57640236e3456066c73c937f94c7aa27318cee3bab578718eb3c72"", ""key"": ""3MIDD_048_p09__mirror"", ""rendered_hash_matches_manifest"": false, ""rendered_sha256_manifest"": ""fffbf428c90dc1a574d44ec590f3025fcb0e6946e6ade239ee2103066e332ffd"", ""rendered_sha256_observed"": ""977daf24eab5d7697a7724086f4ba65c6b79e74eea9e756a3fb89d5ac6915d6b""}, ""044|9|original"": {""image_sha256"": ""b099e4e04c23584b7e1103c4fb6faca25787a2d443f977fd37e962592c6ee560"", ""key"": ""3MIDD_048_p09__original"", ""rendered_hash_matches_manifest"": false, ""rendered_sha256_manifest"": ""f6000bef78eeb2eee55b544e2e92dc4b5f4817718c94242e364664c682512599"", ""rendered_sha256_observed"": ""1ec8d847e014b9317edfe33d2542e6679dc82482fc277dbf482863bfaef62c3f""}, ""045|0|mirror"": {""image_sha256"": ""bae7e04d77f43a177610ccc1d9dfb638fbe01296b69ac462e00fa5b2293a026d"", ""key"": ""3MIDD_048_p00__mirror"", ""rendered_hash_matches_manifest"": false, ""rendered_sha256_manifest"": ""3318e0f201660badacba48c9b8421d631730ce66e4e215031158f9a905899016"", ""rendered_sha256_observed"": ""95ccac4a43b2ce3101428c8ad255378481707b4f230146b8893eff4eea57ffca""}, ""045|0|original"": {""image_sha256"": ""55de889bf77d4ed148146e80de064406871b98fbc6362750a940c6f8d0526965"", ""key"": ""3MIDD_048_p00__original"", ""rendered_hash_matches_manifest"": false, ""rendered_sha256_manifest"": ""c64d770e6191feb1ac7e6eae9ed43e6847f2c5f5a346deaad3597d0b98796435"", ""rendered_sha256_observed"": ""12afbe0d8f29b9563a881012679693f6d2ef8364067a4eb0b1b6bcf4ba988bc3""}, ""045|10|mirror"": {""image_sha256"": ""96cc75d2f496cd2b04177ff0fe242de86e399edae3de87094cef68f8fff3da81"", ""key"": ""3MIDD_048_p10__mirror"", ""rendered_hash_matches_manifest"": false, ""rendered_sha256_manifest"": ""18dd718d50d364030ec34f91333a2b0a598018bf35e8c504e25cc877d2e96685"", ""rendered_sha256_observed"": ""2934d848523f6313a0158319aaf16a6e7cfaa5d6579753909f88d546ab6dfe19""}, ""045|10|original"": {""image_sha256"": ""4550b8320af6cd8f34965ee303437323c51d2f98cc166d0bce5d3f1f7b70aa8e"", ""key"": ""3MIDD_048_p10__original"", ""rendered_hash_matches_manifest"": false, ""rendered_sha256_manifest"": ""63a455c2f57130657be84c4c88aea4168fcea8ee9ba8d15320d57802b2dbeb34"", ""rendered_sha256_observed"": ""e779601fbeaf0348aa19838eacaf39b87f6ecaf697c7d8fb72cd3c10a03179cc""}, ""045|11|mirror"": {""image_sha256"": ""688b0cd10fcede1a61455aaa00e6a41623ef76bf51e194a97252fa035d320011"", ""key"": ""3MIDD_048_p11__mirror"", ""rendered_hash_matches_manifest"": false, ""rendered_sha256_manifest"": ""69ed896a69afe441ef455660ad9ffd953025efe3828d1b9e99673895d65c51f2"", ""rendered_sha256_observed"": ""210950a849d847fc3bcc16eecefeffe46654a115fffd9e1658600f506748f0a0""}, ""045|11|original"": {""image_sha256"": ""7a8f168925cd817566f65f95522d8d907d3d648650604476069565dc5b79c0b8"", ""key"": ""3MIDD_048_p11__original"", ""rendered_hash_matches_manifest"": false, ""rendered_sha256_manifest"": ""eece1064c38f97a155bfd03ba34f7df8a60451e3067af54e3ef554ecc1b1e852"", ""rendered_sha256_observed"": ""3f5234b16e90575e4082bf951b66033f81dac2d8cd6034771ce860f1414797c8""}, ""045|1|mirror"": {""image_sha256"": ""76ae87fe845b5de53b4efdcf569bb157b1e1cc9fadc2b60fe5517d72df68a38e"", ""key"": ""3MIDD_048_p01__mirror"", ""rendered_hash_matches_manifest"": false, ""rendered_sha256_manifest"": ""95504b1bb34d39f2c55d1675935bd2f5be0203be221aad0f465b4ae492d88fb9"", ""rendered_sha256_observed"": ""3a63e882bf189939a01ec47b4c9e738eb16f100a0a4911d8ed3c02b397fe4d38""}, ""045|1|original"": {""image_sha256"": ""b22202e274a4ea56acfb1ad5a84a000e3621004051215da0c5d1e7e7a356bd93"", ""key"": ""3MIDD_048_p01__original"", ""rendered_hash_matches_manifest"": false, ""rendered_sha256_manifest"": ""0b1c2d3ab1dd4c595cca56b1c2354afc8941d05185bc36537ebae1a0b4e863f8"", ""rendered_sha256_observed"": ""6268a51b09defd504cdac90309110fc9cba8efa8015b7525f3151e0f87baf592""}, ""045|2|mirror"": {""image_sha256"": ""4e34f3d68c63e1f5f70aab44089c0e29fda6613480247eb5dd9aa57513fe9726"", ""key"": ""3MIDD_048_p02__mirror"", ""rendered_hash_matches_manifest"": false, ""rendered_sha256_manifest"": ""e805edb26281908117820ac5aeeaa51eb6851d2dd0b1e0655f022c669316b1ed"", ""rendered_sha256_observed"": ""10290257862ec62d129306d7573496554a6db305a688ec221a41866476eeedf9""}, ""045|2|original"": {""image_sha256"": ""5ba531b1b46b3db2b707aec365d91759124b6d9be6e1b4fa913659121dbb0e35"", ""key"": ""3MIDD_048_p02__original"", ""rendered_hash_matches_manifest"": false, ""rendered_sha256_manifest"": ""cb3bcdee86ed1563d6ca820a1f7ed966c9e2db105159a47b083137c0ad345b7c"", ""rendered_sha256_observed"": ""a20ddfccb0fc8806cff1d5843be94f8e40606b63875d207055290d69b9b87637""}, ""045|3|mirror"": {""image_sha256"": ""ffb35a39466db44b67099d2beec9e4a872e7e675248262b0b113bc19f091698f"", ""key"": ""3MIDD_048_p03__mirror"", ""rendered_hash_matches_manifest"": false, ""rendered_sha256_manifest"": ""c58b6afb3158907f2ae38adb5638efc6b64bfcdb8e4d657be564a7b299b98fd3"", ""rendered_sha256_observed"": ""65fa4081b7cd9e8caf3faed1a8ad7b3c36d62f009637e3da2b06155681d1e8be""}, ""045|3|original"": {""image_sha256"": ""60b8be653d5af5a824f3e82b472356750990854ed67d77ac0d5c17e3a1865920"", ""key"": ""3MIDD_048_p03__original"", ""rendered_hash_matches_manifest"": false, ""rendered_sha256_manifest"": ""fdfff2fa8a89e028955e887fb853720cbffefadc4ae56baca47e7d66a472136e"", ""rendered_sha256_observed"": ""2a7933ae1f41135eaceea5a2acfd021b00c9ec153fdae1741b1576e361513f72""}, ""045|4|mirror"": {""image_sha256"": ""9f72bb61d48dd59b058a653aa23c1bfd8798b27122d7417b27d6a84e48592e41"", ""key"": ""3MIDD_048_p04__mirror"", ""rendered_hash_matches_manifest"": false, ""rendered_sha256_manifest"": ""7272d3a8380e1c53060155648a49dc96b22c2bdae607ab976591c5e67e17bf2d"", ""rendered_sha256_observed"": ""fe5664ad8fb1cf4227ca880ff3eaab8106d5900a8d050a44d025f3ca2ae11818""}, ""045|4|original"": {""image_sha256"": ""a2213590cc067a63b6d9027ac537325df2642346f5b200339ce100b64b2ae2ae"", ""key"": ""3MIDD_048_p04__original"", ""rendered_hash_matches_manifest"": false, ""rendered_sha256_manifest"": ""b068b151fff6ad7dddc9c03f9be97a65ae58a0acc44f6ad70e298c166a9052f1"", ""rendered_sha256_observed"": ""e277bd9d0b2d2758cf23bbbe9a1eaedfb6ea9503c272e5b19db662e2c8fc1bf2""}, ""045|5|mirror"": {""image_sha256"": ""fb9353386392c1974dbc4c584fdfacd6711167492e54e5c481558dd4d987abdd"", ""key"": ""3MIDD_048_p05__mirror"", ""rendered_hash_matches_manifest"": false, ""rendered_sha256_manifest"": ""7534be0114b31d7c892fc08d18b989faf13742d8a65cdfcb17201a60cdce9d79"", ""rendered_sha256_observed"": ""238122e498c334c6a42104de3aee64dcc958c0d93163624a5ca61ed6076eb17c""}, ""045|5|original"": {""image_sha256"": ""8c421d48f329fdce70ec385017a55ca019b0eda1ada605fbb260a969cfad57bf"", ""key"": ""3MIDD_048_p05__original"", ""rendered_hash_matches_manifest"": false, ""rendered_sha256_manifest"": ""c4cea68a0cd7b22c133c006f0fd5efb687e79f8547549b7580d20a8f4f044239"", ""rendered_sha256_observed"": ""9d3edacad216b2fabbf82a2b46244320b2ba7b95e5856853cb910c57f4db04bb""}, ""045|6|mirror"": {""image_sha256"": ""2539e65a0e90bbcf7940f8489358d68ca2e72794ffc47f7eea9de4d83873a421"", ""key"": ""3MIDD_048_p06__mirror"", ""rendered_hash_matches_manifest"": false, ""rendered_sha256_manifest"": ""355eef0412c959425875ac1f378309e1db970dbd87806e2a94ff8a5df7817751"", ""rendered_sha256_observed"": ""4744ba7f3ddddef5e613244e941287086f6a1f9894fc3f5e33b883d99cc3e69c""}, ""045|6|original"": {""image_sha256"": ""d9166aeb478c215ddd59c92dee3c5f8331e591539cdbf6ea15da8f3bc829c5a7"", ""key"": ""3MIDD_048_p06__original"", ""rendered_hash_matches_manifest"": false, ""rendered_sha256_manifest"": ""3b0ca74600905a34d807c5e518b0dadc62763cec203734119b92f816134d3365"", ""rendered_sha256_observed"": ""d30baa041727819a706dda1a1c7d83d1b1a9f793d60effda5619c67517789e59""}, ""045|7|mirror"": {""image_sha256"": ""c03e06da1762c4b589c163595a86622c9396bc9173a5e52a948d6e56e131a9d7"", ""key"": ""3MIDD_048_p07__mirror"", ""rendered_hash_matches_manifest"": false, ""rendered_sha256_manifest"": ""f2fdf26272a9f966e67d48b002aa73b53a33b56439a1589b0cdbeecdf4aac812"", ""rendered_sha256_observed"": ""3eac954cc77c27f0e1d9a051de97555513645c480fa4423b609d84f2fdd95106""}, ""045|7|original"": {""image_sha256"": ""592326bd04173d519dd91155d024aea283335c9b3a5ee1adbd65bb3e9d7c02ce"", ""key"": ""3MIDD_048_p07__original"", ""rendered_hash_matches_manifest"": false, ""rendered_sha256_manifest"": ""6b00971f871a2480de03ca9d75d0751c7f7e9115afc377274dd7008d8601e29d"", ""rendered_sha256_observed"": ""a1533a72b12334608bdd552fd9fdde7e0de37004e56302e573e67105b3170f6d""}, ""045|8|mirror"": {""image_sha256"": ""4d409fd7f2e7211c67e53cdd47291c912a592855a96c10591f9fdaae00cf5274"", ""key"": ""3MIDD_048_p08__mirror"", ""rendered_hash_matches_manifest"": false, ""rendered_sha256_manifest"": ""6a43378923a6dc92ab9cb3e3261a4542cfedfa7aba0b678402c61b2b69de1bc1"", ""rendered_sha256_observed"": ""43d088d06bcd7c7d1d53535e17aed0a31e2658e85c5ef0bb2e1fc890de1dc2e1""}, ""045|8|original"": {""image_sha256"": ""9e489be2590f66c123eda42b3a8cf2dc16cab61a6c788e25436002ff33c3bf23"", ""key"": ""3MIDD_048_p08__original"", ""rendered_hash_matches_manifest"": false, ""rendered_sha256_manifest"": ""6df1617532c48b9961f28429fa2794c14533f613d1038278b8c1e5fbcfafa811"", ""rendered_sha256_observed"": ""b9a1cdcdb78d434af31b70623c801c8cf4d64eb31eb82f3818b5206211b20888""}, ""045|9|mirror"": {""image_sha256"": ""590d24d23f57640236e3456066c73c937f94c7aa27318cee3bab578718eb3c72"", ""key"": ""3MIDD_048_p09__mirror"", ""rendered_hash_matches_manifest"": false, ""rendered_sha256_manifest"": ""fffbf428c90dc1a574d44ec590f3025fcb0e6946e6ade239ee2103066e332ffd"", ""rendered_sha256_observed"": ""977daf24eab5d7697a7724086f4ba65c6b79e74eea9e756a3fb89d5ac6915d6b""}, ""045|9|original"": {""image_sha256"": ""b099e4e04c23584b7e1103c4fb6faca25787a2d443f977fd37e962592c6ee560"", ""key"": ""3MIDD_048_p09__original"", ""rendered_hash_matches_manifest"": false, ""rendered_sha256_manifest"": ""f6000bef78eeb2eee55b544e2e92dc4b5f4817718c94242e364664c682512599"", ""rendered_sha256_observed"": ""1ec8d847e014b9317edfe33d2542e6679dc82482fc277dbf482863bfaef62c3f""}, ""046|0|mirror"": {""image_sha256"": ""bae7e04d77f43a177610ccc1d9dfb638fbe01296b69ac462e00fa5b2293a026d"", ""key"": ""3MIDD_048_p00__mirror"", ""rendered_hash_matches_manifest"": false, ""rendered_sha256_manifest"": ""3318e0f201660badacba48c9b8421d631730ce66e4e215031158f9a905899016"", ""rendered_sha256_observed"": ""95ccac4a43b2ce3101428c8ad255378481707b4f230146b8893eff4eea57ffca""}, ""046|0|original"": {""image_sha256"": ""55de889bf77d4ed148146e80de064406871b98fbc6362750a940c6f8d0526965"", ""key"": ""3MIDD_048_p00__original"", ""rendered_hash_matches_manifest"": false, ""rendered_sha256_manifest"": ""c64d770e6191feb1ac7e6eae9ed43e6847f2c5f5a346deaad3597d0b98796435"", ""rendered_sha256_observed"": ""12afbe0d8f29b9563a881012679693f6d2ef8364067a4eb0b1b6bcf4ba988bc3""}, ""046|10|mirror"": {""image_sha256"": ""96cc75d2f496cd2b04177ff0fe242de86e399edae3de87094cef68f8fff3da81"", ""key"": ""3MIDD_048_p10__mirror"", ""rendered_hash_matches_manifest"": false, ""rendered_sha256_manifest"": ""18dd718d50d364030ec34f91333a2b0a598018bf35e8c504e25cc877d2e96685"", ""rendered_sha256_observed"": ""2934d848523f6313a0158319aaf16a6e7cfaa5d6579753909f88d546ab6dfe19""}, ""046|10|original"": {""image_sha256"": ""4550b8320af6cd8f34965ee303437323c51d2f98cc166d0bce5d3f1f7b70aa8e"", ""key"": ""3MIDD_048_p10__original"", ""rendered_hash_matches_manifest"": false, ""rendered_sha256_manifest"": ""63a455c2f57130657be84c4c88aea4168fcea8ee9ba8d15320d57802b2dbeb34"", ""rendered_sha256_observed"": ""e779601fbeaf0348aa19838eacaf39b87f6ecaf697c7d8fb72cd3c10a03179cc""}, ""046|11|mirror"": {""image_sha256"": ""688b0cd10fcede1a61455aaa00e6a41623ef76bf51e194a97252fa035d320011"", ""key"": ""3MIDD_048_p11__mirror"", ""rendered_hash_matches_manifest"": false, ""rendered_sha256_manifest"": ""69ed896a69afe441ef455660ad9ffd953025efe3828d1b9e99673895d65c51f2"", ""rendered_sha256_observed"": ""210950a849d847fc3bcc16eecefeffe46654a115fffd9e1658600f506748f0a0""}, ""046|11|original"": {""image_sha256"": ""7a8f168925cd817566f65f95522d8d907d3d648650604476069565dc5b79c0b8"", ""key"": ""3MIDD_048_p11__original"", ""rendered_hash_matches_manifest"": false, ""rendered_sha256_manifest"": ""eece1064c38f97a155bfd03ba34f7df8a60451e3067af54e3ef554ecc1b1e852"", ""rendered_sha256_observed"": ""3f5234b16e90575e4082bf951b66033f81dac2d8cd6034771ce860f1414797c8""}, ""046|1|mirror"": {""image_sha256"": ""76ae87fe845b5de53b4efdcf569bb157b1e1cc9fadc2b60fe5517d72df68a38e"", ""key"": ""3MIDD_048_p01__mirror"", ""rendered_hash_matches_manifest"": false, ""rendered_sha256_manifest"": ""95504b1bb34d39f2c55d1675935bd2f5be0203be221aad0f465b4ae492d88fb9"", ""rendered_sha256_observed"": ""3a63e882bf189939a01ec47b4c9e738eb16f100a0a4911d8ed3c02b397fe4d38""}, ""046|1|original"": {""image_sha256"": ""b22202e274a4ea56acfb1ad5a84a000e3621004051215da0c5d1e7e7a356bd93"", ""key"": ""3MIDD_048_p01__original"", ""rendered_hash_matches_manifest"": false, ""rendered_sha256_manifest"": ""0b1c2d3ab1dd4c595cca56b1c2354afc8941d05185bc36537ebae1a0b4e863f8"", ""rendered_sha256_observed"": ""6268a51b09defd504cdac90309110fc9cba8efa8015b7525f3151e0f87baf592""}, ""046|2|mirror"": {""image_sha256"": ""4e34f3d68c63e1f5f70aab44089c0e29fda6613480247eb5dd9aa57513fe9726"", ""key"": ""3MIDD_048_p02__mirror"", ""rendered_hash_matches_manifest"": false, ""rendered_sha256_manifest"": ""e805edb26281908117820ac5aeeaa51eb6851d2dd0b1e0655f022c669316b1ed"", ""rendered_sha256_observed"": ""10290257862ec62d129306d7573496554a6db305a688ec221a41866476eeedf9""}, ""046|2|original"": {""image_sha256"": ""5ba531b1b46b3db2b707aec365d91759124b6d9be6e1b4fa913659121dbb0e35"", ""key"": ""3MIDD_048_p02__original"", ""rendered_hash_matches_manifest"": false, ""rendered_sha256_manifest"": ""cb3bcdee86ed1563d6ca820a1f7ed966c9e2db105159a47b083137c0ad345b7c"", ""rendered_sha256_observed"": ""a20ddfccb0fc8806cff1d5843be94f8e40606b63875d207055290d69b9b87637""}, ""046|3|mirror"": {""image_sha256"": ""ffb35a39466db44b67099d2beec9e4a872e7e675248262b0b113bc19f091698f"", ""key"": ""3MIDD_048_p03__mirror"", ""rendered_hash_matches_manifest"": false, ""rendered_sha256_manifest"": ""c58b6afb3158907f2ae38adb5638efc6b64bfcdb8e4d657be564a7b299b98fd3"", ""rendered_sha256_observed"": ""65fa4081b7cd9e8caf3faed1a8ad7b3c36d62f009637e3da2b06155681d1e8be""}, ""046|3|original"": {""image_sha256"": ""60b8be653d5af5a824f3e82b472356750990854ed67d77ac0d5c17e3a1865920"", ""key"": ""3MIDD_048_p03__original"", ""rendered_hash_matches_manifest"": false, ""rendered_sha256_manifest"": ""fdfff2fa8a89e028955e887fb853720cbffefadc4ae56baca47e7d66a472136e"", ""rendered_sha256_observed"": ""2a7933ae1f41135eaceea5a2acfd021b00c9ec153fdae1741b1576e361513f72""}, ""046|4|mirror"": {""image_sha256"": ""9f72bb61d48dd59b058a653aa23c1bfd8798b27122d7417b27d6a84e48592e41"", ""key"": ""3MIDD_048_p04__mirror"", ""rendered_hash_matches_manifest"": false, ""rendered_sha256_manifest"": ""7272d3a8380e1c53060155648a49dc96b22c2bdae607ab976591c5e67e17bf2d"", ""rendered_sha256_observed"": ""fe5664ad8fb1cf4227ca880ff3eaab8106d5900a8d050a44d025f3ca2ae11818""}, ""046|4|original"": {""image_sha256"": ""a2213590cc067a63b6d9027ac537325df2642346f5b200339ce100b64b2ae2ae"", ""key"": ""3MIDD_048_p04__original"", ""rendered_hash_matches_manifest"": false, ""rendered_sha256_manifest"": ""b068b151fff6ad7dddc9c03f9be97a65ae58a0acc44f6ad70e298c166a9052f1"", ""rendered_sha256_observed"": ""e277bd9d0b2d2758cf23bbbe9a1eaedfb6ea9503c272e5b19db662e2c8fc1bf2""}, ""046|5|mirror"": {""image_sha256"": ""fb9353386392c1974dbc4c584fdfacd6711167492e54e5c481558dd4d987abdd"", ""key"": ""3MIDD_048_p05__mirror"", ""rendered_hash_matches_manifest"": false, ""rendered_sha256_manifest"": ""7534be0114b31d7c892fc08d18b989faf13742d8a65cdfcb17201a60cdce9d79"", ""rendered_sha256_observed"": ""238122e498c334c6a42104de3aee64dcc958c0d93163624a5ca61ed6076eb17c""}, ""046|5|original"": {""image_sha256"": ""8c421d48f329fdce70ec385017a55ca019b0eda1ada605fbb260a969cfad57bf"", ""key"": ""3MIDD_048_p05__original"", ""rendered_hash_matches_manifest"": false, ""rendered_sha256_manifest"": ""c4cea68a0cd7b22c133c006f0fd5efb687e79f8547549b7580d20a8f4f044239"", ""rendered_sha256_observed"": ""9d3edacad216b2fabbf82a2b46244320b2ba7b95e5856853cb910c57f4db04bb""}, ""046|6|mirror"": {""image_sha256"": ""2539e65a0e90bbcf7940f8489358d68ca2e72794ffc47f7eea9de4d83873a421"", ""key"": ""3MIDD_048_p06__mirror"", ""rendered_hash_matches_manifest"": false, ""rendered_sha256_manifest"": ""355eef0412c959425875ac1f378309e1db970dbd87806e2a94ff8a5df7817751"", ""rendered_sha256_observed"": ""4744ba7f3ddddef5e613244e941287086f6a1f9894fc3f5e33b883d99cc3e69c""}, ""046|6|original"": {""image_sha256"": ""d9166aeb478c215ddd59c92dee3c5f8331e591539cdbf6ea15da8f3bc829c5a7"", ""key"": ""3MIDD_048_p06__original"", ""rendered_hash_matches_manifest"": false, ""rendered_sha256_manifest"": ""3b0ca74600905a34d807c5e518b0dadc62763cec203734119b92f816134d3365"", ""rendered_sha256_observed"": ""d30baa041727819a706dda1a1c7d83d1b1a9f793d60effda5619c67517789e59""}, ""046|7|mirror"": {""image_sha256"": ""c03e06da1762c4b589c163595a86622c9396bc9173a5e52a948d6e56e131a9d7"", ""key"": ""3MIDD_048_p07__mirror"", ""rendered_hash_matches_manifest"": false, ""rendered_sha256_manifest"": ""f2fdf26272a9f966e67d48b002aa73b53a33b56439a1589b0cdbeecdf4aac812"", ""rendered_sha256_observed"": ""3eac954cc77c27f0e1d9a051de97555513645c480fa4423b609d84f2fdd95106""}, ""046|7|original"": {""image_sha256"": ""592326bd04173d519dd91155d024aea283335c9b3a5ee1adbd65bb3e9d7c02ce"", ""key"": ""3MIDD_048_p07__original"", ""rendered_hash_matches_manifest"": false, ""rendered_sha256_manifest"": ""6b00971f871a2480de03ca9d75d0751c7f7e9115afc377274dd7008d8601e29d"", ""rendered_sha256_observed"": ""a1533a72b12334608bdd552fd9fdde7e0de37004e56302e573e67105b3170f6d""}, ""046|8|mirror"": {""image_sha256"": ""4d409fd7f2e7211c67e53cdd47291c912a592855a96c10591f9fdaae00cf5274"", ""key"": ""3MIDD_048_p08__mirror"", ""rendered_hash_matches_manifest"": false, ""rendered_sha256_manifest"": ""6a43378923a6dc92ab9cb3e3261a4542cfedfa7aba0b678402c61b2b69de1bc1"", ""rendered_sha256_observed"": ""43d088d06bcd7c7d1d53535e17aed0a31e2658e85c5ef0bb2e1fc890de1dc2e1""}, ""046|8|original"": {""image_sha256"": ""9e489be2590f66c123eda42b3a8cf2dc16cab61a6c788e25436002ff33c3bf23"", ""key"": ""3MIDD_048_p08__original"", ""rendered_hash_matches_manifest"": false, ""rendered_sha256_manifest"": ""6df1617532c48b9961f28429fa2794c14533f613d1038278b8c1e5fbcfafa811"", ""rendered_sha256_observed"": ""b9a1cdcdb78d434af31b70623c801c8cf4d64eb31eb82f3818b5206211b20888""}, ""046|9|mirror"": {""image_sha256"": ""590d24d23f57640236e3456066c73c937f94c7aa27318cee3bab578718eb3c72"", ""key"": ""3MIDD_048_p09__mirror"", ""rendered_hash_matches_manifest"": false, ""rendered_sha256_manifest"": ""fffbf428c90dc1a574d44ec590f3025fcb0e6946e6ade239ee2103066e332ffd"", ""rendered_sha256_observed"": ""977daf24eab5d7697a7724086f4ba65c6b79e74eea9e756a3fb89d5ac6915d6b""}, ""046|9|original"": {""image_sha256"": ""b099e4e04c23584b7e1103c4fb6faca25787a2d443f977fd37e962592c6ee560"", ""key"": ""3MIDD_048_p09__original"", ""rendered_hash_matches_manifest"": false, ""rendered_sha256_manifest"": ""f6000bef78eeb2eee55b544e2e92dc4b5f4817718c94242e364664c682512599"", ""rendered_sha256_observed"": ""1ec8d847e014b9317edfe33d2542e6679dc82482fc277dbf482863bfaef62c3f""}, ""047|0|mirror"": {""image_sha256"": ""bae7e04d77f43a177610ccc1d9dfb638fbe01296b69ac462e00fa5b2293a026d"", ""key"": ""3MIDD_048_p00__mirror"", ""rendered_hash_matches_manifest"": false, ""rendered_sha256_manifest"": ""3318e0f201660badacba48c9b8421d631730ce66e4e215031158f9a905899016"", ""rendered_sha256_observed"": ""95ccac4a43b2ce3101428c8ad255378481707b4f230146b8893eff4eea57ffca""}, ""047|0|original"": {""image_sha256"": ""55de889bf77d4ed148146e80de064406871b98fbc6362750a940c6f8d0526965"", ""key"": ""3MIDD_048_p00__original"", ""rendered_hash_matches_manifest"": false, ""rendered_sha256_manifest"": ""c64d770e6191feb1ac7e6eae9ed43e6847f2c5f5a346deaad3597d0b98796435"", ""rendered_sha256_observed"": ""12afbe0d8f29b9563a881012679693f6d2ef8364067a4eb0b1b6bcf4ba988bc3""}, ""047|10|mirror"": {""image_sha256"": ""96cc75d2f496cd2b04177ff0fe242de86e399edae3de87094cef68f8fff3da81"", ""key"": ""3MIDD_048_p10__mirror"", ""rendered_hash_matches_manifest"": false, ""rendered_sha256_manifest"": ""18dd718d50d364030ec34f91333a2b0a598018bf35e8c504e25cc877d2e96685"", ""rendered_sha256_observed"": ""2934d848523f6313a0158319aaf16a6e7cfaa5d6579753909f88d546ab6dfe19""}, ""047|10|original"": {""image_sha256"": ""4550b8320af6cd8f34965ee303437323c51d2f98cc166d0bce5d3f1f7b70aa8e"", ""key"": ""3MIDD_048_p10__original"", ""rendered_hash_matches_manifest"": false, ""rendered_sha256_manifest"": ""63a455c2f57130657be84c4c88aea4168fcea8ee9ba8d15320d57802b2dbeb34"", ""rendered_sha256_observed"": ""e779601fbeaf0348aa19838eacaf39b87f6ecaf697c7d8fb72cd3c10a03179cc""}, ""047|11|mirror"": {""image_sha256"": ""688b0cd10fcede1a61455aaa00e6a41623ef76bf51e194a97252fa035d320011"", ""key"": ""3MIDD_048_p11__mirror"", ""rendered_hash_matches_manifest"": false, ""rendered_sha256_manifest"": ""69ed896a69afe441ef455660ad9ffd953025efe3828d1b9e99673895d65c51f2"", ""rendered_sha256_observed"": ""210950a849d847fc3bcc16eecefeffe46654a115fffd9e1658600f506748f0a0""}, ""047|11|original"": {""image_sha256"": ""7a8f168925cd817566f65f95522d8d907d3d648650604476069565dc5b79c0b8"", ""key"": ""3MIDD_048_p11__original"", ""rendered_hash_matches_manifest"": false, ""rendered_sha256_manifest"": ""eece1064c38f97a155bfd03ba34f7df8a60451e3067af54e3ef554ecc1b1e852"", ""rendered_sha256_observed"": ""3f5234b16e90575e4082bf951b66033f81dac2d8cd6034771ce860f1414797c8""}, ""047|1|mirror"": {""image_sha256"": ""76ae87fe845b5de53b4efdcf569bb157b1e1cc9fadc2b60fe5517d72df68a38e"", ""key"": ""3MIDD_048_p01__mirror"", ""rendered_hash_matches_manifest"": false, ""rendered_sha256_manifest"": ""95504b1bb34d39f2c55d1675935bd2f5be0203be221aad0f465b4ae492d88fb9"", ""rendered_sha256_observed"": ""3a63e882bf189939a01ec47b4c9e738eb16f100a0a4911d8ed3c02b397fe4d38""}, ""047|1|original"": {""image_sha256"": ""b22202e274a4ea56acfb1ad5a84a000e3621004051215da0c5d1e7e7a356bd93"", ""key"": ""3MIDD_048_p01__original"", ""rendered_hash_matches_manifest"": false, ""rendered_sha256_manifest"": ""0b1c2d3ab1dd4c595cca56b1c2354afc8941d05185bc36537ebae1a0b4e863f8"", ""rendered_sha256_observed"": ""6268a51b09defd504cdac90309110fc9cba8efa8015b7525f3151e0f87baf592""}, ""047|2|mirror"": {""image_sha256"": ""4e34f3d68c63e1f5f70aab44089c0e29fda6613480247eb5dd9aa57513fe9726"", ""key"": ""3MIDD_048_p02__mirror"", ""rendered_hash_matches_manifest"": false, ""rendered_sha256_manifest"": ""e805edb26281908117820ac5aeeaa51eb6851d2dd0b1e0655f022c669316b1ed"", ""rendered_sha256_observed"": ""10290257862ec62d129306d7573496554a6db305a688ec221a41866476eeedf9""}, ""047|2|original"": {""image_sha256"": ""5ba531b1b46b3db2b707aec365d91759124b6d9be6e1b4fa913659121dbb0e35"", ""key"": ""3MIDD_048_p02__original"", ""rendered_hash_matches_manifest"": false, ""rendered_sha256_manifest"": ""cb3bcdee86ed1563d6ca820a1f7ed966c9e2db105159a47b083137c0ad345b7c"", ""rendered_sha256_observed"": ""a20ddfccb0fc8806cff1d5843be94f8e40606b63875d207055290d69b9b87637""}, ""047|3|mirror"": {""image_sha256"": ""ffb35a39466db44b67099d2beec9e4a872e7e675248262b0b113bc19f091698f"", ""key"": ""3MIDD_048_p03__mirror"", ""rendered_hash_matches_manifest"": false, ""rendered_sha256_manifest"": ""c58b6afb3158907f2ae38adb5638efc6b64bfcdb8e4d657be564a7b299b98fd3"", ""rendered_sha256_observed"": ""65fa4081b7cd9e8caf3faed1a8ad7b3c36d62f009637e3da2b06155681d1e8be""}, ""047|3|original"": {""image_sha256"": ""60b8be653d5af5a824f3e82b472356750990854ed67d77ac0d5c17e3a1865920"", ""key"": ""3MIDD_048_p03__original"", ""rendered_hash_matches_manifest"": false, ""rendered_sha256_manifest"": ""fdfff2fa8a89e028955e887fb853720cbffefadc4ae56baca47e7d66a472136e"", ""rendered_sha256_observed"": ""2a7933ae1f41135eaceea5a2acfd021b00c9ec153fdae1741b1576e361513f72""}, ""047|4|mirror"": {""image_sha256"": ""9f72bb61d48dd59b058a653aa23c1bfd8798b27122d7417b27d6a84e48592e41"", ""key"": ""3MIDD_048_p04__mirror"", ""rendered_hash_matches_manifest"": false, ""rendered_sha256_manifest"": ""7272d3a8380e1c53060155648a49dc96b22c2bdae607ab976591c5e67e17bf2d"", ""rendered_sha256_observed"": ""fe5664ad8fb1cf4227ca880ff3eaab8106d5900a8d050a44d025f3ca2ae11818""}, ""047|4|original"": {""image_sha256"": ""a2213590cc067a63b6d9027ac537325df2642346f5b200339ce100b64b2ae2ae"", ""key"": ""3MIDD_048_p04__original"", ""rendered_hash_matches_manifest"": false, ""rendered_sha256_manifest"": ""b068b151fff6ad7dddc9c03f9be97a65ae58a0acc44f6ad70e298c166a9052f1"", ""rendered_sha256_observed"": ""e277bd9d0b2d2758cf23bbbe9a1eaedfb6ea9503c272e5b19db662e2c8fc1bf2""}, ""047|5|mirror"": {""image_sha256"": ""fb9353386392c1974dbc4c584fdfacd6711167492e54e5c481558dd4d987abdd"", ""key"": ""3MIDD_048_p05__mirror"", ""rendered_hash_matches_manifest"": false, ""rendered_sha256_manifest"": ""7534be0114b31d7c892fc08d18b989faf13742d8a65cdfcb17201a60cdce9d79"", ""rendered_sha256_observed"": ""238122e498c334c6a42104de3aee64dcc958c0d93163624a5ca61ed6076eb17c""}, ""047|5|original"": {""image_sha256"": ""8c421d48f329fdce70ec385017a55ca019b0eda1ada605fbb260a969cfad57bf"", ""key"": ""3MIDD_048_p05__original"", ""rendered_hash_matches_manifest"": false, ""rendered_sha256_manifest"": ""c4cea68a0cd7b22c133c006f0fd5efb687e79f8547549b7580d20a8f4f044239"", ""rendered_sha256_observed"": ""9d3edacad216b2fabbf82a2b46244320b2ba7b95e5856853cb910c57f4db04bb""}, ""047|6|mirror"": {""image_sha256"": ""2539e65a0e90bbcf7940f8489358d68ca2e72794ffc47f7eea9de4d83873a421"", ""key"": ""3MIDD_048_p06__mirror"", ""rendered_hash_matches_manifest"": false, ""rendered_sha256_manifest"": ""355eef0412c959425875ac1f378309e1db970dbd87806e2a94ff8a5df7817751"", ""rendered_sha256_observed"": ""4744ba7f3ddddef5e613244e941287086f6a1f9894fc3f5e33b883d99cc3e69c""}, ""047|6|original"": {""image_sha256"": ""d9166aeb478c215ddd59c92dee3c5f8331e591539cdbf6ea15da8f3bc829c5a7"", ""key"": ""3MIDD_048_p06__original"", ""rendered_hash_matches_manifest"": false, ""rendered_sha256_manifest"": ""3b0ca74600905a34d807c5e518b0dadc62763cec203734119b92f816134d3365"", ""rendered_sha256_observed"": ""d30baa041727819a706dda1a1c7d83d1b1a9f793d60effda5619c67517789e59""}, ""047|7|mirror"": {""image_sha256"": ""c03e06da1762c4b589c163595a86622c9396bc9173a5e52a948d6e56e131a9d7"", ""key"": ""3MIDD_048_p07__mirror"", ""rendered_hash_matches_manifest"": false, ""rendered_sha256_manifest"": ""f2fdf26272a9f966e67d48b002aa73b53a33b56439a1589b0cdbeecdf4aac812"", ""rendered_sha256_observed"": ""3eac954cc77c27f0e1d9a051de97555513645c480fa4423b609d84f2fdd95106""}, ""047|7|original"": {""image_sha256"": ""592326bd04173d519dd91155d024aea283335c9b3a5ee1adbd65bb3e9d7c02ce"", ""key"": ""3MIDD_048_p07__original"", ""rendered_hash_matches_manifest"": false, ""rendered_sha256_manifest"": ""6b00971f871a2480de03ca9d75d0751c7f7e9115afc377274dd7008d8601e29d"", ""rendered_sha256_observed"": ""a1533a72b12334608bdd552fd9fdde7e0de37004e56302e573e67105b3170f6d""}, ""047|8|mirror"": {""image_sha256"": ""4d409fd7f2e7211c67e53cdd47291c912a592855a96c10591f9fdaae00cf5274"", ""key"": ""3MIDD_048_p08__mirror"", ""rendered_hash_matches_manifest"": false, ""rendered_sha256_manifest"": ""6a43378923a6dc92ab9cb3e3261a4542cfedfa7aba0b678402c61b2b69de1bc1"", ""rendered_sha256_observed"": ""43d088d06bcd7c7d1d53535e17aed0a31e2658e85c5ef0bb2e1fc890de1dc2e1""}, ""047|8|original"": {""image_sha256"": ""9e489be2590f66c123eda42b3a8cf2dc16cab61a6c788e25436002ff33c3bf23"", ""key"": ""3MIDD_048_p08__original"", ""rendered_hash_matches_manifest"": false, ""rendered_sha256_manifest"": ""6df1617532c48b9961f28429fa2794c14533f613d1038278b8c1e5fbcfafa811"", ""rendered_sha256_observed"": ""b9a1cdcdb78d434af31b70623c801c8cf4d64eb31eb82f3818b5206211b20888""}, ""047|9|mirror"": {""image_sha256"": ""590d24d23f57640236e3456066c73c937f94c7aa27318cee3bab578718eb3c72"", ""key"": ""3MIDD_048_p09__mirror"", ""rendered_hash_matches_manifest"": false, ""rendered_sha256_manifest"": ""fffbf428c90dc1a574d44ec590f3025fcb0e6946e6ade239ee2103066e332ffd"", ""rendered_sha256_observed"": ""977daf24eab5d7697a7724086f4ba65c6b79e74eea9e756a3fb89d5ac6915d6b""}, ""047|9|original"": {""image_sha256"": ""b099e4e04c23584b7e1103c4fb6faca25787a2d443f977fd37e962592c6ee560"", ""key"": ""3MIDD_048_p09__original"", ""rendered_hash_matches_manifest"": false, ""rendered_sha256_manifest"": ""f6000bef78eeb2eee55b544e2e92dc4b5f4817718c94242e364664c682512599"", ""rendered_sha256_observed"": ""1ec8d847e014b9317edfe33d2542e6679dc82482fc277dbf482863bfaef62c3f""}, ""048|0|mirror"": {""image_sha256"": ""bae7e04d77f43a177610ccc1d9dfb638fbe01296b69ac462e00fa5b2293a026d"", ""key"": ""3MIDD_048_p00__mirror"", ""rendered_hash_matches_manifest"": false, ""rendered_sha256_manifest"": ""3318e0f201660badacba48c9b8421d631730ce66e4e215031158f9a905899016"", ""rendered_sha256_observed"": ""95ccac4a43b2ce3101428c8ad255378481707b4f230146b8893eff4eea57ffca""}, ""048|0|original"": {""image_sha256"": ""55de889bf77d4ed148146e80de064406871b98fbc6362750a940c6f8d0526965"", ""key"": ""3MIDD_048_p00__original"", ""rendered_hash_matches_manifest"": false, ""rendered_sha256_manifest"": ""c64d770e6191feb1ac7e6eae9ed43e6847f2c5f5a346deaad3597d0b98796435"", ""rendered_sha256_observed"": ""12afbe0d8f29b9563a881012679693f6d2ef8364067a4eb0b1b6bcf4ba988bc3""}, ""048|10|mirror"": {""image_sha256"": ""96cc75d2f496cd2b04177ff0fe242de86e399edae3de87094cef68f8fff3da81"", ""key"": ""3MIDD_048_p10__mirror"", ""rendered_hash_matches_manifest"": false, ""rendered_sha256_manifest"": ""18dd718d50d364030ec34f91333a2b0a598018bf35e8c504e25cc877d2e96685"", ""rendered_sha256_observed"": ""2934d848523f6313a0158319aaf16a6e7cfaa5d6579753909f88d546ab6dfe19""}, ""048|10|original"": {""image_sha256"": ""4550b8320af6cd8f34965ee303437323c51d2f98cc166d0bce5d3f1f7b70aa8e"", ""key"": ""3MIDD_048_p10__original"", ""rendered_hash_matches_manifest"": false, ""rendered_sha256_manifest"": ""63a455c2f57130657be84c4c88aea4168fcea8ee9ba8d15320d57802b2dbeb34"", ""rendered_sha256_observed"": ""e779601fbeaf0348aa19838eacaf39b87f6ecaf697c7d8fb72cd3c10a03179cc""}, ""048|11|mirror"": {""image_sha256"": ""688b0cd10fcede1a61455aaa00e6a41623ef76bf51e194a97252fa035d320011"", ""key"": ""3MIDD_048_p11__mirror"", ""rendered_hash_matches_manifest"": false, ""rendered_sha256_manifest"": ""69ed896a69afe441ef455660ad9ffd953025efe3828d1b9e99673895d65c51f2"", ""rendered_sha256_observed"": ""210950a849d847fc3bcc16eecefeffe46654a115fffd9e1658600f506748f0a0""}, ""048|11|original"": {""image_sha256"": ""7a8f168925cd817566f65f95522d8d907d3d648650604476069565dc5b79c0b8"", ""key"": ""3MIDD_048_p11__original"", ""rendered_hash_matches_manifest"": false, ""rendered_sha256_manifest"": ""eece1064c38f97a155bfd03ba34f7df8a60451e3067af54e3ef554ecc1b1e852"", ""rendered_sha256_observed"": ""3f5234b16e90575e4082bf951b66033f81dac2d8cd6034771ce860f1414797c8""}, ""048|1|mirror"": {""image_sha256"": ""76ae87fe845b5de53b4efdcf569bb157b1e1cc9fadc2b60fe5517d72df68a38e"", ""key"": ""3MIDD_048_p01__mirror"", ""rendered_hash_matches_manifest"": false, ""rendered_sha256_manifest"": ""95504b1bb34d39f2c55d1675935bd2f5be0203be221aad0f465b4ae492d88fb9"", ""rendered_sha256_observed"": ""3a63e882bf189939a01ec47b4c9e738eb16f100a0a4911d8ed3c02b397fe4d38""}, ""048|1|original"": {""image_sha256"": ""b22202e274a4ea56acfb1ad5a84a000e3621004051215da0c5d1e7e7a356bd93"", ""key"": ""3MIDD_048_p01__original"", ""rendered_hash_matches_manifest"": false, ""rendered_sha256_manifest"": ""0b1c2d3ab1dd4c595cca56b1c2354afc8941d05185bc36537ebae1a0b4e863f8"", ""rendered_sha256_observed"": ""6268a51b09defd504cdac90309110fc9cba8efa8015b7525f3151e0f87baf592""}, ""048|2|mirror"": {""image_sha256"": ""4e34f3d68c63e1f5f70aab44089c0e29fda6613480247eb5dd9aa57513fe9726"", ""key"": ""3MIDD_048_p02__mirror"", ""rendered_hash_matches_manifest"": false, ""rendered_sha256_manifest"": ""e805edb26281908117820ac5aeeaa51eb6851d2dd0b1e0655f022c669316b1ed"", ""rendered_sha256_observed"": ""10290257862ec62d129306d7573496554a6db305a688ec221a41866476eeedf9""}, ""048|2|original"": {""image_sha256"": ""5ba531b1b46b3db2b707aec365d91759124b6d9be6e1b4fa913659121dbb0e35"", ""key"": ""3MIDD_048_p02__original"", ""rendered_hash_matches_manifest"": false, ""rendered_sha256_manifest"": ""cb3bcdee86ed1563d6ca820a1f7ed966c9e2db105159a47b083137c0ad345b7c"", ""rendered_sha256_observed"": ""a20ddfccb0fc8806cff1d5843be94f8e40606b63875d207055290d69b9b87637""}, ""048|3|mirror"": {""image_sha256"": ""ffb35a39466db44b67099d2beec9e4a872e7e675248262b0b113bc19f091698f"", ""key"": ""3MIDD_048_p03__mirror"", ""rendered_hash_matches_manifest"": false, ""rendered_sha256_manifest"": ""c58b6afb3158907f2ae38adb5638efc6b64bfcdb8e4d657be564a7b299b98fd3"", ""rendered_sha256_observed"": ""65fa4081b7cd9e8caf3faed1a8ad7b3c36d62f009637e3da2b06155681d1e8be""}, ""048|3|original"": {""image_sha256"": ""60b8be653d5af5a824f3e82b472356750990854ed67d77ac0d5c17e3a1865920"", ""key"": ""3MIDD_048_p03__original"", ""rendered_hash_matches_manifest"": false, ""rendered_sha256_manifest"": ""fdfff2fa8a89e028955e887fb853720cbffefadc4ae56baca47e7d66a472136e"", ""rendered_sha256_observed"": ""2a7933ae1f41135eaceea5a2acfd021b00c9ec153fdae1741b1576e361513f72""}, ""048|4|mirror"": {""image_sha256"": ""9f72bb61d48dd59b058a653aa23c1bfd8798b27122d7417b27d6a84e48592e41"", ""key"": ""3MIDD_048_p04__mirror"", ""rendered_hash_matches_manifest"": false, ""rendered_sha256_manifest"": ""7272d3a8380e1c53060155648a49dc96b22c2bdae607ab976591c5e67e17bf2d"", ""rendered_sha256_observed"": ""fe5664ad8fb1cf4227ca880ff3eaab8106d5900a8d050a44d025f3ca2ae11818""}, ""048|4|original"": {""image_sha256"": ""a2213590cc067a63b6d9027ac537325df2642346f5b200339ce100b64b2ae2ae"", ""key"": ""3MIDD_048_p04__original"", ""rendered_hash_matches_manifest"": false, ""rendered_sha256_manifest"": ""b068b151fff6ad7dddc9c03f9be97a65ae58a0acc44f6ad70e298c166a9052f1"", ""rendered_sha256_observed"": ""e277bd9d0b2d2758cf23bbbe9a1eaedfb6ea9503c272e5b19db662e2c8fc1bf2""}, ""048|5|mirror"": {""image_sha256"": ""fb9353386392c1974dbc4c584fdfacd6711167492e54e5c481558dd4d987abdd"", ""key"": ""3MIDD_048_p05__mirror"", ""rendered_hash_matches_manifest"": false, ""rendered_sha256_manifest"": ""7534be0114b31d7c892fc08d18b989faf13742d8a65cdfcb17201a60cdce9d79"", ""rendered_sha256_observed"": ""238122e498c334c6a42104de3aee64dcc958c0d93163624a5ca61ed6076eb17c""}, ""048|5|original"": {""image_sha256"": ""8c421d48f329fdce70ec385017a55ca019b0eda1ada605fbb260a969cfad57bf"", ""key"": ""3MIDD_048_p05__original"", ""rendered_hash_matches_manifest"": false, ""rendered_sha256_manifest"": ""c4cea68a0cd7b22c133c006f0fd5efb687e79f8547549b7580d20a8f4f044239"", ""rendered_sha256_observed"": ""9d3edacad216b2fabbf82a2b46244320b2ba7b95e5856853cb910c57f4db04bb""}, ""048|6|mirror"": {""image_sha256"": ""2539e65a0e90bbcf7940f8489358d68ca2e72794ffc47f7eea9de4d83873a421"", ""key"": ""3MIDD_048_p06__mirror"", ""rendered_hash_matches_manifest"": false, ""rendered_sha256_manifest"": ""355eef0412c959425875ac1f378309e1db970dbd87806e2a94ff8a5df7817751"", ""rendered_sha256_observed"": ""4744ba7f3ddddef5e613244e941287086f6a1f9894fc3f5e33b883d99cc3e69c""}, ""048|6|original"": {""image_sha256"": ""d9166aeb478c215ddd59c92dee3c5f8331e591539cdbf6ea15da8f3bc829c5a7"", ""key"": ""3MIDD_048_p06__original"", ""rendered_hash_matches_manifest"": false, ""rendered_sha256_manifest"": ""3b0ca74600905a34d807c5e518b0dadc62763cec203734119b92f816134d3365"", ""rendered_sha256_observed"": ""d30baa041727819a706dda1a1c7d83d1b1a9f793d60effda5619c67517789e59""}, ""048|7|mirror"": {""image_sha256"": ""c03e06da1762c4b589c163595a86622c9396bc9173a5e52a948d6e56e131a9d7"", ""key"": ""3MIDD_048_p07__mirror"", ""rendered_hash_matches_manifest"": false, ""rendered_sha256_manifest"": ""f2fdf26272a9f966e67d48b002aa73b53a33b56439a1589b0cdbeecdf4aac812"", ""rendered_sha256_observed"": ""3eac954cc77c27f0e1d9a051de97555513645c480fa4423b609d84f2fdd95106""}, ""048|7|original"": {""image_sha256"": ""592326bd04173d519dd91155d024aea283335c9b3a5ee1adbd65bb3e9d7c02ce"", ""key"": ""3MIDD_048_p07__original"", ""rendered_hash_matches_manifest"": false, ""rendered_sha256_manifest"": ""6b00971f871a2480de03ca9d75d0751c7f7e9115afc377274dd7008d8601e29d"", ""rendered_sha256_observed"": ""a1533a72b12334608bdd552fd9fdde7e0de37004e56302e573e67105b3170f6d""}, ""048|8|mirror"": {""image_sha256"": ""4d409fd7f2e7211c67e53cdd47291c912a592855a96c10591f9fdaae00cf5274"", ""key"": ""3MIDD_048_p08__mirror"", ""rendered_hash_matches_manifest"": false, ""rendered_sha256_manifest"": ""6a43378923a6dc92ab9cb3e3261a4542cfedfa7aba0b678402c61b2b69de1bc1"", ""rendered_sha256_observed"": ""43d088d06bcd7c7d1d53535e17aed0a31e2658e85c5ef0bb2e1fc890de1dc2e1""}, ""048|8|original"": {""image_sha256"": ""9e489be2590f66c123eda42b3a8cf2dc16cab61a6c788e25436002ff33c3bf23"", ""key"": ""3MIDD_048_p08__original"", ""rendered_hash_matches_manifest"": false, ""rendered_sha256_manifest"": ""6df1617532c48b9961f28429fa2794c14533f613d1038278b8c1e5fbcfafa811"", ""rendered_sha256_observed"": ""b9a1cdcdb78d434af31b70623c801c8cf4d64eb31eb82f3818b5206211b20888""}, ""048|9|mirror"": {""image_sha256"": ""590d24d23f57640236e3456066c73c937f94c7aa27318cee3bab578718eb3c72"", ""key"": ""3MIDD_048_p09__mirror"", ""rendered_hash_matches_manifest"": false, ""rendered_sha256_manifest"": ""fffbf428c90dc1a574d44ec590f3025fcb0e6946e6ade239ee2103066e332ffd"", ""rendered_sha256_observed"": ""977daf24eab5d7697a7724086f4ba65c6b79e74eea9e756a3fb89d5ac6915d6b""}, ""048|9|original"": {""image_sha256"": ""b099e4e04c23584b7e1103c4fb6faca25787a2d443f977fd37e962592c6ee560"", ""key"": ""3MIDD_048_p09__original"", ""rendered_hash_matches_manifest"": false, ""rendered_sha256_manifest"": ""f6000bef78eeb2eee55b544e2e92dc4b5f4817718c94242e364664c682512599"", ""rendered_sha256_observed"": ""1ec8d847e014b9317edfe33d2542e6679dc82482fc277dbf482863bfaef62c3f""}, ""049|0|mirror"": {""image_sha256"": ""bae7e04d77f43a177610ccc1d9dfb638fbe01296b69ac462e00fa5b2293a026d"", ""key"": ""3MIDD_048_p00__mirror"", ""rendered_hash_matches_manifest"": false, ""rendered_sha256_manifest"": ""3318e0f201660badacba48c9b8421d631730ce66e4e215031158f9a905899016"", ""rendered_sha256_observed"": ""95ccac4a43b2ce3101428c8ad255378481707b4f230146b8893eff4eea57ffca""}, ""049|0|original"": {""image_sha256"": ""55de889bf77d4ed148146e80de064406871b98fbc6362750a940c6f8d0526965"", ""key"": ""3MIDD_048_p00__original"", ""rendered_hash_matches_manifest"": false, ""rendered_sha256_manifest"": ""c64d770e6191feb1ac7e6eae9ed43e6847f2c5f5a346deaad3597d0b98796435"", ""rendered_sha256_observed"": ""12afbe0d8f29b9563a881012679693f6d2ef8364067a4eb0b1b6bcf4ba988bc3""}, ""049|10|mirror"": {""image_sha256"": ""96cc75d2f496cd2b04177ff0fe242de86e399edae3de87094cef68f8fff3da81"", ""key"": ""3MIDD_048_p10__mirror"", ""rendered_hash_matches_manifest"": false, ""rendered_sha256_manifest"": ""18dd718d50d364030ec34f91333a2b0a598018bf35e8c504e25cc877d2e96685"", ""rendered_sha256_observed"": ""2934d848523f6313a0158319aaf16a6e7cfaa5d6579753909f88d546ab6dfe19""}, ""049|10|original"": {""image_sha256"": ""4550b8320af6cd8f34965ee303437323c51d2f98cc166d0bce5d3f1f7b70aa8e"", ""key"": ""3MIDD_048_p10__original"", ""rendered_hash_matches_manifest"": false, ""rendered_sha256_manifest"": ""63a455c2f57130657be84c4c88aea4168fcea8ee9ba8d15320d57802b2dbeb34"", ""rendered_sha256_observed"": ""e779601fbeaf0348aa19838eacaf39b87f6ecaf697c7d8fb72cd3c10a03179cc""}, ""049|11|mirror"": {""image_sha256"": ""688b0cd10fcede1a61455aaa00e6a41623ef76bf51e194a97252fa035d320011"", ""key"": ""3MIDD_048_p11__mirror"", ""rendered_hash_matches_manifest"": false, ""rendered_sha256_manifest"": ""69ed896a69afe441ef455660ad9ffd953025efe3828d1b9e99673895d65c51f2"", ""rendered_sha256_observed"": ""210950a849d847fc3bcc16eecefeffe46654a115fffd9e1658600f506748f0a0""}, ""049|11|original"": {""image_sha256"": ""7a8f168925cd817566f65f95522d8d907d3d648650604476069565dc5b79c0b8"", ""key"": ""3MIDD_048_p11__original"", ""rendered_hash_matches_manifest"": false, ""rendered_sha256_manifest"": ""eece1064c38f97a155bfd03ba34f7df8a60451e3067af54e3ef554ecc1b1e852"", ""rendered_sha256_observed"": ""3f5234b16e90575e4082bf951b66033f81dac2d8cd6034771ce860f1414797c8""}, ""049|1|mirror"": {""image_sha256"": ""76ae87fe845b5de53b4efdcf569bb157b1e1cc9fadc2b60fe5517d72df68a38e"", ""key"": ""3MIDD_048_p01__mirror"", ""rendered_hash_matches_manifest"": false, ""rendered_sha256_manifest"": ""95504b1bb34d39f2c55d1675935bd2f5be0203be221aad0f465b4ae492d88fb9"", ""rendered_sha256_observed"": ""3a63e882bf189939a01ec47b4c9e738eb16f100a0a4911d8ed3c02b397fe4d38""}, ""049|1|original"": {""image_sha256"": ""b22202e274a4ea56acfb1ad5a84a000e3621004051215da0c5d1e7e7a356bd93"", ""key"": ""3MIDD_048_p01__original"", ""rendered_hash_matches_manifest"": false, ""rendered_sha256_manifest"": ""0b1c2d3ab1dd4c595cca56b1c2354afc8941d05185bc36537ebae1a0b4e863f8"", ""rendered_sha256_observed"": ""6268a51b09defd504cdac90309110fc9cba8efa8015b7525f3151e0f87baf592""}, ""049|2|mirror"": {""image_sha256"": ""4e34f3d68c63e1f5f70aab44089c0e29fda6613480247eb5dd9aa57513fe9726"", ""key"": ""3MIDD_048_p02__mirror"", ""rendered_hash_matches_manifest"": false, ""rendered_sha256_manifest"": ""e805edb26281908117820ac5aeeaa51eb6851d2dd0b1e0655f022c669316b1ed"", ""rendered_sha256_observed"": ""10290257862ec62d129306d7573496554a6db305a688ec221a41866476eeedf9""}, ""049|2|original"": {""image_sha256"": ""5ba531b1b46b3db2b707aec365d91759124b6d9be6e1b4fa913659121dbb0e35"", ""key"": ""3MIDD_048_p02__original"", ""rendered_hash_matches_manifest"": false, ""rendered_sha256_manifest"": ""cb3bcdee86ed1563d6ca820a1f7ed966c9e2db105159a47b083137c0ad345b7c"", ""rendered_sha256_observed"": ""a20ddfccb0fc8806cff1d5843be94f8e40606b63875d207055290d69b9b87637""}, ""049|3|mirror"": {""image_sha256"": ""ffb35a39466db44b67099d2beec9e4a872e7e675248262b0b113bc19f091698f"", ""key"": ""3MIDD_048_p03__mirror"", ""rendered_hash_matches_manifest"": false, ""rendered_sha256_manifest"": ""c58b6afb3158907f2ae38adb5638efc6b64bfcdb8e4d657be564a7b299b98fd3"", ""rendered_sha256_observed"": ""65fa4081b7cd9e8caf3faed1a8ad7b3c36d62f009637e3da2b06155681d1e8be""}, ""049|3|original"": {""image_sha256"": ""60b8be653d5af5a824f3e82b472356750990854ed67d77ac0d5c17e3a1865920"", ""key"": ""3MIDD_048_p03__original"", ""rendered_hash_matches_manifest"": false, ""rendered_sha256_manifest"": ""fdfff2fa8a89e028955e887fb853720cbffefadc4ae56baca47e7d66a472136e"", ""rendered_sha256_observed"": ""2a7933ae1f41135eaceea5a2acfd021b00c9ec153fdae1741b1576e361513f72""}, ""049|4|mirror"": {""image_sha256"": ""9f72bb61d48dd59b058a653aa23c1bfd8798b27122d7417b27d6a84e48592e41"", ""key"": ""3MIDD_048_p04__mirror"", ""rendered_hash_matches_manifest"": false, ""rendered_sha256_manifest"": ""7272d3a8380e1c53060155648a49dc96b22c2bdae607ab976591c5e67e17bf2d"", ""rendered_sha256_observed"": ""fe5664ad8fb1cf4227ca880ff3eaab8106d5900a8d050a44d025f3ca2ae11818""}, ""049|4|original"": {""image_sha256"": ""a2213590cc067a63b6d9027ac537325df2642346f5b200339ce100b64b2ae2ae"", ""key"": ""3MIDD_048_p04__original"", ""rendered_hash_matches_manifest"": false, ""rendered_sha256_manifest"": ""b068b151fff6ad7dddc9c03f9be97a65ae58a0acc44f6ad70e298c166a9052f1"", ""rendered_sha256_observed"": ""e277bd9d0b2d2758cf23bbbe9a1eaedfb6ea9503c272e5b19db662e2c8fc1bf2""}, ""049|5|mirror"": {""image_sha256"": ""fb9353386392c1974dbc4c584fdfacd6711167492e54e5c481558dd4d987abdd"", ""key"": ""3MIDD_048_p05__mirror"", ""rendered_hash_matches_manifest"": false, ""rendered_sha256_manifest"": ""7534be0114b31d7c892fc08d18b989faf13742d8a65cdfcb17201a60cdce9d79"", ""rendered_sha256_observed"": ""238122e498c334c6a42104de3aee64dcc958c0d93163624a5ca61ed6076eb17c""}, ""049|5|original"": {""image_sha256"": ""8c421d48f329fdce70ec385017a55ca019b0eda1ada605fbb260a969cfad57bf"", ""key"": ""3MIDD_048_p05__original"", ""rendered_hash_matches_manifest"": false, ""rendered_sha256_manifest"": ""c4cea68a0cd7b22c133c006f0fd5efb687e79f8547549b7580d20a8f4f044239"", ""rendered_sha256_observed"": ""9d3edacad216b2fabbf82a2b46244320b2ba7b95e5856853cb910c57f4db04bb""}, ""049|6|mirror"": {""image_sha256"": ""2539e65a0e90bbcf7940f8489358d68ca2e72794ffc47f7eea9de4d83873a421"", ""key"": ""3MIDD_048_p06__mirror"", ""rendered_hash_matches_manifest"": false, ""rendered_sha256_manifest"": ""355eef0412c959425875ac1f378309e1db970dbd87806e2a94ff8a5df7817751"", ""rendered_sha256_observed"": ""4744ba7f3ddddef5e613244e941287086f6a1f9894fc3f5e33b883d99cc3e69c""}, ""049|6|original"": {""image_sha256"": ""d9166aeb478c215ddd59c92dee3c5f8331e591539cdbf6ea15da8f3bc829c5a7"", ""key"": ""3MIDD_048_p06__original"", ""rendered_hash_matches_manifest"": false, ""rendered_sha256_manifest"": ""3b0ca74600905a34d807c5e518b0dadc62763cec203734119b92f816134d3365"", ""rendered_sha256_observed"": ""d30baa041727819a706dda1a1c7d83d1b1a9f793d60effda5619c67517789e59""}, ""049|7|mirror"": {""image_sha256"": ""c03e06da1762c4b589c163595a86622c9396bc9173a5e52a948d6e56e131a9d7"", ""key"": ""3MIDD_048_p07__mirror"", ""rendered_hash_matches_manifest"": false, ""rendered_sha256_manifest"": ""f2fdf26272a9f966e67d48b002aa73b53a33b56439a1589b0cdbeecdf4aac812"", ""rendered_sha256_observed"": ""3eac954cc77c27f0e1d9a051de97555513645c480fa4423b609d84f2fdd95106""}, ""049|7|original"": {""image_sha256"": ""592326bd04173d519dd91155d024aea283335c9b3a5ee1adbd65bb3e9d7c02ce"", ""key"": ""3MIDD_048_p07__original"", ""rendered_hash_matches_manifest"": false, ""rendered_sha256_manifest"": ""6b00971f871a2480de03ca9d75d0751c7f7e9115afc377274dd7008d8601e29d"", ""rendered_sha256_observed"": ""a1533a72b12334608bdd552fd9fdde7e0de37004e56302e573e67105b3170f6d""}, ""049|8|mirror"": {""image_sha256"": ""4d409fd7f2e7211c67e53cdd47291c912a592855a96c10591f9fdaae00cf5274"", ""key"": ""3MIDD_048_p08__mirror"", ""rendered_hash_matches_manifest"": false, ""rendered_sha256_manifest"": ""6a43378923a6dc92ab9cb3e3261a4542cfedfa7aba0b678402c61b2b69de1bc1"", ""rendered_sha256_observed"": ""43d088d06bcd7c7d1d53535e17aed0a31e2658e85c5ef0bb2e1fc890de1dc2e1""}, ""049|8|original"": {""image_sha256"": ""9e489be2590f66c123eda42b3a8cf2dc16cab61a6c788e25436002ff33c3bf23"", ""key"": ""3MIDD_048_p08__original"", ""rendered_hash_matches_manifest"": false, ""rendered_sha256_manifest"": ""6df1617532c48b9961f28429fa2794c14533f613d1038278b8c1e5fbcfafa811"", ""rendered_sha256_observed"": ""b9a1cdcdb78d434af31b70623c801c8cf4d64eb31eb82f3818b5206211b20888""}, ""049|9|mirror"": {""image_sha256"": ""590d24d23f57640236e3456066c73c937f94c7aa27318cee3bab578718eb3c72"", ""key"": ""3MIDD_048_p09__mirror"", ""rendered_hash_matches_manifest"": false, ""rendered_sha256_manifest"": ""fffbf428c90dc1a574d44ec590f3025fcb0e6946e6ade239ee2103066e332ffd"", ""rendered_sha256_observed"": ""977daf24eab5d7697a7724086f4ba65c6b79e74eea9e756a3fb89d5ac6915d6b""}, ""049|9|original"": {""image_sha256"": ""b099e4e04c23584b7e1103c4fb6faca25787a2d443f977fd37e962592c6ee560"", ""key"": ""3MIDD_048_p09__original"", ""rendered_hash_matches_manifest"": false, ""rendered_sha256_manifest"": ""f6000bef78eeb2eee55b544e2e92dc4b5f4817718c94242e364664c682512599"", ""rendered_sha256_observed"": ""1ec8d847e014b9317edfe33d2542e6679dc82482fc277dbf482863bfaef62c3f""}}"
rendered_hash_manifest_match_count,0
rendered_hash_note,Image hashes match canonical manifest. Rendered hashes record both observed BoxEye bytes and manifest values; manifest byte serialization provenance is undocumented and current values do not match.
model_checkpoint_qa_sha256,4a55185ea411eb8d22938a693fc1e4e62af90bc0d866d5570d0bc080514fc2ef
current_shape_qa_sha256,ba64aa33e0b6ef10156051c243e2b08689dd87fffae135e3f9a0292350bde4ff
wall_seconds_total_including_QA,1759.2359916659989
peak_rss_bytes_process,2861137920
official50_work_disk_bytes,17744231
output_sha256_excluding_manifest,"{""on_off_model_phase_metrics.csv"": ""c2153e8566f7da896e9bbb7d53c4bff4de5c9ef66309e6cc6792d3aa95aa0195"", ""on_off_source_contributions.csv"": ""34e9a37cbdbb01c0fbe533db01f302e926f2beba26f3ca6c82f37f48b8765114"", ""on_off_vs_decoded_flow.csv"": ""502861113afde28153c86b28881a5a18f60815d0a789d424ddeacbec3d579e0c""}"
checks,"{""all_eight_targets"": true, ""analysis_frames_10_49"": true, ""conditions_2"": true, ""dt_0.02"": true, ""exact_decoded_join_600"": true, ""fade_1s"": true, ""finite"": true, ""integrations_1200"": true, ""metrics_600"": true, ""models_50"": true, ""no_cohort_or_phase_selection"": true, ""no_fitted_weights"": true, ""no_sign_flip"": true, ""phases_12"": true, ""source_rows_38400"": true, ""unique"": true}"
statistical_analysis_seconds,26.503371041995706
post_analysis_output_sha256,"{""data/precomputed/supplementary/biological_constraints/D1/on_off_model_phase_metrics.csv"": ""c2153e8566f7da896e9bbb7d53c4bff4de5c9ef66309e6cc6792d3aa95aa0195"", ""data/precomputed/supplementary/biological_constraints/D1/on_off_model_summary.csv"": ""8e8962d7beb26a802859a0c893800a32f1247ba80fda091ea67d4e8f4c2cfc4c"", ""data/precomputed/supplementary/biological_constraints/D1/on_off_phase_summary.csv"": ""e4f7eb217cdc49a853749a49eec342d4cbfcfe834002ace01f3df8698809ea6e"", ""data/precomputed/supplementary/biological_constraints/D1/on_off_primary_stats.csv"": ""03bbacb2e37441d2064a95fcee4f67f89f5391af36994c714d0bfaecde323e02"", ""data/precomputed/supplementary/biological_constraints/D1/on_off_secondary_stats.csv"": ""8305c5dd66fadaa8f4e65b412f32f767a5b21f5292bbe02334438bae4ecd8319"", ""data/precomputed/supplementary/biological_constraints/D1/on_off_source_contributions.csv"": ""34e9a37cbdbb01c0fbe533db01f302e926f2beba26f3ca6c82f37f48b8765114"", ""data/precomputed/supplementary/biological_constraints/D1/on_off_stage_exploratory.csv"": ""3ac3707a354a469b5bd5b8ead0979f452b6627c664ce699bc668d17ef34e33fa"", ""data/precomputed/supplementary/biological_constraints/D1/on_off_vs_decoded_flow.csv"": ""502861113afde28153c86b28881a5a18f60815d0a789d424ddeacbec3d579e0c"", ""manuscript/review/archive/addon_figures/D1/fig_D1_on_off_paired.pdf"": ""cf5c99226b7600b3f0fce5fd9bcdda5516a799b4fe2618c863d2fe5b42ccd9d3"", ""manuscript/review/archive/addon_figures/D1/fig_D1_on_off_paired.png"": ""5fd23c40f6782856c87bbd4b021d1013601c30ed8afe6744848933dd697d330f"", ""manuscript/review/archive/addon_figures/D1/fig_D2_imbalance_vs_decoded_A.pdf"": ""c60bf2287dce396388a58e30994e2455bcf5ee59883a005a18fbca387dba466f"", ""manuscript/review/archive/addon_figures/D1/fig_D2_imbalance_vs_decoded_A.png"": ""07aa4ed8cae35a1f7bdcdc194d6b138626f268b0b5db6f1928ae88d90b1919a3"", ""manuscript/review/archive/addon_figures/D1/fig_D3_sign_concordance.pdf"": ""800dda2e9e37cec24b8aa039e024e1188ab54fc21a4b8fa27346192937378a3b"", ""manuscript/review/archive/addon_figures/D1/fig_D3_sign_concordance.png"": ""a438f0169038a28f88a365efa73e27320daea29b4d5a890bfd9fa46e31e31344"", ""manuscript/review/archive/addon_figures/D1/fig_D4_phase_dependence.pdf"": ""79600e53f52a475ac45119eac724ae7c99c7c16294e1345e071d5999fd6f0758"", ""manuscript/review/archive/addon_figures/D1/fig_D4_phase_dependence.png"": ""5a26d2dddfeecb747e7618a6bc4c59d64c67329ec9487de23d420e599c068df1"", ""manuscript/review/archive/addon_figures/D1/fig_D5_exploratory_stages.pdf"": ""985a941236614178654143e8c1a6b13594f990fc5891a25d2077e75277d05a62"", ""manuscript/review/archive/addon_figures/D1/fig_D5_exploratory_stages.png"": ""464b26847bd555970089732a2e378b3d248b328de59f712cc5ac97650845c9e3""}"
statistics_script_sha256,403130b18945eac99ecd3b6d87594cb882683d623afbed86005cfc19abbacbcb
sensitivity_leave_one_model_out,Spearman rho range 0.015204 to 0.123980; positive in 50/50 omissions
complete_output_and_code_sha256,"{""data/precomputed/supplementary/biological_constraints/D1/analyze_official50.py"": ""403130b18945eac99ecd3b6d87594cb882683d623afbed86005cfc19abbacbcb"", ""data/precomputed/supplementary/biological_constraints/D1/on_off_model_phase_metrics.csv"": ""c2153e8566f7da896e9bbb7d53c4bff4de5c9ef66309e6cc6792d3aa95aa0195"", ""data/precomputed/supplementary/biological_constraints/D1/on_off_model_summary.csv"": ""8e8962d7beb26a802859a0c893800a32f1247ba80fda091ea67d4e8f4c2cfc4c"", ""data/precomputed/supplementary/biological_constraints/D1/on_off_phase_summary.csv"": ""e4f7eb217cdc49a853749a49eec342d4cbfcfe834002ace01f3df8698809ea6e"", ""data/precomputed/supplementary/biological_constraints/D1/on_off_primary_stats.csv"": ""03bbacb2e37441d2064a95fcee4f67f89f5391af36994c714d0bfaecde323e02"", ""data/precomputed/supplementary/biological_constraints/D1/on_off_results.md"": ""148bf35d0a338537d6e49b12e313601454f11a69266909396ef92bd7f9e3150b"", ""data/precomputed/supplementary/biological_constraints/D1/on_off_secondary_stats.csv"": ""8305c5dd66fadaa8f4e65b412f32f767a5b21f5292bbe02334438bae4ecd8319"", ""data/precomputed/supplementary/biological_constraints/D1/on_off_sensitivity_stats.csv"": ""3372a9be5dbe44c986ca4085e54b0cdc372c20ce576e98ec4ea6be53bb18747a"", ""data/precomputed/supplementary/biological_constraints/D1/on_off_source_contributions.csv"": ""34e9a37cbdbb01c0fbe533db01f302e926f2beba26f3ca6c82f37f48b8765114"", ""data/precomputed/supplementary/biological_constraints/D1/on_off_stage_exploratory.csv"": ""3ac3707a354a469b5bd5b8ead0979f452b6627c664ce699bc668d17ef34e33fa"", ""data/precomputed/supplementary/biological_constraints/D1/on_off_vs_decoded_flow.csv"": ""502861113afde28153c86b28881a5a18f60815d0a789d424ddeacbec3d579e0c"", ""data/precomputed/supplementary/biological_constraints/D1/run_official50.py"": ""57738619d77d5eed2ec64587f750e6bf69fd406165aec6cb19cf58c0c3a9c94c"", ""manuscript/review/archive/addon_figures/D1/fig_D1_on_off_paired.pdf"": ""cf5c99226b7600b3f0fce5fd9bcdda5516a799b4fe2618c863d2fe5b42ccd9d3"", ""manuscript/review/archive/addon_figures/D1/fig_D1_on_off_paired.png"": ""5fd23c40f6782856c87bbd4b021d1013601c30ed8afe6744848933dd697d330f"", ""manuscript/review/archive/addon_figures/D1/fig_D2_imbalance_vs_decoded_A.pdf"": ""c60bf2287dce396388a58e30994e2455bcf5ee59883a005a18fbca387dba466f"", ""manuscript/review/archive/addon_figures/D1/fig_D2_imbalance_vs_decoded_A.png"": ""07aa4ed8cae35a1f7bdcdc194d6b138626f268b0b5db6f1928ae88d90b1919a3"", ""manuscript/review/archive/addon_figures/D1/fig_D3_sign_concordance.pdf"": ""800dda2e9e37cec24b8aa039e024e1188ab54fc21a4b8fa27346192937378a3b"", ""manuscript/review/archive/addon_figures/D1/fig_D3_sign_concordance.png"": ""a438f0169038a28f88a365efa73e27320daea29b4d5a890bfd9fa46e31e31344"", ""manuscript/review/archive/addon_figures/D1/fig_D4_phase_dependence.pdf"": ""79600e53f52a475ac45119eac724ae7c99c7c16294e1345e071d5999fd6f0758"", ""manuscript/review/archive/addon_figures/D1/fig_D4_phase_dependence.png"": ""5a26d2dddfeecb747e7618a6bc4c59d64c67329ec9487de23d420e599c068df1"", ""manuscript/review/archive/addon_figures/D1/fig_D5_exploratory_stages.pdf"": ""985a941236614178654143e8c1a6b13594f990fc5891a25d2077e75277d05a62"", ""manuscript/review/archive/addon_figures/D1/fig_D5_exploratory_stages.png"": ""464b26847bd555970089732a2e378b3d248b328de59f712cc5ac97650845c9e3"", ""manuscript/review/archive/addon_source_notebooks/D1_on_off_pathway_imbalance_official50.ipynb"": ""14669b675f3285b1bfc2ee79a4b338905e368c2d9487b4631a72dec91e797107""}"
analysis_decision,D1_INCONCLUSIVE
decision_rationale,"Primary P2 rho is near zero, but the bootstrap interval remains broad and includes moderate association magnitudes; evidence does not support NO_SUPPORT or MECHANISTIC_SIGNAL."
D2_recommendation,"NO; prespecified primary imbalance does not show a reproducible association with decoded A, and D1 is inconclusive."
graphical_interpretation_level,LEVEL 0 for the prespecified ON/OFF imbalance; secondary OFF_A association remains a secondary observation and does not support stronger mechanistic wording.
results_report_sha256,148bf35d0a338537d6e49b12e313601454f11a69266909396ef92bd7f9e3150b
unsaved_retried_attempts,"1; model 000, phase 0, Original; inference returned but save gate aborted before recording; successful unique integration was rerun and counted once."
successful_inference_wall_seconds,1759.2359916659989
approx_total_wall_seconds_including_aborted_gate_attempts,~2407 seconds (from first preflight to completion; successful run duration recorded separately).
