model_id,condition,intervention,mean_flow_magnitude,mean_signed_tangent,mean_abs_tangent,signed_tangent_ratio,rotation_coherence,mean_signed_radial,annulus_positions,annulus_receptors,mean_u
0,Static,noop,0.27565803266442074,-0.10764908520508572,0.1399926279007511,-0.3905167724103112,0.7689625290940635,0.17828965445485706,698,698,-0.07631536573171616
0,Static,T4a,0.38746450154465156,-0.0999790130939756,0.18961804754567538,-0.25803399458635046,0.5272652808530399,0.17425031060481588,698,698,-0.008539502508938313
0,Static,T4b,0.5003207963619114,-0.024984101244491873,0.3047977893153274,-0.04993616380962786,0.0819694306202617,0.16087032447268318,698,698,-0.40087631344795227
0,Static,T4,1.6164346606701883,0.14975500978852085,0.9965798262669067,0.09264526023367446,0.1502689557237867,0.386532382366149,698,698,-0.743651270866394
0,Static,T4_T5,1.3546454689357554,-0.021477897691248565,0.8037915944882009,-0.01585499540933183,0.026720729401163008,0.611023303536199,698,698,-0.49389588832855225
0,Static,sham,0.2698573605919597,-0.08502517477462411,0.13796667845636795,-0.31507450672500725,0.6162732605142289,0.14498362883961935,698,698,-0.15320788323879242
0,Static,all_input,0.1483967597803393,0.03246942090360955,0.0756296486313169,0.21880141420656096,0.4293213242585995,0.08494086301631622,698,698,-0.09268361330032349
0,CW,noop,10.784526177358863,9.815791055093802,9.960089516913264,0.9101736037046456,0.9855123328385325,1.365291607975572,698,698,0.44599321484565735
0,CW,T4a,10.126642218105024,8.102660160126105,8.523523270214369,0.8001329547951914,0.95062334005012,1.4504278203945487,698,698,3.169957160949707
0,CW,T4b,11.22711534330016,7.9224503519225475,9.24172104139441,0.7056532430345352,0.8572483757556907,1.789472373516428,698,698,-3.540715456008911
0,CW,T4,8.688635011903871,6.609140902082969,7.221970584444754,0.7606650403691846,0.9151437027891328,1.6090937070852454,698,698,-1.281635046005249
0,CW,T4_T5,5.594470328888404,4.031018671789759,4.333544553037748,0.7205362500493777,0.9301897378588337,0.5503866679654646,698,698,1.2221620082855225
0,CW,sham,9.932143081574761,8.967919035321039,9.116607769498028,0.9029188324881801,0.983690344266596,1.2495870739093478,698,698,-0.06583990156650543
0,CW,all_input,0.1483967597803393,0.03246942090360955,0.0756296486313169,0.21880141420656096,0.4293213242585995,0.08494086301631622,698,698,-0.09268361330032349
0,CCW,noop,10.639570911409063,-9.696330350261062,9.76640105600886,-0.9113459960930811,0.9928253298890807,-0.1898451972343342,698,698,0.03298477083444595
0,CCW,T4a,10.1111055161914,-8.265907681446992,8.604373091323888,-0.8175078054729422,0.9606635595313523,-0.430680275060657,698,698,2.759340524673462
0,CCW,T4b,10.844827977919653,-7.897751718459171,8.839176184445854,-0.7282505296109072,0.8934940942071851,-0.8146541197220627,698,698,-3.7628188133239746
0,CCW,T4,8.479799047767989,-6.616746932515562,7.069857406602301,-0.7802952517202857,0.935909531405316,-0.18356653141518356,698,698,-1.3578399419784546
0,CCW,T4_T5,5.345281947646818,-3.9811320090399516,4.220748013762093,-0.7447936419504656,0.9432290191357423,0.5141731206336703,698,698,1.1415398120880127
0,CCW,sham,9.796503911666143,-8.8452521786098,8.936095790008466,-0.9028988564049316,0.9898340826314508,-0.09896358644005745,698,698,-0.41788753867149353
0,CCW,all_input,0.1483967597803393,0.03246942090360955,0.0756296486313169,0.21880141420656096,0.4293213242585995,0.08494086301631622,698,698,-0.09268361330032349
0,Right,noop,1.032540123609378,0.06797421359890542,0.7434429564030254,0.06583203116726614,0.09143164652172203,0.16100204571877313,698,698,0.46370819211006165
0,Right,T4a,1.2875104850058905,0.032403343790028453,0.8798863508759082,0.025167440706224776,0.03682673763239038,0.29259332837332713,698,698,0.3928474485874176
0,Right,T4b,1.0819977458288565,0.08202803715476063,0.7557253787966915,0.07581165253900196,0.10854212317888581,0.19255592436795682,698,698,0.40286242961883545
0,Right,T4,2.72160423149942,-0.13186164578576512,1.7050821299561136,-0.048449970888352956,0.07733448346512144,0.848435643760578,698,698,0.6263583898544312
0,Right,T4_T5,1.9904675749016347,0.06653700374809388,1.264542530453668,0.03342782599780959,0.052617450299772064,0.5293718643260938,698,698,0.5991795659065247
0,Right,sham,0.8039738956584503,0.019071999816023005,0.5683608935027832,0.023722163019239746,0.03355614370032236,0.1833216810505352,698,698,0.2252717763185501
0,Right,all_input,0.1483967597803393,0.03246942090360955,0.0756296486313169,0.21880141420656096,0.4293213242585995,0.08494086301631622,698,698,-0.09268361330032349
0,Left,noop,1.2739727158614993,-0.014837214052170209,0.9463749009578285,-0.011646414297135737,0.015677945428554187,0.2264288465070543,698,698,-1.200438141822815
0,Left,T4a,0.5334471533408346,-0.020593127892094713,0.29731554628208334,-0.03860387624739498,0.06926354221839655,0.14195615147643706,698,698,-0.3990527391433716
0,Left,T4b,1.344536812267575,0.02304097366927883,0.9696521003367834,0.017136736948406787,0.02376210360527879,0.2534652599924183,698,698,-1.3101353645324707
0,Left,T4,1.1870663553410528,-0.2111922830862065,0.538134447540741,-0.1779111017138797,0.3924526371640938,0.585540421512255,698,698,-1.0005009174346924
0,Left,T4_T5,1.0661451510657336,-0.16312136708730893,0.5054807473046502,-0.1530010870698521,0.3227054006648381,0.6048841693250337,698,698,-0.924095630645752
0,Left,sham,1.233987668795099,-0.02250291733963881,0.9155106345112575,-0.018235933720157273,0.024579635114399215,0.21714908910081906,698,698,-1.160156011581421
0,Left,all_input,0.1483967597803393,0.03246942090360955,0.0756296486313169,0.21880141420656096,0.4293213242585995,0.08494086301631622,698,698,-0.09268361330032349
0,MIDD_0_original,noop,0.22280068576952272,-0.010027326787409271,0.13018825195799036,-0.04500581653407516,0.07702174840357275,0.02976286206788678,698,698,-0.13040001690387726
0,MIDD_0_original,T4a,0.23366241104553903,0.0008140187953876308,0.18922026419435678,0.0034837387483303197,0.004301964162524976,0.04379134912257429,698,698,0.12051455676555634
0,MIDD_0_original,T4b,0.4660103079823546,-0.012455960816847623,0.2919033379932342,-0.026728938402193595,0.04267152579507785,0.05146155775743035,698,698,-0.38613876700401306
0,MIDD_0_original,T4,0.8854408686777402,0.03068421003714401,0.3813819726490361,0.03465416056858298,0.08045532363266925,0.4472354979996624,698,698,-0.33138322830200195
0,MIDD_0_original,T4_T5,0.5767444428357631,0.09906851217639494,0.26944025705284796,0.17177194060039905,0.3676826665028146,0.3325194542286303,698,698,0.06468427181243896
0,MIDD_0_original,sham,0.21354654819200622,-0.00995158471467543,0.12034247414019683,-0.04660147775241797,0.08269386836007718,0.029408766729393698,698,698,-0.14150339365005493
0,MIDD_0_original,all_input,0.1483967597803393,0.03246942090360955,0.0756296486313169,0.21880141420656096,0.4293213242585995,0.08494086301631622,698,698,-0.09268361330032349
0,MIDD_0_mirror,noop,0.21366752421735516,-0.0009333223724119546,0.12350191676325646,-0.004368105896441821,0.0075571488837785465,0.0433746962189317,698,698,-0.12239183485507965
0,MIDD_0_mirror,T4a,0.23181296268075713,0.010024978305689375,0.1880312411385817,0.04324597809267183,0.05331549292014099,0.05335976735904,698,698,0.11817317456007004
0,MIDD_0_mirror,T4b,0.4543800936121436,-0.0016350867086291692,0.2787464551377518,-0.0035984998718382906,0.0058658565104303725,0.07236883136889614,698,698,-0.37212586402893066
0,MIDD_0_mirror,T4,0.8764314250027571,0.01928751796805472,0.370409519449121,0.022006876314360872,0.05207079449993464,0.4680740723947695,698,698,-0.31396061182022095
0,MIDD_0_mirror,T4_T5,0.5845511399954716,0.1020952537684357,0.28040645781622664,0.17465581158429802,0.36409736980931834,0.3347149827878593,698,698,0.0792224258184433
0,MIDD_0_mirror,sham,0.2040483252718886,-0.00250685804113941,0.1131241283954915,-0.012285609488826201,0.022160241821932297,0.04158933956277226,698,698,-0.13361206650733948
0,MIDD_0_mirror,all_input,0.1483967597803393,0.03246942090360955,0.0756296486313169,0.21880141420656096,0.4293213242585995,0.08494086301631622,698,698,-0.09268361330032349
0,MIDD_48_original,noop,0.1956735994067523,-0.0015141818781658819,0.11380430727557501,-0.007738304414885877,0.013305136812610427,0.02757615588342607,698,698,-0.10685841739177704
0,MIDD_48_original,T4a,0.21222942318590177,0.0027384859334389413,0.17440548568216618,0.01290342259018521,0.015701833705102114,0.035276709518880074,698,698,0.11398477852344513
0,MIDD_48_original,T4b,0.40166201648270883,-0.0018131236914756003,0.25453468877806446,-0.004514053151833573,0.007123287203719847,0.04257827181373409,698,698,-0.33033761382102966
0,MIDD_48_original,T4,0.6287089489322578,0.011601902810613464,0.28530321803557035,0.018453535344640924,0.04066516631146793,0.2998274527447432,698,698,-0.2465258687734604
0,MIDD_48_original,T4_T5,0.4110922098506235,0.07990583625781301,0.19551856273244853,0.19437448422301165,0.4086867003372858,0.23586027769443257,698,698,0.045814745128154755
0,MIDD_48_original,sham,0.19004824231920364,-0.001957466509943196,0.10768046766509339,-0.010299840114571801,0.01817847333307733,0.027612598931886497,698,698,-0.11510789394378662
0,MIDD_48_original,all_input,0.1483967597803393,0.03246942090360955,0.0756296486313169,0.21880141420656096,0.4293213242585995,0.08494086301631622,698,698,-0.09268361330032349
0,MIDD_48_mirror,noop,0.18390070237091935,0.0022100101374480526,0.10663066790800027,0.012017409987867054,0.02072583976830028,0.0473011557328338,698,698,-0.1051860898733139
0,MIDD_48_mirror,T4a,0.2041872466990474,0.006538723891567416,0.16686481780964935,0.032023174793109746,0.039185755136391005,0.047184237788740445,698,698,0.11250585317611694
0,MIDD_48_mirror,T4b,0.3873097117450705,0.008490658995538932,0.24125105884648176,0.02192214328239601,0.03519428696452643,0.061551662550457874,698,698,-0.32099297642707825
0,MIDD_48_mirror,T4,0.6267715796381959,0.03801407163743073,0.28722954110514337,0.06065059883438615,0.1323473605506172,0.3184919379303421,698,698,-0.21900491416454315
0,MIDD_48_mirror,T4_T5,0.4138980086439532,0.08270439635640628,0.19804776952199618,0.1998182997482139,0.41759822166147,0.24322825384008376,698,698,0.05691021680831909
0,MIDD_48_mirror,sham,0.17923084100606662,0.0011477954924658607,0.10170177254758525,0.006404006620863928,0.011285894667458413,0.045647662938573356,698,698,-0.11302483826875687
0,MIDD_48_mirror,all_input,0.1483967597803393,0.03246942090360955,0.0756296486313169,0.21880141420656096,0.4293213242585995,0.08494086301631622,698,698,-0.09268361330032349
0,MIDD_85_original,noop,0.1771631120320832,0.0053243890094985145,0.10217827849647666,0.03005359833899451,0.052108814983432235,0.02537083606304243,698,698,-0.08944907039403915
0,MIDD_85_original,T4a,0.20368816454654579,0.004988775653634579,0.16909654826600723,0.024492221552198087,0.029502528021959934,0.02875772071294162,698,698,0.11531868577003479
0,MIDD_85_original,T4b,0.35939724150104113,0.00579543417405602,0.2282306024861673,0.016125427534866683,0.025392888205722858,0.036454818294046516,698,698,-0.2922550141811371
0,MIDD_85_original,T4,0.5040495501868769,0.000300619158677888,0.24787311901671072,0.000596407949508998,0.0012127945130573894,0.21983770202391179,698,698,-0.18914267420768738
0,MIDD_85_original,T4_T5,0.33370430813537233,0.06999152617105446,0.1640339640727744,0.20974115246561728,0.4266892321153832,0.1869733588854725,698,698,0.054781217128038406
0,MIDD_85_original,sham,0.17374563493262946,0.004702306112061158,0.09838186847838046,0.027064312227956088,0.047796470882177804,0.025603203177364302,698,698,-0.09506426751613617
0,MIDD_85_original,all_input,0.1483967597803393,0.03246942090360955,0.0756296486313169,0.21880141420656096,0.4293213242585995,0.08494086301631622,698,698,-0.09268361330032349
0,MIDD_85_mirror,noop,0.15903054027323055,0.0020101940927925725,0.09348521850317373,0.012640302229614864,0.021502801458653364,0.042162395560100305,698,698,-0.08379136770963669
0,MIDD_85_mirror,T4a,0.1916014711458061,0.005247453474724257,0.15766258375533515,0.027387333945526005,0.033282807814867414,0.03723286675091475,698,698,0.11547144502401352
0,MIDD_85_mirror,T4b,0.33541962492347605,0.009440360419123809,0.21186861509032226,0.02814492569204193,0.04455761612025105,0.0506682874364817,698,698,-0.27807608246803284
0,MIDD_85_mirror,T4,0.502451789156399,0.042275636537627205,0.2525339220025102,0.08413869240789587,0.16740577345964233,0.23413579011807845,698,698,-0.15607847273349762
0,MIDD_85_mirror,T4_T5,0.3309743489290696,0.07426352855280932,0.1615509078605509,0.22437850181774838,0.45969118673670867,0.19223955936096132,698,698,0.06388062238693237
0,MIDD_85_mirror,sham,0.1567533140688837,0.0015260327937334619,0.09091827513276364,0.009735250592933951,0.016784665035770516,0.04129557081179576,698,698,-0.08900859951972961
0,MIDD_85_mirror,all_input,0.1483967597803393,0.03246942090360955,0.0756296486313169,0.21880141420656096,0.4293213242585995,0.08494086301631622,698,698,-0.09268361330032349
0,MIDD_128_original,noop,0.15846766525022526,0.016493103919424185,0.09006084998408684,0.10407867051856334,0.18313289206506944,0.02426757530269094,698,698,-0.07447881251573563
0,MIDD_128_original,T4a,0.19358832658410788,0.01065297402546121,0.16099864160982985,0.05502901034083187,0.06616809880469691,0.02042267804203512,698,698,0.11972635239362717
0,MIDD_128_original,T4b,0.31805607729490015,0.015674735953959636,0.20348933107987258,0.049282931762458015,0.07702976795283223,0.03111263433259245,698,698,-0.26061853766441345
0,MIDD_128_original,T4,0.40784864804961757,0.0028063930282401337,0.22625214661253462,0.006880966852926081,0.012403829401213099,0.1518162248846348,698,698,-0.1268274188041687
0,MIDD_128_original,T4_T5,0.27731717701260694,0.061606078433127216,0.14389376536638607,0.22215024361915592,0.4281358422740847,0.1495200324526581,698,698,0.07931648194789886
0,MIDD_128_original,sham,0.15727210510543999,0.016110062712297857,0.0888809014804385,0.10243432998812589,0.18125449274210462,0.02451544846174722,698,698,-0.07655055820941925
0,MIDD_128_original,all_input,0.1483967597803393,0.03246942090360955,0.0756296486313169,0.21880141420656096,0.4293213242585995,0.08494086301631622,698,698,-0.09268361330032349
0,MIDD_128_mirror,noop,0.14098136362537972,0.001995860207864742,0.08290847061908176,0.014156908094379103,0.024073055418361387,0.03542974619091753,698,698,-0.06357087194919586
0,MIDD_128_mirror,T4a,0.18311293024258007,0.005080398672677892,0.15142394175459464,0.02774462003282674,0.033550828315587276,0.023504376289216634,698,698,0.11981090158224106
0,MIDD_128_mirror,T4b,0.2890450628100546,0.006227012719271828,0.18379929760816843,0.021543397623656688,0.03387941521162313,0.039529638810400024,698,698,-0.23982064425945282
0,MIDD_128_mirror,T4,0.40805676517642714,0.031961059119190637,0.23306047317007905,0.07832503182583427,0.13713633497974845,0.1604906540457347,698,698,-0.09801006317138672
0,MIDD_128_mirror,T4_T5,0.2694167702147432,0.06101342733511911,0.13771383750481866,0.2264648458464086,0.44304500143628794,0.14970170918090195,698,698,0.08498557657003403
0,MIDD_128_mirror,sham,0.14027906378004,0.0017623355794066388,0.08212470866925231,0.012563069155993312,0.021459261262091533,0.035174518224051834,698,698,-0.06536491960287094
0,MIDD_128_mirror,all_input,0.1483967597803393,0.03246942090360955,0.0756296486313169,0.21880141420656096,0.4293213242585995,0.08494086301631622,698,698,-0.09268361330032349
0,MIDD_170_original,noop,0.1460374016271785,0.020019418540865166,0.08219909928577197,0.1370841874602309,0.24354790642250226,0.022817041356549966,698,698,-0.0646616518497467
0,MIDD_170_original,T4a,0.1860551183258839,0.013281529901130929,0.15650757538216817,0.07138492088063782,0.08486189801803147,0.010857635599201365,698,698,0.12711597979068756
0,MIDD_170_original,T4b,0.2929526419086047,0.017596292302818565,0.18594143037241942,0.060065313588495484,0.0946335212522309,0.025538777613756496,698,698,-0.24371565878391266
0,MIDD_170_original,T4,0.3580709186557973,0.013852421156904902,0.2236859699887029,0.03868625022357879,0.06192798393929002,0.11047252541834134,698,698,-0.08178538084030151
0,MIDD_170_original,T4_T5,0.24916709877138551,0.0515873134700285,0.1360415859111459,0.20703902611701,0.3792025293186614,0.12550236185753752,698,698,0.10186131298542023
0,MIDD_170_original,sham,0.14638243574584223,0.020299901990931228,0.08318613804716704,0.13867717043714936,0.24402986443992702,0.0229497452773003,698,698,-0.06355047225952148
0,MIDD_170_original,all_input,0.1483967597803393,0.03246942090360955,0.0756296486313169,0.21880141420656096,0.4293213242585995,0.08494086301631622,698,698,-0.09268361330032349
0,MIDD_170_mirror,noop,0.1346786462126726,0.006842959313336912,0.08011098950014384,0.05080953444194202,0.0854184844805172,0.02286871274971752,698,698,-0.05237105116248131
0,MIDD_170_mirror,T4a,0.18406813125159774,0.011391056356608436,0.15363966252551886,0.06188500029393089,0.07414137840036215,0.0075381938230584125,698,698,0.12848295271396637
0,MIDD_170_mirror,T4b,0.2719349364211568,0.002749658721969213,0.17273541752441277,0.01011145812361051,0.01591832619723516,0.026650332007255334,698,698,-0.223491370677948
0,MIDD_170_mirror,T4,0.35487043500613896,0.02797671900132991,0.2228603521690185,0.07883643223433345,0.12553475182571824,0.10916138732063754,698,698,-0.06400538980960846
0,MIDD_170_mirror,T4_T5,0.24209612670333483,0.04893064783948133,0.13291276920733067,0.20211247699737495,0.3681410607219717,0.1199636106791504,698,698,0.10154926031827927
0,MIDD_170_mirror,sham,0.13494669793511957,0.0066361861664841135,0.0807966580621694,0.0491763508705837,0.08213441404195042,0.022826172249502473,698,698,-0.05117964744567871
0,MIDD_170_mirror,all_input,0.1483967597803393,0.03246942090360955,0.0756296486313169,0.21880141420656096,0.4293213242585995,0.08494086301631622,698,698,-0.09268361330032349
0,MIDD_207_original,noop,0.14629625575301125,0.017992203977337987,0.08435115818844821,0.12298471949763246,0.21330120846878897,0.018849482912247424,698,698,-0.05729975551366806
0,MIDD_207_original,T4a,0.19172728402685593,0.011943736289427836,0.1632291005776173,0.06229544402117976,0.07317161123330734,0.0009559495614818635,698,698,0.1377589851617813
0,MIDD_207_original,T4b,0.2881114110306596,0.015015077791908886,0.18319479319928758,0.05211552620632247,0.08196236110037694,0.018645153774254367,698,698,-0.23911261558532715
0,MIDD_207_original,T4,0.33181438426341775,0.01725985057581041,0.2212709068166193,0.05201658335013083,0.07800325322530857,0.0806220878549096,698,698,-0.057199716567993164
0,MIDD_207_original,T4_T5,0.2362405303695858,0.04472691871313398,0.13673357783046378,0.18932787969600764,0.32710998587772616,0.10661070376446687,698,698,0.1142488643527031
0,MIDD_207_original,sham,0.1476285239171018,0.018439889900250736,0.08655339801471917,0.1249073648572503,0.21304640052508245,0.01884596424779622,698,698,-0.05424907058477402
0,MIDD_207_original,all_input,0.1483967597803393,0.03246942090360955,0.0756296486313169,0.21880141420656096,0.4293213242585995,0.08494086301631622,698,698,-0.09268361330032349
0,MIDD_207_mirror,noop,0.1422169020585192,0.008342394657634129,0.08415600907427284,0.058659656741794394,0.09913011262536765,0.010724936932537796,698,698,-0.052775245159864426
0,MIDD_207_mirror,T4a,0.1929228299314754,0.011812540776102016,0.16181954896674808,0.06122935673449189,0.07299823075473623,-0.006737602840992065,698,698,0.13876233994960785
0,MIDD_207_mirror,T4b,0.2792214499220224,0.0012038248950228016,0.17835494871058866,0.00431136252375665,0.006749601868217365,0.01198495551648247,698,698,-0.23113194108009338
0,MIDD_207_mirror,T4,0.3234108930272035,0.020212535344316288,0.21566623791685693,0.06249800418013788,0.09372137029676647,0.06727544308860349,698,698,-0.049106936901807785
0,MIDD_207_mirror,T4_T5,0.22953646417053072,0.041512918893264764,0.13492105905696575,0.18085544291744146,0.3076830198593192,0.0983335108107504,698,698,0.11040368676185608
0,MIDD_207_mirror,sham,0.14334441241301124,0.008381018349366704,0.08603671026959335,0.05846770172819075,0.0974121200485821,0.010531189606145793,698,698,-0.04959367960691452
0,MIDD_207_mirror,all_input,0.1483967597803393,0.03246942090360955,0.0756296486313169,0.21880141420656096,0.4293213242585995,0.08494086301631622,698,698,-0.09268361330032349
0,MIDD_255_original,noop,0.1520351535108869,0.009829759285719115,0.08942913343978046,0.06465451613475189,0.10991674533375918,0.0029266145907325867,698,698,-0.05364451929926872
0,MIDD_255_original,T4a,0.19850266695769306,0.007523432708508311,0.16788576171080652,0.03790091500439026,0.04481280980496657,-0.018079856687543062,698,698,0.14656175673007965
0,MIDD_255_original,T4b,0.290555797883332,0.004204456689565311,0.18745840826477733,0.01447039336400901,0.02242874421309866,-0.0010029268571324838,698,698,-0.24030132591724396
0,MIDD_255_original,T4,0.293240131013067,0.01402803332008474,0.20544813571919623,0.04783804069252595,0.06828016847647655,0.02458238043506935,698,698,-0.03854239732027054
0,MIDD_255_original,T4_T5,0.20769682848780516,0.03590249800011408,0.12758809478442668,0.17286011664940798,0.28139379352576016,0.0746452128624409,698,698,0.10706385970115662
0,MIDD_255_original,sham,0.15415665887370547,0.01009666707509502,0.09253521678601961,0.0654961462505932,0.10911161637458273,0.002527810918774168,698,698,-0.04927521198987961
0,MIDD_255_original,all_input,0.1483967597803393,0.03246942090360955,0.0756296486313169,0.21880141420656096,0.4293213242585995,0.08494086301631622,698,698,-0.09268361330032349
0,MIDD_255_mirror,noop,0.15283573309034834,0.016392198398660972,0.09160564279195885,0.10725370348418964,0.17894310764117996,-0.007652645633861128,698,698,-0.05798165127635002
0,MIDD_255_mirror,T4a,0.20033525085419526,0.014488083306572943,0.1672264918321168,0.07231919117977606,0.08663748876056027,-0.024471108322956736,698,698,0.1470905989408493
0,MIDD_255_mirror,T4b,0.29381690920596837,0.007480677031960883,0.18936329609864638,0.025460335323032275,0.03950436640088859,-0.010717357249261499,698,698,-0.24479706585407257
0,MIDD_255_mirror,T4,0.2861614092485902,0.026769382612847982,0.19897609735763935,0.09354644528463743,0.13453567020531482,0.01709865763259949,698,698,-0.03880974277853966
0,MIDD_255_mirror,T4_T5,0.20680172763538637,0.03848686276397209,0.1285171340279604,0.18610513173191937,0.2994687288591327,0.07039067327135275,698,698,0.10399957746267319
0,MIDD_255_mirror,sham,0.15467484736571355,0.01682414626854553,0.09430289441411749,0.10877105460312163,0.17840540709879732,-0.008268473055936773,698,698,-0.05352173373103142
0,MIDD_255_mirror,all_input,0.1483967597803393,0.03246942090360955,0.0756296486313169,0.21880141420656096,0.4293213242585995,0.08494086301631622,698,698,-0.09268361330032349
0,Gray,noop,0.1483967597803393,0.03246942090360955,0.0756296486313169,0.21880141420656096,0.4293213242585995,0.08494086301631622,698,698,-0.09268361330032349
0,Gray,T4a,0.1483967597803393,0.03246942090360955,0.0756296486313169,0.21880141420656096,0.4293213242585995,0.08494086301631622,698,698,-0.09268361330032349
0,Gray,T4b,0.1483967597803393,0.03246942090360955,0.0756296486313169,0.21880141420656096,0.4293213242585995,0.08494086301631622,698,698,-0.09268361330032349
0,Gray,T4,0.1483967597803393,0.03246942090360955,0.0756296486313169,0.21880141420656096,0.4293213242585995,0.08494086301631622,698,698,-0.09268361330032349
0,Gray,T4_T5,0.1483967597803393,0.03246942090360955,0.0756296486313169,0.21880141420656096,0.4293213242585995,0.08494086301631622,698,698,-0.09268361330032349
0,Gray,sham,0.1483967597803393,0.03246942090360955,0.0756296486313169,0.21880141420656096,0.4293213242585995,0.08494086301631622,698,698,-0.09268361330032349
0,Gray,all_input,0.1483967597803393,0.03246942090360955,0.0756296486313169,0.21880141420656096,0.4293213242585995,0.08494086301631622,698,698,-0.09268361330032349
1,Static,noop,0.14858020884386275,-0.032124702251387555,0.09081248174861442,-0.21621117981565213,0.3537476526664541,0.0818434070650608,698,698,-0.07237567752599716
1,Static,T4a,0.2705432258430344,-0.019426657821257538,0.1564579857485242,-0.0718061143860561,0.12416533249048797,0.023124447325245386,698,698,0.17849446833133698
1,Static,T4b,0.3182796225262482,-0.026427675120016262,0.19196515754945886,-0.0830328844500147,0.13766912421701996,0.14707387790180754,698,698,-0.2712092697620392
1,Static,T4,0.35094050483249023,0.022736701045613178,0.20562998900823581,0.06478790772944772,0.1105709393618775,0.08224626301355015,698,698,-0.0723319798707962
1,Static,T4_T5,0.265002171808777,0.027746723464869432,0.15085614123128718,0.10470375874840451,0.18392836538440394,0.06283366539014974,698,698,-0.02096313051879406
1,Static,sham,0.14857909760849095,-0.032117701125079445,0.09079873183372185,-0.21616567634372275,0.3537241157056691,0.08186804470654206,698,698,-0.07234938442707062
1,Static,all_input,0.20021850653895587,0.0007948548872521759,0.1304634495126564,0.003969937150128146,0.006092548451089868,0.03602887176129272,698,698,-0.175029456615448
1,CW,noop,11.789883519328717,10.863987513571164,10.879683967559815,0.9214669081132474,0.9985572693071367,1.6608897080663416,698,698,0.6769784688949585
1,CW,T4a,11.530397803896573,8.771200790658073,9.333139836774277,0.760702357354396,0.9397909968195203,1.4164487864071094,698,698,5.023897171020508
1,CW,T4b,11.966524309403797,8.397488165439382,9.46831377810706,0.7017483062178952,0.8869042959746777,1.6454723341187991,698,698,-5.734265327453613
1,CW,T4,8.187833641673926,2.779972045989563,6.381723572750486,0.33952473482610035,0.4356146132464668,0.3773603841116736,698,698,-2.114922285079956
1,CW,T4_T5,4.529228844525061,1.0267484461944298,3.386908396831705,0.22669387691363066,0.30315211570378026,-0.08788712408667441,698,698,-1.6526371240615845
1,CW,sham,12.188050588886822,11.264654010133892,11.279312653896145,0.9242375495557188,0.9987003956524612,1.5405956853898422,698,698,0.8051385879516602
1,CW,all_input,0.20021850653895587,0.0007948548872521759,0.1304634495126564,0.003969937150128146,0.006092548451089868,0.03602887176129272,698,698,-0.175029456615448
1,CCW,noop,11.144929268722205,-10.576016106398649,10.58457633954858,-0.9489531832274443,0.999191254059178,0.44706337378154853,698,698,0.29030662775039673
1,CCW,T4a,10.920634454406455,-8.575157814167776,9.336827944065625,-0.7852252403437711,0.9184230303416957,-0.1228136518808849,698,698,4.488108158111572
1,CCW,T4b,11.366322564254226,-8.417534792742167,9.23898105648186,-0.7405680021095251,0.911089084530227,0.5773024027004187,698,698,-5.366809368133545
1,CCW,T4,7.891530726989621,-2.3864690967316933,6.073266474421228,-0.3024088962322344,0.3929465480862372,1.3784216943668612,698,698,-2.070530652999878
1,CCW,T4_T5,4.484864059397813,-0.6926635851919913,3.3137124862982636,-0.15444472251963776,0.20902947617092857,0.9132911874282359,698,698,-1.7410902976989746
1,CCW,sham,11.471876314522877,-10.911619723050945,10.919958608511752,-0.9511626018175708,0.99923636290578,0.4143019308452861,698,698,0.37581467628479004
1,CCW,all_input,0.20021850653895587,0.0007948548872521759,0.1304634495126564,0.003969937150128146,0.006092548451089868,0.03602887176129272,698,698,-0.175029456615448
1,Right,noop,0.8480746186284933,0.0013050778052838385,0.589661699855467,0.0015388714349150207,0.002213265344525053,0.2241267944919937,698,698,0.6041753888130188
1,Right,T4a,0.9401787409486013,-0.006140624896742674,0.652860467670048,-0.006531337743870956,0.009405723275997332,0.12752838497731048,698,698,0.7054329514503479
1,Right,T4b,0.9633898322580665,-0.0005969355781564672,0.6179794496025621,-0.0006196199691638058,0.0009659472957237838,0.3348244488763134,698,698,0.41031384468078613
1,Right,T4,1.0474459822669626,0.013711264223833336,0.6379102948123428,0.013090187423468245,0.021494031896548787,0.22994582820917356,698,698,0.4996460974216461
1,Right,T4_T5,0.49502811705090893,0.05029711679605114,0.3023506631129047,0.1016045656066816,0.16635358519874996,0.07645738077882626,698,698,0.1840904951095581
1,Right,sham,0.875789603131878,0.00760906056754263,0.6112976317463304,0.008688228931163553,0.012447390881926652,0.23703397855051167,698,698,0.6297883987426758
1,Right,all_input,0.20021850653895587,0.0007948548872521759,0.1304634495126564,0.003969937150128146,0.006092548451089868,0.03602887176129272,698,698,-0.175029456615448
1,Left,noop,0.9105359523024785,0.01771291731150905,0.6342293030510354,0.019453287118117932,0.02792825438102427,0.07839753183708126,698,698,-0.7662032842636108
1,Left,T4a,1.5048137858538164,-0.03540550252051704,1.0099622665296961,-0.02352816199143757,0.03505626268808331,-0.17280166179089526,698,698,0.7673975825309753
1,Left,T4b,1.0461719575067003,6.054629991138656e-05,0.7004825661859286,5.787413768543761e-05,8.643512748797776e-05,0.10419624217538057,698,698,-0.9309102892875671
1,Left,T4,1.0416194059636374,0.10558385159648576,0.5883754303111901,0.10136509649492038,0.1794497971144763,-0.18319749086647702,698,698,0.21036814153194427
1,Left,T4_T5,0.5635100622731937,0.1303175387328627,0.3292215294760771,0.23126035799105896,0.3958354088818248,-0.1483882757194008,698,698,-0.016031723469495773
1,Left,sham,0.9105347266768095,0.0177228625392855,0.6342377283204386,0.019464235706823468,0.02794356397910675,0.07841335899095196,698,698,-0.7662041783332825
1,Left,all_input,0.20021850653895587,0.0007948548872521759,0.1304634495126564,0.003969937150128146,0.006092548451089868,0.03602887176129272,698,698,-0.175029456615448
1,MIDD_0_original,noop,0.14825865771308386,-0.002360796878335851,0.08760080933824993,-0.015923500959414867,0.026949487067182098,0.027750636825587333,698,698,-0.13629648089408875
1,MIDD_0_original,T4a,0.138085211252782,0.0005949574044760067,0.0772805138917842,0.004308625080689226,0.0076986729838407235,0.02542005793938867,698,698,-0.1267317831516266
1,MIDD_0_original,T4b,0.16121102241349555,-0.0038825772627018897,0.09938215727438787,-0.02408382010470312,0.03906714614759608,0.02285340922233913,698,698,-0.1505671590566635
1,MIDD_0_original,T4,0.14652836956569085,-0.002970072843645882,0.09031337015363872,-0.02026960958106037,0.03288630286516019,0.0145657110486156,698,698,-0.13718897104263306
1,MIDD_0_original,T4_T5,0.1497403635076929,-0.005371447248534445,0.09505002971713702,-0.03587173907360314,0.056511789260030094,0.012700631744311155,698,698,-0.13973699510097504
1,MIDD_0_original,sham,0.1482563622860431,-0.002364940728488178,0.08759177372504445,-0.015951698072324914,0.026999575735409367,0.02774521168567612,698,698,-0.13629764318466187
1,MIDD_0_original,all_input,0.20021850653895587,0.0007948548872521759,0.1304634495126564,0.003969937150128146,0.006092548451089868,0.03602887176129272,698,698,-0.175029456615448
1,MIDD_0_mirror,noop,0.14700708902232248,-0.001104717084076513,0.08588392671534338,-0.007514719809932198,0.012862908419849328,0.025403525782019765,698,698,-0.13725031912326813
1,MIDD_0_mirror,T4a,0.13659944611189237,0.0031427462986621506,0.07560490322557879,0.023007020805105173,0.0415680222390509,0.023684467999819554,698,698,-0.1272166222333908
1,MIDD_0_mirror,T4b,0.16127014989432545,-0.002156417354108398,0.09756088404998574,-0.013371459972731599,0.022103298623283776,0.01965028012356276,698,698,-0.15197893977165222
1,MIDD_0_mirror,T4,0.14761849781145414,-0.0020537592662107284,0.09060411965127416,-0.01391261458868044,0.02266739386813132,0.01233253433000678,698,698,-0.13812147080898285
1,MIDD_0_mirror,T4_T5,0.15099370530743916,-0.004587321429479123,0.0953420430487629,-0.03038087859450069,0.04811436049396307,0.011580151166153237,698,698,-0.14059855043888092
1,MIDD_0_mirror,sham,0.1469900983944277,-0.001115756292560031,0.08586791935449498,-0.007590690153605126,0.012993866637827459,0.02540806548757446,698,698,-0.137238547205925
1,MIDD_0_mirror,all_input,0.20021850653895587,0.0007948548872521759,0.1304634495126564,0.003969937150128146,0.006092548451089868,0.03602887176129272,698,698,-0.175029456615448
1,MIDD_48_original,noop,0.1545308711475029,-0.0027467545721348466,0.092147890980476,-0.017774795105587753,0.029808111101716047,0.027138578282724188,698,698,-0.141640767455101
1,MIDD_48_original,T4a,0.1412198417168461,8.686945924786125e-05,0.08026534475387442,0.0006151363589688729,0.0010822785289745865,0.02493354109999566,698,698,-0.12832723557949066
1,MIDD_48_original,T4b,0.17248714894104258,-0.003607674055757204,0.1067148979307251,-0.020915610686975495,0.03380665798039892,0.02073748925338891,698,698,-0.16143760085105896
1,MIDD_48_original,T4,0.1560331762458699,-0.0017255036181255845,0.0966181559678043,-0.011058568822611258,0.01785899969670884,0.010722532540288725,698,698,-0.14562676846981049
1,MIDD_48_original,T4_T5,0.15680626093160735,-0.0038843508868181276,0.09901204922497603,-0.024771656844188937,0.03923109275308576,0.008587846635795619,698,698,-0.14624498784542084
1,MIDD_48_original,sham,0.1545241439596218,-0.0027521868296797344,0.09213414191814813,-0.017810723678229206,0.02987151963845036,0.027132662670091748,698,698,-0.14163799583911896
1,MIDD_48_original,all_input,0.20021850653895587,0.0007948548872521759,0.1304634495126564,0.003969937150128146,0.006092548451089868,0.03602887176129272,698,698,-0.175029456615448
1,MIDD_48_mirror,noop,0.15466093907459388,0.00010975576685822707,0.0909214137036292,0.0007096540827628831,0.0012071498053911813,0.022530991629334012,698,698,-0.14442448318004608
1,MIDD_48_mirror,T4a,0.14166174357825506,0.003756403518514993,0.07957829682469714,0.026516711030313743,0.047203869250807995,0.020220339912475578,698,698,-0.13137653470039368
1,MIDD_48_mirror,T4b,0.17330001524310298,-0.0007636350463314849,0.10493218505262553,-0.0044064338093696516,0.007277414893709753,0.01641376611019669,698,698,-0.16310825943946838
1,MIDD_48_mirror,T4,0.15709638979453683,-0.001597039195808844,0.09699020021134788,-0.010165982795006167,0.01646598514415676,0.008474050937901873,698,698,-0.14640510082244873
1,MIDD_48_mirror,T4_T5,0.15772335107895516,-0.00406830844009769,0.09929423946885388,-0.02579395132215473,0.040972250372830706,0.007749536202397168,698,698,-0.14678868651390076
1,MIDD_48_mirror,sham,0.15464196722830542,9.490290699010233e-05,0.09090083879962088,0.0006136943851082324,0.001044026746544149,0.02253536369239811,698,698,-0.14441199600696564
1,MIDD_48_mirror,all_input,0.20021850653895587,0.0007948548872521759,0.1304634495126564,0.003969937150128146,0.006092548451089868,0.03602887176129272,698,698,-0.175029456615448
1,MIDD_85_original,noop,0.15752533321975126,-0.0016777509046618285,0.09447884553252117,-0.010650673579730376,0.01775795306563435,0.026945529850897494,698,698,-0.14375504851341248
1,MIDD_85_original,T4a,0.14377357045254718,0.0014653650062504057,0.08294297925231495,0.010192172327903986,0.017667137344955057,0.02426917262435829,698,698,-0.12867452204227448
1,MIDD_85_original,T4b,0.17875040954131013,-0.0027445350278404597,0.11074491726850863,-0.015354006935610313,0.02478249201438425,0.018612516890134337,698,698,-0.167429119348526
1,MIDD_85_original,T4,0.162945962461921,-0.00013228100597504204,0.1011998624381538,-0.0008118090437862485,0.0013071263417564706,0.006588358104081536,698,698,-0.1512363702058792
1,MIDD_85_original,T4_T5,0.16140649651657718,-0.0025686240663526957,0.10158995553917607,-0.015914006696061866,0.025284232606659216,0.004755898059167517,698,698,-0.15008777379989624
1,MIDD_85_original,sham,0.15751917186517053,-0.0016872729899934406,0.0944661325227429,-0.01071154050655924,0.017861141818071427,0.026940849210319744,698,698,-0.14375221729278564
1,MIDD_85_original,all_input,0.20021850653895587,0.0007948548872521759,0.1304634495126564,0.003969937150128146,0.006092548451089868,0.03602887176129272,698,698,-0.175029456615448
1,MIDD_85_mirror,noop,0.15810813766842177,0.0003678073674663918,0.0924877293680015,0.0023263025729753587,0.003976823411924352,0.021927815357997982,698,698,-0.14740164577960968
1,MIDD_85_mirror,T4a,0.14442212741939772,0.00481525920852189,0.08124637837140843,0.03334156125908958,0.05926737049754378,0.019057988765470702,698,698,-0.13322028517723083
1,MIDD_85_mirror,T4b,0.1799864072670419,-0.0006042798309269668,0.10819134955827925,-0.003357363703751306,0.005585287857061626,0.014359220739050962,698,698,-0.16932933032512665
1,MIDD_85_mirror,T4,0.16385811620310678,-0.001190621569002386,0.10131870141937771,-0.007266173910644602,0.011751251766188485,0.004789771928049776,698,698,-0.15195779502391815
1,MIDD_85_mirror,T4_T5,0.16143649812758926,-0.0037978851535244154,0.10120233757443427,-0.02352556700358308,0.037527642587613874,0.004105394960970786,698,698,-0.15004797279834747
1,MIDD_85_mirror,sham,0.15809145536674674,0.000352083995941226,0.09247180863340816,0.0022270906110924706,0.0038074738792772496,0.021929575326378747,698,698,-0.14738832414150238
1,MIDD_85_mirror,all_input,0.20021850653895587,0.0007948548872521759,0.1304634495126564,0.003969937150128146,0.006092548451089868,0.03602887176129272,698,698,-0.175029456615448
1,MIDD_128_original,noop,0.15711823397769323,0.004081846160506182,0.09323824969693233,0.025979455453182473,0.043778665663223845,0.0264684554162432,698,698,-0.14216428995132446
1,MIDD_128_original,T4a,0.14435195842268256,0.007986392228383458,0.08262192933215311,0.055325832192717424,0.0966618946439378,0.02206991009349518,698,698,-0.12586699426174164
1,MIDD_128_original,T4b,0.18085636680104783,0.0010828271179609288,0.11186426785151189,0.005987221446022409,0.009679830197416287,0.015408885953757894,698,698,-0.16970182955265045
1,MIDD_128_original,T4,0.16797679180491912,0.0022847803320051384,0.10448401885191844,0.0136017619306516,0.021867270776053112,0.00021913123200412992,698,698,-0.15442609786987305
1,MIDD_128_original,T4_T5,0.16339183558186374,-0.000989585228388737,0.10271034583670292,-0.006056515766927216,0.009634718102907162,-0.0004035139612874141,698,698,-0.15135557949543
1,MIDD_128_original,sham,0.15710832444683465,0.004068442016387554,0.0932242529479373,0.025895776246816965,0.04364145474739975,0.026463203329436323,698,698,-0.14215834438800812
1,MIDD_128_original,all_input,0.20021850653895587,0.0007948548872521759,0.1304634495126564,0.003969937150128146,0.006092548451089868,0.03602887176129272,698,698,-0.175029456615448
1,MIDD_128_mirror,noop,0.15929390312877587,-0.005058460804727597,0.09306015304086913,-0.03175552048993521,0.05435689325060617,0.023621985077503547,698,698,-0.14667363464832306
1,MIDD_128_mirror,T4a,0.1463680762065428,0.001744673155287088,0.08252005484295698,0.01191976556981692,0.021142413909047402,0.019361851702627428,698,698,-0.13427458703517914
1,MIDD_128_mirror,T4b,0.17875707875745317,-0.005127085579344122,0.10801409355427256,-0.028681860405096554,0.04746682039939516,0.015221501341676092,698,698,-0.16790582239627838
1,MIDD_128_mirror,T4,0.16748947337354317,-0.00233435973166329,0.10401682982743778,-0.013937351910212814,0.0224421349462001,0.0013991877572845297,698,698,-0.15457382798194885
1,MIDD_128_mirror,T4_T5,0.1623755661586744,-0.004578435565394132,0.10201686962225884,-0.028196579532908644,0.04487920068854155,0.001286776418983501,698,698,-0.1506441980600357
1,MIDD_128_mirror,sham,0.15927493559207828,-0.005074611849700281,0.09304325684145534,-0.03186070570888162,0.05454035060646429,0.023617821527081747,698,698,-0.14666038751602173
1,MIDD_128_mirror,all_input,0.20021850653895587,0.0007948548872521759,0.1304634495126564,0.003969937150128146,0.006092548451089868,0.03602887176129272,698,698,-0.175029456615448
1,MIDD_170_original,noop,0.15750427525686767,0.011380670105945201,0.09318105693669315,0.07225626153566247,0.12213501842630078,0.01983513989148359,698,698,-0.1437625139951706
1,MIDD_170_original,T4a,0.14495493395970457,0.016094366400111495,0.08285032007732146,0.11103013854351106,0.19425834909377726,0.013348313981340445,698,698,-0.12724289298057556
1,MIDD_170_original,T4b,0.18026667992642798,0.005564987671940629,0.11173844035112326,0.030870861294010968,0.049803699196564695,0.010341268652688359,698,698,-0.1696445792913437
1,MIDD_170_original,T4,0.17069023197245944,0.0026177477263140507,0.10602631295618192,0.015336247985979769,0.024689604432400678,-0.007396479817686486,698,698,-0.15614093840122223
1,MIDD_170_original,T4_T5,0.16647903549406692,-0.0011844752616197482,0.10449276669289469,-0.007114861388429663,0.011335476120571418,-0.006374432390058728,698,698,-0.15378524363040924
1,MIDD_170_original,sham,0.15749729897761658,0.011368938316919661,0.09316932505263119,0.0721849732707823,0.12202447866287931,0.019829978886296784,698,698,-0.14375852048397064
1,MIDD_170_original,all_input,0.20021850653895587,0.0007948548872521759,0.1304634495126564,0.003969937150128146,0.006092548451089868,0.03602887176129272,698,698,-0.175029456615448
1,MIDD_170_mirror,noop,0.15951206162596396,-0.009534291788374892,0.09433712892677322,-0.059771604047922255,0.10106616447672094,0.02513818799411885,698,698,-0.14488881826400757
1,MIDD_170_mirror,T4a,0.1465084679550115,-0.0017701303713112727,0.08402584064149869,-0.012082102802786994,0.021066499993301353,0.018700168582541733,698,698,-0.1330927312374115
1,MIDD_170_mirror,T4b,0.17693540163723395,-0.008367230241493231,0.10874428606352934,-0.04728974622415217,0.07694409098980175,0.015770591442873114,698,698,-0.1658145785331726
1,MIDD_170_mirror,T4,0.1700317194055726,-0.0025907952470086066,0.10527889981936064,-0.015237129025489913,0.024608874631611252,-0.004994070538951978,698,698,-0.15608417987823486
1,MIDD_170_mirror,T4_T5,0.16552440603157292,-0.004056657243639345,0.10377048536379402,-0.024507909986794082,0.03909259197755213,-0.00473215420188231,698,698,-0.15294872224330902
1,MIDD_170_mirror,sham,0.15949983042616417,-0.009544571716355013,0.09432482247559137,-0.05984063864427365,0.10118833479728924,0.02513007659447722,698,698,-0.1448822170495987
1,MIDD_170_mirror,all_input,0.20021850653895587,0.0007948548872521759,0.1304634495126564,0.003969937150128146,0.006092548451089868,0.03602887176129272,698,698,-0.175029456615448
1,MIDD_207_original,noop,0.15940295789766865,0.011010970532821152,0.09432176862698298,0.06907632504466966,0.11673838068459631,0.016147631090634343,698,698,-0.14604970812797546
1,MIDD_207_original,T4a,0.14385367973346527,0.017172192992708345,0.08178941119439258,0.11937263631020978,0.20995618799473223,0.008586365825860124,698,698,-0.12438865751028061
1,MIDD_207_original,T4b,0.1880298142929463,0.005478065090839187,0.11713490599092824,0.029134023832542228,0.0467671446397323,0.0054872060325187565,698,698,-0.1773245930671692
1,MIDD_207_original,T4,0.17510944386759064,0.002287945505954808,0.108307846255449,0.01306580305106127,0.021124466832796066,-0.014828294901201019,698,698,-0.15962150692939758
1,MIDD_207_original,T4_T5,0.17187414832028708,-0.0011521040882739478,0.10781951771304744,-0.006703184274850948,0.010685487309822472,-0.012433866915779948,698,698,-0.15842823684215546
1,MIDD_207_original,sham,0.15939266152273665,0.010994006443830537,0.09430474671263046,0.06897435765737742,0.11657956600352211,0.016140494990411595,698,698,-0.1460433453321457
1,MIDD_207_original,all_input,0.20021850653895587,0.0007948548872521759,0.1304634495126564,0.003969937150128146,0.006092548451089868,0.03602887176129272,698,698,-0.175029456615448
1,MIDD_207_mirror,noop,0.1609950914780771,-0.00628724064280293,0.09629316263889595,-0.03905237473441276,0.06529270064978952,0.023443852051366502,698,698,-0.14618153870105743
1,MIDD_207_mirror,T4a,0.14599672828821736,0.0022438603420162884,0.08459087688443573,0.015369250861475494,0.026526032412239324,0.01600757546751621,698,698,-0.1292102038860321
1,MIDD_207_mirror,T4b,0.18410718920710498,-0.006395502005638789,0.11531434654543893,-0.03473792649370357,0.05546145988971701,0.01274419472942661,698,698,-0.17280177772045135
1,MIDD_207_mirror,T4,0.17413944061466388,-0.0006800382589677483,0.10755570968732293,-0.0039051363468689346,0.006322660702483386,-0.012050482844036673,698,698,-0.15911787748336792
1,MIDD_207_mirror,T4_T5,0.1709216408296195,-0.002101139931166595,0.10714115815105825,-0.012293001172748409,0.019610950333430213,-0.010799509847383442,698,698,-0.1575055569410324
1,MIDD_207_mirror,sham,0.16098714899711525,-0.006296873167501979,0.09628408235554384,-0.03911413554888666,0.06539890097565455,0.023439001361869414,698,698,-0.14617565274238586
1,MIDD_207_mirror,all_input,0.20021850653895587,0.0007948548872521759,0.1304634495126564,0.003969937150128146,0.006092548451089868,0.03602887176129272,698,698,-0.175029456615448
1,MIDD_255_original,noop,0.16234321617188183,0.006609505465951624,0.09603214739760413,0.04071316080712465,0.06882596760630724,0.014005730631028017,698,698,-0.14652909338474274
1,MIDD_255_original,T4a,0.1428531226667678,0.0153611873874377,0.08119849344840527,0.10753133778720822,0.1891806945556007,0.0049330816354103205,698,698,-0.11550382524728775
1,MIDD_255_original,T4b,0.20211703866119637,0.0020628680420655228,0.126868566214104,0.010206304504210829,0.016259882992483866,0.0031916646662433212,698,698,-0.19070103764533997
1,MIDD_255_original,T4,0.18115521165518655,0.002165402852707288,0.1115629172827995,0.011953301442019493,0.01940970087057005,-0.02212115919326025,698,698,-0.16449356079101562
1,MIDD_255_original,T4_T5,0.17971368944541913,-0.00045612513581808544,0.11269520205408563,-0.0025380656155112504,0.004047422849458826,-0.018399085224656664,698,698,-0.16531683504581451
1,MIDD_255_original,sham,0.16232832622756407,0.006589581577875479,0.09600684548799159,0.040594157107476776,0.06863658048945787,0.013997365694640555,698,698,-0.14652104675769806
1,MIDD_255_original,all_input,0.20021850653895587,0.0007948548872521759,0.1304634495126564,0.003969937150128146,0.006092548451089868,0.03602887176129272,698,698,-0.175029456615448
1,MIDD_255_mirror,noop,0.16276096630122594,0.0038151915592485645,0.0959992792210566,0.023440457782658346,0.03974187712871636,0.013962104048366975,698,698,-0.14800071716308594
1,MIDD_255_mirror,T4a,0.14568915853841533,0.014661430856512597,0.08337907996570951,0.10063501638419217,0.17584064087229384,0.006131385727937691,698,698,-0.11772909760475159
1,MIDD_255_mirror,T4b,0.20144388152972276,-0.0004396549089320963,0.12661429760751233,-0.0021825180571057746,0.00347239543432108,0.0023733202735196353,698,698,-0.19019240140914917
1,MIDD_255_mirror,T4,0.18122416449478493,0.0009448158375632623,0.11033739374823434,0.005213520173742896,0.00856297040801167,-0.022090259241249865,698,698,-0.16438740491867065
1,MIDD_255_mirror,T4_T5,0.17932321475703966,-0.0007034337740644328,0.1117652479797446,-0.003922714496377376,0.006293850609018621,-0.018242701854893316,698,698,-0.1648862361907959
1,MIDD_255_mirror,sham,0.16275427852542412,0.0038078476321392603,0.09599193507253373,0.023396298190369414,0.03966841203130203,0.01395971058218118,698,698,-0.14799566566944122
1,MIDD_255_mirror,all_input,0.20021850653895587,0.0007948548872521759,0.1304634495126564,0.003969937150128146,0.006092548451089868,0.03602887176129272,698,698,-0.175029456615448
1,Gray,noop,0.20021850653895587,0.0007948548872521759,0.1304634495126564,0.003969937150128146,0.006092548451089868,0.03602887176129272,698,698,-0.175029456615448
1,Gray,T4a,0.20021850653895587,0.0007948548872521759,0.1304634495126564,0.003969937150128146,0.006092548451089868,0.03602887176129272,698,698,-0.175029456615448
1,Gray,T4b,0.20021850653895587,0.0007948548872521759,0.1304634495126564,0.003969937150128146,0.006092548451089868,0.03602887176129272,698,698,-0.175029456615448
1,Gray,T4,0.20021850653895587,0.0007948548872521759,0.1304634495126564,0.003969937150128146,0.006092548451089868,0.03602887176129272,698,698,-0.175029456615448
1,Gray,T4_T5,0.20021850653895587,0.0007948548872521759,0.1304634495126564,0.003969937150128146,0.006092548451089868,0.03602887176129272,698,698,-0.175029456615448
1,Gray,sham,0.20021850653895587,0.0007948548872521759,0.1304634495126564,0.003969937150128146,0.006092548451089868,0.03602887176129272,698,698,-0.175029456615448
1,Gray,all_input,0.20021850653895587,0.0007948548872521759,0.1304634495126564,0.003969937150128146,0.006092548451089868,0.03602887176129272,698,698,-0.175029456615448
2,Static,noop,0.18758783458951903,0.024309671405661742,0.10569101350600478,0.12959087383708187,0.23000698544990866,0.1005432535146,698,698,-0.053189974278211594
2,Static,T4a,0.33337967285590003,0.02536963024272616,0.18683197909852164,0.07609831164988852,0.13578847885215653,0.02221809258737763,698,698,0.1455768197774887
2,Static,T4b,0.31961413664452015,-0.0017284984601939053,0.19142292992124857,-0.005408078873921551,0.00902973567955004,0.059150546966098706,698,698,-0.17571642994880676
2,Static,T4,0.38114841063134897,0.029570487688123665,0.2505415844223857,0.07758260788531682,0.11802626600409398,0.0035288774594512255,698,698,-0.10337833315134048
2,Static,T4_T5,0.1267441537872864,0.015393888990463457,0.0937442456352213,0.12145640276472938,0.16421156185270655,-0.02084087756671977,698,698,0.10250396281480789
2,Static,sham,0.19837106834505464,0.02043737756093583,0.11770584006913039,0.1030259993629022,0.1736309561949743,0.06182744603182189,698,698,-0.10679630935192108
2,Static,all_input,0.19155062041918883,0.03487838637449358,0.11115925855855863,0.18208443438170974,0.3137695125603925,0.05109453295169938,698,698,0.08891092985868454
2,CW,noop,13.332393586055055,12.58095916754544,12.591119999365393,0.9436384461905195,0.9991930160446041,0.6181449466549896,698,698,0.6546504497528076
2,CW,T4a,12.832759115836055,9.461971992176657,10.697659624599599,0.7373295101051391,0.8844899094021051,-0.07616950743316774,698,698,6.31031608581543
2,CW,T4b,12.288163022279699,11.345288697934686,11.445883955937031,0.9232697090170854,0.9912112285613235,0.9873972071901973,698,698,0.1299605369567871
2,CW,T4,6.936298613187338,3.935757908846757,5.117276531868392,0.5674147161663524,0.7691118282032249,-0.8899387071993791,698,698,3.095449447631836
2,CW,T4_T5,4.042129246256319,2.778479155379616,3.13711511612256,0.6873800875993631,0.8856796937734902,-0.30903817907647735,698,698,2.365215539932251
2,CW,sham,13.317899360813389,12.589041851673027,12.609532137419578,0.9452723369208695,0.9983750161763937,0.7076794409500815,698,698,0.6116306781768799
2,CW,all_input,0.19155062041918883,0.03487838637449358,0.11115925855855863,0.18208443438170974,0.3137695125603925,0.05109453295169938,698,698,0.08891092985868454
2,CCW,noop,13.618018219856873,-12.986949166818988,12.991540937644347,-0.9536592591631503,0.9996465568751699,0.5850918259997442,698,698,0.570155918598175
2,CCW,T4a,13.024547090359347,-9.835077909972204,11.121433477557597,-0.7551186111686019,0.8843354527830263,-0.18227582764658692,698,698,6.154762268066406
2,CCW,T4b,12.58171691951828,-11.709887478148142,11.752732307428282,-0.9307066398849229,0.9963544792683604,0.6540610101859277,698,698,0.02382878214120865
2,CCW,T4,7.291671678545167,-3.927714600472394,5.432592471687895,-0.5386576321077653,0.7229908411024363,0.4333361232670037,698,698,3.1208691596984863
2,CCW,T4_T5,4.290034264151239,-2.8741093145617693,3.317525849324047,-0.6699502002999496,0.8663411967528076,-0.031624453602436306,698,698,2.4019575119018555
2,CCW,sham,13.65664806501754,-13.035176836084664,13.040149512652814,-0.9544931357991997,0.9996186641446615,0.7206080482095449,698,698,0.5185168981552124
2,CCW,all_input,0.19155062041918883,0.03487838637449358,0.11115925855855863,0.18208443438170974,0.3137695125603925,0.05109453295169938,698,698,0.08891092985868454
2,Right,noop,1.2987613253925803,0.02358145020610243,0.9748890135346238,0.01815687743779589,0.02418885624795783,0.32375865929490427,698,698,1.0578105449676514
2,Right,T4a,1.5358768648212167,0.017761762883368552,1.1498923112493706,0.011564574797756398,0.015446457646168798,0.39475378356715257,698,698,1.2587227821350098
2,Right,T4b,2.0037032188656787,-0.5091281287610236,1.1436749142959137,-0.2540935823066888,0.44516857229002066,1.0657139072211421,698,698,1.524440884590149
2,Right,T4,2.29033214434821,-0.4867577819117968,1.4517518222491503,-0.21252715817352327,0.3352899403685124,1.092318259462404,698,698,1.7715399265289307
2,Right,T4_T5,0.9691180149683587,-0.2835903833948313,0.6944530497282307,-0.2926272951432962,0.40836509178815233,0.2693834700811625,698,698,0.8014519214630127
2,Right,sham,1.2796644645685353,-0.05470085281790326,0.9510944105955138,-0.04274624663922879,0.057513588775748484,0.3537094661031036,698,698,0.999301552772522
2,Right,all_input,0.19155062041918883,0.03487838637449358,0.11115925855855863,0.18208443438170974,0.3137695125603925,0.05109453295169938,698,698,0.08891092985868454
2,Left,noop,1.2365862553556881,0.1738170615012626,0.8978647220311506,0.1405620196314299,0.19358936511956215,0.05117093461148402,698,698,-0.9087896347045898
2,Left,T4a,1.0583655419054125,0.24112740445530623,0.7752513842598695,0.2278299839781217,0.31103124657495446,-0.07062184474257378,698,698,0.2992401421070099
2,Left,T4b,2.5884351442632716,-0.4027990500916171,1.6816499386627919,-0.15561488994010048,0.2395260992379385,0.7165331190146838,698,698,-0.8599673509597778
2,Left,T4,1.6183074688414711,-0.28012195689536207,0.9427535324217502,-0.17309563373386538,0.2971316969513583,0.5132853095540892,698,698,0.9762099385261536
2,Left,T4_T5,0.8883479458578464,-0.2213196240104664,0.5847469700208311,-0.24913619155920466,0.37848785091196296,-0.008747837037497331,698,698,0.5298489332199097
2,Left,sham,1.2406380171343003,0.1094383117217362,0.9062927741195235,0.08821131563783878,0.12075381691976646,0.03579060315091112,698,698,-0.9098588228225708
2,Left,all_input,0.19155062041918883,0.03487838637449358,0.11115925855855863,0.18208443438170974,0.3137695125603925,0.05109453295169938,698,698,0.08891092985868454
2,MIDD_0_original,noop,0.13411902652932775,0.006777798439393052,0.08436024409938436,0.0505356966478649,0.08034351384057356,0.023782645407202197,698,698,-0.05619256570935249
2,MIDD_0_original,T4a,0.22554957999513855,-0.0143575408588455,0.1596501996913834,-0.06365580844422304,0.0899312427206466,0.01965137959214704,698,698,0.2018928974866867
2,MIDD_0_original,T4b,0.15715284259070783,0.008126141317301905,0.09671233917195252,0.05170852262892755,0.08402383177656159,0.016629325817503794,698,698,-0.08275061845779419
2,MIDD_0_original,T4,0.12457023485484509,0.01120129496412912,0.07982967534748413,0.08991951389656912,0.14031492568862283,0.008857167572592563,698,698,0.08898591995239258
2,MIDD_0_original,T4_T5,0.1159913567582508,0.0015698293861088307,0.07528774417012783,0.013534020378610359,0.020851061529503192,0.006348978508008984,698,698,0.1068766713142395
2,MIDD_0_original,sham,0.13976757726716083,0.012607038850228883,0.08723355017106021,0.0902000241882348,0.14452052937782733,0.0201237193397579,698,698,-0.07207105308771133
2,MIDD_0_original,all_input,0.19155062041918883,0.03487838637449358,0.11115925855855863,0.18208443438170974,0.3137695125603925,0.05109453295169938,698,698,0.08891092985868454
2,MIDD_0_mirror,noop,0.1279695611984937,0.019655014592514848,0.08293328452686786,0.15359132600312614,0.23699790385303285,0.019067637931308785,698,698,-0.05739302188158035
2,MIDD_0_mirror,T4a,0.22044375406945585,-0.002835025230208078,0.16146101002329202,-0.012860537791943238,0.017558574852214185,0.013205051020112964,698,698,0.20004843175411224
2,MIDD_0_mirror,T4b,0.15172619804978732,0.01967758222908332,0.09528668118836321,0.12969139464383292,0.20650926219357532,0.013889729198921888,698,698,-0.0809776708483696
2,MIDD_0_mirror,T4,0.12338912861332359,0.013408567177327479,0.08511868152937617,0.10866895104954667,0.1575279002964809,0.004819720914444255,698,698,0.08716308325529099
2,MIDD_0_mirror,T4_T5,0.11401511854324142,0.0009145154891978871,0.07692465703810399,0.008021001959060785,0.011888457152885187,0.005960491570642558,698,698,0.10571317374706268
2,MIDD_0_mirror,sham,0.1350272051604239,0.022958852803106198,0.08802471660192115,0.17003131165922533,0.2608227971574647,0.015796343449539212,698,698,-0.07128069549798965
2,MIDD_0_mirror,all_input,0.19155062041918883,0.03487838637449358,0.11115925855855863,0.18208443438170974,0.3137695125603925,0.05109453295169938,698,698,0.08891092985868454
2,MIDD_48_original,noop,0.12002915867757097,0.0005880476235095018,0.07643065511197875,0.004899206409412134,0.0076938712961173985,0.018156023365625724,698,698,-0.03890839219093323
2,MIDD_48_original,T4a,0.2625930112334304,-0.018426900041635007,0.18295884878234284,-0.07017285020298782,0.10071609088203537,0.023625037574661945,698,698,0.24505601823329926
2,MIDD_48_original,T4b,0.14022452502675567,0.0017500902891189655,0.08645415077242062,0.012480629110956432,0.02024298745037531,0.012181891077132936,698,698,-0.06064640358090401
2,MIDD_48_original,T4,0.15461076441340318,0.009525527624405799,0.09784536314159745,0.06160973112412885,0.0973528772193413,0.011385205948476546,698,698,0.13194109499454498
2,MIDD_48_original,T4_T5,0.15830014627720845,0.001231061687099222,0.10048890565831067,0.007776756472122517,0.012250722396014173,0.011496705826931807,698,698,0.15084494650363922
2,MIDD_48_original,sham,0.12675984515867722,0.007035107204046446,0.07986041713843468,0.0554994935126336,0.08809254266542814,0.014600903909185605,698,698,-0.057053904980421066
2,MIDD_48_original,all_input,0.19155062041918883,0.03487838637449358,0.11115925855855863,0.18208443438170974,0.3137695125603925,0.05109453295169938,698,698,0.08891092985868454
2,MIDD_48_mirror,noop,0.11839329073468823,0.023965296454374042,0.07409269500367155,0.20242106884315544,0.3234501924000265,0.01344314233663162,698,698,-0.04129278287291527
2,MIDD_48_mirror,T4a,0.2615355504264925,-0.0018552443221515427,0.19079386779695592,-0.007093660189317091,0.009723815254512823,0.018798509146902585,698,698,0.24486328661441803
2,MIDD_48_mirror,T4b,0.1386201990863803,0.023541322409728456,0.08287309722861336,0.16982606117207227,0.2840647109494106,0.010609178279064192,698,698,-0.06049913167953491
2,MIDD_48_mirror,T4,0.15334973883537703,0.009920154262708182,0.10473663441441035,0.06468973692454474,0.09471522851743747,0.010048736144437392,698,698,0.13083168864250183
2,MIDD_48_mirror,T4_T5,0.15774814403339263,0.002074985494631908,0.10389328937161003,0.013153787053067759,0.019972276430771287,0.01418710706233152,698,698,0.15083512663841248
2,MIDD_48_mirror,sham,0.1261738574991267,0.026372718636510313,0.08060647236787474,0.2090188820349956,0.327178672652359,0.010535757954521932,698,698,-0.05828530713915825
2,MIDD_48_mirror,all_input,0.19155062041918883,0.03487838637449358,0.11115925855855863,0.18208443438170974,0.3137695125603925,0.05109453295169938,698,698,0.08891092985868454
2,MIDD_85_original,noop,0.12168674329435336,0.005216677775854521,0.07761043738525894,0.04286972955826151,0.06721618833249042,0.011013344247913372,698,698,-0.027823466807603836
2,MIDD_85_original,T4a,0.30199954650549193,-0.014102176533685108,0.20889850341998656,-0.046696018907527254,0.0675073124163697,0.020602237982180395,698,698,0.28727397322654724
2,MIDD_85_original,T4b,0.1389607646857453,0.00548858422237027,0.0854206393624692,0.03949736628740136,0.06425360736391023,0.007106035697925647,698,698,-0.04714357107877731
2,MIDD_85_original,T4,0.19009437323251296,0.01152377043261451,0.12088199901714501,0.06062131264937163,0.09533074011276123,0.012180480524854619,698,698,0.17224374413490295
2,MIDD_85_original,T4_T5,0.19594205370089543,0.003947421670718792,0.12317884257297045,0.020145862494350044,0.0320462636948416,0.014436007749944623,698,698,0.18891842663288116
2,MIDD_85_original,sham,0.12556233897859279,0.009573301889608216,0.0794639442014533,0.07624341795066732,0.12047353030121973,0.00833973110823911,698,698,-0.04691852629184723
2,MIDD_85_original,all_input,0.19155062041918883,0.03487838637449358,0.11115925855855863,0.18208443438170974,0.3137695125603925,0.05109453295169938,698,698,0.08891092985868454
2,MIDD_85_mirror,noop,0.12221859293636023,0.025550854512303104,0.07582228972710645,0.20905865383025274,0.33698342010329296,0.013676491163126669,698,698,-0.025999614968895912
2,MIDD_85_mirror,T4a,0.3063194848743577,0.0013150901569600204,0.22041205302903885,0.004293197860068966,0.005966507452234293,0.024688605756906543,698,698,0.29045867919921875
2,MIDD_85_mirror,T4b,0.13871369797142463,0.02513165490235285,0.08140661610844163,0.18117644666592359,0.30871759696871576,0.013012968577313943,698,698,-0.04282255470752716
2,MIDD_85_mirror,T4,0.1920400456729176,0.010863399509815767,0.1284292937216638,0.056568407238968776,0.08458661723515574,0.015672257386072617,698,698,0.17434991896152496
2,MIDD_85_mirror,T4_T5,0.1989568111119544,0.0050290199069392295,0.1282022656195978,0.02527694266324647,0.039227231146299356,0.020774673891571768,698,698,0.19228050112724304
2,MIDD_85_mirror,sham,0.12698984593477827,0.027726930306214485,0.08027579451571647,0.2183397428519992,0.3453959001400613,0.011247436966239645,698,698,-0.04515007510781288
2,MIDD_85_mirror,all_input,0.19155062041918883,0.03487838637449358,0.11115925855855863,0.18208443438170974,0.3137695125603925,0.05109453295169938,698,698,0.08891092985868454
2,MIDD_128_original,noop,0.12775127371980657,0.016193372006934173,0.08118896730878812,0.12675702977686673,0.19945286340871288,0.009666807005598896,698,698,-0.007006723899394274
2,MIDD_128_original,T4a,0.35906467012586485,-0.006629502837956956,0.2482144748837525,-0.01846325575733497,0.026708768056584065,0.01949286057271102,698,698,0.3460563123226166
2,MIDD_128_original,T4b,0.14002995621733821,0.015193656052084309,0.08431338744251203,0.10850289796922083,0.18020455010710965,0.01016794512576717,698,698,-0.020087338984012604
2,MIDD_128_original,T4,0.24768532555136616,0.014760186593460919,0.15797815904547574,0.05959249527844911,0.09343181793384513,0.015128433543217822,698,698,0.23295927047729492
2,MIDD_128_original,T4_T5,0.24882533289354644,0.008566696037119913,0.15583023120693026,0.03442855250106289,0.054974544866997065,0.01852028542285792,698,698,0.2414150834083557
2,MIDD_128_original,sham,0.12647866316091966,0.017706857796624585,0.080251297563417,0.13999877413391087,0.22064263549922156,0.00737314732043909,698,698,-0.028322311118245125
2,MIDD_128_original,all_input,0.19155062041918883,0.03487838637449358,0.11115925855855863,0.18208443438170974,0.3137695125603925,0.05109453295169938,698,698,0.08891092985868454
2,MIDD_128_mirror,noop,0.12906384483223973,0.018395458934127584,0.07703338687594109,0.14252991577957747,0.23879852204541738,0.01619502068562609,698,698,-0.004748158622533083
2,MIDD_128_mirror,T4a,0.35733376057292526,-0.00018768959316554711,0.2531705242110701,-0.0005252500991359397,0.0007413564187633033,0.02483891024414878,698,698,0.34247252345085144
2,MIDD_128_mirror,T4b,0.14118458861867852,0.01810963472772538,0.08001074437635794,0.1282692034938543,0.22634003556498,0.020759126605921538,698,698,-0.013231613673269749
2,MIDD_128_mirror,T4,0.24883075552946166,0.01024641014915434,0.16372309911399696,0.04117823026881081,0.06258377837094313,0.01808730409308301,698,698,0.2357037514448166
2,MIDD_128_mirror,T4_T5,0.25141158515569734,0.006809057628557034,0.15972977299918473,0.027083308926834995,0.042628606431387016,0.024306067586973477,698,698,0.24533820152282715
2,MIDD_128_mirror,sham,0.1295658635201978,0.021069709290046385,0.07916379194004206,0.16261775067598622,0.2661533609456757,0.01438775666698944,698,698,-0.02572919800877571
2,MIDD_128_mirror,all_input,0.19155062041918883,0.03487838637449358,0.11115925855855863,0.18208443438170974,0.3137695125603925,0.05109453295169938,698,698,0.08891092985868454
2,MIDD_170_original,noop,0.13619059658781393,0.021503683231641306,0.08532284314809789,0.1578940379909123,0.25202727005142805,0.010574779731656695,698,698,0.007981025613844395
2,MIDD_170_original,T4a,0.40938702000787675,-0.0009451502774426872,0.28538009326283165,-0.0023086962489052587,0.003311899812760293,0.0164711565518392,698,698,0.39664509892463684
2,MIDD_170_original,T4b,0.14680684976004987,0.0199661926742629,0.08649783072037072,0.13600314090859433,0.23082882550903963,0.01907389609810653,698,698,0.011365116573870182
2,MIDD_170_original,T4,0.31357299162166646,0.015947009367980474,0.2022181520079759,0.0508558128221098,0.07886042479189252,0.015380634800408173,698,698,0.3017900288105011
2,MIDD_170_original,T4_T5,0.30357114896250076,0.010848511345613977,0.19202645294424664,0.03573630558335457,0.05649487963392083,0.018483604770042225,698,698,0.29658782482147217
2,MIDD_170_original,sham,0.13024681975118207,0.022036567237826394,0.08164822479507723,0.1691908276910262,0.2698964649033623,0.010203256894221996,698,698,-0.014952830970287323
2,MIDD_170_original,all_input,0.19155062041918883,0.03487838637449358,0.11115925855855863,0.18208443438170974,0.3137695125603925,0.05109453295169938,698,698,0.08891092985868454
2,MIDD_170_mirror,noop,0.14698570024693014,0.01939328181024658,0.08686671773758706,0.13193992189489614,0.22325330477929575,0.020328235696337887,698,698,0.006395330186933279
2,MIDD_170_mirror,T4a,0.4057021301717745,-0.0005623516882392317,0.2846778965583434,-0.001386119634129433,0.0019753963867158906,0.021018290220731095,698,698,0.39039772748947144
2,MIDD_170_mirror,T4b,0.15809495560429726,0.019260181976376266,0.08873924358656639,0.12182666994501339,0.21704244027714395,0.033366701929244895,698,698,0.015566065907478333
2,MIDD_170_mirror,T4,0.31585798656584063,0.012726357318494181,0.20626076992826675,0.040291389990993215,0.06170032877759618,0.015641590329281453,698,698,0.3051927089691162
2,MIDD_170_mirror,T4_T5,0.3069737536363125,0.010247787018596145,0.1938631138091305,0.03338326777844734,0.05286094305018585,0.021042485724638765,698,698,0.30129820108413696
2,MIDD_170_mirror,sham,0.14288860661437047,0.02174139217477478,0.0855713331059683,0.1521562333759102,0.25407331387312926,0.020054060923502613,698,698,-0.01526530273258686
2,MIDD_170_mirror,all_input,0.19155062041918883,0.03487838637449358,0.11115925855855863,0.18208443438170974,0.3137695125603925,0.05109453295169938,698,698,0.08891092985868454
2,MIDD_207_original,noop,0.1507525709557261,0.02195774154051524,0.09243234243425465,0.14565417625258223,0.23755474504103755,0.008671048348199085,698,698,0.011458913795650005
2,MIDD_207_original,T4a,0.4528992556559503,0.0027622315573774133,0.31790445470258927,0.0060989977856704,0.00868887339109978,0.0073960283119838205,698,698,0.4390168786048889
2,MIDD_207_original,T4b,0.16439913826066332,0.020346819533479738,0.09445143358623447,0.12376475782506113,0.21542097097873084,0.02556042117978939,698,698,0.03660275787115097
2,MIDD_207_original,T4,0.3778069712299059,0.01858531596593499,0.2452214115001134,0.049192623167943914,0.07578993959883636,0.012095032553393474,698,698,0.3678354024887085
2,MIDD_207_original,T4_T5,0.35242744818857047,0.013511010220731971,0.22456596738957812,0.0383369975584386,0.06016499462402068,0.013711877671746938,698,698,0.3449493646621704
2,MIDD_207_original,sham,0.14208298703470493,0.022601357003151676,0.08765486896887693,0.15907152203684394,0.2578448552718343,0.010656682388196885,698,698,-0.010812872089445591
2,MIDD_207_original,all_input,0.19155062041918883,0.03487838637449358,0.11115925855855863,0.18208443438170974,0.3137695125603925,0.05109453295169938,698,698,0.08891092985868454
2,MIDD_207_mirror,noop,0.1682386532175094,0.025620525546624934,0.09984088356403532,0.15228679650389929,0.25661356983276895,0.01845928921884854,698,698,0.011885578744113445
2,MIDD_207_mirror,T4a,0.4501433645098487,0.004788203451164268,0.31602567062564413,0.01063706327511467,0.015151311732635323,0.011969387308728487,698,698,0.4329586923122406
2,MIDD_207_mirror,T4b,0.18330931209763987,0.02546923127324925,0.10416555832856234,0.13894128444322043,0.2445072217912315,0.03933801628398701,698,698,0.04342940077185631
2,MIDD_207_mirror,T4,0.3837253848979898,0.018725353684876794,0.25184745386956536,0.04879884006072409,0.07435196741982894,0.008393289383338122,698,698,0.37310898303985596
2,MIDD_207_mirror,T4_T5,0.358665977121448,0.015635140484613445,0.22760317299917687,0.0435924829282573,0.06869473864790976,0.01196553685548787,698,698,0.3515016436576843
2,MIDD_207_mirror,sham,0.16117141545773148,0.026684878672966324,0.09538368596262531,0.16556830873005923,0.27976355079654186,0.02042111968669816,698,698,-0.00989028811454773
2,MIDD_207_mirror,all_input,0.19155062041918883,0.03487838637449358,0.11115925855855863,0.18208443438170974,0.3137695125603925,0.05109453295169938,698,698,0.08891092985868454
2,MIDD_255_original,noop,0.17565184966745367,0.023618706078054844,0.11165398443084626,0.1344631788550481,0.21153482518739192,0.004455174844251437,698,698,0.015244138427078724
2,MIDD_255_original,T4a,0.5119723823835883,0.003991517297685275,0.36194609411342005,0.007796352762432183,0.011027933061309638,-0.007527568585696147,698,698,0.4962748885154724
2,MIDD_255_original,T4b,0.19845003743252082,0.022439591952789033,0.11917013334336948,0.11307426414781702,0.18829879033644256,0.032092812380437735,698,698,0.07517407834529877
2,MIDD_255_original,T4,0.4677872838288963,0.021126132265775702,0.3038577002189679,0.04516183529585439,0.06952640084668466,0.005834821709214794,698,698,0.4579372704029083
2,MIDD_255_original,T4_T5,0.4187361222186004,0.01553076961663852,0.26693008153691167,0.03708963424113363,0.05818291264595029,0.004266579973916874,698,698,0.40823599696159363
2,MIDD_255_original,sham,0.16292618722470226,0.024142915576980412,0.10461423138051282,0.14818314961046333,0.23078041350956838,0.0090690110261101,698,698,-0.006434871349483728
2,MIDD_255_original,all_input,0.19155062041918883,0.03487838637449358,0.11115925855855863,0.18208443438170974,0.3137695125603925,0.05109453295169938,698,698,0.08891092985868454
2,MIDD_255_mirror,noop,0.19212211451570485,0.03311546533250032,0.11508555607602657,0.1723667544258333,0.2877464945351087,0.011024683605882282,698,698,0.017180049791932106
2,MIDD_255_mirror,T4a,0.506475067940785,0.009452744399802381,0.35557817642946854,0.01866379018069959,0.026584152308563855,-0.004964380131813302,698,698,0.48784875869750977
2,MIDD_255_mirror,T4b,0.2192925662723595,0.034892872164873925,0.12777407458181336,0.15911561781596043,0.273082566076674,0.04022908600987415,698,698,0.08292075246572495
2,MIDD_255_mirror,T4,0.47400547075055294,0.02414236101582095,0.30945151727390563,0.05093266324034887,0.07801661865645906,-0.004438733198906739,698,698,0.46155041456222534
2,MIDD_255_mirror,T4_T5,0.42506919990121417,0.020308086001994213,0.2685852835996795,0.04777595273125835,0.07561131321052933,-0.0021529710821266397,698,698,0.4134794771671295
2,MIDD_255_mirror,sham,0.18149547886839296,0.03239086089375713,0.1082566617372481,0.17846648905918244,0.29920432030662125,0.014694149628562799,698,698,-0.003947114571928978
2,MIDD_255_mirror,all_input,0.19155062041918883,0.03487838637449358,0.11115925855855863,0.18208443438170974,0.3137695125603925,0.05109453295169938,698,698,0.08891092985868454
2,Gray,noop,0.19155062041918883,0.03487838637449358,0.11115925855855863,0.18208443438170974,0.3137695125603925,0.05109453295169938,698,698,0.08891092985868454
2,Gray,T4a,0.19155062041918883,0.03487838637449358,0.11115925855855863,0.18208443438170974,0.3137695125603925,0.05109453295169938,698,698,0.08891092985868454
2,Gray,T4b,0.19155062041918883,0.03487838637449358,0.11115925855855863,0.18208443438170974,0.3137695125603925,0.05109453295169938,698,698,0.08891092985868454
2,Gray,T4,0.19155062041918883,0.03487838637449358,0.11115925855855863,0.18208443438170974,0.3137695125603925,0.05109453295169938,698,698,0.08891092985868454
2,Gray,T4_T5,0.19155062041918883,0.03487838637449358,0.11115925855855863,0.18208443438170974,0.3137695125603925,0.05109453295169938,698,698,0.08891092985868454
2,Gray,sham,0.19155062041918883,0.03487838637449358,0.11115925855855863,0.18208443438170974,0.3137695125603925,0.05109453295169938,698,698,0.08891092985868454
2,Gray,all_input,0.19155062041918883,0.03487838637449358,0.11115925855855863,0.18208443438170974,0.3137695125603925,0.05109453295169938,698,698,0.08891092985868454
3,Static,noop,0.20977589234984598,0.014158604237630915,0.11680549534562344,0.0674939530897975,0.12121522361371861,0.11555032872151713,698,698,0.06915422528982162
3,Static,T4a,0.33785862635033853,0.03256691502106018,0.20657013320099932,0.09639213706886472,0.15765548734662208,0.03957022531888677,698,698,0.08343073725700378
3,Static,T4b,0.39718803029548605,-0.0015521624779016598,0.2580273353424252,-0.00390787828310671,0.0060154962877937024,0.12858014636693302,698,698,-0.07685413956642151
3,Static,T4,0.43209343372972736,-0.01442975097933299,0.3125708309786736,-0.03339497861557123,0.046164739474098646,-0.06463733132965532,698,698,-0.06885552406311035
3,Static,T4_T5,0.5785759127955513,0.028266179833636385,0.4034148732762659,0.04885474698913827,0.07006727244356999,-0.10373604080913347,698,698,-0.17333151400089264
3,Static,sham,0.22236392955141193,0.004076130307434306,0.13301700326707006,0.018330897082352016,0.030643678682568853,0.0865873225766753,698,698,0.16577307879924774
3,Static,all_input,0.19224047405807793,-0.024880887006148482,0.10189117836982778,-0.12942585128369843,0.24419078672188818,0.02075583998139667,698,698,0.06220648065209389
3,CW,noop,11.612312352474902,10.655711811980062,10.663902616310441,0.9176218731068698,0.9992319130598726,1.8372769425407898,698,698,2.0194244384765625
3,CW,T4a,11.519163631801721,9.044364800816098,9.700216677404894,0.7851581147650962,0.9323879147858111,0.7701437334841365,698,698,5.266940116882324
3,CW,T4b,10.605931549748668,8.03347829572716,8.718834341408316,0.7574514561068926,0.9213936153797306,1.5406297300635174,698,698,-2.838442802429199
3,CW,T4,7.282765164419026,3.034332230872412,6.028558322008953,0.41664562324446064,0.5033263458354091,-0.14533401437737156,698,698,0.5238283276557922
3,CW,T4_T5,8.50242472698247,2.472207497707989,6.931050008167255,0.29076499670293243,0.3566858549274417,-0.9481631819476447,698,698,-0.49839916825294495
3,CW,sham,11.215474256872819,10.300261211356949,10.309992153017701,0.9183972942602022,0.9990561640090188,1.9575178977000631,698,698,2.199066638946533
3,CW,all_input,0.19224047405807793,-0.024880887006148482,0.10189117836982778,-0.12942585128369843,0.24419078672188818,0.02075583998139667,698,698,0.06220648065209389
3,CCW,noop,11.937559390972282,-11.181516639687116,11.191441060769586,-0.9366668909009224,0.9991132133003623,0.6124209856773415,698,698,1.9035835266113281
3,CCW,T4a,11.595794354414899,-9.239458182061435,9.88963665902796,-0.7967938978275921,0.9342565860219955,0.021159911825667187,698,698,5.085400104522705
3,CCW,T4b,10.886359686215387,-8.962851211311193,9.381195381186835,-0.8233102221177026,0.955406091347954,-0.11347105532570759,698,698,-2.6567180156707764
3,CCW,T4,7.287126181475361,-3.503013550390801,6.078990073719504,-0.4807126243121505,0.5762492631029152,-1.0093368771564135,698,698,0.876125693321228
3,CCW,T4_T5,8.338365783098471,-2.1940860374400506,6.823430290695643,-0.2631314210138603,0.3215517626716115,-0.5314442234144575,698,698,-0.05080558359622955
3,CCW,sham,11.444633363527508,-10.715246629020951,10.725464387820415,-0.93626823058998,0.9990473364667486,0.6925603271996734,698,698,2.112583875656128
3,CCW,all_input,0.19224047405807793,-0.024880887006148482,0.10189117836982778,-0.12942585128369843,0.24419078672188818,0.02075583998139667,698,698,0.06220648065209389
3,Right,noop,1.3720570697043448,-0.13784066253317132,0.9894681768252072,-0.10046277635001995,0.13930782794394136,0.20723299597448552,698,698,1.107853651046753
3,Right,T4a,1.6439809512512888,-0.12593201551342006,1.1724632815489668,-0.07660187024525375,0.10740806769406759,0.2670730825039913,698,698,1.3262443542480469
3,Right,T4b,1.624722949609298,-0.12949253380085401,1.0630494833371087,-0.07970130158621411,0.12181232936998665,-0.20635739281890586,698,698,0.6521018743515015
3,Right,T4,1.9391677686038717,-0.06857602248117019,1.1974900772996322,-0.035363635674773186,0.05726646406608287,-0.4348431420643492,698,698,0.8093540072441101
3,Right,T4_T5,2.141361417912032,0.2944566386810238,1.237829807015343,0.13750908007305854,0.23788136059755907,-0.5197743143376354,698,698,0.20810382068157196
3,Right,sham,1.3468260287778369,-0.08083464203187214,0.9820393544696816,-0.06001862178534275,0.08231303731765847,0.0898740436688709,698,698,1.1338005065917969
3,Right,all_input,0.19224047405807793,-0.024880887006148482,0.10189117836982778,-0.12942585128369843,0.24419078672188818,0.02075583998139667,698,698,0.06220648065209389
3,Left,noop,1.1094500058033026,-0.18772763216794228,0.7655576179919835,-0.16920783377887966,0.24521685599621065,0.2007662747938019,698,698,-0.8107108473777771
3,Left,T4a,1.3353824346776284,-0.21273917392478048,0.9203284825628094,-0.15930954938473288,0.23115569924813417,0.21433981479583672,698,698,0.7956792116165161
3,Left,T4b,1.7776557965409825,-0.16428096722903504,1.1568098656035084,-0.09241438502813537,0.1420120731277906,-0.3911993335287356,698,698,-1.5682947635650635
3,Left,T4,1.3638590079947692,0.03395852119990085,0.6231515930309622,0.024898850248332334,0.0544947996276944,-0.8134958060698287,698,698,-0.47808077931404114
3,Left,T4_T5,2.16739022675181,0.3032792849415366,1.1917641617529315,0.1399283254109946,0.25447927926902236,-1.0086819436135561,698,698,-0.0699901208281517
3,Left,sham,1.1591548163029282,-0.11642516061404778,0.8376155810160834,-0.10043969880173605,0.1389959347136503,0.07000808540883026,698,698,-0.8628827929496765
3,Left,all_input,0.19224047405807793,-0.024880887006148482,0.10189117836982778,-0.12942585128369843,0.24419078672188818,0.02075583998139667,698,698,0.06220648065209389
3,MIDD_0_original,noop,0.10376789359929342,-0.003536360659592732,0.07010064292629492,-0.0340795263055895,0.050446907645496565,0.020159196406661126,698,698,0.05943477898836136
3,MIDD_0_original,T4a,0.1953683309647783,-0.0036922665081773848,0.15258984680947887,-0.018899002156306695,0.024197327577027368,0.01669384244267929,698,698,0.16886402666568756
3,MIDD_0_original,T4b,0.16798830300277814,-0.006371629623413364,0.11667626046330336,-0.03792900761255973,0.054609477524499066,0.0298181887566214,698,698,-0.12376091629266739
3,MIDD_0_original,T4,0.13187117123987974,0.0008991511667259792,0.07814260103115857,0.006818405859840145,0.011506542588305345,0.008689231810343378,698,698,0.042982932180166245
3,MIDD_0_original,T4_T5,0.15100576604693633,0.004698128566060029,0.08821557658726793,0.031112246168134627,0.05325735825591266,0.00877826991804249,698,698,0.01873251423239708
3,MIDD_0_original,sham,0.09716625821319105,-0.003455901968066719,0.06319052327645608,-0.03556689360708092,0.05469019385940646,0.01606297705344231,698,698,0.055125266313552856
3,MIDD_0_original,all_input,0.19224047405807793,-0.024880887006148482,0.10189117836982778,-0.12942585128369843,0.24419078672188818,0.02075583998139667,698,698,0.06220648065209389
3,MIDD_0_mirror,noop,0.10546899954994991,0.018869837440163253,0.0729803047225496,0.17891359091944867,0.258560683076085,0.01929142842467306,698,698,0.05880342796444893
3,MIDD_0_mirror,T4a,0.1977251078667314,0.017409446904693326,0.15469215250136212,0.08804874147003859,0.11254253446722211,0.013777178171149254,698,698,0.1697443127632141
3,MIDD_0_mirror,T4b,0.16661542506751614,0.016666127428838662,0.11287806545107343,0.10002751799291806,0.14764717451737808,0.028040575877993097,698,698,-0.12180791050195694
3,MIDD_0_mirror,T4,0.12762201029516856,0.006516680305472153,0.07318983309012315,0.05106235429453079,0.08903805392543747,0.00794255768431007,698,698,0.0430527962744236
3,MIDD_0_mirror,T4_T5,0.1466435002917326,0.008349416472555072,0.0850882407263893,0.05693683290391147,0.09812656133535007,0.006573314744069384,698,698,0.02038276009261608
3,MIDD_0_mirror,sham,0.09903698895473893,0.016761774673647166,0.06655247705099208,0.16924762001101926,0.2518580136514588,0.016655707921634698,698,698,0.05403672531247139
3,MIDD_0_mirror,all_input,0.19224047405807793,-0.024880887006148482,0.10189117836982778,-0.12942585128369843,0.24419078672188818,0.02075583998139667,698,698,0.06220648065209389
3,MIDD_48_original,noop,0.11683706426815693,-0.020132732328583793,0.08222036653750366,-0.17231460285904168,0.24486308169643747,0.029820539456251207,698,698,0.06199241057038307
3,MIDD_48_original,T4a,0.22915026618285134,-0.01541641619641598,0.18251403852692735,-0.06727644900099916,0.08446701591199247,0.024419253861394437,698,698,0.20057058334350586
3,MIDD_48_original,T4b,0.2185026493032123,-0.020824024697359264,0.15596449093073111,-0.09530330530895362,0.13351772940808615,0.04151952995062275,698,698,-0.1773710995912552
3,MIDD_48_original,T4,0.15062987628255256,-0.0015780311343152175,0.0901279230917621,-0.010476216095106763,0.017508792837804262,0.005730981707324881,698,698,0.047062039375305176
3,MIDD_48_original,T4_T5,0.17454079480943988,0.0007146446439705301,0.10314974090179445,0.004094427579241659,0.006928225293856242,0.009725140732119292,698,698,0.026362335309386253
3,MIDD_48_original,sham,0.11116813387540063,-0.018551352825623927,0.07511646262905512,-0.16687653357945756,0.2469678706415582,0.027710366320043846,698,698,0.05419231578707695
3,MIDD_48_original,all_input,0.19224047405807793,-0.024880887006148482,0.10189117836982778,-0.12942585128369843,0.24419078672188818,0.02075583998139667,698,698,0.06220648065209389
3,MIDD_48_mirror,noop,0.11355580165998667,0.04043740524614428,0.08205989502498616,0.35610162277065843,0.49277914910604775,0.018793217882289954,698,698,0.054563991725444794
3,MIDD_48_mirror,T4a,0.2281112785370231,0.03732830764104278,0.18311824007733973,0.16364078041403943,0.2038481127018107,0.011183017953397505,698,698,0.1959378868341446
3,MIDD_48_mirror,T4b,0.21627756209562043,0.03410108267446379,0.14845550320198622,0.15767277171076605,0.22970574979673467,0.028477891806106766,698,698,-0.17863336205482483
3,MIDD_48_mirror,T4,0.1434036694721628,0.012098045714834615,0.08243677090456371,0.08436357144391665,0.1467554536899609,0.004081206090588183,698,698,0.041185829788446426
3,MIDD_48_mirror,T4_T5,0.1677901109321996,0.01206156497893429,0.09742609949293722,0.07188483821795738,0.12380219511721988,0.0049105567421507765,698,698,0.02485518716275692
3,MIDD_48_mirror,sham,0.10880275441983431,0.038601881207141496,0.07521206546981526,0.3547877203383054,0.513240541474473,0.018688955718698316,698,698,0.046570830047130585
3,MIDD_48_mirror,all_input,0.19224047405807793,-0.024880887006148482,0.10189117836982778,-0.12942585128369843,0.24419078672188818,0.02075583998139667,698,698,0.06220648065209389
3,MIDD_85_original,noop,0.1291341787914042,-0.020049280676652154,0.09141551619246678,-0.15525928816288512,0.21932032451077862,0.03966956719643451,698,698,0.06094826012849808
3,MIDD_85_original,T4a,0.25676973958846866,-0.013998613069825078,0.20694726195568205,-0.05451815736644438,0.06764338381448552,0.029535863132854067,698,698,0.22536858916282654
3,MIDD_85_original,T4b,0.26401972098204096,-0.020735823486557087,0.18645679503722223,-0.07853891902252094,0.11120980322770006,0.05402597949584243,698,698,-0.2233460694551468
3,MIDD_85_original,T4,0.1638980123003053,0.002561261519911173,0.09858172287329275,0.015627166455309125,0.02598109918613582,0.0030516039443878305,698,698,0.050462231040000916
3,MIDD_85_original,T4_T5,0.1894712212577664,0.003214790176424382,0.11421492625858641,0.016967168708174506,0.02814684806735321,0.009297118297365781,698,698,0.03491669520735741
3,MIDD_85_original,sham,0.12551039950093362,-0.01863054891079963,0.08495643829803859,-0.14843828865878994,0.21929531515246867,0.040027134253303835,698,698,0.04748191684484482
3,MIDD_85_original,all_input,0.19224047405807793,-0.024880887006148482,0.10189117836982778,-0.12942585128369843,0.24419078672188818,0.02075583998139667,698,698,0.06220648065209389
3,MIDD_85_mirror,noop,0.11919675801792087,0.05085871384402667,0.08650131284152895,0.42667866718640296,0.5879530861826364,0.019710263392692846,698,698,0.04262674227356911
3,MIDD_85_mirror,T4a,0.24414922059816452,0.047689903340752224,0.19900583467625743,0.19533096695501287,0.23964072921949314,0.010699013922976564,698,698,0.20772743225097656
3,MIDD_85_mirror,T4b,0.2642305997673781,0.04503041081105659,0.18389691041320336,0.17042087801602168,0.24486768543243298,0.026297469011662203,698,698,-0.2315128892660141
3,MIDD_85_mirror,T4,0.15507703049238442,0.014058258997903937,0.08905330642977063,0.09065339304774936,0.1578634141899109,-0.0023356571092189374,698,698,0.039011839777231216
3,MIDD_85_mirror,T4_T5,0.1813250408071244,0.012618282099273377,0.10489164299638429,0.06958929689526697,0.1202982596021338,-0.002489224526370864,698,698,0.028252990916371346
3,MIDD_85_mirror,sham,0.11906585057579061,0.050418090025763376,0.08261099005810833,0.42344710747831144,0.6103072967688613,0.022497476543779073,698,698,0.028548626229166985
3,MIDD_85_mirror,all_input,0.19224047405807793,-0.024880887006148482,0.10189117836982778,-0.12942585128369843,0.24419078672188818,0.02075583998139667,698,698,0.06220648065209389
3,MIDD_128_original,noop,0.13371956902761614,0.014890138452065011,0.08796985443327533,0.11135347324511537,0.16926410243589868,0.04891733253783832,698,698,0.05388011038303375
3,MIDD_128_original,T4a,0.2676675355086703,0.015022133551871774,0.21750804171382532,0.056122359117343076,0.06906472714069281,0.03003581903578549,698,698,0.24094516038894653
3,MIDD_128_original,T4b,0.3014085400763721,0.015813963747229716,0.2142558675706614,0.0524668735106932,0.07380877791836568,0.05523050404576371,698,698,-0.26700320839881897
3,MIDD_128_original,T4,0.1723298665099488,0.012656673303546553,0.10444094169032028,0.07344445603000492,0.12118497878997571,-0.008851530111086582,698,698,0.0466289222240448
3,MIDD_128_original,T4_T5,0.19166104172466059,0.011908650317320912,0.11818075680729016,0.06213391208855489,0.10076640765416311,-0.009362852910925047,698,698,0.041397202759981155
3,MIDD_128_original,sham,0.1399652190264128,0.01749651674239903,0.08831782469560936,0.12500617556349675,0.19810855625918575,0.05548243595157901,698,698,0.029005926102399826
3,MIDD_128_original,all_input,0.19224047405807793,-0.024880887006148482,0.10189117836982778,-0.12942585128369843,0.24419078672188818,0.02075583998139667,698,698,0.06220648065209389
3,MIDD_128_mirror,noop,0.11914320089804731,0.030014380092435376,0.08113657265249323,0.25191853052629626,0.36992417982685233,0.027483267014507,698,698,0.03496260941028595
3,MIDD_128_mirror,T4a,0.24704630167273497,0.031031643530828715,0.20605791096066603,0.12561063784689513,0.1505967103430078,0.013091568051511753,698,698,0.21917174756526947
3,MIDD_128_mirror,T4b,0.29673661696775777,0.02349568308368168,0.20468637353464006,0.07918026202419982,0.11478870174865545,0.033865564775498076,698,698,-0.26702290773391724
3,MIDD_128_mirror,T4,0.1654701258797467,0.005660382080272204,0.09597747207374656,0.03420787921794303,0.05897615302810764,-0.01461851688279345,698,698,0.04052536189556122
3,MIDD_128_mirror,T4_T5,0.18858677244456262,0.002819077342708085,0.11203648893662488,0.0149484362352974,0.025162135742246784,-0.016327740844351096,698,698,0.03887239098548889
3,MIDD_128_mirror,sham,0.1285158476051333,0.030765675680194754,0.08242439738688608,0.23939207695787615,0.37325933407539413,0.0348077217707839,698,698,0.007571953348815441
3,MIDD_128_mirror,all_input,0.19224047405807793,-0.024880887006148482,0.10189117836982778,-0.12942585128369843,0.24419078672188818,0.02075583998139667,698,698,0.06220648065209389
3,MIDD_170_original,noop,0.14842542626421865,0.05216491354585745,0.10140430213854965,0.35145537296956375,0.5144250534319939,0.04765347898651967,698,698,0.04085196182131767
3,MIDD_170_original,T4a,0.2714175056592431,0.048533203692507354,0.2240919004089283,0.17881382991353328,0.21657723284037841,0.020321757073336753,698,698,0.2454293817281723
3,MIDD_170_original,T4b,0.329323987266794,0.04912330907812669,0.24161283742545184,0.14916407846820648,0.20331415168816677,0.04722504533704217,698,698,-0.29561710357666016
3,MIDD_170_original,T4,0.1782000537203452,0.021151029985347007,0.10988745096774026,0.11869261284589715,0.19247903012652764,-0.028417583556333857,698,698,0.037846457213163376
3,MIDD_170_original,T4_T5,0.19798898197106451,0.018439029582379536,0.1223850722851054,0.09313159448981026,0.15066404127640995,-0.035901843726423216,698,698,0.04185459017753601
3,MIDD_170_original,sham,0.16697966144714052,0.05897339863372572,0.10716938851686993,0.3531771362010725,0.5502821230004732,0.061063331792960626,698,698,-0.0018707218114286661
3,MIDD_170_original,all_input,0.19224047405807793,-0.024880887006148482,0.10189117836982778,-0.12942585128369843,0.24419078672188818,0.02075583998139667,698,698,0.06220648065209389
3,MIDD_170_mirror,noop,0.12954451807411616,0.011152748706722317,0.08257270405064027,0.08609201587628361,0.13506580455307057,0.03879315626681654,698,698,0.03178669512271881
3,MIDD_170_mirror,T4a,0.2538225753939186,0.015694121291638573,0.2113945898592753,0.061831069467647486,0.07424088432010534,0.015434929497283626,698,698,0.22753959894180298
3,MIDD_170_mirror,T4b,0.3258060960308443,0.004598924603328376,0.23251441785555194,0.01411552656428194,0.019779094327756604,0.040770407175181,698,698,-0.29099997878074646
3,MIDD_170_mirror,T4,0.1795668009497234,0.0007115231433076915,0.10255094310313984,0.003962442609349095,0.006938240856469574,-0.03637244986892949,698,698,0.033670227974653244
3,MIDD_170_mirror,T4_T5,0.20588287305468303,0.0002966889277434553,0.12249487923073359,0.001441056865690105,0.002422051677642839,-0.04256629199050358,698,698,0.03827044367790222
3,MIDD_170_mirror,sham,0.15384754418833138,0.012407089234587925,0.09174648759024115,0.0806453512147056,0.13523230763885546,0.052258818009111994,698,698,-0.012790920212864876
3,MIDD_170_mirror,all_input,0.19224047405807793,-0.024880887006148482,0.10189117836982778,-0.12942585128369843,0.24419078672188818,0.02075583998139667,698,698,0.06220648065209389
3,MIDD_207_original,noop,0.1584694267353215,0.05140336943637387,0.10636837485856014,0.32437404801260944,0.4832580125881007,0.040372850695739364,698,698,0.0362170934677124
3,MIDD_207_original,T4a,0.2852186332486481,0.04754112438034198,0.23296391903604044,0.1666830944347754,0.20407076158856677,0.006817153011263477,698,698,0.2552272081375122
3,MIDD_207_original,T4b,0.35961222462254633,0.05122885910793236,0.2644835706658053,0.14245583325678884,0.19369391822323753,0.03402775798016437,698,698,-0.32623687386512756
3,MIDD_207_original,T4,0.19698692592829944,0.02161957678266927,0.11712776094902753,0.1097513283218527,0.18458114974192863,-0.051796393592404205,698,698,0.02970786951482296
3,MIDD_207_original,T4_T5,0.22732081627574313,0.019610165099581647,0.13418154147910435,0.08626647317592886,0.1461465182424922,-0.06794095254857584,698,698,0.033480435609817505
3,MIDD_207_original,sham,0.19406448673047116,0.059739801718545024,0.12374050633126492,0.307834796180485,0.4827829098954548,0.0565237416478113,698,698,-0.02181369625031948
3,MIDD_207_original,all_input,0.19224047405807793,-0.024880887006148482,0.10189117836982778,-0.12942585128369843,0.24419078672188818,0.02075583998139667,698,698,0.06220648065209389
3,MIDD_207_mirror,noop,0.13310059332896754,0.018726012068704796,0.08147505567894901,0.1406906731243649,0.2298373644872893,0.029983627856630737,698,698,0.022588420659303665
3,MIDD_207_mirror,T4a,0.2667736733188668,0.022395913344180996,0.21692263072742587,0.08395098761267876,0.10324378451929518,0.0020677579202385797,698,698,0.2338731288909912
3,MIDD_207_mirror,T4b,0.36020212108956945,0.010867789704915328,0.2557870191991122,0.030171365099243532,0.042487651402104656,0.02826179139372737,698,698,-0.3285987973213196
3,MIDD_207_mirror,T4,0.2026774008251698,0.0050364229462871056,0.11135345122228077,0.02484945497515799,0.04522915896188555,-0.06333532705743318,698,698,0.02280370146036148
3,MIDD_207_mirror,T4_T5,0.2439432426811503,0.0071562710261498155,0.13619609552681106,0.029335803474185705,0.05254387799054826,-0.07855150246567227,698,698,0.026502007618546486
3,MIDD_207_mirror,sham,0.16980587658282253,0.022046834395500398,0.09794979877343002,0.1298355206496466,0.2250829983479338,0.044360415560747955,698,698,-0.037590283900499344
3,MIDD_207_mirror,all_input,0.19224047405807793,-0.024880887006148482,0.10189117836982778,-0.12942585128369843,0.24419078672188818,0.02075583998139667,698,698,0.06220648065209389
3,MIDD_255_original,noop,0.15552672361896136,0.04296915740961923,0.10393079219509892,0.276281505903083,0.41344010280377264,0.018736702168474926,698,698,0.02667315863072872
3,MIDD_255_original,T4a,0.2959939068678744,0.042366012647502616,0.2365426690132319,0.14313136745214802,0.1791051602835035,-0.01845125159947943,698,698,0.2564080059528351
3,MIDD_255_original,T4b,0.3888181304442726,0.04731388587469019,0.29078781554464106,0.12168641884221872,0.16270931361436866,0.006687197012434282,698,698,-0.3568737804889679
3,MIDD_255_original,T4,0.20999003843663955,0.021016475392759564,0.10841333629518175,0.10008320179959813,0.19385507457806744,-0.09720486751265861,698,698,0.014313268475234509
3,MIDD_255_original,T4_T5,0.2517276265286313,0.024675095871398125,0.12880464207731365,0.09802299497942313,0.1915699269331237,-0.128821555519969,698,698,0.020333142951130867
3,MIDD_255_original,sham,0.19845191481772242,0.051131630831414795,0.12770601863557957,0.257652494199308,0.4003854428922683,0.03168822534795664,698,698,-0.042269233614206314
3,MIDD_255_original,all_input,0.19224047405807793,-0.024880887006148482,0.10189117836982778,-0.12942585128369843,0.24419078672188818,0.02075583998139667,698,698,0.06220648065209389
3,MIDD_255_mirror,noop,0.1351255445454332,0.026259083861629288,0.08007022018471582,0.19433101231869748,0.3279506887960543,0.011017016317390268,698,698,0.012357782572507858
3,MIDD_255_mirror,T4a,0.28195219199180166,0.02718677391914735,0.22049372656760557,0.09642334655067289,0.12329953483194278,-0.024297595952366222,698,698,0.24286577105522156
3,MIDD_255_mirror,T4b,0.39939257930827154,0.027502752949967943,0.2881477762344323,0.06886145205201702,0.09544669512768392,-0.0023411482641568014,698,698,-0.37084653973579407
3,MIDD_255_mirror,T4,0.21758945373123004,0.012643304381669959,0.1056753018802363,0.058106237066467246,0.11964294548217937,-0.11258544327122004,698,698,0.008141365833580494
3,MIDD_255_mirror,T4_T5,0.27169931392530317,0.017535672700132895,0.13430849366674133,0.0645407323514769,0.13056264887940766,-0.1493369010992884,698,698,0.009996454231441021
3,MIDD_255_mirror,sham,0.18106366616867564,0.03167115017478472,0.10541058678748483,0.17491720368282196,0.30045511689101956,0.022049145616154408,698,698,-0.05760137364268303
3,MIDD_255_mirror,all_input,0.19224047405807793,-0.024880887006148482,0.10189117836982778,-0.12942585128369843,0.24419078672188818,0.02075583998139667,698,698,0.06220648065209389
3,Gray,noop,0.19224047405807793,-0.024880887006148482,0.10189117836982778,-0.12942585128369843,0.24419078672188818,0.02075583998139667,698,698,0.06220648065209389
3,Gray,T4a,0.19224047405807793,-0.024880887006148482,0.10189117836982778,-0.12942585128369843,0.24419078672188818,0.02075583998139667,698,698,0.06220648065209389
3,Gray,T4b,0.19224047405807793,-0.024880887006148482,0.10189117836982778,-0.12942585128369843,0.24419078672188818,0.02075583998139667,698,698,0.06220648065209389
3,Gray,T4,0.19224047405807793,-0.024880887006148482,0.10189117836982778,-0.12942585128369843,0.24419078672188818,0.02075583998139667,698,698,0.06220648065209389
3,Gray,T4_T5,0.19224047405807793,-0.024880887006148482,0.10189117836982778,-0.12942585128369843,0.24419078672188818,0.02075583998139667,698,698,0.06220648065209389
3,Gray,sham,0.19224047405807793,-0.024880887006148482,0.10189117836982778,-0.12942585128369843,0.24419078672188818,0.02075583998139667,698,698,0.06220648065209389
3,Gray,all_input,0.19224047405807793,-0.024880887006148482,0.10189117836982778,-0.12942585128369843,0.24419078672188818,0.02075583998139667,698,698,0.06220648065209389
4,Static,noop,0.3261658157785611,0.07768200655216474,0.1775471907874476,0.23816722291003126,0.4375287843622518,0.039885522840336335,698,698,-0.12537620961666107
4,Static,T4a,0.3989754677877987,0.028312732591388626,0.25161847587729874,0.07096359269499546,0.11252247074732014,-0.08408593448256368,698,698,-0.26854434609413147
4,Static,T4b,0.8604348488014987,0.15604313921413035,0.5237767240830636,0.18135381131004066,0.29791919350235213,0.004083282250761305,698,698,0.5752934813499451
4,Static,T4,0.727324162985446,0.0438473836081536,0.556671953878648,0.0602858887956827,0.07876700685681057,0.05786075837059308,698,698,0.26265639066696167
4,Static,T4_T5,0.6245242811343821,0.046370636187416193,0.4877699118422681,0.07424953294560278,0.09506661862819295,0.046831590607930754,698,698,0.22812020778656006
4,Static,sham,0.32597336799679005,0.07604854233381696,0.1770875709485673,0.2332967959964319,0.42944031546914285,0.0345707121681755,698,698,-0.13561132550239563
4,Static,all_input,0.2843076967288741,0.04431864847110158,0.1591046767263133,0.15588268970911964,0.2785502562400292,0.08319827152655751,698,698,0.06954652816057205
4,CW,noop,11.874242586048364,11.325295865973011,11.3280823803601,0.9537699591281437,0.9997540171148545,0.5630829086771266,698,698,-0.04829753190279007
4,CW,T4a,9.348252309657418,8.940726517796625,8.944125047170623,0.9564062053139291,0.9996200266257377,-0.006006373230132712,698,698,-0.6676310300827026
4,CW,T4b,12.592197974547316,7.654529474006231,10.004705260115898,0.6078787428118885,0.7650929512657685,1.6229147983014305,698,698,7.510447978973389
4,CW,T4,9.950963294912304,4.646052640383217,7.443072891113855,0.4668947621139991,0.6242116271533565,-0.7700001794807264,698,698,6.402665615081787
4,CW,T4_T5,8.250713758125444,3.634207289055463,6.100660982514514,0.4404718665068744,0.5957071372219653,-0.8399304918622398,698,698,5.753278732299805
4,CW,sham,11.551852562195918,11.02076464743743,11.02334562045315,0.9540257364003671,0.999765863005245,0.5536999886529066,698,698,-0.1707381308078766
4,CW,all_input,0.2843076967288741,0.04431864847110158,0.1591046767263133,0.15588268970911964,0.2785502562400292,0.08319827152655751,698,698,0.06954652816057205
4,CCW,noop,11.745205042972666,-11.115193673904901,11.124084980623266,-0.9463601217039025,0.9992007156782915,0.7411049715347744,698,698,-0.23226694762706757
4,CCW,T4a,9.206796351460223,-8.723468549709171,8.734848332635913,-0.9475031505748039,0.9986971974219376,0.15033291247089706,698,698,-0.9376857280731201
4,CCW,T4b,12.386911544663757,-7.86062679261988,10.105419440254215,-0.6345913397602498,0.7778624963658248,-0.4833263390270656,698,698,7.332605361938477
4,CCW,T4,10.029540916977991,-4.7392485030874685,7.779490810665651,-0.4725289564415532,0.6091977763621724,0.8919298952886079,698,698,6.5248236656188965
4,CCW,T4_T5,8.427315478959054,-3.8281659547916522,6.495937469977879,-0.4542568703342893,0.5893169342353118,0.9465170476469503,698,698,6.049280166625977
4,CCW,sham,11.42058772206478,-10.793999035372009,10.802714035664053,-0.9451351627480439,0.9991932582623893,0.7719745205345053,698,698,-0.3379077613353729
4,CCW,all_input,0.2843076967288741,0.04431864847110158,0.1591046767263133,0.15588268970911964,0.2785502562400292,0.08319827152655751,698,698,0.06954652816057205
4,Right,noop,0.9093846639884102,0.05321751796788031,0.629932995463308,0.058520360058060696,0.08448123586341032,0.08650609197194783,698,698,0.5263117551803589
4,Right,T4a,0.5599944519441189,0.008489638537652406,0.3883683638646757,0.015160219013204752,0.021859758228429137,0.03772947199362533,698,698,0.24790509045124054
4,Right,T4b,1.3139299209855657,0.021480609403423785,0.8972244673157896,0.016348367641488365,0.023941176579465047,0.15875183000795454,698,698,0.7627447247505188
4,Right,T4,0.9881741400077484,-0.026313217467229685,0.6800425582954952,-0.026628117860909982,0.038693486380003805,0.10043251622749275,698,698,0.4979679584503174
4,Right,T4_T5,1.183099444083606,-0.03413227137358669,0.8383208463690492,-0.02884987525289942,0.04071504546430047,0.09291171022270478,698,698,0.702637255191803
4,Right,sham,0.7945085855075839,0.04643431299525621,0.5418888771199922,0.05844406698964863,0.08568973262939683,0.0832532629861371,698,698,0.4182513654232025
4,Right,all_input,0.2843076967288741,0.04431864847110158,0.1591046767263133,0.15588268970911964,0.2785502562400292,0.08319827152655751,698,698,0.06954652816057205
4,Left,noop,1.3214403921324502,0.016857623369070387,0.9562592640672779,0.012757006270912233,0.01762871639786212,0.19558903312902665,698,698,-1.2002530097961426
4,Left,T4a,1.2710363646748688,-0.02426468090053579,0.946831867402493,-0.01909046945855298,0.02562723302406657,0.1374939480090444,698,698,-1.1743263006210327
4,Left,T4b,1.1514154626648314,0.014300210757314196,0.7772064287864895,0.012419679273906784,0.01839950137782852,0.04087858684930497,698,698,0.42796504497528076
4,Left,T4,1.085819352504442,-0.025445717863405458,0.7589555617497906,-0.023434577588541703,0.033527282947554575,-0.026027702427931083,698,698,0.3947811722755432
4,Left,T4_T5,0.9744584191600435,-0.0322715764054148,0.6827037764451067,-0.033117448390698925,0.047270247388194464,0.011395455146084974,698,698,0.441166490316391
4,Left,sham,1.3327799976596457,0.010055638616743304,0.9669392748101358,0.0075448600927392,0.010399452042857384,0.19689972624445987,698,698,-1.2203261852264404
4,Left,all_input,0.2843076967288741,0.04431864847110158,0.1591046767263133,0.15588268970911964,0.2785502562400292,0.08319827152655751,698,698,0.06954652816057205
4,MIDD_0_original,noop,0.24804859087003603,-0.02050037070294981,0.1972227724493822,-0.0826465920690954,0.10394525159720737,0.005413512209513668,698,698,-0.09474167227745056
4,MIDD_0_original,T4a,0.21260448310489488,-0.02091659925770448,0.17435297652224274,-0.09838268202173629,0.11996697547079781,1.7717641394278692e-05,698,698,-0.11169152706861496
4,MIDD_0_original,T4b,0.8057009916502657,-0.015954655070842632,0.48628815392805647,-0.01980220359188554,0.032809055581483546,0.005484742881069265,698,698,0.7334851622581482
4,MIDD_0_original,T4,0.6082961897454214,0.005162158507217772,0.39563570987017793,0.008486258165414765,0.013047756758134039,0.04798259531340235,698,698,0.5714346170425415
4,MIDD_0_original,T4_T5,0.5299987884323185,-0.003956195203458047,0.34071003763697033,-0.00746453631556416,0.011611619167127121,0.06318445965983449,698,698,0.49414828419685364
4,MIDD_0_original,sham,0.24408579541764064,-0.01957312534782316,0.19472342403918957,-0.08018953054737475,0.10051756969867127,0.003930878282847399,698,698,-0.09918686002492905
4,MIDD_0_original,all_input,0.2843076967288741,0.04431864847110158,0.1591046767263133,0.15588268970911964,0.2785502562400292,0.08319827152655751,698,698,0.06954652816057205
4,MIDD_0_mirror,noop,0.23982220544762245,-0.011060447650650852,0.18855590477380627,-0.046119364259897405,0.05865871802805161,-0.00384970455300101,698,698,-0.07728520780801773
4,MIDD_0_mirror,T4a,0.2072720321985834,-0.010481762105050288,0.1685384984076275,-0.05057007447588448,0.06219209381882044,-0.010318288279071853,698,698,-0.09568079560995102
4,MIDD_0_mirror,T4b,0.8192637543303296,-0.004409616528165009,0.49683300691044757,-0.00538241378903605,0.008875450034179848,-0.003137638892202032,698,698,0.7487349510192871
4,MIDD_0_mirror,T4,0.628472847876015,-0.002749866407817505,0.40427918030164806,-0.00437547368531663,0.006801899632243554,0.03743108667613243,698,698,0.5928500890731812
4,MIDD_0_mirror,T4_T5,0.5498335782356494,-0.013583513142235815,0.35082653737180564,-0.02470477191630183,0.03871860220152052,0.05399014092389732,698,698,0.5158533453941345
4,MIDD_0_mirror,sham,0.23617840685507416,-0.00978079767192213,0.1861200470937895,-0.04141275149647321,0.05255101653285848,-0.005376515795242805,698,698,-0.0819043517112732
4,MIDD_0_mirror,all_input,0.2843076967288741,0.04431864847110158,0.1591046767263133,0.15588268970911964,0.2785502562400292,0.08319827152655751,698,698,0.06954652816057205
4,MIDD_48_original,noop,0.2537828831978053,-0.0164577429027549,0.20646789781779992,-0.06484969630488155,0.07971090458468383,-0.0033543738528031457,698,698,-0.11002222448587418
4,MIDD_48_original,T4a,0.22702610154049757,-0.016830340090538982,0.18809270035264994,-0.07413394308555635,0.08947896467531292,-0.000863736084554474,698,698,-0.11682547628879547
4,MIDD_48_original,T4b,0.7479259721541581,-0.009325766910058781,0.4555255761439066,-0.0124688368331413,0.020472542922842705,-0.006478852993586331,698,698,0.6810934543609619
4,MIDD_48_original,T4,0.5966396301968832,-0.0008015312191475672,0.39350589787453905,-0.0013434092852381808,0.0020368976004601544,0.030161777930535434,698,698,0.5637101531028748
4,MIDD_48_original,T4_T5,0.5440564773805353,-0.0065512113665627866,0.35390132783869116,-0.01204141782872406,0.018511406573610938,0.0423022547906698,698,698,0.5118815898895264
4,MIDD_48_original,sham,0.25095283569714777,-0.015469818674219751,0.2044262896323968,-0.06164432703557442,0.07567431127394558,-0.004852519121257126,698,698,-0.11335069686174393
4,MIDD_48_original,all_input,0.2843076967288741,0.04431864847110158,0.1591046767263133,0.15588268970911964,0.2785502562400292,0.08319827152655751,698,698,0.06954652816057205
4,MIDD_48_mirror,noop,0.25235837394464666,-0.01709223114750741,0.201010795877928,-0.06772999397775677,0.08503140875024127,-0.012088102063495849,698,698,-0.10231873393058777
4,MIDD_48_mirror,T4a,0.22875265943247447,-0.015567111872319935,0.18542065666220175,-0.0680521569058094,0.08395565064080215,-0.009663664290410632,698,698,-0.10940217971801758
4,MIDD_48_mirror,T4b,0.7573030235075087,-0.006065587843533012,0.45478773267717554,-0.008009459430704191,0.013337184377922924,-0.011737957447027358,698,698,0.6963624954223633
4,MIDD_48_mirror,T4,0.619482367243299,-0.008047839875040411,0.40351414477951,-0.012991233165930706,0.01994438108096049,0.023899707374924212,698,698,0.5853953957557678
4,MIDD_48_mirror,T4_T5,0.568260748048487,-0.014394027885481836,0.36673415094473333,-0.025329970325970255,0.03924921594676087,0.036470684875606355,698,698,0.5352800488471985
4,MIDD_48_mirror,sham,0.2500996686465617,-0.01602475762047494,0.19938169567092628,-0.06407348601137479,0.08037226068597259,-0.012941599049705444,698,698,-0.10540241748094559
4,MIDD_48_mirror,all_input,0.2843076967288741,0.04431864847110158,0.1591046767263133,0.15588268970911964,0.2785502562400292,0.08319827152655751,698,698,0.06954652816057205
4,MIDD_85_original,noop,0.24635293012076556,-0.0014641675530760317,0.19909856340364365,-0.005943373810728685,0.007353983514726036,-0.0013410477974030693,698,698,-0.10720758885145187
4,MIDD_85_original,T4a,0.22756345826643823,-0.0021856169044465403,0.18597209559915595,-0.009604428237716239,0.011752391655344986,0.0038822705415435237,698,698,-0.1101074367761612
4,MIDD_85_original,T4b,0.7046418800629913,0.005090368816698638,0.428574096792988,0.0072240509125622585,0.011877453291717285,-0.009626720656118967,698,698,0.645784854888916
4,MIDD_85_original,T4,0.5824589557695355,0.001628969913812063,0.38804474083406887,0.0027967119359679064,0.004197892001604588,0.011582554406898857,698,698,0.5530438423156738
4,MIDD_85_original,T4_T5,0.5534805580268101,-0.004344146701622643,0.36446532296720263,-0.00784877921838804,0.011919231893602021,0.01842073404139594,698,698,0.5247765183448792
4,MIDD_85_original,sham,0.2448741026357924,-0.0007482587182570072,0.1976634500387018,-0.003055687433676528,0.003785518861026157,-0.002630998264715798,698,698,-0.10961389541625977
4,MIDD_85_original,all_input,0.2843076967288741,0.04431864847110158,0.1591046767263133,0.15588268970911964,0.2785502562400292,0.08319827152655751,698,698,0.06954652816057205
4,MIDD_85_mirror,noop,0.2481315032484029,-0.02716262052472222,0.19643859043499204,-0.10946864936182604,0.1382753789088668,-0.005001619303645308,698,698,-0.09899652004241943
4,MIDD_85_mirror,T4a,0.2302634876601889,-0.025782180673447088,0.18465842787926848,-0.1119681671437858,0.139620925887573,0.00016650073748180765,698,698,-0.10260581970214844
4,MIDD_85_mirror,T4b,0.7123822787251245,-0.005468883125048661,0.4253949634418197,-0.007676893836881716,0.012856012870487658,-0.011042488665475862,698,698,0.6538886427879333
4,MIDD_85_mirror,T4,0.6004856594927633,-0.008015892722342207,0.39493076942218375,-0.013349016076609252,0.02029695668957402,0.014224491669800806,698,698,0.5687160491943359
4,MIDD_85_mirror,T4_T5,0.5724758079747168,-0.013916063610103927,0.3743422023950462,-0.02430856189248529,0.037174712124544804,0.021922699945021794,698,698,0.5412573218345642
4,MIDD_85_mirror,sham,0.24674114854777637,-0.026536591355014082,0.1954631702638955,-0.10754830116986269,0.13576261614495938,-0.005455805898127636,698,698,-0.10146131366491318
4,MIDD_85_mirror,all_input,0.2843076967288741,0.04431864847110158,0.1591046767263133,0.15588268970911964,0.2785502562400292,0.08319827152655751,698,698,0.06954652816057205
4,MIDD_128_original,noop,0.23465088734006845,0.0073509326323420235,0.18593967337292658,0.03132710349263953,0.0395339655007286,0.010302676724010312,698,698,-0.09444054216146469
4,MIDD_128_original,T4a,0.2221204406764733,0.006859394498282155,0.17772227711332275,0.030881419456001882,0.03859614343061975,0.01627521215667684,698,698,-0.09523388743400574
4,MIDD_128_original,T4b,0.650019644477784,0.01893956249113665,0.39321821979989585,0.029136907864303712,0.04816552625861226,-0.00747301911159653,698,698,0.5975374579429626
4,MIDD_128_original,T4,0.5461999053296842,0.004042832555257765,0.3664950141234028,0.007401745250793345,0.011031071090905755,-0.010805280639749396,698,698,0.5212390422821045
4,MIDD_128_original,T4_T5,0.5394271304691518,-0.002412482603879452,0.35858194910147123,-0.004472304909434685,0.006727841738616826,-0.011388470750620319,698,698,0.5148918628692627
4,MIDD_128_original,sham,0.23420355133394868,0.0077020381022277025,0.1852649011186076,0.03288608587854177,0.04157310994000324,0.009472568031805796,698,698,-0.09612961113452911
4,MIDD_128_original,all_input,0.2843076967288741,0.04431864847110158,0.1591046767263133,0.15588268970911964,0.2785502562400292,0.08319827152655751,698,698,0.06954652816057205
4,MIDD_128_mirror,noop,0.24022043968388118,-0.0418881158164222,0.1831707172569885,-0.1743736539303025,0.22868347323034816,0.008999830588258114,698,698,-0.0851312205195427
4,MIDD_128_mirror,T4a,0.22845796771339696,-0.040285297336591634,0.17651182104830426,-0.1763357073504654,0.22823002503366135,0.01524603971156654,698,698,-0.08705909550189972
4,MIDD_128_mirror,T4b,0.653809589821661,-0.00949591469472686,0.3827457552128269,-0.0145239758525369,0.024809980425378277,-0.011082228293309248,698,698,0.5969198942184448
4,MIDD_128_mirror,T4,0.5538267476986248,-0.005549947239123046,0.3660316505855509,-0.0100210891983555,0.015162479064978788,-0.0016444522956366064,698,698,0.5251231789588928
4,MIDD_128_mirror,T4_T5,0.5486013255139716,-0.011016072999681693,0.3614255655710688,-0.020080288703934492,0.030479506844724162,-2.22484404896301e-05,698,698,0.5197927951812744
4,MIDD_128_mirror,sham,0.23977683428722588,-0.041750990226739365,0.18281530602522783,-0.1741243700662356,0.22837797958217942,0.009130467761052585,698,698,-0.08696620166301727
4,MIDD_128_mirror,all_input,0.2843076967288741,0.04431864847110158,0.1591046767263133,0.15588268970911964,0.2785502562400292,0.08319827152655751,698,698,0.06954652816057205
4,MIDD_170_original,noop,0.21535894896664556,0.007030787649363973,0.1626093149929804,0.03264683303433511,0.04323729947246553,0.012552839814383885,698,698,-0.06566661596298218
4,MIDD_170_original,T4a,0.20658310566849444,0.006832474893911905,0.15765931219842957,0.033073735007527826,0.043336957383859266,0.01890692384898239,698,698,-0.06586956977844238
4,MIDD_170_original,T4b,0.6151505401510725,0.025445389488035052,0.3726834405144205,0.04136449182306824,0.06827614731932388,-0.013855809383686486,698,698,0.5626623034477234
4,MIDD_170_original,T4,0.5160195337151758,0.00932272268659362,0.34967913449586824,0.01806660809809465,0.026660792043065918,-0.03205401990160006,698,698,0.493215948343277
4,MIDD_170_original,T4_T5,0.5242344399936244,0.0014990798986489603,0.3524280498469388,0.0028595601209779192,0.004253577146597774,-0.03889844392283435,698,698,0.5013052821159363
4,MIDD_170_original,sham,0.2155623569483272,0.007101413146155149,0.16235182581483507,0.03294366069609009,0.04374088871814985,0.01220425885343481,698,698,-0.06667386740446091
4,MIDD_170_original,all_input,0.2843076967288741,0.04431864847110158,0.1591046767263133,0.15588268970911964,0.2785502562400292,0.08319827152655751,698,698,0.06954652816057205
4,MIDD_170_mirror,noop,0.2196008209226132,-0.04032169560132862,0.16098437709891936,-0.18361359229862756,0.25046961902739373,0.0065937464582307165,698,698,-0.06717190146446228
4,MIDD_170_mirror,T4a,0.21203804625112577,-0.03878882414717496,0.15787270808607146,-0.18293332179280547,0.2456968314373088,0.013361646665127902,698,698,-0.06797001510858536
4,MIDD_170_mirror,T4b,0.6001242702616039,-0.009897282012155333,0.3499646322904835,-0.01649205423376886,0.028280806398574082,-0.02365332289496093,698,698,0.5442661046981812
4,MIDD_170_mirror,T4,0.5060180415245327,-0.005154422104840055,0.33658960988563363,-0.01018624175792388,0.015313669683955556,-0.02616050033962763,698,698,0.4788699746131897
4,MIDD_170_mirror,T4_T5,0.5156504937220634,-0.011698506517184166,0.3414591305628571,-0.02268689094572977,0.034260341780582904,-0.0316320286931907,698,698,0.48813891410827637
4,MIDD_170_mirror,sham,0.22006750094399571,-0.04035946526427204,0.16119759004722206,-0.18339584487099253,0.2503726343082978,0.006847840139211232,698,698,-0.0682716965675354
4,MIDD_170_mirror,all_input,0.2843076967288741,0.04431864847110158,0.1591046767263133,0.15588268970911964,0.2785502562400292,0.08319827152655751,698,698,0.06954652816057205
4,MIDD_207_original,noop,0.1996202402093079,0.00026523066626527145,0.1441636318497507,0.0013286762203430324,0.0018397890151775481,0.012570118133262725,698,698,-0.04566267505288124
4,MIDD_207_original,T4a,0.19279097487117713,0.0006075625878482524,0.14053346646781312,0.003151405755659597,0.00432325910061718,0.018765617751223377,698,698,-0.045572757720947266
4,MIDD_207_original,T4b,0.5955614481701439,0.02342599339459043,0.3640708018869605,0.03933430121537675,0.06434460899686185,-0.02057787112522959,698,698,0.5411863327026367
4,MIDD_207_original,T4,0.49860781992824,0.01159113430296067,0.33807759397985004,0.023246996616757585,0.034285425918085304,-0.0491787132103163,698,698,0.47588205337524414
4,MIDD_207_original,T4_T5,0.5154524569777735,0.003763904253312773,0.34716268648611415,0.007302136603211639,0.010841903233927537,-0.05922873223863336,698,698,0.49212324619293213
4,MIDD_207_original,sham,0.20017145060849317,0.00016935930447323994,0.1440027255491735,0.0008460712252342248,0.0011760840208222849,0.012479488932187364,698,698,-0.04601646959781647
4,MIDD_207_original,all_input,0.2843076967288741,0.04431864847110158,0.1591046767263133,0.15588268970911964,0.2785502562400292,0.08319827152655751,698,698,0.06954652816057205
4,MIDD_207_mirror,noop,0.1955307008039029,-0.024823885742049284,0.13634026488659176,-0.1269564607500951,0.18207303442382092,-0.0020241014857186154,698,698,-0.049964260309934616
4,MIDD_207_mirror,T4a,0.18977306318308443,-0.023495615893411082,0.13472844711089668,-0.12380901430011476,0.17439239000559062,0.004728006372286837,698,698,-0.04967479035258293
4,MIDD_207_mirror,T4b,0.5720641249268036,-0.0005655020435311171,0.3350202298353247,-0.0009885291156886895,0.0016879638695522449,-0.036861462592818854,698,698,0.5178272724151611
4,MIDD_207_mirror,T4,0.48485903159705146,-0.001067122258394878,0.3258043863352671,-0.0022008917826691616,0.003275346505914632,-0.04803483212863123,698,698,0.4567906856536865
4,MIDD_207_mirror,T4_T5,0.502593247633258,-0.0083630484080832,0.33519572458100155,-0.016639794600236478,0.024949746654845034,-0.05848616801650185,698,698,0.4739026129245758
4,MIDD_207_mirror,sham,0.1964693528978163,-0.024938084121941838,0.13656748297641114,-0.12693116638355365,0.18260630992407845,-0.0019024900573161958,698,698,-0.0502583384513855
4,MIDD_207_mirror,all_input,0.2843076967288741,0.04431864847110158,0.1591046767263133,0.15588268970911964,0.2785502562400292,0.08319827152655751,698,698,0.06954652816057205
4,MIDD_255_original,noop,0.18014037970964697,-0.017242823124848483,0.1233067355380585,-0.09571881192124014,0.13983683088850002,0.0078018153086947895,698,698,-0.02733450010418892
4,MIDD_255_original,T4a,0.17474212897853214,-0.015855804333194386,0.12062029840779341,-0.09073830349830718,0.13145220615844477,0.012732069235431197,698,698,-0.027389151975512505
4,MIDD_255_original,T4b,0.588395302253132,0.01839316838615309,0.36161142520381767,0.031259883135912964,0.05086445588876517,-0.030972909418010997,698,698,0.5304252505302429
4,MIDD_255_original,T4,0.4915721205619933,0.015352134127059663,0.3294705838476495,0.031230685152583974,0.04659637272551969,-0.07014716903334291,698,698,0.4675348997116089
4,MIDD_255_original,T4_T5,0.5144696289683295,0.006410658254627864,0.3431298518252167,0.012460712729502057,0.018682892848079335,-0.08180152742807081,698,698,0.4894659221172333
4,MIDD_255_original,sham,0.18111846566182338,-0.01754261853270813,0.1231675797676457,-0.09685715075271759,0.142428864525893,0.00781599282832194,698,698,-0.027182426303625107
4,MIDD_255_original,all_input,0.2843076967288741,0.04431864847110158,0.1591046767263133,0.15588268970911964,0.2785502562400292,0.08319827152655751,698,698,0.06954652816057205
4,MIDD_255_mirror,noop,0.166636329851962,-0.002966537176144456,0.10896797972675053,-0.01780246347708148,0.027223934807118398,-0.006094271138129547,698,698,-0.024691112339496613
4,MIDD_255_mirror,T4a,0.16229666176759955,-0.0016716896689480355,0.10828404107001452,-0.010300209817881583,0.015438005937247493,-0.0006589929549223827,698,698,-0.024168774485588074
4,MIDD_255_mirror,T4b,0.5742051650607987,0.014201724113094205,0.35059222098229226,0.024732839370385114,0.04050781296089141,-0.0509859764625135,698,698,0.5173542499542236
4,MIDD_255_mirror,T4,0.4899094320319417,0.0029027501166021784,0.3305274339892366,0.005925074976741663,0.008782176055911608,-0.07739310361545505,698,698,0.4599612057209015
4,MIDD_255_mirror,T4_T5,0.5176502364903802,-0.005665342327716497,0.34635743286575205,-0.010944344131139557,0.016356924350782967,-0.09119036198530224,698,698,0.4866383969783783
4,MIDD_255_mirror,sham,0.16786808154336716,-0.003115220962964964,0.10921937018374009,-0.01855755385016523,0.028522605081170292,-0.006200713649770996,698,698,-0.024411434307694435
4,MIDD_255_mirror,all_input,0.2843076967288741,0.04431864847110158,0.1591046767263133,0.15588268970911964,0.2785502562400292,0.08319827152655751,698,698,0.06954652816057205
4,Gray,noop,0.2843076967288741,0.04431864847110158,0.1591046767263133,0.15588268970911964,0.2785502562400292,0.08319827152655751,698,698,0.06954652816057205
4,Gray,T4a,0.2843076967288741,0.04431864847110158,0.1591046767263133,0.15588268970911964,0.2785502562400292,0.08319827152655751,698,698,0.06954652816057205
4,Gray,T4b,0.2843076967288741,0.04431864847110158,0.1591046767263133,0.15588268970911964,0.2785502562400292,0.08319827152655751,698,698,0.06954652816057205
4,Gray,T4,0.2843076967288741,0.04431864847110158,0.1591046767263133,0.15588268970911964,0.2785502562400292,0.08319827152655751,698,698,0.06954652816057205
4,Gray,T4_T5,0.2843076967288741,0.04431864847110158,0.1591046767263133,0.15588268970911964,0.2785502562400292,0.08319827152655751,698,698,0.06954652816057205
4,Gray,sham,0.2843076967288741,0.04431864847110158,0.1591046767263133,0.15588268970911964,0.2785502562400292,0.08319827152655751,698,698,0.06954652816057205
4,Gray,all_input,0.2843076967288741,0.04431864847110158,0.1591046767263133,0.15588268970911964,0.2785502562400292,0.08319827152655751,698,698,0.06954652816057205
5,Static,noop,0.2064478941631135,-0.033481338594988,0.1288839637135738,-0.1621781550773996,0.2597789331603387,0.0020671361014686,698,698,0.0345854274928569
5,Static,T4a,0.3317991661343012,0.0089764229689041,0.2175520955286048,0.0270537839907371,0.0412610273741254,0.0592701557686215,698,698,-0.0581194683909416
5,Static,T4b,0.3078334667283294,-0.0408472210449775,0.1921502563133085,-0.1326925934308051,0.2125795813583224,-0.096130168653865,698,698,0.0857466012239456
5,Static,T4,0.6207987069096834,0.0602072205212706,0.4371150438707593,0.0969834824898079,0.1377376994123131,-0.0608199969133377,698,698,0.0498498678207397
5,Static,T4_T5,0.5294243321093958,-0.0143657865668227,0.3496478834557409,-0.0271347304903514,0.0410864393767771,-0.0307703190304189,698,698,-0.4213087260723114
5,Static,sham,0.3482547653724825,-0.0584134925478023,0.2130804008292443,-0.1677320696109501,0.2741382704391147,-0.024937318693665,698,698,0.2339385151863098
5,Static,all_input,0.2523089810811751,-0.03315192897492,0.1693150266479988,-0.1313941692953611,0.195800276155299,-0.0281754251397592,698,698,0.0800527036190033
5,CW,noop,9.537584055246755,9.03301799435169,9.035193105687217,0.9470970784663756,0.9997592623300816,0.8240749674315853,698,698,0.1610203683376312
5,CW,T4a,8.365563756254678,6.9283542382243315,7.241196113952935,0.828199322854268,0.9567969337101928,0.8860198241499632,698,698,-2.9457998275756836
5,CW,T4b,8.386915042792861,6.987226479658205,7.377486832494967,0.8331104397751767,0.9471011793450018,-0.2775085651145214,698,698,3.2417593002319336
5,CW,T4,4.879277661202014,3.3758795616920225,4.0745705416115685,0.6918810111044945,0.8285240192103287,-0.2906566032411543,698,698,0.0168899428099393
5,CW,T4_T5,3.6908005264150296,2.058892019328038,2.8916940303347767,0.5578442954563826,0.7120020298584897,-0.3877963411302232,698,698,-2.112724781036377
5,CW,sham,7.839127405183467,7.407541068927285,7.415433738421744,0.944944594729918,0.9989356429073644,0.6093338291932137,698,698,0.7407920360565186
5,CW,all_input,0.2523089810811751,-0.03315192897492,0.1693150266479988,-0.1313941692953611,0.195800276155299,-0.0281754251397592,698,698,0.0800527036190033
5,CCW,noop,9.536976454249034,-8.993076055789011,8.99645311765087,-0.9429693046775116,0.9996246229688862,0.1866535116273545,698,698,0.2809507846832275
5,CCW,T4a,8.070262176302888,-6.729094284696536,7.140394042395512,-0.8338135908961557,0.9423981708492672,-0.676855657371738,698,698,-2.7841169834136963
5,CCW,T4b,8.445382928264431,-6.975669891481382,7.333157353396342,-0.8259743756716686,0.9512505398851984,0.1435410002964531,698,698,3.428044080734253
5,CCW,T4,5.031533306692533,-3.5318598437939466,4.153584434772747,-0.7019450391188221,0.8503161303827409,-0.4338576020555191,698,698,0.1711184680461883
5,CCW,T4_T5,3.57502495812888,-2.0276671316449937,2.9139251134739865,-0.5671756576228905,0.6958542353298866,-0.1177694089058847,698,698,-2.047131299972534
5,CCW,sham,7.895134801773267,-7.443774165865197,7.452907324204345,-0.942830534596231,0.9987745509313544,0.2110696000204339,698,698,0.7993782162666321
5,CCW,all_input,0.2523089810811751,-0.03315192897492,0.1693150266479988,-0.1313941692953611,0.195800276155299,-0.0281754251397592,698,698,0.0800527036190033
5,Right,noop,0.6420421685066022,0.086343247304539,0.4816123813879001,0.1344822062161033,0.1792795423068588,0.0235807364188369,698,698,0.4990620911121368
5,Right,T4a,0.6572901382356275,0.1121437298020726,0.4684815286816043,0.1706152629995354,0.2393770574427262,0.0724084876513912,698,698,0.3844830691814422
5,Right,T4b,0.7350908795108745,0.063854639703806,0.5350478857783244,0.0868663201838316,0.1193437847360481,0.0162747225265365,698,698,0.509949803352356
5,Right,T4,1.0014714486844685,0.1273502744169793,0.6622212767910362,0.1271631603519665,0.1923077359188576,-0.0530515213764187,698,698,0.4458394050598144
5,Right,T4_T5,1.096592088445323,-0.2139321521467674,0.6533384257068253,-0.1950881776377453,0.3274446194027563,-0.03007957455416,698,698,-0.0838677138090133
5,Right,sham,0.6862592493255081,0.1219909815576456,0.4844756075709091,0.1777622402576647,0.2518000486532042,-0.1013569849900365,698,698,0.4916653037071228
5,Right,all_input,0.2523089810811751,-0.03315192897492,0.1693150266479988,-0.1313941692953611,0.195800276155299,-0.0281754251397592,698,698,0.0800527036190033
5,Left,noop,1.1975361418288444,0.1261597021168012,0.8459080237248938,0.1053493900602729,0.1491411578782126,-0.0014620262066979,698,698,-1.0376670360565186
5,Left,T4a,1.242658293941601,0.1247165697505582,0.8419550435733699,0.1003627226878021,0.1481273503882634,-0.08134312847783,698,698,-1.1156114339828491
5,Left,T4b,0.7712906892691952,0.0889178546471664,0.5136782434293135,0.1152844911578239,0.1731002933929054,-0.1110285279019631,698,698,-0.2566401362419128
5,Left,T4,1.1108637019756822,-0.0094714247683597,0.5851830560662027,-0.0085261808010421,0.016185405011604,-0.3942913688043865,698,698,-0.2645540535449981
5,Left,T4_T5,1.3054426542076605,-0.2286227792233802,0.6074786845834772,-0.1751304651234512,0.3763469978870737,-0.5801275551611718,698,698,-0.9502795338630676
5,Left,sham,1.2488769639539932,0.1686450149213875,0.8684534211060176,0.1350373333714562,0.194190051904695,-0.2490861183632547,698,698,-0.9457000494003296
5,Left,all_input,0.2523089810811751,-0.03315192897492,0.1693150266479988,-0.1313941692953611,0.195800276155299,-0.0281754251397592,698,698,0.0800527036190033
5,MIDD_0_original,noop,0.1185826098987585,-0.0234003398184216,0.0897532160041195,-0.1973336548959416,0.2607186779507448,-0.0003216108317625,698,698,-0.0617201700806617
5,MIDD_0_original,T4a,0.138537198873763,-0.0093317467966378,0.1090399717258784,-0.0673591416060102,0.0855809722704018,0.0070609771800012,698,698,-0.0781593322753906
5,MIDD_0_original,T4b,0.1386467762921437,-0.0391286278189004,0.0855994459375827,-0.2822180858821571,0.4571130968234556,-0.0125434309154394,698,698,0.090100385248661
5,MIDD_0_original,T4,0.180310211124809,-0.0252282169017573,0.1167479377531892,-0.1399156306477539,0.2160913279264168,-0.0249928106926047,698,698,0.0805396288633346
5,MIDD_0_original,T4_T5,0.2380379979353632,-0.0240523071204985,0.148670529264895,-0.1010439817555083,0.1617826158245738,-0.0065124006945785,698,698,-0.0191845186054706
5,MIDD_0_original,sham,0.1127829458367945,-0.0250256759876682,0.0788373046141085,-0.2218923774511289,0.3174344443935964,-0.0032440931843922,698,698,-0.0272518191486597
5,MIDD_0_original,all_input,0.2523089810811751,-0.03315192897492,0.1693150266479988,-0.1313941692953611,0.195800276155299,-0.0281754251397592,698,698,0.0800527036190033
5,MIDD_0_mirror,noop,0.1141967375510868,0.0086618355084536,0.0885582385082807,0.0758501135339238,0.0978094828257419,-0.0110564072363821,698,698,-0.0625427588820457
5,MIDD_0_mirror,T4a,0.1377130087015711,0.0219878405065147,0.1112209109197637,0.1596642228198147,0.1976952024999783,-0.0019801225729761,698,698,-0.0809215232729911
5,MIDD_0_mirror,T4b,0.1388646918781819,-0.0159391842415934,0.0802738625248302,-0.1147821237062619,0.1985600759732113,-0.0248490437417736,698,698,0.0926910415291786
5,MIDD_0_mirror,T4,0.1789472147082946,-0.017526348031997,0.1153540055551517,-0.0979414407794339,0.1519353224679968,-0.0282013456579736,698,698,0.0792804583907127
5,MIDD_0_mirror,T4_T5,0.2385265497712683,-0.0181215967715464,0.1510850814546262,-0.0759730805183903,0.119942992366117,-0.0084227471088356,698,698,-0.0139290709048509
5,MIDD_0_mirror,sham,0.1109826173095362,0.0061751378613274,0.0765653157580849,0.0556405859856837,0.0806518957074296,-0.0130522995004266,698,698,-0.0293611977249383
5,MIDD_0_mirror,all_input,0.2523089810811751,-0.03315192897492,0.1693150266479988,-0.1313941692953611,0.195800276155299,-0.0281754251397592,698,698,0.0800527036190033
5,MIDD_48_original,noop,0.1190497655631125,-0.0164023500451791,0.093238462339029,-0.137777256154979,0.1759182812940195,0.0099166669673068,698,698,-0.0665352493524551
5,MIDD_48_original,T4a,0.1375530815277613,-0.0045731400664688,0.1091440913311582,-0.0332463658078492,0.0419000241853984,0.0121571494187588,698,698,-0.0812688842415809
5,MIDD_48_original,T4b,0.1354296918778067,-0.0339689510904591,0.0872070163224226,-0.250823513067637,0.3895208496168333,-0.0064994000318442,698,698,0.0861725956201553
5,MIDD_48_original,T4,0.1819041614001376,-0.0253363327755637,0.1189750406291138,-0.1392839645918326,0.2129550252018476,-0.0315054616180648,698,698,0.078126311302185
5,MIDD_48_original,T4_T5,0.2369686817156819,-0.0221237855275461,0.1549393143003862,-0.0933616432659677,0.142790005412403,-0.0119424112413594,698,698,0.0151366181671619
5,MIDD_48_original,sham,0.1169760351081078,-0.0159190598534738,0.0869745780402454,-0.1360882153234349,0.1830311823543162,0.007952237456993,698,698,-0.047406006604433
5,MIDD_48_original,all_input,0.2523089810811751,-0.03315192897492,0.1693150266479988,-0.1313941692953611,0.195800276155299,-0.0281754251397592,698,698,0.0800527036190033
5,MIDD_48_mirror,noop,0.1161135982909518,-0.000890251991752,0.0893700672363926,-0.0076670778001493,0.0099614112340009,-0.0073351764761707,698,698,-0.0632736384868621
5,MIDD_48_mirror,T4a,0.1363151695461956,0.0124150811254293,0.1102003207252828,0.091076298894394,0.1126592104607275,-0.0041426399432346,698,698,-0.080422006547451
5,MIDD_48_mirror,T4b,0.1347590494981033,-0.0156613624208167,0.0800861757839529,-0.1162175191881058,0.1955563774585281,-0.0207040270788956,698,698,0.088916927576065
5,MIDD_48_mirror,T4,0.178669526587853,-0.0212014824169458,0.1152315105067416,-0.118663114084656,0.1839903193467684,-0.0382149502937473,698,698,0.0758463591337204
5,MIDD_48_mirror,T4_T5,0.2367527690112613,-0.0232814564411203,0.1575891224733385,-0.0983365750624566,0.1477351740762386,-0.0146677808453809,698,698,0.0196402091532945
5,MIDD_48_mirror,sham,0.1195549049370517,-0.003215040259674,0.0844319123743993,-0.0268917470292568,0.0380784962611943,-0.0094125665891198,698,698,-0.0463674813508987
5,MIDD_48_mirror,all_input,0.2523089810811751,-0.03315192897492,0.1693150266479988,-0.1313941692953611,0.195800276155299,-0.0281754251397592,698,698,0.0800527036190033
5,MIDD_85_original,noop,0.1224547425589141,0.0003560639526326,0.0966888039443171,0.0029077187636183,0.0036825768662695,0.0155432401578505,698,698,-0.0723846182227134
5,MIDD_85_original,T4a,0.1393065048113334,0.0102921525475828,0.1108633687045656,0.0738813493420267,0.0928363684763169,0.0157324853911596,698,698,-0.0869631990790367
5,MIDD_85_original,T4b,0.1309712697457327,-0.0227985709885488,0.0843727745976829,-0.1740730698634131,0.2702124126800372,-0.0051669495107969,698,698,0.0830324590206146
5,MIDD_85_original,T4,0.1828221117697744,-0.0232805597610731,0.1185424051611905,-0.1273399565058633,0.1963901418181699,-0.036068096636193,698,698,0.0761070773005485
5,MIDD_85_original,T4_T5,0.2439855795562169,-0.0184843994731454,0.1626969904886266,-0.0757602129878601,0.1136124240382778,-0.0142829875931977,698,698,0.0415472164750099
5,MIDD_85_original,sham,0.1299650074094178,-0.0005293649825181,0.1006084562667801,-0.0040731347081025,0.0052616350768209,0.0154934397519329,698,698,-0.0698652565479278
5,MIDD_85_original,all_input,0.2523089810811751,-0.03315192897492,0.1693150266479988,-0.1313941692953611,0.195800276155299,-0.0281754251397592,698,698,0.0800527036190033
5,MIDD_85_mirror,noop,0.1267663431733164,-0.0182997045298235,0.0975688295356188,-0.1443577535782027,0.1875568725885243,0.0005206347956902,698,698,-0.0737512111663818
5,MIDD_85_mirror,T4a,0.1404530432877403,-0.0046585881955979,0.1134633870185075,-0.033168296581898,0.0410580744856316,-0.0010930571073734,698,698,-0.0860197991132736
5,MIDD_85_mirror,T4b,0.1305062061613679,-0.0233538253120271,0.0796670056193119,-0.1789480056078767,0.2931430035618913,-0.0130109164615473,698,698,0.0812767148017883
5,MIDD_85_mirror,T4,0.1784775087682541,-0.0250796170286344,0.1143522462347863,-0.1405197618552562,0.2193189714624527,-0.0412462740729064,698,698,0.0730296596884727
5,MIDD_85_mirror,T4_T5,0.2429470026892063,-0.0288291117052891,0.1649228541388503,-0.1186641999538032,0.1748036186726286,-0.0171406505275507,698,698,0.0433353148400783
5,MIDD_85_mirror,sham,0.1379139697415439,-0.0198313274972394,0.1012171422996017,-0.143794914571773,0.1959285457648949,-0.0011797764993172,698,698,-0.0722676292061805
5,MIDD_85_mirror,all_input,0.2523089810811751,-0.03315192897492,0.1693150266479988,-0.1313941692953611,0.195800276155299,-0.0281754251397592,698,698,0.0800527036190033
5,MIDD_128_original,noop,0.1296724340978248,0.0348769923648192,0.0999615691338517,0.2689622710290765,0.3489040104814463,0.0282339878767732,698,698,-0.0798791646957397
5,MIDD_128_original,T4a,0.1400812826256705,0.0351364638988936,0.1085456805411771,0.2508291132141215,0.3237020922777719,0.0274783080718461,698,698,-0.0871161594986915
5,MIDD_128_original,T4b,0.1178590523759898,0.006166796350537,0.0727876752241235,0.0523234849272663,0.0847230843896108,0.0003725213729161,698,698,0.0693960413336753
5,MIDD_128_original,T4,0.1749638364892766,-0.017494647855441,0.1134379057272354,-0.0999900791299423,0.1542222394118191,-0.0390745159746291,698,698,0.0707203149795532
5,MIDD_128_original,T4_T5,0.2543733938989585,-0.0113300555793075,0.1724758319486893,-0.0445410402622849,0.0656906851893209,-0.0188081692762465,698,698,0.0668262392282486
5,MIDD_128_original,sham,0.1525999681738586,0.0333556534680039,0.1184291996519867,0.2185823094668113,0.2816505858860997,0.0322638741566722,698,698,-0.100592516362667
5,MIDD_128_original,all_input,0.2523089810811751,-0.03315192897492,0.1693150266479988,-0.1313941692953611,0.195800276155299,-0.0281754251397592,698,698,0.0800527036190033
5,MIDD_128_mirror,noop,0.1391163848557858,-0.0474083719263426,0.1063228364190632,-0.3407820867073871,0.445890774955309,0.0098291551598344,698,698,-0.0862660557031631
5,MIDD_128_mirror,T4a,0.1398804426288416,-0.0320925497037187,0.1129646980329424,-0.2294284254509623,0.2840936174092199,0.001894250220501,698,698,-0.0844033658504486
5,MIDD_128_mirror,T4b,0.1199155691651682,-0.0388548367841672,0.0771779589704475,-0.3240182826522697,0.5034447308854759,-0.0038079073753012,698,698,0.0598335489630699
5,MIDD_128_mirror,T4,0.1695381325175445,-0.0293718976172102,0.1105006694964355,-0.1732465562823794,0.265807417738385,-0.0405279842792853,698,698,0.0669060498476028
5,MIDD_128_mirror,T4_T5,0.2530449281548059,-0.0351270252736368,0.1753079061181623,-0.1388173457171491,0.2003733091761434,-0.0178717021473058,698,698,0.0673165693879127
5,MIDD_128_mirror,sham,0.1648238067500842,-0.0504383337155466,0.1255516421280113,-0.3060136439636071,0.4017337635784975,0.0105844922112306,698,698,-0.1077338531613349
5,MIDD_128_mirror,all_input,0.2523089810811751,-0.03315192897492,0.1693150266479988,-0.1313941692953611,0.195800276155299,-0.0281754251397592,698,698,0.0800527036190033
5,MIDD_170_original,noop,0.1499045382112719,0.0601695180960798,0.1167776017108013,0.4013855672019638,0.5152487909889524,0.0400867457670009,698,698,-0.0955661311745643
5,MIDD_170_original,T4a,0.1578465823832724,0.0541534956841701,0.1241795422482254,0.3430767702824141,0.436090314908082,0.0355541928017234,698,698,-0.100104697048664
5,MIDD_170_original,T4b,0.1220244897647218,0.0269725245116212,0.0741664771265087,0.2210418954721925,0.3636754172051766,0.0068518976692336,698,698,0.0618473961949348
5,MIDD_170_original,T4,0.1753038172744709,-0.0164284754616458,0.1117394413432556,-0.0937143053532256,0.1470248576881527,-0.046901409551267,698,698,0.0666763558983802
5,MIDD_170_original,T4_T5,0.2616357853597323,-0.0082852121096207,0.1796611249723148,-0.0316669682560017,0.0461157755240453,-0.0231307992448953,698,698,0.0768956840038299
5,MIDD_170_original,sham,0.1889279918290597,0.059646456030209,0.1488223093406349,0.3157099985701251,0.4007897491611023,0.0499970865559566,698,698,-0.1389697194099426
5,MIDD_170_original,all_input,0.2523089810811751,-0.03315192897492,0.1693150266479988,-0.1313941692953611,0.195800276155299,-0.0281754251397592,698,698,0.0800527036190033
5,MIDD_170_mirror,noop,0.157465205794286,-0.0696588106081503,0.1244478894219514,-0.4423758903230546,0.5597428042509105,0.02629471677411,698,698,-0.1077035814523696
5,MIDD_170_mirror,T4a,0.1533506844383095,-0.051850364383241,0.1272030866623806,-0.3381162892957259,0.407618759447725,0.0099924651865833,698,698,-0.0987692847847938
5,MIDD_170_mirror,T4b,0.1231812768087063,-0.0554708152798334,0.0840099127377508,-0.4503185607174421,0.6602889286767105,0.0078557162828069,698,698,0.0454324595630168
5,MIDD_170_mirror,T4,0.1707052778632429,-0.0330135286012701,0.1103763765384478,-0.1933948909753002,0.2990995866744227,-0.0461198440827706,698,698,0.0614737868309021
5,MIDD_170_mirror,T4_T5,0.2613252152426468,-0.0380908860289277,0.1829005634768954,-0.145760469358303,0.2082600802579785,-0.0190948568955217,698,698,0.0766167789697647
5,MIDD_170_mirror,sham,0.199864283170057,-0.0752181125144366,0.1583364857868357,-0.3763459449652462,0.4750523048471649,0.0317081542622691,698,698,-0.1520580351352691
5,MIDD_170_mirror,all_input,0.2523089810811751,-0.03315192897492,0.1693150266479988,-0.1313941692953611,0.195800276155299,-0.0281754251397592,698,698,0.0800527036190033
5,MIDD_207_original,noop,0.1724103369467876,0.0459809696742441,0.1351246448239265,0.2666949702002825,0.3402855913823822,0.0385119732775066,698,698,-0.1193951889872551
5,MIDD_207_original,T4a,0.1924050332150101,0.0438742738223104,0.1581178417650548,0.2280308009057199,0.2774783245998424,0.0310816530419704,698,698,-0.1421213895082473
5,MIDD_207_original,T4b,0.1375241206701176,0.0131057184520424,0.0848076842090367,0.0952975986189321,0.1545345633980413,0.0036397951189349,698,698,0.0771140903234481
5,MIDD_207_original,T4,0.186615967676241,-0.0226478014036962,0.1168383822942615,-0.1213604692337353,0.1938387108669215,-0.0581794548491196,698,698,0.0626728311181068
5,MIDD_207_original,T4_T5,0.2631355050807921,-0.0151053711754807,0.1818173726388463,-0.0574052945490684,0.0830799112111545,-0.0259251926091989,698,698,0.069324217736721
5,MIDD_207_original,sham,0.2318995607133773,0.0456554568526897,0.1849215614846911,0.1968759954190637,0.246890933032,0.049752925956275,698,698,-0.1833328753709793
5,MIDD_207_original,all_input,0.2523089810811751,-0.03315192897492,0.1693150266479988,-0.1313941692953611,0.195800276155299,-0.0281754251397592,698,698,0.0800527036190033
5,MIDD_207_mirror,noop,0.1827297379057035,-0.0571244581728127,0.1457964317856368,-0.3126171953592547,0.3918097135381359,0.0299436812911683,698,698,-0.1342992782592773
5,MIDD_207_mirror,T4a,0.1883878987824354,-0.0401833160106731,0.1590381605413544,-0.2133009406144493,0.2526646175602888,0.0134160584391493,698,698,-0.1395259946584701
5,MIDD_207_mirror,T4b,0.1358388606942504,-0.0476158166239493,0.0882105976472887,-0.3505316253433853,0.5397970073203882,0.005915931376355,698,698,0.0575939416885376
5,MIDD_207_mirror,T4,0.1823570631420226,-0.0334770167059845,0.1165462196140248,-0.1835794903096902,0.2872424074916625,-0.0563247387360986,698,698,0.0586225986480712
5,MIDD_207_mirror,T4_T5,0.2652260391148455,-0.0365974574053805,0.1851851495223941,-0.1379859139303191,0.1976263080477457,-0.0236129625935358,698,698,0.0699909105896949
5,MIDD_207_mirror,sham,0.246039187225252,-0.0626857299592373,0.1982130833120343,-0.2547794547128291,0.3162542497790379,0.0381297149288077,698,698,-0.1994739770889282
5,MIDD_207_mirror,all_input,0.2523089810811751,-0.03315192897492,0.1693150266479988,-0.1313941692953611,0.195800276155299,-0.0281754251397592,698,698,0.0800527036190033
5,MIDD_255_original,noop,0.2130357350916707,0.0077709163921128,0.1683445803601424,0.036477055780191,0.046160775568114,0.0370768334926676,698,698,-0.1579398512840271
5,MIDD_255_original,T4a,0.2513483260040059,0.0122363514341783,0.2097672022028339,0.0486828443567327,0.0583330058544921,0.0264323686826272,698,698,-0.2055414319038391
5,MIDD_255_original,T4b,0.1628139413088293,-0.0121513543218593,0.1013715424557723,-0.0746333773642292,0.119869482376288,-0.0022529191475678,698,698,0.0992978140711784
5,MIDD_255_original,T4,0.1965628105711926,-0.030025383134359,0.1203929464984814,-0.1527521052792648,0.2493948691150085,-0.0726189906040296,698,698,0.0557091645896434
5,MIDD_255_original,T4_T5,0.2596935076868936,-0.0277312905741372,0.1783772643522094,-0.1067846894639052,0.1554642665635977,-0.035349625866255,698,698,0.0487235859036445
5,MIDD_255_original,sham,0.2965498587656476,0.0044453715291334,0.2388601226625321,0.0149903006112927,0.0186107730314364,0.0475904520891077,698,698,-0.2443704605102539
5,MIDD_255_original,all_input,0.2523089810811751,-0.03315192897492,0.1693150266479988,-0.1313941692953611,0.195800276155299,-0.0281754251397592,698,698,0.0800527036190033
5,MIDD_255_mirror,noop,0.2130186531531548,-0.0135990899188552,0.1741606429170462,-0.0638399018938394,0.0780835996645495,0.0281956374459698,698,698,-0.162134975194931
5,MIDD_255_mirror,T4a,0.244126676200611,0.0007293145164373,0.208500173942714,0.002987442944736,0.0034979084316627,0.0129346509243492,698,698,-0.1988411545753479
5,MIDD_255_mirror,T4b,0.1569704174899054,-0.022250002439279,0.0974638408427636,-0.1417464691441616,0.2282898175044682,-0.0052713093753348,698,698,0.0868170410394668
5,MIDD_255_mirror,T4,0.1968357070701765,-0.03364256772653,0.1226148024892924,-0.1709169958402703,0.2743760707804258,-0.0753828316252094,698,698,0.054924938827753
5,MIDD_255_mirror,T4_T5,0.264903518530096,-0.0306262667010477,0.1831081982851898,-0.115612910205903,0.1672577579150636,-0.0385918612705178,698,698,0.0503355115652084
5,MIDD_255_mirror,sham,0.3008160185944615,-0.0158963289072842,0.2454441707526242,-0.0528440240036371,0.0647655589396975,0.0382860219482441,698,698,-0.2505896687507629
5,MIDD_255_mirror,all_input,0.2523089810811751,-0.03315192897492,0.1693150266479988,-0.1313941692953611,0.195800276155299,-0.0281754251397592,698,698,0.0800527036190033
5,Gray,noop,0.2523089810811751,-0.03315192897492,0.1693150266479988,-0.1313941692953611,0.195800276155299,-0.0281754251397592,698,698,0.0800527036190033
5,Gray,T4a,0.2523089810811751,-0.03315192897492,0.1693150266479988,-0.1313941692953611,0.195800276155299,-0.0281754251397592,698,698,0.0800527036190033
5,Gray,T4b,0.2523089810811751,-0.03315192897492,0.1693150266479988,-0.1313941692953611,0.195800276155299,-0.0281754251397592,698,698,0.0800527036190033
5,Gray,T4,0.2523089810811751,-0.03315192897492,0.1693150266479988,-0.1313941692953611,0.195800276155299,-0.0281754251397592,698,698,0.0800527036190033
5,Gray,T4_T5,0.2523089810811751,-0.03315192897492,0.1693150266479988,-0.1313941692953611,0.195800276155299,-0.0281754251397592,698,698,0.0800527036190033
5,Gray,sham,0.2523089810811751,-0.03315192897492,0.1693150266479988,-0.1313941692953611,0.195800276155299,-0.0281754251397592,698,698,0.0800527036190033
5,Gray,all_input,0.2523089810811751,-0.03315192897492,0.1693150266479988,-0.1313941692953611,0.195800276155299,-0.0281754251397592,698,698,0.0800527036190033
6,Static,noop,0.24115191233059374,-0.006314780793130358,0.11334856010391402,-0.02618590386491923,0.055711169046533865,0.16716961355777993,698,698,0.029570169746875763
6,Static,T4a,0.50633801852801,-0.018177451655068164,0.2994390040293875,-0.035899835662967526,0.06070502309473416,0.08109578947853424,698,698,0.4696730375289917
6,Static,T4b,0.41523922470955527,-0.05353642665166827,0.23970421625874386,-0.12892911715918712,0.2233437003622809,0.24592695912913262,698,698,0.1238311156630516
6,Static,T4,0.56699404438262,0.024382474795473237,0.34146087723141516,0.043003052742859864,0.07140634966198112,0.19949347020393143,698,698,0.4173644781112671
6,Static,T4_T5,0.24960578700725894,-0.003034160660657161,0.1392728425656064,-0.01215581055646327,0.021785730834264244,0.08409378146324888,698,698,0.21447092294692993
6,Static,sham,0.41121819292033335,-0.021012827606522712,0.2228812508453439,-0.05109897365507269,0.09427813029057074,0.16100926840055685,698,698,-0.19564515352249146
6,Static,all_input,0.12815169777793886,0.0037328555522435636,0.052423373779929255,0.029128412787100582,0.07120593893696937,0.0435983772067078,698,698,-0.026711074635386467
6,CW,noop,13.630267703829729,12.874547227367147,12.881413405968715,0.9445557128529292,0.9994669700920874,1.2240652833074117,698,698,1.045490026473999
6,CW,T4a,13.479359545206195,10.900171380481382,11.478218960584112,0.808656475400415,0.949639610283814,0.5081236640193764,698,698,5.640373706817627
6,CW,T4b,14.690323215295257,13.51384597916199,13.52974429044285,0.9199148161077666,0.9988249363077698,1.837663978454476,698,698,1.54648756980896
6,CW,T4,10.769156655542345,5.943437554963679,8.140946651221915,0.551894428233142,0.7300671297325845,0.1895004687809877,698,698,4.941132068634033
6,CW,T4_T5,7.786106720824693,4.4155753080926,5.9235873477279215,0.5671095280883729,0.7454225031029986,0.23791823199318232,698,698,4.106786727905273
6,CW,sham,13.387211228017057,12.573330502029147,12.584306351219158,0.9392046101218899,0.9991278145267858,1.0190904928250846,698,698,0.19047090411186218
6,CW,all_input,0.12815169777793886,0.0037328555522435636,0.052423373779929255,0.029128412787100582,0.07120593893696937,0.0435983772067078,698,698,-0.026711074635386467
6,CCW,noop,13.96269143655118,-13.370453964873837,13.371815407518026,-0.9575842899366093,0.9998981856537278,0.6664614344080766,698,698,1.5320175886154175
6,CCW,T4a,13.806147305542117,-11.411486154540492,11.983847674372758,-0.8265510936537415,0.9522389189695518,0.3212147283171339,698,698,6.176019668579102
6,CCW,T4b,15.229255478268287,-14.32211504282946,14.325060988322177,-0.9404343543429755,0.9997943502303328,1.1105983497476348,698,698,2.2407279014587402
6,CCW,T4,10.873738903359538,-6.045615687760789,8.158851995846884,-0.5559831573565688,0.7409885227527354,1.5333545056114926,698,698,5.547679424285889
6,CCW,T4_T5,7.89226739614872,-4.320850731876851,5.806774139437755,-0.5474790088822061,0.7441051826918862,1.2907035884159035,698,698,4.5598464012146
6,CCW,sham,13.662101532105662,-12.978934077994817,12.983122266012407,-0.9499954342671648,0.9996774128802165,0.8297001729492647,698,698,0.623223602771759
6,CCW,all_input,0.12815169777793886,0.0037328555522435636,0.052423373779929255,0.029128412787100582,0.07120593893696937,0.0435983772067078,698,698,-0.026711074635386467
6,Right,noop,2.5298607471162455,-0.0934221873206364,1.8261655267305232,-0.03692779826997478,0.05115756811371578,0.054816231944971705,698,698,2.148770809173584
6,Right,T4a,4.098735896042062,-0.02043186102716122,3.095092377127877,-0.004984917678372791,0.006601373573903205,0.1879158540227373,698,698,3.945753574371338
6,Right,T4b,6.338082536334199,-0.9832409057262156,3.085513003153985,-0.1551322344083735,0.31866367269272733,3.69123978037283,698,698,5.786712646484375
6,Right,T4,7.225378326409723,-0.7883428527215308,4.20954831955287,-0.10910748435691352,0.18727492663756073,3.317172451718269,698,698,7.00930118560791
6,Right,T4_T5,4.5650534083692325,-0.8991555150348278,2.6318206650382994,-0.19696494971699177,0.3416477144432419,2.3350021418714264,698,698,4.265427589416504
6,Right,sham,2.4398746208913624,-0.35436948514286354,1.6962842841099925,-0.14524085873453665,0.2089092544583671,0.28554394126074706,698,698,1.693313479423523
6,Right,all_input,0.12815169777793886,0.0037328555522435636,0.052423373779929255,0.029128412787100582,0.07120593893696937,0.0435983772067078,698,698,-0.026711074635386467
6,Left,noop,1.1855417150913852,-0.038556585358725685,0.7946749207764647,-0.03252233545890338,0.048518689027020806,0.26449574967248896,698,698,-0.5939059257507324
6,Left,T4a,1.0537754645864845,0.018786992614452,0.7496947249030211,0.017828269157722575,0.02505952355057886,0.18222827475538778,698,698,0.8023471832275391
6,Left,T4b,5.530396162357939,-0.8433304167910713,2.691069780375049,-0.15249005532932908,0.3133811032850802,3.892165142662878,698,698,3.061262369155884
6,Left,T4,5.600732939083201,-0.6198621786476004,3.17194165619099,-0.11067518937067321,0.1954204225155764,3.5085768136466213,698,698,5.2676682472229
6,Left,T4_T5,3.780283125185817,-0.6849786624033316,2.199693083297644,-0.1811977144885575,0.3113973797546583,2.166164461142904,698,698,3.5522005558013916
6,Left,sham,1.5150174436828112,-0.25756169170482024,0.9888844771177276,-0.17000575985364308,0.26045680528379583,0.4507462938303057,698,698,-0.754386842250824
6,Left,all_input,0.12815169777793886,0.0037328555522435636,0.052423373779929255,0.029128412787100582,0.07120593893696937,0.0435983772067078,698,698,-0.026711074635386467
6,MIDD_0_original,noop,0.13887282955610009,0.002090465303740032,0.08836851764106654,0.015053090733602085,0.023656222369045972,0.03817225852573232,698,698,-0.04417422413825989
6,MIDD_0_original,T4a,0.15136185825190707,-0.007173803624724421,0.09620779806584667,-0.04739505518480932,0.0745657188808595,0.036529407226674346,698,698,0.11656242609024048
6,MIDD_0_original,T4b,0.16646122566242172,0.004525703528114235,0.09578469424443661,0.027187734020967885,0.04724871299964606,0.05975997011038369,698,698,-0.0294717438519001
6,MIDD_0_original,T4,0.1179553207079494,0.009526645878896605,0.0524385686952426,0.08076486776280345,0.18167250014512495,0.054389306299692394,698,698,0.06264174729585648
6,MIDD_0_original,T4_T5,0.06849790572820673,0.003634558286052317,0.027809113311176532,0.053060867298248555,0.13069666211153813,0.03800031973003891,698,698,0.04094867780804634
6,MIDD_0_original,sham,0.14414320398654754,0.005276160489571671,0.0967254891665671,0.036603602137663595,0.054547777788808136,0.035432487415269394,698,698,-0.0648546814918518
6,MIDD_0_original,all_input,0.12815169777793886,0.0037328555522435636,0.052423373779929255,0.029128412787100582,0.07120593893696937,0.0435983772067078,698,698,-0.026711074635386467
6,MIDD_0_mirror,noop,0.1281317517719342,0.015147923818989608,0.07822291418040152,0.11822146821150062,0.193650722140762,0.038824548901536374,698,698,-0.04430849477648735
6,MIDD_0_mirror,T4a,0.14511178872559335,0.003467706366897039,0.0938567795565002,0.023896792930135247,0.03694678619150296,0.03630257245661156,698,698,0.11736221611499786
6,MIDD_0_mirror,T4b,0.16014572763199247,0.01838143332668737,0.08830102039856093,0.1147794174623694,0.2081678472538573,0.06115735550421007,698,698,-0.03120608441531658
6,MIDD_0_mirror,T4,0.11889390949625493,0.014683293655667434,0.055177787541640703,0.12349912386496086,0.26610877872887667,0.054419643002930985,698,698,0.06303536891937256
6,MIDD_0_mirror,T4_T5,0.06899431621982502,0.0056126572264677205,0.02948761568254592,0.08134955941276456,0.1903394729126886,0.03791472469818837,698,698,0.04098803550004959
6,MIDD_0_mirror,sham,0.1335102179572084,0.018610235152743116,0.08646204392364042,0.1393918415945356,0.21524167493864568,0.036142567328911065,698,698,-0.06393402814865112
6,MIDD_0_mirror,all_input,0.12815169777793886,0.0037328555522435636,0.052423373779929255,0.029128412787100582,0.07120593893696937,0.0435983772067078,698,698,-0.026711074635386467
6,MIDD_48_original,noop,0.13635658852051713,-0.013237885933226395,0.08824686635775762,-0.0970828478246545,0.1500096998295586,0.03509820281119873,698,698,-0.04409566894173622
6,MIDD_48_original,T4a,0.17324693518118267,-0.018776593922338696,0.11218766833175119,-0.10838052576631167,0.16736771698306677,0.029490754094057298,698,698,0.14475251734256744
6,MIDD_48_original,T4b,0.1726192137908299,-0.013276089281730102,0.0962750563128779,-0.07690968456047603,0.1378974969236582,0.06767615993997833,698,698,-0.011066777631640434
6,MIDD_48_original,T4,0.1439112659123511,0.0037536655142726104,0.06380024091670276,0.026083194324471957,0.05883466050188392,0.06313160569315561,698,698,0.10145623236894608
6,MIDD_48_original,T4_T5,0.09081911242320771,0.0020844197118458745,0.03995375854227168,0.02295133321863677,0.05217080414701228,0.04140661010991037,698,698,0.06581390649080276
6,MIDD_48_original,sham,0.13965064931604643,-0.01076509336340039,0.09369378817737178,-0.07708588120516126,0.11489655368636588,0.034259437565709615,698,698,-0.05804413557052612
6,MIDD_48_original,all_input,0.12815169777793886,0.0037328555522435636,0.052423373779929255,0.029128412787100582,0.07120593893696937,0.0435983772067078,698,698,-0.026711074635386467
6,MIDD_48_mirror,noop,0.12339267109771886,0.028472886449808495,0.07667985967914057,0.2307502236276241,0.371321577386168,0.028618539591715172,698,698,-0.04593208432197571
6,MIDD_48_mirror,T4a,0.165296963605764,0.013798397539848472,0.10634196992516891,0.08347641262641628,0.12975495516547397,0.03313815692799786,698,698,0.14549674093723297
6,MIDD_48_mirror,T4b,0.16234235048609863,0.030233158872320393,0.08689139205336581,0.18623088049294478,0.34794193254208877,0.06607546678803737,698,698,-0.016420114785432816
6,MIDD_48_mirror,T4,0.1398947896201425,0.01403816488360664,0.06440490868907454,0.10034801811936374,0.21796731288570295,0.06161259789252785,698,698,0.09911438077688217
6,MIDD_48_mirror,T4_T5,0.08790693066472383,0.007259204622549049,0.03971027097386502,0.08257829692900534,0.18280420769041422,0.04125284295865062,698,698,0.06341566890478134
6,MIDD_48_mirror,sham,0.12829686923664363,0.030677888401347043,0.08301053910557675,0.23911642258987367,0.36956618679863584,0.027198911508649597,698,698,-0.058806389570236206
6,MIDD_48_mirror,all_input,0.12815169777793886,0.0037328555522435636,0.052423373779929255,0.029128412787100582,0.07120593893696937,0.0435983772067078,698,698,-0.026711074635386467
6,MIDD_85_original,noop,0.13669242234180848,-0.01678473692696056,0.0898425692735542,-0.12279200733592392,0.1868238749479003,0.028171112781944452,698,698,-0.040514372289180756
6,MIDD_85_original,T4a,0.20327610252678013,-0.020762072105751976,0.1322129385606325,-0.10213729920867962,0.15703510058685027,0.02003063661828112,698,698,0.1815030425786972
6,MIDD_85_original,T4b,0.17977623017454947,-0.018259185572781705,0.0997995616303643,-0.10156618344401472,0.18295857491248033,0.06966105261233994,698,698,0.00833920668810606
6,MIDD_85_original,T4,0.17799051756012316,0.0033029573910377777,0.08628829248820656,0.01855692896629775,0.038278163766993174,0.06596537973973449,698,698,0.14470389485359192
6,MIDD_85_original,T4_T5,0.12078426300678093,0.003866621365734615,0.05877086169442337,0.032012625399035134,0.06579146968848187,0.04088222111014753,698,698,0.09855979681015015
6,MIDD_85_original,sham,0.13762714132545914,-0.014870449403595495,0.09213234763367241,-0.10804881406662382,0.1614031313162877,0.02841770177904155,698,698,-0.04864974319934845
6,MIDD_85_original,all_input,0.12815169777793886,0.0037328555522435636,0.052423373779929255,0.029128412787100582,0.07120593893696937,0.0435983772067078,698,698,-0.026711074635386467
6,MIDD_85_mirror,noop,0.12576834401820372,0.032428216051169224,0.07553426899519451,0.2578408446443054,0.42931793055721906,0.025110324037831717,698,698,-0.037504661828279495
6,MIDD_85_mirror,T4a,0.20318037947778753,0.02254639559744843,0.13051869208821912,0.11096738600152724,0.17274457195915707,0.03217380401712165,698,698,0.18587034940719604
6,MIDD_85_mirror,T4b,0.17266569964454553,0.033640263709651536,0.08725895912578144,0.19482887324410308,0.3855221749913382,0.07693111108237617,698,698,0.00851415004581213
6,MIDD_85_mirror,T4,0.17562639509210962,0.016116076486947514,0.08432130829127825,0.09176340765005865,0.19112697387564698,0.07086814656836772,698,698,0.1447942554950714
6,MIDD_85_mirror,T4_T5,0.11748972779288412,0.01016202652316688,0.0559982935436224,0.08649289358369212,0.18147028918391434,0.04587259755370104,698,698,0.09643400460481644
6,MIDD_85_mirror,sham,0.12831327969588718,0.03341131790300848,0.07931613280019757,0.2603886205870195,0.42124239701869653,0.024500444621551643,698,698,-0.04538668319582939
6,MIDD_85_mirror,all_input,0.12815169777793886,0.0037328555522435636,0.052423373779929255,0.029128412787100582,0.07120593893696937,0.0435983772067078,698,698,-0.026711074635386467
6,MIDD_128_original,noop,0.1418586990834352,-0.0015791321598867811,0.09178044688173065,-0.011131725936369987,0.017205540107270007,0.01951760744014135,698,698,-0.03255641832947731
6,MIDD_128_original,T4a,0.2456870696402801,-0.003219319401834333,0.1585500738872983,-0.013103332652173607,0.0203047486696393,0.012853870753279525,698,698,0.22509989142417908
6,MIDD_128_original,T4b,0.19668554093619292,-0.004148777295066657,0.1030612533147805,-0.02109345341461866,0.0402554516040575,0.07991688155173542,698,698,0.03836857154965401
6,MIDD_128_original,T4,0.2233078620508702,0.010138813360094102,0.1124298674919568,0.04540284998019662,0.09017900301998871,0.0711559708731805,698,698,0.19962158799171448
6,MIDD_128_original,T4_T5,0.1660993904617197,0.009501475640854955,0.08326000553065384,0.05720355513914257,0.11411812406566314,0.04190189206376904,698,698,0.14597009122371674
6,MIDD_128_original,sham,0.13960499533152962,-0.0013757326610439877,0.08996920825081428,-0.00985446586475606,0.015291150025559289,0.020249887108676683,698,698,-0.03331109136343002
6,MIDD_128_original,all_input,0.12815169777793886,0.0037328555522435636,0.052423373779929255,0.029128412787100582,0.07120593893696937,0.0435983772067078,698,698,-0.026711074635386467
6,MIDD_128_mirror,noop,0.12893209218084783,0.01567200451377076,0.0750086318953005,0.12155239435491569,0.2089360133330555,0.020358707970113465,698,698,-0.02950013242661953
6,MIDD_128_mirror,T4a,0.2525833092024022,0.01471460798670526,0.1653923430430867,0.058256454209783225,0.08896789123346495,0.01909139441906893,698,698,0.2341916710138321
6,MIDD_128_mirror,T4b,0.18606854993426675,0.01708965519249799,0.08776322577560015,0.09184601695738116,0.19472455623035267,0.08754584113910376,698,698,0.03626087307929993
6,MIDD_128_mirror,T4,0.223989173476047,0.01361849313492431,0.11747818808456333,0.06079978296978112,0.11592358851433276,0.06858993363183331,698,698,0.2036050260066986
6,MIDD_128_mirror,T4_T5,0.16537896878389985,0.013119054667363806,0.08702823289929908,0.07932722500226998,0.15074481269249657,0.041971646200843905,698,698,0.14827419817447662
6,MIDD_128_mirror,sham,0.12701237404298965,0.016233040726630222,0.07431623753612959,0.12780676567100346,0.21843195060485085,0.021874907038680263,698,698,-0.02974511869251728
6,MIDD_128_mirror,all_input,0.12815169777793886,0.0037328555522435636,0.052423373779929255,0.029128412787100582,0.07120593893696937,0.0435983772067078,698,698,-0.026711074635386467
6,MIDD_170_original,noop,0.14302312695997837,0.018478363457135737,0.08996948409652437,0.12919843000150924,0.20538478843905672,0.012013940247595082,698,698,-0.0190923810005188
6,MIDD_170_original,T4a,0.29779382803240156,0.011401034153185554,0.18860090796376058,0.03828499142683729,0.06045057935445489,-0.008470972329111318,698,698,0.28084272146224976
6,MIDD_170_original,T4b,0.22429237461301246,0.012188762912944644,0.10627547461752607,0.054343189036073034,0.11469027032634466,0.09900017081090495,698,698,0.08835424482822418
6,MIDD_170_original,T4,0.2947064286594429,0.010273916213419457,0.15536961760266094,0.03486152731772199,0.06612564523196394,0.06396711762023528,698,698,0.2793554365634918
6,MIDD_170_original,T4_T5,0.23331711330412014,0.013275093129442687,0.1234794367909523,0.05689721144517633,0.10750853319745132,0.02989001190561215,698,698,0.21611283719539642
6,MIDD_170_original,sham,0.13925274688756306,0.017827345715758683,0.08588230677522349,0.1280215012932781,0.2075787945754359,0.014764563273479902,698,698,-0.013949539512395859
6,MIDD_170_original,all_input,0.12815169777793886,0.0037328555522435636,0.052423373779929255,0.029128412787100582,0.07120593893696937,0.0435983772067078,698,698,-0.026711074635386467
6,MIDD_170_mirror,noop,0.14705032562393053,0.007537568883434166,0.08850705408601259,0.05125843041457043,0.08516348172778448,0.025247946877854793,698,698,-0.015362713485956192
6,MIDD_170_mirror,T4a,0.317144879106705,0.014430609856891256,0.2032699437678217,0.045501632873712596,0.07099234441356533,0.015164724914597952,698,698,0.29726436734199524
6,MIDD_170_mirror,T4b,0.25104113814590856,0.009116593040039263,0.11175968453898011,0.03631513586725604,0.08157318157836721,0.13774561849134817,698,698,0.1023133173584938
6,MIDD_170_mirror,T4,0.3268649619570575,0.015667775417060943,0.1727657906945729,0.04793348091900816,0.09068795016693727,0.09384003542748867,698,698,0.3122542202472687
6,MIDD_170_mirror,T4_T5,0.25181153125978023,0.016766340709390152,0.13559347761066998,0.06658289485596762,0.1236515281179778,0.05076453565084078,698,698,0.23592320084571838
6,MIDD_170_mirror,sham,0.1412866877309943,0.0073828850009269986,0.08324050827603387,0.052254639977007564,0.0886934156678214,0.028128429369433838,698,698,-0.009661171585321426
6,MIDD_170_mirror,all_input,0.12815169777793886,0.0037328555522435636,0.052423373779929255,0.029128412787100582,0.07120593893696937,0.0435983772067078,698,698,-0.026711074635386467
6,MIDD_207_original,noop,0.15654172999407143,0.02133894377055991,0.09936659172294246,0.13631473071984104,0.21474967995337838,0.016713421929641634,698,698,-0.016315694898366928
6,MIDD_207_original,T4a,0.37115392190430085,0.01089984687570483,0.22977149990085083,0.02936745709106442,0.04743776700073005,-0.011383101208447804,698,698,0.35325461626052856
6,MIDD_207_original,T4b,0.2901212884736364,0.01610335529169085,0.12626270843881385,0.055505596905392814,0.12753849090362604,0.14952413688088895,698,698,0.157053142786026
6,MIDD_207_original,T4,0.4196914571767471,-0.0003428989375068622,0.22289397604087607,-0.0008170262502208978,0.0015383948171124133,0.09225438568635162,698,698,0.408481627702713
6,MIDD_207_original,T4_T5,0.32430468643303073,0.005674946154777915,0.17559719748590585,0.017498810199740353,0.03231797680161387,0.03711125160305021,698,698,0.30835700035095215
6,MIDD_207_original,sham,0.1505183716433731,0.020202878367635062,0.09213713115209217,0.13422200989193692,0.2192696702731699,0.020663585812062058,698,698,-0.006010120734572411
6,MIDD_207_original,all_input,0.12815169777793886,0.0037328555522435636,0.052423373779929255,0.029128412787100582,0.07120593893696937,0.0435983772067078,698,698,-0.026711074635386467
6,MIDD_207_mirror,noop,0.17278701957032772,0.009235880967431031,0.11007309574479981,0.05345240047775606,0.0839067976142332,0.019774021428787755,698,698,-0.010197645053267479
6,MIDD_207_mirror,T4a,0.414378077431511,0.011397389685606135,0.2594902643689167,0.027504808546465424,0.04392222464809891,0.00038972846951246357,698,698,0.3913894593715668
6,MIDD_207_mirror,T4b,0.334326611420347,0.008185512797288522,0.14600581167366744,0.02448358137724467,0.0560629245059346,0.1769872303915221,698,698,0.18583837151527405
6,MIDD_207_mirror,T4,0.491041062287608,0.012926078734661934,0.2704112434766003,0.026323824477006753,0.04780155798433166,0.12146349584976272,698,698,0.4791962206363678
6,MIDD_207_mirror,T4_T5,0.37100723972350086,0.01662552473537959,0.21013332392828038,0.04481186067358155,0.07911893470572982,0.05242211703408153,698,698,0.3548165559768677
6,MIDD_207_mirror,sham,0.16179254408063448,0.00804771229830679,0.10060141097591885,0.04974093425650044,0.07999601814961806,0.02380072895106374,698,698,0.001591295818798244
6,MIDD_207_mirror,all_input,0.12815169777793886,0.0037328555522435636,0.052423373779929255,0.029128412787100582,0.07120593893696937,0.0435983772067078,698,698,-0.026711074635386467
6,MIDD_255_original,noop,0.1649236243126214,0.016518579901057533,0.10622596604845594,0.10015896733960744,0.15550416264063377,0.015575327312316525,698,698,-0.01105074305087328
6,MIDD_255_original,T4a,0.44627859333225733,0.012336053359272596,0.28620568789873047,0.027642045895955227,0.043102055203170946,-0.0183556846884164,698,698,0.4259849488735199
6,MIDD_255_original,T4b,0.37347390466557356,0.003709457292952002,0.15294543828148782,0.009932306505520454,0.024253467998992854,0.22446493155522643,698,698,0.2513395845890045
6,MIDD_255_original,T4,0.5921390799032256,-0.01474385617481822,0.3304380855252826,-0.02489931280541024,0.04461911874165647,0.15297997263341034,698,698,0.582294762134552
6,MIDD_255_original,T4_T5,0.4416807723427467,-0.009149214521925091,0.2519296387208811,-0.02071454112298384,0.03631654682782968,0.0690617684426002,698,698,0.4238428473472595
6,MIDD_255_original,sham,0.15523728721856372,0.014644031733495476,0.09552067971354507,0.09433321076319544,0.15330744899859539,0.020509335876727253,698,698,0.006904327776283026
6,MIDD_255_original,all_input,0.12815169777793886,0.0037328555522435636,0.052423373779929255,0.029128412787100582,0.07120593893696937,0.0435983772067078,698,698,-0.026711074635386467
6,MIDD_255_mirror,noop,0.1915464904443767,0.013770829866364263,0.13080844598126742,0.07189288529597562,0.10527477612826569,0.01139215322008029,698,698,-0.01946626976132393
6,MIDD_255_mirror,T4a,0.4721638281117058,0.013388632828964011,0.294374808631894,0.02835590536977028,0.045481584824420405,-0.03817402076808287,698,698,0.44729045033454895
6,MIDD_255_mirror,T4b,0.41497438773440265,0.01054887830033363,0.17930609741843848,0.02542055271875059,0.05883167640259435,0.2310029703241874,698,698,0.26541927456855774
6,MIDD_255_mirror,T4,0.6395575707926056,0.013607829976222138,0.3628326010257153,0.02127694299569922,0.03750443024621622,0.13125287474044542,698,698,0.6275297403335571
6,MIDD_255_mirror,T4_T5,0.4813450517238762,0.018869743535754782,0.27776050548223097,0.03920211388519564,0.06793530096366392,0.051353315854906635,698,698,0.46052294969558716
6,MIDD_255_mirror,sham,0.1765163951110988,0.012369379494745564,0.11612233035347144,0.07007496095170265,0.10652024857831993,0.01670492069142039,698,698,0.0004359308513812721
6,MIDD_255_mirror,all_input,0.12815169777793886,0.0037328555522435636,0.052423373779929255,0.029128412787100582,0.07120593893696937,0.0435983772067078,698,698,-0.026711074635386467
6,Gray,noop,0.12815169777793886,0.0037328555522435636,0.052423373779929255,0.029128412787100582,0.07120593893696937,0.0435983772067078,698,698,-0.026711074635386467
6,Gray,T4a,0.12815169777793886,0.0037328555522435636,0.052423373779929255,0.029128412787100582,0.07120593893696937,0.0435983772067078,698,698,-0.026711074635386467
6,Gray,T4b,0.12815169777793886,0.0037328555522435636,0.052423373779929255,0.029128412787100582,0.07120593893696937,0.0435983772067078,698,698,-0.026711074635386467
6,Gray,T4,0.12815169777793886,0.0037328555522435636,0.052423373779929255,0.029128412787100582,0.07120593893696937,0.0435983772067078,698,698,-0.026711074635386467
6,Gray,T4_T5,0.12815169777793886,0.0037328555522435636,0.052423373779929255,0.029128412787100582,0.07120593893696937,0.0435983772067078,698,698,-0.026711074635386467
6,Gray,sham,0.12815169777793886,0.0037328555522435636,0.052423373779929255,0.029128412787100582,0.07120593893696937,0.0435983772067078,698,698,-0.026711074635386467
6,Gray,all_input,0.12815169777793886,0.0037328555522435636,0.052423373779929255,0.029128412787100582,0.07120593893696937,0.0435983772067078,698,698,-0.026711074635386467
7,Static,noop,0.29434902095124216,-0.032131609092090174,0.1716073933549683,-0.10916159662515969,0.18723907206973442,0.13052064878877576,698,698,0.1719948947429657
7,Static,T4a,0.32008012933949814,-0.02480941206917285,0.17524445869922983,-0.07751000388674034,0.14157030843270757,0.10948290540870062,698,698,0.22180567681789398
7,Static,T4b,0.2573836828260316,-0.018413751805323654,0.16021718597851597,-0.07154203251404134,0.11492994145954362,0.036337448095755336,698,698,0.16914686560630798
7,Static,T4,0.2726551288585913,-0.017044747436079255,0.18442474349203322,-0.06251394392408173,0.09242115300442619,0.058212199364779914,698,698,0.20637503266334534
7,Static,T4_T5,0.35125319757469103,-0.017292340463952068,0.22277727919006923,-0.04923041436590765,0.0776216521129095,0.019351185270660154,698,698,0.3238910734653473
7,Static,sham,0.29566851554137874,-0.032898190846169566,0.17104242200464087,-0.11126714248195112,0.1923393650569152,0.135152474482247,698,698,0.16555699706077576
7,Static,all_input,0.1663980428551491,-0.001798689929309596,0.07752619729801169,-0.010809561810023035,0.023201059667552235,0.10522356778219591,698,698,-0.04844764620065689
7,CW,noop,10.536053315586281,9.695414430763392,9.699576563330888,0.9202131139959867,0.9995708954364843,0.4599802481537671,698,698,2.0501506328582764
7,CW,T4a,9.877507195109304,8.639465964522895,8.694736825788961,0.8746605589718622,0.993643181803717,-0.12498490428701187,698,698,4.811721324920654
7,CW,T4b,8.212234998980101,7.52117104042315,7.527835555272974,0.9158494662363198,0.999114683789133,0.8035988738588024,698,698,1.6391384601593018
7,CW,T4,7.795149211965268,3.7264392196169287,5.283194539245853,0.47804591269362506,0.7053382554693618,-0.7771800874045004,698,698,5.434216022491455
7,CW,T4_T5,5.2394545188056725,2.6347128271183804,3.3525997337454774,0.5028601389060173,0.7858715732148902,-0.29930896483946406,698,698,4.300220012664795
7,CW,sham,10.532896380335906,9.69596526961739,9.699922851120075,0.9205412186261511,0.9995919986619041,0.47368072195323413,698,698,2.0298664569854736
7,CW,all_input,0.1663980428551491,-0.001798689929309596,0.07752619729801169,-0.010809561810023035,0.023201059667552235,0.10522356778219591,698,698,-0.04844764620065689
7,CCW,noop,10.663144114829764,-10.057525193833621,10.05883477470781,-0.9432044700442641,0.9998698078948983,0.5780840167353537,698,698,1.735089659690857
7,CCW,T4a,9.825614250343031,-8.706245924205723,8.788611189333867,-0.8860765039602252,0.9906281819329879,0.3436096632350398,698,698,4.500178337097168
7,CCW,T4b,8.171125025354824,-7.6010612565699605,7.612362328443982,-0.9302343597710269,0.9985154316903972,0.8036415917441158,698,698,1.508974313735962
7,CCW,T4,7.690771620493627,-3.769099047965133,5.507692678881622,-0.49008074013296676,0.6843335799067273,1.53748250618906,698,698,5.277257442474365
7,CCW,T4_T5,5.337429415842006,-2.798778486146838,3.643322169401807,-0.5243682432295578,0.76819407014076,1.315858135324138,698,698,4.386406421661377
7,CCW,sham,10.672007840654524,-10.064576834367038,10.065846018390696,-0.9430818440768469,0.9998739118379778,0.5909064002061014,698,698,1.717053771018982
7,CCW,all_input,0.1663980428551491,-0.001798689929309596,0.07752619729801169,-0.010809561810023035,0.023201059667552235,0.10522356778219591,698,698,-0.04844764620065689
7,Right,noop,0.5691148839243612,0.012255750715493662,0.391868002183553,0.02153475697381783,0.03127520146376484,0.11392746590837473,698,698,0.4135455787181854
7,Right,T4a,0.5939501625212328,0.014092591698196733,0.39142918756287887,0.023726892570204397,0.0360029148207884,0.10832028241684986,698,698,0.45684322714805603
7,Right,T4b,0.5316127289235206,0.22690816990611615,0.3604335034188002,0.42682982848358364,0.6295423920191561,0.006406493331353347,698,698,0.04582740738987923
7,Right,T4,0.5217548490599857,0.22720246187323218,0.33945105322841296,0.4354582660469168,0.6693231902284011,0.024570926188199414,698,698,0.12842074036598206
7,Right,T4_T5,0.6117412990673529,0.2155418484905423,0.38338497997548127,0.35234150255860214,0.5622073366158656,0.0005192099406885287,698,698,0.07179149240255356
7,Right,sham,0.5710297247871521,0.013985243672343254,0.39007749310754924,0.02449127088358871,0.035852475263132774,0.11984268206249186,698,698,0.4073333144187927
7,Right,all_input,0.1663980428551491,-0.001798689929309596,0.07752619729801169,-0.010809561810023035,0.023201059667552235,0.10522356778219591,698,698,-0.04844764620065689
7,Left,noop,1.5430457547258571,0.028011281885414192,1.0452878959055494,0.018153241275979386,0.02679767171813233,0.16646492291805037,698,698,-1.0705057382583618
7,Left,T4a,0.6549851514602872,0.05906036017862271,0.33896106658214564,0.09017053294559095,0.17423936257384212,0.0854536049712509,698,698,-0.13548758625984192
7,Left,T4b,1.8861191256940864,0.2987695037106507,1.2491395284777633,0.1584043656843278,0.2391802492030171,0.054255638658970776,698,698,-1.0250282287597656
7,Left,T4,1.0872028391453807,0.27343281619898163,0.6899054931948347,0.25150119771018936,0.39633372816436185,-0.021614689301286634,698,698,-0.40294814109802246
7,Left,T4_T5,0.8012383038140513,0.15957496128266516,0.5126841581162297,0.19916042521064842,0.31125393433063364,0.021538452367289494,698,698,-0.13877609372138977
7,Left,sham,1.5460296070270216,0.02723620366928788,1.044229692642773,0.01761687068959983,0.02608257920760474,0.17332252989340044,698,698,-1.0782911777496338
7,Left,all_input,0.1663980428551491,-0.001798689929309596,0.07752619729801169,-0.010809561810023035,0.023201059667552235,0.10522356778219591,698,698,-0.04844764620065689
7,MIDD_0_original,noop,0.22756695369490595,-0.011367694492634958,0.1459265666546535,-0.049953186559219744,0.07790010245041594,0.030310704951124676,698,698,0.18420933187007904
7,MIDD_0_original,T4a,0.2883412663415793,-0.011392752031348043,0.1925021974117296,-0.0395113477023153,0.05918245186043708,0.01635677005108151,698,698,0.27631688117980957
7,MIDD_0_original,T4b,0.22645681124021366,-0.014499878678479624,0.14788254420275138,-0.06402933344804057,0.09804996767299227,0.025428965209581093,698,698,0.19809919595718384
7,MIDD_0_original,T4,0.29229951443638896,-0.0032148746224530044,0.18665554571021342,-0.010998562993345767,0.017223568741130058,0.01611715328870517,698,698,0.2713550925254822
7,MIDD_0_original,T4_T5,0.33398117002210137,-0.007856293117045127,0.21082429140886555,-0.023523161849289986,0.03726464851153654,0.01021098477981424,698,698,0.31238052248954773
7,MIDD_0_original,sham,0.22824825803023205,-0.011646599445703171,0.1460951018370095,-0.05102601678633863,0.07971930132672525,0.030142229219877033,698,698,0.18482521176338196
7,MIDD_0_original,all_input,0.1663980428551491,-0.001798689929309596,0.07752619729801169,-0.010809561810023035,0.023201059667552235,0.10522356778219591,698,698,-0.04844764620065689
7,MIDD_0_mirror,noop,0.21576913334986172,0.0023267337395489096,0.1335032262657668,0.010783441094775111,0.01742829596430162,0.03238132205949542,698,698,0.18201331794261932
7,MIDD_0_mirror,T4a,0.2859927549873688,-0.003648639208918951,0.18733282224841238,-0.012757802934833426,0.019476774892552888,0.01847755803429337,698,698,0.2760123908519745
7,MIDD_0_mirror,T4b,0.21866199083580568,-0.0027117586426892238,0.13765955326925466,-0.012401600444246829,0.019699022539940762,0.02830421458014778,698,698,0.19627191126346588
7,MIDD_0_mirror,T4,0.29327806137866286,-0.001637943325185619,0.18694407172769856,-0.005584950055540656,0.008761675671488722,0.016079090343212234,698,698,0.27223530411720276
7,MIDD_0_mirror,T4_T5,0.33396171236163036,-0.006498512229177241,0.2106128794865643,-0.019458854080075888,0.030855246103749335,0.010343611422858279,698,698,0.3124317526817322
7,MIDD_0_mirror,sham,0.2166275019572568,0.0019582223083356156,0.13388232517761875,0.00903958311222181,0.014626443824737021,0.032154036300887784,698,698,0.18274284899234772
7,MIDD_0_mirror,all_input,0.1663980428551491,-0.001798689929309596,0.07752619729801169,-0.010809561810023035,0.023201059667552235,0.10522356778219591,698,698,-0.04844764620065689
7,MIDD_48_original,noop,0.21649699599987848,-0.00669308826869839,0.14057626675891077,-0.03091538632112081,0.04761179410303362,0.029854670344215354,698,698,0.17413337528705597
7,MIDD_48_original,T4a,0.28506738667735887,-0.009437471612364677,0.19144235303297527,-0.03310610772549043,0.04929667580265849,0.01850596132675472,698,698,0.2731810510158539
7,MIDD_48_original,T4b,0.21924147455231235,-0.013012067720503945,0.14458415393671675,-0.05935039320034853,0.08999649938263093,0.02950505719231252,698,698,0.18665330111980438
7,MIDD_48_original,T4,0.29634638630333177,-0.0011683355540039466,0.19119618186744805,-0.003942466006007144,0.006110663626190648,0.01877852957323644,698,698,0.27335405349731445
7,MIDD_48_original,T4_T5,0.3401018679284093,-0.0068881050959624076,0.21574360954560887,-0.02025306458302763,0.031927272888730644,0.01396560412601097,698,698,0.31798064708709717
7,MIDD_48_original,sham,0.21717714920041492,-0.007109606214497176,0.1408333258556689,-0.032736437699236516,0.050482413670918755,0.02971679244793294,698,698,0.17476718127727509
7,MIDD_48_original,all_input,0.1663980428551491,-0.001798689929309596,0.07752619729801169,-0.010809561810023035,0.023201059667552235,0.10522356778219591,698,698,-0.04844764620065689
7,MIDD_48_mirror,noop,0.21276089586504182,-0.004285304362216634,0.13555312847413842,-0.02014140965515995,0.03161346706235709,0.035370491061297825,698,698,0.17007608711719513
7,MIDD_48_mirror,T4a,0.28480098489581174,-0.008838722747960532,0.19113497769641485,-0.03103473378504638,0.04624335563530045,0.021693315191546544,698,698,0.2747232913970947
7,MIDD_48_mirror,T4b,0.21225262480314452,-0.0062401390639089845,0.1371192617877312,-0.02939958490358578,0.045508843779870196,0.03466652711223793,698,698,0.18251697719097137
7,MIDD_48_mirror,T4,0.29908754347615807,-0.0023109950516966155,0.19220357964548204,-0.007726818124342372,0.012023683720975578,0.01901453164940656,698,698,0.27675217390060425
7,MIDD_48_mirror,T4_T5,0.34306141007258006,-0.009394564787362796,0.21772588812912036,-0.02738449884344388,0.04314858865929363,0.01474378841603962,698,698,0.3211601972579956
7,MIDD_48_mirror,sham,0.21361659935917512,-0.004565634405043643,0.13593316981815676,-0.02137303195884596,0.03358734598149425,0.035262158646034936,698,698,0.1707698255777359
7,MIDD_48_mirror,all_input,0.1663980428551491,-0.001798689929309596,0.07752619729801169,-0.010809561810023035,0.023201059667552235,0.10522356778219591,698,698,-0.04844764620065689
7,MIDD_85_original,noop,0.21013355305565665,-0.0018464770140622382,0.13857041900623654,-0.00878715934324479,0.013325188935014587,0.0317401969929035,698,698,0.16089755296707153
7,MIDD_85_original,T4a,0.2816731707735451,-0.007460386184483765,0.1928795928241365,-0.026485966568969548,0.03867898140621847,0.022168598298081908,698,698,0.2695750892162323
7,MIDD_85_original,T4b,0.21308214503796025,-0.00999321337338378,0.14280379591307188,-0.046898407990043016,0.06997862563448166,0.03576382836458905,698,698,0.16966000199317932
7,MIDD_85_original,T4,0.30027073295097134,0.0014792102556312726,0.19526355927239736,0.004926255186757746,0.007575454739958615,0.022216327952108258,698,698,0.27469906210899353
7,MIDD_85_original,T4_T5,0.34670129669822425,-0.006878279927619857,0.22145374364502096,-0.019839210274448005,0.031059668779613806,0.018805513563032346,698,698,0.32357943058013916
7,MIDD_85_original,sham,0.2108235720447296,-0.00244902444837973,0.1390119573696808,-0.011616464063421383,0.01761736540308492,0.031478044204356535,698,698,0.16168205440044403
7,MIDD_85_original,all_input,0.1663980428551491,-0.001798689929309596,0.07752619729801169,-0.010809561810023035,0.023201059667552235,0.10522356778219591,698,698,-0.04844764620065689
7,MIDD_85_mirror,noop,0.2180486221406571,-0.013787889384367046,0.1424275044161125,-0.06323309566924419,0.09680636784932149,0.037787695502814383,698,698,0.16098076105117798
7,MIDD_85_mirror,T4a,0.2850839559601392,-0.015649975835019293,0.19643188379189733,-0.054896024514292534,0.07967126075927214,0.02463272937575062,698,698,0.2729142904281616
7,MIDD_85_mirror,T4b,0.2159106179957117,-0.014901279022447478,0.14262827987336849,-0.06901596207159871,0.10447632850706377,0.041907952468122345,698,698,0.16903282701969147
7,MIDD_85_mirror,T4,0.30429011637116415,-0.003690313495633486,0.19668250319284564,-0.012127615381145504,0.018762795041382826,0.02167889465401137,698,698,0.28036966919898987
7,MIDD_85_mirror,T4_T5,0.3521042126671604,-0.01266781607947502,0.22438705469173886,-0.03597746242090476,0.05645520013121062,0.019809056582593337,698,698,0.32965004444122314
7,MIDD_85_mirror,sham,0.21879626429757734,-0.013998821291922042,0.14276275062045327,-0.06398108001004406,0.09805653947603658,0.03752944785705653,698,698,0.16177409887313843
7,MIDD_85_mirror,all_input,0.1663980428551491,-0.001798689929309596,0.07752619729801169,-0.010809561810023035,0.023201059667552235,0.10522356778219591,698,698,-0.04844764620065689
7,MIDD_128_original,noop,0.21497711965230018,0.00520846500901734,0.1349641546443006,0.024227996995407744,0.03859146914041215,0.0422242175712001,698,698,0.1418045610189438
7,MIDD_128_original,T4a,0.28240651935270933,-0.006261196556938903,0.19652437750789098,-0.022170864083767956,0.0318596432480113,0.028547442409107362,698,698,0.26815783977508545
7,MIDD_128_original,T4b,0.22201042372557836,-0.004560099585635289,0.1398302664456943,-0.02054002469393922,0.03261167772576826,0.05425996448325577,698,698,0.1411232352256775
7,MIDD_128_original,T4,0.3078336820336306,0.0036622521295102423,0.2008281319608676,0.011896853214100672,0.018235752599759535,0.02674351325067008,698,698,0.28061601519584656
7,MIDD_128_original,T4_T5,0.3584119569002824,-0.0074031129488671705,0.22968533444503011,-0.020655318011410177,0.03223154393707681,0.02693965045698612,698,698,0.33480867743492126
7,MIDD_128_original,sham,0.21562627055775904,0.004616546589245432,0.1355127895279071,0.0214099449816752,0.03406723900620992,0.04170979509798279,698,698,0.14282163977622986
7,MIDD_128_original,all_input,0.1663980428551491,-0.001798689929309596,0.07752619729801169,-0.010809561810023035,0.023201059667552235,0.10522356778219591,698,698,-0.04844764620065689
7,MIDD_128_mirror,noop,0.23035912215268692,-0.025665497383362205,0.14872795777265696,-0.11141515536055294,0.17256673034261688,0.038522248771415926,698,698,0.14970973134040833
7,MIDD_128_mirror,T4a,0.28912806031062305,-0.022624908935905748,0.20314812573390684,-0.07825220738381052,0.11137148745118594,0.02708981641081224,698,698,0.2729684114456177
7,MIDD_128_mirror,T4b,0.23734345969345946,-0.0311399623195704,0.1518566168327225,-0.13120210836982477,0.20506160988607164,0.051308287857503916,698,698,0.1489132195711136
7,MIDD_128_mirror,T4,0.312243139995915,-0.004509505412359142,0.20240585950205325,-0.014442288187398252,0.022279520086291752,0.02394552421499611,698,698,0.28684017062187195
7,MIDD_128_mirror,T4_T5,0.36398908051176965,-0.014511317522917165,0.23189225627436225,-0.039867452898626005,0.06257784436642924,0.02656389445994743,698,698,0.34139037132263184
7,MIDD_128_mirror,sham,0.23098421473756026,-0.025975463066120866,0.14910862114512038,-0.11245557665329503,0.17420497129297557,0.03783053043333399,698,698,0.1507975161075592
7,MIDD_128_mirror,all_input,0.1663980428551491,-0.001798689929309596,0.07752619729801169,-0.010809561810023035,0.023201059667552235,0.10522356778219591,698,698,-0.04844764620065689
7,MIDD_170_original,noop,0.22577482525305567,0.011784697121547522,0.13791952041336503,0.05219668361314799,0.08544618692283049,0.04167353776339972,698,698,0.13942858576774597
7,MIDD_170_original,T4a,0.28815519638081616,-0.004311571786841157,0.20093131311031479,-0.014962672341133593,0.021457938636343998,0.030295503069938473,698,698,0.27359408140182495
7,MIDD_170_original,T4b,0.2463544232436452,0.0026078964286326096,0.14322983154281946,0.010585953336236196,0.018207774180429463,0.06382045012205911,698,698,0.12565645575523376
7,MIDD_170_original,T4,0.32065347483496137,0.0038325420994733237,0.21047539402574242,0.01195228619133447,0.018208979330878842,0.02802902706639425,698,698,0.2936147153377533
7,MIDD_170_original,T4_T5,0.37316107699631784,-0.009516732041434592,0.23996086344260847,-0.025503013653078555,0.039659517410057625,0.03345677811919633,698,698,0.35036128759384155
7,MIDD_170_original,sham,0.22628827575661126,0.01122622550995413,0.13855214317616812,0.049610283486488334,0.08102527505244043,0.041002595825735566,698,698,0.1406225562095642
7,MIDD_170_original,all_input,0.1663980428551491,-0.001798689929309596,0.07752619729801169,-0.010809561810023035,0.023201059667552235,0.10522356778219591,698,698,-0.04844764620065689
7,MIDD_170_mirror,noop,0.2396914318995013,-0.02580622740000271,0.15029655624578472,-0.10766437162769689,0.17170205389005033,0.03406263797781062,698,698,0.1447611004114151
7,MIDD_170_mirror,T4a,0.29264364975954693,-0.021656141345030203,0.2067095967290046,-0.07400174704909589,0.10476601806456674,0.027556402460105888,698,698,0.2756443917751312
7,MIDD_170_mirror,T4b,0.2657983132680791,-0.03733992296840621,0.158362789912679,-0.14048216675756656,0.23578722621011783,0.05553150084270042,698,698,0.13124854862689972
7,MIDD_170_mirror,T4,0.32326719800824605,-0.0029436312154567704,0.21074746781492398,-0.00910587660484403,0.013967575724524641,0.024030534509140118,698,698,0.2966432273387909
7,MIDD_170_mirror,T4_T5,0.3764869692051675,-0.01417263820305808,0.24075145618544438,-0.03764443224417328,0.058868338441705116,0.03153752513524001,698,698,0.3539736866950989
7,MIDD_170_mirror,sham,0.24020952093789885,-0.026208404033290854,0.15079058692158143,-0.10910643312954481,0.1738066318882393,0.03307848738100374,698,698,0.14616793394088745
7,MIDD_170_mirror,all_input,0.1663980428551491,-0.001798689929309596,0.07752619729801169,-0.010809561810023035,0.023201059667552235,0.10522356778219591,698,698,-0.04844764620065689
7,MIDD_207_original,noop,0.2374041500637581,0.011422541648606312,0.14301843687407695,0.04811433012244577,0.07986761635958507,0.03545884672042176,698,698,0.14113464951515198
7,MIDD_207_original,T4a,0.2945486041592863,-0.0056640012752365125,0.20582403627976104,-0.019229428336294298,0.027518658061577727,0.028603254728071407,698,698,0.27974024415016174
7,MIDD_207_original,T4b,0.27849191375779314,0.0028397324698787667,0.1521847713867487,0.010196821988693384,0.018659767623280293,0.06558142972242244,698,698,0.11363506317138672
7,MIDD_207_original,T4,0.33357706874770915,0.002964143084833635,0.22033132587094112,0.008885931805688582,0.013453116905264208,0.02748311311414186,698,698,0.3066318929195404
7,MIDD_207_original,T4_T5,0.38496895926159114,-0.012079517259597695,0.24859613962073562,-0.03137789935782723,0.04859092855595627,0.0379129824437286,698,698,0.36308562755584717
7,MIDD_207_original,sham,0.23782937693225759,0.010900495121365381,0.14371005824992467,0.045833257699153945,0.07585060679892318,0.03464216696037982,698,698,0.14251483976840973
7,MIDD_207_original,all_input,0.1663980428551491,-0.001798689929309596,0.07752619729801169,-0.010809561810023035,0.023201059667552235,0.10522356778219591,698,698,-0.04844764620065689
7,MIDD_207_mirror,noop,0.24390924066425393,-0.014410523796996927,0.14935842080793343,-0.05908149997823702,0.09648283450672027,0.02801555473214701,698,698,0.14459146559238434
7,MIDD_207_mirror,T4a,0.2941074312863091,-0.015819045887299717,0.2072839300848524,-0.05378662422133807,0.07631583346004746,0.026317875494060238,698,698,0.278912752866745
7,MIDD_207_mirror,T4b,0.2906380429527321,-0.028165875130212896,0.16031441227096718,-0.09691048991406005,0.17569147234626836,0.05647622819613011,698,698,0.117777980864048
7,MIDD_207_mirror,T4,0.33404553046680197,-0.0006726744999707323,0.21870732283334354,-0.0020137210009387742,0.003075683480810173,0.02345137002010644,698,698,0.30607742071151733
7,MIDD_207_mirror,T4_T5,0.3856444689409278,-0.013114902102771185,0.24721250463897165,-0.0340077536669665,0.05305112749827985,0.035317145818222186,698,698,0.36319082975387573
7,MIDD_207_mirror,sham,0.2444481322367409,-0.014876786963595337,0.14997586503993252,-0.060858664893326336,0.0991945401324023,0.02691336210289801,698,698,0.14616799354553223
7,MIDD_207_mirror,all_input,0.1663980428551491,-0.001798689929309596,0.07752619729801169,-0.010809561810023035,0.023201059667552235,0.10522356778219591,698,698,-0.04844764620065689
7,MIDD_255_original,noop,0.2557765629302959,0.0025202344880380758,0.15028827081855115,0.009853265909765504,0.016769335852435566,0.02529208972884877,698,698,0.13900944590568542
7,MIDD_255_original,T4a,0.3024112678171043,-0.011406954782321422,0.2122391390794274,-0.03772000582074954,0.05374576447962567,0.02538678633229781,698,698,0.2856535315513611
7,MIDD_255_original,T4b,0.33190315269302356,-0.008526479314344632,0.16892211879295782,-0.02568966050837954,0.05047580136497845,0.06399570413806403,698,698,0.08933161944150925
7,MIDD_255_original,T4,0.3481334023530671,-0.00078792148906211,0.230535164083062,-0.0022632746060460528,0.0034177930824393506,0.02663851984796418,698,698,0.3205878436565399
7,MIDD_255_original,T4_T5,0.3961698846664682,-0.01682105773690901,0.2559269727519797,-0.042459203457805746,0.06572600596190538,0.042673626296442994,698,698,0.3753931224346161
7,MIDD_255_original,sham,0.25611128990599613,0.0020489485115277382,0.1509459569197697,0.008000227214816616,0.013574053610569965,0.024287803690066525,698,698,0.14065389335155487
7,MIDD_255_original,all_input,0.1663980428551491,-0.001798689929309596,0.07752619729801169,-0.010809561810023035,0.023201059667552235,0.10522356778219591,698,698,-0.04844764620065689
7,MIDD_255_mirror,noop,0.25065292311646337,0.0029100417964374324,0.14478121115926942,0.011609845838842704,0.020099581797503985,0.024451110696074183,698,698,0.1435118317604065
7,MIDD_255_mirror,T4a,0.2973059107906277,-0.007450358891663738,0.20707892311200557,-0.02505957204769642,0.03597835443462279,0.025089592387487213,698,698,0.28378310799598694
7,MIDD_255_mirror,T4b,0.32846999366868296,-0.008975940274347952,0.15776036425398243,-0.02732651519883333,0.05689604177065259,0.06221110162918808,698,698,0.09561438858509064
7,MIDD_255_mirror,T4,0.3483547686223973,0.0021097378327613573,0.22825241581415556,0.0060562909504713255,0.009243003300692852,0.023651652131909867,698,698,0.31822896003723145
7,MIDD_255_mirror,T4_T5,0.3953131239897364,-0.01231349518267936,0.25351027553315075,-0.031148713350076022,0.04857197664585065,0.04046664003371282,698,698,0.37280139327049255
7,MIDD_255_mirror,sham,0.25109674549144856,0.0023786427709664177,0.1455454055763528,0.009473013146032296,0.016342960202330722,0.02323183449540717,698,698,0.14526201784610748
7,MIDD_255_mirror,all_input,0.1663980428551491,-0.001798689929309596,0.07752619729801169,-0.010809561810023035,0.023201059667552235,0.10522356778219591,698,698,-0.04844764620065689
7,Gray,noop,0.1663980428551491,-0.001798689929309596,0.07752619729801169,-0.010809561810023035,0.023201059667552235,0.10522356778219591,698,698,-0.04844764620065689
7,Gray,T4a,0.1663980428551491,-0.001798689929309596,0.07752619729801169,-0.010809561810023035,0.023201059667552235,0.10522356778219591,698,698,-0.04844764620065689
7,Gray,T4b,0.1663980428551491,-0.001798689929309596,0.07752619729801169,-0.010809561810023035,0.023201059667552235,0.10522356778219591,698,698,-0.04844764620065689
7,Gray,T4,0.1663980428551491,-0.001798689929309596,0.07752619729801169,-0.010809561810023035,0.023201059667552235,0.10522356778219591,698,698,-0.04844764620065689
7,Gray,T4_T5,0.1663980428551491,-0.001798689929309596,0.07752619729801169,-0.010809561810023035,0.023201059667552235,0.10522356778219591,698,698,-0.04844764620065689
7,Gray,sham,0.1663980428551491,-0.001798689929309596,0.07752619729801169,-0.010809561810023035,0.023201059667552235,0.10522356778219591,698,698,-0.04844764620065689
7,Gray,all_input,0.1663980428551491,-0.001798689929309596,0.07752619729801169,-0.010809561810023035,0.023201059667552235,0.10522356778219591,698,698,-0.04844764620065689
8,Static,noop,0.1861330495272077,0.0291085067606778,0.1091852330753055,0.1563854825062809,0.2665974687309739,-0.0034305476862106,698,698,-0.0338998772203922
8,Static,T4a,0.4541784064431322,0.0030116165099909,0.2681617053313718,0.0066309108210938,0.011230598739926,0.005963896395252,698,698,-0.0770796611905098
8,Static,T4b,0.217336498776714,0.0284408249916524,0.1354175796471017,0.1308607857020455,0.2100231378065482,0.0028827515163104,698,698,0.0090523334220051
8,Static,T4,0.4956184973539673,-0.0621244649456315,0.3541049936353808,-0.1253473493772018,0.1754408044569984,0.0173954280455096,698,698,0.1231976374983787
8,Static,T4_T5,0.5104030300415575,-0.0579193022997242,0.3666510507775117,-0.1134775831856022,0.157968461230104,0.0345904092196928,698,698,0.2308404594659805
8,Static,sham,0.25882091733707,0.0325312466054499,0.151420861167892,0.1256901758179131,0.2148399259820613,-0.001184684037283,698,698,-0.1362654119729995
8,Static,all_input,0.1992713164187179,-0.011724848059851,0.1030385155325586,-0.0588386139589418,0.1137909256480526,0.1091207238946446,698,698,-0.0893631055951118
8,CW,noop,9.058857110894907,8.615618059258932,8.61659789188748,0.9510711951618156,0.9998862854410938,0.5054224025359576,698,698,0.6690148711204529
8,CW,T4a,9.587327942705825,7.497522971150032,8.154364044091041,0.7820242528424465,0.9194491355316692,0.7396689932576096,698,698,3.186180353164673
8,CW,T4b,8.814456325311859,8.03176657566993,8.086613801091035,0.9112038541283218,0.9932175287740704,0.6259653282576814,698,698,-1.125241756439209
8,CW,T4,7.787737759821958,3.7435391930833544,5.7569808298733935,0.4806966167244104,0.6502608404839315,0.5342634066015581,698,698,1.9996432065963743
8,CW,T4_T5,7.670423673645464,3.568709260206582,5.5452896646363605,0.4652558205445918,0.6435568700703042,0.63248561425865,698,698,2.5562856197357178
8,CW,sham,9.057329249809426,8.629013674001081,8.630396633033804,0.9527106099386464,0.9998397571871228,0.5402655487915432,698,698,0.3130190670490265
8,CW,all_input,0.1992713164187179,-0.011724848059851,0.1030385155325586,-0.0588386139589418,0.1137909256480526,0.1091207238946446,698,698,-0.0893631055951118
8,CCW,noop,9.111449886630098,-8.621209862230996,8.628697971504057,-0.9461951686615248,0.999132185493363,0.0507616959748047,698,698,0.6038188338279724
8,CCW,T4a,9.571588977441625,-7.445493081677917,8.100638087292474,-0.7778743006229684,0.91912427162469,0.2006851875447381,698,698,3.1269373893737793
8,CCW,T4b,8.795254731238819,-8.037286177817796,8.0974607390526,-0.9138207389572376,0.9925687121958378,-0.1320517200704623,698,698,-1.1999591588974
8,CCW,T4,7.762617858974252,-3.7275831725610975,5.6474343795159445,-0.4801966604927861,0.6600489571125566,0.7887691011836152,698,698,1.909345030784607
8,CCW,T4_T5,7.677396108834339,-3.637464166715103,5.536528734553288,-0.4737887840031456,0.656993640078812,1.0121728463631434,698,698,2.5703930854797363
8,CCW,sham,9.152308650842803,-8.674145842971921,8.680273472904501,-0.9477549516616388,0.999294074092054,0.0337165009308307,698,698,0.2230171114206314
8,CCW,all_input,0.1992713164187179,-0.011724848059851,0.1030385155325586,-0.0588386139589418,0.1137909256480526,0.1091207238946446,698,698,-0.0893631055951118
8,Right,noop,0.4597766358128594,0.0303626262844955,0.3305423838603699,0.066037775562075,0.0918569834521479,0.0689945891779383,698,698,0.3598165512084961
8,Right,T4a,0.7534852348058059,-0.0096782066756842,0.4675248975245312,-0.0128445870318594,0.0207009439003756,0.3031518280890017,698,698,0.4508598446846008
8,Right,T4b,0.491764994702439,0.0168775849515964,0.3707044068688871,0.0343204277112258,0.0455284173558955,-0.0301823006740093,698,698,0.3142186999320984
8,Right,T4,0.9376236963349792,-0.0652710590301128,0.5624721104441722,-0.0696132779976092,0.1160431918634502,0.0940329064341872,698,698,-0.3285689949989319
8,Right,T4_T5,1.263162012405742,-0.5279957050974659,0.7475943590942,-0.417995237279086,0.7062596161602875,0.65866070344106,698,698,0.4707280993461609
8,Right,sham,0.4818329424287149,0.0569481382555587,0.3368051694934605,0.1181906284126349,0.169083325951339,0.1163179344774826,698,698,0.3195681571960449
8,Right,all_input,0.1992713164187179,-0.011724848059851,0.1030385155325586,-0.0588386139589418,0.1137909256480526,0.1091207238946446,698,698,-0.0893631055951118
8,Left,noop,1.0586835106594918,0.0284629357199062,0.7550310037009497,0.0268852168125067,0.0376977045715856,0.1212665415732494,698,698,-0.9186174273490906
8,Left,T4a,2.0582803204736835,0.0224749793495241,1.1257036274201484,0.0109192995365917,0.0199652722102633,0.4509282602197436,698,698,0.1609185934066772
8,Left,T4b,1.184298701898064,0.0186763337972569,0.8130394693357953,0.0157699520968186,0.0229710051007909,-0.127762268669713,698,698,-1.084209680557251
8,Left,T4,3.3431235201398133,-0.3237223982154126,2.431792798670661,-0.0968323175213921,0.133120880361343,0.1223260914485458,698,698,-2.6295299530029297
8,Left,T4_T5,3.725460882594573,-1.2612028616393296,2.283702097728394,-0.3385360634255199,0.5522624263882107,1.6354536017314252,698,698,1.1044052839279177
8,Left,sham,1.1542619558735454,0.0467306483695245,0.8294166264889574,0.040485305897619,0.0563415862150512,0.1508921356734349,698,698,-1.0302082300186155
8,Left,all_input,0.1992713164187179,-0.011724848059851,0.1030385155325586,-0.0588386139589418,0.1137909256480526,0.1091207238946446,698,698,-0.0893631055951118
8,MIDD_0_original,noop,0.151827899354978,0.0038618192412934,0.1068947583857694,0.025435504658234,0.0361273022139834,-0.0064425551035487,698,698,0.0047349478118121
8,MIDD_0_original,T4a,0.3628439291595691,0.0013790027757553,0.3119457941364791,0.0038005397498297,0.00442064872063,0.0226426502027076,698,698,0.2591190040111542
8,MIDD_0_original,T4b,0.2894752568909399,-0.0055677493562889,0.1966756051634731,-0.0192339387348281,0.0283093032898573,-0.0113156184736919,698,698,-0.2233326435089111
8,MIDD_0_original,T4,0.617508462082518,0.0295546468030484,0.4560845117977021,0.0478611203211318,0.0648008122147273,0.034754206640337,698,698,0.2638736963272095
8,MIDD_0_original,T4_T5,0.597835515827002,0.0268812490471186,0.4394635456101257,0.0449642892325209,0.0611683251446904,0.0544546472950031,698,698,0.2439972162246704
8,MIDD_0_original,sham,0.1542217938712526,0.0041538196522005,0.105363384467619,0.0269340639084266,0.0394237492767433,-0.0062316713114312,698,698,-0.0059201954863965
8,MIDD_0_original,all_input,0.1992713164187179,-0.011724848059851,0.1030385155325586,-0.0588386139589418,0.1137909256480526,0.1091207238946446,698,698,-0.0893631055951118
8,MIDD_0_mirror,noop,0.1572903213227425,-0.0025089270910774,0.1181597957201663,-0.015950931182405,0.021233339781826,-0.0029495794115135,698,698,0.0172779187560081
8,MIDD_0_mirror,T4a,0.3936843442734172,0.0077753785233078,0.3462332845079462,0.0197502863306847,0.022457050986181,0.0239448706098,698,698,0.2839504182338714
8,MIDD_0_mirror,T4b,0.2822702988111878,-0.0171684872016049,0.1911911127262648,-0.0608228611862879,0.0897975170330518,-0.0084372447837403,698,698,-0.2094365954399109
8,MIDD_0_mirror,T4,0.6603288590146629,0.013029483704205,0.4893226562779322,0.0197318101826527,0.0266275912979683,0.0320901207058998,698,698,0.2831082046031952
8,MIDD_0_mirror,T4_T5,0.6431876834391667,0.0074801289989596,0.4742931672456428,0.0116297764891313,0.0157711084947711,0.0535090030201981,698,698,0.2626074552536011
8,MIDD_0_mirror,sham,0.1599675115970323,-0.0030265412759041,0.1156750525060583,-0.0189197246721458,0.026164166000665,-0.0033528215497348,698,698,0.0067467698827385
8,MIDD_0_mirror,all_input,0.1992713164187179,-0.011724848059851,0.1030385155325586,-0.0588386139589418,0.1137909256480526,0.1091207238946446,698,698,-0.0893631055951118
8,MIDD_48_original,noop,0.1594699703453446,-0.0089091431336715,0.1126653782075553,-0.0558672150899516,0.0790761392311567,0.0004772414951974,698,698,0.00434415275231
8,MIDD_48_original,T4a,0.3876162986229107,-0.0075308766532736,0.3337299930346922,-0.0194286893508573,0.0225657771565375,0.0280564404645395,698,698,0.2783127427101135
8,MIDD_48_original,T4b,0.3033879826395119,-0.0149357884946886,0.2039630212942238,-0.0492299937681956,0.0732279233751064,-0.0040580844741093,698,698,-0.2357643693685531
8,MIDD_48_original,T4,0.6703948401513051,0.0290017341131636,0.4997124972440514,0.0432606762107806,0.0580368397290646,0.0458777010949048,698,698,0.2718342840671539
8,MIDD_48_original,T4_T5,0.6631697150596452,0.0256612754705052,0.4910719813738545,0.0386948844131057,0.0522556294063319,0.0650468554386703,698,698,0.2453849166631698
8,MIDD_48_original,sham,0.1600600740748642,-0.008848276146222,0.1111694715813007,-0.0552809699568394,0.0795926797200895,0.0015223876069494,698,698,-0.0013253758661448
8,MIDD_48_original,all_input,0.1992713164187179,-0.011724848059851,0.1030385155325586,-0.0588386139589418,0.1137909256480526,0.1091207238946446,698,698,-0.0893631055951118
8,MIDD_48_mirror,noop,0.1631982203080876,0.0039645038346025,0.1245591451337119,0.0242925678179475,0.0318282839075905,-0.0005531261626384,698,698,0.0232223812490701
8,MIDD_48_mirror,T4a,0.4262606644421391,0.0022400222887077,0.3755536097164076,0.0052550527777159,0.0059645872939397,0.0262877984809727,698,698,0.3130450248718261
8,MIDD_48_mirror,T4b,0.2957257890493037,-0.0048166716474583,0.1952776212380802,-0.016287628018317,0.0246657636288282,-0.0046669287301426,698,698,-0.2168869078159332
8,MIDD_48_mirror,T4,0.7063181490533217,0.0239662571142488,0.527638867389033,0.033931249177684,0.0454217052523886,0.0346708744831002,698,698,0.2954266667366028
8,MIDD_48_mirror,T4_T5,0.7057854989414313,0.0175554238640122,0.5236227651994454,0.0248735967094006,0.0335268537404509,0.0583381902409449,698,698,0.2694750130176544
8,MIDD_48_mirror,sham,0.1640032829053847,0.0039208504943835,0.1229927555587113,0.0239071463992921,0.0318787108766899,-0.0003493493453741,698,698,0.017902972176671
8,MIDD_48_mirror,all_input,0.1992713164187179,-0.011724848059851,0.1030385155325586,-0.0588386139589418,0.1137909256480526,0.1091207238946446,698,698,-0.0893631055951118
8,MIDD_85_original,noop,0.1683168298579038,-0.0139104249901345,0.1206190573690394,-0.0826442905434829,0.1153252669482818,0.0084062821584734,698,698,0.013992509804666
8,MIDD_85_original,T4a,0.4278116207775316,-0.0077848420933549,0.3709406735229964,-0.0181968925463182,0.0209867578538064,0.0353828664483619,698,698,0.3164005875587463
8,MIDD_85_original,T4b,0.3139111303995109,-0.0201155984668325,0.209130782528098,-0.0640805518467334,0.0961866934349079,0.0030757739659377,698,698,-0.2417101711034774
8,MIDD_85_original,T4,0.7646001666714727,0.0184845955903938,0.5801204549787167,0.0241755055728835,0.0318633749797221,0.0536894874074283,698,698,0.2864134609699249
8,MIDD_85_original,T4_T5,0.7774339058081513,0.014787203398859,0.5833928007765227,0.0190205280325245,0.0253469075709823,0.0723099662979797,698,698,0.2583760917186737
8,MIDD_85_original,sham,0.1682200411413762,-0.0141123084252098,0.1194251022093424,-0.0838919568052509,0.1181686945552882,0.0098322618136653,698,698,0.0115654654800891
8,MIDD_85_original,all_input,0.1992713164187179,-0.011724848059851,0.1030385155325586,-0.0588386139589418,0.1137909256480526,0.1091207238946446,698,698,-0.0893631055951118
8,MIDD_85_mirror,noop,0.1670907525413479,0.0116039790384995,0.1285747251146654,0.0694471648610716,0.0902508562872746,0.0029379690568266,698,698,0.0279210526496171
8,MIDD_85_mirror,T4a,0.4587543315399083,0.0003567734282371,0.4054134080169486,0.0007777004023909,0.000880023751514,0.0297939326125846,698,698,0.3494544923305511
8,MIDD_85_mirror,T4b,0.3074465043671904,0.0059662400261036,0.2022610700455053,0.0194057826039813,0.0294977180965244,0.0020245224345185,698,698,-0.230923518538475
8,MIDD_85_mirror,T4,0.783159677787929,0.0353857990740783,0.5952422644891489,0.04518337712946,0.0594477260522609,0.0461785540856997,698,698,0.3115299046039581
8,MIDD_85_mirror,T4_T5,0.8072812414688786,0.0294641898635037,0.6091096247482891,0.0364980484495001,0.048372556706323,0.0734084429236309,698,698,0.2864312529563904
8,MIDD_85_mirror,sham,0.1668888829945534,0.0117238258137598,0.1275880809995675,0.0702492916448036,0.0918880958308294,0.0034496349648816,698,698,0.025588471442461
8,MIDD_85_mirror,all_input,0.1992713164187179,-0.011724848059851,0.1030385155325586,-0.0588386139589418,0.1137909256480526,0.1091207238946446,698,698,-0.0893631055951118
8,MIDD_128_original,noop,0.177895349679943,-0.019660325428713,0.1333006829865385,-0.1105162415098795,0.1474885573594433,0.0064932281380117,698,698,0.0260659772902727
8,MIDD_128_original,T4a,0.4843243656030506,0.0046237241460136,0.4246364627798782,0.0095467510503141,0.0108886648964257,0.0251299430027884,698,698,0.3728778064250946
8,MIDD_128_original,T4b,0.3322875208852009,-0.0333082279589382,0.2245683705035173,-0.1002391780172977,0.1483211009825469,0.0005649675770803,698,698,-0.2563436031341553
8,MIDD_128_original,T4,0.9195481967847412,0.0047947816006869,0.7104223369691165,0.005214279814209,0.0067491988232563,0.0753007034068686,698,698,0.3047429323196411
8,MIDD_128_original,T4_T5,0.9849642489736744,0.0047579798654795,0.7487645476921908,0.0048306117409208,0.0063544406317638,0.0930504275006732,698,698,0.2838964462280273
8,MIDD_128_original,sham,0.1783527829017253,-0.020313476756774,0.133381452168722,-0.1138949245774707,0.1522961133387445,0.0089254924580844,698,698,0.0269900299608707
8,MIDD_128_original,all_input,0.1992713164187179,-0.011724848059851,0.1030385155325586,-0.0588386139589418,0.1137909256480526,0.1091207238946446,698,698,-0.0893631055951118
8,MIDD_128_mirror,noop,0.1840127289253643,0.0056127384091016,0.1441072903801178,0.0305019030035589,0.0389483307492403,-0.0073063255828382,698,698,0.0385225676000118
8,MIDD_128_mirror,T4a,0.5048065402234346,-0.0033343283642721,0.4490068112829795,-0.0066051607865387,0.0074260084267869,0.0191888347783939,698,698,0.3977276086807251
8,MIDD_128_mirror,T4b,0.3167552829048309,0.0012591659635464,0.2078934127328615,0.0039752011458156,0.0060567862492326,-0.0124720561900905,698,698,-0.2401473820209503
8,MIDD_128_mirror,T4,0.9121051165205698,0.0148514996583889,0.694909658929463,0.016282662370148,0.021371842321588,0.0655850571129678,698,698,0.3327869772911072
8,MIDD_128_mirror,T4_T5,0.9905402700866796,0.0096132540987917,0.745897315079521,0.0097050613580309,0.0128881736191353,0.0960937909253957,698,698,0.3212044239044189
8,MIDD_128_mirror,sham,0.1836145163775067,0.005860397129631,0.1439438432990986,0.0319168508310218,0.0407130794573399,-0.0055787055393396,698,698,0.0393221788108348
8,MIDD_128_mirror,all_input,0.1992713164187179,-0.011724848059851,0.1030385155325586,-0.0588386139589418,0.1137909256480526,0.1091207238946446,698,698,-0.0893631055951118
8,MIDD_170_original,noop,0.1986255444896296,0.0009730512076335,0.1503834717724017,0.0048989227953223,0.0064704664426568,0.004847696776764,698,698,0.0293016042560338
8,MIDD_170_original,T4a,0.5475786604119455,0.0247800785304203,0.4843371016364764,0.0452539156872516,0.0511628748792804,0.0157113336071348,698,698,0.4427770674228668
8,MIDD_170_original,T4b,0.3843005362297612,-0.0060591677552047,0.2692070279976459,-0.0157667429107675,0.0225074649806607,0.0004716750713694,698,698,-0.3050675988197326
8,MIDD_170_original,T4,1.137588637146511,0.0070784472638916,0.861358576785742,0.0062223259205955,0.00821777068768,0.1069452718001127,698,698,0.311549425125122
8,MIDD_170_original,T4_T5,1.3064135840489128,0.0124226379117802,0.9718862366069084,0.0095089626007097,0.0127819876893727,0.1286527053211526,698,698,0.3262462615966797
8,MIDD_170_original,sham,0.1991877182423234,4.2851856390894946e-05,0.1509757834576092,0.0002151330251133,0.0002838326479221,0.0076185907967575,698,698,0.0324291810393333
8,MIDD_170_original,all_input,0.1992713164187179,-0.011724848059851,0.1030385155325586,-0.0588386139589418,0.1137909256480526,0.1091207238946446,698,698,-0.0893631055951118
8,MIDD_170_mirror,noop,0.1984303531130166,-0.0070238726468894,0.152296730938841,-0.0353971685112559,0.0461196547266013,-0.0105536530587892,698,698,0.0410829447209835
8,MIDD_170_mirror,T4a,0.5590520212509815,-0.0121928311513314,0.4962364756740353,-0.0218098328739564,0.0245706064528408,0.0130146017519606,698,698,0.4621498882770538
8,MIDD_170_mirror,T4b,0.3549830671991658,-0.0070719581616184,0.2458788239702461,-0.0199219591441827,0.0287619651315488,-0.0198595650867331,698,698,-0.2795040309429168
8,MIDD_170_mirror,T4,1.0895263204920838,-0.0162498850061423,0.8084078590714643,-0.0149146328092405,0.0201010972664304,0.0857838744707845,698,698,0.3468877971172333
8,MIDD_170_mirror,T4_T5,1.2584819980689128,-0.0229075762637935,0.9186817541572346,-0.0182025458440758,0.0249352685629509,0.1252790520099354,698,698,0.3671134114265442
8,MIDD_170_mirror,sham,0.1980796094899445,-0.0065203589941306,0.1525309559159034,-0.032917870804171,0.0427477750662336,-0.008091664254165,698,698,0.0442799255251884
8,MIDD_170_mirror,all_input,0.1992713164187179,-0.011724848059851,0.1030385155325586,-0.0588386139589418,0.1137909256480526,0.1091207238946446,698,698,-0.0893631055951118
8,MIDD_207_original,noop,0.2212813736418479,0.0126992727437033,0.169055527337764,0.0573897049475914,0.0751189443118941,-0.0016892167799597,698,698,0.0345015972852706
8,MIDD_207_original,T4a,0.6310551519102557,0.0300037008063009,0.5623440179336086,0.0475452909551206,0.0533547078824679,0.0016485899821137,698,698,0.5376648902893066
8,MIDD_207_original,T4b,0.4500754670952606,0.0175107909035139,0.3265629357180578,0.0389063438994502,0.0536214891166708,-0.0066118135975163,698,698,-0.3664804399013519
8,MIDD_207_original,T4,1.4805927680034128,0.0026298641977676,1.09320101233931,0.0017762238574986,0.0024056547406044,0.1372312770702184,698,698,0.3266899883747101
8,MIDD_207_original,T4_T5,1.8011209540867257,0.0193033721729427,1.3093925141787772,0.0107174213531543,0.014742235016556,0.1720346617916897,698,698,0.4163775444030761
8,MIDD_207_original,sham,0.2209609087783235,0.0118241179669798,0.1692540286301493,0.0535122616591073,0.0698601862695843,0.00150897672074,698,698,0.0380439832806587
8,MIDD_207_original,all_input,0.1992713164187179,-0.011724848059851,0.1030385155325586,-0.0588386139589418,0.1137909256480526,0.1091207238946446,698,698,-0.0893631055951118
8,MIDD_207_mirror,noop,0.2128726298849401,-0.015187369549081,0.1614108030405029,-0.0713448673852058,0.0940914069132664,-0.0207455530505846,698,698,0.0351813435554504
8,MIDD_207_mirror,T4a,0.6317300798137115,0.0040239241014703,0.5592317881037688,0.0063696889384418,0.0071954495203404,-0.0154857916398352,698,698,0.5478621125221252
8,MIDD_207_mirror,T4b,0.4200188948462888,-0.0160791902542479,0.3066762772494228,-0.038282064096503,0.0524304990215158,-0.0336960801630301,698,698,-0.3453658819198608
8,MIDD_207_mirror,T4,1.4027698761382172,-0.0535041416925777,1.0074128032084335,-0.0381417812021121,0.0531104444197814,0.1154574401137232,698,698,0.3661011159420013
8,MIDD_207_mirror,T4_T5,1.711505991893319,-0.0552674212525444,1.2141158446821767,-0.0322916901923352,0.0455207149256931,0.1675796550153989,698,698,0.4573406875133514
8,MIDD_207_mirror,sham,0.2119795646516568,-0.0152360475678868,0.1612723962797468,-0.0718750771704058,0.0944739950503251,-0.0175216286477225,698,698,0.0387944877147674
8,MIDD_207_mirror,all_input,0.1992713164187179,-0.011724848059851,0.1030385155325586,-0.0588386139589418,0.1137909256480526,0.1091207238946446,698,698,-0.0893631055951118
8,MIDD_255_original,noop,0.251662036855769,0.0042932596911091,0.1929374384608297,0.0170596238699669,0.0222520819461423,-0.0146023470131313,698,698,0.0607373379170894
8,MIDD_255_original,T4a,0.7604791866810658,0.0297577615609353,0.6797825306418424,0.039130277438369,0.0437754137824613,-0.0187007469402113,698,698,0.6694673299789429
8,MIDD_255_original,T4b,0.4973164879455633,0.0166268129019828,0.3638430967356011,0.033433061852964,0.0456977555741981,-0.0231335122529682,698,698,-0.400860846042633
8,MIDD_255_original,T4,2.105103291741856,-0.0371270654059568,1.55199510192872,-0.01763669533538,0.0239221537231771,0.1832385380270355,698,698,0.3597996532917022
8,MIDD_255_original,T4_T5,2.656733349503223,-0.0009095341000688,1.9266431255100096,-0.0003423505412159,0.0004720822907086,0.239446041113884,698,698,0.6007283926010132
8,MIDD_255_original,sham,0.2489664864687939,0.0039302816400706,0.1914756356300987,0.0157863883441328,0.0205262754560761,-0.0105879152716515,698,698,0.0627189427614212
8,MIDD_255_original,all_input,0.1992713164187179,-0.011724848059851,0.1030385155325586,-0.0588386139589418,0.1137909256480526,0.1091207238946446,698,698,-0.0893631055951118
8,MIDD_255_mirror,noop,0.2303680913073716,-0.0098008295489355,0.1801355377268844,-0.0425442147535038,0.0544080844491401,-0.0247354607771692,698,698,0.0359100699424743
8,MIDD_255_mirror,T4a,0.7257026327656799,0.0425919130148581,0.6473711510666941,0.0586905863253365,0.0657921085063461,-0.0407985948162087,698,698,0.6609669923782349
8,MIDD_255_mirror,T4b,0.4983024691530375,-0.0119515247465119,0.3721313246645266,-0.0239844782764692,0.0321164168517288,-0.0432403815686699,698,698,-0.4255785644054413
8,MIDD_255_mirror,T4,2.1167929229221243,-0.0182076872362224,1.5072123617502589,-0.008601543891732,0.012080372811618,0.1595668847399398,698,698,0.3854990303516388
8,MIDD_255_mirror,T4_T5,2.669569520635918,0.0139831144343678,1.9035278341650184,0.0052379660189695,0.0073458943879859,0.2120874970567683,698,698,0.6501368880271912
8,MIDD_255_mirror,sham,0.2270743671433439,-0.0112240768072556,0.178273964094168,-0.0494290788892532,0.0629597084705358,-0.020589231785706,698,698,0.0383218415081501
8,MIDD_255_mirror,all_input,0.1992713164187179,-0.011724848059851,0.1030385155325586,-0.0588386139589418,0.1137909256480526,0.1091207238946446,698,698,-0.0893631055951118
8,Gray,noop,0.1992713164187179,-0.011724848059851,0.1030385155325586,-0.0588386139589418,0.1137909256480526,0.1091207238946446,698,698,-0.0893631055951118
8,Gray,T4a,0.1992713164187179,-0.011724848059851,0.1030385155325586,-0.0588386139589418,0.1137909256480526,0.1091207238946446,698,698,-0.0893631055951118
8,Gray,T4b,0.1992713164187179,-0.011724848059851,0.1030385155325586,-0.0588386139589418,0.1137909256480526,0.1091207238946446,698,698,-0.0893631055951118
8,Gray,T4,0.1992713164187179,-0.011724848059851,0.1030385155325586,-0.0588386139589418,0.1137909256480526,0.1091207238946446,698,698,-0.0893631055951118
8,Gray,T4_T5,0.1992713164187179,-0.011724848059851,0.1030385155325586,-0.0588386139589418,0.1137909256480526,0.1091207238946446,698,698,-0.0893631055951118
8,Gray,sham,0.1992713164187179,-0.011724848059851,0.1030385155325586,-0.0588386139589418,0.1137909256480526,0.1091207238946446,698,698,-0.0893631055951118
8,Gray,all_input,0.1992713164187179,-0.011724848059851,0.1030385155325586,-0.0588386139589418,0.1137909256480526,0.1091207238946446,698,698,-0.0893631055951118
9,Static,noop,0.3965819238830475,0.0648850364110618,0.2448845273079787,0.1636106753826643,0.2649617643235549,0.2114791965662903,698,698,-0.2025785893201828
9,Static,T4a,0.5080217408627846,0.0711145430222629,0.3207168721634281,0.1399832670576017,0.2217362078351306,0.1922904684555034,698,698,-0.1522926539182663
9,Static,T4b,0.8873667408047152,0.0486693591392719,0.6296666783496994,0.0548469498587875,0.0772938457960489,-0.0379459988552694,698,698,-0.3868691623210907
9,Static,T4,0.7911382683439234,0.0346064823138601,0.5262556415644276,0.0437426473962653,0.0657598314974518,-0.0823433765204788,698,698,-0.3743482828140259
9,Static,T4_T5,0.6603310728806354,-0.0001711909881743,0.4599444252392931,-0.0002592502385621,0.0003721992892625,-0.0235834145849569,698,698,-0.1094592064619064
9,Static,sham,0.3605647058383586,0.0530103453925601,0.2112379472806499,0.147020339301664,0.250950864061043,0.1999950099244711,698,698,-0.1981167942285537
9,Static,all_input,0.1734765066903376,0.0256613120864401,0.0753534896290818,0.1479238461508025,0.3405457691840789,0.1248547346837268,698,698,0.0544739961624145
9,CW,noop,11.104209182903814,10.480328557725862,10.486798317436405,0.9438158436227512,0.9993830567238254,0.8442067147876953,698,698,1.1655150651931765
9,CW,T4a,10.996767139276049,8.406263486206353,9.190321060711494,0.7644304348486698,0.9146865958952208,0.7402967304700963,698,698,5.302807331085205
9,CW,T4b,10.158450245579155,8.89393747730729,8.99346698801169,0.8755210944875998,0.9889331321461377,0.1543985385677483,698,698,-0.5478721857070923
9,CW,T4,8.266408921039647,4.626623877219089,5.941931195669494,0.5596896937246131,0.778639759509668,-0.4758659942250906,698,698,2.997551679611206
9,CW,T4_T5,6.959348688808717,4.0042710275778175,5.0369032927687725,0.5753801406756727,0.7949866802736807,-0.2846945147174,698,698,2.931021213531494
9,CW,sham,10.9838780918808,10.348804518625435,10.354560940830194,0.9421812980858912,0.9994440689240564,0.8909314699981764,698,698,1.2377262115478516
9,CW,all_input,0.1734765066903376,0.0256613120864401,0.0753534896290818,0.1479238461508025,0.3405457691840789,0.1248547346837268,698,698,0.0544739961624145
9,CCW,noop,10.909322254762197,-10.3998346636998,10.41540175165822,-0.9532979612147776,0.9985053780612984,0.3437419253273617,698,698,1.3046247959136963
9,CCW,T4a,10.973818063432098,-8.341337193209064,9.24718718770433,-0.7601125829673435,0.9020404825696896,0.2739668742688878,698,698,5.542962551116943
9,CCW,T4b,9.81836303538942,-8.608241289481526,8.753790368945094,-0.8767491340923007,0.9833730220476932,-0.243630943933521,698,698,-0.352886825799942
9,CCW,T4,8.152305831511802,-4.4539120534723855,5.936690428648114,-0.5463377043898795,0.7502348500402803,0.8427221284839465,698,698,3.3088796138763428
9,CCW,T4_T5,6.943838231957493,-4.136450867533092,5.122564561628022,-0.5957009263977355,0.8074960925857948,1.2590691103261735,698,698,3.2712912559509277
9,CCW,sham,10.811027651246096,-10.28783959129689,10.304020686501964,-0.951606075127474,0.9984296328882306,0.2962996143699935,698,698,1.437225103378296
9,CCW,all_input,0.1734765066903376,0.0256613120864401,0.0753534896290818,0.1479238461508025,0.3405457691840789,0.1248547346837268,698,698,0.0544739961624145
9,Right,noop,1.577828227960448,-0.0181162130682351,1.152838472921058,-0.0114817397402331,0.0157144417832728,0.1424212209311766,698,698,1.2012790441513062
9,Right,T4a,2.808453254086799,-0.0346346747618446,1.9938913398508236,-0.0123322952630402,0.0173703922925087,0.6498272245519777,698,698,2.3483219146728516
9,Right,T4b,2.71836027236428,-0.7491848256384974,1.6867450130905233,-0.2756017417025072,0.4441600952273221,0.6800946575266666,698,698,0.0169712472707033
9,Right,T4,2.8668319165968525,-0.742414130450283,1.583799135763089,-0.2589667451908324,0.4687552314470617,1.4803986782869707,698,698,1.4221105575561523
9,Right,T4_T5,2.179623830231718,-0.5738640733070292,1.1982418200981355,-0.263285831870365,0.4789217532568091,1.141541954171012,698,698,1.143344759941101
9,Right,sham,1.755299524843322,-0.1892074069903106,1.26402941062834,-0.1077920914991412,0.1496859213871115,0.1906258563582079,698,698,1.2692992687225342
9,Right,all_input,0.1734765066903376,0.0256613120864401,0.0753534896290818,0.1479238461508025,0.3405457691840789,0.1248547346837268,698,698,0.0544739961624145
9,Left,noop,1.2351382619880305,0.0287678862687393,0.7986115467423626,0.0232912275119998,0.0360223770694115,0.3270286272055114,698,698,-0.917831301689148
9,Left,T4a,1.5979862052830949,-0.0040534037792301,1.0164903639129377,-0.002536569943989,0.0039876460447954,0.4644314708557571,698,698,0.8041374087333679
9,Left,T4b,3.719359305406004,-0.5876069594547133,2.494830583084465,-0.1579860699665773,0.2355298044840503,1.2848980901842086,698,698,-0.7047001719474792
9,Left,T4,2.843414277197729,-0.6883550986572062,1.6569873196460456,-0.2420875157648856,0.4154256888364408,1.6807191855488548,698,698,1.7737752199172974
9,Left,T4_T5,2.10471747758133,-0.5634217136200799,1.2044304226892193,-0.2676946999402242,0.4677910014611614,1.2967951049207582,698,698,1.4307410717010498
9,Left,sham,1.2666929977160368,-0.0673239314452955,0.8229553100398639,-0.0531493673421158,0.0818075181288208,0.310252715963206,698,698,-0.9119056463241576
9,Left,all_input,0.1734765066903376,0.0256613120864401,0.0753534896290818,0.1479238461508025,0.3405457691840789,0.1248547346837268,698,698,0.0544739961624145
9,MIDD_0_original,noop,0.2015453924003478,-0.0054347283497212,0.1220452381471454,-0.0269652820389253,0.044530441598785,0.0455625969803022,698,698,0.0118654258549213
9,MIDD_0_original,T4a,0.260965109543339,-0.0132207834936226,0.207614658811316,-0.0506611152608009,0.0636794317381891,0.0625616321092026,698,698,0.1771836727857589
9,MIDD_0_original,T4b,0.2898148088602316,-0.009150260651511,0.1605620742005563,-0.0315727850053512,0.0569889290299125,-0.0144914605151594,698,698,-0.1103724241256713
9,MIDD_0_original,T4,0.1585280307207836,0.0235247106072286,0.0980255299574454,0.1483946435230933,0.2399855488406047,0.0043289735728297,698,698,-0.0296678990125656
9,MIDD_0_original,T4_T5,0.1828466228225651,0.0087687220712192,0.1234464245569023,0.0479567078453971,0.0710326127524038,0.0166007645983013,698,698,0.0103952949866652
9,MIDD_0_original,sham,0.2224158715793637,-0.0112258721069354,0.1352348632978957,-0.0504724416797285,0.0830101930314157,0.0459262954945259,698,698,-8.579676796216518e-05
9,MIDD_0_original,all_input,0.1734765066903376,0.0256613120864401,0.0753534896290818,0.1479238461508025,0.3405457691840789,0.1248547346837268,698,698,0.0544739961624145
9,MIDD_0_mirror,noop,0.1959394963865554,0.0224768748862341,0.1148774692791309,0.1147133441738111,0.195659558199524,0.0481001188133856,698,698,0.000734600063879
9,MIDD_0_mirror,T4a,0.2590224057942917,0.0141338256557255,0.204041098706532,0.054566034982125,0.069269503768228,0.0672444740821991,698,698,0.1679284274578094
9,MIDD_0_mirror,T4b,0.2824024090285974,0.0162574377881838,0.1501507559554176,0.0575683396048421,0.108274098819795,-0.0108588061151488,698,698,-0.1125136911869049
9,MIDD_0_mirror,T4,0.1562017156074392,0.0297482789882371,0.09633370770295,0.1904478377369392,0.3088044641649988,0.0092983026393714,698,698,-0.0350613258779048
9,MIDD_0_mirror,T4_T5,0.1774329577993236,0.0135458114793298,0.1207457042169357,0.0763432659148374,0.1121846244317979,0.0203939514553814,698,698,0.0057084616273641
9,MIDD_0_mirror,sham,0.2158620016545152,0.0170366726043107,0.1272781422120205,0.0789239072821059,0.1338538755219335,0.0473963606617893,698,698,-0.0102282902225852
9,MIDD_0_mirror,all_input,0.1734765066903376,0.0256613120864401,0.0753534896290818,0.1479238461508025,0.3405457691840789,0.1248547346837268,698,698,0.0544739961624145
9,MIDD_48_original,noop,0.2058264230633122,0.0018989191191561,0.1267919040661624,0.0092258277187863,0.014976659063068,0.0541046975971849,698,698,0.0133408792316913
9,MIDD_48_original,T4a,0.2698348738213418,-0.0043591818692606,0.2148181383486223,-0.016154998082816,0.0202924292276767,0.0678006961253779,698,698,0.1821472197771072
9,MIDD_48_original,T4b,0.2679395173643576,-0.0006929398857347,0.1526536416593588,-0.0025861802415371,0.0045392948258711,0.0120585578773097,698,698,-0.0838398858904838
9,MIDD_48_original,T4,0.1431028665156883,0.0288313468935765,0.093322686567744,0.2014728816799469,0.3089425299886483,0.0212530712584118,698,698,0.0018666193354874
9,MIDD_48_original,T4_T5,0.1697055375638919,0.0151884859753525,0.1147610942242111,0.0894990593317218,0.132348737854298,0.0288181816890824,698,698,0.0381603837013244
9,MIDD_48_original,sham,0.2247648757573379,-0.0038991461350947,0.1394752299127694,-0.0173476666314374,0.027955832283147,0.0549264364142541,698,698,0.0025202052202075
9,MIDD_48_original,all_input,0.1734765066903376,0.0256613120864401,0.0753534896290818,0.1479238461508025,0.3405457691840789,0.1248547346837268,698,698,0.0544739961624145
9,MIDD_48_mirror,noop,0.2018216265399653,0.0181207888876532,0.1187127830237015,0.0897861601767682,0.1526439564982259,0.0520903457586692,698,698,0.0108955828472971
9,MIDD_48_mirror,T4a,0.2668651490547378,0.0115602854650043,0.2111634010744573,0.0433188279022271,0.0547456870185954,0.0679783135503365,698,698,0.1812080442905426
9,MIDD_48_mirror,T4b,0.2651249861421642,0.0171147158426564,0.1423720195986233,0.0645533870333868,0.1202112317497949,0.0136587736815281,698,698,-0.0803989022970199
9,MIDD_48_mirror,T4,0.1426328493162438,0.0248009958208458,0.0923510031966232,0.1738799718279296,0.2685514500372274,0.0249572844414707,698,698,0.0018396259984001
9,MIDD_48_mirror,T4_T5,0.1686778810730035,0.0122828996548047,0.1156866072435603,0.072818674130064,0.1061739119805371,0.0335046646790564,698,698,0.040110770612955
9,MIDD_48_mirror,sham,0.2199392826181646,0.012627652728411,0.1299067544607183,0.0574142671472371,0.0972055131454261,0.0522706797156021,698,698,0.0009375965455546
9,MIDD_48_mirror,all_input,0.1734765066903376,0.0256613120864401,0.0753534896290818,0.1479238461508025,0.3405457691840789,0.1248547346837268,698,698,0.0544739961624145
9,MIDD_85_original,noop,0.211237570691192,0.0153869765609329,0.1316969966026895,0.0728420446731381,0.116836199441611,0.0603203839052683,698,698,0.0154781425371766
9,MIDD_85_original,T4a,0.2810636408036266,0.0074303083946779,0.2250241511395529,0.0264363913220256,0.033020048546122,0.0712603950624135,698,698,0.1908439993858337
9,MIDD_85_original,T4b,0.2526605035123818,0.0132712222714471,0.1452896743422295,0.0525259076387329,0.0913431896074512,0.0364677492018815,698,698,-0.0568055063486099
9,MIDD_85_original,T4,0.1400682197308642,0.0340572117677929,0.0952548046361412,0.2431473165949605,0.357537993992915,0.0360626751085799,698,698,0.0340071730315685
9,MIDD_85_original,T4_T5,0.1653966716046722,0.0213613387600401,0.1120774509649169,0.1291521682558255,0.1905944378296645,0.0403888581713737,698,698,0.0670767351984977
9,MIDD_85_original,sham,0.2267562902722146,0.0096019111420919,0.1418539361142492,0.0423446296928086,0.0676887184459835,0.0615685880072018,698,698,0.0059454143047332
9,MIDD_85_original,all_input,0.1734765066903376,0.0256613120864401,0.0753534896290818,0.1479238461508025,0.3405457691840789,0.1248547346837268,698,698,0.0544739961624145
9,MIDD_85_mirror,noop,0.2105020700104518,0.010448081090047,0.1240785980527148,0.0496341014106336,0.0842053444672883,0.0541815497046858,698,698,0.0188393015414476
9,MIDD_85_mirror,T4a,0.2775867650293583,0.0055196267040343,0.219160085153397,0.0198843295120738,0.0251853648449306,0.0680825766399041,698,698,0.1935620605945587
9,MIDD_85_mirror,T4b,0.2548261946619495,0.012479618607746,0.1376177286974118,0.0489730603413884,0.0906832188401083,0.0357613643856844,698,698,-0.0491666682064533
9,MIDD_85_mirror,T4,0.1400435634965392,0.0194495079256333,0.0933874218563745,0.1388818410502241,0.2082668901123082,0.040819265953014,698,698,0.0381245948374271
9,MIDD_85_mirror,T4_T5,0.1691364305863786,0.0104685178244766,0.1146885919290636,0.0618939266258804,0.091277760485119,0.0466550651575786,698,698,0.0734999179840087
9,MIDD_85_mirror,sham,0.2260412272440697,0.0049892797100003,0.1336297253847236,0.0220724324090361,0.0373366007872577,0.0548503655698574,698,698,0.0101165659725666
9,MIDD_85_mirror,all_input,0.1734765066903376,0.0256613120864401,0.0753534896290818,0.1479238461508025,0.3405457691840789,0.1248547346837268,698,698,0.0544739961624145
9,MIDD_128_original,noop,0.2217114876681703,0.0333555773492031,0.1413818887992027,0.1504458686377386,0.2359253906741644,0.0656282742837646,698,698,0.0183981638401746
9,MIDD_128_original,T4a,0.2989462071816871,0.0232086931228674,0.2417126825499656,0.0776350144785821,0.0960176887618211,0.0726144933112359,698,698,0.2084942460060119
9,MIDD_128_original,T4b,0.2460526361504502,0.0317137423028481,0.1420960535352375,0.1288900732746331,0.2231852434591625,0.0705654567453424,698,698,-0.0181323625147342
9,MIDD_128_original,T4,0.1574621994383151,0.0369193999526738,0.1101626598670437,0.2344651610632228,0.3351353353053768,0.0567547793351307,698,698,0.0838878750801086
9,MIDD_128_original,T4_T5,0.180455698081499,0.0274230778168378,0.1245341956075147,0.1519657074195175,0.2202052029409268,0.057940640688124,698,698,0.1127158999443054
9,MIDD_128_original,sham,0.2326906482797169,0.0275171679347414,0.1479419316969046,0.11825644106532,0.1859997880189716,0.0674469304964179,698,698,0.0109571442008018
9,MIDD_128_original,all_input,0.1734765066903376,0.0256613120864401,0.0753534896290818,0.1479238461508025,0.3405457691840789,0.1248547346837268,698,698,0.0544739961624145
9,MIDD_128_mirror,noop,0.2179989731200908,0.0059860675154786,0.1294902847612104,0.0274591546455636,0.0462279276512317,0.0587558494790683,698,698,0.0271069835871458
9,MIDD_128_mirror,T4a,0.2904476422851046,0.0011803318167168,0.2289919401852024,0.0040638367983659,0.0051544688243709,0.0673679393998686,698,698,0.2118532359600067
9,MIDD_128_mirror,T4b,0.2488673162752471,0.0094992676948127,0.132954690986227,0.0381700089709916,0.0714474053104063,0.0723851525105252,698,698,-0.0044942130334675
9,MIDD_128_mirror,T4,0.1611498814065244,0.0180202638477496,0.1073119554850768,0.1118230040907747,0.1679241028298623,0.0671014789623723,698,698,0.0927806571125984
9,MIDD_128_mirror,T4_T5,0.1898164629754592,0.0112368778323532,0.1254291185885755,0.0591986472417098,0.0895874734575131,0.0691772226356726,698,698,0.1227283403277397
9,MIDD_128_mirror,sham,0.2293592967425762,0.0005788728473826,0.1360509723502823,0.0025238691241381,0.0042548233017565,0.0602974463237556,698,698,0.0204674657434225
9,MIDD_128_mirror,all_input,0.1734765066903376,0.0256613120864401,0.0753534896290818,0.1479238461508025,0.3405457691840789,0.1248547346837268,698,698,0.0544739961624145
9,MIDD_170_original,noop,0.2288512257848307,0.0383947107757862,0.1471910980794586,0.1677714884161709,0.2608494078565779,0.0593429294944561,698,698,0.0207864753901958
9,MIDD_170_original,T4a,0.3109994847155268,0.0296806414296515,0.2525220723881599,0.0954363042009557,0.1175368202428991,0.0613797836645024,698,698,0.2297918647527694
9,MIDD_170_original,T4b,0.2551482579187359,0.0389383963482981,0.1437302383389354,0.1526108650159779,0.2709130437568474,0.0988117896406034,698,698,0.0244225822389125
9,MIDD_170_original,T4,0.2009235246798526,0.0356858239126312,0.1404206608432983,0.1776089881435847,0.2541351372249601,0.0748863154479353,698,698,0.1474124044179916
9,MIDD_170_original,T4_T5,0.2193806367808455,0.0300759455317029,0.1530449644377841,0.1370948045963961,0.1965170539402454,0.0750485101968559,698,698,0.1703205555677414
9,MIDD_170_original,sham,0.2369605021786067,0.0332613656114466,0.1517654041945441,0.1403667079772485,0.2191630285437766,0.0615576615179846,698,698,0.0153690073639154
9,MIDD_170_original,all_input,0.1734765066903376,0.0256613120864401,0.0753534896290818,0.1479238461508025,0.3405457691840789,0.1248547346837268,698,698,0.0544739961624145
9,MIDD_170_mirror,noop,0.2234062735839866,0.0075624765410346,0.1336952194231518,0.0338507796567834,0.0565650482767002,0.0589178130838134,698,698,0.0307240784168243
9,MIDD_170_mirror,T4a,0.3073632915310671,-0.000408508318052,0.2406945156637349,-0.0013290732150125,0.0016972065895458,0.0630462661406162,698,698,0.2386737614870071
9,MIDD_170_mirror,T4b,0.2595049413459615,0.0122392647541697,0.1358767693322258,0.0471638986552201,0.0900762125440598,0.1089175037753496,698,698,0.040819875895977
9,MIDD_170_mirror,T4,0.2155615826114824,0.0224479652797995,0.1434817789072214,0.1041371333789965,0.1564516794450597,0.0901512669058536,698,698,0.1621521860361099
9,MIDD_170_mirror,T4_T5,0.235979106365132,0.0167655762490579,0.1559849365053972,0.0710468672727171,0.1074820211788708,0.0909650090249772,698,698,0.1851679682731628
9,MIDD_170_mirror,sham,0.2309075984515473,0.0030772665936848,0.1376057518618663,0.0133268312273862,0.0223629212590904,0.0614211627345625,698,698,0.025840688496828
9,MIDD_170_mirror,all_input,0.1734765066903376,0.0256613120864401,0.0753534896290818,0.1479238461508025,0.3405457691840789,0.1248547346837268,698,698,0.0544739961624145
9,MIDD_207_original,noop,0.2330381250847538,0.0279136265542367,0.1485445772612852,0.1197813728722921,0.1879141404478035,0.0467858463889003,698,698,0.0253415089100599
9,MIDD_207_original,T4a,0.3289957379683493,0.0224553545429375,0.2642718976295929,0.0682542414731763,0.0849706485795598,0.0437456954698185,698,698,0.2601758241653442
9,MIDD_207_original,T4b,0.2799219381593419,0.0329884687868401,0.148271195220164,0.1178488152938618,0.2224873734770693,0.1233267289684064,698,698,0.0691326484084129
9,MIDD_207_original,T4,0.2668581158836302,0.036303972233075,0.1805919195247897,0.1360422264575465,0.201027666844704,0.093273137252673,698,698,0.2223697751760482
9,MIDD_207_original,T4_T5,0.2774099212282754,0.0318675765352188,0.1893259005272018,0.1148754031367019,0.1683212727179935,0.0938577157983185,698,698,0.2368436753749847
9,MIDD_207_original,sham,0.2378476500589571,0.0241206881793164,0.1509825334786135,0.1014123459842359,0.159758136412071,0.0496869995401519,698,698,0.0213064942508935
9,MIDD_207_original,all_input,0.1734765066903376,0.0256613120864401,0.0753534896290818,0.1479238461508025,0.3405457691840789,0.1248547346837268,698,698,0.0544739961624145
9,MIDD_207_mirror,noop,0.2309238960131962,0.0131102752863721,0.1376427509423338,0.0567731426358013,0.095248570641143,0.0534522287004268,698,698,0.0334177017211914
9,MIDD_207_mirror,T4a,0.3369454957269808,0.0049527598633484,0.2591084952686012,0.014698994128598,0.0191146178291616,0.0509688921042211,698,698,0.2754024863243103
9,MIDD_207_mirror,T4b,0.2908177531816925,0.0213852146348137,0.1480999243449146,0.0735347632696035,0.1443972016151003,0.1428944967800154,698,698,0.0877773016691207
9,MIDD_207_mirror,T4,0.2959255618993388,0.0342367624616472,0.1945839738359343,0.1156938327392384,0.1759485212822016,0.1096479971970715,698,698,0.2486124038696289
9,MIDD_207_mirror,T4_T5,0.3031654872567738,0.0270937505766473,0.1993710491261287,0.0893695084549635,0.1358961127776731,0.1107767654900452,698,698,0.2608408331871032
9,MIDD_207_mirror,sham,0.235463375070447,0.0107888473982708,0.140144444948199,0.045819641356296,0.076983767728066,0.0563456284179899,698,698,0.0299788676202297
9,MIDD_207_mirror,all_input,0.1734765066903376,0.0256613120864401,0.0753534896290818,0.1479238461508025,0.3405457691840789,0.1248547346837268,698,698,0.0544739961624145
9,MIDD_255_original,noop,0.2417834773450686,0.008918245406348,0.1502034471382647,0.0368852557845384,0.0593744389776795,0.0351512322878316,698,698,0.0263606198132038
9,MIDD_255_original,T4a,0.3715295513222936,0.012144255996335,0.2888340430813396,0.032687187205198,0.0420457916483032,0.0240010450747082,698,698,0.3132593333721161
9,MIDD_255_original,T4b,0.3395083650277342,0.0216203923037562,0.1678253414600118,0.0636814715949342,0.1288267440165332,0.1705064948495957,698,698,0.1411682516336441
9,MIDD_255_original,T4,0.4140597612168273,0.0467409951344679,0.2699236782761167,0.1128846594441026,0.1731637455186669,0.1309174995685044,698,698,0.3693584203720093
9,MIDD_255_original,T4_T5,0.3960056403841861,0.0387670338276495,0.2609604096993829,0.0978951557105086,0.1485552305512848,0.1324071340190613,698,698,0.3580738008022308
9,MIDD_255_original,sham,0.2390604585209152,0.0091220434254781,0.1488117966236901,0.0381578931200791,0.0612991955775232,0.0394713622943681,698,698,0.0243455898016691
9,MIDD_255_original,all_input,0.1734765066903376,0.0256613120864401,0.0753534896290818,0.1479238461508025,0.3405457691840789,0.1248547346837268,698,698,0.0544739961624145
9,MIDD_255_mirror,noop,0.2475359935504685,0.0271672232574428,0.1489036217111767,0.1097505977525806,0.1824483712702314,0.0382788938209388,698,698,0.0371110551059246
9,MIDD_255_mirror,T4a,0.3875280599116394,0.025606964951091,0.2905516145384851,0.0660777053329498,0.0881322411226844,0.024029786823906,698,698,0.3345443904399872
9,MIDD_255_mirror,T4b,0.3683790251835364,0.0464697019761712,0.1855791797644012,0.1261464383131444,0.2504036392183974,0.1907162962496272,698,698,0.1703954190015792
9,MIDD_255_mirror,T4,0.4537562699496681,0.0628733787330712,0.2928633640097502,0.1385620054132701,0.2146850253723711,0.1360467784640041,698,698,0.4065712690353393
9,MIDD_255_mirror,T4_T5,0.4265921304235276,0.0478920629064524,0.2765454480377141,0.1122666347804036,0.173179718727177,0.1401277168054692,698,698,0.3895731270313263
9,MIDD_255_mirror,sham,0.2467615697556137,0.0293026795425974,0.1489828097910545,0.1187489590523275,0.1966849704586313,0.0427788905812293,698,698,0.0361096933484077
9,MIDD_255_mirror,all_input,0.1734765066903376,0.0256613120864401,0.0753534896290818,0.1479238461508025,0.3405457691840789,0.1248547346837268,698,698,0.0544739961624145
9,Gray,noop,0.1734765066903376,0.0256613120864401,0.0753534896290818,0.1479238461508025,0.3405457691840789,0.1248547346837268,698,698,0.0544739961624145
9,Gray,T4a,0.1734765066903376,0.0256613120864401,0.0753534896290818,0.1479238461508025,0.3405457691840789,0.1248547346837268,698,698,0.0544739961624145
9,Gray,T4b,0.1734765066903376,0.0256613120864401,0.0753534896290818,0.1479238461508025,0.3405457691840789,0.1248547346837268,698,698,0.0544739961624145
9,Gray,T4,0.1734765066903376,0.0256613120864401,0.0753534896290818,0.1479238461508025,0.3405457691840789,0.1248547346837268,698,698,0.0544739961624145
9,Gray,T4_T5,0.1734765066903376,0.0256613120864401,0.0753534896290818,0.1479238461508025,0.3405457691840789,0.1248547346837268,698,698,0.0544739961624145
9,Gray,sham,0.1734765066903376,0.0256613120864401,0.0753534896290818,0.1479238461508025,0.3405457691840789,0.1248547346837268,698,698,0.0544739961624145
9,Gray,all_input,0.1734765066903376,0.0256613120864401,0.0753534896290818,0.1479238461508025,0.3405457691840789,0.1248547346837268,698,698,0.0544739961624145
