source_file,source,metric,mean,median,ci_low,ci_high,group,n_models,transform,phase_fraction,intervention,fade_seconds,jitter_pixels,analysis_role,predictor,comparator,mean_delta,exact_signflip_p,holm_p,condition,q0,q5,q25,q50,q75,q95,q100,n,excluded,spearman,p,holm_primary_three,n_seeds,positive,negative,zero,reported_direction,reported_sign_count,two_sided_binomial_p,proportion_ci_low,proportion_ci_high,role,normalized_magnitude_median
data/precomputed/fig03/composition_bootstrap_summary.csv,in_sample,slope,0.8291714532442178,0.820436638338417,0.7357929336908902,0.926342159909012,,,,,,,,earlier source endpoint; see definition (A-denominator common-gray ratios not primary),,,,,,,,,,,,,,,,,,,,,,,,,,,,,
data/precomputed/fig03/composition_bootstrap_summary.csv,in_sample,intercept,0.0073692466114513,0.0089572416976418,0.003911750405654,0.0109050439120181,,,,,,,,earlier source endpoint; see definition (A-denominator common-gray ratios not primary),,,,,,,,,,,,,,,,,,,,,,,,,,,,,
data/precomputed/fig03/composition_bootstrap_summary.csv,in_sample,r2,0.9295334445337616,0.9491207832709432,0.8962670742213216,0.9572858880706026,,,,,,,,earlier source endpoint; see definition (A-denominator common-gray ratios not primary),,,,,,,,,,,,,,,,,,,,,,,,,,,,,
data/precomputed/fig03/composition_bootstrap_summary.csv,in_sample,sign_agreement,0.965,1.0,0.915,1.0,,,,,,,,earlier source endpoint; see definition (A-denominator common-gray ratios not primary),,,,,,,,,,,,,,,,,,,,,,,,,,,,,
data/precomputed/fig03/composition_bootstrap_summary.csv,in_sample,normalized_rmse,0.1641005974902246,0.1370600624844056,0.1179463192829112,0.2270613156222654,,,,,,,,earlier source endpoint; see definition (A-denominator common-gray ratios not primary),,,,,,,,,,,,,,,,,,,,,,,,,,,,,
data/precomputed/fig03/composition_bootstrap_summary.csv,LOLO,cv_r2,0.902378195428917,0.9237414103660389,0.8587700977612968,0.9399224497053512,,,,,,,,earlier source endpoint; see definition (A-denominator common-gray ratios not primary),,,,,,,,,,,,,,,,,,,,,,,,,,,,,
data/precomputed/fig03/composition_bootstrap_summary.csv,LOLO,cv_rmse,0.0069466935988134,0.0066828353779671,0.0052798920429048,0.0086396291006614,,,,,,,,earlier source endpoint; see definition (A-denominator common-gray ratios not primary),,,,,,,,,,,,,,,,,,,,,,,,,,,,,
data/precomputed/fig03/composition_bootstrap_summary.csv,LOLO,sign_accuracy,0.9494444444444444,0.9472222222222222,0.9188888888888888,0.9775,,,,,,,,earlier source endpoint; see definition (A-denominator common-gray ratios not primary),,,,,,,,,,,,,,,,,,,,,,,,,,,,,
data/precomputed/fig02/matched_control_bootstrap_summary.csv,,D_canonical_vs_random,-0.0034730053077116,,-0.0094310064548047,0.0036618306587877,3MIDD_048,10.0,,,,,,earlier source endpoint; see definition (A-denominator common-gray ratios not primary),,,,,,,,,,,,,,,,,,,,,,,,,,,,,
data/precomputed/fig02/matched_control_bootstrap_summary.csv,,D_reflection_matched,-0.0032647392808906,,-0.009455602299367,0.0038329156469652,3MIDD_048,10.0,,,,,,earlier source endpoint; see definition (A-denominator common-gray ratios not primary),,,,,,,,,,,,,,,,,,,,,,,,,,,,,
data/precomputed/fig02/matched_control_bootstrap_summary.csv,,D_normalized,-0.0013362577647685,,-0.0410238322953174,0.0489524331065495,3MIDD_048,10.0,,,,,,earlier source endpoint; see definition (A-denominator common-gray ratios not primary),,,,,,,,,,,,,,,,,,,,,,,,,,,,,
data/precomputed/fig02/matched_control_bootstrap_summary.csv,,canonical_abs_A,0.0089792711471827,,0.0038601959749685,0.0150808474878407,3MIDD_048,10.0,,,,,,earlier source endpoint; see definition (A-denominator common-gray ratios not primary),,,,,,,,,,,,,,,,,,,,,,,,,,,,,
data/precomputed/fig02/matched_control_bootstrap_summary.csv,,mean_random_reflection_abs_A,0.0124522764548944,,0.0103007974075318,0.0144963486094043,3MIDD_048,10.0,,,,,,earlier source endpoint; see definition (A-denominator common-gray ratios not primary),,,,,,,,,,,,,,,,,,,,,,,,,,,,,
data/precomputed/fig02/matched_control_bootstrap_summary.csv,,D_canonical_vs_random,-0.0017484759396691,,-0.0083640865854677,0.0081431573641454,3MIDD_207,10.0,,,,,,earlier source endpoint; see definition (A-denominator common-gray ratios not primary),,,,,,,,,,,,,,,,,,,,,,,,,,,,,
data/precomputed/fig02/matched_control_bootstrap_summary.csv,,D_reflection_matched,-0.0016696651159776,,-0.0084131627602482,0.0086988942958254,3MIDD_207,10.0,,,,,,earlier source endpoint; see definition (A-denominator common-gray ratios not primary),,,,,,,,,,,,,,,,,,,,,,,,,,,,,
data/precomputed/fig02/matched_control_bootstrap_summary.csv,,D_normalized,-0.0079241050254588,,-0.0451118237387056,0.0465523773077351,3MIDD_207,10.0,,,,,,earlier source endpoint; see definition (A-denominator common-gray ratios not primary),,,,,,,,,,,,,,,,,,,,,,,,,,,,,
data/precomputed/fig02/matched_control_bootstrap_summary.csv,,canonical_abs_A,0.0104941804388543,,0.0035344346597785,0.0207986767301708,3MIDD_207,10.0,,,,,,earlier source endpoint; see definition (A-denominator common-gray ratios not primary),,,,,,,,,,,,,,,,,,,,,,,,,,,,,
data/precomputed/fig02/matched_control_bootstrap_summary.csv,,mean_random_reflection_abs_A,0.0122426563785234,,0.010540425568994,0.013733916299526,3MIDD_207,10.0,,,,,,earlier source endpoint; see definition (A-denominator common-gray ratios not primary),,,,,,,,,,,,,,,,,,,,,,,,,,,,,
data/precomputed/fig02/matched_control_bootstrap_summary.csv,,D_canonical_vs_random,-0.0076154273879528,,-0.0107063656387719,-0.0044687610209855,4MIDD_085_170,10.0,,,,,,earlier source endpoint; see definition (A-denominator common-gray ratios not primary),,,,,,,,,,,,,,,,,,,,,,,,,,,,,
data/precomputed/fig02/matched_control_bootstrap_summary.csv,,D_reflection_matched,-0.0082949870989506,,-0.0112273436483906,-0.0053472325262485,4MIDD_085_170,10.0,,,,,,earlier source endpoint; see definition (A-denominator common-gray ratios not primary),,,,,,,,,,,,,,,,,,,,,,,,,,,,,
data/precomputed/fig02/matched_control_bootstrap_summary.csv,,D_normalized,-0.0400114747443554,,-0.0574639660263704,-0.0202753297753973,4MIDD_085_170,10.0,,,,,,earlier source endpoint; see definition (A-denominator common-gray ratios not primary),,,,,,,,,,,,,,,,,,,,,,,,,,,,,
data/precomputed/fig02/matched_control_bootstrap_summary.csv,,canonical_abs_A,0.0037015127222143,,0.0013363561706879,0.0066782028478256,4MIDD_085_170,10.0,,,,,,earlier source endpoint; see definition (A-denominator common-gray ratios not primary),,,,,,,,,,,,,,,,,,,,,,,,,,,,,
data/precomputed/fig02/matched_control_bootstrap_summary.csv,,mean_random_reflection_abs_A,0.0113169401101672,,0.0090547634493681,0.0132448665625317,4MIDD_085_170,10.0,,,,,,earlier source endpoint; see definition (A-denominator common-gray ratios not primary),,,,,,,,,,,,,,,,,,,,,,,,,,,,,
data/precomputed/fig04/phase_bootstrap.csv,,var_A,5.9394114915438704e-05,4.337400836868676e-05,3.390124771759095e-05,8.690200048523573e-05,3MIDD_048,10.0,,,,,,earlier source endpoint; see definition (A-denominator common-gray ratios not primary),,,,,,,,,,,,,,,,,,,,,,,,,,,,,
data/precomputed/fig04/phase_bootstrap.csv,,var_S,1.3970507034564323e-05,8.203536205179991e-06,6.713986131056525e-06,2.237437959742088e-05,3MIDD_048,10.0,,,,,,earlier source endpoint; see definition (A-denominator common-gray ratios not primary),,,,,,,,,,,,,,,,,,,,,,,,,,,,,
data/precomputed/fig04/phase_bootstrap.csv,,D,-4.542360788087437e-05,-3.70491126472682e-05,-7.052601536648168e-05,-2.355989492608715e-05,3MIDD_048,10.0,,,,,,earlier source endpoint; see definition (A-denominator common-gray ratios not primary),,,,,,,,,,,,,,,,,,,,,,,,,,,,,
data/precomputed/fig04/phase_bootstrap.csv,,ratio,0.3548366523602196,0.2636518722015587,0.1811064492950068,0.5593592861581085,3MIDD_048,10.0,,,,,,earlier source endpoint; see definition (A-denominator common-gray ratios not primary),,,,,,,,,,,,,,,,,,,,,,,,,,,,,
data/precomputed/fig04/phase_bootstrap.csv,,range_A_norm,0.1443179038388549,0.1507757049855762,0.1054622795627781,0.1858211069112058,3MIDD_048,10.0,,,,,,earlier source endpoint; see definition (A-denominator common-gray ratios not primary),,,,,,,,,,,,,,,,,,,,,,,,,,,,,
data/precomputed/fig04/phase_bootstrap.csv,,range_S_norm,0.0682678375853667,0.0603297956877462,0.0496076956774724,0.0911861432398658,3MIDD_048,10.0,,,,,,earlier source endpoint; see definition (A-denominator common-gray ratios not primary),,,,,,,,,,,,,,,,,,,,,,,,,,,,,
data/precomputed/fig04/phase_bootstrap.csv,,D_norm,-0.0018112566623235,-0.0014609457984787,-0.0027693798507071,-0.000934198457054,3MIDD_048,10.0,,,,,,earlier source endpoint; see definition (A-denominator common-gray ratios not primary),,,,,,,,,,,,,,,,,,,,,,,,,,,,,
data/precomputed/fig04/phase_bootstrap.csv,,reversal_phase_fraction,0.5833333333333333,0.625,0.4333333333333333,0.725,3MIDD_048,10.0,,,,,,earlier source endpoint; see definition (A-denominator common-gray ratios not primary),,,,,,,,,,,,,,,,,,,,,,,,,,,,,
data/precomputed/fig04/phase_bootstrap.csv,,var_A,4.044601828518479e-05,3.715714924521936e-05,2.327856360063232e-05,5.8795863412772446e-05,3MIDD_207,10.0,,,,,,earlier source endpoint; see definition (A-denominator common-gray ratios not primary),,,,,,,,,,,,,,,,,,,,,,,,,,,,,
data/precomputed/fig04/phase_bootstrap.csv,,var_S,3.955507504483749e-05,1.9954721924308605e-05,1.5543445565695983e-05,7.803587133919705e-05,3MIDD_207,10.0,,,,,,earlier source endpoint; see definition (A-denominator common-gray ratios not primary),,,,,,,,,,,,,,,,,,,,,,,,,,,,,
data/precomputed/fig04/phase_bootstrap.csv,,D,-8.909432403473022e-07,-7.586878034430917e-06,-1.9951013617790207e-05,2.60032238448358e-05,3MIDD_207,10.0,,,,,,earlier source endpoint; see definition (A-denominator common-gray ratios not primary),,,,,,,,,,,,,,,,,,,,,,,,,,,,,
data/precomputed/fig04/phase_bootstrap.csv,,ratio,0.9584035809859708,0.8465093329661366,0.6553261358107735,1.333661121467156,3MIDD_207,10.0,,,,,,earlier source endpoint; see definition (A-denominator common-gray ratios not primary),,,,,,,,,,,,,,,,,,,,,,,,,,,,,
data/precomputed/fig04/phase_bootstrap.csv,,range_A_norm,0.1103596361073273,0.1081082323746345,0.0785663650670186,0.1420778548436788,3MIDD_207,10.0,,,,,,earlier source endpoint; see definition (A-denominator common-gray ratios not primary),,,,,,,,,,,,,,,,,,,,,,,,,,,,,
data/precomputed/fig04/phase_bootstrap.csv,,range_S_norm,0.106739422114954,0.0923862866300598,0.0747387211496598,0.1507160110966974,3MIDD_207,10.0,,,,,,earlier source endpoint; see definition (A-denominator common-gray ratios not primary),,,,,,,,,,,,,,,,,,,,,,,,,,,,,
data/precomputed/fig04/phase_bootstrap.csv,,D_norm,-4.139833248716388e-06,-0.0001751487893983,-0.0006833676643823,0.0009834941078408,3MIDD_207,10.0,,,,,,earlier source endpoint; see definition (A-denominator common-gray ratios not primary),,,,,,,,,,,,,,,,,,,,,,,,,,,,,
data/precomputed/fig04/phase_bootstrap.csv,,reversal_phase_fraction,0.55,0.5,0.3083333333333333,0.7916666666666666,3MIDD_207,10.0,,,,,,earlier source endpoint; see definition (A-denominator common-gray ratios not primary),,,,,,,,,,,,,,,,,,,,,,,,,,,,,
data/precomputed/fig04/phase_bootstrap.csv,,var_A,7.908426105600256e-05,4.7924993746977784e-05,3.690242685255158e-05,0.0001296744266757,4MIDD_085_170,10.0,,,,,,earlier source endpoint; see definition (A-denominator common-gray ratios not primary),,,,,,,,,,,,,,,,,,,,,,,,,,,,,
data/precomputed/fig04/phase_bootstrap.csv,,var_S,1.9067151623137635e-05,1.9102099262058128e-05,9.463794093816948e-06,3.064473426035316e-05,4MIDD_085_170,10.0,,,,,,earlier source endpoint; see definition (A-denominator common-gray ratios not primary),,,,,,,,,,,,,,,,,,,,,,,,,,,,,
data/precomputed/fig04/phase_bootstrap.csv,,D,-6.001710943286492e-05,-3.1459142738358674e-05,-0.000100960623123,-2.47860875108874e-05,4MIDD_085_170,10.0,,,,,,earlier source endpoint; see definition (A-denominator common-gray ratios not primary),,,,,,,,,,,,,,,,,,,,,,,,,,,,,
data/precomputed/fig04/phase_bootstrap.csv,,ratio,0.3238042396826118,0.2671031852428133,0.1982873074042248,0.469022403926614,4MIDD_085_170,10.0,,,,,,earlier source endpoint; see definition (A-denominator common-gray ratios not primary),,,,,,,,,,,,,,,,,,,,,,,,,,,,,
data/precomputed/fig04/phase_bootstrap.csv,,range_A_norm,0.1522606362648513,0.1350882121124616,0.1019781926905405,0.2117076094027853,4MIDD_085_170,10.0,,,,,,earlier source endpoint; see definition (A-denominator common-gray ratios not primary),,,,,,,,,,,,,,,,,,,,,,,,,,,,,
data/precomputed/fig04/phase_bootstrap.csv,,range_S_norm,0.0846563159704772,0.0645212786030172,0.055773934383763,0.1175073686190309,4MIDD_085_170,10.0,,,,,,earlier source endpoint; see definition (A-denominator common-gray ratios not primary),,,,,,,,,,,,,,,,,,,,,,,,,,,,,
data/precomputed/fig04/phase_bootstrap.csv,,D_norm,-0.0027534729244143,-0.000657130019292,-0.0050412300619856,-0.0006721176799714,4MIDD_085_170,10.0,,,,,,earlier source endpoint; see definition (A-denominator common-gray ratios not primary),,,,,,,,,,,,,,,,,,,,,,,,,,,,,
data/precomputed/fig04/phase_bootstrap.csv,,reversal_phase_fraction,0.3833333333333334,0.4166666666666667,0.1999999999999999,0.5666666666666667,4MIDD_085_170,10.0,,,,,,earlier source endpoint; see definition (A-denominator common-gray ratios not primary),,,,,,,,,,,,,,,,,,,,,,,,,,,,,
data/precomputed/fig04/geometry_bootstrap.csv,,delta_A,0.0182789311214155,0.015603637006309,0.0076552135225677,0.0308994571522247,3MIDD_048,10.0,LR,,,,,earlier source endpoint; see definition (A-denominator common-gray ratios not primary),,,,,,,,,,,,,,,,,,,,,,,,,,,,,
data/precomputed/fig04/geometry_bootstrap.csv,,delta_S,0.0003255574490145,0.0002939702073776,6.477823829112769e-06,0.0007045569472627,3MIDD_048,10.0,LR,,,,,earlier source endpoint; see definition (A-denominator common-gray ratios not primary),,,,,,,,,,,,,,,,,,,,,,,,,,,,,
data/precomputed/fig04/geometry_bootstrap.csv,,normalized_error_A,0.0049798810499868,0.0042126610809867,0.0028882608093518,0.0071558249683531,3MIDD_048,10.0,LR,,,,,earlier source endpoint; see definition (A-denominator common-gray ratios not primary),,,,,,,,,,,,,,,,,,,,,,,,,,,,,
data/precomputed/fig04/geometry_bootstrap.csv,,normalized_error_S,0.0971505256326941,0.1114775472605375,0.0577342930200422,0.1372270208226174,3MIDD_048,10.0,LR,,,,,earlier source endpoint; see definition (A-denominator common-gray ratios not primary),,,,,,,,,,,,,,,,,,,,,,,,,,,,,
data/precomputed/fig04/geometry_bootstrap.csv,,D_robustness,0.0921706445827073,0.1058377814977127,0.0521135391233227,0.132772578512634,3MIDD_048,10.0,LR,,,,,earlier source endpoint; see definition (A-denominator common-gray ratios not primary),,,,,,,,,,,,,,,,,,,,,,,,,,,,,
data/precomputed/fig04/geometry_bootstrap.csv,,delta_A,0.0182789311214155,0.015603637006309,0.007568158213947,0.0309840321099524,3MIDD_048,10.0,UD,,,,,earlier source endpoint; see definition (A-denominator common-gray ratios not primary),,,,,,,,,,,,,,,,,,,,,,,,,,,,,
data/precomputed/fig04/geometry_bootstrap.csv,,delta_S,0.0003255574490145,0.0002939702073776,4.7394381890940616e-06,0.0007059029524671,3MIDD_048,10.0,UD,,,,,earlier source endpoint; see definition (A-denominator common-gray ratios not primary),,,,,,,,,,,,,,,,,,,,,,,,,,,,,
data/precomputed/fig04/geometry_bootstrap.csv,,normalized_error_A,0.0049798810499868,0.0042126610809867,0.00289782550243,0.0071599200597981,3MIDD_048,10.0,UD,,,,,earlier source endpoint; see definition (A-denominator common-gray ratios not primary),,,,,,,,,,,,,,,,,,,,,,,,,,,,,
data/precomputed/fig04/geometry_bootstrap.csv,,normalized_error_S,0.0971505256326941,0.1114775472605375,0.0574057062067827,0.136478496524962,3MIDD_048,10.0,UD,,,,,earlier source endpoint; see definition (A-denominator common-gray ratios not primary),,,,,,,,,,,,,,,,,,,,,,,,,,,,,
data/precomputed/fig04/geometry_bootstrap.csv,,D_robustness,0.0921706445827073,0.1058377814977127,0.0516759896342398,0.1335859652575477,3MIDD_048,10.0,UD,,,,,earlier source endpoint; see definition (A-denominator common-gray ratios not primary),,,,,,,,,,,,,,,,,,,,,,,,,,,,,
data/precomputed/fig04/geometry_bootstrap.csv,,delta_A,0.0,0.0,0.0,0.0,3MIDD_048,10.0,identity,,,,,earlier source endpoint; see definition (A-denominator common-gray ratios not primary),,,,,,,,,,,,,,,,,,,,,,,,,,,,,
data/precomputed/fig04/geometry_bootstrap.csv,,delta_S,0.0,0.0,0.0,0.0,3MIDD_048,10.0,identity,,,,,earlier source endpoint; see definition (A-denominator common-gray ratios not primary),,,,,,,,,,,,,,,,,,,,,,,,,,,,,
data/precomputed/fig04/geometry_bootstrap.csv,,normalized_error_A,0.0,0.0,0.0,0.0,3MIDD_048,10.0,identity,,,,,earlier source endpoint; see definition (A-denominator common-gray ratios not primary),,,,,,,,,,,,,,,,,,,,,,,,,,,,,
data/precomputed/fig04/geometry_bootstrap.csv,,normalized_error_S,0.0,0.0,0.0,0.0,3MIDD_048,10.0,identity,,,,,earlier source endpoint; see definition (A-denominator common-gray ratios not primary),,,,,,,,,,,,,,,,,,,,,,,,,,,,,
data/precomputed/fig04/geometry_bootstrap.csv,,D_robustness,0.0,0.0,0.0,0.0,3MIDD_048,10.0,identity,,,,,earlier source endpoint; see definition (A-denominator common-gray ratios not primary),,,,,,,,,,,,,,,,,,,,,,,,,,,,,
data/precomputed/fig04/geometry_bootstrap.csv,,delta_A,0.0,0.0,0.0,0.0,3MIDD_048,10.0,rot180,,,,,earlier source endpoint; see definition (A-denominator common-gray ratios not primary),,,,,,,,,,,,,,,,,,,,,,,,,,,,,
data/precomputed/fig04/geometry_bootstrap.csv,,delta_S,0.0,0.0,0.0,0.0,3MIDD_048,10.0,rot180,,,,,earlier source endpoint; see definition (A-denominator common-gray ratios not primary),,,,,,,,,,,,,,,,,,,,,,,,,,,,,
data/precomputed/fig04/geometry_bootstrap.csv,,normalized_error_A,0.0,0.0,0.0,0.0,3MIDD_048,10.0,rot180,,,,,earlier source endpoint; see definition (A-denominator common-gray ratios not primary),,,,,,,,,,,,,,,,,,,,,,,,,,,,,
data/precomputed/fig04/geometry_bootstrap.csv,,normalized_error_S,0.0,0.0,0.0,0.0,3MIDD_048,10.0,rot180,,,,,earlier source endpoint; see definition (A-denominator common-gray ratios not primary),,,,,,,,,,,,,,,,,,,,,,,,,,,,,
data/precomputed/fig04/geometry_bootstrap.csv,,D_robustness,0.0,0.0,0.0,0.0,3MIDD_048,10.0,rot180,,,,,earlier source endpoint; see definition (A-denominator common-gray ratios not primary),,,,,,,,,,,,,,,,,,,,,,,,,,,,,
data/precomputed/fig04/geometry_bootstrap.csv,,delta_A,0.0046720371940745,0.0034431419116362,0.0016285465695583,0.007849078362371,3MIDD_048,10.0,x_minus3,,,,,earlier source endpoint; see definition (A-denominator common-gray ratios not primary),,,,,,,,,,,,,,,,,,,,,,,,,,,,,
data/precomputed/fig04/geometry_bootstrap.csv,,delta_S,0.002123426319064,-0.0010549430184103,-0.0012092771546129,0.0059118393811494,3MIDD_048,10.0,x_minus3,,,,,earlier source endpoint; see definition (A-denominator common-gray ratios not primary),,,,,,,,,,,,,,,,,,,,,,,,,,,,,
data/precomputed/fig04/geometry_bootstrap.csv,,normalized_error_A,0.035508072498497,0.0213284660876929,0.01458207098109,0.0619363909426096,3MIDD_048,10.0,x_minus3,,,,,earlier source endpoint; see definition (A-denominator common-gray ratios not primary),,,,,,,,,,,,,,,,,,,,,,,,,,,,,
data/precomputed/fig04/geometry_bootstrap.csv,,normalized_error_S,0.0306267442441474,0.0204911769211864,0.0155087388627444,0.0527159971224631,3MIDD_048,10.0,x_minus3,,,,,earlier source endpoint; see definition (A-denominator common-gray ratios not primary),,,,,,,,,,,,,,,,,,,,,,,,,,,,,
data/precomputed/fig04/geometry_bootstrap.csv,,D_robustness,-0.0048813282543496,-1.2930174875532864e-05,-0.0314238680205137,0.0153311394725886,3MIDD_048,10.0,x_minus3,,,,,earlier source endpoint; see definition (A-denominator common-gray ratios not primary),,,,,,,,,,,,,,,,,,,,,,,,,,,,,
data/precomputed/fig04/geometry_bootstrap.csv,,delta_A,0.0051661174117523,0.0019195778565781,0.001739787278782,0.009872598107435,3MIDD_048,10.0,x_plus3,,,,,earlier source endpoint; see definition (A-denominator common-gray ratios not primary),,,,,,,,,,,,,,,,,,,,,,,,,,,,,
data/precomputed/fig04/geometry_bootstrap.csv,,delta_S,0.0002513926337051,0.0001518958107263,-0.0034228290976804,0.0038154208487664,3MIDD_048,10.0,x_plus3,,,,,earlier source endpoint; see definition (A-denominator common-gray ratios not primary),,,,,,,,,,,,,,,,,,,,,,,,,,,,,
data/precomputed/fig04/geometry_bootstrap.csv,,normalized_error_A,0.0387512603184329,0.0119297486223815,0.0101602932064924,0.0820489993640538,3MIDD_048,10.0,x_plus3,,,,,earlier source endpoint; see definition (A-denominator common-gray ratios not primary),,,,,,,,,,,,,,,,,,,,,,,,,,,,,
data/precomputed/fig04/geometry_bootstrap.csv,,normalized_error_S,0.0292307215819126,0.0296954808949589,0.0144107959759653,0.0459306336549278,3MIDD_048,10.0,x_plus3,,,,,earlier source endpoint; see definition (A-denominator common-gray ratios not primary),,,,,,,,,,,,,,,,,,,,,,,,,,,,,
data/precomputed/fig04/geometry_bootstrap.csv,,D_robustness,-0.0095205387365202,-0.0004736808736982,-0.0380853966952055,0.0097908947391125,3MIDD_048,10.0,x_plus3,,,,,earlier source endpoint; see definition (A-denominator common-gray ratios not primary),,,,,,,,,,,,,,,,,,,,,,,,,,,,,
data/precomputed/fig04/geometry_bootstrap.csv,,delta_A,0.0085742865650668,0.0078385173442683,0.0048986158109553,0.0121824111267789,3MIDD_048,10.0,y_minus3,,,,,earlier source endpoint; see definition (A-denominator common-gray ratios not primary),,,,,,,,,,,,,,,,,,,,,,,,,,,,,
data/precomputed/fig04/geometry_bootstrap.csv,,delta_S,0.0005878395841555,0.000947682489322,-0.0020353737784322,0.0026424799022812,3MIDD_048,10.0,y_minus3,,,,,earlier source endpoint; see definition (A-denominator common-gray ratios not primary),,,,,,,,,,,,,,,,,,,,,,,,,,,,,
data/precomputed/fig04/geometry_bootstrap.csv,,normalized_error_A,0.0622345623573061,0.0555914980634885,0.0401609095150179,0.086937812733522,3MIDD_048,10.0,y_minus3,,,,,earlier source endpoint; see definition (A-denominator common-gray ratios not primary),,,,,,,,,,,,,,,,,,,,,,,,,,,,,
data/precomputed/fig04/geometry_bootstrap.csv,,normalized_error_S,0.0175081160195623,0.0137588565387688,0.0085803224560295,0.0277931611748912,3MIDD_048,10.0,y_minus3,,,,,earlier source endpoint; see definition (A-denominator common-gray ratios not primary),,,,,,,,,,,,,,,,,,,,,,,,,,,,,
data/precomputed/fig04/geometry_bootstrap.csv,,D_robustness,-0.0447264463377437,-0.0385270576257304,-0.0688694297088697,-0.0201421489581901,3MIDD_048,10.0,y_minus3,,,,,earlier source endpoint; see definition (A-denominator common-gray ratios not primary),,,,,,,,,,,,,,,,,,,,,,,,,,,,,
data/precomputed/fig04/geometry_bootstrap.csv,,delta_A,0.0052437603499189,0.005319777754046,0.0009035068775565,0.0091667929223744,3MIDD_048,10.0,y_plus3,,,,,earlier source endpoint; see definition (A-denominator common-gray ratios not primary),,,,,,,,,,,,,,,,,,,,,,,,,,,,,
data/precomputed/fig04/geometry_bootstrap.csv,,delta_S,0.0005182752629074,0.0003746453939062,-0.0015141178254365,0.0024996626989149,3MIDD_048,10.0,y_plus3,,,,,earlier source endpoint; see definition (A-denominator common-gray ratios not primary),,,,,,,,,,,,,,,,,,,,,,,,,,,,,
data/precomputed/fig04/geometry_bootstrap.csv,,normalized_error_A,0.0468141136175615,0.0420301777424077,0.0272549920176452,0.0731252846064077,3MIDD_048,10.0,y_plus3,,,,,earlier source endpoint; see definition (A-denominator common-gray ratios not primary),,,,,,,,,,,,,,,,,,,,,,,,,,,,,
data/precomputed/fig04/geometry_bootstrap.csv,,normalized_error_S,0.0160260419878049,0.0136437486384755,0.0108525937689986,0.0221919459569898,3MIDD_048,10.0,y_plus3,,,,,earlier source endpoint; see definition (A-denominator common-gray ratios not primary),,,,,,,,,,,,,,,,,,,,,,,,,,,,,
data/precomputed/fig04/geometry_bootstrap.csv,,D_robustness,-0.0307880716297565,-0.0238221645395746,-0.058471177672288,-0.0115201937785792,3MIDD_048,10.0,y_plus3,,,,,earlier source endpoint; see definition (A-denominator common-gray ratios not primary),,,,,,,,,,,,,,,,,,,,,,,,,,,,,
data/precomputed/fig04/geometry_bootstrap.csv,,delta_A,-0.0267646636834798,-0.0207687436453137,-0.0459047551484756,-0.0132390523887003,3MIDD_207,10.0,LR,,,,,earlier source endpoint; see definition (A-denominator common-gray ratios not primary),,,,,,,,,,,,,,,,,,,,,,,,,,,,,
data/precomputed/fig04/geometry_bootstrap.csv,,delta_S,-7.525341708697979e-05,-7.813877868309213e-05,-0.0009480335236915,0.0006853442764845,3MIDD_207,10.0,LR,,,,,earlier source endpoint; see definition (A-denominator common-gray ratios not primary),,,,,,,,,,,,,,,,,,,,,,,,,,,,,
data/precomputed/fig04/geometry_bootstrap.csv,,normalized_error_A,0.0043798818519461,0.0039172626780183,0.0025509819329547,0.0064144701050555,3MIDD_207,10.0,LR,,,,,earlier source endpoint; see definition (A-denominator common-gray ratios not primary),,,,,,,,,,,,,,,,,,,,,,,,,,,,,
data/precomputed/fig04/geometry_bootstrap.csv,,normalized_error_S,0.1601448368989215,0.1497174571662943,0.0826141077600083,0.2520084057025747,3MIDD_207,10.0,LR,,,,,earlier source endpoint; see definition (A-denominator common-gray ratios not primary),,,,,,,,,,,,,,,,,,,,,,,,,,,,,
data/precomputed/fig04/geometry_bootstrap.csv,,D_robustness,0.1557649550469754,0.1490869206027351,0.0760406779293485,0.2468103321804056,3MIDD_207,10.0,LR,,,,,earlier source endpoint; see definition (A-denominator common-gray ratios not primary),,,,,,,,,,,,,,,,,,,,,,,,,,,,,
data/precomputed/fig04/geometry_bootstrap.csv,,delta_A,-0.0267646636834798,-0.0207687436453137,-0.0459513533376029,-0.0129944398629571,3MIDD_207,10.0,UD,,,,,earlier source endpoint; see definition (A-denominator common-gray ratios not primary),,,,,,,,,,,,,,,,,,,,,,,,,,,,,
data/precomputed/fig04/geometry_bootstrap.csv,,delta_S,-7.525341708697979e-05,-7.813877868309213e-05,-0.0009370638731384,0.000681179366636,3MIDD_207,10.0,UD,,,,,earlier source endpoint; see definition (A-denominator common-gray ratios not primary),,,,,,,,,,,,,,,,,,,,,,,,,,,,,
data/precomputed/fig04/geometry_bootstrap.csv,,normalized_error_A,0.0043798818519461,0.0039172626780183,0.0025415751060404,0.0064277290177908,3MIDD_207,10.0,UD,,,,,earlier source endpoint; see definition (A-denominator common-gray ratios not primary),,,,,,,,,,,,,,,,,,,,,,,,,,,,,
data/precomputed/fig04/geometry_bootstrap.csv,,normalized_error_S,0.1601448368989215,0.1497174571662943,0.0795807020247943,0.2532989407204367,3MIDD_207,10.0,UD,,,,,earlier source endpoint; see definition (A-denominator common-gray ratios not primary),,,,,,,,,,,,,,,,,,,,,,,,,,,,,
data/precomputed/fig04/geometry_bootstrap.csv,,D_robustness,0.1557649550469754,0.1490869206027351,0.0775786173124547,0.2474838503416999,3MIDD_207,10.0,UD,,,,,earlier source endpoint; see definition (A-denominator common-gray ratios not primary),,,,,,,,,,,,,,,,,,,,,,,,,,,,,
data/precomputed/fig04/geometry_bootstrap.csv,,delta_A,0.0,0.0,0.0,0.0,3MIDD_207,10.0,identity,,,,,earlier source endpoint; see definition (A-denominator common-gray ratios not primary),,,,,,,,,,,,,,,,,,,,,,,,,,,,,
data/precomputed/fig04/geometry_bootstrap.csv,,delta_S,0.0,0.0,0.0,0.0,3MIDD_207,10.0,identity,,,,,earlier source endpoint; see definition (A-denominator common-gray ratios not primary),,,,,,,,,,,,,,,,,,,,,,,,,,,,,
data/precomputed/fig04/geometry_bootstrap.csv,,normalized_error_A,0.0,0.0,0.0,0.0,3MIDD_207,10.0,identity,,,,,earlier source endpoint; see definition (A-denominator common-gray ratios not primary),,,,,,,,,,,,,,,,,,,,,,,,,,,,,
data/precomputed/fig04/geometry_bootstrap.csv,,normalized_error_S,0.0,0.0,0.0,0.0,3MIDD_207,10.0,identity,,,,,earlier source endpoint; see definition (A-denominator common-gray ratios not primary),,,,,,,,,,,,,,,,,,,,,,,,,,,,,
data/precomputed/fig04/geometry_bootstrap.csv,,D_robustness,0.0,0.0,0.0,0.0,3MIDD_207,10.0,identity,,,,,earlier source endpoint; see definition (A-denominator common-gray ratios not primary),,,,,,,,,,,,,,,,,,,,,,,,,,,,,
data/precomputed/fig04/geometry_bootstrap.csv,,delta_A,0.0,0.0,0.0,0.0,3MIDD_207,10.0,rot180,,,,,earlier source endpoint; see definition (A-denominator common-gray ratios not primary),,,,,,,,,,,,,,,,,,,,,,,,,,,,,
data/precomputed/fig04/geometry_bootstrap.csv,,delta_S,0.0,0.0,0.0,0.0,3MIDD_207,10.0,rot180,,,,,earlier source endpoint; see definition (A-denominator common-gray ratios not primary),,,,,,,,,,,,,,,,,,,,,,,,,,,,,
data/precomputed/fig04/geometry_bootstrap.csv,,normalized_error_A,0.0,0.0,0.0,0.0,3MIDD_207,10.0,rot180,,,,,earlier source endpoint; see definition (A-denominator common-gray ratios not primary),,,,,,,,,,,,,,,,,,,,,,,,,,,,,
data/precomputed/fig04/geometry_bootstrap.csv,,normalized_error_S,0.0,0.0,0.0,0.0,3MIDD_207,10.0,rot180,,,,,earlier source endpoint; see definition (A-denominator common-gray ratios not primary),,,,,,,,,,,,,,,,,,,,,,,,,,,,,
data/precomputed/fig04/geometry_bootstrap.csv,,D_robustness,0.0,0.0,0.0,0.0,3MIDD_207,10.0,rot180,,,,,earlier source endpoint; see definition (A-denominator common-gray ratios not primary),,,,,,,,,,,,,,,,,,,,,,,,,,,,,
data/precomputed/fig04/geometry_bootstrap.csv,,delta_A,-0.0025769494112718,-0.0036214265276483,-0.0070398429496126,0.002241691666642,3MIDD_207,10.0,x_minus3,,,,,earlier source endpoint; see definition (A-denominator common-gray ratios not primary),,,,,,,,,,,,,,,,,,,,,,,,,,,,,
data/precomputed/fig04/geometry_bootstrap.csv,,delta_S,-0.0011486744092031,-0.0007429651910885,-0.00356528645575,0.0013955358540162,3MIDD_207,10.0,x_minus3,,,,,earlier source endpoint; see definition (A-denominator common-gray ratios not primary),,,,,,,,,,,,,,,,,,,,,,,,,,,,,
data/precomputed/fig04/geometry_bootstrap.csv,,normalized_error_A,0.0361544613871499,0.0297839023105747,0.0223615467025581,0.0507972373826282,3MIDD_207,10.0,x_minus3,,,,,earlier source endpoint; see definition (A-denominator common-gray ratios not primary),,,,,,,,,,,,,,,,,,,,,,,,,,,,,
data/precomputed/fig04/geometry_bootstrap.csv,,normalized_error_S,0.0164251557610155,0.0086457979141462,0.0066355633025943,0.0273800641361635,3MIDD_207,10.0,x_minus3,,,,,earlier source endpoint; see definition (A-denominator common-gray ratios not primary),,,,,,,,,,,,,,,,,,,,,,,,,,,,,
data/precomputed/fig04/geometry_bootstrap.csv,,D_robustness,-0.0197293056261344,-0.0186055616815299,-0.0280562715482651,-0.0122226264341891,3MIDD_207,10.0,x_minus3,,,,,earlier source endpoint; see definition (A-denominator common-gray ratios not primary),,,,,,,,,,,,,,,,,,,,,,,,,,,,,
data/precomputed/fig04/geometry_bootstrap.csv,,delta_A,-0.0003935560064395,-0.0001903704514794,-0.0037065767225482,0.0031896253458008,3MIDD_207,10.0,x_plus3,,,,,earlier source endpoint; see definition (A-denominator common-gray ratios not primary),,,,,,,,,,,,,,,,,,,,,,,,,,,,,
data/precomputed/fig04/geometry_bootstrap.csv,,delta_S,-0.0006711835381433,-0.0002439954127688,-0.0027703008517459,0.0012258417445206,3MIDD_207,10.0,x_plus3,,,,,earlier source endpoint; see definition (A-denominator common-gray ratios not primary),,,,,,,,,,,,,,,,,,,,,,,,,,,,,
data/precomputed/fig04/geometry_bootstrap.csv,,normalized_error_A,0.0235794730033556,0.0174559980679383,0.0105589162576824,0.03773037154653,3MIDD_207,10.0,x_plus3,,,,,earlier source endpoint; see definition (A-denominator common-gray ratios not primary),,,,,,,,,,,,,,,,,,,,,,,,,,,,,
data/precomputed/fig04/geometry_bootstrap.csv,,normalized_error_S,0.014430906388849,0.0101717968331925,0.007333110457306,0.0228383965834997,3MIDD_207,10.0,x_plus3,,,,,earlier source endpoint; see definition (A-denominator common-gray ratios not primary),,,,,,,,,,,,,,,,,,,,,,,,,,,,,
data/precomputed/fig04/geometry_bootstrap.csv,,D_robustness,-0.0091485666145066,-0.0031776446655487,-0.0284319189094426,0.0094995064224457,3MIDD_207,10.0,x_plus3,,,,,earlier source endpoint; see definition (A-denominator common-gray ratios not primary),,,,,,,,,,,,,,,,,,,,,,,,,,,,,
data/precomputed/fig04/geometry_bootstrap.csv,,delta_A,-0.0018592769474801,-0.0022618379425151,-0.0050788486151455,0.0016206288945703,3MIDD_207,10.0,y_minus3,,,,,earlier source endpoint; see definition (A-denominator common-gray ratios not primary),,,,,,,,,,,,,,,,,,,,,,,,,,,,,
data/precomputed/fig04/geometry_bootstrap.csv,,delta_S,0.0020835136674804,0.0028693459278107,-0.0018291844121454,0.0057324205368752,3MIDD_207,10.0,y_minus3,,,,,earlier source endpoint; see definition (A-denominator common-gray ratios not primary),,,,,,,,,,,,,,,,,,,,,,,,,,,,,
data/precomputed/fig04/geometry_bootstrap.csv,,normalized_error_A,0.0281405687092316,0.0244158220482687,0.0178040543533717,0.0392393006289655,3MIDD_207,10.0,y_minus3,,,,,earlier source endpoint; see definition (A-denominator common-gray ratios not primary),,,,,,,,,,,,,,,,,,,,,,,,,,,,,
data/precomputed/fig04/geometry_bootstrap.csv,,normalized_error_S,0.0306504629358953,0.0324502111832587,0.0207645229411575,0.0403913491586961,3MIDD_207,10.0,y_minus3,,,,,earlier source endpoint; see definition (A-denominator common-gray ratios not primary),,,,,,,,,,,,,,,,,,,,,,,,,,,,,
data/precomputed/fig04/geometry_bootstrap.csv,,D_robustness,0.0025098942266636,0.0055505959174324,-0.0120532614972347,0.0159364004024912,3MIDD_207,10.0,y_minus3,,,,,earlier source endpoint; see definition (A-denominator common-gray ratios not primary),,,,,,,,,,,,,,,,,,,,,,,,,,,,,
data/precomputed/fig04/geometry_bootstrap.csv,,delta_A,0.0016492778665905,0.0008327555641559,-0.0009071377225534,0.0042721137931299,3MIDD_207,10.0,y_plus3,,,,,earlier source endpoint; see definition (A-denominator common-gray ratios not primary),,,,,,,,,,,,,,,,,,,,,,,,,,,,,
data/precomputed/fig04/geometry_bootstrap.csv,,delta_S,-0.001024480506477,-0.0004998291358033,-0.0031999379651412,0.0010123711946362,3MIDD_207,10.0,y_plus3,,,,,earlier source endpoint; see definition (A-denominator common-gray ratios not primary),,,,,,,,,,,,,,,,,,,,,,,,,,,,,
data/precomputed/fig04/geometry_bootstrap.csv,,normalized_error_A,0.0215047310990848,0.0175839010254253,0.0164351528543086,0.0268515791920128,3MIDD_207,10.0,y_plus3,,,,,earlier source endpoint; see definition (A-denominator common-gray ratios not primary),,,,,,,,,,,,,,,,,,,,,,,,,,,,,
data/precomputed/fig04/geometry_bootstrap.csv,,normalized_error_S,0.014243389551449,0.0091696154959946,0.0082693232228303,0.0211341357202067,3MIDD_207,10.0,y_plus3,,,,,earlier source endpoint; see definition (A-denominator common-gray ratios not primary),,,,,,,,,,,,,,,,,,,,,,,,,,,,,
data/precomputed/fig04/geometry_bootstrap.csv,,D_robustness,-0.0072613415476357,-0.0090217658013079,-0.0153055825182402,0.0015186033305131,3MIDD_207,10.0,y_plus3,,,,,earlier source endpoint; see definition (A-denominator common-gray ratios not primary),,,,,,,,,,,,,,,,,,,,,,,,,,,,,
data/precomputed/fig04/geometry_bootstrap.csv,,delta_A,-0.0053161266418439,-0.0029771057977727,-0.0110769099415071,0.0005095363864014,4MIDD_085_170,10.0,LR,,,,,earlier source endpoint; see definition (A-denominator common-gray ratios not primary),,,,,,,,,,,,,,,,,,,,,,,,,,,,,
data/precomputed/fig04/geometry_bootstrap.csv,,delta_S,0.0009770307493718,0.0020295779922279,-0.0036594578015458,0.005204182706518,4MIDD_085_170,10.0,LR,,,,,earlier source endpoint; see definition (A-denominator common-gray ratios not primary),,,,,,,,,,,,,,,,,,,,,,,,,,,,,
data/precomputed/fig04/geometry_bootstrap.csv,,normalized_error_A,0.0267813713842515,0.026480133560162,0.0153246929367553,0.0386946244928773,4MIDD_085_170,10.0,LR,,,,,earlier source endpoint; see definition (A-denominator common-gray ratios not primary),,,,,,,,,,,,,,,,,,,,,,,,,,,,,
data/precomputed/fig04/geometry_bootstrap.csv,,normalized_error_S,0.1241994432567296,0.1175183811273863,0.0732510746373703,0.1849062649509653,4MIDD_085_170,10.0,LR,,,,,earlier source endpoint; see definition (A-denominator common-gray ratios not primary),,,,,,,,,,,,,,,,,,,,,,,,,,,,,
data/precomputed/fig04/geometry_bootstrap.csv,,D_robustness,0.097418071872478,0.07930356900894,0.048066847591292,0.1589652909338167,4MIDD_085_170,10.0,LR,,,,,earlier source endpoint; see definition (A-denominator common-gray ratios not primary),,,,,,,,,,,,,,,,,,,,,,,,,,,,,
data/precomputed/fig04/geometry_bootstrap.csv,,delta_A,-0.0053161266418439,-0.0029771057977727,-0.0113692452465894,0.0005523317238937,4MIDD_085_170,10.0,UD,,,,,earlier source endpoint; see definition (A-denominator common-gray ratios not primary),,,,,,,,,,,,,,,,,,,,,,,,,,,,,
data/precomputed/fig04/geometry_bootstrap.csv,,delta_S,0.0009770307493718,0.0020295779922279,-0.0038294772094701,0.0051622319605181,4MIDD_085_170,10.0,UD,,,,,earlier source endpoint; see definition (A-denominator common-gray ratios not primary),,,,,,,,,,,,,,,,,,,,,,,,,,,,,
data/precomputed/fig04/geometry_bootstrap.csv,,normalized_error_A,0.0267813713842515,0.026480133560162,0.0149365756824877,0.0384071630973553,4MIDD_085_170,10.0,UD,,,,,earlier source endpoint; see definition (A-denominator common-gray ratios not primary),,,,,,,,,,,,,,,,,,,,,,,,,,,,,
data/precomputed/fig04/geometry_bootstrap.csv,,normalized_error_S,0.1241994432567296,0.1175183811273863,0.0742243299546223,0.1851771455298464,4MIDD_085_170,10.0,UD,,,,,earlier source endpoint; see definition (A-denominator common-gray ratios not primary),,,,,,,,,,,,,,,,,,,,,,,,,,,,,
data/precomputed/fig04/geometry_bootstrap.csv,,D_robustness,0.097418071872478,0.07930356900894,0.0489739606480217,0.1596174014661162,4MIDD_085_170,10.0,UD,,,,,earlier source endpoint; see definition (A-denominator common-gray ratios not primary),,,,,,,,,,,,,,,,,,,,,,,,,,,,,
data/precomputed/fig04/geometry_bootstrap.csv,,delta_A,0.0,0.0,0.0,0.0,4MIDD_085_170,10.0,identity,,,,,earlier source endpoint; see definition (A-denominator common-gray ratios not primary),,,,,,,,,,,,,,,,,,,,,,,,,,,,,
data/precomputed/fig04/geometry_bootstrap.csv,,delta_S,0.0,0.0,0.0,0.0,4MIDD_085_170,10.0,identity,,,,,earlier source endpoint; see definition (A-denominator common-gray ratios not primary),,,,,,,,,,,,,,,,,,,,,,,,,,,,,
data/precomputed/fig04/geometry_bootstrap.csv,,normalized_error_A,0.0,0.0,0.0,0.0,4MIDD_085_170,10.0,identity,,,,,earlier source endpoint; see definition (A-denominator common-gray ratios not primary),,,,,,,,,,,,,,,,,,,,,,,,,,,,,
data/precomputed/fig04/geometry_bootstrap.csv,,normalized_error_S,0.0,0.0,0.0,0.0,4MIDD_085_170,10.0,identity,,,,,earlier source endpoint; see definition (A-denominator common-gray ratios not primary),,,,,,,,,,,,,,,,,,,,,,,,,,,,,
data/precomputed/fig04/geometry_bootstrap.csv,,D_robustness,0.0,0.0,0.0,0.0,4MIDD_085_170,10.0,identity,,,,,earlier source endpoint; see definition (A-denominator common-gray ratios not primary),,,,,,,,,,,,,,,,,,,,,,,,,,,,,
data/precomputed/fig04/geometry_bootstrap.csv,,delta_A,0.0,0.0,0.0,0.0,4MIDD_085_170,10.0,rot180,,,,,earlier source endpoint; see definition (A-denominator common-gray ratios not primary),,,,,,,,,,,,,,,,,,,,,,,,,,,,,
data/precomputed/fig04/geometry_bootstrap.csv,,delta_S,0.0,0.0,0.0,0.0,4MIDD_085_170,10.0,rot180,,,,,earlier source endpoint; see definition (A-denominator common-gray ratios not primary),,,,,,,,,,,,,,,,,,,,,,,,,,,,,
data/precomputed/fig04/geometry_bootstrap.csv,,normalized_error_A,0.0,0.0,0.0,0.0,4MIDD_085_170,10.0,rot180,,,,,earlier source endpoint; see definition (A-denominator common-gray ratios not primary),,,,,,,,,,,,,,,,,,,,,,,,,,,,,
data/precomputed/fig04/geometry_bootstrap.csv,,normalized_error_S,0.0,0.0,0.0,0.0,4MIDD_085_170,10.0,rot180,,,,,earlier source endpoint; see definition (A-denominator common-gray ratios not primary),,,,,,,,,,,,,,,,,,,,,,,,,,,,,
data/precomputed/fig04/geometry_bootstrap.csv,,D_robustness,0.0,0.0,0.0,0.0,4MIDD_085_170,10.0,rot180,,,,,earlier source endpoint; see definition (A-denominator common-gray ratios not primary),,,,,,,,,,,,,,,,,,,,,,,,,,,,,
data/precomputed/fig04/geometry_bootstrap.csv,,delta_A,-0.0040931885024859,-0.0039442360722813,-0.0076172327809311,-0.0005554137094288,4MIDD_085_170,10.0,x_minus3,,,,,earlier source endpoint; see definition (A-denominator common-gray ratios not primary),,,,,,,,,,,,,,,,,,,,,,,,,,,,,
data/precomputed/fig04/geometry_bootstrap.csv,,delta_S,-0.0028116417816558,-0.0016312022414007,-0.0053191759533071,-0.0005093025451197,4MIDD_085_170,10.0,x_minus3,,,,,earlier source endpoint; see definition (A-denominator common-gray ratios not primary),,,,,,,,,,,,,,,,,,,,,,,,,,,,,
data/precomputed/fig04/geometry_bootstrap.csv,,normalized_error_A,0.0386589282443921,0.0251899758092722,0.0218594030769903,0.0582656371782113,4MIDD_085_170,10.0,x_minus3,,,,,earlier source endpoint; see definition (A-denominator common-gray ratios not primary),,,,,,,,,,,,,,,,,,,,,,,,,,,,,
data/precomputed/fig04/geometry_bootstrap.csv,,normalized_error_S,0.0195106877921931,0.0127160387958699,0.0100405004811197,0.0299148184761561,4MIDD_085_170,10.0,x_minus3,,,,,earlier source endpoint; see definition (A-denominator common-gray ratios not primary),,,,,,,,,,,,,,,,,,,,,,,,,,,,,
data/precomputed/fig04/geometry_bootstrap.csv,,D_robustness,-0.019148240452199,-0.0180067702572967,-0.039141736445857,0.0002475645239457,4MIDD_085_170,10.0,x_minus3,,,,,earlier source endpoint; see definition (A-denominator common-gray ratios not primary),,,,,,,,,,,,,,,,,,,,,,,,,,,,,
data/precomputed/fig04/geometry_bootstrap.csv,,delta_A,-0.0032950578825216,-0.0035660344540702,-0.0059508218350376,-0.0004078036278345,4MIDD_085_170,10.0,x_plus3,,,,,earlier source endpoint; see definition (A-denominator common-gray ratios not primary),,,,,,,,,,,,,,,,,,,,,,,,,,,,,
data/precomputed/fig04/geometry_bootstrap.csv,,delta_S,0.001864812434856,0.0022165234213397,-0.0036195550996139,0.0064059644922952,4MIDD_085_170,10.0,x_plus3,,,,,earlier source endpoint; see definition (A-denominator common-gray ratios not primary),,,,,,,,,,,,,,,,,,,,,,,,,,,,,
data/precomputed/fig04/geometry_bootstrap.csv,,normalized_error_A,0.0310393803039539,0.0209156536311096,0.0185538770958502,0.0452287250927841,4MIDD_085_170,10.0,x_plus3,,,,,earlier source endpoint; see definition (A-denominator common-gray ratios not primary),,,,,,,,,,,,,,,,,,,,,,,,,,,,,
data/precomputed/fig04/geometry_bootstrap.csv,,normalized_error_S,0.0379802481013725,0.0253167705231228,0.0190806190770373,0.0616384019212352,4MIDD_085_170,10.0,x_plus3,,,,,earlier source endpoint; see definition (A-denominator common-gray ratios not primary),,,,,,,,,,,,,,,,,,,,,,,,,,,,,
data/precomputed/fig04/geometry_bootstrap.csv,,D_robustness,0.0069408677974185,0.0045923074743023,-0.0201691378482112,0.035874700558411,4MIDD_085_170,10.0,x_plus3,,,,,earlier source endpoint; see definition (A-denominator common-gray ratios not primary),,,,,,,,,,,,,,,,,,,,,,,,,,,,,
data/precomputed/fig04/geometry_bootstrap.csv,,delta_A,-0.0086905910815116,-0.008753839594343,-0.0155929599440847,-0.0012290534800287,4MIDD_085_170,10.0,y_minus3,,,,,earlier source endpoint; see definition (A-denominator common-gray ratios not primary),,,,,,,,,,,,,,,,,,,,,,,,,,,,,
data/precomputed/fig04/geometry_bootstrap.csv,,delta_S,0.001414003162994,0.00186192934277,-0.0040532401945749,0.0055288096698889,4MIDD_085_170,10.0,y_minus3,,,,,earlier source endpoint; see definition (A-denominator common-gray ratios not primary),,,,,,,,,,,,,,,,,,,,,,,,,,,,,
data/precomputed/fig04/geometry_bootstrap.csv,,normalized_error_A,0.0757093521201655,0.0662347051839025,0.0412198757959153,0.1153218053825727,4MIDD_085_170,10.0,y_minus3,,,,,earlier source endpoint; see definition (A-denominator common-gray ratios not primary),,,,,,,,,,,,,,,,,,,,,,,,,,,,,
data/precomputed/fig04/geometry_bootstrap.csv,,normalized_error_S,0.0303562167197764,0.0260527584403088,0.0146530020329763,0.0488559309851697,4MIDD_085_170,10.0,y_minus3,,,,,earlier source endpoint; see definition (A-denominator common-gray ratios not primary),,,,,,,,,,,,,,,,,,,,,,,,,,,,,
data/precomputed/fig04/geometry_bootstrap.csv,,D_robustness,-0.045353135400389,-0.0246575227732242,-0.095130351676845,-0.0051617403925906,4MIDD_085_170,10.0,y_minus3,,,,,earlier source endpoint; see definition (A-denominator common-gray ratios not primary),,,,,,,,,,,,,,,,,,,,,,,,,,,,,
data/precomputed/fig04/geometry_bootstrap.csv,,delta_A,-0.0058385830655192,-0.0046393536036719,-0.008917166526575,-0.0030584775879327,4MIDD_085_170,10.0,y_plus3,,,,,earlier source endpoint; see definition (A-denominator common-gray ratios not primary),,,,,,,,,,,,,,,,,,,,,,,,,,,,,
data/precomputed/fig04/geometry_bootstrap.csv,,delta_S,0.0006288483655402,-0.0007522482120611,-0.003937634071101,0.0059044163044133,4MIDD_085_170,10.0,y_plus3,,,,,earlier source endpoint; see definition (A-denominator common-gray ratios not primary),,,,,,,,,,,,,,,,,,,,,,,,,,,,,
data/precomputed/fig04/geometry_bootstrap.csv,,normalized_error_A,0.0383574155576936,0.0274430903661824,0.019092905473469,0.0599675923540581,4MIDD_085_170,10.0,y_plus3,,,,,earlier source endpoint; see definition (A-denominator common-gray ratios not primary),,,,,,,,,,,,,,,,,,,,,,,,,,,,,
data/precomputed/fig04/geometry_bootstrap.csv,,normalized_error_S,0.0252845988601635,0.0107042695339625,0.0094807689955365,0.0455155138151572,4MIDD_085_170,10.0,y_plus3,,,,,earlier source endpoint; see definition (A-denominator common-gray ratios not primary),,,,,,,,,,,,,,,,,,,,,,,,,,,,,
data/precomputed/fig04/geometry_bootstrap.csv,,D_robustness,-0.01307281669753,-0.0135830656698367,-0.0455758827710381,0.0215342267792436,4MIDD_085_170,10.0,y_plus3,,,,,earlier source endpoint; see definition (A-denominator common-gray ratios not primary),,,,,,,,,,,,,,,,,,,,,,,,,,,,,
data/precomputed/supplementary/figS6/sector_bootstrap.csv,,D,-0.0299950304239645,-0.0369735352450194,-0.0520106140979108,-0.0075010934008394,3MIDD_048,10.0,,0.0,,,,earlier source endpoint; see definition (A-denominator common-gray ratios not primary),,,,,,,,,,,,,,,,,,,,,,,,,,,,,
data/precomputed/supplementary/figS6/sector_bootstrap.csv,,range_abs_A_norm,0.2395477794913263,0.2138967664142228,0.1433899381262633,0.3469186692922106,3MIDD_048,10.0,,0.0,,,,earlier source endpoint; see definition (A-denominator common-gray ratios not primary),,,,,,,,,,,,,,,,,,,,,,,,,,,,,
data/precomputed/supplementary/figS6/sector_bootstrap.csv,,range_abs_S_norm,0.0860378400760323,0.0804113850728868,0.0564511151867566,0.118815959484603,3MIDD_048,10.0,,0.0,,,,earlier source endpoint; see definition (A-denominator common-gray ratios not primary),,,,,,,,,,,,,,,,,,,,,,,,,,,,,
data/precomputed/supplementary/figS6/sector_bootstrap.csv,,canonical_peak_ratio,1.0921365514796952,0.5226066096716808,0.4302178494049579,2.01556049994597,3MIDD_048,10.0,,0.0,,,,earlier source endpoint; see definition (A-denominator common-gray ratios not primary),,,,,,,,,,,,,,,,,,,,,,,,,,,,,
data/precomputed/supplementary/figS6/sector_bootstrap.csv,,spearman_count_absA,-0.7857142857142859,-0.8214285714285715,-0.8607142857142858,-0.7071428571428573,3MIDD_048,10.0,,0.0,,,,earlier source endpoint; see definition (A-denominator common-gray ratios not primary),,,,,,,,,,,,,,,,,,,,,,,,,,,,,
data/precomputed/supplementary/figS6/sector_bootstrap.csv,,D,-0.030686371474345,-0.0305372744800143,-0.0438619660107426,-0.0177813965114553,3MIDD_048,10.0,,0.5,,,,earlier source endpoint; see definition (A-denominator common-gray ratios not primary),,,,,,,,,,,,,,,,,,,,,,,,,,,,,
data/precomputed/supplementary/figS6/sector_bootstrap.csv,,range_abs_A_norm,0.2166071248439425,0.1859284954129004,0.1415151877920051,0.2999506166267126,3MIDD_048,10.0,,0.5,,,,earlier source endpoint; see definition (A-denominator common-gray ratios not primary),,,,,,,,,,,,,,,,,,,,,,,,,,,,,
data/precomputed/supplementary/figS6/sector_bootstrap.csv,,range_abs_S_norm,0.0951658817597328,0.0904873002392921,0.0687194355733082,0.1234766340836484,3MIDD_048,10.0,,0.5,,,,earlier source endpoint; see definition (A-denominator common-gray ratios not primary),,,,,,,,,,,,,,,,,,,,,,,,,,,,,
data/precomputed/supplementary/figS6/sector_bootstrap.csv,,canonical_peak_ratio,0.6967635246708472,0.7783995080631987,0.500284202528417,0.8872098792948573,3MIDD_048,10.0,,0.5,,,,earlier source endpoint; see definition (A-denominator common-gray ratios not primary),,,,,,,,,,,,,,,,,,,,,,,,,,,,,
data/precomputed/supplementary/figS6/sector_bootstrap.csv,,spearman_count_absA,-0.7285714285714288,-0.7857142857142858,-0.8750000000000002,-0.5428571428571429,3MIDD_048,10.0,,0.5,,,,earlier source endpoint; see definition (A-denominator common-gray ratios not primary),,,,,,,,,,,,,,,,,,,,,,,,,,,,,
data/precomputed/supplementary/figS6/sector_bootstrap.csv,,D,-0.0321007526319679,-0.0310663648389753,-0.0573373240670366,-0.0086449698433917,3MIDD_207,10.0,,0.0,,,,earlier source endpoint; see definition (A-denominator common-gray ratios not primary),,,,,,,,,,,,,,,,,,,,,,,,,,,,,
data/precomputed/supplementary/figS6/sector_bootstrap.csv,,range_abs_A_norm,0.2381416196698318,0.2477883275505988,0.1788719522880055,0.3020822147358687,3MIDD_207,10.0,,0.0,,,,earlier source endpoint; see definition (A-denominator common-gray ratios not primary),,,,,,,,,,,,,,,,,,,,,,,,,,,,,
data/precomputed/supplementary/figS6/sector_bootstrap.csv,,range_abs_S_norm,0.1038887757393028,0.1049593342377166,0.0788430131721759,0.12786214884878,3MIDD_207,10.0,,0.0,,,,earlier source endpoint; see definition (A-denominator common-gray ratios not primary),,,,,,,,,,,,,,,,,,,,,,,,,,,,,
data/precomputed/supplementary/figS6/sector_bootstrap.csv,,canonical_peak_ratio,0.8583165247903116,0.8697278663030803,0.6358990617377852,1.0527273412525608,3MIDD_207,10.0,,0.0,,,,earlier source endpoint; see definition (A-denominator common-gray ratios not primary),,,,,,,,,,,,,,,,,,,,,,,,,,,,,
data/precomputed/supplementary/figS6/sector_bootstrap.csv,,spearman_count_absA,-0.9000000000000001,-0.9285714285714288,-0.9464285714285716,-0.8464285714285718,3MIDD_207,10.0,,0.0,,,,earlier source endpoint; see definition (A-denominator common-gray ratios not primary),,,,,,,,,,,,,,,,,,,,,,,,,,,,,
data/precomputed/supplementary/figS6/sector_bootstrap.csv,,D,0.0206402909360438,0.0220743503583709,-0.0069963736397211,0.051351982225376,3MIDD_207,10.0,,0.5,,,,earlier source endpoint; see definition (A-denominator common-gray ratios not primary),,,,,,,,,,,,,,,,,,,,,,,,,,,,,
data/precomputed/supplementary/figS6/sector_bootstrap.csv,,range_abs_A_norm,0.2343231854255502,0.2265542162760706,0.1712899763323099,0.3011669522257632,3MIDD_207,10.0,,0.5,,,,earlier source endpoint; see definition (A-denominator common-gray ratios not primary),,,,,,,,,,,,,,,,,,,,,,,,,,,,,
data/precomputed/supplementary/figS6/sector_bootstrap.csv,,range_abs_S_norm,0.1114877002389489,0.105710421345309,0.0800540507717952,0.1440835233567008,3MIDD_207,10.0,,0.5,,,,earlier source endpoint; see definition (A-denominator common-gray ratios not primary),,,,,,,,,,,,,,,,,,,,,,,,,,,,,
data/precomputed/supplementary/figS6/sector_bootstrap.csv,,canonical_peak_ratio,1.4682925061191876,1.4481545441112893,1.2279220472332537,1.7004543938108343,3MIDD_207,10.0,,0.5,,,,earlier source endpoint; see definition (A-denominator common-gray ratios not primary),,,,,,,,,,,,,,,,,,,,,,,,,,,,,
data/precomputed/supplementary/figS6/sector_bootstrap.csv,,spearman_count_absA,-0.8107142857142859,-0.8928571428571429,-0.9178571428571428,-0.675,3MIDD_207,10.0,,0.5,,,,earlier source endpoint; see definition (A-denominator common-gray ratios not primary),,,,,,,,,,,,,,,,,,,,,,,,,,,,,
data/precomputed/supplementary/figS6/sector_bootstrap.csv,,D,-0.130919652388572,-0.1550344836964713,-0.1704698789623109,-0.087532896258363,4MIDD_085_170,10.0,,0.0,,,,earlier source endpoint; see definition (A-denominator common-gray ratios not primary),,,,,,,,,,,,,,,,,,,,,,,,,,,,,
data/precomputed/supplementary/figS6/sector_bootstrap.csv,,range_abs_A_norm,0.3578955871137718,0.4193062740603181,0.2452362757632142,0.4617606956182312,4MIDD_085_170,10.0,,0.0,,,,earlier source endpoint; see definition (A-denominator common-gray ratios not primary),,,,,,,,,,,,,,,,,,,,,,,,,,,,,
data/precomputed/supplementary/figS6/sector_bootstrap.csv,,range_abs_S_norm,0.1015371303866984,0.0848133621081794,0.071686741965032,0.139347987859338,4MIDD_085_170,10.0,,0.0,,,,earlier source endpoint; see definition (A-denominator common-gray ratios not primary),,,,,,,,,,,,,,,,,,,,,,,,,,,,,
data/precomputed/supplementary/figS6/sector_bootstrap.csv,,canonical_peak_ratio,2.224928894024694,0.9373900235771478,0.911663743525812,3.7820622194783553,4MIDD_085_170,10.0,,0.0,,,,earlier source endpoint; see definition (A-denominator common-gray ratios not primary),,,,,,,,,,,,,,,,,,,,,,,,,,,,,
data/precomputed/supplementary/figS6/sector_bootstrap.csv,,spearman_count_absA,-0.8214285714285715,-0.8928571428571429,-0.9214285714285716,-0.6714285714285715,4MIDD_085_170,10.0,,0.0,,,,earlier source endpoint; see definition (A-denominator common-gray ratios not primary),,,,,,,,,,,,,,,,,,,,,,,,,,,,,
data/precomputed/supplementary/figS6/sector_bootstrap.csv,,D,-0.1340680256121479,-0.1537331370015048,-0.1666075649033451,-0.0976949790254747,4MIDD_085_170,10.0,,0.5,,,,earlier source endpoint; see definition (A-denominator common-gray ratios not primary),,,,,,,,,,,,,,,,,,,,,,,,,,,,,
data/precomputed/supplementary/figS6/sector_bootstrap.csv,,range_abs_A_norm,0.3334796135851247,0.36231434523568,0.2361020316863271,0.4267541623258276,4MIDD_085_170,10.0,,0.5,,,,earlier source endpoint; see definition (A-denominator common-gray ratios not primary),,,,,,,,,,,,,,,,,,,,,,,,,,,,,
data/precomputed/supplementary/figS6/sector_bootstrap.csv,,range_abs_S_norm,0.1150868239333999,0.1065116187661551,0.0836110203733948,0.1476345633814418,4MIDD_085_170,10.0,,0.5,,,,earlier source endpoint; see definition (A-denominator common-gray ratios not primary),,,,,,,,,,,,,,,,,,,,,,,,,,,,,
data/precomputed/supplementary/figS6/sector_bootstrap.csv,,canonical_peak_ratio,1.2749934652590469,0.810397135367126,0.460942524672249,2.3220490999217054,4MIDD_085_170,10.0,,0.5,,,,earlier source endpoint; see definition (A-denominator common-gray ratios not primary),,,,,,,,,,,,,,,,,,,,,,,,,,,,,
data/precomputed/supplementary/figS6/sector_bootstrap.csv,,spearman_count_absA,-0.7464285714285717,-0.8571428571428573,-0.9000000000000004,-0.5035714285714288,4MIDD_085_170,10.0,,0.5,,,,earlier source endpoint; see definition (A-denominator common-gray ratios not primary),,,,,,,,,,,,,,,,,,,,,,,,,,,,,
data/precomputed/fig05/learning_bootstrap_summary.csv,,initial_abs_A,1.1037272960145446e-09,,7.443524326072123e-10,1.498881125536083e-09,3MIDD_048,,,,,,,earlier source endpoint; see definition (A-denominator common-gray ratios not primary),,,,,,,,,,,,,,,,,,,,,,,,,,,,,
data/precomputed/fig05/learning_bootstrap_summary.csv,,endpoint_abs_A,0.0100070753089442,,0.0067096152901476,0.0133697929187112,3MIDD_048,,,,,,,earlier source endpoint; see definition (A-denominator common-gray ratios not primary),,,,,,,,,,,,,,,,,,,,,,,,,,,,,
data/precomputed/fig05/learning_bootstrap_summary.csv,,initial_abs_A_norm,1.0879543547825995e-08,,7.361532732387779e-09,1.4787502763194973e-08,3MIDD_048,,,,,,,earlier source endpoint; see definition (A-denominator common-gray ratios not primary),,,,,,,,,,,,,,,,,,,,,,,,,,,,,
data/precomputed/fig05/learning_bootstrap_summary.csv,,endpoint_abs_A_norm,0.0331002124030822,,0.0220788474208085,0.0442918085076477,3MIDD_048,,,,,,,earlier source endpoint; see definition (A-denominator common-gray ratios not primary),,,,,,,,,,,,,,,,,,,,,,,,,,,,,
data/precomputed/fig05/learning_bootstrap_summary.csv,,delta_abs_A_norm,0.0331002015235386,,0.0224205433698823,0.0443332496820282,3MIDD_048,,,,,,,earlier source endpoint; see definition (A-denominator common-gray ratios not primary),,,,,,,,,,,,,,,,,,,,,,,,,,,,,
data/precomputed/fig05/learning_bootstrap_summary.csv,,initial_abs_A,1.543335886196563e-09,,1.152732412406546e-09,1.917073966529599e-09,3MIDD_207,,,,,,,earlier source endpoint; see definition (A-denominator common-gray ratios not primary),,,,,,,,,,,,,,,,,,,,,,,,,,,,,
data/precomputed/fig05/learning_bootstrap_summary.csv,,endpoint_abs_A,0.0180413887711831,,0.0094172454690286,0.0278592793408645,3MIDD_207,,,,,,,earlier source endpoint; see definition (A-denominator common-gray ratios not primary),,,,,,,,,,,,,,,,,,,,,,,,,,,,,
data/precomputed/fig05/learning_bootstrap_summary.csv,,initial_abs_A_norm,1.5229358772574108e-08,,1.1353822889232433e-08,1.8848256871130843e-08,3MIDD_207,,,,,,,earlier source endpoint; see definition (A-denominator common-gray ratios not primary),,,,,,,,,,,,,,,,,,,,,,,,,,,,,
data/precomputed/fig05/learning_bootstrap_summary.csv,,endpoint_abs_A_norm,0.0532272550369995,,0.0294899279628641,0.0800964715623995,3MIDD_207,,,,,,,earlier source endpoint; see definition (A-denominator common-gray ratios not primary),,,,,,,,,,,,,,,,,,,,,,,,,,,,,
data/precomputed/fig05/learning_bootstrap_summary.csv,,delta_abs_A_norm,0.0532272398076407,,0.0294535495222976,0.0795056933475096,3MIDD_207,,,,,,,earlier source endpoint; see definition (A-denominator common-gray ratios not primary),,,,,,,,,,,,,,,,,,,,,,,,,,,,,
data/precomputed/fig05/learning_bootstrap_summary.csv,,initial_abs_A,7.269223148010056e-10,,5.030993719059014e-10,9.45610783010447e-10,4MIDD_085_170,,,,,,,earlier source endpoint; see definition (A-denominator common-gray ratios not primary),,,,,,,,,,,,,,,,,,,,,,,,,,,,,
data/precomputed/fig05/learning_bootstrap_summary.csv,,endpoint_abs_A,0.0078690046553653,,0.0052479882040354,0.0105921146448673,4MIDD_085_170,,,,,,,earlier source endpoint; see definition (A-denominator common-gray ratios not primary),,,,,,,,,,,,,,,,,,,,,,,,,,,,,
data/precomputed/fig05/learning_bootstrap_summary.csv,,initial_abs_A_norm,7.17398623254666e-09,,4.911714468028623e-09,9.348686434315053e-09,4MIDD_085_170,,,,,,,earlier source endpoint; see definition (A-denominator common-gray ratios not primary),,,,,,,,,,,,,,,,,,,,,,,,,,,,,
data/precomputed/fig05/learning_bootstrap_summary.csv,,endpoint_abs_A_norm,0.030083201616628,,0.0182167508737339,0.0430075431777572,4MIDD_085_170,,,,,,,earlier source endpoint; see definition (A-denominator common-gray ratios not primary),,,,,,,,,,,,,,,,,,,,,,,,,,,,,
data/precomputed/fig05/learning_bootstrap_summary.csv,,delta_abs_A_norm,0.0300831944426417,,0.0183762874973594,0.0435715320524344,4MIDD_085_170,,,,,,,earlier source endpoint; see definition (A-denominator common-gray ratios not primary),,,,,,,,,,,,,,,,,,,,,,,,,,,,,
data/precomputed/fig06/replacement_bootstrap.csv,,MIDD_loss,-0.8199366358066854,0.8646191980636826,-3.4531224879692224,1.1037539868863575,,10.0,,,T4,,,earlier source endpoint; see definition (A-denominator common-gray ratios not primary),,,,,,,,,,,,,,,,,,,,,,,,,,,,,
data/precomputed/fig06/replacement_bootstrap.csv,,propeller_loss,0.5968235801931275,0.599280773405755,0.5208203564660084,0.6612083241297473,,10.0,,,T4,,,earlier source endpoint; see definition (A-denominator common-gray ratios not primary),,,,,,,,,,,,,,,,,,,,,,,,,,,,,
data/precomputed/fig06/replacement_bootstrap.csv,,edge_loss,0.45868691569841,0.5666524734260501,0.1004999933408838,0.7523963774745992,,10.0,,,T4,,,earlier source endpoint; see definition (A-denominator common-gray ratios not primary),,,,,,,,,,,,,,,,,,,,,,,,,,,,,
data/precomputed/fig06/replacement_bootstrap.csv,,propeller_magnitude_loss,0.2868901812247792,0.261828955043151,0.2168569653476028,0.3607649048029608,,10.0,,,T4,,,earlier source endpoint; see definition (A-denominator common-gray ratios not primary),,,,,,,,,,,,,,,,,,,,,,,,,,,,,
data/precomputed/fig06/replacement_bootstrap.csv,,D_primary,-1.416760215999813,0.203122684075244,-3.9873152117080175,0.4793011359026426,,10.0,,,T4,,,earlier source endpoint; see definition (A-denominator common-gray ratios not primary),,,,,,,,,,,,,,,,,,,,,,,,,,,,,
data/precomputed/fig06/replacement_bootstrap.csv,,D_edge,-1.2786235515050954,0.2916288837273223,-3.951123875978341,0.7354702201105271,,10.0,,,T4,,,earlier source endpoint; see definition (A-denominator common-gray ratios not primary),,,,,,,,,,,,,,,,,,,,,,,,,,,,,
data/precomputed/fig06/replacement_bootstrap.csv,,D_projected,0.2552638714209984,0.1795120364996533,-0.019904862634083,0.6385538915611666,,10.0,,,T4,,,earlier source endpoint; see definition (A-denominator common-gray ratios not primary),,,,,,,,,,,,,,,,,,,,,,,,,,,,,
data/precomputed/fig06/replacement_bootstrap.csv,,MIDD_absolute_loss,-1.0427699896737657,0.7424959081379193,-3.5827176559590397,0.7907624087657998,,10.0,,,T4,,,earlier source endpoint; see definition (A-denominator common-gray ratios not primary),,,,,,,,,,,,,,,,,,,,,,,,,,,,,
data/precomputed/fig06/replacement_bootstrap.csv,,MIDD_loss,-0.1471033348953415,1.0141495906275804,-2.7539527892922577,1.3273856779894728,,10.0,,,T4_T5,,,earlier source endpoint; see definition (A-denominator common-gray ratios not primary),,,,,,,,,,,,,,,,,,,,,,,,,,,,,
data/precomputed/fig06/replacement_bootstrap.csv,,propeller_loss,0.7099270811171501,0.6961934426684238,0.6497918180665054,0.776163445716524,,10.0,,,T4_T5,,,earlier source endpoint; see definition (A-denominator common-gray ratios not primary),,,,,,,,,,,,,,,,,,,,,,,,,,,,,
data/precomputed/fig06/replacement_bootstrap.csv,,edge_loss,0.8169670294063147,0.8545083928247994,0.5968857204660444,1.0356594954519318,,10.0,,,T4_T5,,,earlier source endpoint; see definition (A-denominator common-gray ratios not primary),,,,,,,,,,,,,,,,,,,,,,,,,,,,,
data/precomputed/fig06/replacement_bootstrap.csv,,propeller_magnitude_loss,0.4441661080046593,0.4605848114985096,0.342795092611577,0.5428367921249329,,10.0,,,T4_T5,,,earlier source endpoint; see definition (A-denominator common-gray ratios not primary),,,,,,,,,,,,,,,,,,,,,,,,,,,,,
data/precomputed/fig06/replacement_bootstrap.csv,,D_primary,-0.8570304160124917,0.1968986349196207,-3.450746453229766,0.6162609063314894,,10.0,,,T4_T5,,,earlier source endpoint; see definition (A-denominator common-gray ratios not primary),,,,,,,,,,,,,,,,,,,,,,,,,,,,,
data/precomputed/fig06/replacement_bootstrap.csv,,D_edge,-0.9640703643016564,0.134982216204836,-3.538832230856737,0.473122926762657,,10.0,,,T4_T5,,,earlier source endpoint; see definition (A-denominator common-gray ratios not primary),,,,,,,,,,,,,,,,,,,,,,,,,,,,,
data/precomputed/fig06/replacement_bootstrap.csv,,D_projected,0.0219735463975444,0.0685536849209016,-0.1462545463738998,0.1439730204202327,,10.0,,,T4_T5,,,earlier source endpoint; see definition (A-denominator common-gray ratios not primary),,,,,,,,,,,,,,,,,,,,,,,,,,,,,
data/precomputed/fig06/replacement_bootstrap.csv,,MIDD_absolute_loss,-0.5448581036491321,0.8167746990904377,-3.029925270429987,0.8143933022874147,,10.0,,,T4_T5,,,earlier source endpoint; see definition (A-denominator common-gray ratios not primary),,,,,,,,,,,,,,,,,,,,,,,,,,,,,
data/precomputed/fig06/replacement_bootstrap.csv,,MIDD_loss,0.4241068167079483,0.1741113994713556,0.0165318459588684,1.0499218478382597,,10.0,,,T4a,,,earlier source endpoint; see definition (A-denominator common-gray ratios not primary),,,,,,,,,,,,,,,,,,,,,,,,,,,,,
data/precomputed/fig06/replacement_bootstrap.csv,,propeller_loss,0.1817953111430395,0.1768286343160198,0.1565473412343898,0.207858943614363,,10.0,,,T4a,,,earlier source endpoint; see definition (A-denominator common-gray ratios not primary),,,,,,,,,,,,,,,,,,,,,,,,,,,,,
data/precomputed/fig06/replacement_bootstrap.csv,,edge_loss,0.4504301557855171,0.5181256348085983,0.230586718616844,0.6624034403770349,,10.0,,,T4a,,,earlier source endpoint; see definition (A-denominator common-gray ratios not primary),,,,,,,,,,,,,,,,,,,,,,,,,,,,,
data/precomputed/fig06/replacement_bootstrap.csv,,propeller_magnitude_loss,0.0517507917465866,0.030826802658747,0.011004932987118,0.0981526890686843,,10.0,,,T4a,,,earlier source endpoint; see definition (A-denominator common-gray ratios not primary),,,,,,,,,,,,,,,,,,,,,,,,,,,,,
data/precomputed/fig06/replacement_bootstrap.csv,,D_primary,0.2423115055649088,0.0061655179382518,-0.1789828262438061,0.8684495280156084,,10.0,,,T4a,,,earlier source endpoint; see definition (A-denominator common-gray ratios not primary),,,,,,,,,,,,,,,,,,,,,,,,,,,,,
data/precomputed/fig06/replacement_bootstrap.csv,,D_edge,-0.0263233390775688,-0.236827126087442,-0.5595193550150733,0.6854595040327398,,10.0,,,T4a,,,earlier source endpoint; see definition (A-denominator common-gray ratios not primary),,,,,,,,,,,,,,,,,,,,,,,,,,,,,
data/precomputed/fig06/replacement_bootstrap.csv,,D_projected,0.0989144330370747,-0.0058670726158902,-0.0366040776810051,0.2528941026452605,,10.0,,,T4a,,,earlier source endpoint; see definition (A-denominator common-gray ratios not primary),,,,,,,,,,,,,,,,,,,,,,,,,,,,,
data/precomputed/fig06/replacement_bootstrap.csv,,MIDD_absolute_loss,0.0259187561200688,0.0739187779606938,-0.2558133965291134,0.2745193976154504,,10.0,,,T4a,,,earlier source endpoint; see definition (A-denominator common-gray ratios not primary),,,,,,,,,,,,,,,,,,,,,,,,,,,,,
data/precomputed/fig06/replacement_bootstrap.csv,,MIDD_loss,0.2617337662913642,-0.0193759224247749,-0.7359940435342399,1.695205431659467,,10.0,,,T4b,,,earlier source endpoint; see definition (A-denominator common-gray ratios not primary),,,,,,,,,,,,,,,,,,,,,,,,,,,,,
data/precomputed/fig06/replacement_bootstrap.csv,,propeller_loss,0.1662242217024672,0.2024644629726197,0.1005157998783765,0.2234759882784755,,10.0,,,T4b,,,earlier source endpoint; see definition (A-denominator common-gray ratios not primary),,,,,,,,,,,,,,,,,,,,,,,,,,,,,
data/precomputed/fig06/replacement_bootstrap.csv,,edge_loss,0.1779691828093823,0.0137778487475255,-0.0200655020575834,0.3980386067288182,,10.0,,,T4b,,,earlier source endpoint; see definition (A-denominator common-gray ratios not primary),,,,,,,,,,,,,,,,,,,,,,,,,,,,,
data/precomputed/fig06/replacement_bootstrap.csv,,propeller_magnitude_loss,0.0443187642222964,0.0540254141539986,-0.0080475818065882,0.1017647986770305,,10.0,,,T4b,,,earlier source endpoint; see definition (A-denominator common-gray ratios not primary),,,,,,,,,,,,,,,,,,,,,,,,,,,,,
data/precomputed/fig06/replacement_bootstrap.csv,,D_primary,0.0955095445888969,-0.1699170937482161,-0.9086845827650756,1.5028565478418554,,10.0,,,T4b,,,earlier source endpoint; see definition (A-denominator common-gray ratios not primary),,,,,,,,,,,,,,,,,,,,,,,,,,,,,
data/precomputed/fig06/replacement_bootstrap.csv,,D_edge,0.0837645834819818,-0.0331537711723004,-0.8959446465330131,1.4350216135436134,,10.0,,,T4b,,,earlier source endpoint; see definition (A-denominator common-gray ratios not primary),,,,,,,,,,,,,,,,,,,,,,,,,,,,,
data/precomputed/fig06/replacement_bootstrap.csv,,D_projected,-0.0667718923183784,-0.0762396193087426,-0.154121357766242,0.0234702711628767,,10.0,,,T4b,,,earlier source endpoint; see definition (A-denominator common-gray ratios not primary),,,,,,,,,,,,,,,,,,,,,,,,,,,,,
data/precomputed/fig06/replacement_bootstrap.csv,,MIDD_absolute_loss,-0.7659224884899822,-0.0704369148376006,-1.6709575974437303,-0.0609317178995332,,10.0,,,T4b,,,earlier source endpoint; see definition (A-denominator common-gray ratios not primary),,,,,,,,,,,,,,,,,,,,,,,,,,,,,
data/precomputed/supplementary/figS3/duration_bootstrap.csv,,A,-0.0062828258163567,-0.0017204178450306,-0.0270715282056344,0.0099434686015949,3MIDD_048,3.0,,,,0.0,0.0,earlier source endpoint; see definition (A-denominator common-gray ratios not primary),,,,,,,,,,,,,,,,,,,,,,,,,,,,,
data/precomputed/supplementary/figS3/duration_bootstrap.csv,,S,0.0012773871329206,0.0003604977500099,-0.0042560231141178,0.0077276867628697,3MIDD_048,3.0,,,,0.0,0.0,earlier source endpoint; see definition (A-denominator common-gray ratios not primary),,,,,,,,,,,,,,,,,,,,,,,,,,,,,
data/precomputed/supplementary/figS3/duration_bootstrap.csv,,G,0.1994769573082424,0.1826661308076556,0.1110419240923883,0.3047228170246832,3MIDD_048,3.0,,,,0.0,0.0,earlier source endpoint; see definition (A-denominator common-gray ratios not primary),,,,,,,,,,,,,,,,,,,,,,,,,,,,,
data/precomputed/supplementary/figS3/duration_bootstrap.csv,,delta_A_from_canonical_late,6.319136035074409e-06,1.626235304093282e-07,-1.149707150663315e-09,1.8795934281964563e-05,3MIDD_048,3.0,,,,0.0,0.0,earlier source endpoint; see definition (A-denominator common-gray ratios not primary),,,,,,,,,,,,,,,,,,,,,,,,,,,,,
data/precomputed/supplementary/figS3/duration_bootstrap.csv,,delta_S_from_canonical_late,3.048608189036585e-05,1.0397618241224373e-08,-6.339082434404092e-08,9.151123887720035e-05,3MIDD_048,3.0,,,,0.0,0.0,earlier source endpoint; see definition (A-denominator common-gray ratios not primary),,,,,,,,,,,,,,,,,,,,,,,,,,,,,
data/precomputed/supplementary/figS3/duration_bootstrap.csv,,A,-0.0063209835527183,-0.0017204022285411,-0.0270712303825064,0.0098286819528924,3MIDD_048,3.0,,,,0.5,0.0,earlier source endpoint; see definition (A-denominator common-gray ratios not primary),,,,,,,,,,,,,,,,,,,,,,,,,,,,,
data/precomputed/supplementary/figS3/duration_bootstrap.csv,,S,0.0011985224828,0.0001241519589099,-0.0042560519980478,0.007727467487538,3MIDD_048,3.0,,,,0.5,0.0,earlier source endpoint; see definition (A-denominator common-gray ratios not primary),,,,,,,,,,,,,,,,,,,,,,,,,,,,,
data/precomputed/supplementary/figS3/duration_bootstrap.csv,,G,0.1994677809958387,0.1826661491839835,0.1110418814988076,0.3046953123047249,3MIDD_048,3.0,,,,0.5,0.0,earlier source endpoint; see definition (A-denominator common-gray ratios not primary),,,,,,,,,,,,,,,,,,,,,,,,,,,,,
data/precomputed/supplementary/figS3/duration_bootstrap.csv,,delta_A_from_canonical_late,-3.1838600326572486e-05,1.446678238661847e-08,-9.599071442054768e-05,4.604466584436086e-07,3MIDD_048,3.0,,,,0.5,0.0,earlier source endpoint; see definition (A-denominator common-gray ratios not primary),,,,,,,,,,,,,,,,,,,,,,,,,,,,,
data/precomputed/supplementary/figS3/duration_bootstrap.csv,,delta_S_from_canonical_late,-4.837856823018176e-05,-2.826661560347346e-07,-0.0001448345522228,-1.848631168543252e-08,3MIDD_048,3.0,,,,0.5,0.0,earlier source endpoint; see definition (A-denominator common-gray ratios not primary),,,,,,,,,,,,,,,,,,,,,,,,,,,,,
data/precomputed/supplementary/figS3/duration_bootstrap.csv,,A,-0.0062891449523917,-0.0017204166953234,-0.0270716908291648,0.0099246726673129,3MIDD_048,3.0,,,,1.0,0.0,earlier source endpoint; see definition (A-denominator common-gray ratios not primary),,,,,,,,,,,,,,,,,,,,,,,,,,,,,
data/precomputed/supplementary/figS3/duration_bootstrap.csv,,S,0.0012469010510302,0.0002689865111327,-0.0042560335117361,0.007727750153694,3MIDD_048,3.0,,,,1.0,0.0,earlier source endpoint; see definition (A-denominator common-gray ratios not primary),,,,,,,,,,,,,,,,,,,,,,,,,,,,,
data/precomputed/supplementary/figS3/duration_bootstrap.csv,,G,0.1994874256993035,0.1826661437250485,0.1110420123264472,0.3047541210464148,3MIDD_048,3.0,,,,1.0,0.0,earlier source endpoint; see definition (A-denominator common-gray ratios not primary),,,,,,,,,,,,,,,,,,,,,,,,,,,,,
data/precomputed/supplementary/figS3/duration_bootstrap.csv,,delta_A_from_canonical_late,0.0,0.0,0.0,0.0,3MIDD_048,3.0,,,,1.0,0.0,earlier source endpoint; see definition (A-denominator common-gray ratios not primary),,,,,,,,,,,,,,,,,,,,,,,,,,,,,
data/precomputed/supplementary/figS3/duration_bootstrap.csv,,delta_S_from_canonical_late,0.0,0.0,0.0,0.0,3MIDD_048,3.0,,,,1.0,0.0,earlier source endpoint; see definition (A-denominator common-gray ratios not primary),,,,,,,,,,,,,,,,,,,,,,,,,,,,,
data/precomputed/supplementary/figS3/duration_bootstrap.csv,,A,-0.0071569512356671,-0.0044466153829857,-0.0248757243903147,0.007851486066299,3MIDD_048,3.0,,,,1.0,1.0,earlier source endpoint; see definition (A-denominator common-gray ratios not primary),,,,,,,,,,,,,,,,,,,,,,,,,,,,,
data/precomputed/supplementary/figS3/duration_bootstrap.csv,,S,0.0014110787167852,-0.0023461604803198,-0.0040992210331011,0.0106786176637768,3MIDD_048,3.0,,,,1.0,1.0,earlier source endpoint; see definition (A-denominator common-gray ratios not primary),,,,,,,,,,,,,,,,,,,,,,,,,,,,,
data/precomputed/supplementary/figS3/duration_bootstrap.csv,,G,0.2140562682684667,0.2237144097414848,0.1193261022550856,0.2991282928088297,3MIDD_048,3.0,,,,1.0,1.0,earlier source endpoint; see definition (A-denominator common-gray ratios not primary),,,,,,,,,,,,,,,,,,,,,,,,,,,,,
data/precomputed/supplementary/figS3/duration_bootstrap.csv,,delta_A_from_canonical_late,-0.0008678062832753,-0.0020731866010138,-0.0027261986876622,0.0021959664388501,3MIDD_048,3.0,,,,1.0,1.0,earlier source endpoint; see definition (A-denominator common-gray ratios not primary),,,,,,,,,,,,,,,,,,,,,,,,,,,,,
data/precomputed/supplementary/figS3/duration_bootstrap.csv,,delta_S_from_canonical_late,0.000164177665755,0.0019098730314162,-0.0043682075442339,0.0029508675100827,3MIDD_048,3.0,,,,1.0,1.0,earlier source endpoint; see definition (A-denominator common-gray ratios not primary),,,,,,,,,,,,,,,,,,,,,,,,,,,,,
data/precomputed/supplementary/figS3/duration_bootstrap.csv,,A,-0.0084197474779026,-0.006845183394835,-0.0203528164595583,0.0019387574206853,3MIDD_048,3.0,,,,1.0,2.0,earlier source endpoint; see definition (A-denominator common-gray ratios not primary),,,,,,,,,,,,,,,,,,,,,,,,,,,,,
data/precomputed/supplementary/figS3/duration_bootstrap.csv,,S,0.003751299041277,0.0026710366907278,-0.0069973351129556,0.015580195546059,3MIDD_048,3.0,,,,1.0,2.0,earlier source endpoint; see definition (A-denominator common-gray ratios not primary),,,,,,,,,,,,,,,,,,,,,,,,,,,,,
data/precomputed/supplementary/figS3/duration_bootstrap.csv,,G,0.2647640264878924,0.299987384614192,0.1481077439810658,0.3461969508684194,3MIDD_048,3.0,,,,1.0,2.0,earlier source endpoint; see definition (A-denominator common-gray ratios not primary),,,,,,,,,,,,,,,,,,,,,,,,,,,,,
data/precomputed/supplementary/figS3/duration_bootstrap.csv,,delta_A_from_canonical_late,-0.0021306025255108,-0.0051247666995115,-0.0079859152466276,0.0067188743696065,3MIDD_048,3.0,,,,1.0,2.0,earlier source endpoint; see definition (A-denominator common-gray ratios not primary),,,,,,,,,,,,,,,,,,,,,,,,,,,,,
data/precomputed/supplementary/figS3/duration_bootstrap.csv,,delta_S_from_canonical_late,0.0025043979902468,0.0069270702024639,-0.0072663216240884,0.0078524453923649,3MIDD_048,3.0,,,,1.0,2.0,earlier source endpoint; see definition (A-denominator common-gray ratios not primary),,,,,,,,,,,,,,,,,,,,,,,,,,,,,
data/precomputed/supplementary/figS3/duration_bootstrap.csv,,A,-0.0063107261388725,-0.0017204051178612,-0.0270725952464421,0.0098608219476858,3MIDD_048,3.0,,,,2.0,0.0,earlier source endpoint; see definition (A-denominator common-gray ratios not primary),,,,,,,,,,,,,,,,,,,,,,,,,,,,,
data/precomputed/supplementary/figS3/duration_bootstrap.csv,,S,0.0012361932683425,0.00023622531736,-0.0042560187907227,0.0077283732783904,3MIDD_048,3.0,,,,2.0,0.0,earlier source endpoint; see definition (A-denominator common-gray ratios not primary),,,,,,,,,,,,,,,,,,,,,,,,,,,,,
data/precomputed/supplementary/figS3/duration_bootstrap.csv,,G,0.1994693273447897,0.1826661796492905,0.1110422899008733,0.3046995124842051,3MIDD_048,3.0,,,,2.0,0.0,earlier source endpoint; see definition (A-denominator common-gray ratios not primary),,,,,,,,,,,,,,,,,,,,,,,,,,,,,
data/precomputed/supplementary/figS3/duration_bootstrap.csv,,delta_A_from_canonical_late,-2.1581186480710403e-05,-9.0441727728513e-07,-6.385071962706525e-05,1.1577462219166182e-08,3MIDD_048,3.0,,,,2.0,0.0,earlier source endpoint; see definition (A-denominator common-gray ratios not primary),,,,,,,,,,,,,,,,,,,,,,,,,,,,,
data/precomputed/supplementary/figS3/duration_bootstrap.csv,,delta_S_from_canonical_late,-1.0707782687668972e-05,1.4721013359697556e-08,-3.2761193772722227e-05,6.231246963556147e-07,3MIDD_048,3.0,,,,2.0,0.0,earlier source endpoint; see definition (A-denominator common-gray ratios not primary),,,,,,,,,,,,,,,,,,,,,,,,,,,,,
data/precomputed/supplementary/figS3/duration_bootstrap.csv,,A,0.0103084739624015,0.0088192541474768,-0.0006434109411274,0.0227495786808552,3MIDD_207,3.0,,,,0.0,0.0,earlier source endpoint; see definition (A-denominator common-gray ratios not primary),,,,,,,,,,,,,,,,,,,,,,,,,,,,,
data/precomputed/supplementary/figS3/duration_bootstrap.csv,,S,0.0112328899504252,0.0015822920163207,-0.0028436498590615,0.0349600276940164,3MIDD_207,3.0,,,,0.0,0.0,earlier source endpoint; see definition (A-denominator common-gray ratios not primary),,,,,,,,,,,,,,,,,,,,,,,,,,,,,
data/precomputed/supplementary/figS3/duration_bootstrap.csv,,G,0.2089784754673288,0.1574379133460382,0.1285807763142676,0.3409167367416808,3MIDD_207,3.0,,,,0.0,0.0,earlier source endpoint; see definition (A-denominator common-gray ratios not primary),,,,,,,,,,,,,,,,,,,,,,,,,,,,,
data/precomputed/supplementary/figS3/duration_bootstrap.csv,,delta_A_from_canonical_late,-3.0440927200134484e-05,-3.764872477315939e-08,-9.127440544868907e-05,-1.072742694121446e-08,3MIDD_207,3.0,,,,0.0,0.0,earlier source endpoint; see definition (A-denominator common-gray ratios not primary),,,,,,,,,,,,,,,,,,,,,,,,,,,,,
data/precomputed/supplementary/figS3/duration_bootstrap.csv,,delta_S_from_canonical_late,-1.2896477500949605e-05,-7.53382639287481e-07,-3.794698851388844e-05,1.093865032711014e-08,3MIDD_207,3.0,,,,0.0,0.0,earlier source endpoint; see definition (A-denominator common-gray ratios not primary),,,,,,,,,,,,,,,,,,,,,,,,,,,,,
data/precomputed/supplementary/figS3/duration_bootstrap.csv,,A,0.0102881990999309,0.008758327742108,-0.0006434119740713,0.022749681531756,3MIDD_207,3.0,,,,0.5,0.0,earlier source endpoint; see definition (A-denominator common-gray ratios not primary),,,,,,,,,,,,,,,,,,,,,,,,,,,,,
data/precomputed/supplementary/figS3/duration_bootstrap.csv,,S,0.0112441928386447,0.0016158772591217,-0.0028436497696881,0.0349603510265006,3MIDD_207,3.0,,,,0.5,0.0,earlier source endpoint; see definition (A-denominator common-gray ratios not primary),,,,,,,,,,,,,,,,,,,,,,,,,,,,,
data/precomputed/supplementary/figS3/duration_bootstrap.csv,,G,0.2088882227582563,0.1574381346575474,0.1285807728262076,0.340645760791014,3MIDD_207,3.0,,,,0.5,0.0,earlier source endpoint; see definition (A-denominator common-gray ratios not primary),,,,,,,,,,,,,,,,,,,,,,,,,,,,,
data/precomputed/supplementary/figS3/duration_bootstrap.csv,,delta_A_from_canonical_late,-5.071578967077008e-05,-1.1760370848923169e-08,-0.0001522008108174,6.520217595701316e-08,3MIDD_207,3.0,,,,0.5,0.0,earlier source endpoint; see definition (A-denominator common-gray ratios not primary),,,,,,,,,,,,,,,,,,,,,,,,,,,,,
data/precomputed/supplementary/figS3/duration_bootstrap.csv,,delta_S_from_canonical_late,-1.5935892814001168e-06,-4.3005015509800515e-07,-4.3617457128383025e-06,1.1028023735957376e-08,3MIDD_207,3.0,,,,0.5,0.0,earlier source endpoint; see definition (A-denominator common-gray ratios not primary),,,,,,,,,,,,,,,,,,,,,,,,,,,,,
data/precomputed/supplementary/figS3/duration_bootstrap.csv,,A,0.0103389148896016,0.0089105285529254,-0.0006434002137005,0.02274961632958,3MIDD_207,3.0,,,,1.0,0.0,earlier source endpoint; see definition (A-denominator common-gray ratios not primary),,,,,,,,,,,,,,,,,,,,,,,,,,,,,
data/precomputed/supplementary/figS3/duration_bootstrap.csv,,S,0.0112457864279261,0.0016202390048346,-0.0028436607977118,0.0349607810766557,3MIDD_207,3.0,,,,1.0,0.0,earlier source endpoint; see definition (A-denominator common-gray ratios not primary),,,,,,,,,,,,,,,,,,,,,,,,,,,,,
data/precomputed/supplementary/figS3/duration_bootstrap.csv,,G,0.2088894288388712,0.1574384169102655,0.1285808264134066,0.3406490431929416,3MIDD_207,3.0,,,,1.0,0.0,earlier source endpoint; see definition (A-denominator common-gray ratios not primary),,,,,,,,,,,,,,,,,,,,,,,,,,,,,
data/precomputed/supplementary/figS3/duration_bootstrap.csv,,delta_A_from_canonical_late,0.0,0.0,0.0,0.0,3MIDD_207,3.0,,,,1.0,0.0,earlier source endpoint; see definition (A-denominator common-gray ratios not primary),,,,,,,,,,,,,,,,,,,,,,,,,,,,,
data/precomputed/supplementary/figS3/duration_bootstrap.csv,,delta_S_from_canonical_late,0.0,0.0,0.0,0.0,3MIDD_207,3.0,,,,1.0,0.0,earlier source endpoint; see definition (A-denominator common-gray ratios not primary),,,,,,,,,,,,,,,,,,,,,,,,,,,,,
data/precomputed/supplementary/figS3/duration_bootstrap.csv,,A,0.0091691737078728,0.0046818460404675,-0.0012643152533197,0.0240899903364707,3MIDD_207,3.0,,,,1.0,1.0,earlier source endpoint; see definition (A-denominator common-gray ratios not primary),,,,,,,,,,,,,,,,,,,,,,,,,,,,,
data/precomputed/supplementary/figS3/duration_bootstrap.csv,,S,0.0103852290746547,-0.0012627424439437,-0.0022740814463022,0.0346925111142101,3MIDD_207,3.0,,,,1.0,1.0,earlier source endpoint; see definition (A-denominator common-gray ratios not primary),,,,,,,,,,,,,,,,,,,,,,,,,,,,,
data/precomputed/supplementary/figS3/duration_bootstrap.csv,,G,0.222067051090097,0.1702231751081417,0.1563101319084081,0.3396678462537412,3MIDD_207,3.0,,,,1.0,1.0,earlier source endpoint; see definition (A-denominator common-gray ratios not primary),,,,,,,,,,,,,,,,,,,,,,,,,,,,,
data/precomputed/supplementary/figS3/duration_bootstrap.csv,,delta_A_from_canonical_late,-0.0011697411817288,-0.0006209150396192,-0.0042286825124579,0.0013403740068907,3MIDD_207,3.0,,,,1.0,1.0,earlier source endpoint; see definition (A-denominator common-gray ratios not primary),,,,,,,,,,,,,,,,,,,,,,,,,,,,,
data/precomputed/supplementary/figS3/duration_bootstrap.csv,,delta_S_from_canonical_late,-0.0008605573532714,-0.0002682699624455,-0.0028829814487783,0.0005695793514095,3MIDD_207,3.0,,,,1.0,1.0,earlier source endpoint; see definition (A-denominator common-gray ratios not primary),,,,,,,,,,,,,,,,,,,,,,,,,,,,,
data/precomputed/supplementary/figS3/duration_bootstrap.csv,,A,0.0069090148599602,0.002564259107511,-0.0034318513421638,0.0215946368145336,3MIDD_207,3.0,,,,1.0,2.0,earlier source endpoint; see definition (A-denominator common-gray ratios not primary),,,,,,,,,,,,,,,,,,,,,,,,,,,,,
data/precomputed/supplementary/figS3/duration_bootstrap.csv,,S,0.0101762156367354,0.003761272959282,-0.0080178782091202,0.0347852521600446,3MIDD_207,3.0,,,,1.0,2.0,earlier source endpoint; see definition (A-denominator common-gray ratios not primary),,,,,,,,,,,,,,,,,,,,,,,,,,,,,
data/precomputed/supplementary/figS3/duration_bootstrap.csv,,G,0.2701665452376728,0.2460421263475317,0.204368491981369,0.3600890173841178,3MIDD_207,3.0,,,,1.0,2.0,earlier source endpoint; see definition (A-denominator common-gray ratios not primary),,,,,,,,,,,,,,,,,,,,,,,,,,,,,
data/precomputed/supplementary/figS3/duration_bootstrap.csv,,delta_A_from_canonical_late,-0.0034299000296413,-0.0027884511284632,-0.0063462694454144,-0.0011549795150464,3MIDD_207,3.0,,,,1.0,2.0,earlier source endpoint; see definition (A-denominator common-gray ratios not primary),,,,,,,,,,,,,,,,,,,,,,,,,,,,,
data/precomputed/supplementary/figS3/duration_bootstrap.csv,,delta_S_from_canonical_late,-0.0010695707911906,-0.000175528916611,-0.0096381172139548,0.0066049337569938,3MIDD_207,3.0,,,,1.0,2.0,earlier source endpoint; see definition (A-denominator common-gray ratios not primary),,,,,,,,,,,,,,,,,,,,,,,,,,,,,
data/precomputed/supplementary/figS3/duration_bootstrap.csv,,A,0.0103551497098233,0.0089592526441148,-0.0006433576130905,0.0227495540984456,3MIDD_207,3.0,,,,2.0,0.0,earlier source endpoint; see definition (A-denominator common-gray ratios not primary),,,,,,,,,,,,,,,,,,,,,,,,,,,,,
data/precomputed/supplementary/figS3/duration_bootstrap.csv,,S,0.0112369654135359,0.0015932917747479,-0.0028437208801423,0.0349613253460023,3MIDD_207,3.0,,,,2.0,0.0,earlier source endpoint; see definition (A-denominator common-gray ratios not primary),,,,,,,,,,,,,,,,,,,,,,,,,,,,,
data/precomputed/supplementary/figS3/duration_bootstrap.csv,,G,0.2089160576872154,0.1574385686322955,0.1285807347828707,0.3407288696464801,3MIDD_207,3.0,,,,2.0,0.0,earlier source endpoint; see definition (A-denominator common-gray ratios not primary),,,,,,,,,,,,,,,,,,,,,,,,,,,,,
data/precomputed/supplementary/figS3/duration_bootstrap.csv,,delta_A_from_canonical_late,1.62348202216325e-05,4.26006099620577e-08,-6.223113445391616e-08,4.872409118938936e-05,3MIDD_207,3.0,,,,2.0,0.0,earlier source endpoint; see definition (A-denominator common-gray ratios not primary),,,,,,,,,,,,,,,,,,,,,,,,,,,,,
data/precomputed/supplementary/figS3/duration_bootstrap.csv,,delta_S_from_canonical_late,-8.821014390180456e-06,-6.008243046747713e-08,-2.694723008665181e-05,5.442693465779191e-07,3MIDD_207,3.0,,,,2.0,0.0,earlier source endpoint; see definition (A-denominator common-gray ratios not primary),,,,,,,,,,,,,,,,,,,,,,,,,,,,,
data/precomputed/supplementary/figS3/duration_bootstrap.csv,,A,0.0033839184513671,0.0041730489073007,0.0004295961749244,0.0055491102718763,4MIDD_085_170,3.0,,,,0.0,0.0,earlier source endpoint; see definition (A-denominator common-gray ratios not primary),,,,,,,,,,,,,,,,,,,,,,,,,,,,,
data/precomputed/supplementary/figS3/duration_bootstrap.csv,,S,0.0050017032663608,0.0002784897656313,-0.0005734469615101,0.0153000669949614,4MIDD_085_170,3.0,,,,0.0,0.0,earlier source endpoint; see definition (A-denominator common-gray ratios not primary),,,,,,,,,,,,,,,,,,,,,,,,,,,,,
data/precomputed/supplementary/figS3/duration_bootstrap.csv,,G,0.1933716566960137,0.1340031421070681,0.1291866030089373,0.3169252249720357,4MIDD_085_170,3.0,,,,0.0,0.0,earlier source endpoint; see definition (A-denominator common-gray ratios not primary),,,,,,,,,,,,,,,,,,,,,,,,,,,,,
data/precomputed/supplementary/figS3/duration_bootstrap.csv,,delta_A_from_canonical_late,3.1171640431735974e-05,1.0541166709475414e-08,-1.934585140545702e-06,9.543896526904416e-05,4MIDD_085_170,3.0,,,,0.0,0.0,earlier source endpoint; see definition (A-denominator common-gray ratios not primary),,,,,,,,,,,,,,,,,,,,,,,,,,,,,
data/precomputed/supplementary/figS3/duration_bootstrap.csv,,delta_S_from_canonical_late,-2.845394627012189e-05,-2.0261371598568473e-06,-8.334807265484765e-05,1.2371004338822008e-08,4MIDD_085_170,3.0,,,,0.0,0.0,earlier source endpoint; see definition (A-denominator common-gray ratios not primary),,,,,,,,,,,,,,,,,,,,,,,,,,,,,
data/precomputed/supplementary/figS3/duration_bootstrap.csv,,A,0.0033530771339261,0.0041730505030071,0.0003348392113033,0.0055513416874679,4MIDD_085_170,3.0,,,,0.5,0.0,earlier source endpoint; see definition (A-denominator common-gray ratios not primary),,,,,,,,,,,,,,,,,,,,,,,,,,,,,
data/precomputed/supplementary/figS3/duration_bootstrap.csv,,S,0.0050419838041385,0.0002784944757813,-0.0004549262097606,0.0153023831463949,4MIDD_085_170,3.0,,,,0.5,0.0,earlier source endpoint; see definition (A-denominator common-gray ratios not primary),,,,,,,,,,,,,,,,,,,,,,,,,,,,,
data/precomputed/supplementary/figS3/duration_bootstrap.csv,,G,0.1933411340813531,0.1340031346993775,0.1291869183108031,0.3168333492338785,4MIDD_085_170,3.0,,,,0.5,0.0,earlier source endpoint; see definition (A-denominator common-gray ratios not primary),,,,,,,,,,,,,,,,,,,,,,,,,,,,,
data/precomputed/supplementary/figS3/duration_bootstrap.csv,,delta_A_from_canonical_late,3.303229907075764e-07,2.968304510719486e-07,1.213687312890538e-08,6.820016479218752e-07,4MIDD_085_170,3.0,,,,0.5,0.0,earlier source endpoint; see definition (A-denominator common-gray ratios not primary),,,,,,,,,,,,,,,,,,,,,,,,,,,,,
data/precomputed/supplementary/figS3/duration_bootstrap.csv,,delta_S_from_canonical_late,1.1826591507610137e-05,2.900142736794731e-07,1.7081154409361122e-08,3.5172679094741576e-05,4MIDD_085_170,3.0,,,,0.5,0.0,earlier source endpoint; see definition (A-denominator common-gray ratios not primary),,,,,,,,,,,,,,,,,,,,,,,,,,,,,
data/precomputed/supplementary/figS3/duration_bootstrap.csv,,A,0.0033527468109354,0.004173038366134,0.0003341572096554,0.0055510448570169,4MIDD_085_170,3.0,,,,1.0,0.0,earlier source endpoint; see definition (A-denominator common-gray ratios not primary),,,,,,,,,,,,,,,,,,,,,,,,,,,,,
data/precomputed/supplementary/figS3/duration_bootstrap.csv,,S,0.0050301572126309,0.0002784773946269,-0.0004900988888553,0.0153020931321212,4MIDD_085_170,3.0,,,,1.0,0.0,earlier source endpoint; see definition (A-denominator common-gray ratios not primary),,,,,,,,,,,,,,,,,,,,,,,,,,,,,
data/precomputed/supplementary/figS3/duration_bootstrap.csv,,G,0.1933699555142449,0.1340030938758488,0.1291868654133128,0.3169199072535731,4MIDD_085_170,3.0,,,,1.0,0.0,earlier source endpoint; see definition (A-denominator common-gray ratios not primary),,,,,,,,,,,,,,,,,,,,,,,,,,,,,
data/precomputed/supplementary/figS3/duration_bootstrap.csv,,delta_A_from_canonical_late,0.0,0.0,0.0,0.0,4MIDD_085_170,3.0,,,,1.0,0.0,earlier source endpoint; see definition (A-denominator common-gray ratios not primary),,,,,,,,,,,,,,,,,,,,,,,,,,,,,
data/precomputed/supplementary/figS3/duration_bootstrap.csv,,delta_S_from_canonical_late,0.0,0.0,0.0,0.0,4MIDD_085_170,3.0,,,,1.0,0.0,earlier source endpoint; see definition (A-denominator common-gray ratios not primary),,,,,,,,,,,,,,,,,,,,,,,,,,,,,
data/precomputed/supplementary/figS3/duration_bootstrap.csv,,A,0.0014960856959968,0.0023103336909147,-0.0009176573704308,0.0030955807675067,4MIDD_085_170,3.0,,,,1.0,1.0,earlier source endpoint; see definition (A-denominator common-gray ratios not primary),,,,,,,,,,,,,,,,,,,,,,,,,,,,,
data/precomputed/supplementary/figS3/duration_bootstrap.csv,,S,0.0053667223423085,6.099466946018067e-05,-0.0019076701150832,0.0179468424725488,4MIDD_085_170,3.0,,,,1.0,1.0,earlier source endpoint; see definition (A-denominator common-gray ratios not primary),,,,,,,,,,,,,,,,,,,,,,,,,,,,,
data/precomputed/supplementary/figS3/duration_bootstrap.csv,,G,0.2088951436588289,0.1680089425537247,0.1389537025152951,0.3197227859074668,4MIDD_085_170,3.0,,,,1.0,1.0,earlier source endpoint; see definition (A-denominator common-gray ratios not primary),,,,,,,,,,,,,,,,,,,,,,,,,,,,,
data/precomputed/supplementary/figS3/duration_bootstrap.csv,,delta_A_from_canonical_late,-0.0018566611149385,-0.0018627046752192,-0.0024554640895102,-0.0012518145800863,4MIDD_085_170,3.0,,,,1.0,1.0,earlier source endpoint; see definition (A-denominator common-gray ratios not primary),,,,,,,,,,,,,,,,,,,,,,,,,,,,,
data/precomputed/supplementary/figS3/duration_bootstrap.csv,,delta_S_from_canonical_late,0.0003365651296775,-0.0002174827251668,-0.0014175712262279,0.0026447493404275,4MIDD_085_170,3.0,,,,1.0,1.0,earlier source endpoint; see definition (A-denominator common-gray ratios not primary),,,,,,,,,,,,,,,,,,,,,,,,,,,,,
data/precomputed/supplementary/figS3/duration_bootstrap.csv,,A,0.0002122390362074,8.768709671430411e-06,-0.0028212547066388,0.0034492031055898,4MIDD_085_170,3.0,,,,1.0,2.0,earlier source endpoint; see definition (A-denominator common-gray ratios not primary),,,,,,,,,,,,,,,,,,,,,,,,,,,,,
data/precomputed/supplementary/figS3/duration_bootstrap.csv,,S,0.0062878796922703,0.0015844080854479,-0.0044482309502828,0.021727461941646,4MIDD_085_170,3.0,,,,1.0,2.0,earlier source endpoint; see definition (A-denominator common-gray ratios not primary),,,,,,,,,,,,,,,,,,,,,,,,,,,,,
data/precomputed/supplementary/figS3/duration_bootstrap.csv,,G,0.2541221438822259,0.2627234399328606,0.1720623344181387,0.3275806572956785,4MIDD_085_170,3.0,,,,1.0,2.0,earlier source endpoint; see definition (A-denominator common-gray ratios not primary),,,,,,,,,,,,,,,,,,,,,,,,,,,,,
data/precomputed/supplementary/figS3/duration_bootstrap.csv,,delta_A_from_canonical_late,-0.0031405077747279,-0.0031554119162942,-0.0055422761473454,-0.0007238352605441,4MIDD_085_170,3.0,,,,1.0,2.0,earlier source endpoint; see definition (A-denominator common-gray ratios not primary),,,,,,,,,,,,,,,,,,,,,,,,,,,,,
data/precomputed/supplementary/figS3/duration_bootstrap.csv,,delta_S_from_canonical_late,0.0012577224796394,0.0013059306908209,-0.0039581320614275,0.0064253688095247,4MIDD_085_170,3.0,,,,1.0,2.0,earlier source endpoint; see definition (A-denominator common-gray ratios not primary),,,,,,,,,,,,,,,,,,,,,,,,,,,,,
data/precomputed/supplementary/figS3/duration_bootstrap.csv,,A,0.0033836242551273,0.0041730410318135,0.0004297899966397,0.0055480417369287,4MIDD_085_170,3.0,,,,2.0,0.0,earlier source endpoint; see definition (A-denominator common-gray ratios not primary),,,,,,,,,,,,,,,,,,,,,,,,,,,,,
data/precomputed/supplementary/figS3/duration_bootstrap.csv,,S,0.0050235399210711,0.000278462644983,-0.0005068773703705,0.0152990344886008,4MIDD_085_170,3.0,,,,2.0,0.0,earlier source endpoint; see definition (A-denominator common-gray ratios not primary),,,,,,,,,,,,,,,,,,,,,,,,,,,,,
data/precomputed/supplementary/figS3/duration_bootstrap.csv,,G,0.1933612865091864,0.1340030647607977,0.1291862939749148,0.3168945007918468,4MIDD_085_170,3.0,,,,2.0,0.0,earlier source endpoint; see definition (A-denominator common-gray ratios not primary),,,,,,,,,,,,,,,,,,,,,,,,,,,,,
data/precomputed/supplementary/figS3/duration_bootstrap.csv,,delta_A_from_canonical_late,3.087744419190639e-05,2.665679548624622e-09,-3.003120088191681e-06,9.563278698436223e-05,4MIDD_085_170,3.0,,,,2.0,0.0,earlier source endpoint; see definition (A-denominator common-gray ratios not primary),,,,,,,,,,,,,,,,,,,,,,,,,,,,,
data/precomputed/supplementary/figS3/duration_bootstrap.csv,,delta_S_from_canonical_late,-6.617291559872069e-06,-3.05864352048886e-06,-1.6778481515155068e-05,-1.474964397228098e-08,4MIDD_085_170,3.0,,,,2.0,0.0,earlier source endpoint; see definition (A-denominator common-gray ratios not primary),,,,,,,,,,,,,,,,,,,,,,,,,,,,,
data/precomputed/fig03/comparator_summary.csv,,cv_r2,0.902378195428917,,0.8592113872040487,0.939554856156844,,,,,,,,current endpoint,P0,,,,,,,,,,,,,,,,,,,,,,,,,,,,
data/precomputed/fig03/comparator_summary.csv,,cv_rmse,0.0069466935988134,,0.0053055991325122,0.0086021884855948,,,,,,,,current endpoint,P0,,,,,,,,,,,,,,,,,,,,,,,,,,,,
data/precomputed/fig03/comparator_summary.csv,,normalized_rmse,0.1005594761748319,,0.0769430051147025,0.1254911772351522,,,,,,,,current endpoint,P0,,,,,,,,,,,,,,,,,,,,,,,,,,,,
data/precomputed/fig03/comparator_summary.csv,,sign_accuracy,0.9494444444444444,,0.9194444444444444,0.9794444444444445,,,,,,,,current endpoint,P0,,,,,,,,,,,,,,,,,,,,,,,,,,,,
data/precomputed/fig03/comparator_summary.csv,,cv_r2,0.5397748735292262,,0.2189484590873331,0.8033370668863513,,,,,,,,current endpoint,P1,,,,,,,,,,,,,,,,,,,,,,,,,,,,
data/precomputed/fig03/comparator_summary.csv,,cv_rmse,0.0125882863102396,,0.0094971963689226,0.015977792298941,,,,,,,,current endpoint,P1,,,,,,,,,,,,,,,,,,,,,,,,,,,,
data/precomputed/fig03/comparator_summary.csv,,normalized_rmse,0.220788377062435,,0.1221059703134909,0.3424500480672975,,,,,,,,current endpoint,P1,,,,,,,,,,,,,,,,,,,,,,,,,,,,
data/precomputed/fig03/comparator_summary.csv,,sign_accuracy,0.8433730158730158,,0.7174950396825397,0.9338888888888888,,,,,,,,current endpoint,P1,,,,,,,,,,,,,,,,,,,,,,,,,,,,
data/precomputed/fig03/comparator_summary.csv,,cv_r2,0.3430028117720956,,0.1704347927873709,0.4902257736092094,,,,,,,,current endpoint,P2,,,,,,,,,,,,,,,,,,,,,,,,,,,,
data/precomputed/fig03/comparator_summary.csv,,cv_rmse,0.0178318907125539,,0.0141184018175796,0.0214709903313017,,,,,,,,current endpoint,P2,,,,,,,,,,,,,,,,,,,,,,,,,,,,
data/precomputed/fig03/comparator_summary.csv,,normalized_rmse,0.2658977017687349,,0.1993817050536484,0.350042212949961,,,,,,,,current endpoint,P2,,,,,,,,,,,,,,,,,,,,,,,,,,,,
data/precomputed/fig03/comparator_summary.csv,,sign_accuracy,0.8373405736563632,,0.7494047270955165,0.9055409356725146,,,,,,,,current endpoint,P2,,,,,,,,,,,,,,,,,,,,,,,,,,,,
data/precomputed/fig03/comparator_summary.csv,,cv_r2,0.177182228987223,,-0.0721928367672756,0.3952700203993345,,,,,,,,current endpoint,P3,,,,,,,,,,,,,,,,,,,,,,,,,,,,
data/precomputed/fig03/comparator_summary.csv,,cv_rmse,0.0209228152051061,,0.0167693111041466,0.0253956490779601,,,,,,,,current endpoint,P3,,,,,,,,,,,,,,,,,,,,,,,,,,,,
data/precomputed/fig03/comparator_summary.csv,,normalized_rmse,0.3155164654975025,,0.2356668596708426,0.4152195724381839,,,,,,,,current endpoint,P3,,,,,,,,,,,,,,,,,,,,,,,,,,,,
data/precomputed/fig03/comparator_summary.csv,,sign_accuracy,0.7884419381787803,,0.6384920634920636,0.898362573099415,,,,,,,,current endpoint,P3,,,,,,,,,,,,,,,,,,,,,,,,,,,,
data/precomputed/fig03/comparator_contrasts.csv,,,0.3626033218996908,,0.1000488729903803,0.6890863243130861,,,,,,,,current endpoint,,P1,0.3626033218996908,0.00390625,0.005859375,,,,,,,,,,,,,,,,,,,,,,,,
data/precomputed/fig03/comparator_contrasts.csv,,,0.5593753836568213,,0.4087994461820322,0.7413130163493534,,,,,,,,current endpoint,,P2,0.5593753836568213,0.001953125,0.005859375,,,,,,,,,,,,,,,,,,,,,,,,
data/precomputed/fig03/comparator_contrasts.csv,,,0.7251959664416938,,0.5132555396202892,0.9787156273516462,,,,,,,,current endpoint,,P3,0.7251959664416938,0.001953125,0.005859375,,,,,,,,,,,,,,,,,,,,,,,,
data/precomputed/fig06/robust_intervention_summary.csv,,normalized_change,0.0544870411156228,0.0490304198133828,0.0136109519507349,0.1000057484148231,,,,,T4,,,current endpoint,,,,,,MIDD,,,,,,,,,,,,,,,,,,,,,,,
data/precomputed/fig06/robust_intervention_summary.csv,,baseline_aligned_attenuation,0.0518744027195873,0.0490304198133828,0.0109335118894427,0.0983550885853266,,,,,T4,,,current endpoint,,,,,,MIDD,,,,,,,,,,,,,,,,,,,,,,,
data/precomputed/fig06/robust_intervention_summary.csv,,raw_delta,0.0070521940677927,0.0073215929154995,0.0013663364664465,0.0123635072439647,,,,,T4,,,current endpoint,,,,,,MIDD,,,,,,,,,,,,,,,,,,,,,,,
data/precomputed/fig06/robust_intervention_summary.csv,,projected_MIDD_gain,0.1479125483858719,0.2193355246394385,-0.177907502420912,0.4057462712449649,,,,,T4,,,current endpoint,,,,,,MIDD,,,,,,,,,,,,,,,,,,,,,,,
data/precomputed/fig06/robust_intervention_summary.csv,,RMS_normalized_difference,1.073005946375685,0.8420989653147348,0.800361520135928,1.536004035207372,,,,,T4,,,current endpoint,,,,,,MIDD,,,,,,,,,,,,,,,,,,,,,,,
data/precomputed/fig06/robust_intervention_summary.csv,,normalized_change,-0.3449555797700128,-0.4501224055117663,-0.5725624893539107,-0.065388686958848,,,,,T4,,,current endpoint,,,,,,edge,,,,,,,,,,,,,,,,,,,,,,,
data/precomputed/fig06/robust_intervention_summary.csv,,baseline_aligned_attenuation,0.3449555797700128,0.4501224055117663,0.0645270292213817,0.5744397865521734,,,,,T4,,,current endpoint,,,,,,edge,,,,,,,,,,,,,,,,,,,,,,,
data/precomputed/fig06/robust_intervention_summary.csv,,raw_delta,-0.4386237777769565,-0.4884315580129623,-0.7025637362152338,-0.1573485567234457,,,,,T4,,,current endpoint,,,,,,edge,,,,,,,,,,,,,,,,,,,,,,,
data/precomputed/fig06/robust_intervention_summary.csv,,projected_MIDD_gain,0.1479125483858719,0.2193355246394385,-0.1831833772206865,0.4000319308916425,,,,,T4,,,current endpoint,,,,,,edge,,,,,,,,,,,,,,,,,,,,,,,
data/precomputed/fig06/robust_intervention_summary.csv,,RMS_normalized_difference,1.073005946375685,0.8420989653147348,0.8010346951561877,1.5323241537845418,,,,,T4,,,current endpoint,,,,,,edge,,,,,,,,,,,,,,,,,,,,,,,
data/precomputed/fig06/robust_intervention_summary.csv,,normalized_change,-0.5613526086622956,-0.5654658342981751,-0.6206469460591127,-0.4887908847329585,,,,,T4,,,current endpoint,,,,,,propeller,,,,,,,,,,,,,,,,,,,,,,,
data/precomputed/fig06/robust_intervention_summary.csv,,baseline_aligned_attenuation,0.5613526086622956,0.5654658342981751,0.4898921015909259,0.6212696455597546,,,,,T4,,,current endpoint,,,,,,propeller,,,,,,,,,,,,,,,,,,,,,,,
data/precomputed/fig06/robust_intervention_summary.csv,,raw_delta,-6.39081698688136,-6.328147438355543,-7.348119417476235,-5.379763046139933,,,,,T4,,,current endpoint,,,,,,propeller,,,,,,,,,,,,,,,,,,,,,,,
data/precomputed/fig06/robust_intervention_summary.csv,,projected_MIDD_gain,0.1479125483858719,0.2193355246394385,-0.1892368594680435,0.4001295224545028,,,,,T4,,,current endpoint,,,,,,propeller,,,,,,,,,,,,,,,,,,,,,,,
data/precomputed/fig06/robust_intervention_summary.csv,,RMS_normalized_difference,1.073005946375685,0.8420989653147348,0.8005871392880459,1.5396130352775894,,,,,T4,,,current endpoint,,,,,,propeller,,,,,,,,,,,,,,,,,,,,,,,
data/precomputed/fig06/robust_intervention_summary.csv,,normalized_change,0.0669606182137984,0.0559701477373167,0.0305162464705127,0.1104022797731825,,,,,T4_T5,,,current endpoint,,,,,,MIDD,,,,,,,,,,,,,,,,,,,,,,,
data/precomputed/fig06/robust_intervention_summary.csv,,baseline_aligned_attenuation,0.0641122717601372,0.0559701477373167,0.0266159809090444,0.1078391794388157,,,,,T4_T5,,,current endpoint,,,,,,MIDD,,,,,,,,,,,,,,,,,,,,,,,
data/precomputed/fig06/robust_intervention_summary.csv,,raw_delta,0.0090578962523791,0.0089493062640115,0.0048149585572474,0.0139358725158463,,,,,T4_T5,,,current endpoint,,,,,,MIDD,,,,,,,,,,,,,,,,,,,,,,,
data/precomputed/fig06/robust_intervention_summary.csv,,projected_MIDD_gain,0.2680993724853054,0.1950246039822329,0.1429341200477773,0.4617401727005942,,,,,T4_T5,,,current endpoint,,,,,,MIDD,,,,,,,,,,,,,,,,,,,,,,,
data/precomputed/fig06/robust_intervention_summary.csv,,RMS_normalized_difference,0.905200874043557,0.8567299458652589,0.8091034348015291,1.0306927449763783,,,,,T4_T5,,,current endpoint,,,,,,MIDD,,,,,,,,,,,,,,,,,,,,,,,
data/precomputed/fig06/robust_intervention_summary.csv,,normalized_change,-0.6341183937587748,-0.6589140860358547,-0.8186324592023432,-0.4585888238575321,,,,,T4_T5,,,current endpoint,,,,,,edge,,,,,,,,,,,,,,,,,,,,,,,
data/precomputed/fig06/robust_intervention_summary.csv,,baseline_aligned_attenuation,0.6341183937587748,0.6589140860358547,0.4589350440828731,0.8196937715669277,,,,,T4_T5,,,current endpoint,,,,,,edge,,,,,,,,,,,,,,,,,,,,,,,
data/precomputed/fig06/robust_intervention_summary.csv,,raw_delta,-0.7201778950169683,-0.776391139253974,-0.9050871850503608,-0.5158814465487379,,,,,T4_T5,,,current endpoint,,,,,,edge,,,,,,,,,,,,,,,,,,,,,,,
data/precomputed/fig06/robust_intervention_summary.csv,,projected_MIDD_gain,0.2680993724853054,0.1950246039822329,0.1418148405883837,0.4611541208239611,,,,,T4_T5,,,current endpoint,,,,,,edge,,,,,,,,,,,,,,,,,,,,,,,
data/precomputed/fig06/robust_intervention_summary.csv,,RMS_normalized_difference,0.905200874043557,0.8567299458652589,0.8084063331720879,1.0343097028503097,,,,,T4_T5,,,current endpoint,,,,,,edge,,,,,,,,,,,,,,,,,,,,,,,
data/precomputed/fig06/robust_intervention_summary.csv,,normalized_change,-0.6670405923292113,-0.6550008911914427,-0.7274652169237411,-0.6107504672177209,,,,,T4_T5,,,current endpoint,,,,,,propeller,,,,,,,,,,,,,,,,,,,,,,,
data/precomputed/fig06/robust_intervention_summary.csv,,baseline_aligned_attenuation,0.6670405923292113,0.6550008911914427,0.6100950261023613,0.7273540399375436,,,,,T4_T5,,,current endpoint,,,,,,propeller,,,,,,,,,,,,,,,,,,,,,,,
data/precomputed/fig06/robust_intervention_summary.csv,,raw_delta,-7.591129378686776,-7.324391151840647,-8.588906824120924,-6.622439899995677,,,,,T4_T5,,,current endpoint,,,,,,propeller,,,,,,,,,,,,,,,,,,,,,,,
data/precomputed/fig06/robust_intervention_summary.csv,,projected_MIDD_gain,0.2680993724853054,0.1950246039822329,0.142273912750701,0.4612339370208292,,,,,T4_T5,,,current endpoint,,,,,,propeller,,,,,,,,,,,,,,,,,,,,,,,
data/precomputed/fig06/robust_intervention_summary.csv,,RMS_normalized_difference,0.905200874043557,0.8567299458652589,0.8096442672171354,1.0317998175735512,,,,,T4_T5,,,current endpoint,,,,,,propeller,,,,,,,,,,,,,,,,,,,,,,,
data/precomputed/fig06/robust_intervention_summary.csv,,normalized_change,0.0099397134585268,0.0024780769097127,0.001294434596791,0.0200408856450621,,,,,T4a,,,current endpoint,,,,,,MIDD,,,,,,,,,,,,,,,,,,,,,,,
data/precomputed/fig06/robust_intervention_summary.csv,,baseline_aligned_attenuation,0.0106895896783337,0.0039818562841042,0.0021869769134411,0.0205655904695044,,,,,T4a,,,current endpoint,,,,,,MIDD,,,,,,,,,,,,,,,,,,,,,,,
data/precomputed/fig06/robust_intervention_summary.csv,,raw_delta,0.0012359032003934,0.0005278593690774,0.0001091237656737,0.0024956050484465,,,,,T4a,,,current endpoint,,,,,,MIDD,,,,,,,,,,,,,,,,,,,,,,,
data/precomputed/fig06/robust_intervention_summary.csv,,projected_MIDD_gain,0.7192902558198861,0.8067854477135128,0.5831107691123936,0.8410644823104071,,,,,T4a,,,current endpoint,,,,,,MIDD,,,,,,,,,,,,,,,,,,,,,,,
data/precomputed/fig06/robust_intervention_summary.csv,,RMS_normalized_difference,0.3692117677906582,0.2497501956311996,0.199302728744218,0.577071579341965,,,,,T4a,,,current endpoint,,,,,,MIDD,,,,,,,,,,,,,,,,,,,,,,,
data/precomputed/fig06/robust_intervention_summary.csv,,normalized_change,-0.3475240949604908,-0.3876985861045627,-0.5149709776625715,-0.1827662415733984,,,,,T4a,,,current endpoint,,,,,,edge,,,,,,,,,,,,,,,,,,,,,,,
data/precomputed/fig06/robust_intervention_summary.csv,,baseline_aligned_attenuation,0.3475240949604908,0.3876985861045627,0.1762990397656426,0.5152611272949078,,,,,T4a,,,current endpoint,,,,,,edge,,,,,,,,,,,,,,,,,,,,,,,
data/precomputed/fig06/robust_intervention_summary.csv,,raw_delta,-0.3547541879117489,-0.4409916624426842,-0.5184900710731745,-0.1781892745010555,,,,,T4a,,,current endpoint,,,,,,edge,,,,,,,,,,,,,,,,,,,,,,,
data/precomputed/fig06/robust_intervention_summary.csv,,projected_MIDD_gain,0.7192902558198861,0.8067854477135128,0.5847134376041698,0.8392393517572037,,,,,T4a,,,current endpoint,,,,,,edge,,,,,,,,,,,,,,,,,,,,,,,
data/precomputed/fig06/robust_intervention_summary.csv,,RMS_normalized_difference,0.3692117677906582,0.2497501956311996,0.200345175711948,0.5751264831993179,,,,,T4a,,,current endpoint,,,,,,edge,,,,,,,,,,,,,,,,,,,,,,,
data/precomputed/fig06/robust_intervention_summary.csv,,normalized_change,-0.1710108259095378,-0.1646894878470587,-0.1950734464024095,-0.1471464909167204,,,,,T4a,,,current endpoint,,,,,,propeller,,,,,,,,,,,,,,,,,,,,,,,
data/precomputed/fig06/robust_intervention_summary.csv,,baseline_aligned_attenuation,0.1710108259095378,0.1646894878470587,0.1470014577440148,0.1963444441762581,,,,,T4a,,,current endpoint,,,,,,propeller,,,,,,,,,,,,,,,,,,,,,,,
data/precomputed/fig06/robust_intervention_summary.csv,,raw_delta,-1.9486674141641316,-2.0067471680907687,-2.295583609357103,-1.6144509238784128,,,,,T4a,,,current endpoint,,,,,,propeller,,,,,,,,,,,,,,,,,,,,,,,
data/precomputed/fig06/robust_intervention_summary.csv,,projected_MIDD_gain,0.7192902558198861,0.8067854477135128,0.5828110296594129,0.8383898199900525,,,,,T4a,,,current endpoint,,,,,,propeller,,,,,,,,,,,,,,,,,,,,,,,
data/precomputed/fig06/robust_intervention_summary.csv,,RMS_normalized_difference,0.3692117677906582,0.2497501956311996,0.1970171685368122,0.5776199435189355,,,,,T4a,,,current endpoint,,,,,,propeller,,,,,,,,,,,,,,,,,,,,,,,
data/precomputed/fig06/robust_intervention_summary.csv,,normalized_change,-0.0018166144647735,-0.0054069888911654,-0.0084735506864501,0.0058238120247279,,,,,T4b,,,current endpoint,,,,,,MIDD,,,,,,,,,,,,,,,,,,,,,,,
data/precomputed/fig06/robust_intervention_summary.csv,,baseline_aligned_attenuation,-0.0002776498945796,-0.0019248753607827,-0.0072218582192161,0.0070802614662243,,,,,T4b,,,current endpoint,,,,,,MIDD,,,,,,,,,,,,,,,,,,,,,,,
data/precomputed/fig06/robust_intervention_summary.csv,,raw_delta,-0.0005510053358073,-0.0008460654327274,-0.0015913073971955,0.0005604364060531,,,,,T4b,,,current endpoint,,,,,,MIDD,,,,,,,,,,,,,,,,,,,,,,,
data/precomputed/fig06/robust_intervention_summary.csv,,projected_MIDD_gain,0.900547670615911,0.971030881268299,0.7801610892518845,1.0154618596809255,,,,,T4b,,,current endpoint,,,,,,MIDD,,,,,,,,,,,,,,,,,,,,,,,
data/precomputed/fig06/robust_intervention_summary.csv,,RMS_normalized_difference,0.2885015336279202,0.2613654216368442,0.2086904600028722,0.3692273657203144,,,,,T4b,,,current endpoint,,,,,,MIDD,,,,,,,,,,,,,,,,,,,,,,,
data/precomputed/fig06/robust_intervention_summary.csv,,normalized_change,-0.1369535022580098,-0.010607332525711,-0.311032804308739,0.0187121035533451,,,,,T4b,,,current endpoint,,,,,,edge,,,,,,,,,,,,,,,,,,,,,,,
data/precomputed/fig06/robust_intervention_summary.csv,,baseline_aligned_attenuation,0.1369535022580098,0.010607332525711,-0.0192752685084797,0.3077944194331832,,,,,T4b,,,current endpoint,,,,,,edge,,,,,,,,,,,,,,,,,,,,,,,
data/precomputed/fig06/robust_intervention_summary.csv,,raw_delta,-0.1565226909704506,-0.0115952491760253,-0.3572497747116722,0.0271353433746844,,,,,T4b,,,current endpoint,,,,,,edge,,,,,,,,,,,,,,,,,,,,,,,
data/precomputed/fig06/robust_intervention_summary.csv,,projected_MIDD_gain,0.900547670615911,0.971030881268299,0.7834101581078039,1.0134735750802295,,,,,T4b,,,current endpoint,,,,,,edge,,,,,,,,,,,,,,,,,,,,,,,
data/precomputed/fig06/robust_intervention_summary.csv,,RMS_normalized_difference,0.2885015336279202,0.2613654216368442,0.2091708774843076,0.3687290617340113,,,,,T4b,,,current endpoint,,,,,,edge,,,,,,,,,,,,,,,,,,,,,,,
data/precomputed/fig06/robust_intervention_summary.csv,,normalized_change,-0.1557497721263885,-0.1869916051042793,-0.2105976153090816,-0.094187914530601,,,,,T4b,,,current endpoint,,,,,,propeller,,,,,,,,,,,,,,,,,,,,,,,
data/precomputed/fig06/robust_intervention_summary.csv,,baseline_aligned_attenuation,0.1557497721263885,0.1869916051042793,0.0944522914397342,0.2093957589520776,,,,,T4b,,,current endpoint,,,,,,propeller,,,,,,,,,,,,,,,,,,,,,,,
data/precomputed/fig06/robust_intervention_summary.csv,,raw_delta,-1.7122284586208614,-1.9387792534935648,-2.349012704414086,-0.9888562704511744,,,,,T4b,,,current endpoint,,,,,,propeller,,,,,,,,,,,,,,,,,,,,,,,
data/precomputed/fig06/robust_intervention_summary.csv,,projected_MIDD_gain,0.900547670615911,0.971030881268299,0.7853443333139241,1.0141667368757274,,,,,T4b,,,current endpoint,,,,,,propeller,,,,,,,,,,,,,,,,,,,,,,,
data/precomputed/fig06/robust_intervention_summary.csv,,RMS_normalized_difference,0.2885015336279202,0.2613654216368442,0.2091239972010154,0.3705562637722595,,,,,T4b,,,current endpoint,,,,,,propeller,,,,,,,,,,,,,,,,,,,,,,,
data/precomputed/fig06/robust_intervention_summary.csv,,normalized_change,0.0690590061446399,0.0398456447945048,0.0261703881855683,0.1236038901542875,,,,,all_input,,,current endpoint,,,,,,MIDD,,,,,,,,,,,,,,,,,,,,,,,
data/precomputed/fig06/robust_intervention_summary.csv,,baseline_aligned_attenuation,0.0693097220212056,0.0398456447945048,0.0256507091690642,0.1228092256000499,,,,,all_input,,,current endpoint,,,,,,MIDD,,,,,,,,,,,,,,,,,,,,,,,
data/precomputed/fig06/robust_intervention_summary.csv,,raw_delta,0.008930988579758,0.0070964362554252,0.0037831830895398,0.0151538377049589,,,,,all_input,,,current endpoint,,,,,,MIDD,,,,,,,,,,,,,,,,,,,,,,,
data/precomputed/fig06/robust_intervention_summary.csv,,projected_MIDD_gain,0.0,0.0,0.0,0.0,,,,,all_input,,,current endpoint,,,,,,MIDD,,,,,,,,,,,,,,,,,,,,,,,
data/precomputed/fig06/robust_intervention_summary.csv,,RMS_normalized_difference,1.0,1.0,1.0,1.0,,,,,all_input,,,current endpoint,,,,,,MIDD,,,,,,,,,,,,,,,,,,,,,,,
data/precomputed/fig06/robust_intervention_summary.csv,,normalized_change,-0.7694962016996281,-0.7735514116839408,-0.7957165993891632,-0.7438888267149633,,,,,all_input,,,current endpoint,,,,,,edge,,,,,,,,,,,,,,,,,,,,,,,
data/precomputed/fig06/robust_intervention_summary.csv,,baseline_aligned_attenuation,0.7694962016996281,0.7735514116839408,0.7440971936432436,0.79573519702311,,,,,all_input,,,current endpoint,,,,,,edge,,,,,,,,,,,,,,,,,,,,,,,
data/precomputed/fig06/robust_intervention_summary.csv,,raw_delta,-0.8903627976775169,-0.8476777747273445,-1.0282493596524,-0.7748718892410398,,,,,all_input,,,current endpoint,,,,,,edge,,,,,,,,,,,,,,,,,,,,,,,
data/precomputed/fig06/robust_intervention_summary.csv,,projected_MIDD_gain,0.0,0.0,0.0,0.0,,,,,all_input,,,current endpoint,,,,,,edge,,,,,,,,,,,,,,,,,,,,,,,
data/precomputed/fig06/robust_intervention_summary.csv,,RMS_normalized_difference,1.0,1.0,1.0,1.0,,,,,all_input,,,current endpoint,,,,,,edge,,,,,,,,,,,,,,,,,,,,,,,
data/precomputed/fig06/robust_intervention_summary.csv,,normalized_change,-0.9396743041413508,-0.9467740934479671,-0.9468506500911364,-0.931332603984756,,,,,all_input,,,current endpoint,,,,,,propeller,,,,,,,,,,,,,,,,,,,,,,,
data/precomputed/fig06/robust_intervention_summary.csv,,baseline_aligned_attenuation,0.9396743041413508,0.9467740934479671,0.931265235911067,0.9466217736269644,,,,,all_input,,,current endpoint,,,,,,propeller,,,,,,,,,,,,,,,,,,,,,,,
data/precomputed/fig06/robust_intervention_summary.csv,,raw_delta,-10.646938868056424,-10.580041710348867,-11.528936317020776,-9.825954394250475,,,,,all_input,,,current endpoint,,,,,,propeller,,,,,,,,,,,,,,,,,,,,,,,
data/precomputed/fig06/robust_intervention_summary.csv,,projected_MIDD_gain,0.0,0.0,0.0,0.0,,,,,all_input,,,current endpoint,,,,,,propeller,,,,,,,,,,,,,,,,,,,,,,,
data/precomputed/fig06/robust_intervention_summary.csv,,RMS_normalized_difference,1.0,1.0,1.0,1.0,,,,,all_input,,,current endpoint,,,,,,propeller,,,,,,,,,,,,,,,,,,,,,,,
data/precomputed/fig06/robust_intervention_summary.csv,,normalized_change,0.004550842042282,0.0006774416317982,0.0005109033267532,0.0089422823176705,,,,,sham,,,current endpoint,,,,,,MIDD,,,,,,,,,,,,,,,,,,,,,,,
data/precomputed/fig06/robust_intervention_summary.csv,,baseline_aligned_attenuation,0.0045822756776061,0.0006774416317982,0.0004966027213707,0.0089444561999285,,,,,sham,,,current endpoint,,,,,,MIDD,,,,,,,,,,,,,,,,,,,,,,,
data/precomputed/fig06/robust_intervention_summary.csv,,raw_delta,0.0005372307332498,9.307773648897616e-05,9.985729956784334e-05,0.0010591445527909,,,,,sham,,,current endpoint,,,,,,MIDD,,,,,,,,,,,,,,,,,,,,,,,
data/precomputed/fig06/robust_intervention_summary.csv,,projected_MIDD_gain,0.9865343959024034,0.9990904025864348,0.9537885189016192,1.008017812923749,,,,,sham,,,current endpoint,,,,,,MIDD,,,,,,,,,,,,,,,,,,,,,,,
data/precomputed/fig06/robust_intervention_summary.csv,,RMS_normalized_difference,0.0492375369778173,0.0438499816497126,0.0233325949698516,0.0811410029466652,,,,,sham,,,current endpoint,,,,,,MIDD,,,,,,,,,,,,,,,,,,,,,,,
data/precomputed/fig06/robust_intervention_summary.csv,,normalized_change,-0.020049637835316,-0.0109553877482935,-0.052141642461157,0.0094711184249693,,,,,sham,,,current endpoint,,,,,,edge,,,,,,,,,,,,,,,,,,,,,,,
data/precomputed/fig06/robust_intervention_summary.csv,,baseline_aligned_attenuation,0.020049637835316,0.0109553877482935,-0.0095170813037752,0.0527905399878103,,,,,sham,,,current endpoint,,,,,,edge,,,,,,,,,,,,,,,,,,,,,,,
data/precomputed/fig06/robust_intervention_summary.csv,,raw_delta,-0.0289871446788311,-0.0139666572213172,-0.0719178680516779,0.0079724144749343,,,,,sham,,,current endpoint,,,,,,edge,,,,,,,,,,,,,,,,,,,,,,,
data/precomputed/fig06/robust_intervention_summary.csv,,projected_MIDD_gain,0.9865343959024034,0.9990904025864348,0.9541285401226413,1.0077710968014977,,,,,sham,,,current endpoint,,,,,,edge,,,,,,,,,,,,,,,,,,,,,,,
data/precomputed/fig06/robust_intervention_summary.csv,,RMS_normalized_difference,0.0492375369778173,0.0438499816497126,0.0227377914944091,0.0810425732847403,,,,,sham,,,current endpoint,,,,,,edge,,,,,,,,,,,,,,,,,,,,,,,
data/precomputed/fig06/robust_intervention_summary.csv,,normalized_change,-0.0305092629248907,-0.0180839018265843,-0.0675956297344931,-0.0020590210356895,,,,,sham,,,current endpoint,,,,,,propeller,,,,,,,,,,,,,,,,,,,,,,,
data/precomputed/fig06/robust_intervention_summary.csv,,baseline_aligned_attenuation,0.0305092629248907,0.0180839018265843,0.0021471359817831,0.0664468935593735,,,,,sham,,,current endpoint,,,,,,propeller,,,,,,,,,,,,,,,,,,,,,,,
data/precomputed/fig06/robust_intervention_summary.csv,,raw_delta,-0.3195458328685785,-0.2173112421429515,-0.672038787986517,-0.0287522616674932,,,,,sham,,,current endpoint,,,,,,propeller,,,,,,,,,,,,,,,,,,,,,,,
data/precomputed/fig06/robust_intervention_summary.csv,,projected_MIDD_gain,0.9865343959024034,0.9990904025864348,0.9542336391004094,1.007828709734703,,,,,sham,,,current endpoint,,,,,,propeller,,,,,,,,,,,,,,,,,,,,,,,
data/precomputed/fig06/robust_intervention_summary.csv,,RMS_normalized_difference,0.0492375369778173,0.0438499816497126,0.0232640117174305,0.0817896881517253,,,,,sham,,,current endpoint,,,,,,propeller,,,,,,,,,,,,,,,,,,,,,,,
data/precomputed/fig06/denominator_audit.csv,,,,,,,,,,,T4,,,current endpoint,,,,,,MIDD,0.1151964329640717,0.1162697949974039,0.1218770759818766,0.1579650002188822,0.200314806323438,0.2357718713837812,0.253070628571226,10.0,0.0,,,,,,,,,,,,,,
data/precomputed/fig06/denominator_audit.csv,,,,,,,,,,,T4,,,current endpoint,,,,,,edge,0.7592300732361756,0.8132639187393653,0.9538619462070698,1.1343344738979344,1.260943727219057,1.6546531373455056,1.8577012311038152,10.0,0.0,,,,,,,,,,,,,,
data/precomputed/fig06/denominator_audit.csv,,,,,,,,,,,T4,,,current endpoint,,,,,,propeller,9.085153498762502,9.288610538955927,10.627711172502009,11.237086056429233,11.801026828813786,13.651906419934932,13.796479570190456,10.0,0.0,,,,,,,,,,,,,,
data/precomputed/fig06/denominator_audit.csv,,,,,,,,,,,T4_T5,,,current endpoint,,,,,,MIDD,0.1151964329640717,0.1162697949974039,0.1218770759818766,0.1579650002188822,0.200314806323438,0.2357718713837812,0.253070628571226,10.0,0.0,,,,,,,,,,,,,,
data/precomputed/fig06/denominator_audit.csv,,,,,,,,,,,T4_T5,,,current endpoint,,,,,,edge,0.7592300732361756,0.8132639187393653,0.9538619462070698,1.1343344738979344,1.260943727219057,1.6546531373455056,1.8577012311038152,10.0,0.0,,,,,,,,,,,,,,
data/precomputed/fig06/denominator_audit.csv,,,,,,,,,,,T4_T5,,,current endpoint,,,,,,propeller,9.085153498762502,9.288610538955927,10.627711172502009,11.237086056429233,11.801026828813786,13.651906419934932,13.796479570190456,10.0,0.0,,,,,,,,,,,,,,
data/precomputed/fig06/denominator_audit.csv,,,,,,,,,,,T4a,,,current endpoint,,,,,,MIDD,0.1151964329640717,0.1162697949974039,0.1218770759818766,0.1579650002188822,0.200314806323438,0.2357718713837812,0.253070628571226,10.0,0.0,,,,,,,,,,,,,,
data/precomputed/fig06/denominator_audit.csv,,,,,,,,,,,T4a,,,current endpoint,,,,,,edge,0.7592300732361756,0.8132639187393653,0.9538619462070698,1.1343344738979344,1.260943727219057,1.6546531373455056,1.8577012311038152,10.0,0.0,,,,,,,,,,,,,,
data/precomputed/fig06/denominator_audit.csv,,,,,,,,,,,T4a,,,current endpoint,,,,,,propeller,9.085153498762502,9.288610538955927,10.627711172502009,11.237086056429233,11.801026828813786,13.651906419934932,13.796479570190456,10.0,0.0,,,,,,,,,,,,,,
data/precomputed/fig06/denominator_audit.csv,,,,,,,,,,,T4b,,,current endpoint,,,,,,MIDD,0.1151964329640717,0.1162697949974039,0.1218770759818766,0.1579650002188822,0.200314806323438,0.2357718713837812,0.253070628571226,10.0,0.0,,,,,,,,,,,,,,
data/precomputed/fig06/denominator_audit.csv,,,,,,,,,,,T4b,,,current endpoint,,,,,,edge,0.7592300732361756,0.8132639187393653,0.9538619462070698,1.1343344738979344,1.260943727219057,1.6546531373455056,1.8577012311038152,10.0,0.0,,,,,,,,,,,,,,
data/precomputed/fig06/denominator_audit.csv,,,,,,,,,,,T4b,,,current endpoint,,,,,,propeller,9.085153498762502,9.288610538955927,10.627711172502009,11.237086056429233,11.801026828813786,13.651906419934932,13.796479570190456,10.0,0.0,,,,,,,,,,,,,,
data/precomputed/fig06/denominator_audit.csv,,,,,,,,,,,all_input,,,current endpoint,,,,,,MIDD,0.1151964329640717,0.1162697949974039,0.1218770759818766,0.1579650002188822,0.200314806323438,0.2357718713837812,0.253070628571226,10.0,0.0,,,,,,,,,,,,,,
data/precomputed/fig06/denominator_audit.csv,,,,,,,,,,,all_input,,,current endpoint,,,,,,edge,0.7592300732361756,0.8132639187393653,0.9538619462070698,1.1343344738979344,1.260943727219057,1.6546531373455056,1.8577012311038152,10.0,0.0,,,,,,,,,,,,,,
data/precomputed/fig06/denominator_audit.csv,,,,,,,,,,,all_input,,,current endpoint,,,,,,propeller,9.085153498762502,9.288610538955927,10.627711172502009,11.237086056429233,11.801026828813786,13.651906419934932,13.796479570190456,10.0,0.0,,,,,,,,,,,,,,
data/precomputed/fig06/denominator_audit.csv,,,,,,,,,,,sham,,,current endpoint,,,,,,MIDD,0.1151964329640717,0.1162697949974039,0.1218770759818766,0.1579650002188822,0.200314806323438,0.2357718713837812,0.253070628571226,10.0,0.0,,,,,,,,,,,,,,
data/precomputed/fig06/denominator_audit.csv,,,,,,,,,,,sham,,,current endpoint,,,,,,edge,0.7592300732361756,0.8132639187393653,0.9538619462070698,1.1343344738979344,1.260943727219057,1.6546531373455056,1.8577012311038152,10.0,0.0,,,,,,,,,,,,,,
data/precomputed/fig06/denominator_audit.csv,,,,,,,,,,,sham,,,current endpoint,,,,,,propeller,9.085153498762502,9.288610538955927,10.627711172502009,11.237086056429233,11.801026828813786,13.651906419934932,13.796479570190456,10.0,0.0,,,,,,,,,,,,,,
data/precomputed/fig02/official50_shuffle_summary.csv,,canonical_reflection_abs_A,0.0106219949880753,0.0070871607969815,0.0074189501636415,0.0144312450280218,3MIDD_048,50.0,,,,,,current endpoint,,,,,,,,,,,,,,,,,,,,,,,,,,,,,
data/precomputed/fig02/official50_shuffle_summary.csv,,shuffle_mean_abs_A,0.0133065497950894,0.0121473817064166,0.0117436622405241,0.0150307164618358,3MIDD_048,50.0,,,,,,current endpoint,,,,,,,,,,,,,,,,,,,,,,,,,,,,,
data/precomputed/fig02/official50_shuffle_summary.csv,,difference_mean,-0.002684554807014,-0.0037276593772818,-0.0056331548621437,0.0005886478157241,3MIDD_048,50.0,,,,,,current endpoint,,,,,,,,,,,,,,,,,,,,,,,,,,,,,
data/precomputed/fig02/official50_shuffle_summary.csv,,difference_median,-0.0010718277177914,-0.003074703209333,-0.0040600746389229,0.0024382020873517,3MIDD_048,50.0,,,,,,current endpoint,,,,,,,,,,,,,,,,,,,,,,,,,,,,,
data/precomputed/fig02/official50_shuffle_summary.csv,,canonical_percentile,0.39,0.4,0.312,0.468,3MIDD_048,50.0,,,,,,current endpoint,,,,,,,,,,,,,,,,,,,,,,,,,,,,,
data/precomputed/fig02/official50_shuffle_summary.csv,,canonical_reflection_abs_A,0.0093951806395417,0.0060503056028468,0.0069789781218979,0.0122946261711085,3MIDD_207,50.0,,,,,,current endpoint,,,,,,,,,,,,,,,,,,,,,,,,,,,,,
data/precomputed/fig02/official50_shuffle_summary.csv,,shuffle_mean_abs_A,0.0126015986851248,0.0112470459827979,0.0109799406320073,0.0143036472704253,3MIDD_207,50.0,,,,,,current endpoint,,,,,,,,,,,,,,,,,,,,,,,,,,,,,
data/precomputed/fig02/official50_shuffle_summary.csv,,difference_mean,-0.0032064180455831,-0.0036937690435053,-0.0058697580489996,-0.0003077418141786,3MIDD_207,50.0,,,,,,current endpoint,,,,,,,,,,,,,,,,,,,,,,,,,,,,,
data/precomputed/fig02/official50_shuffle_summary.csv,,difference_median,-0.0017618223346035,-0.0017206789916874,-0.0045506468994855,0.0011747025967503,3MIDD_207,50.0,,,,,,current endpoint,,,,,,,,,,,,,,,,,,,,,,,,,,,,,
data/precomputed/fig02/official50_shuffle_summary.csv,,canonical_percentile,0.414,0.4,0.3339999999999999,0.498,3MIDD_207,50.0,,,,,,current endpoint,,,,,,,,,,,,,,,,,,,,,,,,,,,,,
data/precomputed/fig02/official50_shuffle_summary.csv,,canonical_reflection_abs_A,0.0033999731086296,0.0026198029259348,0.0025837413020826,0.004368731037072,4MIDD_085_170,50.0,,,,,,current endpoint,,,,,,,,,,,,,,,,,,,,,,,,,,,,,
data/precomputed/fig02/official50_shuffle_summary.csv,,shuffle_mean_abs_A,0.0116991297739909,0.0114332665920458,0.010312342022654,0.0131832013715778,4MIDD_085_170,50.0,,,,,,current endpoint,,,,,,,,,,,,,,,,,,,,,,,,,,,,,
data/precomputed/fig02/official50_shuffle_summary.csv,,difference_mean,-0.0082991566653612,-0.0075496826080285,-0.009766025190254,-0.0069224594413878,4MIDD_085_170,50.0,,,,,,current endpoint,,,,,,,,,,,,,,,,,,,,,,,,,,,,,
data/precomputed/fig02/official50_shuffle_summary.csv,,difference_median,-0.0071353741258022,-0.0066484765210877,-0.0086687050676227,-0.0057304026443061,4MIDD_085_170,50.0,,,,,,current endpoint,,,,,,,,,,,,,,,,,,,,,,,,,,,,,
data/precomputed/fig02/official50_shuffle_summary.csv,,canonical_percentile,0.176,0.1,0.13,0.228,4MIDD_085_170,50.0,,,,,,current endpoint,,,,,,,,,,,,,,,,,,,,,,,,,,,,,
data/precomputed/fig05/official50_performance_primary_relations.csv,,Spearman A,0.2838415366146458,,-0.0025566861881131,0.5338087872981111,,50.0,,,,,,current endpoint,,,,,,,,,,,,,,,,0.2838415366146458,0.0457609048979165,0.091521809795833,,,,,,,,,,,
data/precomputed/fig05/official50_performance_primary_relations.csv,,Spearman abs_A,-0.2147899159663865,,-0.5024539406865768,0.0963620242518599,,50.0,,,,,,current endpoint,,,,,,,,,,,,,,,,-0.2147899159663865,0.1341530079760802,0.1341530079760802,,,,,,,,,,,
data/precomputed/fig05/official50_performance_primary_relations.csv,,Spearman normalized_SD,-0.3261944777911164,,-0.5857331535271284,-0.0230875627407743,,50.0,,,,,,current endpoint,,,,,,,,,,,,,,,,-0.3261944777911164,0.0207867559966027,0.0623602679898083,,,,,,,,,,,
data/precomputed/fig04/official50_phase_reliability.csv,,"ICC(A,1)",0.7647010726403309,,0.5963099105073671,0.8678047211135058,,50.0,,,,,,current fixed12phase conditional agreement,,,,,,,,,,,,,,,,,,,,,,,,,,,,,
data/precomputed/fig05/learning_stability_sign_tendency_100k.csv,,100k direction proportion; secondary unadjusted binomial,0.8571428571428571,,0.5718708390903011,0.9822054845168084,3MIDD_048,,,,,,,secondary binomial exact interval,,,,,,,,,,,,,,,,,,,14.0,2.0,12.0,0.0,negative,12.0,0.012939453125,0.5718708390903011,0.9822054845168084,secondary; three unadjusted descriptive tests,0.0383168720474924
data/precomputed/fig05/learning_stability_sign_tendency_100k.csv,,100k direction proportion; secondary unadjusted binomial,0.9285714285714286,,0.6613155100681787,0.9981932193408724,3MIDD_207,,,,,,,secondary binomial exact interval,,,,,,,,,,,,,,,,,,,14.0,13.0,1.0,0.0,positive,13.0,0.0018310546875,0.6613155100681787,0.9981932193408724,secondary; three unadjusted descriptive tests,0.0349310755551946
data/precomputed/fig05/learning_stability_sign_tendency_100k.csv,,100k direction proportion; secondary unadjusted binomial,0.7857142857142857,,0.4920243229515283,0.9534207121102132,4MIDD_085_170,,,,,,,secondary binomial exact interval,,,,,,,,,,,,,,,,,,,14.0,11.0,3.0,0.0,positive,11.0,0.057373046875,0.4920243229515283,0.9534207121102132,secondary; three unadjusted descriptive tests,0.0244887355081246
