source_file,model_id,group,T_original,T_mirror,A,abs_A,S,abs_S,M,actual_reversal,T_negative,canonical_abs_A,canonical_abs_A_norm,original_image_reflection_A,negative_reflection_A,mean_random_reflection_abs_A,mean_random_normalized_abs_A,D_canonical_vs_random,D_reflection_matched,D_normalized,var_A,var_S,D,ratio,range_A,range_S,range_A_norm,range_S_norm,D_norm,A_sign_flips,S_sign_flips,reversal_phase_fraction,transform,delta_A,delta_S,equivariance_error_A,equivariance_error_S,abs_equivariance_A,abs_equivariance_S,normalized_error_A,normalized_error_S,D_robustness,relative_A,relative_S,A_raw_sign_flipped,S_raw_sign_flipped,A_equivariant_sign,S_equivariant_sign,reversal,baseline_reversal,phase_fraction,range_abs_A_norm,range_abs_S_norm,canonical_peak_ratio,canonical_is_max,spearman_count_absA,slope,intercept,r2,identity_rmse,normalized_rmse,sign_agreement,n_sign_evaluable,split,cv_r2,cv_rmse,sign_accuracy,n_test_predictions,n_unique_pairs,renderer,CW_scalar,CCW_scalar,CW_negative,CCW_positive,CW_positive,CCW_negative,CW_ratio,CCW_ratio,seed,support,threshold,definition,crossing_step,crossed,last_observed_step,end_persistence_unevaluable,endpoint,onset_step,lower_bracket,upper_bracket,censored,MIDD_dense_onset,physical_minus_MIDD,MIDD_dense_lower,lag_lower_bracket,lag_upper_bracket,intervention,A_C48_noop,A_C48_intervention,MIDD_loss,propeller_loss,edge_loss,propeller_magnitude_loss,MIDD_absolute_loss,projected_MIDD_loss,D_primary,D_edge,D_projected,denominators_valid,A_sign_flip,fade_seconds,jitter_pixels,window,G,A_norm,S_norm
data/precomputed/fig01/fig1_midd_per_model.csv,flow/0000/000,3MIDD_048,-0.0015142454311195,0.0022100195551627,-0.0018621324931411,0.0018621324931411,0.0003478870620215,0.0003478870620215,0.0015142454311195,True,-0.0076030612150656,,,,,,,,,,,,,,,,,,,,,,,,,,,,,,,,,,,,,,,,,,,,,,,,,,,,,,,,,,,,,,,,,,,,,,,,,,,,,,,,,,,,,,,,,,,,,,,,,,,,,,,,,
data/precomputed/fig01/fig1_midd_per_model.csv,flow/0000/001,3MIDD_048,-0.0027467650796544,0.0001097663689719,-0.0014282657243132,0.0014282657243132,-0.0013184993553412,0.0013184993553412,0.0001097663689719,True,-0.0067008283022891,,,,,,,,,,,,,,,,,,,,,,,,,,,,,,,,,,,,,,,,,,,,,,,,,,,,,,,,,,,,,,,,,,,,,,,,,,,,,,,,,,,,,,,,,,,,,,,,,,,,,,,,,
data/precomputed/fig01/fig1_midd_per_model.csv,flow/0000/002,3MIDD_048,0.0005880526737834,0.0239653032087325,-0.0116886252674745,0.0116886252674745,0.012276677941258,0.012276677941258,-0.0005880526737834,False,-0.008894034712252,,,,,,,,,,,,,,,,,,,,,,,,,,,,,,,,,,,,,,,,,,,,,,,,,,,,,,,,,,,,,,,,,,,,,,,,,,,,,,,,,,,,,,,,,,,,,,,,,,,,,,,,,
data/precomputed/fig01/fig1_midd_per_model.csv,flow/0000/003,3MIDD_048,-0.0201326884423203,0.0404373584245615,-0.0302850234334409,0.0302850234334409,0.0101523349911205,0.0101523349911205,0.0201326884423203,True,0.0012334932303235,,,,,,,,,,,,,,,,,,,,,,,,,,,,,,,,,,,,,,,,,,,,,,,,,,,,,,,,,,,,,,,,,,,,,,,,,,,,,,,,,,,,,,,,,,,,,,,,,,,,,,,,,
data/precomputed/fig01/fig1_midd_per_model.csv,flow/0000/004,3MIDD_048,-0.0164577950495194,-0.0170921905067203,0.0003171977286004,0.0003171977286004,-0.0167749927781198,0.0167749927781198,-0.0164577950495194,False,-0.016691797942122,,,,,,,,,,,,,,,,,,,,,,,,,,,,,,,,,,,,,,,,,,,,,,,,,,,,,,,,,,,,,,,,,,,,,,,,,,,,,,,,,,,,,,,,,,,,,,,,,,,,,,,,,
data/precomputed/fig01/fig1_midd_per_model.csv,flow/0000/005,3MIDD_048,-0.016402432347872,-0.0008901722452118,-0.0077561300513301,0.0077561300513301,-0.0086463022965419,0.0086463022965419,-0.0008901722452118,False,-0.0204640118629253,,,,,,,,,,,,,,,,,,,,,,,,,,,,,,,,,,,,,,,,,,,,,,,,,,,,,,,,,,,,,,,,,,,,,,,,,,,,,,,,,,,,,,,,,,,,,,,,,,,,,,,,,
data/precomputed/fig01/fig1_midd_per_model.csv,flow/0000/006,3MIDD_048,-0.0132378859650357,0.0284729040026054,-0.0208553949838205,0.0208553949838205,0.0076175090187848,0.0076175090187848,0.0132378859650357,True,0.0014503676162823,,,,,,,,,,,,,,,,,,,,,,,,,,,,,,,,,,,,,,,,,,,,,,,,,,,,,,,,,,,,,,,,,,,,,,,,,,,,,,,,,,,,,,,,,,,,,,,,,,,,,,,,,
data/precomputed/fig01/fig1_midd_per_model.csv,flow/0000/007,3MIDD_048,-0.0066931856523311,-0.0042852372481364,-0.0012039742020973,0.0012039742020973,-0.0054892114502338,0.0054892114502338,-0.0042852372481364,False,-0.0122610936638222,,,,,,,,,,,,,,,,,,,,,,,,,,,,,,,,,,,,,,,,,,,,,,,,,,,,,,,,,,,,,,,,,,,,,,,,,,,,,,,,,,,,,,,,,,,,,,,,,,,,,,,,,
data/precomputed/fig01/fig1_midd_per_model.csv,flow/0000/008,3MIDD_048,-0.0089091383866177,0.003964453158042,-0.0064367957723298,0.0064367957723298,-0.0024723426142878,0.0024723426142878,0.003964453158042,True,0.0060069592534763,,,,,,,,,,,,,,,,,,,,,,,,,,,,,,,,,,,,,,,,,,,,,,,,,,,,,,,,,,,,,,,,,,,,,,,,,,,,,,,,,,,,,,,,,,,,,,,,,,,,,,,,,
data/precomputed/fig01/fig1_midd_per_model.csv,flow/0000/009,3MIDD_048,0.0018988322339163,0.0181208362072742,-0.0081110019866789,0.0081110019866789,0.0100098342205952,0.0100098342205952,-0.0018988322339163,False,-0.0064458772560913,,,,,,,,,,,,,,,,,,,,,,,,,,,,,,,,,,,,,,,,,,,,,,,,,,,,,,,,,,,,,,,,,,,,,,,,,,,,,,,,,,,,,,,,,,,,,,,,,,,,,,,,,
data/precomputed/fig01/fig1_midd_per_model.csv,flow/0000/010,3MIDD_048,0.0014748101050919,0.0001741750201301,0.0006503175424808,0.0006503175424808,0.000824492562611,0.000824492562611,-0.0001741750201301,False,-0.0282081933130035,,,,,,,,,,,,,,,,,,,,,,,,,,,,,,,,,,,,,,,,,,,,,,,,,,,,,,,,,,,,,,,,,,,,,,,,,,,,,,,,,,,,,,,,,,,,,,,,,,,,,,,,,
data/precomputed/fig01/fig1_midd_per_model.csv,flow/0000/011,3MIDD_048,-0.0243221624446554,-0.0196233202596317,-0.0023494210925118,0.0023494210925118,-0.0219727413521436,0.0219727413521436,-0.0196233202596317,False,-0.0270838459836434,,,,,,,,,,,,,,,,,,,,,,,,,,,,,,,,,,,,,,,,,,,,,,,,,,,,,,,,,,,,,,,,,,,,,,,,,,,,,,,,,,,,,,,,,,,,,,,,,,,,,,,,,
data/precomputed/fig01/fig1_midd_per_model.csv,flow/0000/012,3MIDD_048,0.0056978025752024,0.0456264789655966,-0.0199643381951971,0.0199643381951971,0.0256621407703995,0.0256621407703995,-0.0056978025752024,False,0.0079711952331895,,,,,,,,,,,,,,,,,,,,,,,,,,,,,,,,,,,,,,,,,,,,,,,,,,,,,,,,,,,,,,,,,,,,,,,,,,,,,,,,,,,,,,,,,,,,,,,,,,,,,,,,,
data/precomputed/fig01/fig1_midd_per_model.csv,flow/0000/013,3MIDD_048,-0.0095340655401701,0.0074688684656079,-0.008501467002889,0.008501467002889,-0.001032598537281,0.001032598537281,0.0074688684656079,True,0.0010734364063382,,,,,,,,,,,,,,,,,,,,,,,,,,,,,,,,,,,,,,,,,,,,,,,,,,,,,,,,,,,,,,,,,,,,,,,,,,,,,,,,,,,,,,,,,,,,,,,,,,,,,,,,,
data/precomputed/fig01/fig1_midd_per_model.csv,flow/0000/014,3MIDD_048,-0.001402936680117,0.0347340100368109,-0.018068473358464,0.018068473358464,0.0166655366783469,0.0166655366783469,0.001402936680117,True,-0.0107831259635338,,,,,,,,,,,,,,,,,,,,,,,,,,,,,,,,,,,,,,,,,,,,,,,,,,,,,,,,,,,,,,,,,,,,,,,,,,,,,,,,,,,,,,,,,,,,,,,,,,,,,,,,,
data/precomputed/fig01/fig1_midd_per_model.csv,flow/0000/015,3MIDD_048,-0.0069768996407317,0.010960137285245,-0.0089685184629883,0.0089685184629883,0.0019916188222566,0.0019916188222566,0.0069768996407317,True,0.0030510056591451,,,,,,,,,,,,,,,,,,,,,,,,,,,,,,,,,,,,,,,,,,,,,,,,,,,,,,,,,,,,,,,,,,,,,,,,,,,,,,,,,,,,,,,,,,,,,,,,,,,,,,,,,
data/precomputed/fig01/fig1_midd_per_model.csv,flow/0000/016,3MIDD_048,-0.0131945307431421,0.0024893360851196,-0.0078419334141309,0.0078419334141309,-0.0053525973290112,0.0053525973290112,0.0024893360851196,True,-0.0311177502081415,,,,,,,,,,,,,,,,,,,,,,,,,,,,,,,,,,,,,,,,,,,,,,,,,,,,,,,,,,,,,,,,,,,,,,,,,,,,,,,,,,,,,,,,,,,,,,,,,,,,,,,,,
data/precomputed/fig01/fig1_midd_per_model.csv,flow/0000/017,3MIDD_048,-0.0390789728662216,0.0273312017291887,-0.0332050872977052,0.0332050872977052,-0.0058738855685164,0.0058738855685164,0.0273312017291887,True,-0.0121045949104738,,,,,,,,,,,,,,,,,,,,,,,,,,,,,,,,,,,,,,,,,,,,,,,,,,,,,,,,,,,,,,,,,,,,,,,,,,,,,,,,,,,,,,,,,,,,,,,,,,,,,,,,,
data/precomputed/fig01/fig1_midd_per_model.csv,flow/0000/018,3MIDD_048,-0.0181081390900732,0.0056775974904968,-0.011892868290285,0.011892868290285,-0.0062152707997882,0.0062152707997882,0.0056775974904968,True,-0.0146587705771889,,,,,,,,,,,,,,,,,,,,,,,,,,,,,,,,,,,,,,,,,,,,,,,,,,,,,,,,,,,,,,,,,,,,,,,,,,,,,,,,,,,,,,,,,,,,,,,,,,,,,,,,,
data/precomputed/fig01/fig1_midd_per_model.csv,flow/0000/019,3MIDD_048,0.017760696974171,0.044987211336366,-0.0136132571810974,0.0136132571810974,0.0313739541552685,0.0313739541552685,-0.017760696974171,False,0.0145188327820519,,,,,,,,,,,,,,,,,,,,,,,,,,,,,,,,,,,,,,,,,,,,,,,,,,,,,,,,,,,,,,,,,,,,,,,,,,,,,,,,,,,,,,,,,,,,,,,,,,,,,,,,,
data/precomputed/fig01/fig1_midd_per_model.csv,flow/0000/020,3MIDD_048,-0.0099268144959029,0.0001753424209916,-0.0050510784584472,0.0050510784584472,-0.0048757360374556,0.0048757360374556,0.0001753424209916,True,-0.0069993618352599,,,,,,,,,,,,,,,,,,,,,,,,,,,,,,,,,,,,,,,,,,,,,,,,,,,,,,,,,,,,,,,,,,,,,,,,,,,,,,,,,,,,,,,,,,,,,,,,,,,,,,,,,
data/precomputed/fig01/fig1_midd_per_model.csv,flow/0000/021,3MIDD_048,-0.0300734559948341,-0.0083805985152959,-0.0108464287397691,0.0108464287397691,-0.019227027255065,0.019227027255065,-0.0083805985152959,False,-0.0553816604801691,,,,,,,,,,,,,,,,,,,,,,,,,,,,,,,,,,,,,,,,,,,,,,,,,,,,,,,,,,,,,,,,,,,,,,,,,,,,,,,,,,,,,,,,,,,,,,,,,,,,,,,,,
data/precomputed/fig01/fig1_midd_per_model.csv,flow/0000/022,3MIDD_048,-0.0091767540438026,0.002403473416509,-0.0057901137301558,0.0057901137301558,-0.0033866403136468,0.0033866403136468,0.002403473416509,True,-0.005111271087846,,,,,,,,,,,,,,,,,,,,,,,,,,,,,,,,,,,,,,,,,,,,,,,,,,,,,,,,,,,,,,,,,,,,,,,,,,,,,,,,,,,,,,,,,,,,,,,,,,,,,,,,,
data/precomputed/fig01/fig1_midd_per_model.csv,flow/0000/023,3MIDD_048,0.0066720925017465,0.0098243952545042,-0.0015761513763788,0.0015761513763788,0.0082482438781254,0.0082482438781254,-0.0066720925017465,False,0.0034240837712988,,,,,,,,,,,,,,,,,,,,,,,,,,,,,,,,,,,,,,,,,,,,,,,,,,,,,,,,,,,,,,,,,,,,,,,,,,,,,,,,,,,,,,,,,,,,,,,,,,,,,,,,,
data/precomputed/fig01/fig1_midd_per_model.csv,flow/0000/024,3MIDD_048,-0.0176952737361669,0.0352370125667909,-0.0264661431514789,0.0264661431514789,0.008770869415312,0.008770869415312,0.0176952737361669,True,-0.0036334178387573,,,,,,,,,,,,,,,,,,,,,,,,,,,,,,,,,,,,,,,,,,,,,,,,,,,,,,,,,,,,,,,,,,,,,,,,,,,,,,,,,,,,,,,,,,,,,,,,,,,,,,,,,
data/precomputed/fig01/fig1_midd_per_model.csv,flow/0000/025,3MIDD_048,0.0186457903840081,0.0070768983553061,0.005784446014351,0.005784446014351,0.0128613443696571,0.0128613443696571,-0.0070768983553061,False,0.0106974949915989,,,,,,,,,,,,,,,,,,,,,,,,,,,,,,,,,,,,,,,,,,,,,,,,,,,,,,,,,,,,,,,,,,,,,,,,,,,,,,,,,,,,,,,,,,,,,,,,,,,,,,,,,
data/precomputed/fig01/fig1_midd_per_model.csv,flow/0000/026,3MIDD_048,-0.0201187254406675,-0.0134086665968271,-0.0033550294219201,0.0033550294219201,-0.0167636960187473,0.0167636960187473,-0.0134086665968271,False,-0.0359996161470988,,,,,,,,,,,,,,,,,,,,,,,,,,,,,,,,,,,,,,,,,,,,,,,,,,,,,,,,,,,,,,,,,,,,,,,,,,,,,,,,,,,,,,,,,,,,,,,,,,,,,,,,,
data/precomputed/fig01/fig1_midd_per_model.csv,flow/0000/027,3MIDD_048,-0.0706539447477418,0.032851598800473,-0.0517527717741074,0.0517527717741074,-0.0189011729736343,0.0189011729736343,0.032851598800473,True,-0.0342101963203089,,,,,,,,,,,,,,,,,,,,,,,,,,,,,,,,,,,,,,,,,,,,,,,,,,,,,,,,,,,,,,,,,,,,,,,,,,,,,,,,,,,,,,,,,,,,,,,,,,,,,,,,,
data/precomputed/fig01/fig1_midd_per_model.csv,flow/0000/028,3MIDD_048,-0.0035730057120644,0.0053068961310088,-0.0044399509215366,0.0044399509215366,0.0008669452094721,0.0008669452094721,0.0035730057120644,True,-0.0058091441258367,,,,,,,,,,,,,,,,,,,,,,,,,,,,,,,,,,,,,,,,,,,,,,,,,,,,,,,,,,,,,,,,,,,,,,,,,,,,,,,,,,,,,,,,,,,,,,,,,,,,,,,,,
data/precomputed/fig01/fig1_midd_per_model.csv,flow/0000/029,3MIDD_048,0.0134897616012318,0.0447482386758863,-0.0156292385373272,0.0156292385373272,0.029119000138559,0.029119000138559,-0.0134897616012318,False,-0.0041036600813086,,,,,,,,,,,,,,,,,,,,,,,,,,,,,,,,,,,,,,,,,,,,,,,,,,,,,,,,,,,,,,,,,,,,,,,,,,,,,,,,,,,,,,,,,,,,,,,,,,,,,,,,,
data/precomputed/fig01/fig1_midd_per_model.csv,flow/0000/030,3MIDD_048,-0.0413782314616232,0.0175344695526187,-0.0294563505071209,0.0294563505071209,-0.0119218809545022,0.0119218809545022,0.0175344695526187,True,-0.0068782505628811,,,,,,,,,,,,,,,,,,,,,,,,,,,,,,,,,,,,,,,,,,,,,,,,,,,,,,,,,,,,,,,,,,,,,,,,,,,,,,,,,,,,,,,,,,,,,,,,,,,,,,,,,
data/precomputed/fig01/fig1_midd_per_model.csv,flow/0000/031,3MIDD_048,0.0285788544112169,0.0323075449738234,-0.0018643452813032,0.0018643452813032,0.0304431996925201,0.0304431996925201,-0.0285788544112169,False,0.01052707515228,,,,,,,,,,,,,,,,,,,,,,,,,,,,,,,,,,,,,,,,,,,,,,,,,,,,,,,,,,,,,,,,,,,,,,,,,,,,,,,,,,,,,,,,,,,,,,,,,,,,,,,,,
data/precomputed/fig01/fig1_midd_per_model.csv,flow/0000/032,3MIDD_048,-0.0419870750312057,-0.0369646912205877,-0.002511191905309,0.002511191905309,-0.0394758831258967,0.0394758831258967,-0.0369646912205877,False,-0.0216617553113546,,,,,,,,,,,,,,,,,,,,,,,,,,,,,,,,,,,,,,,,,,,,,,,,,,,,,,,,,,,,,,,,,,,,,,,,,,,,,,,,,,,,,,,,,,,,,,,,,,,,,,,,,
data/precomputed/fig01/fig1_midd_per_model.csv,flow/0000/033,3MIDD_048,-0.0164721741972642,-0.011357447473364,-0.0025573633619501,0.0025573633619501,-0.0139148108353141,0.0139148108353141,-0.011357447473364,False,-0.0085650329300682,,,,,,,,,,,,,,,,,,,,,,,,,,,,,,,,,,,,,,,,,,,,,,,,,,,,,,,,,,,,,,,,,,,,,,,,,,,,,,,,,,,,,,,,,,,,,,,,,,,,,,,,,
data/precomputed/fig01/fig1_midd_per_model.csv,flow/0000/034,3MIDD_048,-0.008878654848313,0.0070046025110499,-0.0079416286796814,0.0079416286796814,-0.0009370261686315,0.0009370261686315,0.0070046025110499,True,-0.0148647807826586,,,,,,,,,,,,,,,,,,,,,,,,,,,,,,,,,,,,,,,,,,,,,,,,,,,,,,,,,,,,,,,,,,,,,,,,,,,,,,,,,,,,,,,,,,,,,,,,,,,,,,,,,
data/precomputed/fig01/fig1_midd_per_model.csv,flow/0000/035,3MIDD_048,0.0098524415104451,0.0264317870693256,-0.0082896727794402,0.0082896727794402,0.0181421142898853,0.0181421142898853,-0.0098524415104451,False,0.0201447885923876,,,,,,,,,,,,,,,,,,,,,,,,,,,,,,,,,,,,,,,,,,,,,,,,,,,,,,,,,,,,,,,,,,,,,,,,,,,,,,,,,,,,,,,,,,,,,,,,,,,,,,,,,
data/precomputed/fig01/fig1_midd_per_model.csv,flow/0000/036,3MIDD_048,-0.0516821182888937,0.0773599789700421,-0.0645210486294679,0.0645210486294679,0.0128389303405742,0.0128389303405742,0.0516821182888937,True,-0.005097614210112,,,,,,,,,,,,,,,,,,,,,,,,,,,,,,,,,,,,,,,,,,,,,,,,,,,,,,,,,,,,,,,,,,,,,,,,,,,,,,,,,,,,,,,,,,,,,,,,,,,,,,,,,
data/precomputed/fig01/fig1_midd_per_model.csv,flow/0000/037,3MIDD_048,-0.0063460709278881,0.0236257407596436,-0.0149859058437658,0.0149859058437658,0.0086398349158777,0.0086398349158777,0.0063460709278881,True,0.0223960759561968,,,,,,,,,,,,,,,,,,,,,,,,,,,,,,,,,,,,,,,,,,,,,,,,,,,,,,,,,,,,,,,,,,,,,,,,,,,,,,,,,,,,,,,,,,,,,,,,,,,,,,,,,
data/precomputed/fig01/fig1_midd_per_model.csv,flow/0000/038,3MIDD_048,0.0132177663500046,0.0038110107742402,0.0047033777878821,0.0047033777878821,0.0085143885621224,0.0085143885621224,-0.0038110107742402,False,0.0077829318187766,,,,,,,,,,,,,,,,,,,,,,,,,,,,,,,,,,,,,,,,,,,,,,,,,,,,,,,,,,,,,,,,,,,,,,,,,,,,,,,,,,,,,,,,,,,,,,,,,,,,,,,,,
data/precomputed/fig01/fig1_midd_per_model.csv,flow/0000/039,3MIDD_048,0.0142443081107953,0.0082698684806245,0.0029872198150853,0.0029872198150853,0.0112570882957099,0.0112570882957099,-0.0082698684806245,False,0.0026062126838278,,,,,,,,,,,,,,,,,,,,,,,,,,,,,,,,,,,,,,,,,,,,,,,,,,,,,,,,,,,,,,,,,,,,,,,,,,,,,,,,,,,,,,,,,,,,,,,,,,,,,,,,,
data/precomputed/fig01/fig1_midd_per_model.csv,flow/0000/040,3MIDD_048,-0.009931712058326,-0.0036034313962761,-0.0031641403310249,0.0031641403310249,-0.006767571727301,0.006767571727301,-0.0036034313962761,False,-0.0251214254285107,,,,,,,,,,,,,,,,,,,,,,,,,,,,,,,,,,,,,,,,,,,,,,,,,,,,,,,,,,,,,,,,,,,,,,,,,,,,,,,,,,,,,,,,,,,,,,,,,,,,,,,,,
data/precomputed/fig01/fig1_midd_per_model.csv,flow/0000/041,3MIDD_048,0.0067749895853359,-0.0066846877520959,0.0067298386687159,0.0067298386687159,4.515091661997468e-05,4.515091661997468e-05,0.0066846877520959,True,-0.0002526368983731,,,,,,,,,,,,,,,,,,,,,,,,,,,,,,,,,,,,,,,,,,,,,,,,,,,,,,,,,,,,,,,,,,,,,,,,,,,,,,,,,,,,,,,,,,,,,,,,,,,,,,,,,
data/precomputed/fig01/fig1_midd_per_model.csv,flow/0000/042,3MIDD_048,-0.0064285387604979,-0.0040349948960943,-0.0011967719322017,0.0011967719322017,-0.0052317668282961,0.0052317668282961,-0.0040349948960943,False,0.0031623189418019,,,,,,,,,,,,,,,,,,,,,,,,,,,,,,,,,,,,,,,,,,,,,,,,,,,,,,,,,,,,,,,,,,,,,,,,,,,,,,,,,,,,,,,,,,,,,,,,,,,,,,,,,
data/precomputed/fig01/fig1_midd_per_model.csv,flow/0000/043,3MIDD_048,-0.0021418048920784,-0.0015019748038015,-0.0003199150441384,0.0003199150441384,-0.0018218898479399,0.0018218898479399,-0.0015019748038015,False,-0.0015808047154129,,,,,,,,,,,,,,,,,,,,,,,,,,,,,,,,,,,,,,,,,,,,,,,,,,,,,,,,,,,,,,,,,,,,,,,,,,,,,,,,,,,,,,,,,,,,,,,,,,,,,,,,,
data/precomputed/fig01/fig1_midd_per_model.csv,flow/0000/044,3MIDD_048,0.0008775506607046,0.0113858229718926,-0.005254136155594,0.005254136155594,0.0061316868162986,0.0061316868162986,-0.0008775506607046,False,-0.0036524976854008,,,,,,,,,,,,,,,,,,,,,,,,,,,,,,,,,,,,,,,,,,,,,,,,,,,,,,,,,,,,,,,,,,,,,,,,,,,,,,,,,,,,,,,,,,,,,,,,,,,,,,,,,
data/precomputed/fig01/fig1_midd_per_model.csv,flow/0000/045,3MIDD_048,0.0381438567996909,0.0227584003785161,0.0076927282105874,0.0076927282105874,0.0304511285891035,0.0304511285891035,-0.0227584003785161,False,0.0259286342696063,,,,,,,,,,,,,,,,,,,,,,,,,,,,,,,,,,,,,,,,,,,,,,,,,,,,,,,,,,,,,,,,,,,,,,,,,,,,,,,,,,,,,,,,,,,,,,,,,,,,,,,,,
data/precomputed/fig01/fig1_midd_per_model.csv,flow/0000/046,3MIDD_048,-0.0129461957159286,-0.0112523197313161,-0.0008469379923062,0.0008469379923062,-0.0120992577236223,0.0120992577236223,-0.0112523197313161,False,-0.0225710465204342,,,,,,,,,,,,,,,,,,,,,,,,,,,,,,,,,,,,,,,,,,,,,,,,,,,,,,,,,,,,,,,,,,,,,,,,,,,,,,,,,,,,,,,,,,,,,,,,,,,,,,,,,
data/precomputed/fig01/fig1_midd_per_model.csv,flow/0000/047,3MIDD_048,-0.0209720377414613,-0.0065689814698732,-0.007201528135794,0.007201528135794,-0.0137705096056673,0.0137705096056673,-0.0065689814698732,False,-0.0117262531239634,,,,,,,,,,,,,,,,,,,,,,,,,,,,,,,,,,,,,,,,,,,,,,,,,,,,,,,,,,,,,,,,,,,,,,,,,,,,,,,,,,,,,,,,,,,,,,,,,,,,,,,,,
data/precomputed/fig01/fig1_midd_per_model.csv,flow/0000/048,3MIDD_048,0.0125542064000541,0.0264035300881102,-0.006924661844028,0.006924661844028,0.0194788682440821,0.0194788682440821,-0.0125542064000541,False,0.0062093821330614,,,,,,,,,,,,,,,,,,,,,,,,,,,,,,,,,,,,,,,,,,,,,,,,,,,,,,,,,,,,,,,,,,,,,,,,,,,,,,,,,,,,,,,,,,,,,,,,,,,,,,,,,
data/precomputed/fig01/fig1_midd_per_model.csv,flow/0000/049,3MIDD_048,0.0100813731013169,0.0104224468490441,-0.0001705368738636,0.0001705368738636,0.0102519099751805,0.0102519099751805,-0.0100813731013169,False,0.0108710241929189,,,,,,,,,,,,,,,,,,,,,,,,,,,,,,,,,,,,,,,,,,,,,,,,,,,,,,,,,,,,,,,,,,,,,,,,,,,,,,,,,,,,,,,,,,,,,,,,,,,,,,,,,
data/precomputed/fig01/fig1_midd_per_model.csv,flow/0000/000,3MIDD_207,0.0179922293585959,0.0083424189002162,0.0048249052291898,0.0048249052291898,0.013167324129406,0.013167324129406,-0.0083424189002162,False,,,,,,,,,,,,,,,,,,,,,,,,,,,,,,,,,,,,,,,,,,,,,,,,,,,,,,,,,,,,,,,,,,,,,,,,,,,,,,,,,,,,,,,,,,,,,,,,,,,,,,,,,,
data/precomputed/fig01/fig1_midd_per_model.csv,flow/0000/001,3MIDD_207,0.0110110183874051,-0.0062873028879681,0.0086491606376866,0.0086491606376866,0.0023618577497184,0.0023618577497184,0.0062873028879681,True,,,,,,,,,,,,,,,,,,,,,,,,,,,,,,,,,,,,,,,,,,,,,,,,,,,,,,,,,,,,,,,,,,,,,,,,,,,,,,,,,,,,,,,,,,,,,,,,,,,,,,,,,,
data/precomputed/fig01/fig1_midd_per_model.csv,flow/0000/002,3MIDD_207,0.0219577717636737,0.0256204937133148,-0.0018313609748205,0.0018313609748205,0.0237891327384942,0.0237891327384942,-0.0219577717636737,False,,,,,,,,,,,,,,,,,,,,,,,,,,,,,,,,,,,,,,,,,,,,,,,,,,,,,,,,,,,,,,,,,,,,,,,,,,,,,,,,,,,,,,,,,,,,,,,,,,,,,,,,,,
data/precomputed/fig01/fig1_midd_per_model.csv,flow/0000/003,3MIDD_207,0.0514034256308256,0.0187260087622032,0.0163387084343112,0.0163387084343112,0.0350647171965144,0.0350647171965144,-0.0187260087622032,False,,,,,,,,,,,,,,,,,,,,,,,,,,,,,,,,,,,,,,,,,,,,,,,,,,,,,,,,,,,,,,,,,,,,,,,,,,,,,,,,,,,,,,,,,,,,,,,,,,,,,,,,,,
data/precomputed/fig01/fig1_midd_per_model.csv,flow/0000/004,3MIDD_207,0.0002652849394244,-0.0248239680120211,0.0125446264757228,0.0125446264757228,-0.0122793415362983,0.0122793415362983,0.0002652849394244,True,,,,,,,,,,,,,,,,,,,,,,,,,,,,,,,,,,,,,,,,,,,,,,,,,,,,,,,,,,,,,,,,,,,,,,,,,,,,,,,,,,,,,,,,,,,,,,,,,,,,,,,,,,
data/precomputed/fig01/fig1_midd_per_model.csv,flow/0000/005,3MIDD_207,0.0459812392402008,-0.0571247704721374,0.0515530048561691,0.0515530048561691,-0.0055717656159683,0.0055717656159683,0.0459812392402008,True,,,,,,,,,,,,,,,,,,,,,,,,,,,,,,,,,,,,,,,,,,,,,,,,,,,,,,,,,,,,,,,,,,,,,,,,,,,,,,,,,,,,,,,,,,,,,,,,,,,,,,,,,,
data/precomputed/fig01/fig1_midd_per_model.csv,flow/0000/006,3MIDD_207,0.0213389233869713,0.0092359704657497,0.0060514764606107,0.0060514764606107,0.0152874469263605,0.0152874469263605,-0.0092359704657497,False,,,,,,,,,,,,,,,,,,,,,,,,,,,,,,,,,,,,,,,,,,,,,,,,,,,,,,,,,,,,,,,,,,,,,,,,,,,,,,,,,,,,,,,,,,,,,,,,,,,,,,,,,,
data/precomputed/fig01/fig1_midd_per_model.csv,flow/0000/007,3MIDD_207,0.011422648411163,-0.0144106302428512,0.0129166393270071,0.0129166393270071,-0.001493990915844,0.001493990915844,0.011422648411163,True,,,,,,,,,,,,,,,,,,,,,,,,,,,,,,,,,,,,,,,,,,,,,,,,,,,,,,,,,,,,,,,,,,,,,,,,,,,,,,,,,,,,,,,,,,,,,,,,,,,,,,,,,,
data/precomputed/fig01/fig1_midd_per_model.csv,flow/0000/008,3MIDD_207,0.0126992192291196,-0.0151872815039684,0.013943250366544,0.013943250366544,-0.0012440311374243,0.0012440311374243,0.0126992192291196,True,,,,,,,,,,,,,,,,,,,,,,,,,,,,,,,,,,,,,,,,,,,,,,,,,,,,,,,,,,,,,,,,,,,,,,,,,,,,,,,,,,,,,,,,,,,,,,,,,,,,,,,,,,
data/precomputed/fig01/fig1_midd_per_model.csv,flow/0000/009,3MIDD_207,0.0279137237056888,0.0131101954749792,0.0074017641153548,0.0074017641153548,0.020511959590334,0.020511959590334,-0.0131101954749792,False,,,,,,,,,,,,,,,,,,,,,,,,,,,,,,,,,,,,,,,,,,,,,,,,,,,,,,,,,,,,,,,,,,,,,,,,,,,,,,,,,,,,,,,,,,,,,,,,,,,,,,,,,,
data/precomputed/fig01/fig1_midd_per_model.csv,flow/0000/010,3MIDD_207,0.0500482947591321,0.0066125131303603,0.0217178908143858,0.0217178908143858,0.0283304039447462,0.0283304039447462,-0.0066125131303603,False,,,,,,,,,,,,,,,,,,,,,,,,,,,,,,,,,,,,,,,,,,,,,,,,,,,,,,,,,,,,,,,,,,,,,,,,,,,,,,,,,,,,,,,,,,,,,,,,,,,,,,,,,,
data/precomputed/fig01/fig1_midd_per_model.csv,flow/0000/011,3MIDD_207,-0.0188660159559472,-0.0533831331921056,0.0172585586180792,0.0172585586180792,-0.0361245745740264,0.0361245745740264,-0.0188660159559472,False,,,,,,,,,,,,,,,,,,,,,,,,,,,,,,,,,,,,,,,,,,,,,,,,,,,,,,,,,,,,,,,,,,,,,,,,,,,,,,,,,,,,,,,,,,,,,,,,,,,,,,,,,,
data/precomputed/fig01/fig1_midd_per_model.csv,flow/0000/012,3MIDD_207,0.0276819585438449,-0.0033192449289724,0.0155006017364087,0.0155006017364087,0.0121813568074362,0.0121813568074362,0.0033192449289724,True,,,,,,,,,,,,,,,,,,,,,,,,,,,,,,,,,,,,,,,,,,,,,,,,,,,,,,,,,,,,,,,,,,,,,,,,,,,,,,,,,,,,,,,,,,,,,,,,,,,,,,,,,,
data/precomputed/fig01/fig1_midd_per_model.csv,flow/0000/013,3MIDD_207,-0.0046231344360603,0.0007934636477328,-0.0027082990418966,0.0027082990418966,-0.0019148353941637,0.0019148353941637,0.0007934636477328,True,,,,,,,,,,,,,,,,,,,,,,,,,,,,,,,,,,,,,,,,,,,,,,,,,,,,,,,,,,,,,,,,,,,,,,,,,,,,,,,,,,,,,,,,,,,,,,,,,,,,,,,,,,
data/precomputed/fig01/fig1_midd_per_model.csv,flow/0000/014,3MIDD_207,0.0281120893716719,0.0031394306967703,0.0124863293374507,0.0124863293374507,0.0156257600342211,0.0156257600342211,-0.0031394306967703,False,,,,,,,,,,,,,,,,,,,,,,,,,,,,,,,,,,,,,,,,,,,,,,,,,,,,,,,,,,,,,,,,,,,,,,,,,,,,,,,,,,,,,,,,,,,,,,,,,,,,,,,,,,
data/precomputed/fig01/fig1_midd_per_model.csv,flow/0000/015,3MIDD_207,-0.0027319190311506,-0.0018230412341938,-0.0004544388984783,0.0004544388984783,-0.0022774801326722,0.0022774801326722,-0.0018230412341938,False,,,,,,,,,,,,,,,,,,,,,,,,,,,,,,,,,,,,,,,,,,,,,,,,,,,,,,,,,,,,,,,,,,,,,,,,,,,,,,,,,,,,,,,,,,,,,,,,,,,,,,,,,,
data/precomputed/fig01/fig1_midd_per_model.csv,flow/0000/016,3MIDD_207,0.0327515583271823,-0.0148267382234063,0.0237891482752943,0.0237891482752943,0.008962410051888,0.008962410051888,0.0148267382234063,True,,,,,,,,,,,,,,,,,,,,,,,,,,,,,,,,,,,,,,,,,,,,,,,,,,,,,,,,,,,,,,,,,,,,,,,,,,,,,,,,,,,,,,,,,,,,,,,,,,,,,,,,,,
data/precomputed/fig01/fig1_midd_per_model.csv,flow/0000/017,3MIDD_207,0.0074759504394841,-0.0570770255216706,0.0322764879805774,0.0322764879805774,-0.0248005375410932,0.0248005375410932,0.0074759504394841,True,,,,,,,,,,,,,,,,,,,,,,,,,,,,,,,,,,,,,,,,,,,,,,,,,,,,,,,,,,,,,,,,,,,,,,,,,,,,,,,,,,,,,,,,,,,,,,,,,,,,,,,,,,
data/precomputed/fig01/fig1_midd_per_model.csv,flow/0000/018,3MIDD_207,0.0050512980817842,-0.0024645866357831,0.0037579423587837,0.0037579423587837,0.0012933557230005,0.0012933557230005,0.0024645866357831,True,,,,,,,,,,,,,,,,,,,,,,,,,,,,,,,,,,,,,,,,,,,,,,,,,,,,,,,,,,,,,,,,,,,,,,,,,,,,,,,,,,,,,,,,,,,,,,,,,,,,,,,,,,
data/precomputed/fig01/fig1_midd_per_model.csv,flow/0000/019,3MIDD_207,0.020225728031755,0.0148759150921873,0.0026749064697838,0.0026749064697838,0.0175508215619711,0.0175508215619711,-0.0148759150921873,False,,,,,,,,,,,,,,,,,,,,,,,,,,,,,,,,,,,,,,,,,,,,,,,,,,,,,,,,,,,,,,,,,,,,,,,,,,,,,,,,,,,,,,,,,,,,,,,,,,,,,,,,,,
data/precomputed/fig01/fig1_midd_per_model.csv,flow/0000/020,3MIDD_207,0.0112697768399041,0.0003146543046586,0.0054775612676227,0.0054775612676227,0.0057922155722814,0.0057922155722814,-0.0003146543046586,False,,,,,,,,,,,,,,,,,,,,,,,,,,,,,,,,,,,,,,,,,,,,,,,,,,,,,,,,,,,,,,,,,,,,,,,,,,,,,,,,,,,,,,,,,,,,,,,,,,,,,,,,,,
data/precomputed/fig01/fig1_midd_per_model.csv,flow/0000/021,3MIDD_207,0.0063429999550409,-0.0113150258327041,0.0088290128938725,0.0088290128938725,-0.0024860129388316,0.0024860129388316,0.0063429999550409,True,,,,,,,,,,,,,,,,,,,,,,,,,,,,,,,,,,,,,,,,,,,,,,,,,,,,,,,,,,,,,,,,,,,,,,,,,,,,,,,,,,,,,,,,,,,,,,,,,,,,,,,,,,
data/precomputed/fig01/fig1_midd_per_model.csv,flow/0000/022,3MIDD_207,0.0145384400221432,-0.0106721876765098,0.0126053138493265,0.0126053138493265,0.0019331261728167,0.0019331261728167,0.0106721876765098,True,,,,,,,,,,,,,,,,,,,,,,,,,,,,,,,,,,,,,,,,,,,,,,,,,,,,,,,,,,,,,,,,,,,,,,,,,,,,,,,,,,,,,,,,,,,,,,,,,,,,,,,,,,
data/precomputed/fig01/fig1_midd_per_model.csv,flow/0000/023,3MIDD_207,0.0220109362283645,0.0079406955682436,0.0070351203300604,0.0070351203300604,0.0149758158983041,0.0149758158983041,-0.0079406955682436,False,,,,,,,,,,,,,,,,,,,,,,,,,,,,,,,,,,,,,,,,,,,,,,,,,,,,,,,,,,,,,,,,,,,,,,,,,,,,,,,,,,,,,,,,,,,,,,,,,,,,,,,,,,
data/precomputed/fig01/fig1_midd_per_model.csv,flow/0000/024,3MIDD_207,0.0586800610562645,0.0123367431652363,0.023171658945514,0.023171658945514,0.0355084021107504,0.0355084021107504,-0.0123367431652363,False,,,,,,,,,,,,,,,,,,,,,,,,,,,,,,,,,,,,,,,,,,,,,,,,,,,,,,,,,,,,,,,,,,,,,,,,,,,,,,,,,,,,,,,,,,,,,,,,,,,,,,,,,,
data/precomputed/fig01/fig1_midd_per_model.csv,flow/0000/025,3MIDD_207,-0.0034870567819433,-0.0017461554737235,-0.0008704506541098,0.0008704506541098,-0.0026166061278334,0.0026166061278334,-0.0017461554737235,False,,,,,,,,,,,,,,,,,,,,,,,,,,,,,,,,,,,,,,,,,,,,,,,,,,,,,,,,,,,,,,,,,,,,,,,,,,,,,,,,,,,,,,,,,,,,,,,,,,,,,,,,,,
data/precomputed/fig01/fig1_midd_per_model.csv,flow/0000/026,3MIDD_207,-0.0091321741926202,-0.0257494971980642,0.008308661502722,0.008308661502722,-0.0174408356953422,0.0174408356953422,-0.0091321741926202,False,,,,,,,,,,,,,,,,,,,,,,,,,,,,,,,,,,,,,,,,,,,,,,,,,,,,,,,,,,,,,,,,,,,,,,,,,,,,,,,,,,,,,,,,,,,,,,,,,,,,,,,,,,
data/precomputed/fig01/fig1_midd_per_model.csv,flow/0000/027,3MIDD_207,0.0108103120056232,-0.041267647107973,0.0260389795567981,0.0260389795567981,-0.0152286675511748,0.0152286675511748,0.0108103120056232,True,,,,,,,,,,,,,,,,,,,,,,,,,,,,,,,,,,,,,,,,,,,,,,,,,,,,,,,,,,,,,,,,,,,,,,,,,,,,,,,,,,,,,,,,,,,,,,,,,,,,,,,,,,
data/precomputed/fig01/fig1_midd_per_model.csv,flow/0000/028,3MIDD_207,0.0077667732672475,-0.0098514440022774,0.0088091086347624,0.0088091086347624,-0.0010423353675149,0.0010423353675149,0.0077667732672475,True,,,,,,,,,,,,,,,,,,,,,,,,,,,,,,,,,,,,,,,,,,,,,,,,,,,,,,,,,,,,,,,,,,,,,,,,,,,,,,,,,,,,,,,,,,,,,,,,,,,,,,,,,,
data/precomputed/fig01/fig1_midd_per_model.csv,flow/0000/029,3MIDD_207,0.043576127394647,0.0424969954499127,0.0005395659723671,0.0005395659723671,0.0430365614222798,0.0430365614222798,-0.0424969954499127,False,,,,,,,,,,,,,,,,,,,,,,,,,,,,,,,,,,,,,,,,,,,,,,,,,,,,,,,,,,,,,,,,,,,,,,,,,,,,,,,,,,,,,,,,,,,,,,,,,,,,,,,,,,
data/precomputed/fig01/fig1_midd_per_model.csv,flow/0000/030,3MIDD_207,0.0059623377443706,-0.0143638501689662,0.0101630939566684,0.0101630939566684,-0.0042007562122978,0.0042007562122978,0.0059623377443706,True,,,,,,,,,,,,,,,,,,,,,,,,,,,,,,,,,,,,,,,,,,,,,,,,,,,,,,,,,,,,,,,,,,,,,,,,,,,,,,,,,,,,,,,,,,,,,,,,,,,,,,,,,,
data/precomputed/fig01/fig1_midd_per_model.csv,flow/0000/031,3MIDD_207,0.0561312442499161,0.0133122219913991,0.0214095111292585,0.0214095111292585,0.0347217331206576,0.0347217331206576,-0.0133122219913991,False,,,,,,,,,,,,,,,,,,,,,,,,,,,,,,,,,,,,,,,,,,,,,,,,,,,,,,,,,,,,,,,,,,,,,,,,,,,,,,,,,,,,,,,,,,,,,,,,,,,,,,,,,,
data/precomputed/fig01/fig1_midd_per_model.csv,flow/0000/032,3MIDD_207,-0.022590514640003,-0.0099194268853122,-0.0063355438773453,0.0063355438773453,-0.0162549707626576,0.0162549707626576,-0.0099194268853122,False,,,,,,,,,,,,,,,,,,,,,,,,,,,,,,,,,,,,,,,,,,,,,,,,,,,,,,,,,,,,,,,,,,,,,,,,,,,,,,,,,,,,,,,,,,,,,,,,,,,,,,,,,,
data/precomputed/fig01/fig1_midd_per_model.csv,flow/0000/033,3MIDD_207,0.0162567595946994,-0.0004871391058189,0.0083719493502591,0.0083719493502591,0.0078848102444402,0.0078848102444402,0.0004871391058189,True,,,,,,,,,,,,,,,,,,,,,,,,,,,,,,,,,,,,,,,,,,,,,,,,,,,,,,,,,,,,,,,,,,,,,,,,,,,,,,,,,,,,,,,,,,,,,,,,,,,,,,,,,,
data/precomputed/fig01/fig1_midd_per_model.csv,flow/0000/034,3MIDD_207,-0.0020193047327939,-0.0044511435028451,0.0012159193850256,0.0012159193850256,-0.0032352241178195,0.0032352241178195,-0.0020193047327939,False,,,,,,,,,,,,,,,,,,,,,,,,,,,,,,,,,,,,,,,,,,,,,,,,,,,,,,,,,,,,,,,,,,,,,,,,,,,,,,,,,,,,,,,,,,,,,,,,,,,,,,,,,,
data/precomputed/fig01/fig1_midd_per_model.csv,flow/0000/035,3MIDD_207,0.0438040020607575,0.0393274042188109,0.0022382989209733,0.0022382989209733,0.0415657031397842,0.0415657031397842,-0.0393274042188109,False,,,,,,,,,,,,,,,,,,,,,,,,,,,,,,,,,,,,,,,,,,,,,,,,,,,,,,,,,,,,,,,,,,,,,,,,,,,,,,,,,,,,,,,,,,,,,,,,,,,,,,,,,,
data/precomputed/fig01/fig1_midd_per_model.csv,flow/0000/036,3MIDD_207,0.0263793717860748,0.0352206951584752,-0.0044206616862002,0.0044206616862002,0.030800033472275,0.030800033472275,-0.0263793717860748,False,,,,,,,,,,,,,,,,,,,,,,,,,,,,,,,,,,,,,,,,,,,,,,,,,,,,,,,,,,,,,,,,,,,,,,,,,,,,,,,,,,,,,,,,,,,,,,,,,,,,,,,,,,
data/precomputed/fig01/fig1_midd_per_model.csv,flow/0000/037,3MIDD_207,0.0220310330510661,0.0199375698588171,0.0010467315961245,0.0010467315961245,0.0209843014549416,0.0209843014549416,-0.0199375698588171,False,,,,,,,,,,,,,,,,,,,,,,,,,,,,,,,,,,,,,,,,,,,,,,,,,,,,,,,,,,,,,,,,,,,,,,,,,,,,,,,,,,,,,,,,,,,,,,,,,,,,,,,,,,
data/precomputed/fig01/fig1_midd_per_model.csv,flow/0000/038,3MIDD_207,0.018392728034532,0.0095410917833658,0.004425818125583,0.004425818125583,0.0139669099089489,0.0139669099089489,-0.0095410917833658,False,,,,,,,,,,,,,,,,,,,,,,,,,,,,,,,,,,,,,,,,,,,,,,,,,,,,,,,,,,,,,,,,,,,,,,,,,,,,,,,,,,,,,,,,,,,,,,,,,,,,,,,,,,
data/precomputed/fig01/fig1_midd_per_model.csv,flow/0000/039,3MIDD_207,0.0116825791383698,0.0051267817812871,0.0032778986785413,0.0032778986785413,0.0084046804598284,0.0084046804598284,-0.0051267817812871,False,,,,,,,,,,,,,,,,,,,,,,,,,,,,,,,,,,,,,,,,,,,,,,,,,,,,,,,,,,,,,,,,,,,,,,,,,,,,,,,,,,,,,,,,,,,,,,,,,,,,,,,,,,
data/precomputed/fig01/fig1_midd_per_model.csv,flow/0000/040,3MIDD_207,-0.0279409792386163,-0.0190496258152397,-0.0044456767116882,0.0044456767116882,-0.023495302526928,0.023495302526928,-0.0190496258152397,False,,,,,,,,,,,,,,,,,,,,,,,,,,,,,,,,,,,,,,,,,,,,,,,,,,,,,,,,,,,,,,,,,,,,,,,,,,,,,,,,,,,,,,,,,,,,,,,,,,,,,,,,,,
data/precomputed/fig01/fig1_midd_per_model.csv,flow/0000/041,3MIDD_207,0.0073116664099217,-0.0056798256057736,0.0064957460078477,0.0064957460078477,0.000815920402074,0.000815920402074,0.0056798256057736,True,,,,,,,,,,,,,,,,,,,,,,,,,,,,,,,,,,,,,,,,,,,,,,,,,,,,,,,,,,,,,,,,,,,,,,,,,,,,,,,,,,,,,,,,,,,,,,,,,,,,,,,,,,
data/precomputed/fig01/fig1_midd_per_model.csv,flow/0000/042,3MIDD_207,-0.0041163657657226,-0.0028143244570316,-0.0006510206543454,0.0006510206543454,-0.0034653451113771,0.0034653451113771,-0.0028143244570316,False,,,,,,,,,,,,,,,,,,,,,,,,,,,,,,,,,,,,,,,,,,,,,,,,,,,,,,,,,,,,,,,,,,,,,,,,,,,,,,,,,,,,,,,,,,,,,,,,,,,,,,,,,,
data/precomputed/fig01/fig1_midd_per_model.csv,flow/0000/043,3MIDD_207,0.0014091909318497,0.0107819048407852,-0.0046863569544677,0.0046863569544677,0.0060955478863175,0.0060955478863175,-0.0014091909318497,False,,,,,,,,,,,,,,,,,,,,,,,,,,,,,,,,,,,,,,,,,,,,,,,,,,,,,,,,,,,,,,,,,,,,,,,,,,,,,,,,,,,,,,,,,,,,,,,,,,,,,,,,,,
data/precomputed/fig01/fig1_midd_per_model.csv,flow/0000/044,3MIDD_207,0.0203009379801593,0.0025014202592393,0.00889975886046,0.00889975886046,0.0114011791196993,0.0114011791196993,-0.0025014202592393,False,,,,,,,,,,,,,,,,,,,,,,,,,,,,,,,,,,,,,,,,,,,,,,,,,,,,,,,,,,,,,,,,,,,,,,,,,,,,,,,,,,,,,,,,,,,,,,,,,,,,,,,,,,
data/precomputed/fig01/fig1_midd_per_model.csv,flow/0000/045,3MIDD_207,-0.0073662272996464,-0.0138739609001681,0.0032538668002608,0.0032538668002608,-0.0106200940999072,0.0106200940999072,-0.0073662272996464,False,,,,,,,,,,,,,,,,,,,,,,,,,,,,,,,,,,,,,,,,,,,,,,,,,,,,,,,,,,,,,,,,,,,,,,,,,,,,,,,,,,,,,,,,,,,,,,,,,,,,,,,,,,
data/precomputed/fig01/fig1_midd_per_model.csv,flow/0000/046,3MIDD_207,-0.0152265954043776,-0.0115786788179356,-0.0018239582932209,0.0018239582932209,-0.0134026371111566,0.0134026371111566,-0.0115786788179356,False,,,,,,,,,,,,,,,,,,,,,,,,,,,,,,,,,,,,,,,,,,,,,,,,,,,,,,,,,,,,,,,,,,,,,,,,,,,,,,,,,,,,,,,,,,,,,,,,,,,,,,,,,,
data/precomputed/fig01/fig1_midd_per_model.csv,flow/0000/047,3MIDD_207,0.0051945500473101,-0.0023586275666274,0.0037765888069688,0.0037765888069688,0.0014179612403413,0.0014179612403413,0.0023586275666274,True,,,,,,,,,,,,,,,,,,,,,,,,,,,,,,,,,,,,,,,,,,,,,,,,,,,,,,,,,,,,,,,,,,,,,,,,,,,,,,,,,,,,,,,,,,,,,,,,,,,,,,,,,,
data/precomputed/fig01/fig1_midd_per_model.csv,flow/0000/048,3MIDD_207,0.0173282195830767,0.0139618443302335,0.0016831876264216,0.0016831876264216,0.0156450319566551,0.0156450319566551,-0.0139618443302335,False,,,,,,,,,,,,,,,,,,,,,,,,,,,,,,,,,,,,,,,,,,,,,,,,,,,,,,,,,,,,,,,,,,,,,,,,,,,,,,,,,,,,,,,,,,,,,,,,,,,,,,,,,,
data/precomputed/fig01/fig1_midd_per_model.csv,flow/0000/049,3MIDD_207,0.0147985944086117,0.0140046684729637,0.0003969629678239,0.0003969629678239,0.0144016314407877,0.0144016314407877,-0.0140046684729637,False,,,,,,,,,,,,,,,,,,,,,,,,,,,,,,,,,,,,,,,,,,,,,,,,,,,,,,,,,,,,,,,,,,,,,,,,,,,,,,,,,,,,,,,,,,,,,,,,,,,,,,,,,,
data/precomputed/fig01/fig1_midd_per_model.csv,flow/0000/000,4MIDD_085_170,0.008371029413923,0.0069221529740579,0.0007244382199325,0.0007244382199325,0.0076465911939905,0.0076465911939905,-0.0069221529740579,False,,,,,,,,,,,,,,,,,,,,,,,,,,,,,,,,,,,,,,,,,,,,,,,,,,,,,,,,,,,,,,,,,,,,,,,,,,,,,,,,,,,,,,,,,,,,,,,,,,,,,,,,,,
data/precomputed/fig01/fig1_midd_per_model.csv,flow/0000/001,4MIDD_085_170,-0.0011036726791434,-0.0033019422620912,0.0010991347914739,0.0010991347914739,-0.0022028074706173,0.0022028074706173,-0.0011036726791434,False,,,,,,,,,,,,,,,,,,,,,,,,,,,,,,,,,,,,,,,,,,,,,,,,,,,,,,,,,,,,,,,,,,,,,,,,,,,,,,,,,,,,,,,,,,,,,,,,,,,,,,,,,,
data/precomputed/fig01/fig1_midd_per_model.csv,flow/0000/002,4MIDD_085_170,0.0113113920793486,0.0029931437091728,0.0041591241850879,0.0041591241850879,0.0071522678942607,0.0071522678942607,-0.0029931437091728,False,,,,,,,,,,,,,,,,,,,,,,,,,,,,,,,,,,,,,,,,,,,,,,,,,,,,,,,,,,,,,,,,,,,,,,,,,,,,,,,,,,,,,,,,,,,,,,,,,,,,,,,,,,
data/precomputed/fig01/fig1_midd_per_model.csv,flow/0000/003,4MIDD_085_170,0.0346271281241783,0.0113246153552815,0.0116512563844484,0.0116512563844484,0.0229758717397299,0.0229758717397299,-0.0113246153552815,False,,,,,,,,,,,,,,,,,,,,,,,,,,,,,,,,,,,,,,,,,,,,,,,,,,,,,,,,,,,,,,,,,,,,,,,,,,,,,,,,,,,,,,,,,,,,,,,,,,,,,,,,,,
data/precomputed/fig01/fig1_midd_per_model.csv,flow/0000/004,4MIDD_085_170,-0.0177321378281578,-0.0161683582421646,-0.0007818897929965,0.0007818897929965,-0.0169502480351612,0.0169502480351612,-0.0161683582421646,False,,,,,,,,,,,,,,,,,,,,,,,,,,,,,,,,,,,,,,,,,,,,,,,,,,,,,,,,,,,,,,,,,,,,,,,,,,,,,,,,,,,,,,,,,,,,,,,,,,,,,,,,,,
data/precomputed/fig01/fig1_midd_per_model.csv,flow/0000/005,4MIDD_085_170,-0.0042026716416958,0.0024025286478427,-0.0033026001447692,0.0033026001447692,-0.0009000714969265,0.0009000714969265,0.0024025286478427,True,,,,,,,,,,,,,,,,,,,,,,,,,,,,,,,,,,,,,,,,,,,,,,,,,,,,,,,,,,,,,,,,,,,,,,,,,,,,,,,,,,,,,,,,,,,,,,,,,,,,,,,,,,
data/precomputed/fig01/fig1_midd_per_model.csv,flow/0000/006,4MIDD_085_170,0.0202674208370267,-0.0047110385240639,0.0124892296805453,0.0124892296805453,0.0077781911564814,0.0077781911564814,0.0047110385240639,True,,,,,,,,,,,,,,,,,,,,,,,,,,,,,,,,,,,,,,,,,,,,,,,,,,,,,,,,,,,,,,,,,,,,,,,,,,,,,,,,,,,,,,,,,,,,,,,,,,,,,,,,,,
data/precomputed/fig01/fig1_midd_per_model.csv,flow/0000/007,4MIDD_085_170,0.0009682145815162,-0.0014908431858828,0.0012295288836995,0.0012295288836995,-0.0002613143021833,0.0002613143021833,0.0009682145815162,True,,,,,,,,,,,,,,,,,,,,,,,,,,,,,,,,,,,,,,,,,,,,,,,,,,,,,,,,,,,,,,,,,,,,,,,,,,,,,,,,,,,,,,,,,,,,,,,,,,,,,,,,,,
data/precomputed/fig01/fig1_midd_per_model.csv,flow/0000/008,4MIDD_085_170,-0.0094964409642498,0.0018106809490976,-0.0056535609566737,0.0056535609566737,-0.0038428800075761,0.0038428800075761,0.0018106809490976,True,,,,,,,,,,,,,,,,,,,,,,,,,,,,,,,,,,,,,,,,,,,,,,,,,,,,,,,,,,,,,,,,,,,,,,,,,,,,,,,,,,,,,,,,,,,,,,,,,,,,,,,,,,
data/precomputed/fig01/fig1_midd_per_model.csv,flow/0000/009,4MIDD_085_170,0.015370021241146,0.0017223128043919,0.006823854218377,0.006823854218377,0.008546167022769,0.008546167022769,-0.0017223128043919,False,,,,,,,,,,,,,,,,,,,,,,,,,,,,,,,,,,,,,,,,,,,,,,,,,,,,,,,,,,,,,,,,,,,,,,,,,,,,,,,,,,,,,,,,,,,,,,,,,,,,,,,,,,
data/precomputed/fig01/fig1_midd_per_model.csv,flow/0000/010,4MIDD_085_170,0.011525750117288,0.004247966175716,0.0036388919707859,0.0036388919707859,0.007886858146502,0.007886858146502,-0.004247966175716,False,,,,,,,,,,,,,,,,,,,,,,,,,,,,,,,,,,,,,,,,,,,,,,,,,,,,,,,,,,,,,,,,,,,,,,,,,,,,,,,,,,,,,,,,,,,,,,,,,,,,,,,,,,
data/precomputed/fig01/fig1_midd_per_model.csv,flow/0000/011,4MIDD_085_170,-0.029152518124056,-0.0221723427113783,-0.0034900877063388,0.0034900877063388,-0.0256624304177172,0.0256624304177172,-0.0221723427113783,False,,,,,,,,,,,,,,,,,,,,,,,,,,,,,,,,,,,,,,,,,,,,,,,,,,,,,,,,,,,,,,,,,,,,,,,,,,,,,,,,,,,,,,,,,,,,,,,,,,,,,,,,,,
data/precomputed/fig01/fig1_midd_per_model.csv,flow/0000/012,4MIDD_085_170,0.0277049994221363,0.0199455731964592,0.0038797131128385,0.0038797131128385,0.0238252863092978,0.0238252863092978,-0.0199455731964592,False,,,,,,,,,,,,,,,,,,,,,,,,,,,,,,,,,,,,,,,,,,,,,,,,,,,,,,,,,,,,,,,,,,,,,,,,,,,,,,,,,,,,,,,,,,,,,,,,,,,,,,,,,,
data/precomputed/fig01/fig1_midd_per_model.csv,flow/0000/013,4MIDD_085_170,-0.0011711996186285,-0.000216807269955,-0.0004771961743367,0.0004771961743367,-0.0006940034442917,0.0006940034442917,-0.000216807269955,False,,,,,,,,,,,,,,,,,,,,,,,,,,,,,,,,,,,,,,,,,,,,,,,,,,,,,,,,,,,,,,,,,,,,,,,,,,,,,,,,,,,,,,,,,,,,,,,,,,,,,,,,,,
data/precomputed/fig01/fig1_midd_per_model.csv,flow/0000/014,4MIDD_085_170,0.0229371231649993,0.0040530647021861,0.0094420292314066,0.0094420292314066,0.0134950939335927,0.0134950939335927,-0.0040530647021861,False,,,,,,,,,,,,,,,,,,,,,,,,,,,,,,,,,,,,,,,,,,,,,,,,,,,,,,,,,,,,,,,,,,,,,,,,,,,,,,,,,,,,,,,,,,,,,,,,,,,,,,,,,,
data/precomputed/fig01/fig1_midd_per_model.csv,flow/0000/015,4MIDD_085_170,-0.0006973326055723,0.0011144249786059,-0.0009058787920891,0.0009058787920891,0.0002085461865168,0.0002085461865168,0.0006973326055723,True,,,,,,,,,,,,,,,,,,,,,,,,,,,,,,,,,,,,,,,,,,,,,,,,,,,,,,,,,,,,,,,,,,,,,,,,,,,,,,,,,,,,,,,,,,,,,,,,,,,,,,,,,,
data/precomputed/fig01/fig1_midd_per_model.csv,flow/0000/016,4MIDD_085_170,0.0147734202460869,-0.0104931151552119,0.0126332677006494,0.0126332677006494,0.0021401525454374,0.0021401525454374,0.0104931151552119,True,,,,,,,,,,,,,,,,,,,,,,,,,,,,,,,,,,,,,,,,,,,,,,,,,,,,,,,,,,,,,,,,,,,,,,,,,,,,,,,,,,,,,,,,,,,,,,,,,,,,,,,,,,
data/precomputed/fig01/fig1_midd_per_model.csv,flow/0000/017,4MIDD_085_170,-0.0175416658642509,-0.0336412233445126,0.0080497787401308,0.0080497787401308,-0.0255914446043817,0.0255914446043817,-0.0175416658642509,False,,,,,,,,,,,,,,,,,,,,,,,,,,,,,,,,,,,,,,,,,,,,,,,,,,,,,,,,,,,,,,,,,,,,,,,,,,,,,,,,,,,,,,,,,,,,,,,,,,,,,,,,,,
data/precomputed/fig01/fig1_midd_per_model.csv,flow/0000/018,4MIDD_085_170,0.0115258376637723,0.0017484206878208,0.0048887084879757,0.0048887084879757,0.0066371291757966,0.0066371291757966,-0.0017484206878208,False,,,,,,,,,,,,,,,,,,,,,,,,,,,,,,,,,,,,,,,,,,,,,,,,,,,,,,,,,,,,,,,,,,,,,,,,,,,,,,,,,,,,,,,,,,,,,,,,,,,,,,,,,,
data/precomputed/fig01/fig1_midd_per_model.csv,flow/0000/019,4MIDD_085_170,0.0203129178861083,0.015841336438632,0.0022357907237381,0.0022357907237381,0.0180771271623702,0.0180771271623702,-0.015841336438632,False,,,,,,,,,,,,,,,,,,,,,,,,,,,,,,,,,,,,,,,,,,,,,,,,,,,,,,,,,,,,,,,,,,,,,,,,,,,,,,,,,,,,,,,,,,,,,,,,,,,,,,,,,,
data/precomputed/fig01/fig1_midd_per_model.csv,flow/0000/020,4MIDD_085_170,0.0075521085602715,0.0012489263000619,0.0031515911301048,0.0031515911301048,0.0044005174301667,0.0044005174301667,-0.0012489263000619,False,,,,,,,,,,,,,,,,,,,,,,,,,,,,,,,,,,,,,,,,,,,,,,,,,,,,,,,,,,,,,,,,,,,,,,,,,,,,,,,,,,,,,,,,,,,,,,,,,,,,,,,,,,
data/precomputed/fig01/fig1_midd_per_model.csv,flow/0000/021,4MIDD_085_170,0.0196725830328172,0.0160248865594265,0.0018238482366953,0.0018238482366953,0.0178487347961219,0.0178487347961219,-0.0160248865594265,False,,,,,,,,,,,,,,,,,,,,,,,,,,,,,,,,,,,,,,,,,,,,,,,,,,,,,,,,,,,,,,,,,,,,,,,,,,,,,,,,,,,,,,,,,,,,,,,,,,,,,,,,,,
data/precomputed/fig01/fig1_midd_per_model.csv,flow/0000/022,4MIDD_085_170,0.0031548928621384,-0.0086688831380955,0.0059118880001169,0.0059118880001169,-0.0027569951379785,0.0027569951379785,0.0031548928621384,True,,,,,,,,,,,,,,,,,,,,,,,,,,,,,,,,,,,,,,,,,,,,,,,,,,,,,,,,,,,,,,,,,,,,,,,,,,,,,,,,,,,,,,,,,,,,,,,,,,,,,,,,,,
data/precomputed/fig01/fig1_midd_per_model.csv,flow/0000/023,4MIDD_085_170,0.0059082534384946,0.0078445647041516,-0.0009681556328284,0.0009681556328284,0.0068764090713231,0.0068764090713231,-0.0059082534384946,False,,,,,,,,,,,,,,,,,,,,,,,,,,,,,,,,,,,,,,,,,,,,,,,,,,,,,,,,,,,,,,,,,,,,,,,,,,,,,,,,,,,,,,,,,,,,,,,,,,,,,,,,,,
data/precomputed/fig01/fig1_midd_per_model.csv,flow/0000/024,4MIDD_085_170,0.0213667571995107,0.0103658814512921,0.0055004378741092,0.0055004378741092,0.0158663193254014,0.0158663193254014,-0.0103658814512921,False,,,,,,,,,,,,,,,,,,,,,,,,,,,,,,,,,,,,,,,,,,,,,,,,,,,,,,,,,,,,,,,,,,,,,,,,,,,,,,,,,,,,,,,,,,,,,,,,,,,,,,,,,,
data/precomputed/fig01/fig1_midd_per_model.csv,flow/0000/025,4MIDD_085_170,0.0029579735612766,0.004440244959389,-0.0007411356990561,0.0007411356990561,0.0036991092603328,0.0036991092603328,-0.0029579735612766,False,,,,,,,,,,,,,,,,,,,,,,,,,,,,,,,,,,,,,,,,,,,,,,,,,,,,,,,,,,,,,,,,,,,,,,,,,,,,,,,,,,,,,,,,,,,,,,,,,,,,,,,,,,
data/precomputed/fig01/fig1_midd_per_model.csv,flow/0000/026,4MIDD_085_170,-0.0145879780584872,-0.0184712610866348,0.0019416415140738,0.0019416415140738,-0.016529619572561,0.016529619572561,-0.0145879780584872,False,,,,,,,,,,,,,,,,,,,,,,,,,,,,,,,,,,,,,,,,,,,,,,,,,,,,,,,,,,,,,,,,,,,,,,,,,,,,,,,,,,,,,,,,,,,,,,,,,,,,,,,,,,
data/precomputed/fig01/fig1_midd_per_model.csv,flow/0000/027,4MIDD_085_170,-0.0053663922014886,-0.0253256425226866,0.009979625160599,0.009979625160599,-0.0153460173620876,0.0153460173620876,-0.0053663922014886,False,,,,,,,,,,,,,,,,,,,,,,,,,,,,,,,,,,,,,,,,,,,,,,,,,,,,,,,,,,,,,,,,,,,,,,,,,,,,,,,,,,,,,,,,,,,,,,,,,,,,,,,,,,
data/precomputed/fig01/fig1_midd_per_model.csv,flow/0000/028,4MIDD_085_170,0.0027276739014597,-0.0028486289651809,0.0027881514333203,0.0027881514333203,-6.047753186060262e-05,6.047753186060262e-05,0.0027276739014597,True,,,,,,,,,,,,,,,,,,,,,,,,,,,,,,,,,,,,,,,,,,,,,,,,,,,,,,,,,,,,,,,,,,,,,,,,,,,,,,,,,,,,,,,,,,,,,,,,,,,,,,,,,,
data/precomputed/fig01/fig1_midd_per_model.csv,flow/0000/029,4MIDD_085_170,0.0403304720364778,0.0249128091770782,0.0077088314296997,0.0077088314296997,0.032621640606778,0.032621640606778,-0.0249128091770782,False,,,,,,,,,,,,,,,,,,,,,,,,,,,,,,,,,,,,,,,,,,,,,,,,,,,,,,,,,,,,,,,,,,,,,,,,,,,,,,,,,,,,,,,,,,,,,,,,,,,,,,,,,,
data/precomputed/fig01/fig1_midd_per_model.csv,flow/0000/030,4MIDD_085_170,-0.00285895528897,-0.0206556807687124,0.0088983627398711,0.0088983627398711,-0.0117573180288412,0.0117573180288412,-0.00285895528897,False,,,,,,,,,,,,,,,,,,,,,,,,,,,,,,,,,,,,,,,,,,,,,,,,,,,,,,,,,,,,,,,,,,,,,,,,,,,,,,,,,,,,,,,,,,,,,,,,,,,,,,,,,,
data/precomputed/fig01/fig1_midd_per_model.csv,flow/0000/031,4MIDD_085_170,0.047693314132095,0.0143366920133855,0.0166783110593547,0.0166783110593547,0.0310150030727402,0.0310150030727402,-0.0143366920133855,False,,,,,,,,,,,,,,,,,,,,,,,,,,,,,,,,,,,,,,,,,,,,,,,,,,,,,,,,,,,,,,,,,,,,,,,,,,,,,,,,,,,,,,,,,,,,,,,,,,,,,,,,,,
data/precomputed/fig01/fig1_midd_per_model.csv,flow/0000/032,4MIDD_085_170,-0.0417623263972963,-0.0276355656425783,-0.0070633803773589,0.0070633803773589,-0.0346989460199373,0.0346989460199373,-0.0276355656425783,False,,,,,,,,,,,,,,,,,,,,,,,,,,,,,,,,,,,,,,,,,,,,,,,,,,,,,,,,,,,,,,,,,,,,,,,,,,,,,,,,,,,,,,,,,,,,,,,,,,,,,,,,,,
data/precomputed/fig01/fig1_midd_per_model.csv,flow/0000/033,4MIDD_085_170,-0.0009507286705116,-0.0099998705062123,0.0045245709178503,0.0045245709178503,-0.005475299588362,0.005475299588362,-0.0009507286705116,False,,,,,,,,,,,,,,,,,,,,,,,,,,,,,,,,,,,,,,,,,,,,,,,,,,,,,,,,,,,,,,,,,,,,,,,,,,,,,,,,,,,,,,,,,,,,,,,,,,,,,,,,,,
data/precomputed/fig01/fig1_midd_per_model.csv,flow/0000/034,4MIDD_085_170,-0.0081327474449165,-0.0049845014486479,-0.0015741229981343,0.0015741229981343,-0.0065586244467822,0.0065586244467822,-0.0049845014486479,False,,,,,,,,,,,,,,,,,,,,,,,,,,,,,,,,,,,,,,,,,,,,,,,,,,,,,,,,,,,,,,,,,,,,,,,,,,,,,,,,,,,,,,,,,,,,,,,,,,,,,,,,,,
data/precomputed/fig01/fig1_midd_per_model.csv,flow/0000/035,4MIDD_085_170,0.0278669979144607,-6.518758464964625e-05,0.0139660927495552,0.0139660927495552,0.0139009051649055,0.0139009051649055,6.518758464964594e-05,True,,,,,,,,,,,,,,,,,,,,,,,,,,,,,,,,,,,,,,,,,,,,,,,,,,,,,,,,,,,,,,,,,,,,,,,,,,,,,,,,,,,,,,,,,,,,,,,,,,,,,,,,,,
data/precomputed/fig01/fig1_midd_per_model.csv,flow/0000/036,4MIDD_085_170,0.0418229658655241,0.0303283831791438,0.0057472913431901,0.0057472913431901,0.036075674522334,0.036075674522334,-0.0303283831791438,False,,,,,,,,,,,,,,,,,,,,,,,,,,,,,,,,,,,,,,,,,,,,,,,,,,,,,,,,,,,,,,,,,,,,,,,,,,,,,,,,,,,,,,,,,,,,,,,,,,,,,,,,,,
data/precomputed/fig01/fig1_midd_per_model.csv,flow/0000/037,4MIDD_085_170,0.0227030256083304,0.0016206514123947,0.0105411870979678,0.0105411870979678,0.0121618385103625,0.0121618385103625,-0.0016206514123947,False,,,,,,,,,,,,,,,,,,,,,,,,,,,,,,,,,,,,,,,,,,,,,,,,,,,,,,,,,,,,,,,,,,,,,,,,,,,,,,,,,,,,,,,,,,,,,,,,,,,,,,,,,,
data/precomputed/fig01/fig1_midd_per_model.csv,flow/0000/038,4MIDD_085_170,0.014886528703381,0.0234907371468103,-0.0043021042217146,0.0043021042217146,0.0191886329250956,0.0191886329250956,-0.014886528703381,False,,,,,,,,,,,,,,,,,,,,,,,,,,,,,,,,,,,,,,,,,,,,,,,,,,,,,,,,,,,,,,,,,,,,,,,,,,,,,,,,,,,,,,,,,,,,,,,,,,,,,,,,,,
data/precomputed/fig01/fig1_midd_per_model.csv,flow/0000/039,4MIDD_085_170,0.0088693428972921,0.0112729767091177,-0.0012018169059128,0.0012018169059128,0.0100711598032049,0.0100711598032049,-0.0088693428972921,False,,,,,,,,,,,,,,,,,,,,,,,,,,,,,,,,,,,,,,,,,,,,,,,,,,,,,,,,,,,,,,,,,,,,,,,,,,,,,,,,,,,,,,,,,,,,,,,,,,,,,,,,,,
data/precomputed/fig01/fig1_midd_per_model.csv,flow/0000/040,4MIDD_085_170,-0.0131881555011,-0.011089638441377,-0.0010492585298614,0.0010492585298614,-0.0121388969712385,0.0121388969712385,-0.011089638441377,False,,,,,,,,,,,,,,,,,,,,,,,,,,,,,,,,,,,,,,,,,,,,,,,,,,,,,,,,,,,,,,,,,,,,,,,,,,,,,,,,,,,,,,,,,,,,,,,,,,,,,,,,,,
data/precomputed/fig01/fig1_midd_per_model.csv,flow/0000/041,4MIDD_085_170,-0.0002152265242981,0.0018125004019831,-0.0010138634631406,0.0010138634631406,0.0007986369388424,0.0007986369388424,0.0002152265242981,True,,,,,,,,,,,,,,,,,,,,,,,,,,,,,,,,,,,,,,,,,,,,,,,,,,,,,,,,,,,,,,,,,,,,,,,,,,,,,,,,,,,,,,,,,,,,,,,,,,,,,,,,,,
data/precomputed/fig01/fig1_midd_per_model.csv,flow/0000/042,4MIDD_085_170,0.0038424126067996,-0.0045704028257144,0.004206407716257,0.004206407716257,-0.0003639951094573,0.0003639951094573,0.0038424126067996,True,,,,,,,,,,,,,,,,,,,,,,,,,,,,,,,,,,,,,,,,,,,,,,,,,,,,,,,,,,,,,,,,,,,,,,,,,,,,,,,,,,,,,,,,,,,,,,,,,,,,,,,,,,
data/precomputed/fig01/fig1_midd_per_model.csv,flow/0000/043,4MIDD_085_170,-6.853238336397588e-06,0.0031883338755569,-0.0015975935569466,0.0015975935569466,0.0015907403186102,0.0015907403186102,6.853238336397734e-06,True,,,,,,,,,,,,,,,,,,,,,,,,,,,,,,,,,,,,,,,,,,,,,,,,,,,,,,,,,,,,,,,,,,,,,,,,,,,,,,,,,,,,,,,,,,,,,,,,,,,,,,,,,,
data/precomputed/fig01/fig1_midd_per_model.csv,flow/0000/044,4MIDD_085_170,0.0163329174487241,0.0016424824475438,0.0073452175005901,0.0073452175005901,0.008987699948134,0.008987699948134,-0.0016424824475438,False,,,,,,,,,,,,,,,,,,,,,,,,,,,,,,,,,,,,,,,,,,,,,,,,,,,,,,,,,,,,,,,,,,,,,,,,,,,,,,,,,,,,,,,,,,,,,,,,,,,,,,,,,,
data/precomputed/fig01/fig1_midd_per_model.csv,flow/0000/045,4MIDD_085_170,0.0128954995467988,0.0214702243958705,-0.0042873624245358,0.0042873624245358,0.0171828619713347,0.0171828619713347,-0.0128954995467988,False,,,,,,,,,,,,,,,,,,,,,,,,,,,,,,,,,,,,,,,,,,,,,,,,,,,,,,,,,,,,,,,,,,,,,,,,,,,,,,,,,,,,,,,,,,,,,,,,,,,,,,,,,,
data/precomputed/fig01/fig1_midd_per_model.csv,flow/0000/046,4MIDD_085_170,-0.0052019264145697,-0.0075222862424727,0.0011601799139515,0.0011601799139515,-0.0063621063285212,0.0063621063285212,-0.0052019264145697,False,,,,,,,,,,,,,,,,,,,,,,,,,,,,,,,,,,,,,,,,,,,,,,,,,,,,,,,,,,,,,,,,,,,,,,,,,,,,,,,,,,,,,,,,,,,,,,,,,,,,,,,,,,
data/precomputed/fig01/fig1_midd_per_model.csv,flow/0000/047,4MIDD_085_170,-0.0075316508770766,-0.0131931066008988,0.002830727861911,0.002830727861911,-0.0103623787389877,0.0103623787389877,-0.0075316508770766,False,,,,,,,,,,,,,,,,,,,,,,,,,,,,,,,,,,,,,,,,,,,,,,,,,,,,,,,,,,,,,,,,,,,,,,,,,,,,,,,,,,,,,,,,,,,,,,,,,,,,,,,,,,
data/precomputed/fig01/fig1_midd_per_model.csv,flow/0000/048,4MIDD_085_170,0.0141571522663647,0.0118099700666614,0.0011735910998516,0.0011735910998516,0.0129835611665131,0.0129835611665131,-0.0118099700666614,False,,,,,,,,,,,,,,,,,,,,,,,,,,,,,,,,,,,,,,,,,,,,,,,,,,,,,,,,,,,,,,,,,,,,,,,,,,,,,,,,,,,,,,,,,,,,,,,,,,,,,,,,,,
data/precomputed/fig01/fig1_midd_per_model.csv,flow/0000/049,4MIDD_085_170,0.0145731525990121,0.0144942001136189,3.947624269662418e-05,3.947624269662418e-05,0.0145336763563155,0.0145336763563155,-0.0144942001136189,False,,,,,,,,,,,,,,,,,,,,,,,,,,,,,,,,,,,,,,,,,,,,,,,,,,,,,,,,,,,,,,,,,,,,,,,,,,,,,,,,,,,,,,,,,,,,,,,,,,,,,,,,,,
data/precomputed/fig02/matched_control_specificity_modelwise.csv,flow/0000/000,3MIDD_048,,,-0.0018620960078069,,0.000347914129641,,0.0015141818781658,,,0.0018620960078069,0.0098114967166436,-0.0011294025853372,-0.0048563172617243,0.0168895318711496,0.0829038899075825,-0.0150274358633427,-0.0157601292858124,-0.0730923931909388,,,,,,,,,,,,,,,,,,,,,,,,,,,,,,,,,,,,,,,,,,,,,,,,,,,,,,,,,,,,,,,,,,,,,,,,,,,,,,,,,,,,,,,,,,,,,,,,
data/precomputed/fig02/matched_control_specificity_modelwise.csv,flow/0000/000,3MIDD_207,,,0.0048249046598519,,0.013167299317486,,-0.0083423946576341,,,0.0048249046598519,0.0334466871213116,0.0038044742911879,0.0076573612068004,0.0113166852446703,0.0694366020604605,-0.0064917805848183,-0.0075122109534823,-0.0359899149391489,,,,,,,,,,,,,,,,,,,,,,,,,,,,,,,,,,,,,,,,,,,,,,,,,,,,,,,,,,,,,,,,,,,,,,,,,,,,,,,,,,,,,,,,,,,,,,,,
data/precomputed/fig02/matched_control_specificity_modelwise.csv,flow/0000/000,4MIDD_085_170,,,0.0007244197792092,,0.0076465928516291,,-0.0069221730724199,,,0.0007244197792092,0.0049396243238322,-0.0022368142400299,-0.0020247768834505,0.0077031990352058,0.0455295410463717,-0.0069787792559966,-0.0054663847951759,-0.0405899167225395,,,,,,,,,,,,,,,,,,,,,,,,,,,,,,,,,,,,,,,,,,,,,,,,,,,,,,,,,,,,,,,,,,,,,,,,,,,,,,,,,,,,,,,,,,,,,,,,
data/precomputed/fig02/matched_control_specificity_modelwise.csv,flow/0000/001,3MIDD_048,,,-0.0014282551694965,,-0.0013184994026383,,0.0001097557668582,,,0.0014282551694965,0.0092386351919903,-0.0013648614499922,-0.0038754885807405,0.0056102352554527,0.0388500819301665,-0.0041819800859561,-0.0042453738054604,-0.0296114467381761,,,,,,,,,,,,,,,,,,,,,,,,,,,,,,,,,,,,,,,,,,,,,,,,,,,,,,,,,,,,,,,,,,,,,,,,,,,,,,,,,,,,,,,,,,,,,,,,
data/precomputed/fig02/matched_control_specificity_modelwise.csv,flow/0000/001,3MIDD_207,,,0.008649105587812,,0.0023618649450091,,0.0062872406428029,,,0.008649105587812,0.0539897518393991,0.0084715714052236,0.0030680842891394,0.0099482956068718,0.0651242273488361,-0.0012991900190597,-0.0014767242016481,-0.0111344755094369,,,,,,,,,,,,,,,,,,,,,,,,,,,,,,,,,,,,,,,,,,,,,,,,,,,,,,,,,,,,,,,,,,,,,,,,,,,,,,,,,,,,,,,,,,,,,,,,
data/precomputed/fig02/matched_control_specificity_modelwise.csv,flow/0000/001,4MIDD_085_170,,,0.0010991173576564,,-0.0022028062224937,,-0.0011036888648372,,,0.0010991173576564,0.0069621071477779,0.0003852255004237,-0.0022121626875649,0.0035992885729202,0.0249805778273824,-0.0025001712152637,-0.0032140630724965,-0.0180184706796044,,,,,,,,,,,,,,,,,,,,,,,,,,,,,,,,,,,,,,,,,,,,,,,,,,,,,,,,,,,,,,,,,,,,,,,,,,,,,,,,,,,,,,,,,,,,,,,,
data/precomputed/fig02/matched_control_specificity_modelwise.csv,flow/0000/002,3MIDD_048,,,-0.0116886244154322,,0.0122766720389417,,-0.0005880476235095,,,0.0116886244154322,0.098049696614108,-0.0116298269280326,-0.0141560837053346,0.010368777960069,0.0893385292037844,0.0013198464553632,0.0012610489679635,0.0087111674103236,,,,,,,,,,,,,,,,,,,,,,,,,,,,,,,,,,,,,,,,,,,,,,,,,,,,,,,,,,,,,,,,,,,,,,,,,,,,,,,,,,,,,,,,,,,,,,,,
data/precomputed/fig02/matched_control_specificity_modelwise.csv,flow/0000/002,3MIDD_207,,,-0.0018313920030548,,0.02378913354357,,-0.0219577415405152,,,0.0018313920030548,0.0114823974095304,-0.0021701318439681,0.0035594551400925,0.010201543039275,0.0748180720508584,-0.0083701510362202,-0.0080314111953069,-0.063335674641328,,,,,,,,,,,,,,,,,,,,,,,,,,,,,,,,,,,,,,,,,,,,,,,,,,,,,,,,,,,,,,,,,,,,,,,,,,,,,,,,,,,,,,,,,,,,,,,,
data/precomputed/fig02/matched_control_specificity_modelwise.csv,flow/0000/002,4MIDD_085_170,,,0.0041591121790991,,0.0071522838127855,,-0.0029931716336863,,,0.0041591121790991,0.0340376334862401,-0.0031783944285282,-0.0104492506920957,0.0094662638073643,0.0685398674031166,-0.0053071516282651,-0.006287869378836,-0.0345022339168764,,,,,,,,,,,,,,,,,,,,,,,,,,,,,,,,,,,,,,,,,,,,,,,,,,,,,,,,,,,,,,,,,,,,,,,,,,,,,,,,,,,,,,,,,,,,,,,,
data/precomputed/fig02/matched_control_specificity_modelwise.csv,flow/0000/003,3MIDD_048,,,-0.030285068787364,,0.0101523364587802,,0.0201327323285837,,,0.030285068787364,0.2628993624898918,-0.0307873761813179,-0.005580407006061,0.011830697082425,0.0868622468498965,0.0184543717049389,0.0189566790988929,0.1760371156399953,,,,,,,,,,,,,,,,,,,,,,,,,,,,,,,,,,,,,,,,,,,,,,,,,,,,,,,,,,,,,,,,,,,,,,,,,,,,,,,,,,,,,,,,,,,,,,,,
data/precomputed/fig02/matched_control_specificity_modelwise.csv,flow/0000/003,3MIDD_207,,,0.0163386786838345,,0.0350646907525393,,-0.0187260120687047,,,0.0163386786838345,0.1120737905785511,0.0171735649023584,0.0206635401309079,0.0152827465091076,0.0912727832140072,0.0010559321747268,0.0018908183932507,0.0208010073645438,,,,,,,,,,,,,,,,,,,,,,,,,,,,,,,,,,,,,,,,,,,,,,,,,,,,,,,,,,,,,,,,,,,,,,,,,,,,,,,,,,,,,,,,,,,,,,,,
data/precomputed/fig02/matched_control_specificity_modelwise.csv,flow/0000/003,4MIDD_085_170,,,0.0116512184613667,,0.0229758831569993,,-0.0113246646956326,,,0.0116512184613667,0.0853236128441797,0.0102999538609755,-0.0013282834427624,0.0113644299265762,0.0665257758913512,0.0002867885347904,-0.0010644760656006,0.0187978369528285,,,,,,,,,,,,,,,,,,,,,,,,,,,,,,,,,,,,,,,,,,,,,,,,,,,,,,,,,,,,,,,,,,,,,,,,,,,,,,,,,,,,,,,,,,,,,,,,
data/precomputed/fig02/matched_control_specificity_modelwise.csv,flow/0000/004,3MIDD_048,,,0.0003172441223762,,-0.0167749870251311,,-0.0164577429027548,,,0.0003172441223762,0.0012535793828281,7.91120338182686e-05,-0.0097250696156266,0.0141326643185282,0.0537987940254522,-0.013815420196152,-0.01405355228471,-0.0525452146426241,,,,,,,,,,,,,,,,,,,,,,,,,,,,,,,,,,,,,,,,,,,,,,,,,,,,,,,,,,,,,,,,,,,,,,,,,,,,,,,,,,,,,,,,,,,,,,,,
data/precomputed/fig02/matched_control_specificity_modelwise.csv,flow/0000/004,3MIDD_207,,,0.0125445582041572,,-0.012279327537892,,0.0002652306662652,,,0.0125445582041572,0.0634924880704656,0.012500477449571,0.0038906696380706,0.0145252187994006,0.0721348924125769,-0.0019806605952434,-0.0020247413498296,-0.0086424043421112,,,,,,,,,,,,,,,,,,,,,,,,,,,,,,,,,,,,,,,,,,,,,,,,,,,,,,,,,,,,,,,,,,,,,,,,,,,,,,,,,,,,,,,,,,,,,,,,
data/precomputed/fig02/matched_control_specificity_modelwise.csv,flow/0000/004,4MIDD_085_170,,,-0.0007819858001025,,-0.0169502686719608,,-0.0161682828718582,,,0.0007819858001025,0.0033701276074878,7.001787106562102e-05,-0.0255988061040006,0.01354056147821,0.06338518377482,-0.0127585756781074,-0.0134705436071444,-0.0600150561673322,,,,,,,,,,,,,,,,,,,,,,,,,,,,,,,,,,,,,,,,,,,,,,,,,,,,,,,,,,,,,,,,,,,,,,,,,,,,,,,,,,,,,,,,,,,,,,,,
data/precomputed/fig02/matched_control_specificity_modelwise.csv,flow/0000/005,3MIDD_048,,,-0.0077560490267135,,-0.0086463010184655,,-0.000890251991752,,,0.0077560490267135,0.0659630726453355,-0.0091252127312673,-0.0160576981655308,0.0144999142180378,0.0882109583374705,-0.0067438651913243,-0.0053747014867705,-0.0222478856921349,,,,,,,,,,,,,,,,,,,,,,,,,,,,,,,,,,,,,,,,,,,,,,,,,,,,,,,,,,,,,,,,,,,,,,,,,,,,,,,,,,,,,,,,,,,,,,,,
data/precomputed/fig02/matched_control_specificity_modelwise.csv,flow/0000/005,3MIDD_207,,,0.0515527139235284,,-0.0055717442492842,,0.0459809696742441,,,0.0515527139235284,0.2903232700220672,0.0529974789901306,0.0068454880242879,0.0132867033517153,0.0768054877017471,0.0382660105718131,0.0397107756384152,0.2135177823203201,,,,,,,,,,,,,,,,,,,,,,,,,,,,,,,,,,,,,,,,,,,,,,,,,,,,,,,,,,,,,,,,,,,,,,,,,,,,,,,,,,,,,,,,,,,,,,,,
data/precomputed/fig02/matched_control_specificity_modelwise.csv,flow/0000/005,4MIDD_085_170,,,-0.0033027824870346,,-0.0009000220167336,,0.0024027604703009,,,0.0033027824870346,0.0231703120323208,0.0011925628329845,0.0023236129945313,0.0140217259290001,0.0922389443727385,-0.0107189434419655,-0.0128291630960155,-0.0690686323404177,,,,,,,,,,,,,,,,,,,,,,,,,,,,,,,,,,,,,,,,,,,,,,,,,,,,,,,,,,,,,,,,,,,,,,,,,,,,,,,,,,,,,,,,,,,,,,,,
data/precomputed/fig02/matched_control_specificity_modelwise.csv,flow/0000/006,3MIDD_048,,,-0.0208553861915174,,0.007617500258291,,0.0132378859332263,,,0.0208553861915174,0.1605809096216054,-0.021635468793874,-0.005381847267558,0.0099471498829127,0.0797541148689406,0.0109082363086046,0.0116883189109612,0.0808267947526648,,,,,,,,,,,,,,,,,,,,,,,,,,,,,,,,,,,,,,,,,,,,,,,,,,,,,,,,,,,,,,,,,,,,,,,,,,,,,,,,,,,,,,,,,,,,,,,,
data/precomputed/fig02/matched_control_specificity_modelwise.csv,flow/0000/006,3MIDD_207,,,0.0060515314015644,,0.0152874123689954,,-0.009235880967431,,,0.0060515314015644,0.0367507022060403,0.0055929042635926,0.0096651416506648,0.013953459537057,0.0865405622425502,-0.0079019281354925,-0.0083605552734643,-0.0497898600365098,,,,,,,,,,,,,,,,,,,,,,,,,,,,,,,,,,,,,,,,,,,,,,,,,,,,,,,,,,,,,,,,,,,,,,,,,,,,,,,,,,,,,,,,,,,,,,,,
data/precomputed/fig02/matched_control_specificity_modelwise.csv,flow/0000/006,4MIDD_085_170,,,0.0124892301338338,,0.0077781668907787,,0.0047110632430551,,,0.0124892301338338,0.0972524435251631,0.0099892466013126,-0.0043190963601592,0.0134546960974684,0.0995441420412602,-0.0009654659636345,-0.0034654494961558,-0.0022916985160971,,,,,,,,,,,,,,,,,,,,,,,,,,,,,,,,,,,,,,,,,,,,,,,,,,,,,,,,,,,,,,,,,,,,,,,,,,,,,,,,,,,,,,,,,,,,,,,,
data/precomputed/fig02/matched_control_specificity_modelwise.csv,flow/0000/015,3MIDD_048,,,-0.0089685356235432,,0.0019916067517326,,0.0069769288718106,,,0.0089685356235432,0.0664122851879956,-0.0090760049783281,-0.0078127581719819,0.0100543369889837,0.0576149499393604,-0.0010858013654404,-0.0009783320106555,0.0087973352486352,,,,,,,,,,,,,,,,,,,,,,,,,,,,,,,,,,,,,,,,,,,,,,,,,,,,,,,,,,,,,,,,,,,,,,,,,,,,,,,,,,,,,,,,,,,,,,,,
data/precomputed/fig02/matched_control_specificity_modelwise.csv,flow/0000/015,3MIDD_207,,,-0.0004543966967857,,-0.0022774712257109,,-0.0018230745289251,,,0.0004543966967857,0.0027451088371157,-0.0004640719415324,-0.0205572932886084,0.0063546016389052,0.0335852669380683,-0.0059002049421194,-0.0058905296973727,-0.0308401581009526,,,,,,,,,,,,,,,,,,,,,,,,,,,,,,,,,,,,,,,,,,,,,,,,,,,,,,,,,,,,,,,,,,,,,,,,,,,,,,,,,,,,,,,,,,,,,,,,
data/precomputed/fig02/matched_control_specificity_modelwise.csv,flow/0000/015,4MIDD_085_170,,,-0.0009058700334608,,0.0002085115173708,,0.00069735851609,,,0.0009058700334608,0.0061316049766799,0.00053248655784,0.0041764776510882,0.0135552938190894,0.0775665926367133,-0.0126494237856285,-0.0130228072612493,-0.0714349876600333,,,,,,,,,,,,,,,,,,,,,,,,,,,,,,,,,,,,,,,,,,,,,,,,,,,,,,,,,,,,,,,,,,,,,,,,,,,,,,,,,,,,,,,,,,,,,,,,
data/precomputed/fig02/matched_control_specificity_modelwise.csv,flow/0000/025,3MIDD_048,,,0.0057844914740546,,0.0128613006376703,,-0.0070768091636157,,,0.0057844914740546,0.0227528539851257,0.0061256588538582,0.0070625126703567,0.0176218605626957,0.0750697409234711,-0.011837369088641,-0.0114962017088375,-0.0523168869383454,,,,,,,,,,,,,,,,,,,,,,,,,,,,,,,,,,,,,,,,,,,,,,,,,,,,,,,,,,,,,,,,,,,,,,,,,,,,,,,,,,,,,,,,,,,,,,,,
data/precomputed/fig02/matched_control_specificity_modelwise.csv,flow/0000/025,3MIDD_207,,,-0.0008705404533342,,-0.0026166627878979,,-0.0017461223345636,,,0.0008705404533342,0.0042365028041049,-0.0002061013665976,-0.0126611433062241,0.0140085165291543,0.0717471603998292,-0.0131379760758201,-0.0138024151625566,-0.0675106575957242,,,,,,,,,,,,,,,,,,,,,,,,,,,,,,,,,,,,,,,,,,,,,,,,,,,,,,,,,,,,,,,,,,,,,,,,,,,,,,,,,,,,,,,,,,,,,,,,
data/precomputed/fig02/matched_control_specificity_modelwise.csv,flow/0000/025,4MIDD_085_170,,,-0.0007411892040294,,0.0036990745348345,,-0.0029578853308051,,,0.0007411892040294,0.0033126919055635,-0.0010668021368172,-0.0009181049654178,0.0155621120030766,0.079242788860215,-0.0148209227990471,-0.0144953098662593,-0.0759300969546514,,,,,,,,,,,,,,,,,,,,,,,,,,,,,,,,,,,,,,,,,,,,,,,,,,,,,,,,,,,,,,,,,,,,,,,,,,,,,,,,,,,,,,,,,,,,,,,,
data/precomputed/fig02/matched_control_specificity_modelwise.csv,flow/0000/046,3MIDD_048,,,-0.0008469606535226,,-0.0120992485267764,,-0.0112522878732538,,,0.0008469606535226,0.0037618165278995,-0.0009224472042116,-0.0096393407199805,0.013567596408689,0.0616829800249841,-0.0127206357551664,-0.0126451492044774,-0.0579211634970845,,,,,,,,,,,,,,,,,,,,,,,,,,,,,,,,,,,,,,,,,,,,,,,,,,,,,,,,,,,,,,,,,,,,,,,,,,,,,,,,,,,,,,,,,,,,,,,,
data/precomputed/fig02/matched_control_specificity_modelwise.csv,flow/0000/046,3MIDD_207,,,-0.0018239827746199,,-0.0134026717159933,,-0.0115786889413733,,,0.0018239827746199,0.009038458680798,-0.0023491361712957,-0.0166992163164443,0.013548793529077,0.0553551534550384,-0.0117248107544571,-0.0111996573577813,-0.0463166947742404,,,,,,,,,,,,,,,,,,,,,,,,,,,,,,,,,,,,,,,,,,,,,,,,,,,,,,,,,,,,,,,,,,,,,,,,,,,,,,,,,,,,,,,,,,,,,,,,
data/precomputed/fig02/matched_control_specificity_modelwise.csv,flow/0000/046,4MIDD_085_170,,,0.0011602017863506,,-0.0063621016731233,,-0.0052018998867726,,,0.0011602017863506,0.0068095908106174,-0.0012680260821885,-0.00283737338245,0.0109018304327609,0.0538710822494475,-0.0097416286464103,-0.0096338043505724,-0.0470614914388301,,,,,,,,,,,,,,,,,,,,,,,,,,,,,,,,,,,,,,,,,,,,,,,,,,,,,,,,,,,,,,,,,,,,,,,,,,,,,,,,,,,,,,,,,,,,,,,,
data/precomputed/fig04/phase_model_phase_sensitivity.csv,0,3MIDD_048,,,,,,,,,,,,,,,,,,,2.007100841675281e-05,1.4731557714302948e-05,-5.339450702449863e-06,0.7339719763125333,0.0145945201664658,0.0118000865919667,0.0756121758978167,0.0611346048259507,-0.0001433178918178,True,True,0.6666666666666666,,,,,,,,,,,,,,,,,,,,,,,,,,,,,,,,,,,,,,,,,,,,,,,,,,,,,,,,,,,,,,,,,,,,,,,,,,,,,,,,,,,,
data/precomputed/fig04/phase_model_phase_sensitivity.csv,0,3MIDD_207,,,,,,,,,,,,,,,,,,,5.984772447834539e-06,7.052890695618513e-06,1.0681182477839743e-06,1.1784726582299052,0.007997946154586,0.010657801252053,0.0559135009383841,0.0745085011563973,5.220303516720991e-05,False,False,0.3333333333333333,,,,,,,,,,,,,,,,,,,,,,,,,,,,,,,,,,,,,,,,,,,,,,,,,,,,,,,,,,,,,,,,,,,,,,,,,,,,,,,,,,,,
data/precomputed/fig04/phase_model_phase_sensitivity.csv,0,4MIDD_085_170,,,,,,,,,,,,,,,,,,,8.634199737498084e-06,3.303886679122461e-06,-5.330313058375623e-06,0.3826511755033312,0.0102768325258676,0.0063259989806334,0.0681909192873424,0.0419755488682313,-0.0002346860355701,True,False,0.0,,,,,,,,,,,,,,,,,,,,,,,,,,,,,,,,,,,,,,,,,,,,,,,,,,,,,,,,,,,,,,,,,,,,,,,,,,,,,,,,,,,,
data/precomputed/fig04/phase_model_phase_sensitivity.csv,1,3MIDD_048,,,,,,,,,,,,,,,,,,,3.09128436782832e-06,3.1660479877157513e-06,7.47636198874313e-08,1.0241852935184788,0.0059954088905633,0.0054273471441284,0.0391505514873948,0.0354410579302792,3.1880745889152845e-06,True,True,0.5,,,,,,,,,,,,,,,,,,,,,,,,,,,,,,,,,,,,,,,,,,,,,,,,,,,,,,,,,,,,,,,,,,,,,,,,,,,,,,,,,,,,
data/precomputed/fig04/phase_model_phase_sensitivity.csv,1,3MIDD_207,,,,,,,,,,,,,,,,,,,2.181302765777651e-06,3.1193686491926397e-06,9.380658834149884e-07,1.4300484545241734,0.004778490645094,0.0063564146606165,0.0298614157536894,0.0397220702060794,3.6633013783791294e-05,False,True,1.0,,,,,,,,,,,,,,,,,,,,,,,,,,,,,,,,,,,,,,,,,,,,,,,,,,,,,,,,,,,,,,,,,,,,,,,,,,,,,,,,,,,,
data/precomputed/fig04/phase_model_phase_sensitivity.csv,1,4MIDD_085_170,,,,,,,,,,,,,,,,,,,8.825065351703317e-06,1.524463562113784e-06,-7.300601789589533e-06,0.172742467204764,0.0086092845800193,0.0039938816830453,0.0544632411851985,0.0252657162563394,-0.0002921672277466,True,True,0.75,,,,,,,,,,,,,,,,,,,,,,,,,,,,,,,,,,,,,,,,,,,,,,,,,,,,,,,,,,,,,,,,,,,,,,,,,,,,,,,,,,,,
data/precomputed/fig04/phase_model_phase_sensitivity.csv,2,3MIDD_048,,,,,,,,,,,,,,,,,,,3.179322366037767e-05,5.483346368129133e-06,-2.630987729224854e-05,0.1724690275728632,0.0201179498195272,0.0091528978920924,0.1601700091457309,0.0728712295356961,-0.0016676840772937,True,False,0.0833333333333333,,,,,,,,,,,,,,,,,,,,,,,,,,,,,,,,,,,,,,,,,,,,,,,,,,,,,,,,,,,,,,,,,,,,,,,,,,,,,,,,,,,,
data/precomputed/fig04/phase_model_phase_sensitivity.csv,2,3MIDD_207,,,,,,,,,,,,,,,,,,,3.543519688344736e-05,1.9323374931170537e-05,-1.6111821952276823e-05,0.5453158619288616,0.0164037780552352,0.0145287800604628,0.1077147483881383,0.0954026495195052,-0.0006947158818531,True,False,0.0,,,,,,,,,,,,,,,,,,,,,,,,,,,,,,,,,,,,,,,,,,,,,,,,,,,,,,,,,,,,,,,,,,,,,,,,,,,,,,,,,,,,
data/precomputed/fig04/phase_model_phase_sensitivity.csv,2,4MIDD_085_170,,,,,,,,,,,,,,,,,,,2.7090365122971977e-05,2.016968983108445e-05,-6.920675291887528e-06,0.7445337019066821,0.0192316830903702,0.0147200760386852,0.1549144171575343,0.1185726693463114,-0.0004490529567617,True,False,0.0833333333333333,,,,,,,,,,,,,,,,,,,,,,,,,,,,,,,,,,,,,,,,,,,,,,,,,,,,,,,,,,,,,,,,,,,,,,,,,,,,,,,,,,,,
data/precomputed/fig04/phase_model_phase_sensitivity.csv,3,3MIDD_048,,,,,,,,,,,,,,,,,,,4.87302917125815e-05,5.247411807530184e-06,-4.3482879905051315e-05,0.1076827497456701,0.0258966577002366,0.0068181048424636,0.2260889553478421,0.0595249865495416,-0.0033142827899013,False,False,0.5833333333333334,,,,,,,,,,,,,,,,,,,,,,,,,,,,,,,,,,,,,,,,,,,,,,,,,,,,,,,,,,,,,,,,,,,,,,,,,,,,,,,,,,,,
data/precomputed/fig04/phase_model_phase_sensitivity.csv,3,3MIDD_207,,,,,,,,,,,,,,,,,,,3.9469728690979096e-05,1.875182284476039e-05,-2.0717905846218705e-05,0.4750937862159327,0.0215723883623021,0.017198819323754,0.156961943279698,0.1251396024322626,-0.0010968269892999,False,False,0.0,,,,,,,,,,,,,,,,,,,,,,,,,,,,,,,,,,,,,,,,,,,,,,,,,,,,,,,,,,,,,,,,,,,,,,,,,,,,,,,,,,,,
data/precomputed/fig04/phase_model_phase_sensitivity.csv,3,4MIDD_085_170,,,,,,,,,,,,,,,,,,,0.0001873462310105,2.5082882512574504e-05,-0.0001622633484979,0.1338851728015327,0.03509170282042,0.0215920071022938,0.2572785596802058,0.1583041015795442,-0.0087220533710797,True,False,0.0,,,,,,,,,,,,,,,,,,,,,,,,,,,,,,,,,,,,,,,,,,,,,,,,,,,,,,,,,,,,,,,,,,,,,,,,,,,,,,,,,,,,
data/precomputed/fig04/phase_model_phase_sensitivity.csv,4,3MIDD_048,,,,,,,,,,,,,,,,,,,0.0001127475894552,4.071286044535252e-05,-7.203472900985266e-05,0.3610973914567965,0.0322556265948315,0.0214369677603489,0.1345919916280334,0.0894493299284915,-0.0012542075196637,True,False,0.4166666666666667,,,,,,,,,,,,,,,,,,,,,,,,,,,,,,,,,,,,,,,,,,,,,,,,,,,,,,,,,,,,,,,,,,,,,,,,,,,,,,,,,,,,
data/precomputed/fig04/phase_model_phase_sensitivity.csv,4,3MIDD_207,,,,,,,,,,,,,,,,,,,3.541657373785399e-05,3.7882003499612615e-05,2.465429761758628e-06,1.06961231710047,0.0206971011582748,0.0200218162377442,0.1085017163611306,0.1049616277105485,6.775585129036344e-05,False,True,0.9166666666666666,,,,,,,,,,,,,,,,,,,,,,,,,,,,,,,,,,,,,,,,,,,,,,,,,,,,,,,,,,,,,,,,,,,,,,,,,,,,,,,,,,,,
data/precomputed/fig04/phase_model_phase_sensitivity.csv,4,4MIDD_085_170,,,,,,,,,,,,,,,,,,,6.280614702925526e-05,1.803450869303181e-05,-4.477163833622345e-05,0.2871455987357826,0.0334089735748359,0.0143526814383089,0.1468661371649799,0.0630945119005886,-0.0008652070818223,True,False,0.1666666666666666,,,,,,,,,,,,,,,,,,,,,,,,,,,,,,,,,,,,,,,,,,,,,,,,,,,,,,,,,,,,,,,,,,,,,,,,,,,,,,,,,,,,
data/precomputed/fig04/phase_model_phase_sensitivity.csv,5,3MIDD_048,,,,,,,,,,,,,,,,,,,0.0001205565894804,3.31289608698198e-05,-8.742762861065554e-05,0.2748000836168121,0.0345741408907695,0.0200990011060634,0.2603282898381834,0.1513367635634926,-0.0049566543503065,True,True,0.6666666666666666,,,,,,,,,,,,,,,,,,,,,,,,,,,,,,,,,,,,,,,,,,,,,,,,,,,,,,,,,,,,,,,,,,,,,,,,,,,,,,,,,,,,
data/precomputed/fig04/phase_model_phase_sensitivity.csv,5,3MIDD_207,,,,,,,,,,,,,,,,,,,8.808779958851984e-05,0.0001977687427863,0.0001096809431978,2.245132058127587,0.0327749488528749,0.0468144088616905,0.1964515211083105,0.2806033923027394,0.0039405598041714,False,True,1.0,,,,,,,,,,,,,,,,,,,,,,,,,,,,,,,,,,,,,,,,,,,,,,,,,,,,,,,,,,,,,,,,,,,,,,,,,,,,,,,,,,,,
data/precomputed/fig04/phase_model_phase_sensitivity.csv,5,4MIDD_085_170,,,,,,,,,,,,,,,,,,,0.0002431728381865,6.252564756809186e-05,-0.0001806471906184,0.2571243072801173,0.0483624760726331,0.0257124760202444,0.3473871164527639,0.1846924232770619,-0.0093205506670905,True,True,0.6666666666666666,,,,,,,,,,,,,,,,,,,,,,,,,,,,,,,,,,,,,,,,,,,,,,,,,,,,,,,,,,,,,,,,,,,,,,,,,,,,,,,,,,,,
data/precomputed/fig04/phase_model_phase_sensitivity.csv,6,3MIDD_048,,,,,,,,,,,,,,,,,,,4.3486362596642514e-05,1.7260654006062591e-06,-4.1760297196036254e-05,0.0396921079974519,0.0218062889456757,0.0051295961215699,0.1671626920548282,0.0393224678885894,-0.0024540237925865,False,False,0.75,,,,,,,,,,,,,,,,,,,,,,,,,,,,,,,,,,,,,,,,,,,,,,,,,,,,,,,,,,,,,,,,,,,,,,,,,,,,,,,,,,,,
data/precomputed/fig04/phase_model_phase_sensitivity.csv,6,3MIDD_207,,,,,,,,,,,,,,,,,,,6.042234731581766e-05,2.3825889008399827e-05,-3.659645830741783e-05,0.3943224662197646,0.0248838316622313,0.0149031157294265,0.1492215573174958,0.0893699237406143,-0.0013160357424826,True,False,0.3333333333333333,,,,,,,,,,,,,,,,,,,,,,,,,,,,,,,,,,,,,,,,,,,,,,,,,,,,,,,,,,,,,,,,,,,,,,,,,,,,,,,,,,,,
data/precomputed/fig04/phase_model_phase_sensitivity.csv,6,4MIDD_085_170,,,,,,,,,,,,,,,,,,,0.0001030164560057,5.27733781418359e-06,-9.773911819152432e-05,0.051228104895067,0.0269349766451785,0.0080730051085918,0.204566318463469,0.0613130263952552,-0.0056377195570326,True,False,0.75,,,,,,,,,,,,,,,,,,,,,,,,,,,,,,,,,,,,,,,,,,,,,,,,,,,,,,,,,,,,,,,,,,,,,,,,,,,,,,,,,,,,
data/precomputed/fig04/phase_model_phase_sensitivity.csv,7,3MIDD_048,,,,,,,,,,,,,,,,,,,4.3261654140731e-05,1.0923726042230852e-05,-3.233792809850015e-05,0.2525036607863053,0.0169835734707661,0.0106102187425793,0.0785229630175675,0.0490559784350423,-0.000691269508118,True,True,0.75,,,,,,,,,,,,,,,,,,,,,,,,,,,,,,,,,,,,,,,,,,,,,,,,,,,,,,,,,,,,,,,,,,,,,,,,,,,,,,,,,,,,
data/precomputed/fig04/phase_model_phase_sensitivity.csv,7,3MIDD_207,,,,,,,,,,,,,,,,,,,1.2311371348525316e-05,1.3458083779671308e-05,1.1467124311459906e-06,1.0931425426602888,0.0117984689389511,0.0133685257835998,0.0496973936136458,0.0563107714517401,2.034559704923615e-05,False,True,1.0,,,,,,,,,,,,,,,,,,,,,,,,,,,,,,,,,,,,,,,,,,,,,,,,,,,,,,,,,,,,,,,,,,,,,,,,,,,,,,,,,,,,
data/precomputed/fig04/phase_model_phase_sensitivity.csv,7,4MIDD_085_170,,,,,,,,,,,,,,,,,,,2.2839592351897228e-05,4.692945211403321e-06,-1.8146647140493908e-05,0.2054741231400718,0.0171012232413456,0.0083165510863117,0.0774141733469755,0.0376475365743515,-0.0003718630294436,True,False,0.5833333333333334,,,,,,,,,,,,,,,,,,,,,,,,,,,,,,,,,,,,,,,,,,,,,,,,,,,,,,,,,,,,,,,,,,,,,,,,,,,,,,,,,,,,
data/precomputed/fig04/phase_model_phase_sensitivity.csv,8,3MIDD_048,,,,,,,,,,,,,,,,,,,3.647617063712794e-05,1.9968605742147145e-05,-1.6507564894980795e-05,0.5474424917227191,0.023963601940121,0.0150353234464229,0.1438328038173438,0.0902440598455681,-0.0005946955824161,True,True,1.0,,,,,,,,,,,,,,,,,,,,,,,,,,,,,,,,,,,,,,,,,,,,,,,,,,,,,,,,,,,,,,,,,,,,,,,,,,,,,,,,,,,,
data/precomputed/fig04/phase_model_phase_sensitivity.csv,8,3MIDD_207,,,,,,,,,,,,,,,,,,,8.62719884661011e-05,5.3782505336173895e-05,-3.2489483129927205e-05,0.6234063488318035,0.0342317857339246,0.0279719788268984,0.1566850950355741,0.1280328229117822,-0.0006806738444674,True,True,0.6666666666666666,,,,,,,,,,,,,,,,,,,,,,,,,,,,,,,,,,,,,,,,,,,,,,,,,,,,,,,,,,,,,,,,,,,,,,,,,,,,,,,,,,,,
data/precomputed/fig04/phase_model_phase_sensitivity.csv,8,4MIDD_085_170,,,,,,,,,,,,,,,,,,,3.30438404647003e-05,2.399563339048984e-05,-9.04820707421046e-06,0.7261756821532597,0.0169015235400303,0.0171955033308548,0.0882151928501005,0.0897495802016431,-0.0002464890310823,True,True,0.5833333333333334,,,,,,,,,,,,,,,,,,,,,,,,,,,,,,,,,,,,,,,,,,,,,,,,,,,,,,,,,,,,,,,,,,,,,,,,,,,,,,,,,,,,
data/precomputed/fig04/phase_model_phase_sensitivity.csv,9,3MIDD_048,,,,,,,,,,,,,,,,,,,0.0001337269746866,4.616487967808657e-06,-0.0001291104867188,0.0345217408725658,0.0325052941872367,0.0070686856204598,0.1577186061538085,0.034297897351015,-0.0030396191857208,True,False,0.4166666666666667,,,,,,,,,,,,,,,,,,,,,,,,,,,,,,,,,,,,,,,,,,,,,,,,,,,,,,,,,,,,,,,,,,,,,,,,,,,,,,,,,,,,
data/precomputed/fig04/phase_model_phase_sensitivity.csv,9,3MIDD_207,,,,,,,,,,,,,,,,,,,3.887910160699136e-05,2.0586068917446673e-05,-1.8293032689544687e-05,0.5294893160209204,0.0205691840668887,0.0162938116065374,0.0925874692772065,0.0733428597178708,-0.000370643175846,False,False,0.25,,,,,,,,,,,,,,,,,,,,,,,,,,,,,,,,,,,,,,,,,,,,,,,,,,,,,,,,,,,,,,,,,,,,,,,,,,,,,,,,,,,,
data/precomputed/fig04/phase_model_phase_sensitivity.csv,9,4MIDD_085_170,,,,,,,,,,,,,,,,,,,9.406787529917166e-05,2.6064520969280753e-05,-6.800335432989091e-05,0.2770820632055092,0.0272261772670678,0.0145609357881866,0.1233102870599433,0.0659480453054459,-0.0013949402865135,True,False,0.25,,,,,,,,,,,,,,,,,,,,,,,,,,,,,,,,,,,,,,,,,,,,,,,,,,,,,,,,,,,,,,,,,,,,,,,,,,,,,,,,,,,,
data/precomputed/fig04/geometry_geometry_contrasts.csv,0,3MIDD_048,,,-0.0018620960078069,,0.000347914129641,,,,,,,,,,,,,,,,,,,,,,,,,,identity,0.0,0.0,0.0,0.0,0.0,0.0,0.0,0.0,0.0,0.0,0.0,False,False,True,True,True,True,,,,,,,,,,,,,,,,,,,,,,,,,,,,,,,,,,,,,,,,,,,,,,,,,,,,,,,,,,,,,,,,,,
data/precomputed/fig04/geometry_geometry_contrasts.csv,0,3MIDD_048,,,0.0004153585169612,,0.0003292647755473,,,,,,,,,,,,,,,,,,,,,,,,,,LR,0.0022774545247682,-1.8649354093688213e-05,0.0014467374908457,-0.0006771789051884,0.0014467374908457,0.0006771789051884,0.0076229475181547,0.0035680966915675,-0.0040548508265872,0.7769361597998156,1.946340732064352,True,False,True,False,True,True,,,,,,,,,,,,,,,,,,,,,,,,,,,,,,,,,,,,,,,,,,,,,,,,,,,,,,,,,,,,,,,,,,
data/precomputed/fig04/geometry_geometry_contrasts.csv,0,3MIDD_048,,,0.0004153585169612,,0.0003292647755473,,,,,,,,,,,,,,,,,,,,,,,,,,UD,0.0022774545247682,-1.8649354093688213e-05,0.0014467374908457,-0.0006771789051884,0.0014467374908457,0.0006771789051884,0.0076229475181547,0.0035680966915675,-0.0040548508265872,0.7769361597998156,1.946340732064352,True,False,True,False,True,True,,,,,,,,,,,,,,,,,,,,,,,,,,,,,,,,,,,,,,,,,,,,,,,,,,,,,,,,,,,,,,,,,,
data/precomputed/fig04/geometry_geometry_contrasts.csv,0,3MIDD_048,,,-0.0018620960078069,,0.000347914129641,,,,,,,,,,,,,,,,,,,,,,,,,,rot180,0.0,0.0,0.0,0.0,0.0,0.0,0.0,0.0,0.0,0.0,0.0,False,False,True,True,True,True,,,,,,,,,,,,,,,,,,,,,,,,,,,,,,,,,,,,,,,,,,,,,,,,,,,,,,,,,,,,,,,,,,
data/precomputed/fig04/geometry_geometry_contrasts.csv,0,3MIDD_048,,,0.0065365592670206,,0.0053593971294532,,,,,,,,,,,,,,,,,,,,,,,,,,x_minus3,0.0083986552748276,0.0050114829998121,0.0083986552748276,0.0050114829998121,0.0083986552748276,0.0050114829998121,0.0442530236398722,0.0264058076447311,-0.0178472159951411,4.5102992201388625,14.403953542923128,True,False,False,True,True,True,,,,,,,,,,,,,,,,,,,,,,,,,,,,,,,,,,,,,,,,,,,,,,,,,,,,,,,,,,,,,,,,,,
data/precomputed/fig04/geometry_geometry_contrasts.csv,0,3MIDD_048,,,0.0022833275238827,,-0.005330613650916,,,,,,,,,,,,,,,,,,,,,,,,,,x_plus3,0.0041454235316897,-0.0056785277805571,0.0041454235316897,-0.0056785277805571,0.0041454235316897,0.0056785277805571,0.0218424878200412,0.0299205070204315,0.0080780192003903,2.226201684710671,16.321166877431082,True,True,False,False,False,True,,,,,,,,,,,,,,,,,,,,,,,,,,,,,,,,,,,,,,,,,,,,,,,,,,,,,,,,,,,,,,,,,,
data/precomputed/fig04/geometry_geometry_contrasts.csv,0,3MIDD_048,,,-0.0052205720498956,,-0.008849324931398,,,,,,,,,,,,,,,,,,,,,,,,,,y_minus3,-0.0033584760420887,-0.0091972390610391,-0.0033584760420887,-0.0091972390610391,0.0033584760420887,0.0091972390610391,0.0176960138047273,0.0484608100072392,0.0307647962025119,1.8035901436374393,26.43461110480292,False,True,True,False,False,True,,,,,,,,,,,,,,,,,,,,,,,,,,,,,,,,,,,,,,,,,,,,,,,,,,,,,,,,,,,,,,,,,,
data/precomputed/fig04/geometry_geometry_contrasts.csv,0,3MIDD_048,,,0.0054041034141537,,0.0049294723471436,,,,,,,,,,,,,,,,,,,,,,,,,,y_plus3,0.0072661994219606,0.0045815582175026,0.0072661994219606,0.0045815582175026,0.0072661994219606,0.0045815582175026,0.0382860451191278,0.0241405079113399,-0.0141455372077879,3.9021405824892943,13.168268099797777,True,False,False,True,True,True,,,,,,,,,,,,,,,,,,,,,,,,,,,,,,,,,,,,,,,,,,,,,,,,,,,,,,,,,,,,,,,,,,
data/precomputed/fig04/geometry_geometry_contrasts.csv,0,3MIDD_207,,,0.0048249046598519,,0.013167299317486,,,,,,,,,,,,,,,,,,,,,,,,,,identity,0.0,0.0,0.0,0.0,0.0,0.0,0.0,0.0,0.0,0.0,0.0,False,False,True,True,False,False,,,,,,,,,,,,,,,,,,,,,,,,,,,,,,,,,,,,,,,,,,,,,,,,,,,,,,,,,,,,,,,,,,
data/precomputed/fig04/geometry_geometry_contrasts.csv,0,3MIDD_207,,,-0.0042910556131538,,0.014674311008116,,,,,,,,,,,,,,,,,,,,,,,,,,LR,-0.0091159602730058,0.0015070116906299,-0.000533849046698,-0.027841610325602,0.000533849046698,0.027841610325602,0.0037006911625623,0.1930006280253564,0.1892999368627941,0.1106442464444397,2.1144494789553314,True,False,True,False,False,False,,,,,,,,,,,,,,,,,,,,,,,,,,,,,,,,,,,,,,,,,,,,,,,,,,,,,,,,,,,,,,,,,,
data/precomputed/fig04/geometry_geometry_contrasts.csv,0,3MIDD_207,,,-0.0042910556131538,,0.014674311008116,,,,,,,,,,,,,,,,,,,,,,,,,,UD,-0.0091159602730058,0.0015070116906299,-0.000533849046698,-0.027841610325602,0.000533849046698,0.027841610325602,0.0037006911625623,0.1930006280253564,0.1892999368627941,0.1106442464444397,2.1144494789553314,True,False,True,False,False,False,,,,,,,,,,,,,,,,,,,,,,,,,,,,,,,,,,,,,,,,,,,,,,,,,,,,,,,,,,,,,,,,,,
data/precomputed/fig04/geometry_geometry_contrasts.csv,0,3MIDD_207,,,0.0048249046598519,,0.013167299317486,,,,,,,,,,,,,,,,,,,,,,,,,,rot180,0.0,0.0,0.0,0.0,0.0,0.0,0.0,0.0,0.0,0.0,0.0,False,False,True,True,False,False,,,,,,,,,,,,,,,,,,,,,,,,,,,,,,,,,,,,,,,,,,,,,,,,,,,,,,,,,,,,,,,,,,
data/precomputed/fig04/geometry_geometry_contrasts.csv,0,3MIDD_207,,,0.0072792722603954,,0.0131286568407401,,,,,,,,,,,,,,,,,,,,,,,,,,x_minus3,0.0024543676005435,-3.8642476745908566e-05,0.0024543676005435,-3.8642476745908566e-05,0.0024543676005435,3.8642476745908566e-05,0.0170139041086428,0.0002678732369714,-0.0167460308716714,0.5086862200830897,0.0029347284106549,False,False,True,True,False,False,,,,,,,,,,,,,,,,,,,,,,,,,,,,,,,,,,,,,,,,,,,,,,,,,,,,,,,,,,,,,,,,,,
data/precomputed/fig04/geometry_geometry_contrasts.csv,0,3MIDD_207,,,0.0030126812482404,,0.0083797912537243,,,,,,,,,,,,,,,,,,,,,,,,,,x_plus3,-0.0018122234116114,-0.0047875080637617,-0.0018122234116114,-0.0047875080637617,0.0018122234116114,0.0047875080637617,0.0125625009643081,0.0331874504447325,0.0206249494804244,0.3755969875883943,0.363590460915502,False,False,True,True,False,False,,,,,,,,,,,,,,,,,,,,,,,,,,,,,,,,,,,,,,,,,,,,,,,,,,,,,,,,,,,,,,,,,,
data/precomputed/fig04/geometry_geometry_contrasts.csv,0,3MIDD_207,,,0.0030348822826872,,0.0098402512145338,,,,,,,,,,,,,,,,,,,,,,,,,,y_minus3,-0.0017900223771646,-0.0033270481029522,-0.0017900223771646,-0.0033270481029522,0.0017900223771646,0.0033270481029522,0.0124086013320334,0.0230634063845753,0.0106548050525419,0.3709956555417281,0.2526748649045507,False,False,True,True,False,False,,,,,,,,,,,,,,,,,,,,,,,,,,,,,,,,,,,,,,,,,,,,,,,,,,,,,,,,,,,,,,,,,,
data/precomputed/fig04/geometry_geometry_contrasts.csv,0,3MIDD_207,,,0.0032727077089461,,0.0143651726190459,,,,,,,,,,,,,,,,,,,,,,,,,,y_plus3,-0.0015521969509057,0.0011978733015598,-0.0015521969509057,0.0011978733015598,0.0015521969509057,0.0011978733015598,0.0107599733937939,0.0083037689556077,-0.0024562044381861,0.3217045399417295,0.0909732787980544,False,False,True,True,False,False,,,,,,,,,,,,,,,,,,,,,,,,,,,,,,,,,,,,,,,,,,,,,,,,,,,,,,,,,,,,,,,,,,
data/precomputed/fig04/geometry_geometry_contrasts.csv,0,4MIDD_085_170,,,0.0007244197792092,,0.0076465928516291,,,,,,,,,,,,,,,,,,,,,,,,,,identity,0.0,0.0,0.0,0.0,0.0,0.0,0.0,0.0,0.0,0.0,0.0,False,False,True,True,False,False,,,,,,,,,,,,,,,,,,,,,,,,,,,,,,,,,,,,,,,,,,,,,,,,,,,,,,,,,,,,,,,,,,
data/precomputed/fig04/geometry_geometry_contrasts.csv,0,4MIDD_085_170,,,0.0010056496115126,,0.0118389914993857,,,,,,,,,,,,,,,,,,,,,,,,,,LR,0.0002812298323033,0.0041923986477565,-0.0017300693907218,-0.0194855843510148,0.0017300693907218,0.0194855843510148,0.0117968795021799,0.132866977389025,0.121070097886845,2.3881809395112215,2.548266822418177,False,False,False,False,False,False,,,,,,,,,,,,,,,,,,,,,,,,,,,,,,,,,,,,,,,,,,,,,,,,,,,,,,,,,,,,,,,,,,
data/precomputed/fig04/geometry_geometry_contrasts.csv,0,4MIDD_085_170,,,0.0010056496115126,,0.0118389914993857,,,,,,,,,,,,,,,,,,,,,,,,,,UD,0.0002812298323033,0.0041923986477565,-0.0017300693907218,-0.0194855843510148,0.0017300693907218,0.0194855843510148,0.0117968795021799,0.132866977389025,0.121070097886845,2.3881809395112215,2.548266822418177,False,False,False,False,False,False,,,,,,,,,,,,,,,,,,,,,,,,,,,,,,,,,,,,,,,,,,,,,,,,,,,,,,,,,,,,,,,,,,
data/precomputed/fig04/geometry_geometry_contrasts.csv,0,4MIDD_085_170,,,0.0007244197792092,,0.0076465928516291,,,,,,,,,,,,,,,,,,,,,,,,,,rot180,0.0,0.0,0.0,0.0,0.0,0.0,0.0,0.0,0.0,0.0,0.0,False,False,True,True,False,False,,,,,,,,,,,,,,,,,,,,,,,,,,,,,,,,,,,,,,,,,,,,,,,,,,,,,,,,,,,,,,,,,,
data/precomputed/fig04/geometry_geometry_contrasts.csv,0,4MIDD_085_170,,,0.0041950203670957,,0.0074377476818892,,,,,,,,,,,,,,,,,,,,,,,,,,x_minus3,0.0034706005878864,-0.0002088451697399,0.0034706005878864,-0.0002088451697399,0.0034706005878864,0.0002088451697399,0.0236650952586409,0.0014240592401941,-0.0222410360184468,4.790803315229239,0.02731215074096,False,False,True,True,False,False,,,,,,,,,,,,,,,,,,,,,,,,,,,,,,,,,,,,,,,,,,,,,,,,,,,,,,,,,,,,,,,,,,
data/precomputed/fig04/geometry_geometry_contrasts.csv,0,4MIDD_085_170,,,-0.0071627318620279,,0.0084077616974858,,,,,,,,,,,,,,,,,,,,,,,,,,x_plus3,-0.0078871516412372,0.0007611688458566,-0.0078871516412372,0.0007611688458566,0.0078871516412372,0.0007611688458566,0.0537803732185992,0.0051902063602418,-0.0485901668583574,10.887392909008202,0.0995433999419069,True,False,False,True,False,False,,,,,,,,,,,,,,,,,,,,,,,,,,,,,,,,,,,,,,,,,,,,,,,,,,,,,,,,,,,,,,,,,,
data/precomputed/fig04/geometry_geometry_contrasts.csv,0,4MIDD_085_170,,,-9.626396386721615e-06,,0.0123750312571079,,,,,,,,,,,,,,,,,,,,,,,,,,y_minus3,-0.0007340461755959,0.0047284384054787,-0.0007340461755959,0.0047284384054787,0.0007340461755959,0.0047284384054787,0.0050052641408381,0.0322419542256848,0.0272366900848467,1.013274435511497,0.6183711246977229,True,False,False,True,False,False,,,,,,,,,,,,,,,,,,,,,,,,,,,,,,,,,,,,,,,,,,,,,,,,,,,,,,,,,,,,,,,,,,
data/precomputed/fig04/geometry_geometry_contrasts.csv,0,4MIDD_085_170,,,-0.0052132174385418,,0.0059254660372384,,,,,,,,,,,,,,,,,,,,,,,,,,y_plus3,-0.005937637217751,-0.0017211268143907,-0.005937637217751,-0.0017211268143907,0.005937637217751,0.0017211268143907,0.0404871568511146,0.011735902470864,-0.0287512543802506,8.196290914810593,0.225083850670246,True,False,False,True,False,False,,,,,,,,,,,,,,,,,,,,,,,,,,,,,,,,,,,,,,,,,,,,,,,,,,,,,,,,,,,,,,,,,,
data/precomputed/fig04/geometry_geometry_contrasts.csv,1,3MIDD_048,,,-0.0014282551694965,,-0.0013184994026383,,,,,,,,,,,,,,,,,,,,,,,,,,identity,0.0,0.0,0.0,0.0,0.0,0.0,0.0,0.0,0.0,0.0,0.0,False,False,True,True,True,True,,,,,,,,,,,,,,,,,,,,,,,,,,,,,,,,,,,,,,,,,,,,,,,,,,,,,,,,,,,,,,,,,,
data/precomputed/fig04/geometry_geometry_contrasts.csv,1,3MIDD_048,,,0.0015769374221416,,-0.0015939690942918,,,,,,,,,,,,,,,,,,,,,,,,,,LR,0.0030051925916381,-0.0002754696916535,-0.000148682252645,0.0029124684969301,0.000148682252645,0.0029124684969301,0.0009617476771992,0.0188392344211065,0.0178774867439072,0.1040998939275987,2.208909918353557,True,False,True,False,False,True,,,,,,,,,,,,,,,,,,,,,,,,,,,,,,,,,,,,,,,,,,,,,,,,,,,,,,,,,,,,,,,,,,
data/precomputed/fig04/geometry_geometry_contrasts.csv,1,3MIDD_048,,,0.0015769374221416,,-0.0015939690942918,,,,,,,,,,,,,,,,,,,,,,,,,,UD,0.0030051925916381,-0.0002754696916535,-0.000148682252645,0.0029124684969301,0.000148682252645,0.0029124684969301,0.0009617476771992,0.0188392344211065,0.0178774867439072,0.1040998939275987,2.208909918353557,True,False,True,False,False,True,,,,,,,,,,,,,,,,,,,,,,,,,,,,,,,,,,,,,,,,,,,,,,,,,,,,,,,,,,,,,,,,,,
data/precomputed/fig04/geometry_geometry_contrasts.csv,1,3MIDD_048,,,-0.0014282551694965,,-0.0013184994026383,,,,,,,,,,,,,,,,,,,,,,,,,,rot180,0.0,0.0,0.0,0.0,0.0,0.0,0.0,0.0,0.0,0.0,0.0,False,False,True,True,True,True,,,,,,,,,,,,,,,,,,,,,,,,,,,,,,,,,,,,,,,,,,,,,,,,,,,,,,,,,,,,,,,,,,
data/precomputed/fig04/geometry_geometry_contrasts.csv,1,3MIDD_048,,,-0.0018621118939374,,-0.0020796697490978,,,,,,,,,,,,,,,,,,,,,,,,,,x_minus3,-0.0004338567244409,-0.0007611703464595,-0.0004338567244409,-0.0007611703464595,0.0004338567244409,0.0007611703464595,0.0028063920847664,0.0049236126009468,0.0021172205161804,0.3037648286234422,0.5772961079658985,False,False,True,True,False,True,,,,,,,,,,,,,,,,,,,,,,,,,,,,,,,,,,,,,,,,,,,,,,,,,,,,,,,,,,,,,,,,,,
data/precomputed/fig04/geometry_geometry_contrasts.csv,1,3MIDD_048,,,-0.0003302794254362,,-0.0010663734800435,,,,,,,,,,,,,,,,,,,,,,,,,,x_plus3,0.0010979757440602,0.0002521259225947,0.0010979757440602,0.0002521259225947,0.0010979757440602,0.0002521259225947,0.0071022304457,0.0016308706392554,-0.0054713598064446,0.7687478260407935,0.1912204206433684,False,False,True,True,False,True,,,,,,,,,,,,,,,,,,,,,,,,,,,,,,,,,,,,,,,,,,,,,,,,,,,,,,,,,,,,,,,,,,
data/precomputed/fig04/geometry_geometry_contrasts.csv,1,3MIDD_048,,,0.002623513364477,,-0.0013187879446033,,,,,,,,,,,,,,,,,,,,,,,,,,y_minus3,0.0040517685339736,-2.8854196499825124e-07,0.0040517685339736,-2.8854196499825124e-07,0.0040517685339736,2.8854196499825124e-07,0.0262087700904054,1.86642695866354e-06,-0.0262069036634468,2.836846140693789,0.0002188395201588,True,False,False,True,True,True,,,,,,,,,,,,,,,,,,,,,,,,,,,,,,,,,,,,,,,,,,,,,,,,,,,,,,,,,,,,,,,,,,
data/precomputed/fig04/geometry_geometry_contrasts.csv,1,3MIDD_048,,,-0.0011199962705013,,-0.0031968332972583,,,,,,,,,,,,,,,,,,,,,,,,,,y_plus3,0.0003082588989951,-0.00187833389462,0.0003082588989951,-0.00187833389462,0.0003082588989951,0.00187833389462,0.0019939654855264,0.0121499589091369,0.0101559934236105,0.215827498687661,1.4245889266026937,False,False,True,True,False,True,,,,,,,,,,,,,,,,,,,,,,,,,,,,,,,,,,,,,,,,,,,,,,,,,,,,,,,,,,,,,,,,,,
data/precomputed/fig04/geometry_geometry_contrasts.csv,1,3MIDD_207,,,0.008649105587812,,0.0023618649450091,,,,,,,,,,,,,,,,,,,,,,,,,,identity,0.0,0.0,0.0,0.0,0.0,0.0,0.0,0.0,0.0,0.0,0.0,False,False,True,True,True,True,,,,,,,,,,,,,,,,,,,,,,,,,,,,,,,,,,,,,,,,,,,,,,,,,,,,,,,,,,,,,,,,,,
data/precomputed/fig04/geometry_geometry_contrasts.csv,1,3MIDD_207,,,-0.0079492279800205,,0.0020170557023943,,,,,,,,,,,,,,,,,,,,,,,,,,LR,-0.0165983335678325,-0.0003448092426148,-0.0006998776077915,-0.0043789206474034,0.0006998776077915,0.0043789206474034,0.0043688006787504,0.0273342528516336,0.0229654521728831,0.0809189795980731,1.854001904993544,True,False,True,False,True,True,,,,,,,,,,,,,,,,,,,,,,,,,,,,,,,,,,,,,,,,,,,,,,,,,,,,,,,,,,,,,,,,,,
data/precomputed/fig04/geometry_geometry_contrasts.csv,1,3MIDD_207,,,-0.0079492279800205,,0.0020170557023943,,,,,,,,,,,,,,,,,,,,,,,,,,UD,-0.0165983335678325,-0.0003448092426148,-0.0006998776077915,-0.0043789206474034,0.0006998776077915,0.0043789206474034,0.0043688006787504,0.0273342528516336,0.0229654521728831,0.0809189795980731,1.854001904993544,True,False,True,False,True,True,,,,,,,,,,,,,,,,,,,,,,,,,,,,,,,,,,,,,,,,,,,,,,,,,,,,,,,,,,,,,,,,,,
data/precomputed/fig04/geometry_geometry_contrasts.csv,1,3MIDD_207,,,0.008649105587812,,0.0023618649450091,,,,,,,,,,,,,,,,,,,,,,,,,,rot180,0.0,0.0,0.0,0.0,0.0,0.0,0.0,0.0,0.0,0.0,0.0,False,False,True,True,True,True,,,,,,,,,,,,,,,,,,,,,,,,,,,,,,,,,,,,,,,,,,,,,,,,,,,,,,,,,,,,,,,,,,
data/precomputed/fig04/geometry_geometry_contrasts.csv,1,3MIDD_207,,,0.009550528176832,,0.0015701098398333,,,,,,,,,,,,,,,,,,,,,,,,,,x_minus3,0.00090142258902,-0.0007917551051757,0.00090142258902,-0.0007917551051757,0.00090142258902,0.0007917551051757,0.0056268918663913,0.004942321632222,-0.0006845702341692,0.1042213599608111,0.3352231272230631,False,False,True,True,True,True,,,,,,,,,,,,,,,,,,,,,,,,,,,,,,,,,,,,,,,,,,,,,,,,,,,,,,,,,,,,,,,,,,
data/precomputed/fig04/geometry_geometry_contrasts.csv,1,3MIDD_207,,,0.0080618519960699,,0.0046434288631123,,,,,,,,,,,,,,,,,,,,,,,,,,x_plus3,-0.0005872535917421,0.0022815639181032,-0.0005872535917421,0.0022815639181032,0.0005872535917421,0.0022815639181032,0.0036657750750124,0.0142420587300615,0.0105762836550491,0.0678975307683061,0.9659969182214556,False,False,True,True,True,True,,,,,,,,,,,,,,,,,,,,,,,,,,,,,,,,,,,,,,,,,,,,,,,,,,,,,,,,,,,,,,,,,,
data/precomputed/fig04/geometry_geometry_contrasts.csv,1,3MIDD_207,,,0.0064845860722783,,0.0015456651179917,,,,,,,,,,,,,,,,,,,,,,,,,,y_minus3,-0.0021645195155336,-0.0008161998270173,-0.0021645195155336,-0.0008161998270173,0.0021645195155336,0.0008161998270173,0.0135114400337391,0.0050949113367423,-0.0084165286969967,0.2502590575369164,0.3455728376906794,False,False,True,True,True,True,,,,,,,,,,,,,,,,,,,,,,,,,,,,,,,,,,,,,,,,,,,,,,,,,,,,,,,,,,,,,,,,,,
data/precomputed/fig04/geometry_geometry_contrasts.csv,1,3MIDD_207,,,0.0060049558115421,,0.0031344601033698,,,,,,,,,,,,,,,,,,,,,,,,,,y_plus3,-0.0026441497762699,0.0007725951583607,-0.0026441497762699,0.0007725951583607,0.0026441497762699,0.0007725951583607,0.0165054049575002,0.0048227207366964,-0.0116826842208037,0.3057133124681496,0.3271109505578741,False,False,True,True,True,True,,,,,,,,,,,,,,,,,,,,,,,,,,,,,,,,,,,,,,,,,,,,,,,,,,,,,,,,,,,,,,,,,,
data/precomputed/fig04/geometry_geometry_contrasts.csv,1,4MIDD_085_170,,,0.0010991173576564,,-0.0022028062224937,,,,,,,,,,,,,,,,,,,,,,,,,,identity,0.0,0.0,0.0,0.0,0.0,0.0,0.0,0.0,0.0,0.0,0.0,False,False,True,True,False,False,,,,,,,,,,,,,,,,,,,,,,,,,,,,,,,,,,,,,,,,,,,,,,,,,,,,,,,,,,,,,,,,,,
data/precomputed/fig04/geometry_geometry_contrasts.csv,1,4MIDD_085_170,,,-0.002144626898035,,0.0002704870323504,,,,,,,,,,,,,,,,,,,,,,,,,,LR,-0.0032437442556915,0.0024732932548441,0.0010455095403786,0.0019323191901433,0.0010455095403786,0.0019323191901433,0.0066225407081732,0.0122398333096745,0.0056172926015012,0.951217830304763,0.8772039947825515,True,True,True,True,True,False,,,,,,,,,,,,,,,,,,,,,,,,,,,,,,,,,,,,,,,,,,,,,,,,,,,,,,,,,,,,,,,,,,
data/precomputed/fig04/geometry_geometry_contrasts.csv,1,4MIDD_085_170,,,-0.002144626898035,,0.0002704870323504,,,,,,,,,,,,,,,,,,,,,,,,,,UD,-0.0032437442556915,0.0024732932548441,0.0010455095403786,0.0019323191901433,0.0010455095403786,0.0019323191901433,0.0066225407081732,0.0122398333096745,0.0056172926015012,0.951217830304763,0.8772039947825515,True,True,True,True,True,False,,,,,,,,,,,,,,,,,,,,,,,,,,,,,,,,,,,,,,,,,,,,,,,,,,,,,,,,,,,,,,,,,,
data/precomputed/fig04/geometry_geometry_contrasts.csv,1,4MIDD_085_170,,,0.0010991173576564,,-0.0022028062224937,,,,,,,,,,,,,,,,,,,,,,,,,,rot180,0.0,0.0,0.0,0.0,0.0,0.0,0.0,0.0,0.0,0.0,0.0,False,False,True,True,False,False,,,,,,,,,,,,,,,,,,,,,,,,,,,,,,,,,,,,,,,,,,,,,,,,,,,,,,,,,,,,,,,,,,
data/precomputed/fig04/geometry_geometry_contrasts.csv,1,4MIDD_085_170,,,-0.0008073407614469,,-0.0001452187815227,,,,,,,,,,,,,,,,,,,,,,,,,,x_minus3,-0.0019064581191034,0.0020575874409709,-0.0019064581191034,0.0020575874409709,0.0019064581191034,0.0020575874409709,0.012076022278685,0.0130333163516823,0.0009572940729972,1.7345197586276946,0.9340713128767706,True,False,False,True,True,False,,,,,,,,,,,,,,,,,,,,,,,,,,,,,,,,,,,,,,,,,,,,,,,,,,,,,,,,,,,,,,,,,,
data/precomputed/fig04/geometry_geometry_contrasts.csv,1,4MIDD_085_170,,,-2.1961214356548708e-06,,-0.0005778844325653,,,,,,,,,,,,,,,,,,,,,,,,,,x_plus3,-0.0011013134790921,0.0016249217899283,-0.0011013134790921,0.0016249217899283,0.0011013134790921,0.0016249217899283,0.0069760179759875,0.0102926948877974,0.0033166769118099,1.0019889609883936,0.7376565386325487,True,False,False,True,False,False,,,,,,,,,,,,,,,,,,,,,,,,,,,,,,,,,,,,,,,,,,,,,,,,,,,,,,,,,,,,,,,,,,
data/precomputed/fig04/geometry_geometry_contrasts.csv,1,4MIDD_085_170,,,-0.0014407955559669,,-0.0029519467961106,,,,,,,,,,,,,,,,,,,,,,,,,,y_minus3,-0.0025399129136234,-0.0007491405736169,-0.0025399129136234,-0.0007491405736169,0.0025399129136234,0.0007491405736169,0.0160884965809064,0.0047452593719284,-0.0113432372089779,2.3108449588944353,0.3400831017890477,True,False,False,True,False,False,,,,,,,,,,,,,,,,,,,,,,,,,,,,,,,,,,,,,,,,,,,,,,,,,,,,,,,,,,,,,,,,,,
data/precomputed/fig04/geometry_geometry_contrasts.csv,1,4MIDD_085_170,,,-0.0009617739481666,,0.0008078897381834,,,,,,,,,,,,,,,,,,,,,,,,,,y_plus3,-0.0020608913058231,0.0030106959606771,-0.0020608913058231,0.0030106959606771,0.0020608913058231,0.0030106959606771,0.0130542439268334,0.0190705639589832,0.0060163200321497,1.875025029144266,1.366748587528035,True,True,False,False,True,False,,,,,,,,,,,,,,,,,,,,,,,,,,,,,,,,,,,,,,,,,,,,,,,,,,,,,,,,,,,,,,,,,,
data/precomputed/fig04/geometry_geometry_contrasts.csv,2,3MIDD_048,,,-0.0116886244154322,,0.0122766720389417,,,,,,,,,,,,,,,,,,,,,,,,,,identity,0.0,0.0,0.0,0.0,0.0,0.0,0.0,0.0,0.0,0.0,0.0,False,False,True,True,False,False,,,,,,,,,,,,,,,,,,,,,,,,,,,,,,,,,,,,,,,,,,,,,,,,,,,,,,,,,,,,,,,,,,
data/precomputed/fig04/geometry_geometry_contrasts.csv,2,3MIDD_048,,,0.0120167536865106,,0.0118309477930641,,,,,,,,,,,,,,,,,,,,,,,,,,LR,0.0237053781019429,-0.0004457242458776,-0.0003281292710784,-0.0241076198320058,0.0003281292710784,0.0241076198320058,0.0027525031463042,0.2022260897951023,0.1994735866487981,0.0280725069684084,1.9636917984465383,True,False,True,False,True,False,,,,,,,,,,,,,,,,,,,,,,,,,,,,,,,,,,,,,,,,,,,,,,,,,,,,,,,,,,,,,,,,,,
data/precomputed/fig04/geometry_geometry_contrasts.csv,2,3MIDD_048,,,0.0120167536865106,,0.0118309477930641,,,,,,,,,,,,,,,,,,,,,,,,,,UD,0.0237053781019429,-0.0004457242458776,-0.0003281292710784,-0.0241076198320058,0.0003281292710784,0.0241076198320058,0.0027525031463042,0.2022260897951023,0.1994735866487981,0.0280725069684084,1.9636917984465383,True,False,True,False,True,False,,,,,,,,,,,,,,,,,,,,,,,,,,,,,,,,,,,,,,,,,,,,,,,,,,,,,,,,,,,,,,,,,,
data/precomputed/fig04/geometry_geometry_contrasts.csv,2,3MIDD_048,,,-0.0116886244154322,,0.0122766720389417,,,,,,,,,,,,,,,,,,,,,,,,,,rot180,0.0,0.0,0.0,0.0,0.0,0.0,0.0,0.0,0.0,0.0,0.0,False,False,True,True,False,False,,,,,,,,,,,,,,,,,,,,,,,,,,,,,,,,,,,,,,,,,,,,,,,,,,,,,,,,,,,,,,,,,,
data/precomputed/fig04/geometry_geometry_contrasts.csv,2,3MIDD_048,,,-0.0091410125774702,,0.0099845394956517,,,,,,,,,,,,,,,,,,,,,,,,,,x_minus3,0.002547611837962,-0.00229213254329,0.002547611837962,-0.00229213254329,0.002547611837962,0.00229213254329,0.0213705701308095,0.019227489264878,-0.0021430808659314,0.2179563281231956,0.1867061911369374,False,False,True,True,False,False,,,,,,,,,,,,,,,,,,,,,,,,,,,,,,,,,,,,,,,,,,,,,,,,,,,,,,,,,,,,,,,,,,
data/precomputed/fig04/geometry_geometry_contrasts.csv,2,3MIDD_048,,,-0.0100872140802755,,0.0140315144419266,,,,,,,,,,,,,,,,,,,,,,,,,,x_plus3,0.0016014103351567,0.0017548424029848,0.0016014103351567,0.0017548424029848,0.0016014103351567,0.0017548424029848,0.0134333854811443,0.0147204460595951,0.0012870605784508,0.1370057680170441,0.142941097392478,False,False,True,True,False,False,,,,,,,,,,,,,,,,,,,,,,,,,,,,,,,,,,,,,,,,,,,,,,,,,,,,,,,,,,,,,,,,,,
data/precomputed/fig04/geometry_geometry_contrasts.csv,2,3MIDD_048,,,-0.0042059307138541,,0.0103293728546831,,,,,,,,,,,,,,,,,,,,,,,,,,y_minus3,0.0074826937015781,-0.0019472991842585,0.0074826937015781,-0.0019472991842585,0.0074826937015781,0.0019472991842585,0.0627683653114368,0.016334864347371,-0.0464335009640658,0.640168340939715,0.1586177094170673,False,False,True,True,False,False,,,,,,,,,,,,,,,,,,,,,,,,,,,,,,,,,,,,,,,,,,,,,,,,,,,,,,,,,,,,,,,,,,
data/precomputed/fig04/geometry_geometry_contrasts.csv,2,3MIDD_048,,,-0.0062800469399885,,0.0113628882443953,,,,,,,,,,,,,,,,,,,,,,,,,,y_plus3,0.0054085774754436,-0.0009137837945464,0.0054085774754436,-0.0009137837945464,0.0054085774754436,0.0009137837945464,0.0453696997810104,0.0076652496172152,-0.0377044501637952,0.4627210744398716,0.0744324721979349,False,False,True,True,False,False,,,,,,,,,,,,,,,,,,,,,,,,,,,,,,,,,,,,,,,,,,,,,,,,,,,,,,,,,,,,,,,,,,
data/precomputed/fig04/geometry_geometry_contrasts.csv,2,3MIDD_207,,,-0.0018313920030548,,0.02378913354357,,,,,,,,,,,,,,,,,,,,,,,,,,identity,0.0,0.0,0.0,0.0,0.0,0.0,0.0,0.0,0.0,0.0,0.0,False,False,True,True,False,False,,,,,,,,,,,,,,,,,,,,,,,,,,,,,,,,,,,,,,,,,,,,,,,,,,,,,,,,,,,,,,,,,,
data/precomputed/fig04/geometry_geometry_contrasts.csv,2,3MIDD_207,,,0.0007994179817985,,0.0254985872466529,,,,,,,,,,,,,,,,,,,,,,,,,,LR,0.0026308099848534,0.0017094537030828,0.0010319740212562,-0.049287720790223,0.0010319740212562,0.049287720790223,0.006470234558527,0.3090224247890669,0.3025521902305398,0.5634885292988016,2.071857723669286,True,False,True,False,False,False,,,,,,,,,,,,,,,,,,,,,,,,,,,,,,,,,,,,,,,,,,,,,,,,,,,,,,,,,,,,,,,,,,
data/precomputed/fig04/geometry_geometry_contrasts.csv,2,3MIDD_207,,,0.0007994179817985,,0.0254985872466529,,,,,,,,,,,,,,,,,,,,,,,,,,UD,0.0026308099848534,0.0017094537030828,0.0010319740212562,-0.049287720790223,0.0010319740212562,0.049287720790223,0.006470234558527,0.3090224247890669,0.3025521902305398,0.5634885292988016,2.071857723669286,True,False,True,False,False,False,,,,,,,,,,,,,,,,,,,,,,,,,,,,,,,,,,,,,,,,,,,,,,,,,,,,,,,,,,,,,,,,,,
data/precomputed/fig04/geometry_geometry_contrasts.csv,2,3MIDD_207,,,-0.0018313920030548,,0.02378913354357,,,,,,,,,,,,,,,,,,,,,,,,,,rot180,0.0,0.0,0.0,0.0,0.0,0.0,0.0,0.0,0.0,0.0,0.0,False,False,True,True,False,False,,,,,,,,,,,,,,,,,,,,,,,,,,,,,,,,,,,,,,,,,,,,,,,,,,,,,,,,,,,,,,,,,,
data/precomputed/fig04/geometry_geometry_contrasts.csv,2,3MIDD_207,,,-0.0072814267841512,,0.0218194784968423,,,,,,,,,,,,,,,,,,,,,,,,,,x_minus3,-0.0054500347810964,-0.0019696550467277,-0.0054500347810964,-0.0019696550467277,0.0054500347810964,0.0019696550467277,0.03417043710354,0.0123492741960704,-0.0218211629074695,2.975881194847192,0.0827963832796372,False,False,True,True,False,False,,,,,,,,,,,,,,,,,,,,,,,,,,,,,,,,,,,,,,,,,,,,,,,,,,,,,,,,,,,,,,,,,,
data/precomputed/fig04/geometry_geometry_contrasts.csv,2,3MIDD_207,,,0.0090240838220552,,0.0255271220653567,,,,,,,,,,,,,,,,,,,,,,,,,,x_plus3,0.0108554758251101,0.0017379885217866,0.0108554758251101,0.0017379885217866,0.0108554758251101,0.0017379885217866,0.0680612819568653,0.0108967795354947,-0.0571645024213706,5.927412882044886,0.0730580535025784,True,False,False,True,False,False,,,,,,,,,,,,,,,,,,,,,,,,,,,,,,,,,,,,,,,,,,,,,,,,,,,,,,,,,,,,,,,,,,
data/precomputed/fig04/geometry_geometry_contrasts.csv,2,3MIDD_207,,,-5.220014006570434e-06,,0.0312578880217872,,,,,,,,,,,,,,,,,,,,,,,,,,y_minus3,0.0018261719890482,0.0074687544782171,0.0018261719890482,0.0074687544782171,0.0018261719890482,0.0074687544782171,0.0114496691486191,0.0468273351254395,0.0353776659768203,0.9971442566963198,0.3139564257342025,False,False,True,True,False,False,,,,,,,,,,,,,,,,,,,,,,,,,,,,,,,,,,,,,,,,,,,,,,,,,,,,,,,,,,,,,,,,,,
data/precomputed/fig04/geometry_geometry_contrasts.csv,2,3MIDD_207,,,0.0028728094143954,,0.0245765753548058,,,,,,,,,,,,,,,,,,,,,,,,,,y_plus3,0.0047042014174502,0.0007874418112357,0.0047042014174502,0.0007874418112357,0.0047042014174502,0.0007874418112357,0.0294942372138461,0.0049370750764487,-0.0245571621373973,2.568633980744534,0.0331008894789999,True,False,False,True,False,False,,,,,,,,,,,,,,,,,,,,,,,,,,,,,,,,,,,,,,,,,,,,,,,,,,,,,,,,,,,,,,,,,,
data/precomputed/fig04/geometry_geometry_contrasts.csv,2,4MIDD_085_170,,,0.0041591121790991,,0.0071522838127855,,,,,,,,,,,,,,,,,,,,,,,,,,identity,0.0,0.0,0.0,0.0,0.0,0.0,0.0,0.0,0.0,0.0,0.0,False,False,True,True,False,False,,,,,,,,,,,,,,,,,,,,,,,,,,,,,,,,,,,,,,,,,,,,,,,,,,,,,,,,,,,,,,,,,,
data/precomputed/fig04/geometry_geometry_contrasts.csv,2,4MIDD_085_170,,,0.0014486448392453,,0.0162195400096959,,,,,,,,,,,,,,,,,,,,,,,,,,LR,-0.0027104673398538,0.0090672561969104,-0.0056077570183445,-0.0233718238224814,0.0056077570183445,0.0233718238224814,0.0458931545606071,0.1912719683716009,0.1453788138109938,1.348303025702195,3.2677382157737647,False,False,False,False,False,False,,,,,,,,,,,,,,,,,,,,,,,,,,,,,,,,,,,,,,,,,,,,,,,,,,,,,,,,,,,,,,,,,,
data/precomputed/fig04/geometry_geometry_contrasts.csv,2,4MIDD_085_170,,,0.0014486448392453,,0.0162195400096959,,,,,,,,,,,,,,,,,,,,,,,,,,UD,-0.0027104673398538,0.0090672561969104,-0.0056077570183445,-0.0233718238224814,0.0056077570183445,0.0233718238224814,0.0458931545606071,0.1912719683716009,0.1453788138109938,1.348303025702195,3.2677382157737647,False,False,False,False,False,False,,,,,,,,,,,,,,,,,,,,,,,,,,,,,,,,,,,,,,,,,,,,,,,,,,,,,,,,,,,,,,,,,,
data/precomputed/fig04/geometry_geometry_contrasts.csv,2,4MIDD_085_170,,,0.0041591121790991,,0.0071522838127855,,,,,,,,,,,,,,,,,,,,,,,,,,rot180,0.0,0.0,0.0,0.0,0.0,0.0,0.0,0.0,0.0,0.0,0.0,False,False,True,True,False,False,,,,,,,,,,,,,,,,,,,,,,,,,,,,,,,,,,,,,,,,,,,,,,,,,,,,,,,,,,,,,,,,,,
data/precomputed/fig04/geometry_geometry_contrasts.csv,2,4MIDD_085_170,,,-0.0005123137171781,,0.0082066274486281,,,,,,,,,,,,,,,,,,,,,,,,,,x_minus3,-0.0046714258962773,0.0010543436358426,-0.0046714258962773,0.0010543436358426,0.0046714258962773,0.0010543436358426,0.0382303423588005,0.0086286112756724,-0.029601731083128,1.1231759239371752,0.1474133562519334,True,False,False,True,False,False,,,,,,,,,,,,,,,,,,,,,,,,,,,,,,,,,,,,,,,,,,,,,,,,,,,,,,,,,,,,,,,,,,
data/precomputed/fig04/geometry_geometry_contrasts.csv,2,4MIDD_085_170,,,0.001681840212389,,0.0099604088655365,,,,,,,,,,,,,,,,,,,,,,,,,,x_plus3,-0.0024772719667101,0.002808125052751,-0.0024772719667101,0.002808125052751,0.0024772719667101,0.002808125052751,0.0202736717880208,0.0229813304410006,0.0027076586529798,0.5956237542525568,0.3926188054147345,False,False,True,True,False,False,,,,,,,,,,,,,,,,,,,,,,,,,,,,,,,,,,,,,,,,,,,,,,,,,,,,,,,,,,,,,,,,,,
data/precomputed/fig04/geometry_geometry_contrasts.csv,2,4MIDD_085_170,,,-0.0040962274273167,,0.0142316542189143,,,,,,,,,,,,,,,,,,,,,,,,,,y_minus3,-0.0082553396064159,0.0070793704061288,-0.0082553396064159,0.0070793704061288,0.0082553396064159,0.0070793704061288,0.0675606263374431,0.0579366472508418,-0.0096239790866012,1.984875473940505,0.9898041930930922,True,False,False,True,False,False,,,,,,,,,,,,,,,,,,,,,,,,,,,,,,,,,,,,,,,,,,,,,,,,,,,,,,,,,,,,,,,,,,
data/precomputed/fig04/geometry_geometry_contrasts.csv,2,4MIDD_085_170,,,0.0026126003284941,,0.0063351593589593,,,,,,,,,,,,,,,,,,,,,,,,,,y_plus3,-0.0015465118506049,-0.0008171244538261,-0.0015465118506049,-0.0008171244538261,0.0015465118506049,0.0008171244538261,0.012656451974907,0.0066872403230066,-0.0059692116519003,0.3718361192601332,0.114246488639141,False,False,True,True,False,False,,,,,,,,,,,,,,,,,,,,,,,,,,,,,,,,,,,,,,,,,,,,,,,,,,,,,,,,,,,,,,,,,,
data/precomputed/fig04/geometry_geometry_contrasts.csv,3,3MIDD_048,,,-0.030285068787364,,0.0101523364587802,,,,,,,,,,,,,,,,,,,,,,,,,,identity,0.0,0.0,0.0,0.0,0.0,0.0,0.0,0.0,0.0,0.0,0.0,False,False,True,True,True,True,,,,,,,,,,,,,,,,,,,,,,,,,,,,,,,,,,,,,,,,,,,,,,,,,,,,,,,,,,,,,,,,,,
data/precomputed/fig04/geometry_geometry_contrasts.csv,3,3MIDD_048,,,0.030862530102237,,0.0105794899318151,,,,,,,,,,,,,,,,,,,,,,,,,,LR,0.0611475988896011,0.0004271534730348,-0.000577461314873,-0.0207318263905953,0.000577461314873,0.0207318263905953,0.0050128402417905,0.179969343296084,0.1749565030542935,0.0190675189893829,2.042072389350492,True,False,True,False,True,True,,,,,,,,,,,,,,,,,,,,,,,,,,,,,,,,,,,,,,,,,,,,,,,,,,,,,,,,,,,,,,,,,,
data/precomputed/fig04/geometry_geometry_contrasts.csv,3,3MIDD_048,,,0.030862530102237,,0.0105794899318151,,,,,,,,,,,,,,,,,,,,,,,,,,UD,0.0611475988896011,0.0004271534730348,-0.000577461314873,-0.0207318263905953,0.000577461314873,0.0207318263905953,0.0050128402417905,0.179969343296084,0.1749565030542935,0.0190675189893829,2.042072389350492,True,False,True,False,True,True,,,,,,,,,,,,,,,,,,,,,,,,,,,,,,,,,,,,,,,,,,,,,,,,,,,,,,,,,,,,,,,,,,
data/precomputed/fig04/geometry_geometry_contrasts.csv,3,3MIDD_048,,,-0.030285068787364,,0.0101523364587802,,,,,,,,,,,,,,,,,,,,,,,,,,rot180,0.0,0.0,0.0,0.0,0.0,0.0,0.0,0.0,0.0,0.0,0.0,False,False,True,True,True,True,,,,,,,,,,,,,,,,,,,,,,,,,,,,,,,,,,,,,,,,,,,,,,,,,,,,,,,,,,,,,,,,,,
data/precomputed/fig04/geometry_geometry_contrasts.csv,3,3MIDD_048,,,-0.0164686907018977,,0.008803620768419,,,,,,,,,,,,,,,,,,,,,,,,,,x_minus3,0.0138163780854662,-0.0013487156903612,0.0138163780854662,-0.0013487156903612,0.0138163780854662,0.0013487156903612,0.1199375512762221,0.0117079640025128,-0.1082295872737093,0.4562107360681827,0.1328476816504627,False,False,True,True,True,True,,,,,,,,,,,,,,,,,,,,,,,,,,,,,,,,,,,,,,,,,,,,,,,,,,,,,,,,,,,,,,,,,,
data/precomputed/fig04/geometry_geometry_contrasts.csv,3,3MIDD_048,,,-0.0207546372015756,,0.0181249789776784,,,,,,,,,,,,,,,,,,,,,,,,,,x_plus3,0.0095304315857884,0.0079726425188981,0.0095304315857884,0.0079726425188981,0.0095304315857884,0.0079726425188981,0.0827320025504681,0.069209109290604,-0.0135228932598641,0.3146906650863605,0.7853004772116555,False,False,True,True,True,True,,,,,,,,,,,,,,,,,,,,,,,,,,,,,,,,,,,,,,,,,,,,,,,,,,,,,,,,,,,,,,,,,,
data/precomputed/fig04/geometry_geometry_contrasts.csv,3,3MIDD_048,,,-0.0134166917563994,,0.0150772589123891,,,,,,,,,,,,,,,,,,,,,,,,,,y_minus3,0.0168683770309645,0.0049249224536088,0.0168683770309645,0.0049249224536088,0.0168683770309645,0.0049249224536088,0.146431418030327,0.0427523867439966,-0.1036790312863304,0.5569864007751104,0.4851018898541985,False,False,True,True,False,True,,,,,,,,,,,,,,,,,,,,,,,,,,,,,,,,,,,,,,,,,,,,,,,,,,,,,,,,,,,,,,,,,,
data/precomputed/fig04/geometry_geometry_contrasts.csv,3,3MIDD_048,,,-0.0250540907547155,,0.0084085460349512,,,,,,,,,,,,,,,,,,,,,,,,,,y_plus3,0.0052309780326484,-0.0017437904238289,0.0052309780326484,-0.0017437904238289,0.0052309780326484,0.0017437904238289,0.0454092014661593,0.0151375383678141,-0.0302716630983452,0.172724597131674,0.1717623044986659,False,False,True,True,True,True,,,,,,,,,,,,,,,,,,,,,,,,,,,,,,,,,,,,,,,,,,,,,,,,,,,,,,,,,,,,,,,,,,
data/precomputed/fig04/geometry_geometry_contrasts.csv,3,3MIDD_207,,,0.0163386786838345,,0.0350646907525393,,,,,,,,,,,,,,,,,,,,,,,,,,identity,0.0,0.0,0.0,0.0,0.0,0.0,0.0,0.0,0.0,0.0,0.0,False,False,True,True,False,False,,,,,,,,,,,,,,,,,,,,,,,,,,,,,,,,,,,,,,,,,,,,,,,,,,,,,,,,,,,,,,,,,,
data/precomputed/fig04/geometry_geometry_contrasts.csv,3,3MIDD_207,,,-0.0179139747398632,,0.0349702143715202,,,,,,,,,,,,,,,,,,,,,,,,,,LR,-0.0342526534236977,-9.447638101912904e-05,0.0015752960560286,-0.0700349051240595,0.0015752960560286,0.0700349051240595,0.0108056106432433,0.4803985341745174,0.469592923531274,0.0964150848646303,1.997305085199899,True,False,True,False,False,False,,,,,,,,,,,,,,,,,,,,,,,,,,,,,,,,,,,,,,,,,,,,,,,,,,,,,,,,,,,,,,,,,,
data/precomputed/fig04/geometry_geometry_contrasts.csv,3,3MIDD_207,,,-0.0179139747398632,,0.0349702143715202,,,,,,,,,,,,,,,,,,,,,,,,,,UD,-0.0342526534236977,-9.447638101912904e-05,0.0015752960560286,-0.0700349051240595,0.0015752960560286,0.0700349051240595,0.0108056106432433,0.4803985341745174,0.469592923531274,0.0964150848646303,1.997305085199899,True,False,True,False,False,False,,,,,,,,,,,,,,,,,,,,,,,,,,,,,,,,,,,,,,,,,,,,,,,,,,,,,,,,,,,,,,,,,,
data/precomputed/fig04/geometry_geometry_contrasts.csv,3,3MIDD_207,,,0.0163386786838345,,0.0350646907525393,,,,,,,,,,,,,,,,,,,,,,,,,,rot180,0.0,0.0,0.0,0.0,0.0,0.0,0.0,0.0,0.0,0.0,0.0,False,False,True,True,False,False,,,,,,,,,,,,,,,,,,,,,,,,,,,,,,,,,,,,,,,,,,,,,,,,,,,,,,,,,,,,,,,,,,
data/precomputed/fig04/geometry_geometry_contrasts.csv,3,3MIDD_207,,,0.0079540956911682,,0.0288818203376472,,,,,,,,,,,,,,,,,,,,,,,,,,x_minus3,-0.0083845829926662,-0.006182870414892,-0.0083845829926662,-0.006182870414892,0.0083845829926662,0.006182870414892,0.0575133409862753,0.0424108789616216,-0.0151024620246536,0.5131735572489351,0.1763274826876803,False,False,True,True,False,False,,,,,,,,,,,,,,,,,,,,,,,,,,,,,,,,,,,,,,,,,,,,,,,,,,,,,,,,,,,,,,,,,,
data/precomputed/fig04/geometry_geometry_contrasts.csv,3,3MIDD_207,,,0.008630772757325,,0.0348709782139425,,,,,,,,,,,,,,,,,,,,,,,,,,x_plus3,-0.0077079059265095,-0.0001937125385967,-0.0077079059265095,-0.0001937125385967,0.0077079059265095,0.0001937125385967,0.0528717316328337,0.0013287548462908,-0.0515429767865428,0.4717579284153753,0.005524431534832,False,False,True,True,False,False,,,,,,,,,,,,,,,,,,,,,,,,,,,,,,,,,,,,,,,,,,,,,,,,,,,,,,,,,,,,,,,,,,
data/precomputed/fig04/geometry_geometry_contrasts.csv,3,3MIDD_207,,,0.0074115681474549,,0.0303288611106831,,,,,,,,,,,,,,,,,,,,,,,,,,y_minus3,-0.0089271105363795,-0.0047358296418561,-0.0089271105363795,-0.0047358296418561,0.0089271105363795,0.0047358296418561,0.061234762987026,0.032485024631901,-0.0287497383551249,0.5463786420762178,0.135059747843797,False,False,True,True,False,False,,,,,,,,,,,,,,,,,,,,,,,,,,,,,,,,,,,,,,,,,,,,,,,,,,,,,,,,,,,,,,,,,,
data/precomputed/fig04/geometry_geometry_contrasts.csv,3,3MIDD_207,,,0.0143274231791423,,0.0358035145047071,,,,,,,,,,,,,,,,,,,,,,,,,,y_plus3,-0.0020112555046922,0.0007388237521678,-0.0020112555046922,0.0007388237521678,0.0020112555046922,0.0007388237521678,0.0137960377699239,0.0050678993128643,-0.0087281384570596,0.1230977310120446,0.0210702996549689,False,False,True,True,False,False,,,,,,,,,,,,,,,,,,,,,,,,,,,,,,,,,,,,,,,,,,,,,,,,,,,,,,,,,,,,,,,,,,
data/precomputed/fig04/geometry_geometry_contrasts.csv,3,4MIDD_085_170,,,0.0116512184613667,,0.0229758831569993,,,,,,,,,,,,,,,,,,,,,,,,,,identity,0.0,0.0,0.0,0.0,0.0,0.0,0.0,0.0,0.0,0.0,0.0,False,False,True,True,False,False,,,,,,,,,,,,,,,,,,,,,,,,,,,,,,,,,,,,,,,,,,,,,,,,,,,,,,,,,,,,,,,,,,
data/precomputed/fig04/geometry_geometry_contrasts.csv,3,4MIDD_085_170,,,-0.0105345519901962,,0.0245617458866111,,,,,,,,,,,,,,,,,,,,,,,,,,LR,-0.0221857704515629,0.0015858627296117,-0.0011166664711704,-0.0475376290436104,0.0011166664711704,0.0475376290436104,0.0081775153369711,0.3481251569950795,0.3399476416581084,0.0958410930549639,2.069022027512723,True,False,True,False,False,False,,,,,,,,,,,,,,,,,,,,,,,,,,,,,,,,,,,,,,,,,,,,,,,,,,,,,,,,,,,,,,,,,,
data/precomputed/fig04/geometry_geometry_contrasts.csv,3,4MIDD_085_170,,,-0.0105345519901962,,0.0245617458866111,,,,,,,,,,,,,,,,,,,,,,,,,,UD,-0.0221857704515629,0.0015858627296117,-0.0011166664711704,-0.0475376290436104,0.0011166664711704,0.0475376290436104,0.0081775153369711,0.3481251569950795,0.3399476416581084,0.0958410930549639,2.069022027512723,True,False,True,False,False,False,,,,,,,,,,,,,,,,,,,,,,,,,,,,,,,,,,,,,,,,,,,,,,,,,,,,,,,,,,,,,,,,,,
data/precomputed/fig04/geometry_geometry_contrasts.csv,3,4MIDD_085_170,,,0.0116512184613667,,0.0229758831569993,,,,,,,,,,,,,,,,,,,,,,,,,,rot180,0.0,0.0,0.0,0.0,0.0,0.0,0.0,0.0,0.0,0.0,0.0,False,False,True,True,False,False,,,,,,,,,,,,,,,,,,,,,,,,,,,,,,,,,,,,,,,,,,,,,,,,,,,,,,,,,,,,,,,,,,
data/precomputed/fig04/geometry_geometry_contrasts.csv,3,4MIDD_085_170,,,-0.0006836666700881,,0.0168391851573731,,,,,,,,,,,,,,,,,,,,,,,,,,x_minus3,-0.0123348851314548,-0.0061366979996261,-0.0123348851314548,-0.0061366979996261,0.0123348851314548,0.0061366979996261,0.0903302059714559,0.0449399559366199,-0.045390250034836,1.0586767886626758,0.2670929028827181,True,False,False,True,False,False,,,,,,,,,,,,,,,,,,,,,,,,,,,,,,,,,,,,,,,,,,,,,,,,,,,,,,,,,,,,,,,,,,
data/precomputed/fig04/geometry_geometry_contrasts.csv,3,4MIDD_085_170,,,0.0033641397856067,,0.0320642479680441,,,,,,,,,,,,,,,,,,,,,,,,,,x_plus3,-0.0082870786757599,0.0090883648110448,-0.0082870786757599,0.0090883648110448,0.0082870786757599,0.0090883648110448,0.0606875147766181,0.066555452813413,0.0058679380367948,0.7112622246862927,0.395560892842862,False,False,True,True,False,False,,,,,,,,,,,,,,,,,,,,,,,,,,,,,,,,,,,,,,,,,,,,,,,,,,,,,,,,,,,,,,,,,,
data/precomputed/fig04/geometry_geometry_contrasts.csv,3,4MIDD_085_170,,,-0.0164960123773079,,0.0238683157152041,,,,,,,,,,,,,,,,,,,,,,,,,,y_minus3,-0.0281472308386746,0.0008924325582048,-0.0281472308386746,0.0008924325582048,0.0281472308386746,0.0008924325582048,0.2061263750806986,0.0065354169041025,-0.1995909581765959,2.4158165752225713,0.0388421269243647,True,False,False,True,False,False,,,,,,,,,,,,,,,,,,,,,,,,,,,,,,,,,,,,,,,,,,,,,,,,,,,,,,,,,,,,,,,,,,
data/precomputed/fig04/geometry_geometry_contrasts.csv,3,4MIDD_085_170,,,0.0044958286726424,,0.027236764218798,,,,,,,,,,,,,,,,,,,,,,,,,,y_plus3,-0.0071553897887242,0.0042608810617987,-0.0071553897887242,0.0042608810617987,0.0071553897887242,0.0042608810617987,0.0523999880447427,0.0312030683569696,-0.021196919687773,0.6141317898323032,0.1854500729387619,False,False,True,True,False,False,,,,,,,,,,,,,,,,,,,,,,,,,,,,,,,,,,,,,,,,,,,,,,,,,,,,,,,,,,,,,,,,,,
data/precomputed/fig04/geometry_geometry_contrasts.csv,4,3MIDD_048,,,0.0003172441223762,,-0.0167749870251311,,,,,,,,,,,,,,,,,,,,,,,,,,identity,0.0,0.0,0.0,0.0,0.0,0.0,0.0,0.0,0.0,0.0,0.0,False,False,True,True,False,False,,,,,,,,,,,,,,,,,,,,,,,,,,,,,,,,,,,,,,,,,,,,,,,,,,,,,,,,,,,,,,,,,,
data/precomputed/fig04/geometry_geometry_contrasts.csv,4,3MIDD_048,,,-4.0900641375648736e-05,,-0.0165750663290157,,,,,,,,,,,,,,,,,,,,,,,,,,LR,-0.0003581447637519,0.0001999206961153,-0.0002763434810006,0.0333500533541469,0.0002763434810006,0.0333500533541469,0.0010919618865325,0.1317816039831768,0.1306896420966443,0.8710477232912679,1.9880810294144415,True,False,True,False,False,False,,,,,,,,,,,,,,,,,,,,,,,,,,,,,,,,,,,,,,,,,,,,,,,,,,,,,,,,,,,,,,,,,,
data/precomputed/fig04/geometry_geometry_contrasts.csv,4,3MIDD_048,,,-4.0900641375648736e-05,,-0.0165750663290157,,,,,,,,,,,,,,,,,,,,,,,,,,UD,-0.0003581447637519,0.0001999206961153,-0.0002763434810006,0.0333500533541469,0.0002763434810006,0.0333500533541469,0.0010919618865325,0.1317816039831768,0.1306896420966443,0.8710477232912679,1.9880810294144415,True,False,True,False,False,False,,,,,,,,,,,,,,,,,,,,,,,,,,,,,,,,,,,,,,,,,,,,,,,,,,,,,,,,,,,,,,,,,,
data/precomputed/fig04/geometry_geometry_contrasts.csv,4,3MIDD_048,,,0.0003172441223762,,-0.0167749870251311,,,,,,,,,,,,,,,,,,,,,,,,,,rot180,0.0,0.0,0.0,0.0,0.0,0.0,0.0,0.0,0.0,0.0,0.0,False,False,True,True,False,False,,,,,,,,,,,,,,,,,,,,,,,,,,,,,,,,,,,,,,,,,,,,,,,,,,,,,,,,,,,,,,,,,,
data/precomputed/fig04/geometry_geometry_contrasts.csv,4,3MIDD_048,,,-0.0016448010762268,,-0.0081243927213949,,,,,,,,,,,,,,,,,,,,,,,,,,x_minus3,-0.001962045198603,0.0086505943037362,-0.001962045198603,0.0086505943037362,0.001962045198603,0.0086505943037362,0.0077529550137062,0.0341825298043291,0.0264295747906228,6.184459271662824,0.5156838055337061,True,False,False,True,False,False,,,,,,,,,,,,,,,,,,,,,,,,,,,,,,,,,,,,,,,,,,,,,,,,,,,,,,,,,,,,,,,,,,
data/precomputed/fig04/geometry_geometry_contrasts.csv,4,3MIDD_048,,,0.0009386020639026,,-0.0242330935379249,,,,,,,,,,,,,,,,,,,,,,,,,,x_plus3,0.0006213579415264,-0.0074581065127937,0.0006213579415264,-0.0074581065127937,0.0006213579415264,0.0074581065127937,0.0024552748180792,0.0294704547694862,0.0270151799514069,1.9585496222158123,0.4445965922748325,False,False,True,True,False,False,,,,,,,,,,,,,,,,,,,,,,,,,,,,,,,,,,,,,,,,,,,,,,,,,,,,,,,,,,,,,,,,,,
data/precomputed/fig04/geometry_geometry_contrasts.csv,4,3MIDD_048,,,0.0057636097169815,,-0.0129646587551603,,,,,,,,,,,,,,,,,,,,,,,,,,y_minus3,0.0054463655946052,0.0038103282699707,0.0054463655946052,0.0038103282699707,0.0054463655946052,0.0038103282699707,0.0215211288064287,0.0150563828425406,-0.006464745963888,17.16720196986443,0.2271433052573671,False,False,True,True,False,False,,,,,,,,,,,,,,,,,,,,,,,,,,,,,,,,,,,,,,,,,,,,,,,,,,,,,,,,,,,,,,,,,,
data/precomputed/fig04/geometry_geometry_contrasts.csv,4,3MIDD_048,,,0.0122331915991171,,-0.0117502001457878,,,,,,,,,,,,,,,,,,,,,,,,,,y_plus3,0.0119159474767409,0.0050247868793432,0.0119159474767409,0.0050247868793432,0.0119159474767409,0.0050247868793432,0.047085462046763,0.0198552748207564,-0.0272301872260066,37.559630076639145,0.2995402545714598,False,False,True,True,True,False,,,,,,,,,,,,,,,,,,,,,,,,,,,,,,,,,,,,,,,,,,,,,,,,,,,,,,,,,,,,,,,,,,
data/precomputed/fig04/geometry_geometry_contrasts.csv,4,3MIDD_207,,,0.0125445582041572,,-0.012279327537892,,,,,,,,,,,,,,,,,,,,,,,,,,identity,0.0,0.0,0.0,0.0,0.0,0.0,0.0,0.0,0.0,0.0,0.0,False,False,True,True,True,True,,,,,,,,,,,,,,,,,,,,,,,,,,,,,,,,,,,,,,,,,,,,,,,,,,,,,,,,,,,,,,,,,,
data/precomputed/fig04/geometry_geometry_contrasts.csv,4,3MIDD_207,,,-0.0123945955186376,,-0.012341128714239,,,,,,,,,,,,,,,,,,,,,,,,,,LR,-0.0249391537227949,-6.180117634705523e-05,-0.0001499626855195,0.024620456252131,0.0001499626855195,0.024620456252131,0.0007590146951697,0.1246129197566959,0.1238539050615262,0.0119543919789837,2.005031311840432,True,False,True,False,True,True,,,,,,,,,,,,,,,,,,,,,,,,,,,,,,,,,,,,,,,,,,,,,,,,,,,,,,,,,,,,,,,,,,
data/precomputed/fig04/geometry_geometry_contrasts.csv,4,3MIDD_207,,,-0.0123945955186376,,-0.012341128714239,,,,,,,,,,,,,,,,,,,,,,,,,,UD,-0.0249391537227949,-6.180117634705523e-05,-0.0001499626855195,0.024620456252131,0.0001499626855195,0.024620456252131,0.0007590146951697,0.1246129197566959,0.1238539050615262,0.0119543919789837,2.005031311840432,True,False,True,False,True,True,,,,,,,,,,,,,,,,,,,,,,,,,,,,,,,,,,,,,,,,,,,,,,,,,,,,,,,,,,,,,,,,,,
data/precomputed/fig04/geometry_geometry_contrasts.csv,4,3MIDD_207,,,0.0125445582041572,,-0.012279327537892,,,,,,,,,,,,,,,,,,,,,,,,,,rot180,0.0,0.0,0.0,0.0,0.0,0.0,0.0,0.0,0.0,0.0,0.0,False,False,True,True,True,True,,,,,,,,,,,,,,,,,,,,,,,,,,,,,,,,,,,,,,,,,,,,,,,,,,,,,,,,,,,,,,,,,,
data/precomputed/fig04/geometry_geometry_contrasts.csv,4,3MIDD_207,,,0.0242253433323914,,-0.0199167123881789,,,,,,,,,,,,,,,,,,,,,,,,,,x_minus3,0.0116807851282341,-0.0076373848502869,0.0116807851282341,-0.0076373848502869,0.0116807851282341,0.0076373848502869,0.0591206241254714,0.0386555316340831,-0.0204650924913883,0.931142861048272,0.6219704301408144,False,False,True,True,True,True,,,,,,,,,,,,,,,,,,,,,,,,,,,,,,,,,,,,,,,,,,,,,,,,,,,,,,,,,,,,,,,,,,
data/precomputed/fig04/geometry_geometry_contrasts.csv,4,3MIDD_207,,,0.013292643517947,,-0.0084404767880737,,,,,,,,,,,,,,,,,,,,,,,,,,x_plus3,0.0007480853137897,0.0038388507498182,0.0007480853137897,0.0038388507498182,0.0007480853137897,0.0038388507498182,0.0037863268748474,0.0194297942956937,0.0156434674208462,0.0596342019601659,0.3126268610152771,False,False,True,True,True,True,,,,,,,,,,,,,,,,,,,,,,,,,,,,,,,,,,,,,,,,,,,,,,,,,,,,,,,,,,,,,,,,,,
data/precomputed/fig04/geometry_geometry_contrasts.csv,4,3MIDD_207,,,0.0215846473751418,,-0.0038937463373019,,,,,,,,,,,,,,,,,,,,,,,,,,y_minus3,0.0090400891709845,0.00838558120059,0.0090400891709845,0.00838558120059,0.0090400891709845,0.00838558120059,0.0457551190327664,0.0424424205043699,-0.0033126985283965,0.7206377313161474,0.682901758723837,False,False,True,True,True,True,,,,,,,,,,,,,,,,,,,,,,,,,,,,,,,,,,,,,,,,,,,,,,,,,,,,,,,,,,,,,,,,,,
data/precomputed/fig04/geometry_geometry_contrasts.csv,4,3MIDD_207,,,0.0186411953061766,,-0.016535471456224,,,,,,,,,,,,,,,,,,,,,,,,,,y_plus3,0.0060966371020193,-0.004256143918332,0.0060966371020193,-0.004256143918332,0.0060966371020193,0.004256143918332,0.0308572571604507,0.0215418640148944,-0.0093153931455563,0.4859981629338947,0.3466102226767792,False,False,True,True,True,True,,,,,,,,,,,,,,,,,,,,,,,,,,,,,,,,,,,,,,,,,,,,,,,,,,,,,,,,,,,,,,,,,,
data/precomputed/fig04/geometry_geometry_contrasts.csv,4,4MIDD_085_170,,,-0.0007819858001025,,-0.0169502686719608,,,,,,,,,,,,,,,,,,,,,,,,,,identity,0.0,0.0,0.0,0.0,0.0,0.0,0.0,0.0,0.0,0.0,0.0,False,False,True,True,False,False,,,,,,,,,,,,,,,,,,,,,,,,,,,,,,,,,,,,,,,,,,,,,,,,,,,,,,,,,,,,,,,,,,
data/precomputed/fig04/geometry_geometry_contrasts.csv,4,4MIDD_085_170,,,-0.0074017717445665,,-0.0104705184696281,,,,,,,,,,,,,,,,,,,,,,,,,,LR,-0.0066197859444639,0.0064797502023326,0.0081837575446691,0.027420787141589,0.0081837575446691,0.027420787141589,0.035269575522545,0.118175485734898,0.0829059102123529,10.465219306287151,1.6177189574439554,False,False,False,False,False,False,,,,,,,,,,,,,,,,,,,,,,,,,,,,,,,,,,,,,,,,,,,,,,,,,,,,,,,,,,,,,,,,,,
data/precomputed/fig04/geometry_geometry_contrasts.csv,4,4MIDD_085_170,,,-0.0074017717445665,,-0.0104705184696281,,,,,,,,,,,,,,,,,,,,,,,,,,UD,-0.0066197859444639,0.0064797502023326,0.0081837575446691,0.027420787141589,0.0081837575446691,0.027420787141589,0.035269575522545,0.118175485734898,0.0829059102123529,10.465219306287151,1.6177189574439554,False,False,False,False,False,False,,,,,,,,,,,,,,,,,,,,,,,,,,,,,,,,,,,,,,,,,,,,,,,,,,,,,,,,,,,,,,,,,,
data/precomputed/fig04/geometry_geometry_contrasts.csv,4,4MIDD_085_170,,,-0.0007819858001025,,-0.0169502686719608,,,,,,,,,,,,,,,,,,,,,,,,,,rot180,0.0,0.0,0.0,0.0,0.0,0.0,0.0,0.0,0.0,0.0,0.0,False,False,True,True,False,False,,,,,,,,,,,,,,,,,,,,,,,,,,,,,,,,,,,,,,,,,,,,,,,,,,,,,,,,,,,,,,,,,,
data/precomputed/fig04/geometry_geometry_contrasts.csv,4,4MIDD_085_170,,,-0.0031735705473623,,-0.0274858864375704,,,,,,,,,,,,,,,,,,,,,,,,,,x_minus3,-0.0023915847472597,-0.0105356177656096,-0.0023915847472597,-0.0105356177656096,0.0023915847472597,0.0105356177656096,0.010307023198285,0.0454053977567906,0.0350983745585055,3.0583089409764006,0.6215601506916609,False,False,True,True,False,False,,,,,,,,,,,,,,,,,,,,,,,,,,,,,,,,,,,,,,,,,,,,,,,,,,,,,,,,,,,,,,,,,,
data/precomputed/fig04/geometry_geometry_contrasts.csv,4,4MIDD_085_170,,,-0.0030117848076019,,-0.006970948800917,,,,,,,,,,,,,,,,,,,,,,,,,,x_plus3,-0.0022297990074994,0.0099793198710438,-0.0022297990074994,0.0099793198710438,0.0022297990074994,0.0099793198710438,0.0096097744912207,0.0430079182984453,0.0333981438072246,2.851420694595647,0.588740755486905,False,False,True,True,False,False,,,,,,,,,,,,,,,,,,,,,,,,,,,,,,,,,,,,,,,,,,,,,,,,,,,,,,,,,,,,,,,,,,
data/precomputed/fig04/geometry_geometry_contrasts.csv,4,4MIDD_085_170,,,-0.0081600612493475,,-0.0061411204935277,,,,,,,,,,,,,,,,,,,,,,,,,,y_minus3,-0.0073780754492449,0.010809148178433,-0.0073780754492449,0.010809148178433,0.0073780754492449,0.010809148178433,0.0317973238879358,0.046584232967894,0.0147869090799582,9.434929763404156,0.6376973728646462,False,False,True,True,True,False,,,,,,,,,,,,,,,,,,,,,,,,,,,,,,,,,,,,,,,,,,,,,,,,,,,,,,,,,,,,,,,,,,
data/precomputed/fig04/geometry_geometry_contrasts.csv,4,4MIDD_085_170,,,-0.0041230557896953,,-0.0312624560542397,,,,,,,,,,,,,,,,,,,,,,,,,,y_plus3,-0.0033410699895927,-0.0143121873822788,-0.0033410699895927,-0.0143121873822788,0.0033410699895927,0.0143121873822788,0.0143990238812502,0.0616812962770283,0.0472822723957781,4.272490963703998,0.844362954690183,False,False,True,True,False,False,,,,,,,,,,,,,,,,,,,,,,,,,,,,,,,,,,,,,,,,,,,,,,,,,,,,,,,,,,,,,,,,,,
data/precomputed/fig04/geometry_geometry_contrasts.csv,5,3MIDD_048,,,-0.0077560490267135,,-0.0086463010184655,,,,,,,,,,,,,,,,,,,,,,,,,,identity,0.0,0.0,0.0,0.0,0.0,0.0,0.0,0.0,0.0,0.0,0.0,False,False,True,True,False,False,,,,,,,,,,,,,,,,,,,,,,,,,,,,,,,,,,,,,,,,,,,,,,,,,,,,,,,,,,,,,,,,,,
data/precomputed/fig04/geometry_geometry_contrasts.csv,5,3MIDD_048,,,0.0088005713091704,,-0.0069524958918148,,,,,,,,,,,,,,,,,,,,,,,,,,LR,0.0165566203358839,0.0016938051266507,-0.0010445222824568,0.0155987969102804,0.0010445222824568,0.0155987969102804,0.0088833759250446,0.132663495322006,0.1237801193969613,0.1346717809726944,1.8040985198157575,True,False,True,False,True,False,,,,,,,,,,,,,,,,,,,,,,,,,,,,,,,,,,,,,,,,,,,,,,,,,,,,,,,,,,,,,,,,,,
data/precomputed/fig04/geometry_geometry_contrasts.csv,5,3MIDD_048,,,0.0088005713091704,,-0.0069524958918148,,,,,,,,,,,,,,,,,,,,,,,,,,UD,0.0165566203358839,0.0016938051266507,-0.0010445222824568,0.0155987969102804,0.0010445222824568,0.0155987969102804,0.0088833759250446,0.132663495322006,0.1237801193969613,0.1346717809726944,1.8040985198157575,True,False,True,False,True,False,,,,,,,,,,,,,,,,,,,,,,,,,,,,,,,,,,,,,,,,,,,,,,,,,,,,,,,,,,,,,,,,,,
data/precomputed/fig04/geometry_geometry_contrasts.csv,5,3MIDD_048,,,-0.0077560490267135,,-0.0086463010184655,,,,,,,,,,,,,,,,,,,,,,,,,,rot180,0.0,0.0,0.0,0.0,0.0,0.0,0.0,0.0,0.0,0.0,0.0,False,False,True,True,False,False,,,,,,,,,,,,,,,,,,,,,,,,,,,,,,,,,,,,,,,,,,,,,,,,,,,,,,,,,,,,,,,,,,
data/precomputed/fig04/geometry_geometry_contrasts.csv,5,3MIDD_048,,,0.0029626319253602,,0.0054412944673266,,,,,,,,,,,,,,,,,,,,,,,,,,x_minus3,0.0107186809520738,0.0140875954857922,0.0107186809520738,0.0140875954857922,0.0107186809520738,0.0140875954857922,0.0911594457266354,0.1198111411140947,0.0286516953874593,1.3819751648558014,1.6293186141125315,True,True,False,False,False,False,,,,,,,,,,,,,,,,,,,,,,,,,,,,,,,,,,,,,,,,,,,,,,,,,,,,,,,,,,,,,,,,,,
data/precomputed/fig04/geometry_geometry_contrasts.csv,5,3MIDD_048,,,0.0162702042883956,,-0.0176772984339714,,,,,,,,,,,,,,,,,,,,,,,,,,x_plus3,0.0240262533151092,-0.0090309974155058,0.0240262533151092,-0.0090309974155058,0.0240262533151092,0.0090309974155058,0.2043367038244889,0.0768061594926857,-0.1275305443318032,3.097739874381766,1.044491390168446,True,False,False,True,False,False,,,,,,,,,,,,,,,,,,,,,,,,,,,,,,,,,,,,,,,,,,,,,,,,,,,,,,,,,,,,,,,,,,
data/precomputed/fig04/geometry_geometry_contrasts.csv,5,3MIDD_048,,,0.0033726553937544,,-0.0080449698968478,,,,,,,,,,,,,,,,,,,,,,,,,,y_minus3,0.011128704420468,0.0006013311216176,0.011128704420468,0.0006013311216176,0.011128704420468,0.0006013311216176,0.0946465830228062,0.0051141564890257,-0.0895324265337805,1.4348400885215489,0.0695477088822563,True,False,False,True,False,False,,,,,,,,,,,,,,,,,,,,,,,,,,,,,,,,,,,,,,,,,,,,,,,,,,,,,,,,,,,,,,,,,,
data/precomputed/fig04/geometry_geometry_contrasts.csv,5,3MIDD_048,,,0.0097801752299357,,-0.009350496252523,,,,,,,,,,,,,,,,,,,,,,,,,,y_plus3,0.0175362242566493,-0.0007041952340574,0.0175362242566493,-0.0007041952340574,0.0175362242566493,0.0007041952340574,0.1491407842552534,0.0059889875915742,-0.1431517966636792,2.2609709642810536,0.081444587472449,True,False,False,True,True,False,,,,,,,,,,,,,,,,,,,,,,,,,,,,,,,,,,,,,,,,,,,,,,,,,,,,,,,,,,,,,,,,,,
data/precomputed/fig04/geometry_geometry_contrasts.csv,5,3MIDD_207,,,0.0515527139235284,,-0.0055717442492842,,,,,,,,,,,,,,,,,,,,,,,,,,identity,0.0,0.0,0.0,0.0,0.0,0.0,0.0,0.0,0.0,0.0,0.0,False,False,True,True,True,True,,,,,,,,,,,,,,,,,,,,,,,,,,,,,,,,,,,,,,,,,,,,,,,,,,,,,,,,,,,,,,,,,,
data/precomputed/fig04/geometry_geometry_contrasts.csv,5,3MIDD_207,,,-0.051237173792627,,-0.00877681451339,,,,,,,,,,,,,,,,,,,,,,,,,,LR,-0.1027898877161555,-0.0032050702641057,-0.0003155401309013,0.0143485587626742,0.0003155401309013,0.0143485587626742,0.0017769897189577,0.0808050669507462,0.0790280772317884,0.0061207266442303,2.575231806843856,True,False,True,False,True,True,,,,,,,,,,,,,,,,,,,,,,,,,,,,,,,,,,,,,,,,,,,,,,,,,,,,,,,,,,,,,,,,,,
data/precomputed/fig04/geometry_geometry_contrasts.csv,5,3MIDD_207,,,-0.051237173792627,,-0.00877681451339,,,,,,,,,,,,,,,,,,,,,,,,,,UD,-0.1027898877161555,-0.0032050702641057,-0.0003155401309013,0.0143485587626742,0.0003155401309013,0.0143485587626742,0.0017769897189577,0.0808050669507462,0.0790280772317884,0.0061207266442303,2.575231806843856,True,False,True,False,True,True,,,,,,,,,,,,,,,,,,,,,,,,,,,,,,,,,,,,,,,,,,,,,,,,,,,,,,,,,,,,,,,,,,
data/precomputed/fig04/geometry_geometry_contrasts.csv,5,3MIDD_207,,,0.0515527139235284,,-0.0055717442492842,,,,,,,,,,,,,,,,,,,,,,,,,,rot180,0.0,0.0,0.0,0.0,0.0,0.0,0.0,0.0,0.0,0.0,0.0,False,False,True,True,True,True,,,,,,,,,,,,,,,,,,,,,,,,,,,,,,,,,,,,,,,,,,,,,,,,,,,,,,,,,,,,,,,,,,
data/precomputed/fig04/geometry_geometry_contrasts.csv,5,3MIDD_207,,,0.0372027967232593,,0.0021827972272571,,,,,,,,,,,,,,,,,,,,,,,,,,x_minus3,-0.0143499172002691,0.0077545414765413,-0.0143499172002691,0.0077545414765413,0.0143499172002691,0.0077545414765413,0.0808127171017207,0.0436703263058232,-0.0371423907958975,0.2783541995095219,1.391759422544076,False,True,True,False,True,True,,,,,,,,,,,,,,,,,,,,,,,,,,,,,,,,,,,,,,,,,,,,,,,,,,,,,,,,,,,,,,,,,,
data/precomputed/fig04/geometry_geometry_contrasts.csv,5,3MIDD_207,,,0.0522831541068474,,-0.0128161997796374,,,,,,,,,,,,,,,,,,,,,,,,,,x_plus3,0.000730440183319,-0.0072444555303531,0.000730440183319,-0.0072444555303531,0.000730440183319,0.0072444555303531,0.0041135328567039,0.040797736123484,0.0366842032667801,0.014168799002794,1.3002108862363664,False,False,True,True,True,True,,,,,,,,,,,,,,,,,,,,,,,,,,,,,,,,,,,,,,,,,,,,,,,,,,,,,,,,,,,,,,,,,,
data/precomputed/fig04/geometry_geometry_contrasts.csv,5,3MIDD_207,,,0.0429171996147876,,-0.0042295250030455,,,,,,,,,,,,,,,,,,,,,,,,,,y_minus3,-0.0086355143087407,0.0013422192462386,-0.0086355143087407,0.0013422192462386,0.0086355143087407,0.0013422192462386,0.0486315959263542,0.0075588160350317,-0.0410727798913225,0.167508400168154,0.2408970651229098,False,False,True,True,True,True,,,,,,,,,,,,,,,,,,,,,,,,,,,,,,,,,,,,,,,,,,,,,,,,,,,,,,,,,,,,,,,,,,
data/precomputed/fig04/geometry_geometry_contrasts.csv,5,3MIDD_207,,,0.0485604412474983,,-0.0073102262730587,,,,,,,,,,,,,,,,,,,,,,,,,,y_plus3,-0.0029922726760301,-0.0017384820237744,-0.0029922726760301,-0.0017384820237744,0.0029922726760301,0.0017384820237744,0.0168512251244694,0.0097904018547977,-0.0070608232696716,0.0580429596788865,0.3120169960830093,False,False,True,True,True,True,,,,,,,,,,,,,,,,,,,,,,,,,,,,,,,,,,,,,,,,,,,,,,,,,,,,,,,,,,,,,,,,,,
data/precomputed/fig04/geometry_geometry_contrasts.csv,5,4MIDD_085_170,,,-0.0033027824870346,,-0.0009000220167336,,,,,,,,,,,,,,,,,,,,,,,,,,identity,0.0,0.0,0.0,0.0,0.0,0.0,0.0,0.0,0.0,0.0,0.0,False,False,True,True,True,True,,,,,,,,,,,,,,,,,,,,,,,,,,,,,,,,,,,,,,,,,,,,,,,,,,,,,,,,,,,,,,,,,,
data/precomputed/fig04/geometry_geometry_contrasts.csv,5,4MIDD_085_170,,,0.0091698889752686,,-0.0157578191450061,,,,,,,,,,,,,,,,,,,,,,,,,,LR,0.0124726714623032,-0.0148577971282724,-0.005867106488234,0.0166578411617398,0.005867106488234,0.0166578411617398,0.0411600487143474,0.1168612765198745,0.0757012278055271,1.7764078461683277,18.508053993671187,True,False,True,False,False,True,,,,,,,,,,,,,,,,,,,,,,,,,,,,,,,,,,,,,,,,,,,,,,,,,,,,,,,,,,,,,,,,,,
data/precomputed/fig04/geometry_geometry_contrasts.csv,5,4MIDD_085_170,,,0.0091698889752686,,-0.0157578191450061,,,,,,,,,,,,,,,,,,,,,,,,,,UD,0.0124726714623032,-0.0148577971282724,-0.005867106488234,0.0166578411617398,0.005867106488234,0.0166578411617398,0.0411600487143474,0.1168612765198745,0.0757012278055271,1.7764078461683277,18.508053993671187,True,False,True,False,False,True,,,,,,,,,,,,,,,,,,,,,,,,,,,,,,,,,,,,,,,,,,,,,,,,,,,,,,,,,,,,,,,,,,
data/precomputed/fig04/geometry_geometry_contrasts.csv,5,4MIDD_085_170,,,-0.0033027824870346,,-0.0009000220167336,,,,,,,,,,,,,,,,,,,,,,,,,,rot180,0.0,0.0,0.0,0.0,0.0,0.0,0.0,0.0,0.0,0.0,0.0,False,False,True,True,True,True,,,,,,,,,,,,,,,,,,,,,,,,,,,,,,,,,,,,,,,,,,,,,,,,,,,,,,,,,,,,,,,,,,
data/precomputed/fig04/geometry_geometry_contrasts.csv,5,4MIDD_085_170,,,-0.0167842175568884,,-0.0026673875760521,,,,,,,,,,,,,,,,,,,,,,,,,,x_minus3,-0.0134814350698538,-0.0017673655593184,-0.0134814350698538,-0.0017673655593184,0.0134814350698538,0.0017673655593184,0.0945775443700035,0.0123987612400576,-0.0821787831299459,4.081829277127259,1.96366965447786,False,False,True,True,True,True,,,,,,,,,,,,,,,,,,,,,,,,,,,,,,,,,,,,,,,,,,,,,,,,,,,,,,,,,,,,,,,,,,
data/precomputed/fig04/geometry_geometry_contrasts.csv,5,4MIDD_085_170,,,-0.0010063106009637,,-0.0185129749292554,,,,,,,,,,,,,,,,,,,,,,,,,,x_plus3,0.0022964718860708,-0.0176129529125217,0.0022964718860708,-0.0176129529125217,0.0022964718860708,0.0176129529125217,0.0161106492427504,0.1235617593334501,0.1074511100906996,0.6953121926629742,19.569251521119313,False,False,True,True,False,True,,,,,,,,,,,,,,,,,,,,,,,,,,,,,,,,,,,,,,,,,,,,,,,,,,,,,,,,,,,,,,,,,,
data/precomputed/fig04/geometry_geometry_contrasts.csv,5,4MIDD_085_170,,,-0.0125551220693046,,0.0019314041106017,,,,,,,,,,,,,,,,,,,,,,,,,,y_minus3,-0.00925233958227,0.0028314261273353,-0.00925233958227,0.0028314261273353,0.00925233958227,0.0028314261273353,0.0649087840303618,0.0198635626549328,-0.045045221375429,2.801368726188798,3.1459171170498346,False,True,True,False,True,True,,,,,,,,,,,,,,,,,,,,,,,,,,,,,,,,,,,,,,,,,,,,,,,,,,,,,,,,,,,,,,,,,,
data/precomputed/fig04/geometry_geometry_contrasts.csv,5,4MIDD_085_170,,,-0.0176789607857638,,-0.0015873939870298,,,,,,,,,,,,,,,,,,,,,,,,,,y_plus3,-0.0143761782987292,-0.0006873719702961,-0.0143761782987292,-0.0006873719702961,0.0143761782987292,0.0006873719702961,0.1008545183709359,0.0048221834457927,-0.0960323349251431,4.352734346818393,0.7637194649926785,False,False,True,True,True,True,,,,,,,,,,,,,,,,,,,,,,,,,,,,,,,,,,,,,,,,,,,,,,,,,,,,,,,,,,,,,,,,,,
data/precomputed/fig04/geometry_geometry_contrasts.csv,6,3MIDD_048,,,-0.0208553861915174,,0.007617500258291,,,,,,,,,,,,,,,,,,,,,,,,,,identity,0.0,0.0,0.0,0.0,0.0,0.0,0.0,0.0,0.0,0.0,0.0,False,False,True,True,True,True,,,,,,,,,,,,,,,,,,,,,,,,,,,,,,,,,,,,,,,,,,,,,,,,,,,,,,,,,,,,,,,,,,
data/precomputed/fig04/geometry_geometry_contrasts.csv,6,3MIDD_048,,,0.0218771163467173,,0.0081559353078042,,,,,,,,,,,,,,,,,,,,,,,,,,LR,0.0427325025382348,0.0005384350495132,-0.0010217301551999,-0.0157734355660953,0.0010217301551999,0.0157734355660953,0.0078670496054665,0.1214512456303295,0.1135841960248629,0.0489911649636036,2.0706812372096497,True,False,True,False,True,True,,,,,,,,,,,,,,,,,,,,,,,,,,,,,,,,,,,,,,,,,,,,,,,,,,,,,,,,,,,,,,,,,,
data/precomputed/fig04/geometry_geometry_contrasts.csv,6,3MIDD_048,,,0.0218771163467173,,0.0081559353078042,,,,,,,,,,,,,,,,,,,,,,,,,,UD,0.0427325025382348,0.0005384350495132,-0.0010217301551999,-0.0157734355660953,0.0010217301551999,0.0157734355660953,0.0078670496054665,0.1214512456303295,0.1135841960248629,0.0489911649636036,2.0706812372096497,True,False,True,False,True,True,,,,,,,,,,,,,,,,,,,,,,,,,,,,,,,,,,,,,,,,,,,,,,,,,,,,,,,,,,,,,,,,,,
data/precomputed/fig04/geometry_geometry_contrasts.csv,6,3MIDD_048,,,-0.0208553861915174,,0.007617500258291,,,,,,,,,,,,,,,,,,,,,,,,,,rot180,0.0,0.0,0.0,0.0,0.0,0.0,0.0,0.0,0.0,0.0,0.0,False,False,True,True,True,True,,,,,,,,,,,,,,,,,,,,,,,,,,,,,,,,,,,,,,,,,,,,,,,,,,,,,,,,,,,,,,,,,,
data/precomputed/fig04/geometry_geometry_contrasts.csv,6,3MIDD_048,,,-0.020470279252941,,0.0060947773727959,,,,,,,,,,,,,,,,,,,,,,,,,,x_minus3,0.0003851069385764,-0.001522722885495,0.0003851069385764,-0.001522722885495,0.0003851069385764,0.001522722885495,0.0029652206835349,0.0117245599678172,0.0087593392842823,0.0184655776874223,0.1998977138019221,False,False,True,True,True,True,,,,,,,,,,,,,,,,,,,,,,,,,,,,,,,,,,,,,,,,,,,,,,,,,,,,,,,,,,,,,,,,,,
data/precomputed/fig04/geometry_geometry_contrasts.csv,6,3MIDD_048,,,-0.0196119819640422,,0.0076691659571489,,,,,,,,,,,,,,,,,,,,,,,,,,x_plus3,0.0012434042274751,5.166569885794656e-05,0.0012434042274751,5.166569885794656e-05,0.0012434042274751,5.166569885794656e-05,0.0095738808210862,0.0003978120972039,-0.0091760687238823,0.0596202640341553,0.0067824915367475,False,False,True,True,True,True,,,,,,,,,,,,,,,,,,,,,,,,,,,,,,,,,,,,,,,,,,,,,,,,,,,,,,,,,,,,,,,,,,
data/precomputed/fig04/geometry_geometry_contrasts.csv,6,3MIDD_048,,,-0.0106728175592079,,0.0092359109094904,,,,,,,,,,,,,,,,,,,,,,,,,,y_minus3,0.0101825686323095,0.0016184106511993,0.0101825686323095,0.0016184106511993,0.0101825686323095,0.0016184106511993,0.0784030618395235,0.0124613302349969,-0.0659417316045266,0.488246233195564,0.2124592677033661,False,False,True,True,True,True,,,,,,,,,,,,,,,,,,,,,,,,,,,,,,,,,,,,,,,,,,,,,,,,,,,,,,,,,,,,,,,,,,
data/precomputed/fig04/geometry_geometry_contrasts.csv,6,3MIDD_048,,,-0.0158304516049137,,0.009070986280161,,,,,,,,,,,,,,,,,,,,,,,,,,y_plus3,0.0050249345866037,0.00145348602187,0.0050249345866037,0.00145348602187,0.0050249345866037,0.00145348602187,0.0386906557038049,0.0111914545897551,-0.0274992011140497,0.2409416987555241,0.1908085414506667,False,False,True,True,True,True,,,,,,,,,,,,,,,,,,,,,,,,,,,,,,,,,,,,,,,,,,,,,,,,,,,,,,,,,,,,,,,,,,
data/precomputed/fig04/geometry_geometry_contrasts.csv,6,3MIDD_207,,,0.0060515314015644,,0.0152874123689954,,,,,,,,,,,,,,,,,,,,,,,,,,identity,0.0,0.0,0.0,0.0,0.0,0.0,0.0,0.0,0.0,0.0,0.0,False,False,True,True,False,False,,,,,,,,,,,,,,,,,,,,,,,,,,,,,,,,,,,,,,,,,,,,,,,,,,,,,,,,,,,,,,,,,,
data/precomputed/fig04/geometry_geometry_contrasts.csv,6,3MIDD_207,,,-0.0053708361786427,,0.0155239714220172,,,,,,,,,,,,,,,,,,,,,,,,,,LR,-0.0114223675802071,0.0002365590530217,-0.0006806952229217,-0.0308113837910127,0.0006806952229217,0.0308113837910127,0.0041338341934742,0.187116271092437,0.1829824368989627,0.1124829490129149,2.015472788499747,True,False,True,False,False,False,,,,,,,,,,,,,,,,,,,,,,,,,,,,,,,,,,,,,,,,,,,,,,,,,,,,,,,,,,,,,,,,,,
data/precomputed/fig04/geometry_geometry_contrasts.csv,6,3MIDD_207,,,-0.0053708361786427,,0.0155239714220172,,,,,,,,,,,,,,,,,,,,,,,,,,UD,-0.0114223675802071,0.0002365590530217,-0.0006806952229217,-0.0308113837910127,0.0006806952229217,0.0308113837910127,0.0041338341934742,0.187116271092437,0.1829824368989627,0.1124829490129149,2.015472788499747,True,False,True,False,False,False,,,,,,,,,,,,,,,,,,,,,,,,,,,,,,,,,,,,,,,,,,,,,,,,,,,,,,,,,,,,,,,,,,
data/precomputed/fig04/geometry_geometry_contrasts.csv,6,3MIDD_207,,,0.0060515314015644,,0.0152874123689954,,,,,,,,,,,,,,,,,,,,,,,,,,rot180,0.0,0.0,0.0,0.0,0.0,0.0,0.0,0.0,0.0,0.0,0.0,False,False,True,True,False,False,,,,,,,,,,,,,,,,,,,,,,,,,,,,,,,,,,,,,,,,,,,,,,,,,,,,,,,,,,,,,,,,,,
data/precomputed/fig04/geometry_geometry_contrasts.csv,6,3MIDD_207,,,0.0042587131273641,,0.0145932370919941,,,,,,,,,,,,,,,,,,,,,,,,,,x_minus3,-0.0017928182742002,-0.0006941752770012,-0.0017928182742002,-0.0006941752770012,0.0017928182742002,0.0006941752770012,0.0108877119083687,0.004215698009478,-0.0066720138988906,0.2962581192515298,0.0454082617884056,False,False,True,True,False,False,,,,,,,,,,,,,,,,,,,,,,,,,,,,,,,,,,,,,,,,,,,,,,,,,,,,,,,,,,,,,,,,,,
data/precomputed/fig04/geometry_geometry_contrasts.csv,6,3MIDD_207,,,0.0023713657524403,,0.0140679881634067,,,,,,,,,,,,,,,,,,,,,,,,,,x_plus3,-0.0036801656491241,-0.0012194242055886,-0.0036801656491241,-0.0012194242055886,0.0036801656491241,0.0012194242055886,0.0223494951715685,0.0074055132277495,-0.0149439819438189,0.6081369034627657,0.0797665019095577,False,False,True,True,False,False,,,,,,,,,,,,,,,,,,,,,,,,,,,,,,,,,,,,,,,,,,,,,,,,,,,,,,,,,,,,,,,,,,
data/precomputed/fig04/geometry_geometry_contrasts.csv,6,3MIDD_207,,,0.0017148697450158,,0.0062661679806327,,,,,,,,,,,,,,,,,,,,,,,,,,y_minus3,-0.0043366616565485,-0.0090212443883626,-0.0043366616565485,-0.0090212443883626,0.0043366616565485,0.0090212443883626,0.0263363685210271,0.0547856474741121,0.028449278953085,0.7166210009614135,0.5901089255346753,False,False,True,True,False,False,,,,,,,,,,,,,,,,,,,,,,,,,,,,,,,,,,,,,,,,,,,,,,,,,,,,,,,,,,,,,,,,,,
data/precomputed/fig04/geometry_geometry_contrasts.csv,6,3MIDD_207,,,0.0030354437138318,,0.0204890552618976,,,,,,,,,,,,,,,,,,,,,,,,,,y_plus3,-0.0030160876877326,0.0052016428929021,-0.0030160876877326,0.0052016428929021,0.0030160876877326,0.0052016428929021,0.0183165769263812,0.0315893641219137,0.0132727871955325,0.4983999096416839,0.3402563733341774,False,False,True,True,False,False,,,,,,,,,,,,,,,,,,,,,,,,,,,,,,,,,,,,,,,,,,,,,,,,,,,,,,,,,,,,,,,,,,
data/precomputed/fig04/geometry_geometry_contrasts.csv,6,4MIDD_085_170,,,0.0124892301338338,,0.0077781668907787,,,,,,,,,,,,,,,,,,,,,,,,,,identity,0.0,0.0,0.0,0.0,0.0,0.0,0.0,0.0,0.0,0.0,0.0,False,False,True,True,True,True,,,,,,,,,,,,,,,,,,,,,,,,,,,,,,,,,,,,,,,,,,,,,,,,,,,,,,,,,,,,,,,,,,
data/precomputed/fig04/geometry_geometry_contrasts.csv,6,4MIDD_085_170,,,-0.0066312672857778,,0.0069201711077651,,,,,,,,,,,,,,,,,,,,,,,,,,LR,-0.0191204974196116,-0.0008579957830135,-0.005857962848056,-0.0146983379985439,0.005857962848056,0.0146983379985439,0.0456153978226192,0.1144545557091395,0.0688391578865202,0.4690407731201036,1.889689345580353,True,False,True,False,False,True,,,,,,,,,,,,,,,,,,,,,,,,,,,,,,,,,,,,,,,,,,,,,,,,,,,,,,,,,,,,,,,,,,
data/precomputed/fig04/geometry_geometry_contrasts.csv,6,4MIDD_085_170,,,-0.0066312672857778,,0.0069201711077651,,,,,,,,,,,,,,,,,,,,,,,,,,UD,-0.0191204974196116,-0.0008579957830135,-0.005857962848056,-0.0146983379985439,0.005857962848056,0.0146983379985439,0.0456153978226192,0.1144545557091395,0.0688391578865202,0.4690407731201036,1.889689345580353,True,False,True,False,False,True,,,,,,,,,,,,,,,,,,,,,,,,,,,,,,,,,,,,,,,,,,,,,,,,,,,,,,,,,,,,,,,,,,
data/precomputed/fig04/geometry_geometry_contrasts.csv,6,4MIDD_085_170,,,0.0124892301338338,,0.0077781668907787,,,,,,,,,,,,,,,,,,,,,,,,,,rot180,0.0,0.0,0.0,0.0,0.0,0.0,0.0,0.0,0.0,0.0,0.0,False,False,True,True,True,True,,,,,,,,,,,,,,,,,,,,,,,,,,,,,,,,,,,,,,,,,,,,,,,,,,,,,,,,,,,,,,,,,,
data/precomputed/fig04/geometry_geometry_contrasts.csv,6,4MIDD_085_170,,,0.0053717388599603,,0.0062831279672957,,,,,,,,,,,,,,,,,,,,,,,,,,x_minus3,-0.0071174912738735,-0.001495038923483,-0.0071174912738735,-0.001495038923483,0.0071174912738735,0.001495038923483,0.0554232255099572,0.0116417254639315,-0.0437815000460257,0.5698898569971415,0.1922094270259454,False,False,True,True,False,True,,,,,,,,,,,,,,,,,,,,,,,,,,,,,,,,,,,,,,,,,,,,,,,,,,,,,,,,,,,,,,,,,,
data/precomputed/fig04/geometry_geometry_contrasts.csv,6,4MIDD_085_170,,,0.0030366679435703,,0.0082459133827774,,,,,,,,,,,,,,,,,,,,,,,,,,x_plus3,-0.0094525621902635,0.0004677464919987,-0.0094525621902635,0.0004677464919987,0.0094525621902635,0.0004677464919987,0.0736061999599406,0.0036422973081396,-0.069963902651801,0.7568564691662953,0.0601357488479411,False,False,True,True,False,True,,,,,,,,,,,,,,,,,,,,,,,,,,,,,,,,,,,,,,,,,,,,,,,,,,,,,,,,,,,,,,,,,,
data/precomputed/fig04/geometry_geometry_contrasts.csv,6,4MIDD_085_170,,,-0.0094039632512697,,0.0071645084030242,,,,,,,,,,,,,,,,,,,,,,,,,,y_minus3,-0.0218931933851036,-0.0006136584877545,-0.0218931933851036,-0.0006136584877545,0.0218931933851036,0.0006136584877545,0.1704802081837099,0.0047785000984493,-0.1657017080852605,1.7529644037985963,0.0788948999709707,True,False,False,True,True,True,,,,,,,,,,,,,,,,,,,,,,,,,,,,,,,,,,,,,,,,,,,,,,,,,,,,,,,,,,,,,,,,,,
data/precomputed/fig04/geometry_geometry_contrasts.csv,6,4MIDD_085_170,,,0.0005407012371586,,0.0081040038017431,,,,,,,,,,,,,,,,,,,,,,,,,,y_plus3,-0.0119485288966752,0.0003258369109644,-0.0119485288966752,0.0003258369109644,0.0119485288966752,0.0003258369109644,0.0930420545766639,0.0025372609394181,-0.0905047936372457,0.956705833872644,0.0418911674984802,False,False,True,True,False,True,,,,,,,,,,,,,,,,,,,,,,,,,,,,,,,,,,,,,,,,,,,,,,,,,,,,,,,,,,,,,,,,,,
data/precomputed/fig04/geometry_geometry_contrasts.csv,7,3MIDD_048,,,-0.0012038919532408,,-0.0054891963154575,,,,,,,,,,,,,,,,,,,,,,,,,,identity,0.0,0.0,0.0,0.0,0.0,0.0,0.0,0.0,0.0,0.0,0.0,False,False,True,True,False,False,,,,,,,,,,,,,,,,,,,,,,,,,,,,,,,,,,,,,,,,,,,,,,,,,,,,,,,,,,,,,,,,,,
data/precomputed/fig04/geometry_geometry_contrasts.csv,7,3MIDD_048,,,0.0009507477978318,,-0.0051011765968175,,,,,,,,,,,,,,,,,,,,,,,,,,LR,0.0021546397510726,0.0003880197186399,0.000253144155409,0.010590372912275,0.000253144155409,0.010590372912275,0.0011794502102653,0.0493427056926778,0.0481632554824125,0.2102697439169376,1.92930859283841,True,False,True,False,False,False,,,,,,,,,,,,,,,,,,,,,,,,,,,,,,,,,,,,,,,,,,,,,,,,,,,,,,,,,,,,,,,,,,
data/precomputed/fig04/geometry_geometry_contrasts.csv,7,3MIDD_048,,,0.0009507477978318,,-0.0051011765968175,,,,,,,,,,,,,,,,,,,,,,,,,,UD,0.0021546397510726,0.0003880197186399,0.000253144155409,0.010590372912275,0.000253144155409,0.010590372912275,0.0011794502102653,0.0493427056926778,0.0481632554824125,0.2102697439169376,1.92930859283841,True,False,True,False,False,False,,,,,,,,,,,,,,,,,,,,,,,,,,,,,,,,,,,,,,,,,,,,,,,,,,,,,,,,,,,,,,,,,,
data/precomputed/fig04/geometry_geometry_contrasts.csv,7,3MIDD_048,,,-0.0012038919532408,,-0.0054891963154575,,,,,,,,,,,,,,,,,,,,,,,,,,rot180,0.0,0.0,0.0,0.0,0.0,0.0,0.0,0.0,0.0,0.0,0.0,False,False,True,True,False,False,,,,,,,,,,,,,,,,,,,,,,,,,,,,,,,,,,,,,,,,,,,,,,,,,,,,,,,,,,,,,,,,,,
data/precomputed/fig04/geometry_geometry_contrasts.csv,7,3MIDD_048,,,0.0063881719015948,,-0.0101584199686286,,,,,,,,,,,,,,,,,,,,,,,,,,x_minus3,0.0075920638548357,-0.0046692236531711,0.0075920638548357,-0.0046692236531711,0.0075920638548357,0.0046692236531711,0.0353729727453669,0.0217548645774949,-0.013618108167872,6.306214417542957,0.8506190849527194,True,False,False,True,False,False,,,,,,,,,,,,,,,,,,,,,,,,,,,,,,,,,,,,,,,,,,,,,,,,,,,,,,,,,,,,,,,,,,
data/precomputed/fig04/geometry_geometry_contrasts.csv,7,3MIDD_048,,,0.0010338534247586,,0.0016184591353699,,,,,,,,,,,,,,,,,,,,,,,,,,x_plus3,0.0022377453779995,0.0071076554508274,0.0022377453779995,0.0071076554508274,0.0022377453779995,0.0071076554508274,0.0104261117636187,0.0331160152697393,0.0226899035061206,1.8587438719370375,1.2948421032768225,True,True,False,False,False,False,,,,,,,,,,,,,,,,,,,,,,,,,,,,,,,,,,,,,,,,,,,,,,,,,,,,,,,,,,,,,,,,,,
data/precomputed/fig04/geometry_geometry_contrasts.csv,7,3MIDD_048,,,0.0066622120720936,,-0.004195162458431,,,,,,,,,,,,,,,,,,,,,,,,,,y_minus3,0.0078661040253344,0.0012940338570264,0.0078661040253344,0.0012940338570264,0.0078661040253344,0.0012940338570264,0.0366497817484963,0.0060291674611011,-0.0306206142873951,6.533841069166055,0.235741523029012,True,False,False,True,True,False,,,,,,,,,,,,,,,,,,,,,,,,,,,,,,,,,,,,,,,,,,,,,,,,,,,,,,,,,,,,,,,,,,
data/precomputed/fig04/geometry_geometry_contrasts.csv,7,3MIDD_048,,,0.0022356135606668,,-0.0037506615089401,,,,,,,,,,,,,,,,,,,,,,,,,,y_plus3,0.0034395055139077,0.0017385348065174,0.0034395055139077,0.0017385348065174,0.0034395055139077,0.0017385348065174,0.0160253571528516,0.0081001879730821,-0.0079251691797695,2.856964809010146,0.3167187944132685,True,False,False,True,False,False,,,,,,,,,,,,,,,,,,,,,,,,,,,,,,,,,,,,,,,,,,,,,,,,,,,,,,,,,,,,,,,,,,
data/precomputed/fig04/geometry_geometry_contrasts.csv,7,3MIDD_207,,,0.0129165327228016,,-0.0014939910741953,,,,,,,,,,,,,,,,,,,,,,,,,,identity,0.0,0.0,0.0,0.0,0.0,0.0,0.0,0.0,0.0,0.0,0.0,False,False,True,True,True,True,,,,,,,,,,,,,,,,,,,,,,,,,,,,,,,,,,,,,,,,,,,,,,,,,,,,,,,,,,,,,,,,,,
data/precomputed/fig04/geometry_geometry_contrasts.csv,7,3MIDD_207,,,-0.0136369913041469,,-0.0007933553980874,,,,,,,,,,,,,,,,,,,,,,,,,,LR,-0.0265535240269485,0.0007006356761078,0.0007204585813453,0.0022873464722827,0.0007204585813453,0.0022873464722827,0.0029937192491386,0.0095046035134115,0.0065108842642729,0.055777973781907,1.5310206343156465,True,False,True,False,True,True,,,,,,,,,,,,,,,,,,,,,,,,,,,,,,,,,,,,,,,,,,,,,,,,,,,,,,,,,,,,,,,,,,
data/precomputed/fig04/geometry_geometry_contrasts.csv,7,3MIDD_207,,,-0.0136369913041469,,-0.0007933553980874,,,,,,,,,,,,,,,,,,,,,,,,,,UD,-0.0265535240269485,0.0007006356761078,0.0007204585813453,0.0022873464722827,0.0007204585813453,0.0022873464722827,0.0029937192491386,0.0095046035134115,0.0065108842642729,0.055777973781907,1.5310206343156465,True,False,True,False,True,True,,,,,,,,,,,,,,,,,,,,,,,,,,,,,,,,,,,,,,,,,,,,,,,,,,,,,,,,,,,,,,,,,,
data/precomputed/fig04/geometry_geometry_contrasts.csv,7,3MIDD_207,,,0.0129165327228016,,-0.0014939910741953,,,,,,,,,,,,,,,,,,,,,,,,,,rot180,0.0,0.0,0.0,0.0,0.0,0.0,0.0,0.0,0.0,0.0,0.0,False,False,True,True,True,True,,,,,,,,,,,,,,,,,,,,,,,,,,,,,,,,,,,,,,,,,,,,,,,,,,,,,,,,,,,,,,,,,,
data/precomputed/fig04/geometry_geometry_contrasts.csv,7,3MIDD_207,,,0.0068044861850685,,-0.0006178930449161,,,,,,,,,,,,,,,,,,,,,,,,,,x_minus3,-0.006112046537733,0.0008760980292791,-0.006112046537733,0.0008760980292791,0.006112046537733,0.0008760980292791,0.0253973675176094,0.0036404473515854,-0.021756920166024,0.4731952403132938,0.5864105752073021,False,False,True,True,True,True,,,,,,,,,,,,,,,,,,,,,,,,,,,,,,,,,,,,,,,,,,,,,,,,,,,,,,,,,,,,,,,,,,
data/precomputed/fig04/geometry_geometry_contrasts.csv,7,3MIDD_207,,,0.0131230454115848,,-0.0037674301446533,,,,,,,,,,,,,,,,,,,,,,,,,,x_plus3,0.0002065126887832,-0.002273439070458,0.0002065126887832,-0.002273439070458,0.0002065126887832,0.002273439070458,0.0008581215181687,0.0094468141308903,0.0085886926127215,0.0159882325491543,1.5217118044460352,False,False,True,True,True,True,,,,,,,,,,,,,,,,,,,,,,,,,,,,,,,,,,,,,,,,,,,,,,,,,,,,,,,,,,,,,,,,,,
data/precomputed/fig04/geometry_geometry_contrasts.csv,7,3MIDD_207,,,0.0105573763533049,,0.0029024815351875,,,,,,,,,,,,,,,,,,,,,,,,,,y_minus3,-0.0023591563694966,0.0043964726093828,-0.0023591563694966,0.0043964726093828,0.0023591563694966,0.0043964726093828,0.0098029949506633,0.0182686486354885,0.0084656536848252,0.1826461166990178,2.9427506347348813,False,True,True,False,True,True,,,,,,,,,,,,,,,,,,,,,,,,,,,,,,,,,,,,,,,,,,,,,,,,,,,,,,,,,,,,,,,,,,
data/precomputed/fig04/geometry_geometry_contrasts.csv,7,3MIDD_207,,,0.0197330003683382,,-0.0035513240435833,,,,,,,,,,,,,,,,,,,,,,,,,,y_plus3,0.0068164676455366,-0.002057332969388,0.0068164676455366,-0.002057332969388,0.0068164676455366,0.002057332969388,0.028324446304003,0.0085488291371915,-0.0197756171668114,0.527731591326174,1.377062577077573,False,False,True,True,True,True,,,,,,,,,,,,,,,,,,,,,,,,,,,,,,,,,,,,,,,,,,,,,,,,,,,,,,,,,,,,,,,,,,
data/precomputed/fig04/geometry_geometry_contrasts.csv,7,4MIDD_085_170,,,0.0012294725150685,,-0.0002613161373162,,,,,,,,,,,,,,,,,,,,,,,,,,identity,0.0,0.0,0.0,0.0,0.0,0.0,0.0,0.0,0.0,0.0,0.0,False,False,True,True,True,True,,,,,,,,,,,,,,,,,,,,,,,,,,,,,,,,,,,,,,,,,,,,,,,,,,,,,,,,,,,,,,,,,,
data/precomputed/fig04/geometry_geometry_contrasts.csv,7,4MIDD_085_170,,,-0.0013365028352832,,-0.0043896418735855,,,,,,,,,,,,,,,,,,,,,,,,,,LR,-0.0025659753503518,-0.0041283257362692,0.0001070303202147,0.0046509580109018,0.0001070303202147,0.0046509580109018,0.0004815736856298,0.0209265840420371,0.0204450103564072,0.0870531454518258,17.797523273658424,True,False,True,False,False,True,,,,,,,,,,,,,,,,,,,,,,,,,,,,,,,,,,,,,,,,,,,,,,,,,,,,,,,,,,,,,,,,,,
data/precomputed/fig04/geometry_geometry_contrasts.csv,7,4MIDD_085_170,,,-0.0013365028352832,,-0.0043896418735855,,,,,,,,,,,,,,,,,,,,,,,,,,UD,-0.0025659753503518,-0.0041283257362692,0.0001070303202147,0.0046509580109018,0.0001070303202147,0.0046509580109018,0.0004815736856298,0.0209265840420371,0.0204450103564072,0.0870531454518258,17.797523273658424,True,False,True,False,False,True,,,,,,,,,,,,,,,,,,,,,,,,,,,,,,,,,,,,,,,,,,,,,,,,,,,,,,,,,,,,,,,,,,
data/precomputed/fig04/geometry_geometry_contrasts.csv,7,4MIDD_085_170,,,0.0012294725150685,,-0.0002613161373162,,,,,,,,,,,,,,,,,,,,,,,,,,rot180,0.0,0.0,0.0,0.0,0.0,0.0,0.0,0.0,0.0,0.0,0.0,False,False,True,True,True,True,,,,,,,,,,,,,,,,,,,,,,,,,,,,,,,,,,,,,,,,,,,,,,,,,,,,,,,,,,,,,,,,,,
data/precomputed/fig04/geometry_geometry_contrasts.csv,7,4MIDD_085_170,,,-0.0030856369201373,,-0.0040001139522989,,,,,,,,,,,,,,,,,,,,,,,,,,x_minus3,-0.0043151094352058,-0.0037387978149826,-0.0043151094352058,-0.0037387978149826,0.0043151094352058,0.0037387978149826,0.0194154623702814,0.0168223979894087,-0.0025930643808726,3.509695650259242,14.30701824692559,True,False,False,True,False,True,,,,,,,,,,,,,,,,,,,,,,,,,,,,,,,,,,,,,,,,,,,,,,,,,,,,,,,,,,,,,,,,,,
data/precomputed/fig04/geometry_geometry_contrasts.csv,7,4MIDD_085_170,,,-0.0034789509741608,,-0.00560534941583,,,,,,,,,,,,,,,,,,,,,,,,,,x_plus3,-0.0047084234892294,-0.0053440332785137,-0.0047084234892294,-0.0053440332785137,0.0047084234892294,0.0053440332785137,0.0211851450006439,0.0240450163738581,0.0028598713732142,3.829597762898584,20.44967003069367,True,False,False,True,False,True,,,,,,,,,,,,,,,,,,,,,,,,,,,,,,,,,,,,,,,,,,,,,,,,,,,,,,,,,,,,,,,,,,
data/precomputed/fig04/geometry_geometry_contrasts.csv,7,4MIDD_085_170,,,-0.0080626490406544,,0.0005915261829221,,,,,,,,,,,,,,,,,,,,,,,,,,y_minus3,-0.009292121555723,0.0008528423202384,-0.009292121555723,0.0008528423202384,0.009292121555723,0.0008528423202384,0.0418090987295235,0.0038372903920529,-0.0379718083374706,7.557750063005123,3.2635171092978665,True,True,False,False,True,True,,,,,,,,,,,,,,,,,,,,,,,,,,,,,,,,,,,,,,,,,,,,,,,,,,,,,,,,,,,,,,,,,,
data/precomputed/fig04/geometry_geometry_contrasts.csv,7,4MIDD_085_170,,,-0.0011079220016199,,-0.002411071041283,,,,,,,,,,,,,,,,,,,,,,,,,,y_plus3,-0.0023373945166884,-0.0021497549039668,-0.0023373945166884,-0.0021497549039668,0.0023373945166884,0.0021497549039668,0.0105169048351383,0.0096726365970609,-0.0008442682380773,1.901120583693848,8.226329467247112,True,False,False,True,False,True,,,,,,,,,,,,,,,,,,,,,,,,,,,,,,,,,,,,,,,,,,,,,,,,,,,,,,,,,,,,,,,,,,
data/precomputed/fig04/geometry_geometry_contrasts.csv,8,3MIDD_048,,,-0.006436823484137,,-0.0024723196495345,,,,,,,,,,,,,,,,,,,,,,,,,,identity,0.0,0.0,0.0,0.0,0.0,0.0,0.0,0.0,0.0,0.0,0.0,False,False,True,True,True,True,,,,,,,,,,,,,,,,,,,,,,,,,,,,,,,,,,,,,,,,,,,,,,,,,,,,,,,,,,,,,,,,,,
data/precomputed/fig04/geometry_geometry_contrasts.csv,8,3MIDD_048,,,0.0082138301925971,,-0.0023934509386775,,,,,,,,,,,,,,,,,,,,,,,,,,LR,0.0146506536767342,7.886871085693858e-05,-0.00177700670846,0.004865770588212,0.00177700670846,0.004865770588212,0.0110144523689271,0.0301595926041451,0.019145140235218,0.276068460189209,1.968091346203856,True,False,True,False,True,True,,,,,,,,,,,,,,,,,,,,,,,,,,,,,,,,,,,,,,,,,,,,,,,,,,,,,,,,,,,,,,,,,,
data/precomputed/fig04/geometry_geometry_contrasts.csv,8,3MIDD_048,,,0.0082138301925971,,-0.0023934509386775,,,,,,,,,,,,,,,,,,,,,,,,,,UD,0.0146506536767342,7.886871085693858e-05,-0.00177700670846,0.004865770588212,0.00177700670846,0.004865770588212,0.0110144523689271,0.0301595926041451,0.019145140235218,0.276068460189209,1.968091346203856,True,False,True,False,True,True,,,,,,,,,,,,,,,,,,,,,,,,,,,,,,,,,,,,,,,,,,,,,,,,,,,,,,,,,,,,,,,,,,
data/precomputed/fig04/geometry_geometry_contrasts.csv,8,3MIDD_048,,,-0.006436823484137,,-0.0024723196495345,,,,,,,,,,,,,,,,,,,,,,,,,,rot180,0.0,0.0,0.0,0.0,0.0,0.0,0.0,0.0,0.0,0.0,0.0,False,False,True,True,True,True,,,,,,,,,,,,,,,,,,,,,,,,,,,,,,,,,,,,,,,,,,,,,,,,,,,,,,,,,,,,,,,,,,
data/precomputed/fig04/geometry_geometry_contrasts.csv,8,3MIDD_048,,,-0.0051177185493998,,0.0044203436307735,,,,,,,,,,,,,,,,,,,,,,,,,,x_minus3,0.0013191049347372,0.006892663280308,0.0013191049347372,0.006892663280308,0.0013191049347372,0.006892663280308,0.0081762316394801,0.0427229177214512,0.0345466860819711,0.2049307222235905,2.7879224283888813,False,True,True,False,True,True,,,,,,,,,,,,,,,,,,,,,,,,,,,,,,,,,,,,,,,,,,,,,,,,,,,,,,,,,,,,,,,,,,
data/precomputed/fig04/geometry_geometry_contrasts.csv,8,3MIDD_048,,,-0.006052914502215,,-0.0024488991721308,,,,,,,,,,,,,,,,,,,,,,,,,,x_plus3,0.000383908981922,2.3420477403620233e-05,0.000383908981922,2.3420477403620233e-05,0.000383908981922,2.3420477403620233e-05,0.002379589888576,0.0001451675627287,-0.0022344223258473,0.0596425218810024,0.0094730398949953,False,False,True,True,True,True,,,,,,,,,,,,,,,,,,,,,,,,,,,,,,,,,,,,,,,,,,,,,,,,,,,,,,,,,,,,,,,,,,
data/precomputed/fig04/geometry_geometry_contrasts.csv,8,3MIDD_048,,,0.001374107179065,,0.0017432694096654,,,,,,,,,,,,,,,,,,,,,,,,,,y_minus3,0.0078109306632021,0.0042155890591999,0.0078109306632021,0.0042155890591999,0.0078109306632021,0.0042155890591999,0.0484146308155402,0.0261295608387244,-0.0222850699768157,1.2134740913294382,1.7051079980348536,True,True,False,False,False,True,,,,,,,,,,,,,,,,,,,,,,,,,,,,,,,,,,,,,,,,,,,,,,,,,,,,,,,,,,,,,,,,,,
data/precomputed/fig04/geometry_geometry_contrasts.csv,8,3MIDD_048,,,-0.0158256787280417,,-0.0085676777856911,,,,,,,,,,,,,,,,,,,,,,,,,,y_plus3,-0.0093888552439046,-0.0060953581361566,-0.0093888552439046,-0.0060953581361566,0.0093888552439046,0.0060953581361566,0.0581951088819223,0.0377809670287796,-0.0204141418531426,1.4586139702141712,2.465430990282507,False,False,True,True,True,True,,,,,,,,,,,,,,,,,,,,,,,,,,,,,,,,,,,,,,,,,,,,,,,,,,,,,,,,,,,,,,,,,,
data/precomputed/fig04/geometry_geometry_contrasts.csv,8,3MIDD_207,,,0.0139433211463922,,-0.0012440484026888,,,,,,,,,,,,,,,,,,,,,,,,,,identity,0.0,0.0,0.0,0.0,0.0,0.0,0.0,0.0,0.0,0.0,0.0,False,False,True,True,True,True,,,,,,,,,,,,,,,,,,,,,,,,,,,,,,,,,,,,,,,,,,,,,,,,,,,,,,,,,,,,,,,,,,
data/precomputed/fig04/geometry_geometry_contrasts.csv,8,3MIDD_207,,,-0.0157424260723549,,-0.0019755667596084,,,,,,,,,,,,,,,,,,,,,,,,,,LR,-0.0296857472187472,-0.0007315183569196,0.0017991049259627,0.0032196151622972,0.0017991049259627,0.0032196151622972,0.008287865187689,0.0148316732594573,0.0065438080717682,0.1290297782555539,2.5879935824062694,True,False,True,False,True,True,,,,,,,,,,,,,,,,,,,,,,,,,,,,,,,,,,,,,,,,,,,,,,,,,,,,,,,,,,,,,,,,,,
data/precomputed/fig04/geometry_geometry_contrasts.csv,8,3MIDD_207,,,-0.0157424260723549,,-0.0019755667596084,,,,,,,,,,,,,,,,,,,,,,,,,,UD,-0.0296857472187472,-0.0007315183569196,0.0017991049259627,0.0032196151622972,0.0017991049259627,0.0032196151622972,0.008287865187689,0.0148316732594573,0.0065438080717682,0.1290297782555539,2.5879935824062694,True,False,True,False,True,True,,,,,,,,,,,,,,,,,,,,,,,,,,,,,,,,,,,,,,,,,,,,,,,,,,,,,,,,,,,,,,,,,,
data/precomputed/fig04/geometry_geometry_contrasts.csv,8,3MIDD_207,,,0.0139433211463922,,-0.0012440484026888,,,,,,,,,,,,,,,,,,,,,,,,,,rot180,0.0,0.0,0.0,0.0,0.0,0.0,0.0,0.0,0.0,0.0,0.0,False,False,True,True,True,True,,,,,,,,,,,,,,,,,,,,,,,,,,,,,,,,,,,,,,,,,,,,,,,,,,,,,,,,,,,,,,,,,,
data/precomputed/fig04/geometry_geometry_contrasts.csv,8,3MIDD_207,,,0.0037010771282214,,-0.0010178883699704,,,,,,,,,,,,,,,,,,,,,,,,,,x_minus3,-0.0102422440181707,0.0002261600327183,-0.0102422440181707,0.0002261600327183,0.0102422440181707,0.0002261600327183,0.0471825386151888,0.0010418424378501,-0.0461406961773387,0.7345622011437992,0.1817921347016864,False,False,True,True,True,True,,,,,,,,,,,,,,,,,,,,,,,,,,,,,,,,,,,,,,,,,,,,,,,,,,,,,,,,,,,,,,,,,,
data/precomputed/fig04/geometry_geometry_contrasts.csv,8,3MIDD_207,,,0.0050712555486392,,-0.0015383266896297,,,,,,,,,,,,,,,,,,,,,,,,,,x_plus3,-0.0088720655977529,-0.0002942782869409,-0.0088720655977529,-0.0002942782869409,0.0088720655977529,0.0002942782869409,0.0408705921202246,0.0013556400933788,-0.0395149520268457,0.6362945485984935,0.2365470031832013,False,False,True,True,True,True,,,,,,,,,,,,,,,,,,,,,,,,,,,,,,,,,,,,,,,,,,,,,,,,,,,,,,,,,,,,,,,,,,
data/precomputed/fig04/geometry_geometry_contrasts.csv,8,3MIDD_207,,,0.0074787985148374,,0.0057925889485095,,,,,,,,,,,,,,,,,,,,,,,,,,y_minus3,-0.0064645226315547,0.0070366373511984,-0.0064645226315547,0.0070366373511984,0.0064645226315547,0.0070366373511984,0.0297798595845766,0.0324153977346163,0.0026355381500396,0.4636282796186367,5.656195349020474,False,True,True,False,True,True,,,,,,,,,,,,,,,,,,,,,,,,,,,,,,,,,,,,,,,,,,,,,,,,,,,,,,,,,,,,,,,,,,
data/precomputed/fig04/geometry_geometry_contrasts.csv,8,3MIDD_207,,,0.0218170481637043,,-0.0042282175014051,,,,,,,,,,,,,,,,,,,,,,,,,,y_plus3,0.0078737270173121,-0.0029841690987162,0.0078737270173121,-0.0029841690987162,0.0078737270173121,0.0029841690987162,0.036271585443649,0.0137470532321471,-0.0225245322115019,0.5646948304279069,2.3987371431007274,False,False,True,True,True,True,,,,,,,,,,,,,,,,,,,,,,,,,,,,,,,,,,,,,,,,,,,,,,,,,,,,,,,,,,,,,,,,,,
data/precomputed/fig04/geometry_geometry_contrasts.csv,8,4MIDD_085_170,,,-0.0056534782828726,,-0.0038429242961894,,,,,,,,,,,,,,,,,,,,,,,,,,identity,0.0,0.0,0.0,0.0,0.0,0.0,0.0,0.0,0.0,0.0,0.0,False,False,True,True,True,True,,,,,,,,,,,,,,,,,,,,,,,,,,,,,,,,,,,,,,,,,,,,,,,,,,,,,,,,,,,,,,,,,,
data/precomputed/fig04/geometry_geometry_contrasts.csv,8,4MIDD_085_170,,,-0.0054632854949748,,-0.0088858255614519,,,,,,,,,,,,,,,,,,,,,,,,,,LR,0.0001901927878978,-0.0050429012652624,0.0111167637778474,0.0127287498576413,0.0111167637778474,0.0127287498576413,0.0551063363916628,0.0630970294518875,0.0079906930602247,1.966354792230831,3.3122475891047047,False,False,False,False,False,True,,,,,,,,,,,,,,,,,,,,,,,,,,,,,,,,,,,,,,,,,,,,,,,,,,,,,,,,,,,,,,,,,,
data/precomputed/fig04/geometry_geometry_contrasts.csv,8,4MIDD_085_170,,,-0.0054632854949748,,-0.0088858255614519,,,,,,,,,,,,,,,,,,,,,,,,,,UD,0.0001901927878978,-0.0050429012652624,0.0111167637778474,0.0127287498576413,0.0111167637778474,0.0127287498576413,0.0551063363916628,0.0630970294518875,0.0079906930602247,1.966354792230831,3.3122475891047047,False,False,False,False,False,True,,,,,,,,,,,,,,,,,,,,,,,,,,,,,,,,,,,,,,,,,,,,,,,,,,,,,,,,,,,,,,,,,,
data/precomputed/fig04/geometry_geometry_contrasts.csv,8,4MIDD_085_170,,,-0.0056534782828726,,-0.0038429242961894,,,,,,,,,,,,,,,,,,,,,,,,,,rot180,0.0,0.0,0.0,0.0,0.0,0.0,0.0,0.0,0.0,0.0,0.0,False,False,True,True,True,True,,,,,,,,,,,,,,,,,,,,,,,,,,,,,,,,,,,,,,,,,,,,,,,,,,,,,,,,,,,,,,,,,,
data/precomputed/fig04/geometry_geometry_contrasts.csv,8,4MIDD_085_170,,,-0.0002642115132329,,-0.0116571817058002,,,,,,,,,,,,,,,,,,,,,,,,,,x_minus3,0.0053892667696396,-0.0078142574096108,0.0053892667696396,-0.0078142574096108,0.0053892667696396,0.0078142574096108,0.0267148563599036,0.0387356523958124,0.0120207960359088,0.9532639849925184,2.033409058635003,False,False,True,True,False,True,,,,,,,,,,,,,,,,,,,,,,,,,,,,,,,,,,,,,,,,,,,,,,,,,,,,,,,,,,,,,,,,,,
data/precomputed/fig04/geometry_geometry_contrasts.csv,8,4MIDD_085_170,,,-0.0001021316029379,,0.007038002393514,,,,,,,,,,,,,,,,,,,,,,,,,,x_plus3,0.0055513466799346,0.0108809266897034,0.0055513466799346,0.0108809266897034,0.0055513466799346,0.0108809266897034,0.0275182943241827,0.0539372805249915,0.0264189862008088,0.9819329946703136,2.831411065365504,False,True,True,False,False,True,,,,,,,,,,,,,,,,,,,,,,,,,,,,,,,,,,,,,,,,,,,,,,,,,,,,,,,,,,,,,,,,,,
data/precomputed/fig04/geometry_geometry_contrasts.csv,8,4MIDD_085_170,,,0.0109467817273752,,-0.0228893278156793,,,,,,,,,,,,,,,,,,,,,,,,,,y_minus3,0.0166002600102478,-0.0190464035194898,0.0166002600102478,-0.0190464035194898,0.0166002600102478,0.0190464035194898,0.0822882927616651,0.0944139445949072,0.012125651833242,2.936286267814282,4.956213677235031,True,False,False,True,False,True,,,,,,,,,,,,,,,,,,,,,,,,,,,,,,,,,,,,,,,,,,,,,,,,,,,,,,,,,,,,,,,,,,
data/precomputed/fig04/geometry_geometry_contrasts.csv,8,4MIDD_085_170,,,-0.0053107922039638,,0.0160616134848469,,,,,,,,,,,,,,,,,,,,,,,,,,y_plus3,0.0003426860789087,0.0199045377810364,0.0003426860789087,0.0199045377810364,0.0003426860789087,0.0199045377810364,0.0016987114882045,0.0986677576857483,0.0969690461975437,0.0606149799490939,5.179515507400969,False,True,True,False,False,True,,,,,,,,,,,,,,,,,,,,,,,,,,,,,,,,,,,,,,,,,,,,,,,,,,,,,,,,,,,,,,,,,,
data/precomputed/fig04/geometry_geometry_contrasts.csv,9,3MIDD_048,,,-0.0081109348842485,,0.0100098540034046,,,,,,,,,,,,,,,,,,,,,,,,,,identity,0.0,0.0,0.0,0.0,0.0,0.0,0.0,0.0,0.0,0.0,0.0,False,False,True,True,False,False,,,,,,,,,,,,,,,,,,,,,,,,,,,,,,,,,,,,,,,,,,,,,,,,,,,,,,,,,,,,,,,,,,
data/precomputed/fig04/geometry_geometry_contrasts.csv,9,3MIDD_048,,,0.008806480683783,,0.0106790690103644,,,,,,,,,,,,,,,,,,,,,,,,,,LR,0.0169174155680316,0.0006692150069597,-0.0006955457995345,-0.0206889230137691,0.0006955457995345,0.0206889230137691,0.003412481920183,0.1015038488907456,0.0980913669705625,0.0857539792787006,2.0668535563252535,True,False,True,False,False,False,,,,,,,,,,,,,,,,,,,,,,,,,,,,,,,,,,,,,,,,,,,,,,,,,,,,,,,,,,,,,,,,,,
data/precomputed/fig04/geometry_geometry_contrasts.csv,9,3MIDD_048,,,0.008806480683783,,0.0106790690103644,,,,,,,,,,,,,,,,,,,,,,,,,,UD,0.0169174155680316,0.0006692150069597,-0.0006955457995345,-0.0206889230137691,0.0006955457995345,0.0206889230137691,0.003412481920183,0.1015038488907456,0.0980913669705625,0.0857539792787006,2.0668535563252535,True,False,True,False,False,False,,,,,,,,,,,,,,,,,,,,,,,,,,,,,,,,,,,,,,,,,,,,,,,,,,,,,,,,,,,,,,,,,,
data/precomputed/fig04/geometry_geometry_contrasts.csv,9,3MIDD_048,,,-0.0081109348842485,,0.0100098540034046,,,,,,,,,,,,,,,,,,,,,,,,,,rot180,0.0,0.0,0.0,0.0,0.0,0.0,0.0,0.0,0.0,0.0,0.0,False,False,True,True,False,False,,,,,,,,,,,,,,,,,,,,,,,,,,,,,,,,,,,,,,,,,,,,,,,,,,,,,,,,,,,,,,,,,,
data/precomputed/fig04/geometry_geometry_contrasts.csv,9,3MIDD_048,,,-0.0037722628989381,,0.0071957462431737,,,,,,,,,,,,,,,,,,,,,,,,,,x_minus3,0.0043386719853103,-0.0028141077602308,0.0043386719853103,-0.0028141077602308,0.0043386719853103,0.0028141077602308,0.0212863620445762,0.013806555743218,-0.0074798063013581,0.5349157277268745,0.2811334658766314,False,False,True,True,False,False,,,,,,,,,,,,,,,,,,,,,,,,,,,,,,,,,,,,,,,,,,,,,,,,,,,,,,,,,,,,,,,,,,
data/precomputed/fig04/geometry_geometry_contrasts.csv,9,3MIDD_048,,,-0.0013376718074527,,0.017529059577746,,,,,,,,,,,,,,,,,,,,,,,,,,x_plus3,0.0067732630767957,0.0075192055743413,0.0067732630767957,0.0075192055743413,0.0067732630767957,0.0075192055743413,0.0332309357711265,0.0368906736173965,0.0036597378462699,0.8350769452211949,0.7511795936272311,False,False,True,True,False,False,,,,,,,,,,,,,,,,,,,,,,,,,,,,,,,,,,,,,,,,,,,,,,,,,,,,,,,,,,,,,,,,,,
data/precomputed/fig04/geometry_geometry_contrasts.csv,9,3MIDD_048,,,0.010152894206073,,0.0105684612196,,,,,,,,,,,,,,,,,,,,,,,,,,y_minus3,0.0182638290903215,0.0005586072161953,0.0182638290903215,0.0005586072161953,0.0182638290903215,0.0005586072161953,0.0896058701033692,0.0027406348036692,-0.0868652352997,2.2517511031038944,0.0558056748828263,True,False,False,True,False,False,,,,,,,,,,,,,,,,,,,,,,,,,,,,,,,,,,,,,,,,,,,,,,,,,,,,,,,,,,,,,,,,,,
data/precomputed/fig04/geometry_geometry_contrasts.csv,9,3MIDD_048,,,-0.0024151018041042,,0.0137297021904553,,,,,,,,,,,,,,,,,,,,,,,,,,y_plus3,0.0056958330801442,0.0037198481870506,0.0056958330801442,0.0037198481870506,0.0056958330801442,0.0037198481870506,0.0279448562831954,0.0182502930685957,-0.0096945632145997,0.7022403877020004,0.3716182543324645,False,False,True,True,False,False,,,,,,,,,,,,,,,,,,,,,,,,,,,,,,,,,,,,,,,,,,,,,,,,,,,,,,,,,,,,,,,,,,
data/precomputed/fig04/geometry_geometry_contrasts.csv,9,3MIDD_207,,,0.0074016756339323,,0.0205119509203044,,,,,,,,,,,,,,,,,,,,,,,,,,identity,0.0,0.0,0.0,0.0,0.0,0.0,0.0,0.0,0.0,0.0,0.0,False,False,True,True,False,False,,,,,,,,,,,,,,,,,,,,,,,,,,,,,,,,,,,,,,,,,,,,,,,,,,,,,,,,,,,,,,,,,,
data/precomputed/fig04/geometry_geometry_contrasts.csv,9,3MIDD_207,,,-0.0075181436563303,,0.0200434320475985,,,,,,,,,,,,,,,,,,,,,,,,,,LR,-0.0149198192902626,-0.0004685188727058,0.000116468022398,-0.040555382967903,0.000116468022398,0.040555382967903,0.0005020584319485,0.1748219945758927,0.1743199361439441,0.0157353376187886,1.977157772748968,True,False,True,False,False,False,,,,,,,,,,,,,,,,,,,,,,,,,,,,,,,,,,,,,,,,,,,,,,,,,,,,,,,,,,,,,,,,,,
data/precomputed/fig04/geometry_geometry_contrasts.csv,9,3MIDD_207,,,-0.0075181436563303,,0.0200434320475985,,,,,,,,,,,,,,,,,,,,,,,,,,UD,-0.0149198192902626,-0.0004685188727058,0.000116468022398,-0.040555382967903,0.000116468022398,0.040555382967903,0.0005020584319485,0.1748219945758927,0.1743199361439441,0.0157353376187886,1.977157772748968,True,False,True,False,False,False,,,,,,,,,,,,,,,,,,,,,,,,,,,,,,,,,,,,,,,,,,,,,,,,,,,,,,,,,,,,,,,,,,
data/precomputed/fig04/geometry_geometry_contrasts.csv,9,3MIDD_207,,,0.0074016756339323,,0.0205119509203044,,,,,,,,,,,,,,,,,,,,,,,,,,rot180,0.0,0.0,0.0,0.0,0.0,0.0,0.0,0.0,0.0,0.0,0.0,False,False,True,True,False,False,,,,,,,,,,,,,,,,,,,,,,,,,,,,,,,,,,,,,,,,,,,,,,,,,,,,,,,,,,,,,,,,,,
data/precomputed/fig04/geometry_geometry_contrasts.csv,9,3MIDD_207,,,0.0129272500075523,,0.0174828904605633,,,,,,,,,,,,,,,,,,,,,,,,,,x_minus3,0.00552557437362,-0.0030290604597411,0.00552557437362,-0.0030290604597411,0.00552557437362,0.0030290604597411,0.0238190805382905,0.0130573638444498,-0.0107617166938406,0.7465291890118391,0.1476728856646132,False,False,True,True,False,False,,,,,,,,,,,,,,,,,,,,,,,,,,,,,,,,,,,,,,,,,,,,,,,,,,,,,,,,,,,,,,,,,,
data/precomputed/fig04/geometry_geometry_contrasts.csv,9,3MIDD_207,,,0.0135852157352751,,0.0219545300448623,,,,,,,,,,,,,,,,,,,,,,,,,,x_plus3,0.0061835401013428,0.0014425791245578,0.0061835401013428,0.0014425791245578,0.0061835401013428,0.0014425791245578,0.0266553718630234,0.0062185224607138,-0.0204368494023095,0.8354232275138851,0.0703286794550154,False,False,True,True,False,False,,,,,,,,,,,,,,,,,,,,,,,,,,,,,,,,,,,,,,,,,,,,,,,,,,,,,,,,,,,,,,,,,,
data/precomputed/fig04/geometry_geometry_contrasts.csv,9,3MIDD_207,,,0.0126201523945168,,0.03061774466967,,,,,,,,,,,,,,,,,,,,,,,,,,y_minus3,0.0052184767605845,0.0101057937493656,0.0052184767605845,0.0101057937493656,0.0052184767605845,0.0101057937493656,0.0224952755755104,0.043563021496676,0.0210677459211656,0.7050389625656328,0.4926780910235687,False,False,True,True,False,False,,,,,,,,,,,,,,,,,,,,,,,,,,,,,,,,,,,,,,,,,,,,,,,,,,,,,,,,,,,,,,,,,,
data/precomputed/fig04/geometry_geometry_contrasts.csv,9,3MIDD_207,,,0.01061938371315,,0.0126048969495184,,,,,,,,,,,,,,,,,,,,,,,,,,y_plus3,0.0032177080792176,-0.007907053970786,0.0032177080792176,-0.007907053970786,0.0032177080792176,0.007907053970786,0.0138705666968304,0.0340849190719286,0.0202143523750981,0.4347263904949472,0.3854850348783072,False,False,True,True,False,False,,,,,,,,,,,,,,,,,,,,,,,,,,,,,,,,,,,,,,,,,,,,,,,,,,,,,,,,,,,,,,,,,,
data/precomputed/fig04/geometry_geometry_contrasts.csv,9,4MIDD_085_170,,,0.0068237943452895,,0.0085461216464329,,,,,,,,,,,,,,,,,,,,,,,,,,identity,0.0,0.0,0.0,0.0,0.0,0.0,0.0,0.0,0.0,0.0,0.0,False,False,True,True,False,False,,,,,,,,,,,,,,,,,,,,,,,,,,,,,,,,,,,,,,,,,,,,,,,,,,,,,,,,,,,,,,,,,,
data/precomputed/fig04/geometry_geometry_contrasts.csv,9,4MIDD_085_170,,,-0.0028353253941186,,0.0194048880215134,,,,,,,,,,,,,,,,,,,,,,,,,,LR,-0.0096591197394082,0.0108587663750805,-0.0039884689511709,-0.0279510096679463,0.0039884689511709,0.0279510096679463,0.017690691597779,0.123975565044079,0.1062848734463,0.5844934510650391,3.2706036864776022,True,False,True,False,False,False,,,,,,,,,,,,,,,,,,,,,,,,,,,,,,,,,,,,,,,,,,,,,,,,,,,,,,,,,,,,,,,,,,
data/precomputed/fig04/geometry_geometry_contrasts.csv,9,4MIDD_085_170,,,-0.0028353253941186,,0.0194048880215134,,,,,,,,,,,,,,,,,,,,,,,,,,UD,-0.0096591197394082,0.0108587663750805,-0.0039884689511709,-0.0279510096679463,0.0039884689511709,0.0279510096679463,0.017690691597779,0.123975565044079,0.1062848734463,0.5844934510650391,3.2706036864776022,True,False,True,False,False,False,,,,,,,,,,,,,,,,,,,,,,,,,,,,,,,,,,,,,,,,,,,,,,,,,,,,,,,,,,,,,,,,,,
data/precomputed/fig04/geometry_geometry_contrasts.csv,9,4MIDD_085_170,,,0.0068237943452895,,0.0085461216464329,,,,,,,,,,,,,,,,,,,,,,,,,,rot180,0.0,0.0,0.0,0.0,0.0,0.0,0.0,0.0,0.0,0.0,0.0,False,False,True,True,False,False,,,,,,,,,,,,,,,,,,,,,,,,,,,,,,,,,,,,,,,,,,,,,,,,,,,,,,,,,,,,,,,,,,
data/precomputed/fig04/geometry_geometry_contrasts.csv,9,4MIDD_085_170,,,0.0032504316359326,,0.0090143933954319,,,,,,,,,,,,,,,,,,,,,,,,,,x_minus3,-0.0035733627093568,0.0004682717489989,-0.0035733627093568,0.0004682717489989,0.0035733627093568,0.0004682717489989,0.015849504767908,0.0020770002717613,-0.0137725044961467,0.5236613666720312,0.0547934162931414,False,False,True,True,False,False,,,,,,,,,,,,,,,,,,,,,,,,,,,,,,,,,,,,,,,,,,,,,,,,,,,,,,,,,,,,,,,,,,
data/precomputed/fig04/geometry_geometry_contrasts.csv,9,4MIDD_085_170,,,0.0021689974038592,,0.0145406586337021,,,,,,,,,,,,,,,,,,,,,,,,,,x_plus3,-0.0046547969414303,0.0059945369872692,-0.0046547969414303,0.0059945369872692,0.0046547969414303,0.0059945369872692,0.0206461622615752,0.0265885246723874,0.0059423624108121,0.682141032464323,0.7014327926683978,False,False,True,True,False,False,,,,,,,,,,,,,,,,,,,,,,,,,,,,,,,,,,,,,,,,,,,,,,,,,,,,,,,,,,,,,,,,,,
data/precomputed/fig04/geometry_geometry_contrasts.csv,9,4MIDD_085_170,,,-0.0091901169734228,,0.0159016978614157,,,,,,,,,,,,,,,,,,,,,,,,,,y_minus3,-0.0160139113187124,0.0073555762149828,-0.0160139113187124,0.0073555762149828,0.0160139113187124,0.0073555762149828,0.0710290514685729,0.0326253587369707,-0.0384036927316021,2.3467717578635887,0.8606907217551493,True,False,False,True,False,False,,,,,,,,,,,,,,,,,,,,,,,,,,,,,,,,,,,,,,,,,,,,,,,,,,,,,,,,,,,,,,,,,,
data/precomputed/fig04/geometry_geometry_contrasts.csv,9,4MIDD_085_170,,,-0.0032011205242226,,0.007020219112117,,,,,,,,,,,,,,,,,,,,,,,,,,y_plus3,-0.0100249148695122,-0.0015259025343159,-0.0100249148695122,-0.0015259025343159,0.0100249148695122,0.0015259025343159,0.0444651016271458,0.0067680785467634,-0.0376970230803823,1.4691093651347715,0.1785489151635997,True,False,False,True,False,False,,,,,,,,,,,,,,,,,,,,,,,,,,,,,,,,,,,,,,,,,,,,,,,,,,,,,,,,,,,,,,,,,,
data/precomputed/supplementary/figS6/sector_model_count_sensitivity.csv,0,3MIDD_048,,,,,,,,,,,,,,,,,,,,,-0.071814479328169,,,,,,,True,True,,,,,,,,,,,,,,,,,,,,0.0,0.2403875906853235,0.0942956703643762,0.3045550162726394,False,-0.8214285714285715,,,,,,,,,,,,,,,,,,,,,,,,,,,,,,,,,,,,,,,,,,,,,,,,,,,,,,,,,,,,
data/precomputed/supplementary/figS6/sector_model_count_sensitivity.csv,0,3MIDD_048,,,,,,,,,,,,,,,,,,,,,-0.0466258787825281,,,,,,,True,True,,,,,,,,,,,,,,,,,,,,0.5,0.3194500353722399,0.0817236746455454,1.2258091094134254,False,-0.7500000000000002,,,,,,,,,,,,,,,,,,,,,,,,,,,,,,,,,,,,,,,,,,,,,,,,,,,,,,,,,,,,
data/precomputed/supplementary/figS6/sector_model_count_sensitivity.csv,0,3MIDD_207,,,,,,,,,,,,,,,,,,,,,-0.0519813592610929,,,,,,,False,True,,,,,,,,,,,,,,,,,,,,0.0,0.2683289616925733,0.1636765407162261,0.8489383970521938,False,-0.9642857142857144,,,,,,,,,,,,,,,,,,,,,,,,,,,,,,,,,,,,,,,,,,,,,,,,,,,,,,,,,,,,
data/precomputed/supplementary/figS6/sector_model_count_sensitivity.csv,0,3MIDD_207,,,,,,,,,,,,,,,,,,,,,-0.0233450785483785,,,,,,,False,True,,,,,,,,,,,,,,,,,,,,0.5,0.215027331503488,0.1931417153630454,1.4594266433912169,False,-0.8928571428571429,,,,,,,,,,,,,,,,,,,,,,,,,,,,,,,,,,,,,,,,,,,,,,,,,,,,,,,,,,,,
data/precomputed/supplementary/figS6/sector_model_count_sensitivity.csv,0,4MIDD_085_170,,,,,,,,,,,,,,,,,,,,,-0.1644936076302319,,,,,,,True,False,,,,,,,,,,,,,,,,,,,,0.0,0.4958900101006022,0.0839342092934384,0.2392614253610562,False,-0.8928571428571429,,,,,,,,,,,,,,,,,,,,,,,,,,,,,,,,,,,,,,,,,,,,,,,,,,,,,,,,,,,,
data/precomputed/supplementary/figS6/sector_model_count_sensitivity.csv,0,4MIDD_085_170,,,,,,,,,,,,,,,,,,,,,-0.1509249042025802,,,,,,,True,True,,,,,,,,,,,,,,,,,,,,0.5,0.4758134818585083,0.0942343139052324,0.2519286502084526,False,-0.9642857142857144,,,,,,,,,,,,,,,,,,,,,,,,,,,,,,,,,,,,,,,,,,,,,,,,,,,,,,,,,,,,
data/precomputed/supplementary/figS6/sector_model_count_sensitivity.csv,1,3MIDD_048,,,,,,,,,,,,,,,,,,,,,-0.0614065064027458,,,,,,,True,True,,,,,,,,,,,,,,,,,,,,0.0,0.2400946019385032,0.0115797046258405,0.3691637103226806,False,-1.0,,,,,,,,,,,,,,,,,,,,,,,,,,,,,,,,,,,,,,,,,,,,,,,,,,,,,,,,,,,,
data/precomputed/supplementary/figS6/sector_model_count_sensitivity.csv,1,3MIDD_048,,,,,,,,,,,,,,,,,,,,,-0.0307932215681251,,,,,,,False,True,,,,,,,,,,,,,,,,,,,,0.5,0.2030176325208856,0.0285796300004159,0.8099764271152833,False,-0.8214285714285715,,,,,,,,,,,,,,,,,,,,,,,,,,,,,,,,,,,,,,,,,,,,,,,,,,,,,,,,,,,,
data/precomputed/supplementary/figS6/sector_model_count_sensitivity.csv,1,3MIDD_207,,,,,,,,,,,,,,,,,,,,,-0.0506313936972147,,,,,,,False,True,,,,,,,,,,,,,,,,,,,,0.0,0.274547806560843,0.0496647419184978,0.890517335553967,False,-1.0,,,,,,,,,,,,,,,,,,,,,,,,,,,,,,,,,,,,,,,,,,,,,,,,,,,,,,,,,,,,
data/precomputed/supplementary/figS6/sector_model_count_sensitivity.csv,1,3MIDD_207,,,,,,,,,,,,,,,,,,,,,-0.0401916129102259,,,,,,,True,True,,,,,,,,,,,,,,,,,,,,0.5,0.2981248504273445,0.0411380130232823,1.0885188958567134,False,-0.9642857142857144,,,,,,,,,,,,,,,,,,,,,,,,,,,,,,,,,,,,,,,,,,,,,,,,,,,,,,,,,,,,
data/precomputed/supplementary/figS6/sector_model_count_sensitivity.csv,1,4MIDD_085_170,,,,,,,,,,,,,,,,,,,,,-0.2017863660563782,,,,,,,True,True,,,,,,,,,,,,,,,,,,,,0.0,0.5406475225088502,0.0251526556222852,0.4686871569205226,False,-0.9642857142857144,,,,,,,,,,,,,,,,,,,,,,,,,,,,,,,,,,,,,,,,,,,,,,,,,,,,,,,,,,,,
data/precomputed/supplementary/figS6/sector_model_count_sensitivity.csv,1,4MIDD_085_170,,,,,,,,,,,,,,,,,,,,,-0.1771560280527445,,,,,,,True,True,,,,,,,,,,,,,,,,,,,,0.5,0.4310208289052616,0.0303787786464155,0.7800145884596755,False,-0.8928571428571429,,,,,,,,,,,,,,,,,,,,,,,,,,,,,,,,,,,,,,,,,,,,,,,,,,,,,,,,,,,,
data/precomputed/supplementary/figS6/sector_model_count_sensitivity.csv,2,3MIDD_048,,,,,,,,,,,,,,,,,,,,,0.0235176456533984,,,,,,,True,True,,,,,,,,,,,,,,,,,,,,0.0,0.1876989308899424,0.147792039201486,4.819654719261951,False,-0.8214285714285715,,,,,,,,,,,,,,,,,,,,,,,,,,,,,,,,,,,,,,,,,,,,,,,,,,,,,,,,,,,,
data/precomputed/supplementary/figS6/sector_model_count_sensitivity.csv,2,3MIDD_048,,,,,,,,,,,,,,,,,,,,,0.0023581236197693,,,,,,,True,True,,,,,,,,,,,,,,,,,,,,0.5,0.1136838099682171,0.1396698547196483,0.8982130932498064,False,-0.7500000000000002,,,,,,,,,,,,,,,,,,,,,,,,,,,,,,,,,,,,,,,,,,,,,,,,,,,,,,,,,,,,
data/precomputed/supplementary/figS6/sector_model_count_sensitivity.csv,2,3MIDD_207,,,,,,,,,,,,,,,,,,,,,-0.114055380620682,,,,,,,True,True,,,,,,,,,,,,,,,,,,,,0.0,0.3253751167319321,0.141734358430682,0.1592050662203126,False,-0.7500000000000002,,,,,,,,,,,,,,,,,,,,,,,,,,,,,,,,,,,,,,,,,,,,,,,,,,,,,,,,,,,,
data/precomputed/supplementary/figS6/sector_model_count_sensitivity.csv,2,3MIDD_207,,,,,,,,,,,,,,,,,,,,,-0.0108047892355208,,,,,,,True,True,,,,,,,,,,,,,,,,,,,,0.5,0.3584803213552818,0.15983326049042,1.6164957417635522,False,-0.9285714285714288,,,,,,,,,,,,,,,,,,,,,,,,,,,,,,,,,,,,,,,,,,,,,,,,,,,,,,,,,,,,
data/precomputed/supplementary/figS6/sector_model_count_sensitivity.csv,2,4MIDD_085_170,,,,,,,,,,,,,,,,,,,,,-0.1222753354100119,,,,,,,True,True,,,,,,,,,,,,,,,,,,,,0.0,0.4196028885212956,0.1435503055556255,4.897142445025607,False,-0.9642857142857144,,,,,,,,,,,,,,,,,,,,,,,,,,,,,,,,,,,,,,,,,,,,,,,,,,,,,,,,,,,,
data/precomputed/supplementary/figS6/sector_model_count_sensitivity.csv,2,4MIDD_085_170,,,,,,,,,,,,,,,,,,,,,-0.1565413698004295,,,,,,,True,True,,,,,,,,,,,,,,,,,,,,0.5,0.3896956066321796,0.1720504933999639,0.0058085334134973,False,-0.9642857142857144,,,,,,,,,,,,,,,,,,,,,,,,,,,,,,,,,,,,,,,,,,,,,,,,,,,,,,,,,,,,
data/precomputed/supplementary/figS6/sector_model_count_sensitivity.csv,3,3MIDD_048,,,,,,,,,,,,,,,,,,,,,0.0201513037305816,,,,,,,False,True,,,,,,,,,,,,,,,,,,,,0.0,0.5557438487290641,0.1912435638564507,1.2689817562309542,False,-0.8571428571428573,,,,,,,,,,,,,,,,,,,,,,,,,,,,,,,,,,,,,,,,,,,,,,,,,,,,,,,,,,,,
data/precomputed/supplementary/figS6/sector_model_count_sensitivity.csv,3,3MIDD_048,,,,,,,,,,,,,,,,,,,,,-0.0635150522015177,,,,,,,False,False,,,,,,,,,,,,,,,,,,,,0.5,0.4395226110096035,0.1895534559080388,0.7063051930592432,False,-1.0,,,,,,,,,,,,,,,,,,,,,,,,,,,,,,,,,,,,,,,,,,,,,,,,,,,,,,,,,,,,
data/precomputed/supplementary/figS6/sector_model_count_sensitivity.csv,3,3MIDD_207,,,,,,,,,,,,,,,,,,,,,-0.01028097707798,,,,,,,True,False,,,,,,,,,,,,,,,,,,,,0.0,0.2713671731379888,0.1508628259044918,1.297720730278923,False,-0.9285714285714288,,,,,,,,,,,,,,,,,,,,,,,,,,,,,,,,,,,,,,,,,,,,,,,,,,,,,,,,,,,,
data/precomputed/supplementary/figS6/sector_model_count_sensitivity.csv,3,3MIDD_207,,,,,,,,,,,,,,,,,,,,,0.0906294529962012,,,,,,,True,False,,,,,,,,,,,,,,,,,,,,0.5,0.1799544905942132,0.1838827864862996,1.6894231840687282,False,-0.6785714285714287,,,,,,,,,,,,,,,,,,,,,,,,,,,,,,,,,,,,,,,,,,,,,,,,,,,,,,,,,,,,
data/precomputed/supplementary/figS6/sector_model_count_sensitivity.csv,3,4MIDD_085_170,,,,,,,,,,,,,,,,,,,,,-0.17096258288461,,,,,,,True,False,,,,,,,,,,,,,,,,,,,,0.0,0.5320286523372943,0.2465864249867982,7.585475313130727,False,-0.9285714285714288,,,,,,,,,,,,,,,,,,,,,,,,,,,,,,,,,,,,,,,,,,,,,,,,,,,,,,,,,,,,
data/precomputed/supplementary/figS6/sector_model_count_sensitivity.csv,3,4MIDD_085_170,,,,,,,,,,,,,,,,,,,,,-0.188641635960498,,,,,,,True,False,,,,,,,,,,,,,,,,,,,,0.5,0.4952776858667058,0.1862797599604613,3.959953092685748,False,-0.8571428571428573,,,,,,,,,,,,,,,,,,,,,,,,,,,,,,,,,,,,,,,,,,,,,,,,,,,,,,,,,,,,
data/precomputed/supplementary/figS6/sector_model_count_sensitivity.csv,4,3MIDD_048,,,,,,,,,,,,,,,,,,,,,-0.0585168847403224,,,,,,,True,True,,,,,,,,,,,,,,,,,,,,0.0,0.1107616157155072,0.099853042747449,0.0310085803555571,False,-0.5714285714285715,,,,,,,,,,,,,,,,,,,,,,,,,,,,,,,,,,,,,,,,,,,,,,,,,,,,,,,,,,,,
data/precomputed/supplementary/figS6/sector_model_count_sensitivity.csv,4,3MIDD_048,,,,,,,,,,,,,,,,,,,,,-0.0052907316822982,,,,,,,True,True,,,,,,,,,,,,,,,,,,,,0.5,0.0916939357389749,0.0852231333613578,0.746822589011114,False,-0.8928571428571429,,,,,,,,,,,,,,,,,,,,,,,,,,,,,,,,,,,,,,,,,,,,,,,,,,,,,,,,,,,,
data/precomputed/supplementary/figS6/sector_model_count_sensitivity.csv,4,3MIDD_207,,,,,,,,,,,,,,,,,,,,,-0.0437414781320894,,,,,,,False,True,,,,,,,,,,,,,,,,,,,,0.0,0.2272476934086243,0.0733954863110243,0.7394771537102195,False,-0.9285714285714288,,,,,,,,,,,,,,,,,,,,,,,,,,,,,,,,,,,,,,,,,,,,,,,,,,,,,,,,,,,,
data/precomputed/supplementary/figS6/sector_model_count_sensitivity.csv,4,3MIDD_207,,,,,,,,,,,,,,,,,,,,,-0.030802032384024,,,,,,,True,True,,,,,,,,,,,,,,,,,,,,0.5,0.2513252473222864,0.0672772680730453,0.7333922572045004,False,-0.9642857142857144,,,,,,,,,,,,,,,,,,,,,,,,,,,,,,,,,,,,,,,,,,,,,,,,,,,,,,,,,,,,
data/precomputed/supplementary/figS6/sector_model_count_sensitivity.csv,4,4MIDD_085_170,,,,,,,,,,,,,,,,,,,,,-0.1455753597627107,,,,,,,True,True,,,,,,,,,,,,,,,,,,,,0.0,0.2785220476915351,0.0700532851077336,0.2823845989098051,False,-0.8571428571428573,,,,,,,,,,,,,,,,,,,,,,,,,,,,,,,,,,,,,,,,,,,,,,,,,,,,,,,,,,,,
data/precomputed/supplementary/figS6/sector_model_count_sensitivity.csv,4,4MIDD_085_170,,,,,,,,,,,,,,,,,,,,,-0.122645666479316,,,,,,,False,False,,,,,,,,,,,,,,,,,,,,0.5,0.2480577781021908,0.081278688407294,0.855642824707278,False,-0.8571428571428573,,,,,,,,,,,,,,,,,,,,,,,,,,,,,,,,,,,,,,,,,,,,,,,,,,,,,,,,,,,,
data/precomputed/supplementary/figS6/sector_model_count_sensitivity.csv,5,3MIDD_048,,,,,,,,,,,,,,,,,,,,,-0.072237225223667,,,,,,,True,True,,,,,,,,,,,,,,,,,,,,0.0,0.3111860580031149,0.0623123424193374,0.5712432429180224,False,-0.7857142857142859,,,,,,,,,,,,,,,,,,,,,,,,,,,,,,,,,,,,,,,,,,,,,,,,,,,,,,,,,,,,
data/precomputed/supplementary/figS6/sector_model_count_sensitivity.csv,5,3MIDD_048,,,,,,,,,,,,,,,,,,,,,-0.0448565744490082,,,,,,,True,True,,,,,,,,,,,,,,,,,,,,0.5,0.2456922569100499,0.0909467173261425,0.1624594136961202,False,-0.0714285714285714,,,,,,,,,,,,,,,,,,,,,,,,,,,,,,,,,,,,,,,,,,,,,,,,,,,,,,,,,,,,
data/precomputed/supplementary/figS6/sector_model_count_sensitivity.csv,5,3MIDD_207,,,,,,,,,,,,,,,,,,,,,0.0353565014937024,,,,,,,False,False,,,,,,,,,,,,,,,,,,,,0.0,0.4438157130047544,0.1245884036231433,1.2012434802497185,False,-0.9642857142857144,,,,,,,,,,,,,,,,,,,,,,,,,,,,,,,,,,,,,,,,,,,,,,,,,,,,,,,,,,,,
data/precomputed/supplementary/figS6/sector_model_count_sensitivity.csv,5,3MIDD_207,,,,,,,,,,,,,,,,,,,,,0.1064264145130179,,,,,,,False,False,,,,,,,,,,,,,,,,,,,,0.5,0.4410121974672829,0.1274660659097966,1.4368824448313615,False,-0.9642857142857144,,,,,,,,,,,,,,,,,,,,,,,,,,,,,,,,,,,,,,,,,,,,,,,,,,,,,,,,,,,,
data/precomputed/supplementary/figS6/sector_model_count_sensitivity.csv,5,4MIDD_085_170,,,,,,,,,,,,,,,,,,,,,-0.2154493248035185,,,,,,,True,True,,,,,,,,,,,,,,,,,,,,0.0,0.4190096595993406,0.0856925149229204,0.4195901244967152,False,-0.9285714285714288,,,,,,,,,,,,,,,,,,,,,,,,,,,,,,,,,,,,,,,,,,,,,,,,,,,,,,,,,,,,
data/precomputed/supplementary/figS6/sector_model_count_sensitivity.csv,5,4MIDD_085_170,,,,,,,,,,,,,,,,,,,,,-0.1754828986786765,,,,,,,True,True,,,,,,,,,,,,,,,,,,,,0.5,0.3349330838391803,0.1894938397761378,1.0246834283307114,False,-0.642857142857143,,,,,,,,,,,,,,,,,,,,,,,,,,,,,,,,,,,,,,,,,,,,,,,,,,,,,,,,,,,,
data/precomputed/supplementary/figS6/sector_model_count_sensitivity.csv,6,3MIDD_048,,,,,,,,,,,,,,,,,,,,,-0.0489470928631899,,,,,,,True,True,,,,,,,,,,,,,,,,,,,,0.0,0.4910370808433665,0.0916932466699257,1.1429619236721618,False,-0.8928571428571429,,,,,,,,,,,,,,,,,,,,,,,,,,,,,,,,,,,,,,,,,,,,,,,,,,,,,,,,,,,,
data/precomputed/supplementary/figS6/sector_model_count_sensitivity.csv,6,3MIDD_048,,,,,,,,,,,,,,,,,,,,,-0.0302813273919035,,,,,,,False,True,,,,,,,,,,,,,,,,,,,,0.5,0.4189782286100371,0.1089787997643441,0.8258470565167729,False,-0.9642857142857144,,,,,,,,,,,,,,,,,,,,,,,,,,,,,,,,,,,,,,,,,,,,,,,,,,,,,,,,,,,,
data/precomputed/supplementary/figS6/sector_model_count_sensitivity.csv,6,3MIDD_207,,,,,,,,,,,,,,,,,,,,,-0.0183912515458611,,,,,,,True,True,,,,,,,,,,,,,,,,,,,,0.0,0.1295400455772682,0.0992889354928547,1.0131317895887182,False,-0.8571428571428573,,,,,,,,,,,,,,,,,,,,,,,,,,,,,,,,,,,,,,,,,,,,,,,,,,,,,,,,,,,,
data/precomputed/supplementary/figS6/sector_model_count_sensitivity.csv,6,3MIDD_207,,,,,,,,,,,,,,,,,,,,,0.022120789939749,,,,,,,True,True,,,,,,,,,,,,,,,,,,,,0.5,0.1796678544403304,0.1069440607704428,2.0165955344154045,False,-0.3214285714285715,,,,,,,,,,,,,,,,,,,,,,,,,,,,,,,,,,,,,,,,,,,,,,,,,,,,,,,,,,,,
data/precomputed/supplementary/figS6/sector_model_count_sensitivity.csv,6,4MIDD_085_170,,,,,,,,,,,,,,,,,,,,,-0.1775561687467076,,,,,,,True,True,,,,,,,,,,,,,,,,,,,,0.0,0.5476131423840273,0.1046428362032656,3.659725075203721,False,-0.8928571428571429,,,,,,,,,,,,,,,,,,,,,,,,,,,,,,,,,,,,,,,,,,,,,,,,,,,,,,,,,,,,
data/precomputed/supplementary/figS6/sector_model_count_sensitivity.csv,6,4MIDD_085_170,,,,,,,,,,,,,,,,,,,,,-0.1981172582253031,,,,,,,True,True,,,,,,,,,,,,,,,,,,,,0.5,0.5411385898525443,0.1331647757822479,4.438199942707397,False,-0.9285714285714288,,,,,,,,,,,,,,,,,,,,,,,,,,,,,,,,,,,,,,,,,,,,,,,,,,,,,,,,,,,,
data/precomputed/supplementary/figS6/sector_model_count_sensitivity.csv,7,3MIDD_048,,,,,,,,,,,,,,,,,,,,,-0.0249999776268489,,,,,,,True,False,,,,,,,,,,,,,,,,,,,,0.0,0.0454141566137382,0.0302684070704884,0.1568107888567198,False,-0.8214285714285715,,,,,,,,,,,,,,,,,,,,,,,,,,,,,,,,,,,,,,,,,,,,,,,,,,,,,,,,,,,,
data/precomputed/supplementary/figS6/sector_model_count_sensitivity.csv,7,3MIDD_048,,,,,,,,,,,,,,,,,,,,,-0.0200595549322316,,,,,,,True,False,,,,,,,,,,,,,,,,,,,,0.5,0.0500658075772621,0.0383441994979981,0.4272471699442777,False,-0.3928571428571429,,,,,,,,,,,,,,,,,,,,,,,,,,,,,,,,,,,,,,,,,,,,,,,,,,,,,,,,,,,,
data/precomputed/supplementary/figS6/sector_model_count_sensitivity.csv,7,3MIDD_207,,,,,,,,,,,,,,,,,,,,,0.0115328917952674,,,,,,,False,True,,,,,,,,,,,,,,,,,,,,0.0,0.0732887388498008,0.0408166539806748,1.1929670846710023,False,-0.7857142857142859,,,,,,,,,,,,,,,,,,,,,,,,,,,,,,,,,,,,,,,,,,,,,,,,,,,,,,,,,,,,
data/precomputed/supplementary/figS6/sector_model_count_sensitivity.csv,7,3MIDD_207,,,,,,,,,,,,,,,,,,,,,0.0220279107769928,,,,,,,True,True,,,,,,,,,,,,,,,,,,,,0.5,0.0723106221236523,0.041027779761393,1.2271894268432784,False,-0.8571428571428573,,,,,,,,,,,,,,,,,,,,,,,,,,,,,,,,,,,,,,,,,,,,,,,,,,,,,,,,,,,,
data/precomputed/supplementary/figS6/sector_model_count_sensitivity.csv,7,4MIDD_085_170,,,,,,,,,,,,,,,,,,,,,-0.0169215268656384,,,,,,,True,True,,,,,,,,,,,,,,,,,,,,0.0,0.0333114067414312,0.0747551826137746,0.6035285358004903,False,-0.7142857142857144,,,,,,,,,,,,,,,,,,,,,,,,,,,,,,,,,,,,,,,,,,,,,,,,,,,,,,,,,,,,
data/precomputed/supplementary/figS6/sector_model_count_sensitivity.csv,7,4MIDD_085_170,,,,,,,,,,,,,,,,,,,,,-0.0144520247591262,,,,,,,True,False,,,,,,,,,,,,,,,,,,,,0.5,0.0471310673460654,0.0819031609296808,0.5152891653607057,False,0.25,,,,,,,,,,,,,,,,,,,,,,,,,,,,,,,,,,,,,,,,,,,,,,,,,,,,,,,,,,,,
data/precomputed/supplementary/figS6/sector_model_count_sensitivity.csv,8,3MIDD_048,,,,,,,,,,,,,,,,,,,,,-0.023632323307066,,,,,,,True,True,,,,,,,,,,,,,,,,,,,,0.0,0.1595890556554483,0.069129523475848,0.4739699764253391,False,-0.6071428571428572,,,,,,,,,,,,,,,,,,,,,,,,,,,,,,,,,,,,,,,,,,,,,,,,,,,,,,,,,,,,
data/precomputed/supplementary/figS6/sector_model_count_sensitivity.csv,8,3MIDD_048,,,,,,,,,,,,,,,,,,,,,-0.0117891482442899,,,,,,,False,True,,,,,,,,,,,,,,,,,,,,0.5,0.1688393583049153,0.0986114692213955,0.9511856611487468,False,-0.8928571428571429,,,,,,,,,,,,,,,,,,,,,,,,,,,,,,,,,,,,,,,,,,,,,,,,,,,,,,,,,,,,
data/precomputed/supplementary/figS6/sector_model_count_sensitivity.csv,8,3MIDD_207,,,,,,,,,,,,,,,,,,,,,-0.0176069865052431,,,,,,,True,True,,,,,,,,,,,,,,,,,,,,0.0,0.1779785084941909,0.1106297329825785,0.8158782684474891,False,-0.9642857142857144,,,,,,,,,,,,,,,,,,,,,,,,,,,,,,,,,,,,,,,,,,,,,,,,,,,,,,,,,,,,
data/precomputed/supplementary/figS6/sector_model_count_sensitivity.csv,8,3MIDD_207,,,,,,,,,,,,,,,,,,,,,0.0316849168833887,,,,,,,True,True,,,,,,,,,,,,,,,,,,,,0.5,0.1092478379729691,0.1044767819201751,1.3469028588655088,False,-0.642857142857143,,,,,,,,,,,,,,,,,,,,,,,,,,,,,,,,,,,,,,,,,,,,,,,,,,,,,,,,,,,,
data/precomputed/supplementary/figS6/sector_model_count_sensitivity.csv,8,4MIDD_085_170,,,,,,,,,,,,,,,,,,,,,-0.0319705782667277,,,,,,,False,True,,,,,,,,,,,,,,,,,,,,0.0,0.138092756840584,0.0992278828795276,1.2712515113538054,False,-0.2142857142857143,,,,,,,,,,,,,,,,,,,,,,,,,,,,,,,,,,,,,,,,,,,,,,,,,,,,,,,,,,,,
data/precomputed/supplementary/figS6/sector_model_count_sensitivity.csv,8,4MIDD_085_170,,,,,,,,,,,,,,,,,,,,,-0.0843284288805341,,,,,,,True,True,,,,,,,,,,,,,,,,,,,,0.5,0.2297235811676782,0.1187889236270777,0.0776347444424268,False,-0.7500000000000002,,,,,,,,,,,,,,,,,,,,,,,,,,,,,,,,,,,,,,,,,,,,,,,,,,,,,,,,,,,,
data/precomputed/supplementary/figS6/sector_model_count_sensitivity.csv,9,3MIDD_048,,,,,,,,,,,,,,,,,,,,,0.0179352358683841,,,,,,,True,False,,,,,,,,,,,,,,,,,,,,0.0,0.0535648558392551,0.0622108603291208,1.7830158004809262,False,-0.6785714285714287,,,,,,,,,,,,,,,,,,,,,,,,,,,,,,,,,,,,,,,,,,,,,,,,,,,,,,,,,,,,
data/precomputed/supplementary/figS6/sector_model_count_sensitivity.csv,9,3MIDD_048,,,,,,,,,,,,,,,,,,,,,-0.0560103491113171,,,,,,,True,True,,,,,,,,,,,,,,,,,,,,0.5,0.1151275724272396,0.0900278831524418,0.2137695335536828,False,-0.7500000000000002,,,,,,,,,,,,,,,,,,,,,,,,,,,,,,,,,,,,,,,,,,,,,,,,,,,,,,,,,,,,
data/precomputed/supplementary/figS6/sector_model_count_sensitivity.csv,9,3MIDD_207,,,,,,,,,,,,,,,,,,,,,-0.0612080927684853,,,,,,,True,False,,,,,,,,,,,,,,,,,,,,0.0,0.1899264392403422,0.0842300780328548,0.4240859421305724,False,-0.8571428571428573,,,,,,,,,,,,,,,,,,,,,,,,,,,,,,,,,,,,,,,,,,,,,,,,,,,,,,,,,,,,
data/precomputed/supplementary/figS6/sector_model_count_sensitivity.csv,9,3MIDD_207,,,,,,,,,,,,,,,,,,,,,0.0386569373292381,,,,,,,False,False,,,,,,,,,,,,,,,,,,,,0.5,0.2380811010486532,0.0896892705915884,2.0680980739516124,False,-0.8928571428571429,,,,,,,,,,,,,,,,,,,,,,,,,,,,,,,,,,,,,,,,,,,,,,,,,,,,,,,,,,,,
data/precomputed/supplementary/figS6/sector_model_count_sensitivity.csv,9,4MIDD_085_170,,,,,,,,,,,,,,,,,,,,,-0.0622056734591847,,,,,,,True,True,,,,,,,,,,,,,,,,,,,,0.0,0.1742377844127573,0.0817760066816148,2.822242754044493,False,-0.8571428571428573,,,,,,,,,,,,,,,,,,,,,,,,,,,,,,,,,,,,,,,,,,,,,,,,,,,,,,,,,,,,
data/precomputed/supplementary/figS6/sector_model_count_sensitivity.csv,9,4MIDD_085_170,,,,,,,,,,,,,,,,,,,,,-0.0723900410822705,,,,,,,True,False,,,,,,,,,,,,,,,,,,,,0.5,0.142004432280933,0.0632955048994879,0.8407796822745766,False,-0.8571428571428573,,,,,,,,,,,,,,,,,,,,,,,,,,,,,,,,,,,,,,,,,,,,,,,,,,,,,,,,,,,,
data/precomputed/fig03/composition_model_metrics.csv,0,,,,,,,,,,,,,,,,,,,,,,,,,,,,,,,,,,,,,,,,,,,,,,,,,,,,,,,,0.5625228051084077,0.0082002060232804,0.9261608243245982,0.0277297646747112,0.2255931590383204,1.0,18.0,,,,,,,,,,,,,,,,,,,,,,,,,,,,,,,,,,,,,,,,,,,,,,,,,,,,,
data/precomputed/fig03/composition_model_metrics.csv,1,,,,,,,,,,,,,,,,,,,,,,,,,,,,,,,,,,,,,,,,,,,,,,,,,,,,,,,,0.7911277680640885,0.0102048991153109,0.8312441856721425,0.0110278937912324,0.1439630963338303,1.0,20.0,,,,,,,,,,,,,,,,,,,,,,,,,,,,,,,,,,,,,,,,,,,,,,,,,,,,,
data/precomputed/fig03/composition_model_metrics.csv,2,,,,,,,,,,,,,,,,,,,,,,,,,,,,,,,,,,,,,,,,,,,,,,,,,,,,,,,,0.6457225024079153,0.0038294976343576,0.9139018308742222,0.0083930180971214,0.1650429535109791,1.0,20.0,,,,,,,,,,,,,,,,,,,,,,,,,,,,,,,,,,,,,,,,,,,,,,,,,,,,,
data/precomputed/fig03/composition_model_metrics.csv,3,,,,,,,,,,,,,,,,,,,,,,,,,,,,,,,,,,,,,,,,,,,,,,,,,,,,,,,,0.798766071713946,0.0098738979184356,0.984027276076864,0.0117086506167563,0.0937050880665563,0.95,20.0,,,,,,,,,,,,,,,,,,,,,,,,,,,,,,,,,,,,,,,,,,,,,,,,,,,,,
data/precomputed/fig03/composition_model_metrics.csv,4,,,,,,,,,,,,,,,,,,,,,,,,,,,,,,,,,,,,,,,,,,,,,,,,,,,,,,,,0.8421072049628879,0.0035333753228634,0.9769163718057372,0.0085442677580527,0.0818665181453392,1.0,20.0,,,,,,,,,,,,,,,,,,,,,,,,,,,,,,,,,,,,,,,,,,,,,,,,,,,,,
data/precomputed/fig03/composition_model_metrics.csv,5,,,,,,,,,,,,,,,,,,,,,,,,,,,,,,,,,,,,,,,,,,,,,,,,,,,,,,,,1.0544782544047016,0.0097142773720033,0.9501360418443752,0.0159571510972949,0.1426525091974916,1.0,19.0,,,,,,,,,,,,,,,,,,,,,,,,,,,,,,,,,,,,,,,,,,,,,,,,,,,,,
data/precomputed/fig03/composition_model_metrics.csv,6,,,,,,,,,,,,,,,,,,,,,,,,,,,,,,,,,,,,,,,,,,,,,,,,,,,,,,,,0.790569519796425,0.0128769719624523,0.948105524697511,0.0112288080150188,0.1314676157713196,0.95,20.0,,,,,,,,,,,,,,,,,,,,,,,,,,,,,,,,,,,,,,,,,,,,,,,,,,,,,
data/precomputed/fig03/composition_model_metrics.csv,7,,,,,,,,,,,,,,,,,,,,,,,,,,,,,,,,,,,,,,,,,,,,,,,,,,,,,,,,0.8594384255094158,-0.000769958955724,0.9666683966572224,0.0028049317544992,0.1134376269351483,1.0,20.0,,,,,,,,,,,,,,,,,,,,,,,,,,,,,,,,,,,,,,,,,,,,,,,,,,,,,
data/precomputed/fig03/composition_model_metrics.csv,8,,,,,,,,,,,,,,,,,,,,,,,,,,,,,,,,,,,,,,,,,,,,,,,,,,,,,,,,1.0982255496181348,-0.0013811820585745,0.9510988525121598,0.0046950557894458,0.1252199707308169,1.0,21.0,,,,,,,,,,,,,,,,,,,,,,,,,,,,,,,,,,,,,,,,,,,,,,,,,,,,,
data/precomputed/fig03/composition_model_metrics.csv,9,,,,,,,,,,,,,,,,,,,,,,,,,,,,,,,,,,,,,,,,,,,,,,,,,,,,,,,,0.8487564308562546,0.0176104817801085,0.8470751408727856,0.0173731906363193,0.4180574371724437,0.75,20.0,,,,,,,,,,,,,,,,,,,,,,,,,,,,,,,,,,,,,,,,,,,,,,,,,,,,,
data/precomputed/fig03/composition_cv_metrics.csv,0,,,,,,,,,,,,,,,,,,,,,,,,,,,,,,,,,,,,,,,,,,,,,,,,,,,,,,,,,,,,,,,LOLO,0.900988848255071,0.0081860692476528,0.9444444444444444,42.0,21.0,,,,,,,,,,,,,,,,,,,,,,,,,,,,,,,,,,,,,,,,,,,,,,,
data/precomputed/fig03/composition_cv_metrics.csv,0,,,,,,,,,,,,,,,,,,,,,,,,,,,,,,,,,,,,,,,,,,,,,,,,,,,,,,,,,,,,,,,leave_one_pair_out,0.9115742389156396,0.0077361122223889,0.9444444444444444,21.0,21.0,,,,,,,,,,,,,,,,,,,,,,,,,,,,,,,,,,,,,,,,,,,,,,,
data/precomputed/fig03/composition_cv_metrics.csv,1,,,,,,,,,,,,,,,,,,,,,,,,,,,,,,,,,,,,,,,,,,,,,,,,,,,,,,,,,,,,,,,LOLO,0.762314391220621,0.0110516681618353,0.9,42.0,21.0,,,,,,,,,,,,,,,,,,,,,,,,,,,,,,,,,,,,,,,,,,,,,,,
data/precomputed/fig03/composition_cv_metrics.csv,1,,,,,,,,,,,,,,,,,,,,,,,,,,,,,,,,,,,,,,,,,,,,,,,,,,,,,,,,,,,,,,,leave_one_pair_out,0.7955030958220508,0.0102510832756216,0.9,21.0,21.0,,,,,,,,,,,,,,,,,,,,,,,,,,,,,,,,,,,,,,,,,,,,,,,
data/precomputed/fig03/composition_cv_metrics.csv,2,,,,,,,,,,,,,,,,,,,,,,,,,,,,,,,,,,,,,,,,,,,,,,,,,,,,,,,,,,,,,,,LOLO,0.8734268203244941,0.0044583914475361,0.925,42.0,21.0,,,,,,,,,,,,,,,,,,,,,,,,,,,,,,,,,,,,,,,,,,,,,,,
data/precomputed/fig03/composition_cv_metrics.csv,2,,,,,,,,,,,,,,,,,,,,,,,,,,,,,,,,,,,,,,,,,,,,,,,,,,,,,,,,,,,,,,,leave_one_pair_out,0.8927516943183945,0.0041039548269553,0.95,21.0,21.0,,,,,,,,,,,,,,,,,,,,,,,,,,,,,,,,,,,,,,,,,,,,,,,
data/precomputed/fig03/composition_cv_metrics.csv,3,,,,,,,,,,,,,,,,,,,,,,,,,,,,,,,,,,,,,,,,,,,,,,,,,,,,,,,,,,,,,,,LOLO,0.9771951417606248,0.0062844382064425,0.85,42.0,21.0,,,,,,,,,,,,,,,,,,,,,,,,,,,,,,,,,,,,,,,,,,,,,,,
data/precomputed/fig03/composition_cv_metrics.csv,3,,,,,,,,,,,,,,,,,,,,,,,,,,,,,,,,,,,,,,,,,,,,,,,,,,,,,,,,,,,,,,,leave_one_pair_out,0.9806491510160392,0.0057889897905481,0.85,21.0,21.0,,,,,,,,,,,,,,,,,,,,,,,,,,,,,,,,,,,,,,,,,,,,,,,
data/precomputed/fig03/composition_cv_metrics.csv,4,,,,,,,,,,,,,,,,,,,,,,,,,,,,,,,,,,,,,,,,,,,,,,,,,,,,,,,,,,,,,,,LOLO,0.9670617349149678,0.0055530726271427,1.0,42.0,21.0,,,,,,,,,,,,,,,,,,,,,,,,,,,,,,,,,,,,,,,,,,,,,,,
data/precomputed/fig03/composition_cv_metrics.csv,4,,,,,,,,,,,,,,,,,,,,,,,,,,,,,,,,,,,,,,,,,,,,,,,,,,,,,,,,,,,,,,,leave_one_pair_out,0.9724049456333655,0.0050827484939295,1.0,21.0,21.0,,,,,,,,,,,,,,,,,,,,,,,,,,,,,,,,,,,,,,,,,,,,,,,
data/precomputed/fig03/composition_cv_metrics.csv,5,,,,,,,,,,,,,,,,,,,,,,,,,,,,,,,,,,,,,,,,,,,,,,,,,,,,,,,,,,,,,,,LOLO,0.9305117689522336,0.0114998385381068,1.0,42.0,21.0,,,,,,,,,,,,,,,,,,,,,,,,,,,,,,,,,,,,,,,,,,,,,,,
data/precomputed/fig03/composition_cv_metrics.csv,5,,,,,,,,,,,,,,,,,,,,,,,,,,,,,,,,,,,,,,,,,,,,,,,,,,,,,,,,,,,,,,,leave_one_pair_out,0.94200789366601,0.0105055926269986,1.0,21.0,21.0,,,,,,,,,,,,,,,,,,,,,,,,,,,,,,,,,,,,,,,,,,,,,,,
data/precomputed/fig03/composition_cv_metrics.csv,6,,,,,,,,,,,,,,,,,,,,,,,,,,,,,,,,,,,,,,,,,,,,,,,,,,,,,,,,,,,,,,,LOLO,0.9287713179866952,0.0074281690607433,0.925,42.0,21.0,,,,,,,,,,,,,,,,,,,,,,,,,,,,,,,,,,,,,,,,,,,,,,,
data/precomputed/fig03/composition_cv_metrics.csv,6,,,,,,,,,,,,,,,,,,,,,,,,,,,,,,,,,,,,,,,,,,,,,,,,,,,,,,,,,,,,,,,leave_one_pair_out,0.935589987044949,0.0070636800322117,0.9,21.0,21.0,,,,,,,,,,,,,,,,,,,,,,,,,,,,,,,,,,,,,,,,,,,,,,,
data/precomputed/fig03/composition_cv_metrics.csv,7,,,,,,,,,,,,,,,,,,,,,,,,,,,,,,,,,,,,,,,,,,,,,,,,,,,,,,,,,,,,,,,LOLO,0.9546245499533772,0.0023264706956367,1.0,42.0,21.0,,,,,,,,,,,,,,,,,,,,,,,,,,,,,,,,,,,,,,,,,,,,,,,
data/precomputed/fig03/composition_cv_metrics.csv,7,,,,,,,,,,,,,,,,,,,,,,,,,,,,,,,,,,,,,,,,,,,,,,,,,,,,,,,,,,,,,,,leave_one_pair_out,0.9580965825064078,0.002235691294372,1.0,21.0,21.0,,,,,,,,,,,,,,,,,,,,,,,,,,,,,,,,,,,,,,,,,,,,,,,
data/precomputed/fig03/composition_cv_metrics.csv,8,,,,,,,,,,,,,,,,,,,,,,,,,,,,,,,,,,,,,,,,,,,,,,,,,,,,,,,,,,,,,,,LOLO,0.9187115027453826,0.0055975854535457,1.0,42.0,21.0,,,,,,,,,,,,,,,,,,,,,,,,,,,,,,,,,,,,,,,,,,,,,,,
data/precomputed/fig03/composition_cv_metrics.csv,8,,,,,,,,,,,,,,,,,,,,,,,,,,,,,,,,,,,,,,,,,,,,,,,,,,,,,,,,,,,,,,,leave_one_pair_out,0.9389388735202308,0.0048514168339885,1.0,21.0,21.0,,,,,,,,,,,,,,,,,,,,,,,,,,,,,,,,,,,,,,,,,,,,,,,
data/precomputed/fig03/composition_cv_metrics.csv,9,,,,,,,,,,,,,,,,,,,,,,,,,,,,,,,,,,,,,,,,,,,,,,,,,,,,,,,,,,,,,,,LOLO,0.810175878175702,0.0070812325494918,0.95,42.0,21.0,,,,,,,,,,,,,,,,,,,,,,,,,,,,,,,,,,,,,,,,,,,,,,,
data/precomputed/fig03/composition_cv_metrics.csv,9,,,,,,,,,,,,,,,,,,,,,,,,,,,,,,,,,,,,,,,,,,,,,,,,,,,,,,,,,,,,,,,leave_one_pair_out,0.817417641280977,0.0069448451058151,0.95,21.0,21.0,,,,,,,,,,,,,,,,,,,,,,,,,,,,,,,,,,,,,,,,,,,,,,,
data/precomputed/supplementary/figS1/multifield_sign_correspondence.csv,flow/0000/000,,,,,,,,,,,,,,,,,,,,,,,,,,,,,,,,,,,,,,,,,,,,,,,,,,,,,,,,,,,,,,,,,,,,,multi,-7.647664924134748,7.691140164366164,True,True,False,False,36.91012971516146,36.624081345710536,,,,,,,,,,,,,,,,,,,,,,,,,,,,,,,,,,,,,,
data/precomputed/supplementary/figS1/multifield_sign_correspondence.csv,flow/0000/000,,,,,,,,,,,,,,,,,,,,,,,,,,,,,,,,,,,,,,,,,,,,,,,,,,,,,,,,,,,,,,,,,,,,,single,9.815791055093802,-9.696330350261062,False,False,True,True,39.12284388421098,38.596992108557245,,,,,,,,,,,,,,,,,,,,,,,,,,,,,,,,,,,,,,
data/precomputed/supplementary/figS1/multifield_sign_correspondence.csv,flow/0000/001,,,,,,,,,,,,,,,,,,,,,,,,,,,,,,,,,,,,,,,,,,,,,,,,,,,,,,,,,,,,,,,,,,,,,multi,-8.443925081496252,8.47024593633049,True,True,False,False,34.87582921641633,34.421582720575806,,,,,,,,,,,,,,,,,,,,,,,,,,,,,,,,,,,,,,
data/precomputed/supplementary/figS1/multifield_sign_correspondence.csv,flow/0000/001,,,,,,,,,,,,,,,,,,,,,,,,,,,,,,,,,,,,,,,,,,,,,,,,,,,,,,,,,,,,,,,,,,,,,single,10.863987513571164,-10.576016106398647,False,False,True,True,79.35029578345966,75.00951408968595,,,,,,,,,,,,,,,,,,,,,,,,,,,,,,,,,,,,,,
data/precomputed/supplementary/figS1/multifield_sign_correspondence.csv,flow/0000/002,,,,,,,,,,,,,,,,,,,,,,,,,,,,,,,,,,,,,,,,,,,,,,,,,,,,,,,,,,,,,,,,,,,,,multi,-9.572545001282466,9.782128101468206,True,True,False,False,48.979590536691155,49.38432313840641,,,,,,,,,,,,,,,,,,,,,,,,,,,,,,,,,,,,,,
data/precomputed/supplementary/figS1/multifield_sign_correspondence.csv,flow/0000/002,,,,,,,,,,,,,,,,,,,,,,,,,,,,,,,,,,,,,,,,,,,,,,,,,,,,,,,,,,,,,,,,,,,,,single,12.58095916754544,-12.986949166818988,False,False,True,True,71.07280498881545,72.59542309689705,,,,,,,,,,,,,,,,,,,,,,,,,,,,,,,,,,,,,,
data/precomputed/supplementary/figS1/multifield_sign_correspondence.csv,flow/0000/003,,,,,,,,,,,,,,,,,,,,,,,,,,,,,,,,,,,,,,,,,,,,,,,,,,,,,,,,,,,,,,,,,,,,,multi,-8.750643611883433,9.007139025886186,True,True,False,False,35.197151490501,35.59124100254248,,,,,,,,,,,,,,,,,,,,,,,,,,,,,,,,,,,,,,
data/precomputed/supplementary/figS1/multifield_sign_correspondence.csv,flow/0000/003,,,,,,,,,,,,,,,,,,,,,,,,,,,,,,,,,,,,,,,,,,,,,,,,,,,,,,,,,,,,,,,,,,,,,single,10.655711811980062,-11.181516639687116,False,False,True,True,55.35580005117508,56.906250080747405,,,,,,,,,,,,,,,,,,,,,,,,,,,,,,,,,,,,,,
data/precomputed/supplementary/figS1/multifield_sign_correspondence.csv,flow/0000/004,,,,,,,,,,,,,,,,,,,,,,,,,,,,,,,,,,,,,,,,,,,,,,,,,,,,,,,,,,,,,,,,,,,,,multi,-9.226387459646396,9.11999659158787,True,True,False,False,34.72379083146342,34.83107523134183,,,,,,,,,,,,,,,,,,,,,,,,,,,,,,,,,,,,,,
data/precomputed/supplementary/figS1/multifield_sign_correspondence.csv,flow/0000/004,,,,,,,,,,,,,,,,,,,,,,,,,,,,,,,,,,,,,,,,,,,,,,,,,,,,,,,,,,,,,,,,,,,,,single,11.325295865973011,-11.1151936739049,False,False,True,True,36.405539794856885,36.00992033741103,,,,,,,,,,,,,,,,,,,,,,,,,,,,,,,,,,,,,,
data/precomputed/supplementary/figS1/multifield_sign_correspondence.csv,flow/0000/005,,,,,,,,,,,,,,,,,,,,,,,,,,,,,,,,,,,,,,,,,,,,,,,,,,,,,,,,,,,,,,,,,,,,,multi,-7.783454623462851,7.759107984153414,True,True,False,False,37.70358044534451,38.119693331131984,,,,,,,,,,,,,,,,,,,,,,,,,,,,,,,,,,,,,,
data/precomputed/supplementary/figS1/multifield_sign_correspondence.csv,flow/0000/005,,,,,,,,,,,,,,,,,,,,,,,,,,,,,,,,,,,,,,,,,,,,,,,,,,,,,,,,,,,,,,,,,,,,,single,9.03301799435169,-8.993076055789011,False,False,True,True,46.198504924981975,46.19556180463587,,,,,,,,,,,,,,,,,,,,,,,,,,,,,,,,,,,,,,
data/precomputed/supplementary/figS1/multifield_sign_correspondence.csv,flow/0000/006,,,,,,,,,,,,,,,,,,,,,,,,,,,,,,,,,,,,,,,,,,,,,,,,,,,,,,,,,,,,,,,,,,,,,multi,-10.554052787982226,10.874116118579746,True,True,False,False,43.425781374150255,44.22811364555993,,,,,,,,,,,,,,,,,,,,,,,,,,,,,,,,,,,,,,
data/precomputed/supplementary/figS1/multifield_sign_correspondence.csv,flow/0000/006,,,,,,,,,,,,,,,,,,,,,,,,,,,,,,,,,,,,,,,,,,,,,,,,,,,,,,,,,,,,,,,,,,,,,single,12.874547227367149,-13.370453964873835,False,False,True,True,56.52149954815235,57.899982221205896,,,,,,,,,,,,,,,,,,,,,,,,,,,,,,,,,,,,,,
data/precomputed/supplementary/figS1/multifield_sign_correspondence.csv,flow/0000/007,,,,,,,,,,,,,,,,,,,,,,,,,,,,,,,,,,,,,,,,,,,,,,,,,,,,,,,,,,,,,,,,,,,,,multi,-8.862742491232122,9.035148407839475,True,True,False,False,42.76525727580173,42.75700440539984,,,,,,,,,,,,,,,,,,,,,,,,,,,,,,,,,,,,,,
data/precomputed/supplementary/figS1/multifield_sign_correspondence.csv,flow/0000/007,,,,,,,,,,,,,,,,,,,,,,,,,,,,,,,,,,,,,,,,,,,,,,,,,,,,,,,,,,,,,,,,,,,,,single,9.695414430763392,-10.05752519383362,False,False,True,True,35.7944228302072,36.226191887337976,,,,,,,,,,,,,,,,,,,,,,,,,,,,,,,,,,,,,,
data/precomputed/supplementary/figS1/multifield_sign_correspondence.csv,flow/0000/008,,,,,,,,,,,,,,,,,,,,,,,,,,,,,,,,,,,,,,,,,,,,,,,,,,,,,,,,,,,,,,,,,,,,,multi,-6.720412131776595,6.699433687485172,True,True,False,False,34.48425872021758,34.56075058146055,,,,,,,,,,,,,,,,,,,,,,,,,,,,,,,,,,,,,,
data/precomputed/supplementary/figS1/multifield_sign_correspondence.csv,flow/0000/008,,,,,,,,,,,,,,,,,,,,,,,,,,,,,,,,,,,,,,,,,,,,,,,,,,,,,,,,,,,,,,,,,,,,,single,8.615618059258932,-8.621209862230996,False,False,True,True,48.6687191442095,48.951273885932046,,,,,,,,,,,,,,,,,,,,,,,,,,,,,,,,,,,,,,
data/precomputed/supplementary/figS1/multifield_sign_correspondence.csv,flow/0000/009,,,,,,,,,,,,,,,,,,,,,,,,,,,,,,,,,,,,,,,,,,,,,,,,,,,,,,,,,,,,,,,,,,,,,multi,-7.656978629676922,7.751501162782169,True,True,False,False,18.63907152309854,18.65387886140718,,,,,,,,,,,,,,,,,,,,,,,,,,,,,,,,,,,,,,
data/precomputed/supplementary/figS1/multifield_sign_correspondence.csv,flow/0000/009,,,,,,,,,,,,,,,,,,,,,,,,,,,,,,,,,,,,,,,,,,,,,,,,,,,,,,,,,,,,,,,,,,,,,single,10.480328557725862,-10.3998346636998,False,False,True,True,27.99978646071236,27.50836989226813,,,,,,,,,,,,,,,,,,,,,,,,,,,,,,,,,,,,,,
data/precomputed/fig05/learning_threshold_crossings.csv,,3MIDD_048,,,,,,,,,,,,,,,,,,,,,,,,,,,,,,,,,,,,,,,,,,,,,,,,,,,,,,,,,,,,,,,,,,,,,,,,,,,,,0.0,common_100k,0.0005,first,24000.0,True,100000.0,False,,,,,,,,,,,,,,,,,,,,,,,,,,,,,,
data/precomputed/fig05/learning_threshold_crossings.csv,,3MIDD_048,,,,,,,,,,,,,,,,,,,,,,,,,,,,,,,,,,,,,,,,,,,,,,,,,,,,,,,,,,,,,,,,,,,,,,,,,,,,,0.0,common_100k,0.0005,persistent_three_regular,24000.0,True,100000.0,False,,,,,,,,,,,,,,,,,,,,,,,,,,,,,,
data/precomputed/fig05/learning_threshold_crossings.csv,,3MIDD_048,,,,,,,,,,,,,,,,,,,,,,,,,,,,,,,,,,,,,,,,,,,,,,,,,,,,,,,,,,,,,,,,,,,,,,,,,,,,,0.0,common_100k,0.001,first,25000.0,True,100000.0,False,,,,,,,,,,,,,,,,,,,,,,,,,,,,,,
data/precomputed/fig05/learning_threshold_crossings.csv,,3MIDD_048,,,,,,,,,,,,,,,,,,,,,,,,,,,,,,,,,,,,,,,,,,,,,,,,,,,,,,,,,,,,,,,,,,,,,,,,,,,,,0.0,common_100k,0.001,persistent_three_regular,25000.0,True,100000.0,False,,,,,,,,,,,,,,,,,,,,,,,,,,,,,,
data/precomputed/fig05/learning_threshold_crossings.csv,,3MIDD_048,,,,,,,,,,,,,,,,,,,,,,,,,,,,,,,,,,,,,,,,,,,,,,,,,,,,,,,,,,,,,,,,,,,,,,,,,,,,,0.0,common_100k,0.002,first,27000.0,True,100000.0,False,,,,,,,,,,,,,,,,,,,,,,,,,,,,,,
data/precomputed/fig05/learning_threshold_crossings.csv,,3MIDD_048,,,,,,,,,,,,,,,,,,,,,,,,,,,,,,,,,,,,,,,,,,,,,,,,,,,,,,,,,,,,,,,,,,,,,,,,,,,,,0.0,common_100k,0.002,persistent_three_regular,27000.0,True,100000.0,False,,,,,,,,,,,,,,,,,,,,,,,,,,,,,,
data/precomputed/fig05/learning_threshold_crossings.csv,,3MIDD_048,,,,,,,,,,,,,,,,,,,,,,,,,,,,,,,,,,,,,,,,,,,,,,,,,,,,,,,,,,,,,,,,,,,,,,,,,,,,,0.0,common_100k,0.005,first,30000.0,True,100000.0,False,,,,,,,,,,,,,,,,,,,,,,,,,,,,,,
data/precomputed/fig05/learning_threshold_crossings.csv,,3MIDD_048,,,,,,,,,,,,,,,,,,,,,,,,,,,,,,,,,,,,,,,,,,,,,,,,,,,,,,,,,,,,,,,,,,,,,,,,,,,,,0.0,common_100k,0.005,persistent_three_regular,30000.0,True,100000.0,False,,,,,,,,,,,,,,,,,,,,,,,,,,,,,,
data/precomputed/fig05/learning_threshold_crossings.csv,,3MIDD_048,,,,,,,,,,,,,,,,,,,,,,,,,,,,,,,,,,,,,,,,,,,,,,,,,,,,,,,,,,,,,,,,,,,,,,,,,,,,,0.0,full_followup,0.0005,first,24000.0,True,250000.0,False,,,,,,,,,,,,,,,,,,,,,,,,,,,,,,
data/precomputed/fig05/learning_threshold_crossings.csv,,3MIDD_048,,,,,,,,,,,,,,,,,,,,,,,,,,,,,,,,,,,,,,,,,,,,,,,,,,,,,,,,,,,,,,,,,,,,,,,,,,,,,0.0,full_followup,0.0005,persistent_three_regular,24000.0,True,250000.0,False,,,,,,,,,,,,,,,,,,,,,,,,,,,,,,
data/precomputed/fig05/learning_threshold_crossings.csv,,3MIDD_048,,,,,,,,,,,,,,,,,,,,,,,,,,,,,,,,,,,,,,,,,,,,,,,,,,,,,,,,,,,,,,,,,,,,,,,,,,,,,0.0,full_followup,0.001,first,25000.0,True,250000.0,False,,,,,,,,,,,,,,,,,,,,,,,,,,,,,,
data/precomputed/fig05/learning_threshold_crossings.csv,,3MIDD_048,,,,,,,,,,,,,,,,,,,,,,,,,,,,,,,,,,,,,,,,,,,,,,,,,,,,,,,,,,,,,,,,,,,,,,,,,,,,,0.0,full_followup,0.001,persistent_three_regular,25000.0,True,250000.0,False,,,,,,,,,,,,,,,,,,,,,,,,,,,,,,
data/precomputed/fig05/learning_threshold_crossings.csv,,3MIDD_048,,,,,,,,,,,,,,,,,,,,,,,,,,,,,,,,,,,,,,,,,,,,,,,,,,,,,,,,,,,,,,,,,,,,,,,,,,,,,0.0,full_followup,0.002,first,27000.0,True,250000.0,False,,,,,,,,,,,,,,,,,,,,,,,,,,,,,,
data/precomputed/fig05/learning_threshold_crossings.csv,,3MIDD_048,,,,,,,,,,,,,,,,,,,,,,,,,,,,,,,,,,,,,,,,,,,,,,,,,,,,,,,,,,,,,,,,,,,,,,,,,,,,,0.0,full_followup,0.002,persistent_three_regular,27000.0,True,250000.0,False,,,,,,,,,,,,,,,,,,,,,,,,,,,,,,
data/precomputed/fig05/learning_threshold_crossings.csv,,3MIDD_048,,,,,,,,,,,,,,,,,,,,,,,,,,,,,,,,,,,,,,,,,,,,,,,,,,,,,,,,,,,,,,,,,,,,,,,,,,,,,0.0,full_followup,0.005,first,30000.0,True,250000.0,False,,,,,,,,,,,,,,,,,,,,,,,,,,,,,,
data/precomputed/fig05/learning_threshold_crossings.csv,,3MIDD_048,,,,,,,,,,,,,,,,,,,,,,,,,,,,,,,,,,,,,,,,,,,,,,,,,,,,,,,,,,,,,,,,,,,,,,,,,,,,,0.0,full_followup,0.005,persistent_three_regular,30000.0,True,250000.0,False,,,,,,,,,,,,,,,,,,,,,,,,,,,,,,
data/precomputed/fig05/learning_threshold_crossings.csv,,3MIDD_207,,,,,,,,,,,,,,,,,,,,,,,,,,,,,,,,,,,,,,,,,,,,,,,,,,,,,,,,,,,,,,,,,,,,,,,,,,,,,0.0,common_100k,0.0005,first,25000.0,True,100000.0,False,,,,,,,,,,,,,,,,,,,,,,,,,,,,,,
data/precomputed/fig05/learning_threshold_crossings.csv,,3MIDD_207,,,,,,,,,,,,,,,,,,,,,,,,,,,,,,,,,,,,,,,,,,,,,,,,,,,,,,,,,,,,,,,,,,,,,,,,,,,,,0.0,common_100k,0.0005,persistent_three_regular,25000.0,True,100000.0,False,,,,,,,,,,,,,,,,,,,,,,,,,,,,,,
data/precomputed/fig05/learning_threshold_crossings.csv,,3MIDD_207,,,,,,,,,,,,,,,,,,,,,,,,,,,,,,,,,,,,,,,,,,,,,,,,,,,,,,,,,,,,,,,,,,,,,,,,,,,,,0.0,common_100k,0.001,first,25000.0,True,100000.0,False,,,,,,,,,,,,,,,,,,,,,,,,,,,,,,
data/precomputed/fig05/learning_threshold_crossings.csv,,3MIDD_207,,,,,,,,,,,,,,,,,,,,,,,,,,,,,,,,,,,,,,,,,,,,,,,,,,,,,,,,,,,,,,,,,,,,,,,,,,,,,0.0,common_100k,0.001,persistent_three_regular,25000.0,True,100000.0,False,,,,,,,,,,,,,,,,,,,,,,,,,,,,,,
data/precomputed/fig05/learning_threshold_crossings.csv,,3MIDD_207,,,,,,,,,,,,,,,,,,,,,,,,,,,,,,,,,,,,,,,,,,,,,,,,,,,,,,,,,,,,,,,,,,,,,,,,,,,,,0.0,common_100k,0.002,first,26000.0,True,100000.0,False,,,,,,,,,,,,,,,,,,,,,,,,,,,,,,
data/precomputed/fig05/learning_threshold_crossings.csv,,3MIDD_207,,,,,,,,,,,,,,,,,,,,,,,,,,,,,,,,,,,,,,,,,,,,,,,,,,,,,,,,,,,,,,,,,,,,,,,,,,,,,0.0,common_100k,0.002,persistent_three_regular,26000.0,True,100000.0,False,,,,,,,,,,,,,,,,,,,,,,,,,,,,,,
data/precomputed/fig05/learning_threshold_crossings.csv,,3MIDD_207,,,,,,,,,,,,,,,,,,,,,,,,,,,,,,,,,,,,,,,,,,,,,,,,,,,,,,,,,,,,,,,,,,,,,,,,,,,,,0.0,common_100k,0.005,first,26000.0,True,100000.0,False,,,,,,,,,,,,,,,,,,,,,,,,,,,,,,
data/precomputed/fig05/learning_threshold_crossings.csv,,3MIDD_207,,,,,,,,,,,,,,,,,,,,,,,,,,,,,,,,,,,,,,,,,,,,,,,,,,,,,,,,,,,,,,,,,,,,,,,,,,,,,0.0,common_100k,0.005,persistent_three_regular,26000.0,True,100000.0,False,,,,,,,,,,,,,,,,,,,,,,,,,,,,,,
data/precomputed/fig05/learning_threshold_crossings.csv,,3MIDD_207,,,,,,,,,,,,,,,,,,,,,,,,,,,,,,,,,,,,,,,,,,,,,,,,,,,,,,,,,,,,,,,,,,,,,,,,,,,,,0.0,full_followup,0.0005,first,25000.0,True,250000.0,False,,,,,,,,,,,,,,,,,,,,,,,,,,,,,,
data/precomputed/fig05/learning_threshold_crossings.csv,,3MIDD_207,,,,,,,,,,,,,,,,,,,,,,,,,,,,,,,,,,,,,,,,,,,,,,,,,,,,,,,,,,,,,,,,,,,,,,,,,,,,,0.0,full_followup,0.0005,persistent_three_regular,25000.0,True,250000.0,False,,,,,,,,,,,,,,,,,,,,,,,,,,,,,,
data/precomputed/fig05/learning_threshold_crossings.csv,,3MIDD_207,,,,,,,,,,,,,,,,,,,,,,,,,,,,,,,,,,,,,,,,,,,,,,,,,,,,,,,,,,,,,,,,,,,,,,,,,,,,,0.0,full_followup,0.001,first,25000.0,True,250000.0,False,,,,,,,,,,,,,,,,,,,,,,,,,,,,,,
data/precomputed/fig05/learning_threshold_crossings.csv,,3MIDD_207,,,,,,,,,,,,,,,,,,,,,,,,,,,,,,,,,,,,,,,,,,,,,,,,,,,,,,,,,,,,,,,,,,,,,,,,,,,,,0.0,full_followup,0.001,persistent_three_regular,25000.0,True,250000.0,False,,,,,,,,,,,,,,,,,,,,,,,,,,,,,,
data/precomputed/fig05/learning_threshold_crossings.csv,,3MIDD_207,,,,,,,,,,,,,,,,,,,,,,,,,,,,,,,,,,,,,,,,,,,,,,,,,,,,,,,,,,,,,,,,,,,,,,,,,,,,,0.0,full_followup,0.002,first,26000.0,True,250000.0,False,,,,,,,,,,,,,,,,,,,,,,,,,,,,,,
data/precomputed/fig05/learning_threshold_crossings.csv,,3MIDD_207,,,,,,,,,,,,,,,,,,,,,,,,,,,,,,,,,,,,,,,,,,,,,,,,,,,,,,,,,,,,,,,,,,,,,,,,,,,,,0.0,full_followup,0.002,persistent_three_regular,26000.0,True,250000.0,False,,,,,,,,,,,,,,,,,,,,,,,,,,,,,,
data/precomputed/fig05/learning_threshold_crossings.csv,,3MIDD_207,,,,,,,,,,,,,,,,,,,,,,,,,,,,,,,,,,,,,,,,,,,,,,,,,,,,,,,,,,,,,,,,,,,,,,,,,,,,,0.0,full_followup,0.005,first,26000.0,True,250000.0,False,,,,,,,,,,,,,,,,,,,,,,,,,,,,,,
data/precomputed/fig05/learning_threshold_crossings.csv,,3MIDD_207,,,,,,,,,,,,,,,,,,,,,,,,,,,,,,,,,,,,,,,,,,,,,,,,,,,,,,,,,,,,,,,,,,,,,,,,,,,,,0.0,full_followup,0.005,persistent_three_regular,26000.0,True,250000.0,False,,,,,,,,,,,,,,,,,,,,,,,,,,,,,,
data/precomputed/fig05/learning_threshold_crossings.csv,,4MIDD_085_170,,,,,,,,,,,,,,,,,,,,,,,,,,,,,,,,,,,,,,,,,,,,,,,,,,,,,,,,,,,,,,,,,,,,,,,,,,,,,0.0,common_100k,0.0005,first,26000.0,True,100000.0,False,,,,,,,,,,,,,,,,,,,,,,,,,,,,,,
data/precomputed/fig05/learning_threshold_crossings.csv,,4MIDD_085_170,,,,,,,,,,,,,,,,,,,,,,,,,,,,,,,,,,,,,,,,,,,,,,,,,,,,,,,,,,,,,,,,,,,,,,,,,,,,,0.0,common_100k,0.0005,persistent_three_regular,26000.0,True,100000.0,False,,,,,,,,,,,,,,,,,,,,,,,,,,,,,,
data/precomputed/fig05/learning_threshold_crossings.csv,,4MIDD_085_170,,,,,,,,,,,,,,,,,,,,,,,,,,,,,,,,,,,,,,,,,,,,,,,,,,,,,,,,,,,,,,,,,,,,,,,,,,,,,0.0,common_100k,0.001,first,26000.0,True,100000.0,False,,,,,,,,,,,,,,,,,,,,,,,,,,,,,,
data/precomputed/fig05/learning_threshold_crossings.csv,,4MIDD_085_170,,,,,,,,,,,,,,,,,,,,,,,,,,,,,,,,,,,,,,,,,,,,,,,,,,,,,,,,,,,,,,,,,,,,,,,,,,,,,0.0,common_100k,0.001,persistent_three_regular,26000.0,True,100000.0,False,,,,,,,,,,,,,,,,,,,,,,,,,,,,,,
data/precomputed/fig05/learning_threshold_crossings.csv,,4MIDD_085_170,,,,,,,,,,,,,,,,,,,,,,,,,,,,,,,,,,,,,,,,,,,,,,,,,,,,,,,,,,,,,,,,,,,,,,,,,,,,,0.0,common_100k,0.002,first,26000.0,True,100000.0,False,,,,,,,,,,,,,,,,,,,,,,,,,,,,,,
data/precomputed/fig05/learning_threshold_crossings.csv,,4MIDD_085_170,,,,,,,,,,,,,,,,,,,,,,,,,,,,,,,,,,,,,,,,,,,,,,,,,,,,,,,,,,,,,,,,,,,,,,,,,,,,,0.0,common_100k,0.002,persistent_three_regular,26000.0,True,100000.0,False,,,,,,,,,,,,,,,,,,,,,,,,,,,,,,
data/precomputed/fig05/learning_threshold_crossings.csv,,4MIDD_085_170,,,,,,,,,,,,,,,,,,,,,,,,,,,,,,,,,,,,,,,,,,,,,,,,,,,,,,,,,,,,,,,,,,,,,,,,,,,,,0.0,common_100k,0.005,first,26000.0,True,100000.0,False,,,,,,,,,,,,,,,,,,,,,,,,,,,,,,
data/precomputed/fig05/learning_threshold_crossings.csv,,4MIDD_085_170,,,,,,,,,,,,,,,,,,,,,,,,,,,,,,,,,,,,,,,,,,,,,,,,,,,,,,,,,,,,,,,,,,,,,,,,,,,,,0.0,common_100k,0.005,persistent_three_regular,26000.0,True,100000.0,False,,,,,,,,,,,,,,,,,,,,,,,,,,,,,,
data/precomputed/fig05/learning_threshold_crossings.csv,,4MIDD_085_170,,,,,,,,,,,,,,,,,,,,,,,,,,,,,,,,,,,,,,,,,,,,,,,,,,,,,,,,,,,,,,,,,,,,,,,,,,,,,0.0,full_followup,0.0005,first,26000.0,True,250000.0,False,,,,,,,,,,,,,,,,,,,,,,,,,,,,,,
data/precomputed/fig05/learning_threshold_crossings.csv,,4MIDD_085_170,,,,,,,,,,,,,,,,,,,,,,,,,,,,,,,,,,,,,,,,,,,,,,,,,,,,,,,,,,,,,,,,,,,,,,,,,,,,,0.0,full_followup,0.0005,persistent_three_regular,26000.0,True,250000.0,False,,,,,,,,,,,,,,,,,,,,,,,,,,,,,,
data/precomputed/fig05/learning_threshold_crossings.csv,,4MIDD_085_170,,,,,,,,,,,,,,,,,,,,,,,,,,,,,,,,,,,,,,,,,,,,,,,,,,,,,,,,,,,,,,,,,,,,,,,,,,,,,0.0,full_followup,0.001,first,26000.0,True,250000.0,False,,,,,,,,,,,,,,,,,,,,,,,,,,,,,,
data/precomputed/fig05/learning_threshold_crossings.csv,,4MIDD_085_170,,,,,,,,,,,,,,,,,,,,,,,,,,,,,,,,,,,,,,,,,,,,,,,,,,,,,,,,,,,,,,,,,,,,,,,,,,,,,0.0,full_followup,0.001,persistent_three_regular,26000.0,True,250000.0,False,,,,,,,,,,,,,,,,,,,,,,,,,,,,,,
data/precomputed/fig05/learning_threshold_crossings.csv,,4MIDD_085_170,,,,,,,,,,,,,,,,,,,,,,,,,,,,,,,,,,,,,,,,,,,,,,,,,,,,,,,,,,,,,,,,,,,,,,,,,,,,,0.0,full_followup,0.002,first,26000.0,True,250000.0,False,,,,,,,,,,,,,,,,,,,,,,,,,,,,,,
data/precomputed/fig05/learning_threshold_crossings.csv,,4MIDD_085_170,,,,,,,,,,,,,,,,,,,,,,,,,,,,,,,,,,,,,,,,,,,,,,,,,,,,,,,,,,,,,,,,,,,,,,,,,,,,,0.0,full_followup,0.002,persistent_three_regular,26000.0,True,250000.0,False,,,,,,,,,,,,,,,,,,,,,,,,,,,,,,
data/precomputed/fig05/learning_threshold_crossings.csv,,4MIDD_085_170,,,,,,,,,,,,,,,,,,,,,,,,,,,,,,,,,,,,,,,,,,,,,,,,,,,,,,,,,,,,,,,,,,,,,,,,,,,,,0.0,full_followup,0.005,first,26000.0,True,250000.0,False,,,,,,,,,,,,,,,,,,,,,,,,,,,,,,
data/precomputed/fig05/learning_threshold_crossings.csv,,4MIDD_085_170,,,,,,,,,,,,,,,,,,,,,,,,,,,,,,,,,,,,,,,,,,,,,,,,,,,,,,,,,,,,,,,,,,,,,,,,,,,,,0.0,full_followup,0.005,persistent_three_regular,26000.0,True,250000.0,False,,,,,,,,,,,,,,,,,,,,,,,,,,,,,,
data/precomputed/fig05/learning_threshold_crossings.csv,,3MIDD_048,,,,,,,,,,,,,,,,,,,,,,,,,,,,,,,,,,,,,,,,,,,,,,,,,,,,,,,,,,,,,,,,,,,,,,,,,,,,,1.0,common_100k,0.0005,first,17000.0,True,100000.0,False,,,,,,,,,,,,,,,,,,,,,,,,,,,,,,
data/precomputed/fig05/learning_threshold_crossings.csv,,3MIDD_048,,,,,,,,,,,,,,,,,,,,,,,,,,,,,,,,,,,,,,,,,,,,,,,,,,,,,,,,,,,,,,,,,,,,,,,,,,,,,1.0,common_100k,0.0005,persistent_three_regular,24000.0,True,100000.0,False,,,,,,,,,,,,,,,,,,,,,,,,,,,,,,
data/precomputed/fig05/learning_threshold_crossings.csv,,3MIDD_048,,,,,,,,,,,,,,,,,,,,,,,,,,,,,,,,,,,,,,,,,,,,,,,,,,,,,,,,,,,,,,,,,,,,,,,,,,,,,1.0,common_100k,0.001,first,17000.0,True,100000.0,False,,,,,,,,,,,,,,,,,,,,,,,,,,,,,,
data/precomputed/fig05/learning_threshold_crossings.csv,,3MIDD_048,,,,,,,,,,,,,,,,,,,,,,,,,,,,,,,,,,,,,,,,,,,,,,,,,,,,,,,,,,,,,,,,,,,,,,,,,,,,,1.0,common_100k,0.001,persistent_three_regular,24000.0,True,100000.0,False,,,,,,,,,,,,,,,,,,,,,,,,,,,,,,
data/precomputed/fig05/learning_threshold_crossings.csv,,3MIDD_048,,,,,,,,,,,,,,,,,,,,,,,,,,,,,,,,,,,,,,,,,,,,,,,,,,,,,,,,,,,,,,,,,,,,,,,,,,,,,1.0,common_100k,0.002,first,25000.0,True,100000.0,False,,,,,,,,,,,,,,,,,,,,,,,,,,,,,,
data/precomputed/fig05/learning_threshold_crossings.csv,,3MIDD_048,,,,,,,,,,,,,,,,,,,,,,,,,,,,,,,,,,,,,,,,,,,,,,,,,,,,,,,,,,,,,,,,,,,,,,,,,,,,,1.0,common_100k,0.002,persistent_three_regular,25000.0,True,100000.0,False,,,,,,,,,,,,,,,,,,,,,,,,,,,,,,
data/precomputed/fig05/learning_threshold_crossings.csv,,3MIDD_048,,,,,,,,,,,,,,,,,,,,,,,,,,,,,,,,,,,,,,,,,,,,,,,,,,,,,,,,,,,,,,,,,,,,,,,,,,,,,1.0,common_100k,0.005,first,27000.0,True,100000.0,False,,,,,,,,,,,,,,,,,,,,,,,,,,,,,,
data/precomputed/fig05/learning_threshold_crossings.csv,,3MIDD_048,,,,,,,,,,,,,,,,,,,,,,,,,,,,,,,,,,,,,,,,,,,,,,,,,,,,,,,,,,,,,,,,,,,,,,,,,,,,,1.0,common_100k,0.005,persistent_three_regular,27000.0,True,100000.0,False,,,,,,,,,,,,,,,,,,,,,,,,,,,,,,
data/precomputed/fig05/learning_threshold_crossings.csv,,3MIDD_048,,,,,,,,,,,,,,,,,,,,,,,,,,,,,,,,,,,,,,,,,,,,,,,,,,,,,,,,,,,,,,,,,,,,,,,,,,,,,1.0,full_followup,0.0005,first,17000.0,True,250000.0,False,,,,,,,,,,,,,,,,,,,,,,,,,,,,,,
data/precomputed/fig05/learning_threshold_crossings.csv,,3MIDD_048,,,,,,,,,,,,,,,,,,,,,,,,,,,,,,,,,,,,,,,,,,,,,,,,,,,,,,,,,,,,,,,,,,,,,,,,,,,,,1.0,full_followup,0.0005,persistent_three_regular,24000.0,True,250000.0,False,,,,,,,,,,,,,,,,,,,,,,,,,,,,,,
data/precomputed/fig05/learning_threshold_crossings.csv,,3MIDD_048,,,,,,,,,,,,,,,,,,,,,,,,,,,,,,,,,,,,,,,,,,,,,,,,,,,,,,,,,,,,,,,,,,,,,,,,,,,,,1.0,full_followup,0.001,first,17000.0,True,250000.0,False,,,,,,,,,,,,,,,,,,,,,,,,,,,,,,
data/precomputed/fig05/learning_threshold_crossings.csv,,3MIDD_048,,,,,,,,,,,,,,,,,,,,,,,,,,,,,,,,,,,,,,,,,,,,,,,,,,,,,,,,,,,,,,,,,,,,,,,,,,,,,1.0,full_followup,0.001,persistent_three_regular,24000.0,True,250000.0,False,,,,,,,,,,,,,,,,,,,,,,,,,,,,,,
data/precomputed/fig05/learning_threshold_crossings.csv,,3MIDD_048,,,,,,,,,,,,,,,,,,,,,,,,,,,,,,,,,,,,,,,,,,,,,,,,,,,,,,,,,,,,,,,,,,,,,,,,,,,,,1.0,full_followup,0.002,first,25000.0,True,250000.0,False,,,,,,,,,,,,,,,,,,,,,,,,,,,,,,
data/precomputed/fig05/learning_threshold_crossings.csv,,3MIDD_048,,,,,,,,,,,,,,,,,,,,,,,,,,,,,,,,,,,,,,,,,,,,,,,,,,,,,,,,,,,,,,,,,,,,,,,,,,,,,1.0,full_followup,0.002,persistent_three_regular,25000.0,True,250000.0,False,,,,,,,,,,,,,,,,,,,,,,,,,,,,,,
data/precomputed/fig05/learning_threshold_crossings.csv,,3MIDD_048,,,,,,,,,,,,,,,,,,,,,,,,,,,,,,,,,,,,,,,,,,,,,,,,,,,,,,,,,,,,,,,,,,,,,,,,,,,,,1.0,full_followup,0.005,first,27000.0,True,250000.0,False,,,,,,,,,,,,,,,,,,,,,,,,,,,,,,
data/precomputed/fig05/learning_threshold_crossings.csv,,3MIDD_048,,,,,,,,,,,,,,,,,,,,,,,,,,,,,,,,,,,,,,,,,,,,,,,,,,,,,,,,,,,,,,,,,,,,,,,,,,,,,1.0,full_followup,0.005,persistent_three_regular,27000.0,True,250000.0,False,,,,,,,,,,,,,,,,,,,,,,,,,,,,,,
data/precomputed/fig05/learning_threshold_crossings.csv,,3MIDD_207,,,,,,,,,,,,,,,,,,,,,,,,,,,,,,,,,,,,,,,,,,,,,,,,,,,,,,,,,,,,,,,,,,,,,,,,,,,,,1.0,common_100k,0.0005,first,17000.0,True,100000.0,False,,,,,,,,,,,,,,,,,,,,,,,,,,,,,,
data/precomputed/fig05/learning_threshold_crossings.csv,,3MIDD_207,,,,,,,,,,,,,,,,,,,,,,,,,,,,,,,,,,,,,,,,,,,,,,,,,,,,,,,,,,,,,,,,,,,,,,,,,,,,,1.0,common_100k,0.0005,persistent_three_regular,26000.0,True,100000.0,False,,,,,,,,,,,,,,,,,,,,,,,,,,,,,,
data/precomputed/fig05/learning_threshold_crossings.csv,,3MIDD_207,,,,,,,,,,,,,,,,,,,,,,,,,,,,,,,,,,,,,,,,,,,,,,,,,,,,,,,,,,,,,,,,,,,,,,,,,,,,,1.0,common_100k,0.001,first,17000.0,True,100000.0,False,,,,,,,,,,,,,,,,,,,,,,,,,,,,,,
data/precomputed/fig05/learning_threshold_crossings.csv,,3MIDD_207,,,,,,,,,,,,,,,,,,,,,,,,,,,,,,,,,,,,,,,,,,,,,,,,,,,,,,,,,,,,,,,,,,,,,,,,,,,,,1.0,common_100k,0.001,persistent_three_regular,26000.0,True,100000.0,False,,,,,,,,,,,,,,,,,,,,,,,,,,,,,,
data/precomputed/fig05/learning_threshold_crossings.csv,,3MIDD_207,,,,,,,,,,,,,,,,,,,,,,,,,,,,,,,,,,,,,,,,,,,,,,,,,,,,,,,,,,,,,,,,,,,,,,,,,,,,,1.0,common_100k,0.002,first,26000.0,True,100000.0,False,,,,,,,,,,,,,,,,,,,,,,,,,,,,,,
data/precomputed/fig05/learning_threshold_crossings.csv,,3MIDD_207,,,,,,,,,,,,,,,,,,,,,,,,,,,,,,,,,,,,,,,,,,,,,,,,,,,,,,,,,,,,,,,,,,,,,,,,,,,,,1.0,common_100k,0.002,persistent_three_regular,26000.0,True,100000.0,False,,,,,,,,,,,,,,,,,,,,,,,,,,,,,,
data/precomputed/fig05/learning_threshold_crossings.csv,,3MIDD_207,,,,,,,,,,,,,,,,,,,,,,,,,,,,,,,,,,,,,,,,,,,,,,,,,,,,,,,,,,,,,,,,,,,,,,,,,,,,,1.0,common_100k,0.005,first,26000.0,True,100000.0,False,,,,,,,,,,,,,,,,,,,,,,,,,,,,,,
data/precomputed/fig05/learning_threshold_crossings.csv,,3MIDD_207,,,,,,,,,,,,,,,,,,,,,,,,,,,,,,,,,,,,,,,,,,,,,,,,,,,,,,,,,,,,,,,,,,,,,,,,,,,,,1.0,common_100k,0.005,persistent_three_regular,26000.0,True,100000.0,False,,,,,,,,,,,,,,,,,,,,,,,,,,,,,,
data/precomputed/fig05/learning_threshold_crossings.csv,,3MIDD_207,,,,,,,,,,,,,,,,,,,,,,,,,,,,,,,,,,,,,,,,,,,,,,,,,,,,,,,,,,,,,,,,,,,,,,,,,,,,,1.0,full_followup,0.0005,first,17000.0,True,250000.0,False,,,,,,,,,,,,,,,,,,,,,,,,,,,,,,
data/precomputed/fig05/learning_threshold_crossings.csv,,3MIDD_207,,,,,,,,,,,,,,,,,,,,,,,,,,,,,,,,,,,,,,,,,,,,,,,,,,,,,,,,,,,,,,,,,,,,,,,,,,,,,1.0,full_followup,0.0005,persistent_three_regular,26000.0,True,250000.0,False,,,,,,,,,,,,,,,,,,,,,,,,,,,,,,
data/precomputed/fig05/learning_threshold_crossings.csv,,3MIDD_207,,,,,,,,,,,,,,,,,,,,,,,,,,,,,,,,,,,,,,,,,,,,,,,,,,,,,,,,,,,,,,,,,,,,,,,,,,,,,1.0,full_followup,0.001,first,17000.0,True,250000.0,False,,,,,,,,,,,,,,,,,,,,,,,,,,,,,,
data/precomputed/fig05/learning_threshold_crossings.csv,,3MIDD_207,,,,,,,,,,,,,,,,,,,,,,,,,,,,,,,,,,,,,,,,,,,,,,,,,,,,,,,,,,,,,,,,,,,,,,,,,,,,,1.0,full_followup,0.001,persistent_three_regular,26000.0,True,250000.0,False,,,,,,,,,,,,,,,,,,,,,,,,,,,,,,
data/precomputed/fig05/learning_threshold_crossings.csv,,3MIDD_207,,,,,,,,,,,,,,,,,,,,,,,,,,,,,,,,,,,,,,,,,,,,,,,,,,,,,,,,,,,,,,,,,,,,,,,,,,,,,1.0,full_followup,0.002,first,26000.0,True,250000.0,False,,,,,,,,,,,,,,,,,,,,,,,,,,,,,,
data/precomputed/fig05/learning_threshold_crossings.csv,,3MIDD_207,,,,,,,,,,,,,,,,,,,,,,,,,,,,,,,,,,,,,,,,,,,,,,,,,,,,,,,,,,,,,,,,,,,,,,,,,,,,,1.0,full_followup,0.002,persistent_three_regular,26000.0,True,250000.0,False,,,,,,,,,,,,,,,,,,,,,,,,,,,,,,
data/precomputed/fig05/learning_threshold_crossings.csv,,3MIDD_207,,,,,,,,,,,,,,,,,,,,,,,,,,,,,,,,,,,,,,,,,,,,,,,,,,,,,,,,,,,,,,,,,,,,,,,,,,,,,1.0,full_followup,0.005,first,26000.0,True,250000.0,False,,,,,,,,,,,,,,,,,,,,,,,,,,,,,,
data/precomputed/fig05/learning_threshold_crossings.csv,,3MIDD_207,,,,,,,,,,,,,,,,,,,,,,,,,,,,,,,,,,,,,,,,,,,,,,,,,,,,,,,,,,,,,,,,,,,,,,,,,,,,,1.0,full_followup,0.005,persistent_three_regular,26000.0,True,250000.0,False,,,,,,,,,,,,,,,,,,,,,,,,,,,,,,
data/precomputed/fig05/learning_threshold_crossings.csv,,4MIDD_085_170,,,,,,,,,,,,,,,,,,,,,,,,,,,,,,,,,,,,,,,,,,,,,,,,,,,,,,,,,,,,,,,,,,,,,,,,,,,,,1.0,common_100k,0.0005,first,21000.0,True,100000.0,False,,,,,,,,,,,,,,,,,,,,,,,,,,,,,,
data/precomputed/fig05/learning_threshold_crossings.csv,,4MIDD_085_170,,,,,,,,,,,,,,,,,,,,,,,,,,,,,,,,,,,,,,,,,,,,,,,,,,,,,,,,,,,,,,,,,,,,,,,,,,,,,1.0,common_100k,0.0005,persistent_three_regular,23000.0,True,100000.0,False,,,,,,,,,,,,,,,,,,,,,,,,,,,,,,
data/precomputed/fig05/learning_threshold_crossings.csv,,4MIDD_085_170,,,,,,,,,,,,,,,,,,,,,,,,,,,,,,,,,,,,,,,,,,,,,,,,,,,,,,,,,,,,,,,,,,,,,,,,,,,,,1.0,common_100k,0.001,first,21000.0,True,100000.0,False,,,,,,,,,,,,,,,,,,,,,,,,,,,,,,
data/precomputed/fig05/learning_threshold_crossings.csv,,4MIDD_085_170,,,,,,,,,,,,,,,,,,,,,,,,,,,,,,,,,,,,,,,,,,,,,,,,,,,,,,,,,,,,,,,,,,,,,,,,,,,,,1.0,common_100k,0.001,persistent_three_regular,23000.0,True,100000.0,False,,,,,,,,,,,,,,,,,,,,,,,,,,,,,,
data/precomputed/fig05/learning_threshold_crossings.csv,,4MIDD_085_170,,,,,,,,,,,,,,,,,,,,,,,,,,,,,,,,,,,,,,,,,,,,,,,,,,,,,,,,,,,,,,,,,,,,,,,,,,,,,1.0,common_100k,0.002,first,23000.0,True,100000.0,False,,,,,,,,,,,,,,,,,,,,,,,,,,,,,,
data/precomputed/fig05/learning_threshold_crossings.csv,,4MIDD_085_170,,,,,,,,,,,,,,,,,,,,,,,,,,,,,,,,,,,,,,,,,,,,,,,,,,,,,,,,,,,,,,,,,,,,,,,,,,,,,1.0,common_100k,0.002,persistent_three_regular,23000.0,True,100000.0,False,,,,,,,,,,,,,,,,,,,,,,,,,,,,,,
data/precomputed/fig05/learning_threshold_crossings.csv,,4MIDD_085_170,,,,,,,,,,,,,,,,,,,,,,,,,,,,,,,,,,,,,,,,,,,,,,,,,,,,,,,,,,,,,,,,,,,,,,,,,,,,,1.0,common_100k,0.005,first,25000.0,True,100000.0,False,,,,,,,,,,,,,,,,,,,,,,,,,,,,,,
data/precomputed/fig05/learning_threshold_crossings.csv,,4MIDD_085_170,,,,,,,,,,,,,,,,,,,,,,,,,,,,,,,,,,,,,,,,,,,,,,,,,,,,,,,,,,,,,,,,,,,,,,,,,,,,,1.0,common_100k,0.005,persistent_three_regular,25000.0,True,100000.0,False,,,,,,,,,,,,,,,,,,,,,,,,,,,,,,
data/precomputed/fig05/learning_threshold_crossings.csv,,4MIDD_085_170,,,,,,,,,,,,,,,,,,,,,,,,,,,,,,,,,,,,,,,,,,,,,,,,,,,,,,,,,,,,,,,,,,,,,,,,,,,,,1.0,full_followup,0.0005,first,21000.0,True,250000.0,False,,,,,,,,,,,,,,,,,,,,,,,,,,,,,,
data/precomputed/fig05/learning_threshold_crossings.csv,,4MIDD_085_170,,,,,,,,,,,,,,,,,,,,,,,,,,,,,,,,,,,,,,,,,,,,,,,,,,,,,,,,,,,,,,,,,,,,,,,,,,,,,1.0,full_followup,0.0005,persistent_three_regular,23000.0,True,250000.0,False,,,,,,,,,,,,,,,,,,,,,,,,,,,,,,
data/precomputed/fig05/learning_threshold_crossings.csv,,4MIDD_085_170,,,,,,,,,,,,,,,,,,,,,,,,,,,,,,,,,,,,,,,,,,,,,,,,,,,,,,,,,,,,,,,,,,,,,,,,,,,,,1.0,full_followup,0.001,first,21000.0,True,250000.0,False,,,,,,,,,,,,,,,,,,,,,,,,,,,,,,
data/precomputed/fig05/learning_threshold_crossings.csv,,4MIDD_085_170,,,,,,,,,,,,,,,,,,,,,,,,,,,,,,,,,,,,,,,,,,,,,,,,,,,,,,,,,,,,,,,,,,,,,,,,,,,,,1.0,full_followup,0.001,persistent_three_regular,23000.0,True,250000.0,False,,,,,,,,,,,,,,,,,,,,,,,,,,,,,,
data/precomputed/fig05/learning_threshold_crossings.csv,,4MIDD_085_170,,,,,,,,,,,,,,,,,,,,,,,,,,,,,,,,,,,,,,,,,,,,,,,,,,,,,,,,,,,,,,,,,,,,,,,,,,,,,1.0,full_followup,0.002,first,23000.0,True,250000.0,False,,,,,,,,,,,,,,,,,,,,,,,,,,,,,,
data/precomputed/fig05/learning_threshold_crossings.csv,,4MIDD_085_170,,,,,,,,,,,,,,,,,,,,,,,,,,,,,,,,,,,,,,,,,,,,,,,,,,,,,,,,,,,,,,,,,,,,,,,,,,,,,1.0,full_followup,0.002,persistent_three_regular,23000.0,True,250000.0,False,,,,,,,,,,,,,,,,,,,,,,,,,,,,,,
data/precomputed/fig05/learning_threshold_crossings.csv,,4MIDD_085_170,,,,,,,,,,,,,,,,,,,,,,,,,,,,,,,,,,,,,,,,,,,,,,,,,,,,,,,,,,,,,,,,,,,,,,,,,,,,,1.0,full_followup,0.005,first,25000.0,True,250000.0,False,,,,,,,,,,,,,,,,,,,,,,,,,,,,,,
data/precomputed/fig05/learning_threshold_crossings.csv,,4MIDD_085_170,,,,,,,,,,,,,,,,,,,,,,,,,,,,,,,,,,,,,,,,,,,,,,,,,,,,,,,,,,,,,,,,,,,,,,,,,,,,,1.0,full_followup,0.005,persistent_three_regular,25000.0,True,250000.0,False,,,,,,,,,,,,,,,,,,,,,,,,,,,,,,
data/precomputed/fig05/learning_threshold_crossings.csv,,3MIDD_048,,,,,,,,,,,,,,,,,,,,,,,,,,,,,,,,,,,,,,,,,,,,,,,,,,,,,,,,,,,,,,,,,,,,,,,,,,,,,2.0,common_100k,0.0005,first,27000.0,True,100000.0,False,,,,,,,,,,,,,,,,,,,,,,,,,,,,,,
data/precomputed/fig05/learning_threshold_crossings.csv,,3MIDD_048,,,,,,,,,,,,,,,,,,,,,,,,,,,,,,,,,,,,,,,,,,,,,,,,,,,,,,,,,,,,,,,,,,,,,,,,,,,,,2.0,common_100k,0.0005,persistent_three_regular,31000.0,True,100000.0,False,,,,,,,,,,,,,,,,,,,,,,,,,,,,,,
data/precomputed/fig05/learning_threshold_crossings.csv,,3MIDD_048,,,,,,,,,,,,,,,,,,,,,,,,,,,,,,,,,,,,,,,,,,,,,,,,,,,,,,,,,,,,,,,,,,,,,,,,,,,,,2.0,common_100k,0.001,first,33000.0,True,100000.0,False,,,,,,,,,,,,,,,,,,,,,,,,,,,,,,
data/precomputed/fig05/learning_threshold_crossings.csv,,3MIDD_048,,,,,,,,,,,,,,,,,,,,,,,,,,,,,,,,,,,,,,,,,,,,,,,,,,,,,,,,,,,,,,,,,,,,,,,,,,,,,2.0,common_100k,0.001,persistent_three_regular,33000.0,True,100000.0,False,,,,,,,,,,,,,,,,,,,,,,,,,,,,,,
data/precomputed/fig05/learning_threshold_crossings.csv,,3MIDD_048,,,,,,,,,,,,,,,,,,,,,,,,,,,,,,,,,,,,,,,,,,,,,,,,,,,,,,,,,,,,,,,,,,,,,,,,,,,,,2.0,common_100k,0.002,first,34000.0,True,100000.0,False,,,,,,,,,,,,,,,,,,,,,,,,,,,,,,
data/precomputed/fig05/learning_threshold_crossings.csv,,3MIDD_048,,,,,,,,,,,,,,,,,,,,,,,,,,,,,,,,,,,,,,,,,,,,,,,,,,,,,,,,,,,,,,,,,,,,,,,,,,,,,2.0,common_100k,0.002,persistent_three_regular,34000.0,True,100000.0,False,,,,,,,,,,,,,,,,,,,,,,,,,,,,,,
data/precomputed/fig05/learning_threshold_crossings.csv,,3MIDD_048,,,,,,,,,,,,,,,,,,,,,,,,,,,,,,,,,,,,,,,,,,,,,,,,,,,,,,,,,,,,,,,,,,,,,,,,,,,,,2.0,common_100k,0.005,first,34000.0,True,100000.0,False,,,,,,,,,,,,,,,,,,,,,,,,,,,,,,
data/precomputed/fig05/learning_threshold_crossings.csv,,3MIDD_048,,,,,,,,,,,,,,,,,,,,,,,,,,,,,,,,,,,,,,,,,,,,,,,,,,,,,,,,,,,,,,,,,,,,,,,,,,,,,2.0,common_100k,0.005,persistent_three_regular,34000.0,True,100000.0,False,,,,,,,,,,,,,,,,,,,,,,,,,,,,,,
data/precomputed/fig05/learning_threshold_crossings.csv,,3MIDD_048,,,,,,,,,,,,,,,,,,,,,,,,,,,,,,,,,,,,,,,,,,,,,,,,,,,,,,,,,,,,,,,,,,,,,,,,,,,,,2.0,full_followup,0.0005,first,27000.0,True,250000.0,False,,,,,,,,,,,,,,,,,,,,,,,,,,,,,,
data/precomputed/fig05/learning_threshold_crossings.csv,,3MIDD_048,,,,,,,,,,,,,,,,,,,,,,,,,,,,,,,,,,,,,,,,,,,,,,,,,,,,,,,,,,,,,,,,,,,,,,,,,,,,,2.0,full_followup,0.0005,persistent_three_regular,31000.0,True,250000.0,False,,,,,,,,,,,,,,,,,,,,,,,,,,,,,,
data/precomputed/fig05/learning_threshold_crossings.csv,,3MIDD_048,,,,,,,,,,,,,,,,,,,,,,,,,,,,,,,,,,,,,,,,,,,,,,,,,,,,,,,,,,,,,,,,,,,,,,,,,,,,,2.0,full_followup,0.001,first,33000.0,True,250000.0,False,,,,,,,,,,,,,,,,,,,,,,,,,,,,,,
data/precomputed/fig05/learning_threshold_crossings.csv,,3MIDD_048,,,,,,,,,,,,,,,,,,,,,,,,,,,,,,,,,,,,,,,,,,,,,,,,,,,,,,,,,,,,,,,,,,,,,,,,,,,,,2.0,full_followup,0.001,persistent_three_regular,33000.0,True,250000.0,False,,,,,,,,,,,,,,,,,,,,,,,,,,,,,,
data/precomputed/fig05/learning_threshold_crossings.csv,,3MIDD_048,,,,,,,,,,,,,,,,,,,,,,,,,,,,,,,,,,,,,,,,,,,,,,,,,,,,,,,,,,,,,,,,,,,,,,,,,,,,,2.0,full_followup,0.002,first,34000.0,True,250000.0,False,,,,,,,,,,,,,,,,,,,,,,,,,,,,,,
data/precomputed/fig05/learning_threshold_crossings.csv,,3MIDD_048,,,,,,,,,,,,,,,,,,,,,,,,,,,,,,,,,,,,,,,,,,,,,,,,,,,,,,,,,,,,,,,,,,,,,,,,,,,,,2.0,full_followup,0.002,persistent_three_regular,34000.0,True,250000.0,False,,,,,,,,,,,,,,,,,,,,,,,,,,,,,,
data/precomputed/fig05/learning_threshold_crossings.csv,,3MIDD_048,,,,,,,,,,,,,,,,,,,,,,,,,,,,,,,,,,,,,,,,,,,,,,,,,,,,,,,,,,,,,,,,,,,,,,,,,,,,,2.0,full_followup,0.005,first,34000.0,True,250000.0,False,,,,,,,,,,,,,,,,,,,,,,,,,,,,,,
data/precomputed/fig05/learning_threshold_crossings.csv,,3MIDD_048,,,,,,,,,,,,,,,,,,,,,,,,,,,,,,,,,,,,,,,,,,,,,,,,,,,,,,,,,,,,,,,,,,,,,,,,,,,,,2.0,full_followup,0.005,persistent_three_regular,34000.0,True,250000.0,False,,,,,,,,,,,,,,,,,,,,,,,,,,,,,,
data/precomputed/fig05/learning_threshold_crossings.csv,,3MIDD_207,,,,,,,,,,,,,,,,,,,,,,,,,,,,,,,,,,,,,,,,,,,,,,,,,,,,,,,,,,,,,,,,,,,,,,,,,,,,,2.0,common_100k,0.0005,first,17000.0,True,100000.0,False,,,,,,,,,,,,,,,,,,,,,,,,,,,,,,
data/precomputed/fig05/learning_threshold_crossings.csv,,3MIDD_207,,,,,,,,,,,,,,,,,,,,,,,,,,,,,,,,,,,,,,,,,,,,,,,,,,,,,,,,,,,,,,,,,,,,,,,,,,,,,2.0,common_100k,0.0005,persistent_three_regular,30000.0,True,100000.0,False,,,,,,,,,,,,,,,,,,,,,,,,,,,,,,
data/precomputed/fig05/learning_threshold_crossings.csv,,3MIDD_207,,,,,,,,,,,,,,,,,,,,,,,,,,,,,,,,,,,,,,,,,,,,,,,,,,,,,,,,,,,,,,,,,,,,,,,,,,,,,2.0,common_100k,0.001,first,32000.0,True,100000.0,False,,,,,,,,,,,,,,,,,,,,,,,,,,,,,,
data/precomputed/fig05/learning_threshold_crossings.csv,,3MIDD_207,,,,,,,,,,,,,,,,,,,,,,,,,,,,,,,,,,,,,,,,,,,,,,,,,,,,,,,,,,,,,,,,,,,,,,,,,,,,,2.0,common_100k,0.001,persistent_three_regular,32000.0,True,100000.0,False,,,,,,,,,,,,,,,,,,,,,,,,,,,,,,
data/precomputed/fig05/learning_threshold_crossings.csv,,3MIDD_207,,,,,,,,,,,,,,,,,,,,,,,,,,,,,,,,,,,,,,,,,,,,,,,,,,,,,,,,,,,,,,,,,,,,,,,,,,,,,2.0,common_100k,0.002,first,32000.0,True,100000.0,False,,,,,,,,,,,,,,,,,,,,,,,,,,,,,,
data/precomputed/fig05/learning_threshold_crossings.csv,,3MIDD_207,,,,,,,,,,,,,,,,,,,,,,,,,,,,,,,,,,,,,,,,,,,,,,,,,,,,,,,,,,,,,,,,,,,,,,,,,,,,,2.0,common_100k,0.002,persistent_three_regular,32000.0,True,100000.0,False,,,,,,,,,,,,,,,,,,,,,,,,,,,,,,
data/precomputed/fig05/learning_threshold_crossings.csv,,3MIDD_207,,,,,,,,,,,,,,,,,,,,,,,,,,,,,,,,,,,,,,,,,,,,,,,,,,,,,,,,,,,,,,,,,,,,,,,,,,,,,2.0,common_100k,0.005,first,34000.0,True,100000.0,False,,,,,,,,,,,,,,,,,,,,,,,,,,,,,,
data/precomputed/fig05/learning_threshold_crossings.csv,,3MIDD_207,,,,,,,,,,,,,,,,,,,,,,,,,,,,,,,,,,,,,,,,,,,,,,,,,,,,,,,,,,,,,,,,,,,,,,,,,,,,,2.0,common_100k,0.005,persistent_three_regular,34000.0,True,100000.0,False,,,,,,,,,,,,,,,,,,,,,,,,,,,,,,
data/precomputed/fig05/learning_threshold_crossings.csv,,3MIDD_207,,,,,,,,,,,,,,,,,,,,,,,,,,,,,,,,,,,,,,,,,,,,,,,,,,,,,,,,,,,,,,,,,,,,,,,,,,,,,2.0,full_followup,0.0005,first,17000.0,True,250000.0,False,,,,,,,,,,,,,,,,,,,,,,,,,,,,,,
data/precomputed/fig05/learning_threshold_crossings.csv,,3MIDD_207,,,,,,,,,,,,,,,,,,,,,,,,,,,,,,,,,,,,,,,,,,,,,,,,,,,,,,,,,,,,,,,,,,,,,,,,,,,,,2.0,full_followup,0.0005,persistent_three_regular,30000.0,True,250000.0,False,,,,,,,,,,,,,,,,,,,,,,,,,,,,,,
data/precomputed/fig05/learning_threshold_crossings.csv,,3MIDD_207,,,,,,,,,,,,,,,,,,,,,,,,,,,,,,,,,,,,,,,,,,,,,,,,,,,,,,,,,,,,,,,,,,,,,,,,,,,,,2.0,full_followup,0.001,first,32000.0,True,250000.0,False,,,,,,,,,,,,,,,,,,,,,,,,,,,,,,
data/precomputed/fig05/learning_threshold_crossings.csv,,3MIDD_207,,,,,,,,,,,,,,,,,,,,,,,,,,,,,,,,,,,,,,,,,,,,,,,,,,,,,,,,,,,,,,,,,,,,,,,,,,,,,2.0,full_followup,0.001,persistent_three_regular,32000.0,True,250000.0,False,,,,,,,,,,,,,,,,,,,,,,,,,,,,,,
data/precomputed/fig05/learning_threshold_crossings.csv,,3MIDD_207,,,,,,,,,,,,,,,,,,,,,,,,,,,,,,,,,,,,,,,,,,,,,,,,,,,,,,,,,,,,,,,,,,,,,,,,,,,,,2.0,full_followup,0.002,first,32000.0,True,250000.0,False,,,,,,,,,,,,,,,,,,,,,,,,,,,,,,
data/precomputed/fig05/learning_threshold_crossings.csv,,3MIDD_207,,,,,,,,,,,,,,,,,,,,,,,,,,,,,,,,,,,,,,,,,,,,,,,,,,,,,,,,,,,,,,,,,,,,,,,,,,,,,2.0,full_followup,0.002,persistent_three_regular,32000.0,True,250000.0,False,,,,,,,,,,,,,,,,,,,,,,,,,,,,,,
data/precomputed/fig05/learning_threshold_crossings.csv,,3MIDD_207,,,,,,,,,,,,,,,,,,,,,,,,,,,,,,,,,,,,,,,,,,,,,,,,,,,,,,,,,,,,,,,,,,,,,,,,,,,,,2.0,full_followup,0.005,first,34000.0,True,250000.0,False,,,,,,,,,,,,,,,,,,,,,,,,,,,,,,
data/precomputed/fig05/learning_threshold_crossings.csv,,3MIDD_207,,,,,,,,,,,,,,,,,,,,,,,,,,,,,,,,,,,,,,,,,,,,,,,,,,,,,,,,,,,,,,,,,,,,,,,,,,,,,2.0,full_followup,0.005,persistent_three_regular,34000.0,True,250000.0,False,,,,,,,,,,,,,,,,,,,,,,,,,,,,,,
data/precomputed/fig05/learning_threshold_crossings.csv,,4MIDD_085_170,,,,,,,,,,,,,,,,,,,,,,,,,,,,,,,,,,,,,,,,,,,,,,,,,,,,,,,,,,,,,,,,,,,,,,,,,,,,,2.0,common_100k,0.0005,first,24000.0,True,100000.0,False,,,,,,,,,,,,,,,,,,,,,,,,,,,,,,
data/precomputed/fig05/learning_threshold_crossings.csv,,4MIDD_085_170,,,,,,,,,,,,,,,,,,,,,,,,,,,,,,,,,,,,,,,,,,,,,,,,,,,,,,,,,,,,,,,,,,,,,,,,,,,,,2.0,common_100k,0.0005,persistent_three_regular,32000.0,True,100000.0,False,,,,,,,,,,,,,,,,,,,,,,,,,,,,,,
data/precomputed/fig05/learning_threshold_crossings.csv,,4MIDD_085_170,,,,,,,,,,,,,,,,,,,,,,,,,,,,,,,,,,,,,,,,,,,,,,,,,,,,,,,,,,,,,,,,,,,,,,,,,,,,,2.0,common_100k,0.001,first,32000.0,True,100000.0,False,,,,,,,,,,,,,,,,,,,,,,,,,,,,,,
data/precomputed/fig05/learning_threshold_crossings.csv,,4MIDD_085_170,,,,,,,,,,,,,,,,,,,,,,,,,,,,,,,,,,,,,,,,,,,,,,,,,,,,,,,,,,,,,,,,,,,,,,,,,,,,,2.0,common_100k,0.001,persistent_three_regular,32000.0,True,100000.0,False,,,,,,,,,,,,,,,,,,,,,,,,,,,,,,
data/precomputed/fig05/learning_threshold_crossings.csv,,4MIDD_085_170,,,,,,,,,,,,,,,,,,,,,,,,,,,,,,,,,,,,,,,,,,,,,,,,,,,,,,,,,,,,,,,,,,,,,,,,,,,,,2.0,common_100k,0.002,first,32000.0,True,100000.0,False,,,,,,,,,,,,,,,,,,,,,,,,,,,,,,
data/precomputed/fig05/learning_threshold_crossings.csv,,4MIDD_085_170,,,,,,,,,,,,,,,,,,,,,,,,,,,,,,,,,,,,,,,,,,,,,,,,,,,,,,,,,,,,,,,,,,,,,,,,,,,,,2.0,common_100k,0.002,persistent_three_regular,32000.0,True,100000.0,False,,,,,,,,,,,,,,,,,,,,,,,,,,,,,,
data/precomputed/fig05/learning_threshold_crossings.csv,,4MIDD_085_170,,,,,,,,,,,,,,,,,,,,,,,,,,,,,,,,,,,,,,,,,,,,,,,,,,,,,,,,,,,,,,,,,,,,,,,,,,,,,2.0,common_100k,0.005,first,34000.0,True,100000.0,False,,,,,,,,,,,,,,,,,,,,,,,,,,,,,,
data/precomputed/fig05/learning_threshold_crossings.csv,,4MIDD_085_170,,,,,,,,,,,,,,,,,,,,,,,,,,,,,,,,,,,,,,,,,,,,,,,,,,,,,,,,,,,,,,,,,,,,,,,,,,,,,2.0,common_100k,0.005,persistent_three_regular,34000.0,True,100000.0,False,,,,,,,,,,,,,,,,,,,,,,,,,,,,,,
data/precomputed/fig05/learning_threshold_crossings.csv,,4MIDD_085_170,,,,,,,,,,,,,,,,,,,,,,,,,,,,,,,,,,,,,,,,,,,,,,,,,,,,,,,,,,,,,,,,,,,,,,,,,,,,,2.0,full_followup,0.0005,first,24000.0,True,250000.0,False,,,,,,,,,,,,,,,,,,,,,,,,,,,,,,
data/precomputed/fig05/learning_threshold_crossings.csv,,4MIDD_085_170,,,,,,,,,,,,,,,,,,,,,,,,,,,,,,,,,,,,,,,,,,,,,,,,,,,,,,,,,,,,,,,,,,,,,,,,,,,,,2.0,full_followup,0.0005,persistent_three_regular,32000.0,True,250000.0,False,,,,,,,,,,,,,,,,,,,,,,,,,,,,,,
data/precomputed/fig05/learning_threshold_crossings.csv,,4MIDD_085_170,,,,,,,,,,,,,,,,,,,,,,,,,,,,,,,,,,,,,,,,,,,,,,,,,,,,,,,,,,,,,,,,,,,,,,,,,,,,,2.0,full_followup,0.001,first,32000.0,True,250000.0,False,,,,,,,,,,,,,,,,,,,,,,,,,,,,,,
data/precomputed/fig05/learning_threshold_crossings.csv,,4MIDD_085_170,,,,,,,,,,,,,,,,,,,,,,,,,,,,,,,,,,,,,,,,,,,,,,,,,,,,,,,,,,,,,,,,,,,,,,,,,,,,,2.0,full_followup,0.001,persistent_three_regular,32000.0,True,250000.0,False,,,,,,,,,,,,,,,,,,,,,,,,,,,,,,
data/precomputed/fig05/learning_threshold_crossings.csv,,4MIDD_085_170,,,,,,,,,,,,,,,,,,,,,,,,,,,,,,,,,,,,,,,,,,,,,,,,,,,,,,,,,,,,,,,,,,,,,,,,,,,,,2.0,full_followup,0.002,first,32000.0,True,250000.0,False,,,,,,,,,,,,,,,,,,,,,,,,,,,,,,
data/precomputed/fig05/learning_threshold_crossings.csv,,4MIDD_085_170,,,,,,,,,,,,,,,,,,,,,,,,,,,,,,,,,,,,,,,,,,,,,,,,,,,,,,,,,,,,,,,,,,,,,,,,,,,,,2.0,full_followup,0.002,persistent_three_regular,32000.0,True,250000.0,False,,,,,,,,,,,,,,,,,,,,,,,,,,,,,,
data/precomputed/fig05/learning_threshold_crossings.csv,,4MIDD_085_170,,,,,,,,,,,,,,,,,,,,,,,,,,,,,,,,,,,,,,,,,,,,,,,,,,,,,,,,,,,,,,,,,,,,,,,,,,,,,2.0,full_followup,0.005,first,34000.0,True,250000.0,False,,,,,,,,,,,,,,,,,,,,,,,,,,,,,,
data/precomputed/fig05/learning_threshold_crossings.csv,,4MIDD_085_170,,,,,,,,,,,,,,,,,,,,,,,,,,,,,,,,,,,,,,,,,,,,,,,,,,,,,,,,,,,,,,,,,,,,,,,,,,,,,2.0,full_followup,0.005,persistent_three_regular,34000.0,True,250000.0,False,,,,,,,,,,,,,,,,,,,,,,,,,,,,,,
data/precomputed/fig05/learning_threshold_crossings.csv,,3MIDD_048,,,,,,,,,,,,,,,,,,,,,,,,,,,,,,,,,,,,,,,,,,,,,,,,,,,,,,,,,,,,,,,,,,,,,,,,,,,,,3.0,common_100k,0.0005,first,30000.0,True,100000.0,False,,,,,,,,,,,,,,,,,,,,,,,,,,,,,,
data/precomputed/fig05/learning_threshold_crossings.csv,,3MIDD_048,,,,,,,,,,,,,,,,,,,,,,,,,,,,,,,,,,,,,,,,,,,,,,,,,,,,,,,,,,,,,,,,,,,,,,,,,,,,,3.0,common_100k,0.0005,persistent_three_regular,30000.0,True,100000.0,False,,,,,,,,,,,,,,,,,,,,,,,,,,,,,,
data/precomputed/fig05/learning_threshold_crossings.csv,,3MIDD_048,,,,,,,,,,,,,,,,,,,,,,,,,,,,,,,,,,,,,,,,,,,,,,,,,,,,,,,,,,,,,,,,,,,,,,,,,,,,,3.0,common_100k,0.001,first,33000.0,True,100000.0,False,,,,,,,,,,,,,,,,,,,,,,,,,,,,,,
data/precomputed/fig05/learning_threshold_crossings.csv,,3MIDD_048,,,,,,,,,,,,,,,,,,,,,,,,,,,,,,,,,,,,,,,,,,,,,,,,,,,,,,,,,,,,,,,,,,,,,,,,,,,,,3.0,common_100k,0.001,persistent_three_regular,33000.0,True,100000.0,False,,,,,,,,,,,,,,,,,,,,,,,,,,,,,,
data/precomputed/fig05/learning_threshold_crossings.csv,,3MIDD_048,,,,,,,,,,,,,,,,,,,,,,,,,,,,,,,,,,,,,,,,,,,,,,,,,,,,,,,,,,,,,,,,,,,,,,,,,,,,,3.0,common_100k,0.002,first,36000.0,True,100000.0,False,,,,,,,,,,,,,,,,,,,,,,,,,,,,,,
data/precomputed/fig05/learning_threshold_crossings.csv,,3MIDD_048,,,,,,,,,,,,,,,,,,,,,,,,,,,,,,,,,,,,,,,,,,,,,,,,,,,,,,,,,,,,,,,,,,,,,,,,,,,,,3.0,common_100k,0.002,persistent_three_regular,36000.0,True,100000.0,False,,,,,,,,,,,,,,,,,,,,,,,,,,,,,,
data/precomputed/fig05/learning_threshold_crossings.csv,,3MIDD_048,,,,,,,,,,,,,,,,,,,,,,,,,,,,,,,,,,,,,,,,,,,,,,,,,,,,,,,,,,,,,,,,,,,,,,,,,,,,,3.0,common_100k,0.005,first,,False,100000.0,False,,,,,,,,,,,,,,,,,,,,,,,,,,,,,,
data/precomputed/fig05/learning_threshold_crossings.csv,,3MIDD_048,,,,,,,,,,,,,,,,,,,,,,,,,,,,,,,,,,,,,,,,,,,,,,,,,,,,,,,,,,,,,,,,,,,,,,,,,,,,,3.0,common_100k,0.005,persistent_three_regular,,False,100000.0,False,,,,,,,,,,,,,,,,,,,,,,,,,,,,,,
data/precomputed/fig05/learning_threshold_crossings.csv,,3MIDD_048,,,,,,,,,,,,,,,,,,,,,,,,,,,,,,,,,,,,,,,,,,,,,,,,,,,,,,,,,,,,,,,,,,,,,,,,,,,,,3.0,full_followup,0.0005,first,30000.0,True,250000.0,False,,,,,,,,,,,,,,,,,,,,,,,,,,,,,,
data/precomputed/fig05/learning_threshold_crossings.csv,,3MIDD_048,,,,,,,,,,,,,,,,,,,,,,,,,,,,,,,,,,,,,,,,,,,,,,,,,,,,,,,,,,,,,,,,,,,,,,,,,,,,,3.0,full_followup,0.0005,persistent_three_regular,30000.0,True,250000.0,False,,,,,,,,,,,,,,,,,,,,,,,,,,,,,,
data/precomputed/fig05/learning_threshold_crossings.csv,,3MIDD_048,,,,,,,,,,,,,,,,,,,,,,,,,,,,,,,,,,,,,,,,,,,,,,,,,,,,,,,,,,,,,,,,,,,,,,,,,,,,,3.0,full_followup,0.001,first,33000.0,True,250000.0,False,,,,,,,,,,,,,,,,,,,,,,,,,,,,,,
data/precomputed/fig05/learning_threshold_crossings.csv,,3MIDD_048,,,,,,,,,,,,,,,,,,,,,,,,,,,,,,,,,,,,,,,,,,,,,,,,,,,,,,,,,,,,,,,,,,,,,,,,,,,,,3.0,full_followup,0.001,persistent_three_regular,33000.0,True,250000.0,False,,,,,,,,,,,,,,,,,,,,,,,,,,,,,,
data/precomputed/fig05/learning_threshold_crossings.csv,,3MIDD_048,,,,,,,,,,,,,,,,,,,,,,,,,,,,,,,,,,,,,,,,,,,,,,,,,,,,,,,,,,,,,,,,,,,,,,,,,,,,,3.0,full_followup,0.002,first,36000.0,True,250000.0,False,,,,,,,,,,,,,,,,,,,,,,,,,,,,,,
data/precomputed/fig05/learning_threshold_crossings.csv,,3MIDD_048,,,,,,,,,,,,,,,,,,,,,,,,,,,,,,,,,,,,,,,,,,,,,,,,,,,,,,,,,,,,,,,,,,,,,,,,,,,,,3.0,full_followup,0.002,persistent_three_regular,36000.0,True,250000.0,False,,,,,,,,,,,,,,,,,,,,,,,,,,,,,,
data/precomputed/fig05/learning_threshold_crossings.csv,,3MIDD_048,,,,,,,,,,,,,,,,,,,,,,,,,,,,,,,,,,,,,,,,,,,,,,,,,,,,,,,,,,,,,,,,,,,,,,,,,,,,,3.0,full_followup,0.005,first,,False,250000.0,False,,,,,,,,,,,,,,,,,,,,,,,,,,,,,,
data/precomputed/fig05/learning_threshold_crossings.csv,,3MIDD_048,,,,,,,,,,,,,,,,,,,,,,,,,,,,,,,,,,,,,,,,,,,,,,,,,,,,,,,,,,,,,,,,,,,,,,,,,,,,,3.0,full_followup,0.005,persistent_three_regular,,False,250000.0,False,,,,,,,,,,,,,,,,,,,,,,,,,,,,,,
data/precomputed/fig05/learning_threshold_crossings.csv,,3MIDD_207,,,,,,,,,,,,,,,,,,,,,,,,,,,,,,,,,,,,,,,,,,,,,,,,,,,,,,,,,,,,,,,,,,,,,,,,,,,,,3.0,common_100k,0.0005,first,21000.0,True,100000.0,False,,,,,,,,,,,,,,,,,,,,,,,,,,,,,,
data/precomputed/fig05/learning_threshold_crossings.csv,,3MIDD_207,,,,,,,,,,,,,,,,,,,,,,,,,,,,,,,,,,,,,,,,,,,,,,,,,,,,,,,,,,,,,,,,,,,,,,,,,,,,,3.0,common_100k,0.0005,persistent_three_regular,25000.0,True,100000.0,False,,,,,,,,,,,,,,,,,,,,,,,,,,,,,,
data/precomputed/fig05/learning_threshold_crossings.csv,,3MIDD_207,,,,,,,,,,,,,,,,,,,,,,,,,,,,,,,,,,,,,,,,,,,,,,,,,,,,,,,,,,,,,,,,,,,,,,,,,,,,,3.0,common_100k,0.001,first,33000.0,True,100000.0,False,,,,,,,,,,,,,,,,,,,,,,,,,,,,,,
data/precomputed/fig05/learning_threshold_crossings.csv,,3MIDD_207,,,,,,,,,,,,,,,,,,,,,,,,,,,,,,,,,,,,,,,,,,,,,,,,,,,,,,,,,,,,,,,,,,,,,,,,,,,,,3.0,common_100k,0.001,persistent_three_regular,33000.0,True,100000.0,False,,,,,,,,,,,,,,,,,,,,,,,,,,,,,,
data/precomputed/fig05/learning_threshold_crossings.csv,,3MIDD_207,,,,,,,,,,,,,,,,,,,,,,,,,,,,,,,,,,,,,,,,,,,,,,,,,,,,,,,,,,,,,,,,,,,,,,,,,,,,,3.0,common_100k,0.002,first,37000.0,True,100000.0,False,,,,,,,,,,,,,,,,,,,,,,,,,,,,,,
data/precomputed/fig05/learning_threshold_crossings.csv,,3MIDD_207,,,,,,,,,,,,,,,,,,,,,,,,,,,,,,,,,,,,,,,,,,,,,,,,,,,,,,,,,,,,,,,,,,,,,,,,,,,,,3.0,common_100k,0.002,persistent_three_regular,41000.0,True,100000.0,False,,,,,,,,,,,,,,,,,,,,,,,,,,,,,,
data/precomputed/fig05/learning_threshold_crossings.csv,,3MIDD_207,,,,,,,,,,,,,,,,,,,,,,,,,,,,,,,,,,,,,,,,,,,,,,,,,,,,,,,,,,,,,,,,,,,,,,,,,,,,,3.0,common_100k,0.005,first,,False,100000.0,False,,,,,,,,,,,,,,,,,,,,,,,,,,,,,,
data/precomputed/fig05/learning_threshold_crossings.csv,,3MIDD_207,,,,,,,,,,,,,,,,,,,,,,,,,,,,,,,,,,,,,,,,,,,,,,,,,,,,,,,,,,,,,,,,,,,,,,,,,,,,,3.0,common_100k,0.005,persistent_three_regular,,False,100000.0,False,,,,,,,,,,,,,,,,,,,,,,,,,,,,,,
data/precomputed/fig05/learning_threshold_crossings.csv,,3MIDD_207,,,,,,,,,,,,,,,,,,,,,,,,,,,,,,,,,,,,,,,,,,,,,,,,,,,,,,,,,,,,,,,,,,,,,,,,,,,,,3.0,full_followup,0.0005,first,21000.0,True,250000.0,False,,,,,,,,,,,,,,,,,,,,,,,,,,,,,,
data/precomputed/fig05/learning_threshold_crossings.csv,,3MIDD_207,,,,,,,,,,,,,,,,,,,,,,,,,,,,,,,,,,,,,,,,,,,,,,,,,,,,,,,,,,,,,,,,,,,,,,,,,,,,,3.0,full_followup,0.0005,persistent_three_regular,25000.0,True,250000.0,False,,,,,,,,,,,,,,,,,,,,,,,,,,,,,,
data/precomputed/fig05/learning_threshold_crossings.csv,,3MIDD_207,,,,,,,,,,,,,,,,,,,,,,,,,,,,,,,,,,,,,,,,,,,,,,,,,,,,,,,,,,,,,,,,,,,,,,,,,,,,,3.0,full_followup,0.001,first,33000.0,True,250000.0,False,,,,,,,,,,,,,,,,,,,,,,,,,,,,,,
data/precomputed/fig05/learning_threshold_crossings.csv,,3MIDD_207,,,,,,,,,,,,,,,,,,,,,,,,,,,,,,,,,,,,,,,,,,,,,,,,,,,,,,,,,,,,,,,,,,,,,,,,,,,,,3.0,full_followup,0.001,persistent_three_regular,33000.0,True,250000.0,False,,,,,,,,,,,,,,,,,,,,,,,,,,,,,,
data/precomputed/fig05/learning_threshold_crossings.csv,,3MIDD_207,,,,,,,,,,,,,,,,,,,,,,,,,,,,,,,,,,,,,,,,,,,,,,,,,,,,,,,,,,,,,,,,,,,,,,,,,,,,,3.0,full_followup,0.002,first,37000.0,True,250000.0,False,,,,,,,,,,,,,,,,,,,,,,,,,,,,,,
data/precomputed/fig05/learning_threshold_crossings.csv,,3MIDD_207,,,,,,,,,,,,,,,,,,,,,,,,,,,,,,,,,,,,,,,,,,,,,,,,,,,,,,,,,,,,,,,,,,,,,,,,,,,,,3.0,full_followup,0.002,persistent_three_regular,41000.0,True,250000.0,False,,,,,,,,,,,,,,,,,,,,,,,,,,,,,,
data/precomputed/fig05/learning_threshold_crossings.csv,,3MIDD_207,,,,,,,,,,,,,,,,,,,,,,,,,,,,,,,,,,,,,,,,,,,,,,,,,,,,,,,,,,,,,,,,,,,,,,,,,,,,,3.0,full_followup,0.005,first,197000.0,True,250000.0,False,,,,,,,,,,,,,,,,,,,,,,,,,,,,,,
data/precomputed/fig05/learning_threshold_crossings.csv,,3MIDD_207,,,,,,,,,,,,,,,,,,,,,,,,,,,,,,,,,,,,,,,,,,,,,,,,,,,,,,,,,,,,,,,,,,,,,,,,,,,,,3.0,full_followup,0.005,persistent_three_regular,209000.0,True,250000.0,False,,,,,,,,,,,,,,,,,,,,,,,,,,,,,,
data/precomputed/fig05/learning_threshold_crossings.csv,,4MIDD_085_170,,,,,,,,,,,,,,,,,,,,,,,,,,,,,,,,,,,,,,,,,,,,,,,,,,,,,,,,,,,,,,,,,,,,,,,,,,,,,3.0,common_100k,0.0005,first,21000.0,True,100000.0,False,,,,,,,,,,,,,,,,,,,,,,,,,,,,,,
data/precomputed/fig05/learning_threshold_crossings.csv,,4MIDD_085_170,,,,,,,,,,,,,,,,,,,,,,,,,,,,,,,,,,,,,,,,,,,,,,,,,,,,,,,,,,,,,,,,,,,,,,,,,,,,,3.0,common_100k,0.0005,persistent_three_regular,42000.0,True,100000.0,False,,,,,,,,,,,,,,,,,,,,,,,,,,,,,,
data/precomputed/fig05/learning_threshold_crossings.csv,,4MIDD_085_170,,,,,,,,,,,,,,,,,,,,,,,,,,,,,,,,,,,,,,,,,,,,,,,,,,,,,,,,,,,,,,,,,,,,,,,,,,,,,3.0,common_100k,0.001,first,21000.0,True,100000.0,False,,,,,,,,,,,,,,,,,,,,,,,,,,,,,,
data/precomputed/fig05/learning_threshold_crossings.csv,,4MIDD_085_170,,,,,,,,,,,,,,,,,,,,,,,,,,,,,,,,,,,,,,,,,,,,,,,,,,,,,,,,,,,,,,,,,,,,,,,,,,,,,3.0,common_100k,0.001,persistent_three_regular,50000.0,True,100000.0,False,,,,,,,,,,,,,,,,,,,,,,,,,,,,,,
data/precomputed/fig05/learning_threshold_crossings.csv,,4MIDD_085_170,,,,,,,,,,,,,,,,,,,,,,,,,,,,,,,,,,,,,,,,,,,,,,,,,,,,,,,,,,,,,,,,,,,,,,,,,,,,,3.0,common_100k,0.002,first,55000.0,True,100000.0,False,,,,,,,,,,,,,,,,,,,,,,,,,,,,,,
data/precomputed/fig05/learning_threshold_crossings.csv,,4MIDD_085_170,,,,,,,,,,,,,,,,,,,,,,,,,,,,,,,,,,,,,,,,,,,,,,,,,,,,,,,,,,,,,,,,,,,,,,,,,,,,,3.0,common_100k,0.002,persistent_three_regular,73000.0,True,100000.0,False,,,,,,,,,,,,,,,,,,,,,,,,,,,,,,
data/precomputed/fig05/learning_threshold_crossings.csv,,4MIDD_085_170,,,,,,,,,,,,,,,,,,,,,,,,,,,,,,,,,,,,,,,,,,,,,,,,,,,,,,,,,,,,,,,,,,,,,,,,,,,,,3.0,common_100k,0.005,first,,False,100000.0,False,,,,,,,,,,,,,,,,,,,,,,,,,,,,,,
data/precomputed/fig05/learning_threshold_crossings.csv,,4MIDD_085_170,,,,,,,,,,,,,,,,,,,,,,,,,,,,,,,,,,,,,,,,,,,,,,,,,,,,,,,,,,,,,,,,,,,,,,,,,,,,,3.0,common_100k,0.005,persistent_three_regular,,False,100000.0,False,,,,,,,,,,,,,,,,,,,,,,,,,,,,,,
data/precomputed/fig05/learning_threshold_crossings.csv,,4MIDD_085_170,,,,,,,,,,,,,,,,,,,,,,,,,,,,,,,,,,,,,,,,,,,,,,,,,,,,,,,,,,,,,,,,,,,,,,,,,,,,,3.0,full_followup,0.0005,first,21000.0,True,250000.0,False,,,,,,,,,,,,,,,,,,,,,,,,,,,,,,
data/precomputed/fig05/learning_threshold_crossings.csv,,4MIDD_085_170,,,,,,,,,,,,,,,,,,,,,,,,,,,,,,,,,,,,,,,,,,,,,,,,,,,,,,,,,,,,,,,,,,,,,,,,,,,,,3.0,full_followup,0.0005,persistent_three_regular,42000.0,True,250000.0,False,,,,,,,,,,,,,,,,,,,,,,,,,,,,,,
data/precomputed/fig05/learning_threshold_crossings.csv,,4MIDD_085_170,,,,,,,,,,,,,,,,,,,,,,,,,,,,,,,,,,,,,,,,,,,,,,,,,,,,,,,,,,,,,,,,,,,,,,,,,,,,,3.0,full_followup,0.001,first,21000.0,True,250000.0,False,,,,,,,,,,,,,,,,,,,,,,,,,,,,,,
data/precomputed/fig05/learning_threshold_crossings.csv,,4MIDD_085_170,,,,,,,,,,,,,,,,,,,,,,,,,,,,,,,,,,,,,,,,,,,,,,,,,,,,,,,,,,,,,,,,,,,,,,,,,,,,,3.0,full_followup,0.001,persistent_three_regular,50000.0,True,250000.0,False,,,,,,,,,,,,,,,,,,,,,,,,,,,,,,
data/precomputed/fig05/learning_threshold_crossings.csv,,4MIDD_085_170,,,,,,,,,,,,,,,,,,,,,,,,,,,,,,,,,,,,,,,,,,,,,,,,,,,,,,,,,,,,,,,,,,,,,,,,,,,,,3.0,full_followup,0.002,first,55000.0,True,250000.0,False,,,,,,,,,,,,,,,,,,,,,,,,,,,,,,
data/precomputed/fig05/learning_threshold_crossings.csv,,4MIDD_085_170,,,,,,,,,,,,,,,,,,,,,,,,,,,,,,,,,,,,,,,,,,,,,,,,,,,,,,,,,,,,,,,,,,,,,,,,,,,,,3.0,full_followup,0.002,persistent_three_regular,73000.0,True,250000.0,False,,,,,,,,,,,,,,,,,,,,,,,,,,,,,,
data/precomputed/fig05/learning_threshold_crossings.csv,,4MIDD_085_170,,,,,,,,,,,,,,,,,,,,,,,,,,,,,,,,,,,,,,,,,,,,,,,,,,,,,,,,,,,,,,,,,,,,,,,,,,,,,3.0,full_followup,0.005,first,,False,250000.0,False,,,,,,,,,,,,,,,,,,,,,,,,,,,,,,
data/precomputed/fig05/learning_threshold_crossings.csv,,4MIDD_085_170,,,,,,,,,,,,,,,,,,,,,,,,,,,,,,,,,,,,,,,,,,,,,,,,,,,,,,,,,,,,,,,,,,,,,,,,,,,,,3.0,full_followup,0.005,persistent_three_regular,,False,250000.0,False,,,,,,,,,,,,,,,,,,,,,,,,,,,,,,
data/precomputed/fig05/learning_threshold_crossings.csv,,3MIDD_048,,,,,,,,,,,,,,,,,,,,,,,,,,,,,,,,,,,,,,,,,,,,,,,,,,,,,,,,,,,,,,,,,,,,,,,,,,,,,4.0,common_100k,0.0005,first,21000.0,True,100000.0,False,,,,,,,,,,,,,,,,,,,,,,,,,,,,,,
data/precomputed/fig05/learning_threshold_crossings.csv,,3MIDD_048,,,,,,,,,,,,,,,,,,,,,,,,,,,,,,,,,,,,,,,,,,,,,,,,,,,,,,,,,,,,,,,,,,,,,,,,,,,,,4.0,common_100k,0.0005,persistent_three_regular,21000.0,True,100000.0,False,,,,,,,,,,,,,,,,,,,,,,,,,,,,,,
data/precomputed/fig05/learning_threshold_crossings.csv,,3MIDD_048,,,,,,,,,,,,,,,,,,,,,,,,,,,,,,,,,,,,,,,,,,,,,,,,,,,,,,,,,,,,,,,,,,,,,,,,,,,,,4.0,common_100k,0.001,first,25000.0,True,100000.0,False,,,,,,,,,,,,,,,,,,,,,,,,,,,,,,
data/precomputed/fig05/learning_threshold_crossings.csv,,3MIDD_048,,,,,,,,,,,,,,,,,,,,,,,,,,,,,,,,,,,,,,,,,,,,,,,,,,,,,,,,,,,,,,,,,,,,,,,,,,,,,4.0,common_100k,0.001,persistent_three_regular,25000.0,True,100000.0,False,,,,,,,,,,,,,,,,,,,,,,,,,,,,,,
data/precomputed/fig05/learning_threshold_crossings.csv,,3MIDD_048,,,,,,,,,,,,,,,,,,,,,,,,,,,,,,,,,,,,,,,,,,,,,,,,,,,,,,,,,,,,,,,,,,,,,,,,,,,,,4.0,common_100k,0.002,first,26000.0,True,100000.0,False,,,,,,,,,,,,,,,,,,,,,,,,,,,,,,
data/precomputed/fig05/learning_threshold_crossings.csv,,3MIDD_048,,,,,,,,,,,,,,,,,,,,,,,,,,,,,,,,,,,,,,,,,,,,,,,,,,,,,,,,,,,,,,,,,,,,,,,,,,,,,4.0,common_100k,0.002,persistent_three_regular,26000.0,True,100000.0,False,,,,,,,,,,,,,,,,,,,,,,,,,,,,,,
data/precomputed/fig05/learning_threshold_crossings.csv,,3MIDD_048,,,,,,,,,,,,,,,,,,,,,,,,,,,,,,,,,,,,,,,,,,,,,,,,,,,,,,,,,,,,,,,,,,,,,,,,,,,,,4.0,common_100k,0.005,first,31000.0,True,100000.0,False,,,,,,,,,,,,,,,,,,,,,,,,,,,,,,
data/precomputed/fig05/learning_threshold_crossings.csv,,3MIDD_048,,,,,,,,,,,,,,,,,,,,,,,,,,,,,,,,,,,,,,,,,,,,,,,,,,,,,,,,,,,,,,,,,,,,,,,,,,,,,4.0,common_100k,0.005,persistent_three_regular,31000.0,True,100000.0,False,,,,,,,,,,,,,,,,,,,,,,,,,,,,,,
data/precomputed/fig05/learning_threshold_crossings.csv,,3MIDD_048,,,,,,,,,,,,,,,,,,,,,,,,,,,,,,,,,,,,,,,,,,,,,,,,,,,,,,,,,,,,,,,,,,,,,,,,,,,,,4.0,full_followup,0.0005,first,21000.0,True,100000.0,False,,,,,,,,,,,,,,,,,,,,,,,,,,,,,,
data/precomputed/fig05/learning_threshold_crossings.csv,,3MIDD_048,,,,,,,,,,,,,,,,,,,,,,,,,,,,,,,,,,,,,,,,,,,,,,,,,,,,,,,,,,,,,,,,,,,,,,,,,,,,,4.0,full_followup,0.0005,persistent_three_regular,21000.0,True,100000.0,False,,,,,,,,,,,,,,,,,,,,,,,,,,,,,,
data/precomputed/fig05/learning_threshold_crossings.csv,,3MIDD_048,,,,,,,,,,,,,,,,,,,,,,,,,,,,,,,,,,,,,,,,,,,,,,,,,,,,,,,,,,,,,,,,,,,,,,,,,,,,,4.0,full_followup,0.001,first,25000.0,True,100000.0,False,,,,,,,,,,,,,,,,,,,,,,,,,,,,,,
data/precomputed/fig05/learning_threshold_crossings.csv,,3MIDD_048,,,,,,,,,,,,,,,,,,,,,,,,,,,,,,,,,,,,,,,,,,,,,,,,,,,,,,,,,,,,,,,,,,,,,,,,,,,,,4.0,full_followup,0.001,persistent_three_regular,25000.0,True,100000.0,False,,,,,,,,,,,,,,,,,,,,,,,,,,,,,,
data/precomputed/fig05/learning_threshold_crossings.csv,,3MIDD_048,,,,,,,,,,,,,,,,,,,,,,,,,,,,,,,,,,,,,,,,,,,,,,,,,,,,,,,,,,,,,,,,,,,,,,,,,,,,,4.0,full_followup,0.002,first,26000.0,True,100000.0,False,,,,,,,,,,,,,,,,,,,,,,,,,,,,,,
data/precomputed/fig05/learning_threshold_crossings.csv,,3MIDD_048,,,,,,,,,,,,,,,,,,,,,,,,,,,,,,,,,,,,,,,,,,,,,,,,,,,,,,,,,,,,,,,,,,,,,,,,,,,,,4.0,full_followup,0.002,persistent_three_regular,26000.0,True,100000.0,False,,,,,,,,,,,,,,,,,,,,,,,,,,,,,,
data/precomputed/fig05/learning_threshold_crossings.csv,,3MIDD_048,,,,,,,,,,,,,,,,,,,,,,,,,,,,,,,,,,,,,,,,,,,,,,,,,,,,,,,,,,,,,,,,,,,,,,,,,,,,,4.0,full_followup,0.005,first,31000.0,True,100000.0,False,,,,,,,,,,,,,,,,,,,,,,,,,,,,,,
data/precomputed/fig05/learning_threshold_crossings.csv,,3MIDD_048,,,,,,,,,,,,,,,,,,,,,,,,,,,,,,,,,,,,,,,,,,,,,,,,,,,,,,,,,,,,,,,,,,,,,,,,,,,,,4.0,full_followup,0.005,persistent_three_regular,31000.0,True,100000.0,False,,,,,,,,,,,,,,,,,,,,,,,,,,,,,,
data/precomputed/fig05/learning_threshold_crossings.csv,,3MIDD_207,,,,,,,,,,,,,,,,,,,,,,,,,,,,,,,,,,,,,,,,,,,,,,,,,,,,,,,,,,,,,,,,,,,,,,,,,,,,,4.0,common_100k,0.0005,first,23000.0,True,100000.0,False,,,,,,,,,,,,,,,,,,,,,,,,,,,,,,
data/precomputed/fig05/learning_threshold_crossings.csv,,3MIDD_207,,,,,,,,,,,,,,,,,,,,,,,,,,,,,,,,,,,,,,,,,,,,,,,,,,,,,,,,,,,,,,,,,,,,,,,,,,,,,4.0,common_100k,0.0005,persistent_three_regular,23000.0,True,100000.0,False,,,,,,,,,,,,,,,,,,,,,,,,,,,,,,
data/precomputed/fig05/learning_threshold_crossings.csv,,3MIDD_207,,,,,,,,,,,,,,,,,,,,,,,,,,,,,,,,,,,,,,,,,,,,,,,,,,,,,,,,,,,,,,,,,,,,,,,,,,,,,4.0,common_100k,0.001,first,27000.0,True,100000.0,False,,,,,,,,,,,,,,,,,,,,,,,,,,,,,,
data/precomputed/fig05/learning_threshold_crossings.csv,,3MIDD_207,,,,,,,,,,,,,,,,,,,,,,,,,,,,,,,,,,,,,,,,,,,,,,,,,,,,,,,,,,,,,,,,,,,,,,,,,,,,,4.0,common_100k,0.001,persistent_three_regular,27000.0,True,100000.0,False,,,,,,,,,,,,,,,,,,,,,,,,,,,,,,
data/precomputed/fig05/learning_threshold_crossings.csv,,3MIDD_207,,,,,,,,,,,,,,,,,,,,,,,,,,,,,,,,,,,,,,,,,,,,,,,,,,,,,,,,,,,,,,,,,,,,,,,,,,,,,4.0,common_100k,0.002,first,27000.0,True,100000.0,False,,,,,,,,,,,,,,,,,,,,,,,,,,,,,,
data/precomputed/fig05/learning_threshold_crossings.csv,,3MIDD_207,,,,,,,,,,,,,,,,,,,,,,,,,,,,,,,,,,,,,,,,,,,,,,,,,,,,,,,,,,,,,,,,,,,,,,,,,,,,,4.0,common_100k,0.002,persistent_three_regular,35000.0,True,100000.0,False,,,,,,,,,,,,,,,,,,,,,,,,,,,,,,
data/precomputed/fig05/learning_threshold_crossings.csv,,3MIDD_207,,,,,,,,,,,,,,,,,,,,,,,,,,,,,,,,,,,,,,,,,,,,,,,,,,,,,,,,,,,,,,,,,,,,,,,,,,,,,4.0,common_100k,0.005,first,28000.0,True,100000.0,False,,,,,,,,,,,,,,,,,,,,,,,,,,,,,,
data/precomputed/fig05/learning_threshold_crossings.csv,,3MIDD_207,,,,,,,,,,,,,,,,,,,,,,,,,,,,,,,,,,,,,,,,,,,,,,,,,,,,,,,,,,,,,,,,,,,,,,,,,,,,,4.0,common_100k,0.005,persistent_three_regular,36000.0,True,100000.0,False,,,,,,,,,,,,,,,,,,,,,,,,,,,,,,
data/precomputed/fig05/learning_threshold_crossings.csv,,3MIDD_207,,,,,,,,,,,,,,,,,,,,,,,,,,,,,,,,,,,,,,,,,,,,,,,,,,,,,,,,,,,,,,,,,,,,,,,,,,,,,4.0,full_followup,0.0005,first,23000.0,True,100000.0,False,,,,,,,,,,,,,,,,,,,,,,,,,,,,,,
data/precomputed/fig05/learning_threshold_crossings.csv,,3MIDD_207,,,,,,,,,,,,,,,,,,,,,,,,,,,,,,,,,,,,,,,,,,,,,,,,,,,,,,,,,,,,,,,,,,,,,,,,,,,,,4.0,full_followup,0.0005,persistent_three_regular,23000.0,True,100000.0,False,,,,,,,,,,,,,,,,,,,,,,,,,,,,,,
data/precomputed/fig05/learning_threshold_crossings.csv,,3MIDD_207,,,,,,,,,,,,,,,,,,,,,,,,,,,,,,,,,,,,,,,,,,,,,,,,,,,,,,,,,,,,,,,,,,,,,,,,,,,,,4.0,full_followup,0.001,first,27000.0,True,100000.0,False,,,,,,,,,,,,,,,,,,,,,,,,,,,,,,
data/precomputed/fig05/learning_threshold_crossings.csv,,3MIDD_207,,,,,,,,,,,,,,,,,,,,,,,,,,,,,,,,,,,,,,,,,,,,,,,,,,,,,,,,,,,,,,,,,,,,,,,,,,,,,4.0,full_followup,0.001,persistent_three_regular,27000.0,True,100000.0,False,,,,,,,,,,,,,,,,,,,,,,,,,,,,,,
data/precomputed/fig05/learning_threshold_crossings.csv,,3MIDD_207,,,,,,,,,,,,,,,,,,,,,,,,,,,,,,,,,,,,,,,,,,,,,,,,,,,,,,,,,,,,,,,,,,,,,,,,,,,,,4.0,full_followup,0.002,first,27000.0,True,100000.0,False,,,,,,,,,,,,,,,,,,,,,,,,,,,,,,
data/precomputed/fig05/learning_threshold_crossings.csv,,3MIDD_207,,,,,,,,,,,,,,,,,,,,,,,,,,,,,,,,,,,,,,,,,,,,,,,,,,,,,,,,,,,,,,,,,,,,,,,,,,,,,4.0,full_followup,0.002,persistent_three_regular,35000.0,True,100000.0,False,,,,,,,,,,,,,,,,,,,,,,,,,,,,,,
data/precomputed/fig05/learning_threshold_crossings.csv,,3MIDD_207,,,,,,,,,,,,,,,,,,,,,,,,,,,,,,,,,,,,,,,,,,,,,,,,,,,,,,,,,,,,,,,,,,,,,,,,,,,,,4.0,full_followup,0.005,first,28000.0,True,100000.0,False,,,,,,,,,,,,,,,,,,,,,,,,,,,,,,
data/precomputed/fig05/learning_threshold_crossings.csv,,3MIDD_207,,,,,,,,,,,,,,,,,,,,,,,,,,,,,,,,,,,,,,,,,,,,,,,,,,,,,,,,,,,,,,,,,,,,,,,,,,,,,4.0,full_followup,0.005,persistent_three_regular,36000.0,True,100000.0,False,,,,,,,,,,,,,,,,,,,,,,,,,,,,,,
data/precomputed/fig05/learning_threshold_crossings.csv,,4MIDD_085_170,,,,,,,,,,,,,,,,,,,,,,,,,,,,,,,,,,,,,,,,,,,,,,,,,,,,,,,,,,,,,,,,,,,,,,,,,,,,,4.0,common_100k,0.0005,first,21000.0,True,100000.0,False,,,,,,,,,,,,,,,,,,,,,,,,,,,,,,
data/precomputed/fig05/learning_threshold_crossings.csv,,4MIDD_085_170,,,,,,,,,,,,,,,,,,,,,,,,,,,,,,,,,,,,,,,,,,,,,,,,,,,,,,,,,,,,,,,,,,,,,,,,,,,,,4.0,common_100k,0.0005,persistent_three_regular,29000.0,True,100000.0,False,,,,,,,,,,,,,,,,,,,,,,,,,,,,,,
data/precomputed/fig05/learning_threshold_crossings.csv,,4MIDD_085_170,,,,,,,,,,,,,,,,,,,,,,,,,,,,,,,,,,,,,,,,,,,,,,,,,,,,,,,,,,,,,,,,,,,,,,,,,,,,,4.0,common_100k,0.001,first,26000.0,True,100000.0,False,,,,,,,,,,,,,,,,,,,,,,,,,,,,,,
data/precomputed/fig05/learning_threshold_crossings.csv,,4MIDD_085_170,,,,,,,,,,,,,,,,,,,,,,,,,,,,,,,,,,,,,,,,,,,,,,,,,,,,,,,,,,,,,,,,,,,,,,,,,,,,,4.0,common_100k,0.001,persistent_three_regular,29000.0,True,100000.0,False,,,,,,,,,,,,,,,,,,,,,,,,,,,,,,
data/precomputed/fig05/learning_threshold_crossings.csv,,4MIDD_085_170,,,,,,,,,,,,,,,,,,,,,,,,,,,,,,,,,,,,,,,,,,,,,,,,,,,,,,,,,,,,,,,,,,,,,,,,,,,,,4.0,common_100k,0.002,first,26000.0,True,100000.0,False,,,,,,,,,,,,,,,,,,,,,,,,,,,,,,
data/precomputed/fig05/learning_threshold_crossings.csv,,4MIDD_085_170,,,,,,,,,,,,,,,,,,,,,,,,,,,,,,,,,,,,,,,,,,,,,,,,,,,,,,,,,,,,,,,,,,,,,,,,,,,,,4.0,common_100k,0.002,persistent_three_regular,29000.0,True,100000.0,False,,,,,,,,,,,,,,,,,,,,,,,,,,,,,,
data/precomputed/fig05/learning_threshold_crossings.csv,,4MIDD_085_170,,,,,,,,,,,,,,,,,,,,,,,,,,,,,,,,,,,,,,,,,,,,,,,,,,,,,,,,,,,,,,,,,,,,,,,,,,,,,4.0,common_100k,0.005,first,31000.0,True,100000.0,False,,,,,,,,,,,,,,,,,,,,,,,,,,,,,,
data/precomputed/fig05/learning_threshold_crossings.csv,,4MIDD_085_170,,,,,,,,,,,,,,,,,,,,,,,,,,,,,,,,,,,,,,,,,,,,,,,,,,,,,,,,,,,,,,,,,,,,,,,,,,,,,4.0,common_100k,0.005,persistent_three_regular,31000.0,True,100000.0,False,,,,,,,,,,,,,,,,,,,,,,,,,,,,,,
data/precomputed/fig05/learning_threshold_crossings.csv,,4MIDD_085_170,,,,,,,,,,,,,,,,,,,,,,,,,,,,,,,,,,,,,,,,,,,,,,,,,,,,,,,,,,,,,,,,,,,,,,,,,,,,,4.0,full_followup,0.0005,first,21000.0,True,100000.0,False,,,,,,,,,,,,,,,,,,,,,,,,,,,,,,
data/precomputed/fig05/learning_threshold_crossings.csv,,4MIDD_085_170,,,,,,,,,,,,,,,,,,,,,,,,,,,,,,,,,,,,,,,,,,,,,,,,,,,,,,,,,,,,,,,,,,,,,,,,,,,,,4.0,full_followup,0.0005,persistent_three_regular,29000.0,True,100000.0,False,,,,,,,,,,,,,,,,,,,,,,,,,,,,,,
data/precomputed/fig05/learning_threshold_crossings.csv,,4MIDD_085_170,,,,,,,,,,,,,,,,,,,,,,,,,,,,,,,,,,,,,,,,,,,,,,,,,,,,,,,,,,,,,,,,,,,,,,,,,,,,,4.0,full_followup,0.001,first,26000.0,True,100000.0,False,,,,,,,,,,,,,,,,,,,,,,,,,,,,,,
data/precomputed/fig05/learning_threshold_crossings.csv,,4MIDD_085_170,,,,,,,,,,,,,,,,,,,,,,,,,,,,,,,,,,,,,,,,,,,,,,,,,,,,,,,,,,,,,,,,,,,,,,,,,,,,,4.0,full_followup,0.001,persistent_three_regular,29000.0,True,100000.0,False,,,,,,,,,,,,,,,,,,,,,,,,,,,,,,
data/precomputed/fig05/learning_threshold_crossings.csv,,4MIDD_085_170,,,,,,,,,,,,,,,,,,,,,,,,,,,,,,,,,,,,,,,,,,,,,,,,,,,,,,,,,,,,,,,,,,,,,,,,,,,,,4.0,full_followup,0.002,first,26000.0,True,100000.0,False,,,,,,,,,,,,,,,,,,,,,,,,,,,,,,
data/precomputed/fig05/learning_threshold_crossings.csv,,4MIDD_085_170,,,,,,,,,,,,,,,,,,,,,,,,,,,,,,,,,,,,,,,,,,,,,,,,,,,,,,,,,,,,,,,,,,,,,,,,,,,,,4.0,full_followup,0.002,persistent_three_regular,29000.0,True,100000.0,False,,,,,,,,,,,,,,,,,,,,,,,,,,,,,,
data/precomputed/fig05/learning_threshold_crossings.csv,,4MIDD_085_170,,,,,,,,,,,,,,,,,,,,,,,,,,,,,,,,,,,,,,,,,,,,,,,,,,,,,,,,,,,,,,,,,,,,,,,,,,,,,4.0,full_followup,0.005,first,31000.0,True,100000.0,False,,,,,,,,,,,,,,,,,,,,,,,,,,,,,,
data/precomputed/fig05/learning_threshold_crossings.csv,,4MIDD_085_170,,,,,,,,,,,,,,,,,,,,,,,,,,,,,,,,,,,,,,,,,,,,,,,,,,,,,,,,,,,,,,,,,,,,,,,,,,,,,4.0,full_followup,0.005,persistent_three_regular,31000.0,True,100000.0,False,,,,,,,,,,,,,,,,,,,,,,,,,,,,,,
data/precomputed/fig05/learning_threshold_crossings.csv,,3MIDD_048,,,,,,,,,,,,,,,,,,,,,,,,,,,,,,,,,,,,,,,,,,,,,,,,,,,,,,,,,,,,,,,,,,,,,,,,,,,,,5.0,common_100k,0.0005,first,31000.0,True,100000.0,False,,,,,,,,,,,,,,,,,,,,,,,,,,,,,,
data/precomputed/fig05/learning_threshold_crossings.csv,,3MIDD_048,,,,,,,,,,,,,,,,,,,,,,,,,,,,,,,,,,,,,,,,,,,,,,,,,,,,,,,,,,,,,,,,,,,,,,,,,,,,,5.0,common_100k,0.0005,persistent_three_regular,31000.0,True,100000.0,False,,,,,,,,,,,,,,,,,,,,,,,,,,,,,,
data/precomputed/fig05/learning_threshold_crossings.csv,,3MIDD_048,,,,,,,,,,,,,,,,,,,,,,,,,,,,,,,,,,,,,,,,,,,,,,,,,,,,,,,,,,,,,,,,,,,,,,,,,,,,,5.0,common_100k,0.001,first,31000.0,True,100000.0,False,,,,,,,,,,,,,,,,,,,,,,,,,,,,,,
data/precomputed/fig05/learning_threshold_crossings.csv,,3MIDD_048,,,,,,,,,,,,,,,,,,,,,,,,,,,,,,,,,,,,,,,,,,,,,,,,,,,,,,,,,,,,,,,,,,,,,,,,,,,,,5.0,common_100k,0.001,persistent_three_regular,31000.0,True,100000.0,False,,,,,,,,,,,,,,,,,,,,,,,,,,,,,,
data/precomputed/fig05/learning_threshold_crossings.csv,,3MIDD_048,,,,,,,,,,,,,,,,,,,,,,,,,,,,,,,,,,,,,,,,,,,,,,,,,,,,,,,,,,,,,,,,,,,,,,,,,,,,,5.0,common_100k,0.002,first,33000.0,True,100000.0,False,,,,,,,,,,,,,,,,,,,,,,,,,,,,,,
data/precomputed/fig05/learning_threshold_crossings.csv,,3MIDD_048,,,,,,,,,,,,,,,,,,,,,,,,,,,,,,,,,,,,,,,,,,,,,,,,,,,,,,,,,,,,,,,,,,,,,,,,,,,,,5.0,common_100k,0.002,persistent_three_regular,35000.0,True,100000.0,False,,,,,,,,,,,,,,,,,,,,,,,,,,,,,,
data/precomputed/fig05/learning_threshold_crossings.csv,,3MIDD_048,,,,,,,,,,,,,,,,,,,,,,,,,,,,,,,,,,,,,,,,,,,,,,,,,,,,,,,,,,,,,,,,,,,,,,,,,,,,,5.0,common_100k,0.005,first,38000.0,True,100000.0,False,,,,,,,,,,,,,,,,,,,,,,,,,,,,,,
data/precomputed/fig05/learning_threshold_crossings.csv,,3MIDD_048,,,,,,,,,,,,,,,,,,,,,,,,,,,,,,,,,,,,,,,,,,,,,,,,,,,,,,,,,,,,,,,,,,,,,,,,,,,,,5.0,common_100k,0.005,persistent_three_regular,61000.0,True,100000.0,False,,,,,,,,,,,,,,,,,,,,,,,,,,,,,,
data/precomputed/fig05/learning_threshold_crossings.csv,,3MIDD_048,,,,,,,,,,,,,,,,,,,,,,,,,,,,,,,,,,,,,,,,,,,,,,,,,,,,,,,,,,,,,,,,,,,,,,,,,,,,,5.0,full_followup,0.0005,first,31000.0,True,100000.0,False,,,,,,,,,,,,,,,,,,,,,,,,,,,,,,
data/precomputed/fig05/learning_threshold_crossings.csv,,3MIDD_048,,,,,,,,,,,,,,,,,,,,,,,,,,,,,,,,,,,,,,,,,,,,,,,,,,,,,,,,,,,,,,,,,,,,,,,,,,,,,5.0,full_followup,0.0005,persistent_three_regular,31000.0,True,100000.0,False,,,,,,,,,,,,,,,,,,,,,,,,,,,,,,
data/precomputed/fig05/learning_threshold_crossings.csv,,3MIDD_048,,,,,,,,,,,,,,,,,,,,,,,,,,,,,,,,,,,,,,,,,,,,,,,,,,,,,,,,,,,,,,,,,,,,,,,,,,,,,5.0,full_followup,0.001,first,31000.0,True,100000.0,False,,,,,,,,,,,,,,,,,,,,,,,,,,,,,,
data/precomputed/fig05/learning_threshold_crossings.csv,,3MIDD_048,,,,,,,,,,,,,,,,,,,,,,,,,,,,,,,,,,,,,,,,,,,,,,,,,,,,,,,,,,,,,,,,,,,,,,,,,,,,,5.0,full_followup,0.001,persistent_three_regular,31000.0,True,100000.0,False,,,,,,,,,,,,,,,,,,,,,,,,,,,,,,
data/precomputed/fig05/learning_threshold_crossings.csv,,3MIDD_048,,,,,,,,,,,,,,,,,,,,,,,,,,,,,,,,,,,,,,,,,,,,,,,,,,,,,,,,,,,,,,,,,,,,,,,,,,,,,5.0,full_followup,0.002,first,33000.0,True,100000.0,False,,,,,,,,,,,,,,,,,,,,,,,,,,,,,,
data/precomputed/fig05/learning_threshold_crossings.csv,,3MIDD_048,,,,,,,,,,,,,,,,,,,,,,,,,,,,,,,,,,,,,,,,,,,,,,,,,,,,,,,,,,,,,,,,,,,,,,,,,,,,,5.0,full_followup,0.002,persistent_three_regular,35000.0,True,100000.0,False,,,,,,,,,,,,,,,,,,,,,,,,,,,,,,
data/precomputed/fig05/learning_threshold_crossings.csv,,3MIDD_048,,,,,,,,,,,,,,,,,,,,,,,,,,,,,,,,,,,,,,,,,,,,,,,,,,,,,,,,,,,,,,,,,,,,,,,,,,,,,5.0,full_followup,0.005,first,38000.0,True,100000.0,False,,,,,,,,,,,,,,,,,,,,,,,,,,,,,,
data/precomputed/fig05/learning_threshold_crossings.csv,,3MIDD_048,,,,,,,,,,,,,,,,,,,,,,,,,,,,,,,,,,,,,,,,,,,,,,,,,,,,,,,,,,,,,,,,,,,,,,,,,,,,,5.0,full_followup,0.005,persistent_three_regular,61000.0,True,100000.0,False,,,,,,,,,,,,,,,,,,,,,,,,,,,,,,
data/precomputed/fig05/learning_threshold_crossings.csv,,3MIDD_207,,,,,,,,,,,,,,,,,,,,,,,,,,,,,,,,,,,,,,,,,,,,,,,,,,,,,,,,,,,,,,,,,,,,,,,,,,,,,5.0,common_100k,0.0005,first,27000.0,True,100000.0,False,,,,,,,,,,,,,,,,,,,,,,,,,,,,,,
data/precomputed/fig05/learning_threshold_crossings.csv,,3MIDD_207,,,,,,,,,,,,,,,,,,,,,,,,,,,,,,,,,,,,,,,,,,,,,,,,,,,,,,,,,,,,,,,,,,,,,,,,,,,,,5.0,common_100k,0.0005,persistent_three_regular,31000.0,True,100000.0,False,,,,,,,,,,,,,,,,,,,,,,,,,,,,,,
data/precomputed/fig05/learning_threshold_crossings.csv,,3MIDD_207,,,,,,,,,,,,,,,,,,,,,,,,,,,,,,,,,,,,,,,,,,,,,,,,,,,,,,,,,,,,,,,,,,,,,,,,,,,,,5.0,common_100k,0.001,first,32000.0,True,100000.0,False,,,,,,,,,,,,,,,,,,,,,,,,,,,,,,
data/precomputed/fig05/learning_threshold_crossings.csv,,3MIDD_207,,,,,,,,,,,,,,,,,,,,,,,,,,,,,,,,,,,,,,,,,,,,,,,,,,,,,,,,,,,,,,,,,,,,,,,,,,,,,5.0,common_100k,0.001,persistent_three_regular,35000.0,True,100000.0,False,,,,,,,,,,,,,,,,,,,,,,,,,,,,,,
data/precomputed/fig05/learning_threshold_crossings.csv,,3MIDD_207,,,,,,,,,,,,,,,,,,,,,,,,,,,,,,,,,,,,,,,,,,,,,,,,,,,,,,,,,,,,,,,,,,,,,,,,,,,,,5.0,common_100k,0.002,first,33000.0,True,100000.0,False,,,,,,,,,,,,,,,,,,,,,,,,,,,,,,
data/precomputed/fig05/learning_threshold_crossings.csv,,3MIDD_207,,,,,,,,,,,,,,,,,,,,,,,,,,,,,,,,,,,,,,,,,,,,,,,,,,,,,,,,,,,,,,,,,,,,,,,,,,,,,5.0,common_100k,0.002,persistent_three_regular,35000.0,True,100000.0,False,,,,,,,,,,,,,,,,,,,,,,,,,,,,,,
data/precomputed/fig05/learning_threshold_crossings.csv,,3MIDD_207,,,,,,,,,,,,,,,,,,,,,,,,,,,,,,,,,,,,,,,,,,,,,,,,,,,,,,,,,,,,,,,,,,,,,,,,,,,,,5.0,common_100k,0.005,first,35000.0,True,100000.0,False,,,,,,,,,,,,,,,,,,,,,,,,,,,,,,
data/precomputed/fig05/learning_threshold_crossings.csv,,3MIDD_207,,,,,,,,,,,,,,,,,,,,,,,,,,,,,,,,,,,,,,,,,,,,,,,,,,,,,,,,,,,,,,,,,,,,,,,,,,,,,5.0,common_100k,0.005,persistent_three_regular,50000.0,True,100000.0,False,,,,,,,,,,,,,,,,,,,,,,,,,,,,,,
data/precomputed/fig05/learning_threshold_crossings.csv,,3MIDD_207,,,,,,,,,,,,,,,,,,,,,,,,,,,,,,,,,,,,,,,,,,,,,,,,,,,,,,,,,,,,,,,,,,,,,,,,,,,,,5.0,full_followup,0.0005,first,27000.0,True,100000.0,False,,,,,,,,,,,,,,,,,,,,,,,,,,,,,,
data/precomputed/fig05/learning_threshold_crossings.csv,,3MIDD_207,,,,,,,,,,,,,,,,,,,,,,,,,,,,,,,,,,,,,,,,,,,,,,,,,,,,,,,,,,,,,,,,,,,,,,,,,,,,,5.0,full_followup,0.0005,persistent_three_regular,31000.0,True,100000.0,False,,,,,,,,,,,,,,,,,,,,,,,,,,,,,,
data/precomputed/fig05/learning_threshold_crossings.csv,,3MIDD_207,,,,,,,,,,,,,,,,,,,,,,,,,,,,,,,,,,,,,,,,,,,,,,,,,,,,,,,,,,,,,,,,,,,,,,,,,,,,,5.0,full_followup,0.001,first,32000.0,True,100000.0,False,,,,,,,,,,,,,,,,,,,,,,,,,,,,,,
data/precomputed/fig05/learning_threshold_crossings.csv,,3MIDD_207,,,,,,,,,,,,,,,,,,,,,,,,,,,,,,,,,,,,,,,,,,,,,,,,,,,,,,,,,,,,,,,,,,,,,,,,,,,,,5.0,full_followup,0.001,persistent_three_regular,35000.0,True,100000.0,False,,,,,,,,,,,,,,,,,,,,,,,,,,,,,,
data/precomputed/fig05/learning_threshold_crossings.csv,,3MIDD_207,,,,,,,,,,,,,,,,,,,,,,,,,,,,,,,,,,,,,,,,,,,,,,,,,,,,,,,,,,,,,,,,,,,,,,,,,,,,,5.0,full_followup,0.002,first,33000.0,True,100000.0,False,,,,,,,,,,,,,,,,,,,,,,,,,,,,,,
data/precomputed/fig05/learning_threshold_crossings.csv,,3MIDD_207,,,,,,,,,,,,,,,,,,,,,,,,,,,,,,,,,,,,,,,,,,,,,,,,,,,,,,,,,,,,,,,,,,,,,,,,,,,,,5.0,full_followup,0.002,persistent_three_regular,35000.0,True,100000.0,False,,,,,,,,,,,,,,,,,,,,,,,,,,,,,,
data/precomputed/fig05/learning_threshold_crossings.csv,,3MIDD_207,,,,,,,,,,,,,,,,,,,,,,,,,,,,,,,,,,,,,,,,,,,,,,,,,,,,,,,,,,,,,,,,,,,,,,,,,,,,,5.0,full_followup,0.005,first,35000.0,True,100000.0,False,,,,,,,,,,,,,,,,,,,,,,,,,,,,,,
data/precomputed/fig05/learning_threshold_crossings.csv,,3MIDD_207,,,,,,,,,,,,,,,,,,,,,,,,,,,,,,,,,,,,,,,,,,,,,,,,,,,,,,,,,,,,,,,,,,,,,,,,,,,,,5.0,full_followup,0.005,persistent_three_regular,50000.0,True,100000.0,False,,,,,,,,,,,,,,,,,,,,,,,,,,,,,,
data/precomputed/fig05/learning_threshold_crossings.csv,,4MIDD_085_170,,,,,,,,,,,,,,,,,,,,,,,,,,,,,,,,,,,,,,,,,,,,,,,,,,,,,,,,,,,,,,,,,,,,,,,,,,,,,5.0,common_100k,0.0005,first,32000.0,True,100000.0,False,,,,,,,,,,,,,,,,,,,,,,,,,,,,,,
data/precomputed/fig05/learning_threshold_crossings.csv,,4MIDD_085_170,,,,,,,,,,,,,,,,,,,,,,,,,,,,,,,,,,,,,,,,,,,,,,,,,,,,,,,,,,,,,,,,,,,,,,,,,,,,,5.0,common_100k,0.0005,persistent_three_regular,32000.0,True,100000.0,False,,,,,,,,,,,,,,,,,,,,,,,,,,,,,,
data/precomputed/fig05/learning_threshold_crossings.csv,,4MIDD_085_170,,,,,,,,,,,,,,,,,,,,,,,,,,,,,,,,,,,,,,,,,,,,,,,,,,,,,,,,,,,,,,,,,,,,,,,,,,,,,5.0,common_100k,0.001,first,32000.0,True,100000.0,False,,,,,,,,,,,,,,,,,,,,,,,,,,,,,,
data/precomputed/fig05/learning_threshold_crossings.csv,,4MIDD_085_170,,,,,,,,,,,,,,,,,,,,,,,,,,,,,,,,,,,,,,,,,,,,,,,,,,,,,,,,,,,,,,,,,,,,,,,,,,,,,5.0,common_100k,0.001,persistent_three_regular,32000.0,True,100000.0,False,,,,,,,,,,,,,,,,,,,,,,,,,,,,,,
data/precomputed/fig05/learning_threshold_crossings.csv,,4MIDD_085_170,,,,,,,,,,,,,,,,,,,,,,,,,,,,,,,,,,,,,,,,,,,,,,,,,,,,,,,,,,,,,,,,,,,,,,,,,,,,,5.0,common_100k,0.002,first,32000.0,True,100000.0,False,,,,,,,,,,,,,,,,,,,,,,,,,,,,,,
data/precomputed/fig05/learning_threshold_crossings.csv,,4MIDD_085_170,,,,,,,,,,,,,,,,,,,,,,,,,,,,,,,,,,,,,,,,,,,,,,,,,,,,,,,,,,,,,,,,,,,,,,,,,,,,,5.0,common_100k,0.002,persistent_three_regular,32000.0,True,100000.0,False,,,,,,,,,,,,,,,,,,,,,,,,,,,,,,
data/precomputed/fig05/learning_threshold_crossings.csv,,4MIDD_085_170,,,,,,,,,,,,,,,,,,,,,,,,,,,,,,,,,,,,,,,,,,,,,,,,,,,,,,,,,,,,,,,,,,,,,,,,,,,,,5.0,common_100k,0.005,first,35000.0,True,100000.0,False,,,,,,,,,,,,,,,,,,,,,,,,,,,,,,
data/precomputed/fig05/learning_threshold_crossings.csv,,4MIDD_085_170,,,,,,,,,,,,,,,,,,,,,,,,,,,,,,,,,,,,,,,,,,,,,,,,,,,,,,,,,,,,,,,,,,,,,,,,,,,,,5.0,common_100k,0.005,persistent_three_regular,68000.0,True,100000.0,False,,,,,,,,,,,,,,,,,,,,,,,,,,,,,,
data/precomputed/fig05/learning_threshold_crossings.csv,,4MIDD_085_170,,,,,,,,,,,,,,,,,,,,,,,,,,,,,,,,,,,,,,,,,,,,,,,,,,,,,,,,,,,,,,,,,,,,,,,,,,,,,5.0,full_followup,0.0005,first,32000.0,True,100000.0,False,,,,,,,,,,,,,,,,,,,,,,,,,,,,,,
data/precomputed/fig05/learning_threshold_crossings.csv,,4MIDD_085_170,,,,,,,,,,,,,,,,,,,,,,,,,,,,,,,,,,,,,,,,,,,,,,,,,,,,,,,,,,,,,,,,,,,,,,,,,,,,,5.0,full_followup,0.0005,persistent_three_regular,32000.0,True,100000.0,False,,,,,,,,,,,,,,,,,,,,,,,,,,,,,,
data/precomputed/fig05/learning_threshold_crossings.csv,,4MIDD_085_170,,,,,,,,,,,,,,,,,,,,,,,,,,,,,,,,,,,,,,,,,,,,,,,,,,,,,,,,,,,,,,,,,,,,,,,,,,,,,5.0,full_followup,0.001,first,32000.0,True,100000.0,False,,,,,,,,,,,,,,,,,,,,,,,,,,,,,,
data/precomputed/fig05/learning_threshold_crossings.csv,,4MIDD_085_170,,,,,,,,,,,,,,,,,,,,,,,,,,,,,,,,,,,,,,,,,,,,,,,,,,,,,,,,,,,,,,,,,,,,,,,,,,,,,5.0,full_followup,0.001,persistent_three_regular,32000.0,True,100000.0,False,,,,,,,,,,,,,,,,,,,,,,,,,,,,,,
data/precomputed/fig05/learning_threshold_crossings.csv,,4MIDD_085_170,,,,,,,,,,,,,,,,,,,,,,,,,,,,,,,,,,,,,,,,,,,,,,,,,,,,,,,,,,,,,,,,,,,,,,,,,,,,,5.0,full_followup,0.002,first,32000.0,True,100000.0,False,,,,,,,,,,,,,,,,,,,,,,,,,,,,,,
data/precomputed/fig05/learning_threshold_crossings.csv,,4MIDD_085_170,,,,,,,,,,,,,,,,,,,,,,,,,,,,,,,,,,,,,,,,,,,,,,,,,,,,,,,,,,,,,,,,,,,,,,,,,,,,,5.0,full_followup,0.002,persistent_three_regular,32000.0,True,100000.0,False,,,,,,,,,,,,,,,,,,,,,,,,,,,,,,
data/precomputed/fig05/learning_threshold_crossings.csv,,4MIDD_085_170,,,,,,,,,,,,,,,,,,,,,,,,,,,,,,,,,,,,,,,,,,,,,,,,,,,,,,,,,,,,,,,,,,,,,,,,,,,,,5.0,full_followup,0.005,first,35000.0,True,100000.0,False,,,,,,,,,,,,,,,,,,,,,,,,,,,,,,
data/precomputed/fig05/learning_threshold_crossings.csv,,4MIDD_085_170,,,,,,,,,,,,,,,,,,,,,,,,,,,,,,,,,,,,,,,,,,,,,,,,,,,,,,,,,,,,,,,,,,,,,,,,,,,,,5.0,full_followup,0.005,persistent_three_regular,68000.0,True,100000.0,False,,,,,,,,,,,,,,,,,,,,,,,,,,,,,,
data/precomputed/fig05/learning_threshold_crossings.csv,,3MIDD_048,,,,,,,,,,,,,,,,,,,,,,,,,,,,,,,,,,,,,,,,,,,,,,,,,,,,,,,,,,,,,,,,,,,,,,,,,,,,,6.0,common_100k,0.0005,first,20000.0,True,100000.0,False,,,,,,,,,,,,,,,,,,,,,,,,,,,,,,
data/precomputed/fig05/learning_threshold_crossings.csv,,3MIDD_048,,,,,,,,,,,,,,,,,,,,,,,,,,,,,,,,,,,,,,,,,,,,,,,,,,,,,,,,,,,,,,,,,,,,,,,,,,,,,6.0,common_100k,0.0005,persistent_three_regular,28000.0,True,100000.0,False,,,,,,,,,,,,,,,,,,,,,,,,,,,,,,
data/precomputed/fig05/learning_threshold_crossings.csv,,3MIDD_048,,,,,,,,,,,,,,,,,,,,,,,,,,,,,,,,,,,,,,,,,,,,,,,,,,,,,,,,,,,,,,,,,,,,,,,,,,,,,6.0,common_100k,0.001,first,29000.0,True,100000.0,False,,,,,,,,,,,,,,,,,,,,,,,,,,,,,,
data/precomputed/fig05/learning_threshold_crossings.csv,,3MIDD_048,,,,,,,,,,,,,,,,,,,,,,,,,,,,,,,,,,,,,,,,,,,,,,,,,,,,,,,,,,,,,,,,,,,,,,,,,,,,,6.0,common_100k,0.001,persistent_three_regular,29000.0,True,100000.0,False,,,,,,,,,,,,,,,,,,,,,,,,,,,,,,
data/precomputed/fig05/learning_threshold_crossings.csv,,3MIDD_048,,,,,,,,,,,,,,,,,,,,,,,,,,,,,,,,,,,,,,,,,,,,,,,,,,,,,,,,,,,,,,,,,,,,,,,,,,,,,6.0,common_100k,0.002,first,29000.0,True,100000.0,False,,,,,,,,,,,,,,,,,,,,,,,,,,,,,,
data/precomputed/fig05/learning_threshold_crossings.csv,,3MIDD_048,,,,,,,,,,,,,,,,,,,,,,,,,,,,,,,,,,,,,,,,,,,,,,,,,,,,,,,,,,,,,,,,,,,,,,,,,,,,,6.0,common_100k,0.002,persistent_three_regular,29000.0,True,100000.0,False,,,,,,,,,,,,,,,,,,,,,,,,,,,,,,
data/precomputed/fig05/learning_threshold_crossings.csv,,3MIDD_048,,,,,,,,,,,,,,,,,,,,,,,,,,,,,,,,,,,,,,,,,,,,,,,,,,,,,,,,,,,,,,,,,,,,,,,,,,,,,6.0,common_100k,0.005,first,30000.0,True,100000.0,False,,,,,,,,,,,,,,,,,,,,,,,,,,,,,,
data/precomputed/fig05/learning_threshold_crossings.csv,,3MIDD_048,,,,,,,,,,,,,,,,,,,,,,,,,,,,,,,,,,,,,,,,,,,,,,,,,,,,,,,,,,,,,,,,,,,,,,,,,,,,,6.0,common_100k,0.005,persistent_three_regular,32000.0,True,100000.0,False,,,,,,,,,,,,,,,,,,,,,,,,,,,,,,
data/precomputed/fig05/learning_threshold_crossings.csv,,3MIDD_048,,,,,,,,,,,,,,,,,,,,,,,,,,,,,,,,,,,,,,,,,,,,,,,,,,,,,,,,,,,,,,,,,,,,,,,,,,,,,6.0,full_followup,0.0005,first,20000.0,True,100000.0,False,,,,,,,,,,,,,,,,,,,,,,,,,,,,,,
data/precomputed/fig05/learning_threshold_crossings.csv,,3MIDD_048,,,,,,,,,,,,,,,,,,,,,,,,,,,,,,,,,,,,,,,,,,,,,,,,,,,,,,,,,,,,,,,,,,,,,,,,,,,,,6.0,full_followup,0.0005,persistent_three_regular,28000.0,True,100000.0,False,,,,,,,,,,,,,,,,,,,,,,,,,,,,,,
data/precomputed/fig05/learning_threshold_crossings.csv,,3MIDD_048,,,,,,,,,,,,,,,,,,,,,,,,,,,,,,,,,,,,,,,,,,,,,,,,,,,,,,,,,,,,,,,,,,,,,,,,,,,,,6.0,full_followup,0.001,first,29000.0,True,100000.0,False,,,,,,,,,,,,,,,,,,,,,,,,,,,,,,
data/precomputed/fig05/learning_threshold_crossings.csv,,3MIDD_048,,,,,,,,,,,,,,,,,,,,,,,,,,,,,,,,,,,,,,,,,,,,,,,,,,,,,,,,,,,,,,,,,,,,,,,,,,,,,6.0,full_followup,0.001,persistent_three_regular,29000.0,True,100000.0,False,,,,,,,,,,,,,,,,,,,,,,,,,,,,,,
data/precomputed/fig05/learning_threshold_crossings.csv,,3MIDD_048,,,,,,,,,,,,,,,,,,,,,,,,,,,,,,,,,,,,,,,,,,,,,,,,,,,,,,,,,,,,,,,,,,,,,,,,,,,,,6.0,full_followup,0.002,first,29000.0,True,100000.0,False,,,,,,,,,,,,,,,,,,,,,,,,,,,,,,
data/precomputed/fig05/learning_threshold_crossings.csv,,3MIDD_048,,,,,,,,,,,,,,,,,,,,,,,,,,,,,,,,,,,,,,,,,,,,,,,,,,,,,,,,,,,,,,,,,,,,,,,,,,,,,6.0,full_followup,0.002,persistent_three_regular,29000.0,True,100000.0,False,,,,,,,,,,,,,,,,,,,,,,,,,,,,,,
data/precomputed/fig05/learning_threshold_crossings.csv,,3MIDD_048,,,,,,,,,,,,,,,,,,,,,,,,,,,,,,,,,,,,,,,,,,,,,,,,,,,,,,,,,,,,,,,,,,,,,,,,,,,,,6.0,full_followup,0.005,first,30000.0,True,100000.0,False,,,,,,,,,,,,,,,,,,,,,,,,,,,,,,
data/precomputed/fig05/learning_threshold_crossings.csv,,3MIDD_048,,,,,,,,,,,,,,,,,,,,,,,,,,,,,,,,,,,,,,,,,,,,,,,,,,,,,,,,,,,,,,,,,,,,,,,,,,,,,6.0,full_followup,0.005,persistent_three_regular,32000.0,True,100000.0,False,,,,,,,,,,,,,,,,,,,,,,,,,,,,,,
data/precomputed/fig05/learning_threshold_crossings.csv,,3MIDD_207,,,,,,,,,,,,,,,,,,,,,,,,,,,,,,,,,,,,,,,,,,,,,,,,,,,,,,,,,,,,,,,,,,,,,,,,,,,,,6.0,common_100k,0.0005,first,25000.0,True,100000.0,False,,,,,,,,,,,,,,,,,,,,,,,,,,,,,,
data/precomputed/fig05/learning_threshold_crossings.csv,,3MIDD_207,,,,,,,,,,,,,,,,,,,,,,,,,,,,,,,,,,,,,,,,,,,,,,,,,,,,,,,,,,,,,,,,,,,,,,,,,,,,,6.0,common_100k,0.0005,persistent_three_regular,25000.0,True,100000.0,False,,,,,,,,,,,,,,,,,,,,,,,,,,,,,,
data/precomputed/fig05/learning_threshold_crossings.csv,,3MIDD_207,,,,,,,,,,,,,,,,,,,,,,,,,,,,,,,,,,,,,,,,,,,,,,,,,,,,,,,,,,,,,,,,,,,,,,,,,,,,,6.0,common_100k,0.001,first,27000.0,True,100000.0,False,,,,,,,,,,,,,,,,,,,,,,,,,,,,,,
data/precomputed/fig05/learning_threshold_crossings.csv,,3MIDD_207,,,,,,,,,,,,,,,,,,,,,,,,,,,,,,,,,,,,,,,,,,,,,,,,,,,,,,,,,,,,,,,,,,,,,,,,,,,,,6.0,common_100k,0.001,persistent_three_regular,27000.0,True,100000.0,False,,,,,,,,,,,,,,,,,,,,,,,,,,,,,,
data/precomputed/fig05/learning_threshold_crossings.csv,,3MIDD_207,,,,,,,,,,,,,,,,,,,,,,,,,,,,,,,,,,,,,,,,,,,,,,,,,,,,,,,,,,,,,,,,,,,,,,,,,,,,,6.0,common_100k,0.002,first,29000.0,True,100000.0,False,,,,,,,,,,,,,,,,,,,,,,,,,,,,,,
data/precomputed/fig05/learning_threshold_crossings.csv,,3MIDD_207,,,,,,,,,,,,,,,,,,,,,,,,,,,,,,,,,,,,,,,,,,,,,,,,,,,,,,,,,,,,,,,,,,,,,,,,,,,,,6.0,common_100k,0.002,persistent_three_regular,31000.0,True,100000.0,False,,,,,,,,,,,,,,,,,,,,,,,,,,,,,,
data/precomputed/fig05/learning_threshold_crossings.csv,,3MIDD_207,,,,,,,,,,,,,,,,,,,,,,,,,,,,,,,,,,,,,,,,,,,,,,,,,,,,,,,,,,,,,,,,,,,,,,,,,,,,,6.0,common_100k,0.005,first,31000.0,True,100000.0,False,,,,,,,,,,,,,,,,,,,,,,,,,,,,,,
data/precomputed/fig05/learning_threshold_crossings.csv,,3MIDD_207,,,,,,,,,,,,,,,,,,,,,,,,,,,,,,,,,,,,,,,,,,,,,,,,,,,,,,,,,,,,,,,,,,,,,,,,,,,,,6.0,common_100k,0.005,persistent_three_regular,31000.0,True,100000.0,False,,,,,,,,,,,,,,,,,,,,,,,,,,,,,,
data/precomputed/fig05/learning_threshold_crossings.csv,,3MIDD_207,,,,,,,,,,,,,,,,,,,,,,,,,,,,,,,,,,,,,,,,,,,,,,,,,,,,,,,,,,,,,,,,,,,,,,,,,,,,,6.0,full_followup,0.0005,first,25000.0,True,100000.0,False,,,,,,,,,,,,,,,,,,,,,,,,,,,,,,
data/precomputed/fig05/learning_threshold_crossings.csv,,3MIDD_207,,,,,,,,,,,,,,,,,,,,,,,,,,,,,,,,,,,,,,,,,,,,,,,,,,,,,,,,,,,,,,,,,,,,,,,,,,,,,6.0,full_followup,0.0005,persistent_three_regular,25000.0,True,100000.0,False,,,,,,,,,,,,,,,,,,,,,,,,,,,,,,
data/precomputed/fig05/learning_threshold_crossings.csv,,3MIDD_207,,,,,,,,,,,,,,,,,,,,,,,,,,,,,,,,,,,,,,,,,,,,,,,,,,,,,,,,,,,,,,,,,,,,,,,,,,,,,6.0,full_followup,0.001,first,27000.0,True,100000.0,False,,,,,,,,,,,,,,,,,,,,,,,,,,,,,,
data/precomputed/fig05/learning_threshold_crossings.csv,,3MIDD_207,,,,,,,,,,,,,,,,,,,,,,,,,,,,,,,,,,,,,,,,,,,,,,,,,,,,,,,,,,,,,,,,,,,,,,,,,,,,,6.0,full_followup,0.001,persistent_three_regular,27000.0,True,100000.0,False,,,,,,,,,,,,,,,,,,,,,,,,,,,,,,
data/precomputed/fig05/learning_threshold_crossings.csv,,3MIDD_207,,,,,,,,,,,,,,,,,,,,,,,,,,,,,,,,,,,,,,,,,,,,,,,,,,,,,,,,,,,,,,,,,,,,,,,,,,,,,6.0,full_followup,0.002,first,29000.0,True,100000.0,False,,,,,,,,,,,,,,,,,,,,,,,,,,,,,,
data/precomputed/fig05/learning_threshold_crossings.csv,,3MIDD_207,,,,,,,,,,,,,,,,,,,,,,,,,,,,,,,,,,,,,,,,,,,,,,,,,,,,,,,,,,,,,,,,,,,,,,,,,,,,,6.0,full_followup,0.002,persistent_three_regular,31000.0,True,100000.0,False,,,,,,,,,,,,,,,,,,,,,,,,,,,,,,
data/precomputed/fig05/learning_threshold_crossings.csv,,3MIDD_207,,,,,,,,,,,,,,,,,,,,,,,,,,,,,,,,,,,,,,,,,,,,,,,,,,,,,,,,,,,,,,,,,,,,,,,,,,,,,6.0,full_followup,0.005,first,31000.0,True,100000.0,False,,,,,,,,,,,,,,,,,,,,,,,,,,,,,,
data/precomputed/fig05/learning_threshold_crossings.csv,,3MIDD_207,,,,,,,,,,,,,,,,,,,,,,,,,,,,,,,,,,,,,,,,,,,,,,,,,,,,,,,,,,,,,,,,,,,,,,,,,,,,,6.0,full_followup,0.005,persistent_three_regular,31000.0,True,100000.0,False,,,,,,,,,,,,,,,,,,,,,,,,,,,,,,
data/precomputed/fig05/learning_threshold_crossings.csv,,4MIDD_085_170,,,,,,,,,,,,,,,,,,,,,,,,,,,,,,,,,,,,,,,,,,,,,,,,,,,,,,,,,,,,,,,,,,,,,,,,,,,,,6.0,common_100k,0.0005,first,23000.0,True,100000.0,False,,,,,,,,,,,,,,,,,,,,,,,,,,,,,,
data/precomputed/fig05/learning_threshold_crossings.csv,,4MIDD_085_170,,,,,,,,,,,,,,,,,,,,,,,,,,,,,,,,,,,,,,,,,,,,,,,,,,,,,,,,,,,,,,,,,,,,,,,,,,,,,6.0,common_100k,0.0005,persistent_three_regular,25000.0,True,100000.0,False,,,,,,,,,,,,,,,,,,,,,,,,,,,,,,
data/precomputed/fig05/learning_threshold_crossings.csv,,4MIDD_085_170,,,,,,,,,,,,,,,,,,,,,,,,,,,,,,,,,,,,,,,,,,,,,,,,,,,,,,,,,,,,,,,,,,,,,,,,,,,,,6.0,common_100k,0.001,first,27000.0,True,100000.0,False,,,,,,,,,,,,,,,,,,,,,,,,,,,,,,
data/precomputed/fig05/learning_threshold_crossings.csv,,4MIDD_085_170,,,,,,,,,,,,,,,,,,,,,,,,,,,,,,,,,,,,,,,,,,,,,,,,,,,,,,,,,,,,,,,,,,,,,,,,,,,,,6.0,common_100k,0.001,persistent_three_regular,27000.0,True,100000.0,False,,,,,,,,,,,,,,,,,,,,,,,,,,,,,,
data/precomputed/fig05/learning_threshold_crossings.csv,,4MIDD_085_170,,,,,,,,,,,,,,,,,,,,,,,,,,,,,,,,,,,,,,,,,,,,,,,,,,,,,,,,,,,,,,,,,,,,,,,,,,,,,6.0,common_100k,0.002,first,29000.0,True,100000.0,False,,,,,,,,,,,,,,,,,,,,,,,,,,,,,,
data/precomputed/fig05/learning_threshold_crossings.csv,,4MIDD_085_170,,,,,,,,,,,,,,,,,,,,,,,,,,,,,,,,,,,,,,,,,,,,,,,,,,,,,,,,,,,,,,,,,,,,,,,,,,,,,6.0,common_100k,0.002,persistent_three_regular,36000.0,True,100000.0,False,,,,,,,,,,,,,,,,,,,,,,,,,,,,,,
data/precomputed/fig05/learning_threshold_crossings.csv,,4MIDD_085_170,,,,,,,,,,,,,,,,,,,,,,,,,,,,,,,,,,,,,,,,,,,,,,,,,,,,,,,,,,,,,,,,,,,,,,,,,,,,,6.0,common_100k,0.005,first,38000.0,True,100000.0,False,,,,,,,,,,,,,,,,,,,,,,,,,,,,,,
data/precomputed/fig05/learning_threshold_crossings.csv,,4MIDD_085_170,,,,,,,,,,,,,,,,,,,,,,,,,,,,,,,,,,,,,,,,,,,,,,,,,,,,,,,,,,,,,,,,,,,,,,,,,,,,,6.0,common_100k,0.005,persistent_three_regular,45000.0,True,100000.0,False,,,,,,,,,,,,,,,,,,,,,,,,,,,,,,
data/precomputed/fig05/learning_threshold_crossings.csv,,4MIDD_085_170,,,,,,,,,,,,,,,,,,,,,,,,,,,,,,,,,,,,,,,,,,,,,,,,,,,,,,,,,,,,,,,,,,,,,,,,,,,,,6.0,full_followup,0.0005,first,23000.0,True,100000.0,False,,,,,,,,,,,,,,,,,,,,,,,,,,,,,,
data/precomputed/fig05/learning_threshold_crossings.csv,,4MIDD_085_170,,,,,,,,,,,,,,,,,,,,,,,,,,,,,,,,,,,,,,,,,,,,,,,,,,,,,,,,,,,,,,,,,,,,,,,,,,,,,6.0,full_followup,0.0005,persistent_three_regular,25000.0,True,100000.0,False,,,,,,,,,,,,,,,,,,,,,,,,,,,,,,
data/precomputed/fig05/learning_threshold_crossings.csv,,4MIDD_085_170,,,,,,,,,,,,,,,,,,,,,,,,,,,,,,,,,,,,,,,,,,,,,,,,,,,,,,,,,,,,,,,,,,,,,,,,,,,,,6.0,full_followup,0.001,first,27000.0,True,100000.0,False,,,,,,,,,,,,,,,,,,,,,,,,,,,,,,
data/precomputed/fig05/learning_threshold_crossings.csv,,4MIDD_085_170,,,,,,,,,,,,,,,,,,,,,,,,,,,,,,,,,,,,,,,,,,,,,,,,,,,,,,,,,,,,,,,,,,,,,,,,,,,,,6.0,full_followup,0.001,persistent_three_regular,27000.0,True,100000.0,False,,,,,,,,,,,,,,,,,,,,,,,,,,,,,,
data/precomputed/fig05/learning_threshold_crossings.csv,,4MIDD_085_170,,,,,,,,,,,,,,,,,,,,,,,,,,,,,,,,,,,,,,,,,,,,,,,,,,,,,,,,,,,,,,,,,,,,,,,,,,,,,6.0,full_followup,0.002,first,29000.0,True,100000.0,False,,,,,,,,,,,,,,,,,,,,,,,,,,,,,,
data/precomputed/fig05/learning_threshold_crossings.csv,,4MIDD_085_170,,,,,,,,,,,,,,,,,,,,,,,,,,,,,,,,,,,,,,,,,,,,,,,,,,,,,,,,,,,,,,,,,,,,,,,,,,,,,6.0,full_followup,0.002,persistent_three_regular,36000.0,True,100000.0,False,,,,,,,,,,,,,,,,,,,,,,,,,,,,,,
data/precomputed/fig05/learning_threshold_crossings.csv,,4MIDD_085_170,,,,,,,,,,,,,,,,,,,,,,,,,,,,,,,,,,,,,,,,,,,,,,,,,,,,,,,,,,,,,,,,,,,,,,,,,,,,,6.0,full_followup,0.005,first,38000.0,True,100000.0,False,,,,,,,,,,,,,,,,,,,,,,,,,,,,,,
data/precomputed/fig05/learning_threshold_crossings.csv,,4MIDD_085_170,,,,,,,,,,,,,,,,,,,,,,,,,,,,,,,,,,,,,,,,,,,,,,,,,,,,,,,,,,,,,,,,,,,,,,,,,,,,,6.0,full_followup,0.005,persistent_three_regular,45000.0,True,100000.0,False,,,,,,,,,,,,,,,,,,,,,,,,,,,,,,
data/precomputed/fig05/learning_threshold_crossings.csv,,3MIDD_048,,,,,,,,,,,,,,,,,,,,,,,,,,,,,,,,,,,,,,,,,,,,,,,,,,,,,,,,,,,,,,,,,,,,,,,,,,,,,7.0,common_100k,0.0005,first,28000.0,True,100000.0,False,,,,,,,,,,,,,,,,,,,,,,,,,,,,,,
data/precomputed/fig05/learning_threshold_crossings.csv,,3MIDD_048,,,,,,,,,,,,,,,,,,,,,,,,,,,,,,,,,,,,,,,,,,,,,,,,,,,,,,,,,,,,,,,,,,,,,,,,,,,,,7.0,common_100k,0.0005,persistent_three_regular,49000.0,True,100000.0,False,,,,,,,,,,,,,,,,,,,,,,,,,,,,,,
data/precomputed/fig05/learning_threshold_crossings.csv,,3MIDD_048,,,,,,,,,,,,,,,,,,,,,,,,,,,,,,,,,,,,,,,,,,,,,,,,,,,,,,,,,,,,,,,,,,,,,,,,,,,,,7.0,common_100k,0.001,first,49000.0,True,100000.0,False,,,,,,,,,,,,,,,,,,,,,,,,,,,,,,
data/precomputed/fig05/learning_threshold_crossings.csv,,3MIDD_048,,,,,,,,,,,,,,,,,,,,,,,,,,,,,,,,,,,,,,,,,,,,,,,,,,,,,,,,,,,,,,,,,,,,,,,,,,,,,7.0,common_100k,0.001,persistent_three_regular,52000.0,True,100000.0,False,,,,,,,,,,,,,,,,,,,,,,,,,,,,,,
data/precomputed/fig05/learning_threshold_crossings.csv,,3MIDD_048,,,,,,,,,,,,,,,,,,,,,,,,,,,,,,,,,,,,,,,,,,,,,,,,,,,,,,,,,,,,,,,,,,,,,,,,,,,,,7.0,common_100k,0.002,first,72000.0,True,100000.0,False,,,,,,,,,,,,,,,,,,,,,,,,,,,,,,
data/precomputed/fig05/learning_threshold_crossings.csv,,3MIDD_048,,,,,,,,,,,,,,,,,,,,,,,,,,,,,,,,,,,,,,,,,,,,,,,,,,,,,,,,,,,,,,,,,,,,,,,,,,,,,7.0,common_100k,0.002,persistent_three_regular,72000.0,True,100000.0,False,,,,,,,,,,,,,,,,,,,,,,,,,,,,,,
data/precomputed/fig05/learning_threshold_crossings.csv,,3MIDD_048,,,,,,,,,,,,,,,,,,,,,,,,,,,,,,,,,,,,,,,,,,,,,,,,,,,,,,,,,,,,,,,,,,,,,,,,,,,,,7.0,common_100k,0.005,first,,False,100000.0,False,,,,,,,,,,,,,,,,,,,,,,,,,,,,,,
data/precomputed/fig05/learning_threshold_crossings.csv,,3MIDD_048,,,,,,,,,,,,,,,,,,,,,,,,,,,,,,,,,,,,,,,,,,,,,,,,,,,,,,,,,,,,,,,,,,,,,,,,,,,,,7.0,common_100k,0.005,persistent_three_regular,,False,100000.0,False,,,,,,,,,,,,,,,,,,,,,,,,,,,,,,
data/precomputed/fig05/learning_threshold_crossings.csv,,3MIDD_048,,,,,,,,,,,,,,,,,,,,,,,,,,,,,,,,,,,,,,,,,,,,,,,,,,,,,,,,,,,,,,,,,,,,,,,,,,,,,7.0,full_followup,0.0005,first,28000.0,True,227000.0,False,,,,,,,,,,,,,,,,,,,,,,,,,,,,,,
data/precomputed/fig05/learning_threshold_crossings.csv,,3MIDD_048,,,,,,,,,,,,,,,,,,,,,,,,,,,,,,,,,,,,,,,,,,,,,,,,,,,,,,,,,,,,,,,,,,,,,,,,,,,,,7.0,full_followup,0.0005,persistent_three_regular,49000.0,True,227000.0,False,,,,,,,,,,,,,,,,,,,,,,,,,,,,,,
data/precomputed/fig05/learning_threshold_crossings.csv,,3MIDD_048,,,,,,,,,,,,,,,,,,,,,,,,,,,,,,,,,,,,,,,,,,,,,,,,,,,,,,,,,,,,,,,,,,,,,,,,,,,,,7.0,full_followup,0.001,first,49000.0,True,227000.0,False,,,,,,,,,,,,,,,,,,,,,,,,,,,,,,
data/precomputed/fig05/learning_threshold_crossings.csv,,3MIDD_048,,,,,,,,,,,,,,,,,,,,,,,,,,,,,,,,,,,,,,,,,,,,,,,,,,,,,,,,,,,,,,,,,,,,,,,,,,,,,7.0,full_followup,0.001,persistent_three_regular,52000.0,True,227000.0,False,,,,,,,,,,,,,,,,,,,,,,,,,,,,,,
data/precomputed/fig05/learning_threshold_crossings.csv,,3MIDD_048,,,,,,,,,,,,,,,,,,,,,,,,,,,,,,,,,,,,,,,,,,,,,,,,,,,,,,,,,,,,,,,,,,,,,,,,,,,,,7.0,full_followup,0.002,first,72000.0,True,227000.0,False,,,,,,,,,,,,,,,,,,,,,,,,,,,,,,
data/precomputed/fig05/learning_threshold_crossings.csv,,3MIDD_048,,,,,,,,,,,,,,,,,,,,,,,,,,,,,,,,,,,,,,,,,,,,,,,,,,,,,,,,,,,,,,,,,,,,,,,,,,,,,7.0,full_followup,0.002,persistent_three_regular,72000.0,True,227000.0,False,,,,,,,,,,,,,,,,,,,,,,,,,,,,,,
data/precomputed/fig05/learning_threshold_crossings.csv,,3MIDD_048,,,,,,,,,,,,,,,,,,,,,,,,,,,,,,,,,,,,,,,,,,,,,,,,,,,,,,,,,,,,,,,,,,,,,,,,,,,,,7.0,full_followup,0.005,first,171000.0,True,227000.0,False,,,,,,,,,,,,,,,,,,,,,,,,,,,,,,
data/precomputed/fig05/learning_threshold_crossings.csv,,3MIDD_048,,,,,,,,,,,,,,,,,,,,,,,,,,,,,,,,,,,,,,,,,,,,,,,,,,,,,,,,,,,,,,,,,,,,,,,,,,,,,7.0,full_followup,0.005,persistent_three_regular,,False,227000.0,False,,,,,,,,,,,,,,,,,,,,,,,,,,,,,,
data/precomputed/fig05/learning_threshold_crossings.csv,,3MIDD_207,,,,,,,,,,,,,,,,,,,,,,,,,,,,,,,,,,,,,,,,,,,,,,,,,,,,,,,,,,,,,,,,,,,,,,,,,,,,,7.0,common_100k,0.0005,first,25000.0,True,100000.0,False,,,,,,,,,,,,,,,,,,,,,,,,,,,,,,
data/precomputed/fig05/learning_threshold_crossings.csv,,3MIDD_207,,,,,,,,,,,,,,,,,,,,,,,,,,,,,,,,,,,,,,,,,,,,,,,,,,,,,,,,,,,,,,,,,,,,,,,,,,,,,7.0,common_100k,0.0005,persistent_three_regular,48000.0,True,100000.0,False,,,,,,,,,,,,,,,,,,,,,,,,,,,,,,
data/precomputed/fig05/learning_threshold_crossings.csv,,3MIDD_207,,,,,,,,,,,,,,,,,,,,,,,,,,,,,,,,,,,,,,,,,,,,,,,,,,,,,,,,,,,,,,,,,,,,,,,,,,,,,7.0,common_100k,0.001,first,49000.0,True,100000.0,False,,,,,,,,,,,,,,,,,,,,,,,,,,,,,,
data/precomputed/fig05/learning_threshold_crossings.csv,,3MIDD_207,,,,,,,,,,,,,,,,,,,,,,,,,,,,,,,,,,,,,,,,,,,,,,,,,,,,,,,,,,,,,,,,,,,,,,,,,,,,,7.0,common_100k,0.001,persistent_three_regular,58000.0,True,100000.0,False,,,,,,,,,,,,,,,,,,,,,,,,,,,,,,
data/precomputed/fig05/learning_threshold_crossings.csv,,3MIDD_207,,,,,,,,,,,,,,,,,,,,,,,,,,,,,,,,,,,,,,,,,,,,,,,,,,,,,,,,,,,,,,,,,,,,,,,,,,,,,7.0,common_100k,0.002,first,61000.0,True,100000.0,False,,,,,,,,,,,,,,,,,,,,,,,,,,,,,,
data/precomputed/fig05/learning_threshold_crossings.csv,,3MIDD_207,,,,,,,,,,,,,,,,,,,,,,,,,,,,,,,,,,,,,,,,,,,,,,,,,,,,,,,,,,,,,,,,,,,,,,,,,,,,,7.0,common_100k,0.002,persistent_three_regular,61000.0,True,100000.0,False,,,,,,,,,,,,,,,,,,,,,,,,,,,,,,
data/precomputed/fig05/learning_threshold_crossings.csv,,3MIDD_207,,,,,,,,,,,,,,,,,,,,,,,,,,,,,,,,,,,,,,,,,,,,,,,,,,,,,,,,,,,,,,,,,,,,,,,,,,,,,7.0,common_100k,0.005,first,70000.0,True,100000.0,False,,,,,,,,,,,,,,,,,,,,,,,,,,,,,,
data/precomputed/fig05/learning_threshold_crossings.csv,,3MIDD_207,,,,,,,,,,,,,,,,,,,,,,,,,,,,,,,,,,,,,,,,,,,,,,,,,,,,,,,,,,,,,,,,,,,,,,,,,,,,,7.0,common_100k,0.005,persistent_three_regular,80000.0,True,100000.0,False,,,,,,,,,,,,,,,,,,,,,,,,,,,,,,
data/precomputed/fig05/learning_threshold_crossings.csv,,3MIDD_207,,,,,,,,,,,,,,,,,,,,,,,,,,,,,,,,,,,,,,,,,,,,,,,,,,,,,,,,,,,,,,,,,,,,,,,,,,,,,7.0,full_followup,0.0005,first,25000.0,True,227000.0,False,,,,,,,,,,,,,,,,,,,,,,,,,,,,,,
data/precomputed/fig05/learning_threshold_crossings.csv,,3MIDD_207,,,,,,,,,,,,,,,,,,,,,,,,,,,,,,,,,,,,,,,,,,,,,,,,,,,,,,,,,,,,,,,,,,,,,,,,,,,,,7.0,full_followup,0.0005,persistent_three_regular,48000.0,True,227000.0,False,,,,,,,,,,,,,,,,,,,,,,,,,,,,,,
data/precomputed/fig05/learning_threshold_crossings.csv,,3MIDD_207,,,,,,,,,,,,,,,,,,,,,,,,,,,,,,,,,,,,,,,,,,,,,,,,,,,,,,,,,,,,,,,,,,,,,,,,,,,,,7.0,full_followup,0.001,first,49000.0,True,227000.0,False,,,,,,,,,,,,,,,,,,,,,,,,,,,,,,
data/precomputed/fig05/learning_threshold_crossings.csv,,3MIDD_207,,,,,,,,,,,,,,,,,,,,,,,,,,,,,,,,,,,,,,,,,,,,,,,,,,,,,,,,,,,,,,,,,,,,,,,,,,,,,7.0,full_followup,0.001,persistent_three_regular,58000.0,True,227000.0,False,,,,,,,,,,,,,,,,,,,,,,,,,,,,,,
data/precomputed/fig05/learning_threshold_crossings.csv,,3MIDD_207,,,,,,,,,,,,,,,,,,,,,,,,,,,,,,,,,,,,,,,,,,,,,,,,,,,,,,,,,,,,,,,,,,,,,,,,,,,,,7.0,full_followup,0.002,first,61000.0,True,227000.0,False,,,,,,,,,,,,,,,,,,,,,,,,,,,,,,
data/precomputed/fig05/learning_threshold_crossings.csv,,3MIDD_207,,,,,,,,,,,,,,,,,,,,,,,,,,,,,,,,,,,,,,,,,,,,,,,,,,,,,,,,,,,,,,,,,,,,,,,,,,,,,7.0,full_followup,0.002,persistent_three_regular,61000.0,True,227000.0,False,,,,,,,,,,,,,,,,,,,,,,,,,,,,,,
data/precomputed/fig05/learning_threshold_crossings.csv,,3MIDD_207,,,,,,,,,,,,,,,,,,,,,,,,,,,,,,,,,,,,,,,,,,,,,,,,,,,,,,,,,,,,,,,,,,,,,,,,,,,,,7.0,full_followup,0.005,first,70000.0,True,227000.0,False,,,,,,,,,,,,,,,,,,,,,,,,,,,,,,
data/precomputed/fig05/learning_threshold_crossings.csv,,3MIDD_207,,,,,,,,,,,,,,,,,,,,,,,,,,,,,,,,,,,,,,,,,,,,,,,,,,,,,,,,,,,,,,,,,,,,,,,,,,,,,7.0,full_followup,0.005,persistent_three_regular,80000.0,True,227000.0,False,,,,,,,,,,,,,,,,,,,,,,,,,,,,,,
data/precomputed/fig05/learning_threshold_crossings.csv,,4MIDD_085_170,,,,,,,,,,,,,,,,,,,,,,,,,,,,,,,,,,,,,,,,,,,,,,,,,,,,,,,,,,,,,,,,,,,,,,,,,,,,,7.0,common_100k,0.0005,first,47000.0,True,100000.0,False,,,,,,,,,,,,,,,,,,,,,,,,,,,,,,
data/precomputed/fig05/learning_threshold_crossings.csv,,4MIDD_085_170,,,,,,,,,,,,,,,,,,,,,,,,,,,,,,,,,,,,,,,,,,,,,,,,,,,,,,,,,,,,,,,,,,,,,,,,,,,,,7.0,common_100k,0.0005,persistent_three_regular,47000.0,True,100000.0,False,,,,,,,,,,,,,,,,,,,,,,,,,,,,,,
data/precomputed/fig05/learning_threshold_crossings.csv,,4MIDD_085_170,,,,,,,,,,,,,,,,,,,,,,,,,,,,,,,,,,,,,,,,,,,,,,,,,,,,,,,,,,,,,,,,,,,,,,,,,,,,,7.0,common_100k,0.001,first,51000.0,True,100000.0,False,,,,,,,,,,,,,,,,,,,,,,,,,,,,,,
data/precomputed/fig05/learning_threshold_crossings.csv,,4MIDD_085_170,,,,,,,,,,,,,,,,,,,,,,,,,,,,,,,,,,,,,,,,,,,,,,,,,,,,,,,,,,,,,,,,,,,,,,,,,,,,,7.0,common_100k,0.001,persistent_three_regular,56000.0,True,100000.0,False,,,,,,,,,,,,,,,,,,,,,,,,,,,,,,
data/precomputed/fig05/learning_threshold_crossings.csv,,4MIDD_085_170,,,,,,,,,,,,,,,,,,,,,,,,,,,,,,,,,,,,,,,,,,,,,,,,,,,,,,,,,,,,,,,,,,,,,,,,,,,,,7.0,common_100k,0.002,first,56000.0,True,100000.0,False,,,,,,,,,,,,,,,,,,,,,,,,,,,,,,
data/precomputed/fig05/learning_threshold_crossings.csv,,4MIDD_085_170,,,,,,,,,,,,,,,,,,,,,,,,,,,,,,,,,,,,,,,,,,,,,,,,,,,,,,,,,,,,,,,,,,,,,,,,,,,,,7.0,common_100k,0.002,persistent_three_regular,63000.0,True,100000.0,False,,,,,,,,,,,,,,,,,,,,,,,,,,,,,,
data/precomputed/fig05/learning_threshold_crossings.csv,,4MIDD_085_170,,,,,,,,,,,,,,,,,,,,,,,,,,,,,,,,,,,,,,,,,,,,,,,,,,,,,,,,,,,,,,,,,,,,,,,,,,,,,7.0,common_100k,0.005,first,,False,100000.0,False,,,,,,,,,,,,,,,,,,,,,,,,,,,,,,
data/precomputed/fig05/learning_threshold_crossings.csv,,4MIDD_085_170,,,,,,,,,,,,,,,,,,,,,,,,,,,,,,,,,,,,,,,,,,,,,,,,,,,,,,,,,,,,,,,,,,,,,,,,,,,,,7.0,common_100k,0.005,persistent_three_regular,,False,100000.0,False,,,,,,,,,,,,,,,,,,,,,,,,,,,,,,
data/precomputed/fig05/learning_threshold_crossings.csv,,4MIDD_085_170,,,,,,,,,,,,,,,,,,,,,,,,,,,,,,,,,,,,,,,,,,,,,,,,,,,,,,,,,,,,,,,,,,,,,,,,,,,,,7.0,full_followup,0.0005,first,47000.0,True,227000.0,False,,,,,,,,,,,,,,,,,,,,,,,,,,,,,,
data/precomputed/fig05/learning_threshold_crossings.csv,,4MIDD_085_170,,,,,,,,,,,,,,,,,,,,,,,,,,,,,,,,,,,,,,,,,,,,,,,,,,,,,,,,,,,,,,,,,,,,,,,,,,,,,7.0,full_followup,0.0005,persistent_three_regular,47000.0,True,227000.0,False,,,,,,,,,,,,,,,,,,,,,,,,,,,,,,
data/precomputed/fig05/learning_threshold_crossings.csv,,4MIDD_085_170,,,,,,,,,,,,,,,,,,,,,,,,,,,,,,,,,,,,,,,,,,,,,,,,,,,,,,,,,,,,,,,,,,,,,,,,,,,,,7.0,full_followup,0.001,first,51000.0,True,227000.0,False,,,,,,,,,,,,,,,,,,,,,,,,,,,,,,
data/precomputed/fig05/learning_threshold_crossings.csv,,4MIDD_085_170,,,,,,,,,,,,,,,,,,,,,,,,,,,,,,,,,,,,,,,,,,,,,,,,,,,,,,,,,,,,,,,,,,,,,,,,,,,,,7.0,full_followup,0.001,persistent_three_regular,56000.0,True,227000.0,False,,,,,,,,,,,,,,,,,,,,,,,,,,,,,,
data/precomputed/fig05/learning_threshold_crossings.csv,,4MIDD_085_170,,,,,,,,,,,,,,,,,,,,,,,,,,,,,,,,,,,,,,,,,,,,,,,,,,,,,,,,,,,,,,,,,,,,,,,,,,,,,7.0,full_followup,0.002,first,56000.0,True,227000.0,False,,,,,,,,,,,,,,,,,,,,,,,,,,,,,,
data/precomputed/fig05/learning_threshold_crossings.csv,,4MIDD_085_170,,,,,,,,,,,,,,,,,,,,,,,,,,,,,,,,,,,,,,,,,,,,,,,,,,,,,,,,,,,,,,,,,,,,,,,,,,,,,7.0,full_followup,0.002,persistent_three_regular,63000.0,True,227000.0,False,,,,,,,,,,,,,,,,,,,,,,,,,,,,,,
data/precomputed/fig05/learning_threshold_crossings.csv,,4MIDD_085_170,,,,,,,,,,,,,,,,,,,,,,,,,,,,,,,,,,,,,,,,,,,,,,,,,,,,,,,,,,,,,,,,,,,,,,,,,,,,,7.0,full_followup,0.005,first,,False,227000.0,False,,,,,,,,,,,,,,,,,,,,,,,,,,,,,,
data/precomputed/fig05/learning_threshold_crossings.csv,,4MIDD_085_170,,,,,,,,,,,,,,,,,,,,,,,,,,,,,,,,,,,,,,,,,,,,,,,,,,,,,,,,,,,,,,,,,,,,,,,,,,,,,7.0,full_followup,0.005,persistent_three_regular,,False,227000.0,False,,,,,,,,,,,,,,,,,,,,,,,,,,,,,,
data/precomputed/fig05/learning_threshold_crossings.csv,,3MIDD_048,,,,,,,,,,,,,,,,,,,,,,,,,,,,,,,,,,,,,,,,,,,,,,,,,,,,,,,,,,,,,,,,,,,,,,,,,,,,,8.0,common_100k,0.0005,first,39000.0,True,100000.0,False,,,,,,,,,,,,,,,,,,,,,,,,,,,,,,
data/precomputed/fig05/learning_threshold_crossings.csv,,3MIDD_048,,,,,,,,,,,,,,,,,,,,,,,,,,,,,,,,,,,,,,,,,,,,,,,,,,,,,,,,,,,,,,,,,,,,,,,,,,,,,8.0,common_100k,0.0005,persistent_three_regular,39000.0,True,100000.0,False,,,,,,,,,,,,,,,,,,,,,,,,,,,,,,
data/precomputed/fig05/learning_threshold_crossings.csv,,3MIDD_048,,,,,,,,,,,,,,,,,,,,,,,,,,,,,,,,,,,,,,,,,,,,,,,,,,,,,,,,,,,,,,,,,,,,,,,,,,,,,8.0,common_100k,0.001,first,40000.0,True,100000.0,False,,,,,,,,,,,,,,,,,,,,,,,,,,,,,,
data/precomputed/fig05/learning_threshold_crossings.csv,,3MIDD_048,,,,,,,,,,,,,,,,,,,,,,,,,,,,,,,,,,,,,,,,,,,,,,,,,,,,,,,,,,,,,,,,,,,,,,,,,,,,,8.0,common_100k,0.001,persistent_three_regular,49000.0,True,100000.0,False,,,,,,,,,,,,,,,,,,,,,,,,,,,,,,
data/precomputed/fig05/learning_threshold_crossings.csv,,3MIDD_048,,,,,,,,,,,,,,,,,,,,,,,,,,,,,,,,,,,,,,,,,,,,,,,,,,,,,,,,,,,,,,,,,,,,,,,,,,,,,8.0,common_100k,0.002,first,50000.0,True,100000.0,False,,,,,,,,,,,,,,,,,,,,,,,,,,,,,,
data/precomputed/fig05/learning_threshold_crossings.csv,,3MIDD_048,,,,,,,,,,,,,,,,,,,,,,,,,,,,,,,,,,,,,,,,,,,,,,,,,,,,,,,,,,,,,,,,,,,,,,,,,,,,,8.0,common_100k,0.002,persistent_three_regular,58000.0,True,100000.0,False,,,,,,,,,,,,,,,,,,,,,,,,,,,,,,
data/precomputed/fig05/learning_threshold_crossings.csv,,3MIDD_048,,,,,,,,,,,,,,,,,,,,,,,,,,,,,,,,,,,,,,,,,,,,,,,,,,,,,,,,,,,,,,,,,,,,,,,,,,,,,8.0,common_100k,0.005,first,58000.0,True,100000.0,False,,,,,,,,,,,,,,,,,,,,,,,,,,,,,,
data/precomputed/fig05/learning_threshold_crossings.csv,,3MIDD_048,,,,,,,,,,,,,,,,,,,,,,,,,,,,,,,,,,,,,,,,,,,,,,,,,,,,,,,,,,,,,,,,,,,,,,,,,,,,,8.0,common_100k,0.005,persistent_three_regular,86000.0,True,100000.0,False,,,,,,,,,,,,,,,,,,,,,,,,,,,,,,
data/precomputed/fig05/learning_threshold_crossings.csv,,3MIDD_048,,,,,,,,,,,,,,,,,,,,,,,,,,,,,,,,,,,,,,,,,,,,,,,,,,,,,,,,,,,,,,,,,,,,,,,,,,,,,8.0,full_followup,0.0005,first,39000.0,True,250000.0,False,,,,,,,,,,,,,,,,,,,,,,,,,,,,,,
data/precomputed/fig05/learning_threshold_crossings.csv,,3MIDD_048,,,,,,,,,,,,,,,,,,,,,,,,,,,,,,,,,,,,,,,,,,,,,,,,,,,,,,,,,,,,,,,,,,,,,,,,,,,,,8.0,full_followup,0.0005,persistent_three_regular,39000.0,True,250000.0,False,,,,,,,,,,,,,,,,,,,,,,,,,,,,,,
data/precomputed/fig05/learning_threshold_crossings.csv,,3MIDD_048,,,,,,,,,,,,,,,,,,,,,,,,,,,,,,,,,,,,,,,,,,,,,,,,,,,,,,,,,,,,,,,,,,,,,,,,,,,,,8.0,full_followup,0.001,first,40000.0,True,250000.0,False,,,,,,,,,,,,,,,,,,,,,,,,,,,,,,
data/precomputed/fig05/learning_threshold_crossings.csv,,3MIDD_048,,,,,,,,,,,,,,,,,,,,,,,,,,,,,,,,,,,,,,,,,,,,,,,,,,,,,,,,,,,,,,,,,,,,,,,,,,,,,8.0,full_followup,0.001,persistent_three_regular,49000.0,True,250000.0,False,,,,,,,,,,,,,,,,,,,,,,,,,,,,,,
data/precomputed/fig05/learning_threshold_crossings.csv,,3MIDD_048,,,,,,,,,,,,,,,,,,,,,,,,,,,,,,,,,,,,,,,,,,,,,,,,,,,,,,,,,,,,,,,,,,,,,,,,,,,,,8.0,full_followup,0.002,first,50000.0,True,250000.0,False,,,,,,,,,,,,,,,,,,,,,,,,,,,,,,
data/precomputed/fig05/learning_threshold_crossings.csv,,3MIDD_048,,,,,,,,,,,,,,,,,,,,,,,,,,,,,,,,,,,,,,,,,,,,,,,,,,,,,,,,,,,,,,,,,,,,,,,,,,,,,8.0,full_followup,0.002,persistent_three_regular,58000.0,True,250000.0,False,,,,,,,,,,,,,,,,,,,,,,,,,,,,,,
data/precomputed/fig05/learning_threshold_crossings.csv,,3MIDD_048,,,,,,,,,,,,,,,,,,,,,,,,,,,,,,,,,,,,,,,,,,,,,,,,,,,,,,,,,,,,,,,,,,,,,,,,,,,,,8.0,full_followup,0.005,first,58000.0,True,250000.0,False,,,,,,,,,,,,,,,,,,,,,,,,,,,,,,
data/precomputed/fig05/learning_threshold_crossings.csv,,3MIDD_048,,,,,,,,,,,,,,,,,,,,,,,,,,,,,,,,,,,,,,,,,,,,,,,,,,,,,,,,,,,,,,,,,,,,,,,,,,,,,8.0,full_followup,0.005,persistent_three_regular,86000.0,True,250000.0,False,,,,,,,,,,,,,,,,,,,,,,,,,,,,,,
data/precomputed/fig05/learning_threshold_crossings.csv,,3MIDD_207,,,,,,,,,,,,,,,,,,,,,,,,,,,,,,,,,,,,,,,,,,,,,,,,,,,,,,,,,,,,,,,,,,,,,,,,,,,,,8.0,common_100k,0.0005,first,39000.0,True,100000.0,False,,,,,,,,,,,,,,,,,,,,,,,,,,,,,,
data/precomputed/fig05/learning_threshold_crossings.csv,,3MIDD_207,,,,,,,,,,,,,,,,,,,,,,,,,,,,,,,,,,,,,,,,,,,,,,,,,,,,,,,,,,,,,,,,,,,,,,,,,,,,,8.0,common_100k,0.0005,persistent_three_regular,39000.0,True,100000.0,False,,,,,,,,,,,,,,,,,,,,,,,,,,,,,,
data/precomputed/fig05/learning_threshold_crossings.csv,,3MIDD_207,,,,,,,,,,,,,,,,,,,,,,,,,,,,,,,,,,,,,,,,,,,,,,,,,,,,,,,,,,,,,,,,,,,,,,,,,,,,,8.0,common_100k,0.001,first,41000.0,True,100000.0,False,,,,,,,,,,,,,,,,,,,,,,,,,,,,,,
data/precomputed/fig05/learning_threshold_crossings.csv,,3MIDD_207,,,,,,,,,,,,,,,,,,,,,,,,,,,,,,,,,,,,,,,,,,,,,,,,,,,,,,,,,,,,,,,,,,,,,,,,,,,,,8.0,common_100k,0.001,persistent_three_regular,41000.0,True,100000.0,False,,,,,,,,,,,,,,,,,,,,,,,,,,,,,,
data/precomputed/fig05/learning_threshold_crossings.csv,,3MIDD_207,,,,,,,,,,,,,,,,,,,,,,,,,,,,,,,,,,,,,,,,,,,,,,,,,,,,,,,,,,,,,,,,,,,,,,,,,,,,,8.0,common_100k,0.002,first,42000.0,True,100000.0,False,,,,,,,,,,,,,,,,,,,,,,,,,,,,,,
data/precomputed/fig05/learning_threshold_crossings.csv,,3MIDD_207,,,,,,,,,,,,,,,,,,,,,,,,,,,,,,,,,,,,,,,,,,,,,,,,,,,,,,,,,,,,,,,,,,,,,,,,,,,,,8.0,common_100k,0.002,persistent_three_regular,44000.0,True,100000.0,False,,,,,,,,,,,,,,,,,,,,,,,,,,,,,,
data/precomputed/fig05/learning_threshold_crossings.csv,,3MIDD_207,,,,,,,,,,,,,,,,,,,,,,,,,,,,,,,,,,,,,,,,,,,,,,,,,,,,,,,,,,,,,,,,,,,,,,,,,,,,,8.0,common_100k,0.005,first,45000.0,True,100000.0,False,,,,,,,,,,,,,,,,,,,,,,,,,,,,,,
data/precomputed/fig05/learning_threshold_crossings.csv,,3MIDD_207,,,,,,,,,,,,,,,,,,,,,,,,,,,,,,,,,,,,,,,,,,,,,,,,,,,,,,,,,,,,,,,,,,,,,,,,,,,,,8.0,common_100k,0.005,persistent_three_regular,45000.0,True,100000.0,False,,,,,,,,,,,,,,,,,,,,,,,,,,,,,,
data/precomputed/fig05/learning_threshold_crossings.csv,,3MIDD_207,,,,,,,,,,,,,,,,,,,,,,,,,,,,,,,,,,,,,,,,,,,,,,,,,,,,,,,,,,,,,,,,,,,,,,,,,,,,,8.0,full_followup,0.0005,first,39000.0,True,250000.0,False,,,,,,,,,,,,,,,,,,,,,,,,,,,,,,
data/precomputed/fig05/learning_threshold_crossings.csv,,3MIDD_207,,,,,,,,,,,,,,,,,,,,,,,,,,,,,,,,,,,,,,,,,,,,,,,,,,,,,,,,,,,,,,,,,,,,,,,,,,,,,8.0,full_followup,0.0005,persistent_three_regular,39000.0,True,250000.0,False,,,,,,,,,,,,,,,,,,,,,,,,,,,,,,
data/precomputed/fig05/learning_threshold_crossings.csv,,3MIDD_207,,,,,,,,,,,,,,,,,,,,,,,,,,,,,,,,,,,,,,,,,,,,,,,,,,,,,,,,,,,,,,,,,,,,,,,,,,,,,8.0,full_followup,0.001,first,41000.0,True,250000.0,False,,,,,,,,,,,,,,,,,,,,,,,,,,,,,,
data/precomputed/fig05/learning_threshold_crossings.csv,,3MIDD_207,,,,,,,,,,,,,,,,,,,,,,,,,,,,,,,,,,,,,,,,,,,,,,,,,,,,,,,,,,,,,,,,,,,,,,,,,,,,,8.0,full_followup,0.001,persistent_three_regular,41000.0,True,250000.0,False,,,,,,,,,,,,,,,,,,,,,,,,,,,,,,
data/precomputed/fig05/learning_threshold_crossings.csv,,3MIDD_207,,,,,,,,,,,,,,,,,,,,,,,,,,,,,,,,,,,,,,,,,,,,,,,,,,,,,,,,,,,,,,,,,,,,,,,,,,,,,8.0,full_followup,0.002,first,42000.0,True,250000.0,False,,,,,,,,,,,,,,,,,,,,,,,,,,,,,,
data/precomputed/fig05/learning_threshold_crossings.csv,,3MIDD_207,,,,,,,,,,,,,,,,,,,,,,,,,,,,,,,,,,,,,,,,,,,,,,,,,,,,,,,,,,,,,,,,,,,,,,,,,,,,,8.0,full_followup,0.002,persistent_three_regular,44000.0,True,250000.0,False,,,,,,,,,,,,,,,,,,,,,,,,,,,,,,
data/precomputed/fig05/learning_threshold_crossings.csv,,3MIDD_207,,,,,,,,,,,,,,,,,,,,,,,,,,,,,,,,,,,,,,,,,,,,,,,,,,,,,,,,,,,,,,,,,,,,,,,,,,,,,8.0,full_followup,0.005,first,45000.0,True,250000.0,False,,,,,,,,,,,,,,,,,,,,,,,,,,,,,,
data/precomputed/fig05/learning_threshold_crossings.csv,,3MIDD_207,,,,,,,,,,,,,,,,,,,,,,,,,,,,,,,,,,,,,,,,,,,,,,,,,,,,,,,,,,,,,,,,,,,,,,,,,,,,,8.0,full_followup,0.005,persistent_three_regular,45000.0,True,250000.0,False,,,,,,,,,,,,,,,,,,,,,,,,,,,,,,
data/precomputed/fig05/learning_threshold_crossings.csv,,4MIDD_085_170,,,,,,,,,,,,,,,,,,,,,,,,,,,,,,,,,,,,,,,,,,,,,,,,,,,,,,,,,,,,,,,,,,,,,,,,,,,,,8.0,common_100k,0.0005,first,38000.0,True,100000.0,False,,,,,,,,,,,,,,,,,,,,,,,,,,,,,,
data/precomputed/fig05/learning_threshold_crossings.csv,,4MIDD_085_170,,,,,,,,,,,,,,,,,,,,,,,,,,,,,,,,,,,,,,,,,,,,,,,,,,,,,,,,,,,,,,,,,,,,,,,,,,,,,8.0,common_100k,0.0005,persistent_three_regular,41000.0,True,100000.0,False,,,,,,,,,,,,,,,,,,,,,,,,,,,,,,
data/precomputed/fig05/learning_threshold_crossings.csv,,4MIDD_085_170,,,,,,,,,,,,,,,,,,,,,,,,,,,,,,,,,,,,,,,,,,,,,,,,,,,,,,,,,,,,,,,,,,,,,,,,,,,,,8.0,common_100k,0.001,first,41000.0,True,100000.0,False,,,,,,,,,,,,,,,,,,,,,,,,,,,,,,
data/precomputed/fig05/learning_threshold_crossings.csv,,4MIDD_085_170,,,,,,,,,,,,,,,,,,,,,,,,,,,,,,,,,,,,,,,,,,,,,,,,,,,,,,,,,,,,,,,,,,,,,,,,,,,,,8.0,common_100k,0.001,persistent_three_regular,51000.0,True,100000.0,False,,,,,,,,,,,,,,,,,,,,,,,,,,,,,,
data/precomputed/fig05/learning_threshold_crossings.csv,,4MIDD_085_170,,,,,,,,,,,,,,,,,,,,,,,,,,,,,,,,,,,,,,,,,,,,,,,,,,,,,,,,,,,,,,,,,,,,,,,,,,,,,8.0,common_100k,0.002,first,49000.0,True,100000.0,False,,,,,,,,,,,,,,,,,,,,,,,,,,,,,,
data/precomputed/fig05/learning_threshold_crossings.csv,,4MIDD_085_170,,,,,,,,,,,,,,,,,,,,,,,,,,,,,,,,,,,,,,,,,,,,,,,,,,,,,,,,,,,,,,,,,,,,,,,,,,,,,8.0,common_100k,0.002,persistent_three_regular,54000.0,True,100000.0,False,,,,,,,,,,,,,,,,,,,,,,,,,,,,,,
data/precomputed/fig05/learning_threshold_crossings.csv,,4MIDD_085_170,,,,,,,,,,,,,,,,,,,,,,,,,,,,,,,,,,,,,,,,,,,,,,,,,,,,,,,,,,,,,,,,,,,,,,,,,,,,,8.0,common_100k,0.005,first,54000.0,True,100000.0,False,,,,,,,,,,,,,,,,,,,,,,,,,,,,,,
data/precomputed/fig05/learning_threshold_crossings.csv,,4MIDD_085_170,,,,,,,,,,,,,,,,,,,,,,,,,,,,,,,,,,,,,,,,,,,,,,,,,,,,,,,,,,,,,,,,,,,,,,,,,,,,,8.0,common_100k,0.005,persistent_three_regular,54000.0,True,100000.0,False,,,,,,,,,,,,,,,,,,,,,,,,,,,,,,
data/precomputed/fig05/learning_threshold_crossings.csv,,4MIDD_085_170,,,,,,,,,,,,,,,,,,,,,,,,,,,,,,,,,,,,,,,,,,,,,,,,,,,,,,,,,,,,,,,,,,,,,,,,,,,,,8.0,full_followup,0.0005,first,38000.0,True,250000.0,False,,,,,,,,,,,,,,,,,,,,,,,,,,,,,,
data/precomputed/fig05/learning_threshold_crossings.csv,,4MIDD_085_170,,,,,,,,,,,,,,,,,,,,,,,,,,,,,,,,,,,,,,,,,,,,,,,,,,,,,,,,,,,,,,,,,,,,,,,,,,,,,8.0,full_followup,0.0005,persistent_three_regular,41000.0,True,250000.0,False,,,,,,,,,,,,,,,,,,,,,,,,,,,,,,
data/precomputed/fig05/learning_threshold_crossings.csv,,4MIDD_085_170,,,,,,,,,,,,,,,,,,,,,,,,,,,,,,,,,,,,,,,,,,,,,,,,,,,,,,,,,,,,,,,,,,,,,,,,,,,,,8.0,full_followup,0.001,first,41000.0,True,250000.0,False,,,,,,,,,,,,,,,,,,,,,,,,,,,,,,
data/precomputed/fig05/learning_threshold_crossings.csv,,4MIDD_085_170,,,,,,,,,,,,,,,,,,,,,,,,,,,,,,,,,,,,,,,,,,,,,,,,,,,,,,,,,,,,,,,,,,,,,,,,,,,,,8.0,full_followup,0.001,persistent_three_regular,51000.0,True,250000.0,False,,,,,,,,,,,,,,,,,,,,,,,,,,,,,,
data/precomputed/fig05/learning_threshold_crossings.csv,,4MIDD_085_170,,,,,,,,,,,,,,,,,,,,,,,,,,,,,,,,,,,,,,,,,,,,,,,,,,,,,,,,,,,,,,,,,,,,,,,,,,,,,8.0,full_followup,0.002,first,49000.0,True,250000.0,False,,,,,,,,,,,,,,,,,,,,,,,,,,,,,,
data/precomputed/fig05/learning_threshold_crossings.csv,,4MIDD_085_170,,,,,,,,,,,,,,,,,,,,,,,,,,,,,,,,,,,,,,,,,,,,,,,,,,,,,,,,,,,,,,,,,,,,,,,,,,,,,8.0,full_followup,0.002,persistent_three_regular,54000.0,True,250000.0,False,,,,,,,,,,,,,,,,,,,,,,,,,,,,,,
data/precomputed/fig05/learning_threshold_crossings.csv,,4MIDD_085_170,,,,,,,,,,,,,,,,,,,,,,,,,,,,,,,,,,,,,,,,,,,,,,,,,,,,,,,,,,,,,,,,,,,,,,,,,,,,,8.0,full_followup,0.005,first,54000.0,True,250000.0,False,,,,,,,,,,,,,,,,,,,,,,,,,,,,,,
data/precomputed/fig05/learning_threshold_crossings.csv,,4MIDD_085_170,,,,,,,,,,,,,,,,,,,,,,,,,,,,,,,,,,,,,,,,,,,,,,,,,,,,,,,,,,,,,,,,,,,,,,,,,,,,,8.0,full_followup,0.005,persistent_three_regular,54000.0,True,250000.0,False,,,,,,,,,,,,,,,,,,,,,,,,,,,,,,
data/precomputed/fig05/learning_threshold_crossings.csv,,3MIDD_048,,,,,,,,,,,,,,,,,,,,,,,,,,,,,,,,,,,,,,,,,,,,,,,,,,,,,,,,,,,,,,,,,,,,,,,,,,,,,9.0,common_100k,0.0005,first,24000.0,True,100000.0,False,,,,,,,,,,,,,,,,,,,,,,,,,,,,,,
data/precomputed/fig05/learning_threshold_crossings.csv,,3MIDD_048,,,,,,,,,,,,,,,,,,,,,,,,,,,,,,,,,,,,,,,,,,,,,,,,,,,,,,,,,,,,,,,,,,,,,,,,,,,,,9.0,common_100k,0.0005,persistent_three_regular,24000.0,True,100000.0,False,,,,,,,,,,,,,,,,,,,,,,,,,,,,,,
data/precomputed/fig05/learning_threshold_crossings.csv,,3MIDD_048,,,,,,,,,,,,,,,,,,,,,,,,,,,,,,,,,,,,,,,,,,,,,,,,,,,,,,,,,,,,,,,,,,,,,,,,,,,,,9.0,common_100k,0.001,first,25000.0,True,100000.0,False,,,,,,,,,,,,,,,,,,,,,,,,,,,,,,
data/precomputed/fig05/learning_threshold_crossings.csv,,3MIDD_048,,,,,,,,,,,,,,,,,,,,,,,,,,,,,,,,,,,,,,,,,,,,,,,,,,,,,,,,,,,,,,,,,,,,,,,,,,,,,9.0,common_100k,0.001,persistent_three_regular,25000.0,True,100000.0,False,,,,,,,,,,,,,,,,,,,,,,,,,,,,,,
data/precomputed/fig05/learning_threshold_crossings.csv,,3MIDD_048,,,,,,,,,,,,,,,,,,,,,,,,,,,,,,,,,,,,,,,,,,,,,,,,,,,,,,,,,,,,,,,,,,,,,,,,,,,,,9.0,common_100k,0.002,first,27000.0,True,100000.0,False,,,,,,,,,,,,,,,,,,,,,,,,,,,,,,
data/precomputed/fig05/learning_threshold_crossings.csv,,3MIDD_048,,,,,,,,,,,,,,,,,,,,,,,,,,,,,,,,,,,,,,,,,,,,,,,,,,,,,,,,,,,,,,,,,,,,,,,,,,,,,9.0,common_100k,0.002,persistent_three_regular,27000.0,True,100000.0,False,,,,,,,,,,,,,,,,,,,,,,,,,,,,,,
data/precomputed/fig05/learning_threshold_crossings.csv,,3MIDD_048,,,,,,,,,,,,,,,,,,,,,,,,,,,,,,,,,,,,,,,,,,,,,,,,,,,,,,,,,,,,,,,,,,,,,,,,,,,,,9.0,common_100k,0.005,first,28000.0,True,100000.0,False,,,,,,,,,,,,,,,,,,,,,,,,,,,,,,
data/precomputed/fig05/learning_threshold_crossings.csv,,3MIDD_048,,,,,,,,,,,,,,,,,,,,,,,,,,,,,,,,,,,,,,,,,,,,,,,,,,,,,,,,,,,,,,,,,,,,,,,,,,,,,9.0,common_100k,0.005,persistent_three_regular,28000.0,True,100000.0,False,,,,,,,,,,,,,,,,,,,,,,,,,,,,,,
data/precomputed/fig05/learning_threshold_crossings.csv,,3MIDD_048,,,,,,,,,,,,,,,,,,,,,,,,,,,,,,,,,,,,,,,,,,,,,,,,,,,,,,,,,,,,,,,,,,,,,,,,,,,,,9.0,full_followup,0.0005,first,24000.0,True,100000.0,False,,,,,,,,,,,,,,,,,,,,,,,,,,,,,,
data/precomputed/fig05/learning_threshold_crossings.csv,,3MIDD_048,,,,,,,,,,,,,,,,,,,,,,,,,,,,,,,,,,,,,,,,,,,,,,,,,,,,,,,,,,,,,,,,,,,,,,,,,,,,,9.0,full_followup,0.0005,persistent_three_regular,24000.0,True,100000.0,False,,,,,,,,,,,,,,,,,,,,,,,,,,,,,,
data/precomputed/fig05/learning_threshold_crossings.csv,,3MIDD_048,,,,,,,,,,,,,,,,,,,,,,,,,,,,,,,,,,,,,,,,,,,,,,,,,,,,,,,,,,,,,,,,,,,,,,,,,,,,,9.0,full_followup,0.001,first,25000.0,True,100000.0,False,,,,,,,,,,,,,,,,,,,,,,,,,,,,,,
data/precomputed/fig05/learning_threshold_crossings.csv,,3MIDD_048,,,,,,,,,,,,,,,,,,,,,,,,,,,,,,,,,,,,,,,,,,,,,,,,,,,,,,,,,,,,,,,,,,,,,,,,,,,,,9.0,full_followup,0.001,persistent_three_regular,25000.0,True,100000.0,False,,,,,,,,,,,,,,,,,,,,,,,,,,,,,,
data/precomputed/fig05/learning_threshold_crossings.csv,,3MIDD_048,,,,,,,,,,,,,,,,,,,,,,,,,,,,,,,,,,,,,,,,,,,,,,,,,,,,,,,,,,,,,,,,,,,,,,,,,,,,,9.0,full_followup,0.002,first,27000.0,True,100000.0,False,,,,,,,,,,,,,,,,,,,,,,,,,,,,,,
data/precomputed/fig05/learning_threshold_crossings.csv,,3MIDD_048,,,,,,,,,,,,,,,,,,,,,,,,,,,,,,,,,,,,,,,,,,,,,,,,,,,,,,,,,,,,,,,,,,,,,,,,,,,,,9.0,full_followup,0.002,persistent_three_regular,27000.0,True,100000.0,False,,,,,,,,,,,,,,,,,,,,,,,,,,,,,,
data/precomputed/fig05/learning_threshold_crossings.csv,,3MIDD_048,,,,,,,,,,,,,,,,,,,,,,,,,,,,,,,,,,,,,,,,,,,,,,,,,,,,,,,,,,,,,,,,,,,,,,,,,,,,,9.0,full_followup,0.005,first,28000.0,True,100000.0,False,,,,,,,,,,,,,,,,,,,,,,,,,,,,,,
data/precomputed/fig05/learning_threshold_crossings.csv,,3MIDD_048,,,,,,,,,,,,,,,,,,,,,,,,,,,,,,,,,,,,,,,,,,,,,,,,,,,,,,,,,,,,,,,,,,,,,,,,,,,,,9.0,full_followup,0.005,persistent_three_regular,28000.0,True,100000.0,False,,,,,,,,,,,,,,,,,,,,,,,,,,,,,,
data/precomputed/fig05/learning_threshold_crossings.csv,,3MIDD_207,,,,,,,,,,,,,,,,,,,,,,,,,,,,,,,,,,,,,,,,,,,,,,,,,,,,,,,,,,,,,,,,,,,,,,,,,,,,,9.0,common_100k,0.0005,first,25000.0,True,100000.0,False,,,,,,,,,,,,,,,,,,,,,,,,,,,,,,
data/precomputed/fig05/learning_threshold_crossings.csv,,3MIDD_207,,,,,,,,,,,,,,,,,,,,,,,,,,,,,,,,,,,,,,,,,,,,,,,,,,,,,,,,,,,,,,,,,,,,,,,,,,,,,9.0,common_100k,0.0005,persistent_three_regular,25000.0,True,100000.0,False,,,,,,,,,,,,,,,,,,,,,,,,,,,,,,
data/precomputed/fig05/learning_threshold_crossings.csv,,3MIDD_207,,,,,,,,,,,,,,,,,,,,,,,,,,,,,,,,,,,,,,,,,,,,,,,,,,,,,,,,,,,,,,,,,,,,,,,,,,,,,9.0,common_100k,0.001,first,26000.0,True,100000.0,False,,,,,,,,,,,,,,,,,,,,,,,,,,,,,,
data/precomputed/fig05/learning_threshold_crossings.csv,,3MIDD_207,,,,,,,,,,,,,,,,,,,,,,,,,,,,,,,,,,,,,,,,,,,,,,,,,,,,,,,,,,,,,,,,,,,,,,,,,,,,,9.0,common_100k,0.001,persistent_three_regular,26000.0,True,100000.0,False,,,,,,,,,,,,,,,,,,,,,,,,,,,,,,
data/precomputed/fig05/learning_threshold_crossings.csv,,3MIDD_207,,,,,,,,,,,,,,,,,,,,,,,,,,,,,,,,,,,,,,,,,,,,,,,,,,,,,,,,,,,,,,,,,,,,,,,,,,,,,9.0,common_100k,0.002,first,27000.0,True,100000.0,False,,,,,,,,,,,,,,,,,,,,,,,,,,,,,,
data/precomputed/fig05/learning_threshold_crossings.csv,,3MIDD_207,,,,,,,,,,,,,,,,,,,,,,,,,,,,,,,,,,,,,,,,,,,,,,,,,,,,,,,,,,,,,,,,,,,,,,,,,,,,,9.0,common_100k,0.002,persistent_three_regular,27000.0,True,100000.0,False,,,,,,,,,,,,,,,,,,,,,,,,,,,,,,
data/precomputed/fig05/learning_threshold_crossings.csv,,3MIDD_207,,,,,,,,,,,,,,,,,,,,,,,,,,,,,,,,,,,,,,,,,,,,,,,,,,,,,,,,,,,,,,,,,,,,,,,,,,,,,9.0,common_100k,0.005,first,28000.0,True,100000.0,False,,,,,,,,,,,,,,,,,,,,,,,,,,,,,,
data/precomputed/fig05/learning_threshold_crossings.csv,,3MIDD_207,,,,,,,,,,,,,,,,,,,,,,,,,,,,,,,,,,,,,,,,,,,,,,,,,,,,,,,,,,,,,,,,,,,,,,,,,,,,,9.0,common_100k,0.005,persistent_three_regular,28000.0,True,100000.0,False,,,,,,,,,,,,,,,,,,,,,,,,,,,,,,
data/precomputed/fig05/learning_threshold_crossings.csv,,3MIDD_207,,,,,,,,,,,,,,,,,,,,,,,,,,,,,,,,,,,,,,,,,,,,,,,,,,,,,,,,,,,,,,,,,,,,,,,,,,,,,9.0,full_followup,0.0005,first,25000.0,True,100000.0,False,,,,,,,,,,,,,,,,,,,,,,,,,,,,,,
data/precomputed/fig05/learning_threshold_crossings.csv,,3MIDD_207,,,,,,,,,,,,,,,,,,,,,,,,,,,,,,,,,,,,,,,,,,,,,,,,,,,,,,,,,,,,,,,,,,,,,,,,,,,,,9.0,full_followup,0.0005,persistent_three_regular,25000.0,True,100000.0,False,,,,,,,,,,,,,,,,,,,,,,,,,,,,,,
data/precomputed/fig05/learning_threshold_crossings.csv,,3MIDD_207,,,,,,,,,,,,,,,,,,,,,,,,,,,,,,,,,,,,,,,,,,,,,,,,,,,,,,,,,,,,,,,,,,,,,,,,,,,,,9.0,full_followup,0.001,first,26000.0,True,100000.0,False,,,,,,,,,,,,,,,,,,,,,,,,,,,,,,
data/precomputed/fig05/learning_threshold_crossings.csv,,3MIDD_207,,,,,,,,,,,,,,,,,,,,,,,,,,,,,,,,,,,,,,,,,,,,,,,,,,,,,,,,,,,,,,,,,,,,,,,,,,,,,9.0,full_followup,0.001,persistent_three_regular,26000.0,True,100000.0,False,,,,,,,,,,,,,,,,,,,,,,,,,,,,,,
data/precomputed/fig05/learning_threshold_crossings.csv,,3MIDD_207,,,,,,,,,,,,,,,,,,,,,,,,,,,,,,,,,,,,,,,,,,,,,,,,,,,,,,,,,,,,,,,,,,,,,,,,,,,,,9.0,full_followup,0.002,first,27000.0,True,100000.0,False,,,,,,,,,,,,,,,,,,,,,,,,,,,,,,
data/precomputed/fig05/learning_threshold_crossings.csv,,3MIDD_207,,,,,,,,,,,,,,,,,,,,,,,,,,,,,,,,,,,,,,,,,,,,,,,,,,,,,,,,,,,,,,,,,,,,,,,,,,,,,9.0,full_followup,0.002,persistent_three_regular,27000.0,True,100000.0,False,,,,,,,,,,,,,,,,,,,,,,,,,,,,,,
data/precomputed/fig05/learning_threshold_crossings.csv,,3MIDD_207,,,,,,,,,,,,,,,,,,,,,,,,,,,,,,,,,,,,,,,,,,,,,,,,,,,,,,,,,,,,,,,,,,,,,,,,,,,,,9.0,full_followup,0.005,first,28000.0,True,100000.0,False,,,,,,,,,,,,,,,,,,,,,,,,,,,,,,
data/precomputed/fig05/learning_threshold_crossings.csv,,3MIDD_207,,,,,,,,,,,,,,,,,,,,,,,,,,,,,,,,,,,,,,,,,,,,,,,,,,,,,,,,,,,,,,,,,,,,,,,,,,,,,9.0,full_followup,0.005,persistent_three_regular,28000.0,True,100000.0,False,,,,,,,,,,,,,,,,,,,,,,,,,,,,,,
data/precomputed/fig05/learning_threshold_crossings.csv,,4MIDD_085_170,,,,,,,,,,,,,,,,,,,,,,,,,,,,,,,,,,,,,,,,,,,,,,,,,,,,,,,,,,,,,,,,,,,,,,,,,,,,,9.0,common_100k,0.0005,first,27000.0,True,100000.0,False,,,,,,,,,,,,,,,,,,,,,,,,,,,,,,
data/precomputed/fig05/learning_threshold_crossings.csv,,4MIDD_085_170,,,,,,,,,,,,,,,,,,,,,,,,,,,,,,,,,,,,,,,,,,,,,,,,,,,,,,,,,,,,,,,,,,,,,,,,,,,,,9.0,common_100k,0.0005,persistent_three_regular,27000.0,True,100000.0,False,,,,,,,,,,,,,,,,,,,,,,,,,,,,,,
data/precomputed/fig05/learning_threshold_crossings.csv,,4MIDD_085_170,,,,,,,,,,,,,,,,,,,,,,,,,,,,,,,,,,,,,,,,,,,,,,,,,,,,,,,,,,,,,,,,,,,,,,,,,,,,,9.0,common_100k,0.001,first,27000.0,True,100000.0,False,,,,,,,,,,,,,,,,,,,,,,,,,,,,,,
data/precomputed/fig05/learning_threshold_crossings.csv,,4MIDD_085_170,,,,,,,,,,,,,,,,,,,,,,,,,,,,,,,,,,,,,,,,,,,,,,,,,,,,,,,,,,,,,,,,,,,,,,,,,,,,,9.0,common_100k,0.001,persistent_three_regular,27000.0,True,100000.0,False,,,,,,,,,,,,,,,,,,,,,,,,,,,,,,
data/precomputed/fig05/learning_threshold_crossings.csv,,4MIDD_085_170,,,,,,,,,,,,,,,,,,,,,,,,,,,,,,,,,,,,,,,,,,,,,,,,,,,,,,,,,,,,,,,,,,,,,,,,,,,,,9.0,common_100k,0.002,first,28000.0,True,100000.0,False,,,,,,,,,,,,,,,,,,,,,,,,,,,,,,
data/precomputed/fig05/learning_threshold_crossings.csv,,4MIDD_085_170,,,,,,,,,,,,,,,,,,,,,,,,,,,,,,,,,,,,,,,,,,,,,,,,,,,,,,,,,,,,,,,,,,,,,,,,,,,,,9.0,common_100k,0.002,persistent_three_regular,28000.0,True,100000.0,False,,,,,,,,,,,,,,,,,,,,,,,,,,,,,,
data/precomputed/fig05/learning_threshold_crossings.csv,,4MIDD_085_170,,,,,,,,,,,,,,,,,,,,,,,,,,,,,,,,,,,,,,,,,,,,,,,,,,,,,,,,,,,,,,,,,,,,,,,,,,,,,9.0,common_100k,0.005,first,28000.0,True,100000.0,False,,,,,,,,,,,,,,,,,,,,,,,,,,,,,,
data/precomputed/fig05/learning_threshold_crossings.csv,,4MIDD_085_170,,,,,,,,,,,,,,,,,,,,,,,,,,,,,,,,,,,,,,,,,,,,,,,,,,,,,,,,,,,,,,,,,,,,,,,,,,,,,9.0,common_100k,0.005,persistent_three_regular,28000.0,True,100000.0,False,,,,,,,,,,,,,,,,,,,,,,,,,,,,,,
data/precomputed/fig05/learning_threshold_crossings.csv,,4MIDD_085_170,,,,,,,,,,,,,,,,,,,,,,,,,,,,,,,,,,,,,,,,,,,,,,,,,,,,,,,,,,,,,,,,,,,,,,,,,,,,,9.0,full_followup,0.0005,first,27000.0,True,100000.0,False,,,,,,,,,,,,,,,,,,,,,,,,,,,,,,
data/precomputed/fig05/learning_threshold_crossings.csv,,4MIDD_085_170,,,,,,,,,,,,,,,,,,,,,,,,,,,,,,,,,,,,,,,,,,,,,,,,,,,,,,,,,,,,,,,,,,,,,,,,,,,,,9.0,full_followup,0.0005,persistent_three_regular,27000.0,True,100000.0,False,,,,,,,,,,,,,,,,,,,,,,,,,,,,,,
data/precomputed/fig05/learning_threshold_crossings.csv,,4MIDD_085_170,,,,,,,,,,,,,,,,,,,,,,,,,,,,,,,,,,,,,,,,,,,,,,,,,,,,,,,,,,,,,,,,,,,,,,,,,,,,,9.0,full_followup,0.001,first,27000.0,True,100000.0,False,,,,,,,,,,,,,,,,,,,,,,,,,,,,,,
data/precomputed/fig05/learning_threshold_crossings.csv,,4MIDD_085_170,,,,,,,,,,,,,,,,,,,,,,,,,,,,,,,,,,,,,,,,,,,,,,,,,,,,,,,,,,,,,,,,,,,,,,,,,,,,,9.0,full_followup,0.001,persistent_three_regular,27000.0,True,100000.0,False,,,,,,,,,,,,,,,,,,,,,,,,,,,,,,
data/precomputed/fig05/learning_threshold_crossings.csv,,4MIDD_085_170,,,,,,,,,,,,,,,,,,,,,,,,,,,,,,,,,,,,,,,,,,,,,,,,,,,,,,,,,,,,,,,,,,,,,,,,,,,,,9.0,full_followup,0.002,first,28000.0,True,100000.0,False,,,,,,,,,,,,,,,,,,,,,,,,,,,,,,
data/precomputed/fig05/learning_threshold_crossings.csv,,4MIDD_085_170,,,,,,,,,,,,,,,,,,,,,,,,,,,,,,,,,,,,,,,,,,,,,,,,,,,,,,,,,,,,,,,,,,,,,,,,,,,,,9.0,full_followup,0.002,persistent_three_regular,28000.0,True,100000.0,False,,,,,,,,,,,,,,,,,,,,,,,,,,,,,,
data/precomputed/fig05/learning_threshold_crossings.csv,,4MIDD_085_170,,,,,,,,,,,,,,,,,,,,,,,,,,,,,,,,,,,,,,,,,,,,,,,,,,,,,,,,,,,,,,,,,,,,,,,,,,,,,9.0,full_followup,0.005,first,28000.0,True,100000.0,False,,,,,,,,,,,,,,,,,,,,,,,,,,,,,,
data/precomputed/fig05/learning_threshold_crossings.csv,,4MIDD_085_170,,,,,,,,,,,,,,,,,,,,,,,,,,,,,,,,,,,,,,,,,,,,,,,,,,,,,,,,,,,,,,,,,,,,,,,,,,,,,9.0,full_followup,0.005,persistent_three_regular,28000.0,True,100000.0,False,,,,,,,,,,,,,,,,,,,,,,,,,,,,,,
data/precomputed/fig05/learning_threshold_crossings.csv,,3MIDD_048,,,,,,,,,,,,,,,,,,,,,,,,,,,,,,,,,,,,,,,,,,,,,,,,,,,,,,,,,,,,,,,,,,,,,,,,,,,,,10.0,common_100k,0.0005,first,27000.0,True,100000.0,False,,,,,,,,,,,,,,,,,,,,,,,,,,,,,,
data/precomputed/fig05/learning_threshold_crossings.csv,,3MIDD_048,,,,,,,,,,,,,,,,,,,,,,,,,,,,,,,,,,,,,,,,,,,,,,,,,,,,,,,,,,,,,,,,,,,,,,,,,,,,,10.0,common_100k,0.0005,persistent_three_regular,32000.0,True,100000.0,False,,,,,,,,,,,,,,,,,,,,,,,,,,,,,,
data/precomputed/fig05/learning_threshold_crossings.csv,,3MIDD_048,,,,,,,,,,,,,,,,,,,,,,,,,,,,,,,,,,,,,,,,,,,,,,,,,,,,,,,,,,,,,,,,,,,,,,,,,,,,,10.0,common_100k,0.001,first,32000.0,True,100000.0,False,,,,,,,,,,,,,,,,,,,,,,,,,,,,,,
data/precomputed/fig05/learning_threshold_crossings.csv,,3MIDD_048,,,,,,,,,,,,,,,,,,,,,,,,,,,,,,,,,,,,,,,,,,,,,,,,,,,,,,,,,,,,,,,,,,,,,,,,,,,,,10.0,common_100k,0.001,persistent_three_regular,37000.0,True,100000.0,False,,,,,,,,,,,,,,,,,,,,,,,,,,,,,,
data/precomputed/fig05/learning_threshold_crossings.csv,,3MIDD_048,,,,,,,,,,,,,,,,,,,,,,,,,,,,,,,,,,,,,,,,,,,,,,,,,,,,,,,,,,,,,,,,,,,,,,,,,,,,,10.0,common_100k,0.002,first,38000.0,True,100000.0,False,,,,,,,,,,,,,,,,,,,,,,,,,,,,,,
data/precomputed/fig05/learning_threshold_crossings.csv,,3MIDD_048,,,,,,,,,,,,,,,,,,,,,,,,,,,,,,,,,,,,,,,,,,,,,,,,,,,,,,,,,,,,,,,,,,,,,,,,,,,,,10.0,common_100k,0.002,persistent_three_regular,40000.0,True,100000.0,False,,,,,,,,,,,,,,,,,,,,,,,,,,,,,,
data/precomputed/fig05/learning_threshold_crossings.csv,,3MIDD_048,,,,,,,,,,,,,,,,,,,,,,,,,,,,,,,,,,,,,,,,,,,,,,,,,,,,,,,,,,,,,,,,,,,,,,,,,,,,,10.0,common_100k,0.005,first,38000.0,True,100000.0,False,,,,,,,,,,,,,,,,,,,,,,,,,,,,,,
data/precomputed/fig05/learning_threshold_crossings.csv,,3MIDD_048,,,,,,,,,,,,,,,,,,,,,,,,,,,,,,,,,,,,,,,,,,,,,,,,,,,,,,,,,,,,,,,,,,,,,,,,,,,,,10.0,common_100k,0.005,persistent_three_regular,41000.0,True,100000.0,False,,,,,,,,,,,,,,,,,,,,,,,,,,,,,,
data/precomputed/fig05/learning_threshold_crossings.csv,,3MIDD_048,,,,,,,,,,,,,,,,,,,,,,,,,,,,,,,,,,,,,,,,,,,,,,,,,,,,,,,,,,,,,,,,,,,,,,,,,,,,,10.0,full_followup,0.0005,first,27000.0,True,250000.0,False,,,,,,,,,,,,,,,,,,,,,,,,,,,,,,
data/precomputed/fig05/learning_threshold_crossings.csv,,3MIDD_048,,,,,,,,,,,,,,,,,,,,,,,,,,,,,,,,,,,,,,,,,,,,,,,,,,,,,,,,,,,,,,,,,,,,,,,,,,,,,10.0,full_followup,0.0005,persistent_three_regular,32000.0,True,250000.0,False,,,,,,,,,,,,,,,,,,,,,,,,,,,,,,
data/precomputed/fig05/learning_threshold_crossings.csv,,3MIDD_048,,,,,,,,,,,,,,,,,,,,,,,,,,,,,,,,,,,,,,,,,,,,,,,,,,,,,,,,,,,,,,,,,,,,,,,,,,,,,10.0,full_followup,0.001,first,32000.0,True,250000.0,False,,,,,,,,,,,,,,,,,,,,,,,,,,,,,,
data/precomputed/fig05/learning_threshold_crossings.csv,,3MIDD_048,,,,,,,,,,,,,,,,,,,,,,,,,,,,,,,,,,,,,,,,,,,,,,,,,,,,,,,,,,,,,,,,,,,,,,,,,,,,,10.0,full_followup,0.001,persistent_three_regular,37000.0,True,250000.0,False,,,,,,,,,,,,,,,,,,,,,,,,,,,,,,
data/precomputed/fig05/learning_threshold_crossings.csv,,3MIDD_048,,,,,,,,,,,,,,,,,,,,,,,,,,,,,,,,,,,,,,,,,,,,,,,,,,,,,,,,,,,,,,,,,,,,,,,,,,,,,10.0,full_followup,0.002,first,38000.0,True,250000.0,False,,,,,,,,,,,,,,,,,,,,,,,,,,,,,,
data/precomputed/fig05/learning_threshold_crossings.csv,,3MIDD_048,,,,,,,,,,,,,,,,,,,,,,,,,,,,,,,,,,,,,,,,,,,,,,,,,,,,,,,,,,,,,,,,,,,,,,,,,,,,,10.0,full_followup,0.002,persistent_three_regular,40000.0,True,250000.0,False,,,,,,,,,,,,,,,,,,,,,,,,,,,,,,
data/precomputed/fig05/learning_threshold_crossings.csv,,3MIDD_048,,,,,,,,,,,,,,,,,,,,,,,,,,,,,,,,,,,,,,,,,,,,,,,,,,,,,,,,,,,,,,,,,,,,,,,,,,,,,10.0,full_followup,0.005,first,38000.0,True,250000.0,False,,,,,,,,,,,,,,,,,,,,,,,,,,,,,,
data/precomputed/fig05/learning_threshold_crossings.csv,,3MIDD_048,,,,,,,,,,,,,,,,,,,,,,,,,,,,,,,,,,,,,,,,,,,,,,,,,,,,,,,,,,,,,,,,,,,,,,,,,,,,,10.0,full_followup,0.005,persistent_three_regular,41000.0,True,250000.0,False,,,,,,,,,,,,,,,,,,,,,,,,,,,,,,
data/precomputed/fig05/learning_threshold_crossings.csv,,3MIDD_207,,,,,,,,,,,,,,,,,,,,,,,,,,,,,,,,,,,,,,,,,,,,,,,,,,,,,,,,,,,,,,,,,,,,,,,,,,,,,10.0,common_100k,0.0005,first,30000.0,True,100000.0,False,,,,,,,,,,,,,,,,,,,,,,,,,,,,,,
data/precomputed/fig05/learning_threshold_crossings.csv,,3MIDD_207,,,,,,,,,,,,,,,,,,,,,,,,,,,,,,,,,,,,,,,,,,,,,,,,,,,,,,,,,,,,,,,,,,,,,,,,,,,,,10.0,common_100k,0.0005,persistent_three_regular,30000.0,True,100000.0,False,,,,,,,,,,,,,,,,,,,,,,,,,,,,,,
data/precomputed/fig05/learning_threshold_crossings.csv,,3MIDD_207,,,,,,,,,,,,,,,,,,,,,,,,,,,,,,,,,,,,,,,,,,,,,,,,,,,,,,,,,,,,,,,,,,,,,,,,,,,,,10.0,common_100k,0.001,first,33000.0,True,100000.0,False,,,,,,,,,,,,,,,,,,,,,,,,,,,,,,
data/precomputed/fig05/learning_threshold_crossings.csv,,3MIDD_207,,,,,,,,,,,,,,,,,,,,,,,,,,,,,,,,,,,,,,,,,,,,,,,,,,,,,,,,,,,,,,,,,,,,,,,,,,,,,10.0,common_100k,0.001,persistent_three_regular,37000.0,True,100000.0,False,,,,,,,,,,,,,,,,,,,,,,,,,,,,,,
data/precomputed/fig05/learning_threshold_crossings.csv,,3MIDD_207,,,,,,,,,,,,,,,,,,,,,,,,,,,,,,,,,,,,,,,,,,,,,,,,,,,,,,,,,,,,,,,,,,,,,,,,,,,,,10.0,common_100k,0.002,first,37000.0,True,100000.0,False,,,,,,,,,,,,,,,,,,,,,,,,,,,,,,
data/precomputed/fig05/learning_threshold_crossings.csv,,3MIDD_207,,,,,,,,,,,,,,,,,,,,,,,,,,,,,,,,,,,,,,,,,,,,,,,,,,,,,,,,,,,,,,,,,,,,,,,,,,,,,10.0,common_100k,0.002,persistent_three_regular,37000.0,True,100000.0,False,,,,,,,,,,,,,,,,,,,,,,,,,,,,,,
data/precomputed/fig05/learning_threshold_crossings.csv,,3MIDD_207,,,,,,,,,,,,,,,,,,,,,,,,,,,,,,,,,,,,,,,,,,,,,,,,,,,,,,,,,,,,,,,,,,,,,,,,,,,,,10.0,common_100k,0.005,first,38000.0,True,100000.0,False,,,,,,,,,,,,,,,,,,,,,,,,,,,,,,
data/precomputed/fig05/learning_threshold_crossings.csv,,3MIDD_207,,,,,,,,,,,,,,,,,,,,,,,,,,,,,,,,,,,,,,,,,,,,,,,,,,,,,,,,,,,,,,,,,,,,,,,,,,,,,10.0,common_100k,0.005,persistent_three_regular,38000.0,True,100000.0,False,,,,,,,,,,,,,,,,,,,,,,,,,,,,,,
data/precomputed/fig05/learning_threshold_crossings.csv,,3MIDD_207,,,,,,,,,,,,,,,,,,,,,,,,,,,,,,,,,,,,,,,,,,,,,,,,,,,,,,,,,,,,,,,,,,,,,,,,,,,,,10.0,full_followup,0.0005,first,30000.0,True,250000.0,False,,,,,,,,,,,,,,,,,,,,,,,,,,,,,,
data/precomputed/fig05/learning_threshold_crossings.csv,,3MIDD_207,,,,,,,,,,,,,,,,,,,,,,,,,,,,,,,,,,,,,,,,,,,,,,,,,,,,,,,,,,,,,,,,,,,,,,,,,,,,,10.0,full_followup,0.0005,persistent_three_regular,30000.0,True,250000.0,False,,,,,,,,,,,,,,,,,,,,,,,,,,,,,,
data/precomputed/fig05/learning_threshold_crossings.csv,,3MIDD_207,,,,,,,,,,,,,,,,,,,,,,,,,,,,,,,,,,,,,,,,,,,,,,,,,,,,,,,,,,,,,,,,,,,,,,,,,,,,,10.0,full_followup,0.001,first,33000.0,True,250000.0,False,,,,,,,,,,,,,,,,,,,,,,,,,,,,,,
data/precomputed/fig05/learning_threshold_crossings.csv,,3MIDD_207,,,,,,,,,,,,,,,,,,,,,,,,,,,,,,,,,,,,,,,,,,,,,,,,,,,,,,,,,,,,,,,,,,,,,,,,,,,,,10.0,full_followup,0.001,persistent_three_regular,37000.0,True,250000.0,False,,,,,,,,,,,,,,,,,,,,,,,,,,,,,,
data/precomputed/fig05/learning_threshold_crossings.csv,,3MIDD_207,,,,,,,,,,,,,,,,,,,,,,,,,,,,,,,,,,,,,,,,,,,,,,,,,,,,,,,,,,,,,,,,,,,,,,,,,,,,,10.0,full_followup,0.002,first,37000.0,True,250000.0,False,,,,,,,,,,,,,,,,,,,,,,,,,,,,,,
data/precomputed/fig05/learning_threshold_crossings.csv,,3MIDD_207,,,,,,,,,,,,,,,,,,,,,,,,,,,,,,,,,,,,,,,,,,,,,,,,,,,,,,,,,,,,,,,,,,,,,,,,,,,,,10.0,full_followup,0.002,persistent_three_regular,37000.0,True,250000.0,False,,,,,,,,,,,,,,,,,,,,,,,,,,,,,,
data/precomputed/fig05/learning_threshold_crossings.csv,,3MIDD_207,,,,,,,,,,,,,,,,,,,,,,,,,,,,,,,,,,,,,,,,,,,,,,,,,,,,,,,,,,,,,,,,,,,,,,,,,,,,,10.0,full_followup,0.005,first,38000.0,True,250000.0,False,,,,,,,,,,,,,,,,,,,,,,,,,,,,,,
data/precomputed/fig05/learning_threshold_crossings.csv,,3MIDD_207,,,,,,,,,,,,,,,,,,,,,,,,,,,,,,,,,,,,,,,,,,,,,,,,,,,,,,,,,,,,,,,,,,,,,,,,,,,,,10.0,full_followup,0.005,persistent_three_regular,38000.0,True,250000.0,False,,,,,,,,,,,,,,,,,,,,,,,,,,,,,,
data/precomputed/fig05/learning_threshold_crossings.csv,,4MIDD_085_170,,,,,,,,,,,,,,,,,,,,,,,,,,,,,,,,,,,,,,,,,,,,,,,,,,,,,,,,,,,,,,,,,,,,,,,,,,,,,10.0,common_100k,0.0005,first,24000.0,True,100000.0,False,,,,,,,,,,,,,,,,,,,,,,,,,,,,,,
data/precomputed/fig05/learning_threshold_crossings.csv,,4MIDD_085_170,,,,,,,,,,,,,,,,,,,,,,,,,,,,,,,,,,,,,,,,,,,,,,,,,,,,,,,,,,,,,,,,,,,,,,,,,,,,,10.0,common_100k,0.0005,persistent_three_regular,29000.0,True,100000.0,False,,,,,,,,,,,,,,,,,,,,,,,,,,,,,,
data/precomputed/fig05/learning_threshold_crossings.csv,,4MIDD_085_170,,,,,,,,,,,,,,,,,,,,,,,,,,,,,,,,,,,,,,,,,,,,,,,,,,,,,,,,,,,,,,,,,,,,,,,,,,,,,10.0,common_100k,0.001,first,30000.0,True,100000.0,False,,,,,,,,,,,,,,,,,,,,,,,,,,,,,,
data/precomputed/fig05/learning_threshold_crossings.csv,,4MIDD_085_170,,,,,,,,,,,,,,,,,,,,,,,,,,,,,,,,,,,,,,,,,,,,,,,,,,,,,,,,,,,,,,,,,,,,,,,,,,,,,10.0,common_100k,0.001,persistent_three_regular,30000.0,True,100000.0,False,,,,,,,,,,,,,,,,,,,,,,,,,,,,,,
data/precomputed/fig05/learning_threshold_crossings.csv,,4MIDD_085_170,,,,,,,,,,,,,,,,,,,,,,,,,,,,,,,,,,,,,,,,,,,,,,,,,,,,,,,,,,,,,,,,,,,,,,,,,,,,,10.0,common_100k,0.002,first,38000.0,True,100000.0,False,,,,,,,,,,,,,,,,,,,,,,,,,,,,,,
data/precomputed/fig05/learning_threshold_crossings.csv,,4MIDD_085_170,,,,,,,,,,,,,,,,,,,,,,,,,,,,,,,,,,,,,,,,,,,,,,,,,,,,,,,,,,,,,,,,,,,,,,,,,,,,,10.0,common_100k,0.002,persistent_three_regular,38000.0,True,100000.0,False,,,,,,,,,,,,,,,,,,,,,,,,,,,,,,
data/precomputed/fig05/learning_threshold_crossings.csv,,4MIDD_085_170,,,,,,,,,,,,,,,,,,,,,,,,,,,,,,,,,,,,,,,,,,,,,,,,,,,,,,,,,,,,,,,,,,,,,,,,,,,,,10.0,common_100k,0.005,first,38000.0,True,100000.0,False,,,,,,,,,,,,,,,,,,,,,,,,,,,,,,
data/precomputed/fig05/learning_threshold_crossings.csv,,4MIDD_085_170,,,,,,,,,,,,,,,,,,,,,,,,,,,,,,,,,,,,,,,,,,,,,,,,,,,,,,,,,,,,,,,,,,,,,,,,,,,,,10.0,common_100k,0.005,persistent_three_regular,41000.0,True,100000.0,False,,,,,,,,,,,,,,,,,,,,,,,,,,,,,,
data/precomputed/fig05/learning_threshold_crossings.csv,,4MIDD_085_170,,,,,,,,,,,,,,,,,,,,,,,,,,,,,,,,,,,,,,,,,,,,,,,,,,,,,,,,,,,,,,,,,,,,,,,,,,,,,10.0,full_followup,0.0005,first,24000.0,True,250000.0,False,,,,,,,,,,,,,,,,,,,,,,,,,,,,,,
data/precomputed/fig05/learning_threshold_crossings.csv,,4MIDD_085_170,,,,,,,,,,,,,,,,,,,,,,,,,,,,,,,,,,,,,,,,,,,,,,,,,,,,,,,,,,,,,,,,,,,,,,,,,,,,,10.0,full_followup,0.0005,persistent_three_regular,29000.0,True,250000.0,False,,,,,,,,,,,,,,,,,,,,,,,,,,,,,,
data/precomputed/fig05/learning_threshold_crossings.csv,,4MIDD_085_170,,,,,,,,,,,,,,,,,,,,,,,,,,,,,,,,,,,,,,,,,,,,,,,,,,,,,,,,,,,,,,,,,,,,,,,,,,,,,10.0,full_followup,0.001,first,30000.0,True,250000.0,False,,,,,,,,,,,,,,,,,,,,,,,,,,,,,,
data/precomputed/fig05/learning_threshold_crossings.csv,,4MIDD_085_170,,,,,,,,,,,,,,,,,,,,,,,,,,,,,,,,,,,,,,,,,,,,,,,,,,,,,,,,,,,,,,,,,,,,,,,,,,,,,10.0,full_followup,0.001,persistent_three_regular,30000.0,True,250000.0,False,,,,,,,,,,,,,,,,,,,,,,,,,,,,,,
data/precomputed/fig05/learning_threshold_crossings.csv,,4MIDD_085_170,,,,,,,,,,,,,,,,,,,,,,,,,,,,,,,,,,,,,,,,,,,,,,,,,,,,,,,,,,,,,,,,,,,,,,,,,,,,,10.0,full_followup,0.002,first,38000.0,True,250000.0,False,,,,,,,,,,,,,,,,,,,,,,,,,,,,,,
data/precomputed/fig05/learning_threshold_crossings.csv,,4MIDD_085_170,,,,,,,,,,,,,,,,,,,,,,,,,,,,,,,,,,,,,,,,,,,,,,,,,,,,,,,,,,,,,,,,,,,,,,,,,,,,,10.0,full_followup,0.002,persistent_three_regular,38000.0,True,250000.0,False,,,,,,,,,,,,,,,,,,,,,,,,,,,,,,
data/precomputed/fig05/learning_threshold_crossings.csv,,4MIDD_085_170,,,,,,,,,,,,,,,,,,,,,,,,,,,,,,,,,,,,,,,,,,,,,,,,,,,,,,,,,,,,,,,,,,,,,,,,,,,,,10.0,full_followup,0.005,first,38000.0,True,250000.0,False,,,,,,,,,,,,,,,,,,,,,,,,,,,,,,
data/precomputed/fig05/learning_threshold_crossings.csv,,4MIDD_085_170,,,,,,,,,,,,,,,,,,,,,,,,,,,,,,,,,,,,,,,,,,,,,,,,,,,,,,,,,,,,,,,,,,,,,,,,,,,,,10.0,full_followup,0.005,persistent_three_regular,41000.0,True,250000.0,False,,,,,,,,,,,,,,,,,,,,,,,,,,,,,,
data/precomputed/fig05/learning_threshold_crossings.csv,,3MIDD_048,,,,,,,,,,,,,,,,,,,,,,,,,,,,,,,,,,,,,,,,,,,,,,,,,,,,,,,,,,,,,,,,,,,,,,,,,,,,,11.0,common_100k,0.0005,first,36000.0,True,100000.0,False,,,,,,,,,,,,,,,,,,,,,,,,,,,,,,
data/precomputed/fig05/learning_threshold_crossings.csv,,3MIDD_048,,,,,,,,,,,,,,,,,,,,,,,,,,,,,,,,,,,,,,,,,,,,,,,,,,,,,,,,,,,,,,,,,,,,,,,,,,,,,11.0,common_100k,0.0005,persistent_three_regular,39000.0,True,100000.0,False,,,,,,,,,,,,,,,,,,,,,,,,,,,,,,
data/precomputed/fig05/learning_threshold_crossings.csv,,3MIDD_048,,,,,,,,,,,,,,,,,,,,,,,,,,,,,,,,,,,,,,,,,,,,,,,,,,,,,,,,,,,,,,,,,,,,,,,,,,,,,11.0,common_100k,0.001,first,39000.0,True,100000.0,False,,,,,,,,,,,,,,,,,,,,,,,,,,,,,,
data/precomputed/fig05/learning_threshold_crossings.csv,,3MIDD_048,,,,,,,,,,,,,,,,,,,,,,,,,,,,,,,,,,,,,,,,,,,,,,,,,,,,,,,,,,,,,,,,,,,,,,,,,,,,,11.0,common_100k,0.001,persistent_three_regular,39000.0,True,100000.0,False,,,,,,,,,,,,,,,,,,,,,,,,,,,,,,
data/precomputed/fig05/learning_threshold_crossings.csv,,3MIDD_048,,,,,,,,,,,,,,,,,,,,,,,,,,,,,,,,,,,,,,,,,,,,,,,,,,,,,,,,,,,,,,,,,,,,,,,,,,,,,11.0,common_100k,0.002,first,40000.0,True,100000.0,False,,,,,,,,,,,,,,,,,,,,,,,,,,,,,,
data/precomputed/fig05/learning_threshold_crossings.csv,,3MIDD_048,,,,,,,,,,,,,,,,,,,,,,,,,,,,,,,,,,,,,,,,,,,,,,,,,,,,,,,,,,,,,,,,,,,,,,,,,,,,,11.0,common_100k,0.002,persistent_three_regular,40000.0,True,100000.0,False,,,,,,,,,,,,,,,,,,,,,,,,,,,,,,
data/precomputed/fig05/learning_threshold_crossings.csv,,3MIDD_048,,,,,,,,,,,,,,,,,,,,,,,,,,,,,,,,,,,,,,,,,,,,,,,,,,,,,,,,,,,,,,,,,,,,,,,,,,,,,11.0,common_100k,0.005,first,41000.0,True,100000.0,False,,,,,,,,,,,,,,,,,,,,,,,,,,,,,,
data/precomputed/fig05/learning_threshold_crossings.csv,,3MIDD_048,,,,,,,,,,,,,,,,,,,,,,,,,,,,,,,,,,,,,,,,,,,,,,,,,,,,,,,,,,,,,,,,,,,,,,,,,,,,,11.0,common_100k,0.005,persistent_three_regular,41000.0,True,100000.0,False,,,,,,,,,,,,,,,,,,,,,,,,,,,,,,
data/precomputed/fig05/learning_threshold_crossings.csv,,3MIDD_048,,,,,,,,,,,,,,,,,,,,,,,,,,,,,,,,,,,,,,,,,,,,,,,,,,,,,,,,,,,,,,,,,,,,,,,,,,,,,11.0,full_followup,0.0005,first,36000.0,True,100000.0,False,,,,,,,,,,,,,,,,,,,,,,,,,,,,,,
data/precomputed/fig05/learning_threshold_crossings.csv,,3MIDD_048,,,,,,,,,,,,,,,,,,,,,,,,,,,,,,,,,,,,,,,,,,,,,,,,,,,,,,,,,,,,,,,,,,,,,,,,,,,,,11.0,full_followup,0.0005,persistent_three_regular,39000.0,True,100000.0,False,,,,,,,,,,,,,,,,,,,,,,,,,,,,,,
data/precomputed/fig05/learning_threshold_crossings.csv,,3MIDD_048,,,,,,,,,,,,,,,,,,,,,,,,,,,,,,,,,,,,,,,,,,,,,,,,,,,,,,,,,,,,,,,,,,,,,,,,,,,,,11.0,full_followup,0.001,first,39000.0,True,100000.0,False,,,,,,,,,,,,,,,,,,,,,,,,,,,,,,
data/precomputed/fig05/learning_threshold_crossings.csv,,3MIDD_048,,,,,,,,,,,,,,,,,,,,,,,,,,,,,,,,,,,,,,,,,,,,,,,,,,,,,,,,,,,,,,,,,,,,,,,,,,,,,11.0,full_followup,0.001,persistent_three_regular,39000.0,True,100000.0,False,,,,,,,,,,,,,,,,,,,,,,,,,,,,,,
data/precomputed/fig05/learning_threshold_crossings.csv,,3MIDD_048,,,,,,,,,,,,,,,,,,,,,,,,,,,,,,,,,,,,,,,,,,,,,,,,,,,,,,,,,,,,,,,,,,,,,,,,,,,,,11.0,full_followup,0.002,first,40000.0,True,100000.0,False,,,,,,,,,,,,,,,,,,,,,,,,,,,,,,
data/precomputed/fig05/learning_threshold_crossings.csv,,3MIDD_048,,,,,,,,,,,,,,,,,,,,,,,,,,,,,,,,,,,,,,,,,,,,,,,,,,,,,,,,,,,,,,,,,,,,,,,,,,,,,11.0,full_followup,0.002,persistent_three_regular,40000.0,True,100000.0,False,,,,,,,,,,,,,,,,,,,,,,,,,,,,,,
data/precomputed/fig05/learning_threshold_crossings.csv,,3MIDD_048,,,,,,,,,,,,,,,,,,,,,,,,,,,,,,,,,,,,,,,,,,,,,,,,,,,,,,,,,,,,,,,,,,,,,,,,,,,,,11.0,full_followup,0.005,first,41000.0,True,100000.0,False,,,,,,,,,,,,,,,,,,,,,,,,,,,,,,
data/precomputed/fig05/learning_threshold_crossings.csv,,3MIDD_048,,,,,,,,,,,,,,,,,,,,,,,,,,,,,,,,,,,,,,,,,,,,,,,,,,,,,,,,,,,,,,,,,,,,,,,,,,,,,11.0,full_followup,0.005,persistent_three_regular,41000.0,True,100000.0,False,,,,,,,,,,,,,,,,,,,,,,,,,,,,,,
data/precomputed/fig05/learning_threshold_crossings.csv,,3MIDD_207,,,,,,,,,,,,,,,,,,,,,,,,,,,,,,,,,,,,,,,,,,,,,,,,,,,,,,,,,,,,,,,,,,,,,,,,,,,,,11.0,common_100k,0.0005,first,34000.0,True,100000.0,False,,,,,,,,,,,,,,,,,,,,,,,,,,,,,,
data/precomputed/fig05/learning_threshold_crossings.csv,,3MIDD_207,,,,,,,,,,,,,,,,,,,,,,,,,,,,,,,,,,,,,,,,,,,,,,,,,,,,,,,,,,,,,,,,,,,,,,,,,,,,,11.0,common_100k,0.0005,persistent_three_regular,34000.0,True,100000.0,False,,,,,,,,,,,,,,,,,,,,,,,,,,,,,,
data/precomputed/fig05/learning_threshold_crossings.csv,,3MIDD_207,,,,,,,,,,,,,,,,,,,,,,,,,,,,,,,,,,,,,,,,,,,,,,,,,,,,,,,,,,,,,,,,,,,,,,,,,,,,,11.0,common_100k,0.001,first,36000.0,True,100000.0,False,,,,,,,,,,,,,,,,,,,,,,,,,,,,,,
data/precomputed/fig05/learning_threshold_crossings.csv,,3MIDD_207,,,,,,,,,,,,,,,,,,,,,,,,,,,,,,,,,,,,,,,,,,,,,,,,,,,,,,,,,,,,,,,,,,,,,,,,,,,,,11.0,common_100k,0.001,persistent_three_regular,36000.0,True,100000.0,False,,,,,,,,,,,,,,,,,,,,,,,,,,,,,,
data/precomputed/fig05/learning_threshold_crossings.csv,,3MIDD_207,,,,,,,,,,,,,,,,,,,,,,,,,,,,,,,,,,,,,,,,,,,,,,,,,,,,,,,,,,,,,,,,,,,,,,,,,,,,,11.0,common_100k,0.002,first,37000.0,True,100000.0,False,,,,,,,,,,,,,,,,,,,,,,,,,,,,,,
data/precomputed/fig05/learning_threshold_crossings.csv,,3MIDD_207,,,,,,,,,,,,,,,,,,,,,,,,,,,,,,,,,,,,,,,,,,,,,,,,,,,,,,,,,,,,,,,,,,,,,,,,,,,,,11.0,common_100k,0.002,persistent_three_regular,37000.0,True,100000.0,False,,,,,,,,,,,,,,,,,,,,,,,,,,,,,,
data/precomputed/fig05/learning_threshold_crossings.csv,,3MIDD_207,,,,,,,,,,,,,,,,,,,,,,,,,,,,,,,,,,,,,,,,,,,,,,,,,,,,,,,,,,,,,,,,,,,,,,,,,,,,,11.0,common_100k,0.005,first,38000.0,True,100000.0,False,,,,,,,,,,,,,,,,,,,,,,,,,,,,,,
data/precomputed/fig05/learning_threshold_crossings.csv,,3MIDD_207,,,,,,,,,,,,,,,,,,,,,,,,,,,,,,,,,,,,,,,,,,,,,,,,,,,,,,,,,,,,,,,,,,,,,,,,,,,,,11.0,common_100k,0.005,persistent_three_regular,38000.0,True,100000.0,False,,,,,,,,,,,,,,,,,,,,,,,,,,,,,,
data/precomputed/fig05/learning_threshold_crossings.csv,,3MIDD_207,,,,,,,,,,,,,,,,,,,,,,,,,,,,,,,,,,,,,,,,,,,,,,,,,,,,,,,,,,,,,,,,,,,,,,,,,,,,,11.0,full_followup,0.0005,first,34000.0,True,100000.0,False,,,,,,,,,,,,,,,,,,,,,,,,,,,,,,
data/precomputed/fig05/learning_threshold_crossings.csv,,3MIDD_207,,,,,,,,,,,,,,,,,,,,,,,,,,,,,,,,,,,,,,,,,,,,,,,,,,,,,,,,,,,,,,,,,,,,,,,,,,,,,11.0,full_followup,0.0005,persistent_three_regular,34000.0,True,100000.0,False,,,,,,,,,,,,,,,,,,,,,,,,,,,,,,
data/precomputed/fig05/learning_threshold_crossings.csv,,3MIDD_207,,,,,,,,,,,,,,,,,,,,,,,,,,,,,,,,,,,,,,,,,,,,,,,,,,,,,,,,,,,,,,,,,,,,,,,,,,,,,11.0,full_followup,0.001,first,36000.0,True,100000.0,False,,,,,,,,,,,,,,,,,,,,,,,,,,,,,,
data/precomputed/fig05/learning_threshold_crossings.csv,,3MIDD_207,,,,,,,,,,,,,,,,,,,,,,,,,,,,,,,,,,,,,,,,,,,,,,,,,,,,,,,,,,,,,,,,,,,,,,,,,,,,,11.0,full_followup,0.001,persistent_three_regular,36000.0,True,100000.0,False,,,,,,,,,,,,,,,,,,,,,,,,,,,,,,
data/precomputed/fig05/learning_threshold_crossings.csv,,3MIDD_207,,,,,,,,,,,,,,,,,,,,,,,,,,,,,,,,,,,,,,,,,,,,,,,,,,,,,,,,,,,,,,,,,,,,,,,,,,,,,11.0,full_followup,0.002,first,37000.0,True,100000.0,False,,,,,,,,,,,,,,,,,,,,,,,,,,,,,,
data/precomputed/fig05/learning_threshold_crossings.csv,,3MIDD_207,,,,,,,,,,,,,,,,,,,,,,,,,,,,,,,,,,,,,,,,,,,,,,,,,,,,,,,,,,,,,,,,,,,,,,,,,,,,,11.0,full_followup,0.002,persistent_three_regular,37000.0,True,100000.0,False,,,,,,,,,,,,,,,,,,,,,,,,,,,,,,
data/precomputed/fig05/learning_threshold_crossings.csv,,3MIDD_207,,,,,,,,,,,,,,,,,,,,,,,,,,,,,,,,,,,,,,,,,,,,,,,,,,,,,,,,,,,,,,,,,,,,,,,,,,,,,11.0,full_followup,0.005,first,38000.0,True,100000.0,False,,,,,,,,,,,,,,,,,,,,,,,,,,,,,,
data/precomputed/fig05/learning_threshold_crossings.csv,,3MIDD_207,,,,,,,,,,,,,,,,,,,,,,,,,,,,,,,,,,,,,,,,,,,,,,,,,,,,,,,,,,,,,,,,,,,,,,,,,,,,,11.0,full_followup,0.005,persistent_three_regular,38000.0,True,100000.0,False,,,,,,,,,,,,,,,,,,,,,,,,,,,,,,
data/precomputed/fig05/learning_threshold_crossings.csv,,4MIDD_085_170,,,,,,,,,,,,,,,,,,,,,,,,,,,,,,,,,,,,,,,,,,,,,,,,,,,,,,,,,,,,,,,,,,,,,,,,,,,,,11.0,common_100k,0.0005,first,37000.0,True,100000.0,False,,,,,,,,,,,,,,,,,,,,,,,,,,,,,,
data/precomputed/fig05/learning_threshold_crossings.csv,,4MIDD_085_170,,,,,,,,,,,,,,,,,,,,,,,,,,,,,,,,,,,,,,,,,,,,,,,,,,,,,,,,,,,,,,,,,,,,,,,,,,,,,11.0,common_100k,0.0005,persistent_three_regular,37000.0,True,100000.0,False,,,,,,,,,,,,,,,,,,,,,,,,,,,,,,
data/precomputed/fig05/learning_threshold_crossings.csv,,4MIDD_085_170,,,,,,,,,,,,,,,,,,,,,,,,,,,,,,,,,,,,,,,,,,,,,,,,,,,,,,,,,,,,,,,,,,,,,,,,,,,,,11.0,common_100k,0.001,first,37000.0,True,100000.0,False,,,,,,,,,,,,,,,,,,,,,,,,,,,,,,
data/precomputed/fig05/learning_threshold_crossings.csv,,4MIDD_085_170,,,,,,,,,,,,,,,,,,,,,,,,,,,,,,,,,,,,,,,,,,,,,,,,,,,,,,,,,,,,,,,,,,,,,,,,,,,,,11.0,common_100k,0.001,persistent_three_regular,37000.0,True,100000.0,False,,,,,,,,,,,,,,,,,,,,,,,,,,,,,,
data/precomputed/fig05/learning_threshold_crossings.csv,,4MIDD_085_170,,,,,,,,,,,,,,,,,,,,,,,,,,,,,,,,,,,,,,,,,,,,,,,,,,,,,,,,,,,,,,,,,,,,,,,,,,,,,11.0,common_100k,0.002,first,38000.0,True,100000.0,False,,,,,,,,,,,,,,,,,,,,,,,,,,,,,,
data/precomputed/fig05/learning_threshold_crossings.csv,,4MIDD_085_170,,,,,,,,,,,,,,,,,,,,,,,,,,,,,,,,,,,,,,,,,,,,,,,,,,,,,,,,,,,,,,,,,,,,,,,,,,,,,11.0,common_100k,0.002,persistent_three_regular,38000.0,True,100000.0,False,,,,,,,,,,,,,,,,,,,,,,,,,,,,,,
data/precomputed/fig05/learning_threshold_crossings.csv,,4MIDD_085_170,,,,,,,,,,,,,,,,,,,,,,,,,,,,,,,,,,,,,,,,,,,,,,,,,,,,,,,,,,,,,,,,,,,,,,,,,,,,,11.0,common_100k,0.005,first,40000.0,True,100000.0,False,,,,,,,,,,,,,,,,,,,,,,,,,,,,,,
data/precomputed/fig05/learning_threshold_crossings.csv,,4MIDD_085_170,,,,,,,,,,,,,,,,,,,,,,,,,,,,,,,,,,,,,,,,,,,,,,,,,,,,,,,,,,,,,,,,,,,,,,,,,,,,,11.0,common_100k,0.005,persistent_three_regular,40000.0,True,100000.0,False,,,,,,,,,,,,,,,,,,,,,,,,,,,,,,
data/precomputed/fig05/learning_threshold_crossings.csv,,4MIDD_085_170,,,,,,,,,,,,,,,,,,,,,,,,,,,,,,,,,,,,,,,,,,,,,,,,,,,,,,,,,,,,,,,,,,,,,,,,,,,,,11.0,full_followup,0.0005,first,37000.0,True,100000.0,False,,,,,,,,,,,,,,,,,,,,,,,,,,,,,,
data/precomputed/fig05/learning_threshold_crossings.csv,,4MIDD_085_170,,,,,,,,,,,,,,,,,,,,,,,,,,,,,,,,,,,,,,,,,,,,,,,,,,,,,,,,,,,,,,,,,,,,,,,,,,,,,11.0,full_followup,0.0005,persistent_three_regular,37000.0,True,100000.0,False,,,,,,,,,,,,,,,,,,,,,,,,,,,,,,
data/precomputed/fig05/learning_threshold_crossings.csv,,4MIDD_085_170,,,,,,,,,,,,,,,,,,,,,,,,,,,,,,,,,,,,,,,,,,,,,,,,,,,,,,,,,,,,,,,,,,,,,,,,,,,,,11.0,full_followup,0.001,first,37000.0,True,100000.0,False,,,,,,,,,,,,,,,,,,,,,,,,,,,,,,
data/precomputed/fig05/learning_threshold_crossings.csv,,4MIDD_085_170,,,,,,,,,,,,,,,,,,,,,,,,,,,,,,,,,,,,,,,,,,,,,,,,,,,,,,,,,,,,,,,,,,,,,,,,,,,,,11.0,full_followup,0.001,persistent_three_regular,37000.0,True,100000.0,False,,,,,,,,,,,,,,,,,,,,,,,,,,,,,,
data/precomputed/fig05/learning_threshold_crossings.csv,,4MIDD_085_170,,,,,,,,,,,,,,,,,,,,,,,,,,,,,,,,,,,,,,,,,,,,,,,,,,,,,,,,,,,,,,,,,,,,,,,,,,,,,11.0,full_followup,0.002,first,38000.0,True,100000.0,False,,,,,,,,,,,,,,,,,,,,,,,,,,,,,,
data/precomputed/fig05/learning_threshold_crossings.csv,,4MIDD_085_170,,,,,,,,,,,,,,,,,,,,,,,,,,,,,,,,,,,,,,,,,,,,,,,,,,,,,,,,,,,,,,,,,,,,,,,,,,,,,11.0,full_followup,0.002,persistent_three_regular,38000.0,True,100000.0,False,,,,,,,,,,,,,,,,,,,,,,,,,,,,,,
data/precomputed/fig05/learning_threshold_crossings.csv,,4MIDD_085_170,,,,,,,,,,,,,,,,,,,,,,,,,,,,,,,,,,,,,,,,,,,,,,,,,,,,,,,,,,,,,,,,,,,,,,,,,,,,,11.0,full_followup,0.005,first,40000.0,True,100000.0,False,,,,,,,,,,,,,,,,,,,,,,,,,,,,,,
data/precomputed/fig05/learning_threshold_crossings.csv,,4MIDD_085_170,,,,,,,,,,,,,,,,,,,,,,,,,,,,,,,,,,,,,,,,,,,,,,,,,,,,,,,,,,,,,,,,,,,,,,,,,,,,,11.0,full_followup,0.005,persistent_three_regular,40000.0,True,100000.0,False,,,,,,,,,,,,,,,,,,,,,,,,,,,,,,
data/precomputed/fig05/learning_threshold_crossings.csv,,3MIDD_048,,,,,,,,,,,,,,,,,,,,,,,,,,,,,,,,,,,,,,,,,,,,,,,,,,,,,,,,,,,,,,,,,,,,,,,,,,,,,12.0,common_100k,0.0005,first,25000.0,True,100000.0,False,,,,,,,,,,,,,,,,,,,,,,,,,,,,,,
data/precomputed/fig05/learning_threshold_crossings.csv,,3MIDD_048,,,,,,,,,,,,,,,,,,,,,,,,,,,,,,,,,,,,,,,,,,,,,,,,,,,,,,,,,,,,,,,,,,,,,,,,,,,,,12.0,common_100k,0.0005,persistent_three_regular,25000.0,True,100000.0,False,,,,,,,,,,,,,,,,,,,,,,,,,,,,,,
data/precomputed/fig05/learning_threshold_crossings.csv,,3MIDD_048,,,,,,,,,,,,,,,,,,,,,,,,,,,,,,,,,,,,,,,,,,,,,,,,,,,,,,,,,,,,,,,,,,,,,,,,,,,,,12.0,common_100k,0.001,first,32000.0,True,100000.0,False,,,,,,,,,,,,,,,,,,,,,,,,,,,,,,
data/precomputed/fig05/learning_threshold_crossings.csv,,3MIDD_048,,,,,,,,,,,,,,,,,,,,,,,,,,,,,,,,,,,,,,,,,,,,,,,,,,,,,,,,,,,,,,,,,,,,,,,,,,,,,12.0,common_100k,0.001,persistent_three_regular,34000.0,True,100000.0,False,,,,,,,,,,,,,,,,,,,,,,,,,,,,,,
data/precomputed/fig05/learning_threshold_crossings.csv,,3MIDD_048,,,,,,,,,,,,,,,,,,,,,,,,,,,,,,,,,,,,,,,,,,,,,,,,,,,,,,,,,,,,,,,,,,,,,,,,,,,,,12.0,common_100k,0.002,first,34000.0,True,100000.0,False,,,,,,,,,,,,,,,,,,,,,,,,,,,,,,
data/precomputed/fig05/learning_threshold_crossings.csv,,3MIDD_048,,,,,,,,,,,,,,,,,,,,,,,,,,,,,,,,,,,,,,,,,,,,,,,,,,,,,,,,,,,,,,,,,,,,,,,,,,,,,12.0,common_100k,0.002,persistent_three_regular,34000.0,True,100000.0,False,,,,,,,,,,,,,,,,,,,,,,,,,,,,,,
data/precomputed/fig05/learning_threshold_crossings.csv,,3MIDD_048,,,,,,,,,,,,,,,,,,,,,,,,,,,,,,,,,,,,,,,,,,,,,,,,,,,,,,,,,,,,,,,,,,,,,,,,,,,,,12.0,common_100k,0.005,first,36000.0,True,100000.0,False,,,,,,,,,,,,,,,,,,,,,,,,,,,,,,
data/precomputed/fig05/learning_threshold_crossings.csv,,3MIDD_048,,,,,,,,,,,,,,,,,,,,,,,,,,,,,,,,,,,,,,,,,,,,,,,,,,,,,,,,,,,,,,,,,,,,,,,,,,,,,12.0,common_100k,0.005,persistent_three_regular,36000.0,True,100000.0,False,,,,,,,,,,,,,,,,,,,,,,,,,,,,,,
data/precomputed/fig05/learning_threshold_crossings.csv,,3MIDD_048,,,,,,,,,,,,,,,,,,,,,,,,,,,,,,,,,,,,,,,,,,,,,,,,,,,,,,,,,,,,,,,,,,,,,,,,,,,,,12.0,full_followup,0.0005,first,25000.0,True,226000.0,False,,,,,,,,,,,,,,,,,,,,,,,,,,,,,,
data/precomputed/fig05/learning_threshold_crossings.csv,,3MIDD_048,,,,,,,,,,,,,,,,,,,,,,,,,,,,,,,,,,,,,,,,,,,,,,,,,,,,,,,,,,,,,,,,,,,,,,,,,,,,,12.0,full_followup,0.0005,persistent_three_regular,25000.0,True,226000.0,False,,,,,,,,,,,,,,,,,,,,,,,,,,,,,,
data/precomputed/fig05/learning_threshold_crossings.csv,,3MIDD_048,,,,,,,,,,,,,,,,,,,,,,,,,,,,,,,,,,,,,,,,,,,,,,,,,,,,,,,,,,,,,,,,,,,,,,,,,,,,,12.0,full_followup,0.001,first,32000.0,True,226000.0,False,,,,,,,,,,,,,,,,,,,,,,,,,,,,,,
data/precomputed/fig05/learning_threshold_crossings.csv,,3MIDD_048,,,,,,,,,,,,,,,,,,,,,,,,,,,,,,,,,,,,,,,,,,,,,,,,,,,,,,,,,,,,,,,,,,,,,,,,,,,,,12.0,full_followup,0.001,persistent_three_regular,34000.0,True,226000.0,False,,,,,,,,,,,,,,,,,,,,,,,,,,,,,,
data/precomputed/fig05/learning_threshold_crossings.csv,,3MIDD_048,,,,,,,,,,,,,,,,,,,,,,,,,,,,,,,,,,,,,,,,,,,,,,,,,,,,,,,,,,,,,,,,,,,,,,,,,,,,,12.0,full_followup,0.002,first,34000.0,True,226000.0,False,,,,,,,,,,,,,,,,,,,,,,,,,,,,,,
data/precomputed/fig05/learning_threshold_crossings.csv,,3MIDD_048,,,,,,,,,,,,,,,,,,,,,,,,,,,,,,,,,,,,,,,,,,,,,,,,,,,,,,,,,,,,,,,,,,,,,,,,,,,,,12.0,full_followup,0.002,persistent_three_regular,34000.0,True,226000.0,False,,,,,,,,,,,,,,,,,,,,,,,,,,,,,,
data/precomputed/fig05/learning_threshold_crossings.csv,,3MIDD_048,,,,,,,,,,,,,,,,,,,,,,,,,,,,,,,,,,,,,,,,,,,,,,,,,,,,,,,,,,,,,,,,,,,,,,,,,,,,,12.0,full_followup,0.005,first,36000.0,True,226000.0,False,,,,,,,,,,,,,,,,,,,,,,,,,,,,,,
data/precomputed/fig05/learning_threshold_crossings.csv,,3MIDD_048,,,,,,,,,,,,,,,,,,,,,,,,,,,,,,,,,,,,,,,,,,,,,,,,,,,,,,,,,,,,,,,,,,,,,,,,,,,,,12.0,full_followup,0.005,persistent_three_regular,36000.0,True,226000.0,False,,,,,,,,,,,,,,,,,,,,,,,,,,,,,,
data/precomputed/fig05/learning_threshold_crossings.csv,,3MIDD_207,,,,,,,,,,,,,,,,,,,,,,,,,,,,,,,,,,,,,,,,,,,,,,,,,,,,,,,,,,,,,,,,,,,,,,,,,,,,,12.0,common_100k,0.0005,first,21000.0,True,100000.0,False,,,,,,,,,,,,,,,,,,,,,,,,,,,,,,
data/precomputed/fig05/learning_threshold_crossings.csv,,3MIDD_207,,,,,,,,,,,,,,,,,,,,,,,,,,,,,,,,,,,,,,,,,,,,,,,,,,,,,,,,,,,,,,,,,,,,,,,,,,,,,12.0,common_100k,0.0005,persistent_three_regular,30000.0,True,100000.0,False,,,,,,,,,,,,,,,,,,,,,,,,,,,,,,
data/precomputed/fig05/learning_threshold_crossings.csv,,3MIDD_207,,,,,,,,,,,,,,,,,,,,,,,,,,,,,,,,,,,,,,,,,,,,,,,,,,,,,,,,,,,,,,,,,,,,,,,,,,,,,12.0,common_100k,0.001,first,31000.0,True,100000.0,False,,,,,,,,,,,,,,,,,,,,,,,,,,,,,,
data/precomputed/fig05/learning_threshold_crossings.csv,,3MIDD_207,,,,,,,,,,,,,,,,,,,,,,,,,,,,,,,,,,,,,,,,,,,,,,,,,,,,,,,,,,,,,,,,,,,,,,,,,,,,,12.0,common_100k,0.001,persistent_three_regular,31000.0,True,100000.0,False,,,,,,,,,,,,,,,,,,,,,,,,,,,,,,
data/precomputed/fig05/learning_threshold_crossings.csv,,3MIDD_207,,,,,,,,,,,,,,,,,,,,,,,,,,,,,,,,,,,,,,,,,,,,,,,,,,,,,,,,,,,,,,,,,,,,,,,,,,,,,12.0,common_100k,0.002,first,33000.0,True,100000.0,False,,,,,,,,,,,,,,,,,,,,,,,,,,,,,,
data/precomputed/fig05/learning_threshold_crossings.csv,,3MIDD_207,,,,,,,,,,,,,,,,,,,,,,,,,,,,,,,,,,,,,,,,,,,,,,,,,,,,,,,,,,,,,,,,,,,,,,,,,,,,,12.0,common_100k,0.002,persistent_three_regular,36000.0,True,100000.0,False,,,,,,,,,,,,,,,,,,,,,,,,,,,,,,
data/precomputed/fig05/learning_threshold_crossings.csv,,3MIDD_207,,,,,,,,,,,,,,,,,,,,,,,,,,,,,,,,,,,,,,,,,,,,,,,,,,,,,,,,,,,,,,,,,,,,,,,,,,,,,12.0,common_100k,0.005,first,36000.0,True,100000.0,False,,,,,,,,,,,,,,,,,,,,,,,,,,,,,,
data/precomputed/fig05/learning_threshold_crossings.csv,,3MIDD_207,,,,,,,,,,,,,,,,,,,,,,,,,,,,,,,,,,,,,,,,,,,,,,,,,,,,,,,,,,,,,,,,,,,,,,,,,,,,,12.0,common_100k,0.005,persistent_three_regular,36000.0,True,100000.0,False,,,,,,,,,,,,,,,,,,,,,,,,,,,,,,
data/precomputed/fig05/learning_threshold_crossings.csv,,3MIDD_207,,,,,,,,,,,,,,,,,,,,,,,,,,,,,,,,,,,,,,,,,,,,,,,,,,,,,,,,,,,,,,,,,,,,,,,,,,,,,12.0,full_followup,0.0005,first,21000.0,True,226000.0,False,,,,,,,,,,,,,,,,,,,,,,,,,,,,,,
data/precomputed/fig05/learning_threshold_crossings.csv,,3MIDD_207,,,,,,,,,,,,,,,,,,,,,,,,,,,,,,,,,,,,,,,,,,,,,,,,,,,,,,,,,,,,,,,,,,,,,,,,,,,,,12.0,full_followup,0.0005,persistent_three_regular,30000.0,True,226000.0,False,,,,,,,,,,,,,,,,,,,,,,,,,,,,,,
data/precomputed/fig05/learning_threshold_crossings.csv,,3MIDD_207,,,,,,,,,,,,,,,,,,,,,,,,,,,,,,,,,,,,,,,,,,,,,,,,,,,,,,,,,,,,,,,,,,,,,,,,,,,,,12.0,full_followup,0.001,first,31000.0,True,226000.0,False,,,,,,,,,,,,,,,,,,,,,,,,,,,,,,
data/precomputed/fig05/learning_threshold_crossings.csv,,3MIDD_207,,,,,,,,,,,,,,,,,,,,,,,,,,,,,,,,,,,,,,,,,,,,,,,,,,,,,,,,,,,,,,,,,,,,,,,,,,,,,12.0,full_followup,0.001,persistent_three_regular,31000.0,True,226000.0,False,,,,,,,,,,,,,,,,,,,,,,,,,,,,,,
data/precomputed/fig05/learning_threshold_crossings.csv,,3MIDD_207,,,,,,,,,,,,,,,,,,,,,,,,,,,,,,,,,,,,,,,,,,,,,,,,,,,,,,,,,,,,,,,,,,,,,,,,,,,,,12.0,full_followup,0.002,first,33000.0,True,226000.0,False,,,,,,,,,,,,,,,,,,,,,,,,,,,,,,
data/precomputed/fig05/learning_threshold_crossings.csv,,3MIDD_207,,,,,,,,,,,,,,,,,,,,,,,,,,,,,,,,,,,,,,,,,,,,,,,,,,,,,,,,,,,,,,,,,,,,,,,,,,,,,12.0,full_followup,0.002,persistent_three_regular,36000.0,True,226000.0,False,,,,,,,,,,,,,,,,,,,,,,,,,,,,,,
data/precomputed/fig05/learning_threshold_crossings.csv,,3MIDD_207,,,,,,,,,,,,,,,,,,,,,,,,,,,,,,,,,,,,,,,,,,,,,,,,,,,,,,,,,,,,,,,,,,,,,,,,,,,,,12.0,full_followup,0.005,first,36000.0,True,226000.0,False,,,,,,,,,,,,,,,,,,,,,,,,,,,,,,
data/precomputed/fig05/learning_threshold_crossings.csv,,3MIDD_207,,,,,,,,,,,,,,,,,,,,,,,,,,,,,,,,,,,,,,,,,,,,,,,,,,,,,,,,,,,,,,,,,,,,,,,,,,,,,12.0,full_followup,0.005,persistent_three_regular,36000.0,True,226000.0,False,,,,,,,,,,,,,,,,,,,,,,,,,,,,,,
data/precomputed/fig05/learning_threshold_crossings.csv,,4MIDD_085_170,,,,,,,,,,,,,,,,,,,,,,,,,,,,,,,,,,,,,,,,,,,,,,,,,,,,,,,,,,,,,,,,,,,,,,,,,,,,,12.0,common_100k,0.0005,first,32000.0,True,100000.0,False,,,,,,,,,,,,,,,,,,,,,,,,,,,,,,
data/precomputed/fig05/learning_threshold_crossings.csv,,4MIDD_085_170,,,,,,,,,,,,,,,,,,,,,,,,,,,,,,,,,,,,,,,,,,,,,,,,,,,,,,,,,,,,,,,,,,,,,,,,,,,,,12.0,common_100k,0.0005,persistent_three_regular,35000.0,True,100000.0,False,,,,,,,,,,,,,,,,,,,,,,,,,,,,,,
data/precomputed/fig05/learning_threshold_crossings.csv,,4MIDD_085_170,,,,,,,,,,,,,,,,,,,,,,,,,,,,,,,,,,,,,,,,,,,,,,,,,,,,,,,,,,,,,,,,,,,,,,,,,,,,,12.0,common_100k,0.001,first,33000.0,True,100000.0,False,,,,,,,,,,,,,,,,,,,,,,,,,,,,,,
data/precomputed/fig05/learning_threshold_crossings.csv,,4MIDD_085_170,,,,,,,,,,,,,,,,,,,,,,,,,,,,,,,,,,,,,,,,,,,,,,,,,,,,,,,,,,,,,,,,,,,,,,,,,,,,,12.0,common_100k,0.001,persistent_three_regular,35000.0,True,100000.0,False,,,,,,,,,,,,,,,,,,,,,,,,,,,,,,
data/precomputed/fig05/learning_threshold_crossings.csv,,4MIDD_085_170,,,,,,,,,,,,,,,,,,,,,,,,,,,,,,,,,,,,,,,,,,,,,,,,,,,,,,,,,,,,,,,,,,,,,,,,,,,,,12.0,common_100k,0.002,first,43000.0,True,100000.0,False,,,,,,,,,,,,,,,,,,,,,,,,,,,,,,
data/precomputed/fig05/learning_threshold_crossings.csv,,4MIDD_085_170,,,,,,,,,,,,,,,,,,,,,,,,,,,,,,,,,,,,,,,,,,,,,,,,,,,,,,,,,,,,,,,,,,,,,,,,,,,,,12.0,common_100k,0.002,persistent_three_regular,,False,100000.0,False,,,,,,,,,,,,,,,,,,,,,,,,,,,,,,
data/precomputed/fig05/learning_threshold_crossings.csv,,4MIDD_085_170,,,,,,,,,,,,,,,,,,,,,,,,,,,,,,,,,,,,,,,,,,,,,,,,,,,,,,,,,,,,,,,,,,,,,,,,,,,,,12.0,common_100k,0.005,first,,False,100000.0,False,,,,,,,,,,,,,,,,,,,,,,,,,,,,,,
data/precomputed/fig05/learning_threshold_crossings.csv,,4MIDD_085_170,,,,,,,,,,,,,,,,,,,,,,,,,,,,,,,,,,,,,,,,,,,,,,,,,,,,,,,,,,,,,,,,,,,,,,,,,,,,,12.0,common_100k,0.005,persistent_three_regular,,False,100000.0,False,,,,,,,,,,,,,,,,,,,,,,,,,,,,,,
data/precomputed/fig05/learning_threshold_crossings.csv,,4MIDD_085_170,,,,,,,,,,,,,,,,,,,,,,,,,,,,,,,,,,,,,,,,,,,,,,,,,,,,,,,,,,,,,,,,,,,,,,,,,,,,,12.0,full_followup,0.0005,first,32000.0,True,226000.0,False,,,,,,,,,,,,,,,,,,,,,,,,,,,,,,
data/precomputed/fig05/learning_threshold_crossings.csv,,4MIDD_085_170,,,,,,,,,,,,,,,,,,,,,,,,,,,,,,,,,,,,,,,,,,,,,,,,,,,,,,,,,,,,,,,,,,,,,,,,,,,,,12.0,full_followup,0.0005,persistent_three_regular,35000.0,True,226000.0,False,,,,,,,,,,,,,,,,,,,,,,,,,,,,,,
data/precomputed/fig05/learning_threshold_crossings.csv,,4MIDD_085_170,,,,,,,,,,,,,,,,,,,,,,,,,,,,,,,,,,,,,,,,,,,,,,,,,,,,,,,,,,,,,,,,,,,,,,,,,,,,,12.0,full_followup,0.001,first,33000.0,True,226000.0,False,,,,,,,,,,,,,,,,,,,,,,,,,,,,,,
data/precomputed/fig05/learning_threshold_crossings.csv,,4MIDD_085_170,,,,,,,,,,,,,,,,,,,,,,,,,,,,,,,,,,,,,,,,,,,,,,,,,,,,,,,,,,,,,,,,,,,,,,,,,,,,,12.0,full_followup,0.001,persistent_three_regular,35000.0,True,226000.0,False,,,,,,,,,,,,,,,,,,,,,,,,,,,,,,
data/precomputed/fig05/learning_threshold_crossings.csv,,4MIDD_085_170,,,,,,,,,,,,,,,,,,,,,,,,,,,,,,,,,,,,,,,,,,,,,,,,,,,,,,,,,,,,,,,,,,,,,,,,,,,,,12.0,full_followup,0.002,first,43000.0,True,226000.0,False,,,,,,,,,,,,,,,,,,,,,,,,,,,,,,
data/precomputed/fig05/learning_threshold_crossings.csv,,4MIDD_085_170,,,,,,,,,,,,,,,,,,,,,,,,,,,,,,,,,,,,,,,,,,,,,,,,,,,,,,,,,,,,,,,,,,,,,,,,,,,,,12.0,full_followup,0.002,persistent_three_regular,,False,226000.0,False,,,,,,,,,,,,,,,,,,,,,,,,,,,,,,
data/precomputed/fig05/learning_threshold_crossings.csv,,4MIDD_085_170,,,,,,,,,,,,,,,,,,,,,,,,,,,,,,,,,,,,,,,,,,,,,,,,,,,,,,,,,,,,,,,,,,,,,,,,,,,,,12.0,full_followup,0.005,first,,False,226000.0,False,,,,,,,,,,,,,,,,,,,,,,,,,,,,,,
data/precomputed/fig05/learning_threshold_crossings.csv,,4MIDD_085_170,,,,,,,,,,,,,,,,,,,,,,,,,,,,,,,,,,,,,,,,,,,,,,,,,,,,,,,,,,,,,,,,,,,,,,,,,,,,,12.0,full_followup,0.005,persistent_three_regular,,False,226000.0,False,,,,,,,,,,,,,,,,,,,,,,,,,,,,,,
data/precomputed/fig05/learning_threshold_crossings.csv,,3MIDD_048,,,,,,,,,,,,,,,,,,,,,,,,,,,,,,,,,,,,,,,,,,,,,,,,,,,,,,,,,,,,,,,,,,,,,,,,,,,,,13.0,common_100k,0.0005,first,26000.0,True,100000.0,False,,,,,,,,,,,,,,,,,,,,,,,,,,,,,,
data/precomputed/fig05/learning_threshold_crossings.csv,,3MIDD_048,,,,,,,,,,,,,,,,,,,,,,,,,,,,,,,,,,,,,,,,,,,,,,,,,,,,,,,,,,,,,,,,,,,,,,,,,,,,,13.0,common_100k,0.0005,persistent_three_regular,26000.0,True,100000.0,False,,,,,,,,,,,,,,,,,,,,,,,,,,,,,,
data/precomputed/fig05/learning_threshold_crossings.csv,,3MIDD_048,,,,,,,,,,,,,,,,,,,,,,,,,,,,,,,,,,,,,,,,,,,,,,,,,,,,,,,,,,,,,,,,,,,,,,,,,,,,,13.0,common_100k,0.001,first,26000.0,True,100000.0,False,,,,,,,,,,,,,,,,,,,,,,,,,,,,,,
data/precomputed/fig05/learning_threshold_crossings.csv,,3MIDD_048,,,,,,,,,,,,,,,,,,,,,,,,,,,,,,,,,,,,,,,,,,,,,,,,,,,,,,,,,,,,,,,,,,,,,,,,,,,,,13.0,common_100k,0.001,persistent_three_regular,32000.0,True,100000.0,False,,,,,,,,,,,,,,,,,,,,,,,,,,,,,,
data/precomputed/fig05/learning_threshold_crossings.csv,,3MIDD_048,,,,,,,,,,,,,,,,,,,,,,,,,,,,,,,,,,,,,,,,,,,,,,,,,,,,,,,,,,,,,,,,,,,,,,,,,,,,,13.0,common_100k,0.002,first,33000.0,True,100000.0,False,,,,,,,,,,,,,,,,,,,,,,,,,,,,,,
data/precomputed/fig05/learning_threshold_crossings.csv,,3MIDD_048,,,,,,,,,,,,,,,,,,,,,,,,,,,,,,,,,,,,,,,,,,,,,,,,,,,,,,,,,,,,,,,,,,,,,,,,,,,,,13.0,common_100k,0.002,persistent_three_regular,35000.0,True,100000.0,False,,,,,,,,,,,,,,,,,,,,,,,,,,,,,,
data/precomputed/fig05/learning_threshold_crossings.csv,,3MIDD_048,,,,,,,,,,,,,,,,,,,,,,,,,,,,,,,,,,,,,,,,,,,,,,,,,,,,,,,,,,,,,,,,,,,,,,,,,,,,,13.0,common_100k,0.005,first,38000.0,True,100000.0,False,,,,,,,,,,,,,,,,,,,,,,,,,,,,,,
data/precomputed/fig05/learning_threshold_crossings.csv,,3MIDD_048,,,,,,,,,,,,,,,,,,,,,,,,,,,,,,,,,,,,,,,,,,,,,,,,,,,,,,,,,,,,,,,,,,,,,,,,,,,,,13.0,common_100k,0.005,persistent_three_regular,38000.0,True,100000.0,False,,,,,,,,,,,,,,,,,,,,,,,,,,,,,,
data/precomputed/fig05/learning_threshold_crossings.csv,,3MIDD_048,,,,,,,,,,,,,,,,,,,,,,,,,,,,,,,,,,,,,,,,,,,,,,,,,,,,,,,,,,,,,,,,,,,,,,,,,,,,,13.0,full_followup,0.0005,first,26000.0,True,100000.0,False,,,,,,,,,,,,,,,,,,,,,,,,,,,,,,
data/precomputed/fig05/learning_threshold_crossings.csv,,3MIDD_048,,,,,,,,,,,,,,,,,,,,,,,,,,,,,,,,,,,,,,,,,,,,,,,,,,,,,,,,,,,,,,,,,,,,,,,,,,,,,13.0,full_followup,0.0005,persistent_three_regular,26000.0,True,100000.0,False,,,,,,,,,,,,,,,,,,,,,,,,,,,,,,
data/precomputed/fig05/learning_threshold_crossings.csv,,3MIDD_048,,,,,,,,,,,,,,,,,,,,,,,,,,,,,,,,,,,,,,,,,,,,,,,,,,,,,,,,,,,,,,,,,,,,,,,,,,,,,13.0,full_followup,0.001,first,26000.0,True,100000.0,False,,,,,,,,,,,,,,,,,,,,,,,,,,,,,,
data/precomputed/fig05/learning_threshold_crossings.csv,,3MIDD_048,,,,,,,,,,,,,,,,,,,,,,,,,,,,,,,,,,,,,,,,,,,,,,,,,,,,,,,,,,,,,,,,,,,,,,,,,,,,,13.0,full_followup,0.001,persistent_three_regular,32000.0,True,100000.0,False,,,,,,,,,,,,,,,,,,,,,,,,,,,,,,
data/precomputed/fig05/learning_threshold_crossings.csv,,3MIDD_048,,,,,,,,,,,,,,,,,,,,,,,,,,,,,,,,,,,,,,,,,,,,,,,,,,,,,,,,,,,,,,,,,,,,,,,,,,,,,13.0,full_followup,0.002,first,33000.0,True,100000.0,False,,,,,,,,,,,,,,,,,,,,,,,,,,,,,,
data/precomputed/fig05/learning_threshold_crossings.csv,,3MIDD_048,,,,,,,,,,,,,,,,,,,,,,,,,,,,,,,,,,,,,,,,,,,,,,,,,,,,,,,,,,,,,,,,,,,,,,,,,,,,,13.0,full_followup,0.002,persistent_three_regular,35000.0,True,100000.0,False,,,,,,,,,,,,,,,,,,,,,,,,,,,,,,
data/precomputed/fig05/learning_threshold_crossings.csv,,3MIDD_048,,,,,,,,,,,,,,,,,,,,,,,,,,,,,,,,,,,,,,,,,,,,,,,,,,,,,,,,,,,,,,,,,,,,,,,,,,,,,13.0,full_followup,0.005,first,38000.0,True,100000.0,False,,,,,,,,,,,,,,,,,,,,,,,,,,,,,,
data/precomputed/fig05/learning_threshold_crossings.csv,,3MIDD_048,,,,,,,,,,,,,,,,,,,,,,,,,,,,,,,,,,,,,,,,,,,,,,,,,,,,,,,,,,,,,,,,,,,,,,,,,,,,,13.0,full_followup,0.005,persistent_three_regular,38000.0,True,100000.0,False,,,,,,,,,,,,,,,,,,,,,,,,,,,,,,
data/precomputed/fig05/learning_threshold_crossings.csv,,3MIDD_207,,,,,,,,,,,,,,,,,,,,,,,,,,,,,,,,,,,,,,,,,,,,,,,,,,,,,,,,,,,,,,,,,,,,,,,,,,,,,13.0,common_100k,0.0005,first,21000.0,True,100000.0,False,,,,,,,,,,,,,,,,,,,,,,,,,,,,,,
data/precomputed/fig05/learning_threshold_crossings.csv,,3MIDD_207,,,,,,,,,,,,,,,,,,,,,,,,,,,,,,,,,,,,,,,,,,,,,,,,,,,,,,,,,,,,,,,,,,,,,,,,,,,,,13.0,common_100k,0.0005,persistent_three_regular,21000.0,True,100000.0,False,,,,,,,,,,,,,,,,,,,,,,,,,,,,,,
data/precomputed/fig05/learning_threshold_crossings.csv,,3MIDD_207,,,,,,,,,,,,,,,,,,,,,,,,,,,,,,,,,,,,,,,,,,,,,,,,,,,,,,,,,,,,,,,,,,,,,,,,,,,,,13.0,common_100k,0.001,first,28000.0,True,100000.0,False,,,,,,,,,,,,,,,,,,,,,,,,,,,,,,
data/precomputed/fig05/learning_threshold_crossings.csv,,3MIDD_207,,,,,,,,,,,,,,,,,,,,,,,,,,,,,,,,,,,,,,,,,,,,,,,,,,,,,,,,,,,,,,,,,,,,,,,,,,,,,13.0,common_100k,0.001,persistent_three_regular,34000.0,True,100000.0,False,,,,,,,,,,,,,,,,,,,,,,,,,,,,,,
data/precomputed/fig05/learning_threshold_crossings.csv,,3MIDD_207,,,,,,,,,,,,,,,,,,,,,,,,,,,,,,,,,,,,,,,,,,,,,,,,,,,,,,,,,,,,,,,,,,,,,,,,,,,,,13.0,common_100k,0.002,first,34000.0,True,100000.0,False,,,,,,,,,,,,,,,,,,,,,,,,,,,,,,
data/precomputed/fig05/learning_threshold_crossings.csv,,3MIDD_207,,,,,,,,,,,,,,,,,,,,,,,,,,,,,,,,,,,,,,,,,,,,,,,,,,,,,,,,,,,,,,,,,,,,,,,,,,,,,13.0,common_100k,0.002,persistent_three_regular,36000.0,True,100000.0,False,,,,,,,,,,,,,,,,,,,,,,,,,,,,,,
data/precomputed/fig05/learning_threshold_crossings.csv,,3MIDD_207,,,,,,,,,,,,,,,,,,,,,,,,,,,,,,,,,,,,,,,,,,,,,,,,,,,,,,,,,,,,,,,,,,,,,,,,,,,,,13.0,common_100k,0.005,first,41000.0,True,100000.0,False,,,,,,,,,,,,,,,,,,,,,,,,,,,,,,
data/precomputed/fig05/learning_threshold_crossings.csv,,3MIDD_207,,,,,,,,,,,,,,,,,,,,,,,,,,,,,,,,,,,,,,,,,,,,,,,,,,,,,,,,,,,,,,,,,,,,,,,,,,,,,13.0,common_100k,0.005,persistent_three_regular,48000.0,True,100000.0,False,,,,,,,,,,,,,,,,,,,,,,,,,,,,,,
data/precomputed/fig05/learning_threshold_crossings.csv,,3MIDD_207,,,,,,,,,,,,,,,,,,,,,,,,,,,,,,,,,,,,,,,,,,,,,,,,,,,,,,,,,,,,,,,,,,,,,,,,,,,,,13.0,full_followup,0.0005,first,21000.0,True,100000.0,False,,,,,,,,,,,,,,,,,,,,,,,,,,,,,,
data/precomputed/fig05/learning_threshold_crossings.csv,,3MIDD_207,,,,,,,,,,,,,,,,,,,,,,,,,,,,,,,,,,,,,,,,,,,,,,,,,,,,,,,,,,,,,,,,,,,,,,,,,,,,,13.0,full_followup,0.0005,persistent_three_regular,21000.0,True,100000.0,False,,,,,,,,,,,,,,,,,,,,,,,,,,,,,,
data/precomputed/fig05/learning_threshold_crossings.csv,,3MIDD_207,,,,,,,,,,,,,,,,,,,,,,,,,,,,,,,,,,,,,,,,,,,,,,,,,,,,,,,,,,,,,,,,,,,,,,,,,,,,,13.0,full_followup,0.001,first,28000.0,True,100000.0,False,,,,,,,,,,,,,,,,,,,,,,,,,,,,,,
data/precomputed/fig05/learning_threshold_crossings.csv,,3MIDD_207,,,,,,,,,,,,,,,,,,,,,,,,,,,,,,,,,,,,,,,,,,,,,,,,,,,,,,,,,,,,,,,,,,,,,,,,,,,,,13.0,full_followup,0.001,persistent_three_regular,34000.0,True,100000.0,False,,,,,,,,,,,,,,,,,,,,,,,,,,,,,,
data/precomputed/fig05/learning_threshold_crossings.csv,,3MIDD_207,,,,,,,,,,,,,,,,,,,,,,,,,,,,,,,,,,,,,,,,,,,,,,,,,,,,,,,,,,,,,,,,,,,,,,,,,,,,,13.0,full_followup,0.002,first,34000.0,True,100000.0,False,,,,,,,,,,,,,,,,,,,,,,,,,,,,,,
data/precomputed/fig05/learning_threshold_crossings.csv,,3MIDD_207,,,,,,,,,,,,,,,,,,,,,,,,,,,,,,,,,,,,,,,,,,,,,,,,,,,,,,,,,,,,,,,,,,,,,,,,,,,,,13.0,full_followup,0.002,persistent_three_regular,36000.0,True,100000.0,False,,,,,,,,,,,,,,,,,,,,,,,,,,,,,,
data/precomputed/fig05/learning_threshold_crossings.csv,,3MIDD_207,,,,,,,,,,,,,,,,,,,,,,,,,,,,,,,,,,,,,,,,,,,,,,,,,,,,,,,,,,,,,,,,,,,,,,,,,,,,,13.0,full_followup,0.005,first,41000.0,True,100000.0,False,,,,,,,,,,,,,,,,,,,,,,,,,,,,,,
data/precomputed/fig05/learning_threshold_crossings.csv,,3MIDD_207,,,,,,,,,,,,,,,,,,,,,,,,,,,,,,,,,,,,,,,,,,,,,,,,,,,,,,,,,,,,,,,,,,,,,,,,,,,,,13.0,full_followup,0.005,persistent_three_regular,48000.0,True,100000.0,False,,,,,,,,,,,,,,,,,,,,,,,,,,,,,,
data/precomputed/fig05/learning_threshold_crossings.csv,,4MIDD_085_170,,,,,,,,,,,,,,,,,,,,,,,,,,,,,,,,,,,,,,,,,,,,,,,,,,,,,,,,,,,,,,,,,,,,,,,,,,,,,13.0,common_100k,0.0005,first,26000.0,True,100000.0,False,,,,,,,,,,,,,,,,,,,,,,,,,,,,,,
data/precomputed/fig05/learning_threshold_crossings.csv,,4MIDD_085_170,,,,,,,,,,,,,,,,,,,,,,,,,,,,,,,,,,,,,,,,,,,,,,,,,,,,,,,,,,,,,,,,,,,,,,,,,,,,,13.0,common_100k,0.0005,persistent_three_regular,28000.0,True,100000.0,False,,,,,,,,,,,,,,,,,,,,,,,,,,,,,,
data/precomputed/fig05/learning_threshold_crossings.csv,,4MIDD_085_170,,,,,,,,,,,,,,,,,,,,,,,,,,,,,,,,,,,,,,,,,,,,,,,,,,,,,,,,,,,,,,,,,,,,,,,,,,,,,13.0,common_100k,0.001,first,26000.0,True,100000.0,False,,,,,,,,,,,,,,,,,,,,,,,,,,,,,,
data/precomputed/fig05/learning_threshold_crossings.csv,,4MIDD_085_170,,,,,,,,,,,,,,,,,,,,,,,,,,,,,,,,,,,,,,,,,,,,,,,,,,,,,,,,,,,,,,,,,,,,,,,,,,,,,13.0,common_100k,0.001,persistent_three_regular,28000.0,True,100000.0,False,,,,,,,,,,,,,,,,,,,,,,,,,,,,,,
data/precomputed/fig05/learning_threshold_crossings.csv,,4MIDD_085_170,,,,,,,,,,,,,,,,,,,,,,,,,,,,,,,,,,,,,,,,,,,,,,,,,,,,,,,,,,,,,,,,,,,,,,,,,,,,,13.0,common_100k,0.002,first,28000.0,True,100000.0,False,,,,,,,,,,,,,,,,,,,,,,,,,,,,,,
data/precomputed/fig05/learning_threshold_crossings.csv,,4MIDD_085_170,,,,,,,,,,,,,,,,,,,,,,,,,,,,,,,,,,,,,,,,,,,,,,,,,,,,,,,,,,,,,,,,,,,,,,,,,,,,,13.0,common_100k,0.002,persistent_three_regular,28000.0,True,100000.0,False,,,,,,,,,,,,,,,,,,,,,,,,,,,,,,
data/precomputed/fig05/learning_threshold_crossings.csv,,4MIDD_085_170,,,,,,,,,,,,,,,,,,,,,,,,,,,,,,,,,,,,,,,,,,,,,,,,,,,,,,,,,,,,,,,,,,,,,,,,,,,,,13.0,common_100k,0.005,first,37000.0,True,100000.0,False,,,,,,,,,,,,,,,,,,,,,,,,,,,,,,
data/precomputed/fig05/learning_threshold_crossings.csv,,4MIDD_085_170,,,,,,,,,,,,,,,,,,,,,,,,,,,,,,,,,,,,,,,,,,,,,,,,,,,,,,,,,,,,,,,,,,,,,,,,,,,,,13.0,common_100k,0.005,persistent_three_regular,43000.0,True,100000.0,False,,,,,,,,,,,,,,,,,,,,,,,,,,,,,,
data/precomputed/fig05/learning_threshold_crossings.csv,,4MIDD_085_170,,,,,,,,,,,,,,,,,,,,,,,,,,,,,,,,,,,,,,,,,,,,,,,,,,,,,,,,,,,,,,,,,,,,,,,,,,,,,13.0,full_followup,0.0005,first,26000.0,True,100000.0,False,,,,,,,,,,,,,,,,,,,,,,,,,,,,,,
data/precomputed/fig05/learning_threshold_crossings.csv,,4MIDD_085_170,,,,,,,,,,,,,,,,,,,,,,,,,,,,,,,,,,,,,,,,,,,,,,,,,,,,,,,,,,,,,,,,,,,,,,,,,,,,,13.0,full_followup,0.0005,persistent_three_regular,28000.0,True,100000.0,False,,,,,,,,,,,,,,,,,,,,,,,,,,,,,,
data/precomputed/fig05/learning_threshold_crossings.csv,,4MIDD_085_170,,,,,,,,,,,,,,,,,,,,,,,,,,,,,,,,,,,,,,,,,,,,,,,,,,,,,,,,,,,,,,,,,,,,,,,,,,,,,13.0,full_followup,0.001,first,26000.0,True,100000.0,False,,,,,,,,,,,,,,,,,,,,,,,,,,,,,,
data/precomputed/fig05/learning_threshold_crossings.csv,,4MIDD_085_170,,,,,,,,,,,,,,,,,,,,,,,,,,,,,,,,,,,,,,,,,,,,,,,,,,,,,,,,,,,,,,,,,,,,,,,,,,,,,13.0,full_followup,0.001,persistent_three_regular,28000.0,True,100000.0,False,,,,,,,,,,,,,,,,,,,,,,,,,,,,,,
data/precomputed/fig05/learning_threshold_crossings.csv,,4MIDD_085_170,,,,,,,,,,,,,,,,,,,,,,,,,,,,,,,,,,,,,,,,,,,,,,,,,,,,,,,,,,,,,,,,,,,,,,,,,,,,,13.0,full_followup,0.002,first,28000.0,True,100000.0,False,,,,,,,,,,,,,,,,,,,,,,,,,,,,,,
data/precomputed/fig05/learning_threshold_crossings.csv,,4MIDD_085_170,,,,,,,,,,,,,,,,,,,,,,,,,,,,,,,,,,,,,,,,,,,,,,,,,,,,,,,,,,,,,,,,,,,,,,,,,,,,,13.0,full_followup,0.002,persistent_three_regular,28000.0,True,100000.0,False,,,,,,,,,,,,,,,,,,,,,,,,,,,,,,
data/precomputed/fig05/learning_threshold_crossings.csv,,4MIDD_085_170,,,,,,,,,,,,,,,,,,,,,,,,,,,,,,,,,,,,,,,,,,,,,,,,,,,,,,,,,,,,,,,,,,,,,,,,,,,,,13.0,full_followup,0.005,first,37000.0,True,100000.0,False,,,,,,,,,,,,,,,,,,,,,,,,,,,,,,
data/precomputed/fig05/learning_threshold_crossings.csv,,4MIDD_085_170,,,,,,,,,,,,,,,,,,,,,,,,,,,,,,,,,,,,,,,,,,,,,,,,,,,,,,,,,,,,,,,,,,,,,,,,,,,,,13.0,full_followup,0.005,persistent_three_regular,43000.0,True,100000.0,False,,,,,,,,,,,,,,,,,,,,,,,,,,,,,,
data/precomputed/fig05/physical_motion_onsets.csv,,,,,,,,,,,,,,,,,,,,,,,,,,,,,,,,,,,,,,,,,,,,,,,,,,,,,,,,,,,,,,,,,,,,,,,,,,,,,,,0.0,,,first,,,,False,propeller,30000.0,20000.0,30000.0,False,25000.0,5000.0,24000.0,-5000.0,6000.0,,,,,,,,,,,,,,,,,,,,
data/precomputed/fig05/physical_motion_onsets.csv,,,,,,,,,,,,,,,,,,,,,,,,,,,,,,,,,,,,,,,,,,,,,,,,,,,,,,,,,,,,,,,,,,,,,,,,,,,,,,,0.0,,,persistent_three,,,,False,propeller,30000.0,20000.0,30000.0,False,25000.0,5000.0,24000.0,-5000.0,6000.0,,,,,,,,,,,,,,,,,,,,
data/precomputed/fig05/physical_motion_onsets.csv,,,,,,,,,,,,,,,,,,,,,,,,,,,,,,,,,,,,,,,,,,,,,,,,,,,,,,,,,,,,,,,,,,,,,,,,,,,,,,,0.0,,,first,,,,False,moving_edge,30000.0,20000.0,30000.0,False,25000.0,5000.0,24000.0,-5000.0,6000.0,,,,,,,,,,,,,,,,,,,,
data/precomputed/fig05/physical_motion_onsets.csv,,,,,,,,,,,,,,,,,,,,,,,,,,,,,,,,,,,,,,,,,,,,,,,,,,,,,,,,,,,,,,,,,,,,,,,,,,,,,,,0.0,,,persistent_three,,,,False,moving_edge,30000.0,20000.0,30000.0,False,25000.0,5000.0,24000.0,-5000.0,6000.0,,,,,,,,,,,,,,,,,,,,
data/precomputed/fig05/physical_motion_onsets.csv,,,,,,,,,,,,,,,,,,,,,,,,,,,,,,,,,,,,,,,,,,,,,,,,,,,,,,,,,,,,,,,,,,,,,,,,,,,,,,,0.0,,,first,,,,False,MIDD_coarse,30000.0,20000.0,30000.0,False,25000.0,,24000.0,,,,,,,,,,,,,,,,,,,,,,
data/precomputed/fig05/physical_motion_onsets.csv,,,,,,,,,,,,,,,,,,,,,,,,,,,,,,,,,,,,,,,,,,,,,,,,,,,,,,,,,,,,,,,,,,,,,,,,,,,,,,,0.0,,,persistent_three,,,,False,MIDD_coarse,30000.0,20000.0,30000.0,False,25000.0,,24000.0,,,,,,,,,,,,,,,,,,,,,,
data/precomputed/fig05/physical_motion_onsets.csv,,,,,,,,,,,,,,,,,,,,,,,,,,,,,,,,,,,,,,,,,,,,,,,,,,,,,,,,,,,,,,,,,,,,,,,,,,,,,,,4.0,,,first,,,,False,propeller,30000.0,20000.0,30000.0,False,25000.0,5000.0,24000.0,-5000.0,6000.0,,,,,,,,,,,,,,,,,,,,
data/precomputed/fig05/physical_motion_onsets.csv,,,,,,,,,,,,,,,,,,,,,,,,,,,,,,,,,,,,,,,,,,,,,,,,,,,,,,,,,,,,,,,,,,,,,,,,,,,,,,,4.0,,,persistent_three,,,,False,propeller,30000.0,20000.0,30000.0,False,25000.0,5000.0,24000.0,-5000.0,6000.0,,,,,,,,,,,,,,,,,,,,
data/precomputed/fig05/physical_motion_onsets.csv,,,,,,,,,,,,,,,,,,,,,,,,,,,,,,,,,,,,,,,,,,,,,,,,,,,,,,,,,,,,,,,,,,,,,,,,,,,,,,,4.0,,,first,,,,False,moving_edge,20000.0,10000.0,20000.0,False,25000.0,-5000.0,24000.0,-15000.0,-4000.0,,,,,,,,,,,,,,,,,,,,
data/precomputed/fig05/physical_motion_onsets.csv,,,,,,,,,,,,,,,,,,,,,,,,,,,,,,,,,,,,,,,,,,,,,,,,,,,,,,,,,,,,,,,,,,,,,,,,,,,,,,,4.0,,,persistent_three,,,,False,moving_edge,20000.0,10000.0,20000.0,False,25000.0,-5000.0,24000.0,-15000.0,-4000.0,,,,,,,,,,,,,,,,,,,,
data/precomputed/fig05/physical_motion_onsets.csv,,,,,,,,,,,,,,,,,,,,,,,,,,,,,,,,,,,,,,,,,,,,,,,,,,,,,,,,,,,,,,,,,,,,,,,,,,,,,,,4.0,,,first,,,,False,MIDD_coarse,30000.0,20000.0,30000.0,False,25000.0,,24000.0,,,,,,,,,,,,,,,,,,,,,,
data/precomputed/fig05/physical_motion_onsets.csv,,,,,,,,,,,,,,,,,,,,,,,,,,,,,,,,,,,,,,,,,,,,,,,,,,,,,,,,,,,,,,,,,,,,,,,,,,,,,,,4.0,,,persistent_three,,,,False,MIDD_coarse,30000.0,20000.0,30000.0,False,25000.0,,24000.0,,,,,,,,,,,,,,,,,,,,,,
data/precomputed/fig05/physical_motion_onsets.csv,,,,,,,,,,,,,,,,,,,,,,,,,,,,,,,,,,,,,,,,,,,,,,,,,,,,,,,,,,,,,,,,,,,,,,,,,,,,,,,7.0,,,first,,,,False,propeller,40000.0,30000.0,40000.0,False,49000.0,-9000.0,48000.0,-19000.0,-8000.0,,,,,,,,,,,,,,,,,,,,
data/precomputed/fig05/physical_motion_onsets.csv,,,,,,,,,,,,,,,,,,,,,,,,,,,,,,,,,,,,,,,,,,,,,,,,,,,,,,,,,,,,,,,,,,,,,,,,,,,,,,,7.0,,,persistent_three,,,,False,propeller,40000.0,30000.0,40000.0,False,52000.0,-12000.0,51000.0,-22000.0,-11000.0,,,,,,,,,,,,,,,,,,,,
data/precomputed/fig05/physical_motion_onsets.csv,,,,,,,,,,,,,,,,,,,,,,,,,,,,,,,,,,,,,,,,,,,,,,,,,,,,,,,,,,,,,,,,,,,,,,,,,,,,,,,7.0,,,first,,,,False,moving_edge,50000.0,40000.0,50000.0,False,49000.0,1000.0,48000.0,-9000.0,2000.0,,,,,,,,,,,,,,,,,,,,
data/precomputed/fig05/physical_motion_onsets.csv,,,,,,,,,,,,,,,,,,,,,,,,,,,,,,,,,,,,,,,,,,,,,,,,,,,,,,,,,,,,,,,,,,,,,,,,,,,,,,,7.0,,,persistent_three,,,,False,moving_edge,50000.0,40000.0,50000.0,False,52000.0,-2000.0,51000.0,-12000.0,-1000.0,,,,,,,,,,,,,,,,,,,,
data/precomputed/fig05/physical_motion_onsets.csv,,,,,,,,,,,,,,,,,,,,,,,,,,,,,,,,,,,,,,,,,,,,,,,,,,,,,,,,,,,,,,,,,,,,,,,,,,,,,,,7.0,,,first,,,,False,MIDD_coarse,50000.0,40000.0,50000.0,False,49000.0,,48000.0,,,,,,,,,,,,,,,,,,,,,,
data/precomputed/fig05/physical_motion_onsets.csv,,,,,,,,,,,,,,,,,,,,,,,,,,,,,,,,,,,,,,,,,,,,,,,,,,,,,,,,,,,,,,,,,,,,,,,,,,,,,,,7.0,,,persistent_three,,,,True,MIDD_coarse,,100000.0,,True,52000.0,,51000.0,,,,,,,,,,,,,,,,,,,,,,
data/precomputed/fig06/replacement_paired_losses.csv,0,,,,,,,,,,,,,,,,,,,,,,,,,,,,,,,,,,,,,,,,,,,,,,,,,,,,,,,,,,,,,,,,,,,,,,,,,,,,,,,,,,,,,,,,,,,,,,,,T4,-0.0018620960078069,-0.0132060844134086,-6.092053448394285,0.3221706876542473,0.0224060984803137,0.1986390843666964,-6.092053448394285,2.1123647549656517,-6.414224136048532,-6.114459546874599,1.7901940673114043,True,False,,,,,,
data/precomputed/fig06/replacement_paired_losses.csv,0,,,,,,,,,,,,,,,,,,,,,,,,,,,,,,,,,,,,,,,,,,,,,,,,,,,,,,,,,,,,,,,,,,,,,,,,,,,,,,,,,,,,,,,,,,,,,,,,T4_T5,-0.0018620960078069,-0.0013992800492966,0.2485457014944165,0.5893757262790056,0.0846506911731008,0.489371606597571,0.2485457014944165,0.8161662820706644,-0.340830024784589,0.1638950103213157,0.2267905557916588,True,False,,,,,,
data/precomputed/fig06/replacement_paired_losses.csv,0,,,,,,,,,,,,,,,,,,,,,,,,,,,,,,,,,,,,,,,,,,,,,,,,,,,,,,,,,,,,,,,,,,,,,,,,,,,,,,,,,,,,,,,,,,,,,,,,T4a,-0.0018620960078069,-0.0019001189790642,-0.020419447277614,0.1611077288048781,0.5241402924829983,0.0553745322174381,-0.020419447277614,0.6020450798222738,-0.1815271760824921,-0.5445597397606123,0.4409373510173957,True,False,,,,,,
data/precomputed/fig06/replacement_paired_losses.csv,0,,,,,,,,,,,,,,,,,,,,,,,,,,,,,,,,,,,,,,,,,,,,,,,,,,,,,,,,,,,,,,,,,,,,,,,,,,,,,,,,,,,,,,,,,,,,,,,,T4b,-0.0018620960078069,-0.0051518913435072,-1.7667162820325069,0.1892115807541021,-0.0293552671554904,-0.0302391381894704,-1.7667162820325069,0.0246390325933645,-1.955927862786609,-1.7373610148770164,-0.1645725481607376,True,False,,,,,,
data/precomputed/fig06/replacement_paired_losses.csv,0,,,,,,,,,,,,,,,,,,,,,,,,,,,,,,,,,,,,,,,,,,,,,,,,,,,,,,,,,,,,,,,,,,,,,,,,,,,,,,,,,,,,,,,,,,,,,,,,all_input,-0.0018620960078069,0.0,1.0,1.0,1.0,0.9861467431588388,1.0,1.0,0.0,0.0,0.0,True,False,,,,,,
data/precomputed/fig06/replacement_paired_losses.csv,0,,,,,,,,,,,,,,,,,,,,,,,,,,,,,,,,,,,,,,,,,,,,,,,,,,,,,,,,,,,,,,,,,,,,,,,,,,,,,,,,,,,,,,,,,,,,,,,,sham,-0.0018620960078069,-0.0015526310012045,0.1661917566575436,0.0870715262645799,0.1674843974653419,0.0791375285736499,0.1661917566575436,0.013509319189135,0.0791202303929636,-0.0012926408077983,-0.0735622070754449,True,False,,,,,,
data/precomputed/fig06/replacement_paired_losses.csv,1,,,,,,,,,,,,,,,,,,,,,,,,,,,,,,,,,,,,,,,,,,,,,,,,,,,,,,,,,,,,,,,,,,,,,,,,,,,,,,,,,,,,,,,,,,,,,,,,T4,-0.0014282551694965,-6.423221115837031e-05,0.9550274961154088,0.75902797246223,0.7889065543903675,0.2989101538670101,0.9550274961154088,0.756203936389344,0.1959995236531789,0.1661209417250414,-0.0028240360728859,True,False,,,,,,
data/precomputed/fig06/replacement_paired_losses.csv,1,,,,,,,,,,,,,,,,,,,,,,,,,,,,,,,,,,,,,,,,,,,,,,,,,,,,,,,,,,,,,,,,,,,,,,,,,,,,,,,,,,,,,,,,,,,,,,,,T4_T5,-0.0014282551694965,9.197877663978108e-05,1.064399400474219,0.9198035568527184,0.8539657523057035,0.6069689782417045,0.935600599525781,0.8718109100138189,0.1445958436215005,0.2104336481685155,-0.0479926468388994,True,True,,,,,,
data/precomputed/fig06/replacement_paired_losses.csv,1,,,,,,,,,,,,,,,,,,,,,,,,,,,,,,,,,,,,,,,,,,,,,,,,,,,,,,,,,,,,,,,,,,,,,,,,,,,,,,,,,,,,,,,,,,,,,,,,T4a,-0.0014282551694965,-0.0018347670296335,-0.2846213119468879,0.190934903170027,1.0452171595326356,0.0210937204597518,-0.2846213119468879,0.1550336596189835,-0.4755562151169149,-1.3298384714795235,-0.0359012435510435,True,False,,,,,,
data/precomputed/fig06/replacement_paired_losses.csv,1,,,,,,,,,,,,,,,,,,,,,,,,,,,,,,,,,,,,,,,,,,,,,,,,,,,,,,,,,,,,,,,,,,,,,,,,,,,,,,,,,,,,,,,,,,,,,,,,T4b,-0.0014282551694965,-0.0014220195047128,0.0043659318844793,0.2157173451911374,0.0212748050455438,-0.017355017862386,0.0043659318844793,0.3168068364401487,-0.211351413306658,-0.0169088731610644,0.1010894912490113,True,False,,,,,,
data/precomputed/fig06/replacement_paired_losses.csv,1,,,,,,,,,,,,,,,,,,,,,,,,,,,,,,,,,,,,,,,,,,,,,,,,,,,,,,,,,,,,,,,,,,,,,,,,,,,,,,,,,,,,,,,,,,,,,,,,all_input,-0.0014282551694965,0.0,1.0,1.0,1.0,0.9825402100824412,1.0,1.0,0.0,0.0,0.0,True,False,,,,,,
data/precomputed/fig06/replacement_paired_losses.csv,1,,,,,,,,,,,,,,,,,,,,,,,,,,,,,,,,,,,,,,,,,,,,,,,,,,,,,,,,,,,,,,,,,,,,,,,,,,,,,,,,,,,,,,,,,,,,,,,,sham,-0.0014282551694965,-0.0014235448683349,0.003297940915753,-0.0343409509748979,-0.0186911139983103,-0.0316163084503817,0.003297940915753,0.0002559445641185,0.037638891890651,0.0219890549140634,0.0345968955390165,True,False,,,,,,
data/precomputed/fig06/replacement_paired_losses.csv,2,,,,,,,,,,,,,,,,,,,,,,,,,,,,,,,,,,,,,,,,,,,,,,,,,,,,,,,,,,,,,,,,,,,,,,,,,,,,,,,,,,,,,,,,,,,,,,,,T4,-0.0116886244154322,-0.0001973133191511,0.9831192010164445,0.6924475633092643,0.5955812491915216,0.4720685385367131,0.9831192010164445,0.9594453964401266,0.2906716377071802,0.3875379518249229,0.2669978331308623,True,False,,,,,,
data/precomputed/fig06/replacement_paired_losses.csv,2,,,,,,,,,,,,,,,,,,,,,,,,,,,,,,,,,,,,,,,,,,,,,,,,,,,,,,,,,,,,,,,,,,,,,,,,,,,,,,,,,,,,,,,,,,,,,,,,T4_T5,-0.0116886244154322,-0.0004219619037663,0.9638997807809416,0.7789186195437016,0.8618921166333011,0.690833536407047,0.9638997807809416,0.9323244958699072,0.18498116123724,0.1020076641476405,0.1534058763262057,True,False,,,,,,
data/precomputed/fig06/replacement_paired_losses.csv,2,,,,,,,,,,,,,,,,,,,,,,,,,,,,,,,,,,,,,,,,,,,,,,,,,,,,,,,,,,,,,,,,,,,,,,,,,,,,,,,,,,,,,,,,,,,,,,,,T4a,-0.0116886244154322,-0.0082858278597417,0.2911203606814408,0.2452628642988071,0.5121109771341983,0.0405598848577422,0.2911203606814408,0.2557246536627193,0.0458574963826337,-0.2209906164527574,0.0104617893639121,True,False,,,,,,
data/precomputed/fig06/replacement_paired_losses.csv,2,,,,,,,,,,,,,,,,,,,,,,,,,,,,,,,,,,,,,,,,,,,,,,,,,,,,,,,,,,,,,,,,,,,,,,,,,,,,,,,,,,,,,,,,,,,,,,,,T4b,-0.0116886244154322,-0.0108956160603047,0.0678444551679263,0.0982767978287991,-0.2124519565269838,0.0771985184900794,0.0678444551679263,0.0292000060059045,-0.0304323426608728,0.2802964116949101,-0.0690767918228946,True,False,,,,,,
data/precomputed/fig06/replacement_paired_losses.csv,2,,,,,,,,,,,,,,,,,,,,,,,,,,,,,,,,,,,,,,,,,,,,,,,,,,,,,,,,,,,,,,,,,,,,,,,,,,,,,,,,,,,,,,,,,,,,,,,,all_input,-0.0116886244154322,0.0,1.0,1.0,1.0,0.985784957810762,1.0,1.0,0.0,0.0,0.0,True,False,,,,,,
data/precomputed/fig06/replacement_paired_losses.csv,2,,,,,,,,,,,,,,,,,,,,,,,,,,,,,,,,,,,,,,,,,,,,,,,,,,,,,,,,,,,,,,,,,,,,,,,,,,,,,,,,,,,,,,,,,,,,,,,,sham,-0.0116886244154322,-0.0096688057162319,0.1728020875179809,-0.0022023840455331,0.029207667461274,-0.0008955566279587,0.1728020875179809,0.1476451920704753,0.1750044715635141,0.1435944200567069,0.1498475761160085,True,False,,,,,,
data/precomputed/fig06/replacement_paired_losses.csv,3,,,,,,,,,,,,,,,,,,,,,,,,,,,,,,,,,,,,,,,,,,,,,,,,,,,,,,,,,,,,,,,,,,,,,,,,,,,,,,,,,,,,,,,,,,,,,,,,T4,-0.030285068787364,-0.0068380384245749,0.7742109000119564,0.7006329903205224,0.3289593403738287,0.3813175925279296,0.7742109000119564,0.7444126964749261,0.0735779096914339,0.4452515596381277,0.0437797061544037,True,False,,,,,,
data/precomputed/fig06/replacement_paired_losses.csv,3,,,,,,,,,,,,,,,,,,,,,,,,,,,,,,,,,,,,,,,,,,,,,,,,,,,,,,,,,,,,,,,,,,,,,,,,,,,,,,,,,,,,,,,,,,,,,,,,T4_T5,-0.030285068787364,-0.0056734601674818,0.8126647752621569,0.7863147539315234,0.8550510333438952,0.2848882281167013,0.8126647752621569,0.7937845099648699,0.0263500213306334,-0.0423862580817383,0.0074697560333465,True,False,,,,,,
data/precomputed/fig06/replacement_paired_losses.csv,3,,,,,,,,,,,,,,,,,,,,,,,,,,,,,,,,,,,,,,,,,,,,,,,,,,,,,,,,,,,,,,,,,,,,,,,,,,,,,,,,,,,,,,,,,,,,,,,,T4a,-0.030285068787364,-0.0263723619187293,0.1291959049558827,0.1627223654620126,0.7234572290547356,0.0184677760443251,0.1291959049558827,0.1405264308663201,-0.0335264605061299,-0.5942613240988529,-0.0221959345956925,True,False,,,,,,
data/precomputed/fig06/replacement_paired_losses.csv,3,,,,,,,,,,,,,,,,,,,,,,,,,,,,,,,,,,,,,,,,,,,,,,,,,,,,,,,,,,,,,,,,,,,,,,,,,,,,,,,,,,,,,,,,,,,,,,,,T4b,-0.030285068787364,-0.0274625536859115,0.0931982397421583,0.2216810139319325,-0.1573218621213363,0.0873711980217326,0.0931982397421583,0.0287382314574975,-0.1284827741897741,0.2505201018634947,-0.1929427824744349,True,False,,,,,,
data/precomputed/fig06/replacement_paired_losses.csv,3,,,,,,,,,,,,,,,,,,,,,,,,,,,,,,,,,,,,,,,,,,,,,,,,,,,,,,,,,,,,,,,,,,,,,,,,,,,,,,,,,,,,,,,,,,,,,,,,all_input,-0.030285068787364,0.0,1.0,1.0,1.0,0.98367375617563,1.0,1.0,0.0,0.0,0.0,True,False,,,,,,
data/precomputed/fig06/replacement_paired_losses.csv,3,,,,,,,,,,,,,,,,,,,,,,,,,,,,,,,,,,,,,,,,,,,,,,,,,,,,,,,,,,,,,,,,,,,,,,,,,,,,,,,,,,,,,,,,,,,,,,,,sham,-0.030285068787364,-0.0285766170163827,0.0564123457330283,0.0376293453680722,-0.040717318172567,0.0377821218195992,0.0564123457330283,-0.0017456925644425,0.018783000364956,0.0971296639055954,-0.0393750379325148,True,False,,,,,,
data/precomputed/fig06/replacement_paired_losses.csv,4,,,,,,,,,,,,,,,,,,,,,,,,,,,,,,,,,,,,,,,,,,,,,,,,,,,,,,,,,,,,,,,,,,,,,,,,,,,,,,,,,,,,,,,,,,,,,,,,T4,0.0003172441223762,0.0036231543279464,-10.420713804901723,0.5817693225099873,0.9402357859560636,0.1540655596305984,-10.420713804901723,0.7639196898381008,-11.002483127411711,-11.360949590857787,0.1821503673281135,True,False,,,,,,
data/precomputed/fig06/replacement_paired_losses.csv,4,,,,,,,,,,,,,,,,,,,,,,,,,,,,,,,,,,,,,,,,,,,,,,,,,,,,,,,,,,,,,,,,,,,,,,,,,,,,,,,,,,,,,,,,,,,,,,,,T4_T5,0.0003172441223762,0.0039214082594595,-11.36085393824475,0.6674594272738084,0.8485601176513233,0.2938857208247184,-11.36085393824475,0.7855174516275911,-12.028313365518558,-12.209414055896072,0.1180580243537827,True,False,,,,,,
data/precomputed/fig06/replacement_paired_losses.csv,4,,,,,,,,,,,,,,,,,,,,,,,,,,,,,,,,,,,,,,,,,,,,,,,,,,,,,,,,,,,,,,,,,,,,,,,,,,,,,,,,,,,,,,,,,,,,,,,,T4a,0.0003172441223762,-0.0006316141091095,2.9909403029393977,0.2128427039831014,0.1762652522961513,0.2144164862551993,-0.9909403029393976,0.041117118253935,2.7780975989562964,2.8146750506432463,-0.1717255857291664,True,True,,,,,,
data/precomputed/fig06/replacement_paired_losses.csv,4,,,,,,,,,,,,,,,,,,,,,,,,,,,,,,,,,,,,,,,,,,,,,,,,,,,,,,,,,,,,,,,,,,,,,,,,,,,,,,,,,,,,,,,,,,,,,,,,T4b,0.0003172441223762,-0.0016300895332628,6.138281273906733,0.3086088323048891,0.80610071132791,-0.0575653551067567,-4.138281273906733,0.3609448094077846,5.8296724416018435,5.332180562578823,0.0523359771028955,True,True,,,,,,
data/precomputed/fig06/replacement_paired_losses.csv,4,,,,,,,,,,,,,,,,,,,,,,,,,,,,,,,,,,,,,,,,,,,,,,,,,,,,,,,,,,,,,,,,,,,,,,,,,,,,,,,,,,,,,,,,,,,,,,,,all_input,0.0003172441223762,0.0,1.0,1.0,1.0,0.9759259656538668,1.0,1.0,0.0,0.0,0.0,True,False,,,,,,
data/precomputed/fig06/replacement_paired_losses.csv,4,,,,,,,,,,,,,,,,,,,,,,,,,,,,,,,,,,,,,,,,,,,,,,,,,,,,,,,,,,,,,,,,,,,,,,,,,,,,,,,,,,,,,,,,,,,,,,,,sham,0.0003172441223762,0.0002774694731275,0.1253755276874355,0.0278837881836991,0.0509608536625361,0.027392992203821,0.1253755276874355,-0.0038195604897721,0.0974917395037363,0.0744146740248994,-0.0317033486734713,True,False,,,,,,
data/precomputed/fig06/replacement_paired_losses.csv,5,,,,,,,,,,,,,,,,,,,,,,,,,,,,,,,,,,,,,,,,,,,,,,,,,,,,,,,,,,,,,,,,,,,,,,,,,,,,,,,,,,,,,,,,,,,,,,,,T4,-0.0077560490267135,-0.0020674251793089,0.7334435132903003,0.6167922243015229,0.5377236976605786,0.4804173358038471,0.7334435132903003,0.8714840864049368,0.1166512889887774,0.1957198156297217,0.2546918621034139,True,False,,,,,,
data/precomputed/fig06/replacement_paired_losses.csv,5,,,,,,,,,,,,,,,,,,,,,,,,,,,,,,,,,,,,,,,,,,,,,,,,,,,,,,,,,,,,,,,,,,,,,,,,,,,,,,,,,,,,,,,,,,,,,,,,T4_T5,-0.0077560490267135,0.000578835456787,1.0746301957083384,0.773297579630617,0.4361974373126032,0.6190829413381869,0.9253698042916616,0.7668404875140971,0.3013326160777214,0.6384327583957352,-0.0064570921165199,True,True,,,,,,
data/precomputed/fig06/replacement_paired_losses.csv,5,,,,,,,,,,,,,,,,,,,,,,,,,,,,,,,,,,,,,,,,,,,,,,,,,,,,,,,,,,,,,,,,,,,,,,,,,,,,,,,,,,,,,,,,,,,,,,,,T4a,-0.0077560490267135,-0.008494110595949,-0.095159477034435,0.2423512001584022,0.0238393503166439,0.1383378964681568,-0.095159477034435,0.1810263513781875,-0.3375106771928373,-0.118998827351079,-0.0613248487802147,True,False,,,,,,
data/precomputed/fig06/replacement_paired_losses.csv,5,,,,,,,,,,,,,,,,,,,,,,,,,,,,,,,,,,,,,,,,,,,,,,,,,,,,,,,,,,,,,,,,,,,,,,,,,,,,,,,,,,,,,,,,,,,,,,,,T4b,-0.0077560490267135,-0.0091537943348212,-0.1802135730825718,0.2254064395591788,0.50115480598284,0.1175525138480775,-0.1802135730825718,0.3965790224019861,-0.4056200126417506,-0.6813683790654118,0.1711725828428073,True,False,,,,,,
data/precomputed/fig06/replacement_paired_losses.csv,5,,,,,,,,,,,,,,,,,,,,,,,,,,,,,,,,,,,,,,,,,,,,,,,,,,,,,,,,,,,,,,,,,,,,,,,,,,,,,,,,,,,,,,,,,,,,,,,,all_input,-0.0077560490267135,0.0,1.0,1.0,1.0,0.9735449756805072,1.0,1.0,0.0,0.0,0.0,True,False,,,,,,
data/precomputed/fig06/replacement_paired_losses.csv,5,,,,,,,,,,,,,,,,,,,,,,,,,,,,,,,,,,,,,,,,,,,,,,,,,,,,,,,,,,,,,,,,,,,,,,,,,,,,,,,,,,,,,,,,,,,,,,,,sham,-0.0077560490267135,-0.0063520097968999,0.1810250586320209,0.1761212832085182,0.0646592638250279,0.1751179693433131,0.1810250586320209,-0.0340410735871161,0.0049037754235026,0.1163657948069929,-0.2101623567956344,True,False,,,,,,
data/precomputed/fig06/replacement_paired_losses.csv,6,,,,,,,,,,,,,,,,,,,,,,,,,,,,,,,,,,,,,,,,,,,,,,,,,,,,,,,,,,,,,,,,,,,,,,,,,,,,,,,,,,,,,,,,,,,,,,,,T4,-0.0208553861915174,-0.005142249684667,0.753433015459645,0.5431871709623359,0.3649878907682973,0.2156370236047429,0.753433015459645,0.8186217050504996,0.2102458444973091,0.3884451246913477,0.2754345340881636,True,False,,,,,,
data/precomputed/fig06/replacement_paired_losses.csv,6,,,,,,,,,,,,,,,,,,,,,,,,,,,,,,,,,,,,,,,,,,,,,,,,,,,,,,,,,,,,,,,,,,,,,,,,,,,,,,,,,,,,,,,,,,,,,,,,T4_T5,-0.0208553861915174,-0.0025873924553515,0.8759364879848659,0.6671203793828644,0.739952206348958,0.4317980163994481,0.8759364879848659,0.9253244426372422,0.2088161086020015,0.1359842816359079,0.2582040632543778,True,False,,,,,,
data/precomputed/fig06/replacement_paired_losses.csv,6,,,,,,,,,,,,,,,,,,,,,,,,,,,,,,,,,,,,,,,,,,,,,,,,,,,,,,,,,,,,,,,,,,,,,,,,,,,,,,,,,,,,,,,,,,,,,,,,T4a,-0.0208553861915174,-0.0162874957310935,0.2190268939868286,0.1498702030305854,-0.1461089639609096,0.0111424181824215,0.2190268939868286,0.2054027531947854,0.0691566909562432,0.3651358579477383,0.0555325501642,True,False,,,,,,
data/precomputed/fig06/replacement_paired_losses.csv,6,,,,,,,,,,,,,,,,,,,,,,,,,,,,,,,,,,,,,,,,,,,,,,,,,,,,,,,,,,,,,,,,,,,,,,,,,,,,,,,,,,,,,,,,,,,,,,,,T4b,-0.0208553861915174,-0.0217546240770252,-0.0431177767340291,-0.0606195373395834,0.0062808924495072,-0.0843193200608101,-0.0431177767340291,-0.025155078317093,0.0175017606055543,-0.0493986691835364,0.0354644590224904,True,False,,,,,,
data/precomputed/fig06/replacement_paired_losses.csv,6,,,,,,,,,,,,,,,,,,,,,,,,,,,,,,,,,,,,,,,,,,,,,,,,,,,,,,,,,,,,,,,,,,,,,,,,,,,,,,,,,,,,,,,,,,,,,,,,all_input,-0.0208553861915174,0.0,1.0,1.0,1.0,0.9907112755014088,1.0,1.0,0.0,0.0,0.0,True,False,,,,,,
data/precomputed/fig06/replacement_paired_losses.csv,6,,,,,,,,,,,,,,,,,,,,,,,,,,,,,,,,,,,,,,,,,,,,,,,,,,,,,,,,,,,,,,,,,,,,,,,,,,,,,,,,,,,,,,,,,,,,,,,,sham,-0.0208553861915174,-0.0207214908823737,0.0064201788408112,0.0263949925985074,0.1075505579982648,0.0197023587608837,0.0064201788408112,0.0108726076037068,-0.0199748137576961,-0.1011303791574536,-0.0155223849948005,True,False,,,,,,
data/precomputed/fig06/replacement_paired_losses.csv,7,,,,,,,,,,,,,,,,,,,,,,,,,,,,,,,,,,,,,,,,,,,,,,,,,,,,,,,,,,,,,,,,,,,,,,,,,,,,,,,,,,,,,,,,,,,,,,,,T4,-0.0012038919532408,0.0005713297488463,1.4745689572127418,0.6205355552118244,0.6419470975258723,0.2695043817913547,0.5254310427872582,0.7974092608830174,0.8540334020009175,0.8326218596868695,0.1768737056711931,True,True,,,,,,
data/precomputed/fig06/replacement_paired_losses.csv,7,,,,,,,,,,,,,,,,,,,,,,,,,,,,,,,,,,,,,,,,,,,,,,,,,,,,,,,,,,,,,,,,,,,,,,,,,,,,,,,,,,,,,,,,,,,,,,,,T4_T5,-0.0012038919532408,0.0012532298457001,2.040981993713388,0.7249274580630392,0.8581130020807286,0.5010714924767743,-0.0409819937133879,0.8502314185034139,1.3160545356503488,1.1828689916326594,0.1253039604403747,True,True,,,,,,
data/precomputed/fig06/replacement_paired_losses.csv,7,,,,,,,,,,,,,,,,,,,,,,,,,,,,,,,,,,,,,,,,,,,,,,,,,,,,,,,,,,,,,,,,,,,,,,,,,,,,,,,,,,,,,,,,,,,,,,,,T4a,-0.0012038919532408,-0.000299374432202,0.7513278235674253,0.1218668097821165,0.6008690490470023,0.0705722935915101,0.7513278235674253,0.5173539652020842,0.6294610137853088,0.150458774520423,0.3954871554199677,True,False,,,,,,
data/precomputed/fig06/replacement_paired_losses.csv,7,,,,,,,,,,,,,,,,,,,,,,,,,,,,,,,,,,,,,,,,,,,,,,,,,,,,,,,,,,,,,,,,,,,,,,,,,,,,,,,,,,,,,,,,,,,,,,,,T4b,-0.0012038919532408,-0.0033859643282974,-1.812515125782228,0.2344313006372779,0.2784241192337637,0.2271707418117388,-1.812515125782228,0.0030473014640231,-2.046946426419506,-2.090939245015992,-0.2313839991732548,True,False,,,,,,
data/precomputed/fig06/replacement_paired_losses.csv,7,,,,,,,,,,,,,,,,,,,,,,,,,,,,,,,,,,,,,,,,,,,,,,,,,,,,,,,,,,,,,,,,,,,,,,,,,,,,,,,,,,,,,,,,,,,,,,,,all_input,-0.0012038919532408,0.0,1.0,1.0,1.0,0.9843014771289024,1.0,1.0,0.0,0.0,0.0,True,False,,,,,,
data/precomputed/fig06/replacement_paired_losses.csv,7,,,,,,,,,,,,,,,,,,,,,,,,,,,,,,,,,,,,,,,,,,,,,,,,,,,,,,,,,,,,,,,,,,,,,,,,,,,,,,,,,,,,,,,,,,,,,,,,sham,-0.0012038919532408,-0.0012719859047267,-0.0565615139320263,-0.0003848783792135,-0.0010600544427832,-0.0002691984257006,-0.0565615139320263,0.0064161000174426,-0.0561766355528128,-0.0555014594892431,0.0068009783966561,True,False,,,,,,
data/precomputed/fig06/replacement_paired_losses.csv,8,,,,,,,,,,,,,,,,,,,,,,,,,,,,,,,,,,,,,,,,,,,,,,,,,,,,,,,,,,,,,,,,,,,,,,,,,,,,,,,,,,,,,,,,,,,,,,,,T4,-0.006436823484137,0.0025177384994574,1.3911461151081976,0.5665604831890287,-0.7998277553605806,0.1441886138239524,0.6088538848918024,0.1282012594357822,0.8245856319191689,2.1909738704687785,-0.4383592237532465,True,True,,,,,,
data/precomputed/fig06/replacement_paired_losses.csv,8,,,,,,,,,,,,,,,,,,,,,,,,,,,,,,,,,,,,,,,,,,,,,,,,,,,,,,,,,,,,,,,,,,,,,,,,,,,,,,,,,,,,,,,,,,,,,,,,T4_T5,-0.006436823484137,0.0040529258032465,1.6296468767917265,0.5819315793054112,1.4956667260179624,0.1553351418569677,0.3703531232082736,-0.0521647994514919,1.047715297486315,0.1339801507737641,-0.6340963787569032,True,True,,,,,,
data/precomputed/fig06/replacement_paired_losses.csv,8,,,,,,,,,,,,,,,,,,,,,,,,,,,,,,,,,,,,,,,,,,,,,,,,,,,,,,,,,,,,,,,,,,,,,,,,,,,,,,,,,,,,,,,,,,,,,,,,T4a,-0.006436823484137,-0.0048854494709906,0.2410154662419403,0.1330762179160689,0.7732059252640842,-0.0544079922676652,0.2410154662419403,0.6329620862313599,0.1079392483258714,-0.5321904590221438,0.4998858683152909,True,False,,,,,,
data/precomputed/fig06/replacement_paired_losses.csv,8,,,,,,,,,,,,,,,,,,,,,,,,,,,,,,,,,,,,,,,,,,,,,,,,,,,,,,,,,,,,,,,,,,,,,,,,,,,,,,,,,,,,,,,,,,,,,,,,T4b,-0.006436823484137,-0.0050595584236151,0.2139665727848531,0.0677488441215036,-0.0938604604886583,0.0308523098179179,0.2139665727848531,-0.218654020853573,0.1462177286633494,0.3078270332735114,-0.2864028649750766,True,False,,,,,,
data/precomputed/fig06/replacement_paired_losses.csv,8,,,,,,,,,,,,,,,,,,,,,,,,,,,,,,,,,,,,,,,,,,,,,,,,,,,,,,,,,,,,,,,,,,,,,,,,,,,,,,,,,,,,,,,,,,,,,,,,all_input,-0.006436823484137,0.0,1.0,1.0,1.0,0.9780662686166104,1.0,1.0,0.0,0.0,0.0,True,False,,,,,,
data/precomputed/fig06/replacement_paired_losses.csv,8,,,,,,,,,,,,,,,,,,,,,,,,,,,,,,,,,,,,,,,,,,,,,,,,,,,,,,,,,,,,,,,,,,,,,,,,,,,,,,,,,,,,,,,,,,,,,,,,sham,-0.006436823484137,-0.0063845633203027,0.0081189369202123,-0.0038482484007615,-0.0558045310541315,-0.0021645700940871,0.0081189369202123,-0.0060000460905955,0.0119671853209739,0.0639234679743439,-0.0021517976898339,True,False,,,,,,
data/precomputed/fig06/replacement_paired_losses.csv,9,,,,,,,,,,,,,,,,,,,,,,,,,,,,,,,,,,,,,,,,,,,,,,,,,,,,,,,,,,,,,,,,,,,,,,,,,,,,,,,,,,,,,,,,,,,,,,,,T4,-0.0081109348842485,0.0020151755363653,1.2484516970144617,0.5651118320103117,1.1659491979978382,0.2541535282949474,0.7515483029855383,0.5688117302588724,0.68333986500415,0.0825024990166234,0.0036998982485607,True,True,,,,,,
data/precomputed/fig06/replacement_paired_losses.csv,9,,,,,,,,,,,,,,,,,,,,,,,,,,,,,,,,,,,,,,,,,,,,,,,,,,,,,,,,,,,,,,,,,,,,,,,,,,,,,,,,,,,,,,,,,,,,,,,,T4_T5,-0.0081109348842485,0.0014527931602739,1.1791153770812817,0.6101217309088125,1.1356212111955717,0.3684254177874744,0.8208846229187184,0.629171076396833,0.5689936461724692,0.0434941658857102,0.0190493454880205,True,True,,,,,,
data/precomputed/fig06/replacement_paired_losses.csv,9,,,,,,,,,,,,,,,,,,,,,,,,,,,,,,,,,,,,,,,,,,,,,,,,,,,,,,,,,,,,,,,,,,,,,,,,,,,,,,,,,,,,,,,,,,,,,,,,T4a,-0.0081109348842485,-0.0079597336671324,0.0186416509655049,0.1979181148243955,0.2713052866876315,0.0019509016569863,0.0186416509655049,0.0759053435704936,-0.1792764638588906,-0.2526636357221266,-0.1220127712539019,True,False,,,,,,
data/precomputed/fig06/replacement_paired_losses.csv,9,,,,,,,,,,,,,,,,,,,,,,,,,,,,,,,,,,,,,,,,,,,,,,,,,,,,,,,,,,,,,,,,,,,,,,,,,,,,,,,,,,,,,,,,,,,,,,,,T4b,-0.0081109348842485,-0.0089038278641955,-0.097756052941172,0.1617796000354351,0.6594460403467274,0.0925211914528412,-0.097756052941172,0.0783771532408444,-0.2595356529766072,-0.7572020932878994,-0.0834024467945906,True,False,,,,,,
data/precomputed/fig06/replacement_paired_losses.csv,9,,,,,,,,,,,,,,,,,,,,,,,,,,,,,,,,,,,,,,,,,,,,,,,,,,,,,,,,,,,,,,,,,,,,,,,,,,,,,,,,,,,,,,,,,,,,,,,,all_input,-0.0081109348842485,0.0,1.0,1.0,1.0,0.9842391024646312,1.0,1.0,0.0,0.0,0.0,True,False,,,,,,
data/precomputed/fig06/replacement_paired_losses.csv,9,,,,,,,,,,,,,,,,,,,,,,,,,,,,,,,,,,,,,,,,,,,,,,,,,,,,,,,,,,,,,,,,,,,,,,,,,,,,,,,,,,,,,,,,,,,,,,,,sham,-0.0081109348842485,-0.0082633994317528,-0.0187974074111219,0.0116627015278047,-0.029302187745023,0.0099314230957526,-0.0187974074111219,0.0015632502630118,-0.0304601089389267,0.0105047803339011,-0.0100994512647929,True,False,,,,,,
data/precomputed/supplementary/figS3/duration_window_metrics.csv,24,3MIDD_048,,,-0.0298608915573997,,0.0110977241782133,,,,-0.0008824494640811,,,,,,,,,,,,,,,,,,,,,,,,,,,,,,,,,,,,,,,,,,,,,,,,,,,,,,,,,,,,,,,,,,,,,,,,,,,,,,,,,,,,,,,,,,,,,,,,,,,,0.0,0.0,early,0.1315180546142522,-0.2270478501600629,0.0843817543588477
data/precomputed/supplementary/figS3/duration_window_metrics.csv,24,3MIDD_048,,,-0.026656034319734,,0.0080226419391111,,,,-0.0044947466723614,,,,,,,,,,,,,,,,,,,,,,,,,,,,,,,,,,,,,,,,,,,,,,,,,,,,,,,,,,,,,,,,,,,,,,,,,,,,,,,,,,,,,,,,,,,,,,,,,,,,0.0,0.0,middle,0.1112930765707064,-0.2395120625747011,0.0720857234458265
data/precomputed/supplementary/figS3/duration_window_metrics.csv,24,3MIDD_048,,,-0.0270274145088923,,0.0077189898770066,,,,-0.0044771171644985,,,,,,,,,,,,,,,,,,,,,,,,,,,,,,,,,,,,,,,,,,,,,,,,,,,,,,,,,,,,,,,,,,,,,,,,,,,,,,,,,,,,,,,,,,,,,,,,,,,,0.0,0.0,4to5,0.1110255590650676,-0.243434167199759,0.069524440516286
data/precomputed/supplementary/figS3/duration_window_metrics.csv,24,3MIDD_048,,,-0.0270715282056344,,0.0077276867628697,,,,-0.0044851134219925,,,,,,,,,,,,,,,,,,,,,,,,,,,,,,,,,,,,,,,,,,,,,,,,,,,,,,,,,,,,,,,,,,,,,,,,,,,,,,,,,,,,,,,,,,,,,,,,,,,,0.0,0.0,late,0.1110419240923883,-0.2437955612432523,0.0695925149535428
data/precomputed/supplementary/figS3/duration_window_metrics.csv,24,3MIDD_048,,,-0.0261628889838566,,0.0099700167060063,,,,-0.0020678226274504,,,,,,,,,,,,,,,,,,,,,,,,,,,,,,,,,,,,,,,,,,,,,,,,,,,,,,,,,,,,,,,,,,,,,,,,,,,,,,,,,,,,,,,,,,,,,,,,,,,,0.5,0.0,early,0.1129840944581099,-0.2315625850641905,0.0882426571087214
data/precomputed/supplementary/figS3/duration_window_metrics.csv,24,3MIDD_048,,,-0.0265741390823878,,0.0078077882790906,,,,-0.0045792058496315,,,,,,,,,,,,,,,,,,,,,,,,,,,,,,,,,,,,,,,,,,,,,,,,,,,,,,,,,,,,,,,,,,,,,,,,,,,,,,,,,,,,,,,,,,,,,,,,,,,,0.5,0.0,middle,0.1111671537256351,-0.2390466805327575,0.0702346693013347
data/precomputed/supplementary/figS3/duration_window_metrics.csv,24,3MIDD_048,,,-0.0270198752965412,,0.007713480141799,,,,-0.0045165878580761,,,,,,,,,,,,,,,,,,,,,,,,,,,,,,,,,,,,,,,,,,,,,,,,,,,,,,,,,,,,,,,,,,,,,,,,,,,,,,,,,,,,,,,,,,,,,,,,,,,,0.5,0.0,4to5,0.1110241317035595,-0.2433693907977208,0.069475707879387
data/precomputed/supplementary/figS3/duration_window_metrics.csv,24,3MIDD_048,,,-0.0270712303825064,,0.007727467487538,,,,-0.0044863545764039,,,,,,,,,,,,,,,,,,,,,,,,,,,,,,,,,,,,,,,,,,,,,,,,,,,,,,,,,,,,,,,,,,,,,,,,,,,,,,,,,,,,,,,,,,,,,,,,,,,,0.5,0.0,late,0.1110418814988076,-0.2437929726793859,0.069590566939565
data/precomputed/supplementary/figS3/duration_window_metrics.csv,24,3MIDD_048,,,-0.0264662285810497,,0.0087708637663838,,,,-0.003633335571976,,,,,,,,,,,,,,,,,,,,,,,,,,,,,,,,,,,,,,,,,,,,,,,,,,,,,,,,,,,,,,,,,,,,,,,,,,,,,,,,,,,,,,,,,,,,,,,,,,,,1.0,0.0,early,0.112393593041152,-0.235478089675088,0.0780370440081265
data/precomputed/supplementary/figS3/duration_window_metrics.csv,24,3MIDD_048,,,-0.0267241062405287,,0.0077225157703606,,,,-0.0044907191630927,,,,,,,,,,,,,,,,,,,,,,,,,,,,,,,,,,,,,,,,,,,,,,,,,,,,,,,,,,,,,,,,,,,,,,,,,,,,,,,,,,,,,,,,,,,,,,,,,,,,1.0,0.0,middle,0.1110693792831586,-0.2406073250161841,0.0695287559919912
data/precomputed/supplementary/figS3/duration_window_metrics.csv,24,3MIDD_048,,,-0.0270336246905391,,0.0077199112067334,,,,-0.0045032231892769,,,,,,,,,,,,,,,,,,,,,,,,,,,,,,,,,,,,,,,,,,,,,,,,,,,,,,,,,,,,,,,,,,,,,,,,,,,,,,,,,,,,,,,,,,,,,,,,,,,,1.0,0.0,4to5,0.1110278116435163,-0.243485161874014,0.0695313281641557
data/precomputed/supplementary/figS3/duration_window_metrics.csv,24,3MIDD_048,,,-0.0270716908291648,,0.007727750153694,,,,-0.0044856982799831,,,,,,,,,,,,,,,,,,,,,,,,,,,,,,,,,,,,,,,,,,,,,,,,,,,,,,,,,,,,,,,,,,,,,,,,,,,,,,,,,,,,,,,,,,,,,,,,,,,,1.0,0.0,late,0.1110420123264472,-0.2437968320456771,0.0695930305277213
data/precomputed/supplementary/figS3/duration_window_metrics.csv,24,3MIDD_048,,,-0.0254294634103338,,0.0115531811137581,,,,0.000403428313431,,,,,,,,,,,,,,,,,,,,,,,,,,,,,,,,,,,,,,,,,,,,,,,,,,,,,,,,,,,,,,,,,,,,,,,,,,,,,,,,,,,,,,,,,,,,,,,,,,,,1.0,1.0,early,0.1272654994035617,-0.199814274328162,0.0907801499063211
data/precomputed/supplementary/figS3/duration_window_metrics.csv,24,3MIDD_048,,,-0.0244735089318754,,0.0098860233498964,,,,-0.0015776277352794,,,,,,,,,,,,,,,,,,,,,,,,,,,,,,,,,,,,,,,,,,,,,,,,,,,,,,,,,,,,,,,,,,,,,,,,,,,,,,,,,,,,,,,,,,,,,,,,,,,,1.0,1.0,middle,0.1177375248696059,-0.2078649857722067,0.0839666313764046
data/precomputed/supplementary/figS3/duration_window_metrics.csv,24,3MIDD_048,,,-0.0251426294667377,,0.01114761610158,,,,-0.0003911941936276,,,,,,,,,,,,,,,,,,,,,,,,,,,,,,,,,,,,,,,,,,,,,,,,,,,,,,,,,,,,,,,,,,,,,,,,,,,,,,,,,,,,,,,,,,,,,,,,,,,,1.0,1.0,4to5,0.121045123388888,-0.2077128657712278,0.0920947146773148
data/precomputed/supplementary/figS3/duration_window_metrics.csv,24,3MIDD_048,,,-0.0248757243903147,,0.0106786176637768,,,,4.523186747501837e-05,,,,,,,,,,,,,,,,,,,,,,,,,,,,,,,,,,,,,,,,,,,,,,,,,,,,,,,,,,,,,,,,,,,,,,,,,,,,,,,,,,,,,,,,,,,,,,,,,,,,1.0,1.0,late,0.1193261022550856,-0.2084684232552692,0.0894910456469026
data/precomputed/supplementary/figS3/duration_window_metrics.csv,24,3MIDD_048,,,-0.0212573508233663,,0.0181995107897874,,,,0.010684774841792,,,,,,,,,,,,,,,,,,,,,,,,,,,,,,,,,,,,,,,,,,,,,,,,,,,,,,,,,,,,,,,,,,,,,,,,,,,,,,,,,,,,,,,,,,,,,,,,,,,,1.0,2.0,early,0.1755722870852926,-0.1210746364147979,0.1036582201662961
data/precomputed/supplementary/figS3/duration_window_metrics.csv,24,3MIDD_048,,,-0.0202992122566368,,0.0147263324440557,,,,0.006124777522675,,,,,,,,,,,,,,,,,,,,,,,,,,,,,,,,,,,,,,,,,,,,,,,,,,,,,,,,,,,,,,,,,,,,,,,,,,,,,,,,,,,,,,,,,,,,,,,,,,,,1.0,2.0,middle,0.1469144256939591,-0.1381703135056499,0.1002374843348094
data/precomputed/supplementary/figS3/duration_window_metrics.csv,24,3MIDD_048,,,-0.0212697950272054,,0.0166511033293364,,,,0.0058659050226499,,,,,,,,,,,,,,,,,,,,,,,,,,,,,,,,,,,,,,,,,,,,,,,,,,,,,,,,,,,,,,,,,,,,,,,,,,,,,,,,,,,,,,,,,,,,,,,,,,,,1.0,2.0,4to5,0.1542647857520667,-0.1378784855112047,0.1079384595010423
data/precomputed/supplementary/figS3/duration_window_metrics.csv,24,3MIDD_048,,,-0.0203528164595583,,0.015580195546059,,,,0.006365427883285,,,,,,,,,,,,,,,,,,,,,,,,,,,,,,,,,,,,,,,,,,,,,,,,,,,,,,,,,,,,,,,,,,,,,,,,,,,,,,,,,,,,,,,,,,,,,,,,,,,,1.0,2.0,late,0.1481077439810658,-0.1374189891256478,0.1051950095739141
data/precomputed/supplementary/figS3/duration_window_metrics.csv,24,3MIDD_048,,,-0.0269955916566172,,0.0082773490228047,,,,-0.0041745870215756,,,,,,,,,,,,,,,,,,,,,,,,,,,,,,,,,,,,,,,,,,,,,,,,,,,,,,,,,,,,,,,,,,,,,,,,,,,,,,,,,,,,,,,,,,,,,,,,,,,,2.0,0.0,early,0.1119034056505317,-0.241240125800309,0.0739686962580431
data/precomputed/supplementary/figS3/duration_window_metrics.csv,24,3MIDD_048,,,-0.0269584726817297,,0.0077712785043013,,,,-0.0041705580990026,,,,,,,,,,,,,,,,,,,,,,,,,,,,,,,,,,,,,,,,,,,,,,,,,,,,,,,,,,,,,,,,,,,,,,,,,,,,,,,,,,,,,,,,,,,,,,,,,,,,2.0,0.0,middle,0.1110670117653179,-0.2427225893021444,0.0699692769327569
data/precomputed/supplementary/figS3/duration_window_metrics.csv,24,3MIDD_048,,,-0.0270607470275016,,0.0077342000281701,,,,-0.0044520103765051,,,,,,,,,,,,,,,,,,,,,,,,,,,,,,,,,,,,,,,,,,,,,,,,,,,,,,,,,,,,,,,,,,,,,,,,,,,,,,,,,,,,,,,,,,,,,,,,,,,,2.0,0.0,4to5,0.1110349742186353,-0.2437137236976994,0.0696555304542239
data/precomputed/supplementary/figS3/duration_window_metrics.csv,24,3MIDD_048,,,-0.0270725952464421,,0.0077283732783904,,,,-0.0044835998981521,,,,,,,,,,,,,,,,,,,,,,,,,,,,,,,,,,,,,,,,,,,,,,,,,,,,,,,,,,,,,,,,,,,,,,,,,,,,,,,,,,,,,,,,,,,,,,,,,,,,2.0,0.0,late,0.1110422899008733,-0.2438043674226247,0.0695984681628005
data/precomputed/supplementary/figS3/duration_window_metrics.csv,24,3MIDD_207,,,0.0256547262208091,,0.0398299297260273,,,,0.041874529363018,,,,,,,,,,,,,,,,,,,,,,,,,,,,,,,,,,,,,,,,,,,,,,,,,,,,,,,,,,,,,,,,,,,,,,,,,,,,,,,,,,,,,,,,,,,,,,,,,,,,0.0,0.0,early,0.1928196311915715,0.1330503852863429,0.2065657395976203
data/precomputed/supplementary/figS3/duration_window_metrics.csv,24,3MIDD_207,,,0.0230436157918839,,0.0348905196093635,,,,0.0424898800063419,,,,,,,,,,,,,,,,,,,,,,,,,,,,,,,,,,,,,,,,,,,,,,,,,,,,,,,,,,,,,,,,,,,,,,,,,,,,,,,,,,,,,,,,,,,,,,,,,,,,0.0,0.0,middle,0.1573783243009896,0.1464217889867257,0.2216983804112355
data/precomputed/supplementary/figS3/duration_window_metrics.csv,24,3MIDD_207,,,0.0227617974352955,,0.0349387303723399,,,,0.042435474615746,,,,,,,,,,,,,,,,,,,,,,,,,,,,,,,,,,,,,,,,,,,,,,,,,,,,,,,,,,,,,,,,,,,,,,,,,,,,,,,,,,,,,,,,,,,,,,,,,,,,0.0,0.0,4to5,0.1574270411745725,0.1445863256113335,0.2219360162756027
data/precomputed/supplementary/figS3/duration_window_metrics.csv,24,3MIDD_207,,,0.0227495786808552,,0.0349600276940164,,,,0.042442235102669,,,,,,,,,,,,,,,,,,,,,,,,,,,,,,,,,,,,,,,,,,,,,,,,,,,,,,,,,,,,,,,,,,,,,,,,,,,,,,,,,,,,,,,,,,,,,,,,,,,,0.0,0.0,late,0.1574379133460382,0.1444987309432461,0.222055964481545
data/precomputed/supplementary/figS3/duration_window_metrics.csv,24,3MIDD_207,,,0.0237052341568781,,0.0365518591144579,,,,0.0430896303634977,,,,,,,,,,,,,,,,,,,,,,,,,,,,,,,,,,,,,,,,,,,,,,,,,,,,,,,,,,,,,,,,,,,,,,,,,,,,,,,,,,,,,,,,,,,,,,,,,,,,0.5,0.0,early,0.1644970662405045,0.1441073369796131,0.2222037143265336
data/precomputed/supplementary/figS3/duration_window_metrics.csv,24,3MIDD_207,,,0.023054750418221,,0.0348021036225475,,,,0.0423390750143939,,,,,,,,,,,,,,,,,,,,,,,,,,,,,,,,,,,,,,,,,,,,,,,,,,,,,,,,,,,,,,,,,,,,,,,,,,,,,,,,,,,,,,,,,,,,,,,,,,,,0.5,0.0,middle,0.1574722085375919,0.1464052014785667,0.221004734395654
data/precomputed/supplementary/figS3/duration_window_metrics.csv,24,3MIDD_207,,,0.0227646214643577,,0.0349439798900277,,,,0.0424279699841419,,,,,,,,,,,,,,,,,,,,,,,,,,,,,,,,,,,,,,,,,,,,,,,,,,,,,,,,,,,,,,,,,,,,,,,,,,,,,,,,,,,,,,,,,,,,,,,,,,,,0.5,0.0,4to5,0.1574331166750942,0.1445986838419688,0.2219607959749919
data/precomputed/supplementary/figS3/duration_window_metrics.csv,24,3MIDD_207,,,0.022749681531756,,0.0349603510265006,,,,0.0424421967589403,,,,,,,,,,,,,,,,,,,,,,,,,,,,,,,,,,,,,,,,,,,,,,,,,,,,,,,,,,,,,,,,,,,,,,,,,,,,,,,,,,,,,,,,,,,,,,,,,,,,0.5,0.0,late,0.1574381346575474,0.1444991810989131,0.2220577060478063
data/precomputed/supplementary/figS3/duration_window_metrics.csv,24,3MIDD_207,,,0.0231715969937173,,0.0355084360837494,,,,0.0422059970754048,,,,,,,,,,,,,,,,,,,,,,,,,,,,,,,,,,,,,,,,,,,,,,,,,,,,,,,,,,,,,,,,,,,,,,,,,,,,,,,,,,,,,,,,,,,,,,,,,,,,1.0,0.0,early,0.1593199579671394,0.1454406421479011,0.2228750028359489
data/precomputed/supplementary/figS3/duration_window_metrics.csv,24,3MIDD_207,,,0.0229130442716262,,0.0348170168900779,,,,0.0422743406839924,,,,,,,,,,,,,,,,,,,,,,,,,,,,,,,,,,,,,,,,,,,,,,,,,,,,,,,,,,,,,,,,,,,,,,,,,,,,,,,,,,,,,,,,,,,,,,,,,,,,1.0,0.0,middle,0.1574674743126758,0.1455096957110576,0.2211060858253398
data/precomputed/supplementary/figS3/duration_window_metrics.csv,24,3MIDD_207,,,0.0227566420467989,,0.0349562919929855,,,,0.0424314526505056,,,,,,,,,,,,,,,,,,,,,,,,,,,,,,,,,,,,,,,,,,,,,,,,,,,,,,,,,,,,,,,,,,,,,,,,,,,,,,,,,,,,,,,,,,,,,,,,,,,,1.0,0.0,4to5,0.1574399815386157,0.1445416966160997,0.2220293196897493
data/precomputed/supplementary/figS3/duration_window_metrics.csv,24,3MIDD_207,,,0.02274961632958,,0.0349607810766557,,,,0.0424422364130408,,,,,,,,,,,,,,,,,,,,,,,,,,,,,,,,,,,,,,,,,,,,,,,,,,,,,,,,,,,,,,,,,,,,,,,,,,,,,,,,,,,,,,,,,,,,,,,,,,,,1.0,0.0,late,0.1574384169102655,0.1444985078994192,0.2220600394920266
data/precomputed/supplementary/figS3/duration_window_metrics.csv,24,3MIDD_207,,,0.0251547859924333,,0.0355823225713022,,,,0.042995094852311,,,,,,,,,,,,,,,,,,,,,,,,,,,,,,,,,,,,,,,,,,,,,,,,,,,,,,,,,,,,,,,,,,,,,,,,,,,,,,,,,,,,,,,,,,,,,,,,,,,,1.0,1.0,early,0.179200824245418,0.1403720440369376,0.198561154621542
data/precomputed/supplementary/figS3/duration_window_metrics.csv,24,3MIDD_207,,,0.0255755613522565,,0.0344400905393283,,,,0.0415469366147608,,,,,,,,,,,,,,,,,,,,,,,,,,,,,,,,,,,,,,,,,,,,,,,,,,,,,,,,,,,,,,,,,,,,,,,,,,,,,,,,,,,,,,,,,,,,,,,,,,,,1.0,1.0,middle,0.1665165142829468,0.1535917411098231,0.2068268765271375
data/precomputed/supplementary/figS3/duration_window_metrics.csv,24,3MIDD_207,,,0.0247934704735206,,0.0350504016375584,,,,0.0417948205429223,,,,,,,,,,,,,,,,,,,,,,,,,,,,,,,,,,,,,,,,,,,,,,,,,,,,,,,,,,,,,,,,,,,,,,,,,,,,,,,,,,,,,,,,,,,,,,,,,,,,1.0,1.0,4to5,0.171223404437921,0.1448018777275848,0.2047056694884624
data/precomputed/supplementary/figS3/duration_window_metrics.csv,24,3MIDD_207,,,0.0240899903364707,,0.0346925111142101,,,,0.0414929994339298,,,,,,,,,,,,,,,,,,,,,,,,,,,,,,,,,,,,,,,,,,,,,,,,,,,,,,,,,,,,,,,,,,,,,,,,,,,,,,,,,,,,,,,,,,,,,,,,,,,,1.0,1.0,late,0.1702231751081417,0.1415200387442342,0.2038060392903036
data/precomputed/supplementary/figS3/duration_window_metrics.csv,24,3MIDD_207,,,0.0231592062947573,,0.0370401838269306,,,,0.0386999285862946,,,,,,,,,,,,,,,,,,,,,,,,,,,,,,,,,,,,,,,,,,,,,,,,,,,,,,,,,,,,,,,,,,,,,,,,,,,,,,,,,,,,,,,,,,,,,,,,,,,,1.0,2.0,early,0.2310820128639948,0.1002207225379668,0.1602902076533795
data/precomputed/supplementary/figS3/duration_window_metrics.csv,24,3MIDD_207,,,0.0242680820281516,,0.0329966415029243,,,,0.0352107028520849,,,,,,,,,,,,,,,,,,,,,,,,,,,,,,,,,,,,,,,,,,,,,,,,,,,,,,,,,,,,,,,,,,,,,,,,,,,,,,,,,,,,,,,,,,,,,,,,,,,,1.0,2.0,middle,0.1997491930785996,0.1214927662741665,0.1651903619452444
data/precomputed/supplementary/figS3/duration_window_metrics.csv,24,3MIDD_207,,,0.0226298656756585,,0.0345493966109182,,,,0.0351678225186334,,,,,,,,,,,,,,,,,,,,,,,,,,,,,,,,,,,,,,,,,,,,,,,,,,,,,,,,,,,,,,,,,,,,,,,,,,,,,,,,,,,,,,,,,,,,,,,,,,,,1.0,2.0,4to5,0.2082994188398905,0.1086410408713286,0.1658641046784419
data/precomputed/supplementary/figS3/duration_window_metrics.csv,24,3MIDD_207,,,0.0215946368145336,,0.0347852521600446,,,,0.0366490649973009,,,,,,,,,,,,,,,,,,,,,,,,,,,,,,,,,,,,,,,,,,,,,,,,,,,,,,,,,,,,,,,,,,,,,,,,,,,,,,,,,,,,,,,,,,,,,,,,,,,,1.0,2.0,late,0.204368491981369,0.1056651962598142,0.1702084887097752
data/precomputed/supplementary/figS3/duration_window_metrics.csv,24,3MIDD_207,,,0.0224308827287219,,0.035460621968399,,,,0.0418787731894795,,,,,,,,,,,,,,,,,,,,,,,,,,,,,,,,,,,,,,,,,,,,,,,,,,,,,,,,,,,,,,,,,,,,,,,,,,,,,,,,,,,,,,,,,,,,,,,,,,,,2.0,0.0,early,0.1580350335191237,0.1419361405457455,0.2243845632121053
data/precomputed/supplementary/figS3/duration_window_metrics.csv,24,3MIDD_207,,,0.0226814571690559,,0.0349935012253758,,,,0.0423817835276579,,,,,,,,,,,,,,,,,,,,,,,,,,,,,,,,,,,,,,,,,,,,,,,,,,,,,,,,,,,,,,,,,,,,,,,,,,,,,,,,,,,,,,,,,,,,,,,,,,,,2.0,0.0,middle,0.1574746255496628,0.1440324565934777,0.2222167609748653
data/precomputed/supplementary/figS3/duration_window_metrics.csv,24,3MIDD_207,,,0.0227477144631112,,0.0349716507205096,,,,0.0424393251964354,,,,,,,,,,,,,,,,,,,,,,,,,,,,,,,,,,,,,,,,,,,,,,,,,,,,,,,,,,,,,,,,,,,,,,,,,,,,,,,,,,,,,,,,,,,,,,,,,,,,2.0,0.0,4to5,0.1574458095160828,0.1444796437137795,0.2221186503978524
data/precomputed/supplementary/figS3/duration_window_metrics.csv,24,3MIDD_207,,,0.0227495540984456,,0.0349613253460023,,,,0.0424423775549216,,,,,,,,,,,,,,,,,,,,,,,,,,,,,,,,,,,,,,,,,,,,,,,,,,,,,,,,,,,,,,,,,,,,,,,,,,,,,,,,,,,,,,,,,,,,,,,,,,,,2.0,0.0,late,0.1574385686322955,0.1444979733751147,0.2220632825216796
data/precomputed/supplementary/figS3/duration_window_metrics.csv,24,4MIDD_085_170,,,0.0043642848269916,,0.0216404817120422,,,,0.0201373776453802,,,,,,,,,,,,,,,,,,,,,,,,,,,,,,,,,,,,,,,,,,,,,,,,,,,,,,,,,,,,,,,,,,,,,,,,,,,,,,,,,,,,,,,,,,,,,,,,,,,,0.0,0.0,early,0.1598253575210056,0.0273065857301027,0.1354008027743534
data/precomputed/supplementary/figS3/duration_window_metrics.csv,24,4MIDD_085_170,,,0.0054178230813427,,0.0152787535230507,,,,0.0156117509566739,,,,,,,,,,,,,,,,,,,,,,,,,,,,,,,,,,,,,,,,,,,,,,,,,,,,,,,,,,,,,,,,,,,,,,,,,,,,,,,,,,,,,,,,,,,,,,,,,,,,0.0,0.0,middle,0.1289512868828336,0.0420144940954755,0.1184846921065093
data/precomputed/supplementary/figS3/duration_window_metrics.csv,24,4MIDD_085_170,,,0.0055513062698429,,0.0153035811598679,,,,0.0151274616053652,,,,,,,,,,,,,,,,,,,,,,,,,,,,,,,,,,,,,,,,,,,,,,,,,,,,,,,,,,,,,,,,,,,,,,,,,,,,,,,,,,,,,,,,,,,,,,,,,,,,0.0,0.0,4to5,0.1291952236224008,0.0429683552858564,0.1184531496659328
data/precomputed/supplementary/figS3/duration_window_metrics.csv,24,4MIDD_085_170,,,0.0055491102718763,,0.0153000669949614,,,,0.0151026254459465,,,,,,,,,,,,,,,,,,,,,,,,,,,,,,,,,,,,,,,,,,,,,,,,,,,,,,,,,,,,,,,,,,,,,,,,,,,,,,,,,,,,,,,,,,,,,,,,,,,,0.0,0.0,late,0.1291866030089373,0.0429542239104504,0.1184338517973334
data/precomputed/supplementary/figS3/duration_window_metrics.csv,24,4MIDD_085_170,,,0.0054471195254801,,0.0167183909304175,,,,0.0167708029765238,,,,,,,,,,,,,,,,,,,,,,,,,,,,,,,,,,,,,,,,,,,,,,,,,,,,,,,,,,,,,,,,,,,,,,,,,,,,,,,,,,,,,,,,,,,,,,,,,,,,0.5,0.0,early,0.1313625523324339,0.0414663039714342,0.1272690780863409
data/precomputed/supplementary/figS3/duration_window_metrics.csv,24,4MIDD_085_170,,,0.0053703125450658,,0.0153691636716222,,,,0.0155374979355109,,,,,,,,,,,,,,,,,,,,,,,,,,,,,,,,,,,,,,,,,,,,,,,,,,,,,,,,,,,,,,,,,,,,,,,,,,,,,,,,,,,,,,,,,,,,,,,,,,,,0.5,0.0,middle,0.1290202046924009,0.0416238104556513,0.1191221460876153
data/precomputed/supplementary/figS3/duration_window_metrics.csv,24,4MIDD_085_170,,,0.0055733968889188,,0.0153300143204421,,,,0.015123151421878,,,,,,,,,,,,,,,,,,,,,,,,,,,,,,,,,,,,,,,,,,,,,,,,,,,,,,,,,,,,,,,,,,,,,,,,,,,,,,,,,,,,,,,,,,,,,,,,,,,,0.5,0.0,4to5,0.1291889473820349,0.043141437420628,0.1186635128708689
data/precomputed/supplementary/figS3/duration_window_metrics.csv,24,4MIDD_085_170,,,0.0055513416874679,,0.0153023831463949,,,,0.015102681587325,,,,,,,,,,,,,,,,,,,,,,,,,,,,,,,,,,,,,,,,,,,,,,,,,,,,,,,,,,,,,,,,,,,,,,,,,,,,,,,,,,,,,,,,,,,,,,,,,,,,0.5,0.0,late,0.1291869183108031,0.0429713918410247,0.1184514914240764
data/precomputed/supplementary/figS3/duration_window_metrics.csv,24,4MIDD_085_170,,,0.0055005176505452,,0.0158663494399627,,,,0.0160233277973062,,,,,,,,,,,,,,,,,,,,,,,,,,,,,,,,,,,,,,,,,,,,,,,,,,,,,,,,,,,,,,,,,,,,,,,,,,,,,,,,,,,,,,,,,,,,,,,,,,,,1.0,0.0,early,0.1294192224587224,0.0425015507437438,0.1225965443040984
data/precomputed/supplementary/figS3/duration_window_metrics.csv,24,4MIDD_085_170,,,0.0055038276678452,,0.0154096197181377,,,,0.015366764836088,,,,,,,,,,,,,,,,,,,,,,,,,,,,,,,,,,,,,,,,,,,,,,,,,,,,,,,,,,,,,,,,,,,,,,,,,,,,,,,,,,,,,,,,,,,,,,,,,,,,1.0,0.0,middle,0.1290470595263264,0.0426497720137702,0.1194108550376854
data/precomputed/supplementary/figS3/duration_window_metrics.csv,24,4MIDD_085_170,,,0.0055705584176059,,0.0153253427669063,,,,0.0151186412326823,,,,,,,,,,,,,,,,,,,,,,,,,,,,,,,,,,,,,,,,,,,,,,,,,,,,,,,,,,,,,,,,,,,,,,,,,,,,,,,,,,,,,,,,,,,,,,,,,,,,1.0,0.0,4to5,0.1291882514187417,0.0431196982421409,0.1186279913119332
data/precomputed/supplementary/figS3/duration_window_metrics.csv,24,4MIDD_085_170,,,0.0055510448570169,,0.0153020931321212,,,,0.0151026113732267,,,,,,,,,,,,,,,,,,,,,,,,,,,,,,,,,,,,,,,,,,,,,,,,,,,,,,,,,,,,,,,,,,,,,,,,,,,,,,,,,,,,,,,,,,,,,,,,,,,,1.0,0.0,late,0.1291868654133128,0.0429691117534063,0.1184492950050662
data/precomputed/supplementary/figS3/duration_window_metrics.csv,24,4MIDD_085_170,,,0.0026803389856898,,0.0184811699705983,,,,0.0186477935161089,,,,,,,,,,,,,,,,,,,,,,,,,,,,,,,,,,,,,,,,,,,,,,,,,,,,,,,,,,,,,,,,,,,,,,,,,,,,,,,,,,,,,,,,,,,,,,,,,,,,1.0,1.0,early,0.1472554704387182,0.0182019654529934,0.1255041318026241
data/precomputed/supplementary/figS3/duration_window_metrics.csv,24,4MIDD_085_170,,,0.002743775708761,,0.0183200442802888,,,,0.0178567835403866,,,,,,,,,,,,,,,,,,,,,,,,,,,,,,,,,,,,,,,,,,,,,,,,,,,,,,,,,,,,,,,,,,,,,,,,,,,,,,,,,,,,,,,,,,,,,,,,,,,,1.0,1.0,middle,0.1373439519479546,0.0199774046825216,0.1333880671151149
data/precomputed/supplementary/figS3/duration_window_metrics.csv,24,4MIDD_085_170,,,0.0035159007785701,,0.0189815140468471,,,,0.017644994058054,,,,,,,,,,,,,,,,,,,,,,,,,,,,,,,,,,,,,,,,,,,,,,,,,,,,,,,,,,,,,,,,,,,,,,,,,,,,,,,,,,,,,,,,,,,,,,,,,,,,1.0,1.0,4to5,0.1408195657375547,0.0249674167091437,0.134793158517638
data/precomputed/supplementary/figS3/duration_window_metrics.csv,24,4MIDD_085_170,,,0.0030955807675067,,0.0179468424725488,,,,0.0171573235024243,,,,,,,,,,,,,,,,,,,,,,,,,,,,,,,,,,,,,,,,,,,,,,,,,,,,,,,,,,,,,,,,,,,,,,,,,,,,,,,,,,,,,,,,,,,,,,,,,,,,1.0,1.0,late,0.1389537025152951,0.0222777854168078,0.1291569936437881
data/precomputed/supplementary/figS3/duration_window_metrics.csv,24,4MIDD_085_170,,,-9.972080708133829e-05,,0.0243012247340214,,,,0.0222858827281168,,,,,,,,,,,,,,,,,,,,,,,,,,,,,,,,,,,,,,,,,,,,,,,,,,,,,,,,,,,,,,,,,,,,,,,,,,,,,,,,,,,,,,,,,,,,,,,,,,,,1.0,2.0,early,0.2019613621551389,-0.0004937618067991,0.1203261082946856
data/precomputed/supplementary/figS3/duration_window_metrics.csv,24,4MIDD_085_170,,,0.0004397325013233,,0.0229411992722318,,,,0.0188368019682671,,,,,,,,,,,,,,,,,,,,,,,,,,,,,,,,,,,,,,,,,,,,,,,,,,,,,,,,,,,,,,,,,,,,,,,,,,,,,,,,,,,,,,,,,,,,,,,,,,,,1.0,2.0,middle,0.1702048362058062,0.0025835488058144,0.1347858250308006
data/precomputed/supplementary/figS3/duration_window_metrics.csv,24,4MIDD_085_170,,,0.000570429045736,,0.0242137936446073,,,,0.0197089427927248,,,,,,,,,,,,,,,,,,,,,,,,,,,,,,,,,,,,,,,,,,,,,,,,,,,,,,,,,,,,,,,,,,,,,,,,,,,,,,,,,,,,,,,,,,,,,,,,,,,,1.0,2.0,4to5,0.1794449797972902,0.0031788520714283,0.1349371471520709
data/precomputed/supplementary/figS3/duration_window_metrics.csv,24,4MIDD_085_170,,,8.768709671430411e-06,,0.021727461941646,,,,0.0196831022683868,,,,,,,,,,,,,,,,,,,,,,,,,,,,,,,,,,,,,,,,,,,,,,,,,,,,,,,,,,,,,,,,,,,,,,,,,,,,,,,,,,,,,,,,,,,,,,,,,,,,1.0,2.0,late,0.1720623344181387,5.096240092919498e-05,0.1262766892889231
data/precomputed/supplementary/figS3/duration_window_metrics.csv,24,4MIDD_085_170,,,0.005824604810028,,0.0159653066075815,,,,0.0154355621697213,,,,,,,,,,,,,,,,,,,,,,,,,,,,,,,,,,,,,,,,,,,,,,,,,,,,,,,,,,,,,,,,,,,,,,,,,,,,,,,,,,,,,,,,,,,,,,,,,,,,2.0,0.0,early,0.1294203156277296,0.0450053361543499,0.1233601272732548
data/precomputed/supplementary/figS3/duration_window_metrics.csv,24,4MIDD_085_170,,,0.0055284686045258,,0.0153618564581632,,,,0.0152141880534818,,,,,,,,,,,,,,,,,,,,,,,,,,,,,,,,,,,,,,,,,,,,,,,,,,,,,,,,,,,,,,,,,,,,,,,,,,,,,,,,,,,,,,,,,,,,,,,,,,,,2.0,0.0,middle,0.1291522592515258,0.0428058218769454,0.118943768751624
data/precomputed/supplementary/figS3/duration_window_metrics.csv,24,4MIDD_085_170,,,0.0055401679664576,,0.0152919834116002,,,,0.015110980122633,,,,,,,,,,,,,,,,,,,,,,,,,,,,,,,,,,,,,,,,,,,,,,,,,,,,,,,,,,,,,,,,,,,,,,,,,,,,,,,,,,,,,,,,,,,,,,,,,,,,2.0,0.0,4to5,0.1291852880914944,0.0428854403493214,0.118372483720978
data/precomputed/supplementary/figS3/duration_window_metrics.csv,24,4MIDD_085_170,,,0.0055480417369287,,0.0152990344886008,,,,0.0151024556284567,,,,,,,,,,,,,,,,,,,,,,,,,,,,,,,,,,,,,,,,,,,,,,,,,,,,,,,,,,,,,,,,,,,,,,,,,,,,,,,,,,,,,,,,,,,,,,,,,,,,2.0,0.0,late,0.1291862939749148,0.0429460553919599,0.1184261427266544
data/precomputed/supplementary/figS3/duration_window_metrics.csv,41,3MIDD_048,,,0.0015952937108169,,0.0031830177817743,,,,0.0062821513224976,,,,,,,,,,,,,,,,,,,,,,,,,,,,,,,,,,,,,,,,,,,,,,,,,,,,,,,,,,,,,,,,,,,,,,,,,,,,,,,,,,,,,,,,,,,,,,,,,,,,0.0,0.0,early,0.2218531194738428,0.0071907652892167,0.0143474105269438
data/precomputed/supplementary/figS3/duration_window_metrics.csv,41,3MIDD_048,,,0.0090169614673796,,0.0002508645654984,,,,-0.002273759573,,,,,,,,,,,,,,,,,,,,,,,,,,,,,,,,,,,,,,,,,,,,,,,,,,,,,,,,,,,,,,,,,,,,,,,,,,,,,,,,,,,,,,,,,,,,,,,,,,,,0.0,0.0,middle,0.2764812220708196,0.0326132870791129,0.0009073475718151
data/precomputed/supplementary/figS3/duration_window_metrics.csv,41,3MIDD_048,,,0.0100055676015784,,-7.853090376539883e-05,,,,0.0020314957541062,,,,,,,,,,,,,,,,,,,,,,,,,,,,,,,,,,,,,,,,,,,,,,,,,,,,,,,,,,,,,,,,,,,,,,,,,,,,,,,,,,,,,,,,,,,,,,,,,,,,0.0,0.0,4to5,0.3048355299130902,0.0328228392682148,-0.0002576172921436
data/precomputed/supplementary/figS3/duration_window_metrics.csv,41,3MIDD_048,,,0.0099434686015949,,0.0003604977500099,,,,0.0019480862132992,,,,,,,,,,,,,,,,,,,,,,,,,,,,,,,,,,,,,,,,,,,,,,,,,,,,,,,,,,,,,,,,,,,,,,,,,,,,,,,,,,,,,,,,,,,,,,,,,,,,0.0,0.0,late,0.3047228170246832,0.0326311915158932,0.0011830349743084
data/precomputed/supplementary/figS3/duration_window_metrics.csv,41,3MIDD_048,,,0.008729239285144,,0.0032571707835159,,,,0.0038109483310683,,,,,,,,,,,,,,,,,,,,,,,,,,,,,,,,,,,,,,,,,,,,,,,,,,,,,,,,,,,,,,,,,,,,,,,,,,,,,,,,,,,,,,,,,,,,,,,,,,,,0.5,0.0,early,0.2453921435205902,0.0355726110865143,0.0132733295238631
data/precomputed/supplementary/figS3/duration_window_metrics.csv,41,3MIDD_048,,,0.0090044555538594,,-0.0004854558251007,,,,-0.0001480800444832,,,,,,,,,,,,,,,,,,,,,,,,,,,,,,,,,,,,,,,,,,,,,,,,,,,,,,,,,,,,,,,,,,,,,,,,,,,,,,,,,,,,,,,,,,,,,,,,,,,,0.5,0.0,middle,0.2952689545241954,0.0304957748381285,-0.0016441140108449
data/precomputed/supplementary/figS3/duration_window_metrics.csv,41,3MIDD_048,,,0.010111239258825,,-0.0001908905791622,,,,0.0020713528629066,,,,,,,,,,,,,,,,,,,,,,,,,,,,,,,,,,,,,,,,,,,,,,,,,,,,,,,,,,,,,,,,,,,,,,,,,,,,,,,,,,,,,,,,,,,,,,,,,,,,0.5,0.0,4to5,0.304703107552177,0.033183905934053,-0.0006264805787368
data/precomputed/supplementary/figS3/duration_window_metrics.csv,41,3MIDD_048,,,0.0098286819528924,,0.0001241519589099,,,,0.0022867302020237,,,,,,,,,,,,,,,,,,,,,,,,,,,,,,,,,,,,,,,,,,,,,,,,,,,,,,,,,,,,,,,,,,,,,,,,,,,,,,,,,,,,,,,,,,,,,,,,,,,,0.5,0.0,late,0.3046953123047249,0.0322574111119332,0.0004074626484105
data/precomputed/supplementary/figS3/duration_window_metrics.csv,41,3MIDD_048,,,0.0067298884268057,,4.5141417967263e-05,,,,-0.0002526624651061,,,,,,,,,,,,,,,,,,,,,,,,,,,,,,,,,,,,,,,,,,,,,,,,,,,,,,,,,,,,,,,,,,,,,,,,,,,,,,,,,,,,,,,,,,,,,,,,,,,,1.0,0.0,early,0.2542786255359918,0.0264665911758012,0.0001775273791578
data/precomputed/supplementary/figS3/duration_window_metrics.csv,41,3MIDD_048,,,0.0095395148251629,,0.0005009070281974,,,,0.0004488871835467,,,,,,,,,,,,,,,,,,,,,,,,,,,,,,,,,,,,,,,,,,,,,,,,,,,,,,,,,,,,,,,,,,,,,,,,,,,,,,,,,,,,,,,,,,,,,,,,,,,,1.0,0.0,middle,0.3010868356736294,0.0316835998618801,0.0016636629996682
data/precomputed/supplementary/figS3/duration_window_metrics.csv,41,3MIDD_048,,,0.0097973698465713,,-2.517936312562027e-05,,,,0.0022441502484115,,,,,,,,,,,,,,,,,,,,,,,,,,,,,,,,,,,,,,,,,,,,,,,,,,,,,,,,,,,,,,,,,,,,,,,,,,,,,,,,,,,,,,,,,,,,,,,,,,,,1.0,0.0,4to5,0.3042656229845042,0.0322000551704464,-8.275454479095921e-05
data/precomputed/supplementary/figS3/duration_window_metrics.csv,41,3MIDD_048,,,0.0099246726673129,,0.0002689865111327,,,,0.0020740742897082,,,,,,,,,,,,,,,,,,,,,,,,,,,,,,,,,,,,,,,,,,,,,,,,,,,,,,,,,,,,,,,,,,,,,,,,,,,,,,,,,,,,,,,,,,,,,,,,,,,,1.0,0.0,late,0.3047541210464148,0.0325661639397532,0.0008826345324197
data/precomputed/supplementary/figS3/duration_window_metrics.csv,41,3MIDD_048,,,0.0043315681631487,,-0.0025722342581003,,,,-0.0014672632621027,,,,,,,,,,,,,,,,,,,,,,,,,,,,,,,,,,,,,,,,,,,,,,,,,,,,,,,,,,,,,,,,,,,,,,,,,,,,,,,,,,,,,,,,,,,,,,,,,,,,1.0,1.0,early,0.2553418194945278,0.0169638023717521,-0.0100736897042258
data/precomputed/supplementary/figS3/duration_window_metrics.csv,41,3MIDD_048,,,0.0071221149110998,,-0.0016060455719817,,,,0.00048704653228,,,,,,,,,,,,,,,,,,,,,,,,,,,,,,,,,,,,,,,,,,,,,,,,,,,,,,,,,,,,,,,,,,,,,,,,,,,,,,,,,,,,,,,,,,,,,,,,,,,,1.0,1.0,middle,0.2951152709556006,0.0241333323349824,-0.0054420957844076
data/precomputed/supplementary/figS3/duration_window_metrics.csv,41,3MIDD_048,,,0.0071087242649788,,-0.0048676504164415,,,,-0.0024619748434024,,,,,,,,,,,,,,,,,,,,,,,,,,,,,,,,,,,,,,,,,,,,,,,,,,,,,,,,,,,,,,,,,,,,,,,,,,,,,,,,,,,,,,,,,,,,,,,,,,,,1.0,1.0,4to5,0.3016933560985388,0.0235627471446768,-0.0161344302684999
data/precomputed/supplementary/figS3/duration_window_metrics.csv,41,3MIDD_048,,,0.007851486066299,,-0.0040992210331011,,,,-0.0026978776495245,,,,,,,,,,,,,,,,,,,,,,,,,,,,,,,,,,,,,,,,,,,,,,,,,,,,,,,,,,,,,,,,,,,,,,,,,,,,,,,,,,,,,,,,,,,,,,,,,,,,1.0,1.0,late,0.2991282928088297,0.0262478884647561,-0.0137038893733829
data/precomputed/supplementary/figS3/duration_window_metrics.csv,41,3MIDD_048,,,0.0002297437919756,,-0.0057984257917615,,,,-0.0026023771760642,,,,,,,,,,,,,,,,,,,,,,,,,,,,,,,,,,,,,,,,,,,,,,,,,,,,,,,,,,,,,,,,,,,,,,,,,,,,,,,,,,,,,,,,,,,,,,,,,,,,1.0,2.0,early,0.2747540110657088,0.0008361799381364,-0.0211040623911941
data/precomputed/supplementary/figS3/duration_window_metrics.csv,41,3MIDD_048,,,0.0031236243632216,,-0.0029406719987273,,,,0.0001906815818401,,,,,,,,,,,,,,,,,,,,,,,,,,,,,,,,,,,,,,,,,,,,,,,,,,,,,,,,,,,,,,,,,,,,,,,,,,,,,,,,,,,,,,,,,,,,,,,,,,,,1.0,2.0,middle,0.2902302477155262,0.0107625734664408,-0.010132203730914
data/precomputed/supplementary/figS3/duration_window_metrics.csv,41,3MIDD_048,,,0.0007022844100795,,-0.0071038882125938,,,,-0.0048580361538891,,,,,,,,,,,,,,,,,,,,,,,,,,,,,,,,,,,,,,,,,,,,,,,,,,,,,,,,,,,,,,,,,,,,,,,,,,,,,,,,,,,,,,,,,,,,,,,,,,,,1.0,2.0,4to5,0.3055568535591908,0.0022983755785517,-0.0232489899337757
data/precomputed/supplementary/figS3/duration_window_metrics.csv,41,3MIDD_048,,,0.0019387574206853,,-0.0069973351129556,,,,-0.0059529412088122,,,,,,,,,,,,,,,,,,,,,,,,,,,,,,,,,,,,,,,,,,,,,,,,,,,,,,,,,,,,,,,,,,,,,,,,,,,,,,,,,,,,,,,,,,,,,,,,,,,,1.0,2.0,late,0.299987384614192,0.0064627965045221,-0.0233254312408996
data/precomputed/supplementary/figS3/duration_window_metrics.csv,41,3MIDD_048,,,0.0074970256918563,,0.0004576318150897,,,,0.0009557432750162,,,,,,,,,,,,,,,,,,,,,,,,,,,,,,,,,,,,,,,,,,,,,,,,,,,,,,,,,,,,,,,,,,,,,,,,,,,,,,,,,,,,,,,,,,,,,,,,,,,,2.0,0.0,early,0.2692139778739114,0.0278478322376249,0.001699881331214
data/precomputed/supplementary/figS3/duration_window_metrics.csv,41,3MIDD_048,,,0.0094003929627062,,0.0003315527876951,,,,0.0014047391245216,,,,,,,,,,,,,,,,,,,,,,,,,,,,,,,,,,,,,,,,,,,,,,,,,,,,,,,,,,,,,,,,,,,,,,,,,,,,,,,,,,,,,,,,,,,,,,,,,,,,2.0,0.0,middle,0.3012276000003089,0.0312069443925345,0.0011006720091214
data/precomputed/supplementary/figS3/duration_window_metrics.csv,41,3MIDD_048,,,0.0098383466499628,,0.0002754701268629,,,,0.002327009966431,,,,,,,,,,,,,,,,,,,,,,,,,,,,,,,,,,,,,,,,,,,,,,,,,,,,,,,,,,,,,,,,,,,,,,,,,,,,,,,,,,,,,,,,,,,,,,,,,,,,2.0,0.0,4to5,0.3045602081629016,0.0323034539190376,0.0009044849572588
data/precomputed/supplementary/figS3/duration_window_metrics.csv,41,3MIDD_048,,,0.0098608219476858,,0.00023622531736,,,,0.0020950957199025,,,,,,,,,,,,,,,,,,,,,,,,,,,,,,,,,,,,,,,,,,,,,,,,,,,,,,,,,,,,,,,,,,,,,,,,,,,,,,,,,,,,,,,,,,,,,,,,,,,,2.0,0.0,late,0.3046995124842051,0.0323624474069253,0.0007752730400982
data/precomputed/supplementary/figS3/duration_window_metrics.csv,41,3MIDD_207,,,0.0046760653544452,,-0.0004854575330942,,,,0.0009194464861374,,,,,,,,,,,,,,,,,,,,,,,,,,,,,,,,,,,,,,,,,,,,,,,,,,,,,,,,,,,,,,,,,,,,,,,,,,,,,,,,,,,,,,,,,,,,,,,,,,,,0.0,0.0,early,0.2259112520239474,0.0206986828347513,-0.0021488860282303
data/precomputed/supplementary/figS3/duration_window_metrics.csv,41,3MIDD_207,,,0.0064323160558525,,0.0012235077619685,,,,0.0051548370395123,,,,,,,,,,,,,,,,,,,,,,,,,,,,,,,,,,,,,,,,,,,,,,,,,,,,,,,,,,,,,,,,,,,,,,,,,,,,,,,,,,,,,,,,,,,,,,,,,,,,0.0,0.0,middle,0.2668532318770297,0.0241043213552558,0.0045849463893035
data/precomputed/supplementary/figS3/duration_window_metrics.csv,41,3MIDD_207,,,0.0090726022270592,,0.0018239169502654,,,,0.0111161637525578,,,,,,,,,,,,,,,,,,,,,,,,,,,,,,,,,,,,,,,,,,,,,,,,,,,,,,,,,,,,,,,,,,,,,,,,,,,,,,,,,,,,,,,,,,,,,,,,,,,,0.0,0.0,4to5,0.339641243407429,0.0267123101306512,0.0053701279973161
data/precomputed/supplementary/figS3/duration_window_metrics.csv,41,3MIDD_207,,,0.0088192541474768,,0.0015822920163207,,,,0.0099421874153824,,,,,,,,,,,,,,,,,,,,,,,,,,,,,,,,,,,,,,,,,,,,,,,,,,,,,,,,,,,,,,,,,,,,,,,,,,,,,,,,,,,,,,,,,,,,,,,,,,,,0.0,0.0,late,0.3409167367416808,0.0258692319766023,0.0046412858208239
data/precomputed/supplementary/figS3/duration_window_metrics.csv,41,3MIDD_207,,,0.0062814583356093,,0.0013530275270916,,,,0.0001031489858774,,,,,,,,,,,,,,,,,,,,,,,,,,,,,,,,,,,,,,,,,,,,,,,,,,,,,,,,,,,,,,,,,,,,,,,,,,,,,,,,,,,,,,,,,,,,,,,,,,,,0.5,0.0,early,0.2379009028487261,0.0264036759019933,0.0056873576808238
data/precomputed/supplementary/figS3/duration_window_metrics.csv,41,3MIDD_207,,,0.0076787469372362,,0.0001578614306606,,,,0.0086070013321203,,,,,,,,,,,,,,,,,,,,,,,,,,,,,,,,,,,,,,,,,,,,,,,,,,,,,,,,,,,,,,,,,,,,,,,,,,,,,,,,,,,,,,,,,,,,,,,,,,,,0.5,0.0,middle,0.3205335122305238,0.0239561438796257,0.0004924958690346
data/precomputed/supplementary/figS3/duration_window_metrics.csv,41,3MIDD_207,,,0.0089202425048202,,0.0018301547664596,,,,0.0104755519328328,,,,,,,,,,,,,,,,,,,,,,,,,,,,,,,,,,,,,,,,,,,,,,,,,,,,,,,,,,,,,,,,,,,,,,,,,,,,,,,,,,,,,,,,,,,,,,,,,,,,0.5,0.0,4to5,0.3406801572006523,0.0261836280049806,0.0053720615297877
data/precomputed/supplementary/figS3/duration_window_metrics.csv,41,3MIDD_207,,,0.008758327742108,,0.0016158772591217,,,,0.0095152187931003,,,,,,,,,,,,,,,,,,,,,,,,,,,,,,,,,,,,,,,,,,,,,,,,,,,,,,,,,,,,,,,,,,,,,,,,,,,,,,,,,,,,,,,,,,,,,,,,,,,,0.5,0.0,late,0.340645760791014,0.0257109547518523,0.0047435707268734
data/precomputed/supplementary/figS3/duration_window_metrics.csv,41,3MIDD_207,,,0.0064955727867398,,0.000815907698781,,,,0.0029015350171503,,,,,,,,,,,,,,,,,,,,,,,,,,,,,,,,,,,,,,,,,,,,,,,,,,,,,,,,,,,,,,,,,,,,,,,,,,,,,,,,,,,,,,,,,,,,,,,,,,,,1.0,0.0,early,0.2465420170391247,0.0263467171427784,0.0033094062771929
data/precomputed/supplementary/figS3/duration_window_metrics.csv,41,3MIDD_207,,,0.0081298055362443,,0.000265536325577,,,,0.0074964550878822,,,,,,,,,,,,,,,,,,,,,,,,,,,,,,,,,,,,,,,,,,,,,,,,,,,,,,,,,,,,,,,,,,,,,,,,,,,,,,,,,,,,,,,,,,,,,,,,,,,,1.0,0.0,middle,0.3329974504442585,0.0244140173607882,0.0007974124883621
data/precomputed/supplementary/figS3/duration_window_metrics.csv,41,3MIDD_207,,,0.0087746572043969,,0.0016346857624642,,,,0.009337924136902,,,,,,,,,,,,,,,,,,,,,,,,,,,,,,,,,,,,,,,,,,,,,,,,,,,,,,,,,,,,,,,,,,,,,,,,,,,,,,,,,,,,,,,,,,,,,,,,,,,,1.0,0.0,4to5,0.3405685339894412,0.0257647325829255,0.0047998731512727
data/precomputed/supplementary/figS3/duration_window_metrics.csv,41,3MIDD_207,,,0.0089105285529254,,0.0016202390048346,,,,0.0092820616010296,,,,,,,,,,,,,,,,,,,,,,,,,,,,,,,,,,,,,,,,,,,,,,,,,,,,,,,,,,,,,,,,,,,,,,,,,,,,,,,,,,,,,,,,,,,,,,,,,,,,1.0,0.0,late,0.3406490431929416,0.0261575035391442,0.0047563292403464
data/precomputed/supplementary/figS3/duration_window_metrics.csv,41,3MIDD_207,,,0.0052135140477796,,0.0003496217217784,,,,0.005521797251363,,,,,,,,,,,,,,,,,,,,,,,,,,,,,,,,,,,,,,,,,,,,,,,,,,,,,,,,,,,,,,,,,,,,,,,,,,,,,,,,,,,,,,,,,,,,,,,,,,,,1.0,1.0,early,0.2545297200776186,0.020482928461909,0.0013735988145973
data/precomputed/supplementary/figS3/duration_window_metrics.csv,41,3MIDD_207,,,0.0053314008999049,,0.000143138984738,,,,0.0119355471883648,,,,,,,,,,,,,,,,,,,,,,,,,,,,,,,,,,,,,,,,,,,,,,,,,,,,,,,,,,,,,,,,,,,,,,,,,,,,,,,,,,,,,,,,,,,,,,,,,,,,1.0,1.0,middle,0.3353499971020302,0.0158980198180318,0.0004268346085432
data/precomputed/supplementary/figS3/duration_window_metrics.csv,41,3MIDD_207,,,0.0041183661453248,,-0.000839744062607,,,,0.0096023556180297,,,,,,,,,,,,,,,,,,,,,,,,,,,,,,,,,,,,,,,,,,,,,,,,,,,,,,,,,,,,,,,,,,,,,,,,,,,,,,,,,,,,,,,,,,,,,,,,,,,,1.0,1.0,4to5,0.3444818238472234,0.0119552494797266,-0.0024377020918802
data/precomputed/supplementary/figS3/duration_window_metrics.csv,41,3MIDD_207,,,0.0046818460404675,,-0.0012627424439437,,,,0.0098135811438029,,,,,,,,,,,,,,,,,,,,,,,,,,,,,,,,,,,,,,,,,,,,,,,,,,,,,,,,,,,,,,,,,,,,,,,,,,,,,,,,,,,,,,,,,,,,,,,,,,,,1.0,1.0,late,0.3396678462537412,0.0137836009269188,-0.0037175801532902
data/precomputed/supplementary/figS3/duration_window_metrics.csv,41,3MIDD_207,,,0.0037273765624729,,-0.0035438447518592,,,,0.0063629061576683,,,,,,,,,,,,,,,,,,,,,,,,,,,,,,,,,,,,,,,,,,,,,,,,,,,,,,,,,,,,,,,,,,,,,,,,,,,,,,,,,,,,,,,,,,,,,,,,,,,,1.0,2.0,early,0.2900688279103733,0.0128499728472188,-0.0122172547025777
data/precomputed/supplementary/figS3/duration_window_metrics.csv,41,3MIDD_207,,,0.0045821065237605,,-0.0031302815471489,,,,0.0080803354595989,,,,,,,,,,,,,,,,,,,,,,,,,,,,,,,,,,,,,,,,,,,,,,,,,,,,,,,,,,,,,,,,,,,,,,,,,,,,,,,,,,,,,,,,,,,,,,,,,,,,1.0,2.0,middle,0.3504710193285871,0.0130741381485369,-0.0089316416322975
data/precomputed/supplementary/figS3/duration_window_metrics.csv,41,3MIDD_207,,,0.001504801524061,,-0.0060475578223347,,,,-0.0006098789228338,,,,,,,,,,,,,,,,,,,,,,,,,,,,,,,,,,,,,,,,,,,,,,,,,,,,,,,,,,,,,,,,,,,,,,,,,,,,,,,,,,,,,,,,,,,,,,,,,,,,1.0,2.0,4to5,0.3668888792750476,0.0041015184952851,-0.0164833500385305
data/precomputed/supplementary/figS3/duration_window_metrics.csv,41,3MIDD_207,,,0.002564259107511,,-0.0080178782091202,,,,0.0013312023906595,,,,,,,,,,,,,,,,,,,,,,,,,,,,,,,,,,,,,,,,,,,,,,,,,,,,,,,,,,,,,,,,,,,,,,,,,,,,,,,,,,,,,,,,,,,,,,,,,,,,1.0,2.0,late,0.3600890173841178,0.007121181107214,-0.0222663780955232
data/precomputed/supplementary/figS3/duration_window_metrics.csv,41,3MIDD_207,,,0.0064812620287873,,0.0017727787581656,,,,0.0014839630905561,,,,,,,,,,,,,,,,,,,,,,,,,,,,,,,,,,,,,,,,,,,,,,,,,,,,,,,,,,,,,,,,,,,,,,,,,,,,,,,,,,,,,,,,,,,,,,,,,,,,2.0,0.0,early,0.2717081988847455,0.0238537594941571,0.0065245685093132
data/precomputed/supplementary/figS3/duration_window_metrics.csv,41,3MIDD_207,,,0.0089843697397821,,0.0006852120020186,,,,0.0080958665566195,,,,,,,,,,,,,,,,,,,,,,,,,,,,,,,,,,,,,,,,,,,,,,,,,,,,,,,,,,,,,,,,,,,,,,,,,,,,,,,,,,,,,,,,,,,,,,,,,,,,2.0,0.0,middle,0.3329136761506012,0.0269870851917715,0.0020582272556105
data/precomputed/supplementary/figS3/duration_window_metrics.csv,41,3MIDD_207,,,0.0090521475632396,,0.0015450482854227,,,,0.0095694741554206,,,,,,,,,,,,,,,,,,,,,,,,,,,,,,,,,,,,,,,,,,,,,,,,,,,,,,,,,,,,,,,,,,,,,,,,,,,,,,,,,,,,,,,,,,,,,,,,,,,,2.0,0.0,4to5,0.340703280063164,0.0265690062084562,0.0045348793975107
data/precomputed/supplementary/figS3/duration_window_metrics.csv,41,3MIDD_207,,,0.0089592526441148,,0.0015932917747479,,,,0.0095490718098602,,,,,,,,,,,,,,,,,,,,,,,,,,,,,,,,,,,,,,,,,,,,,,,,,,,,,,,,,,,,,,,,,,,,,,,,,,,,,,,,,,,,,,,,,,,,,,,,,,,,2.0,0.0,late,0.3407288696464801,0.026294374918716,0.0046761279031068
data/precomputed/supplementary/figS3/duration_window_metrics.csv,41,4MIDD_085_170,,,0.000763210943503,,0.0030799545502151,,,,0.0013757782227979,,,,,,,,,,,,,,,,,,,,,,,,,,,,,,,,,,,,,,,,,,,,,,,,,,,,,,,,,,,,,,,,,,,,,,,,,,,,,,,,,,,,,,,,,,,,,,,,,,,,0.0,0.0,early,0.2202807170907676,0.0034647197157459,0.0139819526234158
data/precomputed/supplementary/figS3/duration_window_metrics.csv,41,4MIDD_085_170,,,-0.000774524748636,,-0.0017146834889639,,,,-0.0011920295588263,,,,,,,,,,,,,,,,,,,,,,,,,,,,,,,,,,,,,,,,,,,,,,,,,,,,,,,,,,,,,,,,,,,,,,,,,,,,,,,,,,,,,,,,,,,,,,,,,,,,0.0,0.0,middle,0.2744694803841503,-0.0028218975295614,-0.0062472646742508
data/precomputed/supplementary/figS3/duration_window_metrics.csv,41,4MIDD_085_170,,,0.0001596395429114,,-4.5281757273310034e-05,,,,0.0001296946574185,,,,,,,,,,,,,,,,,,,,,,,,,,,,,,,,,,,,,,,,,,,,,,,,,,,,,,,,,,,,,,,,,,,,,,,,,,,,,,,,,,,,,,,,,,,,,,,,,,,,0.0,0.0,4to5,0.3161383313323735,0.00050496737374,-0.0001432339984919
data/precomputed/supplementary/figS3/duration_window_metrics.csv,41,4MIDD_085_170,,,0.0004295961749244,,-0.0005734469615101,,,,9.989474144057588e-05,,,,,,,,,,,,,,,,,,,,,,,,,,,,,,,,,,,,,,,,,,,,,,,,,,,,,,,,,,,,,,,,,,,,,,,,,,,,,,,,,,,,,,,,,,,,,,,,,,,,0.0,0.0,late,0.3169252249720357,0.0013555127237422,-0.0018094077603346
data/precomputed/supplementary/figS3/duration_window_metrics.csv,41,4MIDD_085_170,,,-0.0012166591960093,,0.0029384450522789,,,,0.0038068977536748,,,,,,,,,,,,,,,,,,,,,,,,,,,,,,,,,,,,,,,,,,,,,,,,,,,,,,,,,,,,,,,,,,,,,,,,,,,,,,,,,,,,,,,,,,,,,,,,,,,,0.5,0.0,early,0.2390800740138897,-0.0050889192712004,0.0122906313476722
data/precomputed/supplementary/figS3/duration_window_metrics.csv,41,4MIDD_085_170,,,0.0007004889794044,,-0.0014329087854299,,,,-0.0010858018446805,,,,,,,,,,,,,,,,,,,,,,,,,,,,,,,,,,,,,,,,,,,,,,,,,,,,,,,,,,,,,,,,,,,,,,,,,,,,,,,,,,,,,,,,,,,,,,,,,,,,0.5,0.0,middle,0.3054023340769759,0.0022936595475656,-0.0046918724107352
data/precomputed/supplementary/figS3/duration_window_metrics.csv,41,4MIDD_085_170,,,6.66549033125621e-06,,-0.0005331260843298,,,,-0.0001216101342753,,,,,,,,,,,,,,,,,,,,,,,,,,,,,,,,,,,,,,,,,,,,,,,,,,,,,,,,,,,,,,,,,,,,,,,,,,,,,,,,,,,,,,,,,,,,,,,,,,,,0.5,0.0,4to5,0.3166556595070736,2.1049648509779163e-05,-0.0016836145772974
data/precomputed/supplementary/figS3/duration_window_metrics.csv,41,4MIDD_085_170,,,0.0003348392113033,,-0.0004549262097606,,,,0.0001405098089229,,,,,,,,,,,,,,,,,,,,,,,,,,,,,,,,,,,,,,,,,,,,,,,,,,,,,,,,,,,,,,,,,,,,,,,,,,,,,,,,,,,,,,,,,,,,,,,,,,,,0.5,0.0,late,0.3168333492338785,0.0010568307033114,-0.0014358532990944
data/precomputed/supplementary/figS3/duration_window_metrics.csv,41,4MIDD_085_170,,,-0.0010138990365644,,0.0007986735994559,,,,0.0040517098934133,,,,,,,,,,,,,,,,,,,,,,,,,,,,,,,,,,,,,,,,,,,,,,,,,,,,,,,,,,,,,,,,,,,,,,,,,,,,,,,,,,,,,,,,,,,,,,,,,,,,1.0,0.0,early,0.2467563850640644,-0.0041089069946504,0.0032366886848684
data/precomputed/supplementary/figS3/duration_window_metrics.csv,41,4MIDD_085_170,,,0.0006739952796051,,-0.0005577065096838,,,,-0.0019136356066315,,,,,,,,,,,,,,,,,,,,,,,,,,,,,,,,,,,,,,,,,,,,,,,,,,,,,,,,,,,,,,,,,,,,,,,,,,,,,,,,,,,,,,,,,,,,,,,,,,,,1.0,0.0,middle,0.3109493272531178,0.0021675405621845,-0.0017935607534852
data/precomputed/supplementary/figS3/duration_window_metrics.csv,41,4MIDD_085_170,,,-1.238529128847064e-05,,-0.0004503617888879,,,,4.654844948233694e-05,,,,,,,,,,,,,,,,,,,,,,,,,,,,,,,,,,,,,,,,,,,,,,,,,,,,,,,,,,,,,,,,,,,,,,,,,,,,,,,,,,,,,,,,,,,,,,,,,,,,1.0,0.0,4to5,0.3165213751423316,-3.912939934278147e-05,-0.0014228479472688
data/precomputed/supplementary/figS3/duration_window_metrics.csv,41,4MIDD_085_170,,,0.0003341572096554,,-0.0004900988888553,,,,0.0001844493340364,,,,,,,,,,,,,,,,,,,,,,,,,,,,,,,,,,,,,,,,,,,,,,,,,,,,,,,,,,,,,,,,,,,,,,,,,,,,,,,,,,,,,,,,,,,,,,,,,,,,1.0,0.0,late,0.3169199072535731,0.0010543900903898,-0.0015464439993768
data/precomputed/supplementary/figS3/duration_window_metrics.csv,41,4MIDD_085_170,,,-0.0017120196509421,,0.0021841098660171,,,,0.0042996125241248,,,,,,,,,,,,,,,,,,,,,,,,,,,,,,,,,,,,,,,,,,,,,,,,,,,,,,,,,,,,,,,,,,,,,,,,,,,,,,,,,,,,,,,,,,,,,,,,,,,,1.0,1.0,early,0.253196588993,-0.006761622096692,0.0086261425349515
data/precomputed/supplementary/figS3/duration_window_metrics.csv,41,4MIDD_085_170,,,-0.0012404152705113,,0.0001103099661746,,,,-0.0004504103301875,,,,,,,,,,,,,,,,,,,,,,,,,,,,,,,,,,,,,,,,,,,,,,,,,,,,,,,,,,,,,,,,,,,,,,,,,,,,,,,,,,,,,,,,,,,,,,,,,,,,1.0,1.0,middle,0.3130858363363243,-0.0039619015827303,0.000352331384471
data/precomputed/supplementary/figS3/duration_window_metrics.csv,41,4MIDD_085_170,,,-0.0026560815760467,,-0.0014178458862556,,,,-0.0013855291203186,,,,,,,,,,,,,,,,,,,,,,,,,,,,,,,,,,,,,,,,,,,,,,,,,,,,,,,,,,,,,,,,,,,,,,,,,,,,,,,,,,,,,,,,,,,,,,,,,,,,1.0,1.0,4to5,0.3229291970553415,-0.0082249657208653,-0.0043905781799367
data/precomputed/supplementary/figS3/duration_window_metrics.csv,41,4MIDD_085_170,,,-0.0009176573704308,,-0.0019076701150832,,,,-0.0023162993760418,,,,,,,,,,,,,,,,,,,,,,,,,,,,,,,,,,,,,,,,,,,,,,,,,,,,,,,,,,,,,,,,,,,,,,,,,,,,,,,,,,,,,,,,,,,,,,,,,,,,1.0,1.0,late,0.3197227859074668,-0.0028701656900252,-0.0059666379725447
data/precomputed/supplementary/figS3/duration_window_metrics.csv,41,4MIDD_085_170,,,-0.003372241420573,,0.0003814937844043,,,,0.0034833730930464,,,,,,,,,,,,,,,,,,,,,,,,,,,,,,,,,,,,,,,,,,,,,,,,,,,,,,,,,,,,,,,,,,,,,,,,,,,,,,,,,,,,,,,,,,,,,,,,,,,,1.0,2.0,early,0.2797601492285886,-0.0120540449734234,0.0013636459140312
data/precomputed/supplementary/figS3/duration_window_metrics.csv,41,4MIDD_085_170,,,-0.0032140209845666,,0.0008090633972904,,,,0.0018265094335555,,,,,,,,,,,,,,,,,,,,,,,,,,,,,,,,,,,,,,,,,,,,,,,,,,,,,,,,,,,,,,,,,,,,,,,,,,,,,,,,,,,,,,,,,,,,,,,,,,,,1.0,2.0,middle,0.316098077979196,-0.0101677966696721,0.002559532795842
data/precomputed/supplementary/figS3/duration_window_metrics.csv,41,4MIDD_085_170,,,-0.0050484652012944,,-0.0030045604147506,,,,-0.0016296623981904,,,,,,,,,,,,,,,,,,,,,,,,,,,,,,,,,,,,,,,,,,,,,,,,,,,,,,,,,,,,,,,,,,,,,,,,,,,,,,,,,,,,,,,,,,,,,,,,,,,,1.0,2.0,4to5,0.3346610353509411,-0.0150853092174306,-0.0089779212318514
data/precomputed/supplementary/figS3/duration_window_metrics.csv,41,4MIDD_085_170,,,-0.0028212547066388,,-0.0044482309502828,,,,-0.0034349224405288,,,,,,,,,,,,,,,,,,,,,,,,,,,,,,,,,,,,,,,,,,,,,,,,,,,,,,,,,,,,,,,,,,,,,,,,,,,,,,,,,,,,,,,,,,,,,,,,,,,,1.0,2.0,late,0.3275806572956785,-0.0086123971113848,-0.0135790403102703
data/precomputed/supplementary/figS3/duration_window_metrics.csv,41,4MIDD_085_170,,,-0.0014834938936167,,0.0010664196169878,,,,0.001328600770901,,,,,,,,,,,,,,,,,,,,,,,,,,,,,,,,,,,,,,,,,,,,,,,,,,,,,,,,,,,,,,,,,,,,,,,,,,,,,,,,,,,,,,,,,,,,,,,,,,,,2.0,0.0,early,0.2648842938026722,-0.0056005355105045,0.0040259828232106
data/precomputed/supplementary/figS3/duration_window_metrics.csv,41,4MIDD_085_170,,,0.0007314598275245,,-0.0005648519291028,,,,-0.0012788170775707,,,,,,,,,,,,,,,,,,,,,,,,,,,,,,,,,,,,,,,,,,,,,,,,,,,,,,,,,,,,,,,,,,,,,,,,,,,,,,,,,,,,,,,,,,,,,,,,,,,,2.0,0.0,middle,0.3091235807959583,0.0023662375598817,-0.0018272689765315
data/precomputed/supplementary/figS3/duration_window_metrics.csv,41,4MIDD_085_170,,,0.0003873963211003,,-0.0004771378531328,,,,0.000124301979506,,,,,,,,,,,,,,,,,,,,,,,,,,,,,,,,,,,,,,,,,,,,,,,,,,,,,,,,,,,,,,,,,,,,,,,,,,,,,,,,,,,,,,,,,,,,,,,,,,,,2.0,0.0,4to5,0.3166964332255548,0.00122324181916,-0.0015066094943768
data/precomputed/supplementary/figS3/duration_window_metrics.csv,41,4MIDD_085_170,,,0.0004297899966397,,-0.0005068773703705,,,,6.301281375106601e-05,,,,,,,,,,,,,,,,,,,,,,,,,,,,,,,,,,,,,,,,,,,,,,,,,,,,,,,,,,,,,,,,,,,,,,,,,,,,,,,,,,,,,,,,,,,,,,,,,,,,2.0,0.0,late,0.3168945007918468,0.0013562557746058,-0.0015995145674788
data/precomputed/supplementary/figS3/duration_window_metrics.csv,42,3MIDD_048,,,-0.0025797709004851,,-0.0053513071508872,,,,-0.0021513210694308,,,,,,,,,,,,,,,,,,,,,,,,,,,,,,,,,,,,,,,,,,,,,,,,,,,,,,,,,,,,,,,,,,,,,,,,,,,,,,,,,,,,,,,,,,,,,,,,,,,,0.0,0.0,early,0.1147479841024005,-0.0224820585796343,-0.0466353042517223
data/precomputed/supplementary/figS3/duration_window_metrics.csv,42,3MIDD_048,,,-0.0015212611907712,,-0.0059469967826778,,,,0.0029734983812814,,,,,,,,,,,,,,,,,,,,,,,,,,,,,,,,,,,,,,,,,,,,,,,,,,,,,,,,,,,,,,,,,,,,,,,,,,,,,,,,,,,,,,,,,,,,,,,,,,,,0.0,0.0,middle,0.169456360027721,-0.0089773035991234,-0.0350945622914652
data/precomputed/supplementary/figS3/duration_window_metrics.csv,42,3MIDD_048,,,-0.0017180938703413,,-0.0042644336155094,,,,0.0044461289448961,,,,,,,,,,,,,,,,,,,,,,,,,,,,,,,,,,,,,,,,,,,,,,,,,,,,,,,,,,,,,,,,,,,,,,,,,,,,,,,,,,,,,,,,,,,,,,,,,,,,0.0,0.0,4to5,0.1826577648500953,-0.0094060817603424,-0.0233465772397312
data/precomputed/supplementary/figS3/duration_window_metrics.csv,42,3MIDD_048,,,-0.0017204178450306,,-0.0042560231141178,,,,0.0044464065275743,,,,,,,,,,,,,,,,,,,,,,,,,,,,,,,,,,,,,,,,,,,,,,,,,,,,,,,,,,,,,,,,,,,,,,,,,,,,,,,,,,,,,,,,,,,,,,,,,,,,0.0,0.0,late,0.1826661308076556,-0.0094183734960818,-0.023299464959924
data/precomputed/supplementary/figS3/duration_window_metrics.csv,42,3MIDD_048,,,-0.001553769974453,,-0.0054191188418104,,,,0.0018354671556844,,,,,,,,,,,,,,,,,,,,,,,,,,,,,,,,,,,,,,,,,,,,,,,,,,,,,,,,,,,,,,,,,,,,,,,,,,,,,,,,,,,,,,,,,,,,,,,,,,,,0.5,0.0,early,0.1508859617823048,-0.0102976443673053,-0.0359153282240335
data/precomputed/supplementary/figS3/duration_window_metrics.csv,42,3MIDD_048,,,-0.0013951412935932,,-0.0048526415586146,,,,0.0040834776170744,,,,,,,,,,,,,,,,,,,,,,,,,,,,,,,,,,,,,,,,,,,,,,,,,,,,,,,,,,,,,,,,,,,,,,,,,,,,,,,,,,,,,,,,,,,,,,,,,,,,0.5,0.0,middle,0.1788830767467565,-0.0077991798831161,-0.0271274490961738
data/precomputed/supplementary/figS3/duration_window_metrics.csv,42,3MIDD_048,,,-0.0017199195186009,,-0.0042594165061167,,,,0.004446377690152,,,,,,,,,,,,,,,,,,,,,,,,,,,,,,,,,,,,,,,,,,,,,,,,,,,,,,,,,,,,,,,,,,,,,,,,,,,,,,,,,,,,,,,,,,,,,,,,,,,,0.5,0.0,4to5,0.1826632530635682,-0.0094157937612248,-0.0233184093389297
data/precomputed/supplementary/figS3/duration_window_metrics.csv,42,3MIDD_048,,,-0.0017204022285411,,-0.0042560519980478,,,,0.00444641212854,,,,,,,,,,,,,,,,,,,,,,,,,,,,,,,,,,,,,,,,,,,,,,,,,,,,,,,,,,,,,,,,,,,,,,,,,,,,,,,,,,,,,,,,,,,,,,,,,,,,0.5,0.0,late,0.1826661491839835,-0.0094182870566143,-0.0232996207401353
data/precomputed/supplementary/figS3/duration_window_metrics.csv,42,3MIDD_048,,,-0.0011967937964302,,-0.0052317620920955,,,,0.0031623155965309,,,,,,,,,,,,,,,,,,,,,,,,,,,,,,,,,,,,,,,,,,,,,,,,,,,,,,,,,,,,,,,,,,,,,,,,,,,,,,,,,,,,,,,,,,,,,,,,,,,,1.0,0.0,early,0.1672300705124316,-0.0071565705423849,-0.0312848166365307
data/precomputed/supplementary/figS3/duration_window_metrics.csv,42,3MIDD_048,,,-0.0015201868720843,,-0.0045884578419917,,,,0.0042940136730773,,,,,,,,,,,,,,,,,,,,,,,,,,,,,,,,,,,,,,,,,,,,,,,,,,,,,,,,,,,,,,,,,,,,,,,,,,,,,,,,,,,,,,,,,,,,,,,,,,,,1.0,0.0,middle,0.1810009397654048,-0.0083987788906218,-0.0253504641906215
data/precomputed/supplementary/figS3/duration_window_metrics.csv,42,3MIDD_048,,,-0.0017204092628204,,-0.0042578748471694,,,,0.0044463838989268,,,,,,,,,,,,,,,,,,,,,,,,,,,,,,,,,,,,,,,,,,,,,,,,,,,,,,,,,,,,,,,,,,,,,,,,,,,,,,,,,,,,,,,,,,,,,,,,,,,,1.0,0.0,4to5,0.1826646119496713,-0.0094184048265157,-0.023309796033961
data/precomputed/supplementary/figS3/duration_window_metrics.csv,42,3MIDD_048,,,-0.0017204166953234,,-0.0042560335117361,,,,0.0044464018379996,,,,,,,,,,,,,,,,,,,,,,,,,,,,,,,,,,,,,,,,,,,,,,,,,,,,,,,,,,,,,,,,,,,,,,,,,,,,,,,,,,,,,,,,,,,,,,,,,,,,1.0,0.0,late,0.1826661437250485,-0.0094183665360182,-0.0232995202337131
data/precomputed/supplementary/figS3/duration_window_metrics.csv,42,3MIDD_048,,,-0.0055505735947739,,-0.0022442358147456,,,,0.0041876308824412,,,,,,,,,,,,,,,,,,,,,,,,,,,,,,,,,,,,,,,,,,,,,,,,,,,,,,,,,,,,,,,,,,,,,,,,,,,,,,,,,,,,,,,,,,,,,,,,,,,,1.0,1.0,early,0.2153466486399289,-0.0257750637394632,-0.0104215033246147
data/precomputed/supplementary/figS3/duration_window_metrics.csv,42,3MIDD_048,,,-0.0042152114363385,,-0.0040083064807833,,,,0.0044855674369678,,,,,,,,,,,,,,,,,,,,,,,,,,,,,,,,,,,,,,,,,,,,,,,,,,,,,,,,,,,,,,,,,,,,,,,,,,,,,,,,,,,,,,,,,,,,,,,,,,,,1.0,1.0,middle,0.2298379275872052,-0.0183399297086823,-0.0174397085931889
data/precomputed/supplementary/figS3/duration_window_metrics.csv,42,3MIDD_048,,,-0.0046033600426532,,-0.0023757848292715,,,,0.0056186675076475,,,,,,,,,,,,,,,,,,,,,,,,,,,,,,,,,,,,,,,,,,,,,,,,,,,,,,,,,,,,,,,,,,,,,,,,,,,,,,,,,,,,,,,,,,,,,,,,,,,,1.0,1.0,4to5,0.2337100580819151,-0.0196968845946704,-0.0101655223945853
data/precomputed/supplementary/figS3/duration_window_metrics.csv,42,3MIDD_048,,,-0.0044466153829857,,-0.0023461604803198,,,,0.0055159430966692,,,,,,,,,,,,,,,,,,,,,,,,,,,,,,,,,,,,,,,,,,,,,,,,,,,,,,,,,,,,,,,,,,,,,,,,,,,,,,,,,,,,,,,,,,,,,,,,,,,,1.0,1.0,late,0.2237144097414848,-0.0198763029530556,-0.0104873015691344
data/precomputed/supplementary/figS3/duration_window_metrics.csv,42,3MIDD_048,,,-0.0086847694357247,,0.0050534414444254,,,,0.0094345201743393,,,,,,,,,,,,,,,,,,,,,,,,,,,,,,,,,,,,,,,,,,,,,,,,,,,,,,,,,,,,,,,,,,,,,,,,,,,,,,,,,,,,,,,,,,,,,,,,,,,,1.0,2.0,early,0.3573731224790245,-0.0243016860794687,0.0141405190445514
data/precomputed/supplementary/figS3/duration_window_metrics.csv,42,3MIDD_048,,,-0.0040274129668259,,-0.0012195445966412,,,,0.006502257596725,,,,,,,,,,,,,,,,,,,,,,,,,,,,,,,,,,,,,,,,,,,,,,,,,,,,,,,,,,,,,,,,,,,,,,,,,,,,,,,,,,,,,,,,,,,,,,,,,,,,1.0,2.0,middle,0.37290000393456,-0.0108002491937025,-0.0032704333166359
data/precomputed/supplementary/figS3/duration_window_metrics.csv,42,3MIDD_048,,,-0.0052210569404101,,0.0042842280352624,,,,0.0100758303790986,,,,,,,,,,,,,,,,,,,,,,,,,,,,,,,,,,,,,,,,,,,,,,,,,,,,,,,,,,,,,,,,,,,,,,,,,,,,,,,,,,,,,,,,,,,,,,,,,,,,1.0,2.0,4to5,0.384406498079521,-0.0135821245647364,0.0111450458217181
data/precomputed/supplementary/figS3/duration_window_metrics.csv,42,3MIDD_048,,,-0.006845183394835,,0.0026710366907278,,,,0.0093247482620663,,,,,,,,,,,,,,,,,,,,,,,,,,,,,,,,,,,,,,,,,,,,,,,,,,,,,,,,,,,,,,,,,,,,,,,,,,,,,,,,,,,,,,,,,,,,,,,,,,,,1.0,2.0,late,0.3461969508684194,-0.0197725120849973,0.0077153674636002
data/precomputed/supplementary/figS3/duration_window_metrics.csv,42,3MIDD_048,,,-0.0012763933386086,,-0.0047559618132799,,,,0.0039372228510948,,,,,,,,,,,,,,,,,,,,,,,,,,,,,,,,,,,,,,,,,,,,,,,,,,,,,,,,,,,,,,,,,,,,,,,,,,,,,,,,,,,,,,,,,,,,,,,,,,,,2.0,0.0,early,0.1768170772565973,-0.0072187220737529,-0.0268976384355572
data/precomputed/supplementary/figS3/duration_window_metrics.csv,42,3MIDD_048,,,-0.0016180990065659,,-0.0043897503905535,,,,0.0043824898287587,,,,,,,,,,,,,,,,,,,,,,,,,,,,,,,,,,,,,,,,,,,,,,,,,,,,,,,,,,,,,,,,,,,,,,,,,,,,,,,,,,,,,,,,,,,,,,,,,,,,2.0,0.0,middle,0.1820583362588701,-0.0088878050838887,-0.0241117791184892
data/precomputed/supplementary/figS3/duration_window_metrics.csv,42,3MIDD_048,,,-0.0017203932949962,,-0.0042564909136503,,,,0.0044463857035077,,,,,,,,,,,,,,,,,,,,,,,,,,,,,,,,,,,,,,,,,,,,,,,,,,,,,,,,,,,,,,,,,,,,,,,,,,,,,,,,,,,,,,,,,,,,,,,,,,,,2.0,0.0,4to5,0.182665732047438,-0.0094182596577528,-0.0233020767822226
data/precomputed/supplementary/figS3/duration_window_metrics.csv,42,3MIDD_048,,,-0.0017204051178612,,-0.0042560187907227,,,,0.0044464222547061,,,,,,,,,,,,,,,,,,,,,,,,,,,,,,,,,,,,,,,,,,,,,,,,,,,,,,,,,,,,,,,,,,,,,,,,,,,,,,,,,,,,,,,,,,,,,,,,,,,,2.0,0.0,late,0.1826661796492905,-0.0094183013033083,-0.0232994350617836
data/precomputed/supplementary/figS3/duration_window_metrics.csv,42,3MIDD_207,,,-0.0012051909937267,,-0.0039427622097735,,,,-0.003678855301718,,,,,,,,,,,,,,,,,,,,,,,,,,,,,,,,,,,,,,,,,,,,,,,,,,,,,,,,,,,,,,,,,,,,,,,,,,,,,,,,,,,,,,,,,,,,,,,,,,,,0.0,0.0,early,0.0969995846522006,-0.0124247026216459,-0.0406472071391916
data/precomputed/supplementary/figS3/duration_window_metrics.csv,42,3MIDD_207,,,-0.0006744856903971,,-0.0039194668484645,,,,-0.0008387748257837,,,,,,,,,,,,,,,,,,,,,,,,,,,,,,,,,,,,,,,,,,,,,,,,,,,,,,,,,,,,,,,,,,,,,,,,,,,,,,,,,,,,,,,,,,,,,,,,,,,,0.0,0.0,middle,0.1209355704953979,-0.0055772316418917,-0.0324095452843937
data/precomputed/supplementary/figS3/duration_window_metrics.csv,42,3MIDD_207,,,-0.0006454070131371,,-0.0028522753361952,,,,-0.0002036608080679,,,,,,,,,,,,,,,,,,,,,,,,,,,,,,,,,,,,,,,,,,,,,,,,,,,,,,,,,,,,,,,,,,,,,,,,,,,,,,,,,,,,,,,,,,,,,,,,,,,,0.0,0.0,4to5,0.1285560440973216,-0.005020433054463,-0.0221870185585049
data/precomputed/supplementary/figS3/duration_window_metrics.csv,42,3MIDD_207,,,-0.0006434109411274,,-0.0028436498590615,,,,-0.0002025742289629,,,,,,,,,,,,,,,,,,,,,,,,,,,,,,,,,,,,,,,,,,,,,,,,,,,,,,,,,,,,,,,,,,,,,,,,,,,,,,,,,,,,,,,,,,,,,,,,,,,,0.0,0.0,late,0.1285807763142676,-0.0050039435098362,-0.0221156687692667
data/precomputed/supplementary/figS3/duration_window_metrics.csv,42,3MIDD_207,,,-0.0009128983373033,,-0.0041149571769254,,,,-0.001900151213645,,,,,,,,,,,,,,,,,,,,,,,,,,,,,,,,,,,,,,,,,,,,,,,,,,,,,,,,,,,,,,,,,,,,,,,,,,,,,,,,,,,,,,,,,,,,,,,,,,,,0.5,0.0,early,0.1121859236092542,-0.0081373697156782,-0.0366797994306122
data/precomputed/supplementary/figS3/duration_window_metrics.csv,42,3MIDD_207,,,-0.0005088867586768,,-0.0034357319333492,,,,-0.0002761721849291,,,,,,,,,,,,,,,,,,,,,,,,,,,,,,,,,,,,,,,,,,,,,,,,,,,,,,,,,,,,,,,,,,,,,,,,,,,,,,,,,,,,,,,,,,,,,,,,,,,,0.5,0.0,middle,0.1258954776814334,-0.0040421369222216,-0.0272903522558848
data/precomputed/supplementary/figS3/duration_window_metrics.csv,42,3MIDD_207,,,-0.0006449894333343,,-0.0028458404936387,,,,-0.0002033198034542,,,,,,,,,,,,,,,,,,,,,,,,,,,,,,,,,,,,,,,,,,,,,,,,,,,,,,,,,,,,,,,,,,,,,,,,,,,,,,,,,,,,,,,,,,,,,,,,,,,,0.5,0.0,4to5,0.1285705470271942,-0.0050166188777119,-0.0221344667145022
data/precomputed/supplementary/figS3/duration_window_metrics.csv,42,3MIDD_207,,,-0.0006434119740713,,-0.0028436497696881,,,,-0.0002025771196211,,,,,,,,,,,,,,,,,,,,,,,,,,,,,,,,,,,,,,,,,,,,,,,,,,,,,,,,,,,,,,,,,,,,,,,,,,,,,,,,,,,,,,,,,,,,,,,,,,,,0.5,0.0,late,0.1285807728262076,-0.0050039516790044,-0.0221156686741309
data/precomputed/supplementary/figS3/duration_window_metrics.csv,42,3MIDD_207,,,-0.0006510148205043,,-0.003465344574946,,,,-0.0005337738063765,,,,,,,,,,,,,,,,,,,,,,,,,,,,,,,,,,,,,,,,,,,,,,,,,,,,,,,,,,,,,,,,,,,,,,,,,,,,,,,,,,,,,,,,,,,,,,,,,,,,1.0,0.0,early,0.1218474418060059,-0.0053428681870958,-0.0284400273291187
data/precomputed/supplementary/figS3/duration_window_metrics.csv,42,3MIDD_207,,,-0.0006262921802261,,-0.0030186396600743,,,,-0.0002083556584829,,,,,,,,,,,,,,,,,,,,,,,,,,,,,,,,,,,,,,,,,,,,,,,,,,,,,,,,,,,,,,,,,,,,,,,,,,,,,,,,,,,,,,,,,,,,,,,,,,,,1.0,0.0,middle,0.1276477735990539,-0.0049064089609062,-0.0236481967132152
data/precomputed/supplementary/figS3/duration_window_metrics.csv,42,3MIDD_207,,,-0.0006440171346779,,-0.0028438534434395,,,,-0.0002028597237064,,,,,,,,,,,,,,,,,,,,,,,,,,,,,,,,,,,,,,,,,,,,,,,,,,,,,,,,,,,,,,,,,,,,,,,,,,,,,,,,,,,,,,,,,,,,,,,,,,,,1.0,0.0,4to5,0.1285777265892125,-0.0050087768057639,-0.0221177766855785
data/precomputed/supplementary/figS3/duration_window_metrics.csv,42,3MIDD_207,,,-0.0006434002137005,,-0.0028436607977118,,,,-0.0002025461869315,,,,,,,,,,,,,,,,,,,,,,,,,,,,,,,,,,,,,,,,,,,,,,,,,,,,,,,,,,,,,,,,,,,,,,,,,,,,,,,,,,,,,,,,,,,,,,,,,,,,1.0,0.0,late,0.1285808264134066,-0.0050038581306975,-0.0221157452244788
data/precomputed/supplementary/figS3/duration_window_metrics.csv,42,3MIDD_207,,,-0.0013935261085399,,-0.0025221764997229,,,,0.002793758022305,,,,,,,,,,,,,,,,,,,,,,,,,,,,,,,,,,,,,,,,,,,,,,,,,,,,,,,,,,,,,,,,,,,,,,,,,,,,,,,,,,,,,,,,,,,,,,,,,,,,1.0,1.0,early,0.156487767402121,-0.0089050162301761,-0.0161174035619142
data/precomputed/supplementary/figS3/duration_window_metrics.csv,42,3MIDD_207,,,-0.0010237246008084,,-0.00290717676375,,,,0.0022409515591726,,,,,,,,,,,,,,,,,,,,,,,,,,,,,,,,,,,,,,,,,,,,,,,,,,,,,,,,,,,,,,,,,,,,,,,,,,,,,,,,,,,,,,,,,,,,,,,,,,,,1.0,1.0,middle,0.1614852657502677,-0.0063394303873617,-0.0180027369694885
data/precomputed/supplementary/figS3/duration_window_metrics.csv,42,3MIDD_207,,,-0.0011961617145843,,-0.0016453635620861,,,,0.0029593296306966,,,,,,,,,,,,,,,,,,,,,,,,,,,,,,,,,,,,,,,,,,,,,,,,,,,,,,,,,,,,,,,,,,,,,,,,,,,,,,,,,,,,,,,,,,,,,,,,,,,,1.0,1.0,4to5,0.1635239116747064,-0.0073149039937585,-0.0100619141582134
data/precomputed/supplementary/figS3/duration_window_metrics.csv,42,3MIDD_207,,,-0.0012643152533197,,-0.0022740814463022,,,,0.0032330718833666,,,,,,,,,,,,,,,,,,,,,,,,,,,,,,,,,,,,,,,,,,,,,,,,,,,,,,,,,,,,,,,,,,,,,,,,,,,,,,,,,,,,,,,,,,,,,,,,,,,,1.0,1.0,late,0.1563101319084081,-0.0080885048069733,-0.0145485223416918
data/precomputed/supplementary/figS3/duration_window_metrics.csv,42,3MIDD_207,,,-0.0040665876203973,,0.0029585118277981,,,,-0.0021675724668202,,,,,,,,,,,,,,,,,,,,,,,,,,,,,,,,,,,,,,,,,,,,,,,,,,,,,,,,,,,,,,,,,,,,,,,,,,,,,,,,,,,,,,,,,,,,,,,,,,,,1.0,2.0,early,0.2645453326614173,-0.0153719877779967,0.0111833831957438
data/precomputed/supplementary/figS3/duration_window_metrics.csv,42,3MIDD_207,,,-0.0034704514522637,,0.0036799178352508,,,,-0.000992239894076,,,,,,,,,,,,,,,,,,,,,,,,,,,,,,,,,,,,,,,,,,,,,,,,,,,,,,,,,,,,,,,,,,,,,,,,,,,,,,,,,,,,,,,,,,,,,,,,,,,,1.0,2.0,middle,0.2661631927380142,-0.0130388105754342,0.0138257953603413
data/precomputed/supplementary/figS3/duration_window_metrics.csv,42,3MIDD_207,,,-0.0043919630699531,,0.0074840408305434,,,,0.0004733179522788,,,,,,,,,,,,,,,,,,,,,,,,,,,,,,,,,,,,,,,,,,,,,,,,,,,,,,,,,,,,,,,,,,,,,,,,,,,,,,,,,,,,,,,,,,,,,,,,,,,,1.0,2.0,4to5,0.2779252258051617,-0.0158026787860995,0.0269282531258608
data/precomputed/supplementary/figS3/duration_window_metrics.csv,42,3MIDD_207,,,-0.0034318513421638,,0.003761272959282,,,,0.0028561730621077,,,,,,,,,,,,,,,,,,,,,,,,,,,,,,,,,,,,,,,,,,,,,,,,,,,,,,,,,,,,,,,,,,,,,,,,,,,,,,,,,,,,,,,,,,,,,,,,,,,,1.0,2.0,late,0.2460421263475317,-0.0139482266435803,0.0152871096308494
data/precomputed/supplementary/figS3/duration_window_metrics.csv,42,3MIDD_207,,,-0.0010279535877125,,-0.0024510807865855,,,,-0.00021320333388,,,,,,,,,,,,,,,,,,,,,,,,,,,,,,,,,,,,,,,,,,,,,,,,,,,,,,,,,,,,,,,,,,,,,,,,,,,,,,,,,,,,,,,,,,,,,,,,,,,,2.0,0.0,early,0.1272993317036511,-0.008075090214186,-0.0192544670406566
data/precomputed/supplementary/figS3/duration_window_metrics.csv,42,3MIDD_207,,,-0.0008438431715107,,-0.0025545441080189,,,,-0.0001857441179659,,,,,,,,,,,,,,,,,,,,,,,,,,,,,,,,,,,,,,,,,,,,,,,,,,,,,,,,,,,,,,,,,,,,,,,,,,,,,,,,,,,,,,,,,,,,,,,,,,,,2.0,0.0,middle,0.1286955871378915,-0.00655689282187,-0.0198495081675326
data/precomputed/supplementary/figS3/duration_window_metrics.csv,42,3MIDD_207,,,-0.0006494306598693,,-0.0028371981085322,,,,-0.0002024480462844,,,,,,,,,,,,,,,,,,,,,,,,,,,,,,,,,,,,,,,,,,,,,,,,,,,,,,,,,,,,,,,,,,,,,,,,,,,,,,,,,,,,,,,,,,,,,,,,,,,,2.0,0.0,4to5,0.1285971735242844,-0.0050501161267493,-0.0220626786015363
data/precomputed/supplementary/figS3/duration_window_metrics.csv,42,3MIDD_207,,,-0.0006433576130905,,-0.0028437208801423,,,,-0.0002025183836546,,,,,,,,,,,,,,,,,,,,,,,,,,,,,,,,,,,,,,,,,,,,,,,,,,,,,,,,,,,,,,,,,,,,,,,,,,,,,,,,,,,,,,,,,,,,,,,,,,,,2.0,0.0,late,0.1285807347828707,-0.0050035303825023,-0.0221162282588009
data/precomputed/supplementary/figS3/duration_window_metrics.csv,42,4MIDD_085_170,,,0.002046438119448,,-0.002258654543831,,,,-0.0049330718868616,,,,,,,,,,,,,,,,,,,,,,,,,,,,,,,,,,,,,,,,,,,,,,,,,,,,,,,,,,,,,,,,,,,,,,,,,,,,,,,,,,,,,,,,,,,,,,,,,,,,0.0,0.0,early,0.0985630511466619,0.0207627310197908,-0.0229158342558831
data/precomputed/supplementary/figS3/duration_window_metrics.csv,42,4MIDD_085_170,,,0.0039883054342463,,-0.0004908258810458,,,,-0.0093849949202954,,,,,,,,,,,,,,,,,,,,,,,,,,,,,,,,,,,,,,,,,,,,,,,,,,,,,,,,,,,,,,,,,,,,,,,,,,,,,,,,,,,,,,,,,,,,,,,,,,,,0.0,0.0,middle,0.1259147694878682,0.0316746434947064,-0.003898080289089
data/precomputed/supplementary/figS3/duration_window_metrics.csv,42,4MIDD_085_170,,,0.0041713968720242,,0.0002733508524172,,,,-0.0100340964820119,,,,,,,,,,,,,,,,,,,,,,,,,,,,,,,,,,,,,,,,,,,,,,,,,,,,,,,,,,,,,,,,,,,,,,,,,,,,,,,,,,,,,,,,,,,,,,,,,,,,0.0,0.0,4to5,0.1339914362984987,0.0311318169821798,0.0020400621111958
data/precomputed/supplementary/figS3/duration_window_metrics.csv,42,4MIDD_085_170,,,0.0041730489073007,,0.0002784897656313,,,,-0.0100294315848785,,,,,,,,,,,,,,,,,,,,,,,,,,,,,,,,,,,,,,,,,,,,,,,,,,,,,,,,,,,,,,,,,,,,,,,,,,,,,,,,,,,,,,,,,,,,,,,,,,,,0.0,0.0,late,0.1340031421070681,0.0311414258030342,0.0020782331014955
data/precomputed/supplementary/figS3/duration_window_metrics.csv,42,4MIDD_085_170,,,0.0038394630598047,,-0.0010990815423488,,,,-0.0078389527451652,,,,,,,,,,,,,,,,,,,,,,,,,,,,,,,,,,,,,,,,,,,,,,,,,,,,,,,,,,,,,,,,,,,,,,,,,,,,,,,,,,,,,,,,,,,,,,,,,,,,0.5,0.0,early,0.1158641039179367,0.0331376408220796,-0.0094859538475116
data/precomputed/supplementary/figS3/duration_window_metrics.csv,42,4MIDD_085_170,,,0.0041684623916014,,1.8027942855104303e-05,,,,-0.009821025102607,,,,,,,,,,,,,,,,,,,,,,,,,,,,,,,,,,,,,,,,,,,,,,,,,,,,,,,,,,,,,,,,,,,,,,,,,,,,,,,,,,,,,,,,,,,,,,,,,,,,0.5,0.0,middle,0.1313240703949003,0.0317418001061539,0.0001372782826552
data/precomputed/supplementary/figS3/duration_window_metrics.csv,42,4MIDD_085_170,,,0.0041722239091037,,0.0002763844976497,,,,-0.0100303280072,,,,,,,,,,,,,,,,,,,,,,,,,,,,,,,,,,,,,,,,,,,,,,,,,,,,,,,,,,,,,,,,,,,,,,,,,,,,,,,,,,,,,,,,,,,,,,,,,,,,0.5,0.0,4to5,0.1339986376662838,0.0311363158743032,0.0020625918476727
data/precomputed/supplementary/figS3/duration_window_metrics.csv,42,4MIDD_085_170,,,0.0041730505030071,,0.0002784944757813,,,,-0.010029411391119,,,,,,,,,,,,,,,,,,,,,,,,,,,,,,,,,,,,,,,,,,,,,,,,,,,,,,,,,,,,,,,,,,,,,,,,,,,,,,,,,,,,,,,,,,,,,,,,,,,,0.5,0.0,late,0.1340031346993775,0.0311414394325099,0.0020782683659316
data/precomputed/supplementary/figS3/duration_window_metrics.csv,42,4MIDD_085_170,,,0.0042064153023302,,-0.0003640228983501,,,,-0.0092830559664748,,,,,,,,,,,,,,,,,,,,,,,,,,,,,,,,,,,,,,,,,,,,,,,,,,,,,,,,,,,,,,,,,,,,,,,,,,,,,,,,,,,,,,,,,,,,,,,,,,,,1.0,0.0,early,0.1251268410775777,0.0336172100734348,-0.0029092311067332
data/precomputed/supplementary/figS3/duration_window_metrics.csv,42,4MIDD_085_170,,,0.0041984064620527,,0.0001678155089495,,,,-0.0099487091492985,,,,,,,,,,,,,,,,,,,,,,,,,,,,,,,,,,,,,,,,,,,,,,,,,,,,,,,,,,,,,,,,,,,,,,,,,,,,,,,,,,,,,,,,,,,,,,,,,,,,1.0,0.0,middle,0.1328722283722407,0.0315973210766884,0.0012629840788058
data/precomputed/supplementary/figS3/duration_window_metrics.csv,42,4MIDD_085_170,,,0.0041724047776253,,0.0002771942380483,,,,-0.0100284477807865,,,,,,,,,,,,,,,,,,,,,,,,,,,,,,,,,,,,,,,,,,,,,,,,,,,,,,,,,,,,,,,,,,,,,,,,,,,,,,,,,,,,,,,,,,,,,,,,,,,,1.0,0.0,4to5,0.1340007007387054,0.0311371862581622,0.0020686028992404
data/precomputed/supplementary/figS3/duration_window_metrics.csv,42,4MIDD_085_170,,,0.004173038366134,,0.0002784773946269,,,,-0.0100294041642657,,,,,,,,,,,,,,,,,,,,,,,,,,,,,,,,,,,,,,,,,,,,,,,,,,,,,,,,,,,,,,,,,,,,,,,,,,,,,,,,,,,,,,,,,,,,,,,,,,,,1.0,0.0,late,0.1340030938758488,0.0311413583480411,0.0020781415307096
data/precomputed/supplementary/figS3/duration_window_metrics.csv,42,4MIDD_085_170,,,0.0030903099234604,,-0.001133817718441,,,,-0.0081411482682464,,,,,,,,,,,,,,,,,,,,,,,,,,,,,,,,,,,,,,,,,,,,,,,,,,,,,,,,,,,,,,,,,,,,,,,,,,,,,,,,,,,,,,,,,,,,,,,,,,,,1.0,1.0,early,0.1671896848603619,0.0184838551854528,-0.0067816248316278
data/precomputed/supplementary/figS3/duration_window_metrics.csv,42,4MIDD_085_170,,,0.0020649754016748,,0.000311650443168,,,,-0.0072448441749565,,,,,,,,,,,,,,,,,,,,,,,,,,,,,,,,,,,,,,,,,,,,,,,,,,,,,,,,,,,,,,,,,,,,,,,,,,,,,,,,,,,,,,,,,,,,,,,,,,,,1.0,1.0,middle,0.1735338514942796,0.0118995537982565,0.0017959057583544
data/precomputed/supplementary/figS3/duration_window_metrics.csv,42,4MIDD_085_170,,,0.00234531868757,,0.0003802115112747,,,,-0.006739129088671,,,,,,,,,,,,,,,,,,,,,,,,,,,,,,,,,,,,,,,,,,,,,,,,,,,,,,,,,,,,,,,,,,,,,,,,,,,,,,,,,,,,,,,,,,,,,,,,,,,,1.0,1.0,4to5,0.1764936207579191,0.0132884048584786,0.0021542507295279
data/precomputed/supplementary/figS3/duration_window_metrics.csv,42,4MIDD_085_170,,,0.0023103336909147,,6.099466946018067e-05,,,,-0.0076042098378971,,,,,,,,,,,,,,,,,,,,,,,,,,,,,,,,,,,,,,,,,,,,,,,,,,,,,,,,,,,,,,,,,,,,,,,,,,,,,,,,,,,,,,,,,,,,,,,,,,,,1.0,1.0,late,0.1680089425537247,0.0137512542832412,0.000363044184036
data/precomputed/supplementary/figS3/duration_window_metrics.csv,42,4MIDD_085_170,,,0.0043298334150566,,0.0019940014998832,,,,-0.0066631286907312,,,,,,,,,,,,,,,,,,,,,,,,,,,,,,,,,,,,,,,,,,,,,,,,,,,,,,,,,,,,,,,,,,,,,,,,,,,,,,,,,,,,,,,,,,,,,,,,,,,,1.0,2.0,early,0.2809311464744247,0.0154124363545814,0.0070978299305974
data/precomputed/supplementary/figS3/duration_window_metrics.csv,42,4MIDD_085_170,,,0.0020936807323953,,0.0018221321022321,,,,-0.0036531208020801,,,,,,,,,,,,,,,,,,,,,,,,,,,,,,,,,,,,,,,,,,,,,,,,,,,,,,,,,,,,,,,,,,,,,,,,,,,,,,,,,,,,,,,,,,,,,,,,,,,,1.0,2.0,middle,0.2840485581873695,0.0073708549895694,0.0064148612964624
data/precomputed/supplementary/figS3/duration_window_metrics.csv,42,4MIDD_085_170,,,0.0031760563370324,,0.0043017290414946,,,,-0.0021529316283619,,,,,,,,,,,,,,,,,,,,,,,,,,,,,,,,,,,,,,,,,,,,,,,,,,,,,,,,,,,,,,,,,,,,,,,,,,,,,,,,,,,,,,,,,,,,,,,,,,,,1.0,2.0,4to5,0.2955813598632598,0.0107451171430488,0.0145534516908801
data/precomputed/supplementary/figS3/duration_window_metrics.csv,42,4MIDD_085_170,,,0.0034492031055898,,0.0015844080854479,,,,-0.0053074474431649,,,,,,,,,,,,,,,,,,,,,,,,,,,,,,,,,,,,,,,,,,,,,,,,,,,,,,,,,,,,,,,,,,,,,,,,,,,,,,,,,,,,,,,,,,,,,,,,,,,,1.0,2.0,late,0.2627234399328606,0.0131286462542942,0.0060307069892692
data/precomputed/supplementary/figS3/duration_window_metrics.csv,42,4MIDD_085_170,,,0.0043643713648739,,3.1726538720269966e-05,,,,-0.0100141070818081,,,,,,,,,,,,,,,,,,,,,,,,,,,,,,,,,,,,,,,,,,,,,,,,,,,,,,,,,,,,,,,,,,,,,,,,,,,,,,,,,,,,,,,,,,,,,,,,,,,,2.0,0.0,early,0.1307992518408633,0.0333669444087021,0.0002425590228824
data/precomputed/supplementary/figS3/duration_window_metrics.csv,42,4MIDD_085_170,,,0.0042220171913267,,0.0002259113252411,,,,-0.0100243911313803,,,,,,,,,,,,,,,,,,,,,,,,,,,,,,,,,,,,,,,,,,,,,,,,,,,,,,,,,,,,,,,,,,,,,,,,,,,,,,,,,,,,,,,,,,,,,,,,,,,,2.0,0.0,middle,0.1335824440698241,0.0316060783340649,0.0016911752649403
data/precomputed/supplementary/figS3/duration_window_metrics.csv,42,4MIDD_085_170,,,0.0041726556950729,,0.0002777224218158,,,,-0.0100285829019784,,,,,,,,,,,,,,,,,,,,,,,,,,,,,,,,,,,,,,,,,,,,,,,,,,,,,,,,,,,,,,,,,,,,,,,,,,,,,,,,,,,,,,,,,,,,,,,,,,,,2.0,0.0,4to5,0.1340016643501847,0.0311388348443836,0.0020725296447816
data/precomputed/supplementary/figS3/duration_window_metrics.csv,42,4MIDD_085_170,,,0.0041730410318135,,0.000278462644983,,,,-0.0100294089800394,,,,,,,,,,,,,,,,,,,,,,,,,,,,,,,,,,,,,,,,,,,,,,,,,,,,,,,,,,,,,,,,,,,,,,,,,,,,,,,,,,,,,,,,,,,,,,,,,,,,2.0,0.0,late,0.1340030647607977,0.0311413850068477,0.0020780319127781
