model_id,predictor,metric,value,source_file,condition,intervention,group,phase_index,seed,optimizer_step
0,P0,cv_r2,0.900988848255071,data/precomputed/fig03/comparator_model_metrics.csv,,,,,,
0,P1,cv_r2,0.5498266140247543,data/precomputed/fig03/comparator_model_metrics.csv,,,,,,
0,P3,cv_r2,0.3092851443164013,data/precomputed/fig03/comparator_model_metrics.csv,,,,,,
1,P0,cv_r2,0.762314391220621,data/precomputed/fig03/comparator_model_metrics.csv,,,,,,
1,P1,cv_r2,0.5201121104396944,data/precomputed/fig03/comparator_model_metrics.csv,,,,,,
1,P3,cv_r2,0.1258723126950198,data/precomputed/fig03/comparator_model_metrics.csv,,,,,,
2,P0,cv_r2,0.8734268203244941,data/precomputed/fig03/comparator_model_metrics.csv,,,,,,
2,P1,cv_r2,0.7817629680375301,data/precomputed/fig03/comparator_model_metrics.csv,,,,,,
2,P3,cv_r2,0.1660277600869055,data/precomputed/fig03/comparator_model_metrics.csv,,,,,,
3,P0,cv_r2,0.9771951417606248,data/precomputed/fig03/comparator_model_metrics.csv,,,,,,
3,P1,cv_r2,0.8433036251246363,data/precomputed/fig03/comparator_model_metrics.csv,,,,,,
3,P3,cv_r2,0.3002531481683075,data/precomputed/fig03/comparator_model_metrics.csv,,,,,,
4,P0,cv_r2,0.9670617349149678,data/precomputed/fig03/comparator_model_metrics.csv,,,,,,
4,P1,cv_r2,0.9176664767837844,data/precomputed/fig03/comparator_model_metrics.csv,,,,,,
4,P3,cv_r2,0.6511869739900493,data/precomputed/fig03/comparator_model_metrics.csv,,,,,,
5,P0,cv_r2,0.9305117689522336,data/precomputed/fig03/comparator_model_metrics.csv,,,,,,
5,P1,cv_r2,0.976380287927202,data/precomputed/fig03/comparator_model_metrics.csv,,,,,,
5,P3,cv_r2,0.5743887067846023,data/precomputed/fig03/comparator_model_metrics.csv,,,,,,
6,P0,cv_r2,0.9287713179866952,data/precomputed/fig03/comparator_model_metrics.csv,,,,,,
6,P1,cv_r2,0.879274972245229,data/precomputed/fig03/comparator_model_metrics.csv,,,,,,
6,P3,cv_r2,0.3217294560209293,data/precomputed/fig03/comparator_model_metrics.csv,,,,,,
7,P0,cv_r2,0.9546245499533772,data/precomputed/fig03/comparator_model_metrics.csv,,,,,,
7,P1,cv_r2,-0.3501218472984513,data/precomputed/fig03/comparator_model_metrics.csv,,,,,,
7,P3,cv_r2,-0.5117105677704596,data/precomputed/fig03/comparator_model_metrics.csv,,,,,,
8,P0,cv_r2,0.9187115027453826,data/precomputed/fig03/comparator_model_metrics.csv,,,,,,
8,P1,cv_r2,-0.3791709005106747,data/precomputed/fig03/comparator_model_metrics.csv,,,,,,
8,P3,cv_r2,-0.5129998230503847,data/precomputed/fig03/comparator_model_metrics.csv,,,,,,
9,P0,cv_r2,0.810175878175702,data/precomputed/fig03/comparator_model_metrics.csv,,,,,,
9,P1,cv_r2,0.6587144285185565,data/precomputed/fig03/comparator_model_metrics.csv,,,,,,
9,P3,cv_r2,0.3477891786308601,data/precomputed/fig03/comparator_model_metrics.csv,,,,,,
0,P2,cv_r2,0.2959814886522968,data/precomputed/fig03/comparator_model_metrics.csv,,,,,,
1,P2,cv_r2,0.2384835092166992,data/precomputed/fig03/comparator_model_metrics.csv,,,,,,
2,P2,cv_r2,0.4783091895440484,data/precomputed/fig03/comparator_model_metrics.csv,,,,,,
3,P2,cv_r2,0.4581650263388773,data/precomputed/fig03/comparator_model_metrics.csv,,,,,,
4,P2,cv_r2,0.5861321342526264,data/precomputed/fig03/comparator_model_metrics.csv,,,,,,
5,P2,cv_r2,0.5880395978383604,data/precomputed/fig03/comparator_model_metrics.csv,,,,,,
6,P2,cv_r2,0.5251432858318126,data/precomputed/fig03/comparator_model_metrics.csv,,,,,,
7,P2,cv_r2,-0.0677814639060043,data/precomputed/fig03/comparator_model_metrics.csv,,,,,,
8,P2,cv_r2,-0.1884806241251919,data/precomputed/fig03/comparator_model_metrics.csv,,,,,,
9,P2,cv_r2,0.5160359740774313,data/precomputed/fig03/comparator_model_metrics.csv,,,,,,
0,P0,cv_rmse,0.0081860692476528,data/precomputed/fig03/comparator_model_metrics.csv,,,,,,
0,P1,cv_rmse,0.0174551371667682,data/precomputed/fig03/comparator_model_metrics.csv,,,,,,
0,P3,cv_rmse,0.021621347471136,data/precomputed/fig03/comparator_model_metrics.csv,,,,,,
1,P0,cv_rmse,0.0110516681618353,data/precomputed/fig03/comparator_model_metrics.csv,,,,,,
1,P1,cv_rmse,0.015703493815131,data/precomputed/fig03/comparator_model_metrics.csv,,,,,,
1,P3,cv_rmse,0.0211940439645939,data/precomputed/fig03/comparator_model_metrics.csv,,,,,,
2,P0,cv_rmse,0.0044583914475361,data/precomputed/fig03/comparator_model_metrics.csv,,,,,,
2,P1,cv_rmse,0.0058542541855051,data/precomputed/fig03/comparator_model_metrics.csv,,,,,,
2,P3,cv_rmse,0.0114441396609779,data/precomputed/fig03/comparator_model_metrics.csv,,,,,,
3,P0,cv_rmse,0.0062844382064425,data/precomputed/fig03/comparator_model_metrics.csv,,,,,,
3,P1,cv_rmse,0.0164733621656907,data/precomputed/fig03/comparator_model_metrics.csv,,,,,,
3,P3,cv_rmse,0.0348115409874491,data/precomputed/fig03/comparator_model_metrics.csv,,,,,,
4,P0,cv_rmse,0.0055530726271427,data/precomputed/fig03/comparator_model_metrics.csv,,,,,,
4,P1,cv_rmse,0.0087795315409569,data/precomputed/fig03/comparator_model_metrics.csv,,,,,,
4,P3,cv_rmse,0.0180708816122922,data/precomputed/fig03/comparator_model_metrics.csv,,,,,,
5,P0,cv_rmse,0.0114998385381068,data/precomputed/fig03/comparator_model_metrics.csv,,,,,,
5,P1,cv_rmse,0.0067046083612433,data/precomputed/fig03/comparator_model_metrics.csv,,,,,,
5,P3,cv_rmse,0.0284605105283878,data/precomputed/fig03/comparator_model_metrics.csv,,,,,,
6,P0,cv_rmse,0.0074281690607433,data/precomputed/fig03/comparator_model_metrics.csv,,,,,,
6,P1,cv_rmse,0.0096705902481341,data/precomputed/fig03/comparator_model_metrics.csv,,,,,,
6,P3,cv_rmse,0.0229221739370221,data/precomputed/fig03/comparator_model_metrics.csv,,,,,,
7,P0,cv_rmse,0.0023264706956367,data/precomputed/fig03/comparator_model_metrics.csv,,,,,,
7,P1,cv_rmse,0.0126903498864677,data/precomputed/fig03/comparator_model_metrics.csv,,,,,,
7,P3,cv_rmse,0.0134283124629495,data/precomputed/fig03/comparator_model_metrics.csv,,,,,,
8,P0,cv_rmse,0.0055975854535457,data/precomputed/fig03/comparator_model_metrics.csv,,,,,,
8,P1,cv_rmse,0.0230565979938975,data/precomputed/fig03/comparator_model_metrics.csv,,,,,,
8,P3,cv_rmse,0.0241493598738557,data/precomputed/fig03/comparator_model_metrics.csv,,,,,,
9,P0,cv_rmse,0.0070812325494918,data/precomputed/fig03/comparator_model_metrics.csv,,,,,,
9,P1,cv_rmse,0.0094949377386018,data/precomputed/fig03/comparator_model_metrics.csv,,,,,,
9,P3,cv_rmse,0.0131258415523966,data/precomputed/fig03/comparator_model_metrics.csv,,,,,,
0,P2,cv_rmse,0.0209854401503643,data/precomputed/fig03/comparator_model_metrics.csv,,,,,,
1,P2,cv_rmse,0.0191136840665934,data/precomputed/fig03/comparator_model_metrics.csv,,,,,,
2,P2,cv_rmse,0.0085383374880991,data/precomputed/fig03/comparator_model_metrics.csv,,,,,,
3,P2,cv_rmse,0.0279904513811144,data/precomputed/fig03/comparator_model_metrics.csv,,,,,,
4,P2,cv_rmse,0.0175495332494746,data/precomputed/fig03/comparator_model_metrics.csv,,,,,,
5,P2,cv_rmse,0.0238257266807794,data/precomputed/fig03/comparator_model_metrics.csv,,,,,,
6,P2,cv_rmse,0.0176930192939013,data/precomputed/fig03/comparator_model_metrics.csv,,,,,,
7,P2,cv_rmse,0.0108635504735774,data/precomputed/fig03/comparator_model_metrics.csv,,,,,,
8,P2,cv_rmse,0.0210753062485213,data/precomputed/fig03/comparator_model_metrics.csv,,,,,,
9,P2,cv_rmse,0.0106838580931133,data/precomputed/fig03/comparator_model_metrics.csv,,,,,,
0,P0,normalized_rmse,0.066597075141017,data/precomputed/fig03/comparator_model_metrics.csv,,,,,,
0,P1,normalized_rmse,0.1420047945264234,data/precomputed/fig03/comparator_model_metrics.csv,,,,,,
0,P3,normalized_rmse,0.1758986466670968,data/precomputed/fig03/comparator_model_metrics.csv,,,,,,
1,P0,normalized_rmse,0.1442734576838908,data/precomputed/fig03/comparator_model_metrics.csv,,,,,,
1,P1,normalized_rmse,0.2050004865555349,data/precomputed/fig03/comparator_model_metrics.csv,,,,,,
1,P3,normalized_rmse,0.276676603052166,data/precomputed/fig03/comparator_model_metrics.csv,,,,,,
2,P0,normalized_rmse,0.0876712147995749,data/precomputed/fig03/comparator_model_metrics.csv,,,,,,
2,P1,normalized_rmse,0.1151198996831841,data/precomputed/fig03/comparator_model_metrics.csv,,,,,,
2,P3,normalized_rmse,0.2250411697179259,data/precomputed/fig03/comparator_model_metrics.csv,,,,,,
3,P0,normalized_rmse,0.0502947653712352,data/precomputed/fig03/comparator_model_metrics.csv,,,,,,
3,P1,normalized_rmse,0.1318373827193389,data/precomputed/fig03/comparator_model_metrics.csv,,,,,,
3,P3,normalized_rmse,0.2785990137320492,data/precomputed/fig03/comparator_model_metrics.csv,,,,,,
4,P0,normalized_rmse,0.053206516212452,data/precomputed/fig03/comparator_model_metrics.csv,,,,,,
4,P1,normalized_rmse,0.0841206875250282,data/precomputed/fig03/comparator_model_metrics.csv,,,,,,
4,P3,normalized_rmse,0.1731453413337495,data/precomputed/fig03/comparator_model_metrics.csv,,,,,,
5,P0,normalized_rmse,0.1028053700077487,data/precomputed/fig03/comparator_model_metrics.csv,,,,,,
5,P1,normalized_rmse,0.05993734095054,data/precomputed/fig03/comparator_model_metrics.csv,,,,,,
5,P3,normalized_rmse,0.2544290779200806,data/precomputed/fig03/comparator_model_metrics.csv,,,,,,
6,P0,normalized_rmse,0.086969487291619,data/precomputed/fig03/comparator_model_metrics.csv,,,,,,
6,P1,normalized_rmse,0.113223900642266,data/precomputed/fig03/comparator_model_metrics.csv,,,,,,
6,P3,normalized_rmse,0.2683743057825115,data/precomputed/fig03/comparator_model_metrics.csv,,,,,,
7,P0,normalized_rmse,0.0940876063825309,data/precomputed/fig03/comparator_model_metrics.csv,,,,,,
7,P1,normalized_rmse,0.5132257402656883,data/precomputed/fig03/comparator_model_metrics.csv,,,,,,
7,P3,normalized_rmse,0.5430705745682554,data/precomputed/fig03/comparator_model_metrics.csv,,,,,,
8,P0,normalized_rmse,0.1492909814260093,data/precomputed/fig03/comparator_model_metrics.csv,,,,,,
8,P1,normalized_rmse,0.614933380011829,data/precomputed/fig03/comparator_model_metrics.csv,,,,,,
8,P3,normalized_rmse,0.6440779986831808,data/precomputed/fig03/comparator_model_metrics.csv,,,,,,
9,P0,normalized_rmse,0.1703982874322416,data/precomputed/fig03/comparator_model_metrics.csv,,,,,,
9,P1,normalized_rmse,0.2284801577445173,data/precomputed/fig03/comparator_model_metrics.csv,,,,,,
9,P3,normalized_rmse,0.3158519235180099,data/precomputed/fig03/comparator_model_metrics.csv,,,,,,
0,P2,normalized_rmse,0.170725276354319,data/precomputed/fig03/comparator_model_metrics.csv,,,,,,
1,P2,normalized_rmse,0.2495186472289975,data/precomputed/fig03/comparator_model_metrics.csv,,,,,,
2,P2,normalized_rmse,0.1679005598227777,data/precomputed/fig03/comparator_model_metrics.csv,,,,,,
3,P2,normalized_rmse,0.2240093925030456,data/precomputed/fig03/comparator_model_metrics.csv,,,,,,
4,P2,normalized_rmse,0.1681500653881399,data/precomputed/fig03/comparator_model_metrics.csv,,,,,,
5,P2,normalized_rmse,0.2129953945878832,data/precomputed/fig03/comparator_model_metrics.csv,,,,,,
6,P2,normalized_rmse,0.2071510225532397,data/precomputed/fig03/comparator_model_metrics.csv,,,,,,
7,P2,normalized_rmse,0.4393459426726109,data/precomputed/fig03/comparator_model_metrics.csv,,,,,,
8,P2,normalized_rmse,0.5620911337231012,data/precomputed/fig03/comparator_model_metrics.csv,,,,,,
9,P2,normalized_rmse,0.2570895828532346,data/precomputed/fig03/comparator_model_metrics.csv,,,,,,
0,P0,sign_accuracy,0.9444444444444444,data/precomputed/fig03/comparator_model_metrics.csv,,,,,,
0,P1,sign_accuracy,0.9444444444444444,data/precomputed/fig03/comparator_model_metrics.csv,,,,,,
0,P3,sign_accuracy,0.9444444444444444,data/precomputed/fig03/comparator_model_metrics.csv,,,,,,
1,P0,sign_accuracy,0.9,data/precomputed/fig03/comparator_model_metrics.csv,,,,,,
1,P1,sign_accuracy,0.9,data/precomputed/fig03/comparator_model_metrics.csv,,,,,,
1,P3,sign_accuracy,0.9,data/precomputed/fig03/comparator_model_metrics.csv,,,,,,
2,P0,sign_accuracy,0.925,data/precomputed/fig03/comparator_model_metrics.csv,,,,,,
2,P1,sign_accuracy,0.85,data/precomputed/fig03/comparator_model_metrics.csv,,,,,,
2,P3,sign_accuracy,0.85,data/precomputed/fig03/comparator_model_metrics.csv,,,,,,
3,P0,sign_accuracy,0.85,data/precomputed/fig03/comparator_model_metrics.csv,,,,,,
3,P1,sign_accuracy,0.925,data/precomputed/fig03/comparator_model_metrics.csv,,,,,,
3,P3,sign_accuracy,0.8,data/precomputed/fig03/comparator_model_metrics.csv,,,,,,
4,P0,sign_accuracy,1.0,data/precomputed/fig03/comparator_model_metrics.csv,,,,,,
4,P1,sign_accuracy,0.95,data/precomputed/fig03/comparator_model_metrics.csv,,,,,,
4,P3,sign_accuracy,0.9,data/precomputed/fig03/comparator_model_metrics.csv,,,,,,
5,P0,sign_accuracy,1.0,data/precomputed/fig03/comparator_model_metrics.csv,,,,,,
5,P1,sign_accuracy,1.0,data/precomputed/fig03/comparator_model_metrics.csv,,,,,,
5,P3,sign_accuracy,0.8947368421052632,data/precomputed/fig03/comparator_model_metrics.csv,,,,,,
6,P0,sign_accuracy,0.925,data/precomputed/fig03/comparator_model_metrics.csv,,,,,,
6,P1,sign_accuracy,0.85,data/precomputed/fig03/comparator_model_metrics.csv,,,,,,
6,P3,sign_accuracy,0.85,data/precomputed/fig03/comparator_model_metrics.csv,,,,,,
7,P0,sign_accuracy,1.0,data/precomputed/fig03/comparator_model_metrics.csv,,,,,,
7,P1,sign_accuracy,0.35,data/precomputed/fig03/comparator_model_metrics.csv,,,,,,
7,P3,sign_accuracy,0.2,data/precomputed/fig03/comparator_model_metrics.csv,,,,,,
8,P0,sign_accuracy,1.0,data/precomputed/fig03/comparator_model_metrics.csv,,,,,,
8,P1,sign_accuracy,0.7142857142857143,data/precomputed/fig03/comparator_model_metrics.csv,,,,,,
8,P3,sign_accuracy,0.5952380952380952,data/precomputed/fig03/comparator_model_metrics.csv,,,,,,
9,P0,sign_accuracy,0.95,data/precomputed/fig03/comparator_model_metrics.csv,,,,,,
9,P1,sign_accuracy,0.95,data/precomputed/fig03/comparator_model_metrics.csv,,,,,,
9,P3,sign_accuracy,0.95,data/precomputed/fig03/comparator_model_metrics.csv,,,,,,
0,P2,sign_accuracy,0.9444444444444444,data/precomputed/fig03/comparator_model_metrics.csv,,,,,,
1,P2,sign_accuracy,0.8999999999999999,data/precomputed/fig03/comparator_model_metrics.csv,,,,,,
2,P2,sign_accuracy,0.8472222222222221,data/precomputed/fig03/comparator_model_metrics.csv,,,,,,
3,P2,sign_accuracy,0.8666666666666667,data/precomputed/fig03/comparator_model_metrics.csv,,,,,,
4,P2,sign_accuracy,0.9138888888888888,data/precomputed/fig03/comparator_model_metrics.csv,,,,,,
5,P2,sign_accuracy,0.9152046783625732,data/precomputed/fig03/comparator_model_metrics.csv,,,,,,
6,P2,sign_accuracy,0.8611111111111112,data/precomputed/fig03/comparator_model_metrics.csv,,,,,,
7,P2,sign_accuracy,0.5222222222222223,data/precomputed/fig03/comparator_model_metrics.csv,,,,,,
8,P2,sign_accuracy,0.6693121693121693,data/precomputed/fig03/comparator_model_metrics.csv,,,,,,
9,P2,sign_accuracy,0.9333333333333332,data/precomputed/fig03/comparator_model_metrics.csv,,,,,,
0,P0,slope,0.5625228051084077,data/precomputed/fig03/comparator_model_metrics.csv,,,,,,
0,P1,slope,0.8863830304924591,data/precomputed/fig03/comparator_model_metrics.csv,,,,,,
0,P3,slope,-0.000469393701143,data/precomputed/fig03/comparator_model_metrics.csv,,,,,,
1,P0,slope,0.7911277680640885,data/precomputed/fig03/comparator_model_metrics.csv,,,,,,
1,P1,slope,0.7051476423820913,data/precomputed/fig03/comparator_model_metrics.csv,,,,,,
1,P3,slope,-0.000373807108617,data/precomputed/fig03/comparator_model_metrics.csv,,,,,,
2,P0,slope,0.6457225024079153,data/precomputed/fig03/comparator_model_metrics.csv,,,,,,
2,P1,slope,0.4293966706867524,data/precomputed/fig03/comparator_model_metrics.csv,,,,,,
2,P3,slope,-0.0001972122181885,data/precomputed/fig03/comparator_model_metrics.csv,,,,,,
3,P0,slope,0.798766071713946,data/precomputed/fig03/comparator_model_metrics.csv,,,,,,
3,P1,slope,1.6818881255832006,data/precomputed/fig03/comparator_model_metrics.csv,,,,,,
3,P3,slope,-0.0007181204000959,data/precomputed/fig03/comparator_model_metrics.csv,,,,,,
4,P0,slope,0.8421072049628879,data/precomputed/fig03/comparator_model_metrics.csv,,,,,,
4,P1,slope,1.1849082881280997,data/precomputed/fig03/comparator_model_metrics.csv,,,,,,
4,P3,slope,-0.0006398570181449,data/precomputed/fig03/comparator_model_metrics.csv,,,,,,
5,P0,slope,1.0544782544047016,data/precomputed/fig03/comparator_model_metrics.csv,,,,,,
5,P1,slope,1.7586652237981224,data/precomputed/fig03/comparator_model_metrics.csv,,,,,,
5,P3,slope,-0.0008736531923605,data/precomputed/fig03/comparator_model_metrics.csv,,,,,,
6,P0,slope,0.790569519796425,data/precomputed/fig03/comparator_model_metrics.csv,,,,,,
6,P1,slope,1.0589463380748263,data/precomputed/fig03/comparator_model_metrics.csv,,,,,,
6,P3,slope,-0.0005008097413247,data/precomputed/fig03/comparator_model_metrics.csv,,,,,,
7,P0,slope,0.8594384255094158,data/precomputed/fig03/comparator_model_metrics.csv,,,,,,
7,P1,slope,0.0937508542750397,data/precomputed/fig03/comparator_model_metrics.csv,,,,,,
7,P3,slope,-3.063593078527668e-05,data/precomputed/fig03/comparator_model_metrics.csv,,,,,,
8,P0,slope,1.0982255496181348,data/precomputed/fig03/comparator_model_metrics.csv,,,,,,
8,P1,slope,0.0123725920080251,data/precomputed/fig03/comparator_model_metrics.csv,,,,,,
8,P3,slope,-8.371622967365445e-05,data/precomputed/fig03/comparator_model_metrics.csv,,,,,,
9,P0,slope,0.8487564308562546,data/precomputed/fig03/comparator_model_metrics.csv,,,,,,
9,P1,slope,0.5153802848641205,data/precomputed/fig03/comparator_model_metrics.csv,,,,,,
9,P3,slope,-0.0002912545371565,data/precomputed/fig03/comparator_model_metrics.csv,,,,,,
0,P2,slope,0.561981331684839,data/precomputed/fig03/comparator_model_metrics.csv,,,,,,
1,P2,slope,0.4351638503552987,data/precomputed/fig03/comparator_model_metrics.csv,,,,,,
2,P2,slope,0.3044267777336131,data/precomputed/fig03/comparator_model_metrics.csv,,,,,,
3,P2,slope,1.1328947603204542,data/precomputed/fig03/comparator_model_metrics.csv,,,,,,
4,P2,slope,0.86656301774248,data/precomputed/fig03/comparator_model_metrics.csv,,,,,,
5,P2,slope,1.2382206803343605,data/precomputed/fig03/comparator_model_metrics.csv,,,,,,
6,P2,slope,0.7628213607390312,data/precomputed/fig03/comparator_model_metrics.csv,,,,,,
7,P2,slope,0.0613248248911866,data/precomputed/fig03/comparator_model_metrics.csv,,,,,,
8,P2,slope,-0.1804205673996594,data/precomputed/fig03/comparator_model_metrics.csv,,,,,,
9,P2,slope,0.3994796274751746,data/precomputed/fig03/comparator_model_metrics.csv,,,,,,
0,P0,intercept,0.0082002060232804,data/precomputed/fig03/comparator_model_metrics.csv,,,,,,
0,P1,intercept,0.0160023992966816,data/precomputed/fig03/comparator_model_metrics.csv,,,,,,
0,P3,intercept,0.0083837044212634,data/precomputed/fig03/comparator_model_metrics.csv,,,,,,
1,P0,intercept,0.0102048991153109,data/precomputed/fig03/comparator_model_metrics.csv,,,,,,
1,P1,intercept,0.0174561093362942,data/precomputed/fig03/comparator_model_metrics.csv,,,,,,
1,P3,intercept,0.0131580718587951,data/precomputed/fig03/comparator_model_metrics.csv,,,,,,
2,P0,intercept,0.0038294976343576,data/precomputed/fig03/comparator_model_metrics.csv,,,,,,
2,P1,intercept,0.0028586943570949,data/precomputed/fig03/comparator_model_metrics.csv,,,,,,
2,P3,intercept,0.0032483211703194,data/precomputed/fig03/comparator_model_metrics.csv,,,,,,
3,P0,intercept,0.0098738979184356,data/precomputed/fig03/comparator_model_metrics.csv,,,,,,
3,P1,intercept,0.0021939817356199,data/precomputed/fig03/comparator_model_metrics.csv,,,,,,
3,P3,intercept,0.0014217012278131,data/precomputed/fig03/comparator_model_metrics.csv,,,,,,
4,P0,intercept,0.0035333753228634,data/precomputed/fig03/comparator_model_metrics.csv,,,,,,
4,P1,intercept,0.0090089469899368,data/precomputed/fig03/comparator_model_metrics.csv,,,,,,
4,P3,intercept,-0.0006620225215092,data/precomputed/fig03/comparator_model_metrics.csv,,,,,,
5,P0,intercept,0.0097142773720033,data/precomputed/fig03/comparator_model_metrics.csv,,,,,,
5,P1,intercept,0.0080223582840559,data/precomputed/fig03/comparator_model_metrics.csv,,,,,,
5,P3,intercept,-0.0008106694484981,data/precomputed/fig03/comparator_model_metrics.csv,,,,,,
6,P0,intercept,0.0128769719624523,data/precomputed/fig03/comparator_model_metrics.csv,,,,,,
6,P1,intercept,0.0045478934312503,data/precomputed/fig03/comparator_model_metrics.csv,,,,,,
6,P3,intercept,0.0030193332105114,data/precomputed/fig03/comparator_model_metrics.csv,,,,,,
7,P0,intercept,-0.000769958955724,data/precomputed/fig03/comparator_model_metrics.csv,,,,,,
7,P1,intercept,-0.0034051511355408,data/precomputed/fig03/comparator_model_metrics.csv,,,,,,
7,P3,intercept,-0.0022066504568224,data/precomputed/fig03/comparator_model_metrics.csv,,,,,,
8,P0,intercept,-0.0013811820585745,data/precomputed/fig03/comparator_model_metrics.csv,,,,,,
8,P1,intercept,0.007900584410621,data/precomputed/fig03/comparator_model_metrics.csv,,,,,,
8,P3,intercept,0.0022658507327823,data/precomputed/fig03/comparator_model_metrics.csv,,,,,,
9,P0,intercept,0.0176104817801085,data/precomputed/fig03/comparator_model_metrics.csv,,,,,,
9,P1,intercept,0.0087087500647586,data/precomputed/fig03/comparator_model_metrics.csv,,,,,,
9,P3,intercept,0.0058055602841029,data/precomputed/fig03/comparator_model_metrics.csv,,,,,,
0,P2,intercept,0.0238600103396753,data/precomputed/fig03/comparator_model_metrics.csv,,,,,,
1,P2,intercept,0.0248077946050336,data/precomputed/fig03/comparator_model_metrics.csv,,,,,,
2,P2,intercept,0.0077692057976203,data/precomputed/fig03/comparator_model_metrics.csv,,,,,,
3,P2,intercept,0.0192092018456765,data/precomputed/fig03/comparator_model_metrics.csv,,,,,,
4,P2,intercept,0.0211401216121138,data/precomputed/fig03/comparator_model_metrics.csv,,,,,,
5,P2,intercept,0.0258522840780463,data/precomputed/fig03/comparator_model_metrics.csv,,,,,,
6,P2,intercept,0.0159628429051391,data/precomputed/fig03/comparator_model_metrics.csv,,,,,,
7,P2,intercept,-0.0025991124907009,data/precomputed/fig03/comparator_model_metrics.csv,,,,,,
8,P2,intercept,0.0071177341792994,data/precomputed/fig03/comparator_model_metrics.csv,,,,,,
9,P2,intercept,0.0138200311122912,data/precomputed/fig03/comparator_model_metrics.csv,,,,,,
0,,baseline,-0.0018620960078069,data/precomputed/fig06/robust_intervention_model_metrics.csv,MIDD,T4,,,,
0,,baseline,9.756060702677432,data/precomputed/fig06/robust_intervention_model_metrics.csv,propeller,T4,,,,
0,,baseline,0.8320731669664383,data/precomputed/fig06/robust_intervention_model_metrics.csv,edge,T4,,,,
0,,baseline,-0.0018620960078069,data/precomputed/fig06/robust_intervention_model_metrics.csv,MIDD,T4_T5,,,,
0,,baseline,9.756060702677432,data/precomputed/fig06/robust_intervention_model_metrics.csv,propeller,T4_T5,,,,
0,,baseline,0.8320731669664383,data/precomputed/fig06/robust_intervention_model_metrics.csv,edge,T4_T5,,,,
0,,baseline,-0.0018620960078069,data/precomputed/fig06/robust_intervention_model_metrics.csv,MIDD,T4a,,,,
0,,baseline,9.756060702677432,data/precomputed/fig06/robust_intervention_model_metrics.csv,propeller,T4a,,,,
0,,baseline,0.8320731669664383,data/precomputed/fig06/robust_intervention_model_metrics.csv,edge,T4a,,,,
0,,baseline,-0.0018620960078069,data/precomputed/fig06/robust_intervention_model_metrics.csv,MIDD,T4b,,,,
0,,baseline,9.756060702677432,data/precomputed/fig06/robust_intervention_model_metrics.csv,propeller,T4b,,,,
0,,baseline,0.8320731669664383,data/precomputed/fig06/robust_intervention_model_metrics.csv,edge,T4b,,,,
0,,baseline,-0.0018620960078069,data/precomputed/fig06/robust_intervention_model_metrics.csv,MIDD,all_input,,,,
0,,baseline,9.756060702677432,data/precomputed/fig06/robust_intervention_model_metrics.csv,propeller,all_input,,,,
0,,baseline,0.8320731669664383,data/precomputed/fig06/robust_intervention_model_metrics.csv,edge,all_input,,,,
0,,baseline,-0.0018620960078069,data/precomputed/fig06/robust_intervention_model_metrics.csv,MIDD,sham,,,,
0,,baseline,9.756060702677432,data/precomputed/fig06/robust_intervention_model_metrics.csv,propeller,sham,,,,
0,,baseline,0.8320731669664383,data/precomputed/fig06/robust_intervention_model_metrics.csv,edge,sham,,,,
1,,baseline,-0.0014282551694965,data/precomputed/fig06/robust_intervention_model_metrics.csv,MIDD,T4,,,,
1,,baseline,10.720001809984906,data/precomputed/fig06/robust_intervention_model_metrics.csv,propeller,T4,,,,
1,,baseline,0.6851893365383148,data/precomputed/fig06/robust_intervention_model_metrics.csv,edge,T4,,,,
1,,baseline,-0.0014282551694965,data/precomputed/fig06/robust_intervention_model_metrics.csv,MIDD,T4_T5,,,,
1,,baseline,10.720001809984906,data/precomputed/fig06/robust_intervention_model_metrics.csv,propeller,T4_T5,,,,
1,,baseline,0.6851893365383148,data/precomputed/fig06/robust_intervention_model_metrics.csv,edge,T4_T5,,,,
1,,baseline,-0.0014282551694965,data/precomputed/fig06/robust_intervention_model_metrics.csv,MIDD,T4a,,,,
1,,baseline,10.720001809984906,data/precomputed/fig06/robust_intervention_model_metrics.csv,propeller,T4a,,,,
1,,baseline,0.6851893365383148,data/precomputed/fig06/robust_intervention_model_metrics.csv,edge,T4a,,,,
1,,baseline,-0.0014282551694965,data/precomputed/fig06/robust_intervention_model_metrics.csv,MIDD,T4b,,,,
1,,baseline,10.720001809984906,data/precomputed/fig06/robust_intervention_model_metrics.csv,propeller,T4b,,,,
1,,baseline,0.6851893365383148,data/precomputed/fig06/robust_intervention_model_metrics.csv,edge,T4b,,,,
1,,baseline,-0.0014282551694965,data/precomputed/fig06/robust_intervention_model_metrics.csv,MIDD,all_input,,,,
1,,baseline,10.720001809984906,data/precomputed/fig06/robust_intervention_model_metrics.csv,propeller,all_input,,,,
1,,baseline,0.6851893365383148,data/precomputed/fig06/robust_intervention_model_metrics.csv,edge,all_input,,,,
1,,baseline,-0.0014282551694965,data/precomputed/fig06/robust_intervention_model_metrics.csv,MIDD,sham,,,,
1,,baseline,10.720001809984906,data/precomputed/fig06/robust_intervention_model_metrics.csv,propeller,sham,,,,
1,,baseline,0.6851893365383148,data/precomputed/fig06/robust_intervention_model_metrics.csv,edge,sham,,,,
2,,baseline,-0.0116886244154322,data/precomputed/fig06/robust_intervention_model_metrics.csv,MIDD,T4,,,,
2,,baseline,12.783954167182214,data/precomputed/fig06/robust_intervention_model_metrics.csv,propeller,T4,,,,
2,,baseline,0.9833000898361206,data/precomputed/fig06/robust_intervention_model_metrics.csv,edge,T4,,,,
2,,baseline,-0.0116886244154322,data/precomputed/fig06/robust_intervention_model_metrics.csv,MIDD,T4_T5,,,,
2,,baseline,12.783954167182214,data/precomputed/fig06/robust_intervention_model_metrics.csv,propeller,T4_T5,,,,
2,,baseline,0.9833000898361206,data/precomputed/fig06/robust_intervention_model_metrics.csv,edge,T4_T5,,,,
2,,baseline,-0.0116886244154322,data/precomputed/fig06/robust_intervention_model_metrics.csv,MIDD,T4a,,,,
2,,baseline,12.783954167182214,data/precomputed/fig06/robust_intervention_model_metrics.csv,propeller,T4a,,,,
2,,baseline,0.9833000898361206,data/precomputed/fig06/robust_intervention_model_metrics.csv,edge,T4a,,,,
2,,baseline,-0.0116886244154322,data/precomputed/fig06/robust_intervention_model_metrics.csv,MIDD,T4b,,,,
2,,baseline,12.783954167182214,data/precomputed/fig06/robust_intervention_model_metrics.csv,propeller,T4b,,,,
2,,baseline,0.9833000898361206,data/precomputed/fig06/robust_intervention_model_metrics.csv,edge,T4b,,,,
2,,baseline,-0.0116886244154322,data/precomputed/fig06/robust_intervention_model_metrics.csv,MIDD,all_input,,,,
2,,baseline,12.783954167182214,data/precomputed/fig06/robust_intervention_model_metrics.csv,propeller,all_input,,,,
2,,baseline,0.9833000898361206,data/precomputed/fig06/robust_intervention_model_metrics.csv,edge,all_input,,,,
2,,baseline,-0.0116886244154322,data/precomputed/fig06/robust_intervention_model_metrics.csv,MIDD,sham,,,,
2,,baseline,12.783954167182214,data/precomputed/fig06/robust_intervention_model_metrics.csv,propeller,sham,,,,
2,,baseline,0.9833000898361206,data/precomputed/fig06/robust_intervention_model_metrics.csv,edge,sham,,,,
3,,baseline,-0.0302850687873639,data/precomputed/fig06/robust_intervention_model_metrics.csv,MIDD,T4,,,,
3,,baseline,10.91861422583359,data/precomputed/fig06/robust_intervention_model_metrics.csv,propeller,T4,,,,
3,,baseline,0.959282249212265,data/precomputed/fig06/robust_intervention_model_metrics.csv,edge,T4,,,,
3,,baseline,-0.0302850687873639,data/precomputed/fig06/robust_intervention_model_metrics.csv,MIDD,T4_T5,,,,
3,,baseline,10.91861422583359,data/precomputed/fig06/robust_intervention_model_metrics.csv,propeller,T4_T5,,,,
3,,baseline,0.959282249212265,data/precomputed/fig06/robust_intervention_model_metrics.csv,edge,T4_T5,,,,
3,,baseline,-0.0302850687873639,data/precomputed/fig06/robust_intervention_model_metrics.csv,MIDD,T4a,,,,
3,,baseline,10.91861422583359,data/precomputed/fig06/robust_intervention_model_metrics.csv,propeller,T4a,,,,
3,,baseline,0.959282249212265,data/precomputed/fig06/robust_intervention_model_metrics.csv,edge,T4a,,,,
3,,baseline,-0.0302850687873639,data/precomputed/fig06/robust_intervention_model_metrics.csv,MIDD,T4b,,,,
3,,baseline,10.91861422583359,data/precomputed/fig06/robust_intervention_model_metrics.csv,propeller,T4b,,,,
3,,baseline,0.959282249212265,data/precomputed/fig06/robust_intervention_model_metrics.csv,edge,T4b,,,,
3,,baseline,-0.0302850687873639,data/precomputed/fig06/robust_intervention_model_metrics.csv,MIDD,all_input,,,,
3,,baseline,10.91861422583359,data/precomputed/fig06/robust_intervention_model_metrics.csv,propeller,all_input,,,,
3,,baseline,0.959282249212265,data/precomputed/fig06/robust_intervention_model_metrics.csv,edge,all_input,,,,
3,,baseline,-0.0302850687873639,data/precomputed/fig06/robust_intervention_model_metrics.csv,MIDD,sham,,,,
3,,baseline,10.91861422583359,data/precomputed/fig06/robust_intervention_model_metrics.csv,propeller,sham,,,,
3,,baseline,0.959282249212265,data/precomputed/fig06/robust_intervention_model_metrics.csv,edge,sham,,,,
4,,baseline,0.0003172441223762,data/precomputed/fig06/robust_intervention_model_metrics.csv,MIDD,T4,,,,
4,,baseline,11.220244769938954,data/precomputed/fig06/robust_intervention_model_metrics.csv,propeller,T4,,,,
4,,baseline,0.8632823824882507,data/precomputed/fig06/robust_intervention_model_metrics.csv,edge,T4,,,,
4,,baseline,0.0003172441223762,data/precomputed/fig06/robust_intervention_model_metrics.csv,MIDD,T4_T5,,,,
4,,baseline,11.220244769938954,data/precomputed/fig06/robust_intervention_model_metrics.csv,propeller,T4_T5,,,,
4,,baseline,0.8632823824882507,data/precomputed/fig06/robust_intervention_model_metrics.csv,edge,T4_T5,,,,
4,,baseline,0.0003172441223762,data/precomputed/fig06/robust_intervention_model_metrics.csv,MIDD,T4a,,,,
4,,baseline,11.220244769938954,data/precomputed/fig06/robust_intervention_model_metrics.csv,propeller,T4a,,,,
4,,baseline,0.8632823824882507,data/precomputed/fig06/robust_intervention_model_metrics.csv,edge,T4a,,,,
4,,baseline,0.0003172441223762,data/precomputed/fig06/robust_intervention_model_metrics.csv,MIDD,T4b,,,,
4,,baseline,11.220244769938954,data/precomputed/fig06/robust_intervention_model_metrics.csv,propeller,T4b,,,,
4,,baseline,0.8632823824882507,data/precomputed/fig06/robust_intervention_model_metrics.csv,edge,T4b,,,,
4,,baseline,0.0003172441223762,data/precomputed/fig06/robust_intervention_model_metrics.csv,MIDD,all_input,,,,
4,,baseline,11.220244769938954,data/precomputed/fig06/robust_intervention_model_metrics.csv,propeller,all_input,,,,
4,,baseline,0.8632823824882507,data/precomputed/fig06/robust_intervention_model_metrics.csv,edge,all_input,,,,
4,,baseline,0.0003172441223762,data/precomputed/fig06/robust_intervention_model_metrics.csv,MIDD,sham,,,,
4,,baseline,11.220244769938954,data/precomputed/fig06/robust_intervention_model_metrics.csv,propeller,sham,,,,
4,,baseline,0.8632823824882507,data/precomputed/fig06/robust_intervention_model_metrics.csv,edge,sham,,,,
5,,baseline,-0.0077560490267135,data/precomputed/fig06/robust_intervention_model_metrics.csv,MIDD,T4,,,,
5,,baseline,9.01304702507035,data/precomputed/fig06/robust_intervention_model_metrics.csv,propeller,T4,,,,
5,,baseline,0.7683645635843277,data/precomputed/fig06/robust_intervention_model_metrics.csv,edge,T4,,,,
5,,baseline,-0.0077560490267135,data/precomputed/fig06/robust_intervention_model_metrics.csv,MIDD,T4_T5,,,,
5,,baseline,9.01304702507035,data/precomputed/fig06/robust_intervention_model_metrics.csv,propeller,T4_T5,,,,
5,,baseline,0.7683645635843277,data/precomputed/fig06/robust_intervention_model_metrics.csv,edge,T4_T5,,,,
5,,baseline,-0.0077560490267135,data/precomputed/fig06/robust_intervention_model_metrics.csv,MIDD,T4a,,,,
5,,baseline,9.01304702507035,data/precomputed/fig06/robust_intervention_model_metrics.csv,propeller,T4a,,,,
5,,baseline,0.7683645635843277,data/precomputed/fig06/robust_intervention_model_metrics.csv,edge,T4a,,,,
5,,baseline,-0.0077560490267135,data/precomputed/fig06/robust_intervention_model_metrics.csv,MIDD,T4b,,,,
5,,baseline,9.01304702507035,data/precomputed/fig06/robust_intervention_model_metrics.csv,propeller,T4b,,,,
5,,baseline,0.7683645635843277,data/precomputed/fig06/robust_intervention_model_metrics.csv,edge,T4b,,,,
5,,baseline,-0.0077560490267135,data/precomputed/fig06/robust_intervention_model_metrics.csv,MIDD,all_input,,,,
5,,baseline,9.01304702507035,data/precomputed/fig06/robust_intervention_model_metrics.csv,propeller,all_input,,,,
5,,baseline,0.7683645635843277,data/precomputed/fig06/robust_intervention_model_metrics.csv,edge,all_input,,,,
5,,baseline,-0.0077560490267135,data/precomputed/fig06/robust_intervention_model_metrics.csv,MIDD,sham,,,,
5,,baseline,9.01304702507035,data/precomputed/fig06/robust_intervention_model_metrics.csv,propeller,sham,,,,
5,,baseline,0.7683645635843277,data/precomputed/fig06/robust_intervention_model_metrics.csv,edge,sham,,,,
6,,baseline,-0.0208553861915173,data/precomputed/fig06/robust_intervention_model_metrics.csv,MIDD,T4,,,,
6,,baseline,13.122500596120492,data/precomputed/fig06/robust_intervention_model_metrics.csv,propeller,T4,,,,
6,,baseline,1.3713383674621582,data/precomputed/fig06/robust_intervention_model_metrics.csv,edge,T4,,,,
6,,baseline,-0.0208553861915173,data/precomputed/fig06/robust_intervention_model_metrics.csv,MIDD,T4_T5,,,,
6,,baseline,13.122500596120492,data/precomputed/fig06/robust_intervention_model_metrics.csv,propeller,T4_T5,,,,
6,,baseline,1.3713383674621582,data/precomputed/fig06/robust_intervention_model_metrics.csv,edge,T4_T5,,,,
6,,baseline,-0.0208553861915173,data/precomputed/fig06/robust_intervention_model_metrics.csv,MIDD,T4a,,,,
6,,baseline,13.122500596120492,data/precomputed/fig06/robust_intervention_model_metrics.csv,propeller,T4a,,,,
6,,baseline,1.3713383674621582,data/precomputed/fig06/robust_intervention_model_metrics.csv,edge,T4a,,,,
6,,baseline,-0.0208553861915173,data/precomputed/fig06/robust_intervention_model_metrics.csv,MIDD,T4b,,,,
6,,baseline,13.122500596120492,data/precomputed/fig06/robust_intervention_model_metrics.csv,propeller,T4b,,,,
6,,baseline,1.3713383674621582,data/precomputed/fig06/robust_intervention_model_metrics.csv,edge,T4b,,,,
6,,baseline,-0.0208553861915173,data/precomputed/fig06/robust_intervention_model_metrics.csv,MIDD,all_input,,,,
6,,baseline,13.122500596120492,data/precomputed/fig06/robust_intervention_model_metrics.csv,propeller,all_input,,,,
6,,baseline,1.3713383674621582,data/precomputed/fig06/robust_intervention_model_metrics.csv,edge,all_input,,,,
6,,baseline,-0.0208553861915173,data/precomputed/fig06/robust_intervention_model_metrics.csv,MIDD,sham,,,,
6,,baseline,13.122500596120492,data/precomputed/fig06/robust_intervention_model_metrics.csv,propeller,sham,,,,
6,,baseline,1.3713383674621582,data/precomputed/fig06/robust_intervention_model_metrics.csv,edge,sham,,,,
7,,baseline,-0.0012038919532408,data/precomputed/fig06/robust_intervention_model_metrics.csv,MIDD,T4,,,,
7,,baseline,9.876469812298506,data/precomputed/fig06/robust_intervention_model_metrics.csv,propeller,T4,,,,
7,,baseline,0.7420256584882736,data/precomputed/fig06/robust_intervention_model_metrics.csv,edge,T4,,,,
7,,baseline,-0.0012038919532408,data/precomputed/fig06/robust_intervention_model_metrics.csv,MIDD,T4_T5,,,,
7,,baseline,9.876469812298506,data/precomputed/fig06/robust_intervention_model_metrics.csv,propeller,T4_T5,,,,
7,,baseline,0.7420256584882736,data/precomputed/fig06/robust_intervention_model_metrics.csv,edge,T4_T5,,,,
7,,baseline,-0.0012038919532408,data/precomputed/fig06/robust_intervention_model_metrics.csv,MIDD,T4a,,,,
7,,baseline,9.876469812298506,data/precomputed/fig06/robust_intervention_model_metrics.csv,propeller,T4a,,,,
7,,baseline,0.7420256584882736,data/precomputed/fig06/robust_intervention_model_metrics.csv,edge,T4a,,,,
7,,baseline,-0.0012038919532408,data/precomputed/fig06/robust_intervention_model_metrics.csv,MIDD,T4b,,,,
7,,baseline,9.876469812298506,data/precomputed/fig06/robust_intervention_model_metrics.csv,propeller,T4b,,,,
7,,baseline,0.7420256584882736,data/precomputed/fig06/robust_intervention_model_metrics.csv,edge,T4b,,,,
7,,baseline,-0.0012038919532408,data/precomputed/fig06/robust_intervention_model_metrics.csv,MIDD,all_input,,,,
7,,baseline,9.876469812298506,data/precomputed/fig06/robust_intervention_model_metrics.csv,propeller,all_input,,,,
7,,baseline,0.7420256584882736,data/precomputed/fig06/robust_intervention_model_metrics.csv,edge,all_input,,,,
7,,baseline,-0.0012038919532408,data/precomputed/fig06/robust_intervention_model_metrics.csv,MIDD,sham,,,,
7,,baseline,9.876469812298506,data/precomputed/fig06/robust_intervention_model_metrics.csv,propeller,sham,,,,
7,,baseline,0.7420256584882736,data/precomputed/fig06/robust_intervention_model_metrics.csv,edge,sham,,,,
8,,baseline,-0.006436823484137,data/precomputed/fig06/robust_intervention_model_metrics.csv,MIDD,T4,,,,
8,,baseline,8.618413960744963,data/precomputed/fig06/robust_intervention_model_metrics.csv,propeller,T4,,,,
8,,baseline,0.6392169892787933,data/precomputed/fig06/robust_intervention_model_metrics.csv,edge,T4,,,,
8,,baseline,-0.006436823484137,data/precomputed/fig06/robust_intervention_model_metrics.csv,MIDD,T4_T5,,,,
8,,baseline,8.618413960744963,data/precomputed/fig06/robust_intervention_model_metrics.csv,propeller,T4_T5,,,,
8,,baseline,0.6392169892787933,data/precomputed/fig06/robust_intervention_model_metrics.csv,edge,T4_T5,,,,
8,,baseline,-0.006436823484137,data/precomputed/fig06/robust_intervention_model_metrics.csv,MIDD,T4a,,,,
8,,baseline,8.618413960744963,data/precomputed/fig06/robust_intervention_model_metrics.csv,propeller,T4a,,,,
8,,baseline,0.6392169892787933,data/precomputed/fig06/robust_intervention_model_metrics.csv,edge,T4a,,,,
8,,baseline,-0.006436823484137,data/precomputed/fig06/robust_intervention_model_metrics.csv,MIDD,T4b,,,,
8,,baseline,8.618413960744963,data/precomputed/fig06/robust_intervention_model_metrics.csv,propeller,T4b,,,,
8,,baseline,0.6392169892787933,data/precomputed/fig06/robust_intervention_model_metrics.csv,edge,T4b,,,,
8,,baseline,-0.006436823484137,data/precomputed/fig06/robust_intervention_model_metrics.csv,MIDD,all_input,,,,
8,,baseline,8.618413960744963,data/precomputed/fig06/robust_intervention_model_metrics.csv,propeller,all_input,,,,
8,,baseline,0.6392169892787933,data/precomputed/fig06/robust_intervention_model_metrics.csv,edge,all_input,,,,
8,,baseline,-0.006436823484137,data/precomputed/fig06/robust_intervention_model_metrics.csv,MIDD,sham,,,,
8,,baseline,8.618413960744963,data/precomputed/fig06/robust_intervention_model_metrics.csv,propeller,sham,,,,
8,,baseline,0.6392169892787933,data/precomputed/fig06/robust_intervention_model_metrics.csv,edge,sham,,,,
9,,baseline,-0.0081109348842485,data/precomputed/fig06/robust_intervention_model_metrics.csv,MIDD,T4,,,,
9,,baseline,10.44008161071283,data/precomputed/fig06/robust_intervention_model_metrics.csv,propeller,T4,,,,
9,,baseline,1.059555172920227,data/precomputed/fig06/robust_intervention_model_metrics.csv,edge,T4,,,,
9,,baseline,-0.0081109348842485,data/precomputed/fig06/robust_intervention_model_metrics.csv,MIDD,T4_T5,,,,
9,,baseline,10.44008161071283,data/precomputed/fig06/robust_intervention_model_metrics.csv,propeller,T4_T5,,,,
9,,baseline,1.059555172920227,data/precomputed/fig06/robust_intervention_model_metrics.csv,edge,T4_T5,,,,
9,,baseline,-0.0081109348842485,data/precomputed/fig06/robust_intervention_model_metrics.csv,MIDD,T4a,,,,
9,,baseline,10.44008161071283,data/precomputed/fig06/robust_intervention_model_metrics.csv,propeller,T4a,,,,
9,,baseline,1.059555172920227,data/precomputed/fig06/robust_intervention_model_metrics.csv,edge,T4a,,,,
9,,baseline,-0.0081109348842485,data/precomputed/fig06/robust_intervention_model_metrics.csv,MIDD,T4b,,,,
9,,baseline,10.44008161071283,data/precomputed/fig06/robust_intervention_model_metrics.csv,propeller,T4b,,,,
9,,baseline,1.059555172920227,data/precomputed/fig06/robust_intervention_model_metrics.csv,edge,T4b,,,,
9,,baseline,-0.0081109348842485,data/precomputed/fig06/robust_intervention_model_metrics.csv,MIDD,all_input,,,,
9,,baseline,10.44008161071283,data/precomputed/fig06/robust_intervention_model_metrics.csv,propeller,all_input,,,,
9,,baseline,1.059555172920227,data/precomputed/fig06/robust_intervention_model_metrics.csv,edge,all_input,,,,
9,,baseline,-0.0081109348842485,data/precomputed/fig06/robust_intervention_model_metrics.csv,MIDD,sham,,,,
9,,baseline,10.44008161071283,data/precomputed/fig06/robust_intervention_model_metrics.csv,propeller,sham,,,,
9,,baseline,1.059555172920227,data/precomputed/fig06/robust_intervention_model_metrics.csv,edge,sham,,,,
0,,intervention_value,-0.0132060844134086,data/precomputed/fig06/robust_intervention_model_metrics.csv,MIDD,T4,,,,
0,,intervention_value,6.6129439172992655,data/precomputed/fig06/robust_intervention_model_metrics.csv,propeller,T4,,,,
0,,intervention_value,0.8134296536445618,data/precomputed/fig06/robust_intervention_model_metrics.csv,edge,T4,,,,
0,,intervention_value,-0.0013992800492965,data/precomputed/fig06/robust_intervention_model_metrics.csv,MIDD,T4_T5,,,,
0,,intervention_value,4.0060753404148555,data/precomputed/fig06/robust_intervention_model_metrics.csv,propeller,T4_T5,,,,
0,,intervention_value,0.7616375982761383,data/precomputed/fig06/robust_intervention_model_metrics.csv,edge,T4_T5,,,,
0,,intervention_value,-0.0019001189790642,data/precomputed/fig06/robust_intervention_model_metrics.csv,MIDD,T4a,,,,
0,,intervention_value,8.184283920786548,data/precomputed/fig06/robust_intervention_model_metrics.csv,propeller,T4a,,,,
0,,intervention_value,0.3959500938653946,data/precomputed/fig06/robust_intervention_model_metrics.csv,edge,T4a,,,,
0,,intervention_value,-0.0051518913435072,data/precomputed/fig06/robust_intervention_model_metrics.csv,MIDD,T4b,,,,
0,,intervention_value,7.910101035190859,data/precomputed/fig06/robust_intervention_model_metrics.csv,propeller,T4b,,,,
0,,intervention_value,0.8564988970756531,data/precomputed/fig06/robust_intervention_model_metrics.csv,edge,T4b,,,,
0,,intervention_value,0.0,data/precomputed/fig06/robust_intervention_model_metrics.csv,MIDD,all_input,,,,
0,,intervention_value,0.0,data/precomputed/fig06/robust_intervention_model_metrics.csv,propeller,all_input,,,,
0,,intervention_value,0.0,data/precomputed/fig06/robust_intervention_model_metrics.csv,edge,all_input,,,,
0,,intervention_value,-0.0015526310012044,data/precomputed/fig06/robust_intervention_model_metrics.csv,MIDD,sham,,,,
0,,intervention_value,8.906585606965418,data/precomputed/fig06/robust_intervention_model_metrics.csv,propeller,sham,,,,
0,,intervention_value,0.6927138939499855,data/precomputed/fig06/robust_intervention_model_metrics.csv,edge,sham,,,,
1,,intervention_value,-6.423221115835003e-05,data/precomputed/fig06/robust_intervention_model_metrics.csv,MIDD,T4,,,,
1,,intervention_value,2.583220571360628,data/precomputed/fig06/robust_intervention_model_metrics.csv,propeller,T4,,,,
1,,intervention_value,0.1446389779448509,data/precomputed/fig06/robust_intervention_model_metrics.csv,edge,T4,,,,
1,,intervention_value,9.197877663975028e-05,data/precomputed/fig06/robust_intervention_model_metrics.csv,MIDD,T4_T5,,,,
1,,intervention_value,0.8597060156932106,data/precomputed/fig06/robust_intervention_model_metrics.csv,propeller,T4_T5,,,,
1,,intervention_value,0.1000611092895269,data/precomputed/fig06/robust_intervention_model_metrics.csv,edge,T4_T5,,,,
1,,intervention_value,-0.0018347670296335,data/precomputed/fig06/robust_intervention_model_metrics.csv,MIDD,T4a,,,,
1,,intervention_value,8.673179302412924,data/precomputed/fig06/robust_intervention_model_metrics.csv,propeller,T4a,,,,
1,,intervention_value,-0.0309823155403137,data/precomputed/fig06/robust_intervention_model_metrics.csv,edge,T4a,,,,
1,,intervention_value,-0.0014220195047129,data/precomputed/fig06/robust_intervention_model_metrics.csv,MIDD,T4b,,,,
1,,intervention_value,8.407511479090775,data/precomputed/fig06/robust_intervention_model_metrics.csv,propeller,T4b,,,,
1,,intervention_value,0.6706120669841766,data/precomputed/fig06/robust_intervention_model_metrics.csv,edge,T4b,,,,
1,,intervention_value,0.0,data/precomputed/fig06/robust_intervention_model_metrics.csv,MIDD,all_input,,,,
1,,intervention_value,0.0,data/precomputed/fig06/robust_intervention_model_metrics.csv,propeller,all_input,,,,
1,,intervention_value,0.0,data/precomputed/fig06/robust_intervention_model_metrics.csv,edge,all_input,,,,
1,,intervention_value,-0.0014235448683349,data/precomputed/fig06/robust_intervention_model_metrics.csv,MIDD,sham,,,,
1,,intervention_value,11.088136866592418,data/precomputed/fig06/robust_intervention_model_metrics.csv,propeller,sham,,,,
1,,intervention_value,0.6979962885379791,data/precomputed/fig06/robust_intervention_model_metrics.csv,edge,sham,,,,
2,,intervention_value,-0.0001973133191512,data/precomputed/fig06/robust_intervention_model_metrics.csv,MIDD,T4,,,,
2,,intervention_value,3.931736254659575,data/precomputed/fig06/robust_intervention_model_metrics.csv,propeller,T4,,,,
2,,intervention_value,0.3976649940013886,data/precomputed/fig06/robust_intervention_model_metrics.csv,edge,T4,,,,
2,,intervention_value,-0.0004219619037663,data/precomputed/fig06/robust_intervention_model_metrics.csv,MIDD,T4_T5,,,,
2,,intervention_value,2.8262942349706925,data/precomputed/fig06/robust_intervention_model_metrics.csv,propeller,T4_T5,,,,
2,,intervention_value,0.1358014941215515,data/precomputed/fig06/robust_intervention_model_metrics.csv,edge,T4_T5,,,,
2,,intervention_value,-0.0082858278597417,data/precomputed/fig06/robust_intervention_model_metrics.csv,MIDD,T4a,,,,
2,,intervention_value,9.64852495107443,data/precomputed/fig06/robust_intervention_model_metrics.csv,propeller,T4a,,,,
2,,intervention_value,0.4797413200139999,data/precomputed/fig06/robust_intervention_model_metrics.csv,edge,T4a,,,,
2,,intervention_value,-0.0108956160603047,data/precomputed/fig06/robust_intervention_model_metrics.csv,MIDD,T4b,,,,
2,,intervention_value,11.527588088041414,data/precomputed/fig06/robust_intervention_model_metrics.csv,propeller,T4b,,,,
2,,intervention_value,1.1922041177749634,data/precomputed/fig06/robust_intervention_model_metrics.csv,edge,T4b,,,,
2,,intervention_value,0.0,data/precomputed/fig06/robust_intervention_model_metrics.csv,MIDD,all_input,,,,
2,,intervention_value,0.0,data/precomputed/fig06/robust_intervention_model_metrics.csv,propeller,all_input,,,,
2,,intervention_value,0.0,data/precomputed/fig06/robust_intervention_model_metrics.csv,edge,all_input,,,,
2,,intervention_value,-0.0096688057162319,data/precomputed/fig06/robust_intervention_model_metrics.csv,MIDD,sham,,,,
2,,intervention_value,12.812109343878843,data/precomputed/fig06/robust_intervention_model_metrics.csv,propeller,sham,,,,
2,,intervention_value,0.9545801877975464,data/precomputed/fig06/robust_intervention_model_metrics.csv,edge,sham,,,,
3,,intervention_value,-0.0068380384245749,data/precomputed/fig06/robust_intervention_model_metrics.csv,MIDD,T4,,,,
3,,intervention_value,3.2686728906316063,data/precomputed/fig06/robust_intervention_model_metrics.csv,propeller,T4,,,,
3,,intervention_value,0.6437173932790756,data/precomputed/fig06/robust_intervention_model_metrics.csv,edge,T4,,,,
3,,intervention_value,-0.0056734601674818,data/precomputed/fig06/robust_intervention_model_metrics.csv,MIDD,T4_T5,,,,
3,,intervention_value,2.3331467675740196,data/precomputed/fig06/robust_intervention_model_metrics.csv,propeller,T4_T5,,,,
3,,intervention_value,0.1390469707548618,data/precomputed/fig06/robust_intervention_model_metrics.csv,edge,T4_T5,,,,
3,,intervention_value,-0.0263723619187293,data/precomputed/fig06/robust_intervention_model_metrics.csv,MIDD,T4a,,,,
3,,intervention_value,9.141911491438766,data/precomputed/fig06/robust_intervention_model_metrics.csv,propeller,T4a,,,,
3,,intervention_value,0.2652825713157654,data/precomputed/fig06/robust_intervention_model_metrics.csv,edge,T4a,,,,
3,,intervention_value,-0.0274625536859114,data/precomputed/fig06/robust_intervention_model_metrics.csv,MIDD,T4b,,,,
3,,intervention_value,8.498164753519177,data/precomputed/fig06/robust_intervention_model_metrics.csv,propeller,T4b,,,,
3,,intervention_value,1.1101983189582825,data/precomputed/fig06/robust_intervention_model_metrics.csv,edge,T4b,,,,
3,,intervention_value,0.0,data/precomputed/fig06/robust_intervention_model_metrics.csv,MIDD,all_input,,,,
3,,intervention_value,0.0,data/precomputed/fig06/robust_intervention_model_metrics.csv,propeller,all_input,,,,
3,,intervention_value,0.0,data/precomputed/fig06/robust_intervention_model_metrics.csv,edge,all_input,,,,
3,,intervention_value,-0.0285766170163826,data/precomputed/fig06/robust_intervention_model_metrics.csv,MIDD,sham,,,,
3,,intervention_value,10.50775392018895,data/precomputed/fig06/robust_intervention_model_metrics.csv,propeller,sham,,,,
3,,intervention_value,0.9983416497707368,data/precomputed/fig06/robust_intervention_model_metrics.csv,edge,sham,,,,
4,,intervention_value,0.0036231543279464,data/precomputed/fig06/robust_intervention_model_metrics.csv,MIDD,T4,,,,
4,,intervention_value,4.692650571735342,data/precomputed/fig06/robust_intervention_model_metrics.csv,propeller,T4,,,,
4,,intervention_value,0.051593393087387,data/precomputed/fig06/robust_intervention_model_metrics.csv,edge,T4,,,,
4,,intervention_value,0.0039214082594595,data/precomputed/fig06/robust_intervention_model_metrics.csv,MIDD,T4_T5,,,,
4,,intervention_value,3.731186621923557,data/precomputed/fig06/robust_intervention_model_metrics.csv,propeller,T4_T5,,,,
4,,intervention_value,0.130735382437706,data/precomputed/fig06/robust_intervention_model_metrics.csv,edge,T4_T5,,,,
4,,intervention_value,-0.0006316141091094,data/precomputed/fig06/robust_intervention_model_metrics.csv,MIDD,T4a,,,,
4,,intervention_value,8.832097533752897,data/precomputed/fig06/robust_intervention_model_metrics.csv,propeller,T4a,,,,
4,,intervention_value,0.7111156955361366,data/precomputed/fig06/robust_intervention_model_metrics.csv,edge,T4a,,,,
4,,intervention_value,-0.0016300895332628,data/precomputed/fig06/robust_intervention_model_metrics.csv,MIDD,T4b,,,,
4,,intervention_value,7.757578133313055,data/precomputed/fig06/robust_intervention_model_metrics.csv,propeller,T4b,,,,
4,,intervention_value,0.167389839887619,data/precomputed/fig06/robust_intervention_model_metrics.csv,edge,T4b,,,,
4,,intervention_value,0.0,data/precomputed/fig06/robust_intervention_model_metrics.csv,MIDD,all_input,,,,
4,,intervention_value,0.0,data/precomputed/fig06/robust_intervention_model_metrics.csv,propeller,all_input,,,,
4,,intervention_value,0.0,data/precomputed/fig06/robust_intervention_model_metrics.csv,edge,all_input,,,,
4,,intervention_value,0.0002774694731276,data/precomputed/fig06/robust_intervention_model_metrics.csv,MIDD,sham,,,,
4,,intervention_value,10.90738184140472,data/precomputed/fig06/robust_intervention_model_metrics.csv,propeller,sham,,,,
4,,intervention_value,0.8192887753248215,data/precomputed/fig06/robust_intervention_model_metrics.csv,edge,sham,,,,
5,,intervention_value,-0.0020674251793089,data/precomputed/fig06/robust_intervention_model_metrics.csv,MIDD,T4,,,,
5,,intervention_value,3.4538697027429848,data/precomputed/fig06/robust_intervention_model_metrics.csv,propeller,T4,,,,
5,,intervention_value,0.3551967293024062,data/precomputed/fig06/robust_intervention_model_metrics.csv,edge,T4,,,,
5,,intervention_value,0.000578835456787,data/precomputed/fig06/robust_intervention_model_metrics.csv,MIDD,T4_T5,,,,
5,,intervention_value,2.043279575486516,data/precomputed/fig06/robust_intervention_model_metrics.csv,propeller,T4_T5,,,,
5,,intervention_value,0.4332059100270272,data/precomputed/fig06/robust_intervention_model_metrics.csv,edge,T4_T5,,,,
5,,intervention_value,-0.008494110595949,data/precomputed/fig06/robust_intervention_model_metrics.csv,MIDD,T4a,,,,
5,,intervention_value,6.828724261460433,data/precomputed/fig06/robust_intervention_model_metrics.csv,propeller,T4a,,,,
5,,intervention_value,0.7500472515821457,data/precomputed/fig06/robust_intervention_model_metrics.csv,edge,T4a,,,,
5,,intervention_value,-0.0091537943348212,data/precomputed/fig06/robust_intervention_model_metrics.csv,MIDD,T4b,,,,
5,,intervention_value,6.981448185569794,data/precomputed/fig06/robust_intervention_model_metrics.csv,propeller,T4b,,,,
5,,intervention_value,0.3832949697971344,data/precomputed/fig06/robust_intervention_model_metrics.csv,edge,T4b,,,,
5,,intervention_value,0.0,data/precomputed/fig06/robust_intervention_model_metrics.csv,MIDD,all_input,,,,
5,,intervention_value,0.0,data/precomputed/fig06/robust_intervention_model_metrics.csv,propeller,all_input,,,,
5,,intervention_value,0.0,data/precomputed/fig06/robust_intervention_model_metrics.csv,edge,all_input,,,,
5,,intervention_value,-0.0063520097968999,data/precomputed/fig06/robust_intervention_model_metrics.csv,MIDD,sham,,,,
5,,intervention_value,7.425657617396241,data/precomputed/fig06/robust_intervention_model_metrics.csv,propeller,sham,,,,
5,,intervention_value,0.7186826765537262,data/precomputed/fig06/robust_intervention_model_metrics.csv,edge,sham,,,,
6,,intervention_value,-0.005142249684667,data/precomputed/fig06/robust_intervention_model_metrics.csv,MIDD,T4,,,,
6,,intervention_value,5.994526621362234,data/precomputed/fig06/robust_intervention_model_metrics.csv,propeller,T4,,,,
6,,intervention_value,0.8708164691925049,data/precomputed/fig06/robust_intervention_model_metrics.csv,edge,T4,,,,
6,,intervention_value,-0.0025873924553516,data/precomputed/fig06/robust_intervention_model_metrics.csv,MIDD,T4_T5,,,,
6,,intervention_value,4.368213019984726,data/precomputed/fig06/robust_intervention_model_metrics.csv,propeller,T4_T5,,,,
6,,intervention_value,0.3566135168075561,data/precomputed/fig06/robust_intervention_model_metrics.csv,edge,T4_T5,,,,
6,,intervention_value,-0.0162874957310935,data/precomputed/fig06/robust_intervention_model_metrics.csv,MIDD,T4a,,,,
6,,intervention_value,11.155828767510936,data/precomputed/fig06/robust_intervention_model_metrics.csv,propeller,T4a,,,,
6,,intervention_value,1.5717031955718994,data/precomputed/fig06/robust_intervention_model_metrics.csv,edge,T4a,,,,
6,,intervention_value,-0.0217546240770252,data/precomputed/fig06/robust_intervention_model_metrics.csv,MIDD,T4b,,,,
6,,intervention_value,13.917980510995726,data/precomputed/fig06/robust_intervention_model_metrics.csv,propeller,T4b,,,,
6,,intervention_value,1.3627251386642456,data/precomputed/fig06/robust_intervention_model_metrics.csv,edge,T4b,,,,
6,,intervention_value,0.0,data/precomputed/fig06/robust_intervention_model_metrics.csv,MIDD,all_input,,,,
6,,intervention_value,0.0,data/precomputed/fig06/robust_intervention_model_metrics.csv,propeller,all_input,,,,
6,,intervention_value,0.0,data/precomputed/fig06/robust_intervention_model_metrics.csv,edge,all_input,,,,
6,,intervention_value,-0.0207214908823736,data/precomputed/fig06/robust_intervention_model_metrics.csv,MIDD,sham,,,,
6,,intervention_value,12.776132290011985,data/precomputed/fig06/robust_intervention_model_metrics.csv,propeller,sham,,,,
6,,intervention_value,1.2238501608371737,data/precomputed/fig06/robust_intervention_model_metrics.csv,edge,sham,,,,
7,,intervention_value,0.0005713297488463,data/precomputed/fig06/robust_intervention_model_metrics.csv,MIDD,T4,,,,
7,,intervention_value,3.7477691337910306,data/precomputed/fig06/robust_intervention_model_metrics.csv,propeller,T4,,,,
7,,intervention_value,0.2656844407320022,data/precomputed/fig06/robust_intervention_model_metrics.csv,edge,T4,,,,
7,,intervention_value,0.0012532298457001,data/precomputed/fig06/robust_intervention_model_metrics.csv,MIDD,T4_T5,,,,
7,,intervention_value,2.716745656632609,data/precomputed/fig06/robust_intervention_model_metrics.csv,propeller,T4_T5,,,,
7,,intervention_value,0.1052837930619716,data/precomputed/fig06/robust_intervention_model_metrics.csv,edge,T4_T5,,,,
7,,intervention_value,-0.000299374432202,data/precomputed/fig06/robust_intervention_model_metrics.csv,MIDD,T4a,,,,
7,,intervention_value,8.672855944364308,data/precomputed/fig06/robust_intervention_model_metrics.csv,propeller,T4a,,,,
7,,intervention_value,0.2961654067039489,data/precomputed/fig06/robust_intervention_model_metrics.csv,edge,T4a,,,,
7,,intervention_value,-0.0033859643282975,data/precomputed/fig06/robust_intervention_model_metrics.csv,MIDD,T4b,,,,
7,,intervention_value,7.561116148496555,data/precomputed/fig06/robust_intervention_model_metrics.csv,propeller,T4b,,,,
7,,intervention_value,0.5354278180748224,data/precomputed/fig06/robust_intervention_model_metrics.csv,edge,T4b,,,,
7,,intervention_value,0.0,data/precomputed/fig06/robust_intervention_model_metrics.csv,MIDD,all_input,,,,
7,,intervention_value,0.0,data/precomputed/fig06/robust_intervention_model_metrics.csv,propeller,all_input,,,,
7,,intervention_value,0.0,data/precomputed/fig06/robust_intervention_model_metrics.csv,edge,all_input,,,,
7,,intervention_value,-0.0012719859047267,data/precomputed/fig06/robust_intervention_model_metrics.csv,MIDD,sham,,,,
7,,intervention_value,9.880271051992214,data/precomputed/fig06/robust_intervention_model_metrics.csv,propeller,sham,,,,
7,,intervention_value,0.7428122460842133,data/precomputed/fig06/robust_intervention_model_metrics.csv,edge,sham,,,,
8,,intervention_value,0.0025177384994574,data/precomputed/fig06/robust_intervention_model_metrics.csv,MIDD,T4,,,,
8,,intervention_value,3.735561182822226,data/precomputed/fig06/robust_intervention_model_metrics.csv,propeller,T4,,,,
8,,intervention_value,1.150480479001999,data/precomputed/fig06/robust_intervention_model_metrics.csv,edge,T4,,,,
8,,intervention_value,0.0040529258032465,data/precomputed/fig06/robust_intervention_model_metrics.csv,MIDD,T4_T5,,,,
8,,intervention_value,3.603086713460842,data/precomputed/fig06/robust_intervention_model_metrics.csv,propeller,T4_T5,,,,
8,,intervention_value,-0.3168385922908784,data/precomputed/fig06/robust_intervention_model_metrics.csv,edge,T4_T5,,,,
8,,intervention_value,-0.0048854494709906,data/precomputed/fig06/robust_intervention_model_metrics.csv,MIDD,T4a,,,,
8,,intervention_value,7.471508026413975,data/precomputed/fig06/robust_intervention_model_metrics.csv,propeller,T4a,,,,
8,,intervention_value,0.1449706256389618,data/precomputed/fig06/robust_intervention_model_metrics.csv,edge,T4a,,,,
8,,intervention_value,-0.0050595584236151,data/precomputed/fig06/robust_intervention_model_metrics.csv,MIDD,T4b,,,,
8,,intervention_value,8.034526376743862,data/precomputed/fig06/robust_intervention_model_metrics.csv,propeller,T4b,,,,
8,,intervention_value,0.6992141902446747,data/precomputed/fig06/robust_intervention_model_metrics.csv,edge,T4b,,,,
8,,intervention_value,0.0,data/precomputed/fig06/robust_intervention_model_metrics.csv,MIDD,all_input,,,,
8,,intervention_value,0.0,data/precomputed/fig06/robust_intervention_model_metrics.csv,propeller,all_input,,,,
8,,intervention_value,0.0,data/precomputed/fig06/robust_intervention_model_metrics.csv,edge,all_input,,,,
8,,intervention_value,-0.0063845633203027,data/precomputed/fig06/robust_intervention_model_metrics.csv,MIDD,sham,,,,
8,,intervention_value,8.651579758486502,data/precomputed/fig06/robust_intervention_model_metrics.csv,propeller,sham,,,,
8,,intervention_value,0.6748881936073302,data/precomputed/fig06/robust_intervention_model_metrics.csv,edge,sham,,,,
9,,intervention_value,0.0020151755363653,data/precomputed/fig06/robust_intervention_model_metrics.csv,MIDD,T4,,,,
9,,intervention_value,4.540267965345738,data/precomputed/fig06/robust_intervention_model_metrics.csv,propeller,T4,,,,
9,,intervention_value,-0.1758323311805725,data/precomputed/fig06/robust_intervention_model_metrics.csv,edge,T4,,,,
9,,intervention_value,0.0014527931602739,data/precomputed/fig06/robust_intervention_model_metrics.csv,MIDD,T4_T5,,,,
9,,intervention_value,4.070360947555455,data/precomputed/fig06/robust_intervention_model_metrics.csv,propeller,T4_T5,,,,
9,,intervention_value,-0.1436981558799743,data/precomputed/fig06/robust_intervention_model_metrics.csv,edge,T4_T5,,,,
9,,intervention_value,-0.0079597336671324,data/precomputed/fig06/robust_intervention_model_metrics.csv,MIDD,T4a,,,,
9,,intervention_value,8.373800339707708,data/precomputed/fig06/robust_intervention_model_metrics.csv,propeller,T4a,,,,
9,,intervention_value,0.7720922529697418,data/precomputed/fig06/robust_intervention_model_metrics.csv,edge,T4a,,,,
9,,intervention_value,-0.0089038278641955,data/precomputed/fig06/robust_intervention_model_metrics.csv,MIDD,T4b,,,,
9,,intervention_value,8.751089383394408,data/precomputed/fig06/robust_intervention_model_metrics.csv,propeller,T4b,,,,
9,,intervention_value,0.3608357096090913,data/precomputed/fig06/robust_intervention_model_metrics.csv,edge,T4b,,,,
9,,intervention_value,0.0,data/precomputed/fig06/robust_intervention_model_metrics.csv,MIDD,all_input,,,,
9,,intervention_value,0.0,data/precomputed/fig06/robust_intervention_model_metrics.csv,propeller,all_input,,,,
9,,intervention_value,0.0,data/precomputed/fig06/robust_intervention_model_metrics.csv,edge,all_input,,,,
9,,intervention_value,-0.0082633994317528,data/precomputed/fig06/robust_intervention_model_metrics.csv,MIDD,sham,,,,
9,,intervention_value,10.318322054961165,data/precomputed/fig06/robust_intervention_model_metrics.csv,propeller,sham,,,,
9,,intervention_value,1.090602457523346,data/precomputed/fig06/robust_intervention_model_metrics.csv,edge,sham,,,,
0,,G_noop,0.1897871508888358,data/precomputed/fig06/robust_intervention_model_metrics.csv,MIDD,T4,,,,
0,,G_noop,10.712048544383965,data/precomputed/fig06/robust_intervention_model_metrics.csv,propeller,T4,,,,
0,,G_noop,1.153256419735439,data/precomputed/fig06/robust_intervention_model_metrics.csv,edge,T4,,,,
0,,G_noop,0.1897871508888358,data/precomputed/fig06/robust_intervention_model_metrics.csv,MIDD,T4_T5,,,,
0,,G_noop,10.712048544383965,data/precomputed/fig06/robust_intervention_model_metrics.csv,propeller,T4_T5,,,,
0,,G_noop,1.153256419735439,data/precomputed/fig06/robust_intervention_model_metrics.csv,edge,T4_T5,,,,
0,,G_noop,0.1897871508888358,data/precomputed/fig06/robust_intervention_model_metrics.csv,MIDD,T4a,,,,
0,,G_noop,10.712048544383965,data/precomputed/fig06/robust_intervention_model_metrics.csv,propeller,T4a,,,,
0,,G_noop,1.153256419735439,data/precomputed/fig06/robust_intervention_model_metrics.csv,edge,T4a,,,,
0,,G_noop,0.1897871508888358,data/precomputed/fig06/robust_intervention_model_metrics.csv,MIDD,T4b,,,,
0,,G_noop,10.712048544383965,data/precomputed/fig06/robust_intervention_model_metrics.csv,propeller,T4b,,,,
0,,G_noop,1.153256419735439,data/precomputed/fig06/robust_intervention_model_metrics.csv,edge,T4b,,,,
0,,G_noop,0.1897871508888358,data/precomputed/fig06/robust_intervention_model_metrics.csv,MIDD,all_input,,,,
0,,G_noop,10.712048544383965,data/precomputed/fig06/robust_intervention_model_metrics.csv,propeller,all_input,,,,
0,,G_noop,1.153256419735439,data/precomputed/fig06/robust_intervention_model_metrics.csv,edge,all_input,,,,
0,,G_noop,0.1897871508888358,data/precomputed/fig06/robust_intervention_model_metrics.csv,MIDD,sham,,,,
0,,G_noop,10.712048544383965,data/precomputed/fig06/robust_intervention_model_metrics.csv,propeller,sham,,,,
0,,G_noop,1.153256419735439,data/precomputed/fig06/robust_intervention_model_metrics.csv,edge,sham,,,,
1,,G_noop,0.1545959051110483,data/precomputed/fig06/robust_intervention_model_metrics.csv,MIDD,T4,,,,
1,,G_noop,11.46740639402546,data/precomputed/fig06/robust_intervention_model_metrics.csv,propeller,T4,,,,
1,,G_noop,0.8793052854654859,data/precomputed/fig06/robust_intervention_model_metrics.csv,edge,T4,,,,
1,,G_noop,0.1545959051110483,data/precomputed/fig06/robust_intervention_model_metrics.csv,MIDD,T4_T5,,,,
1,,G_noop,11.46740639402546,data/precomputed/fig06/robust_intervention_model_metrics.csv,propeller,T4_T5,,,,
1,,G_noop,0.8793052854654859,data/precomputed/fig06/robust_intervention_model_metrics.csv,edge,T4_T5,,,,
1,,G_noop,0.1545959051110483,data/precomputed/fig06/robust_intervention_model_metrics.csv,MIDD,T4a,,,,
1,,G_noop,11.46740639402546,data/precomputed/fig06/robust_intervention_model_metrics.csv,propeller,T4a,,,,
1,,G_noop,0.8793052854654859,data/precomputed/fig06/robust_intervention_model_metrics.csv,edge,T4a,,,,
1,,G_noop,0.1545959051110483,data/precomputed/fig06/robust_intervention_model_metrics.csv,MIDD,T4b,,,,
1,,G_noop,11.46740639402546,data/precomputed/fig06/robust_intervention_model_metrics.csv,propeller,T4b,,,,
1,,G_noop,0.8793052854654859,data/precomputed/fig06/robust_intervention_model_metrics.csv,edge,T4b,,,,
1,,G_noop,0.1545959051110483,data/precomputed/fig06/robust_intervention_model_metrics.csv,MIDD,all_input,,,,
1,,G_noop,11.46740639402546,data/precomputed/fig06/robust_intervention_model_metrics.csv,propeller,all_input,,,,
1,,G_noop,0.8793052854654859,data/precomputed/fig06/robust_intervention_model_metrics.csv,edge,all_input,,,,
1,,G_noop,0.1545959051110483,data/precomputed/fig06/robust_intervention_model_metrics.csv,MIDD,sham,,,,
1,,G_noop,11.46740639402546,data/precomputed/fig06/robust_intervention_model_metrics.csv,propeller,sham,,,,
1,,G_noop,0.8793052854654859,data/precomputed/fig06/robust_intervention_model_metrics.csv,edge,sham,,,,
2,,G_noop,0.1192112247061295,data/precomputed/fig06/robust_intervention_model_metrics.csv,MIDD,T4,,,,
2,,G_noop,13.475205902955963,data/precomputed/fig06/robust_intervention_model_metrics.csv,propeller,T4,,,,
2,,G_noop,1.2676737903741342,data/precomputed/fig06/robust_intervention_model_metrics.csv,edge,T4,,,,
2,,G_noop,0.1192112247061295,data/precomputed/fig06/robust_intervention_model_metrics.csv,MIDD,T4_T5,,,,
2,,G_noop,13.475205902955963,data/precomputed/fig06/robust_intervention_model_metrics.csv,propeller,T4_T5,,,,
2,,G_noop,1.2676737903741342,data/precomputed/fig06/robust_intervention_model_metrics.csv,edge,T4_T5,,,,
2,,G_noop,0.1192112247061295,data/precomputed/fig06/robust_intervention_model_metrics.csv,MIDD,T4a,,,,
2,,G_noop,13.475205902955963,data/precomputed/fig06/robust_intervention_model_metrics.csv,propeller,T4a,,,,
2,,G_noop,1.2676737903741342,data/precomputed/fig06/robust_intervention_model_metrics.csv,edge,T4a,,,,
2,,G_noop,0.1192112247061295,data/precomputed/fig06/robust_intervention_model_metrics.csv,MIDD,T4b,,,,
2,,G_noop,13.475205902955963,data/precomputed/fig06/robust_intervention_model_metrics.csv,propeller,T4b,,,,
2,,G_noop,1.2676737903741342,data/precomputed/fig06/robust_intervention_model_metrics.csv,edge,T4b,,,,
2,,G_noop,0.1192112247061295,data/precomputed/fig06/robust_intervention_model_metrics.csv,MIDD,all_input,,,,
2,,G_noop,13.475205902955963,data/precomputed/fig06/robust_intervention_model_metrics.csv,propeller,all_input,,,,
2,,G_noop,1.2676737903741342,data/precomputed/fig06/robust_intervention_model_metrics.csv,edge,all_input,,,,
2,,G_noop,0.1192112247061295,data/precomputed/fig06/robust_intervention_model_metrics.csv,MIDD,sham,,,,
2,,G_noop,13.475205902955963,data/precomputed/fig06/robust_intervention_model_metrics.csv,propeller,sham,,,,
2,,G_noop,1.2676737903741342,data/precomputed/fig06/robust_intervention_model_metrics.csv,edge,sham,,,,
3,,G_noop,0.1151964329640717,data/precomputed/fig06/robust_intervention_model_metrics.csv,MIDD,T4,,,,
3,,G_noop,11.774935871723592,data/precomputed/fig06/robust_intervention_model_metrics.csv,propeller,T4,,,,
3,,G_noop,1.2407535377538237,data/precomputed/fig06/robust_intervention_model_metrics.csv,edge,T4,,,,
3,,G_noop,0.1151964329640717,data/precomputed/fig06/robust_intervention_model_metrics.csv,MIDD,T4_T5,,,,
3,,G_noop,11.774935871723592,data/precomputed/fig06/robust_intervention_model_metrics.csv,propeller,T4_T5,,,,
3,,G_noop,1.2407535377538237,data/precomputed/fig06/robust_intervention_model_metrics.csv,edge,T4_T5,,,,
3,,G_noop,0.1151964329640717,data/precomputed/fig06/robust_intervention_model_metrics.csv,MIDD,T4a,,,,
3,,G_noop,11.774935871723592,data/precomputed/fig06/robust_intervention_model_metrics.csv,propeller,T4a,,,,
3,,G_noop,1.2407535377538237,data/precomputed/fig06/robust_intervention_model_metrics.csv,edge,T4a,,,,
3,,G_noop,0.1151964329640717,data/precomputed/fig06/robust_intervention_model_metrics.csv,MIDD,T4b,,,,
3,,G_noop,11.774935871723592,data/precomputed/fig06/robust_intervention_model_metrics.csv,propeller,T4b,,,,
3,,G_noop,1.2407535377538237,data/precomputed/fig06/robust_intervention_model_metrics.csv,edge,T4b,,,,
3,,G_noop,0.1151964329640717,data/precomputed/fig06/robust_intervention_model_metrics.csv,MIDD,all_input,,,,
3,,G_noop,11.774935871723592,data/precomputed/fig06/robust_intervention_model_metrics.csv,propeller,all_input,,,,
3,,G_noop,1.2407535377538237,data/precomputed/fig06/robust_intervention_model_metrics.csv,edge,all_input,,,,
3,,G_noop,0.1151964329640717,data/precomputed/fig06/robust_intervention_model_metrics.csv,MIDD,sham,,,,
3,,G_noop,11.774935871723592,data/precomputed/fig06/robust_intervention_model_metrics.csv,propeller,sham,,,,
3,,G_noop,1.2407535377538237,data/precomputed/fig06/robust_intervention_model_metrics.csv,edge,sham,,,,
4,,G_noop,0.253070628571226,data/precomputed/fig06/robust_intervention_model_metrics.csv,MIDD,T4,,,,
4,,G_noop,11.809723814510516,data/precomputed/fig06/robust_intervention_model_metrics.csv,propeller,T4,,,,
4,,G_noop,1.11541252806043,data/precomputed/fig06/robust_intervention_model_metrics.csv,edge,T4,,,,
4,,G_noop,0.253070628571226,data/precomputed/fig06/robust_intervention_model_metrics.csv,MIDD,T4_T5,,,,
4,,G_noop,11.809723814510516,data/precomputed/fig06/robust_intervention_model_metrics.csv,propeller,T4_T5,,,,
4,,G_noop,1.11541252806043,data/precomputed/fig06/robust_intervention_model_metrics.csv,edge,T4_T5,,,,
4,,G_noop,0.253070628571226,data/precomputed/fig06/robust_intervention_model_metrics.csv,MIDD,T4a,,,,
4,,G_noop,11.809723814510516,data/precomputed/fig06/robust_intervention_model_metrics.csv,propeller,T4a,,,,
4,,G_noop,1.11541252806043,data/precomputed/fig06/robust_intervention_model_metrics.csv,edge,T4a,,,,
4,,G_noop,0.253070628571226,data/precomputed/fig06/robust_intervention_model_metrics.csv,MIDD,T4b,,,,
4,,G_noop,11.809723814510516,data/precomputed/fig06/robust_intervention_model_metrics.csv,propeller,T4b,,,,
4,,G_noop,1.11541252806043,data/precomputed/fig06/robust_intervention_model_metrics.csv,edge,T4b,,,,
4,,G_noop,0.253070628571226,data/precomputed/fig06/robust_intervention_model_metrics.csv,MIDD,all_input,,,,
4,,G_noop,11.809723814510516,data/precomputed/fig06/robust_intervention_model_metrics.csv,propeller,all_input,,,,
4,,G_noop,1.11541252806043,data/precomputed/fig06/robust_intervention_model_metrics.csv,edge,all_input,,,,
4,,G_noop,0.253070628571226,data/precomputed/fig06/robust_intervention_model_metrics.csv,MIDD,sham,,,,
4,,G_noop,11.809723814510516,data/precomputed/fig06/robust_intervention_model_metrics.csv,propeller,sham,,,,
4,,G_noop,1.11541252806043,data/precomputed/fig06/robust_intervention_model_metrics.csv,edge,sham,,,,
5,,G_noop,0.1175816819270321,data/precomputed/fig06/robust_intervention_model_metrics.csv,MIDD,T4,,,,
5,,G_noop,9.537280254747897,data/precomputed/fig06/robust_intervention_model_metrics.csv,propeller,T4,,,,
5,,G_noop,0.9197891551677232,data/precomputed/fig06/robust_intervention_model_metrics.csv,edge,T4,,,,
5,,G_noop,0.1175816819270321,data/precomputed/fig06/robust_intervention_model_metrics.csv,MIDD,T4_T5,,,,
5,,G_noop,9.537280254747897,data/precomputed/fig06/robust_intervention_model_metrics.csv,propeller,T4_T5,,,,
5,,G_noop,0.9197891551677232,data/precomputed/fig06/robust_intervention_model_metrics.csv,edge,T4_T5,,,,
5,,G_noop,0.1175816819270321,data/precomputed/fig06/robust_intervention_model_metrics.csv,MIDD,T4a,,,,
5,,G_noop,9.537280254747897,data/precomputed/fig06/robust_intervention_model_metrics.csv,propeller,T4a,,,,
5,,G_noop,0.9197891551677232,data/precomputed/fig06/robust_intervention_model_metrics.csv,edge,T4a,,,,
5,,G_noop,0.1175816819270321,data/precomputed/fig06/robust_intervention_model_metrics.csv,MIDD,T4b,,,,
5,,G_noop,9.537280254747897,data/precomputed/fig06/robust_intervention_model_metrics.csv,propeller,T4b,,,,
5,,G_noop,0.9197891551677232,data/precomputed/fig06/robust_intervention_model_metrics.csv,edge,T4b,,,,
5,,G_noop,0.1175816819270321,data/precomputed/fig06/robust_intervention_model_metrics.csv,MIDD,all_input,,,,
5,,G_noop,9.537280254747897,data/precomputed/fig06/robust_intervention_model_metrics.csv,propeller,all_input,,,,
5,,G_noop,0.9197891551677232,data/precomputed/fig06/robust_intervention_model_metrics.csv,edge,all_input,,,,
5,,G_noop,0.1175816819270321,data/precomputed/fig06/robust_intervention_model_metrics.csv,MIDD,sham,,,,
5,,G_noop,9.537280254747897,data/precomputed/fig06/robust_intervention_model_metrics.csv,propeller,sham,,,,
5,,G_noop,0.9197891551677232,data/precomputed/fig06/robust_intervention_model_metrics.csv,edge,sham,,,,
6,,G_noop,0.1298746298091179,data/precomputed/fig06/robust_intervention_model_metrics.csv,MIDD,T4,,,,
6,,G_noop,13.796479570190456,data/precomputed/fig06/robust_intervention_model_metrics.csv,propeller,T4,,,,
6,,G_noop,1.8577012311038152,data/precomputed/fig06/robust_intervention_model_metrics.csv,edge,T4,,,,
6,,G_noop,0.1298746298091179,data/precomputed/fig06/robust_intervention_model_metrics.csv,MIDD,T4_T5,,,,
6,,G_noop,13.796479570190456,data/precomputed/fig06/robust_intervention_model_metrics.csv,propeller,T4_T5,,,,
6,,G_noop,1.8577012311038152,data/precomputed/fig06/robust_intervention_model_metrics.csv,edge,T4_T5,,,,
6,,G_noop,0.1298746298091179,data/precomputed/fig06/robust_intervention_model_metrics.csv,MIDD,T4a,,,,
6,,G_noop,13.796479570190456,data/precomputed/fig06/robust_intervention_model_metrics.csv,propeller,T4a,,,,
6,,G_noop,1.8577012311038152,data/precomputed/fig06/robust_intervention_model_metrics.csv,edge,T4a,,,,
6,,G_noop,0.1298746298091179,data/precomputed/fig06/robust_intervention_model_metrics.csv,MIDD,T4b,,,,
6,,G_noop,13.796479570190456,data/precomputed/fig06/robust_intervention_model_metrics.csv,propeller,T4b,,,,
6,,G_noop,1.8577012311038152,data/precomputed/fig06/robust_intervention_model_metrics.csv,edge,T4b,,,,
6,,G_noop,0.1298746298091179,data/precomputed/fig06/robust_intervention_model_metrics.csv,MIDD,all_input,,,,
6,,G_noop,13.796479570190456,data/precomputed/fig06/robust_intervention_model_metrics.csv,propeller,all_input,,,,
6,,G_noop,1.8577012311038152,data/precomputed/fig06/robust_intervention_model_metrics.csv,edge,all_input,,,,
6,,G_noop,0.1298746298091179,data/precomputed/fig06/robust_intervention_model_metrics.csv,MIDD,sham,,,,
6,,G_noop,13.796479570190456,data/precomputed/fig06/robust_intervention_model_metrics.csv,propeller,sham,,,,
6,,G_noop,1.8577012311038152,data/precomputed/fig06/robust_intervention_model_metrics.csv,edge,sham,,,,
7,,G_noop,0.2146289459324601,data/precomputed/fig06/robust_intervention_model_metrics.csv,MIDD,T4,,,,
7,,G_noop,10.59959871520802,data/precomputed/fig06/robust_intervention_model_metrics.csv,propeller,T4,,,,
7,,G_noop,1.0560803193251092,data/precomputed/fig06/robust_intervention_model_metrics.csv,edge,T4,,,,
7,,G_noop,0.2146289459324601,data/precomputed/fig06/robust_intervention_model_metrics.csv,MIDD,T4_T5,,,,
7,,G_noop,10.59959871520802,data/precomputed/fig06/robust_intervention_model_metrics.csv,propeller,T4_T5,,,,
7,,G_noop,1.0560803193251092,data/precomputed/fig06/robust_intervention_model_metrics.csv,edge,T4_T5,,,,
7,,G_noop,0.2146289459324601,data/precomputed/fig06/robust_intervention_model_metrics.csv,MIDD,T4a,,,,
7,,G_noop,10.59959871520802,data/precomputed/fig06/robust_intervention_model_metrics.csv,propeller,T4a,,,,
7,,G_noop,1.0560803193251092,data/precomputed/fig06/robust_intervention_model_metrics.csv,edge,T4a,,,,
7,,G_noop,0.2146289459324601,data/precomputed/fig06/robust_intervention_model_metrics.csv,MIDD,T4b,,,,
7,,G_noop,10.59959871520802,data/precomputed/fig06/robust_intervention_model_metrics.csv,propeller,T4b,,,,
7,,G_noop,1.0560803193251092,data/precomputed/fig06/robust_intervention_model_metrics.csv,edge,T4b,,,,
7,,G_noop,0.2146289459324601,data/precomputed/fig06/robust_intervention_model_metrics.csv,MIDD,all_input,,,,
7,,G_noop,10.59959871520802,data/precomputed/fig06/robust_intervention_model_metrics.csv,propeller,all_input,,,,
7,,G_noop,1.0560803193251092,data/precomputed/fig06/robust_intervention_model_metrics.csv,edge,all_input,,,,
7,,G_noop,0.2146289459324601,data/precomputed/fig06/robust_intervention_model_metrics.csv,MIDD,sham,,,,
7,,G_noop,10.59959871520802,data/precomputed/fig06/robust_intervention_model_metrics.csv,propeller,sham,,,,
7,,G_noop,1.0560803193251092,data/precomputed/fig06/robust_intervention_model_metrics.csv,edge,sham,,,,
8,,G_noop,0.1613340953267161,data/precomputed/fig06/robust_intervention_model_metrics.csv,MIDD,T4,,,,
8,,G_noop,9.085153498762502,data/precomputed/fig06/robust_intervention_model_metrics.csv,propeller,T4,,,,
8,,G_noop,0.7592300732361756,data/precomputed/fig06/robust_intervention_model_metrics.csv,edge,T4,,,,
8,,G_noop,0.1613340953267161,data/precomputed/fig06/robust_intervention_model_metrics.csv,MIDD,T4_T5,,,,
8,,G_noop,9.085153498762502,data/precomputed/fig06/robust_intervention_model_metrics.csv,propeller,T4_T5,,,,
8,,G_noop,0.7592300732361756,data/precomputed/fig06/robust_intervention_model_metrics.csv,edge,T4_T5,,,,
8,,G_noop,0.1613340953267161,data/precomputed/fig06/robust_intervention_model_metrics.csv,MIDD,T4a,,,,
8,,G_noop,9.085153498762502,data/precomputed/fig06/robust_intervention_model_metrics.csv,propeller,T4a,,,,
8,,G_noop,0.7592300732361756,data/precomputed/fig06/robust_intervention_model_metrics.csv,edge,T4a,,,,
8,,G_noop,0.1613340953267161,data/precomputed/fig06/robust_intervention_model_metrics.csv,MIDD,T4b,,,,
8,,G_noop,9.085153498762502,data/precomputed/fig06/robust_intervention_model_metrics.csv,propeller,T4b,,,,
8,,G_noop,0.7592300732361756,data/precomputed/fig06/robust_intervention_model_metrics.csv,edge,T4b,,,,
8,,G_noop,0.1613340953267161,data/precomputed/fig06/robust_intervention_model_metrics.csv,MIDD,all_input,,,,
8,,G_noop,9.085153498762502,data/precomputed/fig06/robust_intervention_model_metrics.csv,propeller,all_input,,,,
8,,G_noop,0.7592300732361756,data/precomputed/fig06/robust_intervention_model_metrics.csv,edge,all_input,,,,
8,,G_noop,0.1613340953267161,data/precomputed/fig06/robust_intervention_model_metrics.csv,MIDD,sham,,,,
8,,G_noop,9.085153498762502,data/precomputed/fig06/robust_intervention_model_metrics.csv,propeller,sham,,,,
8,,G_noop,0.7592300732361756,data/precomputed/fig06/robust_intervention_model_metrics.csv,edge,sham,,,,
9,,G_noop,0.2038240248016387,data/precomputed/fig06/robust_intervention_model_metrics.csv,MIDD,T4,,,,
9,,G_noop,11.006765718833003,data/precomputed/fig06/robust_intervention_model_metrics.csv,propeller,T4,,,,
9,,G_noop,1.4064832449742393,data/precomputed/fig06/robust_intervention_model_metrics.csv,edge,T4,,,,
9,,G_noop,0.2038240248016387,data/precomputed/fig06/robust_intervention_model_metrics.csv,MIDD,T4_T5,,,,
9,,G_noop,11.006765718833003,data/precomputed/fig06/robust_intervention_model_metrics.csv,propeller,T4_T5,,,,
9,,G_noop,1.4064832449742393,data/precomputed/fig06/robust_intervention_model_metrics.csv,edge,T4_T5,,,,
9,,G_noop,0.2038240248016387,data/precomputed/fig06/robust_intervention_model_metrics.csv,MIDD,T4a,,,,
9,,G_noop,11.006765718833003,data/precomputed/fig06/robust_intervention_model_metrics.csv,propeller,T4a,,,,
9,,G_noop,1.4064832449742393,data/precomputed/fig06/robust_intervention_model_metrics.csv,edge,T4a,,,,
9,,G_noop,0.2038240248016387,data/precomputed/fig06/robust_intervention_model_metrics.csv,MIDD,T4b,,,,
9,,G_noop,11.006765718833003,data/precomputed/fig06/robust_intervention_model_metrics.csv,propeller,T4b,,,,
9,,G_noop,1.4064832449742393,data/precomputed/fig06/robust_intervention_model_metrics.csv,edge,T4b,,,,
9,,G_noop,0.2038240248016387,data/precomputed/fig06/robust_intervention_model_metrics.csv,MIDD,all_input,,,,
9,,G_noop,11.006765718833003,data/precomputed/fig06/robust_intervention_model_metrics.csv,propeller,all_input,,,,
9,,G_noop,1.4064832449742393,data/precomputed/fig06/robust_intervention_model_metrics.csv,edge,all_input,,,,
9,,G_noop,0.2038240248016387,data/precomputed/fig06/robust_intervention_model_metrics.csv,MIDD,sham,,,,
9,,G_noop,11.006765718833003,data/precomputed/fig06/robust_intervention_model_metrics.csv,propeller,sham,,,,
9,,G_noop,1.4064832449742393,data/precomputed/fig06/robust_intervention_model_metrics.csv,edge,sham,,,,
0,,raw_delta,-0.0113439884056017,data/precomputed/fig06/robust_intervention_model_metrics.csv,MIDD,T4,,,,
0,,raw_delta,-3.143116785378167,data/precomputed/fig06/robust_intervention_model_metrics.csv,propeller,T4,,,,
0,,raw_delta,-0.0186435133218765,data/precomputed/fig06/robust_intervention_model_metrics.csv,edge,T4,,,,
0,,raw_delta,0.0004628159585103,data/precomputed/fig06/robust_intervention_model_metrics.csv,MIDD,T4_T5,,,,
0,,raw_delta,-5.749985362262577,data/precomputed/fig06/robust_intervention_model_metrics.csv,propeller,T4_T5,,,,
0,,raw_delta,-0.0704355686902999,data/precomputed/fig06/robust_intervention_model_metrics.csv,edge,T4_T5,,,,
0,,raw_delta,-3.802297125735012e-05,data/precomputed/fig06/robust_intervention_model_metrics.csv,MIDD,T4a,,,,
0,,raw_delta,-1.5717767818908843,data/precomputed/fig06/robust_intervention_model_metrics.csv,propeller,T4a,,,,
0,,raw_delta,-0.4361230731010437,data/precomputed/fig06/robust_intervention_model_metrics.csv,edge,T4a,,,,
0,,raw_delta,-0.0032897953357003,data/precomputed/fig06/robust_intervention_model_metrics.csv,MIDD,T4b,,,,
0,,raw_delta,-1.8459596674865733,data/precomputed/fig06/robust_intervention_model_metrics.csv,propeller,T4b,,,,
0,,raw_delta,0.0244257301092147,data/precomputed/fig06/robust_intervention_model_metrics.csv,edge,T4b,,,,
0,,raw_delta,0.0018620960078069,data/precomputed/fig06/robust_intervention_model_metrics.csv,MIDD,all_input,,,,
0,,raw_delta,-9.756060702677432,data/precomputed/fig06/robust_intervention_model_metrics.csv,propeller,all_input,,,,
0,,raw_delta,-0.8320731669664383,data/precomputed/fig06/robust_intervention_model_metrics.csv,edge,all_input,,,,
0,,raw_delta,0.0003094650066024,data/precomputed/fig06/robust_intervention_model_metrics.csv,MIDD,sham,,,,
0,,raw_delta,-0.8494750957120143,data/precomputed/fig06/robust_intervention_model_metrics.csv,propeller,sham,,,,
0,,raw_delta,-0.1393592730164528,data/precomputed/fig06/robust_intervention_model_metrics.csv,edge,sham,,,,
1,,raw_delta,0.0013640229583381,data/precomputed/fig06/robust_intervention_model_metrics.csv,MIDD,T4,,,,
1,,raw_delta,-8.136781238624277,data/precomputed/fig06/robust_intervention_model_metrics.csv,propeller,T4,,,,
1,,raw_delta,-0.5405503585934639,data/precomputed/fig06/robust_intervention_model_metrics.csv,edge,T4,,,,
1,,raw_delta,0.0015202339461362,data/precomputed/fig06/robust_intervention_model_metrics.csv,MIDD,T4_T5,,,,
1,,raw_delta,-9.860295794291694,data/precomputed/fig06/robust_intervention_model_metrics.csv,propeller,T4_T5,,,,
1,,raw_delta,-0.5851282272487879,data/precomputed/fig06/robust_intervention_model_metrics.csv,edge,T4_T5,,,,
1,,raw_delta,-0.000406511860137,data/precomputed/fig06/robust_intervention_model_metrics.csv,MIDD,T4a,,,,
1,,raw_delta,-2.0468225075719815,data/precomputed/fig06/robust_intervention_model_metrics.csv,propeller,T4a,,,,
1,,raw_delta,-0.7161716520786285,data/precomputed/fig06/robust_intervention_model_metrics.csv,edge,T4a,,,,
1,,raw_delta,6.2356647835999646e-06,data/precomputed/fig06/robust_intervention_model_metrics.csv,MIDD,T4b,,,,
1,,raw_delta,-2.3124903308941303,data/precomputed/fig06/robust_intervention_model_metrics.csv,propeller,T4b,,,,
1,,raw_delta,-0.0145772695541381,data/precomputed/fig06/robust_intervention_model_metrics.csv,edge,T4b,,,,
1,,raw_delta,0.0014282551694965,data/precomputed/fig06/robust_intervention_model_metrics.csv,MIDD,all_input,,,,
1,,raw_delta,-10.720001809984906,data/precomputed/fig06/robust_intervention_model_metrics.csv,propeller,all_input,,,,
1,,raw_delta,-0.6851893365383148,data/precomputed/fig06/robust_intervention_model_metrics.csv,edge,all_input,,,,
1,,raw_delta,4.710301161598698e-06,data/precomputed/fig06/robust_intervention_model_metrics.csv,MIDD,sham,,,,
1,,raw_delta,0.3681350566075121,data/precomputed/fig06/robust_intervention_model_metrics.csv,propeller,sham,,,,
1,,raw_delta,0.0128069519996643,data/precomputed/fig06/robust_intervention_model_metrics.csv,edge,sham,,,,
2,,raw_delta,0.011491311096281,data/precomputed/fig06/robust_intervention_model_metrics.csv,MIDD,T4,,,,
2,,raw_delta,-8.852217912522638,data/precomputed/fig06/robust_intervention_model_metrics.csv,propeller,T4,,,,
2,,raw_delta,-0.585635095834732,data/precomputed/fig06/robust_intervention_model_metrics.csv,edge,T4,,,,
2,,raw_delta,0.0112666625116659,data/precomputed/fig06/robust_intervention_model_metrics.csv,MIDD,T4_T5,,,,
2,,raw_delta,-9.957659932211522,data/precomputed/fig06/robust_intervention_model_metrics.csv,propeller,T4_T5,,,,
2,,raw_delta,-0.8474985957145691,data/precomputed/fig06/robust_intervention_model_metrics.csv,edge,T4_T5,,,,
2,,raw_delta,0.0034027965556905,data/precomputed/fig06/robust_intervention_model_metrics.csv,MIDD,T4a,,,,
2,,raw_delta,-3.1354292161077844,data/precomputed/fig06/robust_intervention_model_metrics.csv,propeller,T4a,,,,
2,,raw_delta,-0.5035587698221207,data/precomputed/fig06/robust_intervention_model_metrics.csv,edge,T4a,,,,
2,,raw_delta,0.0007930083551274,data/precomputed/fig06/robust_intervention_model_metrics.csv,MIDD,T4b,,,,
2,,raw_delta,-1.2563660791408005,data/precomputed/fig06/robust_intervention_model_metrics.csv,propeller,T4b,,,,
2,,raw_delta,0.2089040279388427,data/precomputed/fig06/robust_intervention_model_metrics.csv,edge,T4b,,,,
2,,raw_delta,0.0116886244154322,data/precomputed/fig06/robust_intervention_model_metrics.csv,MIDD,all_input,,,,
2,,raw_delta,-12.783954167182214,data/precomputed/fig06/robust_intervention_model_metrics.csv,propeller,all_input,,,,
2,,raw_delta,-0.9833000898361206,data/precomputed/fig06/robust_intervention_model_metrics.csv,edge,all_input,,,,
2,,raw_delta,0.0020198186992003,data/precomputed/fig06/robust_intervention_model_metrics.csv,MIDD,sham,,,,
2,,raw_delta,0.0281551766966305,data/precomputed/fig06/robust_intervention_model_metrics.csv,propeller,sham,,,,
2,,raw_delta,-0.0287199020385742,data/precomputed/fig06/robust_intervention_model_metrics.csv,edge,sham,,,,
3,,raw_delta,0.023447030362789,data/precomputed/fig06/robust_intervention_model_metrics.csv,MIDD,T4,,,,
3,,raw_delta,-7.649941335201984,data/precomputed/fig06/robust_intervention_model_metrics.csv,propeller,T4,,,,
3,,raw_delta,-0.3155648559331894,data/precomputed/fig06/robust_intervention_model_metrics.csv,edge,T4,,,,
3,,raw_delta,0.0246116086198821,data/precomputed/fig06/robust_intervention_model_metrics.csv,MIDD,T4_T5,,,,
3,,raw_delta,-8.58546745825957,data/precomputed/fig06/robust_intervention_model_metrics.csv,propeller,T4_T5,,,,
3,,raw_delta,-0.8202352784574032,data/precomputed/fig06/robust_intervention_model_metrics.csv,edge,T4_T5,,,,
3,,raw_delta,0.0039127068686346,data/precomputed/fig06/robust_intervention_model_metrics.csv,MIDD,T4a,,,,
3,,raw_delta,-1.7767027343948243,data/precomputed/fig06/robust_intervention_model_metrics.csv,propeller,T4a,,,,
3,,raw_delta,-0.6939996778964996,data/precomputed/fig06/robust_intervention_model_metrics.csv,edge,T4a,,,,
3,,raw_delta,0.0028225151014525,data/precomputed/fig06/robust_intervention_model_metrics.csv,MIDD,T4b,,,,
3,,raw_delta,-2.420449472314413,data/precomputed/fig06/robust_intervention_model_metrics.csv,propeller,T4b,,,,
3,,raw_delta,0.1509160697460174,data/precomputed/fig06/robust_intervention_model_metrics.csv,edge,T4b,,,,
3,,raw_delta,0.0302850687873639,data/precomputed/fig06/robust_intervention_model_metrics.csv,MIDD,all_input,,,,
3,,raw_delta,-10.91861422583359,data/precomputed/fig06/robust_intervention_model_metrics.csv,propeller,all_input,,,,
3,,raw_delta,-0.959282249212265,data/precomputed/fig06/robust_intervention_model_metrics.csv,edge,all_input,,,,
3,,raw_delta,0.0017084517709812,data/precomputed/fig06/robust_intervention_model_metrics.csv,MIDD,sham,,,,
3,,raw_delta,-0.4108603056446398,data/precomputed/fig06/robust_intervention_model_metrics.csv,propeller,sham,,,,
3,,raw_delta,0.0390594005584716,data/precomputed/fig06/robust_intervention_model_metrics.csv,edge,sham,,,,
4,,raw_delta,0.0033059102055701,data/precomputed/fig06/robust_intervention_model_metrics.csv,MIDD,T4,,,,
4,,raw_delta,-6.527594198203612,data/precomputed/fig06/robust_intervention_model_metrics.csv,propeller,T4,,,,
4,,raw_delta,-0.8116889894008636,data/precomputed/fig06/robust_intervention_model_metrics.csv,edge,T4,,,,
4,,raw_delta,0.0036041641370832,data/precomputed/fig06/robust_intervention_model_metrics.csv,MIDD,T4_T5,,,,
4,,raw_delta,-7.489058148015397,data/precomputed/fig06/robust_intervention_model_metrics.csv,propeller,T4_T5,,,,
4,,raw_delta,-0.7325470000505447,data/precomputed/fig06/robust_intervention_model_metrics.csv,edge,T4_T5,,,,
4,,raw_delta,-0.0009488582314857,data/precomputed/fig06/robust_intervention_model_metrics.csv,MIDD,T4a,,,,
4,,raw_delta,-2.3881472361860574,data/precomputed/fig06/robust_intervention_model_metrics.csv,propeller,T4a,,,,
4,,raw_delta,-0.1521666869521141,data/precomputed/fig06/robust_intervention_model_metrics.csv,edge,T4a,,,,
4,,raw_delta,-0.0019473336556391,data/precomputed/fig06/robust_intervention_model_metrics.csv,MIDD,T4b,,,,
4,,raw_delta,-3.462666636625899,data/precomputed/fig06/robust_intervention_model_metrics.csv,propeller,T4b,,,,
4,,raw_delta,-0.6958925426006317,data/precomputed/fig06/robust_intervention_model_metrics.csv,edge,T4b,,,,
4,,raw_delta,-0.0003172441223762,data/precomputed/fig06/robust_intervention_model_metrics.csv,MIDD,all_input,,,,
4,,raw_delta,-11.220244769938954,data/precomputed/fig06/robust_intervention_model_metrics.csv,propeller,all_input,,,,
4,,raw_delta,-0.8632823824882507,data/precomputed/fig06/robust_intervention_model_metrics.csv,edge,all_input,,,,
4,,raw_delta,-3.9774649248650734e-05,data/precomputed/fig06/robust_intervention_model_metrics.csv,MIDD,sham,,,,
4,,raw_delta,-0.3128629285342352,data/precomputed/fig06/robust_intervention_model_metrics.csv,propeller,sham,,,,
4,,raw_delta,-0.0439936071634292,data/precomputed/fig06/robust_intervention_model_metrics.csv,edge,sham,,,,
5,,raw_delta,0.0056886238474046,data/precomputed/fig06/robust_intervention_model_metrics.csv,MIDD,T4,,,,
5,,raw_delta,-5.559177322327365,data/precomputed/fig06/robust_intervention_model_metrics.csv,propeller,T4,,,,
5,,raw_delta,-0.4131678342819214,data/precomputed/fig06/robust_intervention_model_metrics.csv,edge,T4,,,,
5,,raw_delta,0.0083348844835006,data/precomputed/fig06/robust_intervention_model_metrics.csv,MIDD,T4_T5,,,,
5,,raw_delta,-6.969767449583834,data/precomputed/fig06/robust_intervention_model_metrics.csv,propeller,T4_T5,,,,
5,,raw_delta,-0.3351586535573005,data/precomputed/fig06/robust_intervention_model_metrics.csv,edge,T4_T5,,,,
5,,raw_delta,-0.0007380615692354,data/precomputed/fig06/robust_intervention_model_metrics.csv,MIDD,T4a,,,,
5,,raw_delta,-2.1843227636099165,data/precomputed/fig06/robust_intervention_model_metrics.csv,propeller,T4a,,,,
5,,raw_delta,-0.018317312002182,data/precomputed/fig06/robust_intervention_model_metrics.csv,edge,T4a,,,,
5,,raw_delta,-0.0013977453081076,data/precomputed/fig06/robust_intervention_model_metrics.csv,MIDD,T4b,,,,
5,,raw_delta,-2.031598839500556,data/precomputed/fig06/robust_intervention_model_metrics.csv,propeller,T4b,,,,
5,,raw_delta,-0.3850695937871933,data/precomputed/fig06/robust_intervention_model_metrics.csv,edge,T4b,,,,
5,,raw_delta,0.0077560490267135,data/precomputed/fig06/robust_intervention_model_metrics.csv,MIDD,all_input,,,,
5,,raw_delta,-9.01304702507035,data/precomputed/fig06/robust_intervention_model_metrics.csv,propeller,all_input,,,,
5,,raw_delta,-0.7683645635843277,data/precomputed/fig06/robust_intervention_model_metrics.csv,edge,all_input,,,,
5,,raw_delta,0.0014040392298136,data/precomputed/fig06/robust_intervention_model_metrics.csv,MIDD,sham,,,,
5,,raw_delta,-1.5873894076741086,data/precomputed/fig06/robust_intervention_model_metrics.csv,propeller,sham,,,,
5,,raw_delta,-0.0496818870306015,data/precomputed/fig06/robust_intervention_model_metrics.csv,edge,sham,,,,
6,,raw_delta,0.0157131365068503,data/precomputed/fig06/robust_intervention_model_metrics.csv,MIDD,T4,,,,
6,,raw_delta,-7.127973974758258,data/precomputed/fig06/robust_intervention_model_metrics.csv,propeller,T4,,,,
6,,raw_delta,-0.5005218982696533,data/precomputed/fig06/robust_intervention_model_metrics.csv,edge,T4,,,,
6,,raw_delta,0.0182679937361657,data/precomputed/fig06/robust_intervention_model_metrics.csv,MIDD,T4_T5,,,,
6,,raw_delta,-8.754287576135766,data/precomputed/fig06/robust_intervention_model_metrics.csv,propeller,T4_T5,,,,
6,,raw_delta,-1.014724850654602,data/precomputed/fig06/robust_intervention_model_metrics.csv,edge,T4_T5,,,,
6,,raw_delta,0.0045678904604238,data/precomputed/fig06/robust_intervention_model_metrics.csv,MIDD,T4a,,,,
6,,raw_delta,-1.966671828609556,data/precomputed/fig06/robust_intervention_model_metrics.csv,propeller,T4a,,,,
6,,raw_delta,0.2003648281097412,data/precomputed/fig06/robust_intervention_model_metrics.csv,edge,T4a,,,,
6,,raw_delta,-0.0008992378855078,data/precomputed/fig06/robust_intervention_model_metrics.csv,MIDD,T4b,,,,
6,,raw_delta,0.7954799148752336,data/precomputed/fig06/robust_intervention_model_metrics.csv,propeller,T4b,,,,
6,,raw_delta,-0.0086132287979125,data/precomputed/fig06/robust_intervention_model_metrics.csv,edge,T4b,,,,
6,,raw_delta,0.0208553861915173,data/precomputed/fig06/robust_intervention_model_metrics.csv,MIDD,all_input,,,,
6,,raw_delta,-13.122500596120492,data/precomputed/fig06/robust_intervention_model_metrics.csv,propeller,all_input,,,,
6,,raw_delta,-1.3713383674621582,data/precomputed/fig06/robust_intervention_model_metrics.csv,edge,all_input,,,,
6,,raw_delta,0.0001338953091437,data/precomputed/fig06/robust_intervention_model_metrics.csv,MIDD,sham,,,,
6,,raw_delta,-0.3463683061085092,data/precomputed/fig06/robust_intervention_model_metrics.csv,propeller,sham,,,,
6,,raw_delta,-0.1474882066249847,data/precomputed/fig06/robust_intervention_model_metrics.csv,edge,sham,,,,
7,,raw_delta,0.0017752217020872,data/precomputed/fig06/robust_intervention_model_metrics.csv,MIDD,T4,,,,
7,,raw_delta,-6.128700678507475,data/precomputed/fig06/robust_intervention_model_metrics.csv,propeller,T4,,,,
7,,raw_delta,-0.4763412177562714,data/precomputed/fig06/robust_intervention_model_metrics.csv,edge,T4,,,,
7,,raw_delta,0.002457121798941,data/precomputed/fig06/robust_intervention_model_metrics.csv,MIDD,T4_T5,,,,
7,,raw_delta,-7.159724155665897,data/precomputed/fig06/robust_intervention_model_metrics.csv,propeller,T4_T5,,,,
7,,raw_delta,-0.6367418654263021,data/precomputed/fig06/robust_intervention_model_metrics.csv,edge,T4_T5,,,,
7,,raw_delta,0.0009045175210388,data/precomputed/fig06/robust_intervention_model_metrics.csv,MIDD,T4a,,,,
7,,raw_delta,-1.203613867934198,data/precomputed/fig06/robust_intervention_model_metrics.csv,propeller,T4a,,,,
7,,raw_delta,-0.4458602517843247,data/precomputed/fig06/robust_intervention_model_metrics.csv,edge,T4a,,,,
7,,raw_delta,-0.0021820723750566,data/precomputed/fig06/robust_intervention_model_metrics.csv,MIDD,T4b,,,,
7,,raw_delta,-2.315353663801951,data/precomputed/fig06/robust_intervention_model_metrics.csv,propeller,T4b,,,,
7,,raw_delta,-0.2065978404134512,data/precomputed/fig06/robust_intervention_model_metrics.csv,edge,T4b,,,,
7,,raw_delta,0.0012038919532408,data/precomputed/fig06/robust_intervention_model_metrics.csv,MIDD,all_input,,,,
7,,raw_delta,-9.876469812298506,data/precomputed/fig06/robust_intervention_model_metrics.csv,propeller,all_input,,,,
7,,raw_delta,-0.7420256584882736,data/precomputed/fig06/robust_intervention_model_metrics.csv,edge,all_input,,,,
7,,raw_delta,-6.809395148589959e-05,data/precomputed/fig06/robust_intervention_model_metrics.csv,MIDD,sham,,,,
7,,raw_delta,0.0038012396937077,data/precomputed/fig06/robust_intervention_model_metrics.csv,propeller,sham,,,,
7,,raw_delta,0.0007865875959396,data/precomputed/fig06/robust_intervention_model_metrics.csv,edge,sham,,,,
8,,raw_delta,0.0089545619835944,data/precomputed/fig06/robust_intervention_model_metrics.csv,MIDD,T4,,,,
8,,raw_delta,-4.8828527779227375,data/precomputed/fig06/robust_intervention_model_metrics.csv,propeller,T4,,,,
8,,raw_delta,0.5112634897232056,data/precomputed/fig06/robust_intervention_model_metrics.csv,edge,T4,,,,
8,,raw_delta,0.0104897492873835,data/precomputed/fig06/robust_intervention_model_metrics.csv,MIDD,T4_T5,,,,
8,,raw_delta,-5.01532724728412,data/precomputed/fig06/robust_intervention_model_metrics.csv,propeller,T4_T5,,,,
8,,raw_delta,-0.9560555815696716,data/precomputed/fig06/robust_intervention_model_metrics.csv,edge,T4_T5,,,,
8,,raw_delta,0.0015513740131463,data/precomputed/fig06/robust_intervention_model_metrics.csv,MIDD,T4a,,,,
8,,raw_delta,-1.146905934330988,data/precomputed/fig06/robust_intervention_model_metrics.csv,propeller,T4a,,,,
8,,raw_delta,-0.4942463636398315,data/precomputed/fig06/robust_intervention_model_metrics.csv,edge,T4a,,,,
8,,raw_delta,0.0013772650605218,data/precomputed/fig06/robust_intervention_model_metrics.csv,MIDD,T4b,,,,
8,,raw_delta,-0.5838875840011006,data/precomputed/fig06/robust_intervention_model_metrics.csv,propeller,T4b,,,,
8,,raw_delta,0.0599972009658813,data/precomputed/fig06/robust_intervention_model_metrics.csv,edge,T4b,,,,
8,,raw_delta,0.006436823484137,data/precomputed/fig06/robust_intervention_model_metrics.csv,MIDD,all_input,,,,
8,,raw_delta,-8.618413960744963,data/precomputed/fig06/robust_intervention_model_metrics.csv,propeller,all_input,,,,
8,,raw_delta,-0.6392169892787933,data/precomputed/fig06/robust_intervention_model_metrics.csv,edge,all_input,,,,
8,,raw_delta,5.226016383425014e-05,data/precomputed/fig06/robust_intervention_model_metrics.csv,MIDD,sham,,,,
8,,raw_delta,0.0331657977415389,data/precomputed/fig06/robust_intervention_model_metrics.csv,propeller,sham,,,,
8,,raw_delta,0.0356712043285368,data/precomputed/fig06/robust_intervention_model_metrics.csv,edge,sham,,,,
9,,raw_delta,0.0101261104206138,data/precomputed/fig06/robust_intervention_model_metrics.csv,MIDD,T4,,,,
9,,raw_delta,-5.899813645367093,data/precomputed/fig06/robust_intervention_model_metrics.csv,propeller,T4,,,,
9,,raw_delta,-1.2353875041007996,data/precomputed/fig06/robust_intervention_model_metrics.csv,edge,T4,,,,
9,,raw_delta,0.0095637280445224,data/precomputed/fig06/robust_intervention_model_metrics.csv,MIDD,T4_T5,,,,
9,,raw_delta,-6.369720663157375,data/precomputed/fig06/robust_intervention_model_metrics.csv,propeller,T4_T5,,,,
9,,raw_delta,-1.2032533288002014,data/precomputed/fig06/robust_intervention_model_metrics.csv,edge,T4_T5,,,,
9,,raw_delta,0.000151201217116,data/precomputed/fig06/robust_intervention_model_metrics.csv,MIDD,T4a,,,,
9,,raw_delta,-2.0662812710051224,data/precomputed/fig06/robust_intervention_model_metrics.csv,propeller,T4a,,,,
9,,raw_delta,-0.2874629199504852,data/precomputed/fig06/robust_intervention_model_metrics.csv,edge,T4a,,,,
9,,raw_delta,-0.000792892979947,data/precomputed/fig06/robust_intervention_model_metrics.csv,MIDD,T4b,,,,
9,,raw_delta,-1.6889922273184226,data/precomputed/fig06/robust_intervention_model_metrics.csv,propeller,T4b,,,,
9,,raw_delta,-0.6987194633111358,data/precomputed/fig06/robust_intervention_model_metrics.csv,edge,T4b,,,,
9,,raw_delta,0.0081109348842485,data/precomputed/fig06/robust_intervention_model_metrics.csv,MIDD,all_input,,,,
9,,raw_delta,-10.44008161071283,data/precomputed/fig06/robust_intervention_model_metrics.csv,propeller,all_input,,,,
9,,raw_delta,-1.059555172920227,data/precomputed/fig06/robust_intervention_model_metrics.csv,edge,all_input,,,,
9,,raw_delta,-0.0001524645475043,data/precomputed/fig06/robust_intervention_model_metrics.csv,MIDD,sham,,,,
9,,raw_delta,-0.1217595557516677,data/precomputed/fig06/robust_intervention_model_metrics.csv,propeller,sham,,,,
9,,raw_delta,0.0310472846031188,data/precomputed/fig06/robust_intervention_model_metrics.csv,edge,sham,,,,
0,,normalized_change,-0.0597721624065386,data/precomputed/fig06/robust_intervention_model_metrics.csv,MIDD,T4,,,,
0,,normalized_change,-0.2934188332283107,data/precomputed/fig06/robust_intervention_model_metrics.csv,propeller,T4,,,,
0,,normalized_change,-0.0161659740217647,data/precomputed/fig06/robust_intervention_model_metrics.csv,edge,T4,,,,
0,,normalized_change,0.0024386053341481,data/precomputed/fig06/robust_intervention_model_metrics.csv,MIDD,T4_T5,,,,
0,,normalized_change,-0.5367773809498966,data/precomputed/fig06/robust_intervention_model_metrics.csv,propeller,T4_T5,,,,
0,,normalized_change,-0.0610753753327973,data/precomputed/fig06/robust_intervention_model_metrics.csv,edge,T4_T5,,,,
0,,normalized_change,-0.0002003453399204,data/precomputed/fig06/robust_intervention_model_metrics.csv,MIDD,T4a,,,,
0,,normalized_change,-0.1467298038632325,data/precomputed/fig06/robust_intervention_model_metrics.csv,propeller,T4a,,,,
0,,normalized_change,-0.378166612071487,data/precomputed/fig06/robust_intervention_model_metrics.csv,edge,T4a,,,,
0,,normalized_change,-0.0173341310004031,data/precomputed/fig06/robust_intervention_model_metrics.csv,MIDD,T4b,,,,
0,,normalized_change,-0.172325550975435,data/precomputed/fig06/robust_intervention_model_metrics.csv,propeller,T4b,,,,
0,,normalized_change,0.0211797911472438,data/precomputed/fig06/robust_intervention_model_metrics.csv,edge,T4b,,,,
0,,normalized_change,0.0098114967166433,data/precomputed/fig06/robust_intervention_model_metrics.csv,MIDD,all_input,,,,
0,,normalized_change,-0.9107558337002,data/precomputed/fig06/robust_intervention_model_metrics.csv,propeller,all_input,,,,
0,,normalized_change,-0.7214988381832022,data/precomputed/fig06/robust_intervention_model_metrics.csv,edge,all_input,,,,
0,,normalized_change,0.0016305898747787,data/precomputed/fig06/robust_intervention_model_metrics.csv,MIDD,sham,,,,
0,,normalized_change,-0.0793009004946463,data/precomputed/fig06/robust_intervention_model_metrics.csv,propeller,sham,,,,
0,,normalized_change,-0.1208397981850578,data/precomputed/fig06/robust_intervention_model_metrics.csv,edge,sham,,,,
1,,normalized_change,0.0088231506349301,data/precomputed/fig06/robust_intervention_model_metrics.csv,MIDD,T4,,,,
1,,normalized_change,-0.7095572406733187,data/precomputed/fig06/robust_intervention_model_metrics.csv,propeller,T4,,,,
1,,normalized_change,-0.6147470821892169,data/precomputed/fig06/robust_intervention_model_metrics.csv,edge,T4,,,,
1,,normalized_change,0.0098335977595541,data/precomputed/fig06/robust_intervention_model_metrics.csv,MIDD,T4_T5,,,,
1,,normalized_change,-0.8598540468077356,data/precomputed/fig06/robust_intervention_model_metrics.csv,propeller,T4_T5,,,,
1,,normalized_change,-0.6654437735342773,data/precomputed/fig06/robust_intervention_model_metrics.csv,edge,T4_T5,,,,
1,,normalized_change,-0.0026295124689429,data/precomputed/fig06/robust_intervention_model_metrics.csv,MIDD,T4a,,,,
1,,normalized_change,-0.1784904482532667,data/precomputed/fig06/robust_intervention_model_metrics.csv,propeller,T4a,,,,
1,,normalized_change,-0.8144744082818769,data/precomputed/fig06/robust_intervention_model_metrics.csv,edge,T4a,,,,
1,,normalized_change,4.0335251953282984e-05,data/precomputed/fig06/robust_intervention_model_metrics.csv,MIDD,T4b,,,,
1,,normalized_change,-0.2016576592331237,data/precomputed/fig06/robust_intervention_model_metrics.csv,propeller,T4b,,,,
1,,normalized_change,-0.0165781666448431,data/precomputed/fig06/robust_intervention_model_metrics.csv,edge,T4b,,,,
1,,normalized_change,0.0092386351919901,data/precomputed/fig06/robust_intervention_model_metrics.csv,MIDD,all_input,,,,
1,,normalized_change,-0.9348235722743764,data/precomputed/fig06/robust_intervention_model_metrics.csv,propeller,all_input,,,,
1,,normalized_change,-0.7792394153250084,data/precomputed/fig06/robust_intervention_model_metrics.csv,edge,all_input,,,,
1,,normalized_change,3.046847300525343e-05,data/precomputed/fig06/robust_intervention_model_metrics.csv,MIDD,sham,,,,
1,,normalized_change,0.0321027304656536,data/precomputed/fig06/robust_intervention_model_metrics.csv,propeller,sham,,,,
1,,normalized_change,0.0145648527438164,data/precomputed/fig06/robust_intervention_model_metrics.csv,edge,sham,,,,
2,,normalized_change,0.0963945393951665,data/precomputed/fig06/robust_intervention_model_metrics.csv,MIDD,T4,,,,
2,,normalized_change,-0.6569263561739557,data/precomputed/fig06/robust_intervention_model_metrics.csv,propeller,T4,,,,
2,,normalized_change,-0.4619761805297646,data/precomputed/fig06/robust_intervention_model_metrics.csv,edge,T4,,,,
2,,normalized_change,0.0945100810719764,data/precomputed/fig06/robust_intervention_model_metrics.csv,MIDD,T4_T5,,,,
2,,normalized_change,-0.738961616165522,data/precomputed/fig06/robust_intervention_model_metrics.csv,propeller,T4_T5,,,,
2,,normalized_change,-0.6685462791373505,data/precomputed/fig06/robust_intervention_model_metrics.csv,edge,T4_T5,,,,
2,,normalized_change,0.0285442630430046,data/precomputed/fig06/robust_intervention_model_metrics.csv,MIDD,T4a,,,,
2,,normalized_change,-0.2326813585401308,data/precomputed/fig06/robust_intervention_model_metrics.csv,propeller,T4a,,,,
2,,normalized_change,-0.3972305601376385,data/precomputed/fig06/robust_intervention_model_metrics.csv,edge,T4a,,,,
2,,normalized_change,0.0066521282461644,data/precomputed/fig06/robust_intervention_model_metrics.csv,MIDD,T4b,,,,
2,,normalized_change,-0.0932353901074862,data/precomputed/fig06/robust_intervention_model_metrics.csv,propeller,T4b,,,,
2,,normalized_change,0.164793205890285,data/precomputed/fig06/robust_intervention_model_metrics.csv,edge,T4b,,,,
2,,normalized_change,0.0980496966141079,data/precomputed/fig06/robust_intervention_model_metrics.csv,MIDD,all_input,,,,
2,,normalized_change,-0.948701953739934,data/precomputed/fig06/robust_intervention_model_metrics.csv,propeller,all_input,,,,
2,,normalized_change,-0.7756728089691867,data/precomputed/fig06/robust_intervention_model_metrics.csv,edge,all_input,,,,
2,,normalized_change,0.0169431922554222,data/precomputed/fig06/robust_intervention_model_metrics.csv,MIDD,sham,,,,
2,,normalized_change,0.002089406046883,data/precomputed/fig06/robust_intervention_model_metrics.csv,propeller,sham,,,,
2,,normalized_change,-0.0226555934631242,data/precomputed/fig06/robust_intervention_model_metrics.csv,edge,sham,,,,
3,,normalized_change,0.2035395520458681,data/precomputed/fig06/robust_intervention_model_metrics.csv,MIDD,T4,,,,
3,,normalized_change,-0.6496800847614468,data/precomputed/fig06/robust_intervention_model_metrics.csv,propeller,T4,,,,
3,,normalized_change,-0.2543332308400802,data/precomputed/fig06/robust_intervention_model_metrics.csv,edge,T4,,,,
3,,normalized_change,0.2136490513344118,data/precomputed/fig06/robust_intervention_model_metrics.csv,MIDD,T4_T5,,,,
3,,normalized_change,-0.7291307189941278,data/precomputed/fig06/robust_intervention_model_metrics.csv,propeller,T4_T5,,,,
3,,normalized_change,-0.661078331432608,data/precomputed/fig06/robust_intervention_model_metrics.csv,edge,T4_T5,,,,
3,,normalized_change,0.0339655210492061,data/precomputed/fig06/robust_intervention_model_metrics.csv,MIDD,T4a,,,,
3,,normalized_change,-0.1508885274408508,data/precomputed/fig06/robust_intervention_model_metrics.csv,propeller,T4a,,,,
3,,normalized_change,-0.5593372549659377,data/precomputed/fig06/robust_intervention_model_metrics.csv,edge,T4a,,,,
3,,normalized_change,0.0245017578133934,data/precomputed/fig06/robust_intervention_model_metrics.csv,MIDD,T4b,,,,
3,,normalized_change,-0.2055594611030448,data/precomputed/fig06/robust_intervention_model_metrics.csv,propeller,T4b,,,,
3,,normalized_change,0.1216325927381401,data/precomputed/fig06/robust_intervention_model_metrics.csv,edge,T4b,,,,
3,,normalized_change,0.2628993624898912,data/precomputed/fig06/robust_intervention_model_metrics.csv,MIDD,all_input,,,,
3,,normalized_change,-0.9272758972771666,data/precomputed/fig06/robust_intervention_model_metrics.csv,propeller,all_input,,,,
3,,normalized_change,-0.7731448833495851,data/precomputed/fig06/robust_intervention_model_metrics.csv,edge,all_input,,,,
3,,normalized_change,0.0148307697297723,data/precomputed/fig06/robust_intervention_model_metrics.csv,MIDD,sham,,,,
3,,normalized_change,-0.0348927849901316,data/precomputed/fig06/robust_intervention_model_metrics.csv,propeller,sham,,,,
3,,normalized_change,0.0314803862088374,data/precomputed/fig06/robust_intervention_model_metrics.csv,edge,sham,,,,
4,,normalized_change,0.0130631919801778,data/precomputed/fig06/robust_intervention_model_metrics.csv,MIDD,T4,,,,
4,,normalized_change,-0.5527304703081378,data/precomputed/fig06/robust_intervention_model_metrics.csv,propeller,T4,,,,
4,,normalized_change,-0.727702952030039,data/precomputed/fig06/robust_intervention_model_metrics.csv,edge,T4,,,,
4,,normalized_change,0.0142417322683059,data/precomputed/fig06/robust_intervention_model_metrics.csv,MIDD,T4_T5,,,,
4,,normalized_change,-0.6341433775795544,data/precomputed/fig06/robust_intervention_model_metrics.csv,propeller,T4_T5,,,,
4,,normalized_change,-0.6567498406391015,data/precomputed/fig06/robust_intervention_model_metrics.csv,edge,T4_T5,,,,
4,,normalized_change,-0.0037493810990345,data/precomputed/fig06/robust_intervention_model_metrics.csv,MIDD,T4a,,,,
4,,normalized_change,-0.2022187202423616,data/precomputed/fig06/robust_intervention_model_metrics.csv,propeller,T4a,,,,
4,,normalized_change,-0.1364218915639345,data/precomputed/fig06/robust_intervention_model_metrics.csv,edge,T4a,,,,
4,,normalized_change,-0.0076948228509695,data/precomputed/fig06/robust_intervention_model_metrics.csv,MIDD,T4b,,,,
4,,normalized_change,-0.2932047091881478,data/precomputed/fig06/robust_intervention_model_metrics.csv,propeller,T4b,,,,
4,,normalized_change,-0.6238880459866326,data/precomputed/fig06/robust_intervention_model_metrics.csv,edge,T4b,,,,
4,,normalized_change,-0.0012535793828281,data/precomputed/fig06/robust_intervention_model_metrics.csv,MIDD,all_input,,,,
4,,normalized_change,-0.9500852810929182,data/precomputed/fig06/robust_intervention_model_metrics.csv,propeller,all_input,,,,
4,,normalized_change,-0.7739579400182964,data/precomputed/fig06/robust_intervention_model_metrics.csv,edge,all_input,,,,
4,,normalized_change,-0.0001571681766201,data/precomputed/fig06/robust_intervention_model_metrics.csv,MIDD,sham,,,,
4,,normalized_change,-0.0264919767344451,data/precomputed/fig06/robust_intervention_model_metrics.csv,propeller,sham,,,,
4,,normalized_change,-0.0394415573222302,data/precomputed/fig06/robust_intervention_model_metrics.csv,edge,sham,,,,
5,,normalized_change,0.0483801877484181,data/precomputed/fig06/robust_intervention_model_metrics.csv,MIDD,T4,,,,
5,,normalized_change,-0.5828891648182267,data/precomputed/fig06/robust_intervention_model_metrics.csv,propeller,T4,,,,
5,,normalized_change,-0.4491984189643771,data/precomputed/fig06/robust_intervention_model_metrics.csv,edge,T4,,,,
5,,normalized_change,0.0708859096663802,data/precomputed/fig06/robust_intervention_model_metrics.csv,MIDD,T4_T5,,,,
5,,normalized_change,-0.7307919305521205,data/precomputed/fig06/robust_intervention_model_metrics.csv,propeller,T4_T5,,,,
5,,normalized_change,-0.364386394071133,data/precomputed/fig06/robust_intervention_model_metrics.csv,edge,T4_T5,,,,
5,,normalized_change,-0.0062770114965145,data/precomputed/fig06/robust_intervention_model_metrics.csv,MIDD,T4a,,,,
5,,normalized_change,-0.2290299440998922,data/precomputed/fig06/robust_intervention_model_metrics.csv,propeller,T4a,,,,
5,,normalized_change,-0.019914685772569,data/precomputed/fig06/robust_intervention_model_metrics.csv,edge,T4a,,,,
5,,normalized_change,-0.0118874410129211,data/precomputed/fig06/robust_intervention_model_metrics.csv,MIDD,T4b,,,,
5,,normalized_change,-0.2130165817963853,data/precomputed/fig06/robust_intervention_model_metrics.csv,propeller,T4b,,,,
5,,normalized_change,-0.4186498521141793,data/precomputed/fig06/robust_intervention_model_metrics.csv,edge,T4b,,,,
5,,normalized_change,0.0659630726453354,data/precomputed/fig06/robust_intervention_model_metrics.csv,MIDD,all_input,,,,
5,,normalized_change,-0.945033257314991,data/precomputed/fig06/robust_intervention_model_metrics.csv,propeller,all_input,,,,
5,,normalized_change,-0.8353703229347346,data/precomputed/fig06/robust_intervention_model_metrics.csv,edge,all_input,,,,
5,,normalized_change,0.0119409690931701,data/precomputed/fig06/robust_intervention_model_metrics.csv,MIDD,sham,,,,
5,,normalized_change,-0.1664404699530421,data/precomputed/fig06/robust_intervention_model_metrics.csv,propeller,sham,,,,
5,,normalized_change,-0.0540144301022357,data/precomputed/fig06/robust_intervention_model_metrics.csv,edge,sham,,,,
6,,normalized_change,0.1209869589614583,data/precomputed/fig06/robust_intervention_model_metrics.csv,MIDD,T4,,,,
6,,normalized_change,-0.5166516529448142,data/precomputed/fig06/robust_intervention_model_metrics.csv,propeller,T4,,,,
6,,normalized_change,-0.2694307835346868,data/precomputed/fig06/robust_intervention_model_metrics.csv,edge,T4,,,,
6,,normalized_change,0.1406586780113634,data/precomputed/fig06/robust_intervention_model_metrics.csv,MIDD,T4_T5,,,,
6,,normalized_change,-0.6345305359673662,data/precomputed/fig06/robust_intervention_model_metrics.csv,propeller,T4_T5,,,,
6,,normalized_change,-0.5462260742819605,data/precomputed/fig06/robust_intervention_model_metrics.csv,edge,T4_T5,,,,
6,,normalized_change,0.0351715378679998,data/precomputed/fig06/robust_intervention_model_metrics.csv,MIDD,T4a,,,,
6,,normalized_change,-0.1425488160660108,data/precomputed/fig06/robust_intervention_model_metrics.csv,propeller,T4a,,,,
6,,normalized_change,0.1078563252018128,data/precomputed/fig06/robust_intervention_model_metrics.csv,edge,T4a,,,,
6,,normalized_change,-0.006923891808812,data/precomputed/fig06/robust_intervention_model_metrics.csv,MIDD,T4b,,,,
6,,normalized_change,0.0576581809024671,data/precomputed/fig06/robust_intervention_model_metrics.csv,propeller,T4b,,,,
6,,normalized_change,-0.0046364984065789,data/precomputed/fig06/robust_intervention_model_metrics.csv,edge,T4b,,,,
6,,normalized_change,0.1605809096216048,data/precomputed/fig06/robust_intervention_model_metrics.csv,MIDD,all_input,,,,
6,,normalized_change,-0.9511484817093336,data/precomputed/fig06/robust_intervention_model_metrics.csv,propeller,all_input,,,,
6,,normalized_change,-0.7381910204405322,data/precomputed/fig06/robust_intervention_model_metrics.csv,edge,all_input,,,,
6,,normalized_change,0.0010309581581906,data/precomputed/fig06/robust_intervention_model_metrics.csv,MIDD,sham,,,,
6,,normalized_change,-0.0251055571347994,data/precomputed/fig06/robust_intervention_model_metrics.csv,propeller,sham,,,,
6,,normalized_change,-0.0793928561576877,data/precomputed/fig06/robust_intervention_model_metrics.csv,edge,sham,,,,
7,,normalized_change,0.0082711196962493,data/precomputed/fig06/robust_intervention_model_metrics.csv,MIDD,T4,,,,
7,,normalized_change,-0.5782011982882125,data/precomputed/fig06/robust_intervention_model_metrics.csv,propeller,T4,,,,
7,,normalized_change,-0.4510463920591556,data/precomputed/fig06/robust_intervention_model_metrics.csv,edge,T4,,,,
7,,normalized_change,0.0114482312172106,data/precomputed/fig06/robust_intervention_model_metrics.csv,MIDD,T4_T5,,,,
7,,normalized_change,-0.6754712464155191,data/precomputed/fig06/robust_intervention_model_metrics.csv,propeller,T4_T5,,,,
7,,normalized_change,-0.6029293925609878,data/precomputed/fig06/robust_intervention_model_metrics.csv,edge,T4_T5,,,,
7,,normalized_change,0.0042143314691739,data/precomputed/fig06/robust_intervention_model_metrics.csv,MIDD,T4a,,,,
7,,normalized_change,-0.1135527768808157,data/precomputed/fig06/robust_intervention_model_metrics.csv,propeller,T4a,,,,
7,,normalized_change,-0.4221840362191891,data/precomputed/fig06/robust_intervention_model_metrics.csv,edge,T4a,,,,
7,,normalized_change,-0.010166719896874,data/precomputed/fig06/robust_intervention_model_metrics.csv,MIDD,T4b,,,,
7,,normalized_change,-0.2184378603389903,data/precomputed/fig06/robust_intervention_model_metrics.csv,propeller,T4b,,,,
7,,normalized_change,-0.1956270149466265,data/precomputed/fig06/robust_intervention_model_metrics.csv,edge,T4b,,,,
7,,normalized_change,0.0056091779606451,data/precomputed/fig06/robust_intervention_model_metrics.csv,MIDD,all_input,,,,
7,,normalized_change,-0.9317777094832856,data/precomputed/fig06/robust_intervention_model_metrics.csv,propeller,all_input,,,,
7,,normalized_change,-0.702622371528017,data/precomputed/fig06/robust_intervention_model_metrics.csv,edge,all_input,,,,
7,,normalized_change,-0.0003172635973683,data/precomputed/fig06/robust_intervention_model_metrics.csv,MIDD,sham,,,,
7,,normalized_change,0.0003586210946131,data/precomputed/fig06/robust_intervention_model_metrics.csv,propeller,sham,,,,
7,,normalized_change,0.0007448179665371,data/precomputed/fig06/robust_intervention_model_metrics.csv,edge,sham,,,,
8,,normalized_change,0.0555032212221515,data/precomputed/fig06/robust_intervention_model_metrics.csv,MIDD,T4,,,,
8,,normalized_change,-0.537454075881914,data/precomputed/fig06/robust_intervention_model_metrics.csv,propeller,T4,,,,
8,,normalized_change,0.6733973109679041,data/precomputed/fig06/robust_intervention_model_metrics.csv,edge,T4,,,,
8,,normalized_change,0.0650188000629427,data/precomputed/fig06/robust_intervention_model_metrics.csv,MIDD,T4_T5,,,,
8,,normalized_change,-0.552035499231495,data/precomputed/fig06/robust_intervention_model_metrics.csv,propeller,T4_T5,,,,
8,,normalized_change,-1.2592435616973632,data/precomputed/fig06/robust_intervention_model_metrics.csv,edge,T4_T5,,,,
8,,normalized_change,0.0096159092100444,data/precomputed/fig06/robust_intervention_model_metrics.csv,MIDD,T4a,,,,
8,,normalized_change,-0.1262395769633622,data/precomputed/fig06/robust_intervention_model_metrics.csv,propeller,T4a,,,,
8,,normalized_change,-0.6509836491765061,data/precomputed/fig06/robust_intervention_model_metrics.csv,edge,T4a,,,,
8,,normalized_change,0.0085367265842521,data/precomputed/fig06/robust_intervention_model_metrics.csv,MIDD,T4b,,,,
8,,normalized_change,-0.064268323488495,data/precomputed/fig06/robust_intervention_model_metrics.csv,propeller,T4b,,,,
8,,normalized_change,0.0790237413938921,data/precomputed/fig06/robust_intervention_model_metrics.csv,edge,T4b,,,,
8,,normalized_change,0.039897477784233,data/precomputed/fig06/robust_intervention_model_metrics.csv,MIDD,all_input,,,,
8,,normalized_change,-0.948626125240359,data/precomputed/fig06/robust_intervention_model_metrics.csv,propeller,all_input,,,,
8,,normalized_change,-0.8419279106716187,data/precomputed/fig06/robust_intervention_model_metrics.csv,edge,all_input,,,,
8,,normalized_change,0.0003239251054057,data/precomputed/fig06/robust_intervention_model_metrics.csv,MIDD,sham,,,,
8,,normalized_change,0.0036505489693769,data/precomputed/fig06/robust_intervention_model_metrics.csv,propeller,sham,,,,
8,,normalized_change,0.0469833922364144,data/precomputed/fig06/robust_intervention_model_metrics.csv,edge,sham,,,,
9,,normalized_change,0.0496806518783475,data/precomputed/fig06/robust_intervention_model_metrics.csv,MIDD,T4,,,,
9,,normalized_change,-0.5360170095446187,data/precomputed/fig06/robust_intervention_model_metrics.csv,propeller,T4,,,,
9,,normalized_change,-0.8783520944989477,data/precomputed/fig06/robust_intervention_model_metrics.csv,edge,T4,,,,
9,,normalized_change,0.0469214954116908,data/precomputed/fig06/robust_intervention_model_metrics.csv,MIDD,T4_T5,,,,
9,,normalized_change,-0.5787095706287756,data/precomputed/fig06/robust_intervention_model_metrics.csv,propeller,T4_T5,,,,
9,,normalized_change,-0.8555049149001699,data/precomputed/fig06/robust_intervention_model_metrics.csv,edge,T4_T5,,,,
9,,normalized_change,0.0007418223502516,data/precomputed/fig06/robust_intervention_model_metrics.csv,MIDD,T4a,,,,
9,,normalized_change,-0.1877282867454546,data/precomputed/fig06/robust_intervention_model_metrics.csv,propeller,T4a,,,,
9,,normalized_change,-0.2043841766175823,data/precomputed/fig06/robust_intervention_model_metrics.csv,edge,T4a,,,,
9,,normalized_change,-0.0038900859735187,data/precomputed/fig06/robust_intervention_model_metrics.csv,MIDD,T4b,,,,
9,,normalized_change,-0.1534503659352439,data/precomputed/fig06/robust_intervention_model_metrics.csv,propeller,T4b,,,,
9,,normalized_change,-0.4967847756507993,data/precomputed/fig06/robust_intervention_model_metrics.csv,edge,T4b,,,,
9,,normalized_change,0.0397938118047766,data/precomputed/fig06/robust_intervention_model_metrics.csv,MIDD,all_input,,,,
9,,normalized_change,-0.9485149295809436,data/precomputed/fig06/robust_intervention_model_metrics.csv,propeller,all_input,,,,
9,,normalized_change,-0.7533365055760999,data/precomputed/fig06/robust_intervention_model_metrics.csv,edge,all_input,,,,
9,,normalized_change,-0.0007480204929358,data/precomputed/fig06/robust_intervention_model_metrics.csv,MIDD,sham,,,,
9,,normalized_change,-0.0110622465183693,data/precomputed/fig06/robust_intervention_model_metrics.csv,propeller,sham,,,,
9,,normalized_change,0.0220744077215705,data/precomputed/fig06/robust_intervention_model_metrics.csv,edge,sham,,,,
0,,baseline_aligned_attenuation,-0.0597721624065386,data/precomputed/fig06/robust_intervention_model_metrics.csv,MIDD,T4,,,,
0,,baseline_aligned_attenuation,0.2934188332283107,data/precomputed/fig06/robust_intervention_model_metrics.csv,propeller,T4,,,,
0,,baseline_aligned_attenuation,0.0161659740217647,data/precomputed/fig06/robust_intervention_model_metrics.csv,edge,T4,,,,
0,,baseline_aligned_attenuation,0.0024386053341481,data/precomputed/fig06/robust_intervention_model_metrics.csv,MIDD,T4_T5,,,,
0,,baseline_aligned_attenuation,0.5367773809498966,data/precomputed/fig06/robust_intervention_model_metrics.csv,propeller,T4_T5,,,,
0,,baseline_aligned_attenuation,0.0610753753327973,data/precomputed/fig06/robust_intervention_model_metrics.csv,edge,T4_T5,,,,
0,,baseline_aligned_attenuation,-0.0002003453399204,data/precomputed/fig06/robust_intervention_model_metrics.csv,MIDD,T4a,,,,
0,,baseline_aligned_attenuation,0.1467298038632325,data/precomputed/fig06/robust_intervention_model_metrics.csv,propeller,T4a,,,,
0,,baseline_aligned_attenuation,0.378166612071487,data/precomputed/fig06/robust_intervention_model_metrics.csv,edge,T4a,,,,
0,,baseline_aligned_attenuation,-0.0173341310004031,data/precomputed/fig06/robust_intervention_model_metrics.csv,MIDD,T4b,,,,
0,,baseline_aligned_attenuation,0.172325550975435,data/precomputed/fig06/robust_intervention_model_metrics.csv,propeller,T4b,,,,
0,,baseline_aligned_attenuation,-0.0211797911472438,data/precomputed/fig06/robust_intervention_model_metrics.csv,edge,T4b,,,,
0,,baseline_aligned_attenuation,0.0098114967166433,data/precomputed/fig06/robust_intervention_model_metrics.csv,MIDD,all_input,,,,
0,,baseline_aligned_attenuation,0.9107558337002,data/precomputed/fig06/robust_intervention_model_metrics.csv,propeller,all_input,,,,
0,,baseline_aligned_attenuation,0.7214988381832022,data/precomputed/fig06/robust_intervention_model_metrics.csv,edge,all_input,,,,
0,,baseline_aligned_attenuation,0.0016305898747787,data/precomputed/fig06/robust_intervention_model_metrics.csv,MIDD,sham,,,,
0,,baseline_aligned_attenuation,0.0793009004946463,data/precomputed/fig06/robust_intervention_model_metrics.csv,propeller,sham,,,,
0,,baseline_aligned_attenuation,0.1208397981850578,data/precomputed/fig06/robust_intervention_model_metrics.csv,edge,sham,,,,
1,,baseline_aligned_attenuation,0.0088231506349301,data/precomputed/fig06/robust_intervention_model_metrics.csv,MIDD,T4,,,,
1,,baseline_aligned_attenuation,0.7095572406733187,data/precomputed/fig06/robust_intervention_model_metrics.csv,propeller,T4,,,,
1,,baseline_aligned_attenuation,0.6147470821892169,data/precomputed/fig06/robust_intervention_model_metrics.csv,edge,T4,,,,
1,,baseline_aligned_attenuation,0.0098335977595541,data/precomputed/fig06/robust_intervention_model_metrics.csv,MIDD,T4_T5,,,,
1,,baseline_aligned_attenuation,0.8598540468077356,data/precomputed/fig06/robust_intervention_model_metrics.csv,propeller,T4_T5,,,,
1,,baseline_aligned_attenuation,0.6654437735342773,data/precomputed/fig06/robust_intervention_model_metrics.csv,edge,T4_T5,,,,
1,,baseline_aligned_attenuation,-0.0026295124689429,data/precomputed/fig06/robust_intervention_model_metrics.csv,MIDD,T4a,,,,
1,,baseline_aligned_attenuation,0.1784904482532667,data/precomputed/fig06/robust_intervention_model_metrics.csv,propeller,T4a,,,,
1,,baseline_aligned_attenuation,0.8144744082818769,data/precomputed/fig06/robust_intervention_model_metrics.csv,edge,T4a,,,,
1,,baseline_aligned_attenuation,4.0335251953282984e-05,data/precomputed/fig06/robust_intervention_model_metrics.csv,MIDD,T4b,,,,
1,,baseline_aligned_attenuation,0.2016576592331237,data/precomputed/fig06/robust_intervention_model_metrics.csv,propeller,T4b,,,,
1,,baseline_aligned_attenuation,0.0165781666448431,data/precomputed/fig06/robust_intervention_model_metrics.csv,edge,T4b,,,,
1,,baseline_aligned_attenuation,0.0092386351919901,data/precomputed/fig06/robust_intervention_model_metrics.csv,MIDD,all_input,,,,
1,,baseline_aligned_attenuation,0.9348235722743764,data/precomputed/fig06/robust_intervention_model_metrics.csv,propeller,all_input,,,,
1,,baseline_aligned_attenuation,0.7792394153250084,data/precomputed/fig06/robust_intervention_model_metrics.csv,edge,all_input,,,,
1,,baseline_aligned_attenuation,3.046847300525343e-05,data/precomputed/fig06/robust_intervention_model_metrics.csv,MIDD,sham,,,,
1,,baseline_aligned_attenuation,-0.0321027304656536,data/precomputed/fig06/robust_intervention_model_metrics.csv,propeller,sham,,,,
1,,baseline_aligned_attenuation,-0.0145648527438164,data/precomputed/fig06/robust_intervention_model_metrics.csv,edge,sham,,,,
2,,baseline_aligned_attenuation,0.0963945393951665,data/precomputed/fig06/robust_intervention_model_metrics.csv,MIDD,T4,,,,
2,,baseline_aligned_attenuation,0.6569263561739557,data/precomputed/fig06/robust_intervention_model_metrics.csv,propeller,T4,,,,
2,,baseline_aligned_attenuation,0.4619761805297646,data/precomputed/fig06/robust_intervention_model_metrics.csv,edge,T4,,,,
2,,baseline_aligned_attenuation,0.0945100810719764,data/precomputed/fig06/robust_intervention_model_metrics.csv,MIDD,T4_T5,,,,
2,,baseline_aligned_attenuation,0.738961616165522,data/precomputed/fig06/robust_intervention_model_metrics.csv,propeller,T4_T5,,,,
2,,baseline_aligned_attenuation,0.6685462791373505,data/precomputed/fig06/robust_intervention_model_metrics.csv,edge,T4_T5,,,,
2,,baseline_aligned_attenuation,0.0285442630430046,data/precomputed/fig06/robust_intervention_model_metrics.csv,MIDD,T4a,,,,
2,,baseline_aligned_attenuation,0.2326813585401308,data/precomputed/fig06/robust_intervention_model_metrics.csv,propeller,T4a,,,,
2,,baseline_aligned_attenuation,0.3972305601376385,data/precomputed/fig06/robust_intervention_model_metrics.csv,edge,T4a,,,,
2,,baseline_aligned_attenuation,0.0066521282461644,data/precomputed/fig06/robust_intervention_model_metrics.csv,MIDD,T4b,,,,
2,,baseline_aligned_attenuation,0.0932353901074862,data/precomputed/fig06/robust_intervention_model_metrics.csv,propeller,T4b,,,,
2,,baseline_aligned_attenuation,-0.164793205890285,data/precomputed/fig06/robust_intervention_model_metrics.csv,edge,T4b,,,,
2,,baseline_aligned_attenuation,0.0980496966141079,data/precomputed/fig06/robust_intervention_model_metrics.csv,MIDD,all_input,,,,
2,,baseline_aligned_attenuation,0.948701953739934,data/precomputed/fig06/robust_intervention_model_metrics.csv,propeller,all_input,,,,
2,,baseline_aligned_attenuation,0.7756728089691867,data/precomputed/fig06/robust_intervention_model_metrics.csv,edge,all_input,,,,
2,,baseline_aligned_attenuation,0.0169431922554222,data/precomputed/fig06/robust_intervention_model_metrics.csv,MIDD,sham,,,,
2,,baseline_aligned_attenuation,-0.002089406046883,data/precomputed/fig06/robust_intervention_model_metrics.csv,propeller,sham,,,,
2,,baseline_aligned_attenuation,0.0226555934631242,data/precomputed/fig06/robust_intervention_model_metrics.csv,edge,sham,,,,
3,,baseline_aligned_attenuation,0.2035395520458681,data/precomputed/fig06/robust_intervention_model_metrics.csv,MIDD,T4,,,,
3,,baseline_aligned_attenuation,0.6496800847614468,data/precomputed/fig06/robust_intervention_model_metrics.csv,propeller,T4,,,,
3,,baseline_aligned_attenuation,0.2543332308400802,data/precomputed/fig06/robust_intervention_model_metrics.csv,edge,T4,,,,
3,,baseline_aligned_attenuation,0.2136490513344118,data/precomputed/fig06/robust_intervention_model_metrics.csv,MIDD,T4_T5,,,,
3,,baseline_aligned_attenuation,0.7291307189941278,data/precomputed/fig06/robust_intervention_model_metrics.csv,propeller,T4_T5,,,,
3,,baseline_aligned_attenuation,0.661078331432608,data/precomputed/fig06/robust_intervention_model_metrics.csv,edge,T4_T5,,,,
3,,baseline_aligned_attenuation,0.0339655210492061,data/precomputed/fig06/robust_intervention_model_metrics.csv,MIDD,T4a,,,,
3,,baseline_aligned_attenuation,0.1508885274408508,data/precomputed/fig06/robust_intervention_model_metrics.csv,propeller,T4a,,,,
3,,baseline_aligned_attenuation,0.5593372549659377,data/precomputed/fig06/robust_intervention_model_metrics.csv,edge,T4a,,,,
3,,baseline_aligned_attenuation,0.0245017578133934,data/precomputed/fig06/robust_intervention_model_metrics.csv,MIDD,T4b,,,,
3,,baseline_aligned_attenuation,0.2055594611030448,data/precomputed/fig06/robust_intervention_model_metrics.csv,propeller,T4b,,,,
3,,baseline_aligned_attenuation,-0.1216325927381401,data/precomputed/fig06/robust_intervention_model_metrics.csv,edge,T4b,,,,
3,,baseline_aligned_attenuation,0.2628993624898912,data/precomputed/fig06/robust_intervention_model_metrics.csv,MIDD,all_input,,,,
3,,baseline_aligned_attenuation,0.9272758972771666,data/precomputed/fig06/robust_intervention_model_metrics.csv,propeller,all_input,,,,
3,,baseline_aligned_attenuation,0.7731448833495851,data/precomputed/fig06/robust_intervention_model_metrics.csv,edge,all_input,,,,
3,,baseline_aligned_attenuation,0.0148307697297723,data/precomputed/fig06/robust_intervention_model_metrics.csv,MIDD,sham,,,,
3,,baseline_aligned_attenuation,0.0348927849901316,data/precomputed/fig06/robust_intervention_model_metrics.csv,propeller,sham,,,,
3,,baseline_aligned_attenuation,-0.0314803862088374,data/precomputed/fig06/robust_intervention_model_metrics.csv,edge,sham,,,,
4,,baseline_aligned_attenuation,-0.0130631919801778,data/precomputed/fig06/robust_intervention_model_metrics.csv,MIDD,T4,,,,
4,,baseline_aligned_attenuation,0.5527304703081378,data/precomputed/fig06/robust_intervention_model_metrics.csv,propeller,T4,,,,
4,,baseline_aligned_attenuation,0.727702952030039,data/precomputed/fig06/robust_intervention_model_metrics.csv,edge,T4,,,,
4,,baseline_aligned_attenuation,-0.0142417322683059,data/precomputed/fig06/robust_intervention_model_metrics.csv,MIDD,T4_T5,,,,
4,,baseline_aligned_attenuation,0.6341433775795544,data/precomputed/fig06/robust_intervention_model_metrics.csv,propeller,T4_T5,,,,
4,,baseline_aligned_attenuation,0.6567498406391015,data/precomputed/fig06/robust_intervention_model_metrics.csv,edge,T4_T5,,,,
4,,baseline_aligned_attenuation,0.0037493810990345,data/precomputed/fig06/robust_intervention_model_metrics.csv,MIDD,T4a,,,,
4,,baseline_aligned_attenuation,0.2022187202423616,data/precomputed/fig06/robust_intervention_model_metrics.csv,propeller,T4a,,,,
4,,baseline_aligned_attenuation,0.1364218915639345,data/precomputed/fig06/robust_intervention_model_metrics.csv,edge,T4a,,,,
4,,baseline_aligned_attenuation,0.0076948228509695,data/precomputed/fig06/robust_intervention_model_metrics.csv,MIDD,T4b,,,,
4,,baseline_aligned_attenuation,0.2932047091881478,data/precomputed/fig06/robust_intervention_model_metrics.csv,propeller,T4b,,,,
4,,baseline_aligned_attenuation,0.6238880459866326,data/precomputed/fig06/robust_intervention_model_metrics.csv,edge,T4b,,,,
4,,baseline_aligned_attenuation,0.0012535793828281,data/precomputed/fig06/robust_intervention_model_metrics.csv,MIDD,all_input,,,,
4,,baseline_aligned_attenuation,0.9500852810929182,data/precomputed/fig06/robust_intervention_model_metrics.csv,propeller,all_input,,,,
4,,baseline_aligned_attenuation,0.7739579400182964,data/precomputed/fig06/robust_intervention_model_metrics.csv,edge,all_input,,,,
4,,baseline_aligned_attenuation,0.0001571681766201,data/precomputed/fig06/robust_intervention_model_metrics.csv,MIDD,sham,,,,
4,,baseline_aligned_attenuation,0.0264919767344451,data/precomputed/fig06/robust_intervention_model_metrics.csv,propeller,sham,,,,
4,,baseline_aligned_attenuation,0.0394415573222302,data/precomputed/fig06/robust_intervention_model_metrics.csv,edge,sham,,,,
5,,baseline_aligned_attenuation,0.0483801877484181,data/precomputed/fig06/robust_intervention_model_metrics.csv,MIDD,T4,,,,
5,,baseline_aligned_attenuation,0.5828891648182267,data/precomputed/fig06/robust_intervention_model_metrics.csv,propeller,T4,,,,
5,,baseline_aligned_attenuation,0.4491984189643771,data/precomputed/fig06/robust_intervention_model_metrics.csv,edge,T4,,,,
5,,baseline_aligned_attenuation,0.0708859096663802,data/precomputed/fig06/robust_intervention_model_metrics.csv,MIDD,T4_T5,,,,
5,,baseline_aligned_attenuation,0.7307919305521205,data/precomputed/fig06/robust_intervention_model_metrics.csv,propeller,T4_T5,,,,
5,,baseline_aligned_attenuation,0.364386394071133,data/precomputed/fig06/robust_intervention_model_metrics.csv,edge,T4_T5,,,,
5,,baseline_aligned_attenuation,-0.0062770114965145,data/precomputed/fig06/robust_intervention_model_metrics.csv,MIDD,T4a,,,,
5,,baseline_aligned_attenuation,0.2290299440998922,data/precomputed/fig06/robust_intervention_model_metrics.csv,propeller,T4a,,,,
5,,baseline_aligned_attenuation,0.019914685772569,data/precomputed/fig06/robust_intervention_model_metrics.csv,edge,T4a,,,,
5,,baseline_aligned_attenuation,-0.0118874410129211,data/precomputed/fig06/robust_intervention_model_metrics.csv,MIDD,T4b,,,,
5,,baseline_aligned_attenuation,0.2130165817963853,data/precomputed/fig06/robust_intervention_model_metrics.csv,propeller,T4b,,,,
5,,baseline_aligned_attenuation,0.4186498521141793,data/precomputed/fig06/robust_intervention_model_metrics.csv,edge,T4b,,,,
5,,baseline_aligned_attenuation,0.0659630726453354,data/precomputed/fig06/robust_intervention_model_metrics.csv,MIDD,all_input,,,,
5,,baseline_aligned_attenuation,0.945033257314991,data/precomputed/fig06/robust_intervention_model_metrics.csv,propeller,all_input,,,,
5,,baseline_aligned_attenuation,0.8353703229347346,data/precomputed/fig06/robust_intervention_model_metrics.csv,edge,all_input,,,,
5,,baseline_aligned_attenuation,0.0119409690931701,data/precomputed/fig06/robust_intervention_model_metrics.csv,MIDD,sham,,,,
5,,baseline_aligned_attenuation,0.1664404699530421,data/precomputed/fig06/robust_intervention_model_metrics.csv,propeller,sham,,,,
5,,baseline_aligned_attenuation,0.0540144301022357,data/precomputed/fig06/robust_intervention_model_metrics.csv,edge,sham,,,,
6,,baseline_aligned_attenuation,0.1209869589614583,data/precomputed/fig06/robust_intervention_model_metrics.csv,MIDD,T4,,,,
6,,baseline_aligned_attenuation,0.5166516529448142,data/precomputed/fig06/robust_intervention_model_metrics.csv,propeller,T4,,,,
6,,baseline_aligned_attenuation,0.2694307835346868,data/precomputed/fig06/robust_intervention_model_metrics.csv,edge,T4,,,,
6,,baseline_aligned_attenuation,0.1406586780113634,data/precomputed/fig06/robust_intervention_model_metrics.csv,MIDD,T4_T5,,,,
6,,baseline_aligned_attenuation,0.6345305359673662,data/precomputed/fig06/robust_intervention_model_metrics.csv,propeller,T4_T5,,,,
6,,baseline_aligned_attenuation,0.5462260742819605,data/precomputed/fig06/robust_intervention_model_metrics.csv,edge,T4_T5,,,,
6,,baseline_aligned_attenuation,0.0351715378679998,data/precomputed/fig06/robust_intervention_model_metrics.csv,MIDD,T4a,,,,
6,,baseline_aligned_attenuation,0.1425488160660108,data/precomputed/fig06/robust_intervention_model_metrics.csv,propeller,T4a,,,,
6,,baseline_aligned_attenuation,-0.1078563252018128,data/precomputed/fig06/robust_intervention_model_metrics.csv,edge,T4a,,,,
6,,baseline_aligned_attenuation,-0.006923891808812,data/precomputed/fig06/robust_intervention_model_metrics.csv,MIDD,T4b,,,,
6,,baseline_aligned_attenuation,-0.0576581809024671,data/precomputed/fig06/robust_intervention_model_metrics.csv,propeller,T4b,,,,
6,,baseline_aligned_attenuation,0.0046364984065789,data/precomputed/fig06/robust_intervention_model_metrics.csv,edge,T4b,,,,
6,,baseline_aligned_attenuation,0.1605809096216048,data/precomputed/fig06/robust_intervention_model_metrics.csv,MIDD,all_input,,,,
6,,baseline_aligned_attenuation,0.9511484817093336,data/precomputed/fig06/robust_intervention_model_metrics.csv,propeller,all_input,,,,
6,,baseline_aligned_attenuation,0.7381910204405322,data/precomputed/fig06/robust_intervention_model_metrics.csv,edge,all_input,,,,
6,,baseline_aligned_attenuation,0.0010309581581906,data/precomputed/fig06/robust_intervention_model_metrics.csv,MIDD,sham,,,,
6,,baseline_aligned_attenuation,0.0251055571347994,data/precomputed/fig06/robust_intervention_model_metrics.csv,propeller,sham,,,,
6,,baseline_aligned_attenuation,0.0793928561576877,data/precomputed/fig06/robust_intervention_model_metrics.csv,edge,sham,,,,
7,,baseline_aligned_attenuation,0.0082711196962493,data/precomputed/fig06/robust_intervention_model_metrics.csv,MIDD,T4,,,,
7,,baseline_aligned_attenuation,0.5782011982882125,data/precomputed/fig06/robust_intervention_model_metrics.csv,propeller,T4,,,,
7,,baseline_aligned_attenuation,0.4510463920591556,data/precomputed/fig06/robust_intervention_model_metrics.csv,edge,T4,,,,
7,,baseline_aligned_attenuation,0.0114482312172106,data/precomputed/fig06/robust_intervention_model_metrics.csv,MIDD,T4_T5,,,,
7,,baseline_aligned_attenuation,0.6754712464155191,data/precomputed/fig06/robust_intervention_model_metrics.csv,propeller,T4_T5,,,,
7,,baseline_aligned_attenuation,0.6029293925609878,data/precomputed/fig06/robust_intervention_model_metrics.csv,edge,T4_T5,,,,
7,,baseline_aligned_attenuation,0.0042143314691739,data/precomputed/fig06/robust_intervention_model_metrics.csv,MIDD,T4a,,,,
7,,baseline_aligned_attenuation,0.1135527768808157,data/precomputed/fig06/robust_intervention_model_metrics.csv,propeller,T4a,,,,
7,,baseline_aligned_attenuation,0.4221840362191891,data/precomputed/fig06/robust_intervention_model_metrics.csv,edge,T4a,,,,
7,,baseline_aligned_attenuation,-0.010166719896874,data/precomputed/fig06/robust_intervention_model_metrics.csv,MIDD,T4b,,,,
7,,baseline_aligned_attenuation,0.2184378603389903,data/precomputed/fig06/robust_intervention_model_metrics.csv,propeller,T4b,,,,
7,,baseline_aligned_attenuation,0.1956270149466265,data/precomputed/fig06/robust_intervention_model_metrics.csv,edge,T4b,,,,
7,,baseline_aligned_attenuation,0.0056091779606451,data/precomputed/fig06/robust_intervention_model_metrics.csv,MIDD,all_input,,,,
7,,baseline_aligned_attenuation,0.9317777094832856,data/precomputed/fig06/robust_intervention_model_metrics.csv,propeller,all_input,,,,
7,,baseline_aligned_attenuation,0.702622371528017,data/precomputed/fig06/robust_intervention_model_metrics.csv,edge,all_input,,,,
7,,baseline_aligned_attenuation,-0.0003172635973683,data/precomputed/fig06/robust_intervention_model_metrics.csv,MIDD,sham,,,,
7,,baseline_aligned_attenuation,-0.0003586210946131,data/precomputed/fig06/robust_intervention_model_metrics.csv,propeller,sham,,,,
7,,baseline_aligned_attenuation,-0.0007448179665371,data/precomputed/fig06/robust_intervention_model_metrics.csv,edge,sham,,,,
8,,baseline_aligned_attenuation,0.0555032212221515,data/precomputed/fig06/robust_intervention_model_metrics.csv,MIDD,T4,,,,
8,,baseline_aligned_attenuation,0.537454075881914,data/precomputed/fig06/robust_intervention_model_metrics.csv,propeller,T4,,,,
8,,baseline_aligned_attenuation,-0.6733973109679041,data/precomputed/fig06/robust_intervention_model_metrics.csv,edge,T4,,,,
8,,baseline_aligned_attenuation,0.0650188000629427,data/precomputed/fig06/robust_intervention_model_metrics.csv,MIDD,T4_T5,,,,
8,,baseline_aligned_attenuation,0.552035499231495,data/precomputed/fig06/robust_intervention_model_metrics.csv,propeller,T4_T5,,,,
8,,baseline_aligned_attenuation,1.2592435616973632,data/precomputed/fig06/robust_intervention_model_metrics.csv,edge,T4_T5,,,,
8,,baseline_aligned_attenuation,0.0096159092100444,data/precomputed/fig06/robust_intervention_model_metrics.csv,MIDD,T4a,,,,
8,,baseline_aligned_attenuation,0.1262395769633622,data/precomputed/fig06/robust_intervention_model_metrics.csv,propeller,T4a,,,,
8,,baseline_aligned_attenuation,0.6509836491765061,data/precomputed/fig06/robust_intervention_model_metrics.csv,edge,T4a,,,,
8,,baseline_aligned_attenuation,0.0085367265842521,data/precomputed/fig06/robust_intervention_model_metrics.csv,MIDD,T4b,,,,
8,,baseline_aligned_attenuation,0.064268323488495,data/precomputed/fig06/robust_intervention_model_metrics.csv,propeller,T4b,,,,
8,,baseline_aligned_attenuation,-0.0790237413938921,data/precomputed/fig06/robust_intervention_model_metrics.csv,edge,T4b,,,,
8,,baseline_aligned_attenuation,0.039897477784233,data/precomputed/fig06/robust_intervention_model_metrics.csv,MIDD,all_input,,,,
8,,baseline_aligned_attenuation,0.948626125240359,data/precomputed/fig06/robust_intervention_model_metrics.csv,propeller,all_input,,,,
8,,baseline_aligned_attenuation,0.8419279106716187,data/precomputed/fig06/robust_intervention_model_metrics.csv,edge,all_input,,,,
8,,baseline_aligned_attenuation,0.0003239251054057,data/precomputed/fig06/robust_intervention_model_metrics.csv,MIDD,sham,,,,
8,,baseline_aligned_attenuation,-0.0036505489693769,data/precomputed/fig06/robust_intervention_model_metrics.csv,propeller,sham,,,,
8,,baseline_aligned_attenuation,-0.0469833922364144,data/precomputed/fig06/robust_intervention_model_metrics.csv,edge,sham,,,,
9,,baseline_aligned_attenuation,0.0496806518783475,data/precomputed/fig06/robust_intervention_model_metrics.csv,MIDD,T4,,,,
9,,baseline_aligned_attenuation,0.5360170095446187,data/precomputed/fig06/robust_intervention_model_metrics.csv,propeller,T4,,,,
9,,baseline_aligned_attenuation,0.8783520944989477,data/precomputed/fig06/robust_intervention_model_metrics.csv,edge,T4,,,,
9,,baseline_aligned_attenuation,0.0469214954116908,data/precomputed/fig06/robust_intervention_model_metrics.csv,MIDD,T4_T5,,,,
9,,baseline_aligned_attenuation,0.5787095706287756,data/precomputed/fig06/robust_intervention_model_metrics.csv,propeller,T4_T5,,,,
9,,baseline_aligned_attenuation,0.8555049149001699,data/precomputed/fig06/robust_intervention_model_metrics.csv,edge,T4_T5,,,,
9,,baseline_aligned_attenuation,0.0007418223502516,data/precomputed/fig06/robust_intervention_model_metrics.csv,MIDD,T4a,,,,
9,,baseline_aligned_attenuation,0.1877282867454546,data/precomputed/fig06/robust_intervention_model_metrics.csv,propeller,T4a,,,,
9,,baseline_aligned_attenuation,0.2043841766175823,data/precomputed/fig06/robust_intervention_model_metrics.csv,edge,T4a,,,,
9,,baseline_aligned_attenuation,-0.0038900859735187,data/precomputed/fig06/robust_intervention_model_metrics.csv,MIDD,T4b,,,,
9,,baseline_aligned_attenuation,0.1534503659352439,data/precomputed/fig06/robust_intervention_model_metrics.csv,propeller,T4b,,,,
9,,baseline_aligned_attenuation,0.4967847756507993,data/precomputed/fig06/robust_intervention_model_metrics.csv,edge,T4b,,,,
9,,baseline_aligned_attenuation,0.0397938118047766,data/precomputed/fig06/robust_intervention_model_metrics.csv,MIDD,all_input,,,,
9,,baseline_aligned_attenuation,0.9485149295809436,data/precomputed/fig06/robust_intervention_model_metrics.csv,propeller,all_input,,,,
9,,baseline_aligned_attenuation,0.7533365055760999,data/precomputed/fig06/robust_intervention_model_metrics.csv,edge,all_input,,,,
9,,baseline_aligned_attenuation,-0.0007480204929358,data/precomputed/fig06/robust_intervention_model_metrics.csv,MIDD,sham,,,,
9,,baseline_aligned_attenuation,0.0110622465183693,data/precomputed/fig06/robust_intervention_model_metrics.csv,propeller,sham,,,,
9,,baseline_aligned_attenuation,-0.0220744077215705,data/precomputed/fig06/robust_intervention_model_metrics.csv,edge,sham,,,,
0,,projected_MIDD_gain,-1.1123647549656674,data/precomputed/fig06/robust_intervention_model_metrics.csv,MIDD,T4,,,,
0,,projected_MIDD_gain,-1.1123647549656674,data/precomputed/fig06/robust_intervention_model_metrics.csv,propeller,T4,,,,
0,,projected_MIDD_gain,-1.1123647549656674,data/precomputed/fig06/robust_intervention_model_metrics.csv,edge,T4,,,,
0,,projected_MIDD_gain,0.1838337179293355,data/precomputed/fig06/robust_intervention_model_metrics.csv,MIDD,T4_T5,,,,
0,,projected_MIDD_gain,0.1838337179293355,data/precomputed/fig06/robust_intervention_model_metrics.csv,propeller,T4_T5,,,,
0,,projected_MIDD_gain,0.1838337179293355,data/precomputed/fig06/robust_intervention_model_metrics.csv,edge,T4_T5,,,,
0,,projected_MIDD_gain,0.3979549201777281,data/precomputed/fig06/robust_intervention_model_metrics.csv,MIDD,T4a,,,,
0,,projected_MIDD_gain,0.3979549201777281,data/precomputed/fig06/robust_intervention_model_metrics.csv,propeller,T4a,,,,
0,,projected_MIDD_gain,0.3979549201777281,data/precomputed/fig06/robust_intervention_model_metrics.csv,edge,T4a,,,,
0,,projected_MIDD_gain,0.9753609674066344,data/precomputed/fig06/robust_intervention_model_metrics.csv,MIDD,T4b,,,,
0,,projected_MIDD_gain,0.9753609674066344,data/precomputed/fig06/robust_intervention_model_metrics.csv,propeller,T4b,,,,
0,,projected_MIDD_gain,0.9753609674066344,data/precomputed/fig06/robust_intervention_model_metrics.csv,edge,T4b,,,,
0,,projected_MIDD_gain,0.0,data/precomputed/fig06/robust_intervention_model_metrics.csv,MIDD,all_input,,,,
0,,projected_MIDD_gain,0.0,data/precomputed/fig06/robust_intervention_model_metrics.csv,propeller,all_input,,,,
0,,projected_MIDD_gain,0.0,data/precomputed/fig06/robust_intervention_model_metrics.csv,edge,all_input,,,,
0,,projected_MIDD_gain,0.986490680810867,data/precomputed/fig06/robust_intervention_model_metrics.csv,MIDD,sham,,,,
0,,projected_MIDD_gain,0.986490680810867,data/precomputed/fig06/robust_intervention_model_metrics.csv,propeller,sham,,,,
0,,projected_MIDD_gain,0.986490680810867,data/precomputed/fig06/robust_intervention_model_metrics.csv,edge,sham,,,,
1,,projected_MIDD_gain,0.2437960636106532,data/precomputed/fig06/robust_intervention_model_metrics.csv,MIDD,T4,,,,
1,,projected_MIDD_gain,0.2437960636106532,data/precomputed/fig06/robust_intervention_model_metrics.csv,propeller,T4,,,,
1,,projected_MIDD_gain,0.2437960636106532,data/precomputed/fig06/robust_intervention_model_metrics.csv,edge,T4,,,,
1,,projected_MIDD_gain,0.1281890899861809,data/precomputed/fig06/robust_intervention_model_metrics.csv,MIDD,T4_T5,,,,
1,,projected_MIDD_gain,0.1281890899861809,data/precomputed/fig06/robust_intervention_model_metrics.csv,propeller,T4_T5,,,,
1,,projected_MIDD_gain,0.1281890899861809,data/precomputed/fig06/robust_intervention_model_metrics.csv,edge,T4_T5,,,,
1,,projected_MIDD_gain,0.8449663403810184,data/precomputed/fig06/robust_intervention_model_metrics.csv,MIDD,T4a,,,,
1,,projected_MIDD_gain,0.8449663403810184,data/precomputed/fig06/robust_intervention_model_metrics.csv,propeller,T4a,,,,
1,,projected_MIDD_gain,0.8449663403810184,data/precomputed/fig06/robust_intervention_model_metrics.csv,edge,T4a,,,,
1,,projected_MIDD_gain,0.6831931635598497,data/precomputed/fig06/robust_intervention_model_metrics.csv,MIDD,T4b,,,,
1,,projected_MIDD_gain,0.6831931635598497,data/precomputed/fig06/robust_intervention_model_metrics.csv,propeller,T4b,,,,
1,,projected_MIDD_gain,0.6831931635598497,data/precomputed/fig06/robust_intervention_model_metrics.csv,edge,T4b,,,,
1,,projected_MIDD_gain,0.0,data/precomputed/fig06/robust_intervention_model_metrics.csv,MIDD,all_input,,,,
1,,projected_MIDD_gain,0.0,data/precomputed/fig06/robust_intervention_model_metrics.csv,propeller,all_input,,,,
1,,projected_MIDD_gain,0.0,data/precomputed/fig06/robust_intervention_model_metrics.csv,edge,all_input,,,,
1,,projected_MIDD_gain,0.9997440554358816,data/precomputed/fig06/robust_intervention_model_metrics.csv,MIDD,sham,,,,
1,,projected_MIDD_gain,0.9997440554358816,data/precomputed/fig06/robust_intervention_model_metrics.csv,propeller,sham,,,,
1,,projected_MIDD_gain,0.9997440554358816,data/precomputed/fig06/robust_intervention_model_metrics.csv,edge,sham,,,,
2,,projected_MIDD_gain,0.040554603559872,data/precomputed/fig06/robust_intervention_model_metrics.csv,MIDD,T4,,,,
2,,projected_MIDD_gain,0.040554603559872,data/precomputed/fig06/robust_intervention_model_metrics.csv,propeller,T4,,,,
2,,projected_MIDD_gain,0.040554603559872,data/precomputed/fig06/robust_intervention_model_metrics.csv,edge,T4,,,,
2,,projected_MIDD_gain,0.0676755041300935,data/precomputed/fig06/robust_intervention_model_metrics.csv,MIDD,T4_T5,,,,
2,,projected_MIDD_gain,0.0676755041300935,data/precomputed/fig06/robust_intervention_model_metrics.csv,propeller,T4_T5,,,,
2,,projected_MIDD_gain,0.0676755041300935,data/precomputed/fig06/robust_intervention_model_metrics.csv,edge,T4_T5,,,,
2,,projected_MIDD_gain,0.7442753463372815,data/precomputed/fig06/robust_intervention_model_metrics.csv,MIDD,T4a,,,,
2,,projected_MIDD_gain,0.7442753463372815,data/precomputed/fig06/robust_intervention_model_metrics.csv,propeller,T4a,,,,
2,,projected_MIDD_gain,0.7442753463372815,data/precomputed/fig06/robust_intervention_model_metrics.csv,edge,T4a,,,,
2,,projected_MIDD_gain,0.970799993994096,data/precomputed/fig06/robust_intervention_model_metrics.csv,MIDD,T4b,,,,
2,,projected_MIDD_gain,0.970799993994096,data/precomputed/fig06/robust_intervention_model_metrics.csv,propeller,T4b,,,,
2,,projected_MIDD_gain,0.970799993994096,data/precomputed/fig06/robust_intervention_model_metrics.csv,edge,T4b,,,,
2,,projected_MIDD_gain,0.0,data/precomputed/fig06/robust_intervention_model_metrics.csv,MIDD,all_input,,,,
2,,projected_MIDD_gain,0.0,data/precomputed/fig06/robust_intervention_model_metrics.csv,propeller,all_input,,,,
2,,projected_MIDD_gain,0.0,data/precomputed/fig06/robust_intervention_model_metrics.csv,edge,all_input,,,,
2,,projected_MIDD_gain,0.852354807929524,data/precomputed/fig06/robust_intervention_model_metrics.csv,MIDD,sham,,,,
2,,projected_MIDD_gain,0.852354807929524,data/precomputed/fig06/robust_intervention_model_metrics.csv,propeller,sham,,,,
2,,projected_MIDD_gain,0.852354807929524,data/precomputed/fig06/robust_intervention_model_metrics.csv,edge,sham,,,,
3,,projected_MIDD_gain,0.2555873035250747,data/precomputed/fig06/robust_intervention_model_metrics.csv,MIDD,T4,,,,
3,,projected_MIDD_gain,0.2555873035250747,data/precomputed/fig06/robust_intervention_model_metrics.csv,propeller,T4,,,,
3,,projected_MIDD_gain,0.2555873035250747,data/precomputed/fig06/robust_intervention_model_metrics.csv,edge,T4,,,,
3,,projected_MIDD_gain,0.2062154900351303,data/precomputed/fig06/robust_intervention_model_metrics.csv,MIDD,T4_T5,,,,
3,,projected_MIDD_gain,0.2062154900351303,data/precomputed/fig06/robust_intervention_model_metrics.csv,propeller,T4_T5,,,,
3,,projected_MIDD_gain,0.2062154900351303,data/precomputed/fig06/robust_intervention_model_metrics.csv,edge,T4_T5,,,,
3,,projected_MIDD_gain,0.8594735691336802,data/precomputed/fig06/robust_intervention_model_metrics.csv,MIDD,T4a,,,,
3,,projected_MIDD_gain,0.8594735691336802,data/precomputed/fig06/robust_intervention_model_metrics.csv,propeller,T4a,,,,
3,,projected_MIDD_gain,0.8594735691336802,data/precomputed/fig06/robust_intervention_model_metrics.csv,edge,T4a,,,,
3,,projected_MIDD_gain,0.971261768542502,data/precomputed/fig06/robust_intervention_model_metrics.csv,MIDD,T4b,,,,
3,,projected_MIDD_gain,0.971261768542502,data/precomputed/fig06/robust_intervention_model_metrics.csv,propeller,T4b,,,,
3,,projected_MIDD_gain,0.971261768542502,data/precomputed/fig06/robust_intervention_model_metrics.csv,edge,T4b,,,,
3,,projected_MIDD_gain,0.0,data/precomputed/fig06/robust_intervention_model_metrics.csv,MIDD,all_input,,,,
3,,projected_MIDD_gain,0.0,data/precomputed/fig06/robust_intervention_model_metrics.csv,propeller,all_input,,,,
3,,projected_MIDD_gain,0.0,data/precomputed/fig06/robust_intervention_model_metrics.csv,edge,all_input,,,,
3,,projected_MIDD_gain,1.0017456925644437,data/precomputed/fig06/robust_intervention_model_metrics.csv,MIDD,sham,,,,
3,,projected_MIDD_gain,1.0017456925644437,data/precomputed/fig06/robust_intervention_model_metrics.csv,propeller,sham,,,,
3,,projected_MIDD_gain,1.0017456925644437,data/precomputed/fig06/robust_intervention_model_metrics.csv,edge,sham,,,,
4,,projected_MIDD_gain,0.2360803101618971,data/precomputed/fig06/robust_intervention_model_metrics.csv,MIDD,T4,,,,
4,,projected_MIDD_gain,0.2360803101618971,data/precomputed/fig06/robust_intervention_model_metrics.csv,propeller,T4,,,,
4,,projected_MIDD_gain,0.2360803101618971,data/precomputed/fig06/robust_intervention_model_metrics.csv,edge,T4,,,,
4,,projected_MIDD_gain,0.2144825483724078,data/precomputed/fig06/robust_intervention_model_metrics.csv,MIDD,T4_T5,,,,
4,,projected_MIDD_gain,0.2144825483724078,data/precomputed/fig06/robust_intervention_model_metrics.csv,propeller,T4_T5,,,,
4,,projected_MIDD_gain,0.2144825483724078,data/precomputed/fig06/robust_intervention_model_metrics.csv,edge,T4_T5,,,,
4,,projected_MIDD_gain,0.9588828817460644,data/precomputed/fig06/robust_intervention_model_metrics.csv,MIDD,T4a,,,,
4,,projected_MIDD_gain,0.9588828817460644,data/precomputed/fig06/robust_intervention_model_metrics.csv,propeller,T4a,,,,
4,,projected_MIDD_gain,0.9588828817460644,data/precomputed/fig06/robust_intervention_model_metrics.csv,edge,T4a,,,,
4,,projected_MIDD_gain,0.6390551905922143,data/precomputed/fig06/robust_intervention_model_metrics.csv,MIDD,T4b,,,,
4,,projected_MIDD_gain,0.6390551905922143,data/precomputed/fig06/robust_intervention_model_metrics.csv,propeller,T4b,,,,
4,,projected_MIDD_gain,0.6390551905922143,data/precomputed/fig06/robust_intervention_model_metrics.csv,edge,T4b,,,,
4,,projected_MIDD_gain,0.0,data/precomputed/fig06/robust_intervention_model_metrics.csv,MIDD,all_input,,,,
4,,projected_MIDD_gain,0.0,data/precomputed/fig06/robust_intervention_model_metrics.csv,propeller,all_input,,,,
4,,projected_MIDD_gain,0.0,data/precomputed/fig06/robust_intervention_model_metrics.csv,edge,all_input,,,,
4,,projected_MIDD_gain,1.0038195604897715,data/precomputed/fig06/robust_intervention_model_metrics.csv,MIDD,sham,,,,
4,,projected_MIDD_gain,1.0038195604897715,data/precomputed/fig06/robust_intervention_model_metrics.csv,propeller,sham,,,,
4,,projected_MIDD_gain,1.0038195604897715,data/precomputed/fig06/robust_intervention_model_metrics.csv,edge,sham,,,,
5,,projected_MIDD_gain,0.1285159135950632,data/precomputed/fig06/robust_intervention_model_metrics.csv,MIDD,T4,,,,
5,,projected_MIDD_gain,0.1285159135950632,data/precomputed/fig06/robust_intervention_model_metrics.csv,propeller,T4,,,,
5,,projected_MIDD_gain,0.1285159135950632,data/precomputed/fig06/robust_intervention_model_metrics.csv,edge,T4,,,,
5,,projected_MIDD_gain,0.233159512485903,data/precomputed/fig06/robust_intervention_model_metrics.csv,MIDD,T4_T5,,,,
5,,projected_MIDD_gain,0.233159512485903,data/precomputed/fig06/robust_intervention_model_metrics.csv,propeller,T4_T5,,,,
5,,projected_MIDD_gain,0.233159512485903,data/precomputed/fig06/robust_intervention_model_metrics.csv,edge,T4_T5,,,,
5,,projected_MIDD_gain,0.8189736486218124,data/precomputed/fig06/robust_intervention_model_metrics.csv,MIDD,T4a,,,,
5,,projected_MIDD_gain,0.8189736486218124,data/precomputed/fig06/robust_intervention_model_metrics.csv,propeller,T4a,,,,
5,,projected_MIDD_gain,0.8189736486218124,data/precomputed/fig06/robust_intervention_model_metrics.csv,edge,T4a,,,,
5,,projected_MIDD_gain,0.6034209775980138,data/precomputed/fig06/robust_intervention_model_metrics.csv,MIDD,T4b,,,,
5,,projected_MIDD_gain,0.6034209775980138,data/precomputed/fig06/robust_intervention_model_metrics.csv,propeller,T4b,,,,
5,,projected_MIDD_gain,0.6034209775980138,data/precomputed/fig06/robust_intervention_model_metrics.csv,edge,T4b,,,,
5,,projected_MIDD_gain,0.0,data/precomputed/fig06/robust_intervention_model_metrics.csv,MIDD,all_input,,,,
5,,projected_MIDD_gain,0.0,data/precomputed/fig06/robust_intervention_model_metrics.csv,propeller,all_input,,,,
5,,projected_MIDD_gain,0.0,data/precomputed/fig06/robust_intervention_model_metrics.csv,edge,all_input,,,,
5,,projected_MIDD_gain,1.0340410735871162,data/precomputed/fig06/robust_intervention_model_metrics.csv,MIDD,sham,,,,
5,,projected_MIDD_gain,1.0340410735871162,data/precomputed/fig06/robust_intervention_model_metrics.csv,propeller,sham,,,,
5,,projected_MIDD_gain,1.0340410735871162,data/precomputed/fig06/robust_intervention_model_metrics.csv,edge,sham,,,,
6,,projected_MIDD_gain,0.1813782949495008,data/precomputed/fig06/robust_intervention_model_metrics.csv,MIDD,T4,,,,
6,,projected_MIDD_gain,0.1813782949495008,data/precomputed/fig06/robust_intervention_model_metrics.csv,propeller,T4,,,,
6,,projected_MIDD_gain,0.1813782949495008,data/precomputed/fig06/robust_intervention_model_metrics.csv,edge,T4,,,,
6,,projected_MIDD_gain,0.0746755573627573,data/precomputed/fig06/robust_intervention_model_metrics.csv,MIDD,T4_T5,,,,
6,,projected_MIDD_gain,0.0746755573627573,data/precomputed/fig06/robust_intervention_model_metrics.csv,propeller,T4_T5,,,,
6,,projected_MIDD_gain,0.0746755573627573,data/precomputed/fig06/robust_intervention_model_metrics.csv,edge,T4_T5,,,,
6,,projected_MIDD_gain,0.7945972468052133,data/precomputed/fig06/robust_intervention_model_metrics.csv,MIDD,T4a,,,,
6,,projected_MIDD_gain,0.7945972468052133,data/precomputed/fig06/robust_intervention_model_metrics.csv,propeller,T4a,,,,
6,,projected_MIDD_gain,0.7945972468052133,data/precomputed/fig06/robust_intervention_model_metrics.csv,edge,T4a,,,,
6,,projected_MIDD_gain,1.0251550783170935,data/precomputed/fig06/robust_intervention_model_metrics.csv,MIDD,T4b,,,,
6,,projected_MIDD_gain,1.0251550783170935,data/precomputed/fig06/robust_intervention_model_metrics.csv,propeller,T4b,,,,
6,,projected_MIDD_gain,1.0251550783170935,data/precomputed/fig06/robust_intervention_model_metrics.csv,edge,T4b,,,,
6,,projected_MIDD_gain,0.0,data/precomputed/fig06/robust_intervention_model_metrics.csv,MIDD,all_input,,,,
6,,projected_MIDD_gain,0.0,data/precomputed/fig06/robust_intervention_model_metrics.csv,propeller,all_input,,,,
6,,projected_MIDD_gain,0.0,data/precomputed/fig06/robust_intervention_model_metrics.csv,edge,all_input,,,,
6,,projected_MIDD_gain,0.9891273923962924,data/precomputed/fig06/robust_intervention_model_metrics.csv,MIDD,sham,,,,
6,,projected_MIDD_gain,0.9891273923962924,data/precomputed/fig06/robust_intervention_model_metrics.csv,propeller,sham,,,,
6,,projected_MIDD_gain,0.9891273923962924,data/precomputed/fig06/robust_intervention_model_metrics.csv,edge,sham,,,,
7,,projected_MIDD_gain,0.20259073911698,data/precomputed/fig06/robust_intervention_model_metrics.csv,MIDD,T4,,,,
7,,projected_MIDD_gain,0.20259073911698,data/precomputed/fig06/robust_intervention_model_metrics.csv,propeller,T4,,,,
7,,projected_MIDD_gain,0.20259073911698,data/precomputed/fig06/robust_intervention_model_metrics.csv,edge,T4,,,,
7,,projected_MIDD_gain,0.1497685814965869,data/precomputed/fig06/robust_intervention_model_metrics.csv,MIDD,T4_T5,,,,
7,,projected_MIDD_gain,0.1497685814965869,data/precomputed/fig06/robust_intervention_model_metrics.csv,propeller,T4_T5,,,,
7,,projected_MIDD_gain,0.1497685814965869,data/precomputed/fig06/robust_intervention_model_metrics.csv,edge,T4_T5,,,,
7,,projected_MIDD_gain,0.4826460347979165,data/precomputed/fig06/robust_intervention_model_metrics.csv,MIDD,T4a,,,,
7,,projected_MIDD_gain,0.4826460347979165,data/precomputed/fig06/robust_intervention_model_metrics.csv,propeller,T4a,,,,
7,,projected_MIDD_gain,0.4826460347979165,data/precomputed/fig06/robust_intervention_model_metrics.csv,edge,T4a,,,,
7,,projected_MIDD_gain,0.9969526985359776,data/precomputed/fig06/robust_intervention_model_metrics.csv,MIDD,T4b,,,,
7,,projected_MIDD_gain,0.9969526985359776,data/precomputed/fig06/robust_intervention_model_metrics.csv,propeller,T4b,,,,
7,,projected_MIDD_gain,0.9969526985359776,data/precomputed/fig06/robust_intervention_model_metrics.csv,edge,T4b,,,,
7,,projected_MIDD_gain,0.0,data/precomputed/fig06/robust_intervention_model_metrics.csv,MIDD,all_input,,,,
7,,projected_MIDD_gain,0.0,data/precomputed/fig06/robust_intervention_model_metrics.csv,propeller,all_input,,,,
7,,projected_MIDD_gain,0.0,data/precomputed/fig06/robust_intervention_model_metrics.csv,edge,all_input,,,,
7,,projected_MIDD_gain,0.9935838999825556,data/precomputed/fig06/robust_intervention_model_metrics.csv,MIDD,sham,,,,
7,,projected_MIDD_gain,0.9935838999825556,data/precomputed/fig06/robust_intervention_model_metrics.csv,propeller,sham,,,,
7,,projected_MIDD_gain,0.9935838999825556,data/precomputed/fig06/robust_intervention_model_metrics.csv,edge,sham,,,,
8,,projected_MIDD_gain,0.8717987405642178,data/precomputed/fig06/robust_intervention_model_metrics.csv,MIDD,T4,,,,
8,,projected_MIDD_gain,0.8717987405642178,data/precomputed/fig06/robust_intervention_model_metrics.csv,propeller,T4,,,,
8,,projected_MIDD_gain,0.8717987405642178,data/precomputed/fig06/robust_intervention_model_metrics.csv,edge,T4,,,,
8,,projected_MIDD_gain,1.052164799451492,data/precomputed/fig06/robust_intervention_model_metrics.csv,MIDD,T4_T5,,,,
8,,projected_MIDD_gain,1.052164799451492,data/precomputed/fig06/robust_intervention_model_metrics.csv,propeller,T4_T5,,,,
8,,projected_MIDD_gain,1.052164799451492,data/precomputed/fig06/robust_intervention_model_metrics.csv,edge,T4_T5,,,,
8,,projected_MIDD_gain,0.3670379137686402,data/precomputed/fig06/robust_intervention_model_metrics.csv,MIDD,T4a,,,,
8,,projected_MIDD_gain,0.3670379137686402,data/precomputed/fig06/robust_intervention_model_metrics.csv,propeller,T4a,,,,
8,,projected_MIDD_gain,0.3670379137686402,data/precomputed/fig06/robust_intervention_model_metrics.csv,edge,T4a,,,,
8,,projected_MIDD_gain,1.218654020853573,data/precomputed/fig06/robust_intervention_model_metrics.csv,MIDD,T4b,,,,
8,,projected_MIDD_gain,1.218654020853573,data/precomputed/fig06/robust_intervention_model_metrics.csv,propeller,T4b,,,,
8,,projected_MIDD_gain,1.218654020853573,data/precomputed/fig06/robust_intervention_model_metrics.csv,edge,T4b,,,,
8,,projected_MIDD_gain,0.0,data/precomputed/fig06/robust_intervention_model_metrics.csv,MIDD,all_input,,,,
8,,projected_MIDD_gain,0.0,data/precomputed/fig06/robust_intervention_model_metrics.csv,propeller,all_input,,,,
8,,projected_MIDD_gain,0.0,data/precomputed/fig06/robust_intervention_model_metrics.csv,edge,all_input,,,,
8,,projected_MIDD_gain,1.0060000460905956,data/precomputed/fig06/robust_intervention_model_metrics.csv,MIDD,sham,,,,
8,,projected_MIDD_gain,1.0060000460905956,data/precomputed/fig06/robust_intervention_model_metrics.csv,propeller,sham,,,,
8,,projected_MIDD_gain,1.0060000460905956,data/precomputed/fig06/robust_intervention_model_metrics.csv,edge,sham,,,,
9,,projected_MIDD_gain,0.4311882697411276,data/precomputed/fig06/robust_intervention_model_metrics.csv,MIDD,T4,,,,
9,,projected_MIDD_gain,0.4311882697411276,data/precomputed/fig06/robust_intervention_model_metrics.csv,propeller,T4,,,,
9,,projected_MIDD_gain,0.4311882697411276,data/precomputed/fig06/robust_intervention_model_metrics.csv,edge,T4,,,,
9,,projected_MIDD_gain,0.370828923603167,data/precomputed/fig06/robust_intervention_model_metrics.csv,MIDD,T4_T5,,,,
9,,projected_MIDD_gain,0.370828923603167,data/precomputed/fig06/robust_intervention_model_metrics.csv,propeller,T4_T5,,,,
9,,projected_MIDD_gain,0.370828923603167,data/precomputed/fig06/robust_intervention_model_metrics.csv,edge,T4_T5,,,,
9,,projected_MIDD_gain,0.9240946564295064,data/precomputed/fig06/robust_intervention_model_metrics.csv,MIDD,T4a,,,,
9,,projected_MIDD_gain,0.9240946564295064,data/precomputed/fig06/robust_intervention_model_metrics.csv,propeller,T4a,,,,
9,,projected_MIDD_gain,0.9240946564295064,data/precomputed/fig06/robust_intervention_model_metrics.csv,edge,T4a,,,,
9,,projected_MIDD_gain,0.9216228467591556,data/precomputed/fig06/robust_intervention_model_metrics.csv,MIDD,T4b,,,,
9,,projected_MIDD_gain,0.9216228467591556,data/precomputed/fig06/robust_intervention_model_metrics.csv,propeller,T4b,,,,
9,,projected_MIDD_gain,0.9216228467591556,data/precomputed/fig06/robust_intervention_model_metrics.csv,edge,T4b,,,,
9,,projected_MIDD_gain,0.0,data/precomputed/fig06/robust_intervention_model_metrics.csv,MIDD,all_input,,,,
9,,projected_MIDD_gain,0.0,data/precomputed/fig06/robust_intervention_model_metrics.csv,propeller,all_input,,,,
9,,projected_MIDD_gain,0.0,data/precomputed/fig06/robust_intervention_model_metrics.csv,edge,all_input,,,,
9,,projected_MIDD_gain,0.998436749736988,data/precomputed/fig06/robust_intervention_model_metrics.csv,MIDD,sham,,,,
9,,projected_MIDD_gain,0.998436749736988,data/precomputed/fig06/robust_intervention_model_metrics.csv,propeller,sham,,,,
9,,projected_MIDD_gain,0.998436749736988,data/precomputed/fig06/robust_intervention_model_metrics.csv,edge,sham,,,,
0,,RMS_normalized_difference,3.048946741958118,data/precomputed/fig06/robust_intervention_model_metrics.csv,MIDD,T4,,,,
0,,RMS_normalized_difference,3.048946741958118,data/precomputed/fig06/robust_intervention_model_metrics.csv,propeller,T4,,,,
0,,RMS_normalized_difference,3.048946741958118,data/precomputed/fig06/robust_intervention_model_metrics.csv,edge,T4,,,,
0,,RMS_normalized_difference,0.8528807282001107,data/precomputed/fig06/robust_intervention_model_metrics.csv,MIDD,T4_T5,,,,
0,,RMS_normalized_difference,0.8528807282001107,data/precomputed/fig06/robust_intervention_model_metrics.csv,propeller,T4_T5,,,,
0,,RMS_normalized_difference,0.8528807282001107,data/precomputed/fig06/robust_intervention_model_metrics.csv,edge,T4_T5,,,,
0,,RMS_normalized_difference,0.7035028908382408,data/precomputed/fig06/robust_intervention_model_metrics.csv,MIDD,T4a,,,,
0,,RMS_normalized_difference,0.7035028908382408,data/precomputed/fig06/robust_intervention_model_metrics.csv,propeller,T4a,,,,
0,,RMS_normalized_difference,0.7035028908382408,data/precomputed/fig06/robust_intervention_model_metrics.csv,edge,T4a,,,,
0,,RMS_normalized_difference,0.4907100401682817,data/precomputed/fig06/robust_intervention_model_metrics.csv,MIDD,T4b,,,,
0,,RMS_normalized_difference,0.4907100401682817,data/precomputed/fig06/robust_intervention_model_metrics.csv,propeller,T4b,,,,
0,,RMS_normalized_difference,0.4907100401682817,data/precomputed/fig06/robust_intervention_model_metrics.csv,edge,T4b,,,,
0,,RMS_normalized_difference,1.0,data/precomputed/fig06/robust_intervention_model_metrics.csv,MIDD,all_input,,,,
0,,RMS_normalized_difference,1.0,data/precomputed/fig06/robust_intervention_model_metrics.csv,propeller,all_input,,,,
0,,RMS_normalized_difference,1.0,data/precomputed/fig06/robust_intervention_model_metrics.csv,edge,all_input,,,,
0,,RMS_normalized_difference,0.075494635601433,data/precomputed/fig06/robust_intervention_model_metrics.csv,MIDD,sham,,,,
0,,RMS_normalized_difference,0.075494635601433,data/precomputed/fig06/robust_intervention_model_metrics.csv,propeller,sham,,,,
0,,RMS_normalized_difference,0.075494635601433,data/precomputed/fig06/robust_intervention_model_metrics.csv,edge,sham,,,,
1,,RMS_normalized_difference,0.7645595465589925,data/precomputed/fig06/robust_intervention_model_metrics.csv,MIDD,T4,,,,
1,,RMS_normalized_difference,0.7645595465589925,data/precomputed/fig06/robust_intervention_model_metrics.csv,propeller,T4,,,,
1,,RMS_normalized_difference,0.7645595465589925,data/precomputed/fig06/robust_intervention_model_metrics.csv,edge,T4,,,,
1,,RMS_normalized_difference,0.878877372686398,data/precomputed/fig06/robust_intervention_model_metrics.csv,MIDD,T4_T5,,,,
1,,RMS_normalized_difference,0.878877372686398,data/precomputed/fig06/robust_intervention_model_metrics.csv,propeller,T4_T5,,,,
1,,RMS_normalized_difference,0.878877372686398,data/precomputed/fig06/robust_intervention_model_metrics.csv,edge,T4_T5,,,,
1,,RMS_normalized_difference,0.194165985639714,data/precomputed/fig06/robust_intervention_model_metrics.csv,MIDD,T4a,,,,
1,,RMS_normalized_difference,0.194165985639714,data/precomputed/fig06/robust_intervention_model_metrics.csv,propeller,T4a,,,,
1,,RMS_normalized_difference,0.194165985639714,data/precomputed/fig06/robust_intervention_model_metrics.csv,edge,T4a,,,,
1,,RMS_normalized_difference,0.3216167850443764,data/precomputed/fig06/robust_intervention_model_metrics.csv,MIDD,T4b,,,,
1,,RMS_normalized_difference,0.3216167850443764,data/precomputed/fig06/robust_intervention_model_metrics.csv,propeller,T4b,,,,
1,,RMS_normalized_difference,0.3216167850443764,data/precomputed/fig06/robust_intervention_model_metrics.csv,edge,T4b,,,,
1,,RMS_normalized_difference,1.0,data/precomputed/fig06/robust_intervention_model_metrics.csv,MIDD,all_input,,,,
1,,RMS_normalized_difference,1.0,data/precomputed/fig06/robust_intervention_model_metrics.csv,propeller,all_input,,,,
1,,RMS_normalized_difference,1.0,data/precomputed/fig06/robust_intervention_model_metrics.csv,edge,all_input,,,,
1,,RMS_normalized_difference,0.0006861707224904,data/precomputed/fig06/robust_intervention_model_metrics.csv,MIDD,sham,,,,
1,,RMS_normalized_difference,0.0006861707224904,data/precomputed/fig06/robust_intervention_model_metrics.csv,propeller,sham,,,,
1,,RMS_normalized_difference,0.0006861707224904,data/precomputed/fig06/robust_intervention_model_metrics.csv,edge,sham,,,,
2,,RMS_normalized_difference,0.9774885033146848,data/precomputed/fig06/robust_intervention_model_metrics.csv,MIDD,T4,,,,
2,,RMS_normalized_difference,0.9774885033146848,data/precomputed/fig06/robust_intervention_model_metrics.csv,propeller,T4,,,,
2,,RMS_normalized_difference,0.9774885033146848,data/precomputed/fig06/robust_intervention_model_metrics.csv,edge,T4,,,,
2,,RMS_normalized_difference,0.94412260980357,data/precomputed/fig06/robust_intervention_model_metrics.csv,MIDD,T4_T5,,,,
2,,RMS_normalized_difference,0.94412260980357,data/precomputed/fig06/robust_intervention_model_metrics.csv,propeller,T4_T5,,,,
2,,RMS_normalized_difference,0.94412260980357,data/precomputed/fig06/robust_intervention_model_metrics.csv,edge,T4_T5,,,,
2,,RMS_normalized_difference,0.3053344056226853,data/precomputed/fig06/robust_intervention_model_metrics.csv,MIDD,T4a,,,,
2,,RMS_normalized_difference,0.3053344056226853,data/precomputed/fig06/robust_intervention_model_metrics.csv,propeller,T4a,,,,
2,,RMS_normalized_difference,0.3053344056226853,data/precomputed/fig06/robust_intervention_model_metrics.csv,edge,T4a,,,,
2,,RMS_normalized_difference,0.1208944266886337,data/precomputed/fig06/robust_intervention_model_metrics.csv,MIDD,T4b,,,,
2,,RMS_normalized_difference,0.1208944266886337,data/precomputed/fig06/robust_intervention_model_metrics.csv,propeller,T4b,,,,
2,,RMS_normalized_difference,0.1208944266886337,data/precomputed/fig06/robust_intervention_model_metrics.csv,edge,T4b,,,,
2,,RMS_normalized_difference,1.0,data/precomputed/fig06/robust_intervention_model_metrics.csv,MIDD,all_input,,,,
2,,RMS_normalized_difference,1.0,data/precomputed/fig06/robust_intervention_model_metrics.csv,propeller,all_input,,,,
2,,RMS_normalized_difference,1.0,data/precomputed/fig06/robust_intervention_model_metrics.csv,edge,all_input,,,,
2,,RMS_normalized_difference,0.1652599941455443,data/precomputed/fig06/robust_intervention_model_metrics.csv,MIDD,sham,,,,
2,,RMS_normalized_difference,0.1652599941455443,data/precomputed/fig06/robust_intervention_model_metrics.csv,propeller,sham,,,,
2,,RMS_normalized_difference,0.1652599941455443,data/precomputed/fig06/robust_intervention_model_metrics.csv,edge,sham,,,,
3,,RMS_normalized_difference,0.7629931913407352,data/precomputed/fig06/robust_intervention_model_metrics.csv,MIDD,T4,,,,
3,,RMS_normalized_difference,0.7629931913407352,data/precomputed/fig06/robust_intervention_model_metrics.csv,propeller,T4,,,,
3,,RMS_normalized_difference,0.7629931913407352,data/precomputed/fig06/robust_intervention_model_metrics.csv,edge,T4,,,,
3,,RMS_normalized_difference,0.8097368065983492,data/precomputed/fig06/robust_intervention_model_metrics.csv,MIDD,T4_T5,,,,
3,,RMS_normalized_difference,0.8097368065983492,data/precomputed/fig06/robust_intervention_model_metrics.csv,propeller,T4_T5,,,,
3,,RMS_normalized_difference,0.8097368065983492,data/precomputed/fig06/robust_intervention_model_metrics.csv,edge,T4_T5,,,,
3,,RMS_normalized_difference,0.1484738798402982,data/precomputed/fig06/robust_intervention_model_metrics.csv,MIDD,T4a,,,,
3,,RMS_normalized_difference,0.1484738798402982,data/precomputed/fig06/robust_intervention_model_metrics.csv,propeller,T4a,,,,
3,,RMS_normalized_difference,0.1484738798402982,data/precomputed/fig06/robust_intervention_model_metrics.csv,edge,T4a,,,,
3,,RMS_normalized_difference,0.1251453657127721,data/precomputed/fig06/robust_intervention_model_metrics.csv,MIDD,T4b,,,,
3,,RMS_normalized_difference,0.1251453657127721,data/precomputed/fig06/robust_intervention_model_metrics.csv,propeller,T4b,,,,
3,,RMS_normalized_difference,0.1251453657127721,data/precomputed/fig06/robust_intervention_model_metrics.csv,edge,T4b,,,,
3,,RMS_normalized_difference,1.0,data/precomputed/fig06/robust_intervention_model_metrics.csv,MIDD,all_input,,,,
3,,RMS_normalized_difference,1.0,data/precomputed/fig06/robust_intervention_model_metrics.csv,propeller,all_input,,,,
3,,RMS_normalized_difference,1.0,data/precomputed/fig06/robust_intervention_model_metrics.csv,edge,all_input,,,,
3,,RMS_normalized_difference,0.0835399696792565,data/precomputed/fig06/robust_intervention_model_metrics.csv,MIDD,sham,,,,
3,,RMS_normalized_difference,0.0835399696792565,data/precomputed/fig06/robust_intervention_model_metrics.csv,propeller,sham,,,,
3,,RMS_normalized_difference,0.0835399696792565,data/precomputed/fig06/robust_intervention_model_metrics.csv,edge,sham,,,,
4,,RMS_normalized_difference,0.8123018092394065,data/precomputed/fig06/robust_intervention_model_metrics.csv,MIDD,T4,,,,
4,,RMS_normalized_difference,0.8123018092394065,data/precomputed/fig06/robust_intervention_model_metrics.csv,propeller,T4,,,,
4,,RMS_normalized_difference,0.8123018092394065,data/precomputed/fig06/robust_intervention_model_metrics.csv,edge,T4,,,,
4,,RMS_normalized_difference,0.834830069302843,data/precomputed/fig06/robust_intervention_model_metrics.csv,MIDD,T4_T5,,,,
4,,RMS_normalized_difference,0.834830069302843,data/precomputed/fig06/robust_intervention_model_metrics.csv,propeller,T4_T5,,,,
4,,RMS_normalized_difference,0.834830069302843,data/precomputed/fig06/robust_intervention_model_metrics.csv,edge,T4_T5,,,,
4,,RMS_normalized_difference,0.0527229383010495,data/precomputed/fig06/robust_intervention_model_metrics.csv,MIDD,T4a,,,,
4,,RMS_normalized_difference,0.0527229383010495,data/precomputed/fig06/robust_intervention_model_metrics.csv,propeller,T4a,,,,
4,,RMS_normalized_difference,0.0527229383010495,data/precomputed/fig06/robust_intervention_model_metrics.csv,edge,T4a,,,,
4,,RMS_normalized_difference,0.4323132227926776,data/precomputed/fig06/robust_intervention_model_metrics.csv,MIDD,T4b,,,,
4,,RMS_normalized_difference,0.4323132227926776,data/precomputed/fig06/robust_intervention_model_metrics.csv,propeller,T4b,,,,
4,,RMS_normalized_difference,0.4323132227926776,data/precomputed/fig06/robust_intervention_model_metrics.csv,edge,T4b,,,,
4,,RMS_normalized_difference,1.0,data/precomputed/fig06/robust_intervention_model_metrics.csv,MIDD,all_input,,,,
4,,RMS_normalized_difference,1.0,data/precomputed/fig06/robust_intervention_model_metrics.csv,propeller,all_input,,,,
4,,RMS_normalized_difference,1.0,data/precomputed/fig06/robust_intervention_model_metrics.csv,edge,all_input,,,,
4,,RMS_normalized_difference,0.00592357959014,data/precomputed/fig06/robust_intervention_model_metrics.csv,MIDD,sham,,,,
4,,RMS_normalized_difference,0.00592357959014,data/precomputed/fig06/robust_intervention_model_metrics.csv,propeller,sham,,,,
4,,RMS_normalized_difference,0.00592357959014,data/precomputed/fig06/robust_intervention_model_metrics.csv,edge,sham,,,,
5,,RMS_normalized_difference,0.8718961213900631,data/precomputed/fig06/robust_intervention_model_metrics.csv,MIDD,T4,,,,
5,,RMS_normalized_difference,0.8718961213900631,data/precomputed/fig06/robust_intervention_model_metrics.csv,propeller,T4,,,,
5,,RMS_normalized_difference,0.8718961213900631,data/precomputed/fig06/robust_intervention_model_metrics.csv,edge,T4,,,,
5,,RMS_normalized_difference,0.7685158649754155,data/precomputed/fig06/robust_intervention_model_metrics.csv,MIDD,T4_T5,,,,
5,,RMS_normalized_difference,0.7685158649754155,data/precomputed/fig06/robust_intervention_model_metrics.csv,propeller,T4_T5,,,,
5,,RMS_normalized_difference,0.7685158649754155,data/precomputed/fig06/robust_intervention_model_metrics.csv,edge,T4_T5,,,,
5,,RMS_normalized_difference,0.1870308823416902,data/precomputed/fig06/robust_intervention_model_metrics.csv,MIDD,T4a,,,,
5,,RMS_normalized_difference,0.1870308823416902,data/precomputed/fig06/robust_intervention_model_metrics.csv,propeller,T4a,,,,
5,,RMS_normalized_difference,0.1870308823416902,data/precomputed/fig06/robust_intervention_model_metrics.csv,edge,T4a,,,,
5,,RMS_normalized_difference,0.4054227614129132,data/precomputed/fig06/robust_intervention_model_metrics.csv,MIDD,T4b,,,,
5,,RMS_normalized_difference,0.4054227614129132,data/precomputed/fig06/robust_intervention_model_metrics.csv,propeller,T4b,,,,
5,,RMS_normalized_difference,0.4054227614129132,data/precomputed/fig06/robust_intervention_model_metrics.csv,edge,T4b,,,,
5,,RMS_normalized_difference,1.0,data/precomputed/fig06/robust_intervention_model_metrics.csv,MIDD,all_input,,,,
5,,RMS_normalized_difference,1.0,data/precomputed/fig06/robust_intervention_model_metrics.csv,propeller,all_input,,,,
5,,RMS_normalized_difference,1.0,data/precomputed/fig06/robust_intervention_model_metrics.csv,edge,all_input,,,,
5,,RMS_normalized_difference,0.0423486328258448,data/precomputed/fig06/robust_intervention_model_metrics.csv,MIDD,sham,,,,
5,,RMS_normalized_difference,0.0423486328258448,data/precomputed/fig06/robust_intervention_model_metrics.csv,propeller,sham,,,,
5,,RMS_normalized_difference,0.0423486328258448,data/precomputed/fig06/robust_intervention_model_metrics.csv,edge,sham,,,,
6,,RMS_normalized_difference,0.9518152251978864,data/precomputed/fig06/robust_intervention_model_metrics.csv,MIDD,T4,,,,
6,,RMS_normalized_difference,0.9518152251978864,data/precomputed/fig06/robust_intervention_model_metrics.csv,propeller,T4,,,,
6,,RMS_normalized_difference,0.9518152251978864,data/precomputed/fig06/robust_intervention_model_metrics.csv,edge,T4,,,,
6,,RMS_normalized_difference,1.0269862768186298,data/precomputed/fig06/robust_intervention_model_metrics.csv,MIDD,T4_T5,,,,
6,,RMS_normalized_difference,1.0269862768186298,data/precomputed/fig06/robust_intervention_model_metrics.csv,propeller,T4_T5,,,,
6,,RMS_normalized_difference,1.0269862768186298,data/precomputed/fig06/robust_intervention_model_metrics.csv,edge,T4_T5,,,,
6,,RMS_normalized_difference,0.317085514185137,data/precomputed/fig06/robust_intervention_model_metrics.csv,MIDD,T4a,,,,
6,,RMS_normalized_difference,0.317085514185137,data/precomputed/fig06/robust_intervention_model_metrics.csv,propeller,T4a,,,,
6,,RMS_normalized_difference,0.317085514185137,data/precomputed/fig06/robust_intervention_model_metrics.csv,edge,T4a,,,,
6,,RMS_normalized_difference,0.2011140582293119,data/precomputed/fig06/robust_intervention_model_metrics.csv,MIDD,T4b,,,,
6,,RMS_normalized_difference,0.2011140582293119,data/precomputed/fig06/robust_intervention_model_metrics.csv,propeller,T4b,,,,
6,,RMS_normalized_difference,0.2011140582293119,data/precomputed/fig06/robust_intervention_model_metrics.csv,edge,T4b,,,,
6,,RMS_normalized_difference,1.0,data/precomputed/fig06/robust_intervention_model_metrics.csv,MIDD,all_input,,,,
6,,RMS_normalized_difference,1.0,data/precomputed/fig06/robust_intervention_model_metrics.csv,propeller,all_input,,,,
6,,RMS_normalized_difference,1.0,data/precomputed/fig06/robust_intervention_model_metrics.csv,edge,all_input,,,,
6,,RMS_normalized_difference,0.0181544213467561,data/precomputed/fig06/robust_intervention_model_metrics.csv,MIDD,sham,,,,
6,,RMS_normalized_difference,0.0181544213467561,data/precomputed/fig06/robust_intervention_model_metrics.csv,propeller,sham,,,,
6,,RMS_normalized_difference,0.0181544213467561,data/precomputed/fig06/robust_intervention_model_metrics.csv,edge,sham,,,,
7,,RMS_normalized_difference,0.8023307953422869,data/precomputed/fig06/robust_intervention_model_metrics.csv,MIDD,T4,,,,
7,,RMS_normalized_difference,0.8023307953422869,data/precomputed/fig06/robust_intervention_model_metrics.csv,propeller,T4,,,,
7,,RMS_normalized_difference,0.8023307953422869,data/precomputed/fig06/robust_intervention_model_metrics.csv,edge,T4,,,,
7,,RMS_normalized_difference,0.860579163530407,data/precomputed/fig06/robust_intervention_model_metrics.csv,MIDD,T4_T5,,,,
7,,RMS_normalized_difference,0.860579163530407,data/precomputed/fig06/robust_intervention_model_metrics.csv,propeller,T4_T5,,,,
7,,RMS_normalized_difference,0.860579163530407,data/precomputed/fig06/robust_intervention_model_metrics.csv,edge,T4_T5,,,,
7,,RMS_normalized_difference,0.5258368056054327,data/precomputed/fig06/robust_intervention_model_metrics.csv,MIDD,T4a,,,,
7,,RMS_normalized_difference,0.5258368056054327,data/precomputed/fig06/robust_intervention_model_metrics.csv,propeller,T4a,,,,
7,,RMS_normalized_difference,0.5258368056054327,data/precomputed/fig06/robust_intervention_model_metrics.csv,edge,T4a,,,,
7,,RMS_normalized_difference,0.1915206710994217,data/precomputed/fig06/robust_intervention_model_metrics.csv,MIDD,T4b,,,,
7,,RMS_normalized_difference,0.1915206710994217,data/precomputed/fig06/robust_intervention_model_metrics.csv,propeller,T4b,,,,
7,,RMS_normalized_difference,0.1915206710994217,data/precomputed/fig06/robust_intervention_model_metrics.csv,edge,T4b,,,,
7,,RMS_normalized_difference,1.0,data/precomputed/fig06/robust_intervention_model_metrics.csv,MIDD,all_input,,,,
7,,RMS_normalized_difference,1.0,data/precomputed/fig06/robust_intervention_model_metrics.csv,propeller,all_input,,,,
7,,RMS_normalized_difference,1.0,data/precomputed/fig06/robust_intervention_model_metrics.csv,edge,all_input,,,,
7,,RMS_normalized_difference,0.0092863286174762,data/precomputed/fig06/robust_intervention_model_metrics.csv,MIDD,sham,,,,
7,,RMS_normalized_difference,0.0092863286174762,data/precomputed/fig06/robust_intervention_model_metrics.csv,propeller,sham,,,,
7,,RMS_normalized_difference,0.0092863286174762,data/precomputed/fig06/robust_intervention_model_metrics.csv,edge,sham,,,,
8,,RMS_normalized_difference,1.060493467179359,data/precomputed/fig06/robust_intervention_model_metrics.csv,MIDD,T4,,,,
8,,RMS_normalized_difference,1.060493467179359,data/precomputed/fig06/robust_intervention_model_metrics.csv,propeller,T4,,,,
8,,RMS_normalized_difference,1.060493467179359,data/precomputed/fig06/robust_intervention_model_metrics.csv,edge,T4,,,,
8,,RMS_normalized_difference,1.3915099127310904,data/precomputed/fig06/robust_intervention_model_metrics.csv,MIDD,T4_T5,,,,
8,,RMS_normalized_difference,1.3915099127310904,data/precomputed/fig06/robust_intervention_model_metrics.csv,propeller,T4_T5,,,,
8,,RMS_normalized_difference,1.3915099127310904,data/precomputed/fig06/robust_intervention_model_metrics.csv,edge,T4_T5,,,,
8,,RMS_normalized_difference,1.1139287166652143,data/precomputed/fig06/robust_intervention_model_metrics.csv,MIDD,T4a,,,,
8,,RMS_normalized_difference,1.1139287166652143,data/precomputed/fig06/robust_intervention_model_metrics.csv,propeller,T4a,,,,
8,,RMS_normalized_difference,1.1139287166652143,data/precomputed/fig06/robust_intervention_model_metrics.csv,edge,T4a,,,,
8,,RMS_normalized_difference,0.4034059749019591,data/precomputed/fig06/robust_intervention_model_metrics.csv,MIDD,T4b,,,,
8,,RMS_normalized_difference,0.4034059749019591,data/precomputed/fig06/robust_intervention_model_metrics.csv,propeller,T4b,,,,
8,,RMS_normalized_difference,0.4034059749019591,data/precomputed/fig06/robust_intervention_model_metrics.csv,edge,T4b,,,,
8,,RMS_normalized_difference,1.0,data/precomputed/fig06/robust_intervention_model_metrics.csv,MIDD,all_input,,,,
8,,RMS_normalized_difference,1.0,data/precomputed/fig06/robust_intervention_model_metrics.csv,propeller,all_input,,,,
8,,RMS_normalized_difference,1.0,data/precomputed/fig06/robust_intervention_model_metrics.csv,edge,all_input,,,,
8,,RMS_normalized_difference,0.0463303067756518,data/precomputed/fig06/robust_intervention_model_metrics.csv,MIDD,sham,,,,
8,,RMS_normalized_difference,0.0463303067756518,data/precomputed/fig06/robust_intervention_model_metrics.csv,propeller,sham,,,,
8,,RMS_normalized_difference,0.0463303067756518,data/precomputed/fig06/robust_intervention_model_metrics.csv,edge,sham,,,,
9,,RMS_normalized_difference,0.6772340622353156,data/precomputed/fig06/robust_intervention_model_metrics.csv,MIDD,T4,,,,
9,,RMS_normalized_difference,0.6772340622353156,data/precomputed/fig06/robust_intervention_model_metrics.csv,propeller,T4,,,,
9,,RMS_normalized_difference,0.6772340622353156,data/precomputed/fig06/robust_intervention_model_metrics.csv,edge,T4,,,,
9,,RMS_normalized_difference,0.6839699357887563,data/precomputed/fig06/robust_intervention_model_metrics.csv,MIDD,T4_T5,,,,
9,,RMS_normalized_difference,0.6839699357887563,data/precomputed/fig06/robust_intervention_model_metrics.csv,propeller,T4_T5,,,,
9,,RMS_normalized_difference,0.6839699357887563,data/precomputed/fig06/robust_intervention_model_metrics.csv,edge,T4_T5,,,,
9,,RMS_normalized_difference,0.1440356588671197,data/precomputed/fig06/robust_intervention_model_metrics.csv,MIDD,T4a,,,,
9,,RMS_normalized_difference,0.1440356588671197,data/precomputed/fig06/robust_intervention_model_metrics.csv,propeller,T4a,,,,
9,,RMS_normalized_difference,0.1440356588671197,data/precomputed/fig06/robust_intervention_model_metrics.csv,edge,T4a,,,,
9,,RMS_normalized_difference,0.1928720302288545,data/precomputed/fig06/robust_intervention_model_metrics.csv,MIDD,T4b,,,,
9,,RMS_normalized_difference,0.1928720302288545,data/precomputed/fig06/robust_intervention_model_metrics.csv,propeller,T4b,,,,
9,,RMS_normalized_difference,0.1928720302288545,data/precomputed/fig06/robust_intervention_model_metrics.csv,edge,T4b,,,,
9,,RMS_normalized_difference,1.0,data/precomputed/fig06/robust_intervention_model_metrics.csv,MIDD,all_input,,,,
9,,RMS_normalized_difference,1.0,data/precomputed/fig06/robust_intervention_model_metrics.csv,propeller,all_input,,,,
9,,RMS_normalized_difference,1.0,data/precomputed/fig06/robust_intervention_model_metrics.csv,edge,all_input,,,,
9,,RMS_normalized_difference,0.0453513304735804,data/precomputed/fig06/robust_intervention_model_metrics.csv,MIDD,sham,,,,
9,,RMS_normalized_difference,0.0453513304735804,data/precomputed/fig06/robust_intervention_model_metrics.csv,propeller,sham,,,,
9,,RMS_normalized_difference,0.0453513304735804,data/precomputed/fig06/robust_intervention_model_metrics.csv,edge,sham,,,,
,,full_mean_A,-0.0089309885797581,data/precomputed/fig04/radial_ROI_comparison.csv,,,3MIDD_048,0.0,,
,,full_mean_A,0.0009228219694274,data/precomputed/fig04/radial_ROI_comparison.csv,,,3MIDD_048,1.0,,
,,full_mean_A,0.005980137553437,data/precomputed/fig04/radial_ROI_comparison.csv,,,3MIDD_048,2.0,,
,,full_mean_A,-0.0082502978318226,data/precomputed/fig04/radial_ROI_comparison.csv,,,3MIDD_048,3.0,,
,,full_mean_A,0.0009779571240226,data/precomputed/fig04/radial_ROI_comparison.csv,,,3MIDD_048,4.0,,
,,full_mean_A,0.0043796519415635,data/precomputed/fig04/radial_ROI_comparison.csv,,,3MIDD_048,5.0,,
,,full_mean_A,-0.0063106874405252,data/precomputed/fig04/radial_ROI_comparison.csv,,,3MIDD_048,6.0,,
,,full_mean_A,0.0025112231123385,data/precomputed/fig04/radial_ROI_comparison.csv,,,3MIDD_048,7.0,,
,,full_mean_A,0.0066064219321724,data/precomputed/fig04/radial_ROI_comparison.csv,,,3MIDD_048,8.0,,
,,full_mean_A,-0.0072799476870661,data/precomputed/fig04/radial_ROI_comparison.csv,,,3MIDD_048,9.0,,
,,full_mean_A,0.000243794542088,data/precomputed/fig04/radial_ROI_comparison.csv,,,3MIDD_048,10.0,,
,,full_mean_A,0.0035644730863283,data/precomputed/fig04/radial_ROI_comparison.csv,,,3MIDD_048,11.0,,
,,full_mean_A,0.013239162996082,data/precomputed/fig04/radial_ROI_comparison.csv,,,3MIDD_207,0.0,,
,,full_mean_A,0.0093234479678092,data/precomputed/fig04/radial_ROI_comparison.csv,,,3MIDD_207,1.0,,
,,full_mean_A,0.0118793522531261,data/precomputed/fig04/radial_ROI_comparison.csv,,,3MIDD_207,2.0,,
,,full_mean_A,0.0168704689107655,data/precomputed/fig04/radial_ROI_comparison.csv,,,3MIDD_207,3.0,,
,,full_mean_A,0.0131621102305524,data/precomputed/fig04/radial_ROI_comparison.csv,,,3MIDD_207,4.0,,
,,full_mean_A,0.0126680688239771,data/precomputed/fig04/radial_ROI_comparison.csv,,,3MIDD_207,5.0,,
,,full_mean_A,0.021211684768669,data/precomputed/fig04/radial_ROI_comparison.csv,,,3MIDD_207,6.0,,
,,full_mean_A,0.0122285149536014,data/precomputed/fig04/radial_ROI_comparison.csv,,,3MIDD_207,7.0,,
,,full_mean_A,0.0107354460663424,data/precomputed/fig04/radial_ROI_comparison.csv,,,3MIDD_207,8.0,,
,,full_mean_A,0.0161502632713462,data/precomputed/fig04/radial_ROI_comparison.csv,,,3MIDD_207,9.0,,
,,full_mean_A,0.0134734047048434,data/precomputed/fig04/radial_ROI_comparison.csv,,,3MIDD_207,10.0,,
,,full_mean_A,0.0096747484278599,data/precomputed/fig04/radial_ROI_comparison.csv,,,3MIDD_207,11.0,,
,,full_mean_A,0.0028438118201513,data/precomputed/fig04/radial_ROI_comparison.csv,,,4MIDD_085_170,0.0,,
,,full_mean_A,-0.010913823999883,data/precomputed/fig04/radial_ROI_comparison.csv,,,4MIDD_085_170,1.0,,
,,full_mean_A,-0.0081375219630181,data/precomputed/fig04/radial_ROI_comparison.csv,,,4MIDD_085_170,2.0,,
,,full_mean_A,0.0052852690743164,data/precomputed/fig04/radial_ROI_comparison.csv,,,4MIDD_085_170,3.0,,
,,full_mean_A,-0.0075112067148928,data/precomputed/fig04/radial_ROI_comparison.csv,,,4MIDD_085_170,4.0,,
,,full_mean_A,-0.0114411729183887,data/precomputed/fig04/radial_ROI_comparison.csv,,,4MIDD_085_170,5.0,,
,,full_mean_A,0.0029458827216396,data/precomputed/fig04/radial_ROI_comparison.csv,,,4MIDD_085_170,6.0,,
,,full_mean_A,-0.0059682851975251,data/precomputed/fig04/radial_ROI_comparison.csv,,,4MIDD_085_170,7.0,,
,,full_mean_A,-0.0111343422034271,data/precomputed/fig04/radial_ROI_comparison.csv,,,4MIDD_085_170,8.0,,
,,full_mean_A,0.0024910256592409,data/precomputed/fig04/radial_ROI_comparison.csv,,,4MIDD_085_170,9.0,,
,,full_mean_A,-0.0065621419363619,data/precomputed/fig04/radial_ROI_comparison.csv,,,4MIDD_085_170,10.0,,
,,full_mean_A,-0.0114658793844239,data/precomputed/fig04/radial_ROI_comparison.csv,,,4MIDD_085_170,11.0,,
,,outer_mean_A,-0.0110271261432589,data/precomputed/fig04/radial_ROI_comparison.csv,,,3MIDD_048,0.0,,
,,outer_mean_A,0.0006739404941792,data/precomputed/fig04/radial_ROI_comparison.csv,,,3MIDD_048,1.0,,
,,outer_mean_A,0.0051927131353504,data/precomputed/fig04/radial_ROI_comparison.csv,,,3MIDD_048,2.0,,
,,outer_mean_A,-0.0123229280232428,data/precomputed/fig04/radial_ROI_comparison.csv,,,3MIDD_048,3.0,,
,,outer_mean_A,0.0014067503788527,data/precomputed/fig04/radial_ROI_comparison.csv,,,3MIDD_048,4.0,,
,,outer_mean_A,0.0060928165573742,data/precomputed/fig04/radial_ROI_comparison.csv,,,3MIDD_048,5.0,,
,,outer_mean_A,-0.0076074440780154,data/precomputed/fig04/radial_ROI_comparison.csv,,,3MIDD_048,6.0,,
,,outer_mean_A,0.0029592273629911,data/precomputed/fig04/radial_ROI_comparison.csv,,,3MIDD_048,7.0,,
,,outer_mean_A,0.0075243530495706,data/precomputed/fig04/radial_ROI_comparison.csv,,,3MIDD_048,8.0,,
,,outer_mean_A,-0.0100146495333315,data/precomputed/fig04/radial_ROI_comparison.csv,,,3MIDD_048,9.0,,
,,outer_mean_A,0.0014069282184108,data/precomputed/fig04/radial_ROI_comparison.csv,,,3MIDD_048,10.0,,
,,outer_mean_A,0.0058051821648759,data/precomputed/fig04/radial_ROI_comparison.csv,,,3MIDD_048,11.0,,
,,outer_mean_A,0.0176358215517197,data/precomputed/fig04/radial_ROI_comparison.csv,,,3MIDD_207,0.0,,
,,outer_mean_A,0.012307944841848,data/precomputed/fig04/radial_ROI_comparison.csv,,,3MIDD_207,1.0,,
,,outer_mean_A,0.0156706731336901,data/precomputed/fig04/radial_ROI_comparison.csv,,,3MIDD_207,2.0,,
,,outer_mean_A,0.0211582234874424,data/precomputed/fig04/radial_ROI_comparison.csv,,,3MIDD_207,3.0,,
,,outer_mean_A,0.0154905161100955,data/precomputed/fig04/radial_ROI_comparison.csv,,,3MIDD_207,4.0,,
,,outer_mean_A,0.0144081259549311,data/precomputed/fig04/radial_ROI_comparison.csv,,,3MIDD_207,5.0,,
,,outer_mean_A,0.0257875030008484,data/precomputed/fig04/radial_ROI_comparison.csv,,,3MIDD_207,6.0,,
,,outer_mean_A,0.0144475898824297,data/precomputed/fig04/radial_ROI_comparison.csv,,,3MIDD_207,7.0,,
,,outer_mean_A,0.0137161309691433,data/precomputed/fig04/radial_ROI_comparison.csv,,,3MIDD_207,8.0,,
,,outer_mean_A,0.0213981775653305,data/precomputed/fig04/radial_ROI_comparison.csv,,,3MIDD_207,9.0,,
,,outer_mean_A,0.0170687210057498,data/precomputed/fig04/radial_ROI_comparison.csv,,,3MIDD_207,10.0,,
,,outer_mean_A,0.0121592268943291,data/precomputed/fig04/radial_ROI_comparison.csv,,,3MIDD_207,11.0,,
,,outer_mean_A,0.00439400291369,data/precomputed/fig04/radial_ROI_comparison.csv,,,4MIDD_085_170,0.0,,
,,outer_mean_A,-0.0128790847349889,data/precomputed/fig04/radial_ROI_comparison.csv,,,4MIDD_085_170,1.0,,
,,outer_mean_A,-0.0107635236990988,data/precomputed/fig04/radial_ROI_comparison.csv,,,4MIDD_085_170,2.0,,
,,outer_mean_A,0.005762402834995,data/precomputed/fig04/radial_ROI_comparison.csv,,,4MIDD_085_170,3.0,,
,,outer_mean_A,-0.0109894378878033,data/precomputed/fig04/radial_ROI_comparison.csv,,,4MIDD_085_170,4.0,,
,,outer_mean_A,-0.0149976387653915,data/precomputed/fig04/radial_ROI_comparison.csv,,,4MIDD_085_170,5.0,,
,,outer_mean_A,0.0045128550876095,data/precomputed/fig04/radial_ROI_comparison.csv,,,4MIDD_085_170,6.0,,
,,outer_mean_A,-0.0072737017521396,data/precomputed/fig04/radial_ROI_comparison.csv,,,4MIDD_085_170,7.0,,
,,outer_mean_A,-0.014046814486669,data/precomputed/fig04/radial_ROI_comparison.csv,,,4MIDD_085_170,8.0,,
,,outer_mean_A,0.0032292436597437,data/precomputed/fig04/radial_ROI_comparison.csv,,,4MIDD_085_170,9.0,,
,,outer_mean_A,-0.0098832029746365,data/precomputed/fig04/radial_ROI_comparison.csv,,,4MIDD_085_170,10.0,,
,,outer_mean_A,-0.0147799387708288,data/precomputed/fig04/radial_ROI_comparison.csv,,,4MIDD_085_170,11.0,,
,,sign_agreement,0.9,data/precomputed/fig04/radial_ROI_comparison.csv,,,3MIDD_048,0.0,,
,,sign_agreement,1.0,data/precomputed/fig04/radial_ROI_comparison.csv,,,3MIDD_048,1.0,,
,,sign_agreement,0.9,data/precomputed/fig04/radial_ROI_comparison.csv,,,3MIDD_048,2.0,,
,,sign_agreement,1.0,data/precomputed/fig04/radial_ROI_comparison.csv,,,3MIDD_048,3.0,,
,,sign_agreement,1.0,data/precomputed/fig04/radial_ROI_comparison.csv,,,3MIDD_048,4.0,,
,,sign_agreement,1.0,data/precomputed/fig04/radial_ROI_comparison.csv,,,3MIDD_048,5.0,,
,,sign_agreement,1.0,data/precomputed/fig04/radial_ROI_comparison.csv,,,3MIDD_048,6.0,,
,,sign_agreement,0.9,data/precomputed/fig04/radial_ROI_comparison.csv,,,3MIDD_048,7.0,,
,,sign_agreement,1.0,data/precomputed/fig04/radial_ROI_comparison.csv,,,3MIDD_048,8.0,,
,,sign_agreement,0.9,data/precomputed/fig04/radial_ROI_comparison.csv,,,3MIDD_048,9.0,,
,,sign_agreement,1.0,data/precomputed/fig04/radial_ROI_comparison.csv,,,3MIDD_048,10.0,,
,,sign_agreement,1.0,data/precomputed/fig04/radial_ROI_comparison.csv,,,3MIDD_048,11.0,,
,,sign_agreement,0.9,data/precomputed/fig04/radial_ROI_comparison.csv,,,3MIDD_207,0.0,,
,,sign_agreement,0.9,data/precomputed/fig04/radial_ROI_comparison.csv,,,3MIDD_207,1.0,,
,,sign_agreement,0.9,data/precomputed/fig04/radial_ROI_comparison.csv,,,3MIDD_207,2.0,,
,,sign_agreement,1.0,data/precomputed/fig04/radial_ROI_comparison.csv,,,3MIDD_207,3.0,,
,,sign_agreement,0.9,data/precomputed/fig04/radial_ROI_comparison.csv,,,3MIDD_207,4.0,,
,,sign_agreement,1.0,data/precomputed/fig04/radial_ROI_comparison.csv,,,3MIDD_207,5.0,,
,,sign_agreement,1.0,data/precomputed/fig04/radial_ROI_comparison.csv,,,3MIDD_207,6.0,,
,,sign_agreement,0.9,data/precomputed/fig04/radial_ROI_comparison.csv,,,3MIDD_207,7.0,,
,,sign_agreement,0.9,data/precomputed/fig04/radial_ROI_comparison.csv,,,3MIDD_207,8.0,,
,,sign_agreement,1.0,data/precomputed/fig04/radial_ROI_comparison.csv,,,3MIDD_207,9.0,,
,,sign_agreement,1.0,data/precomputed/fig04/radial_ROI_comparison.csv,,,3MIDD_207,10.0,,
,,sign_agreement,1.0,data/precomputed/fig04/radial_ROI_comparison.csv,,,3MIDD_207,11.0,,
,,sign_agreement,0.8,data/precomputed/fig04/radial_ROI_comparison.csv,,,4MIDD_085_170,0.0,,
,,sign_agreement,1.0,data/precomputed/fig04/radial_ROI_comparison.csv,,,4MIDD_085_170,1.0,,
,,sign_agreement,1.0,data/precomputed/fig04/radial_ROI_comparison.csv,,,4MIDD_085_170,2.0,,
,,sign_agreement,1.0,data/precomputed/fig04/radial_ROI_comparison.csv,,,4MIDD_085_170,3.0,,
,,sign_agreement,0.9,data/precomputed/fig04/radial_ROI_comparison.csv,,,4MIDD_085_170,4.0,,
,,sign_agreement,1.0,data/precomputed/fig04/radial_ROI_comparison.csv,,,4MIDD_085_170,5.0,,
,,sign_agreement,0.8,data/precomputed/fig04/radial_ROI_comparison.csv,,,4MIDD_085_170,6.0,,
,,sign_agreement,1.0,data/precomputed/fig04/radial_ROI_comparison.csv,,,4MIDD_085_170,7.0,,
,,sign_agreement,1.0,data/precomputed/fig04/radial_ROI_comparison.csv,,,4MIDD_085_170,8.0,,
,,sign_agreement,0.9,data/precomputed/fig04/radial_ROI_comparison.csv,,,4MIDD_085_170,9.0,,
,,sign_agreement,1.0,data/precomputed/fig04/radial_ROI_comparison.csv,,,4MIDD_085_170,10.0,,
,,sign_agreement,1.0,data/precomputed/fig04/radial_ROI_comparison.csv,,,4MIDD_085_170,11.0,,
,,spearman,0.8303030303030302,data/precomputed/fig04/radial_ROI_comparison.csv,,,3MIDD_048,0.0,,
,,spearman,0.9878787878787878,data/precomputed/fig04/radial_ROI_comparison.csv,,,3MIDD_048,1.0,,
,,spearman,0.9757575757575756,data/precomputed/fig04/radial_ROI_comparison.csv,,,3MIDD_048,2.0,,
,,spearman,0.9151515151515152,data/precomputed/fig04/radial_ROI_comparison.csv,,,3MIDD_048,3.0,,
,,spearman,0.9757575757575756,data/precomputed/fig04/radial_ROI_comparison.csv,,,3MIDD_048,4.0,,
,,spearman,0.9636363636363636,data/precomputed/fig04/radial_ROI_comparison.csv,,,3MIDD_048,5.0,,
,,spearman,0.9515151515151514,data/precomputed/fig04/radial_ROI_comparison.csv,,,3MIDD_048,6.0,,
,,spearman,1.0,data/precomputed/fig04/radial_ROI_comparison.csv,,,3MIDD_048,7.0,,
,,spearman,0.9515151515151514,data/precomputed/fig04/radial_ROI_comparison.csv,,,3MIDD_048,8.0,,
,,spearman,0.9757575757575756,data/precomputed/fig04/radial_ROI_comparison.csv,,,3MIDD_048,9.0,,
,,spearman,0.9878787878787878,data/precomputed/fig04/radial_ROI_comparison.csv,,,3MIDD_048,10.0,,
,,spearman,0.9878787878787878,data/precomputed/fig04/radial_ROI_comparison.csv,,,3MIDD_048,11.0,,
,,spearman,0.9272727272727272,data/precomputed/fig04/radial_ROI_comparison.csv,,,3MIDD_207,0.0,,
,,spearman,0.9878787878787878,data/precomputed/fig04/radial_ROI_comparison.csv,,,3MIDD_207,1.0,,
,,spearman,0.9393939393939392,data/precomputed/fig04/radial_ROI_comparison.csv,,,3MIDD_207,2.0,,
,,spearman,0.9757575757575756,data/precomputed/fig04/radial_ROI_comparison.csv,,,3MIDD_207,3.0,,
,,spearman,0.9393939393939392,data/precomputed/fig04/radial_ROI_comparison.csv,,,3MIDD_207,4.0,,
,,spearman,0.9878787878787878,data/precomputed/fig04/radial_ROI_comparison.csv,,,3MIDD_207,5.0,,
,,spearman,0.9636363636363636,data/precomputed/fig04/radial_ROI_comparison.csv,,,3MIDD_207,6.0,,
,,spearman,0.9515151515151514,data/precomputed/fig04/radial_ROI_comparison.csv,,,3MIDD_207,7.0,,
,,spearman,0.9757575757575756,data/precomputed/fig04/radial_ROI_comparison.csv,,,3MIDD_207,8.0,,
,,spearman,0.9393939393939392,data/precomputed/fig04/radial_ROI_comparison.csv,,,3MIDD_207,9.0,,
,,spearman,0.9515151515151514,data/precomputed/fig04/radial_ROI_comparison.csv,,,3MIDD_207,10.0,,
,,spearman,0.9878787878787878,data/precomputed/fig04/radial_ROI_comparison.csv,,,3MIDD_207,11.0,,
,,spearman,0.8787878787878788,data/precomputed/fig04/radial_ROI_comparison.csv,,,4MIDD_085_170,0.0,,
,,spearman,0.9393939393939392,data/precomputed/fig04/radial_ROI_comparison.csv,,,4MIDD_085_170,1.0,,
,,spearman,0.9151515151515152,data/precomputed/fig04/radial_ROI_comparison.csv,,,4MIDD_085_170,2.0,,
,,spearman,1.0,data/precomputed/fig04/radial_ROI_comparison.csv,,,4MIDD_085_170,3.0,,
,,spearman,0.8666666666666665,data/precomputed/fig04/radial_ROI_comparison.csv,,,4MIDD_085_170,4.0,,
,,spearman,0.9636363636363636,data/precomputed/fig04/radial_ROI_comparison.csv,,,4MIDD_085_170,5.0,,
,,spearman,0.9030303030303028,data/precomputed/fig04/radial_ROI_comparison.csv,,,4MIDD_085_170,6.0,,
,,spearman,0.9878787878787878,data/precomputed/fig04/radial_ROI_comparison.csv,,,4MIDD_085_170,7.0,,
,,spearman,0.8181818181818182,data/precomputed/fig04/radial_ROI_comparison.csv,,,4MIDD_085_170,8.0,,
,,spearman,0.9878787878787878,data/precomputed/fig04/radial_ROI_comparison.csv,,,4MIDD_085_170,9.0,,
,,spearman,0.8909090909090909,data/precomputed/fig04/radial_ROI_comparison.csv,,,4MIDD_085_170,10.0,,
,,spearman,1.0,data/precomputed/fig04/radial_ROI_comparison.csv,,,4MIDD_085_170,11.0,,
,,full_reversal,5.0,data/precomputed/fig04/radial_ROI_comparison.csv,,,3MIDD_048,0.0,,
,,full_reversal,4.0,data/precomputed/fig04/radial_ROI_comparison.csv,,,3MIDD_048,1.0,,
,,full_reversal,6.0,data/precomputed/fig04/radial_ROI_comparison.csv,,,3MIDD_048,2.0,,
,,full_reversal,5.0,data/precomputed/fig04/radial_ROI_comparison.csv,,,3MIDD_048,3.0,,
,,full_reversal,7.0,data/precomputed/fig04/radial_ROI_comparison.csv,,,3MIDD_048,4.0,,
,,full_reversal,6.0,data/precomputed/fig04/radial_ROI_comparison.csv,,,3MIDD_048,5.0,,
,,full_reversal,7.0,data/precomputed/fig04/radial_ROI_comparison.csv,,,3MIDD_048,6.0,,
,,full_reversal,8.0,data/precomputed/fig04/radial_ROI_comparison.csv,,,3MIDD_048,7.0,,
,,full_reversal,6.0,data/precomputed/fig04/radial_ROI_comparison.csv,,,3MIDD_048,8.0,,
,,full_reversal,4.0,data/precomputed/fig04/radial_ROI_comparison.csv,,,3MIDD_048,9.0,,
,,full_reversal,6.0,data/precomputed/fig04/radial_ROI_comparison.csv,,,3MIDD_048,10.0,,
,,full_reversal,6.0,data/precomputed/fig04/radial_ROI_comparison.csv,,,3MIDD_048,11.0,,
,,full_reversal,5.0,data/precomputed/fig04/radial_ROI_comparison.csv,,,3MIDD_207,0.0,,
,,full_reversal,6.0,data/precomputed/fig04/radial_ROI_comparison.csv,,,3MIDD_207,1.0,,
,,full_reversal,7.0,data/precomputed/fig04/radial_ROI_comparison.csv,,,3MIDD_207,2.0,,
,,full_reversal,6.0,data/precomputed/fig04/radial_ROI_comparison.csv,,,3MIDD_207,3.0,,
,,full_reversal,5.0,data/precomputed/fig04/radial_ROI_comparison.csv,,,3MIDD_207,4.0,,
,,full_reversal,4.0,data/precomputed/fig04/radial_ROI_comparison.csv,,,3MIDD_207,5.0,,
,,full_reversal,8.0,data/precomputed/fig04/radial_ROI_comparison.csv,,,3MIDD_207,6.0,,
,,full_reversal,5.0,data/precomputed/fig04/radial_ROI_comparison.csv,,,3MIDD_207,7.0,,
,,full_reversal,5.0,data/precomputed/fig04/radial_ROI_comparison.csv,,,3MIDD_207,8.0,,
,,full_reversal,5.0,data/precomputed/fig04/radial_ROI_comparison.csv,,,3MIDD_207,9.0,,
,,full_reversal,5.0,data/precomputed/fig04/radial_ROI_comparison.csv,,,3MIDD_207,10.0,,
,,full_reversal,5.0,data/precomputed/fig04/radial_ROI_comparison.csv,,,3MIDD_207,11.0,,
,,full_reversal,4.0,data/precomputed/fig04/radial_ROI_comparison.csv,,,4MIDD_085_170,0.0,,
,,full_reversal,5.0,data/precomputed/fig04/radial_ROI_comparison.csv,,,4MIDD_085_170,1.0,,
,,full_reversal,4.0,data/precomputed/fig04/radial_ROI_comparison.csv,,,4MIDD_085_170,2.0,,
,,full_reversal,4.0,data/precomputed/fig04/radial_ROI_comparison.csv,,,4MIDD_085_170,3.0,,
,,full_reversal,2.0,data/precomputed/fig04/radial_ROI_comparison.csv,,,4MIDD_085_170,4.0,,
,,full_reversal,4.0,data/precomputed/fig04/radial_ROI_comparison.csv,,,4MIDD_085_170,5.0,,
,,full_reversal,2.0,data/precomputed/fig04/radial_ROI_comparison.csv,,,4MIDD_085_170,6.0,,
,,full_reversal,4.0,data/precomputed/fig04/radial_ROI_comparison.csv,,,4MIDD_085_170,7.0,,
,,full_reversal,5.0,data/precomputed/fig04/radial_ROI_comparison.csv,,,4MIDD_085_170,8.0,,
,,full_reversal,1.0,data/precomputed/fig04/radial_ROI_comparison.csv,,,4MIDD_085_170,9.0,,
,,full_reversal,5.0,data/precomputed/fig04/radial_ROI_comparison.csv,,,4MIDD_085_170,10.0,,
,,full_reversal,6.0,data/precomputed/fig04/radial_ROI_comparison.csv,,,4MIDD_085_170,11.0,,
,,outer_reversal,5.0,data/precomputed/fig04/radial_ROI_comparison.csv,,,3MIDD_048,0.0,,
,,outer_reversal,4.0,data/precomputed/fig04/radial_ROI_comparison.csv,,,3MIDD_048,1.0,,
,,outer_reversal,8.0,data/precomputed/fig04/radial_ROI_comparison.csv,,,3MIDD_048,2.0,,
,,outer_reversal,5.0,data/precomputed/fig04/radial_ROI_comparison.csv,,,3MIDD_048,3.0,,
,,outer_reversal,5.0,data/precomputed/fig04/radial_ROI_comparison.csv,,,3MIDD_048,4.0,,
,,outer_reversal,7.0,data/precomputed/fig04/radial_ROI_comparison.csv,,,3MIDD_048,5.0,,
,,outer_reversal,5.0,data/precomputed/fig04/radial_ROI_comparison.csv,,,3MIDD_048,6.0,,
,,outer_reversal,7.0,data/precomputed/fig04/radial_ROI_comparison.csv,,,3MIDD_048,7.0,,
,,outer_reversal,7.0,data/precomputed/fig04/radial_ROI_comparison.csv,,,3MIDD_048,8.0,,
,,outer_reversal,4.0,data/precomputed/fig04/radial_ROI_comparison.csv,,,3MIDD_048,9.0,,
,,outer_reversal,6.0,data/precomputed/fig04/radial_ROI_comparison.csv,,,3MIDD_048,10.0,,
,,outer_reversal,8.0,data/precomputed/fig04/radial_ROI_comparison.csv,,,3MIDD_048,11.0,,
,,outer_reversal,3.0,data/precomputed/fig04/radial_ROI_comparison.csv,,,3MIDD_207,0.0,,
,,outer_reversal,5.0,data/precomputed/fig04/radial_ROI_comparison.csv,,,3MIDD_207,1.0,,
,,outer_reversal,7.0,data/precomputed/fig04/radial_ROI_comparison.csv,,,3MIDD_207,2.0,,
,,outer_reversal,7.0,data/precomputed/fig04/radial_ROI_comparison.csv,,,3MIDD_207,3.0,,
,,outer_reversal,5.0,data/precomputed/fig04/radial_ROI_comparison.csv,,,3MIDD_207,4.0,,
,,outer_reversal,5.0,data/precomputed/fig04/radial_ROI_comparison.csv,,,3MIDD_207,5.0,,
,,outer_reversal,9.0,data/precomputed/fig04/radial_ROI_comparison.csv,,,3MIDD_207,6.0,,
,,outer_reversal,4.0,data/precomputed/fig04/radial_ROI_comparison.csv,,,3MIDD_207,7.0,,
,,outer_reversal,3.0,data/precomputed/fig04/radial_ROI_comparison.csv,,,3MIDD_207,8.0,,
,,outer_reversal,5.0,data/precomputed/fig04/radial_ROI_comparison.csv,,,3MIDD_207,9.0,,
,,outer_reversal,7.0,data/precomputed/fig04/radial_ROI_comparison.csv,,,3MIDD_207,10.0,,
,,outer_reversal,6.0,data/precomputed/fig04/radial_ROI_comparison.csv,,,3MIDD_207,11.0,,
,,outer_reversal,5.0,data/precomputed/fig04/radial_ROI_comparison.csv,,,4MIDD_085_170,0.0,,
,,outer_reversal,5.0,data/precomputed/fig04/radial_ROI_comparison.csv,,,4MIDD_085_170,1.0,,
,,outer_reversal,6.0,data/precomputed/fig04/radial_ROI_comparison.csv,,,4MIDD_085_170,2.0,,
,,outer_reversal,5.0,data/precomputed/fig04/radial_ROI_comparison.csv,,,4MIDD_085_170,3.0,,
,,outer_reversal,4.0,data/precomputed/fig04/radial_ROI_comparison.csv,,,4MIDD_085_170,4.0,,
,,outer_reversal,6.0,data/precomputed/fig04/radial_ROI_comparison.csv,,,4MIDD_085_170,5.0,,
,,outer_reversal,2.0,data/precomputed/fig04/radial_ROI_comparison.csv,,,4MIDD_085_170,6.0,,
,,outer_reversal,4.0,data/precomputed/fig04/radial_ROI_comparison.csv,,,4MIDD_085_170,7.0,,
,,outer_reversal,5.0,data/precomputed/fig04/radial_ROI_comparison.csv,,,4MIDD_085_170,8.0,,
,,outer_reversal,3.0,data/precomputed/fig04/radial_ROI_comparison.csv,,,4MIDD_085_170,9.0,,
,,outer_reversal,6.0,data/precomputed/fig04/radial_ROI_comparison.csv,,,4MIDD_085_170,10.0,,
,,outer_reversal,7.0,data/precomputed/fig04/radial_ROI_comparison.csv,,,4MIDD_085_170,11.0,,
,,mean_absolute_delta,0.003502164106217,data/precomputed/fig04/radial_ROI_comparison.csv,,,3MIDD_048,0.0,,
,,mean_absolute_delta,0.0023486182667941,data/precomputed/fig04/radial_ROI_comparison.csv,,,3MIDD_048,1.0,,
,,mean_absolute_delta,0.0038000017038242,data/precomputed/fig04/radial_ROI_comparison.csv,,,3MIDD_048,2.0,,
,,mean_absolute_delta,0.0040726301914201,data/precomputed/fig04/radial_ROI_comparison.csv,,,3MIDD_048,3.0,,
,,mean_absolute_delta,0.0021062096024386,data/precomputed/fig04/radial_ROI_comparison.csv,,,3MIDD_048,4.0,,
,,mean_absolute_delta,0.0031887992495632,data/precomputed/fig04/radial_ROI_comparison.csv,,,3MIDD_048,5.0,,
,,mean_absolute_delta,0.0022946288966752,data/precomputed/fig04/radial_ROI_comparison.csv,,,3MIDD_048,6.0,,
,,mean_absolute_delta,0.0025991992226453,data/precomputed/fig04/radial_ROI_comparison.csv,,,3MIDD_048,7.0,,
,,mean_absolute_delta,0.0021359155263884,data/precomputed/fig04/radial_ROI_comparison.csv,,,3MIDD_048,8.0,,
,,mean_absolute_delta,0.0031979546994736,data/precomputed/fig04/radial_ROI_comparison.csv,,,3MIDD_048,9.0,,
,,mean_absolute_delta,0.0032750293613377,data/precomputed/fig04/radial_ROI_comparison.csv,,,3MIDD_048,10.0,,
,,mean_absolute_delta,0.0031674537514368,data/precomputed/fig04/radial_ROI_comparison.csv,,,3MIDD_048,11.0,,
,,mean_absolute_delta,0.0044815308185272,data/precomputed/fig04/radial_ROI_comparison.csv,,,3MIDD_207,0.0,,
,,mean_absolute_delta,0.0036958015124868,data/precomputed/fig04/radial_ROI_comparison.csv,,,3MIDD_207,1.0,,
,,mean_absolute_delta,0.0037913208805639,data/precomputed/fig04/radial_ROI_comparison.csv,,,3MIDD_207,2.0,,
,,mean_absolute_delta,0.0042877545766768,data/precomputed/fig04/radial_ROI_comparison.csv,,,3MIDD_207,3.0,,
,,mean_absolute_delta,0.0026127492906469,data/precomputed/fig04/radial_ROI_comparison.csv,,,3MIDD_207,4.0,,
,,mean_absolute_delta,0.0032196359348244,data/precomputed/fig04/radial_ROI_comparison.csv,,,3MIDD_207,5.0,,
,,mean_absolute_delta,0.0048504835110632,data/precomputed/fig04/radial_ROI_comparison.csv,,,3MIDD_207,6.0,,
,,mean_absolute_delta,0.0027852564990387,data/precomputed/fig04/radial_ROI_comparison.csv,,,3MIDD_207,7.0,,
,,mean_absolute_delta,0.0033769577080943,data/precomputed/fig04/radial_ROI_comparison.csv,,,3MIDD_207,8.0,,
,,mean_absolute_delta,0.0052479142939842,data/precomputed/fig04/radial_ROI_comparison.csv,,,3MIDD_207,9.0,,
,,mean_absolute_delta,0.0044431162910941,data/precomputed/fig04/radial_ROI_comparison.csv,,,3MIDD_207,10.0,,
,,mean_absolute_delta,0.0027773358252147,data/precomputed/fig04/radial_ROI_comparison.csv,,,3MIDD_207,11.0,,
,,mean_absolute_delta,0.0025264580789299,data/precomputed/fig04/radial_ROI_comparison.csv,,,4MIDD_085_170,0.0,,
,,mean_absolute_delta,0.0033936681097882,data/precomputed/fig04/radial_ROI_comparison.csv,,,4MIDD_085_170,1.0,,
,,mean_absolute_delta,0.0028883130550301,data/precomputed/fig04/radial_ROI_comparison.csv,,,4MIDD_085_170,2.0,,
,,mean_absolute_delta,0.0020257199206734,data/precomputed/fig04/radial_ROI_comparison.csv,,,4MIDD_085_170,3.0,,
,,mean_absolute_delta,0.0039763581147076,data/precomputed/fig04/radial_ROI_comparison.csv,,,4MIDD_085_170,4.0,,
,,mean_absolute_delta,0.0040735547474862,data/precomputed/fig04/radial_ROI_comparison.csv,,,4MIDD_085_170,5.0,,
,,mean_absolute_delta,0.0029714274062167,data/precomputed/fig04/radial_ROI_comparison.csv,,,4MIDD_085_170,6.0,,
,,mean_absolute_delta,0.0013054165546144,data/precomputed/fig04/radial_ROI_comparison.csv,,,4MIDD_085_170,7.0,,
,,mean_absolute_delta,0.0038196803512862,data/precomputed/fig04/radial_ROI_comparison.csv,,,4MIDD_085_170,8.0,,
,,mean_absolute_delta,0.0013875251002287,data/precomputed/fig04/radial_ROI_comparison.csv,,,4MIDD_085_170,9.0,,
,,mean_absolute_delta,0.0037077035290843,data/precomputed/fig04/radial_ROI_comparison.csv,,,4MIDD_085_170,10.0,,
,,mean_absolute_delta,0.0034075871208336,data/precomputed/fig04/radial_ROI_comparison.csv,,,4MIDD_085_170,11.0,,
flow/0000/000,,n_phases,12.0,data/precomputed/fig04/official50_phase_model_metrics.csv,,,3MIDD_048,,,
flow/0000/001,,n_phases,12.0,data/precomputed/fig04/official50_phase_model_metrics.csv,,,3MIDD_048,,,
flow/0000/002,,n_phases,12.0,data/precomputed/fig04/official50_phase_model_metrics.csv,,,3MIDD_048,,,
flow/0000/003,,n_phases,12.0,data/precomputed/fig04/official50_phase_model_metrics.csv,,,3MIDD_048,,,
flow/0000/004,,n_phases,12.0,data/precomputed/fig04/official50_phase_model_metrics.csv,,,3MIDD_048,,,
flow/0000/005,,n_phases,12.0,data/precomputed/fig04/official50_phase_model_metrics.csv,,,3MIDD_048,,,
flow/0000/006,,n_phases,12.0,data/precomputed/fig04/official50_phase_model_metrics.csv,,,3MIDD_048,,,
flow/0000/007,,n_phases,12.0,data/precomputed/fig04/official50_phase_model_metrics.csv,,,3MIDD_048,,,
flow/0000/008,,n_phases,12.0,data/precomputed/fig04/official50_phase_model_metrics.csv,,,3MIDD_048,,,
flow/0000/009,,n_phases,12.0,data/precomputed/fig04/official50_phase_model_metrics.csv,,,3MIDD_048,,,
flow/0000/010,,n_phases,12.0,data/precomputed/fig04/official50_phase_model_metrics.csv,,,3MIDD_048,,,
flow/0000/011,,n_phases,12.0,data/precomputed/fig04/official50_phase_model_metrics.csv,,,3MIDD_048,,,
flow/0000/012,,n_phases,12.0,data/precomputed/fig04/official50_phase_model_metrics.csv,,,3MIDD_048,,,
flow/0000/013,,n_phases,12.0,data/precomputed/fig04/official50_phase_model_metrics.csv,,,3MIDD_048,,,
flow/0000/014,,n_phases,12.0,data/precomputed/fig04/official50_phase_model_metrics.csv,,,3MIDD_048,,,
flow/0000/015,,n_phases,12.0,data/precomputed/fig04/official50_phase_model_metrics.csv,,,3MIDD_048,,,
flow/0000/016,,n_phases,12.0,data/precomputed/fig04/official50_phase_model_metrics.csv,,,3MIDD_048,,,
flow/0000/017,,n_phases,12.0,data/precomputed/fig04/official50_phase_model_metrics.csv,,,3MIDD_048,,,
flow/0000/018,,n_phases,12.0,data/precomputed/fig04/official50_phase_model_metrics.csv,,,3MIDD_048,,,
flow/0000/019,,n_phases,12.0,data/precomputed/fig04/official50_phase_model_metrics.csv,,,3MIDD_048,,,
flow/0000/020,,n_phases,12.0,data/precomputed/fig04/official50_phase_model_metrics.csv,,,3MIDD_048,,,
flow/0000/021,,n_phases,12.0,data/precomputed/fig04/official50_phase_model_metrics.csv,,,3MIDD_048,,,
flow/0000/022,,n_phases,12.0,data/precomputed/fig04/official50_phase_model_metrics.csv,,,3MIDD_048,,,
flow/0000/023,,n_phases,12.0,data/precomputed/fig04/official50_phase_model_metrics.csv,,,3MIDD_048,,,
flow/0000/024,,n_phases,12.0,data/precomputed/fig04/official50_phase_model_metrics.csv,,,3MIDD_048,,,
flow/0000/025,,n_phases,12.0,data/precomputed/fig04/official50_phase_model_metrics.csv,,,3MIDD_048,,,
flow/0000/026,,n_phases,12.0,data/precomputed/fig04/official50_phase_model_metrics.csv,,,3MIDD_048,,,
flow/0000/027,,n_phases,12.0,data/precomputed/fig04/official50_phase_model_metrics.csv,,,3MIDD_048,,,
flow/0000/028,,n_phases,12.0,data/precomputed/fig04/official50_phase_model_metrics.csv,,,3MIDD_048,,,
flow/0000/029,,n_phases,12.0,data/precomputed/fig04/official50_phase_model_metrics.csv,,,3MIDD_048,,,
flow/0000/030,,n_phases,12.0,data/precomputed/fig04/official50_phase_model_metrics.csv,,,3MIDD_048,,,
flow/0000/031,,n_phases,12.0,data/precomputed/fig04/official50_phase_model_metrics.csv,,,3MIDD_048,,,
flow/0000/032,,n_phases,12.0,data/precomputed/fig04/official50_phase_model_metrics.csv,,,3MIDD_048,,,
flow/0000/033,,n_phases,12.0,data/precomputed/fig04/official50_phase_model_metrics.csv,,,3MIDD_048,,,
flow/0000/034,,n_phases,12.0,data/precomputed/fig04/official50_phase_model_metrics.csv,,,3MIDD_048,,,
flow/0000/035,,n_phases,12.0,data/precomputed/fig04/official50_phase_model_metrics.csv,,,3MIDD_048,,,
flow/0000/036,,n_phases,12.0,data/precomputed/fig04/official50_phase_model_metrics.csv,,,3MIDD_048,,,
flow/0000/037,,n_phases,12.0,data/precomputed/fig04/official50_phase_model_metrics.csv,,,3MIDD_048,,,
flow/0000/038,,n_phases,12.0,data/precomputed/fig04/official50_phase_model_metrics.csv,,,3MIDD_048,,,
flow/0000/039,,n_phases,12.0,data/precomputed/fig04/official50_phase_model_metrics.csv,,,3MIDD_048,,,
flow/0000/040,,n_phases,12.0,data/precomputed/fig04/official50_phase_model_metrics.csv,,,3MIDD_048,,,
flow/0000/041,,n_phases,12.0,data/precomputed/fig04/official50_phase_model_metrics.csv,,,3MIDD_048,,,
flow/0000/042,,n_phases,12.0,data/precomputed/fig04/official50_phase_model_metrics.csv,,,3MIDD_048,,,
flow/0000/043,,n_phases,12.0,data/precomputed/fig04/official50_phase_model_metrics.csv,,,3MIDD_048,,,
flow/0000/044,,n_phases,12.0,data/precomputed/fig04/official50_phase_model_metrics.csv,,,3MIDD_048,,,
flow/0000/045,,n_phases,12.0,data/precomputed/fig04/official50_phase_model_metrics.csv,,,3MIDD_048,,,
flow/0000/046,,n_phases,12.0,data/precomputed/fig04/official50_phase_model_metrics.csv,,,3MIDD_048,,,
flow/0000/047,,n_phases,12.0,data/precomputed/fig04/official50_phase_model_metrics.csv,,,3MIDD_048,,,
flow/0000/048,,n_phases,12.0,data/precomputed/fig04/official50_phase_model_metrics.csv,,,3MIDD_048,,,
flow/0000/049,,n_phases,12.0,data/precomputed/fig04/official50_phase_model_metrics.csv,,,3MIDD_048,,,
flow/0000/000,,A_phase0,-0.0018620960078069,data/precomputed/fig04/official50_phase_model_metrics.csv,,,3MIDD_048,,,
flow/0000/001,,A_phase0,-0.0014282551694965,data/precomputed/fig04/official50_phase_model_metrics.csv,,,3MIDD_048,,,
flow/0000/002,,A_phase0,-0.0116886244154322,data/precomputed/fig04/official50_phase_model_metrics.csv,,,3MIDD_048,,,
flow/0000/003,,A_phase0,-0.0302850687873639,data/precomputed/fig04/official50_phase_model_metrics.csv,,,3MIDD_048,,,
flow/0000/004,,A_phase0,0.0003172441223762,data/precomputed/fig04/official50_phase_model_metrics.csv,,,3MIDD_048,,,
flow/0000/005,,A_phase0,-0.0077560490267135,data/precomputed/fig04/official50_phase_model_metrics.csv,,,3MIDD_048,,,
flow/0000/006,,A_phase0,-0.0208553861915173,data/precomputed/fig04/official50_phase_model_metrics.csv,,,3MIDD_048,,,
flow/0000/007,,A_phase0,-0.0012038919532408,data/precomputed/fig04/official50_phase_model_metrics.csv,,,3MIDD_048,,,
flow/0000/008,,A_phase0,-0.006436823484137,data/precomputed/fig04/official50_phase_model_metrics.csv,,,3MIDD_048,,,
flow/0000/009,,A_phase0,-0.0081109348842485,data/precomputed/fig04/official50_phase_model_metrics.csv,,,3MIDD_048,,,
flow/0000/010,,A_phase0,0.0006503452764232,data/precomputed/fig04/official50_phase_model_metrics.csv,,,3MIDD_048,,,
flow/0000/011,,A_phase0,-0.0023494215013136,data/precomputed/fig04/official50_phase_model_metrics.csv,,,3MIDD_048,,,
flow/0000/012,,A_phase0,-0.0199643312363573,data/precomputed/fig04/official50_phase_model_metrics.csv,,,3MIDD_048,,,
flow/0000/013,,A_phase0,-0.0085014415420635,data/precomputed/fig04/official50_phase_model_metrics.csv,,,3MIDD_048,,,
flow/0000/014,,A_phase0,-0.0180684911160537,data/precomputed/fig04/official50_phase_model_metrics.csv,,,3MIDD_048,,,
flow/0000/015,,A_phase0,-0.0089685356235432,data/precomputed/fig04/official50_phase_model_metrics.csv,,,3MIDD_048,,,
flow/0000/016,,A_phase0,-0.0078418639270209,data/precomputed/fig04/official50_phase_model_metrics.csv,,,3MIDD_048,,,
flow/0000/017,,A_phase0,-0.0332052601641821,data/precomputed/fig04/official50_phase_model_metrics.csv,,,3MIDD_048,,,
flow/0000/018,,A_phase0,-0.0118928713971813,data/precomputed/fig04/official50_phase_model_metrics.csv,,,3MIDD_048,,,
flow/0000/019,,A_phase0,-0.0136132624919722,data/precomputed/fig04/official50_phase_model_metrics.csv,,,3MIDD_048,,,
flow/0000/020,,A_phase0,-0.0050510699621301,data/precomputed/fig04/official50_phase_model_metrics.csv,,,3MIDD_048,,,
flow/0000/021,,A_phase0,-0.0108463361371104,data/precomputed/fig04/official50_phase_model_metrics.csv,,,3MIDD_048,,,
flow/0000/022,,A_phase0,-0.0057900909621478,data/precomputed/fig04/official50_phase_model_metrics.csv,,,3MIDD_048,,,
flow/0000/023,,A_phase0,-0.0015761894802856,data/precomputed/fig04/official50_phase_model_metrics.csv,,,3MIDD_048,,,
flow/0000/024,,A_phase0,-0.0264662285810497,data/precomputed/fig04/official50_phase_model_metrics.csv,,,3MIDD_048,,,
flow/0000/025,,A_phase0,0.0057844914740546,data/precomputed/fig04/official50_phase_model_metrics.csv,,,3MIDD_048,,,
flow/0000/026,,A_phase0,-0.0033550103894047,data/precomputed/fig04/official50_phase_model_metrics.csv,,,3MIDD_048,,,
flow/0000/027,,A_phase0,-0.0517527888167973,data/precomputed/fig04/official50_phase_model_metrics.csv,,,3MIDD_048,,,
flow/0000/028,,A_phase0,-0.0044400200490664,data/precomputed/fig04/official50_phase_model_metrics.csv,,,3MIDD_048,,,
flow/0000/029,,A_phase0,-0.0156291884338323,data/precomputed/fig04/official50_phase_model_metrics.csv,,,3MIDD_048,,,
flow/0000/030,,A_phase0,-0.0294564271645383,data/precomputed/fig04/official50_phase_model_metrics.csv,,,3MIDD_048,,,
flow/0000/031,,A_phase0,-0.0018644062041211,data/precomputed/fig04/official50_phase_model_metrics.csv,,,3MIDD_048,,,
flow/0000/032,,A_phase0,-0.002511025113445,data/precomputed/fig04/official50_phase_model_metrics.csv,,,3MIDD_048,,,
flow/0000/033,,A_phase0,-0.0025573790996377,data/precomputed/fig04/official50_phase_model_metrics.csv,,,3MIDD_048,,,
flow/0000/034,,A_phase0,-0.0079416508659581,data/precomputed/fig04/official50_phase_model_metrics.csv,,,3MIDD_048,,,
flow/0000/035,,A_phase0,-0.008289705366258,data/precomputed/fig04/official50_phase_model_metrics.csv,,,3MIDD_048,,,
flow/0000/036,,A_phase0,-0.0645211469605471,data/precomputed/fig04/official50_phase_model_metrics.csv,,,3MIDD_048,,,
flow/0000/037,,A_phase0,-0.014985948800308,data/precomputed/fig04/official50_phase_model_metrics.csv,,,3MIDD_048,,,
flow/0000/038,,A_phase0,0.0047033479286965,data/precomputed/fig04/official50_phase_model_metrics.csv,,,3MIDD_048,,,
flow/0000/039,,A_phase0,0.0029872736774097,data/precomputed/fig04/official50_phase_model_metrics.csv,,,3MIDD_048,,,
flow/0000/040,,A_phase0,-0.0031641947830019,data/precomputed/fig04/official50_phase_model_metrics.csv,,,3MIDD_048,,,
flow/0000/041,,A_phase0,0.0067298884268057,data/precomputed/fig04/official50_phase_model_metrics.csv,,,3MIDD_048,,,
flow/0000/042,,A_phase0,-0.0011967937964301,data/precomputed/fig04/official50_phase_model_metrics.csv,,,3MIDD_048,,,
flow/0000/043,,A_phase0,-0.0003199385279579,data/precomputed/fig04/official50_phase_model_metrics.csv,,,3MIDD_048,,,
flow/0000/044,,A_phase0,-0.0052541759459535,data/precomputed/fig04/official50_phase_model_metrics.csv,,,3MIDD_048,,,
flow/0000/045,,A_phase0,0.0076927316623866,data/precomputed/fig04/official50_phase_model_metrics.csv,,,3MIDD_048,,,
flow/0000/046,,A_phase0,-0.0008469606535226,data/precomputed/fig04/official50_phase_model_metrics.csv,,,3MIDD_048,,,
flow/0000/047,,A_phase0,-0.0072015301500771,data/precomputed/fig04/official50_phase_model_metrics.csv,,,3MIDD_048,,,
flow/0000/048,,A_phase0,-0.0069246428747488,data/precomputed/fig04/official50_phase_model_metrics.csv,,,3MIDD_048,,,
flow/0000/049,,A_phase0,-0.0001705560359022,data/precomputed/fig04/official50_phase_model_metrics.csv,,,3MIDD_048,,,
flow/0000/000,,A_mean,0.0050128060027153,data/precomputed/fig04/official50_phase_model_metrics.csv,,,3MIDD_048,,,
flow/0000/001,,A_mean,-0.0009708811752576,data/precomputed/fig04/official50_phase_model_metrics.csv,,,3MIDD_048,,,
flow/0000/002,,A_mean,-0.0039149877448276,data/precomputed/fig04/official50_phase_model_metrics.csv,,,3MIDD_048,,,
flow/0000/003,,A_mean,-0.0165615363904262,data/precomputed/fig04/official50_phase_model_metrics.csv,,,3MIDD_048,,,
flow/0000/004,,A_mean,0.0076415209674227,data/precomputed/fig04/official50_phase_model_metrics.csv,,,3MIDD_048,,,
flow/0000/005,,A_mean,0.0109061763399101,data/precomputed/fig04/official50_phase_model_metrics.csv,,,3MIDD_048,,,
flow/0000/006,,A_mean,-0.0139089902334316,data/precomputed/fig04/official50_phase_model_metrics.csv,,,3MIDD_048,,,
flow/0000/007,,A_mean,0.008658916624353,data/precomputed/fig04/official50_phase_model_metrics.csv,,,3MIDD_048,,,
flow/0000/008,,A_mean,-0.0105064378482332,data/precomputed/fig04/official50_phase_model_metrics.csv,,,3MIDD_048,,,
flow/0000/009,,A_mean,0.0089888798929468,data/precomputed/fig04/official50_phase_model_metrics.csv,,,3MIDD_048,,,
flow/0000/010,,A_mean,0.0034469929128294,data/precomputed/fig04/official50_phase_model_metrics.csv,,,3MIDD_048,,,
flow/0000/011,,A_mean,-0.0038054167224558,data/precomputed/fig04/official50_phase_model_metrics.csv,,,3MIDD_048,,,
flow/0000/012,,A_mean,-0.016644504063135,data/precomputed/fig04/official50_phase_model_metrics.csv,,,3MIDD_048,,,
flow/0000/013,,A_mean,-0.0032041042754916,data/precomputed/fig04/official50_phase_model_metrics.csv,,,3MIDD_048,,,
flow/0000/014,,A_mean,-0.0176216145533379,data/precomputed/fig04/official50_phase_model_metrics.csv,,,3MIDD_048,,,
flow/0000/015,,A_mean,-0.0068517962930046,data/precomputed/fig04/official50_phase_model_metrics.csv,,,3MIDD_048,,,
flow/0000/016,,A_mean,0.0157762189990337,data/precomputed/fig04/official50_phase_model_metrics.csv,,,3MIDD_048,,,
flow/0000/017,,A_mean,-0.0252300597128425,data/precomputed/fig04/official50_phase_model_metrics.csv,,,3MIDD_048,,,
flow/0000/018,,A_mean,-0.003997973397435,data/precomputed/fig04/official50_phase_model_metrics.csv,,,3MIDD_048,,,
flow/0000/019,,A_mean,-0.0001186365503269,data/precomputed/fig04/official50_phase_model_metrics.csv,,,3MIDD_048,,,
flow/0000/020,,A_mean,-0.0017251863294431,data/precomputed/fig04/official50_phase_model_metrics.csv,,,3MIDD_048,,,
flow/0000/021,,A_mean,0.0016734804855728,data/precomputed/fig04/official50_phase_model_metrics.csv,,,3MIDD_048,,,
flow/0000/022,,A_mean,0.0029420995457405,data/precomputed/fig04/official50_phase_model_metrics.csv,,,3MIDD_048,,,
flow/0000/023,,A_mean,-0.0017295911419268,data/precomputed/fig04/official50_phase_model_metrics.csv,,,3MIDD_048,,,
flow/0000/024,,A_mean,-0.0236601078580058,data/precomputed/fig04/official50_phase_model_metrics.csv,,,3MIDD_048,,,
flow/0000/025,,A_mean,0.0129594724366199,data/precomputed/fig04/official50_phase_model_metrics.csv,,,3MIDD_048,,,
flow/0000/026,,A_mean,0.0058489280833899,data/precomputed/fig04/official50_phase_model_metrics.csv,,,3MIDD_048,,,
flow/0000/027,,A_mean,-0.0245319500460177,data/precomputed/fig04/official50_phase_model_metrics.csv,,,3MIDD_048,,,
flow/0000/028,,A_mean,-0.001432913886978,data/precomputed/fig04/official50_phase_model_metrics.csv,,,3MIDD_048,,,
flow/0000/029,,A_mean,-0.014688897383985,data/precomputed/fig04/official50_phase_model_metrics.csv,,,3MIDD_048,,,
flow/0000/030,,A_mean,-0.020056696211966,data/precomputed/fig04/official50_phase_model_metrics.csv,,,3MIDD_048,,,
flow/0000/031,,A_mean,0.0026367382573053,data/precomputed/fig04/official50_phase_model_metrics.csv,,,3MIDD_048,,,
flow/0000/032,,A_mean,0.0039618690143534,data/precomputed/fig04/official50_phase_model_metrics.csv,,,3MIDD_048,,,
flow/0000/033,,A_mean,-0.0021399499219564,data/precomputed/fig04/official50_phase_model_metrics.csv,,,3MIDD_048,,,
flow/0000/034,,A_mean,-0.0038280835284056,data/precomputed/fig04/official50_phase_model_metrics.csv,,,3MIDD_048,,,
flow/0000/035,,A_mean,-0.0102246838578816,data/precomputed/fig04/official50_phase_model_metrics.csv,,,3MIDD_048,,,
flow/0000/036,,A_mean,-0.0584089960471861,data/precomputed/fig04/official50_phase_model_metrics.csv,,,3MIDD_048,,,
flow/0000/037,,A_mean,-0.0119856516720637,data/precomputed/fig04/official50_phase_model_metrics.csv,,,3MIDD_048,,,
flow/0000/038,,A_mean,0.0023453846686094,data/precomputed/fig04/official50_phase_model_metrics.csv,,,3MIDD_048,,,
flow/0000/039,,A_mean,0.0116188816492296,data/precomputed/fig04/official50_phase_model_metrics.csv,,,3MIDD_048,,,
flow/0000/040,,A_mean,-0.0056685003129303,data/precomputed/fig04/official50_phase_model_metrics.csv,,,3MIDD_048,,,
flow/0000/041,,A_mean,0.0173257729084466,data/precomputed/fig04/official50_phase_model_metrics.csv,,,3MIDD_048,,,
flow/0000/042,,A_mean,-0.0013460910199488,data/precomputed/fig04/official50_phase_model_metrics.csv,,,3MIDD_048,,,
flow/0000/043,,A_mean,-0.0002176642909389,data/precomputed/fig04/official50_phase_model_metrics.csv,,,3MIDD_048,,,
flow/0000/044,,A_mean,-0.00345849955017,data/precomputed/fig04/official50_phase_model_metrics.csv,,,3MIDD_048,,,
flow/0000/045,,A_mean,0.0046215054430489,data/precomputed/fig04/official50_phase_model_metrics.csv,,,3MIDD_048,,,
flow/0000/046,,A_mean,0.000112192574026,data/precomputed/fig04/official50_phase_model_metrics.csv,,,3MIDD_048,,,
flow/0000/047,,A_mean,-0.0037272919908913,data/precomputed/fig04/official50_phase_model_metrics.csv,,,3MIDD_048,,,
flow/0000/048,,A_mean,-0.0030770208607861,data/precomputed/fig04/official50_phase_model_metrics.csv,,,3MIDD_048,,,
flow/0000/049,,A_mean,-7.030779625248343e-05,data/precomputed/fig04/official50_phase_model_metrics.csv,,,3MIDD_048,,,
flow/0000/000,,A_median,0.0048327440555312,data/precomputed/fig04/official50_phase_model_metrics.csv,,,3MIDD_048,,,
flow/0000/001,,A_median,-0.0013599261102584,data/precomputed/fig04/official50_phase_model_metrics.csv,,,3MIDD_048,,,
flow/0000/002,,A_median,-0.0042018834509123,data/precomputed/fig04/official50_phase_model_metrics.csv,,,3MIDD_048,,,
flow/0000/003,,A_median,-0.0164452174815154,data/precomputed/fig04/official50_phase_model_metrics.csv,,,3MIDD_048,,,
flow/0000/004,,A_median,0.0099086149247844,data/precomputed/fig04/official50_phase_model_metrics.csv,,,3MIDD_048,,,
flow/0000/005,,A_median,0.0116880509085717,data/precomputed/fig04/official50_phase_model_metrics.csv,,,3MIDD_048,,,
flow/0000/006,,A_median,-0.0119405175340903,data/precomputed/fig04/official50_phase_model_metrics.csv,,,3MIDD_048,,,
flow/0000/007,,A_median,0.0108963887159287,data/precomputed/fig04/official50_phase_model_metrics.csv,,,3MIDD_048,,,
flow/0000/008,,A_median,-0.0111977177161933,data/precomputed/fig04/official50_phase_model_metrics.csv,,,3MIDD_048,,,
flow/0000/009,,A_median,0.0128403859422701,data/precomputed/fig04/official50_phase_model_metrics.csv,,,3MIDD_048,,,
flow/0000/010,,A_median,0.0033555046923251,data/precomputed/fig04/official50_phase_model_metrics.csv,,,3MIDD_048,,,
flow/0000/011,,A_median,-0.0021032346701068,data/precomputed/fig04/official50_phase_model_metrics.csv,,,3MIDD_048,,,
flow/0000/012,,A_median,-0.0177220104225215,data/precomputed/fig04/official50_phase_model_metrics.csv,,,3MIDD_048,,,
flow/0000/013,,A_median,-0.0018315570298003,data/precomputed/fig04/official50_phase_model_metrics.csv,,,3MIDD_048,,,
flow/0000/014,,A_median,-0.0183259366280662,data/precomputed/fig04/official50_phase_model_metrics.csv,,,3MIDD_048,,,
flow/0000/015,,A_median,-0.0062670220778944,data/precomputed/fig04/official50_phase_model_metrics.csv,,,3MIDD_048,,,
flow/0000/016,,A_median,0.0219403730627526,data/precomputed/fig04/official50_phase_model_metrics.csv,,,3MIDD_048,,,
flow/0000/017,,A_median,-0.0229553683593796,data/precomputed/fig04/official50_phase_model_metrics.csv,,,3MIDD_048,,,
flow/0000/018,,A_median,-0.0035735383442538,data/precomputed/fig04/official50_phase_model_metrics.csv,,,3MIDD_048,,,
flow/0000/019,,A_median,-0.000147566689912,data/precomputed/fig04/official50_phase_model_metrics.csv,,,3MIDD_048,,,
flow/0000/020,,A_median,-0.0022317761344473,data/precomputed/fig04/official50_phase_model_metrics.csv,,,3MIDD_048,,,
flow/0000/021,,A_median,0.0011312151648496,data/precomputed/fig04/official50_phase_model_metrics.csv,,,3MIDD_048,,,
flow/0000/022,,A_median,0.0051988527629287,data/precomputed/fig04/official50_phase_model_metrics.csv,,,3MIDD_048,,,
flow/0000/023,,A_median,-0.0025257707424558,data/precomputed/fig04/official50_phase_model_metrics.csv,,,3MIDD_048,,,
flow/0000/024,,A_median,-0.0225590433532919,data/precomputed/fig04/official50_phase_model_metrics.csv,,,3MIDD_048,,,
flow/0000/025,,A_median,0.013398450006789,data/precomputed/fig04/official50_phase_model_metrics.csv,,,3MIDD_048,,,
flow/0000/026,,A_median,0.0050062730680826,data/precomputed/fig04/official50_phase_model_metrics.csv,,,3MIDD_048,,,
flow/0000/027,,A_median,-0.0194472489281408,data/precomputed/fig04/official50_phase_model_metrics.csv,,,3MIDD_048,,,
flow/0000/028,,A_median,-0.0012017346717495,data/precomputed/fig04/official50_phase_model_metrics.csv,,,3MIDD_048,,,
flow/0000/029,,A_median,-0.0148226429387156,data/precomputed/fig04/official50_phase_model_metrics.csv,,,3MIDD_048,,,
flow/0000/030,,A_median,-0.0192470012662662,data/precomputed/fig04/official50_phase_model_metrics.csv,,,3MIDD_048,,,
flow/0000/031,,A_median,0.0056987258678205,data/precomputed/fig04/official50_phase_model_metrics.csv,,,3MIDD_048,,,
flow/0000/032,,A_median,0.0064953521971633,data/precomputed/fig04/official50_phase_model_metrics.csv,,,3MIDD_048,,,
flow/0000/033,,A_median,-0.0025999951218988,data/precomputed/fig04/official50_phase_model_metrics.csv,,,3MIDD_048,,,
flow/0000/034,,A_median,-0.003475862754622,data/precomputed/fig04/official50_phase_model_metrics.csv,,,3MIDD_048,,,
flow/0000/035,,A_median,-0.0100290792793858,data/precomputed/fig04/official50_phase_model_metrics.csv,,,3MIDD_048,,,
flow/0000/036,,A_median,-0.0581487483658826,data/precomputed/fig04/official50_phase_model_metrics.csv,,,3MIDD_048,,,
flow/0000/037,,A_median,-0.0118650348460426,data/precomputed/fig04/official50_phase_model_metrics.csv,,,3MIDD_048,,,
flow/0000/038,,A_median,0.003999292847575,data/precomputed/fig04/official50_phase_model_metrics.csv,,,3MIDD_048,,,
flow/0000/039,,A_median,0.0141702026389875,data/precomputed/fig04/official50_phase_model_metrics.csv,,,3MIDD_048,,,
flow/0000/040,,A_median,-0.0069181760468503,data/precomputed/fig04/official50_phase_model_metrics.csv,,,3MIDD_048,,,
flow/0000/041,,A_median,0.0199154948082862,data/precomputed/fig04/official50_phase_model_metrics.csv,,,3MIDD_048,,,
flow/0000/042,,A_median,-0.0010219617062603,data/precomputed/fig04/official50_phase_model_metrics.csv,,,3MIDD_048,,,
flow/0000/043,,A_median,-0.0002624219685324,data/precomputed/fig04/official50_phase_model_metrics.csv,,,3MIDD_048,,,
flow/0000/044,,A_median,-0.0023549818588344,data/precomputed/fig04/official50_phase_model_metrics.csv,,,3MIDD_048,,,
flow/0000/045,,A_median,0.0041654228520746,data/precomputed/fig04/official50_phase_model_metrics.csv,,,3MIDD_048,,,
flow/0000/046,,A_median,-0.0002092740504119,data/precomputed/fig04/official50_phase_model_metrics.csv,,,3MIDD_048,,,
flow/0000/047,,A_median,-0.0032504606344193,data/precomputed/fig04/official50_phase_model_metrics.csv,,,3MIDD_048,,,
flow/0000/048,,A_median,-0.0023159016406068,data/precomputed/fig04/official50_phase_model_metrics.csv,,,3MIDD_048,,,
flow/0000/049,,A_median,-5.575418569902504e-05,data/precomputed/fig04/official50_phase_model_metrics.csv,,,3MIDD_048,,,
flow/0000/000,,A_SD,0.0046792783146066,data/precomputed/fig04/official50_phase_model_metrics.csv,,,3MIDD_048,,,
flow/0000/001,,A_SD,0.0018363850956291,data/precomputed/fig04/official50_phase_model_metrics.csv,,,3MIDD_048,,,
flow/0000/002,,A_SD,0.0058892713233822,data/precomputed/fig04/official50_phase_model_metrics.csv,,,3MIDD_048,,,
flow/0000/003,,A_SD,0.0072911122767316,data/precomputed/fig04/official50_phase_model_metrics.csv,,,3MIDD_048,,,
flow/0000/004,,A_SD,0.0110904179504096,data/precomputed/fig04/official50_phase_model_metrics.csv,,,3MIDD_048,,,
flow/0000/005,,A_SD,0.0114680547362333,data/precomputed/fig04/official50_phase_model_metrics.csv,,,3MIDD_048,,,
flow/0000/006,,A_SD,0.0068876460628611,data/precomputed/fig04/official50_phase_model_metrics.csv,,,3MIDD_048,,,
flow/0000/007,,A_SD,0.0068698276390232,data/precomputed/fig04/official50_phase_model_metrics.csv,,,3MIDD_048,,,
flow/0000/008,,A_SD,0.0063081047985582,data/precomputed/fig04/official50_phase_model_metrics.csv,,,3MIDD_048,,,
flow/0000/009,,A_SD,0.0120782437624619,data/precomputed/fig04/official50_phase_model_metrics.csv,,,3MIDD_048,,,
flow/0000/010,,A_SD,0.0057332329038924,data/precomputed/fig04/official50_phase_model_metrics.csv,,,3MIDD_048,,,
flow/0000/011,,A_SD,0.0037486214404355,data/precomputed/fig04/official50_phase_model_metrics.csv,,,3MIDD_048,,,
flow/0000/012,,A_SD,0.0063962190393055,data/precomputed/fig04/official50_phase_model_metrics.csv,,,3MIDD_048,,,
flow/0000/013,,A_SD,0.0039368653973501,data/precomputed/fig04/official50_phase_model_metrics.csv,,,3MIDD_048,,,
flow/0000/014,,A_SD,0.006620035150309,data/precomputed/fig04/official50_phase_model_metrics.csv,,,3MIDD_048,,,
flow/0000/015,,A_SD,0.0020839485268356,data/precomputed/fig04/official50_phase_model_metrics.csv,,,3MIDD_048,,,
flow/0000/016,,A_SD,0.0144849752103902,data/precomputed/fig04/official50_phase_model_metrics.csv,,,3MIDD_048,,,
flow/0000/017,,A_SD,0.0086130400467005,data/precomputed/fig04/official50_phase_model_metrics.csv,,,3MIDD_048,,,
flow/0000/018,,A_SD,0.0051812071086236,data/precomputed/fig04/official50_phase_model_metrics.csv,,,3MIDD_048,,,
flow/0000/019,,A_SD,0.0070283669140326,data/precomputed/fig04/official50_phase_model_metrics.csv,,,3MIDD_048,,,
flow/0000/020,,A_SD,0.002230828582477,data/precomputed/fig04/official50_phase_model_metrics.csv,,,3MIDD_048,,,
flow/0000/021,,A_SD,0.0139283160152457,data/precomputed/fig04/official50_phase_model_metrics.csv,,,3MIDD_048,,,
flow/0000/022,,A_SD,0.0060527102959392,data/precomputed/fig04/official50_phase_model_metrics.csv,,,3MIDD_048,,,
flow/0000/023,,A_SD,0.0029822241544515,data/precomputed/fig04/official50_phase_model_metrics.csv,,,3MIDD_048,,,
flow/0000/024,,A_SD,0.0040390804970096,data/precomputed/fig04/official50_phase_model_metrics.csv,,,3MIDD_048,,,
flow/0000/025,,A_SD,0.0054259686345616,data/precomputed/fig04/official50_phase_model_metrics.csv,,,3MIDD_048,,,
flow/0000/026,,A_SD,0.0066008272247483,data/precomputed/fig04/official50_phase_model_metrics.csv,,,3MIDD_048,,,
flow/0000/027,,A_SD,0.0183337497720386,data/precomputed/fig04/official50_phase_model_metrics.csv,,,3MIDD_048,,,
flow/0000/028,,A_SD,0.0030439488384805,data/precomputed/fig04/official50_phase_model_metrics.csv,,,3MIDD_048,,,
flow/0000/029,,A_SD,0.0045087913269007,data/precomputed/fig04/official50_phase_model_metrics.csv,,,3MIDD_048,,,
flow/0000/030,,A_SD,0.0044419653820237,data/precomputed/fig04/official50_phase_model_metrics.csv,,,3MIDD_048,,,
flow/0000/031,,A_SD,0.0093438849460169,data/precomputed/fig04/official50_phase_model_metrics.csv,,,3MIDD_048,,,
flow/0000/032,,A_SD,0.0097243069964893,data/precomputed/fig04/official50_phase_model_metrics.csv,,,3MIDD_048,,,
flow/0000/033,,A_SD,0.0030701892988503,data/precomputed/fig04/official50_phase_model_metrics.csv,,,3MIDD_048,,,
flow/0000/034,,A_SD,0.0070312411005375,data/precomputed/fig04/official50_phase_model_metrics.csv,,,3MIDD_048,,,
flow/0000/035,,A_SD,0.0070615565252749,data/precomputed/fig04/official50_phase_model_metrics.csv,,,3MIDD_048,,,
flow/0000/036,,A_SD,0.0061030964619496,data/precomputed/fig04/official50_phase_model_metrics.csv,,,3MIDD_048,,,
flow/0000/037,,A_SD,0.0073999356759569,data/precomputed/fig04/official50_phase_model_metrics.csv,,,3MIDD_048,,,
flow/0000/038,,A_SD,0.0056432749999471,data/precomputed/fig04/official50_phase_model_metrics.csv,,,3MIDD_048,,,
flow/0000/039,,A_SD,0.0067525866970496,data/precomputed/fig04/official50_phase_model_metrics.csv,,,3MIDD_048,,,
flow/0000/040,,A_SD,0.0044236188573581,data/precomputed/fig04/official50_phase_model_metrics.csv,,,3MIDD_048,,,
flow/0000/041,,A_SD,0.0075749681053389,data/precomputed/fig04/official50_phase_model_metrics.csv,,,3MIDD_048,,,
flow/0000/042,,A_SD,0.0041379282225363,data/precomputed/fig04/official50_phase_model_metrics.csv,,,3MIDD_048,,,
flow/0000/043,,A_SD,0.0013416040163705,data/precomputed/fig04/official50_phase_model_metrics.csv,,,3MIDD_048,,,
flow/0000/044,,A_SD,0.0042235530963987,data/precomputed/fig04/official50_phase_model_metrics.csv,,,3MIDD_048,,,
flow/0000/045,,A_SD,0.0030990806448276,data/precomputed/fig04/official50_phase_model_metrics.csv,,,3MIDD_048,,,
flow/0000/046,,A_SD,0.0020026518838139,data/precomputed/fig04/official50_phase_model_metrics.csv,,,3MIDD_048,,,
flow/0000/047,,A_SD,0.0028465273930192,data/precomputed/fig04/official50_phase_model_metrics.csv,,,3MIDD_048,,,
flow/0000/048,,A_SD,0.0023372239529169,data/precomputed/fig04/official50_phase_model_metrics.csv,,,3MIDD_048,,,
flow/0000/049,,A_SD,0.0005150645756462,data/precomputed/fig04/official50_phase_model_metrics.csv,,,3MIDD_048,,,
flow/0000/000,,A_IQR,0.0074256748240282,data/precomputed/fig04/official50_phase_model_metrics.csv,,,3MIDD_048,,,
flow/0000/001,,A_IQR,0.0022813980786838,data/precomputed/fig04/official50_phase_model_metrics.csv,,,3MIDD_048,,,
flow/0000/002,,A_IQR,0.0070384848678199,data/precomputed/fig04/official50_phase_model_metrics.csv,,,3MIDD_048,,,
flow/0000/003,,A_IQR,0.0082797502328403,data/precomputed/fig04/official50_phase_model_metrics.csv,,,3MIDD_048,,,
flow/0000/004,,A_IQR,0.0168019291473613,data/precomputed/fig04/official50_phase_model_metrics.csv,,,3MIDD_048,,,
flow/0000/005,,A_IQR,0.017367309637326,data/precomputed/fig04/official50_phase_model_metrics.csv,,,3MIDD_048,,,
flow/0000/006,,A_IQR,0.0125315912835658,data/precomputed/fig04/official50_phase_model_metrics.csv,,,3MIDD_048,,,
flow/0000/007,,A_IQR,0.0132498859431532,data/precomputed/fig04/official50_phase_model_metrics.csv,,,3MIDD_048,,,
flow/0000/008,,A_IQR,0.0047531355579487,data/precomputed/fig04/official50_phase_model_metrics.csv,,,3MIDD_048,,,
flow/0000/009,,A_IQR,0.0218364579792399,data/precomputed/fig04/official50_phase_model_metrics.csv,,,3MIDD_048,,,
flow/0000/010,,A_IQR,0.0071770654097637,data/precomputed/fig04/official50_phase_model_metrics.csv,,,3MIDD_048,,,
flow/0000/011,,A_IQR,0.0036289358409547,data/precomputed/fig04/official50_phase_model_metrics.csv,,,3MIDD_048,,,
flow/0000/012,,A_IQR,0.0081137316463528,data/precomputed/fig04/official50_phase_model_metrics.csv,,,3MIDD_048,,,
flow/0000/013,,A_IQR,0.0059489946475973,data/precomputed/fig04/official50_phase_model_metrics.csv,,,3MIDD_048,,,
flow/0000/014,,A_IQR,0.0085457344758585,data/precomputed/fig04/official50_phase_model_metrics.csv,,,3MIDD_048,,,
flow/0000/015,,A_IQR,0.002037797630439,data/precomputed/fig04/official50_phase_model_metrics.csv,,,3MIDD_048,,,
flow/0000/016,,A_IQR,0.0220488915852511,data/precomputed/fig04/official50_phase_model_metrics.csv,,,3MIDD_048,,,
flow/0000/017,,A_IQR,0.0157390339089511,data/precomputed/fig04/official50_phase_model_metrics.csv,,,3MIDD_048,,,
flow/0000/018,,A_IQR,0.0070899756158028,data/precomputed/fig04/official50_phase_model_metrics.csv,,,3MIDD_048,,,
flow/0000/019,,A_IQR,0.0057697273342519,data/precomputed/fig04/official50_phase_model_metrics.csv,,,3MIDD_048,,,
flow/0000/020,,A_IQR,0.0040211611707738,data/precomputed/fig04/official50_phase_model_metrics.csv,,,3MIDD_048,,,
flow/0000/021,,A_IQR,0.0257716883991286,data/precomputed/fig04/official50_phase_model_metrics.csv,,,3MIDD_048,,,
flow/0000/022,,A_IQR,0.0104211560827363,data/precomputed/fig04/official50_phase_model_metrics.csv,,,3MIDD_048,,,
flow/0000/023,,A_IQR,0.0033672795545841,data/precomputed/fig04/official50_phase_model_metrics.csv,,,3MIDD_048,,,
flow/0000/024,,A_IQR,0.0058319247305228,data/precomputed/fig04/official50_phase_model_metrics.csv,,,3MIDD_048,,,
flow/0000/025,,A_IQR,0.009609144823128,data/precomputed/fig04/official50_phase_model_metrics.csv,,,3MIDD_048,,,
flow/0000/026,,A_IQR,0.0080079899410407,data/precomputed/fig04/official50_phase_model_metrics.csv,,,3MIDD_048,,,
flow/0000/027,,A_IQR,0.0344401081256427,data/precomputed/fig04/official50_phase_model_metrics.csv,,,3MIDD_048,,,
flow/0000/028,,A_IQR,0.0033263156800802,data/precomputed/fig04/official50_phase_model_metrics.csv,,,3MIDD_048,,,
flow/0000/029,,A_IQR,0.0062656478772583,data/precomputed/fig04/official50_phase_model_metrics.csv,,,3MIDD_048,,,
flow/0000/030,,A_IQR,0.0055848738844043,data/precomputed/fig04/official50_phase_model_metrics.csv,,,3MIDD_048,,,
flow/0000/031,,A_IQR,0.0129808578163851,data/precomputed/fig04/official50_phase_model_metrics.csv,,,3MIDD_048,,,
flow/0000/032,,A_IQR,0.012948328513947,data/precomputed/fig04/official50_phase_model_metrics.csv,,,3MIDD_048,,,
flow/0000/033,,A_IQR,0.0033479931866251,data/precomputed/fig04/official50_phase_model_metrics.csv,,,3MIDD_048,,,
flow/0000/034,,A_IQR,0.0083826930846635,data/precomputed/fig04/official50_phase_model_metrics.csv,,,3MIDD_048,,,
flow/0000/035,,A_IQR,0.0083539320762513,data/precomputed/fig04/official50_phase_model_metrics.csv,,,3MIDD_048,,,
flow/0000/036,,A_IQR,0.0052817042630321,data/precomputed/fig04/official50_phase_model_metrics.csv,,,3MIDD_048,,,
flow/0000/037,,A_IQR,0.0081643129534771,data/precomputed/fig04/official50_phase_model_metrics.csv,,,3MIDD_048,,,
flow/0000/038,,A_IQR,0.0065381152798055,data/precomputed/fig04/official50_phase_model_metrics.csv,,,3MIDD_048,,,
flow/0000/039,,A_IQR,0.0102183411682306,data/precomputed/fig04/official50_phase_model_metrics.csv,,,3MIDD_048,,,
flow/0000/040,,A_IQR,0.0053724939833241,data/precomputed/fig04/official50_phase_model_metrics.csv,,,3MIDD_048,,,
flow/0000/041,,A_IQR,0.0109750175314187,data/precomputed/fig04/official50_phase_model_metrics.csv,,,3MIDD_048,,,
flow/0000/042,,A_IQR,0.0039585609452802,data/precomputed/fig04/official50_phase_model_metrics.csv,,,3MIDD_048,,,
flow/0000/043,,A_IQR,0.0010753526182283,data/precomputed/fig04/official50_phase_model_metrics.csv,,,3MIDD_048,,,
flow/0000/044,,A_IQR,0.0057385419573074,data/precomputed/fig04/official50_phase_model_metrics.csv,,,3MIDD_048,,,
flow/0000/045,,A_IQR,0.0044089226159664,data/precomputed/fig04/official50_phase_model_metrics.csv,,,3MIDD_048,,,
flow/0000/046,,A_IQR,0.0022512826338857,data/precomputed/fig04/official50_phase_model_metrics.csv,,,3MIDD_048,,,
flow/0000/047,,A_IQR,0.0030540627775836,data/precomputed/fig04/official50_phase_model_metrics.csv,,,3MIDD_048,,,
flow/0000/048,,A_IQR,0.0029083312313939,data/precomputed/fig04/official50_phase_model_metrics.csv,,,3MIDD_048,,,
flow/0000/049,,A_IQR,0.0005939242676378,data/precomputed/fig04/official50_phase_model_metrics.csv,,,3MIDD_048,,,
flow/0000/000,,A_MAD,0.0036029594905051,data/precomputed/fig04/official50_phase_model_metrics.csv,,,3MIDD_048,,,
flow/0000/001,,A_MAD,0.0016644837443682,data/precomputed/fig04/official50_phase_model_metrics.csv,,,3MIDD_048,,,
flow/0000/002,,A_MAD,0.0041739459601916,data/precomputed/fig04/official50_phase_model_metrics.csv,,,3MIDD_048,,,
flow/0000/003,,A_MAD,0.0054750912065369,data/precomputed/fig04/official50_phase_model_metrics.csv,,,3MIDD_048,,,
flow/0000/004,,A_MAD,0.0080625809813255,data/precomputed/fig04/official50_phase_model_metrics.csv,,,3MIDD_048,,,
flow/0000/005,,A_MAD,0.0091383165717969,data/precomputed/fig04/official50_phase_model_metrics.csv,,,3MIDD_048,,,
flow/0000/006,,A_MAD,0.0046475992281961,data/precomputed/fig04/official50_phase_model_metrics.csv,,,3MIDD_048,,,
flow/0000/007,,A_MAD,0.0040749888351168,data/precomputed/fig04/official50_phase_model_metrics.csv,,,3MIDD_048,,,
flow/0000/008,,A_MAD,0.0026663965083505,data/precomputed/fig04/official50_phase_model_metrics.csv,,,3MIDD_048,,,
flow/0000/009,,A_MAD,0.0080173161513343,data/precomputed/fig04/official50_phase_model_metrics.csv,,,3MIDD_048,,,
flow/0000/010,,A_MAD,0.0036778094842777,data/precomputed/fig04/official50_phase_model_metrics.csv,,,3MIDD_048,,,
flow/0000/011,,A_MAD,0.0017775467341532,data/precomputed/fig04/official50_phase_model_metrics.csv,,,3MIDD_048,,,
flow/0000/012,,A_MAD,0.0042677075084968,data/precomputed/fig04/official50_phase_model_metrics.csv,,,3MIDD_048,,,
flow/0000/013,,A_MAD,0.0017620875561715,data/precomputed/fig04/official50_phase_model_metrics.csv,,,3MIDD_048,,,
flow/0000/014,,A_MAD,0.0045317256297877,data/precomputed/fig04/official50_phase_model_metrics.csv,,,3MIDD_048,,,
flow/0000/015,,A_MAD,0.0007775555779409,data/precomputed/fig04/official50_phase_model_metrics.csv,,,3MIDD_048,,,
flow/0000/016,,A_MAD,0.0079296324454577,data/precomputed/fig04/official50_phase_model_metrics.csv,,,3MIDD_048,,,
flow/0000/017,,A_MAD,0.0074805719774738,data/precomputed/fig04/official50_phase_model_metrics.csv,,,3MIDD_048,,,
flow/0000/018,,A_MAD,0.003976042075716,data/precomputed/fig04/official50_phase_model_metrics.csv,,,3MIDD_048,,,
flow/0000/019,,A_MAD,0.0041596907448348,data/precomputed/fig04/official50_phase_model_metrics.csv,,,3MIDD_048,,,
flow/0000/020,,A_MAD,0.0017750436190718,data/precomputed/fig04/official50_phase_model_metrics.csv,,,3MIDD_048,,,
flow/0000/021,,A_MAD,0.0130448776695611,data/precomputed/fig04/official50_phase_model_metrics.csv,,,3MIDD_048,,,
flow/0000/022,,A_MAD,0.0032485173155683,data/precomputed/fig04/official50_phase_model_metrics.csv,,,3MIDD_048,,,
flow/0000/023,,A_MAD,0.0013052918771273,data/precomputed/fig04/official50_phase_model_metrics.csv,,,3MIDD_048,,,
flow/0000/024,,A_MAD,0.0025778779994038,data/precomputed/fig04/official50_phase_model_metrics.csv,,,3MIDD_048,,,
flow/0000/025,,A_MAD,0.0054782654884712,data/precomputed/fig04/official50_phase_model_metrics.csv,,,3MIDD_048,,,
flow/0000/026,,A_MAD,0.0051933839888576,data/precomputed/fig04/official50_phase_model_metrics.csv,,,3MIDD_048,,,
flow/0000/027,,A_MAD,0.0153746378521064,data/precomputed/fig04/official50_phase_model_metrics.csv,,,3MIDD_048,,,
flow/0000/028,,A_MAD,0.0019169654596979,data/precomputed/fig04/official50_phase_model_metrics.csv,,,3MIDD_048,,,
flow/0000/029,,A_MAD,0.0032931380845657,data/precomputed/fig04/official50_phase_model_metrics.csv,,,3MIDD_048,,,
flow/0000/030,,A_MAD,0.003315455981191,data/precomputed/fig04/official50_phase_model_metrics.csv,,,3MIDD_048,,,
flow/0000/031,,A_MAD,0.005137035176711,data/precomputed/fig04/official50_phase_model_metrics.csv,,,3MIDD_048,,,
flow/0000/032,,A_MAD,0.0074093541446308,data/precomputed/fig04/official50_phase_model_metrics.csv,,,3MIDD_048,,,
flow/0000/033,,A_MAD,0.0018498701209446,data/precomputed/fig04/official50_phase_model_metrics.csv,,,3MIDD_048,,,
flow/0000/034,,A_MAD,0.0045000380015322,data/precomputed/fig04/official50_phase_model_metrics.csv,,,3MIDD_048,,,
flow/0000/035,,A_MAD,0.0051547716444269,data/precomputed/fig04/official50_phase_model_metrics.csv,,,3MIDD_048,,,
flow/0000/036,,A_MAD,0.0027307539385845,data/precomputed/fig04/official50_phase_model_metrics.csv,,,3MIDD_048,,,
flow/0000/037,,A_MAD,0.0044519385795227,data/precomputed/fig04/official50_phase_model_metrics.csv,,,3MIDD_048,,,
flow/0000/038,,A_MAD,0.0033652512207907,data/precomputed/fig04/official50_phase_model_metrics.csv,,,3MIDD_048,,,
flow/0000/039,,A_MAD,0.0024286589293967,data/precomputed/fig04/official50_phase_model_metrics.csv,,,3MIDD_048,,,
flow/0000/040,,A_MAD,0.0025879764540309,data/precomputed/fig04/official50_phase_model_metrics.csv,,,3MIDD_048,,,
flow/0000/041,,A_MAD,0.0053924552932387,data/precomputed/fig04/official50_phase_model_metrics.csv,,,3MIDD_048,,,
flow/0000/042,,A_MAD,0.0020502221194713,data/precomputed/fig04/official50_phase_model_metrics.csv,,,3MIDD_048,,,
flow/0000/043,,A_MAD,0.0006889753102939,data/precomputed/fig04/official50_phase_model_metrics.csv,,,3MIDD_048,,,
flow/0000/044,,A_MAD,0.0024904607427909,data/precomputed/fig04/official50_phase_model_metrics.csv,,,3MIDD_048,,,
flow/0000/045,,A_MAD,0.0024212565213814,data/precomputed/fig04/official50_phase_model_metrics.csv,,,3MIDD_048,,,
flow/0000/046,,A_MAD,0.001090468590748,data/precomputed/fig04/official50_phase_model_metrics.csv,,,3MIDD_048,,,
flow/0000/047,,A_MAD,0.0016667255738626,data/precomputed/fig04/official50_phase_model_metrics.csv,,,3MIDD_048,,,
flow/0000/048,,A_MAD,0.0015467981058481,data/precomputed/fig04/official50_phase_model_metrics.csv,,,3MIDD_048,,,
flow/0000/049,,A_MAD,0.0003685624989751,data/precomputed/fig04/official50_phase_model_metrics.csv,,,3MIDD_048,,,
flow/0000/000,,A_min,-0.0018620960078069,data/precomputed/fig04/official50_phase_model_metrics.csv,,,3MIDD_048,,,
flow/0000/001,,A_min,-0.0038783494930636,data/precomputed/fig04/official50_phase_model_metrics.csv,,,3MIDD_048,,,
flow/0000/002,,A_min,-0.0154513102921512,data/precomputed/fig04/official50_phase_model_metrics.csv,,,3MIDD_048,,,
flow/0000/003,,A_min,-0.0302850687873639,data/precomputed/fig04/official50_phase_model_metrics.csv,,,3MIDD_048,,,
flow/0000/004,,A_min,-0.0095690022585766,data/precomputed/fig04/official50_phase_model_metrics.csv,,,3MIDD_048,,,
flow/0000/005,,A_min,-0.0077560490267135,data/precomputed/fig04/official50_phase_model_metrics.csv,,,3MIDD_048,,,
flow/0000/006,,A_min,-0.0264070646030282,data/precomputed/fig04/official50_phase_model_metrics.csv,,,3MIDD_048,,,
flow/0000/007,,A_min,-0.0016139971126438,data/precomputed/fig04/official50_phase_model_metrics.csv,,,3MIDD_048,,,
flow/0000/008,,A_min,-0.0214385015993496,data/precomputed/fig04/official50_phase_model_metrics.csv,,,3MIDD_048,,,
flow/0000/009,,A_min,-0.0086920320310364,data/precomputed/fig04/official50_phase_model_metrics.csv,,,3MIDD_048,,,
flow/0000/010,,A_min,-0.0072819225992631,data/precomputed/fig04/official50_phase_model_metrics.csv,,,3MIDD_048,,,
flow/0000/011,,A_min,-0.0126239650587627,data/precomputed/fig04/official50_phase_model_metrics.csv,,,3MIDD_048,,,
flow/0000/012,,A_min,-0.0252920743431092,data/precomputed/fig04/official50_phase_model_metrics.csv,,,3MIDD_048,,,
flow/0000/013,,A_min,-0.0102896664101452,data/precomputed/fig04/official50_phase_model_metrics.csv,,,3MIDD_048,,,
flow/0000/014,,A_min,-0.0271722560064801,data/precomputed/fig04/official50_phase_model_metrics.csv,,,3MIDD_048,,,
flow/0000/015,,A_min,-0.0118532774645424,data/precomputed/fig04/official50_phase_model_metrics.csv,,,3MIDD_048,,,
flow/0000/016,,A_min,-0.0078418639270209,data/precomputed/fig04/official50_phase_model_metrics.csv,,,3MIDD_048,,,
flow/0000/017,,A_min,-0.0379297804576237,data/precomputed/fig04/official50_phase_model_metrics.csv,,,3MIDD_048,,,
flow/0000/018,,A_min,-0.0128566518880944,data/precomputed/fig04/official50_phase_model_metrics.csv,,,3MIDD_048,,,
flow/0000/019,,A_min,-0.0136132624919722,data/precomputed/fig04/official50_phase_model_metrics.csv,,,3MIDD_048,,,
flow/0000/020,,A_min,-0.0050510699621301,data/precomputed/fig04/official50_phase_model_metrics.csv,,,3MIDD_048,,,
flow/0000/021,,A_min,-0.0209238566051534,data/precomputed/fig04/official50_phase_model_metrics.csv,,,3MIDD_048,,,
flow/0000/022,,A_min,-0.0068793831786894,data/precomputed/fig04/official50_phase_model_metrics.csv,,,3MIDD_048,,,
flow/0000/023,,A_min,-0.0075456536848739,data/precomputed/fig04/official50_phase_model_metrics.csv,,,3MIDD_048,,,
flow/0000/024,,A_min,-0.0311335920790499,data/precomputed/fig04/official50_phase_model_metrics.csv,,,3MIDD_048,,,
flow/0000/025,,A_min,0.0057844914740546,data/precomputed/fig04/official50_phase_model_metrics.csv,,,3MIDD_048,,,
flow/0000/026,,A_min,-0.0033550103894047,data/precomputed/fig04/official50_phase_model_metrics.csv,,,3MIDD_048,,,
flow/0000/027,,A_min,-0.0517527888167973,data/precomputed/fig04/official50_phase_model_metrics.csv,,,3MIDD_048,,,
flow/0000/028,,A_min,-0.0068731599308761,data/precomputed/fig04/official50_phase_model_metrics.csv,,,3MIDD_048,,,
flow/0000/029,,A_min,-0.0238263804012084,data/precomputed/fig04/official50_phase_model_metrics.csv,,,3MIDD_048,,,
flow/0000/030,,A_min,-0.0294564271645383,data/precomputed/fig04/official50_phase_model_metrics.csv,,,3MIDD_048,,,
flow/0000/031,,A_min,-0.0141694679103923,data/precomputed/fig04/official50_phase_model_metrics.csv,,,3MIDD_048,,,
flow/0000/032,,A_min,-0.0143121214522681,data/precomputed/fig04/official50_phase_model_metrics.csv,,,3MIDD_048,,,
flow/0000/033,,A_min,-0.0055943663628843,data/precomputed/fig04/official50_phase_model_metrics.csv,,,3MIDD_048,,,
flow/0000/034,,A_min,-0.0138343394220955,data/precomputed/fig04/official50_phase_model_metrics.csv,,,3MIDD_048,,,
flow/0000/035,,A_min,-0.0225200069376756,data/precomputed/fig04/official50_phase_model_metrics.csv,,,3MIDD_048,,,
flow/0000/036,,A_min,-0.0680570889551476,data/precomputed/fig04/official50_phase_model_metrics.csv,,,3MIDD_048,,,
flow/0000/037,,A_min,-0.0236499839656861,data/precomputed/fig04/official50_phase_model_metrics.csv,,,3MIDD_048,,,
flow/0000/038,,A_min,-0.006439656609342,data/precomputed/fig04/official50_phase_model_metrics.csv,,,3MIDD_048,,,
flow/0000/039,,A_min,0.0011678664542188,data/precomputed/fig04/official50_phase_model_metrics.csv,,,3MIDD_048,,,
flow/0000/040,,A_min,-0.011714407262876,data/precomputed/fig04/official50_phase_model_metrics.csv,,,3MIDD_048,,,
flow/0000/041,,A_min,0.003501003706716,data/precomputed/fig04/official50_phase_model_metrics.csv,,,3MIDD_048,,,
flow/0000/042,,A_min,-0.0097403561254095,data/precomputed/fig04/official50_phase_model_metrics.csv,,,3MIDD_048,,,
flow/0000/043,,A_min,-0.0021064556954322,data/precomputed/fig04/official50_phase_model_metrics.csv,,,3MIDD_048,,,
flow/0000/044,,A_min,-0.0115835694344279,data/precomputed/fig04/official50_phase_model_metrics.csv,,,3MIDD_048,,,
flow/0000/045,,A_min,-0.0007971459772573,data/precomputed/fig04/official50_phase_model_metrics.csv,,,3MIDD_048,,,
flow/0000/046,,A_min,-0.003739057746665,data/precomputed/fig04/official50_phase_model_metrics.csv,,,3MIDD_048,,,
flow/0000/047,,A_min,-0.0101551179353776,data/precomputed/fig04/official50_phase_model_metrics.csv,,,3MIDD_048,,,
flow/0000/048,,A_min,-0.0071115467503631,data/precomputed/fig04/official50_phase_model_metrics.csv,,,3MIDD_048,,,
flow/0000/049,,A_min,-0.0008856082069751,data/precomputed/fig04/official50_phase_model_metrics.csv,,,3MIDD_048,,,
flow/0000/000,,A_max,0.0127324241586588,data/precomputed/fig04/official50_phase_model_metrics.csv,,,3MIDD_048,,,
flow/0000/001,,A_max,0.0021170593974997,data/precomputed/fig04/official50_phase_model_metrics.csv,,,3MIDD_048,,,
flow/0000/002,,A_max,0.004666639527376,data/precomputed/fig04/official50_phase_model_metrics.csv,,,3MIDD_048,,,
flow/0000/003,,A_max,-0.0043884110871274,data/precomputed/fig04/official50_phase_model_metrics.csv,,,3MIDD_048,,,
flow/0000/004,,A_max,0.0226866243362547,data/precomputed/fig04/official50_phase_model_metrics.csv,,,3MIDD_048,,,
flow/0000/005,,A_max,0.0268180918640558,data/precomputed/fig04/official50_phase_model_metrics.csv,,,3MIDD_048,,,
flow/0000/006,,A_max,-0.0046007756573525,data/precomputed/fig04/official50_phase_model_metrics.csv,,,3MIDD_048,,,
flow/0000/007,,A_max,0.0153695763581222,data/precomputed/fig04/official50_phase_model_metrics.csv,,,3MIDD_048,,,
flow/0000/008,,A_max,0.0025251003407713,data/precomputed/fig04/official50_phase_model_metrics.csv,,,3MIDD_048,,,
flow/0000/009,,A_max,0.0238132621562003,data/precomputed/fig04/official50_phase_model_metrics.csv,,,3MIDD_048,,,
flow/0000/010,,A_max,0.0125383430258136,data/precomputed/fig04/official50_phase_model_metrics.csv,,,3MIDD_048,,,
flow/0000/011,,A_max,0.0002274844902658,data/precomputed/fig04/official50_phase_model_metrics.csv,,,3MIDD_048,,,
flow/0000/012,,A_max,-0.0057502831154188,data/precomputed/fig04/official50_phase_model_metrics.csv,,,3MIDD_048,,,
flow/0000/013,,A_max,0.0017704507145695,data/precomputed/fig04/official50_phase_model_metrics.csv,,,3MIDD_048,,,
flow/0000/014,,A_max,-0.0031275885150367,data/precomputed/fig04/official50_phase_model_metrics.csv,,,3MIDD_048,,,
flow/0000/015,,A_max,-0.0039039245939774,data/precomputed/fig04/official50_phase_model_metrics.csv,,,3MIDD_048,,,
flow/0000/016,,A_max,0.0339801533543241,data/precomputed/fig04/official50_phase_model_metrics.csv,,,3MIDD_048,,,
flow/0000/017,,A_max,-0.0144727449487396,data/precomputed/fig04/official50_phase_model_metrics.csv,,,3MIDD_048,,,
flow/0000/018,,A_max,0.0034639609348687,data/precomputed/fig04/official50_phase_model_metrics.csv,,,3MIDD_048,,,
flow/0000/019,,A_max,0.0126577729670644,data/precomputed/fig04/official50_phase_model_metrics.csv,,,3MIDD_048,,,
flow/0000/020,,A_max,0.0015369966360868,data/precomputed/fig04/official50_phase_model_metrics.csv,,,3MIDD_048,,,
flow/0000/021,,A_max,0.0206404524591595,data/precomputed/fig04/official50_phase_model_metrics.csv,,,3MIDD_048,,,
flow/0000/022,,A_max,0.010200022539609,data/precomputed/fig04/official50_phase_model_metrics.csv,,,3MIDD_048,,,
flow/0000/023,,A_max,0.002869237832382,data/precomputed/fig04/official50_phase_model_metrics.csv,,,3MIDD_048,,,
flow/0000/024,,A_max,-0.018275476098233,data/precomputed/fig04/official50_phase_model_metrics.csv,,,3MIDD_048,,,
flow/0000/025,,A_max,0.0208326688628668,data/precomputed/fig04/official50_phase_model_metrics.csv,,,3MIDD_048,,,
flow/0000/026,,A_max,0.0181033774278682,data/precomputed/fig04/official50_phase_model_metrics.csv,,,3MIDD_048,,,
flow/0000/027,,A_max,-0.0010095654466613,data/precomputed/fig04/official50_phase_model_metrics.csv,,,3MIDD_048,,,
flow/0000/028,,A_max,0.0037605082397949,data/precomputed/fig04/official50_phase_model_metrics.csv,,,3MIDD_048,,,
flow/0000/029,,A_max,-0.0069554312833386,data/precomputed/fig04/official50_phase_model_metrics.csv,,,3MIDD_048,,,
flow/0000/030,,A_max,-0.0133492583965381,data/precomputed/fig04/official50_phase_model_metrics.csv,,,3MIDD_048,,,
flow/0000/031,,A_max,0.0131121167582012,data/precomputed/fig04/official50_phase_model_metrics.csv,,,3MIDD_048,,,
flow/0000/032,,A_max,0.0194356029525872,data/precomputed/fig04/official50_phase_model_metrics.csv,,,3MIDD_048,,,
flow/0000/033,,A_max,0.005194028721721,data/precomputed/fig04/official50_phase_model_metrics.csv,,,3MIDD_048,,,
flow/0000/034,,A_max,0.0072997261211084,data/precomputed/fig04/official50_phase_model_metrics.csv,,,3MIDD_048,,,
flow/0000/035,,A_max,0.0010464686106313,data/precomputed/fig04/official50_phase_model_metrics.csv,,,3MIDD_048,,,
flow/0000/036,,A_max,-0.0465722773778317,data/precomputed/fig04/official50_phase_model_metrics.csv,,,3MIDD_048,,,
flow/0000/037,,A_max,-0.0008983938518003,data/precomputed/fig04/official50_phase_model_metrics.csv,,,3MIDD_048,,,
flow/0000/038,,A_max,0.0101216712911519,data/precomputed/fig04/official50_phase_model_metrics.csv,,,3MIDD_048,,,
flow/0000/039,,A_max,0.0224163162341521,data/precomputed/fig04/official50_phase_model_metrics.csv,,,3MIDD_048,,,
flow/0000/040,,A_max,0.0029778449646337,data/precomputed/fig04/official50_phase_model_metrics.csv,,,3MIDD_048,,,
flow/0000/041,,A_max,0.0259098479808151,data/precomputed/fig04/official50_phase_model_metrics.csv,,,3MIDD_048,,,
flow/0000/042,,A_max,0.0067433701922036,data/precomputed/fig04/official50_phase_model_metrics.csv,,,3MIDD_048,,,
flow/0000/043,,A_max,0.0023992779710259,data/precomputed/fig04/official50_phase_model_metrics.csv,,,3MIDD_048,,,
flow/0000/044,,A_max,0.0019305659063317,data/precomputed/fig04/official50_phase_model_metrics.csv,,,3MIDD_048,,,
flow/0000/045,,A_max,0.0100983342707645,data/precomputed/fig04/official50_phase_model_metrics.csv,,,3MIDD_048,,,
flow/0000/046,,A_max,0.0040765701649279,data/precomputed/fig04/official50_phase_model_metrics.csv,,,3MIDD_048,,,
flow/0000/047,,A_max,0.0001577869080671,data/precomputed/fig04/official50_phase_model_metrics.csv,,,3MIDD_048,,,
flow/0000/048,,A_max,-0.0006326415376324,data/precomputed/fig04/official50_phase_model_metrics.csv,,,3MIDD_048,,,
flow/0000/049,,A_max,0.0007052327580624,data/precomputed/fig04/official50_phase_model_metrics.csv,,,3MIDD_048,,,
flow/0000/000,,A_mean_absolute,0.0054076664843722,data/precomputed/fig04/official50_phase_model_metrics.csv,,,3MIDD_048,,,
flow/0000/001,,A_mean_absolute,0.0016641270448504,data/precomputed/fig04/official50_phase_model_metrics.csv,,,3MIDD_048,,,
flow/0000/002,,A_mean_absolute,0.0052349951564491,data/precomputed/fig04/official50_phase_model_metrics.csv,,,3MIDD_048,,,
flow/0000/003,,A_mean_absolute,0.0165615363904262,data/precomputed/fig04/official50_phase_model_metrics.csv,,,3MIDD_048,,,
flow/0000/004,,A_mean_absolute,0.0115924274187259,data/precomputed/fig04/official50_phase_model_metrics.csv,,,3MIDD_048,,,
flow/0000/005,,A_mean_absolute,0.013229075880612,data/precomputed/fig04/official50_phase_model_metrics.csv,,,3MIDD_048,,,
flow/0000/006,,A_mean_absolute,0.0139089902334316,data/precomputed/fig04/official50_phase_model_metrics.csv,,,3MIDD_048,,,
flow/0000/007,,A_mean_absolute,0.0091930620975307,data/precomputed/fig04/official50_phase_model_metrics.csv,,,3MIDD_048,,,
flow/0000/008,,A_mean_absolute,0.0109272879050285,data/precomputed/fig04/official50_phase_model_metrics.csv,,,3MIDD_048,,,
flow/0000/009,,A_mean_absolute,0.013078524242309,data/precomputed/fig04/official50_phase_model_metrics.csv,,,3MIDD_048,,,
flow/0000/010,,A_mean_absolute,0.0052515572220413,data/precomputed/fig04/official50_phase_model_metrics.csv,,,3MIDD_048,,,
flow/0000/011,,A_mean_absolute,0.0038433308041668,data/precomputed/fig04/official50_phase_model_metrics.csv,,,3MIDD_048,,,
flow/0000/012,,A_mean_absolute,0.016644504063135,data/precomputed/fig04/official50_phase_model_metrics.csv,,,3MIDD_048,,,
flow/0000/013,,A_mean_absolute,0.0034991793945865,data/precomputed/fig04/official50_phase_model_metrics.csv,,,3MIDD_048,,,
flow/0000/014,,A_mean_absolute,0.0176216145533379,data/precomputed/fig04/official50_phase_model_metrics.csv,,,3MIDD_048,,,
flow/0000/015,,A_mean_absolute,0.0068517962930046,data/precomputed/fig04/official50_phase_model_metrics.csv,,,3MIDD_048,,,
flow/0000/016,,A_mean_absolute,0.0182350709912718,data/precomputed/fig04/official50_phase_model_metrics.csv,,,3MIDD_048,,,
flow/0000/017,,A_mean_absolute,0.0252300597128425,data/precomputed/fig04/official50_phase_model_metrics.csv,,,3MIDD_048,,,
flow/0000/018,,A_mean_absolute,0.0048333204192038,data/precomputed/fig04/official50_phase_model_metrics.csv,,,3MIDD_048,,,
flow/0000/019,,A_mean_absolute,0.0050849086015161,data/precomputed/fig04/official50_phase_model_metrics.csv,,,3MIDD_048,,,
flow/0000/020,,A_mean_absolute,0.0022928053341642,data/precomputed/fig04/official50_phase_model_metrics.csv,,,3MIDD_048,,,
flow/0000/021,,A_mean_absolute,0.0112191977973016,data/precomputed/fig04/official50_phase_model_metrics.csv,,,3MIDD_048,,,
flow/0000/022,,A_mean_absolute,0.0061600112241447,data/precomputed/fig04/official50_phase_model_metrics.csv,,,3MIDD_048,,,
flow/0000/023,,A_mean_absolute,0.0028463353687577,data/precomputed/fig04/official50_phase_model_metrics.csv,,,3MIDD_048,,,
flow/0000/024,,A_mean_absolute,0.0236601078580058,data/precomputed/fig04/official50_phase_model_metrics.csv,,,3MIDD_048,,,
flow/0000/025,,A_mean_absolute,0.0129594724366199,data/precomputed/fig04/official50_phase_model_metrics.csv,,,3MIDD_048,,,
flow/0000/026,,A_mean_absolute,0.0068647350711669,data/precomputed/fig04/official50_phase_model_metrics.csv,,,3MIDD_048,,,
flow/0000/027,,A_mean_absolute,0.0245319500460177,data/precomputed/fig04/official50_phase_model_metrics.csv,,,3MIDD_048,,,
flow/0000/028,,A_mean_absolute,0.0026232569075374,data/precomputed/fig04/official50_phase_model_metrics.csv,,,3MIDD_048,,,
flow/0000/029,,A_mean_absolute,0.014688897383985,data/precomputed/fig04/official50_phase_model_metrics.csv,,,3MIDD_048,,,
flow/0000/030,,A_mean_absolute,0.020056696211966,data/precomputed/fig04/official50_phase_model_metrics.csv,,,3MIDD_048,,,
flow/0000/031,,A_mean_absolute,0.008483328335942,data/precomputed/fig04/official50_phase_model_metrics.csv,,,3MIDD_048,,,
flow/0000/032,,A_mean_absolute,0.008736704002167,data/precomputed/fig04/official50_phase_model_metrics.csv,,,3MIDD_048,,,
flow/0000/033,,A_mean_absolute,0.0032590164484066,data/precomputed/fig04/official50_phase_model_metrics.csv,,,3MIDD_048,,,
flow/0000/034,,A_mean_absolute,0.0063353133684629,data/precomputed/fig04/official50_phase_model_metrics.csv,,,3MIDD_048,,,
flow/0000/035,,A_mean_absolute,0.0103990952929868,data/precomputed/fig04/official50_phase_model_metrics.csv,,,3MIDD_048,,,
flow/0000/036,,A_mean_absolute,0.0584089960471861,data/precomputed/fig04/official50_phase_model_metrics.csv,,,3MIDD_048,,,
flow/0000/037,,A_mean_absolute,0.0119856516720637,data/precomputed/fig04/official50_phase_model_metrics.csv,,,3MIDD_048,,,
flow/0000/038,,A_mean_absolute,0.0053356387691169,data/precomputed/fig04/official50_phase_model_metrics.csv,,,3MIDD_048,,,
flow/0000/039,,A_mean_absolute,0.0116188816492296,data/precomputed/fig04/official50_phase_model_metrics.csv,,,3MIDD_048,,,
flow/0000/040,,A_mean_absolute,0.0061677927863,data/precomputed/fig04/official50_phase_model_metrics.csv,,,3MIDD_048,,,
flow/0000/041,,A_mean_absolute,0.0173257729084466,data/precomputed/fig04/official50_phase_model_metrics.csv,,,3MIDD_048,,,
flow/0000/042,,A_mean_absolute,0.0030920477198767,data/precomputed/fig04/official50_phase_model_metrics.csv,,,3MIDD_048,,,
flow/0000/043,,A_mean_absolute,0.0010309704813075,data/precomputed/fig04/official50_phase_model_metrics.csv,,,3MIDD_048,,,
flow/0000/044,,A_mean_absolute,0.0038286924616865,data/precomputed/fig04/official50_phase_model_metrics.csv,,,3MIDD_048,,,
flow/0000/045,,A_mean_absolute,0.0047543631059251,data/precomputed/fig04/official50_phase_model_metrics.csv,,,3MIDD_048,,,
flow/0000/046,,A_mean_absolute,0.0015608312578739,data/precomputed/fig04/official50_phase_model_metrics.csv,,,3MIDD_048,,,
flow/0000/047,,A_mean_absolute,0.0037535898089025,data/precomputed/fig04/official50_phase_model_metrics.csv,,,3MIDD_048,,,
flow/0000/048,,A_mean_absolute,0.0030770208607861,data/precomputed/fig04/official50_phase_model_metrics.csv,,,3MIDD_048,,,
flow/0000/049,,A_mean_absolute,0.0004056626935814,data/precomputed/fig04/official50_phase_model_metrics.csv,,,3MIDD_048,,,
flow/0000/000,,mean_G,0.193018121660578,data/precomputed/fig04/official50_phase_model_metrics.csv,,,3MIDD_048,,,
flow/0000/001,,mean_G,0.1531372780915659,data/precomputed/fig04/official50_phase_model_metrics.csv,,,3MIDD_048,,,
flow/0000/002,,mean_G,0.1256037252343717,data/precomputed/fig04/official50_phase_model_metrics.csv,,,3MIDD_048,,,
flow/0000/003,,mean_G,0.1145418963982301,data/precomputed/fig04/official50_phase_model_metrics.csv,,,3MIDD_048,,,
flow/0000/004,,mean_G,0.2396548725125868,data/precomputed/fig04/official50_phase_model_metrics.csv,,,3MIDD_048,,,
flow/0000/005,,mean_G,0.1328097722773822,data/precomputed/fig04/official50_phase_model_metrics.csv,,,3MIDD_048,,,
flow/0000/006,,mean_G,0.1304494961024165,data/precomputed/fig04/official50_phase_model_metrics.csv,,,3MIDD_048,,,
flow/0000/007,,mean_G,0.2162879852988541,data/precomputed/fig04/official50_phase_model_metrics.csv,,,3MIDD_048,,,
flow/0000/008,,mean_G,0.1666073475877789,data/precomputed/fig04/official50_phase_model_metrics.csv,,,3MIDD_048,,,
flow/0000/009,,mean_G,0.2060967629623692,data/precomputed/fig04/official50_phase_model_metrics.csv,,,3MIDD_048,,,
flow/0000/010,,mean_G,0.1607585407364837,data/precomputed/fig04/official50_phase_model_metrics.csv,,,3MIDD_048,,,
flow/0000/011,,mean_G,0.2484675937023676,data/precomputed/fig04/official50_phase_model_metrics.csv,,,3MIDD_048,,,
flow/0000/012,,mean_G,0.2837826262553234,data/precomputed/fig04/official50_phase_model_metrics.csv,,,3MIDD_048,,,
flow/0000/013,,mean_G,0.0919277790096538,data/precomputed/fig04/official50_phase_model_metrics.csv,,,3MIDD_048,,,
flow/0000/014,,mean_G,0.2161385967259993,data/precomputed/fig04/official50_phase_model_metrics.csv,,,3MIDD_048,,,
flow/0000/015,,mean_G,0.1387010254051479,data/precomputed/fig04/official50_phase_model_metrics.csv,,,3MIDD_048,,,
flow/0000/016,,mean_G,0.2518164120457962,data/precomputed/fig04/official50_phase_model_metrics.csv,,,3MIDD_048,,,
flow/0000/017,,mean_G,0.2773376534203179,data/precomputed/fig04/official50_phase_model_metrics.csv,,,3MIDD_048,,,
flow/0000/018,,mean_G,0.1241129204333314,data/precomputed/fig04/official50_phase_model_metrics.csv,,,3MIDD_048,,,
flow/0000/019,,mean_G,0.277827191997159,data/precomputed/fig04/official50_phase_model_metrics.csv,,,3MIDD_048,,,
flow/0000/020,,mean_G,0.0812718467563325,data/precomputed/fig04/official50_phase_model_metrics.csv,,,3MIDD_048,,,
flow/0000/021,,mean_G,0.4892504117940616,data/precomputed/fig04/official50_phase_model_metrics.csv,,,3MIDD_048,,,
flow/0000/022,,mean_G,0.0884656769662924,data/precomputed/fig04/official50_phase_model_metrics.csv,,,3MIDD_048,,,
flow/0000/023,,mean_G,0.2068521006374752,data/precomputed/fig04/official50_phase_model_metrics.csv,,,3MIDD_048,,,
flow/0000/024,,mean_G,0.1078300965169658,data/precomputed/fig04/official50_phase_model_metrics.csv,,,3MIDD_048,,,
flow/0000/025,,mean_G,0.2574862011062021,data/precomputed/fig04/official50_phase_model_metrics.csv,,,3MIDD_048,,,
flow/0000/026,,mean_G,0.1296662479488076,data/precomputed/fig04/official50_phase_model_metrics.csv,,,3MIDD_048,,,
flow/0000/027,,mean_G,0.3204934428087369,data/precomputed/fig04/official50_phase_model_metrics.csv,,,3MIDD_048,,,
flow/0000/028,,mean_G,0.1679004243415092,data/precomputed/fig04/official50_phase_model_metrics.csv,,,3MIDD_048,,,
flow/0000/029,,mean_G,0.4119538845173928,data/precomputed/fig04/official50_phase_model_metrics.csv,,,3MIDD_048,,,
flow/0000/030,,mean_G,0.1961732798267451,data/precomputed/fig04/official50_phase_model_metrics.csv,,,3MIDD_048,,,
flow/0000/031,,mean_G,0.2945782019135634,data/precomputed/fig04/official50_phase_model_metrics.csv,,,3MIDD_048,,,
flow/0000/032,,mean_G,0.4699173802177833,data/precomputed/fig04/official50_phase_model_metrics.csv,,,3MIDD_048,,,
flow/0000/033,,mean_G,0.1242045120700822,data/precomputed/fig04/official50_phase_model_metrics.csv,,,3MIDD_048,,,
flow/0000/034,,mean_G,0.1908597171166099,data/precomputed/fig04/official50_phase_model_metrics.csv,,,3MIDD_048,,,
flow/0000/035,,mean_G,0.3798534558851128,data/precomputed/fig04/official50_phase_model_metrics.csv,,,3MIDD_048,,,
flow/0000/036,,mean_G,0.4456702386092087,data/precomputed/fig04/official50_phase_model_metrics.csv,,,3MIDD_048,,,
flow/0000/037,,mean_G,0.2289181658386814,data/precomputed/fig04/official50_phase_model_metrics.csv,,,3MIDD_048,,,
flow/0000/038,,mean_G,0.2316681150786027,data/precomputed/fig04/official50_phase_model_metrics.csv,,,3MIDD_048,,,
flow/0000/039,,mean_G,0.0664675057735858,data/precomputed/fig04/official50_phase_model_metrics.csv,,,3MIDD_048,,,
flow/0000/040,,mean_G,0.273314420071908,data/precomputed/fig04/official50_phase_model_metrics.csv,,,3MIDD_048,,,
flow/0000/041,,mean_G,0.2580932340540406,data/precomputed/fig04/official50_phase_model_metrics.csv,,,3MIDD_048,,,
flow/0000/042,,mean_G,0.1543516628772017,data/precomputed/fig04/official50_phase_model_metrics.csv,,,3MIDD_048,,,
flow/0000/043,,mean_G,0.1473182485492474,data/precomputed/fig04/official50_phase_model_metrics.csv,,,3MIDD_048,,,
flow/0000/044,,mean_G,0.2759391136129092,data/precomputed/fig04/official50_phase_model_metrics.csv,,,3MIDD_048,,,
flow/0000/045,,mean_G,0.2564642412277494,data/precomputed/fig04/official50_phase_model_metrics.csv,,,3MIDD_048,,,
flow/0000/046,,mean_G,0.2271558977376304,data/precomputed/fig04/official50_phase_model_metrics.csv,,,3MIDD_048,,,
flow/0000/047,,mean_G,0.1044663761288214,data/precomputed/fig04/official50_phase_model_metrics.csv,,,3MIDD_048,,,
flow/0000/048,,mean_G,0.1984126114992059,data/precomputed/fig04/official50_phase_model_metrics.csv,,,3MIDD_048,,,
flow/0000/049,,mean_G,0.1841322108814951,data/precomputed/fig04/official50_phase_model_metrics.csv,,,3MIDD_048,,,
flow/0000/000,,normalized_SD,0.0242426891027111,data/precomputed/fig04/official50_phase_model_metrics.csv,,,3MIDD_048,,,
flow/0000/001,,normalized_SD,0.0119917574513185,data/precomputed/fig04/official50_phase_model_metrics.csv,,,3MIDD_048,,,
flow/0000/002,,normalized_SD,0.0468877122266322,data/precomputed/fig04/official50_phase_model_metrics.csv,,,3MIDD_048,,,
flow/0000/003,,normalized_SD,0.0636545448084993,data/precomputed/fig04/official50_phase_model_metrics.csv,,,3MIDD_048,,,
flow/0000/004,,normalized_SD,0.0462766220195551,data/precomputed/fig04/official50_phase_model_metrics.csv,,,3MIDD_048,,,
flow/0000/005,,normalized_SD,0.0863494797075743,data/precomputed/fig04/official50_phase_model_metrics.csv,,,3MIDD_048,,,
flow/0000/006,,normalized_SD,0.0527993305351949,data/precomputed/fig04/official50_phase_model_metrics.csv,,,3MIDD_048,,,
flow/0000/007,,normalized_SD,0.0317624098700209,data/precomputed/fig04/official50_phase_model_metrics.csv,,,3MIDD_048,,,
flow/0000/008,,normalized_SD,0.0378621044623183,data/precomputed/fig04/official50_phase_model_metrics.csv,,,3MIDD_048,,,
flow/0000/009,,normalized_SD,0.058604723280721,data/precomputed/fig04/official50_phase_model_metrics.csv,,,3MIDD_048,,,
flow/0000/010,,normalized_SD,0.035663628679551,data/precomputed/fig04/official50_phase_model_metrics.csv,,,3MIDD_048,,,
flow/0000/011,,normalized_SD,0.0150869631913686,data/precomputed/fig04/official50_phase_model_metrics.csv,,,3MIDD_048,,,
flow/0000/012,,normalized_SD,0.0225391495022346,data/precomputed/fig04/official50_phase_model_metrics.csv,,,3MIDD_048,,,
flow/0000/013,,normalized_SD,0.042825633772102,data/precomputed/fig04/official50_phase_model_metrics.csv,,,3MIDD_048,,,
flow/0000/014,,normalized_SD,0.030628657956456,data/precomputed/fig04/official50_phase_model_metrics.csv,,,3MIDD_048,,,
flow/0000/015,,normalized_SD,0.0150247521296138,data/precomputed/fig04/official50_phase_model_metrics.csv,,,3MIDD_048,,,
flow/0000/016,,normalized_SD,0.0575219664703822,data/precomputed/fig04/official50_phase_model_metrics.csv,,,3MIDD_048,,,
flow/0000/017,,normalized_SD,0.0310561510147599,data/precomputed/fig04/official50_phase_model_metrics.csv,,,3MIDD_048,,,
flow/0000/018,,normalized_SD,0.0417459124363029,data/precomputed/fig04/official50_phase_model_metrics.csv,,,3MIDD_048,,,
flow/0000/019,,normalized_SD,0.0252976206666787,data/precomputed/fig04/official50_phase_model_metrics.csv,,,3MIDD_048,,,
flow/0000/020,,normalized_SD,0.027448971218354,data/precomputed/fig04/official50_phase_model_metrics.csv,,,3MIDD_048,,,
flow/0000/021,,normalized_SD,0.0284686853183653,data/precomputed/fig04/official50_phase_model_metrics.csv,,,3MIDD_048,,,
flow/0000/022,,normalized_SD,0.068418741635193,data/precomputed/fig04/official50_phase_model_metrics.csv,,,3MIDD_048,,,
flow/0000/023,,normalized_SD,0.0144171809000778,data/precomputed/fig04/official50_phase_model_metrics.csv,,,3MIDD_048,,,
flow/0000/024,,normalized_SD,0.0374578214012279,data/precomputed/fig04/official50_phase_model_metrics.csv,,,3MIDD_048,,,
flow/0000/025,,normalized_SD,0.0210728521033393,data/precomputed/fig04/official50_phase_model_metrics.csv,,,3MIDD_048,,,
flow/0000/026,,normalized_SD,0.0509062869417979,data/precomputed/fig04/official50_phase_model_metrics.csv,,,3MIDD_048,,,
flow/0000/027,,normalized_SD,0.0572047577989913,data/precomputed/fig04/official50_phase_model_metrics.csv,,,3MIDD_048,,,
flow/0000/028,,normalized_SD,0.0181294886562593,data/precomputed/fig04/official50_phase_model_metrics.csv,,,3MIDD_048,,,
flow/0000/029,,normalized_SD,0.0109448933396581,data/precomputed/fig04/official50_phase_model_metrics.csv,,,3MIDD_048,,,
flow/0000/030,,normalized_SD,0.022643070381179,data/precomputed/fig04/official50_phase_model_metrics.csv,,,3MIDD_048,,,
flow/0000/031,,normalized_SD,0.0317195396173906,data/precomputed/fig04/official50_phase_model_metrics.csv,,,3MIDD_048,,,
flow/0000/032,,normalized_SD,0.0206936525565039,data/precomputed/fig04/official50_phase_model_metrics.csv,,,3MIDD_048,,,
flow/0000/033,,normalized_SD,0.0247188225909054,data/precomputed/fig04/official50_phase_model_metrics.csv,,,3MIDD_048,,,
flow/0000/034,,normalized_SD,0.0368398382160528,data/precomputed/fig04/official50_phase_model_metrics.csv,,,3MIDD_048,,,
flow/0000/035,,normalized_SD,0.0185902126619344,data/precomputed/fig04/official50_phase_model_metrics.csv,,,3MIDD_048,,,
flow/0000/036,,normalized_SD,0.0136941979365627,data/precomputed/fig04/official50_phase_model_metrics.csv,,,3MIDD_048,,,
flow/0000/037,,normalized_SD,0.0323256813143073,data/precomputed/fig04/official50_phase_model_metrics.csv,,,3MIDD_048,,,
flow/0000/038,,normalized_SD,0.0243593081336741,data/precomputed/fig04/official50_phase_model_metrics.csv,,,3MIDD_048,,,
flow/0000/039,,normalized_SD,0.1015922986496824,data/precomputed/fig04/official50_phase_model_metrics.csv,,,3MIDD_048,,,
flow/0000/040,,normalized_SD,0.0161850913544711,data/precomputed/fig04/official50_phase_model_metrics.csv,,,3MIDD_048,,,
flow/0000/041,,normalized_SD,0.0293497353121347,data/precomputed/fig04/official50_phase_model_metrics.csv,,,3MIDD_048,,,
flow/0000/042,,normalized_SD,0.0268084460212673,data/precomputed/fig04/official50_phase_model_metrics.csv,,,3MIDD_048,,,
flow/0000/043,,normalized_SD,0.00910684202115,data/precomputed/fig04/official50_phase_model_metrics.csv,,,3MIDD_048,,,
flow/0000/044,,normalized_SD,0.0153061051805928,data/precomputed/fig04/official50_phase_model_metrics.csv,,,3MIDD_048,,,
flow/0000/045,,normalized_SD,0.012083870367236,data/precomputed/fig04/official50_phase_model_metrics.csv,,,3MIDD_048,,,
flow/0000/046,,normalized_SD,0.0088162002561213,data/precomputed/fig04/official50_phase_model_metrics.csv,,,3MIDD_048,,,
flow/0000/047,,normalized_SD,0.0272482639726017,data/precomputed/fig04/official50_phase_model_metrics.csv,,,3MIDD_048,,,
flow/0000/048,,normalized_SD,0.0117796138826906,data/precomputed/fig04/official50_phase_model_metrics.csv,,,3MIDD_048,,,
flow/0000/049,,normalized_SD,0.0027972540664148,data/precomputed/fig04/official50_phase_model_metrics.csv,,,3MIDD_048,,,
flow/0000/000,,normalized_range,0.0756121758978161,data/precomputed/fig04/official50_phase_model_metrics.csv,,,3MIDD_048,,,
flow/0000/001,,normalized_range,0.0391505514873944,data/precomputed/fig04/official50_phase_model_metrics.csv,,,3MIDD_048,,,
flow/0000/002,,normalized_range,0.1601700091457309,data/precomputed/fig04/official50_phase_model_metrics.csv,,,3MIDD_048,,,
flow/0000/003,,normalized_range,0.226088955347841,data/precomputed/fig04/official50_phase_model_metrics.csv,,,3MIDD_048,,,
flow/0000/004,,normalized_range,0.1345919916280329,data/precomputed/fig04/official50_phase_model_metrics.csv,,,3MIDD_048,,,
flow/0000/005,,normalized_range,0.2603282898381826,data/precomputed/fig04/official50_phase_model_metrics.csv,,,3MIDD_048,,,
flow/0000/006,,normalized_range,0.167162692054828,data/precomputed/fig04/official50_phase_model_metrics.csv,,,3MIDD_048,,,
flow/0000/007,,normalized_range,0.0785229630175672,data/precomputed/fig04/official50_phase_model_metrics.csv,,,3MIDD_048,,,
flow/0000/008,,normalized_range,0.1438328038173434,data/precomputed/fig04/official50_phase_model_metrics.csv,,,3MIDD_048,,,
flow/0000/009,,normalized_range,0.1577186061538086,data/precomputed/fig04/official50_phase_model_metrics.csv,,,3MIDD_048,,,
flow/0000/010,,normalized_range,0.1232921469321259,data/precomputed/fig04/official50_phase_model_metrics.csv,,,3MIDD_048,,,
flow/0000/011,,normalized_range,0.051722839817988,data/precomputed/fig04/official50_phase_model_metrics.csv,,,3MIDD_048,,,
flow/0000/012,,normalized_range,0.0688618309216308,data/precomputed/fig04/official50_phase_model_metrics.csv,,,3MIDD_048,,,
flow/0000/013,,normalized_range,0.1311912161333541,data/precomputed/fig04/official50_phase_model_metrics.csv,,,3MIDD_048,,,
flow/0000/014,,normalized_range,0.111246523553241,data/precomputed/fig04/official50_phase_model_metrics.csv,,,3MIDD_048,,,
flow/0000/015,,normalized_range,0.057312863025668,data/precomputed/fig04/official50_phase_model_metrics.csv,,,3MIDD_048,,,
flow/0000/016,,normalized_range,0.1660813802467297,data/precomputed/fig04/official50_phase_model_metrics.csv,,,3MIDD_048,,,
flow/0000/017,,normalized_range,0.0845793393706044,data/precomputed/fig04/official50_phase_model_metrics.csv,,,3MIDD_048,,,
flow/0000/018,,normalized_range,0.1314980967813893,data/precomputed/fig04/official50_phase_model_metrics.csv,,,3MIDD_048,,,
flow/0000/019,,normalized_range,0.0945589064561588,data/precomputed/fig04/official50_phase_model_metrics.csv,,,3MIDD_048,,,
flow/0000/020,,normalized_range,0.081062100360156,data/precomputed/fig04/official50_phase_model_metrics.csv,,,3MIDD_048,,,
flow/0000/021,,normalized_range,0.084955082432937,data/precomputed/fig04/official50_phase_model_metrics.csv,,,3MIDD_048,,,
flow/0000/022,,normalized_range,0.1930625108402897,data/precomputed/fig04/official50_phase_model_metrics.csv,,,3MIDD_048,,,
flow/0000/023,,normalized_range,0.0503494597596998,data/precomputed/fig04/official50_phase_model_metrics.csv,,,3MIDD_048,,,
flow/0000/024,,normalized_range,0.1192442221248853,data/precomputed/fig04/official50_phase_model_metrics.csv,,,3MIDD_048,,,
flow/0000/025,,normalized_range,0.0584426556614017,data/precomputed/fig04/official50_phase_model_metrics.csv,,,3MIDD_048,,,
flow/0000/026,,normalized_range,0.1654893864573361,data/precomputed/fig04/official50_phase_model_metrics.csv,,,3MIDD_048,,,
flow/0000/027,,normalized_range,0.1583284292041453,data/precomputed/fig04/official50_phase_model_metrics.csv,,,3MIDD_048,,,
flow/0000/028,,normalized_range,0.0633331822261642,data/precomputed/fig04/official50_phase_model_metrics.csv,,,3MIDD_048,,,
flow/0000/029,,normalized_range,0.0409534895820541,data/precomputed/fig04/official50_phase_model_metrics.csv,,,3MIDD_048,,,
flow/0000/030,,normalized_range,0.0821068434102014,data/precomputed/fig04/official50_phase_model_metrics.csv,,,3MIDD_048,,,
flow/0000/031,,normalized_range,0.0926123674167805,data/precomputed/fig04/official50_phase_model_metrics.csv,,,3MIDD_048,,,
flow/0000/032,,normalized_range,0.0718162933007818,data/precomputed/fig04/official50_phase_model_metrics.csv,,,3MIDD_048,,,
flow/0000/033,,normalized_range,0.0868599288769639,data/precomputed/fig04/official50_phase_model_metrics.csv,,,3MIDD_048,,,
flow/0000/034,,normalized_range,0.110730885817522,data/precomputed/fig04/official50_phase_model_metrics.csv,,,3MIDD_048,,,
flow/0000/035,,normalized_range,0.0620409665443052,data/precomputed/fig04/official50_phase_model_metrics.csv,,,3MIDD_048,,,
flow/0000/036,,normalized_range,0.0482078669743865,data/precomputed/fig04/official50_phase_model_metrics.csv,,,3MIDD_048,,,
flow/0000/037,,normalized_range,0.099387438434741,data/precomputed/fig04/official50_phase_model_metrics.csv,,,3MIDD_048,,,
flow/0000/038,,normalized_range,0.0714872993846173,data/precomputed/fig04/official50_phase_model_metrics.csv,,,3MIDD_048,,,
flow/0000/039,,normalized_range,0.3196817682961315,data/precomputed/fig04/official50_phase_model_metrics.csv,,,3MIDD_048,,,
flow/0000/040,,normalized_range,0.0537558619250468,data/precomputed/fig04/official50_phase_model_metrics.csv,,,3MIDD_048,,,
flow/0000/041,,normalized_range,0.0868246095494585,data/precomputed/fig04/official50_phase_model_metrics.csv,,,3MIDD_048,,,
flow/0000/042,,normalized_range,0.1067933186487737,data/precomputed/fig04/official50_phase_model_metrics.csv,,,3MIDD_048,,,
flow/0000/043,,normalized_range,0.0305850341748525,data/precomputed/fig04/official50_phase_model_metrics.csv,,,3MIDD_048,,,
flow/0000/044,,normalized_range,0.0489750625194712,data/precomputed/fig04/official50_phase_model_metrics.csv,,,3MIDD_048,,,
flow/0000/045,,normalized_range,0.0424834284727683,data/precomputed/fig04/official50_phase_model_metrics.csv,,,3MIDD_048,,,
flow/0000/046,,normalized_range,0.034406449444778,data/precomputed/fig04/official50_phase_model_metrics.csv,,,3MIDD_048,,,
flow/0000/047,,normalized_range,0.0987198486786563,data/precomputed/fig04/official50_phase_model_metrics.csv,,,3MIDD_048,,,
flow/0000/048,,normalized_range,0.0326536965759189,data/precomputed/fig04/official50_phase_model_metrics.csv,,,3MIDD_048,,,
flow/0000/049,,normalized_range,0.0086396668862105,data/precomputed/fig04/official50_phase_model_metrics.csv,,,3MIDD_048,,,
flow/0000/000,,positive_phases,10.0,data/precomputed/fig04/official50_phase_model_metrics.csv,,,3MIDD_048,,,
flow/0000/001,,positive_phases,5.0,data/precomputed/fig04/official50_phase_model_metrics.csv,,,3MIDD_048,,,
flow/0000/002,,positive_phases,4.0,data/precomputed/fig04/official50_phase_model_metrics.csv,,,3MIDD_048,,,
flow/0000/003,,positive_phases,0.0,data/precomputed/fig04/official50_phase_model_metrics.csv,,,3MIDD_048,,,
flow/0000/004,,positive_phases,9.0,data/precomputed/fig04/official50_phase_model_metrics.csv,,,3MIDD_048,,,
flow/0000/005,,positive_phases,9.0,data/precomputed/fig04/official50_phase_model_metrics.csv,,,3MIDD_048,,,
flow/0000/006,,positive_phases,0.0,data/precomputed/fig04/official50_phase_model_metrics.csv,,,3MIDD_048,,,
flow/0000/007,,positive_phases,9.0,data/precomputed/fig04/official50_phase_model_metrics.csv,,,3MIDD_048,,,
flow/0000/008,,positive_phases,1.0,data/precomputed/fig04/official50_phase_model_metrics.csv,,,3MIDD_048,,,
flow/0000/009,,positive_phases,8.0,data/precomputed/fig04/official50_phase_model_metrics.csv,,,3MIDD_048,,,
flow/0000/010,,positive_phases,9.0,data/precomputed/fig04/official50_phase_model_metrics.csv,,,3MIDD_048,,,
flow/0000/011,,positive_phases,1.0,data/precomputed/fig04/official50_phase_model_metrics.csv,,,3MIDD_048,,,
flow/0000/012,,positive_phases,0.0,data/precomputed/fig04/official50_phase_model_metrics.csv,,,3MIDD_048,,,
flow/0000/013,,positive_phases,1.0,data/precomputed/fig04/official50_phase_model_metrics.csv,,,3MIDD_048,,,
flow/0000/014,,positive_phases,0.0,data/precomputed/fig04/official50_phase_model_metrics.csv,,,3MIDD_048,,,
flow/0000/015,,positive_phases,0.0,data/precomputed/fig04/official50_phase_model_metrics.csv,,,3MIDD_048,,,
flow/0000/016,,positive_phases,10.0,data/precomputed/fig04/official50_phase_model_metrics.csv,,,3MIDD_048,,,
flow/0000/017,,positive_phases,0.0,data/precomputed/fig04/official50_phase_model_metrics.csv,,,3MIDD_048,,,
flow/0000/018,,positive_phases,4.0,data/precomputed/fig04/official50_phase_model_metrics.csv,,,3MIDD_048,,,
flow/0000/019,,positive_phases,6.0,data/precomputed/fig04/official50_phase_model_metrics.csv,,,3MIDD_048,,,
flow/0000/020,,positive_phases,4.0,data/precomputed/fig04/official50_phase_model_metrics.csv,,,3MIDD_048,,,
flow/0000/021,,positive_phases,6.0,data/precomputed/fig04/official50_phase_model_metrics.csv,,,3MIDD_048,,,
flow/0000/022,,positive_phases,8.0,data/precomputed/fig04/official50_phase_model_metrics.csv,,,3MIDD_048,,,
flow/0000/023,,positive_phases,4.0,data/precomputed/fig04/official50_phase_model_metrics.csv,,,3MIDD_048,,,
flow/0000/024,,positive_phases,0.0,data/precomputed/fig04/official50_phase_model_metrics.csv,,,3MIDD_048,,,
flow/0000/025,,positive_phases,12.0,data/precomputed/fig04/official50_phase_model_metrics.csv,,,3MIDD_048,,,
flow/0000/026,,positive_phases,9.0,data/precomputed/fig04/official50_phase_model_metrics.csv,,,3MIDD_048,,,
flow/0000/027,,positive_phases,0.0,data/precomputed/fig04/official50_phase_model_metrics.csv,,,3MIDD_048,,,
flow/0000/028,,positive_phases,3.0,data/precomputed/fig04/official50_phase_model_metrics.csv,,,3MIDD_048,,,
flow/0000/029,,positive_phases,0.0,data/precomputed/fig04/official50_phase_model_metrics.csv,,,3MIDD_048,,,
flow/0000/030,,positive_phases,0.0,data/precomputed/fig04/official50_phase_model_metrics.csv,,,3MIDD_048,,,
flow/0000/031,,positive_phases,8.0,data/precomputed/fig04/official50_phase_model_metrics.csv,,,3MIDD_048,,,
flow/0000/032,,positive_phases,7.0,data/precomputed/fig04/official50_phase_model_metrics.csv,,,3MIDD_048,,,
flow/0000/033,,positive_phases,2.0,data/precomputed/fig04/official50_phase_model_metrics.csv,,,3MIDD_048,,,
flow/0000/034,,positive_phases,3.0,data/precomputed/fig04/official50_phase_model_metrics.csv,,,3MIDD_048,,,
flow/0000/035,,positive_phases,1.0,data/precomputed/fig04/official50_phase_model_metrics.csv,,,3MIDD_048,,,
flow/0000/036,,positive_phases,0.0,data/precomputed/fig04/official50_phase_model_metrics.csv,,,3MIDD_048,,,
flow/0000/037,,positive_phases,0.0,data/precomputed/fig04/official50_phase_model_metrics.csv,,,3MIDD_048,,,
flow/0000/038,,positive_phases,9.0,data/precomputed/fig04/official50_phase_model_metrics.csv,,,3MIDD_048,,,
flow/0000/039,,positive_phases,12.0,data/precomputed/fig04/official50_phase_model_metrics.csv,,,3MIDD_048,,,
flow/0000/040,,positive_phases,2.0,data/precomputed/fig04/official50_phase_model_metrics.csv,,,3MIDD_048,,,
flow/0000/041,,positive_phases,12.0,data/precomputed/fig04/official50_phase_model_metrics.csv,,,3MIDD_048,,,
flow/0000/042,,positive_phases,4.0,data/precomputed/fig04/official50_phase_model_metrics.csv,,,3MIDD_048,,,
flow/0000/043,,positive_phases,3.0,data/precomputed/fig04/official50_phase_model_metrics.csv,,,3MIDD_048,,,
flow/0000/044,,positive_phases,4.0,data/precomputed/fig04/official50_phase_model_metrics.csv,,,3MIDD_048,,,
flow/0000/045,,positive_phases,11.0,data/precomputed/fig04/official50_phase_model_metrics.csv,,,3MIDD_048,,,
flow/0000/046,,positive_phases,6.0,data/precomputed/fig04/official50_phase_model_metrics.csv,,,3MIDD_048,,,
flow/0000/047,,positive_phases,1.0,data/precomputed/fig04/official50_phase_model_metrics.csv,,,3MIDD_048,,,
flow/0000/048,,positive_phases,0.0,data/precomputed/fig04/official50_phase_model_metrics.csv,,,3MIDD_048,,,
flow/0000/049,,positive_phases,6.0,data/precomputed/fig04/official50_phase_model_metrics.csv,,,3MIDD_048,,,
flow/0000/000,,negative_phases,2.0,data/precomputed/fig04/official50_phase_model_metrics.csv,,,3MIDD_048,,,
flow/0000/001,,negative_phases,7.0,data/precomputed/fig04/official50_phase_model_metrics.csv,,,3MIDD_048,,,
flow/0000/002,,negative_phases,8.0,data/precomputed/fig04/official50_phase_model_metrics.csv,,,3MIDD_048,,,
flow/0000/003,,negative_phases,12.0,data/precomputed/fig04/official50_phase_model_metrics.csv,,,3MIDD_048,,,
flow/0000/004,,negative_phases,3.0,data/precomputed/fig04/official50_phase_model_metrics.csv,,,3MIDD_048,,,
flow/0000/005,,negative_phases,3.0,data/precomputed/fig04/official50_phase_model_metrics.csv,,,3MIDD_048,,,
flow/0000/006,,negative_phases,12.0,data/precomputed/fig04/official50_phase_model_metrics.csv,,,3MIDD_048,,,
flow/0000/007,,negative_phases,3.0,data/precomputed/fig04/official50_phase_model_metrics.csv,,,3MIDD_048,,,
flow/0000/008,,negative_phases,11.0,data/precomputed/fig04/official50_phase_model_metrics.csv,,,3MIDD_048,,,
flow/0000/009,,negative_phases,4.0,data/precomputed/fig04/official50_phase_model_metrics.csv,,,3MIDD_048,,,
flow/0000/010,,negative_phases,3.0,data/precomputed/fig04/official50_phase_model_metrics.csv,,,3MIDD_048,,,
flow/0000/011,,negative_phases,11.0,data/precomputed/fig04/official50_phase_model_metrics.csv,,,3MIDD_048,,,
flow/0000/012,,negative_phases,12.0,data/precomputed/fig04/official50_phase_model_metrics.csv,,,3MIDD_048,,,
flow/0000/013,,negative_phases,11.0,data/precomputed/fig04/official50_phase_model_metrics.csv,,,3MIDD_048,,,
flow/0000/014,,negative_phases,12.0,data/precomputed/fig04/official50_phase_model_metrics.csv,,,3MIDD_048,,,
flow/0000/015,,negative_phases,12.0,data/precomputed/fig04/official50_phase_model_metrics.csv,,,3MIDD_048,,,
flow/0000/016,,negative_phases,2.0,data/precomputed/fig04/official50_phase_model_metrics.csv,,,3MIDD_048,,,
flow/0000/017,,negative_phases,12.0,data/precomputed/fig04/official50_phase_model_metrics.csv,,,3MIDD_048,,,
flow/0000/018,,negative_phases,8.0,data/precomputed/fig04/official50_phase_model_metrics.csv,,,3MIDD_048,,,
flow/0000/019,,negative_phases,6.0,data/precomputed/fig04/official50_phase_model_metrics.csv,,,3MIDD_048,,,
flow/0000/020,,negative_phases,8.0,data/precomputed/fig04/official50_phase_model_metrics.csv,,,3MIDD_048,,,
flow/0000/021,,negative_phases,6.0,data/precomputed/fig04/official50_phase_model_metrics.csv,,,3MIDD_048,,,
flow/0000/022,,negative_phases,4.0,data/precomputed/fig04/official50_phase_model_metrics.csv,,,3MIDD_048,,,
flow/0000/023,,negative_phases,8.0,data/precomputed/fig04/official50_phase_model_metrics.csv,,,3MIDD_048,,,
flow/0000/024,,negative_phases,12.0,data/precomputed/fig04/official50_phase_model_metrics.csv,,,3MIDD_048,,,
flow/0000/025,,negative_phases,0.0,data/precomputed/fig04/official50_phase_model_metrics.csv,,,3MIDD_048,,,
flow/0000/026,,negative_phases,3.0,data/precomputed/fig04/official50_phase_model_metrics.csv,,,3MIDD_048,,,
flow/0000/027,,negative_phases,12.0,data/precomputed/fig04/official50_phase_model_metrics.csv,,,3MIDD_048,,,
flow/0000/028,,negative_phases,9.0,data/precomputed/fig04/official50_phase_model_metrics.csv,,,3MIDD_048,,,
flow/0000/029,,negative_phases,12.0,data/precomputed/fig04/official50_phase_model_metrics.csv,,,3MIDD_048,,,
flow/0000/030,,negative_phases,12.0,data/precomputed/fig04/official50_phase_model_metrics.csv,,,3MIDD_048,,,
flow/0000/031,,negative_phases,4.0,data/precomputed/fig04/official50_phase_model_metrics.csv,,,3MIDD_048,,,
flow/0000/032,,negative_phases,5.0,data/precomputed/fig04/official50_phase_model_metrics.csv,,,3MIDD_048,,,
flow/0000/033,,negative_phases,10.0,data/precomputed/fig04/official50_phase_model_metrics.csv,,,3MIDD_048,,,
flow/0000/034,,negative_phases,9.0,data/precomputed/fig04/official50_phase_model_metrics.csv,,,3MIDD_048,,,
flow/0000/035,,negative_phases,11.0,data/precomputed/fig04/official50_phase_model_metrics.csv,,,3MIDD_048,,,
flow/0000/036,,negative_phases,12.0,data/precomputed/fig04/official50_phase_model_metrics.csv,,,3MIDD_048,,,
flow/0000/037,,negative_phases,12.0,data/precomputed/fig04/official50_phase_model_metrics.csv,,,3MIDD_048,,,
flow/0000/038,,negative_phases,3.0,data/precomputed/fig04/official50_phase_model_metrics.csv,,,3MIDD_048,,,
flow/0000/039,,negative_phases,0.0,data/precomputed/fig04/official50_phase_model_metrics.csv,,,3MIDD_048,,,
flow/0000/040,,negative_phases,10.0,data/precomputed/fig04/official50_phase_model_metrics.csv,,,3MIDD_048,,,
flow/0000/041,,negative_phases,0.0,data/precomputed/fig04/official50_phase_model_metrics.csv,,,3MIDD_048,,,
flow/0000/042,,negative_phases,8.0,data/precomputed/fig04/official50_phase_model_metrics.csv,,,3MIDD_048,,,
flow/0000/043,,negative_phases,9.0,data/precomputed/fig04/official50_phase_model_metrics.csv,,,3MIDD_048,,,
flow/0000/044,,negative_phases,8.0,data/precomputed/fig04/official50_phase_model_metrics.csv,,,3MIDD_048,,,
flow/0000/045,,negative_phases,1.0,data/precomputed/fig04/official50_phase_model_metrics.csv,,,3MIDD_048,,,
flow/0000/046,,negative_phases,6.0,data/precomputed/fig04/official50_phase_model_metrics.csv,,,3MIDD_048,,,
flow/0000/047,,negative_phases,11.0,data/precomputed/fig04/official50_phase_model_metrics.csv,,,3MIDD_048,,,
flow/0000/048,,negative_phases,12.0,data/precomputed/fig04/official50_phase_model_metrics.csv,,,3MIDD_048,,,
flow/0000/049,,negative_phases,6.0,data/precomputed/fig04/official50_phase_model_metrics.csv,,,3MIDD_048,,,
flow/0000/000,,zero_phases,0.0,data/precomputed/fig04/official50_phase_model_metrics.csv,,,3MIDD_048,,,
flow/0000/001,,zero_phases,0.0,data/precomputed/fig04/official50_phase_model_metrics.csv,,,3MIDD_048,,,
flow/0000/002,,zero_phases,0.0,data/precomputed/fig04/official50_phase_model_metrics.csv,,,3MIDD_048,,,
flow/0000/003,,zero_phases,0.0,data/precomputed/fig04/official50_phase_model_metrics.csv,,,3MIDD_048,,,
flow/0000/004,,zero_phases,0.0,data/precomputed/fig04/official50_phase_model_metrics.csv,,,3MIDD_048,,,
flow/0000/005,,zero_phases,0.0,data/precomputed/fig04/official50_phase_model_metrics.csv,,,3MIDD_048,,,
flow/0000/006,,zero_phases,0.0,data/precomputed/fig04/official50_phase_model_metrics.csv,,,3MIDD_048,,,
flow/0000/007,,zero_phases,0.0,data/precomputed/fig04/official50_phase_model_metrics.csv,,,3MIDD_048,,,
flow/0000/008,,zero_phases,0.0,data/precomputed/fig04/official50_phase_model_metrics.csv,,,3MIDD_048,,,
flow/0000/009,,zero_phases,0.0,data/precomputed/fig04/official50_phase_model_metrics.csv,,,3MIDD_048,,,
flow/0000/010,,zero_phases,0.0,data/precomputed/fig04/official50_phase_model_metrics.csv,,,3MIDD_048,,,
flow/0000/011,,zero_phases,0.0,data/precomputed/fig04/official50_phase_model_metrics.csv,,,3MIDD_048,,,
flow/0000/012,,zero_phases,0.0,data/precomputed/fig04/official50_phase_model_metrics.csv,,,3MIDD_048,,,
flow/0000/013,,zero_phases,0.0,data/precomputed/fig04/official50_phase_model_metrics.csv,,,3MIDD_048,,,
flow/0000/014,,zero_phases,0.0,data/precomputed/fig04/official50_phase_model_metrics.csv,,,3MIDD_048,,,
flow/0000/015,,zero_phases,0.0,data/precomputed/fig04/official50_phase_model_metrics.csv,,,3MIDD_048,,,
flow/0000/016,,zero_phases,0.0,data/precomputed/fig04/official50_phase_model_metrics.csv,,,3MIDD_048,,,
flow/0000/017,,zero_phases,0.0,data/precomputed/fig04/official50_phase_model_metrics.csv,,,3MIDD_048,,,
flow/0000/018,,zero_phases,0.0,data/precomputed/fig04/official50_phase_model_metrics.csv,,,3MIDD_048,,,
flow/0000/019,,zero_phases,0.0,data/precomputed/fig04/official50_phase_model_metrics.csv,,,3MIDD_048,,,
flow/0000/020,,zero_phases,0.0,data/precomputed/fig04/official50_phase_model_metrics.csv,,,3MIDD_048,,,
flow/0000/021,,zero_phases,0.0,data/precomputed/fig04/official50_phase_model_metrics.csv,,,3MIDD_048,,,
flow/0000/022,,zero_phases,0.0,data/precomputed/fig04/official50_phase_model_metrics.csv,,,3MIDD_048,,,
flow/0000/023,,zero_phases,0.0,data/precomputed/fig04/official50_phase_model_metrics.csv,,,3MIDD_048,,,
flow/0000/024,,zero_phases,0.0,data/precomputed/fig04/official50_phase_model_metrics.csv,,,3MIDD_048,,,
flow/0000/025,,zero_phases,0.0,data/precomputed/fig04/official50_phase_model_metrics.csv,,,3MIDD_048,,,
flow/0000/026,,zero_phases,0.0,data/precomputed/fig04/official50_phase_model_metrics.csv,,,3MIDD_048,,,
flow/0000/027,,zero_phases,0.0,data/precomputed/fig04/official50_phase_model_metrics.csv,,,3MIDD_048,,,
flow/0000/028,,zero_phases,0.0,data/precomputed/fig04/official50_phase_model_metrics.csv,,,3MIDD_048,,,
flow/0000/029,,zero_phases,0.0,data/precomputed/fig04/official50_phase_model_metrics.csv,,,3MIDD_048,,,
flow/0000/030,,zero_phases,0.0,data/precomputed/fig04/official50_phase_model_metrics.csv,,,3MIDD_048,,,
flow/0000/031,,zero_phases,0.0,data/precomputed/fig04/official50_phase_model_metrics.csv,,,3MIDD_048,,,
flow/0000/032,,zero_phases,0.0,data/precomputed/fig04/official50_phase_model_metrics.csv,,,3MIDD_048,,,
flow/0000/033,,zero_phases,0.0,data/precomputed/fig04/official50_phase_model_metrics.csv,,,3MIDD_048,,,
flow/0000/034,,zero_phases,0.0,data/precomputed/fig04/official50_phase_model_metrics.csv,,,3MIDD_048,,,
flow/0000/035,,zero_phases,0.0,data/precomputed/fig04/official50_phase_model_metrics.csv,,,3MIDD_048,,,
flow/0000/036,,zero_phases,0.0,data/precomputed/fig04/official50_phase_model_metrics.csv,,,3MIDD_048,,,
flow/0000/037,,zero_phases,0.0,data/precomputed/fig04/official50_phase_model_metrics.csv,,,3MIDD_048,,,
flow/0000/038,,zero_phases,0.0,data/precomputed/fig04/official50_phase_model_metrics.csv,,,3MIDD_048,,,
flow/0000/039,,zero_phases,0.0,data/precomputed/fig04/official50_phase_model_metrics.csv,,,3MIDD_048,,,
flow/0000/040,,zero_phases,0.0,data/precomputed/fig04/official50_phase_model_metrics.csv,,,3MIDD_048,,,
flow/0000/041,,zero_phases,0.0,data/precomputed/fig04/official50_phase_model_metrics.csv,,,3MIDD_048,,,
flow/0000/042,,zero_phases,0.0,data/precomputed/fig04/official50_phase_model_metrics.csv,,,3MIDD_048,,,
flow/0000/043,,zero_phases,0.0,data/precomputed/fig04/official50_phase_model_metrics.csv,,,3MIDD_048,,,
flow/0000/044,,zero_phases,0.0,data/precomputed/fig04/official50_phase_model_metrics.csv,,,3MIDD_048,,,
flow/0000/045,,zero_phases,0.0,data/precomputed/fig04/official50_phase_model_metrics.csv,,,3MIDD_048,,,
flow/0000/046,,zero_phases,0.0,data/precomputed/fig04/official50_phase_model_metrics.csv,,,3MIDD_048,,,
flow/0000/047,,zero_phases,0.0,data/precomputed/fig04/official50_phase_model_metrics.csv,,,3MIDD_048,,,
flow/0000/048,,zero_phases,0.0,data/precomputed/fig04/official50_phase_model_metrics.csv,,,3MIDD_048,,,
flow/0000/049,,zero_phases,0.0,data/precomputed/fig04/official50_phase_model_metrics.csv,,,3MIDD_048,,,
flow/0000/000,,dominant_sign_fraction,0.8333333333333334,data/precomputed/fig04/official50_phase_model_metrics.csv,,,3MIDD_048,,,
flow/0000/001,,dominant_sign_fraction,0.5833333333333334,data/precomputed/fig04/official50_phase_model_metrics.csv,,,3MIDD_048,,,
flow/0000/002,,dominant_sign_fraction,0.6666666666666666,data/precomputed/fig04/official50_phase_model_metrics.csv,,,3MIDD_048,,,
flow/0000/003,,dominant_sign_fraction,1.0,data/precomputed/fig04/official50_phase_model_metrics.csv,,,3MIDD_048,,,
flow/0000/004,,dominant_sign_fraction,0.75,data/precomputed/fig04/official50_phase_model_metrics.csv,,,3MIDD_048,,,
flow/0000/005,,dominant_sign_fraction,0.75,data/precomputed/fig04/official50_phase_model_metrics.csv,,,3MIDD_048,,,
flow/0000/006,,dominant_sign_fraction,1.0,data/precomputed/fig04/official50_phase_model_metrics.csv,,,3MIDD_048,,,
flow/0000/007,,dominant_sign_fraction,0.75,data/precomputed/fig04/official50_phase_model_metrics.csv,,,3MIDD_048,,,
flow/0000/008,,dominant_sign_fraction,0.9166666666666666,data/precomputed/fig04/official50_phase_model_metrics.csv,,,3MIDD_048,,,
flow/0000/009,,dominant_sign_fraction,0.6666666666666666,data/precomputed/fig04/official50_phase_model_metrics.csv,,,3MIDD_048,,,
flow/0000/010,,dominant_sign_fraction,0.75,data/precomputed/fig04/official50_phase_model_metrics.csv,,,3MIDD_048,,,
flow/0000/011,,dominant_sign_fraction,0.9166666666666666,data/precomputed/fig04/official50_phase_model_metrics.csv,,,3MIDD_048,,,
flow/0000/012,,dominant_sign_fraction,1.0,data/precomputed/fig04/official50_phase_model_metrics.csv,,,3MIDD_048,,,
flow/0000/013,,dominant_sign_fraction,0.9166666666666666,data/precomputed/fig04/official50_phase_model_metrics.csv,,,3MIDD_048,,,
flow/0000/014,,dominant_sign_fraction,1.0,data/precomputed/fig04/official50_phase_model_metrics.csv,,,3MIDD_048,,,
flow/0000/015,,dominant_sign_fraction,1.0,data/precomputed/fig04/official50_phase_model_metrics.csv,,,3MIDD_048,,,
flow/0000/016,,dominant_sign_fraction,0.8333333333333334,data/precomputed/fig04/official50_phase_model_metrics.csv,,,3MIDD_048,,,
flow/0000/017,,dominant_sign_fraction,1.0,data/precomputed/fig04/official50_phase_model_metrics.csv,,,3MIDD_048,,,
flow/0000/018,,dominant_sign_fraction,0.6666666666666666,data/precomputed/fig04/official50_phase_model_metrics.csv,,,3MIDD_048,,,
flow/0000/019,,dominant_sign_fraction,0.5,data/precomputed/fig04/official50_phase_model_metrics.csv,,,3MIDD_048,,,
flow/0000/020,,dominant_sign_fraction,0.6666666666666666,data/precomputed/fig04/official50_phase_model_metrics.csv,,,3MIDD_048,,,
flow/0000/021,,dominant_sign_fraction,0.5,data/precomputed/fig04/official50_phase_model_metrics.csv,,,3MIDD_048,,,
flow/0000/022,,dominant_sign_fraction,0.6666666666666666,data/precomputed/fig04/official50_phase_model_metrics.csv,,,3MIDD_048,,,
flow/0000/023,,dominant_sign_fraction,0.6666666666666666,data/precomputed/fig04/official50_phase_model_metrics.csv,,,3MIDD_048,,,
flow/0000/024,,dominant_sign_fraction,1.0,data/precomputed/fig04/official50_phase_model_metrics.csv,,,3MIDD_048,,,
flow/0000/025,,dominant_sign_fraction,1.0,data/precomputed/fig04/official50_phase_model_metrics.csv,,,3MIDD_048,,,
flow/0000/026,,dominant_sign_fraction,0.75,data/precomputed/fig04/official50_phase_model_metrics.csv,,,3MIDD_048,,,
flow/0000/027,,dominant_sign_fraction,1.0,data/precomputed/fig04/official50_phase_model_metrics.csv,,,3MIDD_048,,,
flow/0000/028,,dominant_sign_fraction,0.75,data/precomputed/fig04/official50_phase_model_metrics.csv,,,3MIDD_048,,,
flow/0000/029,,dominant_sign_fraction,1.0,data/precomputed/fig04/official50_phase_model_metrics.csv,,,3MIDD_048,,,
flow/0000/030,,dominant_sign_fraction,1.0,data/precomputed/fig04/official50_phase_model_metrics.csv,,,3MIDD_048,,,
flow/0000/031,,dominant_sign_fraction,0.6666666666666666,data/precomputed/fig04/official50_phase_model_metrics.csv,,,3MIDD_048,,,
flow/0000/032,,dominant_sign_fraction,0.5833333333333334,data/precomputed/fig04/official50_phase_model_metrics.csv,,,3MIDD_048,,,
flow/0000/033,,dominant_sign_fraction,0.8333333333333334,data/precomputed/fig04/official50_phase_model_metrics.csv,,,3MIDD_048,,,
flow/0000/034,,dominant_sign_fraction,0.75,data/precomputed/fig04/official50_phase_model_metrics.csv,,,3MIDD_048,,,
flow/0000/035,,dominant_sign_fraction,0.9166666666666666,data/precomputed/fig04/official50_phase_model_metrics.csv,,,3MIDD_048,,,
flow/0000/036,,dominant_sign_fraction,1.0,data/precomputed/fig04/official50_phase_model_metrics.csv,,,3MIDD_048,,,
flow/0000/037,,dominant_sign_fraction,1.0,data/precomputed/fig04/official50_phase_model_metrics.csv,,,3MIDD_048,,,
flow/0000/038,,dominant_sign_fraction,0.75,data/precomputed/fig04/official50_phase_model_metrics.csv,,,3MIDD_048,,,
flow/0000/039,,dominant_sign_fraction,1.0,data/precomputed/fig04/official50_phase_model_metrics.csv,,,3MIDD_048,,,
flow/0000/040,,dominant_sign_fraction,0.8333333333333334,data/precomputed/fig04/official50_phase_model_metrics.csv,,,3MIDD_048,,,
flow/0000/041,,dominant_sign_fraction,1.0,data/precomputed/fig04/official50_phase_model_metrics.csv,,,3MIDD_048,,,
flow/0000/042,,dominant_sign_fraction,0.6666666666666666,data/precomputed/fig04/official50_phase_model_metrics.csv,,,3MIDD_048,,,
flow/0000/043,,dominant_sign_fraction,0.75,data/precomputed/fig04/official50_phase_model_metrics.csv,,,3MIDD_048,,,
flow/0000/044,,dominant_sign_fraction,0.6666666666666666,data/precomputed/fig04/official50_phase_model_metrics.csv,,,3MIDD_048,,,
flow/0000/045,,dominant_sign_fraction,0.9166666666666666,data/precomputed/fig04/official50_phase_model_metrics.csv,,,3MIDD_048,,,
flow/0000/046,,dominant_sign_fraction,0.5,data/precomputed/fig04/official50_phase_model_metrics.csv,,,3MIDD_048,,,
flow/0000/047,,dominant_sign_fraction,0.9166666666666666,data/precomputed/fig04/official50_phase_model_metrics.csv,,,3MIDD_048,,,
flow/0000/048,,dominant_sign_fraction,1.0,data/precomputed/fig04/official50_phase_model_metrics.csv,,,3MIDD_048,,,
flow/0000/049,,dominant_sign_fraction,0.5,data/precomputed/fig04/official50_phase_model_metrics.csv,,,3MIDD_048,,,
flow/0000/000,,sign_consistency_with_phase_mean,0.8333333333333334,data/precomputed/fig04/official50_phase_model_metrics.csv,,,3MIDD_048,,,
flow/0000/001,,sign_consistency_with_phase_mean,0.5833333333333334,data/precomputed/fig04/official50_phase_model_metrics.csv,,,3MIDD_048,,,
flow/0000/002,,sign_consistency_with_phase_mean,0.6666666666666666,data/precomputed/fig04/official50_phase_model_metrics.csv,,,3MIDD_048,,,
flow/0000/003,,sign_consistency_with_phase_mean,1.0,data/precomputed/fig04/official50_phase_model_metrics.csv,,,3MIDD_048,,,
flow/0000/004,,sign_consistency_with_phase_mean,0.75,data/precomputed/fig04/official50_phase_model_metrics.csv,,,3MIDD_048,,,
flow/0000/005,,sign_consistency_with_phase_mean,0.75,data/precomputed/fig04/official50_phase_model_metrics.csv,,,3MIDD_048,,,
flow/0000/006,,sign_consistency_with_phase_mean,1.0,data/precomputed/fig04/official50_phase_model_metrics.csv,,,3MIDD_048,,,
flow/0000/007,,sign_consistency_with_phase_mean,0.75,data/precomputed/fig04/official50_phase_model_metrics.csv,,,3MIDD_048,,,
flow/0000/008,,sign_consistency_with_phase_mean,0.9166666666666666,data/precomputed/fig04/official50_phase_model_metrics.csv,,,3MIDD_048,,,
flow/0000/009,,sign_consistency_with_phase_mean,0.6666666666666666,data/precomputed/fig04/official50_phase_model_metrics.csv,,,3MIDD_048,,,
flow/0000/010,,sign_consistency_with_phase_mean,0.75,data/precomputed/fig04/official50_phase_model_metrics.csv,,,3MIDD_048,,,
flow/0000/011,,sign_consistency_with_phase_mean,0.9166666666666666,data/precomputed/fig04/official50_phase_model_metrics.csv,,,3MIDD_048,,,
flow/0000/012,,sign_consistency_with_phase_mean,1.0,data/precomputed/fig04/official50_phase_model_metrics.csv,,,3MIDD_048,,,
flow/0000/013,,sign_consistency_with_phase_mean,0.9166666666666666,data/precomputed/fig04/official50_phase_model_metrics.csv,,,3MIDD_048,,,
flow/0000/014,,sign_consistency_with_phase_mean,1.0,data/precomputed/fig04/official50_phase_model_metrics.csv,,,3MIDD_048,,,
flow/0000/015,,sign_consistency_with_phase_mean,1.0,data/precomputed/fig04/official50_phase_model_metrics.csv,,,3MIDD_048,,,
flow/0000/016,,sign_consistency_with_phase_mean,0.8333333333333334,data/precomputed/fig04/official50_phase_model_metrics.csv,,,3MIDD_048,,,
flow/0000/017,,sign_consistency_with_phase_mean,1.0,data/precomputed/fig04/official50_phase_model_metrics.csv,,,3MIDD_048,,,
flow/0000/018,,sign_consistency_with_phase_mean,0.6666666666666666,data/precomputed/fig04/official50_phase_model_metrics.csv,,,3MIDD_048,,,
flow/0000/019,,sign_consistency_with_phase_mean,0.5,data/precomputed/fig04/official50_phase_model_metrics.csv,,,3MIDD_048,,,
flow/0000/020,,sign_consistency_with_phase_mean,0.6666666666666666,data/precomputed/fig04/official50_phase_model_metrics.csv,,,3MIDD_048,,,
flow/0000/021,,sign_consistency_with_phase_mean,0.5,data/precomputed/fig04/official50_phase_model_metrics.csv,,,3MIDD_048,,,
flow/0000/022,,sign_consistency_with_phase_mean,0.6666666666666666,data/precomputed/fig04/official50_phase_model_metrics.csv,,,3MIDD_048,,,
flow/0000/023,,sign_consistency_with_phase_mean,0.6666666666666666,data/precomputed/fig04/official50_phase_model_metrics.csv,,,3MIDD_048,,,
flow/0000/024,,sign_consistency_with_phase_mean,1.0,data/precomputed/fig04/official50_phase_model_metrics.csv,,,3MIDD_048,,,
flow/0000/025,,sign_consistency_with_phase_mean,1.0,data/precomputed/fig04/official50_phase_model_metrics.csv,,,3MIDD_048,,,
flow/0000/026,,sign_consistency_with_phase_mean,0.75,data/precomputed/fig04/official50_phase_model_metrics.csv,,,3MIDD_048,,,
flow/0000/027,,sign_consistency_with_phase_mean,1.0,data/precomputed/fig04/official50_phase_model_metrics.csv,,,3MIDD_048,,,
flow/0000/028,,sign_consistency_with_phase_mean,0.75,data/precomputed/fig04/official50_phase_model_metrics.csv,,,3MIDD_048,,,
flow/0000/029,,sign_consistency_with_phase_mean,1.0,data/precomputed/fig04/official50_phase_model_metrics.csv,,,3MIDD_048,,,
flow/0000/030,,sign_consistency_with_phase_mean,1.0,data/precomputed/fig04/official50_phase_model_metrics.csv,,,3MIDD_048,,,
flow/0000/031,,sign_consistency_with_phase_mean,0.6666666666666666,data/precomputed/fig04/official50_phase_model_metrics.csv,,,3MIDD_048,,,
flow/0000/032,,sign_consistency_with_phase_mean,0.5833333333333334,data/precomputed/fig04/official50_phase_model_metrics.csv,,,3MIDD_048,,,
flow/0000/033,,sign_consistency_with_phase_mean,0.8333333333333334,data/precomputed/fig04/official50_phase_model_metrics.csv,,,3MIDD_048,,,
flow/0000/034,,sign_consistency_with_phase_mean,0.75,data/precomputed/fig04/official50_phase_model_metrics.csv,,,3MIDD_048,,,
flow/0000/035,,sign_consistency_with_phase_mean,0.9166666666666666,data/precomputed/fig04/official50_phase_model_metrics.csv,,,3MIDD_048,,,
flow/0000/036,,sign_consistency_with_phase_mean,1.0,data/precomputed/fig04/official50_phase_model_metrics.csv,,,3MIDD_048,,,
flow/0000/037,,sign_consistency_with_phase_mean,1.0,data/precomputed/fig04/official50_phase_model_metrics.csv,,,3MIDD_048,,,
flow/0000/038,,sign_consistency_with_phase_mean,0.75,data/precomputed/fig04/official50_phase_model_metrics.csv,,,3MIDD_048,,,
flow/0000/039,,sign_consistency_with_phase_mean,1.0,data/precomputed/fig04/official50_phase_model_metrics.csv,,,3MIDD_048,,,
flow/0000/040,,sign_consistency_with_phase_mean,0.8333333333333334,data/precomputed/fig04/official50_phase_model_metrics.csv,,,3MIDD_048,,,
flow/0000/041,,sign_consistency_with_phase_mean,1.0,data/precomputed/fig04/official50_phase_model_metrics.csv,,,3MIDD_048,,,
flow/0000/042,,sign_consistency_with_phase_mean,0.6666666666666666,data/precomputed/fig04/official50_phase_model_metrics.csv,,,3MIDD_048,,,
flow/0000/043,,sign_consistency_with_phase_mean,0.75,data/precomputed/fig04/official50_phase_model_metrics.csv,,,3MIDD_048,,,
flow/0000/044,,sign_consistency_with_phase_mean,0.6666666666666666,data/precomputed/fig04/official50_phase_model_metrics.csv,,,3MIDD_048,,,
flow/0000/045,,sign_consistency_with_phase_mean,0.9166666666666666,data/precomputed/fig04/official50_phase_model_metrics.csv,,,3MIDD_048,,,
flow/0000/046,,sign_consistency_with_phase_mean,0.5,data/precomputed/fig04/official50_phase_model_metrics.csv,,,3MIDD_048,,,
flow/0000/047,,sign_consistency_with_phase_mean,0.9166666666666666,data/precomputed/fig04/official50_phase_model_metrics.csv,,,3MIDD_048,,,
flow/0000/048,,sign_consistency_with_phase_mean,1.0,data/precomputed/fig04/official50_phase_model_metrics.csv,,,3MIDD_048,,,
flow/0000/049,,sign_consistency_with_phase_mean,0.5,data/precomputed/fig04/official50_phase_model_metrics.csv,,,3MIDD_048,,,
flow/0000/000,,phase0_vs_mean_sign_agreement,0.0,data/precomputed/fig04/official50_phase_model_metrics.csv,,,3MIDD_048,,,
flow/0000/001,,phase0_vs_mean_sign_agreement,1.0,data/precomputed/fig04/official50_phase_model_metrics.csv,,,3MIDD_048,,,
flow/0000/002,,phase0_vs_mean_sign_agreement,1.0,data/precomputed/fig04/official50_phase_model_metrics.csv,,,3MIDD_048,,,
flow/0000/003,,phase0_vs_mean_sign_agreement,1.0,data/precomputed/fig04/official50_phase_model_metrics.csv,,,3MIDD_048,,,
flow/0000/004,,phase0_vs_mean_sign_agreement,1.0,data/precomputed/fig04/official50_phase_model_metrics.csv,,,3MIDD_048,,,
flow/0000/005,,phase0_vs_mean_sign_agreement,0.0,data/precomputed/fig04/official50_phase_model_metrics.csv,,,3MIDD_048,,,
flow/0000/006,,phase0_vs_mean_sign_agreement,1.0,data/precomputed/fig04/official50_phase_model_metrics.csv,,,3MIDD_048,,,
flow/0000/007,,phase0_vs_mean_sign_agreement,0.0,data/precomputed/fig04/official50_phase_model_metrics.csv,,,3MIDD_048,,,
flow/0000/008,,phase0_vs_mean_sign_agreement,1.0,data/precomputed/fig04/official50_phase_model_metrics.csv,,,3MIDD_048,,,
flow/0000/009,,phase0_vs_mean_sign_agreement,0.0,data/precomputed/fig04/official50_phase_model_metrics.csv,,,3MIDD_048,,,
flow/0000/010,,phase0_vs_mean_sign_agreement,1.0,data/precomputed/fig04/official50_phase_model_metrics.csv,,,3MIDD_048,,,
flow/0000/011,,phase0_vs_mean_sign_agreement,1.0,data/precomputed/fig04/official50_phase_model_metrics.csv,,,3MIDD_048,,,
flow/0000/012,,phase0_vs_mean_sign_agreement,1.0,data/precomputed/fig04/official50_phase_model_metrics.csv,,,3MIDD_048,,,
flow/0000/013,,phase0_vs_mean_sign_agreement,1.0,data/precomputed/fig04/official50_phase_model_metrics.csv,,,3MIDD_048,,,
flow/0000/014,,phase0_vs_mean_sign_agreement,1.0,data/precomputed/fig04/official50_phase_model_metrics.csv,,,3MIDD_048,,,
flow/0000/015,,phase0_vs_mean_sign_agreement,1.0,data/precomputed/fig04/official50_phase_model_metrics.csv,,,3MIDD_048,,,
flow/0000/016,,phase0_vs_mean_sign_agreement,0.0,data/precomputed/fig04/official50_phase_model_metrics.csv,,,3MIDD_048,,,
flow/0000/017,,phase0_vs_mean_sign_agreement,1.0,data/precomputed/fig04/official50_phase_model_metrics.csv,,,3MIDD_048,,,
flow/0000/018,,phase0_vs_mean_sign_agreement,1.0,data/precomputed/fig04/official50_phase_model_metrics.csv,,,3MIDD_048,,,
flow/0000/019,,phase0_vs_mean_sign_agreement,1.0,data/precomputed/fig04/official50_phase_model_metrics.csv,,,3MIDD_048,,,
flow/0000/020,,phase0_vs_mean_sign_agreement,1.0,data/precomputed/fig04/official50_phase_model_metrics.csv,,,3MIDD_048,,,
flow/0000/021,,phase0_vs_mean_sign_agreement,0.0,data/precomputed/fig04/official50_phase_model_metrics.csv,,,3MIDD_048,,,
flow/0000/022,,phase0_vs_mean_sign_agreement,0.0,data/precomputed/fig04/official50_phase_model_metrics.csv,,,3MIDD_048,,,
flow/0000/023,,phase0_vs_mean_sign_agreement,1.0,data/precomputed/fig04/official50_phase_model_metrics.csv,,,3MIDD_048,,,
flow/0000/024,,phase0_vs_mean_sign_agreement,1.0,data/precomputed/fig04/official50_phase_model_metrics.csv,,,3MIDD_048,,,
flow/0000/025,,phase0_vs_mean_sign_agreement,1.0,data/precomputed/fig04/official50_phase_model_metrics.csv,,,3MIDD_048,,,
flow/0000/026,,phase0_vs_mean_sign_agreement,0.0,data/precomputed/fig04/official50_phase_model_metrics.csv,,,3MIDD_048,,,
flow/0000/027,,phase0_vs_mean_sign_agreement,1.0,data/precomputed/fig04/official50_phase_model_metrics.csv,,,3MIDD_048,,,
flow/0000/028,,phase0_vs_mean_sign_agreement,1.0,data/precomputed/fig04/official50_phase_model_metrics.csv,,,3MIDD_048,,,
flow/0000/029,,phase0_vs_mean_sign_agreement,1.0,data/precomputed/fig04/official50_phase_model_metrics.csv,,,3MIDD_048,,,
flow/0000/030,,phase0_vs_mean_sign_agreement,1.0,data/precomputed/fig04/official50_phase_model_metrics.csv,,,3MIDD_048,,,
flow/0000/031,,phase0_vs_mean_sign_agreement,0.0,data/precomputed/fig04/official50_phase_model_metrics.csv,,,3MIDD_048,,,
flow/0000/032,,phase0_vs_mean_sign_agreement,0.0,data/precomputed/fig04/official50_phase_model_metrics.csv,,,3MIDD_048,,,
flow/0000/033,,phase0_vs_mean_sign_agreement,1.0,data/precomputed/fig04/official50_phase_model_metrics.csv,,,3MIDD_048,,,
flow/0000/034,,phase0_vs_mean_sign_agreement,1.0,data/precomputed/fig04/official50_phase_model_metrics.csv,,,3MIDD_048,,,
flow/0000/035,,phase0_vs_mean_sign_agreement,1.0,data/precomputed/fig04/official50_phase_model_metrics.csv,,,3MIDD_048,,,
flow/0000/036,,phase0_vs_mean_sign_agreement,1.0,data/precomputed/fig04/official50_phase_model_metrics.csv,,,3MIDD_048,,,
flow/0000/037,,phase0_vs_mean_sign_agreement,1.0,data/precomputed/fig04/official50_phase_model_metrics.csv,,,3MIDD_048,,,
flow/0000/038,,phase0_vs_mean_sign_agreement,1.0,data/precomputed/fig04/official50_phase_model_metrics.csv,,,3MIDD_048,,,
flow/0000/039,,phase0_vs_mean_sign_agreement,1.0,data/precomputed/fig04/official50_phase_model_metrics.csv,,,3MIDD_048,,,
flow/0000/040,,phase0_vs_mean_sign_agreement,1.0,data/precomputed/fig04/official50_phase_model_metrics.csv,,,3MIDD_048,,,
flow/0000/041,,phase0_vs_mean_sign_agreement,1.0,data/precomputed/fig04/official50_phase_model_metrics.csv,,,3MIDD_048,,,
flow/0000/042,,phase0_vs_mean_sign_agreement,1.0,data/precomputed/fig04/official50_phase_model_metrics.csv,,,3MIDD_048,,,
flow/0000/043,,phase0_vs_mean_sign_agreement,1.0,data/precomputed/fig04/official50_phase_model_metrics.csv,,,3MIDD_048,,,
flow/0000/044,,phase0_vs_mean_sign_agreement,1.0,data/precomputed/fig04/official50_phase_model_metrics.csv,,,3MIDD_048,,,
flow/0000/045,,phase0_vs_mean_sign_agreement,1.0,data/precomputed/fig04/official50_phase_model_metrics.csv,,,3MIDD_048,,,
flow/0000/046,,phase0_vs_mean_sign_agreement,0.0,data/precomputed/fig04/official50_phase_model_metrics.csv,,,3MIDD_048,,,
flow/0000/047,,phase0_vs_mean_sign_agreement,1.0,data/precomputed/fig04/official50_phase_model_metrics.csv,,,3MIDD_048,,,
flow/0000/048,,phase0_vs_mean_sign_agreement,1.0,data/precomputed/fig04/official50_phase_model_metrics.csv,,,3MIDD_048,,,
flow/0000/049,,phase0_vs_mean_sign_agreement,1.0,data/precomputed/fig04/official50_phase_model_metrics.csv,,,3MIDD_048,,,
flow/0000/000,,A_sign_changes,1.0,data/precomputed/fig04/official50_phase_model_metrics.csv,,,3MIDD_048,,,
flow/0000/001,,A_sign_changes,1.0,data/precomputed/fig04/official50_phase_model_metrics.csv,,,3MIDD_048,,,
flow/0000/002,,A_sign_changes,1.0,data/precomputed/fig04/official50_phase_model_metrics.csv,,,3MIDD_048,,,
flow/0000/003,,A_sign_changes,0.0,data/precomputed/fig04/official50_phase_model_metrics.csv,,,3MIDD_048,,,
flow/0000/004,,A_sign_changes,1.0,data/precomputed/fig04/official50_phase_model_metrics.csv,,,3MIDD_048,,,
flow/0000/005,,A_sign_changes,1.0,data/precomputed/fig04/official50_phase_model_metrics.csv,,,3MIDD_048,,,
flow/0000/006,,A_sign_changes,0.0,data/precomputed/fig04/official50_phase_model_metrics.csv,,,3MIDD_048,,,
flow/0000/007,,A_sign_changes,1.0,data/precomputed/fig04/official50_phase_model_metrics.csv,,,3MIDD_048,,,
flow/0000/008,,A_sign_changes,1.0,data/precomputed/fig04/official50_phase_model_metrics.csv,,,3MIDD_048,,,
flow/0000/009,,A_sign_changes,1.0,data/precomputed/fig04/official50_phase_model_metrics.csv,,,3MIDD_048,,,
flow/0000/010,,A_sign_changes,1.0,data/precomputed/fig04/official50_phase_model_metrics.csv,,,3MIDD_048,,,
flow/0000/011,,A_sign_changes,1.0,data/precomputed/fig04/official50_phase_model_metrics.csv,,,3MIDD_048,,,
flow/0000/012,,A_sign_changes,0.0,data/precomputed/fig04/official50_phase_model_metrics.csv,,,3MIDD_048,,,
flow/0000/013,,A_sign_changes,1.0,data/precomputed/fig04/official50_phase_model_metrics.csv,,,3MIDD_048,,,
flow/0000/014,,A_sign_changes,0.0,data/precomputed/fig04/official50_phase_model_metrics.csv,,,3MIDD_048,,,
flow/0000/015,,A_sign_changes,0.0,data/precomputed/fig04/official50_phase_model_metrics.csv,,,3MIDD_048,,,
flow/0000/016,,A_sign_changes,1.0,data/precomputed/fig04/official50_phase_model_metrics.csv,,,3MIDD_048,,,
flow/0000/017,,A_sign_changes,0.0,data/precomputed/fig04/official50_phase_model_metrics.csv,,,3MIDD_048,,,
flow/0000/018,,A_sign_changes,1.0,data/precomputed/fig04/official50_phase_model_metrics.csv,,,3MIDD_048,,,
flow/0000/019,,A_sign_changes,1.0,data/precomputed/fig04/official50_phase_model_metrics.csv,,,3MIDD_048,,,
flow/0000/020,,A_sign_changes,1.0,data/precomputed/fig04/official50_phase_model_metrics.csv,,,3MIDD_048,,,
flow/0000/021,,A_sign_changes,1.0,data/precomputed/fig04/official50_phase_model_metrics.csv,,,3MIDD_048,,,
flow/0000/022,,A_sign_changes,1.0,data/precomputed/fig04/official50_phase_model_metrics.csv,,,3MIDD_048,,,
flow/0000/023,,A_sign_changes,1.0,data/precomputed/fig04/official50_phase_model_metrics.csv,,,3MIDD_048,,,
flow/0000/024,,A_sign_changes,0.0,data/precomputed/fig04/official50_phase_model_metrics.csv,,,3MIDD_048,,,
flow/0000/025,,A_sign_changes,0.0,data/precomputed/fig04/official50_phase_model_metrics.csv,,,3MIDD_048,,,
flow/0000/026,,A_sign_changes,1.0,data/precomputed/fig04/official50_phase_model_metrics.csv,,,3MIDD_048,,,
flow/0000/027,,A_sign_changes,0.0,data/precomputed/fig04/official50_phase_model_metrics.csv,,,3MIDD_048,,,
flow/0000/028,,A_sign_changes,1.0,data/precomputed/fig04/official50_phase_model_metrics.csv,,,3MIDD_048,,,
flow/0000/029,,A_sign_changes,0.0,data/precomputed/fig04/official50_phase_model_metrics.csv,,,3MIDD_048,,,
flow/0000/030,,A_sign_changes,0.0,data/precomputed/fig04/official50_phase_model_metrics.csv,,,3MIDD_048,,,
flow/0000/031,,A_sign_changes,1.0,data/precomputed/fig04/official50_phase_model_metrics.csv,,,3MIDD_048,,,
flow/0000/032,,A_sign_changes,1.0,data/precomputed/fig04/official50_phase_model_metrics.csv,,,3MIDD_048,,,
flow/0000/033,,A_sign_changes,1.0,data/precomputed/fig04/official50_phase_model_metrics.csv,,,3MIDD_048,,,
flow/0000/034,,A_sign_changes,1.0,data/precomputed/fig04/official50_phase_model_metrics.csv,,,3MIDD_048,,,
flow/0000/035,,A_sign_changes,1.0,data/precomputed/fig04/official50_phase_model_metrics.csv,,,3MIDD_048,,,
flow/0000/036,,A_sign_changes,0.0,data/precomputed/fig04/official50_phase_model_metrics.csv,,,3MIDD_048,,,
flow/0000/037,,A_sign_changes,0.0,data/precomputed/fig04/official50_phase_model_metrics.csv,,,3MIDD_048,,,
flow/0000/038,,A_sign_changes,1.0,data/precomputed/fig04/official50_phase_model_metrics.csv,,,3MIDD_048,,,
flow/0000/039,,A_sign_changes,0.0,data/precomputed/fig04/official50_phase_model_metrics.csv,,,3MIDD_048,,,
flow/0000/040,,A_sign_changes,1.0,data/precomputed/fig04/official50_phase_model_metrics.csv,,,3MIDD_048,,,
flow/0000/041,,A_sign_changes,0.0,data/precomputed/fig04/official50_phase_model_metrics.csv,,,3MIDD_048,,,
flow/0000/042,,A_sign_changes,1.0,data/precomputed/fig04/official50_phase_model_metrics.csv,,,3MIDD_048,,,
flow/0000/043,,A_sign_changes,1.0,data/precomputed/fig04/official50_phase_model_metrics.csv,,,3MIDD_048,,,
flow/0000/044,,A_sign_changes,1.0,data/precomputed/fig04/official50_phase_model_metrics.csv,,,3MIDD_048,,,
flow/0000/045,,A_sign_changes,1.0,data/precomputed/fig04/official50_phase_model_metrics.csv,,,3MIDD_048,,,
flow/0000/046,,A_sign_changes,1.0,data/precomputed/fig04/official50_phase_model_metrics.csv,,,3MIDD_048,,,
flow/0000/047,,A_sign_changes,1.0,data/precomputed/fig04/official50_phase_model_metrics.csv,,,3MIDD_048,,,
flow/0000/048,,A_sign_changes,0.0,data/precomputed/fig04/official50_phase_model_metrics.csv,,,3MIDD_048,,,
flow/0000/049,,A_sign_changes,1.0,data/precomputed/fig04/official50_phase_model_metrics.csv,,,3MIDD_048,,,
flow/0000/000,,phasewise_reversal_count,8.0,data/precomputed/fig04/official50_phase_model_metrics.csv,,,3MIDD_048,,,
flow/0000/001,,phasewise_reversal_count,6.0,data/precomputed/fig04/official50_phase_model_metrics.csv,,,3MIDD_048,,,
flow/0000/002,,phasewise_reversal_count,1.0,data/precomputed/fig04/official50_phase_model_metrics.csv,,,3MIDD_048,,,
flow/0000/003,,phasewise_reversal_count,7.0,data/precomputed/fig04/official50_phase_model_metrics.csv,,,3MIDD_048,,,
flow/0000/004,,phasewise_reversal_count,5.0,data/precomputed/fig04/official50_phase_model_metrics.csv,,,3MIDD_048,,,
flow/0000/005,,phasewise_reversal_count,8.0,data/precomputed/fig04/official50_phase_model_metrics.csv,,,3MIDD_048,,,
flow/0000/006,,phasewise_reversal_count,9.0,data/precomputed/fig04/official50_phase_model_metrics.csv,,,3MIDD_048,,,
flow/0000/007,,phasewise_reversal_count,9.0,data/precomputed/fig04/official50_phase_model_metrics.csv,,,3MIDD_048,,,
flow/0000/008,,phasewise_reversal_count,12.0,data/precomputed/fig04/official50_phase_model_metrics.csv,,,3MIDD_048,,,
flow/0000/009,,phasewise_reversal_count,5.0,data/precomputed/fig04/official50_phase_model_metrics.csv,,,3MIDD_048,,,
flow/0000/010,,phasewise_reversal_count,8.0,data/precomputed/fig04/official50_phase_model_metrics.csv,,,3MIDD_048,,,
flow/0000/011,,phasewise_reversal_count,0.0,data/precomputed/fig04/official50_phase_model_metrics.csv,,,3MIDD_048,,,
flow/0000/012,,phasewise_reversal_count,1.0,data/precomputed/fig04/official50_phase_model_metrics.csv,,,3MIDD_048,,,
flow/0000/013,,phasewise_reversal_count,6.0,data/precomputed/fig04/official50_phase_model_metrics.csv,,,3MIDD_048,,,
flow/0000/014,,phasewise_reversal_count,6.0,data/precomputed/fig04/official50_phase_model_metrics.csv,,,3MIDD_048,,,
flow/0000/015,,phasewise_reversal_count,11.0,data/precomputed/fig04/official50_phase_model_metrics.csv,,,3MIDD_048,,,
flow/0000/016,,phasewise_reversal_count,10.0,data/precomputed/fig04/official50_phase_model_metrics.csv,,,3MIDD_048,,,
flow/0000/017,,phasewise_reversal_count,11.0,data/precomputed/fig04/official50_phase_model_metrics.csv,,,3MIDD_048,,,
flow/0000/018,,phasewise_reversal_count,6.0,data/precomputed/fig04/official50_phase_model_metrics.csv,,,3MIDD_048,,,
flow/0000/019,,phasewise_reversal_count,0.0,data/precomputed/fig04/official50_phase_model_metrics.csv,,,3MIDD_048,,,
flow/0000/020,,phasewise_reversal_count,6.0,data/precomputed/fig04/official50_phase_model_metrics.csv,,,3MIDD_048,,,
flow/0000/021,,phasewise_reversal_count,6.0,data/precomputed/fig04/official50_phase_model_metrics.csv,,,3MIDD_048,,,
flow/0000/022,,phasewise_reversal_count,11.0,data/precomputed/fig04/official50_phase_model_metrics.csv,,,3MIDD_048,,,
flow/0000/023,,phasewise_reversal_count,0.0,data/precomputed/fig04/official50_phase_model_metrics.csv,,,3MIDD_048,,,
flow/0000/024,,phasewise_reversal_count,12.0,data/precomputed/fig04/official50_phase_model_metrics.csv,,,3MIDD_048,,,
flow/0000/025,,phasewise_reversal_count,8.0,data/precomputed/fig04/official50_phase_model_metrics.csv,,,3MIDD_048,,,
flow/0000/026,,phasewise_reversal_count,1.0,data/precomputed/fig04/official50_phase_model_metrics.csv,,,3MIDD_048,,,
flow/0000/027,,phasewise_reversal_count,8.0,data/precomputed/fig04/official50_phase_model_metrics.csv,,,3MIDD_048,,,
flow/0000/028,,phasewise_reversal_count,5.0,data/precomputed/fig04/official50_phase_model_metrics.csv,,,3MIDD_048,,,
flow/0000/029,,phasewise_reversal_count,0.0,data/precomputed/fig04/official50_phase_model_metrics.csv,,,3MIDD_048,,,
flow/0000/030,,phasewise_reversal_count,10.0,data/precomputed/fig04/official50_phase_model_metrics.csv,,,3MIDD_048,,,
flow/0000/031,,phasewise_reversal_count,0.0,data/precomputed/fig04/official50_phase_model_metrics.csv,,,3MIDD_048,,,
flow/0000/032,,phasewise_reversal_count,0.0,data/precomputed/fig04/official50_phase_model_metrics.csv,,,3MIDD_048,,,
flow/0000/033,,phasewise_reversal_count,0.0,data/precomputed/fig04/official50_phase_model_metrics.csv,,,3MIDD_048,,,
flow/0000/034,,phasewise_reversal_count,8.0,data/precomputed/fig04/official50_phase_model_metrics.csv,,,3MIDD_048,,,
flow/0000/035,,phasewise_reversal_count,3.0,data/precomputed/fig04/official50_phase_model_metrics.csv,,,3MIDD_048,,,
flow/0000/036,,phasewise_reversal_count,11.0,data/precomputed/fig04/official50_phase_model_metrics.csv,,,3MIDD_048,,,
flow/0000/037,,phasewise_reversal_count,7.0,data/precomputed/fig04/official50_phase_model_metrics.csv,,,3MIDD_048,,,
flow/0000/038,,phasewise_reversal_count,1.0,data/precomputed/fig04/official50_phase_model_metrics.csv,,,3MIDD_048,,,
flow/0000/039,,phasewise_reversal_count,7.0,data/precomputed/fig04/official50_phase_model_metrics.csv,,,3MIDD_048,,,
flow/0000/040,,phasewise_reversal_count,7.0,data/precomputed/fig04/official50_phase_model_metrics.csv,,,3MIDD_048,,,
flow/0000/041,,phasewise_reversal_count,11.0,data/precomputed/fig04/official50_phase_model_metrics.csv,,,3MIDD_048,,,
flow/0000/042,,phasewise_reversal_count,5.0,data/precomputed/fig04/official50_phase_model_metrics.csv,,,3MIDD_048,,,
flow/0000/043,,phasewise_reversal_count,3.0,data/precomputed/fig04/official50_phase_model_metrics.csv,,,3MIDD_048,,,
flow/0000/044,,phasewise_reversal_count,2.0,data/precomputed/fig04/official50_phase_model_metrics.csv,,,3MIDD_048,,,
flow/0000/045,,phasewise_reversal_count,0.0,data/precomputed/fig04/official50_phase_model_metrics.csv,,,3MIDD_048,,,
flow/0000/046,,phasewise_reversal_count,0.0,data/precomputed/fig04/official50_phase_model_metrics.csv,,,3MIDD_048,,,
flow/0000/047,,phasewise_reversal_count,0.0,data/precomputed/fig04/official50_phase_model_metrics.csv,,,3MIDD_048,,,
flow/0000/048,,phasewise_reversal_count,0.0,data/precomputed/fig04/official50_phase_model_metrics.csv,,,3MIDD_048,,,
flow/0000/049,,phasewise_reversal_count,0.0,data/precomputed/fig04/official50_phase_model_metrics.csv,,,3MIDD_048,,,
flow/0000/000,,phasewise_reversal_fraction,0.6666666666666666,data/precomputed/fig04/official50_phase_model_metrics.csv,,,3MIDD_048,,,
flow/0000/001,,phasewise_reversal_fraction,0.5,data/precomputed/fig04/official50_phase_model_metrics.csv,,,3MIDD_048,,,
flow/0000/002,,phasewise_reversal_fraction,0.0833333333333333,data/precomputed/fig04/official50_phase_model_metrics.csv,,,3MIDD_048,,,
flow/0000/003,,phasewise_reversal_fraction,0.5833333333333334,data/precomputed/fig04/official50_phase_model_metrics.csv,,,3MIDD_048,,,
flow/0000/004,,phasewise_reversal_fraction,0.4166666666666667,data/precomputed/fig04/official50_phase_model_metrics.csv,,,3MIDD_048,,,
flow/0000/005,,phasewise_reversal_fraction,0.6666666666666666,data/precomputed/fig04/official50_phase_model_metrics.csv,,,3MIDD_048,,,
flow/0000/006,,phasewise_reversal_fraction,0.75,data/precomputed/fig04/official50_phase_model_metrics.csv,,,3MIDD_048,,,
flow/0000/007,,phasewise_reversal_fraction,0.75,data/precomputed/fig04/official50_phase_model_metrics.csv,,,3MIDD_048,,,
flow/0000/008,,phasewise_reversal_fraction,1.0,data/precomputed/fig04/official50_phase_model_metrics.csv,,,3MIDD_048,,,
flow/0000/009,,phasewise_reversal_fraction,0.4166666666666667,data/precomputed/fig04/official50_phase_model_metrics.csv,,,3MIDD_048,,,
flow/0000/010,,phasewise_reversal_fraction,0.6666666666666666,data/precomputed/fig04/official50_phase_model_metrics.csv,,,3MIDD_048,,,
flow/0000/011,,phasewise_reversal_fraction,0.0,data/precomputed/fig04/official50_phase_model_metrics.csv,,,3MIDD_048,,,
flow/0000/012,,phasewise_reversal_fraction,0.0833333333333333,data/precomputed/fig04/official50_phase_model_metrics.csv,,,3MIDD_048,,,
flow/0000/013,,phasewise_reversal_fraction,0.5,data/precomputed/fig04/official50_phase_model_metrics.csv,,,3MIDD_048,,,
flow/0000/014,,phasewise_reversal_fraction,0.5,data/precomputed/fig04/official50_phase_model_metrics.csv,,,3MIDD_048,,,
flow/0000/015,,phasewise_reversal_fraction,0.9166666666666666,data/precomputed/fig04/official50_phase_model_metrics.csv,,,3MIDD_048,,,
flow/0000/016,,phasewise_reversal_fraction,0.8333333333333334,data/precomputed/fig04/official50_phase_model_metrics.csv,,,3MIDD_048,,,
flow/0000/017,,phasewise_reversal_fraction,0.9166666666666666,data/precomputed/fig04/official50_phase_model_metrics.csv,,,3MIDD_048,,,
flow/0000/018,,phasewise_reversal_fraction,0.5,data/precomputed/fig04/official50_phase_model_metrics.csv,,,3MIDD_048,,,
flow/0000/019,,phasewise_reversal_fraction,0.0,data/precomputed/fig04/official50_phase_model_metrics.csv,,,3MIDD_048,,,
flow/0000/020,,phasewise_reversal_fraction,0.5,data/precomputed/fig04/official50_phase_model_metrics.csv,,,3MIDD_048,,,
flow/0000/021,,phasewise_reversal_fraction,0.5,data/precomputed/fig04/official50_phase_model_metrics.csv,,,3MIDD_048,,,
flow/0000/022,,phasewise_reversal_fraction,0.9166666666666666,data/precomputed/fig04/official50_phase_model_metrics.csv,,,3MIDD_048,,,
flow/0000/023,,phasewise_reversal_fraction,0.0,data/precomputed/fig04/official50_phase_model_metrics.csv,,,3MIDD_048,,,
flow/0000/024,,phasewise_reversal_fraction,1.0,data/precomputed/fig04/official50_phase_model_metrics.csv,,,3MIDD_048,,,
flow/0000/025,,phasewise_reversal_fraction,0.6666666666666666,data/precomputed/fig04/official50_phase_model_metrics.csv,,,3MIDD_048,,,
flow/0000/026,,phasewise_reversal_fraction,0.0833333333333333,data/precomputed/fig04/official50_phase_model_metrics.csv,,,3MIDD_048,,,
flow/0000/027,,phasewise_reversal_fraction,0.6666666666666666,data/precomputed/fig04/official50_phase_model_metrics.csv,,,3MIDD_048,,,
flow/0000/028,,phasewise_reversal_fraction,0.4166666666666667,data/precomputed/fig04/official50_phase_model_metrics.csv,,,3MIDD_048,,,
flow/0000/029,,phasewise_reversal_fraction,0.0,data/precomputed/fig04/official50_phase_model_metrics.csv,,,3MIDD_048,,,
flow/0000/030,,phasewise_reversal_fraction,0.8333333333333334,data/precomputed/fig04/official50_phase_model_metrics.csv,,,3MIDD_048,,,
flow/0000/031,,phasewise_reversal_fraction,0.0,data/precomputed/fig04/official50_phase_model_metrics.csv,,,3MIDD_048,,,
flow/0000/032,,phasewise_reversal_fraction,0.0,data/precomputed/fig04/official50_phase_model_metrics.csv,,,3MIDD_048,,,
flow/0000/033,,phasewise_reversal_fraction,0.0,data/precomputed/fig04/official50_phase_model_metrics.csv,,,3MIDD_048,,,
flow/0000/034,,phasewise_reversal_fraction,0.6666666666666666,data/precomputed/fig04/official50_phase_model_metrics.csv,,,3MIDD_048,,,
flow/0000/035,,phasewise_reversal_fraction,0.25,data/precomputed/fig04/official50_phase_model_metrics.csv,,,3MIDD_048,,,
flow/0000/036,,phasewise_reversal_fraction,0.9166666666666666,data/precomputed/fig04/official50_phase_model_metrics.csv,,,3MIDD_048,,,
flow/0000/037,,phasewise_reversal_fraction,0.5833333333333334,data/precomputed/fig04/official50_phase_model_metrics.csv,,,3MIDD_048,,,
flow/0000/038,,phasewise_reversal_fraction,0.0833333333333333,data/precomputed/fig04/official50_phase_model_metrics.csv,,,3MIDD_048,,,
flow/0000/039,,phasewise_reversal_fraction,0.5833333333333334,data/precomputed/fig04/official50_phase_model_metrics.csv,,,3MIDD_048,,,
flow/0000/040,,phasewise_reversal_fraction,0.5833333333333334,data/precomputed/fig04/official50_phase_model_metrics.csv,,,3MIDD_048,,,
flow/0000/041,,phasewise_reversal_fraction,0.9166666666666666,data/precomputed/fig04/official50_phase_model_metrics.csv,,,3MIDD_048,,,
flow/0000/042,,phasewise_reversal_fraction,0.4166666666666667,data/precomputed/fig04/official50_phase_model_metrics.csv,,,3MIDD_048,,,
flow/0000/043,,phasewise_reversal_fraction,0.25,data/precomputed/fig04/official50_phase_model_metrics.csv,,,3MIDD_048,,,
flow/0000/044,,phasewise_reversal_fraction,0.1666666666666666,data/precomputed/fig04/official50_phase_model_metrics.csv,,,3MIDD_048,,,
flow/0000/045,,phasewise_reversal_fraction,0.0,data/precomputed/fig04/official50_phase_model_metrics.csv,,,3MIDD_048,,,
flow/0000/046,,phasewise_reversal_fraction,0.0,data/precomputed/fig04/official50_phase_model_metrics.csv,,,3MIDD_048,,,
flow/0000/047,,phasewise_reversal_fraction,0.0,data/precomputed/fig04/official50_phase_model_metrics.csv,,,3MIDD_048,,,
flow/0000/048,,phasewise_reversal_fraction,0.0,data/precomputed/fig04/official50_phase_model_metrics.csv,,,3MIDD_048,,,
flow/0000/049,,phasewise_reversal_fraction,0.0,data/precomputed/fig04/official50_phase_model_metrics.csv,,,3MIDD_048,,,
flow/0000/000,,mean_T_original,0.006849376136003,data/precomputed/fig04/official50_phase_model_metrics.csv,,,3MIDD_048,,,
flow/0000/001,,mean_T_original,-0.0030055114440839,data/precomputed/fig04/official50_phase_model_metrics.csv,,,3MIDD_048,,,
flow/0000/002,,mean_T_original,0.0082207134702407,data/precomputed/fig04/official50_phase_model_metrics.csv,,,3MIDD_048,,,
flow/0000/003,,mean_T_original,-0.0023835760224326,data/precomputed/fig04/official50_phase_model_metrics.csv,,,3MIDD_048,,,
flow/0000/004,,mean_T_original,-0.006345098286313,data/precomputed/fig04/official50_phase_model_metrics.csv,,,3MIDD_048,,,
flow/0000/005,,mean_T_original,0.0051152287444273,data/precomputed/fig04/official50_phase_model_metrics.csv,,,3MIDD_048,,,
flow/0000/006,,mean_T_original,-0.0052432836117988,data/precomputed/fig04/official50_phase_model_metrics.csv,,,3MIDD_048,,,
flow/0000/007,,mean_T_original,0.0053988526058753,data/precomputed/fig04/official50_phase_model_metrics.csv,,,3MIDD_048,,,
flow/0000/008,,mean_T_original,-0.0114860032167286,data/precomputed/fig04/official50_phase_model_metrics.csv,,,3MIDD_048,,,
flow/0000/009,,mean_T_original,0.0232147006909587,data/precomputed/fig04/official50_phase_model_metrics.csv,,,3MIDD_048,,,
flow/0000/010,,mean_T_original,0.003854658894302,data/precomputed/fig04/official50_phase_model_metrics.csv,,,3MIDD_048,,,
flow/0000/011,,mean_T_original,-0.0236357026438001,data/precomputed/fig04/official50_phase_model_metrics.csv,,,3MIDD_048,,,
flow/0000/012,,mean_T_original,0.0095256070540128,data/precomputed/fig04/official50_phase_model_metrics.csv,,,3MIDD_048,,,
flow/0000/013,,mean_T_original,-0.0037152922643982,data/precomputed/fig04/official50_phase_model_metrics.csv,,,3MIDD_048,,,
flow/0000/014,,mean_T_original,0.0012543823869275,data/precomputed/fig04/official50_phase_model_metrics.csv,,,3MIDD_048,,,
flow/0000/015,,mean_T_original,-0.0044174666200178,data/precomputed/fig04/official50_phase_model_metrics.csv,,,3MIDD_048,,,
flow/0000/016,,mean_T_original,0.0160615006956216,data/precomputed/fig04/official50_phase_model_metrics.csv,,,3MIDD_048,,,
flow/0000/017,,mean_T_original,-0.0390047699740831,data/precomputed/fig04/official50_phase_model_metrics.csv,,,3MIDD_048,,,
flow/0000/018,,mean_T_original,-0.0052856144186541,data/precomputed/fig04/official50_phase_model_metrics.csv,,,3MIDD_048,,,
flow/0000/019,,mean_T_original,0.0304089716196719,data/precomputed/fig04/official50_phase_model_metrics.csv,,,3MIDD_048,,,
flow/0000/020,,mean_T_original,-0.003609867158158,data/precomputed/fig04/official50_phase_model_metrics.csv,,,3MIDD_048,,,
flow/0000/021,,mean_T_original,0.0011411728409955,data/precomputed/fig04/official50_phase_model_metrics.csv,,,3MIDD_048,,,
flow/0000/022,,mean_T_original,0.0015312978362505,data/precomputed/fig04/official50_phase_model_metrics.csv,,,3MIDD_048,,,
flow/0000/023,,mean_T_original,0.0068447111468509,data/precomputed/fig04/official50_phase_model_metrics.csv,,,3MIDD_048,,,
flow/0000/024,,mean_T_original,-0.0116519453004619,data/precomputed/fig04/official50_phase_model_metrics.csv,,,3MIDD_048,,,
flow/0000/025,,mean_T_original,0.0216422798155869,data/precomputed/fig04/official50_phase_model_metrics.csv,,,3MIDD_048,,,
flow/0000/026,,mean_T_original,-0.0095705687722136,data/precomputed/fig04/official50_phase_model_metrics.csv,,,3MIDD_048,,,
flow/0000/027,,mean_T_original,-0.0433490686821967,data/precomputed/fig04/official50_phase_model_metrics.csv,,,3MIDD_048,,,
flow/0000/028,,mean_T_original,-0.0047668856913487,data/precomputed/fig04/official50_phase_model_metrics.csv,,,3MIDD_048,,,
flow/0000/029,,mean_T_original,0.0161160670198298,data/precomputed/fig04/official50_phase_model_metrics.csv,,,3MIDD_048,,,
flow/0000/030,,mean_T_original,-0.0326352248113421,data/precomputed/fig04/official50_phase_model_metrics.csv,,,3MIDD_048,,,
flow/0000/031,,mean_T_original,0.0349944321195375,data/precomputed/fig04/official50_phase_model_metrics.csv,,,3MIDD_048,,,
flow/0000/032,,mean_T_original,-0.0312543550890115,data/precomputed/fig04/official50_phase_model_metrics.csv,,,3MIDD_048,,,
flow/0000/033,,mean_T_original,-0.0153824887614488,data/precomputed/fig04/official50_phase_model_metrics.csv,,,3MIDD_048,,,
flow/0000/034,,mean_T_original,-0.0002683067042096,data/precomputed/fig04/official50_phase_model_metrics.csv,,,3MIDD_048,,,
flow/0000/035,,mean_T_original,0.0057896643391284,data/precomputed/fig04/official50_phase_model_metrics.csv,,,3MIDD_048,,,
flow/0000/036,,mean_T_original,-0.0323832355480622,data/precomputed/fig04/official50_phase_model_metrics.csv,,,3MIDD_048,,,
flow/0000/037,,mean_T_original,-0.0030221430896791,data/precomputed/fig04/official50_phase_model_metrics.csv,,,3MIDD_048,,,
flow/0000/038,,mean_T_original,0.0118757432376545,data/precomputed/fig04/official50_phase_model_metrics.csv,,,3MIDD_048,,,
flow/0000/039,,mean_T_original,0.0253888372497453,data/precomputed/fig04/official50_phase_model_metrics.csv,,,3MIDD_048,,,
flow/0000/040,,mean_T_original,-0.0098763344544255,data/precomputed/fig04/official50_phase_model_metrics.csv,,,3MIDD_048,,,
flow/0000/041,,mean_T_original,0.0157642079249954,data/precomputed/fig04/official50_phase_model_metrics.csv,,,3MIDD_048,,,
flow/0000/042,,mean_T_original,-0.0027199045740222,data/precomputed/fig04/official50_phase_model_metrics.csv,,,3MIDD_048,,,
flow/0000/043,,mean_T_original,0.0011884682599428,data/precomputed/fig04/official50_phase_model_metrics.csv,,,3MIDD_048,,,
flow/0000/044,,mean_T_original,0.0040186399033703,data/precomputed/fig04/official50_phase_model_metrics.csv,,,3MIDD_048,,,
flow/0000/045,,mean_T_original,0.0362333051763923,data/precomputed/fig04/official50_phase_model_metrics.csv,,,3MIDD_048,,,
flow/0000/046,,mean_T_original,-0.0091228969157709,data/precomputed/fig04/official50_phase_model_metrics.csv,,,3MIDD_048,,,
flow/0000/047,,mean_T_original,-0.0164019139142266,data/precomputed/fig04/official50_phase_model_metrics.csv,,,3MIDD_048,,,
flow/0000/048,,mean_T_original,0.0136659782930057,data/precomputed/fig04/official50_phase_model_metrics.csv,,,3MIDD_048,,,
flow/0000/049,,mean_T_original,0.0113309309744432,data/precomputed/fig04/official50_phase_model_metrics.csv,,,3MIDD_048,,,
flow/0000/000,,mean_T_mirror,-0.0031762358694276,data/precomputed/fig04/official50_phase_model_metrics.csv,,,3MIDD_048,,,
flow/0000/001,,mean_T_mirror,-0.0010637490935687,data/precomputed/fig04/official50_phase_model_metrics.csv,,,3MIDD_048,,,
flow/0000/002,,mean_T_mirror,0.016050688959896,data/precomputed/fig04/official50_phase_model_metrics.csv,,,3MIDD_048,,,
flow/0000/003,,mean_T_mirror,0.0307394967584198,data/precomputed/fig04/official50_phase_model_metrics.csv,,,3MIDD_048,,,
flow/0000/004,,mean_T_mirror,-0.0216281402211585,data/precomputed/fig04/official50_phase_model_metrics.csv,,,3MIDD_048,,,
flow/0000/005,,mean_T_mirror,-0.0166971239353929,data/precomputed/fig04/official50_phase_model_metrics.csv,,,3MIDD_048,,,
flow/0000/006,,mean_T_mirror,0.0225746968550643,data/precomputed/fig04/official50_phase_model_metrics.csv,,,3MIDD_048,,,
flow/0000/007,,mean_T_mirror,-0.0119189806428308,data/precomputed/fig04/official50_phase_model_metrics.csv,,,3MIDD_048,,,
flow/0000/008,,mean_T_mirror,0.0095268724797379,data/precomputed/fig04/official50_phase_model_metrics.csv,,,3MIDD_048,,,
flow/0000/009,,mean_T_mirror,0.0052369409050651,data/precomputed/fig04/official50_phase_model_metrics.csv,,,3MIDD_048,,,
flow/0000/010,,mean_T_mirror,-0.0030393269313569,data/precomputed/fig04/official50_phase_model_metrics.csv,,,3MIDD_048,,,
flow/0000/011,,mean_T_mirror,-0.0160248691988883,data/precomputed/fig04/official50_phase_model_metrics.csv,,,3MIDD_048,,,
flow/0000/012,,mean_T_mirror,0.0428146151802828,data/precomputed/fig04/official50_phase_model_metrics.csv,,,3MIDD_048,,,
flow/0000/013,,mean_T_mirror,0.002692916286585,data/precomputed/fig04/official50_phase_model_metrics.csv,,,3MIDD_048,,,
flow/0000/014,,mean_T_mirror,0.0364976114936035,data/precomputed/fig04/official50_phase_model_metrics.csv,,,3MIDD_048,,,
flow/0000/015,,mean_T_mirror,0.0092861259659913,data/precomputed/fig04/official50_phase_model_metrics.csv,,,3MIDD_048,,,
flow/0000/016,,mean_T_mirror,-0.0154909373024458,data/precomputed/fig04/official50_phase_model_metrics.csv,,,3MIDD_048,,,
flow/0000/017,,mean_T_mirror,0.0114553494516019,data/precomputed/fig04/official50_phase_model_metrics.csv,,,3MIDD_048,,,
flow/0000/018,,mean_T_mirror,0.002710332376216,data/precomputed/fig04/official50_phase_model_metrics.csv,,,3MIDD_048,,,
flow/0000/019,,mean_T_mirror,0.0306462447203259,data/precomputed/fig04/official50_phase_model_metrics.csv,,,3MIDD_048,,,
flow/0000/020,,mean_T_mirror,-0.0001594944992717,data/precomputed/fig04/official50_phase_model_metrics.csv,,,3MIDD_048,,,
flow/0000/021,,mean_T_mirror,-0.0022057881301502,data/precomputed/fig04/official50_phase_model_metrics.csv,,,3MIDD_048,,,
flow/0000/022,,mean_T_mirror,-0.0043529012552304,data/precomputed/fig04/official50_phase_model_metrics.csv,,,3MIDD_048,,,
flow/0000/023,,mean_T_mirror,0.0103038934307047,data/precomputed/fig04/official50_phase_model_metrics.csv,,,3MIDD_048,,,
flow/0000/024,,mean_T_mirror,0.0356682704155497,data/precomputed/fig04/official50_phase_model_metrics.csv,,,3MIDD_048,,,
flow/0000/025,,mean_T_mirror,-0.004276665057653,data/precomputed/fig04/official50_phase_model_metrics.csv,,,3MIDD_048,,,
flow/0000/026,,mean_T_mirror,-0.0212684249389934,data/precomputed/fig04/official50_phase_model_metrics.csv,,,3MIDD_048,,,
flow/0000/027,,mean_T_mirror,0.0057148314098388,data/precomputed/fig04/official50_phase_model_metrics.csv,,,3MIDD_048,,,
flow/0000/028,,mean_T_mirror,-0.0019010579173926,data/precomputed/fig04/official50_phase_model_metrics.csv,,,3MIDD_048,,,
flow/0000/029,,mean_T_mirror,0.0454938617877999,data/precomputed/fig04/official50_phase_model_metrics.csv,,,3MIDD_048,,,
flow/0000/030,,mean_T_mirror,0.0074781676125899,data/precomputed/fig04/official50_phase_model_metrics.csv,,,3MIDD_048,,,
flow/0000/031,,mean_T_mirror,0.0297209556049268,data/precomputed/fig04/official50_phase_model_metrics.csv,,,3MIDD_048,,,
flow/0000/032,,mean_T_mirror,-0.0391780931177185,data/precomputed/fig04/official50_phase_model_metrics.csv,,,3MIDD_048,,,
flow/0000/033,,mean_T_mirror,-0.0111025889175359,data/precomputed/fig04/official50_phase_model_metrics.csv,,,3MIDD_048,,,
flow/0000/034,,mean_T_mirror,0.0073878603526015,data/precomputed/fig04/official50_phase_model_metrics.csv,,,3MIDD_048,,,
flow/0000/035,,mean_T_mirror,0.0262390320548917,data/precomputed/fig04/official50_phase_model_metrics.csv,,,3MIDD_048,,,
flow/0000/036,,mean_T_mirror,0.0844347565463101,data/precomputed/fig04/official50_phase_model_metrics.csv,,,3MIDD_048,,,
flow/0000/037,,mean_T_mirror,0.0209491602544483,data/precomputed/fig04/official50_phase_model_metrics.csv,,,3MIDD_048,,,
flow/0000/038,,mean_T_mirror,0.0071849739004356,data/precomputed/fig04/official50_phase_model_metrics.csv,,,3MIDD_048,,,
flow/0000/039,,mean_T_mirror,0.0021510739512861,data/precomputed/fig04/official50_phase_model_metrics.csv,,,3MIDD_048,,,
flow/0000/040,,mean_T_mirror,0.0014606661714351,data/precomputed/fig04/official50_phase_model_metrics.csv,,,3MIDD_048,,,
flow/0000/041,,mean_T_mirror,-0.0188873378918977,data/precomputed/fig04/official50_phase_model_metrics.csv,,,3MIDD_048,,,
flow/0000/042,,mean_T_mirror,-2.7722534124658338e-05,data/precomputed/fig04/official50_phase_model_metrics.csv,,,3MIDD_048,,,
flow/0000/043,,mean_T_mirror,0.0016237968418208,data/precomputed/fig04/official50_phase_model_metrics.csv,,,3MIDD_048,,,
flow/0000/044,,mean_T_mirror,0.0109356390037103,data/precomputed/fig04/official50_phase_model_metrics.csv,,,3MIDD_048,,,
flow/0000/045,,mean_T_mirror,0.0269902942902944,data/precomputed/fig04/official50_phase_model_metrics.csv,,,3MIDD_048,,,
flow/0000/046,,mean_T_mirror,-0.0093472820638231,data/precomputed/fig04/official50_phase_model_metrics.csv,,,3MIDD_048,,,
flow/0000/047,,mean_T_mirror,-0.0089473299324439,data/precomputed/fig04/official50_phase_model_metrics.csv,,,3MIDD_048,,,
flow/0000/048,,mean_T_mirror,0.019820020014578,data/precomputed/fig04/official50_phase_model_metrics.csv,,,3MIDD_048,,,
flow/0000/049,,mean_T_mirror,0.0114715465669482,data/precomputed/fig04/official50_phase_model_metrics.csv,,,3MIDD_048,,,
flow/0000/000,,mean_S,0.0018365701332877,data/precomputed/fig04/official50_phase_model_metrics.csv,,,3MIDD_048,,,
flow/0000/001,,mean_S,-0.0020346302688263,data/precomputed/fig04/official50_phase_model_metrics.csv,,,3MIDD_048,,,
flow/0000/002,,mean_S,0.0121357012150683,data/precomputed/fig04/official50_phase_model_metrics.csv,,,3MIDD_048,,,
flow/0000/003,,mean_S,0.0141779603679935,data/precomputed/fig04/official50_phase_model_metrics.csv,,,3MIDD_048,,,
flow/0000/004,,mean_S,-0.0139866192537358,data/precomputed/fig04/official50_phase_model_metrics.csv,,,3MIDD_048,,,
flow/0000/005,,mean_S,-0.0057909475954827,data/precomputed/fig04/official50_phase_model_metrics.csv,,,3MIDD_048,,,
flow/0000/006,,mean_S,0.0086657066216327,data/precomputed/fig04/official50_phase_model_metrics.csv,,,3MIDD_048,,,
flow/0000/007,,mean_S,-0.0032600640184777,data/precomputed/fig04/official50_phase_model_metrics.csv,,,3MIDD_048,,,
flow/0000/008,,mean_S,-0.0009795653684953,data/precomputed/fig04/official50_phase_model_metrics.csv,,,3MIDD_048,,,
flow/0000/009,,mean_S,0.0142258207980119,data/precomputed/fig04/official50_phase_model_metrics.csv,,,3MIDD_048,,,
flow/0000/010,,mean_S,0.0004076659814725,data/precomputed/fig04/official50_phase_model_metrics.csv,,,3MIDD_048,,,
flow/0000/011,,mean_S,-0.0198302859213442,data/precomputed/fig04/official50_phase_model_metrics.csv,,,3MIDD_048,,,
flow/0000/012,,mean_S,0.0261701111171478,data/precomputed/fig04/official50_phase_model_metrics.csv,,,3MIDD_048,,,
flow/0000/013,,mean_S,-0.0005111879889066,data/precomputed/fig04/official50_phase_model_metrics.csv,,,3MIDD_048,,,
flow/0000/014,,mean_S,0.0188759969402655,data/precomputed/fig04/official50_phase_model_metrics.csv,,,3MIDD_048,,,
flow/0000/015,,mean_S,0.0024343296729867,data/precomputed/fig04/official50_phase_model_metrics.csv,,,3MIDD_048,,,
flow/0000/016,,mean_S,0.0002852816965879,data/precomputed/fig04/official50_phase_model_metrics.csv,,,3MIDD_048,,,
flow/0000/017,,mean_S,-0.0137747102612405,data/precomputed/fig04/official50_phase_model_metrics.csv,,,3MIDD_048,,,
flow/0000/018,,mean_S,-0.001287641021219,data/precomputed/fig04/official50_phase_model_metrics.csv,,,3MIDD_048,,,
flow/0000/019,,mean_S,0.0305276081699989,data/precomputed/fig04/official50_phase_model_metrics.csv,,,3MIDD_048,,,
flow/0000/020,,mean_S,-0.0018846808287149,data/precomputed/fig04/official50_phase_model_metrics.csv,,,3MIDD_048,,,
flow/0000/021,,mean_S,-0.0005323076445773,data/precomputed/fig04/official50_phase_model_metrics.csv,,,3MIDD_048,,,
flow/0000/022,,mean_S,-0.0014108017094899,data/precomputed/fig04/official50_phase_model_metrics.csv,,,3MIDD_048,,,
flow/0000/023,,mean_S,0.0085743022887778,data/precomputed/fig04/official50_phase_model_metrics.csv,,,3MIDD_048,,,
flow/0000/024,,mean_S,0.0120081625575439,data/precomputed/fig04/official50_phase_model_metrics.csv,,,3MIDD_048,,,
flow/0000/025,,mean_S,0.0086828073789669,data/precomputed/fig04/official50_phase_model_metrics.csv,,,3MIDD_048,,,
flow/0000/026,,mean_S,-0.0154194968556035,data/precomputed/fig04/official50_phase_model_metrics.csv,,,3MIDD_048,,,
flow/0000/027,,mean_S,-0.0188171186361789,data/precomputed/fig04/official50_phase_model_metrics.csv,,,3MIDD_048,,,
flow/0000/028,,mean_S,-0.0033339718043706,data/precomputed/fig04/official50_phase_model_metrics.csv,,,3MIDD_048,,,
flow/0000/029,,mean_S,0.0308049644038149,data/precomputed/fig04/official50_phase_model_metrics.csv,,,3MIDD_048,,,
flow/0000/030,,mean_S,-0.012578528599376,data/precomputed/fig04/official50_phase_model_metrics.csv,,,3MIDD_048,,,
flow/0000/031,,mean_S,0.0323576938622322,data/precomputed/fig04/official50_phase_model_metrics.csv,,,3MIDD_048,,,
flow/0000/032,,mean_S,-0.035216224103365,data/precomputed/fig04/official50_phase_model_metrics.csv,,,3MIDD_048,,,
flow/0000/033,,mean_S,-0.0132425388394924,data/precomputed/fig04/official50_phase_model_metrics.csv,,,3MIDD_048,,,
flow/0000/034,,mean_S,0.0035597768241959,data/precomputed/fig04/official50_phase_model_metrics.csv,,,3MIDD_048,,,
flow/0000/035,,mean_S,0.01601434819701,data/precomputed/fig04/official50_phase_model_metrics.csv,,,3MIDD_048,,,
flow/0000/036,,mean_S,0.0260257604991239,data/precomputed/fig04/official50_phase_model_metrics.csv,,,3MIDD_048,,,
flow/0000/037,,mean_S,0.0089635085823846,data/precomputed/fig04/official50_phase_model_metrics.csv,,,3MIDD_048,,,
flow/0000/038,,mean_S,0.0095303585690451,data/precomputed/fig04/official50_phase_model_metrics.csv,,,3MIDD_048,,,
flow/0000/039,,mean_S,0.0137699556005157,data/precomputed/fig04/official50_phase_model_metrics.csv,,,3MIDD_048,,,
flow/0000/040,,mean_S,-0.0042078341414951,data/precomputed/fig04/official50_phase_model_metrics.csv,,,3MIDD_048,,,
flow/0000/041,,mean_S,-0.0015615649834511,data/precomputed/fig04/official50_phase_model_metrics.csv,,,3MIDD_048,,,
flow/0000/042,,mean_S,-0.0013738135540734,data/precomputed/fig04/official50_phase_model_metrics.csv,,,3MIDD_048,,,
flow/0000/043,,mean_S,0.0014061325508818,data/precomputed/fig04/official50_phase_model_metrics.csv,,,3MIDD_048,,,
flow/0000/044,,mean_S,0.0074771394535403,data/precomputed/fig04/official50_phase_model_metrics.csv,,,3MIDD_048,,,
flow/0000/045,,mean_S,0.0316117997333433,data/precomputed/fig04/official50_phase_model_metrics.csv,,,3MIDD_048,,,
flow/0000/046,,mean_S,-0.009235089489797,data/precomputed/fig04/official50_phase_model_metrics.csv,,,3MIDD_048,,,
flow/0000/047,,mean_S,-0.0126746219233352,data/precomputed/fig04/official50_phase_model_metrics.csv,,,3MIDD_048,,,
flow/0000/048,,mean_S,0.0167429991537918,data/precomputed/fig04/official50_phase_model_metrics.csv,,,3MIDD_048,,,
flow/0000/049,,mean_S,0.0114012387706957,data/precomputed/fig04/official50_phase_model_metrics.csv,,,3MIDD_048,,,
flow/0000/000,,reversal_of_phase_averaged_pair,1.0,data/precomputed/fig04/official50_phase_model_metrics.csv,,,3MIDD_048,,,
flow/0000/001,,reversal_of_phase_averaged_pair,0.0,data/precomputed/fig04/official50_phase_model_metrics.csv,,,3MIDD_048,,,
flow/0000/002,,reversal_of_phase_averaged_pair,0.0,data/precomputed/fig04/official50_phase_model_metrics.csv,,,3MIDD_048,,,
flow/0000/003,,reversal_of_phase_averaged_pair,1.0,data/precomputed/fig04/official50_phase_model_metrics.csv,,,3MIDD_048,,,
flow/0000/004,,reversal_of_phase_averaged_pair,0.0,data/precomputed/fig04/official50_phase_model_metrics.csv,,,3MIDD_048,,,
flow/0000/005,,reversal_of_phase_averaged_pair,1.0,data/precomputed/fig04/official50_phase_model_metrics.csv,,,3MIDD_048,,,
flow/0000/006,,reversal_of_phase_averaged_pair,1.0,data/precomputed/fig04/official50_phase_model_metrics.csv,,,3MIDD_048,,,
flow/0000/007,,reversal_of_phase_averaged_pair,1.0,data/precomputed/fig04/official50_phase_model_metrics.csv,,,3MIDD_048,,,
flow/0000/008,,reversal_of_phase_averaged_pair,1.0,data/precomputed/fig04/official50_phase_model_metrics.csv,,,3MIDD_048,,,
flow/0000/009,,reversal_of_phase_averaged_pair,0.0,data/precomputed/fig04/official50_phase_model_metrics.csv,,,3MIDD_048,,,
flow/0000/010,,reversal_of_phase_averaged_pair,1.0,data/precomputed/fig04/official50_phase_model_metrics.csv,,,3MIDD_048,,,
flow/0000/011,,reversal_of_phase_averaged_pair,0.0,data/precomputed/fig04/official50_phase_model_metrics.csv,,,3MIDD_048,,,
flow/0000/012,,reversal_of_phase_averaged_pair,0.0,data/precomputed/fig04/official50_phase_model_metrics.csv,,,3MIDD_048,,,
flow/0000/013,,reversal_of_phase_averaged_pair,1.0,data/precomputed/fig04/official50_phase_model_metrics.csv,,,3MIDD_048,,,
flow/0000/014,,reversal_of_phase_averaged_pair,0.0,data/precomputed/fig04/official50_phase_model_metrics.csv,,,3MIDD_048,,,
flow/0000/015,,reversal_of_phase_averaged_pair,1.0,data/precomputed/fig04/official50_phase_model_metrics.csv,,,3MIDD_048,,,
flow/0000/016,,reversal_of_phase_averaged_pair,1.0,data/precomputed/fig04/official50_phase_model_metrics.csv,,,3MIDD_048,,,
flow/0000/017,,reversal_of_phase_averaged_pair,1.0,data/precomputed/fig04/official50_phase_model_metrics.csv,,,3MIDD_048,,,
flow/0000/018,,reversal_of_phase_averaged_pair,1.0,data/precomputed/fig04/official50_phase_model_metrics.csv,,,3MIDD_048,,,
flow/0000/019,,reversal_of_phase_averaged_pair,0.0,data/precomputed/fig04/official50_phase_model_metrics.csv,,,3MIDD_048,,,
flow/0000/020,,reversal_of_phase_averaged_pair,0.0,data/precomputed/fig04/official50_phase_model_metrics.csv,,,3MIDD_048,,,
flow/0000/021,,reversal_of_phase_averaged_pair,1.0,data/precomputed/fig04/official50_phase_model_metrics.csv,,,3MIDD_048,,,
flow/0000/022,,reversal_of_phase_averaged_pair,1.0,data/precomputed/fig04/official50_phase_model_metrics.csv,,,3MIDD_048,,,
flow/0000/023,,reversal_of_phase_averaged_pair,0.0,data/precomputed/fig04/official50_phase_model_metrics.csv,,,3MIDD_048,,,
flow/0000/024,,reversal_of_phase_averaged_pair,1.0,data/precomputed/fig04/official50_phase_model_metrics.csv,,,3MIDD_048,,,
flow/0000/025,,reversal_of_phase_averaged_pair,1.0,data/precomputed/fig04/official50_phase_model_metrics.csv,,,3MIDD_048,,,
flow/0000/026,,reversal_of_phase_averaged_pair,0.0,data/precomputed/fig04/official50_phase_model_metrics.csv,,,3MIDD_048,,,
flow/0000/027,,reversal_of_phase_averaged_pair,1.0,data/precomputed/fig04/official50_phase_model_metrics.csv,,,3MIDD_048,,,
flow/0000/028,,reversal_of_phase_averaged_pair,0.0,data/precomputed/fig04/official50_phase_model_metrics.csv,,,3MIDD_048,,,
flow/0000/029,,reversal_of_phase_averaged_pair,0.0,data/precomputed/fig04/official50_phase_model_metrics.csv,,,3MIDD_048,,,
flow/0000/030,,reversal_of_phase_averaged_pair,1.0,data/precomputed/fig04/official50_phase_model_metrics.csv,,,3MIDD_048,,,
flow/0000/031,,reversal_of_phase_averaged_pair,0.0,data/precomputed/fig04/official50_phase_model_metrics.csv,,,3MIDD_048,,,
flow/0000/032,,reversal_of_phase_averaged_pair,0.0,data/precomputed/fig04/official50_phase_model_metrics.csv,,,3MIDD_048,,,
flow/0000/033,,reversal_of_phase_averaged_pair,0.0,data/precomputed/fig04/official50_phase_model_metrics.csv,,,3MIDD_048,,,
flow/0000/034,,reversal_of_phase_averaged_pair,1.0,data/precomputed/fig04/official50_phase_model_metrics.csv,,,3MIDD_048,,,
flow/0000/035,,reversal_of_phase_averaged_pair,0.0,data/precomputed/fig04/official50_phase_model_metrics.csv,,,3MIDD_048,,,
flow/0000/036,,reversal_of_phase_averaged_pair,1.0,data/precomputed/fig04/official50_phase_model_metrics.csv,,,3MIDD_048,,,
flow/0000/037,,reversal_of_phase_averaged_pair,1.0,data/precomputed/fig04/official50_phase_model_metrics.csv,,,3MIDD_048,,,
flow/0000/038,,reversal_of_phase_averaged_pair,0.0,data/precomputed/fig04/official50_phase_model_metrics.csv,,,3MIDD_048,,,
flow/0000/039,,reversal_of_phase_averaged_pair,0.0,data/precomputed/fig04/official50_phase_model_metrics.csv,,,3MIDD_048,,,
flow/0000/040,,reversal_of_phase_averaged_pair,1.0,data/precomputed/fig04/official50_phase_model_metrics.csv,,,3MIDD_048,,,
flow/0000/041,,reversal_of_phase_averaged_pair,1.0,data/precomputed/fig04/official50_phase_model_metrics.csv,,,3MIDD_048,,,
flow/0000/042,,reversal_of_phase_averaged_pair,0.0,data/precomputed/fig04/official50_phase_model_metrics.csv,,,3MIDD_048,,,
flow/0000/043,,reversal_of_phase_averaged_pair,0.0,data/precomputed/fig04/official50_phase_model_metrics.csv,,,3MIDD_048,,,
flow/0000/044,,reversal_of_phase_averaged_pair,0.0,data/precomputed/fig04/official50_phase_model_metrics.csv,,,3MIDD_048,,,
flow/0000/045,,reversal_of_phase_averaged_pair,0.0,data/precomputed/fig04/official50_phase_model_metrics.csv,,,3MIDD_048,,,
flow/0000/046,,reversal_of_phase_averaged_pair,0.0,data/precomputed/fig04/official50_phase_model_metrics.csv,,,3MIDD_048,,,
flow/0000/047,,reversal_of_phase_averaged_pair,0.0,data/precomputed/fig04/official50_phase_model_metrics.csv,,,3MIDD_048,,,
flow/0000/048,,reversal_of_phase_averaged_pair,0.0,data/precomputed/fig04/official50_phase_model_metrics.csv,,,3MIDD_048,,,
flow/0000/049,,reversal_of_phase_averaged_pair,0.0,data/precomputed/fig04/official50_phase_model_metrics.csv,,,3MIDD_048,,,
flow/0000/000,,phase0_reversal,1.0,data/precomputed/fig04/official50_phase_model_metrics.csv,,,3MIDD_048,,,
flow/0000/001,,phase0_reversal,1.0,data/precomputed/fig04/official50_phase_model_metrics.csv,,,3MIDD_048,,,
flow/0000/002,,phase0_reversal,0.0,data/precomputed/fig04/official50_phase_model_metrics.csv,,,3MIDD_048,,,
flow/0000/003,,phase0_reversal,1.0,data/precomputed/fig04/official50_phase_model_metrics.csv,,,3MIDD_048,,,
flow/0000/004,,phase0_reversal,0.0,data/precomputed/fig04/official50_phase_model_metrics.csv,,,3MIDD_048,,,
flow/0000/005,,phase0_reversal,0.0,data/precomputed/fig04/official50_phase_model_metrics.csv,,,3MIDD_048,,,
flow/0000/006,,phase0_reversal,1.0,data/precomputed/fig04/official50_phase_model_metrics.csv,,,3MIDD_048,,,
flow/0000/007,,phase0_reversal,0.0,data/precomputed/fig04/official50_phase_model_metrics.csv,,,3MIDD_048,,,
flow/0000/008,,phase0_reversal,1.0,data/precomputed/fig04/official50_phase_model_metrics.csv,,,3MIDD_048,,,
flow/0000/009,,phase0_reversal,0.0,data/precomputed/fig04/official50_phase_model_metrics.csv,,,3MIDD_048,,,
flow/0000/010,,phase0_reversal,0.0,data/precomputed/fig04/official50_phase_model_metrics.csv,,,3MIDD_048,,,
flow/0000/011,,phase0_reversal,0.0,data/precomputed/fig04/official50_phase_model_metrics.csv,,,3MIDD_048,,,
flow/0000/012,,phase0_reversal,0.0,data/precomputed/fig04/official50_phase_model_metrics.csv,,,3MIDD_048,,,
flow/0000/013,,phase0_reversal,1.0,data/precomputed/fig04/official50_phase_model_metrics.csv,,,3MIDD_048,,,
flow/0000/014,,phase0_reversal,1.0,data/precomputed/fig04/official50_phase_model_metrics.csv,,,3MIDD_048,,,
flow/0000/015,,phase0_reversal,1.0,data/precomputed/fig04/official50_phase_model_metrics.csv,,,3MIDD_048,,,
flow/0000/016,,phase0_reversal,1.0,data/precomputed/fig04/official50_phase_model_metrics.csv,,,3MIDD_048,,,
flow/0000/017,,phase0_reversal,1.0,data/precomputed/fig04/official50_phase_model_metrics.csv,,,3MIDD_048,,,
flow/0000/018,,phase0_reversal,1.0,data/precomputed/fig04/official50_phase_model_metrics.csv,,,3MIDD_048,,,
flow/0000/019,,phase0_reversal,0.0,data/precomputed/fig04/official50_phase_model_metrics.csv,,,3MIDD_048,,,
flow/0000/020,,phase0_reversal,1.0,data/precomputed/fig04/official50_phase_model_metrics.csv,,,3MIDD_048,,,
flow/0000/021,,phase0_reversal,0.0,data/precomputed/fig04/official50_phase_model_metrics.csv,,,3MIDD_048,,,
flow/0000/022,,phase0_reversal,1.0,data/precomputed/fig04/official50_phase_model_metrics.csv,,,3MIDD_048,,,
flow/0000/023,,phase0_reversal,0.0,data/precomputed/fig04/official50_phase_model_metrics.csv,,,3MIDD_048,,,
flow/0000/024,,phase0_reversal,1.0,data/precomputed/fig04/official50_phase_model_metrics.csv,,,3MIDD_048,,,
flow/0000/025,,phase0_reversal,0.0,data/precomputed/fig04/official50_phase_model_metrics.csv,,,3MIDD_048,,,
flow/0000/026,,phase0_reversal,0.0,data/precomputed/fig04/official50_phase_model_metrics.csv,,,3MIDD_048,,,
flow/0000/027,,phase0_reversal,1.0,data/precomputed/fig04/official50_phase_model_metrics.csv,,,3MIDD_048,,,
flow/0000/028,,phase0_reversal,1.0,data/precomputed/fig04/official50_phase_model_metrics.csv,,,3MIDD_048,,,
flow/0000/029,,phase0_reversal,0.0,data/precomputed/fig04/official50_phase_model_metrics.csv,,,3MIDD_048,,,
flow/0000/030,,phase0_reversal,1.0,data/precomputed/fig04/official50_phase_model_metrics.csv,,,3MIDD_048,,,
flow/0000/031,,phase0_reversal,0.0,data/precomputed/fig04/official50_phase_model_metrics.csv,,,3MIDD_048,,,
flow/0000/032,,phase0_reversal,0.0,data/precomputed/fig04/official50_phase_model_metrics.csv,,,3MIDD_048,,,
flow/0000/033,,phase0_reversal,0.0,data/precomputed/fig04/official50_phase_model_metrics.csv,,,3MIDD_048,,,
flow/0000/034,,phase0_reversal,1.0,data/precomputed/fig04/official50_phase_model_metrics.csv,,,3MIDD_048,,,
flow/0000/035,,phase0_reversal,0.0,data/precomputed/fig04/official50_phase_model_metrics.csv,,,3MIDD_048,,,
flow/0000/036,,phase0_reversal,1.0,data/precomputed/fig04/official50_phase_model_metrics.csv,,,3MIDD_048,,,
flow/0000/037,,phase0_reversal,1.0,data/precomputed/fig04/official50_phase_model_metrics.csv,,,3MIDD_048,,,
flow/0000/038,,phase0_reversal,0.0,data/precomputed/fig04/official50_phase_model_metrics.csv,,,3MIDD_048,,,
flow/0000/039,,phase0_reversal,0.0,data/precomputed/fig04/official50_phase_model_metrics.csv,,,3MIDD_048,,,
flow/0000/040,,phase0_reversal,0.0,data/precomputed/fig04/official50_phase_model_metrics.csv,,,3MIDD_048,,,
flow/0000/041,,phase0_reversal,1.0,data/precomputed/fig04/official50_phase_model_metrics.csv,,,3MIDD_048,,,
flow/0000/042,,phase0_reversal,0.0,data/precomputed/fig04/official50_phase_model_metrics.csv,,,3MIDD_048,,,
flow/0000/043,,phase0_reversal,0.0,data/precomputed/fig04/official50_phase_model_metrics.csv,,,3MIDD_048,,,
flow/0000/044,,phase0_reversal,0.0,data/precomputed/fig04/official50_phase_model_metrics.csv,,,3MIDD_048,,,
flow/0000/045,,phase0_reversal,0.0,data/precomputed/fig04/official50_phase_model_metrics.csv,,,3MIDD_048,,,
flow/0000/046,,phase0_reversal,0.0,data/precomputed/fig04/official50_phase_model_metrics.csv,,,3MIDD_048,,,
flow/0000/047,,phase0_reversal,0.0,data/precomputed/fig04/official50_phase_model_metrics.csv,,,3MIDD_048,,,
flow/0000/048,,phase0_reversal,0.0,data/precomputed/fig04/official50_phase_model_metrics.csv,,,3MIDD_048,,,
flow/0000/049,,phase0_reversal,0.0,data/precomputed/fig04/official50_phase_model_metrics.csv,,,3MIDD_048,,,
flow/0000/000,,canonical_reflection_abs_A,0.0011294025853372,data/precomputed/fig02/official50_shuffle_model_metrics.csv,,,3MIDD_048,,,
flow/0000/000,,canonical_reflection_abs_A,0.0038044742911878,data/precomputed/fig02/official50_shuffle_model_metrics.csv,,,3MIDD_207,,,
flow/0000/000,,canonical_reflection_abs_A,0.0022368142400299,data/precomputed/fig02/official50_shuffle_model_metrics.csv,,,4MIDD_085_170,,,
flow/0000/001,,canonical_reflection_abs_A,0.0013648614499922,data/precomputed/fig02/official50_shuffle_model_metrics.csv,,,3MIDD_048,,,
flow/0000/001,,canonical_reflection_abs_A,0.0084715714052236,data/precomputed/fig02/official50_shuffle_model_metrics.csv,,,3MIDD_207,,,
flow/0000/001,,canonical_reflection_abs_A,0.0003852255004237,data/precomputed/fig02/official50_shuffle_model_metrics.csv,,,4MIDD_085_170,,,
flow/0000/002,,canonical_reflection_abs_A,0.0116298269280326,data/precomputed/fig02/official50_shuffle_model_metrics.csv,,,3MIDD_048,,,
flow/0000/002,,canonical_reflection_abs_A,0.0021701318439681,data/precomputed/fig02/official50_shuffle_model_metrics.csv,,,3MIDD_207,,,
flow/0000/002,,canonical_reflection_abs_A,0.0031783944285282,data/precomputed/fig02/official50_shuffle_model_metrics.csv,,,4MIDD_085_170,,,
flow/0000/003,,canonical_reflection_abs_A,0.0307873761813178,data/precomputed/fig02/official50_shuffle_model_metrics.csv,,,3MIDD_048,,,
flow/0000/003,,canonical_reflection_abs_A,0.0171735649023584,data/precomputed/fig02/official50_shuffle_model_metrics.csv,,,3MIDD_207,,,
flow/0000/003,,canonical_reflection_abs_A,0.0102999538609755,data/precomputed/fig02/official50_shuffle_model_metrics.csv,,,4MIDD_085_170,,,
flow/0000/004,,canonical_reflection_abs_A,7.911203381824952e-05,data/precomputed/fig02/official50_shuffle_model_metrics.csv,,,3MIDD_048,,,
flow/0000/004,,canonical_reflection_abs_A,0.0125004774495709,data/precomputed/fig02/official50_shuffle_model_metrics.csv,,,3MIDD_207,,,
flow/0000/004,,canonical_reflection_abs_A,7.001787106559847e-05,data/precomputed/fig02/official50_shuffle_model_metrics.csv,,,4MIDD_085_170,,,
flow/0000/005,,canonical_reflection_abs_A,0.0091252127312672,data/precomputed/fig02/official50_shuffle_model_metrics.csv,,,3MIDD_048,,,
flow/0000/005,,canonical_reflection_abs_A,0.0529974789901305,data/precomputed/fig02/official50_shuffle_model_metrics.csv,,,3MIDD_207,,,
flow/0000/005,,canonical_reflection_abs_A,0.0011925628329846,data/precomputed/fig02/official50_shuffle_model_metrics.csv,,,4MIDD_085_170,,,
flow/0000/006,,canonical_reflection_abs_A,0.0216354687938739,data/precomputed/fig02/official50_shuffle_model_metrics.csv,,,3MIDD_048,,,
flow/0000/006,,canonical_reflection_abs_A,0.0055929042635927,data/precomputed/fig02/official50_shuffle_model_metrics.csv,,,3MIDD_207,,,
flow/0000/006,,canonical_reflection_abs_A,0.0099892466013126,data/precomputed/fig02/official50_shuffle_model_metrics.csv,,,4MIDD_085_170,,,
flow/0000/007,,canonical_reflection_abs_A,0.0012713297348563,data/precomputed/fig02/official50_shuffle_model_metrics.csv,,,3MIDD_048,,,
flow/0000/007,,canonical_reflection_abs_A,0.0129264441754203,data/precomputed/fig02/official50_shuffle_model_metrics.csv,,,3MIDD_207,,,
flow/0000/007,,canonical_reflection_abs_A,0.0033471505433105,data/precomputed/fig02/official50_shuffle_model_metrics.csv,,,4MIDD_085_170,,,
flow/0000/008,,canonical_reflection_abs_A,0.0073647611937955,data/precomputed/fig02/official50_shuffle_model_metrics.csv,,,3MIDD_048,,,
flow/0000/008,,canonical_reflection_abs_A,0.0152086327878333,data/precomputed/fig02/official50_shuffle_model_metrics.csv,,,3MIDD_207,,,
flow/0000/008,,canonical_reflection_abs_A,0.0024263542386823,data/precomputed/fig02/official50_shuffle_model_metrics.csv,,,4MIDD_085_170,,,
flow/0000/009,,canonical_reflection_abs_A,0.0087933152874957,data/precomputed/fig02/official50_shuffle_model_metrics.csv,,,3MIDD_048,,,
flow/0000/009,,canonical_reflection_abs_A,0.0076941690814842,data/precomputed/fig02/official50_shuffle_model_metrics.csv,,,3MIDD_207,,,
flow/0000/009,,canonical_reflection_abs_A,0.0005998233178361,data/precomputed/fig02/official50_shuffle_model_metrics.csv,,,4MIDD_085_170,,,
flow/0000/010,,canonical_reflection_abs_A,0.0007524980115609,data/precomputed/fig02/official50_shuffle_model_metrics.csv,,,3MIDD_048,,,
flow/0000/010,,canonical_reflection_abs_A,0.0222743096252099,data/precomputed/fig02/official50_shuffle_model_metrics.csv,,,3MIDD_207,,,
flow/0000/010,,canonical_reflection_abs_A,0.0053619182510634,data/precomputed/fig02/official50_shuffle_model_metrics.csv,,,4MIDD_085_170,,,
flow/0000/011,,canonical_reflection_abs_A,0.0026260343791203,data/precomputed/fig02/official50_shuffle_model_metrics.csv,,,3MIDD_048,,,
flow/0000/011,,canonical_reflection_abs_A,0.0160189012840498,data/precomputed/fig02/official50_shuffle_model_metrics.csv,,,3MIDD_207,,,
flow/0000/011,,canonical_reflection_abs_A,0.0050728817671288,data/precomputed/fig02/official50_shuffle_model_metrics.csv,,,4MIDD_085_170,,,
flow/0000/012,,canonical_reflection_abs_A,0.0199410165400353,data/precomputed/fig02/official50_shuffle_model_metrics.csv,,,3MIDD_048,,,
flow/0000/012,,canonical_reflection_abs_A,0.0136969872300798,data/precomputed/fig02/official50_shuffle_model_metrics.csv,,,3MIDD_207,,,
flow/0000/012,,canonical_reflection_abs_A,0.0031489961345452,data/precomputed/fig02/official50_shuffle_model_metrics.csv,,,4MIDD_085_170,,,
flow/0000/013,,canonical_reflection_abs_A,0.0086554176187969,data/precomputed/fig02/official50_shuffle_model_metrics.csv,,,3MIDD_048,,,
flow/0000/013,,canonical_reflection_abs_A,0.0023617263611896,data/precomputed/fig02/official50_shuffle_model_metrics.csv,,,3MIDD_207,,,
flow/0000/013,,canonical_reflection_abs_A,0.000333076053231,data/precomputed/fig02/official50_shuffle_model_metrics.csv,,,4MIDD_085_170,,,
flow/0000/014,,canonical_reflection_abs_A,0.0187404570692614,data/precomputed/fig02/official50_shuffle_model_metrics.csv,,,3MIDD_048,,,
flow/0000/014,,canonical_reflection_abs_A,0.0129388409801224,data/precomputed/fig02/official50_shuffle_model_metrics.csv,,,3MIDD_207,,,
flow/0000/014,,canonical_reflection_abs_A,0.0057102460878825,data/precomputed/fig02/official50_shuffle_model_metrics.csv,,,4MIDD_085_170,,,
flow/0000/015,,canonical_reflection_abs_A,0.0090760049783281,data/precomputed/fig02/official50_shuffle_model_metrics.csv,,,3MIDD_048,,,
flow/0000/015,,canonical_reflection_abs_A,0.0004640719415324,data/precomputed/fig02/official50_shuffle_model_metrics.csv,,,3MIDD_207,,,
flow/0000/015,,canonical_reflection_abs_A,0.0005324865578401,data/precomputed/fig02/official50_shuffle_model_metrics.csv,,,4MIDD_085_170,,,
flow/0000/016,,canonical_reflection_abs_A,0.0068279777938163,data/precomputed/fig02/official50_shuffle_model_metrics.csv,,,3MIDD_048,,,
flow/0000/016,,canonical_reflection_abs_A,0.0233112104736905,data/precomputed/fig02/official50_shuffle_model_metrics.csv,,,3MIDD_207,,,
flow/0000/016,,canonical_reflection_abs_A,0.0016948881022722,data/precomputed/fig02/official50_shuffle_model_metrics.csv,,,4MIDD_085_170,,,
flow/0000/017,,canonical_reflection_abs_A,0.0328456583863369,data/precomputed/fig02/official50_shuffle_model_metrics.csv,,,3MIDD_048,,,
flow/0000/017,,canonical_reflection_abs_A,0.0332681815064024,data/precomputed/fig02/official50_shuffle_model_metrics.csv,,,3MIDD_207,,,
flow/0000/017,,canonical_reflection_abs_A,0.0054404836198236,data/precomputed/fig02/official50_shuffle_model_metrics.csv,,,4MIDD_085_170,,,
flow/0000/018,,canonical_reflection_abs_A,0.0117109173434183,data/precomputed/fig02/official50_shuffle_model_metrics.csv,,,3MIDD_048,,,
flow/0000/018,,canonical_reflection_abs_A,0.0046749323024914,data/precomputed/fig02/official50_shuffle_model_metrics.csv,,,3MIDD_207,,,
flow/0000/018,,canonical_reflection_abs_A,0.004092982910884,data/precomputed/fig02/official50_shuffle_model_metrics.csv,,,4MIDD_085_170,,,
flow/0000/019,,canonical_reflection_abs_A,0.0135571347189805,data/precomputed/fig02/official50_shuffle_model_metrics.csv,,,3MIDD_048,,,
flow/0000/019,,canonical_reflection_abs_A,0.0015263403408826,data/precomputed/fig02/official50_shuffle_model_metrics.csv,,,3MIDD_207,,,
flow/0000/019,,canonical_reflection_abs_A,0.0015482228193201,data/precomputed/fig02/official50_shuffle_model_metrics.csv,,,4MIDD_085_170,,,
flow/0000/020,,canonical_reflection_abs_A,0.0051107632734327,data/precomputed/fig02/official50_shuffle_model_metrics.csv,,,3MIDD_048,,,
flow/0000/020,,canonical_reflection_abs_A,0.0058403987621469,data/precomputed/fig02/official50_shuffle_model_metrics.csv,,,3MIDD_207,,,
flow/0000/020,,canonical_reflection_abs_A,0.0041128177730374,data/precomputed/fig02/official50_shuffle_model_metrics.csv,,,4MIDD_085_170,,,
flow/0000/021,,canonical_reflection_abs_A,0.0079725294458291,data/precomputed/fig02/official50_shuffle_model_metrics.csv,,,3MIDD_048,,,
flow/0000/021,,canonical_reflection_abs_A,0.0091835023007951,data/precomputed/fig02/official50_shuffle_model_metrics.csv,,,3MIDD_207,,,
flow/0000/021,,canonical_reflection_abs_A,0.0014320006612569,data/precomputed/fig02/official50_shuffle_model_metrics.csv,,,4MIDD_085_170,,,
flow/0000/022,,canonical_reflection_abs_A,0.0058335381336295,data/precomputed/fig02/official50_shuffle_model_metrics.csv,,,3MIDD_048,,,
flow/0000/022,,canonical_reflection_abs_A,0.0123555603603247,data/precomputed/fig02/official50_shuffle_model_metrics.csv,,,3MIDD_207,,,
flow/0000/022,,canonical_reflection_abs_A,0.003742350604075,data/precomputed/fig02/official50_shuffle_model_metrics.csv,,,4MIDD_085_170,,,
flow/0000/023,,canonical_reflection_abs_A,0.0012885381272644,data/precomputed/fig02/official50_shuffle_model_metrics.csv,,,3MIDD_048,,,
flow/0000/023,,canonical_reflection_abs_A,0.0072471476342191,data/precomputed/fig02/official50_shuffle_model_metrics.csv,,,3MIDD_207,,,
flow/0000/023,,canonical_reflection_abs_A,0.0023181122515831,data/precomputed/fig02/official50_shuffle_model_metrics.csv,,,4MIDD_085_170,,,
flow/0000/024,,canonical_reflection_abs_A,0.0275349417128425,data/precomputed/fig02/official50_shuffle_model_metrics.csv,,,3MIDD_048,,,
flow/0000/024,,canonical_reflection_abs_A,0.0213800771826648,data/precomputed/fig02/official50_shuffle_model_metrics.csv,,,3MIDD_207,,,
flow/0000/024,,canonical_reflection_abs_A,0.0006852165905913,data/precomputed/fig02/official50_shuffle_model_metrics.csv,,,4MIDD_085_170,,,
flow/0000/025,,canonical_reflection_abs_A,0.0061256588538582,data/precomputed/fig02/official50_shuffle_model_metrics.csv,,,3MIDD_048,,,
flow/0000/025,,canonical_reflection_abs_A,0.0002061013665976,data/precomputed/fig02/official50_shuffle_model_metrics.csv,,,3MIDD_207,,,
flow/0000/025,,canonical_reflection_abs_A,0.0010668021368172,data/precomputed/fig02/official50_shuffle_model_metrics.csv,,,4MIDD_085_170,,,
flow/0000/026,,canonical_reflection_abs_A,0.0034860023062009,data/precomputed/fig02/official50_shuffle_model_metrics.csv,,,3MIDD_048,,,
flow/0000/026,,canonical_reflection_abs_A,0.0089447240656382,data/precomputed/fig02/official50_shuffle_model_metrics.csv,,,3MIDD_207,,,
flow/0000/026,,canonical_reflection_abs_A,0.0049333300239539,data/precomputed/fig02/official50_shuffle_model_metrics.csv,,,4MIDD_085_170,,,
flow/0000/027,,canonical_reflection_abs_A,0.0518978559234538,data/precomputed/fig02/official50_shuffle_model_metrics.csv,,,3MIDD_048,,,
flow/0000/027,,canonical_reflection_abs_A,0.0261439176161558,data/precomputed/fig02/official50_shuffle_model_metrics.csv,,,3MIDD_207,,,
flow/0000/027,,canonical_reflection_abs_A,0.0173230484148358,data/precomputed/fig02/official50_shuffle_model_metrics.csv,,,4MIDD_085_170,,,
flow/0000/028,,canonical_reflection_abs_A,0.0037527383387398,data/precomputed/fig02/official50_shuffle_model_metrics.csv,,,3MIDD_048,,,
flow/0000/028,,canonical_reflection_abs_A,0.0095239929659611,data/precomputed/fig02/official50_shuffle_model_metrics.csv,,,3MIDD_207,,,
flow/0000/028,,canonical_reflection_abs_A,0.0063862856482632,data/precomputed/fig02/official50_shuffle_model_metrics.csv,,,4MIDD_085_170,,,
flow/0000/029,,canonical_reflection_abs_A,0.016409871400375,data/precomputed/fig02/official50_shuffle_model_metrics.csv,,,3MIDD_048,,,
flow/0000/029,,canonical_reflection_abs_A,0.0008058514439429,data/precomputed/fig02/official50_shuffle_model_metrics.csv,,,3MIDD_207,,,
flow/0000/029,,canonical_reflection_abs_A,0.0028267506975594,data/precomputed/fig02/official50_shuffle_model_metrics.csv,,,4MIDD_085_170,,,
flow/0000/030,,canonical_reflection_abs_A,0.0291770838530679,data/precomputed/fig02/official50_shuffle_model_metrics.csv,,,3MIDD_048,,,
flow/0000/030,,canonical_reflection_abs_A,0.0108897244217204,data/precomputed/fig02/official50_shuffle_model_metrics.csv,,,3MIDD_207,,,
flow/0000/030,,canonical_reflection_abs_A,0.0036918805501188,data/precomputed/fig02/official50_shuffle_model_metrics.csv,,,4MIDD_085_170,,,
flow/0000/031,,canonical_reflection_abs_A,0.0013907344793953,data/precomputed/fig02/official50_shuffle_model_metrics.csv,,,3MIDD_048,,,
flow/0000/031,,canonical_reflection_abs_A,0.0203445446939389,data/precomputed/fig02/official50_shuffle_model_metrics.csv,,,3MIDD_207,,,
flow/0000/031,,canonical_reflection_abs_A,0.0092895517849898,data/precomputed/fig02/official50_shuffle_model_metrics.csv,,,4MIDD_085_170,,,
flow/0000/032,,canonical_reflection_abs_A,0.003608568239576,data/precomputed/fig02/official50_shuffle_model_metrics.csv,,,3MIDD_048,,,
flow/0000/032,,canonical_reflection_abs_A,0.0055361379017781,data/precomputed/fig02/official50_shuffle_model_metrics.csv,,,3MIDD_207,,,
flow/0000/032,,canonical_reflection_abs_A,0.0028615757799799,data/precomputed/fig02/official50_shuffle_model_metrics.csv,,,4MIDD_085_170,,,
flow/0000/033,,canonical_reflection_abs_A,0.0022774856762392,data/precomputed/fig02/official50_shuffle_model_metrics.csv,,,3MIDD_048,,,
flow/0000/033,,canonical_reflection_abs_A,0.0090819205809322,data/precomputed/fig02/official50_shuffle_model_metrics.csv,,,3MIDD_207,,,
flow/0000/033,,canonical_reflection_abs_A,0.0029409266431873,data/precomputed/fig02/official50_shuffle_model_metrics.csv,,,4MIDD_085_170,,,
flow/0000/034,,canonical_reflection_abs_A,0.0079458623417788,data/precomputed/fig02/official50_shuffle_model_metrics.csv,,,3MIDD_048,,,
flow/0000/034,,canonical_reflection_abs_A,0.0015598299241585,data/precomputed/fig02/official50_shuffle_model_metrics.csv,,,3MIDD_207,,,
flow/0000/034,,canonical_reflection_abs_A,0.006121239879468,data/precomputed/fig02/official50_shuffle_model_metrics.csv,,,4MIDD_085_170,,,
flow/0000/035,,canonical_reflection_abs_A,0.0077723878346583,data/precomputed/fig02/official50_shuffle_model_metrics.csv,,,3MIDD_048,,,
flow/0000/035,,canonical_reflection_abs_A,0.0023074781199806,data/precomputed/fig02/official50_shuffle_model_metrics.csv,,,3MIDD_207,,,
flow/0000/035,,canonical_reflection_abs_A,0.0022743113903957,data/precomputed/fig02/official50_shuffle_model_metrics.csv,,,4MIDD_085_170,,,
flow/0000/036,,canonical_reflection_abs_A,0.0660516007621706,data/precomputed/fig02/official50_shuffle_model_metrics.csv,,,3MIDD_048,,,
flow/0000/036,,canonical_reflection_abs_A,0.0027314311240342,data/precomputed/fig02/official50_shuffle_model_metrics.csv,,,3MIDD_207,,,
flow/0000/036,,canonical_reflection_abs_A,0.0063733152019953,data/precomputed/fig02/official50_shuffle_model_metrics.csv,,,4MIDD_085_170,,,
flow/0000/037,,canonical_reflection_abs_A,0.0153173057528557,data/precomputed/fig02/official50_shuffle_model_metrics.csv,,,3MIDD_048,,,
flow/0000/037,,canonical_reflection_abs_A,0.0022263314081975,data/precomputed/fig02/official50_shuffle_model_metrics.csv,,,3MIDD_207,,,
flow/0000/037,,canonical_reflection_abs_A,0.0065405661984855,data/precomputed/fig02/official50_shuffle_model_metrics.csv,,,4MIDD_085_170,,,
flow/0000/038,,canonical_reflection_abs_A,0.0054262800598629,data/precomputed/fig02/official50_shuffle_model_metrics.csv,,,3MIDD_048,,,
flow/0000/038,,canonical_reflection_abs_A,0.0038144066573872,data/precomputed/fig02/official50_shuffle_model_metrics.csv,,,3MIDD_207,,,
flow/0000/038,,canonical_reflection_abs_A,0.0025214219334074,data/precomputed/fig02/official50_shuffle_model_metrics.csv,,,4MIDD_085_170,,,
flow/0000/039,,canonical_reflection_abs_A,0.0031818002148863,data/precomputed/fig02/official50_shuffle_model_metrics.csv,,,3MIDD_048,,,
flow/0000/039,,canonical_reflection_abs_A,0.0035008871664532,data/precomputed/fig02/official50_shuffle_model_metrics.csv,,,3MIDD_207,,,
flow/0000/039,,canonical_reflection_abs_A,0.0006735152866767,data/precomputed/fig02/official50_shuffle_model_metrics.csv,,,4MIDD_085_170,,,
flow/0000/040,,canonical_reflection_abs_A,0.0035640364552496,data/precomputed/fig02/official50_shuffle_model_metrics.csv,,,3MIDD_048,,,
flow/0000/040,,canonical_reflection_abs_A,0.0053270283167928,data/precomputed/fig02/official50_shuffle_model_metrics.csv,,,3MIDD_207,,,
flow/0000/040,,canonical_reflection_abs_A,0.0019005740403281,data/precomputed/fig02/official50_shuffle_model_metrics.csv,,,4MIDD_085_170,,,
flow/0000/041,,canonical_reflection_abs_A,0.0071536916306419,data/precomputed/fig02/official50_shuffle_model_metrics.csv,,,3MIDD_048,,,
flow/0000/041,,canonical_reflection_abs_A,0.0062602124435467,data/precomputed/fig02/official50_shuffle_model_metrics.csv,,,3MIDD_207,,,
flow/0000/041,,canonical_reflection_abs_A,0.0015516147897619,data/precomputed/fig02/official50_shuffle_model_metrics.csv,,,4MIDD_085_170,,,
flow/0000/042,,canonical_reflection_abs_A,0.0017440768350624,data/precomputed/fig02/official50_shuffle_model_metrics.csv,,,3MIDD_048,,,
flow/0000/042,,canonical_reflection_abs_A,0.000993879746148,data/precomputed/fig02/official50_shuffle_model_metrics.csv,,,3MIDD_207,,,
flow/0000/042,,canonical_reflection_abs_A,0.0027181839184623,data/precomputed/fig02/official50_shuffle_model_metrics.csv,,,4MIDD_085_170,,,
flow/0000/043,,canonical_reflection_abs_A,0.0007137543216753,data/precomputed/fig02/official50_shuffle_model_metrics.csv,,,3MIDD_048,,,
flow/0000/043,,canonical_reflection_abs_A,0.0045894316268663,data/precomputed/fig02/official50_shuffle_model_metrics.csv,,,3MIDD_207,,,
flow/0000/043,,canonical_reflection_abs_A,0.0014209655837583,data/precomputed/fig02/official50_shuffle_model_metrics.csv,,,4MIDD_085_170,,,
flow/0000/044,,canonical_reflection_abs_A,0.0055010818506141,data/precomputed/fig02/official50_shuffle_model_metrics.csv,,,3MIDD_048,,,
flow/0000/044,,canonical_reflection_abs_A,0.0093061549912596,data/precomputed/fig02/official50_shuffle_model_metrics.csv,,,3MIDD_207,,,
flow/0000/044,,canonical_reflection_abs_A,0.0038076436234888,data/precomputed/fig02/official50_shuffle_model_metrics.csv,,,4MIDD_085_170,,,
flow/0000/045,,canonical_reflection_abs_A,0.0076118627989203,data/precomputed/fig02/official50_shuffle_model_metrics.csv,,,3MIDD_048,,,
flow/0000/045,,canonical_reflection_abs_A,0.0029052390744817,data/precomputed/fig02/official50_shuffle_model_metrics.csv,,,3MIDD_207,,,
flow/0000/045,,canonical_reflection_abs_A,0.0005305472696822,data/precomputed/fig02/official50_shuffle_model_metrics.csv,,,4MIDD_085_170,,,
flow/0000/046,,canonical_reflection_abs_A,0.0009224472042117,data/precomputed/fig02/official50_shuffle_model_metrics.csv,,,3MIDD_048,,,
flow/0000/046,,canonical_reflection_abs_A,0.0023491361712957,data/precomputed/fig02/official50_shuffle_model_metrics.csv,,,3MIDD_207,,,
flow/0000/046,,canonical_reflection_abs_A,0.0012680260821885,data/precomputed/fig02/official50_shuffle_model_metrics.csv,,,4MIDD_085_170,,,
flow/0000/047,,canonical_reflection_abs_A,0.0071114303461838,data/precomputed/fig02/official50_shuffle_model_metrics.csv,,,3MIDD_048,,,
flow/0000/047,,canonical_reflection_abs_A,0.0032246418214757,data/precomputed/fig02/official50_shuffle_model_metrics.csv,,,3MIDD_207,,,
flow/0000/047,,canonical_reflection_abs_A,0.0010262060274283,data/precomputed/fig02/official50_shuffle_model_metrics.csv,,,4MIDD_085_170,,,
flow/0000/048,,canonical_reflection_abs_A,0.0070628912477792,data/precomputed/fig02/official50_shuffle_model_metrics.csv,,,3MIDD_048,,,
flow/0000/048,,canonical_reflection_abs_A,0.0015905941721319,data/precomputed/fig02/official50_shuffle_model_metrics.csv,,,3MIDD_207,,,
flow/0000/048,,canonical_reflection_abs_A,0.0005175211871789,data/precomputed/fig02/official50_shuffle_model_metrics.csv,,,4MIDD_085_170,,,
flow/0000/049,,canonical_reflection_abs_A,0.0002391462238699,data/precomputed/fig02/official50_shuffle_model_metrics.csv,,,3MIDD_048,,,
flow/0000/049,,canonical_reflection_abs_A,0.0005133966796375,data/precomputed/fig02/official50_shuffle_model_metrics.csv,,,3MIDD_207,,,
flow/0000/049,,canonical_reflection_abs_A,0.0004806277193862,data/precomputed/fig02/official50_shuffle_model_metrics.csv,,,4MIDD_085_170,,,
flow/0000/000,,canonical_reflection_abs_A_norm,0.0059208879307201,data/precomputed/fig02/official50_shuffle_model_metrics.csv,,,3MIDD_048,,,
flow/0000/000,,canonical_reflection_abs_A_norm,0.0264819458691795,data/precomputed/fig02/official50_shuffle_model_metrics.csv,,,3MIDD_207,,,
flow/0000/000,,canonical_reflection_abs_A_norm,0.0146795632533423,data/precomputed/fig02/official50_shuffle_model_metrics.csv,,,4MIDD_085_170,,,
flow/0000/001,,canonical_reflection_abs_A_norm,0.0088603201980747,data/precomputed/fig02/official50_shuffle_model_metrics.csv,,,3MIDD_048,,,
flow/0000/001,,canonical_reflection_abs_A_norm,0.0529227880217742,data/precomputed/fig02/official50_shuffle_model_metrics.csv,,,3MIDD_207,,,
flow/0000/001,,canonical_reflection_abs_A_norm,0.0024397236956697,data/precomputed/fig02/official50_shuffle_model_metrics.csv,,,4MIDD_085_170,,,
flow/0000/002,,canonical_reflection_abs_A_norm,0.0973684657434803,data/precomputed/fig02/official50_shuffle_model_metrics.csv,,,3MIDD_048,,,
flow/0000/002,,canonical_reflection_abs_A_norm,0.0135412833559925,data/precomputed/fig02/official50_shuffle_model_metrics.csv,,,3MIDD_207,,,
flow/0000/002,,canonical_reflection_abs_A_norm,0.0246943264538367,data/precomputed/fig02/official50_shuffle_model_metrics.csv,,,4MIDD_085_170,,,
flow/0000/003,,canonical_reflection_abs_A_norm,0.2670823274976631,data/precomputed/fig02/official50_shuffle_model_metrics.csv,,,3MIDD_048,,,
flow/0000/003,,canonical_reflection_abs_A_norm,0.1173307256387705,data/precomputed/fig02/official50_shuffle_model_metrics.csv,,,3MIDD_207,,,
flow/0000/003,,canonical_reflection_abs_A_norm,0.0752006280239972,data/precomputed/fig02/official50_shuffle_model_metrics.csv,,,4MIDD_085_170,,,
flow/0000/004,,canonical_reflection_abs_A_norm,0.0003122644009787,data/precomputed/fig02/official50_shuffle_model_metrics.csv,,,3MIDD_048,,,
flow/0000/004,,canonical_reflection_abs_A_norm,0.0632369150143858,data/precomputed/fig02/official50_shuffle_model_metrics.csv,,,3MIDD_207,,,
flow/0000/004,,canonical_reflection_abs_A_norm,0.0003018626666756,data/precomputed/fig02/official50_shuffle_model_metrics.csv,,,4MIDD_085_170,,,
flow/0000/005,,canonical_reflection_abs_A_norm,0.0777883490830355,data/precomputed/fig02/official50_shuffle_model_metrics.csv,,,3MIDD_048,,,
flow/0000/005,,canonical_reflection_abs_A_norm,0.294728049647747,data/precomputed/fig02/official50_shuffle_model_metrics.csv,,,3MIDD_207,,,
flow/0000/005,,canonical_reflection_abs_A_norm,0.0081901093537073,data/precomputed/fig02/official50_shuffle_model_metrics.csv,,,4MIDD_085_170,,,
flow/0000/006,,canonical_reflection_abs_A_norm,0.1663035170882733,data/precomputed/fig02/official50_shuffle_model_metrics.csv,,,3MIDD_048,,,
flow/0000/006,,canonical_reflection_abs_A_norm,0.0345981946230956,data/precomputed/fig02/official50_shuffle_model_metrics.csv,,,3MIDD_207,,,
flow/0000/006,,canonical_reflection_abs_A_norm,0.0772240152719808,data/precomputed/fig02/official50_shuffle_model_metrics.csv,,,4MIDD_085_170,,,
flow/0000/007,,canonical_reflection_abs_A_norm,0.005918164305405,data/precomputed/fig02/official50_shuffle_model_metrics.csv,,,3MIDD_048,,,
flow/0000/007,,canonical_reflection_abs_A_norm,0.0537537768640122,data/precomputed/fig02/official50_shuffle_model_metrics.csv,,,3MIDD_207,,,
flow/0000/007,,canonical_reflection_abs_A_norm,0.015124111025214,data/precomputed/fig02/official50_shuffle_model_metrics.csv,,,4MIDD_085_170,,,
flow/0000/008,,canonical_reflection_abs_A_norm,0.0458304387203292,data/precomputed/fig02/official50_shuffle_model_metrics.csv,,,3MIDD_048,,,
flow/0000/008,,canonical_reflection_abs_A_norm,0.0703105463603575,data/precomputed/fig02/official50_shuffle_model_metrics.csv,,,3MIDD_207,,,
flow/0000/008,,canonical_reflection_abs_A_norm,0.0125198708034072,data/precomputed/fig02/official50_shuffle_model_metrics.csv,,,4MIDD_085_170,,,
flow/0000/009,,canonical_reflection_abs_A_norm,0.0428910291945362,data/precomputed/fig02/official50_shuffle_model_metrics.csv,,,3MIDD_048,,,
flow/0000/009,,canonical_reflection_abs_A_norm,0.0331785134084604,data/precomputed/fig02/official50_shuffle_model_metrics.csv,,,3MIDD_207,,,
flow/0000/009,,canonical_reflection_abs_A_norm,0.0026488642950306,data/precomputed/fig02/official50_shuffle_model_metrics.csv,,,4MIDD_085_170,,,
flow/0000/010,,canonical_reflection_abs_A_norm,0.0046817493778315,data/precomputed/fig02/official50_shuffle_model_metrics.csv,,,3MIDD_048,,,
flow/0000/010,,canonical_reflection_abs_A_norm,0.0847369198937951,data/precomputed/fig02/official50_shuffle_model_metrics.csv,,,3MIDD_207,,,
flow/0000/010,,canonical_reflection_abs_A_norm,0.0289008622322778,data/precomputed/fig02/official50_shuffle_model_metrics.csv,,,4MIDD_085_170,,,
flow/0000/011,,canonical_reflection_abs_A_norm,0.0109593431826515,data/precomputed/fig02/official50_shuffle_model_metrics.csv,,,3MIDD_048,,,
flow/0000/011,,canonical_reflection_abs_A_norm,0.062417440403673,data/precomputed/fig02/official50_shuffle_model_metrics.csv,,,3MIDD_207,,,
flow/0000/011,,canonical_reflection_abs_A_norm,0.0192601854819358,data/precomputed/fig02/official50_shuffle_model_metrics.csv,,,4MIDD_085_170,,,
flow/0000/012,,canonical_reflection_abs_A_norm,0.0684851253021501,data/precomputed/fig02/official50_shuffle_model_metrics.csv,,,3MIDD_048,,,
flow/0000/012,,canonical_reflection_abs_A_norm,0.0599659951021416,data/precomputed/fig02/official50_shuffle_model_metrics.csv,,,3MIDD_207,,,
flow/0000/012,,canonical_reflection_abs_A_norm,0.0122541856822983,data/precomputed/fig02/official50_shuffle_model_metrics.csv,,,4MIDD_085_170,,,
flow/0000/013,,canonical_reflection_abs_A_norm,0.0998453909923405,data/precomputed/fig02/official50_shuffle_model_metrics.csv,,,3MIDD_048,,,
flow/0000/013,,canonical_reflection_abs_A_norm,0.0188071352469809,data/precomputed/fig02/official50_shuffle_model_metrics.csv,,,3MIDD_207,,,
flow/0000/013,,canonical_reflection_abs_A_norm,0.0029457638273642,data/precomputed/fig02/official50_shuffle_model_metrics.csv,,,4MIDD_085_170,,,
flow/0000/014,,canonical_reflection_abs_A_norm,0.0877079411929654,data/precomputed/fig02/official50_shuffle_model_metrics.csv,,,3MIDD_048,,,
flow/0000/014,,canonical_reflection_abs_A_norm,0.0618768480510715,data/precomputed/fig02/official50_shuffle_model_metrics.csv,,,3MIDD_207,,,
flow/0000/014,,canonical_reflection_abs_A_norm,0.0277458269395793,data/precomputed/fig02/official50_shuffle_model_metrics.csv,,,4MIDD_085_170,,,
flow/0000/015,,canonical_reflection_abs_A_norm,0.0669898743085309,data/precomputed/fig02/official50_shuffle_model_metrics.csv,,,3MIDD_048,,,
flow/0000/015,,canonical_reflection_abs_A_norm,0.0028115836320431,data/precomputed/fig02/official50_shuffle_model_metrics.csv,,,3MIDD_207,,,
flow/0000/015,,canonical_reflection_abs_A_norm,0.0034782967661117,data/precomputed/fig02/official50_shuffle_model_metrics.csv,,,4MIDD_085_170,,,
flow/0000/016,,canonical_reflection_abs_A_norm,0.0278892779378301,data/precomputed/fig02/official50_shuffle_model_metrics.csv,,,3MIDD_048,,,
flow/0000/016,,canonical_reflection_abs_A_norm,0.1042900381918669,data/precomputed/fig02/official50_shuffle_model_metrics.csv,,,3MIDD_207,,,
flow/0000/016,,canonical_reflection_abs_A_norm,0.0072744842816686,data/precomputed/fig02/official50_shuffle_model_metrics.csv,,,4MIDD_085_170,,,
flow/0000/017,,canonical_reflection_abs_A_norm,0.1199525478658278,data/precomputed/fig02/official50_shuffle_model_metrics.csv,,,3MIDD_048,,,
flow/0000/017,,canonical_reflection_abs_A_norm,0.1093174420214403,data/precomputed/fig02/official50_shuffle_model_metrics.csv,,,3MIDD_207,,,
flow/0000/017,,canonical_reflection_abs_A_norm,0.0185849071255614,data/precomputed/fig02/official50_shuffle_model_metrics.csv,,,4MIDD_085_170,,,
flow/0000/018,,canonical_reflection_abs_A_norm,0.0945885570182046,data/precomputed/fig02/official50_shuffle_model_metrics.csv,,,3MIDD_048,,,
flow/0000/018,,canonical_reflection_abs_A_norm,0.0336818602329899,data/precomputed/fig02/official50_shuffle_model_metrics.csv,,,3MIDD_207,,,
flow/0000/018,,canonical_reflection_abs_A_norm,0.0318502957340624,data/precomputed/fig02/official50_shuffle_model_metrics.csv,,,4MIDD_085_170,,,
flow/0000/019,,canonical_reflection_abs_A_norm,0.0483603644267243,data/precomputed/fig02/official50_shuffle_model_metrics.csv,,,3MIDD_048,,,
flow/0000/019,,canonical_reflection_abs_A_norm,0.0045767090441556,data/precomputed/fig02/official50_shuffle_model_metrics.csv,,,3MIDD_207,,,
flow/0000/019,,canonical_reflection_abs_A_norm,0.0054836595261868,data/precomputed/fig02/official50_shuffle_model_metrics.csv,,,4MIDD_085_170,,,
flow/0000/020,,canonical_reflection_abs_A_norm,0.0619534099799778,data/precomputed/fig02/official50_shuffle_model_metrics.csv,,,3MIDD_048,,,
flow/0000/020,,canonical_reflection_abs_A_norm,0.0744147201239482,data/precomputed/fig02/official50_shuffle_model_metrics.csv,,,3MIDD_207,,,
flow/0000/020,,canonical_reflection_abs_A_norm,0.0542951513920557,data/precomputed/fig02/official50_shuffle_model_metrics.csv,,,4MIDD_085_170,,,
flow/0000/021,,canonical_reflection_abs_A_norm,0.0167194005256205,data/precomputed/fig02/official50_shuffle_model_metrics.csv,,,3MIDD_048,,,
flow/0000/021,,canonical_reflection_abs_A_norm,0.0208163267398257,data/precomputed/fig02/official50_shuffle_model_metrics.csv,,,3MIDD_207,,,
flow/0000/021,,canonical_reflection_abs_A_norm,0.0029590483359534,data/precomputed/fig02/official50_shuffle_model_metrics.csv,,,4MIDD_085_170,,,
flow/0000/022,,canonical_reflection_abs_A_norm,0.0740225148652243,data/precomputed/fig02/official50_shuffle_model_metrics.csv,,,3MIDD_048,,,
flow/0000/022,,canonical_reflection_abs_A_norm,0.1513009710886797,data/precomputed/fig02/official50_shuffle_model_metrics.csv,,,3MIDD_207,,,
flow/0000/022,,canonical_reflection_abs_A_norm,0.0467893131268114,data/precomputed/fig02/official50_shuffle_model_metrics.csv,,,4MIDD_085_170,,,
flow/0000/023,,canonical_reflection_abs_A_norm,0.0062039915491859,data/precomputed/fig02/official50_shuffle_model_metrics.csv,,,3MIDD_048,,,
flow/0000/023,,canonical_reflection_abs_A_norm,0.0332512272422073,data/precomputed/fig02/official50_shuffle_model_metrics.csv,,,3MIDD_207,,,
flow/0000/023,,canonical_reflection_abs_A_norm,0.0112269553604337,data/precomputed/fig02/official50_shuffle_model_metrics.csv,,,4MIDD_085_170,,,
flow/0000/024,,canonical_reflection_abs_A_norm,0.2442210452462652,data/precomputed/fig02/official50_shuffle_model_metrics.csv,,,3MIDD_048,,,
flow/0000/024,,canonical_reflection_abs_A_norm,0.1340206648258201,data/precomputed/fig02/official50_shuffle_model_metrics.csv,,,3MIDD_207,,,
flow/0000/024,,canonical_reflection_abs_A_norm,0.0053887452061114,data/precomputed/fig02/official50_shuffle_model_metrics.csv,,,4MIDD_085_170,,,
flow/0000/025,,canonical_reflection_abs_A_norm,0.0241132824440159,data/precomputed/fig02/official50_shuffle_model_metrics.csv,,,3MIDD_048,,,
flow/0000/025,,canonical_reflection_abs_A_norm,0.0009999112424853,data/precomputed/fig02/official50_shuffle_model_metrics.csv,,,3MIDD_207,,,
flow/0000/025,,canonical_reflection_abs_A_norm,0.0048204716145578,data/precomputed/fig02/official50_shuffle_model_metrics.csv,,,4MIDD_085_170,,,
flow/0000/026,,canonical_reflection_abs_A_norm,0.0267586845632333,data/precomputed/fig02/official50_shuffle_model_metrics.csv,,,3MIDD_048,,,
flow/0000/026,,canonical_reflection_abs_A_norm,0.0676685968531617,data/precomputed/fig02/official50_shuffle_model_metrics.csv,,,3MIDD_207,,,
flow/0000/026,,canonical_reflection_abs_A_norm,0.0367407363046217,data/precomputed/fig02/official50_shuffle_model_metrics.csv,,,4MIDD_085_170,,,
flow/0000/027,,canonical_reflection_abs_A_norm,0.1610417607581405,data/precomputed/fig02/official50_shuffle_model_metrics.csv,,,3MIDD_048,,,
flow/0000/027,,canonical_reflection_abs_A_norm,0.0749318180349773,data/precomputed/fig02/official50_shuffle_model_metrics.csv,,,3MIDD_207,,,
flow/0000/027,,canonical_reflection_abs_A_norm,0.0533256893001341,data/precomputed/fig02/official50_shuffle_model_metrics.csv,,,4MIDD_085_170,,,
flow/0000/028,,canonical_reflection_abs_A_norm,0.0227852990346166,data/precomputed/fig02/official50_shuffle_model_metrics.csv,,,3MIDD_048,,,
flow/0000/028,,canonical_reflection_abs_A_norm,0.064587701053054,data/precomputed/fig02/official50_shuffle_model_metrics.csv,,,3MIDD_207,,,
flow/0000/028,,canonical_reflection_abs_A_norm,0.042706955521233,data/precomputed/fig02/official50_shuffle_model_metrics.csv,,,4MIDD_085_170,,,
flow/0000/029,,canonical_reflection_abs_A_norm,0.0409734605363315,data/precomputed/fig02/official50_shuffle_model_metrics.csv,,,3MIDD_048,,,
flow/0000/029,,canonical_reflection_abs_A_norm,0.0021814274646747,data/precomputed/fig02/official50_shuffle_model_metrics.csv,,,3MIDD_207,,,
flow/0000/029,,canonical_reflection_abs_A_norm,0.0071753025742159,data/precomputed/fig02/official50_shuffle_model_metrics.csv,,,4MIDD_085_170,,,
flow/0000/030,,canonical_reflection_abs_A_norm,0.1450289403846376,data/precomputed/fig02/official50_shuffle_model_metrics.csv,,,3MIDD_048,,,
flow/0000/030,,canonical_reflection_abs_A_norm,0.0589872700987515,data/precomputed/fig02/official50_shuffle_model_metrics.csv,,,3MIDD_207,,,
flow/0000/030,,canonical_reflection_abs_A_norm,0.019351289881935,data/precomputed/fig02/official50_shuffle_model_metrics.csv,,,4MIDD_085_170,,,
flow/0000/031,,canonical_reflection_abs_A_norm,0.0047208037818056,data/precomputed/fig02/official50_shuffle_model_metrics.csv,,,3MIDD_048,,,
flow/0000/031,,canonical_reflection_abs_A_norm,0.0486438196899398,data/precomputed/fig02/official50_shuffle_model_metrics.csv,,,3MIDD_207,,,
flow/0000/031,,canonical_reflection_abs_A_norm,0.0266901395718443,data/precomputed/fig02/official50_shuffle_model_metrics.csv,,,4MIDD_085_170,,,
flow/0000/032,,canonical_reflection_abs_A_norm,0.0075265452402937,data/precomputed/fig02/official50_shuffle_model_metrics.csv,,,3MIDD_048,,,
flow/0000/032,,canonical_reflection_abs_A_norm,0.0120735595051507,data/precomputed/fig02/official50_shuffle_model_metrics.csv,,,3MIDD_207,,,
flow/0000/032,,canonical_reflection_abs_A_norm,0.0058653408487451,data/precomputed/fig02/official50_shuffle_model_metrics.csv,,,4MIDD_085_170,,,
flow/0000/033,,canonical_reflection_abs_A_norm,0.0192666681469038,data/precomputed/fig02/official50_shuffle_model_metrics.csv,,,3MIDD_048,,,
flow/0000/033,,canonical_reflection_abs_A_norm,0.0703999125271321,data/precomputed/fig02/official50_shuffle_model_metrics.csv,,,3MIDD_207,,,
flow/0000/033,,canonical_reflection_abs_A_norm,0.0228098548588657,data/precomputed/fig02/official50_shuffle_model_metrics.csv,,,4MIDD_085_170,,,
flow/0000/034,,canonical_reflection_abs_A_norm,0.0410686519100042,data/precomputed/fig02/official50_shuffle_model_metrics.csv,,,3MIDD_048,,,
flow/0000/034,,canonical_reflection_abs_A_norm,0.0073993568737573,data/precomputed/fig02/official50_shuffle_model_metrics.csv,,,3MIDD_207,,,
flow/0000/034,,canonical_reflection_abs_A_norm,0.031808052837868,data/precomputed/fig02/official50_shuffle_model_metrics.csv,,,4MIDD_085_170,,,
flow/0000/035,,canonical_reflection_abs_A_norm,0.0205432323943326,data/precomputed/fig02/official50_shuffle_model_metrics.csv,,,3MIDD_048,,,
flow/0000/035,,canonical_reflection_abs_A_norm,0.0054638041061121,data/precomputed/fig02/official50_shuffle_model_metrics.csv,,,3MIDD_207,,,
flow/0000/035,,canonical_reflection_abs_A_norm,0.0056326279599754,data/precomputed/fig02/official50_shuffle_model_metrics.csv,,,4MIDD_085_170,,,
flow/0000/036,,canonical_reflection_abs_A_norm,0.14534191973221,data/precomputed/fig02/official50_shuffle_model_metrics.csv,,,3MIDD_048,,,
flow/0000/036,,canonical_reflection_abs_A_norm,0.0066474126112931,data/precomputed/fig02/official50_shuffle_model_metrics.csv,,,3MIDD_207,,,
flow/0000/036,,canonical_reflection_abs_A_norm,0.0152821039121312,data/precomputed/fig02/official50_shuffle_model_metrics.csv,,,4MIDD_085_170,,,
flow/0000/037,,canonical_reflection_abs_A_norm,0.0685982953995297,data/precomputed/fig02/official50_shuffle_model_metrics.csv,,,3MIDD_048,,,
flow/0000/037,,canonical_reflection_abs_A_norm,0.0083947401169172,data/precomputed/fig02/official50_shuffle_model_metrics.csv,,,3MIDD_207,,,
flow/0000/037,,canonical_reflection_abs_A_norm,0.0257605236070773,data/precomputed/fig02/official50_shuffle_model_metrics.csv,,,4MIDD_085_170,,,
flow/0000/038,,canonical_reflection_abs_A_norm,0.0255659864459169,data/precomputed/fig02/official50_shuffle_model_metrics.csv,,,3MIDD_048,,,
flow/0000/038,,canonical_reflection_abs_A_norm,0.0148748498579197,data/precomputed/fig02/official50_shuffle_model_metrics.csv,,,3MIDD_207,,,
flow/0000/038,,canonical_reflection_abs_A_norm,0.0109729827018056,data/precomputed/fig02/official50_shuffle_model_metrics.csv,,,4MIDD_085_170,,,
flow/0000/039,,canonical_reflection_abs_A_norm,0.0500678257467106,data/precomputed/fig02/official50_shuffle_model_metrics.csv,,,3MIDD_048,,,
flow/0000/039,,canonical_reflection_abs_A_norm,0.0640508513896428,data/precomputed/fig02/official50_shuffle_model_metrics.csv,,,3MIDD_207,,,
flow/0000/039,,canonical_reflection_abs_A_norm,0.0121274541002957,data/precomputed/fig02/official50_shuffle_model_metrics.csv,,,4MIDD_085_170,,,
flow/0000/040,,canonical_reflection_abs_A_norm,0.0126940799083645,data/precomputed/fig02/official50_shuffle_model_metrics.csv,,,3MIDD_048,,,
flow/0000/040,,canonical_reflection_abs_A_norm,0.0232742237869463,data/precomputed/fig02/official50_shuffle_model_metrics.csv,,,3MIDD_207,,,
flow/0000/040,,canonical_reflection_abs_A_norm,0.0078236992086187,data/precomputed/fig02/official50_shuffle_model_metrics.csv,,,4MIDD_085_170,,,
flow/0000/041,,canonical_reflection_abs_A_norm,0.0281369264430911,data/precomputed/fig02/official50_shuffle_model_metrics.csv,,,3MIDD_048,,,
flow/0000/041,,canonical_reflection_abs_A_norm,0.0253675663445402,data/precomputed/fig02/official50_shuffle_model_metrics.csv,,,3MIDD_207,,,
flow/0000/041,,canonical_reflection_abs_A_norm,0.0062068272056745,data/precomputed/fig02/official50_shuffle_model_metrics.csv,,,4MIDD_085_170,,,
flow/0000/042,,canonical_reflection_abs_A_norm,0.0104668833435169,data/precomputed/fig02/official50_shuffle_model_metrics.csv,,,3MIDD_048,,,
flow/0000/042,,canonical_reflection_abs_A_norm,0.0081126611196338,data/precomputed/fig02/official50_shuffle_model_metrics.csv,,,3MIDD_207,,,
flow/0000/042,,canonical_reflection_abs_A_norm,0.0197894191638642,data/precomputed/fig02/official50_shuffle_model_metrics.csv,,,4MIDD_085_170,,,
flow/0000/043,,canonical_reflection_abs_A_norm,0.0049319513564138,data/precomputed/fig02/official50_shuffle_model_metrics.csv,,,3MIDD_048,,,
flow/0000/043,,canonical_reflection_abs_A_norm,0.0356229012840872,data/precomputed/fig02/official50_shuffle_model_metrics.csv,,,3MIDD_207,,,
flow/0000/043,,canonical_reflection_abs_A_norm,0.0107397363441961,data/precomputed/fig02/official50_shuffle_model_metrics.csv,,,4MIDD_085_170,,,
flow/0000/044,,canonical_reflection_abs_A_norm,0.0194763779227265,data/precomputed/fig02/official50_shuffle_model_metrics.csv,,,3MIDD_048,,,
flow/0000/044,,canonical_reflection_abs_A_norm,0.0307020804092676,data/precomputed/fig02/official50_shuffle_model_metrics.csv,,,3MIDD_207,,,
flow/0000/044,,canonical_reflection_abs_A_norm,0.0124878157650707,data/precomputed/fig02/official50_shuffle_model_metrics.csv,,,4MIDD_085_170,,,
flow/0000/045,,canonical_reflection_abs_A_norm,0.0299023347308713,data/precomputed/fig02/official50_shuffle_model_metrics.csv,,,3MIDD_048,,,
flow/0000/045,,canonical_reflection_abs_A_norm,0.0122677417160227,data/precomputed/fig02/official50_shuffle_model_metrics.csv,,,3MIDD_207,,,
flow/0000/045,,canonical_reflection_abs_A_norm,0.0021078969285716,data/precomputed/fig02/official50_shuffle_model_metrics.csv,,,4MIDD_085_170,,,
flow/0000/046,,canonical_reflection_abs_A_norm,0.0040659686084191,data/precomputed/fig02/official50_shuffle_model_metrics.csv,,,3MIDD_048,,,
flow/0000/046,,canonical_reflection_abs_A_norm,0.011728197923326,data/precomputed/fig02/official50_shuffle_model_metrics.csv,,,3MIDD_207,,,
flow/0000/046,,canonical_reflection_abs_A_norm,0.0073982056184003,data/precomputed/fig02/official50_shuffle_model_metrics.csv,,,4MIDD_085_170,,,
flow/0000/047,,canonical_reflection_abs_A_norm,0.0678327919025715,data/precomputed/fig02/official50_shuffle_model_metrics.csv,,,3MIDD_048,,,
flow/0000/047,,canonical_reflection_abs_A_norm,0.023465534914499,data/precomputed/fig02/official50_shuffle_model_metrics.csv,,,3MIDD_207,,,
flow/0000/047,,canonical_reflection_abs_A_norm,0.010438259562517,data/precomputed/fig02/official50_shuffle_model_metrics.csv,,,4MIDD_085_170,,,
flow/0000/048,,canonical_reflection_abs_A_norm,0.0369476226032186,data/precomputed/fig02/official50_shuffle_model_metrics.csv,,,3MIDD_048,,,
flow/0000/048,,canonical_reflection_abs_A_norm,0.0082739412608603,data/precomputed/fig02/official50_shuffle_model_metrics.csv,,,3MIDD_207,,,
flow/0000/048,,canonical_reflection_abs_A_norm,0.0026744433654157,data/precomputed/fig02/official50_shuffle_model_metrics.csv,,,4MIDD_085_170,,,
flow/0000/049,,canonical_reflection_abs_A_norm,0.0012449991453418,data/precomputed/fig02/official50_shuffle_model_metrics.csv,,,3MIDD_048,,,
flow/0000/049,,canonical_reflection_abs_A_norm,0.0023635374857562,data/precomputed/fig02/official50_shuffle_model_metrics.csv,,,3MIDD_207,,,
flow/0000/049,,canonical_reflection_abs_A_norm,0.0023602897812107,data/precomputed/fig02/official50_shuffle_model_metrics.csv,,,4MIDD_085_170,,,
flow/0000/000,,shuffle_mean_abs_A,0.0168895318711496,data/precomputed/fig02/official50_shuffle_model_metrics.csv,,,3MIDD_048,,,
flow/0000/000,,shuffle_mean_abs_A,0.0113166852446702,data/precomputed/fig02/official50_shuffle_model_metrics.csv,,,3MIDD_207,,,
flow/0000/000,,shuffle_mean_abs_A,0.0077031990352058,data/precomputed/fig02/official50_shuffle_model_metrics.csv,,,4MIDD_085_170,,,
flow/0000/001,,shuffle_mean_abs_A,0.0056102352554526,data/precomputed/fig02/official50_shuffle_model_metrics.csv,,,3MIDD_048,,,
flow/0000/001,,shuffle_mean_abs_A,0.0099482956068718,data/precomputed/fig02/official50_shuffle_model_metrics.csv,,,3MIDD_207,,,
flow/0000/001,,shuffle_mean_abs_A,0.0035992885729202,data/precomputed/fig02/official50_shuffle_model_metrics.csv,,,4MIDD_085_170,,,
flow/0000/002,,shuffle_mean_abs_A,0.010368777960069,data/precomputed/fig02/official50_shuffle_model_metrics.csv,,,3MIDD_048,,,
flow/0000/002,,shuffle_mean_abs_A,0.010201543039275,data/precomputed/fig02/official50_shuffle_model_metrics.csv,,,3MIDD_207,,,
flow/0000/002,,shuffle_mean_abs_A,0.0094662638073643,data/precomputed/fig02/official50_shuffle_model_metrics.csv,,,4MIDD_085_170,,,
flow/0000/003,,shuffle_mean_abs_A,0.011830697082425,data/precomputed/fig02/official50_shuffle_model_metrics.csv,,,3MIDD_048,,,
flow/0000/003,,shuffle_mean_abs_A,0.0152827465091076,data/precomputed/fig02/official50_shuffle_model_metrics.csv,,,3MIDD_207,,,
flow/0000/003,,shuffle_mean_abs_A,0.0113644299265762,data/precomputed/fig02/official50_shuffle_model_metrics.csv,,,4MIDD_085_170,,,
flow/0000/004,,shuffle_mean_abs_A,0.0141326643185282,data/precomputed/fig02/official50_shuffle_model_metrics.csv,,,3MIDD_048,,,
flow/0000/004,,shuffle_mean_abs_A,0.0145252187994006,data/precomputed/fig02/official50_shuffle_model_metrics.csv,,,3MIDD_207,,,
flow/0000/004,,shuffle_mean_abs_A,0.01354056147821,data/precomputed/fig02/official50_shuffle_model_metrics.csv,,,4MIDD_085_170,,,
flow/0000/005,,shuffle_mean_abs_A,0.0144999142180378,data/precomputed/fig02/official50_shuffle_model_metrics.csv,,,3MIDD_048,,,
flow/0000/005,,shuffle_mean_abs_A,0.0132867033517153,data/precomputed/fig02/official50_shuffle_model_metrics.csv,,,3MIDD_207,,,
flow/0000/005,,shuffle_mean_abs_A,0.0140217259290001,data/precomputed/fig02/official50_shuffle_model_metrics.csv,,,4MIDD_085_170,,,
flow/0000/006,,shuffle_mean_abs_A,0.0099471498829127,data/precomputed/fig02/official50_shuffle_model_metrics.csv,,,3MIDD_048,,,
flow/0000/006,,shuffle_mean_abs_A,0.0139534595370569,data/precomputed/fig02/official50_shuffle_model_metrics.csv,,,3MIDD_207,,,
flow/0000/006,,shuffle_mean_abs_A,0.0134546960974684,data/precomputed/fig02/official50_shuffle_model_metrics.csv,,,4MIDD_085_170,,,
flow/0000/007,,shuffle_mean_abs_A,0.0085944254910063,data/precomputed/fig02/official50_shuffle_model_metrics.csv,,,3MIDD_048,,,
flow/0000/007,,shuffle_mean_abs_A,0.0075024477800008,data/precomputed/fig02/official50_shuffle_model_metrics.csv,,,3MIDD_207,,,
flow/0000/007,,shuffle_mean_abs_A,0.0068215053785603,data/precomputed/fig02/official50_shuffle_model_metrics.csv,,,4MIDD_085_170,,,
flow/0000/008,,shuffle_mean_abs_A,0.013472271279378,data/precomputed/fig02/official50_shuffle_model_metrics.csv,,,3MIDD_048,,,
flow/0000/008,,shuffle_mean_abs_A,0.0122427387913311,data/precomputed/fig02/official50_shuffle_model_metrics.csv,,,3MIDD_207,,,
flow/0000/008,,shuffle_mean_abs_A,0.0115021032575153,data/precomputed/fig02/official50_shuffle_model_metrics.csv,,,4MIDD_085_170,,,
flow/0000/009,,shuffle_mean_abs_A,0.021007914573399,data/precomputed/fig02/official50_shuffle_model_metrics.csv,,,3MIDD_048,,,
flow/0000/009,,shuffle_mean_abs_A,0.0201053882877424,data/precomputed/fig02/official50_shuffle_model_metrics.csv,,,3MIDD_207,,,
flow/0000/009,,shuffle_mean_abs_A,0.0157549673657781,data/precomputed/fig02/official50_shuffle_model_metrics.csv,,,4MIDD_085_170,,,
flow/0000/010,,shuffle_mean_abs_A,0.0120885137695088,data/precomputed/fig02/official50_shuffle_model_metrics.csv,,,3MIDD_048,,,
flow/0000/010,,shuffle_mean_abs_A,0.0236484241003332,data/precomputed/fig02/official50_shuffle_model_metrics.csv,,,3MIDD_207,,,
flow/0000/010,,shuffle_mean_abs_A,0.0164150442818781,data/precomputed/fig02/official50_shuffle_model_metrics.csv,,,4MIDD_085_170,,,
flow/0000/011,,shuffle_mean_abs_A,0.010074408983696,data/precomputed/fig02/official50_shuffle_model_metrics.csv,,,3MIDD_048,,,
flow/0000/011,,shuffle_mean_abs_A,0.0165938953417223,data/precomputed/fig02/official50_shuffle_model_metrics.csv,,,3MIDD_207,,,
flow/0000/011,,shuffle_mean_abs_A,0.0104438464278112,data/precomputed/fig02/official50_shuffle_model_metrics.csv,,,4MIDD_085_170,,,
flow/0000/012,,shuffle_mean_abs_A,0.0131502989650588,data/precomputed/fig02/official50_shuffle_model_metrics.csv,,,3MIDD_048,,,
flow/0000/012,,shuffle_mean_abs_A,0.0096364396891458,data/precomputed/fig02/official50_shuffle_model_metrics.csv,,,3MIDD_207,,,
flow/0000/012,,shuffle_mean_abs_A,0.0133777223313777,data/precomputed/fig02/official50_shuffle_model_metrics.csv,,,4MIDD_085_170,,,
flow/0000/013,,shuffle_mean_abs_A,0.0105532133261221,data/precomputed/fig02/official50_shuffle_model_metrics.csv,,,3MIDD_048,,,
flow/0000/013,,shuffle_mean_abs_A,0.0079305591930681,data/precomputed/fig02/official50_shuffle_model_metrics.csv,,,3MIDD_207,,,
flow/0000/013,,shuffle_mean_abs_A,0.0061874189833299,data/precomputed/fig02/official50_shuffle_model_metrics.csv,,,4MIDD_085_170,,,
flow/0000/014,,shuffle_mean_abs_A,0.0157587903006188,data/precomputed/fig02/official50_shuffle_model_metrics.csv,,,3MIDD_048,,,
flow/0000/014,,shuffle_mean_abs_A,0.0111774067209255,data/precomputed/fig02/official50_shuffle_model_metrics.csv,,,3MIDD_207,,,
flow/0000/014,,shuffle_mean_abs_A,0.0042287660620587,data/precomputed/fig02/official50_shuffle_model_metrics.csv,,,4MIDD_085_170,,,
flow/0000/015,,shuffle_mean_abs_A,0.0100543369889837,data/precomputed/fig02/official50_shuffle_model_metrics.csv,,,3MIDD_048,,,
flow/0000/015,,shuffle_mean_abs_A,0.0063546016389052,data/precomputed/fig02/official50_shuffle_model_metrics.csv,,,3MIDD_207,,,
flow/0000/015,,shuffle_mean_abs_A,0.0135552938190894,data/precomputed/fig02/official50_shuffle_model_metrics.csv,,,4MIDD_085_170,,,
flow/0000/016,,shuffle_mean_abs_A,0.0173669324946584,data/precomputed/fig02/official50_shuffle_model_metrics.csv,,,3MIDD_048,,,
flow/0000/016,,shuffle_mean_abs_A,0.012139516516141,data/precomputed/fig02/official50_shuffle_model_metrics.csv,,,3MIDD_207,,,
flow/0000/016,,shuffle_mean_abs_A,0.0074096048305174,data/precomputed/fig02/official50_shuffle_model_metrics.csv,,,4MIDD_085_170,,,
flow/0000/017,,shuffle_mean_abs_A,0.0195401153664162,data/precomputed/fig02/official50_shuffle_model_metrics.csv,,,3MIDD_048,,,
flow/0000/017,,shuffle_mean_abs_A,0.0157186480008367,data/precomputed/fig02/official50_shuffle_model_metrics.csv,,,3MIDD_207,,,
flow/0000/017,,shuffle_mean_abs_A,0.0119674199350463,data/precomputed/fig02/official50_shuffle_model_metrics.csv,,,4MIDD_085_170,,,
flow/0000/018,,shuffle_mean_abs_A,0.0122062496433245,data/precomputed/fig02/official50_shuffle_model_metrics.csv,,,3MIDD_048,,,
flow/0000/018,,shuffle_mean_abs_A,0.010511179713333,data/precomputed/fig02/official50_shuffle_model_metrics.csv,,,3MIDD_207,,,
flow/0000/018,,shuffle_mean_abs_A,0.0115843908265058,data/precomputed/fig02/official50_shuffle_model_metrics.csv,,,4MIDD_085_170,,,
flow/0000/019,,shuffle_mean_abs_A,0.0104531284808376,data/precomputed/fig02/official50_shuffle_model_metrics.csv,,,3MIDD_048,,,
flow/0000/019,,shuffle_mean_abs_A,0.0089424478768196,data/precomputed/fig02/official50_shuffle_model_metrics.csv,,,3MIDD_207,,,
flow/0000/019,,shuffle_mean_abs_A,0.0099003656298265,data/precomputed/fig02/official50_shuffle_model_metrics.csv,,,4MIDD_085_170,,,
flow/0000/020,,shuffle_mean_abs_A,0.0069000645927692,data/precomputed/fig02/official50_shuffle_model_metrics.csv,,,3MIDD_048,,,
flow/0000/020,,shuffle_mean_abs_A,0.0049031245285963,data/precomputed/fig02/official50_shuffle_model_metrics.csv,,,3MIDD_207,,,
flow/0000/020,,shuffle_mean_abs_A,0.009987319306864,data/precomputed/fig02/official50_shuffle_model_metrics.csv,,,4MIDD_085_170,,,
flow/0000/021,,shuffle_mean_abs_A,0.0271141110567847,data/precomputed/fig02/official50_shuffle_model_metrics.csv,,,3MIDD_048,,,
flow/0000/021,,shuffle_mean_abs_A,0.0217137060779582,data/precomputed/fig02/official50_shuffle_model_metrics.csv,,,3MIDD_207,,,
flow/0000/021,,shuffle_mean_abs_A,0.028371447166494,data/precomputed/fig02/official50_shuffle_model_metrics.csv,,,4MIDD_085_170,,,
flow/0000/022,,shuffle_mean_abs_A,0.0082300654297163,data/precomputed/fig02/official50_shuffle_model_metrics.csv,,,3MIDD_048,,,
flow/0000/022,,shuffle_mean_abs_A,0.0053602370304433,data/precomputed/fig02/official50_shuffle_model_metrics.csv,,,3MIDD_207,,,
flow/0000/022,,shuffle_mean_abs_A,0.0059543065752397,data/precomputed/fig02/official50_shuffle_model_metrics.csv,,,4MIDD_085_170,,,
flow/0000/023,,shuffle_mean_abs_A,0.0136452382639872,data/precomputed/fig02/official50_shuffle_model_metrics.csv,,,3MIDD_048,,,
flow/0000/023,,shuffle_mean_abs_A,0.0098719034818024,data/precomputed/fig02/official50_shuffle_model_metrics.csv,,,3MIDD_207,,,
flow/0000/023,,shuffle_mean_abs_A,0.0101114017508845,data/precomputed/fig02/official50_shuffle_model_metrics.csv,,,4MIDD_085_170,,,
flow/0000/024,,shuffle_mean_abs_A,0.0226079135457714,data/precomputed/fig02/official50_shuffle_model_metrics.csv,,,3MIDD_048,,,
flow/0000/024,,shuffle_mean_abs_A,0.0148868434644071,data/precomputed/fig02/official50_shuffle_model_metrics.csv,,,3MIDD_207,,,
flow/0000/024,,shuffle_mean_abs_A,0.013188758409474,data/precomputed/fig02/official50_shuffle_model_metrics.csv,,,4MIDD_085_170,,,
flow/0000/025,,shuffle_mean_abs_A,0.0176218605626957,data/precomputed/fig02/official50_shuffle_model_metrics.csv,,,3MIDD_048,,,
flow/0000/025,,shuffle_mean_abs_A,0.0140085165291543,data/precomputed/fig02/official50_shuffle_model_metrics.csv,,,3MIDD_207,,,
flow/0000/025,,shuffle_mean_abs_A,0.0155621120030765,data/precomputed/fig02/official50_shuffle_model_metrics.csv,,,4MIDD_085_170,,,
flow/0000/026,,shuffle_mean_abs_A,0.0099626578588791,data/precomputed/fig02/official50_shuffle_model_metrics.csv,,,3MIDD_048,,,
flow/0000/026,,shuffle_mean_abs_A,0.0060673653251711,data/precomputed/fig02/official50_shuffle_model_metrics.csv,,,3MIDD_207,,,
flow/0000/026,,shuffle_mean_abs_A,0.0168600614119333,data/precomputed/fig02/official50_shuffle_model_metrics.csv,,,4MIDD_085_170,,,
flow/0000/027,,shuffle_mean_abs_A,0.0357302292290167,data/precomputed/fig02/official50_shuffle_model_metrics.csv,,,3MIDD_048,,,
flow/0000/027,,shuffle_mean_abs_A,0.0241497413862731,data/precomputed/fig02/official50_shuffle_model_metrics.csv,,,3MIDD_207,,,
flow/0000/027,,shuffle_mean_abs_A,0.0202103822330575,data/precomputed/fig02/official50_shuffle_model_metrics.csv,,,4MIDD_085_170,,,
flow/0000/028,,shuffle_mean_abs_A,0.0101435280863092,data/precomputed/fig02/official50_shuffle_model_metrics.csv,,,3MIDD_048,,,
flow/0000/028,,shuffle_mean_abs_A,0.0092674670968338,data/precomputed/fig02/official50_shuffle_model_metrics.csv,,,3MIDD_207,,,
flow/0000/028,,shuffle_mean_abs_A,0.0084315064552717,data/precomputed/fig02/official50_shuffle_model_metrics.csv,,,4MIDD_085_170,,,
flow/0000/029,,shuffle_mean_abs_A,0.0135401188767621,data/precomputed/fig02/official50_shuffle_model_metrics.csv,,,3MIDD_048,,,
flow/0000/029,,shuffle_mean_abs_A,0.0181082023926102,data/precomputed/fig02/official50_shuffle_model_metrics.csv,,,3MIDD_207,,,
flow/0000/029,,shuffle_mean_abs_A,0.0122147484309576,data/precomputed/fig02/official50_shuffle_model_metrics.csv,,,4MIDD_085_170,,,
flow/0000/030,,shuffle_mean_abs_A,0.0129037872095292,data/precomputed/fig02/official50_shuffle_model_metrics.csv,,,3MIDD_048,,,
flow/0000/030,,shuffle_mean_abs_A,0.0183311197226552,data/precomputed/fig02/official50_shuffle_model_metrics.csv,,,3MIDD_207,,,
flow/0000/030,,shuffle_mean_abs_A,0.0073130078675514,data/precomputed/fig02/official50_shuffle_model_metrics.csv,,,4MIDD_085_170,,,
flow/0000/031,,shuffle_mean_abs_A,0.0172805893633525,data/precomputed/fig02/official50_shuffle_model_metrics.csv,,,3MIDD_048,,,
flow/0000/031,,shuffle_mean_abs_A,0.0157576004470895,data/precomputed/fig02/official50_shuffle_model_metrics.csv,,,3MIDD_207,,,
flow/0000/031,,shuffle_mean_abs_A,0.0264970418646096,data/precomputed/fig02/official50_shuffle_model_metrics.csv,,,4MIDD_085_170,,,
flow/0000/032,,shuffle_mean_abs_A,0.0216948852947613,data/precomputed/fig02/official50_shuffle_model_metrics.csv,,,3MIDD_048,,,
flow/0000/032,,shuffle_mean_abs_A,0.0269778538562027,data/precomputed/fig02/official50_shuffle_model_metrics.csv,,,3MIDD_207,,,
flow/0000/032,,shuffle_mean_abs_A,0.0166950238288564,data/precomputed/fig02/official50_shuffle_model_metrics.csv,,,4MIDD_085_170,,,
flow/0000/033,,shuffle_mean_abs_A,0.0163498824331468,data/precomputed/fig02/official50_shuffle_model_metrics.csv,,,3MIDD_048,,,
flow/0000/033,,shuffle_mean_abs_A,0.0172601487577048,data/precomputed/fig02/official50_shuffle_model_metrics.csv,,,3MIDD_207,,,
flow/0000/033,,shuffle_mean_abs_A,0.011985730959115,data/precomputed/fig02/official50_shuffle_model_metrics.csv,,,4MIDD_085_170,,,
flow/0000/034,,shuffle_mean_abs_A,0.0114219989569288,data/precomputed/fig02/official50_shuffle_model_metrics.csv,,,3MIDD_048,,,
flow/0000/034,,shuffle_mean_abs_A,0.0097048065307071,data/precomputed/fig02/official50_shuffle_model_metrics.csv,,,3MIDD_207,,,
flow/0000/034,,shuffle_mean_abs_A,0.0175665945324239,data/precomputed/fig02/official50_shuffle_model_metrics.csv,,,4MIDD_085_170,,,
flow/0000/035,,shuffle_mean_abs_A,0.0212608202214247,data/precomputed/fig02/official50_shuffle_model_metrics.csv,,,3MIDD_048,,,
flow/0000/035,,shuffle_mean_abs_A,0.0301191583823932,data/precomputed/fig02/official50_shuffle_model_metrics.csv,,,3MIDD_207,,,
flow/0000/035,,shuffle_mean_abs_A,0.0196606020452467,data/precomputed/fig02/official50_shuffle_model_metrics.csv,,,4MIDD_085_170,,,
flow/0000/036,,shuffle_mean_abs_A,0.019488278279571,data/precomputed/fig02/official50_shuffle_model_metrics.csv,,,3MIDD_048,,,
flow/0000/036,,shuffle_mean_abs_A,0.0187984380348876,data/precomputed/fig02/official50_shuffle_model_metrics.csv,,,3MIDD_207,,,
flow/0000/036,,shuffle_mean_abs_A,0.0105511354239289,data/precomputed/fig02/official50_shuffle_model_metrics.csv,,,4MIDD_085_170,,,
flow/0000/037,,shuffle_mean_abs_A,0.0190096827712729,data/precomputed/fig02/official50_shuffle_model_metrics.csv,,,3MIDD_048,,,
flow/0000/037,,shuffle_mean_abs_A,0.0082693652295843,data/precomputed/fig02/official50_shuffle_model_metrics.csv,,,3MIDD_207,,,
flow/0000/037,,shuffle_mean_abs_A,0.0143026567932011,data/precomputed/fig02/official50_shuffle_model_metrics.csv,,,4MIDD_085_170,,,
flow/0000/038,,shuffle_mean_abs_A,0.0062911503044307,data/precomputed/fig02/official50_shuffle_model_metrics.csv,,,3MIDD_048,,,
flow/0000/038,,shuffle_mean_abs_A,0.0139821037661873,data/precomputed/fig02/official50_shuffle_model_metrics.csv,,,3MIDD_207,,,
flow/0000/038,,shuffle_mean_abs_A,0.009985554089657,data/precomputed/fig02/official50_shuffle_model_metrics.csv,,,4MIDD_085_170,,,
flow/0000/039,,shuffle_mean_abs_A,0.0054971333894153,data/precomputed/fig02/official50_shuffle_model_metrics.csv,,,3MIDD_048,,,
flow/0000/039,,shuffle_mean_abs_A,0.0032121152676698,data/precomputed/fig02/official50_shuffle_model_metrics.csv,,,3MIDD_207,,,
flow/0000/039,,shuffle_mean_abs_A,0.0025012321828288,data/precomputed/fig02/official50_shuffle_model_metrics.csv,,,4MIDD_085_170,,,
flow/0000/040,,shuffle_mean_abs_A,0.0076183694523496,data/precomputed/fig02/official50_shuffle_model_metrics.csv,,,3MIDD_048,,,
flow/0000/040,,shuffle_mean_abs_A,0.0099398899266827,data/precomputed/fig02/official50_shuffle_model_metrics.csv,,,3MIDD_207,,,
flow/0000/040,,shuffle_mean_abs_A,0.0158297640827165,data/precomputed/fig02/official50_shuffle_model_metrics.csv,,,4MIDD_085_170,,,
flow/0000/041,,shuffle_mean_abs_A,0.0100593131675947,data/precomputed/fig02/official50_shuffle_model_metrics.csv,,,3MIDD_048,,,
flow/0000/041,,shuffle_mean_abs_A,0.0102662252630423,data/precomputed/fig02/official50_shuffle_model_metrics.csv,,,3MIDD_207,,,
flow/0000/041,,shuffle_mean_abs_A,0.0130355445156699,data/precomputed/fig02/official50_shuffle_model_metrics.csv,,,4MIDD_085_170,,,
flow/0000/042,,shuffle_mean_abs_A,0.0087689448961322,data/precomputed/fig02/official50_shuffle_model_metrics.csv,,,3MIDD_048,,,
flow/0000/042,,shuffle_mean_abs_A,0.0083989727046932,data/precomputed/fig02/official50_shuffle_model_metrics.csv,,,3MIDD_207,,,
flow/0000/042,,shuffle_mean_abs_A,0.0077707072271228,data/precomputed/fig02/official50_shuffle_model_metrics.csv,,,4MIDD_085_170,,,
flow/0000/043,,shuffle_mean_abs_A,0.005803466704104,data/precomputed/fig02/official50_shuffle_model_metrics.csv,,,3MIDD_048,,,
flow/0000/043,,shuffle_mean_abs_A,0.0049646658845379,data/precomputed/fig02/official50_shuffle_model_metrics.csv,,,3MIDD_207,,,
flow/0000/043,,shuffle_mean_abs_A,0.0032211376479804,data/precomputed/fig02/official50_shuffle_model_metrics.csv,,,4MIDD_085_170,,,
flow/0000/044,,shuffle_mean_abs_A,0.0080789010499595,data/precomputed/fig02/official50_shuffle_model_metrics.csv,,,3MIDD_048,,,
flow/0000/044,,shuffle_mean_abs_A,0.0081259004375267,data/precomputed/fig02/official50_shuffle_model_metrics.csv,,,3MIDD_207,,,
flow/0000/044,,shuffle_mean_abs_A,0.0102570912446771,data/precomputed/fig02/official50_shuffle_model_metrics.csv,,,4MIDD_085_170,,,
flow/0000/045,,shuffle_mean_abs_A,0.0147584136378649,data/precomputed/fig02/official50_shuffle_model_metrics.csv,,,3MIDD_048,,,
flow/0000/045,,shuffle_mean_abs_A,0.0147757946441262,data/precomputed/fig02/official50_shuffle_model_metrics.csv,,,3MIDD_207,,,
flow/0000/045,,shuffle_mean_abs_A,0.0081385045701176,data/precomputed/fig02/official50_shuffle_model_metrics.csv,,,4MIDD_085_170,,,
flow/0000/046,,shuffle_mean_abs_A,0.013567596408689,data/precomputed/fig02/official50_shuffle_model_metrics.csv,,,3MIDD_048,,,
flow/0000/046,,shuffle_mean_abs_A,0.013548793529077,data/precomputed/fig02/official50_shuffle_model_metrics.csv,,,3MIDD_207,,,
flow/0000/046,,shuffle_mean_abs_A,0.0109018304327609,data/precomputed/fig02/official50_shuffle_model_metrics.csv,,,4MIDD_085_170,,,
flow/0000/047,,shuffle_mean_abs_A,0.0095774564546273,data/precomputed/fig02/official50_shuffle_model_metrics.csv,,,3MIDD_048,,,
flow/0000/047,,shuffle_mean_abs_A,0.0066061670889908,data/precomputed/fig02/official50_shuffle_model_metrics.csv,,,3MIDD_207,,,
flow/0000/047,,shuffle_mean_abs_A,0.0121263864182878,data/precomputed/fig02/official50_shuffle_model_metrics.csv,,,4MIDD_085_170,,,
flow/0000/048,,shuffle_mean_abs_A,0.0087993740450238,data/precomputed/fig02/official50_shuffle_model_metrics.csv,,,3MIDD_048,,,
flow/0000/048,,shuffle_mean_abs_A,0.0086360110903233,data/precomputed/fig02/official50_shuffle_model_metrics.csv,,,3MIDD_207,,,
flow/0000/048,,shuffle_mean_abs_A,0.0079970040673761,data/precomputed/fig02/official50_shuffle_model_metrics.csv,,,4MIDD_085_170,,,
flow/0000/049,,shuffle_mean_abs_A,0.0040020879600164,data/precomputed/fig02/official50_shuffle_model_metrics.csv,,,3MIDD_048,,,
flow/0000/049,,shuffle_mean_abs_A,0.0030493506405064,data/precomputed/fig02/official50_shuffle_model_metrics.csv,,,3MIDD_207,,,
flow/0000/049,,shuffle_mean_abs_A,0.0054292811861226,data/precomputed/fig02/official50_shuffle_model_metrics.csv,,,4MIDD_085_170,,,
flow/0000/000,,shuffle_median_abs_A,0.0136986609938013,data/precomputed/fig02/official50_shuffle_model_metrics.csv,,,3MIDD_048,,,
flow/0000/000,,shuffle_median_abs_A,0.010706534191736,data/precomputed/fig02/official50_shuffle_model_metrics.csv,,,3MIDD_207,,,
flow/0000/000,,shuffle_median_abs_A,0.0069159790621392,data/precomputed/fig02/official50_shuffle_model_metrics.csv,,,4MIDD_085_170,,,
flow/0000/001,,shuffle_median_abs_A,0.0045966394636736,data/precomputed/fig02/official50_shuffle_model_metrics.csv,,,3MIDD_048,,,
flow/0000/001,,shuffle_median_abs_A,0.009220650428496,data/precomputed/fig02/official50_shuffle_model_metrics.csv,,,3MIDD_207,,,
flow/0000/001,,shuffle_median_abs_A,0.0022829595170754,data/precomputed/fig02/official50_shuffle_model_metrics.csv,,,4MIDD_085_170,,,
flow/0000/002,,shuffle_median_abs_A,0.0085484889002085,data/precomputed/fig02/official50_shuffle_model_metrics.csv,,,3MIDD_048,,,
flow/0000/002,,shuffle_median_abs_A,0.0089477329009609,data/precomputed/fig02/official50_shuffle_model_metrics.csv,,,3MIDD_207,,,
flow/0000/002,,shuffle_median_abs_A,0.0095061805268741,data/precomputed/fig02/official50_shuffle_model_metrics.csv,,,4MIDD_085_170,,,
flow/0000/003,,shuffle_median_abs_A,0.0104546735640978,data/precomputed/fig02/official50_shuffle_model_metrics.csv,,,3MIDD_048,,,
flow/0000/003,,shuffle_median_abs_A,0.0140246973070616,data/precomputed/fig02/official50_shuffle_model_metrics.csv,,,3MIDD_207,,,
flow/0000/003,,shuffle_median_abs_A,0.0091402509216043,data/precomputed/fig02/official50_shuffle_model_metrics.csv,,,4MIDD_085_170,,,
flow/0000/004,,shuffle_median_abs_A,0.0106516688440336,data/precomputed/fig02/official50_shuffle_model_metrics.csv,,,3MIDD_048,,,
flow/0000/004,,shuffle_median_abs_A,0.012045041485197,data/precomputed/fig02/official50_shuffle_model_metrics.csv,,,3MIDD_207,,,
flow/0000/004,,shuffle_median_abs_A,0.0129786055584821,data/precomputed/fig02/official50_shuffle_model_metrics.csv,,,4MIDD_085_170,,,
flow/0000/005,,shuffle_median_abs_A,0.0172062660083772,data/precomputed/fig02/official50_shuffle_model_metrics.csv,,,3MIDD_048,,,
flow/0000/005,,shuffle_median_abs_A,0.0103071752554925,data/precomputed/fig02/official50_shuffle_model_metrics.csv,,,3MIDD_207,,,
flow/0000/005,,shuffle_median_abs_A,0.0121534396005333,data/precomputed/fig02/official50_shuffle_model_metrics.csv,,,4MIDD_085_170,,,
flow/0000/006,,shuffle_median_abs_A,0.0092662970640097,data/precomputed/fig02/official50_shuffle_model_metrics.csv,,,3MIDD_048,,,
flow/0000/006,,shuffle_median_abs_A,0.0095607283270502,data/precomputed/fig02/official50_shuffle_model_metrics.csv,,,3MIDD_207,,,
flow/0000/006,,shuffle_median_abs_A,0.010790056203184,data/precomputed/fig02/official50_shuffle_model_metrics.csv,,,4MIDD_085_170,,,
flow/0000/007,,shuffle_median_abs_A,0.0083846650592276,data/precomputed/fig02/official50_shuffle_model_metrics.csv,,,3MIDD_048,,,
flow/0000/007,,shuffle_median_abs_A,0.0068118182563237,data/precomputed/fig02/official50_shuffle_model_metrics.csv,,,3MIDD_207,,,
flow/0000/007,,shuffle_median_abs_A,0.0075572478596815,data/precomputed/fig02/official50_shuffle_model_metrics.csv,,,4MIDD_085_170,,,
flow/0000/008,,shuffle_median_abs_A,0.012126636606136,data/precomputed/fig02/official50_shuffle_model_metrics.csv,,,3MIDD_048,,,
flow/0000/008,,shuffle_median_abs_A,0.0062419074896708,data/precomputed/fig02/official50_shuffle_model_metrics.csv,,,3MIDD_207,,,
flow/0000/008,,shuffle_median_abs_A,0.0086485302346974,data/precomputed/fig02/official50_shuffle_model_metrics.csv,,,4MIDD_085_170,,,
flow/0000/009,,shuffle_median_abs_A,0.0238797114927252,data/precomputed/fig02/official50_shuffle_model_metrics.csv,,,3MIDD_048,,,
flow/0000/009,,shuffle_median_abs_A,0.0192202448629758,data/precomputed/fig02/official50_shuffle_model_metrics.csv,,,3MIDD_207,,,
flow/0000/009,,shuffle_median_abs_A,0.0156638733273867,data/precomputed/fig02/official50_shuffle_model_metrics.csv,,,4MIDD_085_170,,,
flow/0000/010,,shuffle_median_abs_A,0.0103608339285231,data/precomputed/fig02/official50_shuffle_model_metrics.csv,,,3MIDD_048,,,
flow/0000/010,,shuffle_median_abs_A,0.0238923168008947,data/precomputed/fig02/official50_shuffle_model_metrics.csv,,,3MIDD_207,,,
flow/0000/010,,shuffle_median_abs_A,0.016940375871996,data/precomputed/fig02/official50_shuffle_model_metrics.csv,,,4MIDD_085_170,,,
flow/0000/011,,shuffle_median_abs_A,0.011193137142664,data/precomputed/fig02/official50_shuffle_model_metrics.csv,,,3MIDD_048,,,
flow/0000/011,,shuffle_median_abs_A,0.0129976554673617,data/precomputed/fig02/official50_shuffle_model_metrics.csv,,,3MIDD_207,,,
flow/0000/011,,shuffle_median_abs_A,0.0084570841843527,data/precomputed/fig02/official50_shuffle_model_metrics.csv,,,4MIDD_085_170,,,
flow/0000/012,,shuffle_median_abs_A,0.0132416450088144,data/precomputed/fig02/official50_shuffle_model_metrics.csv,,,3MIDD_048,,,
flow/0000/012,,shuffle_median_abs_A,0.0081045621659039,data/precomputed/fig02/official50_shuffle_model_metrics.csv,,,3MIDD_207,,,
flow/0000/012,,shuffle_median_abs_A,0.0110954296892577,data/precomputed/fig02/official50_shuffle_model_metrics.csv,,,4MIDD_085_170,,,
flow/0000/013,,shuffle_median_abs_A,0.0115104347157212,data/precomputed/fig02/official50_shuffle_model_metrics.csv,,,3MIDD_048,,,
flow/0000/013,,shuffle_median_abs_A,0.0062902293757228,data/precomputed/fig02/official50_shuffle_model_metrics.csv,,,3MIDD_207,,,
flow/0000/013,,shuffle_median_abs_A,0.0047083512117469,data/precomputed/fig02/official50_shuffle_model_metrics.csv,,,4MIDD_085_170,,,
flow/0000/014,,shuffle_median_abs_A,0.0099023760133355,data/precomputed/fig02/official50_shuffle_model_metrics.csv,,,3MIDD_048,,,
flow/0000/014,,shuffle_median_abs_A,0.0110598135185059,data/precomputed/fig02/official50_shuffle_model_metrics.csv,,,3MIDD_207,,,
flow/0000/014,,shuffle_median_abs_A,0.0031892817430522,data/precomputed/fig02/official50_shuffle_model_metrics.csv,,,4MIDD_085_170,,,
flow/0000/015,,shuffle_median_abs_A,0.009672324029642,data/precomputed/fig02/official50_shuffle_model_metrics.csv,,,3MIDD_048,,,
flow/0000/015,,shuffle_median_abs_A,0.0056511439773098,data/precomputed/fig02/official50_shuffle_model_metrics.csv,,,3MIDD_207,,,
flow/0000/015,,shuffle_median_abs_A,0.0143775250374532,data/precomputed/fig02/official50_shuffle_model_metrics.csv,,,4MIDD_085_170,,,
flow/0000/016,,shuffle_median_abs_A,0.0173020142715646,data/precomputed/fig02/official50_shuffle_model_metrics.csv,,,3MIDD_048,,,
flow/0000/016,,shuffle_median_abs_A,0.0100348724466901,data/precomputed/fig02/official50_shuffle_model_metrics.csv,,,3MIDD_207,,,
flow/0000/016,,shuffle_median_abs_A,0.0044248409795178,data/precomputed/fig02/official50_shuffle_model_metrics.csv,,,4MIDD_085_170,,,
flow/0000/017,,shuffle_median_abs_A,0.0140683739179584,data/precomputed/fig02/official50_shuffle_model_metrics.csv,,,3MIDD_048,,,
flow/0000/017,,shuffle_median_abs_A,0.0130539340949,data/precomputed/fig02/official50_shuffle_model_metrics.csv,,,3MIDD_207,,,
flow/0000/017,,shuffle_median_abs_A,0.0125759313902249,data/precomputed/fig02/official50_shuffle_model_metrics.csv,,,4MIDD_085_170,,,
flow/0000/018,,shuffle_median_abs_A,0.0085787839311841,data/precomputed/fig02/official50_shuffle_model_metrics.csv,,,3MIDD_048,,,
flow/0000/018,,shuffle_median_abs_A,0.0122240275429376,data/precomputed/fig02/official50_shuffle_model_metrics.csv,,,3MIDD_207,,,
flow/0000/018,,shuffle_median_abs_A,0.0126461526267931,data/precomputed/fig02/official50_shuffle_model_metrics.csv,,,4MIDD_085_170,,,
flow/0000/019,,shuffle_median_abs_A,0.0086746545679807,data/precomputed/fig02/official50_shuffle_model_metrics.csv,,,3MIDD_048,,,
flow/0000/019,,shuffle_median_abs_A,0.0098704519754727,data/precomputed/fig02/official50_shuffle_model_metrics.csv,,,3MIDD_207,,,
flow/0000/019,,shuffle_median_abs_A,0.0066743510460882,data/precomputed/fig02/official50_shuffle_model_metrics.csv,,,4MIDD_085_170,,,
flow/0000/020,,shuffle_median_abs_A,0.0045814674600104,data/precomputed/fig02/official50_shuffle_model_metrics.csv,,,3MIDD_048,,,
flow/0000/020,,shuffle_median_abs_A,0.0037714296471946,data/precomputed/fig02/official50_shuffle_model_metrics.csv,,,3MIDD_207,,,
flow/0000/020,,shuffle_median_abs_A,0.0115159344755297,data/precomputed/fig02/official50_shuffle_model_metrics.csv,,,4MIDD_085_170,,,
flow/0000/021,,shuffle_median_abs_A,0.0183100443408491,data/precomputed/fig02/official50_shuffle_model_metrics.csv,,,3MIDD_048,,,
flow/0000/021,,shuffle_median_abs_A,0.0239778341219194,data/precomputed/fig02/official50_shuffle_model_metrics.csv,,,3MIDD_207,,,
flow/0000/021,,shuffle_median_abs_A,0.0286244738912668,data/precomputed/fig02/official50_shuffle_model_metrics.csv,,,4MIDD_085_170,,,
flow/0000/022,,shuffle_median_abs_A,0.0095819298116271,data/precomputed/fig02/official50_shuffle_model_metrics.csv,,,3MIDD_048,,,
flow/0000/022,,shuffle_median_abs_A,0.0047103763713425,data/precomputed/fig02/official50_shuffle_model_metrics.csv,,,3MIDD_207,,,
flow/0000/022,,shuffle_median_abs_A,0.0061018840969911,data/precomputed/fig02/official50_shuffle_model_metrics.csv,,,4MIDD_085_170,,,
flow/0000/023,,shuffle_median_abs_A,0.0125657869274773,data/precomputed/fig02/official50_shuffle_model_metrics.csv,,,3MIDD_048,,,
flow/0000/023,,shuffle_median_abs_A,0.0086357938551753,data/precomputed/fig02/official50_shuffle_model_metrics.csv,,,3MIDD_207,,,
flow/0000/023,,shuffle_median_abs_A,0.0133929755539261,data/precomputed/fig02/official50_shuffle_model_metrics.csv,,,4MIDD_085_170,,,
flow/0000/024,,shuffle_median_abs_A,0.0213581950814047,data/precomputed/fig02/official50_shuffle_model_metrics.csv,,,3MIDD_048,,,
flow/0000/024,,shuffle_median_abs_A,0.0147010443272789,data/precomputed/fig02/official50_shuffle_model_metrics.csv,,,3MIDD_207,,,
flow/0000/024,,shuffle_median_abs_A,0.0095439436685024,data/precomputed/fig02/official50_shuffle_model_metrics.csv,,,4MIDD_085_170,,,
flow/0000/025,,shuffle_median_abs_A,0.0163671004632726,data/precomputed/fig02/official50_shuffle_model_metrics.csv,,,3MIDD_048,,,
flow/0000/025,,shuffle_median_abs_A,0.0113913047289992,data/precomputed/fig02/official50_shuffle_model_metrics.csv,,,3MIDD_207,,,
flow/0000/025,,shuffle_median_abs_A,0.0101273289859641,data/precomputed/fig02/official50_shuffle_model_metrics.csv,,,4MIDD_085_170,,,
flow/0000/026,,shuffle_median_abs_A,0.0072664940593074,data/precomputed/fig02/official50_shuffle_model_metrics.csv,,,3MIDD_048,,,
flow/0000/026,,shuffle_median_abs_A,0.0048515331692055,data/precomputed/fig02/official50_shuffle_model_metrics.csv,,,3MIDD_207,,,
flow/0000/026,,shuffle_median_abs_A,0.0178991043376702,data/precomputed/fig02/official50_shuffle_model_metrics.csv,,,4MIDD_085_170,,,
flow/0000/027,,shuffle_median_abs_A,0.0311758379370305,data/precomputed/fig02/official50_shuffle_model_metrics.csv,,,3MIDD_048,,,
flow/0000/027,,shuffle_median_abs_A,0.0250047473318204,data/precomputed/fig02/official50_shuffle_model_metrics.csv,,,3MIDD_207,,,
flow/0000/027,,shuffle_median_abs_A,0.017437778543325,data/precomputed/fig02/official50_shuffle_model_metrics.csv,,,4MIDD_085_170,,,
flow/0000/028,,shuffle_median_abs_A,0.0066703667437245,data/precomputed/fig02/official50_shuffle_model_metrics.csv,,,3MIDD_048,,,
flow/0000/028,,shuffle_median_abs_A,0.0066074753702697,data/precomputed/fig02/official50_shuffle_model_metrics.csv,,,3MIDD_207,,,
flow/0000/028,,shuffle_median_abs_A,0.0094556074346947,data/precomputed/fig02/official50_shuffle_model_metrics.csv,,,4MIDD_085_170,,,
flow/0000/029,,shuffle_median_abs_A,0.0130847106003857,data/precomputed/fig02/official50_shuffle_model_metrics.csv,,,3MIDD_048,,,
flow/0000/029,,shuffle_median_abs_A,0.0167576021222385,data/precomputed/fig02/official50_shuffle_model_metrics.csv,,,3MIDD_207,,,
flow/0000/029,,shuffle_median_abs_A,0.010300092510412,data/precomputed/fig02/official50_shuffle_model_metrics.csv,,,4MIDD_085_170,,,
flow/0000/030,,shuffle_median_abs_A,0.0127581758487427,data/precomputed/fig02/official50_shuffle_model_metrics.csv,,,3MIDD_048,,,
flow/0000/030,,shuffle_median_abs_A,0.0209594372993591,data/precomputed/fig02/official50_shuffle_model_metrics.csv,,,3MIDD_207,,,
flow/0000/030,,shuffle_median_abs_A,0.007594227137318,data/precomputed/fig02/official50_shuffle_model_metrics.csv,,,4MIDD_085_170,,,
flow/0000/031,,shuffle_median_abs_A,0.0141370036334794,data/precomputed/fig02/official50_shuffle_model_metrics.csv,,,3MIDD_048,,,
flow/0000/031,,shuffle_median_abs_A,0.0150907839752239,data/precomputed/fig02/official50_shuffle_model_metrics.csv,,,3MIDD_207,,,
flow/0000/031,,shuffle_median_abs_A,0.0245195672367151,data/precomputed/fig02/official50_shuffle_model_metrics.csv,,,4MIDD_085_170,,,
flow/0000/032,,shuffle_median_abs_A,0.0220700517020276,data/precomputed/fig02/official50_shuffle_model_metrics.csv,,,3MIDD_048,,,
flow/0000/032,,shuffle_median_abs_A,0.0151391311350281,data/precomputed/fig02/official50_shuffle_model_metrics.csv,,,3MIDD_207,,,
flow/0000/032,,shuffle_median_abs_A,0.014172612606506,data/precomputed/fig02/official50_shuffle_model_metrics.csv,,,4MIDD_085_170,,,
flow/0000/033,,shuffle_median_abs_A,0.0141709073597054,data/precomputed/fig02/official50_shuffle_model_metrics.csv,,,3MIDD_048,,,
flow/0000/033,,shuffle_median_abs_A,0.0184589198279249,data/precomputed/fig02/official50_shuffle_model_metrics.csv,,,3MIDD_207,,,
flow/0000/033,,shuffle_median_abs_A,0.0107001664067504,data/precomputed/fig02/official50_shuffle_model_metrics.csv,,,4MIDD_085_170,,,
flow/0000/034,,shuffle_median_abs_A,0.0096043471305488,data/precomputed/fig02/official50_shuffle_model_metrics.csv,,,3MIDD_048,,,
flow/0000/034,,shuffle_median_abs_A,0.0079899161758612,data/precomputed/fig02/official50_shuffle_model_metrics.csv,,,3MIDD_207,,,
flow/0000/034,,shuffle_median_abs_A,0.0148771384718264,data/precomputed/fig02/official50_shuffle_model_metrics.csv,,,4MIDD_085_170,,,
flow/0000/035,,shuffle_median_abs_A,0.0221674367369542,data/precomputed/fig02/official50_shuffle_model_metrics.csv,,,3MIDD_048,,,
flow/0000/035,,shuffle_median_abs_A,0.0311604491422686,data/precomputed/fig02/official50_shuffle_model_metrics.csv,,,3MIDD_207,,,
flow/0000/035,,shuffle_median_abs_A,0.0186331696952491,data/precomputed/fig02/official50_shuffle_model_metrics.csv,,,4MIDD_085_170,,,
flow/0000/036,,shuffle_median_abs_A,0.0142208039679732,data/precomputed/fig02/official50_shuffle_model_metrics.csv,,,3MIDD_048,,,
flow/0000/036,,shuffle_median_abs_A,0.0165218440922798,data/precomputed/fig02/official50_shuffle_model_metrics.csv,,,3MIDD_207,,,
flow/0000/036,,shuffle_median_abs_A,0.0061903837303156,data/precomputed/fig02/official50_shuffle_model_metrics.csv,,,4MIDD_085_170,,,
flow/0000/037,,shuffle_median_abs_A,0.0105857711882837,data/precomputed/fig02/official50_shuffle_model_metrics.csv,,,3MIDD_048,,,
flow/0000/037,,shuffle_median_abs_A,0.0067499395892501,data/precomputed/fig02/official50_shuffle_model_metrics.csv,,,3MIDD_207,,,
flow/0000/037,,shuffle_median_abs_A,0.0116821049111866,data/precomputed/fig02/official50_shuffle_model_metrics.csv,,,4MIDD_085_170,,,
flow/0000/038,,shuffle_median_abs_A,0.0050329214789824,data/precomputed/fig02/official50_shuffle_model_metrics.csv,,,3MIDD_048,,,
flow/0000/038,,shuffle_median_abs_A,0.0110540719578945,data/precomputed/fig02/official50_shuffle_model_metrics.csv,,,3MIDD_207,,,
flow/0000/038,,shuffle_median_abs_A,0.0098062696112108,data/precomputed/fig02/official50_shuffle_model_metrics.csv,,,4MIDD_085_170,,,
flow/0000/039,,shuffle_median_abs_A,0.0045968249503512,data/precomputed/fig02/official50_shuffle_model_metrics.csv,,,3MIDD_048,,,
flow/0000/039,,shuffle_median_abs_A,0.0019323051602056,data/precomputed/fig02/official50_shuffle_model_metrics.csv,,,3MIDD_207,,,
flow/0000/039,,shuffle_median_abs_A,0.0018917229484332,data/precomputed/fig02/official50_shuffle_model_metrics.csv,,,4MIDD_085_170,,,
flow/0000/040,,shuffle_median_abs_A,0.007778035930986,data/precomputed/fig02/official50_shuffle_model_metrics.csv,,,3MIDD_048,,,
flow/0000/040,,shuffle_median_abs_A,0.006971492664605,data/precomputed/fig02/official50_shuffle_model_metrics.csv,,,3MIDD_207,,,
flow/0000/040,,shuffle_median_abs_A,0.0175735711781858,data/precomputed/fig02/official50_shuffle_model_metrics.csv,,,4MIDD_085_170,,,
flow/0000/041,,shuffle_median_abs_A,0.0076302074160523,data/precomputed/fig02/official50_shuffle_model_metrics.csv,,,3MIDD_048,,,
flow/0000/041,,shuffle_median_abs_A,0.0080255945683554,data/precomputed/fig02/official50_shuffle_model_metrics.csv,,,3MIDD_207,,,
flow/0000/041,,shuffle_median_abs_A,0.0087041915941114,data/precomputed/fig02/official50_shuffle_model_metrics.csv,,,4MIDD_085_170,,,
flow/0000/042,,shuffle_median_abs_A,0.0066282229630024,data/precomputed/fig02/official50_shuffle_model_metrics.csv,,,3MIDD_048,,,
flow/0000/042,,shuffle_median_abs_A,0.0066094924259019,data/precomputed/fig02/official50_shuffle_model_metrics.csv,,,3MIDD_207,,,
flow/0000/042,,shuffle_median_abs_A,0.0078705418947725,data/precomputed/fig02/official50_shuffle_model_metrics.csv,,,4MIDD_085_170,,,
flow/0000/043,,shuffle_median_abs_A,0.0045234774868556,data/precomputed/fig02/official50_shuffle_model_metrics.csv,,,3MIDD_048,,,
flow/0000/043,,shuffle_median_abs_A,0.0041412988089334,data/precomputed/fig02/official50_shuffle_model_metrics.csv,,,3MIDD_207,,,
flow/0000/043,,shuffle_median_abs_A,0.0026582784380097,data/precomputed/fig02/official50_shuffle_model_metrics.csv,,,4MIDD_085_170,,,
flow/0000/044,,shuffle_median_abs_A,0.0057402702078758,data/precomputed/fig02/official50_shuffle_model_metrics.csv,,,3MIDD_048,,,
flow/0000/044,,shuffle_median_abs_A,0.0072691804161758,data/precomputed/fig02/official50_shuffle_model_metrics.csv,,,3MIDD_207,,,
flow/0000/044,,shuffle_median_abs_A,0.0091812777179241,data/precomputed/fig02/official50_shuffle_model_metrics.csv,,,4MIDD_085_170,,,
flow/0000/045,,shuffle_median_abs_A,0.0146336323400711,data/precomputed/fig02/official50_shuffle_model_metrics.csv,,,3MIDD_048,,,
flow/0000/045,,shuffle_median_abs_A,0.0133253742875712,data/precomputed/fig02/official50_shuffle_model_metrics.csv,,,3MIDD_207,,,
flow/0000/045,,shuffle_median_abs_A,0.0059901712241327,data/precomputed/fig02/official50_shuffle_model_metrics.csv,,,4MIDD_085_170,,,
flow/0000/046,,shuffle_median_abs_A,0.012445243831965,data/precomputed/fig02/official50_shuffle_model_metrics.csv,,,3MIDD_048,,,
flow/0000/046,,shuffle_median_abs_A,0.010256407243497,data/precomputed/fig02/official50_shuffle_model_metrics.csv,,,3MIDD_207,,,
flow/0000/046,,shuffle_median_abs_A,0.0065472590213951,data/precomputed/fig02/official50_shuffle_model_metrics.csv,,,4MIDD_085_170,,,
flow/0000/047,,shuffle_median_abs_A,0.0081875307116454,data/precomputed/fig02/official50_shuffle_model_metrics.csv,,,3MIDD_048,,,
flow/0000/047,,shuffle_median_abs_A,0.0054786878709857,data/precomputed/fig02/official50_shuffle_model_metrics.csv,,,3MIDD_207,,,
flow/0000/047,,shuffle_median_abs_A,0.0098795216856324,data/precomputed/fig02/official50_shuffle_model_metrics.csv,,,4MIDD_085_170,,,
flow/0000/048,,shuffle_median_abs_A,0.0094544686752634,data/precomputed/fig02/official50_shuffle_model_metrics.csv,,,3MIDD_048,,,
flow/0000/048,,shuffle_median_abs_A,0.0078517706116282,data/precomputed/fig02/official50_shuffle_model_metrics.csv,,,3MIDD_207,,,
flow/0000/048,,shuffle_median_abs_A,0.0074866881310086,data/precomputed/fig02/official50_shuffle_model_metrics.csv,,,4MIDD_085_170,,,
flow/0000/049,,shuffle_median_abs_A,0.0040455827838052,data/precomputed/fig02/official50_shuffle_model_metrics.csv,,,3MIDD_048,,,
flow/0000/049,,shuffle_median_abs_A,0.0021893725382037,data/precomputed/fig02/official50_shuffle_model_metrics.csv,,,3MIDD_207,,,
flow/0000/049,,shuffle_median_abs_A,0.0056829279904882,data/precomputed/fig02/official50_shuffle_model_metrics.csv,,,4MIDD_085_170,,,
flow/0000/000,,difference_mean,-0.0157601292858124,data/precomputed/fig02/official50_shuffle_model_metrics.csv,,,3MIDD_048,,,
flow/0000/000,,difference_mean,-0.0075122109534823,data/precomputed/fig02/official50_shuffle_model_metrics.csv,,,3MIDD_207,,,
flow/0000/000,,difference_mean,-0.0054663847951759,data/precomputed/fig02/official50_shuffle_model_metrics.csv,,,4MIDD_085_170,,,
flow/0000/001,,difference_mean,-0.0042453738054604,data/precomputed/fig02/official50_shuffle_model_metrics.csv,,,3MIDD_048,,,
flow/0000/001,,difference_mean,-0.0014767242016482,data/precomputed/fig02/official50_shuffle_model_metrics.csv,,,3MIDD_207,,,
flow/0000/001,,difference_mean,-0.0032140630724964,data/precomputed/fig02/official50_shuffle_model_metrics.csv,,,4MIDD_085_170,,,
flow/0000/002,,difference_mean,0.0012610489679635,data/precomputed/fig02/official50_shuffle_model_metrics.csv,,,3MIDD_048,,,
flow/0000/002,,difference_mean,-0.0080314111953069,data/precomputed/fig02/official50_shuffle_model_metrics.csv,,,3MIDD_207,,,
flow/0000/002,,difference_mean,-0.006287869378836,data/precomputed/fig02/official50_shuffle_model_metrics.csv,,,4MIDD_085_170,,,
flow/0000/003,,difference_mean,0.0189566790988928,data/precomputed/fig02/official50_shuffle_model_metrics.csv,,,3MIDD_048,,,
flow/0000/003,,difference_mean,0.0018908183932507,data/precomputed/fig02/official50_shuffle_model_metrics.csv,,,3MIDD_207,,,
flow/0000/003,,difference_mean,-0.0010644760656007,data/precomputed/fig02/official50_shuffle_model_metrics.csv,,,4MIDD_085_170,,,
flow/0000/004,,difference_mean,-0.01405355228471,data/precomputed/fig02/official50_shuffle_model_metrics.csv,,,3MIDD_048,,,
flow/0000/004,,difference_mean,-0.0020247413498297,data/precomputed/fig02/official50_shuffle_model_metrics.csv,,,3MIDD_207,,,
flow/0000/004,,difference_mean,-0.0134705436071444,data/precomputed/fig02/official50_shuffle_model_metrics.csv,,,4MIDD_085_170,,,
flow/0000/005,,difference_mean,-0.0053747014867705,data/precomputed/fig02/official50_shuffle_model_metrics.csv,,,3MIDD_048,,,
flow/0000/005,,difference_mean,0.0397107756384151,data/precomputed/fig02/official50_shuffle_model_metrics.csv,,,3MIDD_207,,,
flow/0000/005,,difference_mean,-0.0128291630960155,data/precomputed/fig02/official50_shuffle_model_metrics.csv,,,4MIDD_085_170,,,
flow/0000/006,,difference_mean,0.0116883189109611,data/precomputed/fig02/official50_shuffle_model_metrics.csv,,,3MIDD_048,,,
flow/0000/006,,difference_mean,-0.0083605552734642,data/precomputed/fig02/official50_shuffle_model_metrics.csv,,,3MIDD_207,,,
flow/0000/006,,difference_mean,-0.0034654494961557,data/precomputed/fig02/official50_shuffle_model_metrics.csv,,,4MIDD_085_170,,,
flow/0000/007,,difference_mean,-0.00732309575615,data/precomputed/fig02/official50_shuffle_model_metrics.csv,,,3MIDD_048,,,
flow/0000/007,,difference_mean,0.0054239963954194,data/precomputed/fig02/official50_shuffle_model_metrics.csv,,,3MIDD_207,,,
flow/0000/007,,difference_mean,-0.0034743548352498,data/precomputed/fig02/official50_shuffle_model_metrics.csv,,,4MIDD_085_170,,,
flow/0000/008,,difference_mean,-0.0061075100855825,data/precomputed/fig02/official50_shuffle_model_metrics.csv,,,3MIDD_048,,,
flow/0000/008,,difference_mean,0.0029658939965021,data/precomputed/fig02/official50_shuffle_model_metrics.csv,,,3MIDD_207,,,
flow/0000/008,,difference_mean,-0.009075749018833,data/precomputed/fig02/official50_shuffle_model_metrics.csv,,,4MIDD_085_170,,,
flow/0000/009,,difference_mean,-0.0122145992859033,data/precomputed/fig02/official50_shuffle_model_metrics.csv,,,3MIDD_048,,,
flow/0000/009,,difference_mean,-0.0124112192062581,data/precomputed/fig02/official50_shuffle_model_metrics.csv,,,3MIDD_207,,,
flow/0000/009,,difference_mean,-0.0151551440479419,data/precomputed/fig02/official50_shuffle_model_metrics.csv,,,4MIDD_085_170,,,
flow/0000/010,,difference_mean,-0.0113360157579478,data/precomputed/fig02/official50_shuffle_model_metrics.csv,,,3MIDD_048,,,
flow/0000/010,,difference_mean,-0.0013741144751233,data/precomputed/fig02/official50_shuffle_model_metrics.csv,,,3MIDD_207,,,
flow/0000/010,,difference_mean,-0.0110531260308147,data/precomputed/fig02/official50_shuffle_model_metrics.csv,,,4MIDD_085_170,,,
flow/0000/011,,difference_mean,-0.0074483746045756,data/precomputed/fig02/official50_shuffle_model_metrics.csv,,,3MIDD_048,,,
flow/0000/011,,difference_mean,-0.0005749940576724,data/precomputed/fig02/official50_shuffle_model_metrics.csv,,,3MIDD_207,,,
flow/0000/011,,difference_mean,-0.0053709646606824,data/precomputed/fig02/official50_shuffle_model_metrics.csv,,,4MIDD_085_170,,,
flow/0000/012,,difference_mean,0.0067907175749765,data/precomputed/fig02/official50_shuffle_model_metrics.csv,,,3MIDD_048,,,
flow/0000/012,,difference_mean,0.004060547540934,data/precomputed/fig02/official50_shuffle_model_metrics.csv,,,3MIDD_207,,,
flow/0000/012,,difference_mean,-0.0102287261968324,data/precomputed/fig02/official50_shuffle_model_metrics.csv,,,4MIDD_085_170,,,
flow/0000/013,,difference_mean,-0.0018977957073252,data/precomputed/fig02/official50_shuffle_model_metrics.csv,,,3MIDD_048,,,
flow/0000/013,,difference_mean,-0.0055688328318784,data/precomputed/fig02/official50_shuffle_model_metrics.csv,,,3MIDD_207,,,
flow/0000/013,,difference_mean,-0.0058543429300988,data/precomputed/fig02/official50_shuffle_model_metrics.csv,,,4MIDD_085_170,,,
flow/0000/014,,difference_mean,0.0029816667686426,data/precomputed/fig02/official50_shuffle_model_metrics.csv,,,3MIDD_048,,,
flow/0000/014,,difference_mean,0.0017614342591968,data/precomputed/fig02/official50_shuffle_model_metrics.csv,,,3MIDD_207,,,
flow/0000/014,,difference_mean,0.0014814800258237,data/precomputed/fig02/official50_shuffle_model_metrics.csv,,,4MIDD_085_170,,,
flow/0000/015,,difference_mean,-0.0009783320106555,data/precomputed/fig02/official50_shuffle_model_metrics.csv,,,3MIDD_048,,,
flow/0000/015,,difference_mean,-0.0058905296973727,data/precomputed/fig02/official50_shuffle_model_metrics.csv,,,3MIDD_207,,,
flow/0000/015,,difference_mean,-0.0130228072612493,data/precomputed/fig02/official50_shuffle_model_metrics.csv,,,4MIDD_085_170,,,
flow/0000/016,,difference_mean,-0.0105389547008421,data/precomputed/fig02/official50_shuffle_model_metrics.csv,,,3MIDD_048,,,
flow/0000/016,,difference_mean,0.0111716939575494,data/precomputed/fig02/official50_shuffle_model_metrics.csv,,,3MIDD_207,,,
flow/0000/016,,difference_mean,-0.0057147167282452,data/precomputed/fig02/official50_shuffle_model_metrics.csv,,,4MIDD_085_170,,,
flow/0000/017,,difference_mean,0.0133055430199207,data/precomputed/fig02/official50_shuffle_model_metrics.csv,,,3MIDD_048,,,
flow/0000/017,,difference_mean,0.0175495335055657,data/precomputed/fig02/official50_shuffle_model_metrics.csv,,,3MIDD_207,,,
flow/0000/017,,difference_mean,-0.0065269363152227,data/precomputed/fig02/official50_shuffle_model_metrics.csv,,,4MIDD_085_170,,,
flow/0000/018,,difference_mean,-0.0004953322999062,data/precomputed/fig02/official50_shuffle_model_metrics.csv,,,3MIDD_048,,,
flow/0000/018,,difference_mean,-0.0058362474108415,data/precomputed/fig02/official50_shuffle_model_metrics.csv,,,3MIDD_207,,,
flow/0000/018,,difference_mean,-0.0074914079156217,data/precomputed/fig02/official50_shuffle_model_metrics.csv,,,4MIDD_085_170,,,
flow/0000/019,,difference_mean,0.0031040062381428,data/precomputed/fig02/official50_shuffle_model_metrics.csv,,,3MIDD_048,,,
flow/0000/019,,difference_mean,-0.0074161075359369,data/precomputed/fig02/official50_shuffle_model_metrics.csv,,,3MIDD_207,,,
flow/0000/019,,difference_mean,-0.0083521428105064,data/precomputed/fig02/official50_shuffle_model_metrics.csv,,,4MIDD_085_170,,,
flow/0000/020,,difference_mean,-0.0017893013193364,data/precomputed/fig02/official50_shuffle_model_metrics.csv,,,3MIDD_048,,,
flow/0000/020,,difference_mean,0.0009372742335505,data/precomputed/fig02/official50_shuffle_model_metrics.csv,,,3MIDD_207,,,
flow/0000/020,,difference_mean,-0.0058745015338266,data/precomputed/fig02/official50_shuffle_model_metrics.csv,,,4MIDD_085_170,,,
flow/0000/021,,difference_mean,-0.0191415816109556,data/precomputed/fig02/official50_shuffle_model_metrics.csv,,,3MIDD_048,,,
flow/0000/021,,difference_mean,-0.0125302037771631,data/precomputed/fig02/official50_shuffle_model_metrics.csv,,,3MIDD_207,,,
flow/0000/021,,difference_mean,-0.026939446505237,data/precomputed/fig02/official50_shuffle_model_metrics.csv,,,4MIDD_085_170,,,
flow/0000/022,,difference_mean,-0.0023965272960868,data/precomputed/fig02/official50_shuffle_model_metrics.csv,,,3MIDD_048,,,
flow/0000/022,,difference_mean,0.0069953233298813,data/precomputed/fig02/official50_shuffle_model_metrics.csv,,,3MIDD_207,,,
flow/0000/022,,difference_mean,-0.0022119559711647,data/precomputed/fig02/official50_shuffle_model_metrics.csv,,,4MIDD_085_170,,,
flow/0000/023,,difference_mean,-0.0123567001367228,data/precomputed/fig02/official50_shuffle_model_metrics.csv,,,3MIDD_048,,,
flow/0000/023,,difference_mean,-0.0026247558475833,data/precomputed/fig02/official50_shuffle_model_metrics.csv,,,3MIDD_207,,,
flow/0000/023,,difference_mean,-0.0077932894993014,data/precomputed/fig02/official50_shuffle_model_metrics.csv,,,4MIDD_085_170,,,
flow/0000/024,,difference_mean,0.004927028167071,data/precomputed/fig02/official50_shuffle_model_metrics.csv,,,3MIDD_048,,,
flow/0000/024,,difference_mean,0.0064932337182576,data/precomputed/fig02/official50_shuffle_model_metrics.csv,,,3MIDD_207,,,
flow/0000/024,,difference_mean,-0.0125035418188827,data/precomputed/fig02/official50_shuffle_model_metrics.csv,,,4MIDD_085_170,,,
flow/0000/025,,difference_mean,-0.0114962017088374,data/precomputed/fig02/official50_shuffle_model_metrics.csv,,,3MIDD_048,,,
flow/0000/025,,difference_mean,-0.0138024151625566,data/precomputed/fig02/official50_shuffle_model_metrics.csv,,,3MIDD_207,,,
flow/0000/025,,difference_mean,-0.0144953098662593,data/precomputed/fig02/official50_shuffle_model_metrics.csv,,,4MIDD_085_170,,,
flow/0000/026,,difference_mean,-0.0064766555526781,data/precomputed/fig02/official50_shuffle_model_metrics.csv,,,3MIDD_048,,,
flow/0000/026,,difference_mean,0.0028773587404671,data/precomputed/fig02/official50_shuffle_model_metrics.csv,,,3MIDD_207,,,
flow/0000/026,,difference_mean,-0.0119267313879794,data/precomputed/fig02/official50_shuffle_model_metrics.csv,,,4MIDD_085_170,,,
flow/0000/027,,difference_mean,0.0161676266944371,data/precomputed/fig02/official50_shuffle_model_metrics.csv,,,3MIDD_048,,,
flow/0000/027,,difference_mean,0.0019941762298826,data/precomputed/fig02/official50_shuffle_model_metrics.csv,,,3MIDD_207,,,
flow/0000/027,,difference_mean,-0.0028873338182217,data/precomputed/fig02/official50_shuffle_model_metrics.csv,,,4MIDD_085_170,,,
flow/0000/028,,difference_mean,-0.0063907897475694,data/precomputed/fig02/official50_shuffle_model_metrics.csv,,,3MIDD_048,,,
flow/0000/028,,difference_mean,0.0002565258691273,data/precomputed/fig02/official50_shuffle_model_metrics.csv,,,3MIDD_207,,,
flow/0000/028,,difference_mean,-0.0020452208070085,data/precomputed/fig02/official50_shuffle_model_metrics.csv,,,4MIDD_085_170,,,
flow/0000/029,,difference_mean,0.0028697525236128,data/precomputed/fig02/official50_shuffle_model_metrics.csv,,,3MIDD_048,,,
flow/0000/029,,difference_mean,-0.0173023509486673,data/precomputed/fig02/official50_shuffle_model_metrics.csv,,,3MIDD_207,,,
flow/0000/029,,difference_mean,-0.0093879977333982,data/precomputed/fig02/official50_shuffle_model_metrics.csv,,,4MIDD_085_170,,,
flow/0000/030,,difference_mean,0.0162732966435386,data/precomputed/fig02/official50_shuffle_model_metrics.csv,,,3MIDD_048,,,
flow/0000/030,,difference_mean,-0.0074413953009347,data/precomputed/fig02/official50_shuffle_model_metrics.csv,,,3MIDD_207,,,
flow/0000/030,,difference_mean,-0.0036211273174326,data/precomputed/fig02/official50_shuffle_model_metrics.csv,,,4MIDD_085_170,,,
flow/0000/031,,difference_mean,-0.0158898548839571,data/precomputed/fig02/official50_shuffle_model_metrics.csv,,,3MIDD_048,,,
flow/0000/031,,difference_mean,0.0045869442468493,data/precomputed/fig02/official50_shuffle_model_metrics.csv,,,3MIDD_207,,,
flow/0000/031,,difference_mean,-0.0172074900796198,data/precomputed/fig02/official50_shuffle_model_metrics.csv,,,4MIDD_085_170,,,
flow/0000/032,,difference_mean,-0.0180863170551853,data/precomputed/fig02/official50_shuffle_model_metrics.csv,,,3MIDD_048,,,
flow/0000/032,,difference_mean,-0.0214417159544246,data/precomputed/fig02/official50_shuffle_model_metrics.csv,,,3MIDD_207,,,
flow/0000/032,,difference_mean,-0.0138334480488765,data/precomputed/fig02/official50_shuffle_model_metrics.csv,,,4MIDD_085_170,,,
flow/0000/033,,difference_mean,-0.0140723967569075,data/precomputed/fig02/official50_shuffle_model_metrics.csv,,,3MIDD_048,,,
flow/0000/033,,difference_mean,-0.0081782281767725,data/precomputed/fig02/official50_shuffle_model_metrics.csv,,,3MIDD_207,,,
flow/0000/033,,difference_mean,-0.0090448043159277,data/precomputed/fig02/official50_shuffle_model_metrics.csv,,,4MIDD_085_170,,,
flow/0000/034,,difference_mean,-0.00347613661515,data/precomputed/fig02/official50_shuffle_model_metrics.csv,,,3MIDD_048,,,
flow/0000/034,,difference_mean,-0.0081449766065486,data/precomputed/fig02/official50_shuffle_model_metrics.csv,,,3MIDD_207,,,
flow/0000/034,,difference_mean,-0.0114453546529558,data/precomputed/fig02/official50_shuffle_model_metrics.csv,,,4MIDD_085_170,,,
flow/0000/035,,difference_mean,-0.0134884323867664,data/precomputed/fig02/official50_shuffle_model_metrics.csv,,,3MIDD_048,,,
flow/0000/035,,difference_mean,-0.0278116802624126,data/precomputed/fig02/official50_shuffle_model_metrics.csv,,,3MIDD_207,,,
flow/0000/035,,difference_mean,-0.0173862906548509,data/precomputed/fig02/official50_shuffle_model_metrics.csv,,,4MIDD_085_170,,,
flow/0000/036,,difference_mean,0.0465633224825996,data/precomputed/fig02/official50_shuffle_model_metrics.csv,,,3MIDD_048,,,
flow/0000/036,,difference_mean,-0.0160670069108534,data/precomputed/fig02/official50_shuffle_model_metrics.csv,,,3MIDD_207,,,
flow/0000/036,,difference_mean,-0.0041778202219335,data/precomputed/fig02/official50_shuffle_model_metrics.csv,,,4MIDD_085_170,,,
flow/0000/037,,difference_mean,-0.0036923770184172,data/precomputed/fig02/official50_shuffle_model_metrics.csv,,,3MIDD_048,,,
flow/0000/037,,difference_mean,-0.0060430338213868,data/precomputed/fig02/official50_shuffle_model_metrics.csv,,,3MIDD_207,,,
flow/0000/037,,difference_mean,-0.0077620905947155,data/precomputed/fig02/official50_shuffle_model_metrics.csv,,,4MIDD_085_170,,,
flow/0000/038,,difference_mean,-0.0008648702445677,data/precomputed/fig02/official50_shuffle_model_metrics.csv,,,3MIDD_048,,,
flow/0000/038,,difference_mean,-0.0101676971088,data/precomputed/fig02/official50_shuffle_model_metrics.csv,,,3MIDD_207,,,
flow/0000/038,,difference_mean,-0.0074641321562496,data/precomputed/fig02/official50_shuffle_model_metrics.csv,,,4MIDD_085_170,,,
flow/0000/039,,difference_mean,-0.002315333174529,data/precomputed/fig02/official50_shuffle_model_metrics.csv,,,3MIDD_048,,,
flow/0000/039,,difference_mean,0.0002887718987834,data/precomputed/fig02/official50_shuffle_model_metrics.csv,,,3MIDD_207,,,
flow/0000/039,,difference_mean,-0.0018277168961521,data/precomputed/fig02/official50_shuffle_model_metrics.csv,,,4MIDD_085_170,,,
flow/0000/040,,difference_mean,-0.0040543329971,data/precomputed/fig02/official50_shuffle_model_metrics.csv,,,3MIDD_048,,,
flow/0000/040,,difference_mean,-0.0046128616098899,data/precomputed/fig02/official50_shuffle_model_metrics.csv,,,3MIDD_207,,,
flow/0000/040,,difference_mean,-0.0139291900423883,data/precomputed/fig02/official50_shuffle_model_metrics.csv,,,4MIDD_085_170,,,
flow/0000/041,,difference_mean,-0.0029056215369527,data/precomputed/fig02/official50_shuffle_model_metrics.csv,,,3MIDD_048,,,
flow/0000/041,,difference_mean,-0.0040060128194956,data/precomputed/fig02/official50_shuffle_model_metrics.csv,,,3MIDD_207,,,
flow/0000/041,,difference_mean,-0.011483929725908,data/precomputed/fig02/official50_shuffle_model_metrics.csv,,,4MIDD_085_170,,,
flow/0000/042,,difference_mean,-0.0070248680610697,data/precomputed/fig02/official50_shuffle_model_metrics.csv,,,3MIDD_048,,,
flow/0000/042,,difference_mean,-0.0074050929585451,data/precomputed/fig02/official50_shuffle_model_metrics.csv,,,3MIDD_207,,,
flow/0000/042,,difference_mean,-0.0050525233086605,data/precomputed/fig02/official50_shuffle_model_metrics.csv,,,4MIDD_085_170,,,
flow/0000/043,,difference_mean,-0.0050897123824286,data/precomputed/fig02/official50_shuffle_model_metrics.csv,,,3MIDD_048,,,
flow/0000/043,,difference_mean,-0.0003752342576716,data/precomputed/fig02/official50_shuffle_model_metrics.csv,,,3MIDD_207,,,
flow/0000/043,,difference_mean,-0.001800172064222,data/precomputed/fig02/official50_shuffle_model_metrics.csv,,,4MIDD_085_170,,,
flow/0000/044,,difference_mean,-0.0025778191993453,data/precomputed/fig02/official50_shuffle_model_metrics.csv,,,3MIDD_048,,,
flow/0000/044,,difference_mean,0.0011802545537328,data/precomputed/fig02/official50_shuffle_model_metrics.csv,,,3MIDD_207,,,
flow/0000/044,,difference_mean,-0.0064494476211882,data/precomputed/fig02/official50_shuffle_model_metrics.csv,,,4MIDD_085_170,,,
flow/0000/045,,difference_mean,-0.0071465508389445,data/precomputed/fig02/official50_shuffle_model_metrics.csv,,,3MIDD_048,,,
flow/0000/045,,difference_mean,-0.0118705555696445,data/precomputed/fig02/official50_shuffle_model_metrics.csv,,,3MIDD_207,,,
flow/0000/045,,difference_mean,-0.0076079573004354,data/precomputed/fig02/official50_shuffle_model_metrics.csv,,,4MIDD_085_170,,,
flow/0000/046,,difference_mean,-0.0126451492044773,data/precomputed/fig02/official50_shuffle_model_metrics.csv,,,3MIDD_048,,,
flow/0000/046,,difference_mean,-0.0111996573577813,data/precomputed/fig02/official50_shuffle_model_metrics.csv,,,3MIDD_207,,,
flow/0000/046,,difference_mean,-0.0096338043505724,data/precomputed/fig02/official50_shuffle_model_metrics.csv,,,4MIDD_085_170,,,
flow/0000/047,,difference_mean,-0.0024660261084435,data/precomputed/fig02/official50_shuffle_model_metrics.csv,,,3MIDD_048,,,
flow/0000/047,,difference_mean,-0.0033815252675151,data/precomputed/fig02/official50_shuffle_model_metrics.csv,,,3MIDD_207,,,
flow/0000/047,,difference_mean,-0.0111001803908595,data/precomputed/fig02/official50_shuffle_model_metrics.csv,,,4MIDD_085_170,,,
flow/0000/048,,difference_mean,-0.0017364827972446,data/precomputed/fig02/official50_shuffle_model_metrics.csv,,,3MIDD_048,,,
flow/0000/048,,difference_mean,-0.0070454169181914,data/precomputed/fig02/official50_shuffle_model_metrics.csv,,,3MIDD_207,,,
flow/0000/048,,difference_mean,-0.0074794828801971,data/precomputed/fig02/official50_shuffle_model_metrics.csv,,,4MIDD_085_170,,,
flow/0000/049,,difference_mean,-0.0037629417361464,data/precomputed/fig02/official50_shuffle_model_metrics.csv,,,3MIDD_048,,,
flow/0000/049,,difference_mean,-0.0025359539608689,data/precomputed/fig02/official50_shuffle_model_metrics.csv,,,3MIDD_207,,,
flow/0000/049,,difference_mean,-0.0049486534667363,data/precomputed/fig02/official50_shuffle_model_metrics.csv,,,4MIDD_085_170,,,
flow/0000/000,,difference_median,-0.0125692584084641,data/precomputed/fig02/official50_shuffle_model_metrics.csv,,,3MIDD_048,,,
flow/0000/000,,difference_median,-0.0069020599005481,data/precomputed/fig02/official50_shuffle_model_metrics.csv,,,3MIDD_207,,,
flow/0000/000,,difference_median,-0.0046791648221093,data/precomputed/fig02/official50_shuffle_model_metrics.csv,,,4MIDD_085_170,,,
flow/0000/001,,difference_median,-0.0032317780136813,data/precomputed/fig02/official50_shuffle_model_metrics.csv,,,3MIDD_048,,,
flow/0000/001,,difference_median,-0.0007490790232724,data/precomputed/fig02/official50_shuffle_model_metrics.csv,,,3MIDD_207,,,
flow/0000/001,,difference_median,-0.0018977340166517,data/precomputed/fig02/official50_shuffle_model_metrics.csv,,,4MIDD_085_170,,,
flow/0000/002,,difference_median,0.003081338027824,data/precomputed/fig02/official50_shuffle_model_metrics.csv,,,3MIDD_048,,,
flow/0000/002,,difference_median,-0.0067776010569928,data/precomputed/fig02/official50_shuffle_model_metrics.csv,,,3MIDD_207,,,
flow/0000/002,,difference_median,-0.0063277860983458,data/precomputed/fig02/official50_shuffle_model_metrics.csv,,,4MIDD_085_170,,,
flow/0000/003,,difference_median,0.02033270261722,data/precomputed/fig02/official50_shuffle_model_metrics.csv,,,3MIDD_048,,,
flow/0000/003,,difference_median,0.0031488675952968,data/precomputed/fig02/official50_shuffle_model_metrics.csv,,,3MIDD_207,,,
flow/0000/003,,difference_median,0.0011597029393712,data/precomputed/fig02/official50_shuffle_model_metrics.csv,,,4MIDD_085_170,,,
flow/0000/004,,difference_median,-0.0105725568102153,data/precomputed/fig02/official50_shuffle_model_metrics.csv,,,3MIDD_048,,,
flow/0000/004,,difference_median,0.0004554359643739,data/precomputed/fig02/official50_shuffle_model_metrics.csv,,,3MIDD_207,,,
flow/0000/004,,difference_median,-0.0129085876874165,data/precomputed/fig02/official50_shuffle_model_metrics.csv,,,4MIDD_085_170,,,
flow/0000/005,,difference_median,-0.0080810532771099,data/precomputed/fig02/official50_shuffle_model_metrics.csv,,,3MIDD_048,,,
flow/0000/005,,difference_median,0.0426903037346379,data/precomputed/fig02/official50_shuffle_model_metrics.csv,,,3MIDD_207,,,
flow/0000/005,,difference_median,-0.0109608767675487,data/precomputed/fig02/official50_shuffle_model_metrics.csv,,,4MIDD_085_170,,,
flow/0000/006,,difference_median,0.0123691717298642,data/precomputed/fig02/official50_shuffle_model_metrics.csv,,,3MIDD_048,,,
flow/0000/006,,difference_median,-0.0039678240634575,data/precomputed/fig02/official50_shuffle_model_metrics.csv,,,3MIDD_207,,,
flow/0000/006,,difference_median,-0.0008008096018713,data/precomputed/fig02/official50_shuffle_model_metrics.csv,,,4MIDD_085_170,,,
flow/0000/007,,difference_median,-0.0071133353243713,data/precomputed/fig02/official50_shuffle_model_metrics.csv,,,3MIDD_048,,,
flow/0000/007,,difference_median,0.0061146259190965,data/precomputed/fig02/official50_shuffle_model_metrics.csv,,,3MIDD_207,,,
flow/0000/007,,difference_median,-0.004210097316371,data/precomputed/fig02/official50_shuffle_model_metrics.csv,,,4MIDD_085_170,,,
flow/0000/008,,difference_median,-0.0047618754123405,data/precomputed/fig02/official50_shuffle_model_metrics.csv,,,3MIDD_048,,,
flow/0000/008,,difference_median,0.0089667252981625,data/precomputed/fig02/official50_shuffle_model_metrics.csv,,,3MIDD_207,,,
flow/0000/008,,difference_median,-0.0062221759960151,data/precomputed/fig02/official50_shuffle_model_metrics.csv,,,4MIDD_085_170,,,
flow/0000/009,,difference_median,-0.0150863962052295,data/precomputed/fig02/official50_shuffle_model_metrics.csv,,,3MIDD_048,,,
flow/0000/009,,difference_median,-0.0115260757814915,data/precomputed/fig02/official50_shuffle_model_metrics.csv,,,3MIDD_207,,,
flow/0000/009,,difference_median,-0.0150640500095505,data/precomputed/fig02/official50_shuffle_model_metrics.csv,,,4MIDD_085_170,,,
flow/0000/010,,difference_median,-0.0096083359169621,data/precomputed/fig02/official50_shuffle_model_metrics.csv,,,3MIDD_048,,,
flow/0000/010,,difference_median,-0.0016180071756847,data/precomputed/fig02/official50_shuffle_model_metrics.csv,,,3MIDD_207,,,
flow/0000/010,,difference_median,-0.0115784576209326,data/precomputed/fig02/official50_shuffle_model_metrics.csv,,,4MIDD_085_170,,,
flow/0000/011,,difference_median,-0.0085671027635437,data/precomputed/fig02/official50_shuffle_model_metrics.csv,,,3MIDD_048,,,
flow/0000/011,,difference_median,0.0030212458166881,data/precomputed/fig02/official50_shuffle_model_metrics.csv,,,3MIDD_207,,,
flow/0000/011,,difference_median,-0.0033842024172239,data/precomputed/fig02/official50_shuffle_model_metrics.csv,,,4MIDD_085_170,,,
flow/0000/012,,difference_median,0.0066993715312209,data/precomputed/fig02/official50_shuffle_model_metrics.csv,,,3MIDD_048,,,
flow/0000/012,,difference_median,0.0055924250641759,data/precomputed/fig02/official50_shuffle_model_metrics.csv,,,3MIDD_207,,,
flow/0000/012,,difference_median,-0.0079464335547124,data/precomputed/fig02/official50_shuffle_model_metrics.csv,,,4MIDD_085_170,,,
flow/0000/013,,difference_median,-0.0028550170969242,data/precomputed/fig02/official50_shuffle_model_metrics.csv,,,3MIDD_048,,,
flow/0000/013,,difference_median,-0.0039285030145331,data/precomputed/fig02/official50_shuffle_model_metrics.csv,,,3MIDD_207,,,
flow/0000/013,,difference_median,-0.0043752751585158,data/precomputed/fig02/official50_shuffle_model_metrics.csv,,,4MIDD_085_170,,,
flow/0000/014,,difference_median,0.0088380810559259,data/precomputed/fig02/official50_shuffle_model_metrics.csv,,,3MIDD_048,,,
flow/0000/014,,difference_median,0.0018790274616164,data/precomputed/fig02/official50_shuffle_model_metrics.csv,,,3MIDD_207,,,
flow/0000/014,,difference_median,0.0025209643448302,data/precomputed/fig02/official50_shuffle_model_metrics.csv,,,4MIDD_085_170,,,
flow/0000/015,,difference_median,-0.0005963190513138,data/precomputed/fig02/official50_shuffle_model_metrics.csv,,,3MIDD_048,,,
flow/0000/015,,difference_median,-0.0051870720357773,data/precomputed/fig02/official50_shuffle_model_metrics.csv,,,3MIDD_207,,,
flow/0000/015,,difference_median,-0.0138450384796131,data/precomputed/fig02/official50_shuffle_model_metrics.csv,,,4MIDD_085_170,,,
flow/0000/016,,difference_median,-0.0104740364777483,data/precomputed/fig02/official50_shuffle_model_metrics.csv,,,3MIDD_048,,,
flow/0000/016,,difference_median,0.0132763380270003,data/precomputed/fig02/official50_shuffle_model_metrics.csv,,,3MIDD_207,,,
flow/0000/016,,difference_median,-0.0027299528772456,data/precomputed/fig02/official50_shuffle_model_metrics.csv,,,4MIDD_085_170,,,
flow/0000/017,,difference_median,0.0187772844683784,data/precomputed/fig02/official50_shuffle_model_metrics.csv,,,3MIDD_048,,,
flow/0000/017,,difference_median,0.0202142474115024,data/precomputed/fig02/official50_shuffle_model_metrics.csv,,,3MIDD_207,,,
flow/0000/017,,difference_median,-0.0071354477704013,data/precomputed/fig02/official50_shuffle_model_metrics.csv,,,4MIDD_085_170,,,
flow/0000/018,,difference_median,0.0031321334122341,data/precomputed/fig02/official50_shuffle_model_metrics.csv,,,3MIDD_048,,,
flow/0000/018,,difference_median,-0.0075490952404462,data/precomputed/fig02/official50_shuffle_model_metrics.csv,,,3MIDD_207,,,
flow/0000/018,,difference_median,-0.0085531697159091,data/precomputed/fig02/official50_shuffle_model_metrics.csv,,,4MIDD_085_170,,,
flow/0000/019,,difference_median,0.0048824801509997,data/precomputed/fig02/official50_shuffle_model_metrics.csv,,,3MIDD_048,,,
flow/0000/019,,difference_median,-0.00834411163459,data/precomputed/fig02/official50_shuffle_model_metrics.csv,,,3MIDD_207,,,
flow/0000/019,,difference_median,-0.0051261282267681,data/precomputed/fig02/official50_shuffle_model_metrics.csv,,,4MIDD_085_170,,,
flow/0000/020,,difference_median,0.0005292958134223,data/precomputed/fig02/official50_shuffle_model_metrics.csv,,,3MIDD_048,,,
flow/0000/020,,difference_median,0.0020689691149522,data/precomputed/fig02/official50_shuffle_model_metrics.csv,,,3MIDD_207,,,
flow/0000/020,,difference_median,-0.0074031167024923,data/precomputed/fig02/official50_shuffle_model_metrics.csv,,,4MIDD_085_170,,,
flow/0000/021,,difference_median,-0.01033751489502,data/precomputed/fig02/official50_shuffle_model_metrics.csv,,,3MIDD_048,,,
flow/0000/021,,difference_median,-0.0147943318211243,data/precomputed/fig02/official50_shuffle_model_metrics.csv,,,3MIDD_207,,,
flow/0000/021,,difference_median,-0.0271924732300099,data/precomputed/fig02/official50_shuffle_model_metrics.csv,,,4MIDD_085_170,,,
flow/0000/022,,difference_median,-0.0037483916779976,data/precomputed/fig02/official50_shuffle_model_metrics.csv,,,3MIDD_048,,,
flow/0000/022,,difference_median,0.0076451839889821,data/precomputed/fig02/official50_shuffle_model_metrics.csv,,,3MIDD_207,,,
flow/0000/022,,difference_median,-0.0023595334929161,data/precomputed/fig02/official50_shuffle_model_metrics.csv,,,4MIDD_085_170,,,
flow/0000/023,,difference_median,-0.0112772488002129,data/precomputed/fig02/official50_shuffle_model_metrics.csv,,,3MIDD_048,,,
flow/0000/023,,difference_median,-0.0013886462209562,data/precomputed/fig02/official50_shuffle_model_metrics.csv,,,3MIDD_207,,,
flow/0000/023,,difference_median,-0.011074863302343,data/precomputed/fig02/official50_shuffle_model_metrics.csv,,,4MIDD_085_170,,,
flow/0000/024,,difference_median,0.0061767466314377,data/precomputed/fig02/official50_shuffle_model_metrics.csv,,,3MIDD_048,,,
flow/0000/024,,difference_median,0.0066790328553859,data/precomputed/fig02/official50_shuffle_model_metrics.csv,,,3MIDD_207,,,
flow/0000/024,,difference_median,-0.0088587270779111,data/precomputed/fig02/official50_shuffle_model_metrics.csv,,,4MIDD_085_170,,,
flow/0000/025,,difference_median,-0.0102414416094143,data/precomputed/fig02/official50_shuffle_model_metrics.csv,,,3MIDD_048,,,
flow/0000/025,,difference_median,-0.0111852033624015,data/precomputed/fig02/official50_shuffle_model_metrics.csv,,,3MIDD_207,,,
flow/0000/025,,difference_median,-0.0090605268491468,data/precomputed/fig02/official50_shuffle_model_metrics.csv,,,4MIDD_085_170,,,
flow/0000/026,,difference_median,-0.0037804917531064,data/precomputed/fig02/official50_shuffle_model_metrics.csv,,,3MIDD_048,,,
flow/0000/026,,difference_median,0.0040931908964327,data/precomputed/fig02/official50_shuffle_model_metrics.csv,,,3MIDD_207,,,
flow/0000/026,,difference_median,-0.0129657743137163,data/precomputed/fig02/official50_shuffle_model_metrics.csv,,,4MIDD_085_170,,,
flow/0000/027,,difference_median,0.0207220179864233,data/precomputed/fig02/official50_shuffle_model_metrics.csv,,,3MIDD_048,,,
flow/0000/027,,difference_median,0.0011391702843353,data/precomputed/fig02/official50_shuffle_model_metrics.csv,,,3MIDD_207,,,
flow/0000/027,,difference_median,-0.0001147301284892,data/precomputed/fig02/official50_shuffle_model_metrics.csv,,,4MIDD_085_170,,,
flow/0000/028,,difference_median,-0.0029176284049847,data/precomputed/fig02/official50_shuffle_model_metrics.csv,,,3MIDD_048,,,
flow/0000/028,,difference_median,0.0029165175956913,data/precomputed/fig02/official50_shuffle_model_metrics.csv,,,3MIDD_207,,,
flow/0000/028,,difference_median,-0.0030693217864314,data/precomputed/fig02/official50_shuffle_model_metrics.csv,,,4MIDD_085_170,,,
flow/0000/029,,difference_median,0.0033251607999892,data/precomputed/fig02/official50_shuffle_model_metrics.csv,,,3MIDD_048,,,
flow/0000/029,,difference_median,-0.0159517506782956,data/precomputed/fig02/official50_shuffle_model_metrics.csv,,,3MIDD_207,,,
flow/0000/029,,difference_median,-0.0074733418128526,data/precomputed/fig02/official50_shuffle_model_metrics.csv,,,4MIDD_085_170,,,
flow/0000/030,,difference_median,0.0164189080043252,data/precomputed/fig02/official50_shuffle_model_metrics.csv,,,3MIDD_048,,,
flow/0000/030,,difference_median,-0.0100697128776386,data/precomputed/fig02/official50_shuffle_model_metrics.csv,,,3MIDD_207,,,
flow/0000/030,,difference_median,-0.0039023465871992,data/precomputed/fig02/official50_shuffle_model_metrics.csv,,,4MIDD_085_170,,,
flow/0000/031,,difference_median,-0.012746269154084,data/precomputed/fig02/official50_shuffle_model_metrics.csv,,,3MIDD_048,,,
flow/0000/031,,difference_median,0.0052537607187149,data/precomputed/fig02/official50_shuffle_model_metrics.csv,,,3MIDD_207,,,
flow/0000/031,,difference_median,-0.0152300154517253,data/precomputed/fig02/official50_shuffle_model_metrics.csv,,,4MIDD_085_170,,,
flow/0000/032,,difference_median,-0.0184614834624516,data/precomputed/fig02/official50_shuffle_model_metrics.csv,,,3MIDD_048,,,
flow/0000/032,,difference_median,-0.0096029932332499,data/precomputed/fig02/official50_shuffle_model_metrics.csv,,,3MIDD_207,,,
flow/0000/032,,difference_median,-0.0113110368265261,data/precomputed/fig02/official50_shuffle_model_metrics.csv,,,4MIDD_085_170,,,
flow/0000/033,,difference_median,-0.0118934216834662,data/precomputed/fig02/official50_shuffle_model_metrics.csv,,,3MIDD_048,,,
flow/0000/033,,difference_median,-0.0093769992469926,data/precomputed/fig02/official50_shuffle_model_metrics.csv,,,3MIDD_207,,,
flow/0000/033,,difference_median,-0.0077592397635631,data/precomputed/fig02/official50_shuffle_model_metrics.csv,,,4MIDD_085_170,,,
flow/0000/034,,difference_median,-0.0016584847887699,data/precomputed/fig02/official50_shuffle_model_metrics.csv,,,3MIDD_048,,,
flow/0000/034,,difference_median,-0.0064300862517027,data/precomputed/fig02/official50_shuffle_model_metrics.csv,,,3MIDD_207,,,
flow/0000/034,,difference_median,-0.0087558985923583,data/precomputed/fig02/official50_shuffle_model_metrics.csv,,,4MIDD_085_170,,,
flow/0000/035,,difference_median,-0.0143950489022959,data/precomputed/fig02/official50_shuffle_model_metrics.csv,,,3MIDD_048,,,
flow/0000/035,,difference_median,-0.0288529710222879,data/precomputed/fig02/official50_shuffle_model_metrics.csv,,,3MIDD_207,,,
flow/0000/035,,difference_median,-0.0163588583048533,data/precomputed/fig02/official50_shuffle_model_metrics.csv,,,4MIDD_085_170,,,
flow/0000/036,,difference_median,0.0518307967941974,data/precomputed/fig02/official50_shuffle_model_metrics.csv,,,3MIDD_048,,,
flow/0000/036,,difference_median,-0.0137904129682455,data/precomputed/fig02/official50_shuffle_model_metrics.csv,,,3MIDD_207,,,
flow/0000/036,,difference_median,0.0001829314716796,data/precomputed/fig02/official50_shuffle_model_metrics.csv,,,4MIDD_085_170,,,
flow/0000/037,,difference_median,0.0047315345645719,data/precomputed/fig02/official50_shuffle_model_metrics.csv,,,3MIDD_048,,,
flow/0000/037,,difference_median,-0.0045236081810526,data/precomputed/fig02/official50_shuffle_model_metrics.csv,,,3MIDD_207,,,
flow/0000/037,,difference_median,-0.005141538712701,data/precomputed/fig02/official50_shuffle_model_metrics.csv,,,4MIDD_085_170,,,
flow/0000/038,,difference_median,0.0003933585808805,data/precomputed/fig02/official50_shuffle_model_metrics.csv,,,3MIDD_048,,,
flow/0000/038,,difference_median,-0.0072396653005072,data/precomputed/fig02/official50_shuffle_model_metrics.csv,,,3MIDD_207,,,
flow/0000/038,,difference_median,-0.0072848476778033,data/precomputed/fig02/official50_shuffle_model_metrics.csv,,,4MIDD_085_170,,,
flow/0000/039,,difference_median,-0.0014150247354648,data/precomputed/fig02/official50_shuffle_model_metrics.csv,,,3MIDD_048,,,
flow/0000/039,,difference_median,0.0015685820062476,data/precomputed/fig02/official50_shuffle_model_metrics.csv,,,3MIDD_207,,,
flow/0000/039,,difference_median,-0.0012182076617564,data/precomputed/fig02/official50_shuffle_model_metrics.csv,,,4MIDD_085_170,,,
flow/0000/040,,difference_median,-0.0042139994757363,data/precomputed/fig02/official50_shuffle_model_metrics.csv,,,3MIDD_048,,,
flow/0000/040,,difference_median,-0.0016444643478121,data/precomputed/fig02/official50_shuffle_model_metrics.csv,,,3MIDD_207,,,
flow/0000/040,,difference_median,-0.0156729971378577,data/precomputed/fig02/official50_shuffle_model_metrics.csv,,,4MIDD_085_170,,,
flow/0000/041,,difference_median,-0.0004765157854103,data/precomputed/fig02/official50_shuffle_model_metrics.csv,,,3MIDD_048,,,
flow/0000/041,,difference_median,-0.0017653821248087,data/precomputed/fig02/official50_shuffle_model_metrics.csv,,,3MIDD_207,,,
flow/0000/041,,difference_median,-0.0071525768043495,data/precomputed/fig02/official50_shuffle_model_metrics.csv,,,4MIDD_085_170,,,
flow/0000/042,,difference_median,-0.0048841461279399,data/precomputed/fig02/official50_shuffle_model_metrics.csv,,,3MIDD_048,,,
flow/0000/042,,difference_median,-0.0056156126797539,data/precomputed/fig02/official50_shuffle_model_metrics.csv,,,3MIDD_207,,,
flow/0000/042,,difference_median,-0.0051523579763102,data/precomputed/fig02/official50_shuffle_model_metrics.csv,,,4MIDD_085_170,,,
flow/0000/043,,difference_median,-0.0038097231651802,data/precomputed/fig02/official50_shuffle_model_metrics.csv,,,3MIDD_048,,,
flow/0000/043,,difference_median,0.0004481328179328,data/precomputed/fig02/official50_shuffle_model_metrics.csv,,,3MIDD_207,,,
flow/0000/043,,difference_median,-0.0012373128542514,data/precomputed/fig02/official50_shuffle_model_metrics.csv,,,4MIDD_085_170,,,
flow/0000/044,,difference_median,-0.0002391883572617,data/precomputed/fig02/official50_shuffle_model_metrics.csv,,,3MIDD_048,,,
flow/0000/044,,difference_median,0.0020369745750837,data/precomputed/fig02/official50_shuffle_model_metrics.csv,,,3MIDD_207,,,
flow/0000/044,,difference_median,-0.0053736340944352,data/precomputed/fig02/official50_shuffle_model_metrics.csv,,,4MIDD_085_170,,,
flow/0000/045,,difference_median,-0.0070217695411507,data/precomputed/fig02/official50_shuffle_model_metrics.csv,,,3MIDD_048,,,
flow/0000/045,,difference_median,-0.0104201352130894,data/precomputed/fig02/official50_shuffle_model_metrics.csv,,,3MIDD_207,,,
flow/0000/045,,difference_median,-0.0054596239544505,data/precomputed/fig02/official50_shuffle_model_metrics.csv,,,4MIDD_085_170,,,
flow/0000/046,,difference_median,-0.0115227966277533,data/precomputed/fig02/official50_shuffle_model_metrics.csv,,,3MIDD_048,,,
flow/0000/046,,difference_median,-0.0079072710722013,data/precomputed/fig02/official50_shuffle_model_metrics.csv,,,3MIDD_207,,,
flow/0000/046,,difference_median,-0.0052792329392066,data/precomputed/fig02/official50_shuffle_model_metrics.csv,,,4MIDD_085_170,,,
flow/0000/047,,difference_median,-0.0010761003654616,data/precomputed/fig02/official50_shuffle_model_metrics.csv,,,3MIDD_048,,,
flow/0000/047,,difference_median,-0.0022540460495099,data/precomputed/fig02/official50_shuffle_model_metrics.csv,,,3MIDD_207,,,
flow/0000/047,,difference_median,-0.0088533156582041,data/precomputed/fig02/official50_shuffle_model_metrics.csv,,,4MIDD_085_170,,,
flow/0000/048,,difference_median,-0.0023915774274842,data/precomputed/fig02/official50_shuffle_model_metrics.csv,,,3MIDD_048,,,
flow/0000/048,,difference_median,-0.0062611764394963,data/precomputed/fig02/official50_shuffle_model_metrics.csv,,,3MIDD_207,,,
flow/0000/048,,difference_median,-0.0069691669438297,data/precomputed/fig02/official50_shuffle_model_metrics.csv,,,4MIDD_085_170,,,
flow/0000/049,,difference_median,-0.0038064365599352,data/precomputed/fig02/official50_shuffle_model_metrics.csv,,,3MIDD_048,,,
flow/0000/049,,difference_median,-0.0016759758585661,data/precomputed/fig02/official50_shuffle_model_metrics.csv,,,3MIDD_207,,,
flow/0000/049,,difference_median,-0.0052023002711019,data/precomputed/fig02/official50_shuffle_model_metrics.csv,,,4MIDD_085_170,,,
flow/0000/000,,canonical_rank,2.0,data/precomputed/fig02/official50_shuffle_model_metrics.csv,,,3MIDD_048,,,
flow/0000/000,,canonical_rank,2.0,data/precomputed/fig02/official50_shuffle_model_metrics.csv,,,3MIDD_207,,,
flow/0000/000,,canonical_rank,4.0,data/precomputed/fig02/official50_shuffle_model_metrics.csv,,,4MIDD_085_170,,,
flow/0000/001,,canonical_rank,4.0,data/precomputed/fig02/official50_shuffle_model_metrics.csv,,,3MIDD_048,,,
flow/0000/001,,canonical_rank,4.0,data/precomputed/fig02/official50_shuffle_model_metrics.csv,,,3MIDD_207,,,
flow/0000/001,,canonical_rank,4.0,data/precomputed/fig02/official50_shuffle_model_metrics.csv,,,4MIDD_085_170,,,
flow/0000/002,,canonical_rank,7.0,data/precomputed/fig02/official50_shuffle_model_metrics.csv,,,3MIDD_048,,,
flow/0000/002,,canonical_rank,2.0,data/precomputed/fig02/official50_shuffle_model_metrics.csv,,,3MIDD_207,,,
flow/0000/002,,canonical_rank,3.0,data/precomputed/fig02/official50_shuffle_model_metrics.csv,,,4MIDD_085_170,,,
flow/0000/003,,canonical_rank,10.0,data/precomputed/fig02/official50_shuffle_model_metrics.csv,,,3MIDD_048,,,
flow/0000/003,,canonical_rank,7.0,data/precomputed/fig02/official50_shuffle_model_metrics.csv,,,3MIDD_207,,,
flow/0000/003,,canonical_rank,7.0,data/precomputed/fig02/official50_shuffle_model_metrics.csv,,,4MIDD_085_170,,,
flow/0000/004,,canonical_rank,1.0,data/precomputed/fig02/official50_shuffle_model_metrics.csv,,,3MIDD_048,,,
flow/0000/004,,canonical_rank,6.0,data/precomputed/fig02/official50_shuffle_model_metrics.csv,,,3MIDD_207,,,
flow/0000/004,,canonical_rank,1.0,data/precomputed/fig02/official50_shuffle_model_metrics.csv,,,4MIDD_085_170,,,
flow/0000/005,,canonical_rank,5.0,data/precomputed/fig02/official50_shuffle_model_metrics.csv,,,3MIDD_048,,,
flow/0000/005,,canonical_rank,11.0,data/precomputed/fig02/official50_shuffle_model_metrics.csv,,,3MIDD_207,,,
flow/0000/005,,canonical_rank,2.0,data/precomputed/fig02/official50_shuffle_model_metrics.csv,,,4MIDD_085_170,,,
flow/0000/006,,canonical_rank,11.0,data/precomputed/fig02/official50_shuffle_model_metrics.csv,,,3MIDD_048,,,
flow/0000/006,,canonical_rank,4.0,data/precomputed/fig02/official50_shuffle_model_metrics.csv,,,3MIDD_207,,,
flow/0000/006,,canonical_rank,5.0,data/precomputed/fig02/official50_shuffle_model_metrics.csv,,,4MIDD_085_170,,,
flow/0000/007,,canonical_rank,2.0,data/precomputed/fig02/official50_shuffle_model_metrics.csv,,,3MIDD_048,,,
flow/0000/007,,canonical_rank,9.0,data/precomputed/fig02/official50_shuffle_model_metrics.csv,,,3MIDD_207,,,
flow/0000/007,,canonical_rank,4.0,data/precomputed/fig02/official50_shuffle_model_metrics.csv,,,4MIDD_085_170,,,
flow/0000/008,,canonical_rank,6.0,data/precomputed/fig02/official50_shuffle_model_metrics.csv,,,3MIDD_048,,,
flow/0000/008,,canonical_rank,8.0,data/precomputed/fig02/official50_shuffle_model_metrics.csv,,,3MIDD_207,,,
flow/0000/008,,canonical_rank,1.0,data/precomputed/fig02/official50_shuffle_model_metrics.csv,,,4MIDD_085_170,,,
flow/0000/009,,canonical_rank,3.0,data/precomputed/fig02/official50_shuffle_model_metrics.csv,,,3MIDD_048,,,
flow/0000/009,,canonical_rank,4.0,data/precomputed/fig02/official50_shuffle_model_metrics.csv,,,3MIDD_207,,,
flow/0000/009,,canonical_rank,1.0,data/precomputed/fig02/official50_shuffle_model_metrics.csv,,,4MIDD_085_170,,,
flow/0000/010,,canonical_rank,2.0,data/precomputed/fig02/official50_shuffle_model_metrics.csv,,,3MIDD_048,,,
flow/0000/010,,canonical_rank,5.0,data/precomputed/fig02/official50_shuffle_model_metrics.csv,,,3MIDD_207,,,
flow/0000/010,,canonical_rank,2.0,data/precomputed/fig02/official50_shuffle_model_metrics.csv,,,4MIDD_085_170,,,
flow/0000/011,,canonical_rank,4.0,data/precomputed/fig02/official50_shuffle_model_metrics.csv,,,3MIDD_048,,,
flow/0000/011,,canonical_rank,7.0,data/precomputed/fig02/official50_shuffle_model_metrics.csv,,,3MIDD_207,,,
flow/0000/011,,canonical_rank,5.0,data/precomputed/fig02/official50_shuffle_model_metrics.csv,,,4MIDD_085_170,,,
flow/0000/012,,canonical_rank,9.0,data/precomputed/fig02/official50_shuffle_model_metrics.csv,,,3MIDD_048,,,
flow/0000/012,,canonical_rank,9.0,data/precomputed/fig02/official50_shuffle_model_metrics.csv,,,3MIDD_207,,,
flow/0000/012,,canonical_rank,4.0,data/precomputed/fig02/official50_shuffle_model_metrics.csv,,,4MIDD_085_170,,,
flow/0000/013,,canonical_rank,4.0,data/precomputed/fig02/official50_shuffle_model_metrics.csv,,,3MIDD_048,,,
flow/0000/013,,canonical_rank,3.0,data/precomputed/fig02/official50_shuffle_model_metrics.csv,,,3MIDD_207,,,
flow/0000/013,,canonical_rank,1.0,data/precomputed/fig02/official50_shuffle_model_metrics.csv,,,4MIDD_085_170,,,
flow/0000/014,,canonical_rank,7.0,data/precomputed/fig02/official50_shuffle_model_metrics.csv,,,3MIDD_048,,,
flow/0000/014,,canonical_rank,7.0,data/precomputed/fig02/official50_shuffle_model_metrics.csv,,,3MIDD_207,,,
flow/0000/014,,canonical_rank,9.0,data/precomputed/fig02/official50_shuffle_model_metrics.csv,,,4MIDD_085_170,,,
flow/0000/015,,canonical_rank,6.0,data/precomputed/fig02/official50_shuffle_model_metrics.csv,,,3MIDD_048,,,
flow/0000/015,,canonical_rank,1.0,data/precomputed/fig02/official50_shuffle_model_metrics.csv,,,3MIDD_207,,,
flow/0000/015,,canonical_rank,1.0,data/precomputed/fig02/official50_shuffle_model_metrics.csv,,,4MIDD_085_170,,,
flow/0000/016,,canonical_rank,3.0,data/precomputed/fig02/official50_shuffle_model_metrics.csv,,,3MIDD_048,,,
flow/0000/016,,canonical_rank,10.0,data/precomputed/fig02/official50_shuffle_model_metrics.csv,,,3MIDD_207,,,
flow/0000/016,,canonical_rank,3.0,data/precomputed/fig02/official50_shuffle_model_metrics.csv,,,4MIDD_085_170,,,
flow/0000/017,,canonical_rank,8.0,data/precomputed/fig02/official50_shuffle_model_metrics.csv,,,3MIDD_048,,,
flow/0000/017,,canonical_rank,11.0,data/precomputed/fig02/official50_shuffle_model_metrics.csv,,,3MIDD_207,,,
flow/0000/017,,canonical_rank,2.0,data/precomputed/fig02/official50_shuffle_model_metrics.csv,,,4MIDD_085_170,,,
flow/0000/018,,canonical_rank,8.0,data/precomputed/fig02/official50_shuffle_model_metrics.csv,,,3MIDD_048,,,
flow/0000/018,,canonical_rank,3.0,data/precomputed/fig02/official50_shuffle_model_metrics.csv,,,3MIDD_207,,,
flow/0000/018,,canonical_rank,2.0,data/precomputed/fig02/official50_shuffle_model_metrics.csv,,,4MIDD_085_170,,,
flow/0000/019,,canonical_rank,8.0,data/precomputed/fig02/official50_shuffle_model_metrics.csv,,,3MIDD_048,,,
flow/0000/019,,canonical_rank,2.0,data/precomputed/fig02/official50_shuffle_model_metrics.csv,,,3MIDD_207,,,
flow/0000/019,,canonical_rank,2.0,data/precomputed/fig02/official50_shuffle_model_metrics.csv,,,4MIDD_085_170,,,
flow/0000/020,,canonical_rank,7.0,data/precomputed/fig02/official50_shuffle_model_metrics.csv,,,3MIDD_048,,,
flow/0000/020,,canonical_rank,8.0,data/precomputed/fig02/official50_shuffle_model_metrics.csv,,,3MIDD_207,,,
flow/0000/020,,canonical_rank,2.0,data/precomputed/fig02/official50_shuffle_model_metrics.csv,,,4MIDD_085_170,,,
flow/0000/021,,canonical_rank,3.0,data/precomputed/fig02/official50_shuffle_model_metrics.csv,,,3MIDD_048,,,
flow/0000/021,,canonical_rank,3.0,data/precomputed/fig02/official50_shuffle_model_metrics.csv,,,3MIDD_207,,,
flow/0000/021,,canonical_rank,2.0,data/precomputed/fig02/official50_shuffle_model_metrics.csv,,,4MIDD_085_170,,,
flow/0000/022,,canonical_rank,5.0,data/precomputed/fig02/official50_shuffle_model_metrics.csv,,,3MIDD_048,,,
flow/0000/022,,canonical_rank,11.0,data/precomputed/fig02/official50_shuffle_model_metrics.csv,,,3MIDD_207,,,
flow/0000/022,,canonical_rank,5.0,data/precomputed/fig02/official50_shuffle_model_metrics.csv,,,4MIDD_085_170,,,
flow/0000/023,,canonical_rank,1.0,data/precomputed/fig02/official50_shuffle_model_metrics.csv,,,3MIDD_048,,,
flow/0000/023,,canonical_rank,5.0,data/precomputed/fig02/official50_shuffle_model_metrics.csv,,,3MIDD_207,,,
flow/0000/023,,canonical_rank,3.0,data/precomputed/fig02/official50_shuffle_model_metrics.csv,,,4MIDD_085_170,,,
flow/0000/024,,canonical_rank,8.0,data/precomputed/fig02/official50_shuffle_model_metrics.csv,,,3MIDD_048,,,
flow/0000/024,,canonical_rank,9.0,data/precomputed/fig02/official50_shuffle_model_metrics.csv,,,3MIDD_207,,,
flow/0000/024,,canonical_rank,1.0,data/precomputed/fig02/official50_shuffle_model_metrics.csv,,,4MIDD_085_170,,,
flow/0000/025,,canonical_rank,2.0,data/precomputed/fig02/official50_shuffle_model_metrics.csv,,,3MIDD_048,,,
flow/0000/025,,canonical_rank,1.0,data/precomputed/fig02/official50_shuffle_model_metrics.csv,,,3MIDD_207,,,
flow/0000/025,,canonical_rank,1.0,data/precomputed/fig02/official50_shuffle_model_metrics.csv,,,4MIDD_085_170,,,
flow/0000/026,,canonical_rank,2.0,data/precomputed/fig02/official50_shuffle_model_metrics.csv,,,3MIDD_048,,,
flow/0000/026,,canonical_rank,8.0,data/precomputed/fig02/official50_shuffle_model_metrics.csv,,,3MIDD_207,,,
flow/0000/026,,canonical_rank,2.0,data/precomputed/fig02/official50_shuffle_model_metrics.csv,,,4MIDD_085_170,,,
flow/0000/027,,canonical_rank,7.0,data/precomputed/fig02/official50_shuffle_model_metrics.csv,,,3MIDD_048,,,
flow/0000/027,,canonical_rank,8.0,data/precomputed/fig02/official50_shuffle_model_metrics.csv,,,3MIDD_207,,,
flow/0000/027,,canonical_rank,6.0,data/precomputed/fig02/official50_shuffle_model_metrics.csv,,,4MIDD_085_170,,,
flow/0000/028,,canonical_rank,3.0,data/precomputed/fig02/official50_shuffle_model_metrics.csv,,,3MIDD_048,,,
flow/0000/028,,canonical_rank,7.0,data/precomputed/fig02/official50_shuffle_model_metrics.csv,,,3MIDD_207,,,
flow/0000/028,,canonical_rank,5.0,data/precomputed/fig02/official50_shuffle_model_metrics.csv,,,4MIDD_085_170,,,
flow/0000/029,,canonical_rank,6.0,data/precomputed/fig02/official50_shuffle_model_metrics.csv,,,3MIDD_048,,,
flow/0000/029,,canonical_rank,1.0,data/precomputed/fig02/official50_shuffle_model_metrics.csv,,,3MIDD_207,,,
flow/0000/029,,canonical_rank,2.0,data/precomputed/fig02/official50_shuffle_model_metrics.csv,,,4MIDD_085_170,,,
flow/0000/030,,canonical_rank,11.0,data/precomputed/fig02/official50_shuffle_model_metrics.csv,,,3MIDD_048,,,
flow/0000/030,,canonical_rank,4.0,data/precomputed/fig02/official50_shuffle_model_metrics.csv,,,3MIDD_207,,,
flow/0000/030,,canonical_rank,3.0,data/precomputed/fig02/official50_shuffle_model_metrics.csv,,,4MIDD_085_170,,,
flow/0000/031,,canonical_rank,2.0,data/precomputed/fig02/official50_shuffle_model_metrics.csv,,,3MIDD_048,,,
flow/0000/031,,canonical_rank,8.0,data/precomputed/fig02/official50_shuffle_model_metrics.csv,,,3MIDD_207,,,
flow/0000/031,,canonical_rank,2.0,data/precomputed/fig02/official50_shuffle_model_metrics.csv,,,4MIDD_085_170,,,
flow/0000/032,,canonical_rank,2.0,data/precomputed/fig02/official50_shuffle_model_metrics.csv,,,3MIDD_048,,,
flow/0000/032,,canonical_rank,5.0,data/precomputed/fig02/official50_shuffle_model_metrics.csv,,,3MIDD_207,,,
flow/0000/032,,canonical_rank,3.0,data/precomputed/fig02/official50_shuffle_model_metrics.csv,,,4MIDD_085_170,,,
flow/0000/033,,canonical_rank,1.0,data/precomputed/fig02/official50_shuffle_model_metrics.csv,,,3MIDD_048,,,
flow/0000/033,,canonical_rank,3.0,data/precomputed/fig02/official50_shuffle_model_metrics.csv,,,3MIDD_207,,,
flow/0000/033,,canonical_rank,2.0,data/precomputed/fig02/official50_shuffle_model_metrics.csv,,,4MIDD_085_170,,,
flow/0000/034,,canonical_rank,5.0,data/precomputed/fig02/official50_shuffle_model_metrics.csv,,,3MIDD_048,,,
flow/0000/034,,canonical_rank,3.0,data/precomputed/fig02/official50_shuffle_model_metrics.csv,,,3MIDD_207,,,
flow/0000/034,,canonical_rank,2.0,data/precomputed/fig02/official50_shuffle_model_metrics.csv,,,4MIDD_085_170,,,
flow/0000/035,,canonical_rank,3.0,data/precomputed/fig02/official50_shuffle_model_metrics.csv,,,3MIDD_048,,,
flow/0000/035,,canonical_rank,1.0,data/precomputed/fig02/official50_shuffle_model_metrics.csv,,,3MIDD_207,,,
flow/0000/035,,canonical_rank,1.0,data/precomputed/fig02/official50_shuffle_model_metrics.csv,,,4MIDD_085_170,,,
flow/0000/036,,canonical_rank,11.0,data/precomputed/fig02/official50_shuffle_model_metrics.csv,,,3MIDD_048,,,
flow/0000/036,,canonical_rank,3.0,data/precomputed/fig02/official50_shuffle_model_metrics.csv,,,3MIDD_207,,,
flow/0000/036,,canonical_rank,6.0,data/precomputed/fig02/official50_shuffle_model_metrics.csv,,,4MIDD_085_170,,,
flow/0000/037,,canonical_rank,7.0,data/precomputed/fig02/official50_shuffle_model_metrics.csv,,,3MIDD_048,,,
flow/0000/037,,canonical_rank,4.0,data/precomputed/fig02/official50_shuffle_model_metrics.csv,,,3MIDD_207,,,
flow/0000/037,,canonical_rank,4.0,data/precomputed/fig02/official50_shuffle_model_metrics.csv,,,4MIDD_085_170,,,
flow/0000/038,,canonical_rank,8.0,data/precomputed/fig02/official50_shuffle_model_metrics.csv,,,3MIDD_048,,,
flow/0000/038,,canonical_rank,3.0,data/precomputed/fig02/official50_shuffle_model_metrics.csv,,,3MIDD_207,,,
flow/0000/038,,canonical_rank,2.0,data/precomputed/fig02/official50_shuffle_model_metrics.csv,,,4MIDD_085_170,,,
flow/0000/039,,canonical_rank,3.0,data/precomputed/fig02/official50_shuffle_model_metrics.csv,,,3MIDD_048,,,
flow/0000/039,,canonical_rank,8.0,data/precomputed/fig02/official50_shuffle_model_metrics.csv,,,3MIDD_207,,,
flow/0000/039,,canonical_rank,3.0,data/precomputed/fig02/official50_shuffle_model_metrics.csv,,,4MIDD_085_170,,,
flow/0000/040,,canonical_rank,4.0,data/precomputed/fig02/official50_shuffle_model_metrics.csv,,,3MIDD_048,,,
flow/0000/040,,canonical_rank,6.0,data/precomputed/fig02/official50_shuffle_model_metrics.csv,,,3MIDD_207,,,
flow/0000/040,,canonical_rank,2.0,data/precomputed/fig02/official50_shuffle_model_metrics.csv,,,4MIDD_085_170,,,
flow/0000/041,,canonical_rank,6.0,data/precomputed/fig02/official50_shuffle_model_metrics.csv,,,3MIDD_048,,,
flow/0000/041,,canonical_rank,5.0,data/precomputed/fig02/official50_shuffle_model_metrics.csv,,,3MIDD_207,,,
flow/0000/041,,canonical_rank,3.0,data/precomputed/fig02/official50_shuffle_model_metrics.csv,,,4MIDD_085_170,,,
flow/0000/042,,canonical_rank,3.0,data/precomputed/fig02/official50_shuffle_model_metrics.csv,,,3MIDD_048,,,
flow/0000/042,,canonical_rank,2.0,data/precomputed/fig02/official50_shuffle_model_metrics.csv,,,3MIDD_207,,,
flow/0000/042,,canonical_rank,2.0,data/precomputed/fig02/official50_shuffle_model_metrics.csv,,,4MIDD_085_170,,,
flow/0000/043,,canonical_rank,1.0,data/precomputed/fig02/official50_shuffle_model_metrics.csv,,,3MIDD_048,,,
flow/0000/043,,canonical_rank,6.0,data/precomputed/fig02/official50_shuffle_model_metrics.csv,,,3MIDD_207,,,
flow/0000/043,,canonical_rank,3.0,data/precomputed/fig02/official50_shuffle_model_metrics.csv,,,4MIDD_085_170,,,
flow/0000/044,,canonical_rank,6.0,data/precomputed/fig02/official50_shuffle_model_metrics.csv,,,3MIDD_048,,,
flow/0000/044,,canonical_rank,7.0,data/precomputed/fig02/official50_shuffle_model_metrics.csv,,,3MIDD_207,,,
flow/0000/044,,canonical_rank,3.0,data/precomputed/fig02/official50_shuffle_model_metrics.csv,,,4MIDD_085_170,,,
flow/0000/045,,canonical_rank,5.0,data/precomputed/fig02/official50_shuffle_model_metrics.csv,,,3MIDD_048,,,
flow/0000/045,,canonical_rank,2.0,data/precomputed/fig02/official50_shuffle_model_metrics.csv,,,3MIDD_207,,,
flow/0000/045,,canonical_rank,1.0,data/precomputed/fig02/official50_shuffle_model_metrics.csv,,,4MIDD_085_170,,,
flow/0000/046,,canonical_rank,1.0,data/precomputed/fig02/official50_shuffle_model_metrics.csv,,,3MIDD_048,,,
flow/0000/046,,canonical_rank,2.0,data/precomputed/fig02/official50_shuffle_model_metrics.csv,,,3MIDD_207,,,
flow/0000/046,,canonical_rank,1.0,data/precomputed/fig02/official50_shuffle_model_metrics.csv,,,4MIDD_085_170,,,
flow/0000/047,,canonical_rank,6.0,data/precomputed/fig02/official50_shuffle_model_metrics.csv,,,3MIDD_048,,,
flow/0000/047,,canonical_rank,5.0,data/precomputed/fig02/official50_shuffle_model_metrics.csv,,,3MIDD_207,,,
flow/0000/047,,canonical_rank,1.0,data/precomputed/fig02/official50_shuffle_model_metrics.csv,,,4MIDD_085_170,,,
flow/0000/048,,canonical_rank,5.0,data/precomputed/fig02/official50_shuffle_model_metrics.csv,,,3MIDD_048,,,
flow/0000/048,,canonical_rank,1.0,data/precomputed/fig02/official50_shuffle_model_metrics.csv,,,3MIDD_207,,,
flow/0000/048,,canonical_rank,1.0,data/precomputed/fig02/official50_shuffle_model_metrics.csv,,,4MIDD_085_170,,,
flow/0000/049,,canonical_rank,1.0,data/precomputed/fig02/official50_shuffle_model_metrics.csv,,,3MIDD_048,,,
flow/0000/049,,canonical_rank,3.0,data/precomputed/fig02/official50_shuffle_model_metrics.csv,,,3MIDD_207,,,
flow/0000/049,,canonical_rank,1.0,data/precomputed/fig02/official50_shuffle_model_metrics.csv,,,4MIDD_085_170,,,
flow/0000/000,,canonical_percentile,0.1,data/precomputed/fig02/official50_shuffle_model_metrics.csv,,,3MIDD_048,,,
flow/0000/000,,canonical_percentile,0.1,data/precomputed/fig02/official50_shuffle_model_metrics.csv,,,3MIDD_207,,,
flow/0000/000,,canonical_percentile,0.3,data/precomputed/fig02/official50_shuffle_model_metrics.csv,,,4MIDD_085_170,,,
flow/0000/001,,canonical_percentile,0.3,data/precomputed/fig02/official50_shuffle_model_metrics.csv,,,3MIDD_048,,,
flow/0000/001,,canonical_percentile,0.3,data/precomputed/fig02/official50_shuffle_model_metrics.csv,,,3MIDD_207,,,
flow/0000/001,,canonical_percentile,0.3,data/precomputed/fig02/official50_shuffle_model_metrics.csv,,,4MIDD_085_170,,,
flow/0000/002,,canonical_percentile,0.6,data/precomputed/fig02/official50_shuffle_model_metrics.csv,,,3MIDD_048,,,
flow/0000/002,,canonical_percentile,0.1,data/precomputed/fig02/official50_shuffle_model_metrics.csv,,,3MIDD_207,,,
flow/0000/002,,canonical_percentile,0.2,data/precomputed/fig02/official50_shuffle_model_metrics.csv,,,4MIDD_085_170,,,
flow/0000/003,,canonical_percentile,0.9,data/precomputed/fig02/official50_shuffle_model_metrics.csv,,,3MIDD_048,,,
flow/0000/003,,canonical_percentile,0.6,data/precomputed/fig02/official50_shuffle_model_metrics.csv,,,3MIDD_207,,,
flow/0000/003,,canonical_percentile,0.6,data/precomputed/fig02/official50_shuffle_model_metrics.csv,,,4MIDD_085_170,,,
flow/0000/004,,canonical_percentile,0.0,data/precomputed/fig02/official50_shuffle_model_metrics.csv,,,3MIDD_048,,,
flow/0000/004,,canonical_percentile,0.5,data/precomputed/fig02/official50_shuffle_model_metrics.csv,,,3MIDD_207,,,
flow/0000/004,,canonical_percentile,0.0,data/precomputed/fig02/official50_shuffle_model_metrics.csv,,,4MIDD_085_170,,,
flow/0000/005,,canonical_percentile,0.4,data/precomputed/fig02/official50_shuffle_model_metrics.csv,,,3MIDD_048,,,
flow/0000/005,,canonical_percentile,1.0,data/precomputed/fig02/official50_shuffle_model_metrics.csv,,,3MIDD_207,,,
flow/0000/005,,canonical_percentile,0.1,data/precomputed/fig02/official50_shuffle_model_metrics.csv,,,4MIDD_085_170,,,
flow/0000/006,,canonical_percentile,1.0,data/precomputed/fig02/official50_shuffle_model_metrics.csv,,,3MIDD_048,,,
flow/0000/006,,canonical_percentile,0.3,data/precomputed/fig02/official50_shuffle_model_metrics.csv,,,3MIDD_207,,,
flow/0000/006,,canonical_percentile,0.4,data/precomputed/fig02/official50_shuffle_model_metrics.csv,,,4MIDD_085_170,,,
flow/0000/007,,canonical_percentile,0.1,data/precomputed/fig02/official50_shuffle_model_metrics.csv,,,3MIDD_048,,,
flow/0000/007,,canonical_percentile,0.8,data/precomputed/fig02/official50_shuffle_model_metrics.csv,,,3MIDD_207,,,
flow/0000/007,,canonical_percentile,0.3,data/precomputed/fig02/official50_shuffle_model_metrics.csv,,,4MIDD_085_170,,,
flow/0000/008,,canonical_percentile,0.5,data/precomputed/fig02/official50_shuffle_model_metrics.csv,,,3MIDD_048,,,
flow/0000/008,,canonical_percentile,0.7,data/precomputed/fig02/official50_shuffle_model_metrics.csv,,,3MIDD_207,,,
flow/0000/008,,canonical_percentile,0.0,data/precomputed/fig02/official50_shuffle_model_metrics.csv,,,4MIDD_085_170,,,
flow/0000/009,,canonical_percentile,0.2,data/precomputed/fig02/official50_shuffle_model_metrics.csv,,,3MIDD_048,,,
flow/0000/009,,canonical_percentile,0.3,data/precomputed/fig02/official50_shuffle_model_metrics.csv,,,3MIDD_207,,,
flow/0000/009,,canonical_percentile,0.0,data/precomputed/fig02/official50_shuffle_model_metrics.csv,,,4MIDD_085_170,,,
flow/0000/010,,canonical_percentile,0.1,data/precomputed/fig02/official50_shuffle_model_metrics.csv,,,3MIDD_048,,,
flow/0000/010,,canonical_percentile,0.4,data/precomputed/fig02/official50_shuffle_model_metrics.csv,,,3MIDD_207,,,
flow/0000/010,,canonical_percentile,0.1,data/precomputed/fig02/official50_shuffle_model_metrics.csv,,,4MIDD_085_170,,,
flow/0000/011,,canonical_percentile,0.3,data/precomputed/fig02/official50_shuffle_model_metrics.csv,,,3MIDD_048,,,
flow/0000/011,,canonical_percentile,0.6,data/precomputed/fig02/official50_shuffle_model_metrics.csv,,,3MIDD_207,,,
flow/0000/011,,canonical_percentile,0.4,data/precomputed/fig02/official50_shuffle_model_metrics.csv,,,4MIDD_085_170,,,
flow/0000/012,,canonical_percentile,0.8,data/precomputed/fig02/official50_shuffle_model_metrics.csv,,,3MIDD_048,,,
flow/0000/012,,canonical_percentile,0.8,data/precomputed/fig02/official50_shuffle_model_metrics.csv,,,3MIDD_207,,,
flow/0000/012,,canonical_percentile,0.3,data/precomputed/fig02/official50_shuffle_model_metrics.csv,,,4MIDD_085_170,,,
flow/0000/013,,canonical_percentile,0.3,data/precomputed/fig02/official50_shuffle_model_metrics.csv,,,3MIDD_048,,,
flow/0000/013,,canonical_percentile,0.2,data/precomputed/fig02/official50_shuffle_model_metrics.csv,,,3MIDD_207,,,
flow/0000/013,,canonical_percentile,0.0,data/precomputed/fig02/official50_shuffle_model_metrics.csv,,,4MIDD_085_170,,,
flow/0000/014,,canonical_percentile,0.6,data/precomputed/fig02/official50_shuffle_model_metrics.csv,,,3MIDD_048,,,
flow/0000/014,,canonical_percentile,0.6,data/precomputed/fig02/official50_shuffle_model_metrics.csv,,,3MIDD_207,,,
flow/0000/014,,canonical_percentile,0.8,data/precomputed/fig02/official50_shuffle_model_metrics.csv,,,4MIDD_085_170,,,
flow/0000/015,,canonical_percentile,0.5,data/precomputed/fig02/official50_shuffle_model_metrics.csv,,,3MIDD_048,,,
flow/0000/015,,canonical_percentile,0.0,data/precomputed/fig02/official50_shuffle_model_metrics.csv,,,3MIDD_207,,,
flow/0000/015,,canonical_percentile,0.0,data/precomputed/fig02/official50_shuffle_model_metrics.csv,,,4MIDD_085_170,,,
flow/0000/016,,canonical_percentile,0.2,data/precomputed/fig02/official50_shuffle_model_metrics.csv,,,3MIDD_048,,,
flow/0000/016,,canonical_percentile,0.9,data/precomputed/fig02/official50_shuffle_model_metrics.csv,,,3MIDD_207,,,
flow/0000/016,,canonical_percentile,0.2,data/precomputed/fig02/official50_shuffle_model_metrics.csv,,,4MIDD_085_170,,,
flow/0000/017,,canonical_percentile,0.7,data/precomputed/fig02/official50_shuffle_model_metrics.csv,,,3MIDD_048,,,
flow/0000/017,,canonical_percentile,1.0,data/precomputed/fig02/official50_shuffle_model_metrics.csv,,,3MIDD_207,,,
flow/0000/017,,canonical_percentile,0.1,data/precomputed/fig02/official50_shuffle_model_metrics.csv,,,4MIDD_085_170,,,
flow/0000/018,,canonical_percentile,0.7,data/precomputed/fig02/official50_shuffle_model_metrics.csv,,,3MIDD_048,,,
flow/0000/018,,canonical_percentile,0.2,data/precomputed/fig02/official50_shuffle_model_metrics.csv,,,3MIDD_207,,,
flow/0000/018,,canonical_percentile,0.1,data/precomputed/fig02/official50_shuffle_model_metrics.csv,,,4MIDD_085_170,,,
flow/0000/019,,canonical_percentile,0.7,data/precomputed/fig02/official50_shuffle_model_metrics.csv,,,3MIDD_048,,,
flow/0000/019,,canonical_percentile,0.1,data/precomputed/fig02/official50_shuffle_model_metrics.csv,,,3MIDD_207,,,
flow/0000/019,,canonical_percentile,0.1,data/precomputed/fig02/official50_shuffle_model_metrics.csv,,,4MIDD_085_170,,,
flow/0000/020,,canonical_percentile,0.6,data/precomputed/fig02/official50_shuffle_model_metrics.csv,,,3MIDD_048,,,
flow/0000/020,,canonical_percentile,0.7,data/precomputed/fig02/official50_shuffle_model_metrics.csv,,,3MIDD_207,,,
flow/0000/020,,canonical_percentile,0.1,data/precomputed/fig02/official50_shuffle_model_metrics.csv,,,4MIDD_085_170,,,
flow/0000/021,,canonical_percentile,0.2,data/precomputed/fig02/official50_shuffle_model_metrics.csv,,,3MIDD_048,,,
flow/0000/021,,canonical_percentile,0.2,data/precomputed/fig02/official50_shuffle_model_metrics.csv,,,3MIDD_207,,,
flow/0000/021,,canonical_percentile,0.1,data/precomputed/fig02/official50_shuffle_model_metrics.csv,,,4MIDD_085_170,,,
flow/0000/022,,canonical_percentile,0.4,data/precomputed/fig02/official50_shuffle_model_metrics.csv,,,3MIDD_048,,,
flow/0000/022,,canonical_percentile,1.0,data/precomputed/fig02/official50_shuffle_model_metrics.csv,,,3MIDD_207,,,
flow/0000/022,,canonical_percentile,0.4,data/precomputed/fig02/official50_shuffle_model_metrics.csv,,,4MIDD_085_170,,,
flow/0000/023,,canonical_percentile,0.0,data/precomputed/fig02/official50_shuffle_model_metrics.csv,,,3MIDD_048,,,
flow/0000/023,,canonical_percentile,0.4,data/precomputed/fig02/official50_shuffle_model_metrics.csv,,,3MIDD_207,,,
flow/0000/023,,canonical_percentile,0.2,data/precomputed/fig02/official50_shuffle_model_metrics.csv,,,4MIDD_085_170,,,
flow/0000/024,,canonical_percentile,0.7,data/precomputed/fig02/official50_shuffle_model_metrics.csv,,,3MIDD_048,,,
flow/0000/024,,canonical_percentile,0.8,data/precomputed/fig02/official50_shuffle_model_metrics.csv,,,3MIDD_207,,,
flow/0000/024,,canonical_percentile,0.0,data/precomputed/fig02/official50_shuffle_model_metrics.csv,,,4MIDD_085_170,,,
flow/0000/025,,canonical_percentile,0.1,data/precomputed/fig02/official50_shuffle_model_metrics.csv,,,3MIDD_048,,,
flow/0000/025,,canonical_percentile,0.0,data/precomputed/fig02/official50_shuffle_model_metrics.csv,,,3MIDD_207,,,
flow/0000/025,,canonical_percentile,0.0,data/precomputed/fig02/official50_shuffle_model_metrics.csv,,,4MIDD_085_170,,,
flow/0000/026,,canonical_percentile,0.1,data/precomputed/fig02/official50_shuffle_model_metrics.csv,,,3MIDD_048,,,
flow/0000/026,,canonical_percentile,0.7,data/precomputed/fig02/official50_shuffle_model_metrics.csv,,,3MIDD_207,,,
flow/0000/026,,canonical_percentile,0.1,data/precomputed/fig02/official50_shuffle_model_metrics.csv,,,4MIDD_085_170,,,
flow/0000/027,,canonical_percentile,0.6,data/precomputed/fig02/official50_shuffle_model_metrics.csv,,,3MIDD_048,,,
flow/0000/027,,canonical_percentile,0.7,data/precomputed/fig02/official50_shuffle_model_metrics.csv,,,3MIDD_207,,,
flow/0000/027,,canonical_percentile,0.5,data/precomputed/fig02/official50_shuffle_model_metrics.csv,,,4MIDD_085_170,,,
flow/0000/028,,canonical_percentile,0.2,data/precomputed/fig02/official50_shuffle_model_metrics.csv,,,3MIDD_048,,,
flow/0000/028,,canonical_percentile,0.6,data/precomputed/fig02/official50_shuffle_model_metrics.csv,,,3MIDD_207,,,
flow/0000/028,,canonical_percentile,0.4,data/precomputed/fig02/official50_shuffle_model_metrics.csv,,,4MIDD_085_170,,,
flow/0000/029,,canonical_percentile,0.5,data/precomputed/fig02/official50_shuffle_model_metrics.csv,,,3MIDD_048,,,
flow/0000/029,,canonical_percentile,0.0,data/precomputed/fig02/official50_shuffle_model_metrics.csv,,,3MIDD_207,,,
flow/0000/029,,canonical_percentile,0.1,data/precomputed/fig02/official50_shuffle_model_metrics.csv,,,4MIDD_085_170,,,
flow/0000/030,,canonical_percentile,1.0,data/precomputed/fig02/official50_shuffle_model_metrics.csv,,,3MIDD_048,,,
flow/0000/030,,canonical_percentile,0.3,data/precomputed/fig02/official50_shuffle_model_metrics.csv,,,3MIDD_207,,,
flow/0000/030,,canonical_percentile,0.2,data/precomputed/fig02/official50_shuffle_model_metrics.csv,,,4MIDD_085_170,,,
flow/0000/031,,canonical_percentile,0.1,data/precomputed/fig02/official50_shuffle_model_metrics.csv,,,3MIDD_048,,,
flow/0000/031,,canonical_percentile,0.7,data/precomputed/fig02/official50_shuffle_model_metrics.csv,,,3MIDD_207,,,
flow/0000/031,,canonical_percentile,0.1,data/precomputed/fig02/official50_shuffle_model_metrics.csv,,,4MIDD_085_170,,,
flow/0000/032,,canonical_percentile,0.1,data/precomputed/fig02/official50_shuffle_model_metrics.csv,,,3MIDD_048,,,
flow/0000/032,,canonical_percentile,0.4,data/precomputed/fig02/official50_shuffle_model_metrics.csv,,,3MIDD_207,,,
flow/0000/032,,canonical_percentile,0.2,data/precomputed/fig02/official50_shuffle_model_metrics.csv,,,4MIDD_085_170,,,
flow/0000/033,,canonical_percentile,0.0,data/precomputed/fig02/official50_shuffle_model_metrics.csv,,,3MIDD_048,,,
flow/0000/033,,canonical_percentile,0.2,data/precomputed/fig02/official50_shuffle_model_metrics.csv,,,3MIDD_207,,,
flow/0000/033,,canonical_percentile,0.1,data/precomputed/fig02/official50_shuffle_model_metrics.csv,,,4MIDD_085_170,,,
flow/0000/034,,canonical_percentile,0.4,data/precomputed/fig02/official50_shuffle_model_metrics.csv,,,3MIDD_048,,,
flow/0000/034,,canonical_percentile,0.2,data/precomputed/fig02/official50_shuffle_model_metrics.csv,,,3MIDD_207,,,
flow/0000/034,,canonical_percentile,0.1,data/precomputed/fig02/official50_shuffle_model_metrics.csv,,,4MIDD_085_170,,,
flow/0000/035,,canonical_percentile,0.2,data/precomputed/fig02/official50_shuffle_model_metrics.csv,,,3MIDD_048,,,
flow/0000/035,,canonical_percentile,0.0,data/precomputed/fig02/official50_shuffle_model_metrics.csv,,,3MIDD_207,,,
flow/0000/035,,canonical_percentile,0.0,data/precomputed/fig02/official50_shuffle_model_metrics.csv,,,4MIDD_085_170,,,
flow/0000/036,,canonical_percentile,1.0,data/precomputed/fig02/official50_shuffle_model_metrics.csv,,,3MIDD_048,,,
flow/0000/036,,canonical_percentile,0.2,data/precomputed/fig02/official50_shuffle_model_metrics.csv,,,3MIDD_207,,,
flow/0000/036,,canonical_percentile,0.5,data/precomputed/fig02/official50_shuffle_model_metrics.csv,,,4MIDD_085_170,,,
flow/0000/037,,canonical_percentile,0.6,data/precomputed/fig02/official50_shuffle_model_metrics.csv,,,3MIDD_048,,,
flow/0000/037,,canonical_percentile,0.3,data/precomputed/fig02/official50_shuffle_model_metrics.csv,,,3MIDD_207,,,
flow/0000/037,,canonical_percentile,0.3,data/precomputed/fig02/official50_shuffle_model_metrics.csv,,,4MIDD_085_170,,,
flow/0000/038,,canonical_percentile,0.7,data/precomputed/fig02/official50_shuffle_model_metrics.csv,,,3MIDD_048,,,
flow/0000/038,,canonical_percentile,0.2,data/precomputed/fig02/official50_shuffle_model_metrics.csv,,,3MIDD_207,,,
flow/0000/038,,canonical_percentile,0.1,data/precomputed/fig02/official50_shuffle_model_metrics.csv,,,4MIDD_085_170,,,
flow/0000/039,,canonical_percentile,0.2,data/precomputed/fig02/official50_shuffle_model_metrics.csv,,,3MIDD_048,,,
flow/0000/039,,canonical_percentile,0.7,data/precomputed/fig02/official50_shuffle_model_metrics.csv,,,3MIDD_207,,,
flow/0000/039,,canonical_percentile,0.2,data/precomputed/fig02/official50_shuffle_model_metrics.csv,,,4MIDD_085_170,,,
flow/0000/040,,canonical_percentile,0.3,data/precomputed/fig02/official50_shuffle_model_metrics.csv,,,3MIDD_048,,,
flow/0000/040,,canonical_percentile,0.5,data/precomputed/fig02/official50_shuffle_model_metrics.csv,,,3MIDD_207,,,
flow/0000/040,,canonical_percentile,0.1,data/precomputed/fig02/official50_shuffle_model_metrics.csv,,,4MIDD_085_170,,,
flow/0000/041,,canonical_percentile,0.5,data/precomputed/fig02/official50_shuffle_model_metrics.csv,,,3MIDD_048,,,
flow/0000/041,,canonical_percentile,0.4,data/precomputed/fig02/official50_shuffle_model_metrics.csv,,,3MIDD_207,,,
flow/0000/041,,canonical_percentile,0.2,data/precomputed/fig02/official50_shuffle_model_metrics.csv,,,4MIDD_085_170,,,
flow/0000/042,,canonical_percentile,0.2,data/precomputed/fig02/official50_shuffle_model_metrics.csv,,,3MIDD_048,,,
flow/0000/042,,canonical_percentile,0.1,data/precomputed/fig02/official50_shuffle_model_metrics.csv,,,3MIDD_207,,,
flow/0000/042,,canonical_percentile,0.1,data/precomputed/fig02/official50_shuffle_model_metrics.csv,,,4MIDD_085_170,,,
flow/0000/043,,canonical_percentile,0.0,data/precomputed/fig02/official50_shuffle_model_metrics.csv,,,3MIDD_048,,,
flow/0000/043,,canonical_percentile,0.5,data/precomputed/fig02/official50_shuffle_model_metrics.csv,,,3MIDD_207,,,
flow/0000/043,,canonical_percentile,0.2,data/precomputed/fig02/official50_shuffle_model_metrics.csv,,,4MIDD_085_170,,,
flow/0000/044,,canonical_percentile,0.5,data/precomputed/fig02/official50_shuffle_model_metrics.csv,,,3MIDD_048,,,
flow/0000/044,,canonical_percentile,0.6,data/precomputed/fig02/official50_shuffle_model_metrics.csv,,,3MIDD_207,,,
flow/0000/044,,canonical_percentile,0.2,data/precomputed/fig02/official50_shuffle_model_metrics.csv,,,4MIDD_085_170,,,
flow/0000/045,,canonical_percentile,0.4,data/precomputed/fig02/official50_shuffle_model_metrics.csv,,,3MIDD_048,,,
flow/0000/045,,canonical_percentile,0.1,data/precomputed/fig02/official50_shuffle_model_metrics.csv,,,3MIDD_207,,,
flow/0000/045,,canonical_percentile,0.0,data/precomputed/fig02/official50_shuffle_model_metrics.csv,,,4MIDD_085_170,,,
flow/0000/046,,canonical_percentile,0.0,data/precomputed/fig02/official50_shuffle_model_metrics.csv,,,3MIDD_048,,,
flow/0000/046,,canonical_percentile,0.1,data/precomputed/fig02/official50_shuffle_model_metrics.csv,,,3MIDD_207,,,
flow/0000/046,,canonical_percentile,0.0,data/precomputed/fig02/official50_shuffle_model_metrics.csv,,,4MIDD_085_170,,,
flow/0000/047,,canonical_percentile,0.5,data/precomputed/fig02/official50_shuffle_model_metrics.csv,,,3MIDD_048,,,
flow/0000/047,,canonical_percentile,0.4,data/precomputed/fig02/official50_shuffle_model_metrics.csv,,,3MIDD_207,,,
flow/0000/047,,canonical_percentile,0.0,data/precomputed/fig02/official50_shuffle_model_metrics.csv,,,4MIDD_085_170,,,
flow/0000/048,,canonical_percentile,0.4,data/precomputed/fig02/official50_shuffle_model_metrics.csv,,,3MIDD_048,,,
flow/0000/048,,canonical_percentile,0.0,data/precomputed/fig02/official50_shuffle_model_metrics.csv,,,3MIDD_207,,,
flow/0000/048,,canonical_percentile,0.0,data/precomputed/fig02/official50_shuffle_model_metrics.csv,,,4MIDD_085_170,,,
flow/0000/049,,canonical_percentile,0.0,data/precomputed/fig02/official50_shuffle_model_metrics.csv,,,3MIDD_048,,,
flow/0000/049,,canonical_percentile,0.2,data/precomputed/fig02/official50_shuffle_model_metrics.csv,,,3MIDD_207,,,
flow/0000/049,,canonical_percentile,0.0,data/precomputed/fig02/official50_shuffle_model_metrics.csv,,,4MIDD_085_170,,,
flow/0000/000,,fixed_eval_epe,4.799515088399251,data/precomputed/fig04/official50_performance_phase_join.csv,,,,,,
flow/0000/001,,fixed_eval_epe,4.726934401194255,data/precomputed/fig04/official50_performance_phase_join.csv,,,,,,
flow/0000/002,,fixed_eval_epe,4.72114995320638,data/precomputed/fig04/official50_performance_phase_join.csv,,,,,,
flow/0000/003,,fixed_eval_epe,4.755510743459066,data/precomputed/fig04/official50_performance_phase_join.csv,,,,,,
flow/0000/004,,fixed_eval_epe,4.852282619476318,data/precomputed/fig04/official50_performance_phase_join.csv,,,,,,
flow/0000/005,,fixed_eval_epe,4.841966946919759,data/precomputed/fig04/official50_performance_phase_join.csv,,,,,,
flow/0000/006,,fixed_eval_epe,4.725083589553833,data/precomputed/fig04/official50_performance_phase_join.csv,,,,,,
flow/0000/007,,fixed_eval_epe,4.74589155515035,data/precomputed/fig04/official50_performance_phase_join.csv,,,,,,
flow/0000/008,,fixed_eval_epe,4.843354876836141,data/precomputed/fig04/official50_performance_phase_join.csv,,,,,,
flow/0000/009,,fixed_eval_epe,4.7773294925689695,data/precomputed/fig04/official50_performance_phase_join.csv,,,,,,
flow/0000/010,,fixed_eval_epe,4.770639085769654,data/precomputed/fig04/official50_performance_phase_join.csv,,,,,,
flow/0000/011,,fixed_eval_epe,4.8281324704488116,data/precomputed/fig04/official50_performance_phase_join.csv,,,,,,
flow/0000/012,,fixed_eval_epe,4.7945915222167965,data/precomputed/fig04/official50_performance_phase_join.csv,,,,,,
flow/0000/013,,fixed_eval_epe,4.83604195912679,data/precomputed/fig04/official50_performance_phase_join.csv,,,,,,
flow/0000/014,,fixed_eval_epe,4.799156379699707,data/precomputed/fig04/official50_performance_phase_join.csv,,,,,,
flow/0000/015,,fixed_eval_epe,4.807579088211059,data/precomputed/fig04/official50_performance_phase_join.csv,,,,,,
flow/0000/016,,fixed_eval_epe,4.79631872177124,data/precomputed/fig04/official50_performance_phase_join.csv,,,,,,
flow/0000/017,,fixed_eval_epe,4.799661986033121,data/precomputed/fig04/official50_performance_phase_join.csv,,,,,,
flow/0000/018,,fixed_eval_epe,4.813164838155111,data/precomputed/fig04/official50_performance_phase_join.csv,,,,,,
flow/0000/019,,fixed_eval_epe,4.847107664744059,data/precomputed/fig04/official50_performance_phase_join.csv,,,,,,
flow/0000/020,,fixed_eval_epe,4.763247966766357,data/precomputed/fig04/official50_performance_phase_join.csv,,,,,,
flow/0000/021,,fixed_eval_epe,4.871921475728353,data/precomputed/fig04/official50_performance_phase_join.csv,,,,,,
flow/0000/022,,fixed_eval_epe,4.842260630925496,data/precomputed/fig04/official50_performance_phase_join.csv,,,,,,
flow/0000/023,,fixed_eval_epe,4.801886733373006,data/precomputed/fig04/official50_performance_phase_join.csv,,,,,,
flow/0000/024,,fixed_eval_epe,4.750630299250285,data/precomputed/fig04/official50_performance_phase_join.csv,,,,,,
flow/0000/025,,fixed_eval_epe,4.888050985336304,data/precomputed/fig04/official50_performance_phase_join.csv,,,,,,
flow/0000/026,,fixed_eval_epe,4.814795223871867,data/precomputed/fig04/official50_performance_phase_join.csv,,,,,,
flow/0000/027,,fixed_eval_epe,4.875690205891927,data/precomputed/fig04/official50_performance_phase_join.csv,,,,,,
flow/0000/028,,fixed_eval_epe,4.710056177775065,data/precomputed/fig04/official50_performance_phase_join.csv,,,,,,
flow/0000/029,,fixed_eval_epe,4.8075750509897865,data/precomputed/fig04/official50_performance_phase_join.csv,,,,,,
flow/0000/030,,fixed_eval_epe,4.864777723948161,data/precomputed/fig04/official50_performance_phase_join.csv,,,,,,
flow/0000/031,,fixed_eval_epe,4.852779483795166,data/precomputed/fig04/official50_performance_phase_join.csv,,,,,,
flow/0000/032,,fixed_eval_epe,4.8493977069854735,data/precomputed/fig04/official50_performance_phase_join.csv,,,,,,
flow/0000/033,,fixed_eval_epe,4.958943049112956,data/precomputed/fig04/official50_performance_phase_join.csv,,,,,,
flow/0000/034,,fixed_eval_epe,4.817137861251831,data/precomputed/fig04/official50_performance_phase_join.csv,,,,,,
flow/0000/035,,fixed_eval_epe,4.83364561398824,data/precomputed/fig04/official50_performance_phase_join.csv,,,,,,
flow/0000/036,,fixed_eval_epe,4.897295188903809,data/precomputed/fig04/official50_performance_phase_join.csv,,,,,,
flow/0000/037,,fixed_eval_epe,4.887619558970133,data/precomputed/fig04/official50_performance_phase_join.csv,,,,,,
flow/0000/038,,fixed_eval_epe,4.810091845194498,data/precomputed/fig04/official50_performance_phase_join.csv,,,,,,
flow/0000/039,,fixed_eval_epe,4.930864048004151,data/precomputed/fig04/official50_performance_phase_join.csv,,,,,,
flow/0000/040,,fixed_eval_epe,4.845940605799357,data/precomputed/fig04/official50_performance_phase_join.csv,,,,,,
flow/0000/041,,fixed_eval_epe,4.844996468226115,data/precomputed/fig04/official50_performance_phase_join.csv,,,,,,
flow/0000/042,,fixed_eval_epe,4.943923044204712,data/precomputed/fig04/official50_performance_phase_join.csv,,,,,,
flow/0000/043,,fixed_eval_epe,4.8951916535695394,data/precomputed/fig04/official50_performance_phase_join.csv,,,,,,
flow/0000/044,,fixed_eval_epe,4.9639960924784345,data/precomputed/fig04/official50_performance_phase_join.csv,,,,,,
flow/0000/045,,fixed_eval_epe,4.988765891393026,data/precomputed/fig04/official50_performance_phase_join.csv,,,,,,
flow/0000/046,,fixed_eval_epe,5.037850618362427,data/precomputed/fig04/official50_performance_phase_join.csv,,,,,,
flow/0000/047,,fixed_eval_epe,4.9080090363820394,data/precomputed/fig04/official50_performance_phase_join.csv,,,,,,
flow/0000/048,,fixed_eval_epe,5.000057411193848,data/precomputed/fig04/official50_performance_phase_join.csv,,,,,,
flow/0000/049,,fixed_eval_epe,5.374134413401285,data/precomputed/fig04/official50_performance_phase_join.csv,,,,,,
flow/0000/000,,n_samples,15.0,data/precomputed/fig04/official50_performance_phase_join.csv,,,,,,
flow/0000/001,,n_samples,15.0,data/precomputed/fig04/official50_performance_phase_join.csv,,,,,,
flow/0000/002,,n_samples,15.0,data/precomputed/fig04/official50_performance_phase_join.csv,,,,,,
flow/0000/003,,n_samples,15.0,data/precomputed/fig04/official50_performance_phase_join.csv,,,,,,
flow/0000/004,,n_samples,15.0,data/precomputed/fig04/official50_performance_phase_join.csv,,,,,,
flow/0000/005,,n_samples,15.0,data/precomputed/fig04/official50_performance_phase_join.csv,,,,,,
flow/0000/006,,n_samples,15.0,data/precomputed/fig04/official50_performance_phase_join.csv,,,,,,
flow/0000/007,,n_samples,15.0,data/precomputed/fig04/official50_performance_phase_join.csv,,,,,,
flow/0000/008,,n_samples,15.0,data/precomputed/fig04/official50_performance_phase_join.csv,,,,,,
flow/0000/009,,n_samples,15.0,data/precomputed/fig04/official50_performance_phase_join.csv,,,,,,
flow/0000/010,,n_samples,15.0,data/precomputed/fig04/official50_performance_phase_join.csv,,,,,,
flow/0000/011,,n_samples,15.0,data/precomputed/fig04/official50_performance_phase_join.csv,,,,,,
flow/0000/012,,n_samples,15.0,data/precomputed/fig04/official50_performance_phase_join.csv,,,,,,
flow/0000/013,,n_samples,15.0,data/precomputed/fig04/official50_performance_phase_join.csv,,,,,,
flow/0000/014,,n_samples,15.0,data/precomputed/fig04/official50_performance_phase_join.csv,,,,,,
flow/0000/015,,n_samples,15.0,data/precomputed/fig04/official50_performance_phase_join.csv,,,,,,
flow/0000/016,,n_samples,15.0,data/precomputed/fig04/official50_performance_phase_join.csv,,,,,,
flow/0000/017,,n_samples,15.0,data/precomputed/fig04/official50_performance_phase_join.csv,,,,,,
flow/0000/018,,n_samples,15.0,data/precomputed/fig04/official50_performance_phase_join.csv,,,,,,
flow/0000/019,,n_samples,15.0,data/precomputed/fig04/official50_performance_phase_join.csv,,,,,,
flow/0000/020,,n_samples,15.0,data/precomputed/fig04/official50_performance_phase_join.csv,,,,,,
flow/0000/021,,n_samples,15.0,data/precomputed/fig04/official50_performance_phase_join.csv,,,,,,
flow/0000/022,,n_samples,15.0,data/precomputed/fig04/official50_performance_phase_join.csv,,,,,,
flow/0000/023,,n_samples,15.0,data/precomputed/fig04/official50_performance_phase_join.csv,,,,,,
flow/0000/024,,n_samples,15.0,data/precomputed/fig04/official50_performance_phase_join.csv,,,,,,
flow/0000/025,,n_samples,15.0,data/precomputed/fig04/official50_performance_phase_join.csv,,,,,,
flow/0000/026,,n_samples,15.0,data/precomputed/fig04/official50_performance_phase_join.csv,,,,,,
flow/0000/027,,n_samples,15.0,data/precomputed/fig04/official50_performance_phase_join.csv,,,,,,
flow/0000/028,,n_samples,15.0,data/precomputed/fig04/official50_performance_phase_join.csv,,,,,,
flow/0000/029,,n_samples,15.0,data/precomputed/fig04/official50_performance_phase_join.csv,,,,,,
flow/0000/030,,n_samples,15.0,data/precomputed/fig04/official50_performance_phase_join.csv,,,,,,
flow/0000/031,,n_samples,15.0,data/precomputed/fig04/official50_performance_phase_join.csv,,,,,,
flow/0000/032,,n_samples,15.0,data/precomputed/fig04/official50_performance_phase_join.csv,,,,,,
flow/0000/033,,n_samples,15.0,data/precomputed/fig04/official50_performance_phase_join.csv,,,,,,
flow/0000/034,,n_samples,15.0,data/precomputed/fig04/official50_performance_phase_join.csv,,,,,,
flow/0000/035,,n_samples,15.0,data/precomputed/fig04/official50_performance_phase_join.csv,,,,,,
flow/0000/036,,n_samples,15.0,data/precomputed/fig04/official50_performance_phase_join.csv,,,,,,
flow/0000/037,,n_samples,15.0,data/precomputed/fig04/official50_performance_phase_join.csv,,,,,,
flow/0000/038,,n_samples,15.0,data/precomputed/fig04/official50_performance_phase_join.csv,,,,,,
flow/0000/039,,n_samples,15.0,data/precomputed/fig04/official50_performance_phase_join.csv,,,,,,
flow/0000/040,,n_samples,15.0,data/precomputed/fig04/official50_performance_phase_join.csv,,,,,,
flow/0000/041,,n_samples,15.0,data/precomputed/fig04/official50_performance_phase_join.csv,,,,,,
flow/0000/042,,n_samples,15.0,data/precomputed/fig04/official50_performance_phase_join.csv,,,,,,
flow/0000/043,,n_samples,15.0,data/precomputed/fig04/official50_performance_phase_join.csv,,,,,,
flow/0000/044,,n_samples,15.0,data/precomputed/fig04/official50_performance_phase_join.csv,,,,,,
flow/0000/045,,n_samples,15.0,data/precomputed/fig04/official50_performance_phase_join.csv,,,,,,
flow/0000/046,,n_samples,15.0,data/precomputed/fig04/official50_performance_phase_join.csv,,,,,,
flow/0000/047,,n_samples,15.0,data/precomputed/fig04/official50_performance_phase_join.csv,,,,,,
flow/0000/048,,n_samples,15.0,data/precomputed/fig04/official50_performance_phase_join.csv,,,,,,
flow/0000/049,,n_samples,15.0,data/precomputed/fig04/official50_performance_phase_join.csv,,,,,,
flow/0000/000,,diagnostic_not_held_out,1.0,data/precomputed/fig04/official50_performance_phase_join.csv,,,,,,
flow/0000/001,,diagnostic_not_held_out,1.0,data/precomputed/fig04/official50_performance_phase_join.csv,,,,,,
flow/0000/002,,diagnostic_not_held_out,1.0,data/precomputed/fig04/official50_performance_phase_join.csv,,,,,,
flow/0000/003,,diagnostic_not_held_out,1.0,data/precomputed/fig04/official50_performance_phase_join.csv,,,,,,
flow/0000/004,,diagnostic_not_held_out,1.0,data/precomputed/fig04/official50_performance_phase_join.csv,,,,,,
flow/0000/005,,diagnostic_not_held_out,1.0,data/precomputed/fig04/official50_performance_phase_join.csv,,,,,,
flow/0000/006,,diagnostic_not_held_out,1.0,data/precomputed/fig04/official50_performance_phase_join.csv,,,,,,
flow/0000/007,,diagnostic_not_held_out,1.0,data/precomputed/fig04/official50_performance_phase_join.csv,,,,,,
flow/0000/008,,diagnostic_not_held_out,1.0,data/precomputed/fig04/official50_performance_phase_join.csv,,,,,,
flow/0000/009,,diagnostic_not_held_out,1.0,data/precomputed/fig04/official50_performance_phase_join.csv,,,,,,
flow/0000/010,,diagnostic_not_held_out,1.0,data/precomputed/fig04/official50_performance_phase_join.csv,,,,,,
flow/0000/011,,diagnostic_not_held_out,1.0,data/precomputed/fig04/official50_performance_phase_join.csv,,,,,,
flow/0000/012,,diagnostic_not_held_out,1.0,data/precomputed/fig04/official50_performance_phase_join.csv,,,,,,
flow/0000/013,,diagnostic_not_held_out,1.0,data/precomputed/fig04/official50_performance_phase_join.csv,,,,,,
flow/0000/014,,diagnostic_not_held_out,1.0,data/precomputed/fig04/official50_performance_phase_join.csv,,,,,,
flow/0000/015,,diagnostic_not_held_out,1.0,data/precomputed/fig04/official50_performance_phase_join.csv,,,,,,
flow/0000/016,,diagnostic_not_held_out,1.0,data/precomputed/fig04/official50_performance_phase_join.csv,,,,,,
flow/0000/017,,diagnostic_not_held_out,1.0,data/precomputed/fig04/official50_performance_phase_join.csv,,,,,,
flow/0000/018,,diagnostic_not_held_out,1.0,data/precomputed/fig04/official50_performance_phase_join.csv,,,,,,
flow/0000/019,,diagnostic_not_held_out,1.0,data/precomputed/fig04/official50_performance_phase_join.csv,,,,,,
flow/0000/020,,diagnostic_not_held_out,1.0,data/precomputed/fig04/official50_performance_phase_join.csv,,,,,,
flow/0000/021,,diagnostic_not_held_out,1.0,data/precomputed/fig04/official50_performance_phase_join.csv,,,,,,
flow/0000/022,,diagnostic_not_held_out,1.0,data/precomputed/fig04/official50_performance_phase_join.csv,,,,,,
flow/0000/023,,diagnostic_not_held_out,1.0,data/precomputed/fig04/official50_performance_phase_join.csv,,,,,,
flow/0000/024,,diagnostic_not_held_out,1.0,data/precomputed/fig04/official50_performance_phase_join.csv,,,,,,
flow/0000/025,,diagnostic_not_held_out,1.0,data/precomputed/fig04/official50_performance_phase_join.csv,,,,,,
flow/0000/026,,diagnostic_not_held_out,1.0,data/precomputed/fig04/official50_performance_phase_join.csv,,,,,,
flow/0000/027,,diagnostic_not_held_out,1.0,data/precomputed/fig04/official50_performance_phase_join.csv,,,,,,
flow/0000/028,,diagnostic_not_held_out,1.0,data/precomputed/fig04/official50_performance_phase_join.csv,,,,,,
flow/0000/029,,diagnostic_not_held_out,1.0,data/precomputed/fig04/official50_performance_phase_join.csv,,,,,,
flow/0000/030,,diagnostic_not_held_out,1.0,data/precomputed/fig04/official50_performance_phase_join.csv,,,,,,
flow/0000/031,,diagnostic_not_held_out,1.0,data/precomputed/fig04/official50_performance_phase_join.csv,,,,,,
flow/0000/032,,diagnostic_not_held_out,1.0,data/precomputed/fig04/official50_performance_phase_join.csv,,,,,,
flow/0000/033,,diagnostic_not_held_out,1.0,data/precomputed/fig04/official50_performance_phase_join.csv,,,,,,
flow/0000/034,,diagnostic_not_held_out,1.0,data/precomputed/fig04/official50_performance_phase_join.csv,,,,,,
flow/0000/035,,diagnostic_not_held_out,1.0,data/precomputed/fig04/official50_performance_phase_join.csv,,,,,,
flow/0000/036,,diagnostic_not_held_out,1.0,data/precomputed/fig04/official50_performance_phase_join.csv,,,,,,
flow/0000/037,,diagnostic_not_held_out,1.0,data/precomputed/fig04/official50_performance_phase_join.csv,,,,,,
flow/0000/038,,diagnostic_not_held_out,1.0,data/precomputed/fig04/official50_performance_phase_join.csv,,,,,,
flow/0000/039,,diagnostic_not_held_out,1.0,data/precomputed/fig04/official50_performance_phase_join.csv,,,,,,
flow/0000/040,,diagnostic_not_held_out,1.0,data/precomputed/fig04/official50_performance_phase_join.csv,,,,,,
flow/0000/041,,diagnostic_not_held_out,1.0,data/precomputed/fig04/official50_performance_phase_join.csv,,,,,,
flow/0000/042,,diagnostic_not_held_out,1.0,data/precomputed/fig04/official50_performance_phase_join.csv,,,,,,
flow/0000/043,,diagnostic_not_held_out,1.0,data/precomputed/fig04/official50_performance_phase_join.csv,,,,,,
flow/0000/044,,diagnostic_not_held_out,1.0,data/precomputed/fig04/official50_performance_phase_join.csv,,,,,,
flow/0000/045,,diagnostic_not_held_out,1.0,data/precomputed/fig04/official50_performance_phase_join.csv,,,,,,
flow/0000/046,,diagnostic_not_held_out,1.0,data/precomputed/fig04/official50_performance_phase_join.csv,,,,,,
flow/0000/047,,diagnostic_not_held_out,1.0,data/precomputed/fig04/official50_performance_phase_join.csv,,,,,,
flow/0000/048,,diagnostic_not_held_out,1.0,data/precomputed/fig04/official50_performance_phase_join.csv,,,,,,
flow/0000/049,,diagnostic_not_held_out,1.0,data/precomputed/fig04/official50_performance_phase_join.csv,,,,,,
flow/0000/000,,elapsed_seconds,6.478927874999499,data/precomputed/fig04/official50_performance_phase_join.csv,,,,,,
flow/0000/001,,elapsed_seconds,6.439425583999764,data/precomputed/fig04/official50_performance_phase_join.csv,,,,,,
flow/0000/002,,elapsed_seconds,6.421438083000794,data/precomputed/fig04/official50_performance_phase_join.csv,,,,,,
flow/0000/003,,elapsed_seconds,6.472989083000357,data/precomputed/fig04/official50_performance_phase_join.csv,,,,,,
flow/0000/004,,elapsed_seconds,6.395401332999427,data/precomputed/fig04/official50_performance_phase_join.csv,,,,,,
flow/0000/005,,elapsed_seconds,6.465468459000476,data/precomputed/fig04/official50_performance_phase_join.csv,,,,,,
flow/0000/006,,elapsed_seconds,6.50483233399973,data/precomputed/fig04/official50_performance_phase_join.csv,,,,,,
flow/0000/007,,elapsed_seconds,6.485099416999219,data/precomputed/fig04/official50_performance_phase_join.csv,,,,,,
flow/0000/008,,elapsed_seconds,6.429967000000033,data/precomputed/fig04/official50_performance_phase_join.csv,,,,,,
flow/0000/009,,elapsed_seconds,6.919026583000232,data/precomputed/fig04/official50_performance_phase_join.csv,,,,,,
flow/0000/010,,elapsed_seconds,6.885167041000386,data/precomputed/fig04/official50_performance_phase_join.csv,,,,,,
flow/0000/011,,elapsed_seconds,6.930237167000087,data/precomputed/fig04/official50_performance_phase_join.csv,,,,,,
flow/0000/012,,elapsed_seconds,6.97791270900052,data/precomputed/fig04/official50_performance_phase_join.csv,,,,,,
flow/0000/013,,elapsed_seconds,7.227693374999944,data/precomputed/fig04/official50_performance_phase_join.csv,,,,,,
flow/0000/014,,elapsed_seconds,7.327815042000111,data/precomputed/fig04/official50_performance_phase_join.csv,,,,,,
flow/0000/015,,elapsed_seconds,6.968568207999851,data/precomputed/fig04/official50_performance_phase_join.csv,,,,,,
flow/0000/016,,elapsed_seconds,6.953802915999404,data/precomputed/fig04/official50_performance_phase_join.csv,,,,,,
flow/0000/017,,elapsed_seconds,7.105780790999233,data/precomputed/fig04/official50_performance_phase_join.csv,,,,,,
flow/0000/018,,elapsed_seconds,7.182000208000318,data/precomputed/fig04/official50_performance_phase_join.csv,,,,,,
flow/0000/019,,elapsed_seconds,7.334902624999813,data/precomputed/fig04/official50_performance_phase_join.csv,,,,,,
flow/0000/020,,elapsed_seconds,7.441964999999982,data/precomputed/fig04/official50_performance_phase_join.csv,,,,,,
flow/0000/021,,elapsed_seconds,7.319592042000295,data/precomputed/fig04/official50_performance_phase_join.csv,,,,,,
flow/0000/022,,elapsed_seconds,7.5230325419997826,data/precomputed/fig04/official50_performance_phase_join.csv,,,,,,
flow/0000/023,,elapsed_seconds,7.2897277080001,data/precomputed/fig04/official50_performance_phase_join.csv,,,,,,
flow/0000/024,,elapsed_seconds,7.335441750000427,data/precomputed/fig04/official50_performance_phase_join.csv,,,,,,
flow/0000/025,,elapsed_seconds,7.666377250000551,data/precomputed/fig04/official50_performance_phase_join.csv,,,,,,
flow/0000/026,,elapsed_seconds,7.699273249999351,data/precomputed/fig04/official50_performance_phase_join.csv,,,,,,
flow/0000/027,,elapsed_seconds,7.882157250000091,data/precomputed/fig04/official50_performance_phase_join.csv,,,,,,
flow/0000/028,,elapsed_seconds,7.77822954200019,data/precomputed/fig04/official50_performance_phase_join.csv,,,,,,
flow/0000/029,,elapsed_seconds,7.82960491599988,data/precomputed/fig04/official50_performance_phase_join.csv,,,,,,
flow/0000/030,,elapsed_seconds,8.659382499999992,data/precomputed/fig04/official50_performance_phase_join.csv,,,,,,
flow/0000/031,,elapsed_seconds,8.766482542000631,data/precomputed/fig04/official50_performance_phase_join.csv,,,,,,
flow/0000/032,,elapsed_seconds,8.43889845800004,data/precomputed/fig04/official50_performance_phase_join.csv,,,,,,
flow/0000/033,,elapsed_seconds,8.575684374999582,data/precomputed/fig04/official50_performance_phase_join.csv,,,,,,
flow/0000/034,,elapsed_seconds,8.427932624999812,data/precomputed/fig04/official50_performance_phase_join.csv,,,,,,
flow/0000/035,,elapsed_seconds,8.65966516699973,data/precomputed/fig04/official50_performance_phase_join.csv,,,,,,
flow/0000/036,,elapsed_seconds,8.844756291000522,data/precomputed/fig04/official50_performance_phase_join.csv,,,,,,
flow/0000/037,,elapsed_seconds,9.617167582999173,data/precomputed/fig04/official50_performance_phase_join.csv,,,,,,
flow/0000/038,,elapsed_seconds,9.55710474999978,data/precomputed/fig04/official50_performance_phase_join.csv,,,,,,
flow/0000/039,,elapsed_seconds,8.86693537500014,data/precomputed/fig04/official50_performance_phase_join.csv,,,,,,
flow/0000/040,,elapsed_seconds,8.118572833000144,data/precomputed/fig04/official50_performance_phase_join.csv,,,,,,
flow/0000/041,,elapsed_seconds,8.606425916999797,data/precomputed/fig04/official50_performance_phase_join.csv,,,,,,
flow/0000/042,,elapsed_seconds,9.18591833299979,data/precomputed/fig04/official50_performance_phase_join.csv,,,,,,
flow/0000/043,,elapsed_seconds,9.220098957999651,data/precomputed/fig04/official50_performance_phase_join.csv,,,,,,
flow/0000/044,,elapsed_seconds,8.868401542000356,data/precomputed/fig04/official50_performance_phase_join.csv,,,,,,
flow/0000/045,,elapsed_seconds,8.838954750000084,data/precomputed/fig04/official50_performance_phase_join.csv,,,,,,
flow/0000/046,,elapsed_seconds,8.94276599999921,data/precomputed/fig04/official50_performance_phase_join.csv,,,,,,
flow/0000/047,,elapsed_seconds,8.651100584000233,data/precomputed/fig04/official50_performance_phase_join.csv,,,,,,
flow/0000/048,,elapsed_seconds,8.544298082999376,data/precomputed/fig04/official50_performance_phase_join.csv,,,,,,
flow/0000/049,,elapsed_seconds,8.178599542000484,data/precomputed/fig04/official50_performance_phase_join.csv,,,,,,
flow/0000/000,,A,-0.0018621324931411,data/precomputed/fig04/official50_performance_phase_join.csv,,,,,,
flow/0000/001,,A,-0.0014282657243132,data/precomputed/fig04/official50_performance_phase_join.csv,,,,,,
flow/0000/002,,A,-0.0116886252674745,data/precomputed/fig04/official50_performance_phase_join.csv,,,,,,
flow/0000/003,,A,-0.0302850234334409,data/precomputed/fig04/official50_performance_phase_join.csv,,,,,,
flow/0000/004,,A,0.0003171977286004,data/precomputed/fig04/official50_performance_phase_join.csv,,,,,,
flow/0000/005,,A,-0.0077561300513301,data/precomputed/fig04/official50_performance_phase_join.csv,,,,,,
flow/0000/006,,A,-0.0208553949838205,data/precomputed/fig04/official50_performance_phase_join.csv,,,,,,
flow/0000/007,,A,-0.0012039742020973,data/precomputed/fig04/official50_performance_phase_join.csv,,,,,,
flow/0000/008,,A,-0.0064367957723298,data/precomputed/fig04/official50_performance_phase_join.csv,,,,,,
flow/0000/009,,A,-0.0081110019866789,data/precomputed/fig04/official50_performance_phase_join.csv,,,,,,
flow/0000/010,,A,0.0006503175424808,data/precomputed/fig04/official50_performance_phase_join.csv,,,,,,
flow/0000/011,,A,-0.0023494210925118,data/precomputed/fig04/official50_performance_phase_join.csv,,,,,,
flow/0000/012,,A,-0.0199643381951971,data/precomputed/fig04/official50_performance_phase_join.csv,,,,,,
flow/0000/013,,A,-0.008501467002889,data/precomputed/fig04/official50_performance_phase_join.csv,,,,,,
flow/0000/014,,A,-0.018068473358464,data/precomputed/fig04/official50_performance_phase_join.csv,,,,,,
flow/0000/015,,A,-0.0089685184629883,data/precomputed/fig04/official50_performance_phase_join.csv,,,,,,
flow/0000/016,,A,-0.0078419334141309,data/precomputed/fig04/official50_performance_phase_join.csv,,,,,,
flow/0000/017,,A,-0.0332050872977052,data/precomputed/fig04/official50_performance_phase_join.csv,,,,,,
flow/0000/018,,A,-0.011892868290285,data/precomputed/fig04/official50_performance_phase_join.csv,,,,,,
flow/0000/019,,A,-0.0136132571810974,data/precomputed/fig04/official50_performance_phase_join.csv,,,,,,
flow/0000/020,,A,-0.0050510784584472,data/precomputed/fig04/official50_performance_phase_join.csv,,,,,,
flow/0000/021,,A,-0.0108464287397691,data/precomputed/fig04/official50_performance_phase_join.csv,,,,,,
flow/0000/022,,A,-0.0057901137301558,data/precomputed/fig04/official50_performance_phase_join.csv,,,,,,
flow/0000/023,,A,-0.0015761513763788,data/precomputed/fig04/official50_performance_phase_join.csv,,,,,,
flow/0000/024,,A,-0.0264661431514789,data/precomputed/fig04/official50_performance_phase_join.csv,,,,,,
flow/0000/025,,A,0.005784446014351,data/precomputed/fig04/official50_performance_phase_join.csv,,,,,,
flow/0000/026,,A,-0.0033550294219201,data/precomputed/fig04/official50_performance_phase_join.csv,,,,,,
flow/0000/027,,A,-0.0517527717741074,data/precomputed/fig04/official50_performance_phase_join.csv,,,,,,
flow/0000/028,,A,-0.0044399509215366,data/precomputed/fig04/official50_performance_phase_join.csv,,,,,,
flow/0000/029,,A,-0.0156292385373272,data/precomputed/fig04/official50_performance_phase_join.csv,,,,,,
flow/0000/030,,A,-0.0294563505071209,data/precomputed/fig04/official50_performance_phase_join.csv,,,,,,
flow/0000/031,,A,-0.0018643452813032,data/precomputed/fig04/official50_performance_phase_join.csv,,,,,,
flow/0000/032,,A,-0.002511191905309,data/precomputed/fig04/official50_performance_phase_join.csv,,,,,,
flow/0000/033,,A,-0.0025573633619501,data/precomputed/fig04/official50_performance_phase_join.csv,,,,,,
flow/0000/034,,A,-0.0079416286796814,data/precomputed/fig04/official50_performance_phase_join.csv,,,,,,
flow/0000/035,,A,-0.0082896727794402,data/precomputed/fig04/official50_performance_phase_join.csv,,,,,,
flow/0000/036,,A,-0.0645210486294679,data/precomputed/fig04/official50_performance_phase_join.csv,,,,,,
flow/0000/037,,A,-0.0149859058437658,data/precomputed/fig04/official50_performance_phase_join.csv,,,,,,
flow/0000/038,,A,0.0047033777878821,data/precomputed/fig04/official50_performance_phase_join.csv,,,,,,
flow/0000/039,,A,0.0029872198150853,data/precomputed/fig04/official50_performance_phase_join.csv,,,,,,
flow/0000/040,,A,-0.0031641403310249,data/precomputed/fig04/official50_performance_phase_join.csv,,,,,,
flow/0000/041,,A,0.0067298386687159,data/precomputed/fig04/official50_performance_phase_join.csv,,,,,,
flow/0000/042,,A,-0.0011967719322017,data/precomputed/fig04/official50_performance_phase_join.csv,,,,,,
flow/0000/043,,A,-0.0003199150441384,data/precomputed/fig04/official50_performance_phase_join.csv,,,,,,
flow/0000/044,,A,-0.005254136155594,data/precomputed/fig04/official50_performance_phase_join.csv,,,,,,
flow/0000/045,,A,0.0076927282105874,data/precomputed/fig04/official50_performance_phase_join.csv,,,,,,
flow/0000/046,,A,-0.0008469379923062,data/precomputed/fig04/official50_performance_phase_join.csv,,,,,,
flow/0000/047,,A,-0.007201528135794,data/precomputed/fig04/official50_performance_phase_join.csv,,,,,,
flow/0000/048,,A,-0.006924661844028,data/precomputed/fig04/official50_performance_phase_join.csv,,,,,,
flow/0000/049,,A,-0.0001705368738636,data/precomputed/fig04/official50_performance_phase_join.csv,,,,,,
flow/0000/000,,S,0.0003478870620215,data/precomputed/fig04/official50_performance_phase_join.csv,,,,,,
flow/0000/001,,S,-0.0013184993553412,data/precomputed/fig04/official50_performance_phase_join.csv,,,,,,
flow/0000/002,,S,0.012276677941258,data/precomputed/fig04/official50_performance_phase_join.csv,,,,,,
flow/0000/003,,S,0.0101523349911205,data/precomputed/fig04/official50_performance_phase_join.csv,,,,,,
flow/0000/004,,S,-0.0167749927781198,data/precomputed/fig04/official50_performance_phase_join.csv,,,,,,
flow/0000/005,,S,-0.0086463022965419,data/precomputed/fig04/official50_performance_phase_join.csv,,,,,,
flow/0000/006,,S,0.0076175090187848,data/precomputed/fig04/official50_performance_phase_join.csv,,,,,,
flow/0000/007,,S,-0.0054892114502338,data/precomputed/fig04/official50_performance_phase_join.csv,,,,,,
flow/0000/008,,S,-0.0024723426142878,data/precomputed/fig04/official50_performance_phase_join.csv,,,,,,
flow/0000/009,,S,0.0100098342205952,data/precomputed/fig04/official50_performance_phase_join.csv,,,,,,
flow/0000/010,,S,0.000824492562611,data/precomputed/fig04/official50_performance_phase_join.csv,,,,,,
flow/0000/011,,S,-0.0219727413521436,data/precomputed/fig04/official50_performance_phase_join.csv,,,,,,
flow/0000/012,,S,0.0256621407703995,data/precomputed/fig04/official50_performance_phase_join.csv,,,,,,
flow/0000/013,,S,-0.001032598537281,data/precomputed/fig04/official50_performance_phase_join.csv,,,,,,
flow/0000/014,,S,0.0166655366783469,data/precomputed/fig04/official50_performance_phase_join.csv,,,,,,
flow/0000/015,,S,0.0019916188222566,data/precomputed/fig04/official50_performance_phase_join.csv,,,,,,
flow/0000/016,,S,-0.0053525973290112,data/precomputed/fig04/official50_performance_phase_join.csv,,,,,,
flow/0000/017,,S,-0.0058738855685164,data/precomputed/fig04/official50_performance_phase_join.csv,,,,,,
flow/0000/018,,S,-0.0062152707997882,data/precomputed/fig04/official50_performance_phase_join.csv,,,,,,
flow/0000/019,,S,0.0313739541552685,data/precomputed/fig04/official50_performance_phase_join.csv,,,,,,
flow/0000/020,,S,-0.0048757360374556,data/precomputed/fig04/official50_performance_phase_join.csv,,,,,,
flow/0000/021,,S,-0.019227027255065,data/precomputed/fig04/official50_performance_phase_join.csv,,,,,,
flow/0000/022,,S,-0.0033866403136468,data/precomputed/fig04/official50_performance_phase_join.csv,,,,,,
flow/0000/023,,S,0.0082482438781254,data/precomputed/fig04/official50_performance_phase_join.csv,,,,,,
flow/0000/024,,S,0.008770869415312,data/precomputed/fig04/official50_performance_phase_join.csv,,,,,,
flow/0000/025,,S,0.0128613443696571,data/precomputed/fig04/official50_performance_phase_join.csv,,,,,,
flow/0000/026,,S,-0.0167636960187473,data/precomputed/fig04/official50_performance_phase_join.csv,,,,,,
flow/0000/027,,S,-0.0189011729736343,data/precomputed/fig04/official50_performance_phase_join.csv,,,,,,
flow/0000/028,,S,0.0008669452094721,data/precomputed/fig04/official50_performance_phase_join.csv,,,,,,
flow/0000/029,,S,0.029119000138559,data/precomputed/fig04/official50_performance_phase_join.csv,,,,,,
flow/0000/030,,S,-0.0119218809545022,data/precomputed/fig04/official50_performance_phase_join.csv,,,,,,
flow/0000/031,,S,0.0304431996925201,data/precomputed/fig04/official50_performance_phase_join.csv,,,,,,
flow/0000/032,,S,-0.0394758831258967,data/precomputed/fig04/official50_performance_phase_join.csv,,,,,,
flow/0000/033,,S,-0.0139148108353141,data/precomputed/fig04/official50_performance_phase_join.csv,,,,,,
flow/0000/034,,S,-0.0009370261686315,data/precomputed/fig04/official50_performance_phase_join.csv,,,,,,
flow/0000/035,,S,0.0181421142898853,data/precomputed/fig04/official50_performance_phase_join.csv,,,,,,
flow/0000/036,,S,0.0128389303405742,data/precomputed/fig04/official50_performance_phase_join.csv,,,,,,
flow/0000/037,,S,0.0086398349158777,data/precomputed/fig04/official50_performance_phase_join.csv,,,,,,
flow/0000/038,,S,0.0085143885621224,data/precomputed/fig04/official50_performance_phase_join.csv,,,,,,
flow/0000/039,,S,0.0112570882957099,data/precomputed/fig04/official50_performance_phase_join.csv,,,,,,
flow/0000/040,,S,-0.006767571727301,data/precomputed/fig04/official50_performance_phase_join.csv,,,,,,
flow/0000/041,,S,4.515091661997468e-05,data/precomputed/fig04/official50_performance_phase_join.csv,,,,,,
flow/0000/042,,S,-0.0052317668282961,data/precomputed/fig04/official50_performance_phase_join.csv,,,,,,
flow/0000/043,,S,-0.0018218898479399,data/precomputed/fig04/official50_performance_phase_join.csv,,,,,,
flow/0000/044,,S,0.0061316868162986,data/precomputed/fig04/official50_performance_phase_join.csv,,,,,,
flow/0000/045,,S,0.0304511285891035,data/precomputed/fig04/official50_performance_phase_join.csv,,,,,,
flow/0000/046,,S,-0.0120992577236223,data/precomputed/fig04/official50_performance_phase_join.csv,,,,,,
flow/0000/047,,S,-0.0137705096056673,data/precomputed/fig04/official50_performance_phase_join.csv,,,,,,
flow/0000/048,,S,0.0194788682440821,data/precomputed/fig04/official50_performance_phase_join.csv,,,,,,
flow/0000/049,,S,0.0102519099751805,data/precomputed/fig04/official50_performance_phase_join.csv,,,,,,
flow/0000/000,,M,0.0015142454311195,data/precomputed/fig04/official50_performance_phase_join.csv,,,,,,
flow/0000/001,,M,0.0001097663689719,data/precomputed/fig04/official50_performance_phase_join.csv,,,,,,
flow/0000/002,,M,-0.0005880526737834,data/precomputed/fig04/official50_performance_phase_join.csv,,,,,,
flow/0000/003,,M,0.0201326884423203,data/precomputed/fig04/official50_performance_phase_join.csv,,,,,,
flow/0000/004,,M,-0.0164577950495194,data/precomputed/fig04/official50_performance_phase_join.csv,,,,,,
flow/0000/005,,M,-0.0008901722452118,data/precomputed/fig04/official50_performance_phase_join.csv,,,,,,
flow/0000/006,,M,0.0132378859650357,data/precomputed/fig04/official50_performance_phase_join.csv,,,,,,
flow/0000/007,,M,-0.0042852372481364,data/precomputed/fig04/official50_performance_phase_join.csv,,,,,,
flow/0000/008,,M,0.003964453158042,data/precomputed/fig04/official50_performance_phase_join.csv,,,,,,
flow/0000/009,,M,-0.0018988322339163,data/precomputed/fig04/official50_performance_phase_join.csv,,,,,,
flow/0000/010,,M,-0.0001741750201301,data/precomputed/fig04/official50_performance_phase_join.csv,,,,,,
flow/0000/011,,M,-0.0196233202596317,data/precomputed/fig04/official50_performance_phase_join.csv,,,,,,
flow/0000/012,,M,-0.0056978025752024,data/precomputed/fig04/official50_performance_phase_join.csv,,,,,,
flow/0000/013,,M,0.0074688684656079,data/precomputed/fig04/official50_performance_phase_join.csv,,,,,,
flow/0000/014,,M,0.001402936680117,data/precomputed/fig04/official50_performance_phase_join.csv,,,,,,
flow/0000/015,,M,0.0069768996407317,data/precomputed/fig04/official50_performance_phase_join.csv,,,,,,
flow/0000/016,,M,0.0024893360851196,data/precomputed/fig04/official50_performance_phase_join.csv,,,,,,
flow/0000/017,,M,0.0273312017291887,data/precomputed/fig04/official50_performance_phase_join.csv,,,,,,
flow/0000/018,,M,0.0056775974904968,data/precomputed/fig04/official50_performance_phase_join.csv,,,,,,
flow/0000/019,,M,-0.017760696974171,data/precomputed/fig04/official50_performance_phase_join.csv,,,,,,
flow/0000/020,,M,0.0001753424209916,data/precomputed/fig04/official50_performance_phase_join.csv,,,,,,
flow/0000/021,,M,-0.0083805985152959,data/precomputed/fig04/official50_performance_phase_join.csv,,,,,,
flow/0000/022,,M,0.002403473416509,data/precomputed/fig04/official50_performance_phase_join.csv,,,,,,
flow/0000/023,,M,-0.0066720925017465,data/precomputed/fig04/official50_performance_phase_join.csv,,,,,,
flow/0000/024,,M,0.0176952737361669,data/precomputed/fig04/official50_performance_phase_join.csv,,,,,,
flow/0000/025,,M,-0.0070768983553061,data/precomputed/fig04/official50_performance_phase_join.csv,,,,,,
flow/0000/026,,M,-0.0134086665968271,data/precomputed/fig04/official50_performance_phase_join.csv,,,,,,
flow/0000/027,,M,0.032851598800473,data/precomputed/fig04/official50_performance_phase_join.csv,,,,,,
flow/0000/028,,M,0.0035730057120644,data/precomputed/fig04/official50_performance_phase_join.csv,,,,,,
flow/0000/029,,M,-0.0134897616012318,data/precomputed/fig04/official50_performance_phase_join.csv,,,,,,
flow/0000/030,,M,0.0175344695526187,data/precomputed/fig04/official50_performance_phase_join.csv,,,,,,
flow/0000/031,,M,-0.0285788544112169,data/precomputed/fig04/official50_performance_phase_join.csv,,,,,,
flow/0000/032,,M,-0.0369646912205877,data/precomputed/fig04/official50_performance_phase_join.csv,,,,,,
flow/0000/033,,M,-0.011357447473364,data/precomputed/fig04/official50_performance_phase_join.csv,,,,,,
flow/0000/034,,M,0.0070046025110499,data/precomputed/fig04/official50_performance_phase_join.csv,,,,,,
flow/0000/035,,M,-0.0098524415104451,data/precomputed/fig04/official50_performance_phase_join.csv,,,,,,
flow/0000/036,,M,0.0516821182888937,data/precomputed/fig04/official50_performance_phase_join.csv,,,,,,
flow/0000/037,,M,0.0063460709278881,data/precomputed/fig04/official50_performance_phase_join.csv,,,,,,
flow/0000/038,,M,-0.0038110107742402,data/precomputed/fig04/official50_performance_phase_join.csv,,,,,,
flow/0000/039,,M,-0.0082698684806245,data/precomputed/fig04/official50_performance_phase_join.csv,,,,,,
flow/0000/040,,M,-0.0036034313962761,data/precomputed/fig04/official50_performance_phase_join.csv,,,,,,
flow/0000/041,,M,0.0066846877520959,data/precomputed/fig04/official50_performance_phase_join.csv,,,,,,
flow/0000/042,,M,-0.0040349948960943,data/precomputed/fig04/official50_performance_phase_join.csv,,,,,,
flow/0000/043,,M,-0.0015019748038015,data/precomputed/fig04/official50_performance_phase_join.csv,,,,,,
flow/0000/044,,M,-0.0008775506607046,data/precomputed/fig04/official50_performance_phase_join.csv,,,,,,
flow/0000/045,,M,-0.0227584003785161,data/precomputed/fig04/official50_performance_phase_join.csv,,,,,,
flow/0000/046,,M,-0.0112523197313161,data/precomputed/fig04/official50_performance_phase_join.csv,,,,,,
flow/0000/047,,M,-0.0065689814698732,data/precomputed/fig04/official50_performance_phase_join.csv,,,,,,
flow/0000/048,,M,-0.0125542064000541,data/precomputed/fig04/official50_performance_phase_join.csv,,,,,,
flow/0000/049,,M,-0.0100813731013169,data/precomputed/fig04/official50_performance_phase_join.csv,,,,,,
flow/0000/000,,actual_reversal,1.0,data/precomputed/fig04/official50_performance_phase_join.csv,,,,,,
flow/0000/001,,actual_reversal,1.0,data/precomputed/fig04/official50_performance_phase_join.csv,,,,,,
flow/0000/002,,actual_reversal,0.0,data/precomputed/fig04/official50_performance_phase_join.csv,,,,,,
flow/0000/003,,actual_reversal,1.0,data/precomputed/fig04/official50_performance_phase_join.csv,,,,,,
flow/0000/004,,actual_reversal,0.0,data/precomputed/fig04/official50_performance_phase_join.csv,,,,,,
flow/0000/005,,actual_reversal,0.0,data/precomputed/fig04/official50_performance_phase_join.csv,,,,,,
flow/0000/006,,actual_reversal,1.0,data/precomputed/fig04/official50_performance_phase_join.csv,,,,,,
flow/0000/007,,actual_reversal,0.0,data/precomputed/fig04/official50_performance_phase_join.csv,,,,,,
flow/0000/008,,actual_reversal,1.0,data/precomputed/fig04/official50_performance_phase_join.csv,,,,,,
flow/0000/009,,actual_reversal,0.0,data/precomputed/fig04/official50_performance_phase_join.csv,,,,,,
flow/0000/010,,actual_reversal,0.0,data/precomputed/fig04/official50_performance_phase_join.csv,,,,,,
flow/0000/011,,actual_reversal,0.0,data/precomputed/fig04/official50_performance_phase_join.csv,,,,,,
flow/0000/012,,actual_reversal,0.0,data/precomputed/fig04/official50_performance_phase_join.csv,,,,,,
flow/0000/013,,actual_reversal,1.0,data/precomputed/fig04/official50_performance_phase_join.csv,,,,,,
flow/0000/014,,actual_reversal,1.0,data/precomputed/fig04/official50_performance_phase_join.csv,,,,,,
flow/0000/015,,actual_reversal,1.0,data/precomputed/fig04/official50_performance_phase_join.csv,,,,,,
flow/0000/016,,actual_reversal,1.0,data/precomputed/fig04/official50_performance_phase_join.csv,,,,,,
flow/0000/017,,actual_reversal,1.0,data/precomputed/fig04/official50_performance_phase_join.csv,,,,,,
flow/0000/018,,actual_reversal,1.0,data/precomputed/fig04/official50_performance_phase_join.csv,,,,,,
flow/0000/019,,actual_reversal,0.0,data/precomputed/fig04/official50_performance_phase_join.csv,,,,,,
flow/0000/020,,actual_reversal,1.0,data/precomputed/fig04/official50_performance_phase_join.csv,,,,,,
flow/0000/021,,actual_reversal,0.0,data/precomputed/fig04/official50_performance_phase_join.csv,,,,,,
flow/0000/022,,actual_reversal,1.0,data/precomputed/fig04/official50_performance_phase_join.csv,,,,,,
flow/0000/023,,actual_reversal,0.0,data/precomputed/fig04/official50_performance_phase_join.csv,,,,,,
flow/0000/024,,actual_reversal,1.0,data/precomputed/fig04/official50_performance_phase_join.csv,,,,,,
flow/0000/025,,actual_reversal,0.0,data/precomputed/fig04/official50_performance_phase_join.csv,,,,,,
flow/0000/026,,actual_reversal,0.0,data/precomputed/fig04/official50_performance_phase_join.csv,,,,,,
flow/0000/027,,actual_reversal,1.0,data/precomputed/fig04/official50_performance_phase_join.csv,,,,,,
flow/0000/028,,actual_reversal,1.0,data/precomputed/fig04/official50_performance_phase_join.csv,,,,,,
flow/0000/029,,actual_reversal,0.0,data/precomputed/fig04/official50_performance_phase_join.csv,,,,,,
flow/0000/030,,actual_reversal,1.0,data/precomputed/fig04/official50_performance_phase_join.csv,,,,,,
flow/0000/031,,actual_reversal,0.0,data/precomputed/fig04/official50_performance_phase_join.csv,,,,,,
flow/0000/032,,actual_reversal,0.0,data/precomputed/fig04/official50_performance_phase_join.csv,,,,,,
flow/0000/033,,actual_reversal,0.0,data/precomputed/fig04/official50_performance_phase_join.csv,,,,,,
flow/0000/034,,actual_reversal,1.0,data/precomputed/fig04/official50_performance_phase_join.csv,,,,,,
flow/0000/035,,actual_reversal,0.0,data/precomputed/fig04/official50_performance_phase_join.csv,,,,,,
flow/0000/036,,actual_reversal,1.0,data/precomputed/fig04/official50_performance_phase_join.csv,,,,,,
flow/0000/037,,actual_reversal,1.0,data/precomputed/fig04/official50_performance_phase_join.csv,,,,,,
flow/0000/038,,actual_reversal,0.0,data/precomputed/fig04/official50_performance_phase_join.csv,,,,,,
flow/0000/039,,actual_reversal,0.0,data/precomputed/fig04/official50_performance_phase_join.csv,,,,,,
flow/0000/040,,actual_reversal,0.0,data/precomputed/fig04/official50_performance_phase_join.csv,,,,,,
flow/0000/041,,actual_reversal,1.0,data/precomputed/fig04/official50_performance_phase_join.csv,,,,,,
flow/0000/042,,actual_reversal,0.0,data/precomputed/fig04/official50_performance_phase_join.csv,,,,,,
flow/0000/043,,actual_reversal,0.0,data/precomputed/fig04/official50_performance_phase_join.csv,,,,,,
flow/0000/044,,actual_reversal,0.0,data/precomputed/fig04/official50_performance_phase_join.csv,,,,,,
flow/0000/045,,actual_reversal,0.0,data/precomputed/fig04/official50_performance_phase_join.csv,,,,,,
flow/0000/046,,actual_reversal,0.0,data/precomputed/fig04/official50_performance_phase_join.csv,,,,,,
flow/0000/047,,actual_reversal,0.0,data/precomputed/fig04/official50_performance_phase_join.csv,,,,,,
flow/0000/048,,actual_reversal,0.0,data/precomputed/fig04/official50_performance_phase_join.csv,,,,,,
flow/0000/049,,actual_reversal,0.0,data/precomputed/fig04/official50_performance_phase_join.csv,,,,,,
flow/0000/000,,abs_A,0.0018621324931411,data/precomputed/fig04/official50_performance_phase_join.csv,,,,,,
flow/0000/001,,abs_A,0.0014282657243132,data/precomputed/fig04/official50_performance_phase_join.csv,,,,,,
flow/0000/002,,abs_A,0.0116886252674745,data/precomputed/fig04/official50_performance_phase_join.csv,,,,,,
flow/0000/003,,abs_A,0.0302850234334409,data/precomputed/fig04/official50_performance_phase_join.csv,,,,,,
flow/0000/004,,abs_A,0.0003171977286004,data/precomputed/fig04/official50_performance_phase_join.csv,,,,,,
flow/0000/005,,abs_A,0.0077561300513301,data/precomputed/fig04/official50_performance_phase_join.csv,,,,,,
flow/0000/006,,abs_A,0.0208553949838205,data/precomputed/fig04/official50_performance_phase_join.csv,,,,,,
flow/0000/007,,abs_A,0.0012039742020973,data/precomputed/fig04/official50_performance_phase_join.csv,,,,,,
flow/0000/008,,abs_A,0.0064367957723298,data/precomputed/fig04/official50_performance_phase_join.csv,,,,,,
flow/0000/009,,abs_A,0.0081110019866789,data/precomputed/fig04/official50_performance_phase_join.csv,,,,,,
flow/0000/010,,abs_A,0.0006503175424808,data/precomputed/fig04/official50_performance_phase_join.csv,,,,,,
flow/0000/011,,abs_A,0.0023494210925118,data/precomputed/fig04/official50_performance_phase_join.csv,,,,,,
flow/0000/012,,abs_A,0.0199643381951971,data/precomputed/fig04/official50_performance_phase_join.csv,,,,,,
flow/0000/013,,abs_A,0.008501467002889,data/precomputed/fig04/official50_performance_phase_join.csv,,,,,,
flow/0000/014,,abs_A,0.018068473358464,data/precomputed/fig04/official50_performance_phase_join.csv,,,,,,
flow/0000/015,,abs_A,0.0089685184629883,data/precomputed/fig04/official50_performance_phase_join.csv,,,,,,
flow/0000/016,,abs_A,0.0078419334141309,data/precomputed/fig04/official50_performance_phase_join.csv,,,,,,
flow/0000/017,,abs_A,0.0332050872977052,data/precomputed/fig04/official50_performance_phase_join.csv,,,,,,
flow/0000/018,,abs_A,0.011892868290285,data/precomputed/fig04/official50_performance_phase_join.csv,,,,,,
flow/0000/019,,abs_A,0.0136132571810974,data/precomputed/fig04/official50_performance_phase_join.csv,,,,,,
flow/0000/020,,abs_A,0.0050510784584472,data/precomputed/fig04/official50_performance_phase_join.csv,,,,,,
flow/0000/021,,abs_A,0.0108464287397691,data/precomputed/fig04/official50_performance_phase_join.csv,,,,,,
flow/0000/022,,abs_A,0.0057901137301558,data/precomputed/fig04/official50_performance_phase_join.csv,,,,,,
flow/0000/023,,abs_A,0.0015761513763788,data/precomputed/fig04/official50_performance_phase_join.csv,,,,,,
flow/0000/024,,abs_A,0.0264661431514789,data/precomputed/fig04/official50_performance_phase_join.csv,,,,,,
flow/0000/025,,abs_A,0.005784446014351,data/precomputed/fig04/official50_performance_phase_join.csv,,,,,,
flow/0000/026,,abs_A,0.0033550294219201,data/precomputed/fig04/official50_performance_phase_join.csv,,,,,,
flow/0000/027,,abs_A,0.0517527717741074,data/precomputed/fig04/official50_performance_phase_join.csv,,,,,,
flow/0000/028,,abs_A,0.0044399509215366,data/precomputed/fig04/official50_performance_phase_join.csv,,,,,,
flow/0000/029,,abs_A,0.0156292385373272,data/precomputed/fig04/official50_performance_phase_join.csv,,,,,,
flow/0000/030,,abs_A,0.0294563505071209,data/precomputed/fig04/official50_performance_phase_join.csv,,,,,,
flow/0000/031,,abs_A,0.0018643452813032,data/precomputed/fig04/official50_performance_phase_join.csv,,,,,,
flow/0000/032,,abs_A,0.002511191905309,data/precomputed/fig04/official50_performance_phase_join.csv,,,,,,
flow/0000/033,,abs_A,0.0025573633619501,data/precomputed/fig04/official50_performance_phase_join.csv,,,,,,
flow/0000/034,,abs_A,0.0079416286796814,data/precomputed/fig04/official50_performance_phase_join.csv,,,,,,
flow/0000/035,,abs_A,0.0082896727794402,data/precomputed/fig04/official50_performance_phase_join.csv,,,,,,
flow/0000/036,,abs_A,0.0645210486294679,data/precomputed/fig04/official50_performance_phase_join.csv,,,,,,
flow/0000/037,,abs_A,0.0149859058437658,data/precomputed/fig04/official50_performance_phase_join.csv,,,,,,
flow/0000/038,,abs_A,0.0047033777878821,data/precomputed/fig04/official50_performance_phase_join.csv,,,,,,
flow/0000/039,,abs_A,0.0029872198150853,data/precomputed/fig04/official50_performance_phase_join.csv,,,,,,
flow/0000/040,,abs_A,0.0031641403310249,data/precomputed/fig04/official50_performance_phase_join.csv,,,,,,
flow/0000/041,,abs_A,0.0067298386687159,data/precomputed/fig04/official50_performance_phase_join.csv,,,,,,
flow/0000/042,,abs_A,0.0011967719322017,data/precomputed/fig04/official50_performance_phase_join.csv,,,,,,
flow/0000/043,,abs_A,0.0003199150441384,data/precomputed/fig04/official50_performance_phase_join.csv,,,,,,
flow/0000/044,,abs_A,0.005254136155594,data/precomputed/fig04/official50_performance_phase_join.csv,,,,,,
flow/0000/045,,abs_A,0.0076927282105874,data/precomputed/fig04/official50_performance_phase_join.csv,,,,,,
flow/0000/046,,abs_A,0.0008469379923062,data/precomputed/fig04/official50_performance_phase_join.csv,,,,,,
flow/0000/047,,abs_A,0.007201528135794,data/precomputed/fig04/official50_performance_phase_join.csv,,,,,,
flow/0000/048,,abs_A,0.006924661844028,data/precomputed/fig04/official50_performance_phase_join.csv,,,,,,
flow/0000/049,,abs_A,0.0001705368738636,data/precomputed/fig04/official50_performance_phase_join.csv,,,,,,
flow/0000/000,,normalized_SD,0.0242426891027111,data/precomputed/fig04/official50_performance_phase_join.csv,,,,,,
flow/0000/001,,normalized_SD,0.0119917574513185,data/precomputed/fig04/official50_performance_phase_join.csv,,,,,,
flow/0000/002,,normalized_SD,0.0468877122266322,data/precomputed/fig04/official50_performance_phase_join.csv,,,,,,
flow/0000/003,,normalized_SD,0.0636545448084993,data/precomputed/fig04/official50_performance_phase_join.csv,,,,,,
flow/0000/004,,normalized_SD,0.0462766220195551,data/precomputed/fig04/official50_performance_phase_join.csv,,,,,,
flow/0000/005,,normalized_SD,0.0863494797075743,data/precomputed/fig04/official50_performance_phase_join.csv,,,,,,
flow/0000/006,,normalized_SD,0.0527993305351949,data/precomputed/fig04/official50_performance_phase_join.csv,,,,,,
flow/0000/007,,normalized_SD,0.0317624098700209,data/precomputed/fig04/official50_performance_phase_join.csv,,,,,,
flow/0000/008,,normalized_SD,0.0378621044623183,data/precomputed/fig04/official50_performance_phase_join.csv,,,,,,
flow/0000/009,,normalized_SD,0.058604723280721,data/precomputed/fig04/official50_performance_phase_join.csv,,,,,,
flow/0000/010,,normalized_SD,0.035663628679551,data/precomputed/fig04/official50_performance_phase_join.csv,,,,,,
flow/0000/011,,normalized_SD,0.0150869631913686,data/precomputed/fig04/official50_performance_phase_join.csv,,,,,,
flow/0000/012,,normalized_SD,0.0225391495022346,data/precomputed/fig04/official50_performance_phase_join.csv,,,,,,
flow/0000/013,,normalized_SD,0.042825633772102,data/precomputed/fig04/official50_performance_phase_join.csv,,,,,,
flow/0000/014,,normalized_SD,0.030628657956456,data/precomputed/fig04/official50_performance_phase_join.csv,,,,,,
flow/0000/015,,normalized_SD,0.0150247521296138,data/precomputed/fig04/official50_performance_phase_join.csv,,,,,,
flow/0000/016,,normalized_SD,0.0575219664703822,data/precomputed/fig04/official50_performance_phase_join.csv,,,,,,
flow/0000/017,,normalized_SD,0.0310561510147599,data/precomputed/fig04/official50_performance_phase_join.csv,,,,,,
flow/0000/018,,normalized_SD,0.0417459124363029,data/precomputed/fig04/official50_performance_phase_join.csv,,,,,,
flow/0000/019,,normalized_SD,0.0252976206666787,data/precomputed/fig04/official50_performance_phase_join.csv,,,,,,
flow/0000/020,,normalized_SD,0.027448971218354,data/precomputed/fig04/official50_performance_phase_join.csv,,,,,,
flow/0000/021,,normalized_SD,0.0284686853183653,data/precomputed/fig04/official50_performance_phase_join.csv,,,,,,
flow/0000/022,,normalized_SD,0.068418741635193,data/precomputed/fig04/official50_performance_phase_join.csv,,,,,,
flow/0000/023,,normalized_SD,0.0144171809000778,data/precomputed/fig04/official50_performance_phase_join.csv,,,,,,
flow/0000/024,,normalized_SD,0.0374578214012279,data/precomputed/fig04/official50_performance_phase_join.csv,,,,,,
flow/0000/025,,normalized_SD,0.0210728521033393,data/precomputed/fig04/official50_performance_phase_join.csv,,,,,,
flow/0000/026,,normalized_SD,0.0509062869417979,data/precomputed/fig04/official50_performance_phase_join.csv,,,,,,
flow/0000/027,,normalized_SD,0.0572047577989913,data/precomputed/fig04/official50_performance_phase_join.csv,,,,,,
flow/0000/028,,normalized_SD,0.0181294886562593,data/precomputed/fig04/official50_performance_phase_join.csv,,,,,,
flow/0000/029,,normalized_SD,0.0109448933396581,data/precomputed/fig04/official50_performance_phase_join.csv,,,,,,
flow/0000/030,,normalized_SD,0.022643070381179,data/precomputed/fig04/official50_performance_phase_join.csv,,,,,,
flow/0000/031,,normalized_SD,0.0317195396173906,data/precomputed/fig04/official50_performance_phase_join.csv,,,,,,
flow/0000/032,,normalized_SD,0.0206936525565039,data/precomputed/fig04/official50_performance_phase_join.csv,,,,,,
flow/0000/033,,normalized_SD,0.0247188225909054,data/precomputed/fig04/official50_performance_phase_join.csv,,,,,,
flow/0000/034,,normalized_SD,0.0368398382160528,data/precomputed/fig04/official50_performance_phase_join.csv,,,,,,
flow/0000/035,,normalized_SD,0.0185902126619344,data/precomputed/fig04/official50_performance_phase_join.csv,,,,,,
flow/0000/036,,normalized_SD,0.0136941979365627,data/precomputed/fig04/official50_performance_phase_join.csv,,,,,,
flow/0000/037,,normalized_SD,0.0323256813143073,data/precomputed/fig04/official50_performance_phase_join.csv,,,,,,
flow/0000/038,,normalized_SD,0.0243593081336741,data/precomputed/fig04/official50_performance_phase_join.csv,,,,,,
flow/0000/039,,normalized_SD,0.1015922986496824,data/precomputed/fig04/official50_performance_phase_join.csv,,,,,,
flow/0000/040,,normalized_SD,0.0161850913544711,data/precomputed/fig04/official50_performance_phase_join.csv,,,,,,
flow/0000/041,,normalized_SD,0.0293497353121347,data/precomputed/fig04/official50_performance_phase_join.csv,,,,,,
flow/0000/042,,normalized_SD,0.0268084460212673,data/precomputed/fig04/official50_performance_phase_join.csv,,,,,,
flow/0000/043,,normalized_SD,0.00910684202115,data/precomputed/fig04/official50_performance_phase_join.csv,,,,,,
flow/0000/044,,normalized_SD,0.0153061051805928,data/precomputed/fig04/official50_performance_phase_join.csv,,,,,,
flow/0000/045,,normalized_SD,0.012083870367236,data/precomputed/fig04/official50_performance_phase_join.csv,,,,,,
flow/0000/046,,normalized_SD,0.0088162002561213,data/precomputed/fig04/official50_performance_phase_join.csv,,,,,,
flow/0000/047,,normalized_SD,0.0272482639726017,data/precomputed/fig04/official50_performance_phase_join.csv,,,,,,
flow/0000/048,,normalized_SD,0.0117796138826906,data/precomputed/fig04/official50_performance_phase_join.csv,,,,,,
flow/0000/049,,normalized_SD,0.0027972540664148,data/precomputed/fig04/official50_performance_phase_join.csv,,,,,,
,,A,1.1227482154451744e-09,data/precomputed/fig05/learning_fixed_control_pairs.csv,MIDD,,,,0.0,0.0
,,A,-1.0690791078572204e-06,data/precomputed/fig05/learning_fixed_control_pairs.csv,shuffle,,,,0.0,0.0
,,A,-6.624931179714116e-11,data/precomputed/fig05/learning_fixed_control_pairs.csv,negative,,,,0.0,0.0
,,A,,data/precomputed/fig05/learning_fixed_control_pairs.csv,uniform singleton,,,,0.0,0.0
,,A,1.8971898882350015e-05,data/precomputed/fig05/learning_fixed_control_pairs.csv,MIDD,,,,0.0,10000.0
,,A,-0.0025359975132574,data/precomputed/fig05/learning_fixed_control_pairs.csv,shuffle,,,,0.0,10000.0
,,A,0.0002597578508556,data/precomputed/fig05/learning_fixed_control_pairs.csv,negative,,,,0.0,10000.0
,,A,,data/precomputed/fig05/learning_fixed_control_pairs.csv,uniform singleton,,,,0.0,10000.0
,,A,-0.0259097637700449,data/precomputed/fig05/learning_fixed_control_pairs.csv,MIDD,,,,0.0,50000.0
,,A,-0.0155378345884297,data/precomputed/fig05/learning_fixed_control_pairs.csv,shuffle,,,,0.0,50000.0
,,A,-0.0026399973735341,data/precomputed/fig05/learning_fixed_control_pairs.csv,negative,,,,0.0,50000.0
,,A,,data/precomputed/fig05/learning_fixed_control_pairs.csv,uniform singleton,,,,0.0,50000.0
,,A,-0.0140999250153083,data/precomputed/fig05/learning_fixed_control_pairs.csv,MIDD,,,,0.0,100000.0
,,A,-0.0032938443756777,data/precomputed/fig05/learning_fixed_control_pairs.csv,shuffle,,,,0.0,100000.0
,,A,-0.0092920289073618,data/precomputed/fig05/learning_fixed_control_pairs.csv,negative,,,,0.0,100000.0
,,A,,data/precomputed/fig05/learning_fixed_control_pairs.csv,uniform singleton,,,,0.0,100000.0
,,A,8.130956915081913e-10,data/precomputed/fig05/learning_fixed_control_pairs.csv,MIDD,,,,1.0,0.0
,,A,-1.067745347717382e-06,data/precomputed/fig05/learning_fixed_control_pairs.csv,shuffle,,,,1.0,0.0
,,A,-3.853137693011674e-10,data/precomputed/fig05/learning_fixed_control_pairs.csv,negative,,,,1.0,0.0
,,A,,data/precomputed/fig05/learning_fixed_control_pairs.csv,uniform singleton,,,,1.0,0.0
,,A,3.3961256987249944e-05,data/precomputed/fig05/learning_fixed_control_pairs.csv,MIDD,,,,1.0,10000.0
,,A,-0.0024867369482233,data/precomputed/fig05/learning_fixed_control_pairs.csv,shuffle,,,,1.0,10000.0
,,A,0.0003869665979153,data/precomputed/fig05/learning_fixed_control_pairs.csv,negative,,,,1.0,10000.0
,,A,,data/precomputed/fig05/learning_fixed_control_pairs.csv,uniform singleton,,,,1.0,10000.0
,,A,-0.0367779737029686,data/precomputed/fig05/learning_fixed_control_pairs.csv,MIDD,,,,1.0,50000.0
,,A,0.0222200744722432,data/precomputed/fig05/learning_fixed_control_pairs.csv,shuffle,,,,1.0,50000.0
,,A,-0.0292263099994349,data/precomputed/fig05/learning_fixed_control_pairs.csv,negative,,,,1.0,50000.0
,,A,,data/precomputed/fig05/learning_fixed_control_pairs.csv,uniform singleton,,,,1.0,50000.0
,,A,-0.0196741054429282,data/precomputed/fig05/learning_fixed_control_pairs.csv,MIDD,,,,1.0,100000.0
,,A,-0.0118571912473714,data/precomputed/fig05/learning_fixed_control_pairs.csv,shuffle,,,,1.0,100000.0
,,A,-0.0231722218323636,data/precomputed/fig05/learning_fixed_control_pairs.csv,negative,,,,1.0,100000.0
,,A,,data/precomputed/fig05/learning_fixed_control_pairs.csv,uniform singleton,,,,1.0,100000.0
,,A,1.851083792329486e-09,data/precomputed/fig05/learning_fixed_control_pairs.csv,MIDD,,,,2.0,0.0
,,A,-1.069843756959486e-06,data/precomputed/fig05/learning_fixed_control_pairs.csv,shuffle,,,,2.0,0.0
,,A,-1.1294131765442702e-09,data/precomputed/fig05/learning_fixed_control_pairs.csv,negative,,,,2.0,0.0
,,A,,data/precomputed/fig05/learning_fixed_control_pairs.csv,uniform singleton,,,,2.0,0.0
,,A,3.597155814429997e-05,data/precomputed/fig05/learning_fixed_control_pairs.csv,MIDD,,,,2.0,10000.0
,,A,-0.0021114695821065,data/precomputed/fig05/learning_fixed_control_pairs.csv,shuffle,,,,2.0,10000.0
,,A,0.0002349606476451,data/precomputed/fig05/learning_fixed_control_pairs.csv,negative,,,,2.0,10000.0
,,A,,data/precomputed/fig05/learning_fixed_control_pairs.csv,uniform singleton,,,,2.0,10000.0
,,A,-0.0164642886186489,data/precomputed/fig05/learning_fixed_control_pairs.csv,MIDD,,,,2.0,50000.0
,,A,0.0011609086514277,data/precomputed/fig05/learning_fixed_control_pairs.csv,shuffle,,,,2.0,50000.0
,,A,-0.0073599625939031,data/precomputed/fig05/learning_fixed_control_pairs.csv,negative,,,,2.0,50000.0
,,A,,data/precomputed/fig05/learning_fixed_control_pairs.csv,uniform singleton,,,,2.0,50000.0
,,A,-0.0030750468691322,data/precomputed/fig05/learning_fixed_control_pairs.csv,MIDD,,,,2.0,100000.0
,,A,0.0053433861016858,data/precomputed/fig05/learning_fixed_control_pairs.csv,shuffle,,,,2.0,100000.0
,,A,-0.0283290297095539,data/precomputed/fig05/learning_fixed_control_pairs.csv,negative,,,,2.0,100000.0
,,A,,data/precomputed/fig05/learning_fixed_control_pairs.csv,uniform singleton,,,,2.0,100000.0
,,A,1.4828308127396332e-09,data/precomputed/fig05/learning_fixed_control_pairs.csv,MIDD,,,,3.0,0.0
,,A,-1.0694821275778403e-06,data/precomputed/fig05/learning_fixed_control_pairs.csv,shuffle,,,,3.0,0.0
,,A,-5.462815651580614e-10,data/precomputed/fig05/learning_fixed_control_pairs.csv,negative,,,,3.0,0.0
,,A,,data/precomputed/fig05/learning_fixed_control_pairs.csv,uniform singleton,,,,3.0,0.0
,,A,7.416208188839972e-05,data/precomputed/fig05/learning_fixed_control_pairs.csv,MIDD,,,,3.0,10000.0
,,A,-0.0030605999042525,data/precomputed/fig05/learning_fixed_control_pairs.csv,shuffle,,,,3.0,10000.0
,,A,0.0002115974745023,data/precomputed/fig05/learning_fixed_control_pairs.csv,negative,,,,3.0,10000.0
,,A,,data/precomputed/fig05/learning_fixed_control_pairs.csv,uniform singleton,,,,3.0,10000.0
,,A,0.001498671384241,data/precomputed/fig05/learning_fixed_control_pairs.csv,MIDD,,,,3.0,50000.0
,,A,-0.0133384503531059,data/precomputed/fig05/learning_fixed_control_pairs.csv,shuffle,,,,3.0,50000.0
,,A,-0.0035256583752805,data/precomputed/fig05/learning_fixed_control_pairs.csv,negative,,,,3.0,50000.0
,,A,,data/precomputed/fig05/learning_fixed_control_pairs.csv,uniform singleton,,,,3.0,50000.0
,,A,-0.0005433236592069,data/precomputed/fig05/learning_fixed_control_pairs.csv,MIDD,,,,3.0,100000.0
,,A,0.0004205687541701,data/precomputed/fig05/learning_fixed_control_pairs.csv,shuffle,,,,3.0,100000.0
,,A,0.0031798617939217,data/precomputed/fig05/learning_fixed_control_pairs.csv,negative,,,,3.0,100000.0
,,A,,data/precomputed/fig05/learning_fixed_control_pairs.csv,uniform singleton,,,,3.0,100000.0
,,A,-1.3385298320173775e-10,data/precomputed/fig05/learning_fixed_control_pairs.csv,MIDD,,,,4.0,0.0
,,A,-1.0643897969373889e-06,data/precomputed/fig05/learning_fixed_control_pairs.csv,shuffle,,,,4.0,0.0
,,A,3.6782294141484725e-10,data/precomputed/fig05/learning_fixed_control_pairs.csv,negative,,,,4.0,0.0
,,A,,data/precomputed/fig05/learning_fixed_control_pairs.csv,uniform singleton,,,,4.0,0.0
,,A,4.408653038774982e-05,data/precomputed/fig05/learning_fixed_control_pairs.csv,MIDD,,,,4.0,10000.0
,,A,-0.0046760168039738,data/precomputed/fig05/learning_fixed_control_pairs.csv,shuffle,,,,4.0,10000.0
,,A,0.0002659796907398,data/precomputed/fig05/learning_fixed_control_pairs.csv,negative,,,,4.0,10000.0
,,A,,data/precomputed/fig05/learning_fixed_control_pairs.csv,uniform singleton,,,,4.0,10000.0
,,A,-0.0043948386702522,data/precomputed/fig05/learning_fixed_control_pairs.csv,MIDD,,,,4.0,50000.0
,,A,0.0032020847729996,data/precomputed/fig05/learning_fixed_control_pairs.csv,shuffle,,,,4.0,50000.0
,,A,-0.0023760650346718,data/precomputed/fig05/learning_fixed_control_pairs.csv,negative,,,,4.0,50000.0
,,A,,data/precomputed/fig05/learning_fixed_control_pairs.csv,uniform singleton,,,,4.0,50000.0
,,A,-0.0018382613080304,data/precomputed/fig05/learning_fixed_control_pairs.csv,MIDD,,,,4.0,100000.0
,,A,0.0140628530838013,data/precomputed/fig05/learning_fixed_control_pairs.csv,shuffle,,,,4.0,100000.0
,,A,0.0047323864880565,data/precomputed/fig05/learning_fixed_control_pairs.csv,negative,,,,4.0,100000.0
,,A,,data/precomputed/fig05/learning_fixed_control_pairs.csv,uniform singleton,,,,4.0,100000.0
,,A,2.0353098996042727e-09,data/precomputed/fig05/learning_fixed_control_pairs.csv,MIDD,,,,5.0,0.0
,,A,-1.0669800301002716e-06,data/precomputed/fig05/learning_fixed_control_pairs.csv,shuffle,,,,5.0,0.0
,,A,2.661594365467834e-10,data/precomputed/fig05/learning_fixed_control_pairs.csv,negative,,,,5.0,0.0
,,A,,data/precomputed/fig05/learning_fixed_control_pairs.csv,uniform singleton,,,,5.0,0.0
,,A,2.8778688109150092e-05,data/precomputed/fig05/learning_fixed_control_pairs.csv,MIDD,,,,5.0,10000.0
,,A,-0.0053902920033746,data/precomputed/fig05/learning_fixed_control_pairs.csv,shuffle,,,,5.0,10000.0
,,A,0.0004368430669747,data/precomputed/fig05/learning_fixed_control_pairs.csv,negative,,,,5.0,10000.0
,,A,,data/precomputed/fig05/learning_fixed_control_pairs.csv,uniform singleton,,,,5.0,10000.0
,,A,-0.0018925261247851,data/precomputed/fig05/learning_fixed_control_pairs.csv,MIDD,,,,5.0,50000.0
,,A,-0.0168569289503917,data/precomputed/fig05/learning_fixed_control_pairs.csv,shuffle,,,,5.0,50000.0
,,A,0.0029201208884795,data/precomputed/fig05/learning_fixed_control_pairs.csv,negative,,,,5.0,50000.0
,,A,,data/precomputed/fig05/learning_fixed_control_pairs.csv,uniform singleton,,,,5.0,50000.0
,,A,-0.0095904583959546,data/precomputed/fig05/learning_fixed_control_pairs.csv,MIDD,,,,5.0,100000.0
,,A,-0.0133036375058612,data/precomputed/fig05/learning_fixed_control_pairs.csv,shuffle,,,,5.0,100000.0
,,A,0.0210004524401399,data/precomputed/fig05/learning_fixed_control_pairs.csv,negative,,,,5.0,100000.0
,,A,,data/precomputed/fig05/learning_fixed_control_pairs.csv,uniform singleton,,,,5.0,100000.0
,,A,1.705821716036087e-09,data/precomputed/fig05/learning_fixed_control_pairs.csv,MIDD,,,,6.0,0.0
,,A,-1.068078166659608e-06,data/precomputed/fig05/learning_fixed_control_pairs.csv,shuffle,,,,6.0,0.0
,,A,-4.363565809208038e-11,data/precomputed/fig05/learning_fixed_control_pairs.csv,negative,,,,6.0,0.0
,,A,,data/precomputed/fig05/learning_fixed_control_pairs.csv,uniform singleton,,,,6.0,0.0
,,A,-1.4741009257999505e-06,data/precomputed/fig05/learning_fixed_control_pairs.csv,MIDD,,,,6.0,10000.0
,,A,-0.0033735662676913,data/precomputed/fig05/learning_fixed_control_pairs.csv,shuffle,,,,6.0,10000.0
,,A,0.0003128180202611,data/precomputed/fig05/learning_fixed_control_pairs.csv,negative,,,,6.0,10000.0
,,A,,data/precomputed/fig05/learning_fixed_control_pairs.csv,uniform singleton,,,,6.0,10000.0
,,A,-0.017437835950601,data/precomputed/fig05/learning_fixed_control_pairs.csv,MIDD,,,,6.0,50000.0
,,A,-0.0550410606783369,data/precomputed/fig05/learning_fixed_control_pairs.csv,shuffle,,,,6.0,50000.0
,,A,0.0028883235576627,data/precomputed/fig05/learning_fixed_control_pairs.csv,negative,,,,6.0,50000.0
,,A,,data/precomputed/fig05/learning_fixed_control_pairs.csv,uniform singleton,,,,6.0,50000.0
,,A,-0.0216709075658879,data/precomputed/fig05/learning_fixed_control_pairs.csv,MIDD,,,,6.0,100000.0
,,A,-0.0270276880487109,data/precomputed/fig05/learning_fixed_control_pairs.csv,shuffle,,,,6.0,100000.0
,,A,0.0034959188779906,data/precomputed/fig05/learning_fixed_control_pairs.csv,negative,,,,6.0,100000.0
,,A,,data/precomputed/fig05/learning_fixed_control_pairs.csv,uniform singleton,,,,6.0,100000.0
,,A,5.879687145299104e-10,data/precomputed/fig05/learning_fixed_control_pairs.csv,MIDD,,,,7.0,0.0
,,A,-1.0685123526291783e-06,data/precomputed/fig05/learning_fixed_control_pairs.csv,shuffle,,,,7.0,0.0
,,A,1.3462812424792263e-10,data/precomputed/fig05/learning_fixed_control_pairs.csv,negative,,,,7.0,0.0
,,A,,data/precomputed/fig05/learning_fixed_control_pairs.csv,uniform singleton,,,,7.0,0.0
,,A,4.8900162038550054e-05,data/precomputed/fig05/learning_fixed_control_pairs.csv,MIDD,,,,7.0,10000.0
,,A,-0.0046891259997105,data/precomputed/fig05/learning_fixed_control_pairs.csv,shuffle,,,,7.0,10000.0
,,A,0.0003563029298434,data/precomputed/fig05/learning_fixed_control_pairs.csv,negative,,,,7.0,10000.0
,,A,,data/precomputed/fig05/learning_fixed_control_pairs.csv,uniform singleton,,,,7.0,10000.0
,,A,-0.0011864542559209,data/precomputed/fig05/learning_fixed_control_pairs.csv,MIDD,,,,7.0,50000.0
,,A,0.0033069071226545,data/precomputed/fig05/learning_fixed_control_pairs.csv,shuffle,,,,7.0,50000.0
,,A,-0.0031283340110937,data/precomputed/fig05/learning_fixed_control_pairs.csv,negative,,,,7.0,50000.0
,,A,,data/precomputed/fig05/learning_fixed_control_pairs.csv,uniform singleton,,,,7.0,50000.0
,,A,0.0010070715149163,data/precomputed/fig05/learning_fixed_control_pairs.csv,MIDD,,,,7.0,100000.0
,,A,-0.0063267242221681,data/precomputed/fig05/learning_fixed_control_pairs.csv,shuffle,,,,7.0,100000.0
,,A,0.0029744515691655,data/precomputed/fig05/learning_fixed_control_pairs.csv,negative,,,,7.0,100000.0
,,A,,data/precomputed/fig05/learning_fixed_control_pairs.csv,uniform singleton,,,,7.0,100000.0
,,A,1.4716234384538834e-09,data/precomputed/fig05/learning_fixed_control_pairs.csv,MIDD,,,,8.0,0.0
,,A,-1.0739960822226123e-06,data/precomputed/fig05/learning_fixed_control_pairs.csv,shuffle,,,,8.0,0.0
,,A,6.201963534901799e-10,data/precomputed/fig05/learning_fixed_control_pairs.csv,negative,,,,8.0,0.0
,,A,,data/precomputed/fig05/learning_fixed_control_pairs.csv,uniform singleton,,,,8.0,0.0
,,A,4.209604709639995e-05,data/precomputed/fig05/learning_fixed_control_pairs.csv,MIDD,,,,8.0,10000.0
,,A,-0.0022812067507393,data/precomputed/fig05/learning_fixed_control_pairs.csv,shuffle,,,,8.0,10000.0
,,A,0.0002805639567978,data/precomputed/fig05/learning_fixed_control_pairs.csv,negative,,,,8.0,10000.0
,,A,,data/precomputed/fig05/learning_fixed_control_pairs.csv,uniform singleton,,,,8.0,10000.0
,,A,-0.0028199173023262,data/precomputed/fig05/learning_fixed_control_pairs.csv,MIDD,,,,8.0,50000.0
,,A,-0.0079092429861299,data/precomputed/fig05/learning_fixed_control_pairs.csv,shuffle,,,,8.0,50000.0
,,A,-0.0029234135859418,data/precomputed/fig05/learning_fixed_control_pairs.csv,negative,,,,8.0,50000.0
,,A,,data/precomputed/fig05/learning_fixed_control_pairs.csv,uniform singleton,,,,8.0,50000.0
,,A,0.0078443322665965,data/precomputed/fig05/learning_fixed_control_pairs.csv,MIDD,,,,8.0,100000.0
,,A,0.0035239235607432,data/precomputed/fig05/learning_fixed_control_pairs.csv,shuffle,,,,8.0,100000.0
,,A,0.0056228229223129,data/precomputed/fig05/learning_fixed_control_pairs.csv,negative,,,,8.0,100000.0
,,A,,data/precomputed/fig05/learning_fixed_control_pairs.csv,uniform singleton,,,,8.0,100000.0
,,A,4.3046791015777106e-10,data/precomputed/fig05/learning_fixed_control_pairs.csv,MIDD,,,,9.0,0.0
,,A,-1.0671040680767254e-06,data/precomputed/fig05/learning_fixed_control_pairs.csv,shuffle,,,,9.0,0.0
,,A,1.7008285896352596e-11,data/precomputed/fig05/learning_fixed_control_pairs.csv,negative,,,,9.0,0.0
,,A,,data/precomputed/fig05/learning_fixed_control_pairs.csv,uniform singleton,,,,9.0,0.0
,,A,-1.9888366386049995e-05,data/precomputed/fig05/learning_fixed_control_pairs.csv,MIDD,,,,9.0,10000.0
,,A,-0.0022093433651816,data/precomputed/fig05/learning_fixed_control_pairs.csv,shuffle,,,,9.0,10000.0
,,A,0.0002127791257715,data/precomputed/fig05/learning_fixed_control_pairs.csv,negative,,,,9.0,10000.0
,,A,,data/precomputed/fig05/learning_fixed_control_pairs.csv,uniform singleton,,,,9.0,10000.0
,,A,-0.0139993118718521,data/precomputed/fig05/learning_fixed_control_pairs.csv,MIDD,,,,9.0,50000.0
,,A,0.000210166973539,data/precomputed/fig05/learning_fixed_control_pairs.csv,shuffle,,,,9.0,50000.0
,,A,0.0089606015528623,data/precomputed/fig05/learning_fixed_control_pairs.csv,negative,,,,9.0,50000.0
,,A,,data/precomputed/fig05/learning_fixed_control_pairs.csv,uniform singleton,,,,9.0,50000.0
,,A,-0.0102501138656851,data/precomputed/fig05/learning_fixed_control_pairs.csv,MIDD,,,,9.0,100000.0
,,A,0.0141213326319885,data/precomputed/fig05/learning_fixed_control_pairs.csv,shuffle,,,,9.0,100000.0
,,A,0.0080023593465116,data/precomputed/fig05/learning_fixed_control_pairs.csv,negative,,,,9.0,100000.0
,,A,,data/precomputed/fig05/learning_fixed_control_pairs.csv,uniform singleton,,,,9.0,100000.0
,,A,6.345827112433197e-10,data/precomputed/fig05/learning_fixed_control_pairs.csv,MIDD,,,,10.0,0.0
,,A,-1.0724939501028075e-06,data/precomputed/fig05/learning_fixed_control_pairs.csv,shuffle,,,,10.0,0.0
,,A,-2.285541872269368e-10,data/precomputed/fig05/learning_fixed_control_pairs.csv,negative,,,,10.0,0.0
,,A,,data/precomputed/fig05/learning_fixed_control_pairs.csv,uniform singleton,,,,10.0,0.0
,,A,0.0001861185558251,data/precomputed/fig05/learning_fixed_control_pairs.csv,MIDD,,,,10.0,10000.0
,,A,-0.0040598638062668,data/precomputed/fig05/learning_fixed_control_pairs.csv,shuffle,,,,10.0,10000.0
,,A,0.0005694514996081,data/precomputed/fig05/learning_fixed_control_pairs.csv,negative,,,,10.0,10000.0
,,A,,data/precomputed/fig05/learning_fixed_control_pairs.csv,uniform singleton,,,,10.0,10000.0
,,A,-0.0132908202946121,data/precomputed/fig05/learning_fixed_control_pairs.csv,MIDD,,,,10.0,50000.0
,,A,-0.0029668478972639,data/precomputed/fig05/learning_fixed_control_pairs.csv,shuffle,,,,10.0,50000.0
,,A,0.002901306302868,data/precomputed/fig05/learning_fixed_control_pairs.csv,negative,,,,10.0,50000.0
,,A,,data/precomputed/fig05/learning_fixed_control_pairs.csv,uniform singleton,,,,10.0,50000.0
,,A,-0.0133868254047903,data/precomputed/fig05/learning_fixed_control_pairs.csv,MIDD,,,,10.0,100000.0
,,A,-0.0245315937831947,data/precomputed/fig05/learning_fixed_control_pairs.csv,shuffle,,,,10.0,100000.0
,,A,-0.0013270882303857,data/precomputed/fig05/learning_fixed_control_pairs.csv,negative,,,,10.0,100000.0
,,A,,data/precomputed/fig05/learning_fixed_control_pairs.csv,uniform singleton,,,,10.0,100000.0
,,A,1.087631243009942e-09,data/precomputed/fig05/learning_fixed_control_pairs.csv,MIDD,,,,11.0,0.0
,,A,-1.0680744896762822e-06,data/precomputed/fig05/learning_fixed_control_pairs.csv,shuffle,,,,11.0,0.0
,,A,-8.32296982049475e-10,data/precomputed/fig05/learning_fixed_control_pairs.csv,negative,,,,11.0,0.0
,,A,,data/precomputed/fig05/learning_fixed_control_pairs.csv,uniform singleton,,,,11.0,0.0
,,A,4.4866797909950094e-05,data/precomputed/fig05/learning_fixed_control_pairs.csv,MIDD,,,,11.0,10000.0
,,A,-0.0035911530183365,data/precomputed/fig05/learning_fixed_control_pairs.csv,shuffle,,,,11.0,10000.0
,,A,0.0003156186535301,data/precomputed/fig05/learning_fixed_control_pairs.csv,negative,,,,11.0,10000.0
,,A,,data/precomputed/fig05/learning_fixed_control_pairs.csv,uniform singleton,,,,11.0,10000.0
,,A,-0.0137133316022329,data/precomputed/fig05/learning_fixed_control_pairs.csv,MIDD,,,,11.0,50000.0
,,A,-0.0335574113673792,data/precomputed/fig05/learning_fixed_control_pairs.csv,shuffle,,,,11.0,50000.0
,,A,-0.0045185205424632,data/precomputed/fig05/learning_fixed_control_pairs.csv,negative,,,,11.0,50000.0
,,A,,data/precomputed/fig05/learning_fixed_control_pairs.csv,uniform singleton,,,,11.0,50000.0
,,A,-0.0108623007368075,data/precomputed/fig05/learning_fixed_control_pairs.csv,MIDD,,,,11.0,100000.0
,,A,-0.0270435308030868,data/precomputed/fig05/learning_fixed_control_pairs.csv,shuffle,,,,11.0,100000.0
,,A,0.010758138081997,data/precomputed/fig05/learning_fixed_control_pairs.csv,negative,,,,11.0,100000.0
,,A,,data/precomputed/fig05/learning_fixed_control_pairs.csv,uniform singleton,,,,11.0,100000.0
,,A,2.8023837177596926e-09,data/precomputed/fig05/learning_fixed_control_pairs.csv,MIDD,,,,12.0,0.0
,,A,-1.0680241134636882e-06,data/precomputed/fig05/learning_fixed_control_pairs.csv,shuffle,,,,12.0,0.0
,,A,-1.1733978515976514e-09,data/precomputed/fig05/learning_fixed_control_pairs.csv,negative,,,,12.0,0.0
,,A,,data/precomputed/fig05/learning_fixed_control_pairs.csv,uniform singleton,,,,12.0,0.0
,,A,-2.6419186199349957e-05,data/precomputed/fig05/learning_fixed_control_pairs.csv,MIDD,,,,12.0,10000.0
,,A,-0.0053567911070661,data/precomputed/fig05/learning_fixed_control_pairs.csv,shuffle,,,,12.0,10000.0
,,A,0.0006992902129148,data/precomputed/fig05/learning_fixed_control_pairs.csv,negative,,,,12.0,10000.0
,,A,,data/precomputed/fig05/learning_fixed_control_pairs.csv,uniform singleton,,,,12.0,10000.0
,,A,-0.0296143964893447,data/precomputed/fig05/learning_fixed_control_pairs.csv,MIDD,,,,12.0,50000.0
,,A,-0.0111427480619891,data/precomputed/fig05/learning_fixed_control_pairs.csv,shuffle,,,,12.0,50000.0
,,A,-0.0046707449931105,data/precomputed/fig05/learning_fixed_control_pairs.csv,negative,,,,12.0,50000.0
,,A,,data/precomputed/fig05/learning_fixed_control_pairs.csv,uniform singleton,,,,12.0,50000.0
,,A,-0.0123050156721206,data/precomputed/fig05/learning_fixed_control_pairs.csv,MIDD,,,,12.0,100000.0
,,A,-0.0120535826261917,data/precomputed/fig05/learning_fixed_control_pairs.csv,shuffle,,,,12.0,100000.0
,,A,0.0044621852562773,data/precomputed/fig05/learning_fixed_control_pairs.csv,negative,,,,12.0,100000.0
,,A,,data/precomputed/fig05/learning_fixed_control_pairs.csv,uniform singleton,,,,12.0,100000.0
,,A,5.346807405615956e-10,data/precomputed/fig05/learning_fixed_control_pairs.csv,MIDD,,,,13.0,0.0
,,A,-1.067580522067407e-06,data/precomputed/fig05/learning_fixed_control_pairs.csv,shuffle,,,,13.0,0.0
,,A,-4.1747245405866974e-10,data/precomputed/fig05/learning_fixed_control_pairs.csv,negative,,,,13.0,0.0
,,A,,data/precomputed/fig05/learning_fixed_control_pairs.csv,uniform singleton,,,,13.0,0.0
,,A,-3.055969505864984e-05,data/precomputed/fig05/learning_fixed_control_pairs.csv,MIDD,,,,13.0,10000.0
,,A,-0.003508885980528,data/precomputed/fig05/learning_fixed_control_pairs.csv,shuffle,,,,13.0,10000.0
,,A,0.0003639529408446,data/precomputed/fig05/learning_fixed_control_pairs.csv,negative,,,,13.0,10000.0
,,A,,data/precomputed/fig05/learning_fixed_control_pairs.csv,uniform singleton,,,,13.0,10000.0
,,A,-0.009594690838269,data/precomputed/fig05/learning_fixed_control_pairs.csv,MIDD,,,,13.0,50000.0
,,A,0.0032466967467961,data/precomputed/fig05/learning_fixed_control_pairs.csv,shuffle,,,,13.0,50000.0
,,A,0.0052519312069553,data/precomputed/fig05/learning_fixed_control_pairs.csv,negative,,,,13.0,50000.0
,,A,,data/precomputed/fig05/learning_fixed_control_pairs.csv,uniform singleton,,,,13.0,50000.0
,,A,-0.0139512932457327,data/precomputed/fig05/learning_fixed_control_pairs.csv,MIDD,,,,13.0,100000.0
,,A,0.0061107268852493,data/precomputed/fig05/learning_fixed_control_pairs.csv,shuffle,,,,13.0,100000.0
,,A,-0.0049003778714179,data/precomputed/fig05/learning_fixed_control_pairs.csv,negative,,,,13.0,100000.0
,,A,,data/precomputed/fig05/learning_fixed_control_pairs.csv,uniform singleton,,,,13.0,100000.0
,,S,-2.468002917840051e-05,data/precomputed/fig05/learning_fixed_control_pairs.csv,MIDD,,,,0.0,0.0
,,S,-3.188603538633841e-05,data/precomputed/fig05/learning_fixed_control_pairs.csv,shuffle,,,,0.0,0.0
,,S,-2.4682192140582496e-05,data/precomputed/fig05/learning_fixed_control_pairs.csv,negative,,,,0.0,0.0
,,S,,data/precomputed/fig05/learning_fixed_control_pairs.csv,uniform singleton,,,,0.0,0.0
,,S,-0.0009726945244261,data/precomputed/fig05/learning_fixed_control_pairs.csv,MIDD,,,,0.0,10000.0
,,S,0.0011073619185863,data/precomputed/fig05/learning_fixed_control_pairs.csv,shuffle,,,,0.0,10000.0
,,S,-0.000981700644432,data/precomputed/fig05/learning_fixed_control_pairs.csv,negative,,,,0.0,10000.0
,,S,,data/precomputed/fig05/learning_fixed_control_pairs.csv,uniform singleton,,,,0.0,10000.0
,,S,0.0665520169682267,data/precomputed/fig05/learning_fixed_control_pairs.csv,MIDD,,,,0.0,50000.0
,,S,0.0396992366104015,data/precomputed/fig05/learning_fixed_control_pairs.csv,shuffle,,,,0.0,50000.0
,,S,0.029939004277037,data/precomputed/fig05/learning_fixed_control_pairs.csv,negative,,,,0.0,50000.0
,,S,,data/precomputed/fig05/learning_fixed_control_pairs.csv,uniform singleton,,,,0.0,50000.0
,,S,0.0437047675196455,data/precomputed/fig05/learning_fixed_control_pairs.csv,MIDD,,,,0.0,100000.0
,,S,0.0180161005579352,data/precomputed/fig05/learning_fixed_control_pairs.csv,shuffle,,,,0.0,100000.0
,,S,0.0228465668001718,data/precomputed/fig05/learning_fixed_control_pairs.csv,negative,,,,0.0,100000.0
,,S,,data/precomputed/fig05/learning_fixed_control_pairs.csv,uniform singleton,,,,0.0,100000.0
,,S,-2.4750650899613927e-05,data/precomputed/fig05/learning_fixed_control_pairs.csv,MIDD,,,,1.0,0.0
,,S,-3.1952468935860664e-05,data/precomputed/fig05/learning_fixed_control_pairs.csv,shuffle,,,,1.0,0.0
,,S,-2.4750925519908337e-05,data/precomputed/fig05/learning_fixed_control_pairs.csv,negative,,,,1.0,0.0
,,S,,data/precomputed/fig05/learning_fixed_control_pairs.csv,uniform singleton,,,,1.0,0.0
,,S,-0.0052260687328435,data/precomputed/fig05/learning_fixed_control_pairs.csv,MIDD,,,,1.0,10000.0
,,S,-0.0002088638518506,data/precomputed/fig05/learning_fixed_control_pairs.csv,shuffle,,,,1.0,10000.0
,,S,-0.0050931118513729,data/precomputed/fig05/learning_fixed_control_pairs.csv,negative,,,,1.0,10000.0
,,S,,data/precomputed/fig05/learning_fixed_control_pairs.csv,uniform singleton,,,,1.0,10000.0
,,S,-0.0050311671792045,data/precomputed/fig05/learning_fixed_control_pairs.csv,MIDD,,,,1.0,50000.0
,,S,-0.0006504703322113,data/precomputed/fig05/learning_fixed_control_pairs.csv,shuffle,,,,1.0,50000.0
,,S,-0.0113900275700467,data/precomputed/fig05/learning_fixed_control_pairs.csv,negative,,,,1.0,50000.0
,,S,,data/precomputed/fig05/learning_fixed_control_pairs.csv,uniform singleton,,,,1.0,50000.0
,,S,-0.0013149396796077,data/precomputed/fig05/learning_fixed_control_pairs.csv,MIDD,,,,1.0,100000.0
,,S,0.0262460931402056,data/precomputed/fig05/learning_fixed_control_pairs.csv,shuffle,,,,1.0,100000.0
,,S,-0.0074875118978842,data/precomputed/fig05/learning_fixed_control_pairs.csv,negative,,,,1.0,100000.0
,,S,,data/precomputed/fig05/learning_fixed_control_pairs.csv,uniform singleton,,,,1.0,100000.0
,,S,-2.3038452783286855e-05,data/precomputed/fig05/learning_fixed_control_pairs.csv,MIDD,,,,2.0,0.0
,,S,-3.0246663005862273e-05,data/precomputed/fig05/learning_fixed_control_pairs.csv,shuffle,,,,2.0,0.0
,,S,-2.3038587600844035e-05,data/precomputed/fig05/learning_fixed_control_pairs.csv,negative,,,,2.0,0.0
,,S,,data/precomputed/fig05/learning_fixed_control_pairs.csv,uniform singleton,,,,2.0,0.0
,,S,0.0041145565602159,data/precomputed/fig05/learning_fixed_control_pairs.csv,MIDD,,,,2.0,10000.0
,,S,0.0076311536688025,data/precomputed/fig05/learning_fixed_control_pairs.csv,shuffle,,,,2.0,10000.0
,,S,0.0041584530814298,data/precomputed/fig05/learning_fixed_control_pairs.csv,negative,,,,2.0,10000.0
,,S,,data/precomputed/fig05/learning_fixed_control_pairs.csv,uniform singleton,,,,2.0,10000.0
,,S,-0.0007425830014346,data/precomputed/fig05/learning_fixed_control_pairs.csv,MIDD,,,,2.0,50000.0
,,S,0.0133867443449474,data/precomputed/fig05/learning_fixed_control_pairs.csv,shuffle,,,,2.0,50000.0
,,S,-0.0071631653188974,data/precomputed/fig05/learning_fixed_control_pairs.csv,negative,,,,2.0,50000.0
,,S,,data/precomputed/fig05/learning_fixed_control_pairs.csv,uniform singleton,,,,2.0,50000.0
,,S,0.0191391649609019,data/precomputed/fig05/learning_fixed_control_pairs.csv,MIDD,,,,2.0,100000.0
,,S,0.0179416580351197,data/precomputed/fig05/learning_fixed_control_pairs.csv,shuffle,,,,2.0,100000.0
,,S,0.0022401483166421,data/precomputed/fig05/learning_fixed_control_pairs.csv,negative,,,,2.0,100000.0
,,S,,data/precomputed/fig05/learning_fixed_control_pairs.csv,uniform singleton,,,,2.0,100000.0
,,S,-2.51241551020202e-05,data/precomputed/fig05/learning_fixed_control_pairs.csv,MIDD,,,,3.0,0.0
,,S,-3.231922799049596e-05,data/precomputed/fig05/learning_fixed_control_pairs.csv,shuffle,,,,3.0,0.0
,,S,-2.512355838242218e-05,data/precomputed/fig05/learning_fixed_control_pairs.csv,negative,,,,3.0,0.0
,,S,,data/precomputed/fig05/learning_fixed_control_pairs.csv,uniform singleton,,,,3.0,0.0
,,S,0.0041284293187102,data/precomputed/fig05/learning_fixed_control_pairs.csv,MIDD,,,,3.0,10000.0
,,S,0.0103589285692652,data/precomputed/fig05/learning_fixed_control_pairs.csv,shuffle,,,,3.0,10000.0
,,S,0.0041108256623653,data/precomputed/fig05/learning_fixed_control_pairs.csv,negative,,,,3.0,10000.0
,,S,,data/precomputed/fig05/learning_fixed_control_pairs.csv,uniform singleton,,,,3.0,10000.0
,,S,0.0224577385684781,data/precomputed/fig05/learning_fixed_control_pairs.csv,MIDD,,,,3.0,50000.0
,,S,0.0114327780952159,data/precomputed/fig05/learning_fixed_control_pairs.csv,shuffle,,,,3.0,50000.0
,,S,0.0170674180027288,data/precomputed/fig05/learning_fixed_control_pairs.csv,negative,,,,3.0,50000.0
,,S,,data/precomputed/fig05/learning_fixed_control_pairs.csv,uniform singleton,,,,3.0,50000.0
,,S,0.0009347773213042,data/precomputed/fig05/learning_fixed_control_pairs.csv,MIDD,,,,3.0,100000.0
,,S,0.0030437799949931,data/precomputed/fig05/learning_fixed_control_pairs.csv,shuffle,,,,3.0,100000.0
,,S,-0.0012066802048047,data/precomputed/fig05/learning_fixed_control_pairs.csv,negative,,,,3.0,100000.0
,,S,,data/precomputed/fig05/learning_fixed_control_pairs.csv,uniform singleton,,,,3.0,100000.0
,,S,-2.7890714072984803e-05,data/precomputed/fig05/learning_fixed_control_pairs.csv,MIDD,,,,4.0,0.0
,,S,-3.507529319279266e-05,data/precomputed/fig05/learning_fixed_control_pairs.csv,shuffle,,,,4.0,0.0
,,S,-2.7893135275856996e-05,data/precomputed/fig05/learning_fixed_control_pairs.csv,negative,,,,4.0,0.0
,,S,,data/precomputed/fig05/learning_fixed_control_pairs.csv,uniform singleton,,,,4.0,0.0
,,S,-0.0269993608414328,data/precomputed/fig05/learning_fixed_control_pairs.csv,MIDD,,,,4.0,10000.0
,,S,-0.0203759843636471,data/precomputed/fig05/learning_fixed_control_pairs.csv,shuffle,,,,4.0,10000.0
,,S,-0.0270588917458469,data/precomputed/fig05/learning_fixed_control_pairs.csv,negative,,,,4.0,10000.0
,,S,,data/precomputed/fig05/learning_fixed_control_pairs.csv,uniform singleton,,,,4.0,10000.0
,,S,0.0041955589049662,data/precomputed/fig05/learning_fixed_control_pairs.csv,MIDD,,,,4.0,50000.0
,,S,0.0060800996772946,data/precomputed/fig05/learning_fixed_control_pairs.csv,shuffle,,,,4.0,50000.0
,,S,-0.0049868217253055,data/precomputed/fig05/learning_fixed_control_pairs.csv,negative,,,,4.0,50000.0
,,S,,data/precomputed/fig05/learning_fixed_control_pairs.csv,uniform singleton,,,,4.0,50000.0
,,S,0.0136561203586136,data/precomputed/fig05/learning_fixed_control_pairs.csv,MIDD,,,,4.0,100000.0
,,S,0.0014760778707258,data/precomputed/fig05/learning_fixed_control_pairs.csv,shuffle,,,,4.0,100000.0
,,S,0.0043228126793589,data/precomputed/fig05/learning_fixed_control_pairs.csv,negative,,,,4.0,100000.0
,,S,,data/precomputed/fig05/learning_fixed_control_pairs.csv,uniform singleton,,,,4.0,100000.0
,,S,-2.7755869209288453e-05,data/precomputed/fig05/learning_fixed_control_pairs.csv,MIDD,,,,5.0,0.0
,,S,-3.4950154140913855e-05,data/precomputed/fig05/learning_fixed_control_pairs.csv,shuffle,,,,5.0,0.0
,,S,-2.7758776834877588e-05,data/precomputed/fig05/learning_fixed_control_pairs.csv,negative,,,,5.0,0.0
,,S,,data/precomputed/fig05/learning_fixed_control_pairs.csv,uniform singleton,,,,5.0,0.0
,,S,-0.0025324247853048,data/precomputed/fig05/learning_fixed_control_pairs.csv,MIDD,,,,5.0,10000.0
,,S,0.0050963274166678,data/precomputed/fig05/learning_fixed_control_pairs.csv,shuffle,,,,5.0,10000.0
,,S,-0.0024762636855463,data/precomputed/fig05/learning_fixed_control_pairs.csv,negative,,,,5.0,10000.0
,,S,,data/precomputed/fig05/learning_fixed_control_pairs.csv,uniform singleton,,,,5.0,10000.0
,,S,-3.002543508955004e-05,data/precomputed/fig05/learning_fixed_control_pairs.csv,MIDD,,,,5.0,50000.0
,,S,0.0110911236812142,data/precomputed/fig05/learning_fixed_control_pairs.csv,shuffle,,,,5.0,50000.0
,,S,0.0075928687614982,data/precomputed/fig05/learning_fixed_control_pairs.csv,negative,,,,5.0,50000.0
,,S,,data/precomputed/fig05/learning_fixed_control_pairs.csv,uniform singleton,,,,5.0,50000.0
,,S,-0.0065357424218678,data/precomputed/fig05/learning_fixed_control_pairs.csv,MIDD,,,,5.0,100000.0
,,S,-0.0156555495948163,data/precomputed/fig05/learning_fixed_control_pairs.csv,shuffle,,,,5.0,100000.0
,,S,-0.0040922957763849,data/precomputed/fig05/learning_fixed_control_pairs.csv,negative,,,,5.0,100000.0
,,S,,data/precomputed/fig05/learning_fixed_control_pairs.csv,uniform singleton,,,,5.0,100000.0
,,S,-2.5432369919381615e-05,data/precomputed/fig05/learning_fixed_control_pairs.csv,MIDD,,,,6.0,0.0
,,S,-3.2623191722861724e-05,data/precomputed/fig05/learning_fixed_control_pairs.csv,shuffle,,,,6.0,0.0
,,S,-2.5433530424428147e-05,data/precomputed/fig05/learning_fixed_control_pairs.csv,negative,,,,6.0,0.0
,,S,,data/precomputed/fig05/learning_fixed_control_pairs.csv,uniform singleton,,,,6.0,0.0
,,S,-0.0013001697285045,data/precomputed/fig05/learning_fixed_control_pairs.csv,MIDD,,,,6.0,10000.0
,,S,0.0051670087825043,data/precomputed/fig05/learning_fixed_control_pairs.csv,shuffle,,,,6.0,10000.0
,,S,-0.0012308290908953,data/precomputed/fig05/learning_fixed_control_pairs.csv,negative,,,,6.0,10000.0
,,S,,data/precomputed/fig05/learning_fixed_control_pairs.csv,uniform singleton,,,,6.0,10000.0
,,S,0.0342948188331655,data/precomputed/fig05/learning_fixed_control_pairs.csv,MIDD,,,,6.0,50000.0
,,S,0.0158548388208768,data/precomputed/fig05/learning_fixed_control_pairs.csv,shuffle,,,,6.0,50000.0
,,S,0.0123831536633422,data/precomputed/fig05/learning_fixed_control_pairs.csv,negative,,,,6.0,50000.0
,,S,,data/precomputed/fig05/learning_fixed_control_pairs.csv,uniform singleton,,,,6.0,50000.0
,,S,0.0568438686894084,data/precomputed/fig05/learning_fixed_control_pairs.csv,MIDD,,,,6.0,100000.0
,,S,0.0454355395385384,data/precomputed/fig05/learning_fixed_control_pairs.csv,shuffle,,,,6.0,100000.0
,,S,0.0379299995622657,data/precomputed/fig05/learning_fixed_control_pairs.csv,negative,,,,6.0,100000.0
,,S,,data/precomputed/fig05/learning_fixed_control_pairs.csv,uniform singleton,,,,6.0,100000.0
,,S,-2.339776954971015e-05,data/precomputed/fig05/learning_fixed_control_pairs.csv,MIDD,,,,7.0,0.0
,,S,-3.059472754543354e-05,data/precomputed/fig05/learning_fixed_control_pairs.csv,shuffle,,,,7.0,0.0
,,S,-2.3399214525487256e-05,data/precomputed/fig05/learning_fixed_control_pairs.csv,negative,,,,7.0,0.0
,,S,,data/precomputed/fig05/learning_fixed_control_pairs.csv,uniform singleton,,,,7.0,0.0
,,S,0.0027879704661069,data/precomputed/fig05/learning_fixed_control_pairs.csv,MIDD,,,,7.0,10000.0
,,S,0.008874062482513,data/precomputed/fig05/learning_fixed_control_pairs.csv,shuffle,,,,7.0,10000.0
,,S,0.002814274140345,data/precomputed/fig05/learning_fixed_control_pairs.csv,negative,,,,7.0,10000.0
,,S,,data/precomputed/fig05/learning_fixed_control_pairs.csv,uniform singleton,,,,7.0,10000.0
,,S,-0.0229338411357454,data/precomputed/fig05/learning_fixed_control_pairs.csv,MIDD,,,,7.0,50000.0
,,S,0.0055530378918684,data/precomputed/fig05/learning_fixed_control_pairs.csv,shuffle,,,,7.0,50000.0
,,S,-0.0344169411572357,data/precomputed/fig05/learning_fixed_control_pairs.csv,negative,,,,7.0,50000.0
,,S,,data/precomputed/fig05/learning_fixed_control_pairs.csv,uniform singleton,,,,7.0,50000.0
,,S,-0.0203796772874146,data/precomputed/fig05/learning_fixed_control_pairs.csv,MIDD,,,,7.0,100000.0
,,S,-0.0019821951967992,data/precomputed/fig05/learning_fixed_control_pairs.csv,shuffle,,,,7.0,100000.0
,,S,-0.0099105322144326,data/precomputed/fig05/learning_fixed_control_pairs.csv,negative,,,,7.0,100000.0
,,S,,data/precomputed/fig05/learning_fixed_control_pairs.csv,uniform singleton,,,,7.0,100000.0
,,S,-2.8330430436824457e-05,data/precomputed/fig05/learning_fixed_control_pairs.csv,MIDD,,,,8.0,0.0
,,S,-3.557586431598333e-05,data/precomputed/fig05/learning_fixed_control_pairs.csv,shuffle,,,,8.0,0.0
,,S,-2.8330515176822983e-05,data/precomputed/fig05/learning_fixed_control_pairs.csv,negative,,,,8.0,0.0
,,S,,data/precomputed/fig05/learning_fixed_control_pairs.csv,uniform singleton,,,,8.0,0.0
,,S,0.0014988091472088,data/precomputed/fig05/learning_fixed_control_pairs.csv,MIDD,,,,8.0,10000.0
,,S,0.0019166206252038,data/precomputed/fig05/learning_fixed_control_pairs.csv,shuffle,,,,8.0,10000.0
,,S,0.0014950440931162,data/precomputed/fig05/learning_fixed_control_pairs.csv,negative,,,,8.0,10000.0
,,S,,data/precomputed/fig05/learning_fixed_control_pairs.csv,uniform singleton,,,,8.0,10000.0
,,S,-0.0152355836984147,data/precomputed/fig05/learning_fixed_control_pairs.csv,MIDD,,,,8.0,50000.0
,,S,-0.0113219549763978,data/precomputed/fig05/learning_fixed_control_pairs.csv,shuffle,,,,8.0,50000.0
,,S,-0.0107574372420191,data/precomputed/fig05/learning_fixed_control_pairs.csv,negative,,,,8.0,50000.0
,,S,,data/precomputed/fig05/learning_fixed_control_pairs.csv,uniform singleton,,,,8.0,50000.0
,,S,-0.0095512865492868,data/precomputed/fig05/learning_fixed_control_pairs.csv,MIDD,,,,8.0,100000.0
,,S,-0.0513114518313837,data/precomputed/fig05/learning_fixed_control_pairs.csv,shuffle,,,,8.0,100000.0
,,S,-0.0193487475440562,data/precomputed/fig05/learning_fixed_control_pairs.csv,negative,,,,8.0,100000.0
,,S,,data/precomputed/fig05/learning_fixed_control_pairs.csv,uniform singleton,,,,8.0,100000.0
,,S,-2.8746380201935963e-05,data/precomputed/fig05/learning_fixed_control_pairs.csv,MIDD,,,,9.0,0.0
,,S,-3.594043363263838e-05,data/precomputed/fig05/learning_fixed_control_pairs.csv,shuffle,,,,9.0,0.0
,,S,-2.8746514532882327e-05,data/precomputed/fig05/learning_fixed_control_pairs.csv,negative,,,,9.0,0.0
,,S,,data/precomputed/fig05/learning_fixed_control_pairs.csv,uniform singleton,,,,9.0,0.0
,,S,-0.0056930758624694,data/precomputed/fig05/learning_fixed_control_pairs.csv,MIDD,,,,9.0,10000.0
,,S,0.0016814016747884,data/precomputed/fig05/learning_fixed_control_pairs.csv,shuffle,,,,9.0,10000.0
,,S,-0.0056778547883558,data/precomputed/fig05/learning_fixed_control_pairs.csv,negative,,,,9.0,10000.0
,,S,,data/precomputed/fig05/learning_fixed_control_pairs.csv,uniform singleton,,,,9.0,10000.0
,,S,0.0084718055679602,data/precomputed/fig05/learning_fixed_control_pairs.csv,MIDD,,,,9.0,50000.0
,,S,0.0088494721509718,data/precomputed/fig05/learning_fixed_control_pairs.csv,shuffle,,,,9.0,50000.0
,,S,-0.0073607952768739,data/precomputed/fig05/learning_fixed_control_pairs.csv,negative,,,,9.0,50000.0
,,S,,data/precomputed/fig05/learning_fixed_control_pairs.csv,uniform singleton,,,,9.0,50000.0
,,S,0.0127324016655871,data/precomputed/fig05/learning_fixed_control_pairs.csv,MIDD,,,,9.0,100000.0
,,S,0.0073949293619755,data/precomputed/fig05/learning_fixed_control_pairs.csv,shuffle,,,,9.0,100000.0
,,S,-0.009971821716329,data/precomputed/fig05/learning_fixed_control_pairs.csv,negative,,,,9.0,100000.0
,,S,,data/precomputed/fig05/learning_fixed_control_pairs.csv,uniform singleton,,,,9.0,100000.0
,,S,-2.841793703277637e-05,data/precomputed/fig05/learning_fixed_control_pairs.csv,MIDD,,,,10.0,0.0
,,S,-3.564195270261388e-05,data/precomputed/fig05/learning_fixed_control_pairs.csv,shuffle,,,,10.0,0.0
,,S,-2.841858892295984e-05,data/precomputed/fig05/learning_fixed_control_pairs.csv,negative,,,,10.0,0.0
,,S,,data/precomputed/fig05/learning_fixed_control_pairs.csv,uniform singleton,,,,10.0,0.0
,,S,-0.0013664673271245,data/precomputed/fig05/learning_fixed_control_pairs.csv,MIDD,,,,10.0,10000.0
,,S,0.0081994496089638,data/precomputed/fig05/learning_fixed_control_pairs.csv,shuffle,,,,10.0,10000.0
,,S,-0.0013871462399588,data/precomputed/fig05/learning_fixed_control_pairs.csv,negative,,,,10.0,10000.0
,,S,,data/precomputed/fig05/learning_fixed_control_pairs.csv,uniform singleton,,,,10.0,10000.0
,,S,-0.0163050397954267,data/precomputed/fig05/learning_fixed_control_pairs.csv,MIDD,,,,10.0,50000.0
,,S,-0.0096306477286329,data/precomputed/fig05/learning_fixed_control_pairs.csv,shuffle,,,,10.0,50000.0
,,S,-0.0206391572590119,data/precomputed/fig05/learning_fixed_control_pairs.csv,negative,,,,10.0,50000.0
,,S,,data/precomputed/fig05/learning_fixed_control_pairs.csv,uniform singleton,,,,10.0,50000.0
,,S,-0.0114988848271829,data/precomputed/fig05/learning_fixed_control_pairs.csv,MIDD,,,,10.0,100000.0
,,S,-0.032499954985775,data/precomputed/fig05/learning_fixed_control_pairs.csv,shuffle,,,,10.0,100000.0
,,S,-0.0143306109963238,data/precomputed/fig05/learning_fixed_control_pairs.csv,negative,,,,10.0,100000.0
,,S,,data/precomputed/fig05/learning_fixed_control_pairs.csv,uniform singleton,,,,10.0,100000.0
,,S,-3.069002074615336e-05,data/precomputed/fig05/learning_fixed_control_pairs.csv,MIDD,,,,11.0,0.0
,,S,-3.788529460091965e-05,data/precomputed/fig05/learning_fixed_control_pairs.csv,shuffle,,,,11.0,0.0
,,S,-3.069068083210118e-05,data/precomputed/fig05/learning_fixed_control_pairs.csv,negative,,,,11.0,0.0
,,S,,data/precomputed/fig05/learning_fixed_control_pairs.csv,uniform singleton,,,,11.0,0.0
,,S,-0.0058991303979607,data/precomputed/fig05/learning_fixed_control_pairs.csv,MIDD,,,,11.0,10000.0
,,S,-0.0007040738311467,data/precomputed/fig05/learning_fixed_control_pairs.csv,shuffle,,,,11.0,10000.0
,,S,-0.0059143630323968,data/precomputed/fig05/learning_fixed_control_pairs.csv,negative,,,,11.0,10000.0
,,S,,data/precomputed/fig05/learning_fixed_control_pairs.csv,uniform singleton,,,,11.0,10000.0
,,S,0.0041558899189282,data/precomputed/fig05/learning_fixed_control_pairs.csv,MIDD,,,,11.0,50000.0
,,S,-0.0297333423393051,data/precomputed/fig05/learning_fixed_control_pairs.csv,shuffle,,,,11.0,50000.0
,,S,-0.0356934192288636,data/precomputed/fig05/learning_fixed_control_pairs.csv,negative,,,,11.0,50000.0
,,S,,data/precomputed/fig05/learning_fixed_control_pairs.csv,uniform singleton,,,,11.0,50000.0
,,S,0.0273452208610255,data/precomputed/fig05/learning_fixed_control_pairs.csv,MIDD,,,,11.0,100000.0
,,S,0.0081897538049236,data/precomputed/fig05/learning_fixed_control_pairs.csv,shuffle,,,,11.0,100000.0
,,S,0.0105402967753312,data/precomputed/fig05/learning_fixed_control_pairs.csv,negative,,,,11.0,100000.0
,,S,,data/precomputed/fig05/learning_fixed_control_pairs.csv,uniform singleton,,,,11.0,100000.0
,,S,-2.5175980062043093e-05,data/precomputed/fig05/learning_fixed_control_pairs.csv,MIDD,,,,12.0,0.0
,,S,-3.237799684831309e-05,data/precomputed/fig05/learning_fixed_control_pairs.csv,shuffle,,,,12.0,0.0
,,S,-2.517644161883448e-05,data/precomputed/fig05/learning_fixed_control_pairs.csv,negative,,,,12.0,0.0
,,S,,data/precomputed/fig05/learning_fixed_control_pairs.csv,uniform singleton,,,,12.0,0.0
,,S,0.0070545719665088,data/precomputed/fig05/learning_fixed_control_pairs.csv,MIDD,,,,12.0,10000.0
,,S,0.0146487395496069,data/precomputed/fig05/learning_fixed_control_pairs.csv,shuffle,,,,12.0,10000.0
,,S,0.0073464554603892,data/precomputed/fig05/learning_fixed_control_pairs.csv,negative,,,,12.0,10000.0
,,S,,data/precomputed/fig05/learning_fixed_control_pairs.csv,uniform singleton,,,,12.0,10000.0
,,S,-0.0389293392651649,data/precomputed/fig05/learning_fixed_control_pairs.csv,MIDD,,,,12.0,50000.0
,,S,-0.001009327912045,data/precomputed/fig05/learning_fixed_control_pairs.csv,shuffle,,,,12.0,50000.0
,,S,-0.0284735516487461,data/precomputed/fig05/learning_fixed_control_pairs.csv,negative,,,,12.0,50000.0
,,S,,data/precomputed/fig05/learning_fixed_control_pairs.csv,uniform singleton,,,,12.0,50000.0
,,S,-0.0288684503014138,data/precomputed/fig05/learning_fixed_control_pairs.csv,MIDD,,,,12.0,100000.0
,,S,-0.0360508864397095,data/precomputed/fig05/learning_fixed_control_pairs.csv,shuffle,,,,12.0,100000.0
,,S,-0.0264754855906774,data/precomputed/fig05/learning_fixed_control_pairs.csv,negative,,,,12.0,100000.0
,,S,,data/precomputed/fig05/learning_fixed_control_pairs.csv,uniform singleton,,,,12.0,100000.0
,,S,-2.6285531031348096e-05,data/precomputed/fig05/learning_fixed_control_pairs.csv,MIDD,,,,13.0,0.0
,,S,-3.3482447868220824e-05,data/precomputed/fig05/learning_fixed_control_pairs.csv,shuffle,,,,13.0,0.0
,,S,-2.628615542590059e-05,data/precomputed/fig05/learning_fixed_control_pairs.csv,negative,,,,13.0,0.0
,,S,,data/precomputed/fig05/learning_fixed_control_pairs.csv,uniform singleton,,,,13.0,0.0
,,S,0.0069359730532329,data/precomputed/fig05/learning_fixed_control_pairs.csv,MIDD,,,,13.0,10000.0
,,S,0.0180355934080678,data/precomputed/fig05/learning_fixed_control_pairs.csv,shuffle,,,,13.0,10000.0
,,S,0.0071550437953097,data/precomputed/fig05/learning_fixed_control_pairs.csv,negative,,,,13.0,10000.0
,,S,,data/precomputed/fig05/learning_fixed_control_pairs.csv,uniform singleton,,,,13.0,10000.0
,,S,-0.0296782408663434,data/precomputed/fig05/learning_fixed_control_pairs.csv,MIDD,,,,13.0,50000.0
,,S,-0.031727156543468,data/precomputed/fig05/learning_fixed_control_pairs.csv,shuffle,,,,13.0,50000.0
,,S,-0.0412844625694387,data/precomputed/fig05/learning_fixed_control_pairs.csv,negative,,,,13.0,50000.0
,,S,,data/precomputed/fig05/learning_fixed_control_pairs.csv,uniform singleton,,,,13.0,50000.0
,,S,-0.0124565752362875,data/precomputed/fig05/learning_fixed_control_pairs.csv,MIDD,,,,13.0,100000.0
,,S,-0.0443912814836057,data/precomputed/fig05/learning_fixed_control_pairs.csv,shuffle,,,,13.0,100000.0
,,S,-0.0226075216848091,data/precomputed/fig05/learning_fixed_control_pairs.csv,negative,,,,13.0,100000.0
,,S,,data/precomputed/fig05/learning_fixed_control_pairs.csv,uniform singleton,,,,13.0,100000.0
,,G,0.1014853557379272,data/precomputed/fig05/learning_fixed_control_pairs.csv,MIDD,,,,0.0,0.0
,,G,0.1014853113395735,data/precomputed/fig05/learning_fixed_control_pairs.csv,shuffle,,,,0.0,0.0
,,G,0.1014849860138692,data/precomputed/fig05/learning_fixed_control_pairs.csv,negative,,,,0.0,0.0
,,G,0.1014703290463233,data/precomputed/fig05/learning_fixed_control_pairs.csv,uniform singleton,,,,0.0,0.0
,,G,0.1934512311105032,data/precomputed/fig05/learning_fixed_control_pairs.csv,MIDD,,,,0.0,10000.0
,,G,0.1990638839455835,data/precomputed/fig05/learning_fixed_control_pairs.csv,shuffle,,,,0.0,10000.0
,,G,0.1937914882524423,data/precomputed/fig05/learning_fixed_control_pairs.csv,negative,,,,0.0,10000.0
,,G,0.1949876001540237,data/precomputed/fig05/learning_fixed_control_pairs.csv,uniform singleton,,,,0.0,10000.0
,,G,0.4529231156654274,data/precomputed/fig05/learning_fixed_control_pairs.csv,MIDD,,,,0.0,50000.0
,,G,0.3805354965322773,data/precomputed/fig05/learning_fixed_control_pairs.csv,shuffle,,,,0.0,50000.0
,,G,0.2939386236708319,data/precomputed/fig05/learning_fixed_control_pairs.csv,negative,,,,0.0,50000.0
,,G,0.2285676536742964,data/precomputed/fig05/learning_fixed_control_pairs.csv,uniform singleton,,,,0.0,50000.0
,,G,0.3227268165869055,data/precomputed/fig05/learning_fixed_control_pairs.csv,MIDD,,,,0.0,100000.0
,,G,0.2445480119528107,data/precomputed/fig05/learning_fixed_control_pairs.csv,shuffle,,,,0.0,100000.0
,,G,0.2186548299034705,data/precomputed/fig05/learning_fixed_control_pairs.csv,negative,,,,0.0,100000.0
,,G,0.3201152361662271,data/precomputed/fig05/learning_fixed_control_pairs.csv,uniform singleton,,,,0.0,100000.0
,,G,0.1014083554517112,data/precomputed/fig05/learning_fixed_control_pairs.csv,MIDD,,,,1.0,0.0
,,G,0.1014083122563805,data/precomputed/fig05/learning_fixed_control_pairs.csv,shuffle,,,,1.0,0.0
,,G,0.1014079882947503,data/precomputed/fig05/learning_fixed_control_pairs.csv,negative,,,,1.0,0.0
,,G,0.1013933337741029,data/precomputed/fig05/learning_fixed_control_pairs.csv,uniform singleton,,,,1.0,0.0
,,G,0.2190898718291889,data/precomputed/fig05/learning_fixed_control_pairs.csv,MIDD,,,,1.0,10000.0
,,G,0.2289308531219555,data/precomputed/fig05/learning_fixed_control_pairs.csv,shuffle,,,,1.0,10000.0
,,G,0.2198366106685648,data/precomputed/fig05/learning_fixed_control_pairs.csv,negative,,,,1.0,10000.0
,,G,0.207742247318031,data/precomputed/fig05/learning_fixed_control_pairs.csv,uniform singleton,,,,1.0,10000.0
,,G,0.3052645185775972,data/precomputed/fig05/learning_fixed_control_pairs.csv,MIDD,,,,1.0,50000.0
,,G,0.3512582681293503,data/precomputed/fig05/learning_fixed_control_pairs.csv,shuffle,,,,1.0,50000.0
,,G,0.308324462751779,data/precomputed/fig05/learning_fixed_control_pairs.csv,negative,,,,1.0,50000.0
,,G,0.226655220303439,data/precomputed/fig05/learning_fixed_control_pairs.csv,uniform singleton,,,,1.0,50000.0
,,G,0.2576346067635031,data/precomputed/fig05/learning_fixed_control_pairs.csv,MIDD,,,,1.0,100000.0
,,G,0.2832729198483918,data/precomputed/fig05/learning_fixed_control_pairs.csv,shuffle,,,,1.0,100000.0
,,G,0.2109774514075436,data/precomputed/fig05/learning_fixed_control_pairs.csv,negative,,,,1.0,100000.0
,,G,0.415903494958166,data/precomputed/fig05/learning_fixed_control_pairs.csv,uniform singleton,,,,1.0,100000.0
,,G,0.1015960314202596,data/precomputed/fig05/learning_fixed_control_pairs.csv,MIDD,,,,2.0,0.0
,,G,0.1015959833891556,data/precomputed/fig05/learning_fixed_control_pairs.csv,shuffle,,,,2.0,0.0
,,G,0.1015956624606982,data/precomputed/fig05/learning_fixed_control_pairs.csv,negative,,,,2.0,0.0
,,G,0.1015809826121272,data/precomputed/fig05/learning_fixed_control_pairs.csv,uniform singleton,,,,2.0,0.0
,,G,0.2154288520388717,data/precomputed/fig05/learning_fixed_control_pairs.csv,MIDD,,,,2.0,10000.0
,,G,0.2150462652934821,data/precomputed/fig05/learning_fixed_control_pairs.csv,shuffle,,,,2.0,10000.0
,,G,0.2161772207784749,data/precomputed/fig05/learning_fixed_control_pairs.csv,negative,,,,2.0,10000.0
,,G,0.2193589998367546,data/precomputed/fig05/learning_fixed_control_pairs.csv,uniform singleton,,,,2.0,10000.0
,,G,0.2303211540515436,data/precomputed/fig05/learning_fixed_control_pairs.csv,MIDD,,,,2.0,50000.0
,,G,0.2518617792833509,data/precomputed/fig05/learning_fixed_control_pairs.csv,shuffle,,,,2.0,50000.0
,,G,0.2234469243069573,data/precomputed/fig05/learning_fixed_control_pairs.csv,negative,,,,2.0,50000.0
,,G,0.1033440627048452,data/precomputed/fig05/learning_fixed_control_pairs.csv,uniform singleton,,,,2.0,50000.0
,,G,0.2496515709009129,data/precomputed/fig05/learning_fixed_control_pairs.csv,MIDD,,,,2.0,100000.0
,,G,0.296168422417198,data/precomputed/fig05/learning_fixed_control_pairs.csv,shuffle,,,,2.0,100000.0
,,G,0.2360296925621314,data/precomputed/fig05/learning_fixed_control_pairs.csv,negative,,,,2.0,100000.0
,,G,0.4375459178791867,data/precomputed/fig05/learning_fixed_control_pairs.csv,uniform singleton,,,,2.0,100000.0
,,G,0.1013113502501772,data/precomputed/fig05/learning_fixed_control_pairs.csv,MIDD,,,,3.0,0.0
,,G,0.1013113087902718,data/precomputed/fig05/learning_fixed_control_pairs.csv,shuffle,,,,3.0,0.0
,,G,0.1013109823587222,data/precomputed/fig05/learning_fixed_control_pairs.csv,negative,,,,3.0,0.0
,,G,0.1012963351496172,data/precomputed/fig05/learning_fixed_control_pairs.csv,uniform singleton,,,,3.0,0.0
,,G,0.1962581055345021,data/precomputed/fig05/learning_fixed_control_pairs.csv,MIDD,,,,3.0,10000.0
,,G,0.2038564338201309,data/precomputed/fig05/learning_fixed_control_pairs.csv,shuffle,,,,3.0,10000.0
,,G,0.1972369155281383,data/precomputed/fig05/learning_fixed_control_pairs.csv,negative,,,,3.0,10000.0
,,G,0.1963046835668881,data/precomputed/fig05/learning_fixed_control_pairs.csv,uniform singleton,,,,3.0,10000.0
,,G,0.1494760649188052,data/precomputed/fig05/learning_fixed_control_pairs.csv,MIDD,,,,3.0,50000.0
,,G,0.1324215321433597,data/precomputed/fig05/learning_fixed_control_pairs.csv,shuffle,,,,3.0,50000.0
,,G,0.1262130565764669,data/precomputed/fig05/learning_fixed_control_pairs.csv,negative,,,,3.0,50000.0
,,G,0.1082098506120109,data/precomputed/fig05/learning_fixed_control_pairs.csv,uniform singleton,,,,3.0,50000.0
,,G,0.1126298944984245,data/precomputed/fig05/learning_fixed_control_pairs.csv,MIDD,,,,3.0,100000.0
,,G,0.1224257561499111,data/precomputed/fig05/learning_fixed_control_pairs.csv,shuffle,,,,3.0,100000.0
,,G,0.0835658693559643,data/precomputed/fig05/learning_fixed_control_pairs.csv,negative,,,,3.0,100000.0
,,G,0.3698758758107742,data/precomputed/fig05/learning_fixed_control_pairs.csv,uniform singleton,,,,3.0,100000.0
,,G,0.1009561236617536,data/precomputed/fig05/learning_fixed_control_pairs.csv,MIDD,,,,4.0,0.0
,,G,0.1009560789185603,data/precomputed/fig05/learning_fixed_control_pairs.csv,shuffle,,,,4.0,0.0
,,G,0.1009557581364357,data/precomputed/fig05/learning_fixed_control_pairs.csv,negative,,,,4.0,0.0
,,G,0.1009411415606889,data/precomputed/fig05/learning_fixed_control_pairs.csv,uniform singleton,,,,4.0,0.0
,,G,0.2292708111881613,data/precomputed/fig05/learning_fixed_control_pairs.csv,MIDD,,,,4.0,10000.0
,,G,0.2308183507022325,data/precomputed/fig05/learning_fixed_control_pairs.csv,shuffle,,,,4.0,10000.0
,,G,0.2291358170564624,data/precomputed/fig05/learning_fixed_control_pairs.csv,negative,,,,4.0,10000.0
,,G,0.2249285548119188,data/precomputed/fig05/learning_fixed_control_pairs.csv,uniform singleton,,,,4.0,10000.0
,,G,0.2434638379631775,data/precomputed/fig05/learning_fixed_control_pairs.csv,MIDD,,,,4.0,50000.0
,,G,0.2664207076430094,data/precomputed/fig05/learning_fixed_control_pairs.csv,shuffle,,,,4.0,50000.0
,,G,0.20809662907031,data/precomputed/fig05/learning_fixed_control_pairs.csv,negative,,,,4.0,50000.0
,,G,0.271764735792764,data/precomputed/fig05/learning_fixed_control_pairs.csv,uniform singleton,,,,4.0,50000.0
,,G,0.2509648761459256,data/precomputed/fig05/learning_fixed_control_pairs.csv,MIDD,,,,4.0,100000.0
,,G,0.3566093255836325,data/precomputed/fig05/learning_fixed_control_pairs.csv,shuffle,,,,4.0,100000.0
,,G,0.2498491267019016,data/precomputed/fig05/learning_fixed_control_pairs.csv,negative,,,,4.0,100000.0
,,G,0.4421501296077944,data/precomputed/fig05/learning_fixed_control_pairs.csv,uniform singleton,,,,4.0,100000.0
,,G,0.1012197428699344,data/precomputed/fig05/learning_fixed_control_pairs.csv,MIDD,,,,5.0,0.0
,,G,0.1012196981989169,data/precomputed/fig05/learning_fixed_control_pairs.csv,shuffle,,,,5.0,0.0
,,G,0.1012193751491538,data/precomputed/fig05/learning_fixed_control_pairs.csv,negative,,,,5.0,0.0
,,G,0.1012047403449327,data/precomputed/fig05/learning_fixed_control_pairs.csv,uniform singleton,,,,5.0,0.0
,,G,0.2263832543485147,data/precomputed/fig05/learning_fixed_control_pairs.csv,MIDD,,,,5.0,10000.0
,,G,0.2345475768272177,data/precomputed/fig05/learning_fixed_control_pairs.csv,shuffle,,,,5.0,10000.0
,,G,0.2284391248643728,data/precomputed/fig05/learning_fixed_control_pairs.csv,negative,,,,5.0,10000.0
,,G,0.2169173238065452,data/precomputed/fig05/learning_fixed_control_pairs.csv,uniform singleton,,,,5.0,10000.0
,,G,0.2333154791819091,data/precomputed/fig05/learning_fixed_control_pairs.csv,MIDD,,,,5.0,50000.0
,,G,0.3044757777654114,data/precomputed/fig05/learning_fixed_control_pairs.csv,shuffle,,,,5.0,50000.0
,,G,0.2881713966528574,data/precomputed/fig05/learning_fixed_control_pairs.csv,negative,,,,5.0,50000.0
,,G,0.4538311397152506,data/precomputed/fig05/learning_fixed_control_pairs.csv,uniform singleton,,,,5.0,50000.0
,,G,0.2287741229769628,data/precomputed/fig05/learning_fixed_control_pairs.csv,MIDD,,,,5.0,100000.0
,,G,0.2194631689426693,data/precomputed/fig05/learning_fixed_control_pairs.csv,shuffle,,,,5.0,100000.0
,,G,0.2051064092184468,data/precomputed/fig05/learning_fixed_control_pairs.csv,negative,,,,5.0,100000.0
,,G,0.1963876121248529,data/precomputed/fig05/learning_fixed_control_pairs.csv,uniform singleton,,,,5.0,100000.0
,,G,0.101137577596782,data/precomputed/fig05/learning_fixed_control_pairs.csv,MIDD,,,,6.0,0.0
,,G,0.1011375302330911,data/precomputed/fig05/learning_fixed_control_pairs.csv,shuffle,,,,6.0,0.0
,,G,0.1011372091449037,data/precomputed/fig05/learning_fixed_control_pairs.csv,negative,,,,6.0,0.0
,,G,0.1011225760762965,data/precomputed/fig05/learning_fixed_control_pairs.csv,uniform singleton,,,,6.0,0.0
,,G,0.2264782086263521,data/precomputed/fig05/learning_fixed_control_pairs.csv,MIDD,,,,6.0,10000.0
,,G,0.2317972661818053,data/precomputed/fig05/learning_fixed_control_pairs.csv,shuffle,,,,6.0,10000.0
,,G,0.2283705779829677,data/precomputed/fig05/learning_fixed_control_pairs.csv,negative,,,,6.0,10000.0
,,G,0.2460150294609475,data/precomputed/fig05/learning_fixed_control_pairs.csv,uniform singleton,,,,6.0,10000.0
,,G,0.3534492854410854,data/precomputed/fig05/learning_fixed_control_pairs.csv,MIDD,,,,6.0,50000.0
,,G,0.3423942475248039,data/precomputed/fig05/learning_fixed_control_pairs.csv,shuffle,,,,6.0,50000.0
,,G,0.2747579064668714,data/precomputed/fig05/learning_fixed_control_pairs.csv,negative,,,,6.0,50000.0
,,G,0.2832001052627473,data/precomputed/fig05/learning_fixed_control_pairs.csv,uniform singleton,,,,6.0,50000.0
,,G,0.4110803695991574,data/precomputed/fig05/learning_fixed_control_pairs.csv,MIDD,,,,6.0,100000.0
,,G,0.4280163754110105,data/precomputed/fig05/learning_fixed_control_pairs.csv,shuffle,,,,6.0,100000.0
,,G,0.3621265659850914,data/precomputed/fig05/learning_fixed_control_pairs.csv,negative,,,,6.0,100000.0
,,G,0.2978926391698717,data/precomputed/fig05/learning_fixed_control_pairs.csv,uniform singleton,,,,6.0,100000.0
,,G,0.1012863685586225,data/precomputed/fig05/learning_fixed_control_pairs.csv,MIDD,,,,7.0,0.0
,,G,0.1012863229844177,data/precomputed/fig05/learning_fixed_control_pairs.csv,shuffle,,,,7.0,0.0
,,G,0.1012860034341865,data/precomputed/fig05/learning_fixed_control_pairs.csv,negative,,,,7.0,0.0
,,G,0.1012713600397336,data/precomputed/fig05/learning_fixed_control_pairs.csv,uniform singleton,,,,7.0,0.0
,,G,0.2249605352975591,data/precomputed/fig05/learning_fixed_control_pairs.csv,MIDD,,,,7.0,10000.0
,,G,0.2281963613554723,data/precomputed/fig05/learning_fixed_control_pairs.csv,shuffle,,,,7.0,10000.0
,,G,0.2254401503354229,data/precomputed/fig05/learning_fixed_control_pairs.csv,negative,,,,7.0,10000.0
,,G,0.221251145075282,data/precomputed/fig05/learning_fixed_control_pairs.csv,uniform singleton,,,,7.0,10000.0
,,G,0.3232898665427738,data/precomputed/fig05/learning_fixed_control_pairs.csv,MIDD,,,,7.0,50000.0
,,G,0.4196795351279339,data/precomputed/fig05/learning_fixed_control_pairs.csv,shuffle,,,,7.0,50000.0
,,G,0.3482047807318509,data/precomputed/fig05/learning_fixed_control_pairs.csv,negative,,,,7.0,50000.0
,,G,0.3618182275004635,data/precomputed/fig05/learning_fixed_control_pairs.csv,uniform singleton,,,,7.0,50000.0
,,G,0.4029647218415663,data/precomputed/fig05/learning_fixed_control_pairs.csv,MIDD,,,,7.0,100000.0
,,G,0.3536735472473081,data/precomputed/fig05/learning_fixed_control_pairs.csv,shuffle,,,,7.0,100000.0
,,G,0.3909181092262832,data/precomputed/fig05/learning_fixed_control_pairs.csv,negative,,,,7.0,100000.0
,,G,0.3010417320730398,data/precomputed/fig05/learning_fixed_control_pairs.csv,uniform singleton,,,,7.0,100000.0
,,G,0.1025184647112402,data/precomputed/fig05/learning_fixed_control_pairs.csv,MIDD,,,,8.0,0.0
,,G,0.1025184231202863,data/precomputed/fig05/learning_fixed_control_pairs.csv,shuffle,,,,8.0,0.0
,,G,0.1025180935954644,data/precomputed/fig05/learning_fixed_control_pairs.csv,negative,,,,8.0,0.0
,,G,0.1025033462097576,data/precomputed/fig05/learning_fixed_control_pairs.csv,uniform singleton,,,,8.0,0.0
,,G,0.1822206422695842,data/precomputed/fig05/learning_fixed_control_pairs.csv,MIDD,,,,8.0,10000.0
,,G,0.1829800265216289,data/precomputed/fig05/learning_fixed_control_pairs.csv,shuffle,,,,8.0,10000.0
,,G,0.1826555250626308,data/precomputed/fig05/learning_fixed_control_pairs.csv,negative,,,,8.0,10000.0
,,G,0.1810099925259231,data/precomputed/fig05/learning_fixed_control_pairs.csv,uniform singleton,,,,8.0,10000.0
,,G,0.2570227151307988,data/precomputed/fig05/learning_fixed_control_pairs.csv,MIDD,,,,8.0,50000.0
,,G,0.2423539336642767,data/precomputed/fig05/learning_fixed_control_pairs.csv,shuffle,,,,8.0,50000.0
,,G,0.25862104181634,data/precomputed/fig05/learning_fixed_control_pairs.csv,negative,,,,8.0,50000.0
,,G,0.4613895764318289,data/precomputed/fig05/learning_fixed_control_pairs.csv,uniform singleton,,,,8.0,50000.0
,,G,0.440510100829497,data/precomputed/fig05/learning_fixed_control_pairs.csv,MIDD,,,,8.0,100000.0
,,G,0.3618356362707465,data/precomputed/fig05/learning_fixed_control_pairs.csv,shuffle,,,,8.0,100000.0
,,G,0.3828329206338802,data/precomputed/fig05/learning_fixed_control_pairs.csv,negative,,,,8.0,100000.0
,,G,0.2492912974212535,data/precomputed/fig05/learning_fixed_control_pairs.csv,uniform singleton,,,,8.0,100000.0
,,G,0.1012226651299597,data/precomputed/fig05/learning_fixed_control_pairs.csv,MIDD,,,,9.0,0.0
,,G,0.1012226232631341,data/precomputed/fig05/learning_fixed_control_pairs.csv,shuffle,,,,9.0,0.0
,,G,0.1012223005970816,data/precomputed/fig05/learning_fixed_control_pairs.csv,negative,,,,9.0,0.0
,,G,0.1012076650629895,data/precomputed/fig05/learning_fixed_control_pairs.csv,uniform singleton,,,,9.0,0.0
,,G,0.1900654772884871,data/precomputed/fig05/learning_fixed_control_pairs.csv,MIDD,,,,9.0,10000.0
,,G,0.1945002363864317,data/precomputed/fig05/learning_fixed_control_pairs.csv,shuffle,,,,9.0,10000.0
,,G,0.190845310709057,data/precomputed/fig05/learning_fixed_control_pairs.csv,negative,,,,9.0,10000.0
,,G,0.1921451812207257,data/precomputed/fig05/learning_fixed_control_pairs.csv,uniform singleton,,,,9.0,10000.0
,,G,0.307967486319696,data/precomputed/fig05/learning_fixed_control_pairs.csv,MIDD,,,,9.0,50000.0
,,G,0.3082580635543737,data/precomputed/fig05/learning_fixed_control_pairs.csv,shuffle,,,,9.0,50000.0
,,G,0.2585156659354678,data/precomputed/fig05/learning_fixed_control_pairs.csv,negative,,,,9.0,50000.0
,,G,0.1919567707279791,data/precomputed/fig05/learning_fixed_control_pairs.csv,uniform singleton,,,,9.0,50000.0
,,G,0.1926036074991668,data/precomputed/fig05/learning_fixed_control_pairs.csv,MIDD,,,,9.0,100000.0
,,G,0.2428266704981498,data/precomputed/fig05/learning_fixed_control_pairs.csv,shuffle,,,,9.0,100000.0
,,G,0.168489732129916,data/precomputed/fig05/learning_fixed_control_pairs.csv,negative,,,,9.0,100000.0
,,G,0.1946525465717425,data/precomputed/fig05/learning_fixed_control_pairs.csv,uniform singleton,,,,9.0,100000.0
,,G,0.1019918902829455,data/precomputed/fig05/learning_fixed_control_pairs.csv,MIDD,,,,10.0,0.0
,,G,0.1019918468329713,data/precomputed/fig05/learning_fixed_control_pairs.csv,shuffle,,,,10.0,0.0
,,G,0.1019915216440706,data/precomputed/fig05/learning_fixed_control_pairs.csv,negative,,,,10.0,0.0
,,G,0.1019768127458561,data/precomputed/fig05/learning_fixed_control_pairs.csv,uniform singleton,,,,10.0,0.0
,,G,0.2440894078215736,data/precomputed/fig05/learning_fixed_control_pairs.csv,MIDD,,,,10.0,10000.0
,,G,0.2637890696911746,data/precomputed/fig05/learning_fixed_control_pairs.csv,shuffle,,,,10.0,10000.0
,,G,0.247017721287039,data/precomputed/fig05/learning_fixed_control_pairs.csv,negative,,,,10.0,10000.0
,,G,0.2289634375597475,data/precomputed/fig05/learning_fixed_control_pairs.csv,uniform singleton,,,,10.0,10000.0
,,G,0.4366716734232596,data/precomputed/fig05/learning_fixed_control_pairs.csv,MIDD,,,,10.0,50000.0
,,G,0.3821921961796561,data/precomputed/fig05/learning_fixed_control_pairs.csv,shuffle,,,,10.0,50000.0
,,G,0.3614837241053193,data/precomputed/fig05/learning_fixed_control_pairs.csv,negative,,,,10.0,50000.0
,,G,0.1793545646414864,data/precomputed/fig05/learning_fixed_control_pairs.csv,uniform singleton,,,,10.0,50000.0
,,G,0.3856498263013543,data/precomputed/fig05/learning_fixed_control_pairs.csv,MIDD,,,,10.0,100000.0
,,G,0.3196882242633722,data/precomputed/fig05/learning_fixed_control_pairs.csv,shuffle,,,,10.0,100000.0
,,G,0.2998847186793494,data/precomputed/fig05/learning_fixed_control_pairs.csv,negative,,,,10.0,100000.0
,,G,0.362684693520357,data/precomputed/fig05/learning_fixed_control_pairs.csv,uniform singleton,,,,10.0,100000.0
,,G,0.101280927593137,data/precomputed/fig05/learning_fixed_control_pairs.csv,MIDD,,,,11.0,0.0
,,G,0.1012808821531885,data/precomputed/fig05/learning_fixed_control_pairs.csv,shuffle,,,,11.0,0.0
,,G,0.101280559327123,data/precomputed/fig05/learning_fixed_control_pairs.csv,negative,,,,11.0,0.0
,,G,0.1012659177884824,data/precomputed/fig05/learning_fixed_control_pairs.csv,uniform singleton,,,,11.0,0.0
,,G,0.2091996027985096,data/precomputed/fig05/learning_fixed_control_pairs.csv,MIDD,,,,11.0,10000.0
,,G,0.2082018348824366,data/precomputed/fig05/learning_fixed_control_pairs.csv,shuffle,,,,11.0,10000.0
,,G,0.209473887894526,data/precomputed/fig05/learning_fixed_control_pairs.csv,negative,,,,11.0,10000.0
,,G,0.2214195570678016,data/precomputed/fig05/learning_fixed_control_pairs.csv,uniform singleton,,,,11.0,10000.0
,,G,0.6434138011933503,data/precomputed/fig05/learning_fixed_control_pairs.csv,MIDD,,,,11.0,50000.0
,,G,0.5371443343434126,data/precomputed/fig05/learning_fixed_control_pairs.csv,shuffle,,,,11.0,50000.0
,,G,0.5088939219448241,data/precomputed/fig05/learning_fixed_control_pairs.csv,negative,,,,11.0,50000.0
,,G,0.133854664277785,data/precomputed/fig05/learning_fixed_control_pairs.csv,uniform singleton,,,,11.0,50000.0
,,G,0.2445631542355293,data/precomputed/fig05/learning_fixed_control_pairs.csv,MIDD,,,,11.0,100000.0
,,G,0.2896937384667602,data/precomputed/fig05/learning_fixed_control_pairs.csv,shuffle,,,,11.0,100000.0
,,G,0.2044894800332551,data/precomputed/fig05/learning_fixed_control_pairs.csv,negative,,,,11.0,100000.0
,,G,0.1872526155891969,data/precomputed/fig05/learning_fixed_control_pairs.csv,uniform singleton,,,,11.0,100000.0
,,G,0.101433942867504,data/precomputed/fig05/learning_fixed_control_pairs.csv,MIDD,,,,12.0,0.0
,,G,0.1014338985087762,data/precomputed/fig05/learning_fixed_control_pairs.csv,shuffle,,,,12.0,0.0
,,G,0.1014335733975234,data/precomputed/fig05/learning_fixed_control_pairs.csv,negative,,,,12.0,0.0
,,G,0.1014189164267697,data/precomputed/fig05/learning_fixed_control_pairs.csv,uniform singleton,,,,12.0,0.0
,,G,0.1706588739258168,data/precomputed/fig05/learning_fixed_control_pairs.csv,MIDD,,,,12.0,10000.0
,,G,0.1930503474812924,data/precomputed/fig05/learning_fixed_control_pairs.csv,shuffle,,,,12.0,10000.0
,,G,0.1744437240656407,data/precomputed/fig05/learning_fixed_control_pairs.csv,negative,,,,12.0,10000.0
,,G,0.1991088256320344,data/precomputed/fig05/learning_fixed_control_pairs.csv,uniform singleton,,,,12.0,10000.0
,,G,0.8966245212132202,data/precomputed/fig05/learning_fixed_control_pairs.csv,MIDD,,,,12.0,50000.0
,,G,0.6752693164639867,data/precomputed/fig05/learning_fixed_control_pairs.csv,shuffle,,,,12.0,50000.0
,,G,0.7727903617479406,data/precomputed/fig05/learning_fixed_control_pairs.csv,negative,,,,12.0,50000.0
,,G,0.3240688479395781,data/precomputed/fig05/learning_fixed_control_pairs.csv,uniform singleton,,,,12.0,50000.0
,,G,0.4544372030056773,data/precomputed/fig05/learning_fixed_control_pairs.csv,MIDD,,,,12.0,100000.0
,,G,0.3694441749034728,data/precomputed/fig05/learning_fixed_control_pairs.csv,shuffle,,,,12.0,100000.0
,,G,0.3577064907095589,data/precomputed/fig05/learning_fixed_control_pairs.csv,negative,,,,12.0,100000.0
,,G,0.3318644681372965,data/precomputed/fig05/learning_fixed_control_pairs.csv,uniform singleton,,,,12.0,100000.0
,,G,0.1013102885581188,data/precomputed/fig05/learning_fixed_control_pairs.csv,MIDD,,,,13.0,0.0
,,G,0.1013102414900181,data/precomputed/fig05/learning_fixed_control_pairs.csv,shuffle,,,,13.0,0.0
,,G,0.101309918548377,data/precomputed/fig05/learning_fixed_control_pairs.csv,negative,,,,13.0,0.0
,,G,0.1012952761891032,data/precomputed/fig05/learning_fixed_control_pairs.csv,uniform singleton,,,,13.0,0.0
,,G,0.1921982028439691,data/precomputed/fig05/learning_fixed_control_pairs.csv,MIDD,,,,13.0,10000.0
,,G,0.2019581422526987,data/precomputed/fig05/learning_fixed_control_pairs.csv,shuffle,,,,13.0,10000.0
,,G,0.1942431217237,data/precomputed/fig05/learning_fixed_control_pairs.csv,negative,,,,13.0,10000.0
,,G,0.1898594681047958,data/precomputed/fig05/learning_fixed_control_pairs.csv,uniform singleton,,,,13.0,10000.0
,,G,0.3168883751410949,data/precomputed/fig05/learning_fixed_control_pairs.csv,MIDD,,,,13.0,50000.0
,,G,0.3160928558349771,data/precomputed/fig05/learning_fixed_control_pairs.csv,shuffle,,,,13.0,50000.0
,,G,0.326380033558094,data/precomputed/fig05/learning_fixed_control_pairs.csv,negative,,,,13.0,50000.0
,,G,0.4651568764732278,data/precomputed/fig05/learning_fixed_control_pairs.csv,uniform singleton,,,,13.0,50000.0
,,G,0.3134117141130688,data/precomputed/fig05/learning_fixed_control_pairs.csv,MIDD,,,,13.0,100000.0
,,G,0.2778777027115366,data/precomputed/fig05/learning_fixed_control_pairs.csv,shuffle,,,,13.0,100000.0
,,G,0.2550170767493117,data/precomputed/fig05/learning_fixed_control_pairs.csv,negative,,,,13.0,100000.0
,,G,0.219895786448925,data/precomputed/fig05/learning_fixed_control_pairs.csv,uniform singleton,,,,13.0,100000.0
,,abs_A_norm,1.1063154947641175e-08,data/precomputed/fig05/learning_fixed_control_pairs.csv,MIDD,,,,0.0,0.0
,,abs_A_norm,1.0534323575951236e-05,data/precomputed/fig05/learning_fixed_control_pairs.csv,shuffle,,,,0.0,0.0
,,abs_A_norm,6.527991420138476e-10,data/precomputed/fig05/learning_fixed_control_pairs.csv,negative,,,,0.0,0.0
,,abs_A_norm,,data/precomputed/fig05/learning_fixed_control_pairs.csv,uniform singleton,,,,0.0,0.0
,,abs_A_norm,9.807070636584827e-05,data/precomputed/fig05/learning_fixed_control_pairs.csv,MIDD,,,,0.0,10000.0
,,abs_A_norm,0.0127396163633115,data/precomputed/fig05/learning_fixed_control_pairs.csv,shuffle,,,,0.0,10000.0
,,abs_A_norm,0.0013403986583627,data/precomputed/fig05/learning_fixed_control_pairs.csv,negative,,,,0.0,10000.0
,,abs_A_norm,,data/precomputed/fig05/learning_fixed_control_pairs.csv,uniform singleton,,,,0.0,10000.0
,,abs_A_norm,0.0572056556044368,data/precomputed/fig05/learning_fixed_control_pairs.csv,MIDD,,,,0.0,50000.0
,,abs_A_norm,0.0408314985856037,data/precomputed/fig05/learning_fixed_control_pairs.csv,shuffle,,,,0.0,50000.0
,,abs_A_norm,0.0089814578994918,data/precomputed/fig05/learning_fixed_control_pairs.csv,negative,,,,0.0,50000.0
,,abs_A_norm,,data/precomputed/fig05/learning_fixed_control_pairs.csv,uniform singleton,,,,0.0,50000.0
,,abs_A_norm,0.043689970249223,data/precomputed/fig05/learning_fixed_control_pairs.csv,MIDD,,,,0.0,100000.0
,,abs_A_norm,0.0134691112365834,data/precomputed/fig05/learning_fixed_control_pairs.csv,shuffle,,,,0.0,100000.0
,,abs_A_norm,0.042496335029343,data/precomputed/fig05/learning_fixed_control_pairs.csv,negative,,,,0.0,100000.0
,,abs_A_norm,,data/precomputed/fig05/learning_fixed_control_pairs.csv,uniform singleton,,,,0.0,100000.0
,,abs_A_norm,8.018034489232721e-09,data/precomputed/fig05/learning_fixed_control_pairs.csv,MIDD,,,,1.0,0.0
,,abs_A_norm,1.0529169887157846e-05,data/precomputed/fig05/learning_fixed_control_pairs.csv,shuffle,,,,1.0,0.0
,,abs_A_norm,3.79963921758533e-09,data/precomputed/fig05/learning_fixed_control_pairs.csv,negative,,,,1.0,0.0
,,abs_A_norm,,data/precomputed/fig05/learning_fixed_control_pairs.csv,uniform singleton,,,,1.0,0.0
,,abs_A_norm,0.0001550106205444,data/precomputed/fig05/learning_fixed_control_pairs.csv,MIDD,,,,1.0,10000.0
,,abs_A_norm,0.0108623932262141,data/precomputed/fig05/learning_fixed_control_pairs.csv,shuffle,,,,1.0,10000.0
,,abs_A_norm,0.0017602463790651,data/precomputed/fig05/learning_fixed_control_pairs.csv,negative,,,,1.0,10000.0
,,abs_A_norm,,data/precomputed/fig05/learning_fixed_control_pairs.csv,uniform singleton,,,,1.0,10000.0
,,abs_A_norm,0.1204790320025999,data/precomputed/fig05/learning_fixed_control_pairs.csv,MIDD,,,,1.0,50000.0
,,abs_A_norm,0.0632585094454225,data/precomputed/fig05/learning_fixed_control_pairs.csv,shuffle,,,,1.0,50000.0
,,abs_A_norm,0.0947907595089657,data/precomputed/fig05/learning_fixed_control_pairs.csv,negative,,,,1.0,50000.0
,,abs_A_norm,,data/precomputed/fig05/learning_fixed_control_pairs.csv,uniform singleton,,,,1.0,50000.0
,,abs_A_norm,0.0763643739095508,data/precomputed/fig05/learning_fixed_control_pairs.csv,MIDD,,,,1.0,100000.0
,,abs_A_norm,0.0418578353826316,data/precomputed/fig05/learning_fixed_control_pairs.csv,shuffle,,,,1.0,100000.0
,,abs_A_norm,0.1098326938626345,data/precomputed/fig05/learning_fixed_control_pairs.csv,negative,,,,1.0,100000.0
,,abs_A_norm,,data/precomputed/fig05/learning_fixed_control_pairs.csv,uniform singleton,,,,1.0,100000.0
,,abs_A_norm,1.8220040354453784e-08,data/precomputed/fig05/learning_fixed_control_pairs.csv,MIDD,,,,2.0,0.0
,,abs_A_norm,1.0530374541102987e-05,data/precomputed/fig05/learning_fixed_control_pairs.csv,shuffle,,,,2.0,0.0
,,abs_A_norm,1.111674602231348e-08,data/precomputed/fig05/learning_fixed_control_pairs.csv,negative,,,,2.0,0.0
,,abs_A_norm,,data/precomputed/fig05/learning_fixed_control_pairs.csv,uniform singleton,,,,2.0,0.0
,,abs_A_norm,0.0001669765112883,data/precomputed/fig05/learning_fixed_control_pairs.csv,MIDD,,,,2.0,10000.0
,,abs_A_norm,0.0098186758985323,data/precomputed/fig05/learning_fixed_control_pairs.csv,shuffle,,,,2.0,10000.0
,,abs_A_norm,0.0010868890200321,data/precomputed/fig05/learning_fixed_control_pairs.csv,negative,,,,2.0,10000.0
,,abs_A_norm,,data/precomputed/fig05/learning_fixed_control_pairs.csv,uniform singleton,,,,2.0,10000.0
,,abs_A_norm,0.071484048811966,data/precomputed/fig05/learning_fixed_control_pairs.csv,MIDD,,,,2.0,50000.0
,,abs_A_norm,0.0046093085450716,data/precomputed/fig05/learning_fixed_control_pairs.csv,shuffle,,,,2.0,50000.0
,,abs_A_norm,0.0329383034325972,data/precomputed/fig05/learning_fixed_control_pairs.csv,negative,,,,2.0,50000.0
,,abs_A_norm,,data/precomputed/fig05/learning_fixed_control_pairs.csv,uniform singleton,,,,2.0,50000.0
,,abs_A_norm,0.0123173543752812,data/precomputed/fig05/learning_fixed_control_pairs.csv,MIDD,,,,2.0,100000.0
,,abs_A_norm,0.0180417144342244,data/precomputed/fig05/learning_fixed_control_pairs.csv,shuffle,,,,2.0,100000.0
,,abs_A_norm,0.1200231606542328,data/precomputed/fig05/learning_fixed_control_pairs.csv,negative,,,,2.0,100000.0
,,abs_A_norm,,data/precomputed/fig05/learning_fixed_control_pairs.csv,uniform singleton,,,,2.0,100000.0
,,abs_A_norm,1.4636374000326177e-08,data/precomputed/fig05/learning_fixed_control_pairs.csv,MIDD,,,,3.0,0.0
,,abs_A_norm,1.0556394348747518e-05,data/precomputed/fig05/learning_fixed_control_pairs.csv,shuffle,,,,3.0,0.0
,,abs_A_norm,5.392125833147943e-09,data/precomputed/fig05/learning_fixed_control_pairs.csv,negative,,,,3.0,0.0
,,abs_A_norm,,data/precomputed/fig05/learning_fixed_control_pairs.csv,uniform singleton,,,,3.0,0.0
,,abs_A_norm,0.0003778803514199,data/precomputed/fig05/learning_fixed_control_pairs.csv,MIDD,,,,3.0,10000.0
,,abs_A_norm,0.0150135065491875,data/precomputed/fig05/learning_fixed_control_pairs.csv,shuffle,,,,3.0,10000.0
,,abs_A_norm,0.0010728086775021,data/precomputed/fig05/learning_fixed_control_pairs.csv,negative,,,,3.0,10000.0
,,abs_A_norm,,data/precomputed/fig05/learning_fixed_control_pairs.csv,uniform singleton,,,,3.0,10000.0
,,abs_A_norm,0.0100261629516078,data/precomputed/fig05/learning_fixed_control_pairs.csv,MIDD,,,,3.0,50000.0
,,abs_A_norm,0.100727201514824,data/precomputed/fig05/learning_fixed_control_pairs.csv,shuffle,,,,3.0,50000.0
,,abs_A_norm,0.0279341810658432,data/precomputed/fig05/learning_fixed_control_pairs.csv,negative,,,,3.0,50000.0
,,abs_A_norm,,data/precomputed/fig05/learning_fixed_control_pairs.csv,uniform singleton,,,,3.0,50000.0
,,abs_A_norm,0.0048239737915633,data/precomputed/fig05/learning_fixed_control_pairs.csv,MIDD,,,,3.0,100000.0
,,abs_A_norm,0.0034352963575337,data/precomputed/fig05/learning_fixed_control_pairs.csv,shuffle,,,,3.0,100000.0
,,abs_A_norm,0.0380521595530412,data/precomputed/fig05/learning_fixed_control_pairs.csv,negative,,,,3.0,100000.0
,,abs_A_norm,,data/precomputed/fig05/learning_fixed_control_pairs.csv,uniform singleton,,,,3.0,100000.0
,,abs_A_norm,1.3258530374066536e-09,data/precomputed/fig05/learning_fixed_control_pairs.csv,MIDD,,,,4.0,0.0
,,abs_A_norm,1.0543097635517474e-05,data/precomputed/fig05/learning_fixed_control_pairs.csv,shuffle,,,,4.0,0.0
,,abs_A_norm,3.643407252885529e-09,data/precomputed/fig05/learning_fixed_control_pairs.csv,negative,,,,4.0,0.0
,,abs_A_norm,,data/precomputed/fig05/learning_fixed_control_pairs.csv,uniform singleton,,,,4.0,0.0
,,abs_A_norm,0.0001922902010913,data/precomputed/fig05/learning_fixed_control_pairs.csv,MIDD,,,,4.0,10000.0
,,abs_A_norm,0.0202584274159646,data/precomputed/fig05/learning_fixed_control_pairs.csv,shuffle,,,,4.0,10000.0
,,abs_A_norm,0.0011607949126275,data/precomputed/fig05/learning_fixed_control_pairs.csv,negative,,,,4.0,10000.0
,,abs_A_norm,,data/precomputed/fig05/learning_fixed_control_pairs.csv,uniform singleton,,,,4.0,10000.0
,,abs_A_norm,0.0180512995565152,data/precomputed/fig05/learning_fixed_control_pairs.csv,MIDD,,,,4.0,50000.0
,,abs_A_norm,0.0120189034903782,data/precomputed/fig05/learning_fixed_control_pairs.csv,shuffle,,,,4.0,50000.0
,,abs_A_norm,0.011418085171716,data/precomputed/fig05/learning_fixed_control_pairs.csv,negative,,,,4.0,50000.0
,,abs_A_norm,,data/precomputed/fig05/learning_fixed_control_pairs.csv,uniform singleton,,,,4.0,50000.0
,,abs_A_norm,0.0073247752285526,data/precomputed/fig05/learning_fixed_control_pairs.csv,MIDD,,,,4.0,100000.0
,,abs_A_norm,0.0394348999729209,data/precomputed/fig05/learning_fixed_control_pairs.csv,shuffle,,,,4.0,100000.0
,,abs_A_norm,0.0189409767027235,data/precomputed/fig05/learning_fixed_control_pairs.csv,negative,,,,4.0,100000.0
,,abs_A_norm,,data/precomputed/fig05/learning_fixed_control_pairs.csv,uniform singleton,,,,4.0,100000.0
,,abs_A_norm,2.0107835110978393e-08,data/precomputed/fig05/learning_fixed_control_pairs.csv,MIDD,,,,5.0,0.0
,,abs_A_norm,1.0541229119291015e-05,data/precomputed/fig05/learning_fixed_control_pairs.csv,shuffle,,,,5.0,0.0
,,abs_A_norm,2.629530523722152e-09,data/precomputed/fig05/learning_fixed_control_pairs.csv,negative,,,,5.0,0.0
,,abs_A_norm,,data/precomputed/fig05/learning_fixed_control_pairs.csv,uniform singleton,,,,5.0,0.0
,,abs_A_norm,0.0001271237494662,data/precomputed/fig05/learning_fixed_control_pairs.csv,MIDD,,,,5.0,10000.0
,,abs_A_norm,0.0229816571814147,data/precomputed/fig05/learning_fixed_control_pairs.csv,shuffle,,,,5.0,10000.0
,,abs_A_norm,0.0019122953094578,data/precomputed/fig05/learning_fixed_control_pairs.csv,negative,,,,5.0,10000.0
,,abs_A_norm,,data/precomputed/fig05/learning_fixed_control_pairs.csv,uniform singleton,,,,5.0,10000.0
,,abs_A_norm,0.0081114469190859,data/precomputed/fig05/learning_fixed_control_pairs.csv,MIDD,,,,5.0,50000.0
,,abs_A_norm,0.0553637766330938,data/precomputed/fig05/learning_fixed_control_pairs.csv,shuffle,,,,5.0,50000.0
,,abs_A_norm,0.0101332780504832,data/precomputed/fig05/learning_fixed_control_pairs.csv,negative,,,,5.0,50000.0
,,abs_A_norm,,data/precomputed/fig05/learning_fixed_control_pairs.csv,uniform singleton,,,,5.0,50000.0
,,abs_A_norm,0.0419210803702672,data/precomputed/fig05/learning_fixed_control_pairs.csv,MIDD,,,,5.0,100000.0
,,abs_A_norm,0.0606189984859672,data/precomputed/fig05/learning_fixed_control_pairs.csv,shuffle,,,,5.0,100000.0
,,abs_A_norm,0.1023880848977934,data/precomputed/fig05/learning_fixed_control_pairs.csv,negative,,,,5.0,100000.0
,,abs_A_norm,,data/precomputed/fig05/learning_fixed_control_pairs.csv,uniform singleton,,,,5.0,100000.0
,,abs_A_norm,1.6866349348774226e-08,data/precomputed/fig05/learning_fixed_control_pairs.csv,MIDD,,,,6.0,0.0
,,abs_A_norm,1.05606510678876e-05,data/precomputed/fig05/learning_fixed_control_pairs.csv,shuffle,,,,6.0,0.0
,,abs_A_norm,4.3145009102991605e-10,data/precomputed/fig05/learning_fixed_control_pairs.csv,negative,,,,6.0,0.0
,,abs_A_norm,,data/precomputed/fig05/learning_fixed_control_pairs.csv,uniform singleton,,,,6.0,0.0
,,abs_A_norm,6.508798063799371e-06,data/precomputed/fig05/learning_fixed_control_pairs.csv,MIDD,,,,6.0,10000.0
,,abs_A_norm,0.0145539519221308,data/precomputed/fig05/learning_fixed_control_pairs.csv,shuffle,,,,6.0,10000.0
,,abs_A_norm,0.0013697824957314,data/precomputed/fig05/learning_fixed_control_pairs.csv,negative,,,,6.0,10000.0
,,abs_A_norm,,data/precomputed/fig05/learning_fixed_control_pairs.csv,uniform singleton,,,,6.0,10000.0
,,abs_A_norm,0.0493361754256753,data/precomputed/fig05/learning_fixed_control_pairs.csv,MIDD,,,,6.0,50000.0
,,abs_A_norm,0.1607534620579442,data/precomputed/fig05/learning_fixed_control_pairs.csv,shuffle,,,,6.0,50000.0
,,abs_A_norm,0.0105122491097847,data/precomputed/fig05/learning_fixed_control_pairs.csv,negative,,,,6.0,50000.0
,,abs_A_norm,,data/precomputed/fig05/learning_fixed_control_pairs.csv,uniform singleton,,,,6.0,50000.0
,,abs_A_norm,0.052716960401245,data/precomputed/fig05/learning_fixed_control_pairs.csv,MIDD,,,,6.0,100000.0
,,abs_A_norm,0.0631463878520001,data/precomputed/fig05/learning_fixed_control_pairs.csv,shuffle,,,,6.0,100000.0
,,abs_A_norm,0.0096538591927955,data/precomputed/fig05/learning_fixed_control_pairs.csv,negative,,,,6.0,100000.0
,,abs_A_norm,,data/precomputed/fig05/learning_fixed_control_pairs.csv,uniform singleton,,,,6.0,100000.0
,,abs_A_norm,5.8050132796458775e-09,data/precomputed/fig05/learning_fixed_control_pairs.csv,MIDD,,,,7.0,0.0
,,abs_A_norm,1.0549423862425752e-05,data/precomputed/fig05/learning_fixed_control_pairs.csv,shuffle,,,,7.0,0.0
,,abs_A_norm,1.3291878411946731e-09,data/precomputed/fig05/learning_fixed_control_pairs.csv,negative,,,,7.0,0.0
,,abs_A_norm,,data/precomputed/fig05/learning_fixed_control_pairs.csv,uniform singleton,,,,7.0,0.0
,,abs_A_norm,0.0002173721802976,data/precomputed/fig05/learning_fixed_control_pairs.csv,MIDD,,,,7.0,10000.0
,,abs_A_norm,0.0205486449120283,data/precomputed/fig05/learning_fixed_control_pairs.csv,shuffle,,,,7.0,10000.0
,,abs_A_norm,0.0015804768108665,data/precomputed/fig05/learning_fixed_control_pairs.csv,negative,,,,7.0,10000.0
,,abs_A_norm,,data/precomputed/fig05/learning_fixed_control_pairs.csv,uniform singleton,,,,7.0,10000.0
,,abs_A_norm,0.00366993951468,data/precomputed/fig05/learning_fixed_control_pairs.csv,MIDD,,,,7.0,50000.0
,,abs_A_norm,0.0078796006139457,data/precomputed/fig05/learning_fixed_control_pairs.csv,shuffle,,,,7.0,50000.0
,,abs_A_norm,0.0089841788056978,data/precomputed/fig05/learning_fixed_control_pairs.csv,negative,,,,7.0,50000.0
,,abs_A_norm,,data/precomputed/fig05/learning_fixed_control_pairs.csv,uniform singleton,,,,7.0,50000.0
,,abs_A_norm,0.0024991555347922,data/precomputed/fig05/learning_fixed_control_pairs.csv,MIDD,,,,7.0,100000.0
,,abs_A_norm,0.0178885988828114,data/precomputed/fig05/learning_fixed_control_pairs.csv,shuffle,,,,7.0,100000.0
,,abs_A_norm,0.0076088866157994,data/precomputed/fig05/learning_fixed_control_pairs.csv,negative,,,,7.0,100000.0
,,abs_A_norm,,data/precomputed/fig05/learning_fixed_control_pairs.csv,uniform singleton,,,,7.0,100000.0
,,abs_A_norm,1.4354715929456686e-08,data/precomputed/fig05/learning_fixed_control_pairs.csv,MIDD,,,,8.0,0.0
,,abs_A_norm,1.0476127602572244e-05,data/precomputed/fig05/learning_fixed_control_pairs.csv,shuffle,,,,8.0,0.0
,,abs_A_norm,6.049628233797143e-09,data/precomputed/fig05/learning_fixed_control_pairs.csv,negative,,,,8.0,0.0
,,abs_A_norm,,data/precomputed/fig05/learning_fixed_control_pairs.csv,uniform singleton,,,,8.0,0.0
,,abs_A_norm,0.0002310168956276,data/precomputed/fig05/learning_fixed_control_pairs.csv,MIDD,,,,8.0,10000.0
,,abs_A_norm,0.0124669713635094,data/precomputed/fig05/learning_fixed_control_pairs.csv,shuffle,,,,8.0,10000.0
,,abs_A_norm,0.0015360277588189,data/precomputed/fig05/learning_fixed_control_pairs.csv,negative,,,,8.0,10000.0
,,abs_A_norm,,data/precomputed/fig05/learning_fixed_control_pairs.csv,uniform singleton,,,,8.0,10000.0
,,abs_A_norm,0.0109714711436739,data/precomputed/fig05/learning_fixed_control_pairs.csv,MIDD,,,,8.0,50000.0
,,abs_A_norm,0.0326350922658687,data/precomputed/fig05/learning_fixed_control_pairs.csv,shuffle,,,,8.0,50000.0
,,abs_A_norm,0.0113038504733031,data/precomputed/fig05/learning_fixed_control_pairs.csv,negative,,,,8.0,50000.0
,,abs_A_norm,,data/precomputed/fig05/learning_fixed_control_pairs.csv,uniform singleton,,,,8.0,50000.0
,,abs_A_norm,0.0178073834216863,data/precomputed/fig05/learning_fixed_control_pairs.csv,MIDD,,,,8.0,100000.0
,,abs_A_norm,0.0097390174087398,data/precomputed/fig05/learning_fixed_control_pairs.csv,shuffle,,,,8.0,100000.0
,,abs_A_norm,0.0146874070103555,data/precomputed/fig05/learning_fixed_control_pairs.csv,negative,,,,8.0,100000.0
,,abs_A_norm,,data/precomputed/fig05/learning_fixed_control_pairs.csv,uniform singleton,,,,8.0,100000.0
,,abs_A_norm,4.252683029093274e-09,data/precomputed/fig05/learning_fixed_control_pairs.csv,MIDD,,,,9.0,0.0
,,abs_A_norm,1.0542149903611229e-05,data/precomputed/fig05/learning_fixed_control_pairs.csv,shuffle,,,,9.0,0.0
,,abs_A_norm,1.6802903901635846e-10,data/precomputed/fig05/learning_fixed_control_pairs.csv,negative,,,,9.0,0.0
,,abs_A_norm,,data/precomputed/fig05/learning_fixed_control_pairs.csv,uniform singleton,,,,9.0,0.0
,,abs_A_norm,0.0001046395519574,data/precomputed/fig05/learning_fixed_control_pairs.csv,MIDD,,,,9.0,10000.0
,,abs_A_norm,0.0113590780465278,data/precomputed/fig05/learning_fixed_control_pairs.csv,shuffle,,,,9.0,10000.0
,,abs_A_norm,0.0011149298087595,data/precomputed/fig05/learning_fixed_control_pairs.csv,negative,,,,9.0,10000.0
,,abs_A_norm,,data/precomputed/fig05/learning_fixed_control_pairs.csv,uniform singleton,,,,9.0,10000.0
,,abs_A_norm,0.0454571099019189,data/precomputed/fig05/learning_fixed_control_pairs.csv,MIDD,,,,9.0,50000.0
,,abs_A_norm,0.0006817890540014,data/precomputed/fig05/learning_fixed_control_pairs.csv,shuffle,,,,9.0,50000.0
,,abs_A_norm,0.0346617351812601,data/precomputed/fig05/learning_fixed_control_pairs.csv,negative,,,,9.0,50000.0
,,abs_A_norm,,data/precomputed/fig05/learning_fixed_control_pairs.csv,uniform singleton,,,,9.0,50000.0
,,abs_A_norm,0.0532187013461286,data/precomputed/fig05/learning_fixed_control_pairs.csv,MIDD,,,,9.0,100000.0
,,abs_A_norm,0.0581539606132189,data/precomputed/fig05/learning_fixed_control_pairs.csv,shuffle,,,,9.0,100000.0
,,abs_A_norm,0.0474946410404483,data/precomputed/fig05/learning_fixed_control_pairs.csv,negative,,,,9.0,100000.0
,,abs_A_norm,,data/precomputed/fig05/learning_fixed_control_pairs.csv,uniform singleton,,,,9.0,100000.0
,,abs_A_norm,6.22189381413427e-09,data/precomputed/fig05/learning_fixed_control_pairs.csv,MIDD,,,,10.0,0.0
,,abs_A_norm,1.0515487104172112e-05,data/precomputed/fig05/learning_fixed_control_pairs.csv,shuffle,,,,10.0,0.0
,,abs_A_norm,2.240913593039073e-09,data/precomputed/fig05/learning_fixed_control_pairs.csv,negative,,,,10.0,0.0
,,abs_A_norm,,data/precomputed/fig05/learning_fixed_control_pairs.csv,uniform singleton,,,,10.0,0.0
,,abs_A_norm,0.0007625015664801,data/precomputed/fig05/learning_fixed_control_pairs.csv,MIDD,,,,10.0,10000.0
,,abs_A_norm,0.0153905687260651,data/precomputed/fig05/learning_fixed_control_pairs.csv,shuffle,,,,10.0,10000.0
,,abs_A_norm,0.0023053062615956,data/precomputed/fig05/learning_fixed_control_pairs.csv,negative,,,,10.0,10000.0
,,abs_A_norm,,data/precomputed/fig05/learning_fixed_control_pairs.csv,uniform singleton,,,,10.0,10000.0
,,abs_A_norm,0.0304366440589553,data/precomputed/fig05/learning_fixed_control_pairs.csv,MIDD,,,,10.0,50000.0
,,abs_A_norm,0.0077627118683222,data/precomputed/fig05/learning_fixed_control_pairs.csv,shuffle,,,,10.0,50000.0
,,abs_A_norm,0.0080261049375014,data/precomputed/fig05/learning_fixed_control_pairs.csv,negative,,,,10.0,50000.0
,,abs_A_norm,,data/precomputed/fig05/learning_fixed_control_pairs.csv,uniform singleton,,,,10.0,50000.0
,,abs_A_norm,0.0347123854123807,data/precomputed/fig05/learning_fixed_control_pairs.csv,MIDD,,,,10.0,100000.0
,,abs_A_norm,0.0767359943886598,data/precomputed/fig05/learning_fixed_control_pairs.csv,shuffle,,,,10.0,100000.0
,,abs_A_norm,0.0044253279601245,data/precomputed/fig05/learning_fixed_control_pairs.csv,negative,,,,10.0,100000.0
,,abs_A_norm,,data/precomputed/fig05/learning_fixed_control_pairs.csv,uniform singleton,,,,10.0,100000.0
,,abs_A_norm,1.0738756731959888e-08,data/precomputed/fig05/learning_fixed_control_pairs.csv,MIDD,,,,11.0,0.0
,,abs_A_norm,1.0545667326048822e-05,data/precomputed/fig05/learning_fixed_control_pairs.csv,shuffle,,,,11.0,0.0
,,abs_A_norm,8.217736825102481e-09,data/precomputed/fig05/learning_fixed_control_pairs.csv,negative,,,,11.0,0.0
,,abs_A_norm,,data/precomputed/fig05/learning_fixed_control_pairs.csv,uniform singleton,,,,11.0,0.0
,,abs_A_norm,0.0002144688484574,data/precomputed/fig05/learning_fixed_control_pairs.csv,MIDD,,,,11.0,10000.0
,,abs_A_norm,0.017248421563452,data/precomputed/fig05/learning_fixed_control_pairs.csv,shuffle,,,,11.0,10000.0
,,abs_A_norm,0.0015067207502685,data/precomputed/fig05/learning_fixed_control_pairs.csv,negative,,,,11.0,10000.0
,,abs_A_norm,,data/precomputed/fig05/learning_fixed_control_pairs.csv,uniform singleton,,,,11.0,10000.0
,,abs_A_norm,0.0213133936151176,data/precomputed/fig05/learning_fixed_control_pairs.csv,MIDD,,,,11.0,50000.0
,,abs_A_norm,0.0624737323319229,data/precomputed/fig05/learning_fixed_control_pairs.csv,shuffle,,,,11.0,50000.0
,,abs_A_norm,0.0088791010220654,data/precomputed/fig05/learning_fixed_control_pairs.csv,negative,,,,11.0,50000.0
,,abs_A_norm,,data/precomputed/fig05/learning_fixed_control_pairs.csv,uniform singleton,,,,11.0,50000.0
,,abs_A_norm,0.0444151154770701,data/precomputed/fig05/learning_fixed_control_pairs.csv,MIDD,,,,11.0,100000.0
,,abs_A_norm,0.0933521412862358,data/precomputed/fig05/learning_fixed_control_pairs.csv,shuffle,,,,11.0,100000.0
,,abs_A_norm,0.0526097385559758,data/precomputed/fig05/learning_fixed_control_pairs.csv,negative,,,,11.0,100000.0
,,abs_A_norm,,data/precomputed/fig05/learning_fixed_control_pairs.csv,uniform singleton,,,,11.0,100000.0
,,abs_A_norm,2.76276721434387e-08,data/precomputed/fig05/learning_fixed_control_pairs.csv,MIDD,,,,12.0,0.0
,,abs_A_norm,1.0529262200952287e-05,data/precomputed/fig05/learning_fixed_control_pairs.csv,shuffle,,,,12.0,0.0
,,abs_A_norm,1.1568140727913076e-08,data/precomputed/fig05/learning_fixed_control_pairs.csv,negative,,,,12.0,0.0
,,abs_A_norm,,data/precomputed/fig05/learning_fixed_control_pairs.csv,uniform singleton,,,,12.0,0.0
,,abs_A_norm,0.0001548069877153,data/precomputed/fig05/learning_fixed_control_pairs.csv,MIDD,,,,12.0,10000.0
,,abs_A_norm,0.0277481557373793,data/precomputed/fig05/learning_fixed_control_pairs.csv,shuffle,,,,12.0,10000.0
,,abs_A_norm,0.0040086865644516,data/precomputed/fig05/learning_fixed_control_pairs.csv,negative,,,,12.0,10000.0
,,abs_A_norm,,data/precomputed/fig05/learning_fixed_control_pairs.csv,uniform singleton,,,,12.0,10000.0
,,abs_A_norm,0.0330287604105156,data/precomputed/fig05/learning_fixed_control_pairs.csv,MIDD,,,,12.0,50000.0
,,abs_A_norm,0.0165011911400588,data/precomputed/fig05/learning_fixed_control_pairs.csv,shuffle,,,,12.0,50000.0
,,abs_A_norm,0.0060440000604381,data/precomputed/fig05/learning_fixed_control_pairs.csv,negative,,,,12.0,50000.0
,,abs_A_norm,,data/precomputed/fig05/learning_fixed_control_pairs.csv,uniform singleton,,,,12.0,50000.0
,,abs_A_norm,0.0270774830729845,data/precomputed/fig05/learning_fixed_control_pairs.csv,MIDD,,,,12.0,100000.0
,,abs_A_norm,0.0326262624910544,data/precomputed/fig05/learning_fixed_control_pairs.csv,shuffle,,,,12.0,100000.0
,,abs_A_norm,0.0124744318936624,data/precomputed/fig05/learning_fixed_control_pairs.csv,negative,,,,12.0,100000.0
,,abs_A_norm,,data/precomputed/fig05/learning_fixed_control_pairs.csv,uniform singleton,,,,12.0,100000.0
,,abs_A_norm,5.2776548973588654e-09,data/precomputed/fig05/learning_fixed_control_pairs.csv,MIDD,,,,13.0,0.0
,,abs_A_norm,1.053773543884596e-05,data/precomputed/fig05/learning_fixed_control_pairs.csv,shuffle,,,,13.0,0.0
,,abs_A_norm,4.120746122792708e-09,data/precomputed/fig05/learning_fixed_control_pairs.csv,negative,,,,13.0,0.0
,,abs_A_norm,,data/precomputed/fig05/learning_fixed_control_pairs.csv,uniform singleton,,,,13.0,0.0
,,abs_A_norm,0.0001590009407291,data/precomputed/fig05/learning_fixed_control_pairs.csv,MIDD,,,,13.0,10000.0
,,abs_A_norm,0.0173743229234975,data/precomputed/fig05/learning_fixed_control_pairs.csv,shuffle,,,,13.0,10000.0
,,abs_A_norm,0.0018736979596235,data/precomputed/fig05/learning_fixed_control_pairs.csv,negative,,,,13.0,10000.0
,,abs_A_norm,,data/precomputed/fig05/learning_fixed_control_pairs.csv,uniform singleton,,,,13.0,10000.0
,,abs_A_norm,0.0302778252247244,data/precomputed/fig05/learning_fixed_control_pairs.csv,MIDD,,,,13.0,50000.0
,,abs_A_norm,0.0102713385856819,data/precomputed/fig05/learning_fixed_control_pairs.csv,shuffle,,,,13.0,50000.0
,,abs_A_norm,0.0160914598534119,data/precomputed/fig05/learning_fixed_control_pairs.csv,negative,,,,13.0,50000.0
,,abs_A_norm,,data/precomputed/fig05/learning_fixed_control_pairs.csv,uniform singleton,,,,13.0,50000.0
,,abs_A_norm,0.0445142686680165,data/precomputed/fig05/learning_fixed_control_pairs.csv,MIDD,,,,13.0,100000.0
,,abs_A_norm,0.021990706075445,data/precomputed/fig05/learning_fixed_control_pairs.csv,shuffle,,,,13.0,100000.0
,,abs_A_norm,0.0192158812809039,data/precomputed/fig05/learning_fixed_control_pairs.csv,negative,,,,13.0,100000.0
,,abs_A_norm,,data/precomputed/fig05/learning_fixed_control_pairs.csv,uniform singleton,,,,13.0,100000.0
,,T,-2.467890643018507e-05,data/precomputed/fig05/learning_fixed_control_pairs.csv,MIDD,,,,0.0,0.0
,,T,-3.295511449419563e-05,data/precomputed/fig05/learning_fixed_control_pairs.csv,shuffle,,,,0.0,0.0
,,T,-2.4682258389894295e-05,data/precomputed/fig05/learning_fixed_control_pairs.csv,negative,,,,0.0,0.0
,,T,-2.4691477518020085e-05,data/precomputed/fig05/learning_fixed_control_pairs.csv,uniform singleton,,,,0.0,0.0
,,T,-0.0009537226255438,data/precomputed/fig05/learning_fixed_control_pairs.csv,MIDD,,,,0.0,10000.0
,,T,-0.0014286355946712,data/precomputed/fig05/learning_fixed_control_pairs.csv,shuffle,,,,0.0,10000.0
,,T,-0.0007219427935763,data/precomputed/fig05/learning_fixed_control_pairs.csv,negative,,,,0.0,10000.0
,,T,-0.0009485336420579,data/precomputed/fig05/learning_fixed_control_pairs.csv,uniform singleton,,,,0.0,10000.0
,,T,0.0406422531981818,data/precomputed/fig05/learning_fixed_control_pairs.csv,MIDD,,,,0.0,50000.0
,,T,0.0241614020219719,data/precomputed/fig05/learning_fixed_control_pairs.csv,shuffle,,,,0.0,50000.0
,,T,0.0272990069035029,data/precomputed/fig05/learning_fixed_control_pairs.csv,negative,,,,0.0,50000.0
,,T,0.0393667561777715,data/precomputed/fig05/learning_fixed_control_pairs.csv,uniform singleton,,,,0.0,50000.0
,,T,0.0296048425043372,data/precomputed/fig05/learning_fixed_control_pairs.csv,MIDD,,,,0.0,100000.0
,,T,0.0147222561822575,data/precomputed/fig05/learning_fixed_control_pairs.csv,shuffle,,,,0.0,100000.0
,,T,0.0135545378928099,data/precomputed/fig05/learning_fixed_control_pairs.csv,negative,,,,0.0,100000.0
,,T,0.0049138658664313,data/precomputed/fig05/learning_fixed_control_pairs.csv,uniform singleton,,,,0.0,100000.0
,,T,-2.474983780392242e-05,data/precomputed/fig05/learning_fixed_control_pairs.csv,MIDD,,,,1.0,0.0
,,T,-3.302021428357805e-05,data/precomputed/fig05/learning_fixed_control_pairs.csv,shuffle,,,,1.0,0.0
,,T,-2.475131083367764e-05,data/precomputed/fig05/learning_fixed_control_pairs.csv,negative,,,,1.0,0.0
,,T,-2.4761746945266685e-05,data/precomputed/fig05/learning_fixed_control_pairs.csv,uniform singleton,,,,1.0,0.0
,,T,-0.0051921074758563,data/precomputed/fig05/learning_fixed_control_pairs.csv,MIDD,,,,1.0,10000.0
,,T,-0.002695600800074,data/precomputed/fig05/learning_fixed_control_pairs.csv,shuffle,,,,1.0,10000.0
,,T,-0.0047061452534576,data/precomputed/fig05/learning_fixed_control_pairs.csv,negative,,,,1.0,10000.0
,,T,-0.0045933588076567,data/precomputed/fig05/learning_fixed_control_pairs.csv,uniform singleton,,,,1.0,10000.0
,,T,-0.0418091408821731,data/precomputed/fig05/learning_fixed_control_pairs.csv,MIDD,,,,1.0,50000.0
,,T,0.0215696041400319,data/precomputed/fig05/learning_fixed_control_pairs.csv,shuffle,,,,1.0,50000.0
,,T,-0.0406163375694817,data/precomputed/fig05/learning_fixed_control_pairs.csv,negative,,,,1.0,50000.0
,,T,0.0047049854118639,data/precomputed/fig05/learning_fixed_control_pairs.csv,uniform singleton,,,,1.0,50000.0
,,T,-0.020989045122536,data/precomputed/fig05/learning_fixed_control_pairs.csv,MIDD,,,,1.0,100000.0
,,T,0.0143889018928342,data/precomputed/fig05/learning_fixed_control_pairs.csv,shuffle,,,,1.0,100000.0
,,T,-0.0306597337302479,data/precomputed/fig05/learning_fixed_control_pairs.csv,negative,,,,1.0,100000.0
,,T,0.0237105099294059,data/precomputed/fig05/learning_fixed_control_pairs.csv,uniform singleton,,,,1.0,100000.0
,,T,-2.3036601699494524e-05,data/precomputed/fig05/learning_fixed_control_pairs.csv,MIDD,,,,2.0,0.0
,,T,-3.131650676282176e-05,data/precomputed/fig05/learning_fixed_control_pairs.csv,shuffle,,,,2.0,0.0
,,T,-2.303971701402058e-05,data/precomputed/fig05/learning_fixed_control_pairs.csv,negative,,,,2.0,0.0
,,T,-2.3049576568844605e-05,data/precomputed/fig05/learning_fixed_control_pairs.csv,uniform singleton,,,,2.0,0.0
,,T,0.0041505281183602,data/precomputed/fig05/learning_fixed_control_pairs.csv,MIDD,,,,2.0,10000.0
,,T,0.005519684086696,data/precomputed/fig05/learning_fixed_control_pairs.csv,shuffle,,,,2.0,10000.0
,,T,0.004393413729075,data/precomputed/fig05/learning_fixed_control_pairs.csv,negative,,,,2.0,10000.0
,,T,0.0036881993586904,data/precomputed/fig05/learning_fixed_control_pairs.csv,uniform singleton,,,,2.0,10000.0
,,T,-0.0172068716200835,data/precomputed/fig05/learning_fixed_control_pairs.csv,MIDD,,,,2.0,50000.0
,,T,0.0145476529963751,data/precomputed/fig05/learning_fixed_control_pairs.csv,shuffle,,,,2.0,50000.0
,,T,-0.0145231279128006,data/precomputed/fig05/learning_fixed_control_pairs.csv,negative,,,,2.0,50000.0
,,T,-0.0500321102349224,data/precomputed/fig05/learning_fixed_control_pairs.csv,uniform singleton,,,,2.0,50000.0
,,T,0.0160641180917697,data/precomputed/fig05/learning_fixed_control_pairs.csv,MIDD,,,,2.0,100000.0
,,T,0.0232850441368056,data/precomputed/fig05/learning_fixed_control_pairs.csv,shuffle,,,,2.0,100000.0
,,T,-0.0260888813929117,data/precomputed/fig05/learning_fixed_control_pairs.csv,negative,,,,2.0,100000.0
,,T,0.011928125719475,data/precomputed/fig05/learning_fixed_control_pairs.csv,uniform singleton,,,,2.0,100000.0
,,T,-2.5122672271207464e-05,data/precomputed/fig05/learning_fixed_control_pairs.csv,MIDD,,,,3.0,0.0
,,T,-3.33887101180738e-05,data/precomputed/fig05/learning_fixed_control_pairs.csv,shuffle,,,,3.0,0.0
,,T,-2.5124104663987335e-05,data/precomputed/fig05/learning_fixed_control_pairs.csv,negative,,,,3.0,0.0
,,T,-2.5133358339639508e-05,data/precomputed/fig05/learning_fixed_control_pairs.csv,uniform singleton,,,,3.0,0.0
,,T,0.0042025914005986,data/precomputed/fig05/learning_fixed_control_pairs.csv,MIDD,,,,3.0,10000.0
,,T,0.0072983286650127,data/precomputed/fig05/learning_fixed_control_pairs.csv,shuffle,,,,3.0,10000.0
,,T,0.0043224231368677,data/precomputed/fig05/learning_fixed_control_pairs.csv,negative,,,,3.0,10000.0
,,T,0.0030609173345721,data/precomputed/fig05/learning_fixed_control_pairs.csv,uniform singleton,,,,3.0,10000.0
,,T,0.0239564099527192,data/precomputed/fig05/learning_fixed_control_pairs.csv,MIDD,,,,3.0,50000.0
,,T,-0.00190567225789,data/precomputed/fig05/learning_fixed_control_pairs.csv,shuffle,,,,3.0,50000.0
,,T,0.0135417596274483,data/precomputed/fig05/learning_fixed_control_pairs.csv,negative,,,,3.0,50000.0
,,T,0.0068535163558615,data/precomputed/fig05/learning_fixed_control_pairs.csv,uniform singleton,,,,3.0,50000.0
,,T,0.0003914536620973,data/precomputed/fig05/learning_fixed_control_pairs.csv,MIDD,,,,3.0,100000.0
,,T,0.0034643487491632,data/precomputed/fig05/learning_fixed_control_pairs.csv,shuffle,,,,3.0,100000.0
,,T,0.001973181589117,data/precomputed/fig05/learning_fixed_control_pairs.csv,negative,,,,3.0,100000.0
,,T,0.0030600352492695,data/precomputed/fig05/learning_fixed_control_pairs.csv,uniform singleton,,,,3.0,100000.0
,,T,-2.7890847925968004e-05,data/precomputed/fig05/learning_fixed_control_pairs.csv,MIDD,,,,4.0,0.0
,,T,-3.6139682989730046e-05,data/precomputed/fig05/learning_fixed_control_pairs.csv,shuffle,,,,4.0,0.0
,,T,-2.7892767452915583e-05,data/precomputed/fig05/learning_fixed_control_pairs.csv,negative,,,,4.0,0.0
,,T,-2.7903527349749023e-05,data/precomputed/fig05/learning_fixed_control_pairs.csv,uniform singleton,,,,4.0,0.0
,,T,-0.0269552743110451,data/precomputed/fig05/learning_fixed_control_pairs.csv,MIDD,,,,4.0,10000.0
,,T,-0.025052001167621,data/precomputed/fig05/learning_fixed_control_pairs.csv,shuffle,,,,4.0,10000.0
,,T,-0.026792912055107,data/precomputed/fig05/learning_fixed_control_pairs.csv,negative,,,,4.0,10000.0
,,T,-0.0253611985362975,data/precomputed/fig05/learning_fixed_control_pairs.csv,uniform singleton,,,,4.0,10000.0
,,T,-0.0001992797652859,data/precomputed/fig05/learning_fixed_control_pairs.csv,MIDD,,,,4.0,50000.0
,,T,0.0092821844502942,data/precomputed/fig05/learning_fixed_control_pairs.csv,shuffle,,,,4.0,50000.0
,,T,-0.0073628867599773,data/precomputed/fig05/learning_fixed_control_pairs.csv,negative,,,,4.0,50000.0
,,T,-0.0365912221713565,data/precomputed/fig05/learning_fixed_control_pairs.csv,uniform singleton,,,,4.0,50000.0
,,T,0.0118178590505832,data/precomputed/fig05/learning_fixed_control_pairs.csv,MIDD,,,,4.0,100000.0
,,T,0.0155389309545272,data/precomputed/fig05/learning_fixed_control_pairs.csv,shuffle,,,,4.0,100000.0
,,T,0.0090551991674155,data/precomputed/fig05/learning_fixed_control_pairs.csv,negative,,,,4.0,100000.0
,,T,-0.0331279066765314,data/precomputed/fig05/learning_fixed_control_pairs.csv,uniform singleton,,,,4.0,100000.0
,,T,-2.775383389938885e-05,data/precomputed/fig05/learning_fixed_control_pairs.csv,MIDD,,,,5.0,0.0
,,T,-3.601713417101413e-05,data/precomputed/fig05/learning_fixed_control_pairs.csv,shuffle,,,,5.0,0.0
,,T,-2.7758510675441043e-05,data/precomputed/fig05/learning_fixed_control_pairs.csv,negative,,,,5.0,0.0
,,T,-2.7769157374015313e-05,data/precomputed/fig05/learning_fixed_control_pairs.csv,uniform singleton,,,,5.0,0.0
,,T,-0.0025036460971957,data/precomputed/fig05/learning_fixed_control_pairs.csv,MIDD,,,,5.0,10000.0
,,T,-0.0002939645867068,data/precomputed/fig05/learning_fixed_control_pairs.csv,shuffle,,,,5.0,10000.0
,,T,-0.0020394206185715,data/precomputed/fig05/learning_fixed_control_pairs.csv,negative,,,,5.0,10000.0
,,T,-0.0037121858108797,data/precomputed/fig05/learning_fixed_control_pairs.csv,uniform singleton,,,,5.0,10000.0
,,T,-0.0019225515598747,data/precomputed/fig05/learning_fixed_control_pairs.csv,MIDD,,,,5.0,50000.0
,,T,-0.0057658052691775,data/precomputed/fig05/learning_fixed_control_pairs.csv,shuffle,,,,5.0,50000.0
,,T,0.0105129896499777,data/precomputed/fig05/learning_fixed_control_pairs.csv,negative,,,,5.0,50000.0
,,T,0.0105853783412228,data/precomputed/fig05/learning_fixed_control_pairs.csv,uniform singleton,,,,5.0,50000.0
,,T,-0.0161262008178225,data/precomputed/fig05/learning_fixed_control_pairs.csv,MIDD,,,,5.0,100000.0
,,T,-0.0289591871006776,data/precomputed/fig05/learning_fixed_control_pairs.csv,shuffle,,,,5.0,100000.0
,,T,0.016908156663755,data/precomputed/fig05/learning_fixed_control_pairs.csv,negative,,,,5.0,100000.0
,,T,-0.0144572512896879,data/precomputed/fig05/learning_fixed_control_pairs.csv,uniform singleton,,,,5.0,100000.0
,,T,-2.5430664097665577e-05,data/precomputed/fig05/learning_fixed_control_pairs.csv,MIDD,,,,6.0,0.0
,,T,-3.3691269889521335e-05,data/precomputed/fig05/learning_fixed_control_pairs.csv,shuffle,,,,6.0,0.0
,,T,-2.543357406008624e-05,data/precomputed/fig05/learning_fixed_control_pairs.csv,negative,,,,6.0,0.0
,,T,-2.5442903295404663e-05,data/precomputed/fig05/learning_fixed_control_pairs.csv,uniform singleton,,,,6.0,0.0
,,T,-0.0013016438294303,data/precomputed/fig05/learning_fixed_control_pairs.csv,MIDD,,,,6.0,10000.0
,,T,0.001793442514813,data/precomputed/fig05/learning_fixed_control_pairs.csv,shuffle,,,,6.0,10000.0
,,T,-0.0009180110706342,data/precomputed/fig05/learning_fixed_control_pairs.csv,negative,,,,6.0,10000.0
,,T,-0.0003658218428695,data/precomputed/fig05/learning_fixed_control_pairs.csv,uniform singleton,,,,6.0,10000.0
,,T,0.0168569828825645,data/precomputed/fig05/learning_fixed_control_pairs.csv,MIDD,,,,6.0,50000.0
,,T,-0.0391862218574601,data/precomputed/fig05/learning_fixed_control_pairs.csv,shuffle,,,,6.0,50000.0
,,T,0.015271477221005,data/precomputed/fig05/learning_fixed_control_pairs.csv,negative,,,,6.0,50000.0
,,T,0.0081325036561501,data/precomputed/fig05/learning_fixed_control_pairs.csv,uniform singleton,,,,6.0,50000.0
,,T,0.0351729611235205,data/precomputed/fig05/learning_fixed_control_pairs.csv,MIDD,,,,6.0,100000.0
,,T,0.0184078514898275,data/precomputed/fig05/learning_fixed_control_pairs.csv,shuffle,,,,6.0,100000.0
,,T,0.0414259184402564,data/precomputed/fig05/learning_fixed_control_pairs.csv,negative,,,,6.0,100000.0
,,T,0.0319171192241664,data/precomputed/fig05/learning_fixed_control_pairs.csv,uniform singleton,,,,6.0,100000.0
,,T,-2.3397181580995618e-05,data/precomputed/fig05/learning_fixed_control_pairs.csv,MIDD,,,,7.0,0.0
,,T,-3.166323989806272e-05,data/precomputed/fig05/learning_fixed_control_pairs.csv,shuffle,,,,7.0,0.0
,,T,-2.3399079897363008e-05,data/precomputed/fig05/learning_fixed_control_pairs.csv,negative,,,,7.0,0.0
,,T,-2.34105445237337e-05,data/precomputed/fig05/learning_fixed_control_pairs.csv,uniform singleton,,,,7.0,0.0
,,T,0.0028368706281455,data/precomputed/fig05/learning_fixed_control_pairs.csv,MIDD,,,,7.0,10000.0
,,T,0.0041849364828025,data/precomputed/fig05/learning_fixed_control_pairs.csv,shuffle,,,,7.0,10000.0
,,T,0.0031705770701884,data/precomputed/fig05/learning_fixed_control_pairs.csv,negative,,,,7.0,10000.0
,,T,0.0028071409857704,data/precomputed/fig05/learning_fixed_control_pairs.csv,uniform singleton,,,,7.0,10000.0
,,T,-0.0241202953916664,data/precomputed/fig05/learning_fixed_control_pairs.csv,MIDD,,,,7.0,50000.0
,,T,0.008859945014523,data/precomputed/fig05/learning_fixed_control_pairs.csv,shuffle,,,,7.0,50000.0
,,T,-0.0375452751683295,data/precomputed/fig05/learning_fixed_control_pairs.csv,negative,,,,7.0,50000.0
,,T,-0.0242378291040818,data/precomputed/fig05/learning_fixed_control_pairs.csv,uniform singleton,,,,7.0,50000.0
,,T,-0.0193726057724983,data/precomputed/fig05/learning_fixed_control_pairs.csv,MIDD,,,,7.0,100000.0
,,T,-0.0083089194189674,data/precomputed/fig05/learning_fixed_control_pairs.csv,shuffle,,,,7.0,100000.0
,,T,-0.0069360806452671,data/precomputed/fig05/learning_fixed_control_pairs.csv,negative,,,,7.0,100000.0
,,T,-0.0031962826418037,data/precomputed/fig05/learning_fixed_control_pairs.csv,uniform singleton,,,,7.0,100000.0
,,T,-2.8328958813386e-05,data/precomputed/fig05/learning_fixed_control_pairs.csv,MIDD,,,,8.0,0.0
,,T,-3.6649860398205943e-05,data/precomputed/fig05/learning_fixed_control_pairs.csv,shuffle,,,,8.0,0.0
,,T,-2.832989498046949e-05,data/precomputed/fig05/learning_fixed_control_pairs.csv,negative,,,,8.0,0.0
,,T,-2.834197066053035e-05,data/precomputed/fig05/learning_fixed_control_pairs.csv,uniform singleton,,,,8.0,0.0
,,T,0.0015409051943052,data/precomputed/fig05/learning_fixed_control_pairs.csv,MIDD,,,,8.0,10000.0
,,T,-0.0003645861255355,data/precomputed/fig05/learning_fixed_control_pairs.csv,shuffle,,,,8.0,10000.0
,,T,0.0017756080499141,data/precomputed/fig05/learning_fixed_control_pairs.csv,negative,,,,8.0,10000.0
,,T,0.0014318044854212,data/precomputed/fig05/learning_fixed_control_pairs.csv,uniform singleton,,,,8.0,10000.0
,,T,-0.018055501000741,data/precomputed/fig05/learning_fixed_control_pairs.csv,MIDD,,,,8.0,50000.0
,,T,-0.0192311979625278,data/precomputed/fig05/learning_fixed_control_pairs.csv,shuffle,,,,8.0,50000.0
,,T,-0.0136808508279609,data/precomputed/fig05/learning_fixed_control_pairs.csv,negative,,,,8.0,50000.0
,,T,0.0170346737222552,data/precomputed/fig05/learning_fixed_control_pairs.csv,uniform singleton,,,,8.0,50000.0
,,T,-0.0017069542826903,data/precomputed/fig05/learning_fixed_control_pairs.csv,MIDD,,,,8.0,100000.0
,,T,-0.0477875282706405,data/precomputed/fig05/learning_fixed_control_pairs.csv,shuffle,,,,8.0,100000.0
,,T,-0.0137259246217433,data/precomputed/fig05/learning_fixed_control_pairs.csv,negative,,,,8.0,100000.0
,,T,-0.0026362244216352,data/precomputed/fig05/learning_fixed_control_pairs.csv,uniform singleton,,,,8.0,100000.0
,,T,-2.8745949734025805e-05,data/precomputed/fig05/learning_fixed_control_pairs.csv,MIDD,,,,9.0,0.0
,,T,-3.70075377007151e-05,data/precomputed/fig05/learning_fixed_control_pairs.csv,shuffle,,,,9.0,0.0
,,T,-2.874649752459643e-05,data/precomputed/fig05/learning_fixed_control_pairs.csv,negative,,,,9.0,0.0
,,T,-2.8756593366691645e-05,data/precomputed/fig05/learning_fixed_control_pairs.csv,uniform singleton,,,,9.0,0.0
,,T,-0.0057129642288555,data/precomputed/fig05/learning_fixed_control_pairs.csv,MIDD,,,,9.0,10000.0
,,T,-0.0005279416903932,data/precomputed/fig05/learning_fixed_control_pairs.csv,shuffle,,,,9.0,10000.0
,,T,-0.0054650756625843,data/precomputed/fig05/learning_fixed_control_pairs.csv,negative,,,,9.0,10000.0
,,T,-0.0055710327283305,data/precomputed/fig05/learning_fixed_control_pairs.csv,uniform singleton,,,,9.0,10000.0
,,T,-0.0055275063038919,data/precomputed/fig05/learning_fixed_control_pairs.csv,MIDD,,,,9.0,50000.0
,,T,0.0090596391245109,data/precomputed/fig05/learning_fixed_control_pairs.csv,shuffle,,,,9.0,50000.0
,,T,0.0015998062759883,data/precomputed/fig05/learning_fixed_control_pairs.csv,negative,,,,9.0,50000.0
,,T,0.0208472551746181,data/precomputed/fig05/learning_fixed_control_pairs.csv,uniform singleton,,,,9.0,50000.0
,,T,0.002482287799902,data/precomputed/fig05/learning_fixed_control_pairs.csv,MIDD,,,,9.0,100000.0
,,T,0.021516261993964,data/precomputed/fig05/learning_fixed_control_pairs.csv,shuffle,,,,9.0,100000.0
,,T,-0.0019694623698174,data/precomputed/fig05/learning_fixed_control_pairs.csv,negative,,,,9.0,100000.0
,,T,0.0129568304310606,data/precomputed/fig05/learning_fixed_control_pairs.csv,uniform singleton,,,,9.0,100000.0
,,T,-2.841730245006512e-05,data/precomputed/fig05/learning_fixed_control_pairs.csv,MIDD,,,,10.0,0.0
,,T,-3.6714446652716685e-05,data/precomputed/fig05/learning_fixed_control_pairs.csv,shuffle,,,,10.0,0.0
,,T,-2.841881747714707e-05,data/precomputed/fig05/learning_fixed_control_pairs.csv,negative,,,,10.0,0.0
,,T,-2.8428081376055545e-05,data/precomputed/fig05/learning_fixed_control_pairs.csv,uniform singleton,,,,10.0,0.0
,,T,-0.0011803487712994,data/precomputed/fig05/learning_fixed_control_pairs.csv,MIDD,,,,10.0,10000.0
,,T,0.004139585802697,data/precomputed/fig05/learning_fixed_control_pairs.csv,shuffle,,,,10.0,10000.0
,,T,-0.0008176947403507,data/precomputed/fig05/learning_fixed_control_pairs.csv,negative,,,,10.0,10000.0
,,T,-0.0002446278217389,data/precomputed/fig05/learning_fixed_control_pairs.csv,uniform singleton,,,,10.0,10000.0
,,T,-0.0295958600900389,data/precomputed/fig05/learning_fixed_control_pairs.csv,MIDD,,,,10.0,50000.0
,,T,-0.0125974956258969,data/precomputed/fig05/learning_fixed_control_pairs.csv,shuffle,,,,10.0,50000.0
,,T,-0.0177378509561438,data/precomputed/fig05/learning_fixed_control_pairs.csv,negative,,,,10.0,50000.0
,,T,0.0016444947842591,data/precomputed/fig05/learning_fixed_control_pairs.csv,uniform singleton,,,,10.0,50000.0
,,T,-0.0248857102319732,data/precomputed/fig05/learning_fixed_control_pairs.csv,MIDD,,,,10.0,100000.0
,,T,-0.0570315487689698,data/precomputed/fig05/learning_fixed_control_pairs.csv,shuffle,,,,10.0,100000.0
,,T,-0.0156576992267096,data/precomputed/fig05/learning_fixed_control_pairs.csv,negative,,,,10.0,100000.0
,,T,-0.037016669608319,data/precomputed/fig05/learning_fixed_control_pairs.csv,uniform singleton,,,,10.0,100000.0
,,T,-3.068893311491035e-05,data/precomputed/fig05/learning_fixed_control_pairs.csv,MIDD,,,,11.0,0.0
,,T,-3.8953369090595934e-05,data/precomputed/fig05/learning_fixed_control_pairs.csv,shuffle,,,,11.0,0.0
,,T,-3.069151312908323e-05,data/precomputed/fig05/learning_fixed_control_pairs.csv,negative,,,,11.0,0.0
,,T,-3.069926842472711e-05,data/precomputed/fig05/learning_fixed_control_pairs.csv,uniform singleton,,,,11.0,0.0
,,T,-0.0058542636000508,data/precomputed/fig05/learning_fixed_control_pairs.csv,MIDD,,,,11.0,10000.0
,,T,-0.0042952268494832,data/precomputed/fig05/learning_fixed_control_pairs.csv,shuffle,,,,11.0,10000.0
,,T,-0.0055987443788667,data/precomputed/fig05/learning_fixed_control_pairs.csv,negative,,,,11.0,10000.0
,,T,-0.0041317060321551,data/precomputed/fig05/learning_fixed_control_pairs.csv,uniform singleton,,,,11.0,10000.0
,,T,-0.0095574416833047,data/precomputed/fig05/learning_fixed_control_pairs.csv,MIDD,,,,11.0,50000.0
,,T,-0.0632907537066845,data/precomputed/fig05/learning_fixed_control_pairs.csv,shuffle,,,,11.0,50000.0
,,T,-0.0402119397713269,data/precomputed/fig05/learning_fixed_control_pairs.csv,negative,,,,11.0,50000.0
,,T,0.0044559619872624,data/precomputed/fig05/learning_fixed_control_pairs.csv,uniform singleton,,,,11.0,50000.0
,,T,0.016482920124218,data/precomputed/fig05/learning_fixed_control_pairs.csv,MIDD,,,,11.0,100000.0
,,T,-0.0188537769981632,data/precomputed/fig05/learning_fixed_control_pairs.csv,shuffle,,,,11.0,100000.0
,,T,0.0212984348573282,data/precomputed/fig05/learning_fixed_control_pairs.csv,negative,,,,11.0,100000.0
,,T,0.0252359082408412,data/precomputed/fig05/learning_fixed_control_pairs.csv,uniform singleton,,,,11.0,100000.0
,,T,-2.517317767832533e-05,data/precomputed/fig05/learning_fixed_control_pairs.csv,MIDD,,,,12.0,0.0
,,T,-3.344602096177677e-05,data/precomputed/fig05/learning_fixed_control_pairs.csv,shuffle,,,,12.0,0.0
,,T,-2.5177615016686077e-05,data/precomputed/fig05/learning_fixed_control_pairs.csv,negative,,,,12.0,0.0
,,T,-2.5187742556799203e-05,data/precomputed/fig05/learning_fixed_control_pairs.csv,uniform singleton,,,,12.0,0.0
,,T,0.0070281527803095,data/precomputed/fig05/learning_fixed_control_pairs.csv,MIDD,,,,12.0,10000.0
,,T,0.0092919484425408,data/precomputed/fig05/learning_fixed_control_pairs.csv,shuffle,,,,12.0,10000.0
,,T,0.0080457456733041,data/precomputed/fig05/learning_fixed_control_pairs.csv,negative,,,,12.0,10000.0
,,T,0.0077150808215959,data/precomputed/fig05/learning_fixed_control_pairs.csv,uniform singleton,,,,12.0,10000.0
,,T,-0.0685437357545097,data/precomputed/fig05/learning_fixed_control_pairs.csv,MIDD,,,,12.0,50000.0
,,T,-0.0121520759740342,data/precomputed/fig05/learning_fixed_control_pairs.csv,shuffle,,,,12.0,50000.0
,,T,-0.0331442966418567,data/precomputed/fig05/learning_fixed_control_pairs.csv,negative,,,,12.0,50000.0
,,T,0.0187736455108504,data/precomputed/fig05/learning_fixed_control_pairs.csv,uniform singleton,,,,12.0,50000.0
,,T,-0.0411734659735345,data/precomputed/fig05/learning_fixed_control_pairs.csv,MIDD,,,,12.0,100000.0
,,T,-0.0481044690659013,data/precomputed/fig05/learning_fixed_control_pairs.csv,shuffle,,,,12.0,100000.0
,,T,-0.0220133003344,data/precomputed/fig05/learning_fixed_control_pairs.csv,negative,,,,12.0,100000.0
,,T,0.0152132486587208,data/precomputed/fig05/learning_fixed_control_pairs.csv,uniform singleton,,,,12.0,100000.0
,,T,-2.6284996350607536e-05,data/precomputed/fig05/learning_fixed_control_pairs.csv,MIDD,,,,13.0,0.0
,,T,-3.455002839028823e-05,data/precomputed/fig05/learning_fixed_control_pairs.csv,shuffle,,,,13.0,0.0
,,T,-2.6286572898354647e-05,data/precomputed/fig05/learning_fixed_control_pairs.csv,negative,,,,13.0,0.0
,,T,-2.6295126458803307e-05,data/precomputed/fig05/learning_fixed_control_pairs.csv,uniform singleton,,,,13.0,0.0
,,T,0.0069054133581743,data/precomputed/fig05/learning_fixed_control_pairs.csv,MIDD,,,,13.0,10000.0
,,T,0.0145267074275398,data/precomputed/fig05/learning_fixed_control_pairs.csv,shuffle,,,,13.0,10000.0
,,T,0.0075189967361543,data/precomputed/fig05/learning_fixed_control_pairs.csv,negative,,,,13.0,10000.0
,,T,0.0067940762737557,data/precomputed/fig05/learning_fixed_control_pairs.csv,uniform singleton,,,,13.0,10000.0
,,T,-0.0392729317046124,data/precomputed/fig05/learning_fixed_control_pairs.csv,MIDD,,,,13.0,50000.0
,,T,-0.0284804597966719,data/precomputed/fig05/learning_fixed_control_pairs.csv,shuffle,,,,13.0,50000.0
,,T,-0.0360325313624834,data/precomputed/fig05/learning_fixed_control_pairs.csv,negative,,,,13.0,50000.0
,,T,-0.0336394541070778,data/precomputed/fig05/learning_fixed_control_pairs.csv,uniform singleton,,,,13.0,50000.0
,,T,-0.0264078684820203,data/precomputed/fig05/learning_fixed_control_pairs.csv,MIDD,,,,13.0,100000.0
,,T,-0.0382805545983564,data/precomputed/fig05/learning_fixed_control_pairs.csv,shuffle,,,,13.0,100000.0
,,T,-0.0275078995562271,data/precomputed/fig05/learning_fixed_control_pairs.csv,negative,,,,13.0,100000.0
,,T,-0.03644189800978,data/precomputed/fig05/learning_fixed_control_pairs.csv,uniform singleton,,,,13.0,100000.0
