seed,step,archive_path,in_regular_R10_support,is_regular_analysis_step,in_R10_metric_tables
000,0,0000/000/trajectory_checkpoints/step_0000000.pt,True,True,True
000,1000,0000/000/trajectory_checkpoints/step_0001000.pt,True,True,True
000,2000,0000/000/trajectory_checkpoints/step_0002000.pt,True,True,True
000,3000,0000/000/trajectory_checkpoints/step_0003000.pt,True,True,True
000,4000,0000/000/trajectory_checkpoints/step_0004000.pt,True,True,True
000,5000,0000/000/trajectory_checkpoints/step_0005000.pt,True,True,True
000,6000,0000/000/trajectory_checkpoints/step_0006000.pt,True,True,True
000,7000,0000/000/trajectory_checkpoints/step_0007000.pt,True,True,True
000,8000,0000/000/trajectory_checkpoints/step_0008000.pt,True,True,True
000,9000,0000/000/trajectory_checkpoints/step_0009000.pt,True,True,True
000,10000,0000/000/trajectory_checkpoints/step_0010000.pt,True,True,True
000,11000,0000/000/trajectory_checkpoints/step_0011000.pt,True,True,True
000,12000,0000/000/trajectory_checkpoints/step_0012000.pt,True,True,True
000,13000,0000/000/trajectory_checkpoints/step_0013000.pt,True,True,True
000,14000,0000/000/trajectory_checkpoints/step_0014000.pt,True,True,True
000,15000,0000/000/trajectory_checkpoints/step_0015000.pt,True,True,True
000,16000,0000/000/trajectory_checkpoints/step_0016000.pt,True,True,True
000,17000,0000/000/trajectory_checkpoints/step_0017000.pt,True,True,True
000,18000,0000/000/trajectory_checkpoints/step_0018000.pt,True,True,True
000,19000,0000/000/trajectory_checkpoints/step_0019000.pt,True,True,True
000,20000,0000/000/trajectory_checkpoints/step_0020000.pt,True,True,True
000,21000,0000/000/trajectory_checkpoints/step_0021000.pt,True,True,True
000,22000,0000/000/trajectory_checkpoints/step_0022000.pt,True,True,True
000,23000,0000/000/trajectory_checkpoints/step_0023000.pt,True,True,True
000,24000,0000/000/trajectory_checkpoints/step_0024000.pt,True,True,True
000,25000,0000/000/trajectory_checkpoints/step_0025000.pt,True,True,True
000,26000,0000/000/trajectory_checkpoints/step_0026000.pt,True,True,True
000,27000,0000/000/trajectory_checkpoints/step_0027000.pt,True,True,True
000,28000,0000/000/trajectory_checkpoints/step_0028000.pt,True,True,True
000,29000,0000/000/trajectory_checkpoints/step_0029000.pt,True,True,True
000,30000,0000/000/trajectory_checkpoints/step_0030000.pt,True,True,True
000,31000,0000/000/trajectory_checkpoints/step_0031000.pt,True,True,True
000,32000,0000/000/trajectory_checkpoints/step_0032000.pt,True,True,True
000,33000,0000/000/trajectory_checkpoints/step_0033000.pt,True,True,True
000,34000,0000/000/trajectory_checkpoints/step_0034000.pt,True,True,True
000,35000,0000/000/trajectory_checkpoints/step_0035000.pt,True,True,True
000,36000,0000/000/trajectory_checkpoints/step_0036000.pt,True,True,True
000,37000,0000/000/trajectory_checkpoints/step_0037000.pt,True,True,True
000,38000,0000/000/trajectory_checkpoints/step_0038000.pt,True,True,True
000,39000,0000/000/trajectory_checkpoints/step_0039000.pt,True,True,True
000,40000,0000/000/trajectory_checkpoints/step_0040000.pt,True,True,True
000,41000,0000/000/trajectory_checkpoints/step_0041000.pt,True,True,True
000,42000,0000/000/trajectory_checkpoints/step_0042000.pt,True,True,True
000,43000,0000/000/trajectory_checkpoints/step_0043000.pt,True,True,True
000,44000,0000/000/trajectory_checkpoints/step_0044000.pt,True,True,True
000,45000,0000/000/trajectory_checkpoints/step_0045000.pt,True,True,True
000,46000,0000/000/trajectory_checkpoints/step_0046000.pt,True,True,True
000,47000,0000/000/trajectory_checkpoints/step_0047000.pt,True,True,True
000,48000,0000/000/trajectory_checkpoints/step_0048000.pt,True,True,True
000,49000,0000/000/trajectory_checkpoints/step_0049000.pt,True,True,True
000,50000,0000/000/trajectory_checkpoints/step_0050000.pt,True,True,True
000,51000,0000/000/trajectory_checkpoints/step_0051000.pt,True,True,True
000,52000,0000/000/trajectory_checkpoints/step_0052000.pt,True,True,True
000,53000,0000/000/trajectory_checkpoints/step_0053000.pt,True,True,True
000,54000,0000/000/trajectory_checkpoints/step_0054000.pt,True,True,True
000,55000,0000/000/trajectory_checkpoints/step_0055000.pt,True,True,True
000,56000,0000/000/trajectory_checkpoints/step_0056000.pt,True,True,True
000,57000,0000/000/trajectory_checkpoints/step_0057000.pt,True,True,True
000,58000,0000/000/trajectory_checkpoints/step_0058000.pt,True,True,True
000,59000,0000/000/trajectory_checkpoints/step_0059000.pt,True,True,True
000,60000,0000/000/trajectory_checkpoints/step_0060000.pt,True,True,True
000,61000,0000/000/trajectory_checkpoints/step_0061000.pt,True,True,True
000,62000,0000/000/trajectory_checkpoints/step_0062000.pt,True,True,True
000,63000,0000/000/trajectory_checkpoints/step_0063000.pt,True,True,True
000,64000,0000/000/trajectory_checkpoints/step_0064000.pt,True,True,True
000,65000,0000/000/trajectory_checkpoints/step_0065000.pt,True,True,True
000,66000,0000/000/trajectory_checkpoints/step_0066000.pt,True,True,True
000,67000,0000/000/trajectory_checkpoints/step_0067000.pt,True,True,True
000,68000,0000/000/trajectory_checkpoints/step_0068000.pt,True,True,True
000,69000,0000/000/trajectory_checkpoints/step_0069000.pt,True,True,True
000,70000,0000/000/trajectory_checkpoints/step_0070000.pt,True,True,True
000,71000,0000/000/trajectory_checkpoints/step_0071000.pt,True,True,True
000,72000,0000/000/trajectory_checkpoints/step_0072000.pt,True,True,True
000,73000,0000/000/trajectory_checkpoints/step_0073000.pt,True,True,True
000,74000,0000/000/trajectory_checkpoints/step_0074000.pt,True,True,True
000,75000,0000/000/trajectory_checkpoints/step_0075000.pt,True,True,True
000,76000,0000/000/trajectory_checkpoints/step_0076000.pt,True,True,True
000,77000,0000/000/trajectory_checkpoints/step_0077000.pt,True,True,True
000,78000,0000/000/trajectory_checkpoints/step_0078000.pt,True,True,True
000,79000,0000/000/trajectory_checkpoints/step_0079000.pt,True,True,True
000,80000,0000/000/trajectory_checkpoints/step_0080000.pt,True,True,True
000,81000,0000/000/trajectory_checkpoints/step_0081000.pt,True,True,True
000,82000,0000/000/trajectory_checkpoints/step_0082000.pt,True,True,True
000,83000,0000/000/trajectory_checkpoints/step_0083000.pt,True,True,True
000,84000,0000/000/trajectory_checkpoints/step_0084000.pt,True,True,True
000,85000,0000/000/trajectory_checkpoints/step_0085000.pt,True,True,True
000,86000,0000/000/trajectory_checkpoints/step_0086000.pt,True,True,True
000,87000,0000/000/trajectory_checkpoints/step_0087000.pt,True,True,True
000,88000,0000/000/trajectory_checkpoints/step_0088000.pt,True,True,True
000,89000,0000/000/trajectory_checkpoints/step_0089000.pt,True,True,True
000,90000,0000/000/trajectory_checkpoints/step_0090000.pt,True,True,True
000,91000,0000/000/trajectory_checkpoints/step_0091000.pt,True,True,True
000,92000,0000/000/trajectory_checkpoints/step_0092000.pt,True,True,True
000,93000,0000/000/trajectory_checkpoints/step_0093000.pt,True,True,True
000,94000,0000/000/trajectory_checkpoints/step_0094000.pt,True,True,True
000,95000,0000/000/trajectory_checkpoints/step_0095000.pt,True,True,True
000,96000,0000/000/trajectory_checkpoints/step_0096000.pt,True,True,True
000,97000,0000/000/trajectory_checkpoints/step_0097000.pt,True,True,True
000,98000,0000/000/trajectory_checkpoints/step_0098000.pt,True,True,True
000,99000,0000/000/trajectory_checkpoints/step_0099000.pt,True,True,True
000,100000,0000/000/trajectory_checkpoints/step_0100000.pt,True,True,True
000,101000,0000/000/trajectory_checkpoints/step_0101000.pt,True,True,True
000,102000,0000/000/trajectory_checkpoints/step_0102000.pt,True,True,True
000,103000,0000/000/trajectory_checkpoints/step_0103000.pt,True,True,True
000,104000,0000/000/trajectory_checkpoints/step_0104000.pt,True,True,True
000,105000,0000/000/trajectory_checkpoints/step_0105000.pt,True,True,True
000,106000,0000/000/trajectory_checkpoints/step_0106000.pt,True,True,True
000,107000,0000/000/trajectory_checkpoints/step_0107000.pt,True,True,True
000,108000,0000/000/trajectory_checkpoints/step_0108000.pt,True,True,True
000,109000,0000/000/trajectory_checkpoints/step_0109000.pt,True,True,True
000,110000,0000/000/trajectory_checkpoints/step_0110000.pt,True,True,True
000,111000,0000/000/trajectory_checkpoints/step_0111000.pt,True,True,True
000,112000,0000/000/trajectory_checkpoints/step_0112000.pt,True,True,True
000,113000,0000/000/trajectory_checkpoints/step_0113000.pt,True,True,True
000,114000,0000/000/trajectory_checkpoints/step_0114000.pt,True,True,True
000,115000,0000/000/trajectory_checkpoints/step_0115000.pt,True,True,True
000,116000,0000/000/trajectory_checkpoints/step_0116000.pt,True,True,True
000,117000,0000/000/trajectory_checkpoints/step_0117000.pt,True,True,True
000,118000,0000/000/trajectory_checkpoints/step_0118000.pt,True,True,True
000,119000,0000/000/trajectory_checkpoints/step_0119000.pt,True,True,True
000,120000,0000/000/trajectory_checkpoints/step_0120000.pt,True,True,True
000,121000,0000/000/trajectory_checkpoints/step_0121000.pt,True,True,True
000,122000,0000/000/trajectory_checkpoints/step_0122000.pt,True,True,True
000,123000,0000/000/trajectory_checkpoints/step_0123000.pt,True,True,True
000,124000,0000/000/trajectory_checkpoints/step_0124000.pt,True,True,True
000,125000,0000/000/trajectory_checkpoints/step_0125000.pt,True,True,True
000,126000,0000/000/trajectory_checkpoints/step_0126000.pt,True,True,True
000,127000,0000/000/trajectory_checkpoints/step_0127000.pt,True,True,True
000,128000,0000/000/trajectory_checkpoints/step_0128000.pt,True,True,True
000,129000,0000/000/trajectory_checkpoints/step_0129000.pt,True,True,True
000,130000,0000/000/trajectory_checkpoints/step_0130000.pt,True,True,True
000,131000,0000/000/trajectory_checkpoints/step_0131000.pt,True,True,True
000,132000,0000/000/trajectory_checkpoints/step_0132000.pt,True,True,True
000,133000,0000/000/trajectory_checkpoints/step_0133000.pt,True,True,True
000,134000,0000/000/trajectory_checkpoints/step_0134000.pt,True,True,True
000,135000,0000/000/trajectory_checkpoints/step_0135000.pt,True,True,True
000,136000,0000/000/trajectory_checkpoints/step_0136000.pt,True,True,True
000,137000,0000/000/trajectory_checkpoints/step_0137000.pt,True,True,True
000,138000,0000/000/trajectory_checkpoints/step_0138000.pt,True,True,True
000,139000,0000/000/trajectory_checkpoints/step_0139000.pt,True,True,True
000,140000,0000/000/trajectory_checkpoints/step_0140000.pt,True,True,True
000,141000,0000/000/trajectory_checkpoints/step_0141000.pt,True,True,True
000,142000,0000/000/trajectory_checkpoints/step_0142000.pt,True,True,True
000,143000,0000/000/trajectory_checkpoints/step_0143000.pt,True,True,True
000,144000,0000/000/trajectory_checkpoints/step_0144000.pt,True,True,True
000,145000,0000/000/trajectory_checkpoints/step_0145000.pt,True,True,True
000,146000,0000/000/trajectory_checkpoints/step_0146000.pt,True,True,True
000,147000,0000/000/trajectory_checkpoints/step_0147000.pt,True,True,True
000,148000,0000/000/trajectory_checkpoints/step_0148000.pt,True,True,True
000,149000,0000/000/trajectory_checkpoints/step_0149000.pt,True,True,True
000,150000,0000/000/trajectory_checkpoints/step_0150000.pt,True,True,True
000,151000,0000/000/trajectory_checkpoints/step_0151000.pt,True,True,True
000,152000,0000/000/trajectory_checkpoints/step_0152000.pt,True,True,True
000,153000,0000/000/trajectory_checkpoints/step_0153000.pt,True,True,True
000,154000,0000/000/trajectory_checkpoints/step_0154000.pt,True,True,True
000,155000,0000/000/trajectory_checkpoints/step_0155000.pt,True,True,True
000,156000,0000/000/trajectory_checkpoints/step_0156000.pt,True,True,True
000,157000,0000/000/trajectory_checkpoints/step_0157000.pt,True,True,True
000,158000,0000/000/trajectory_checkpoints/step_0158000.pt,True,True,True
000,159000,0000/000/trajectory_checkpoints/step_0159000.pt,True,True,True
000,160000,0000/000/trajectory_checkpoints/step_0160000.pt,True,True,True
000,161000,0000/000/trajectory_checkpoints/step_0161000.pt,True,True,True
000,162000,0000/000/trajectory_checkpoints/step_0162000.pt,True,True,True
000,163000,0000/000/trajectory_checkpoints/step_0163000.pt,True,True,True
000,164000,0000/000/trajectory_checkpoints/step_0164000.pt,True,True,True
000,165000,0000/000/trajectory_checkpoints/step_0165000.pt,True,True,True
000,166000,0000/000/trajectory_checkpoints/step_0166000.pt,True,True,True
000,167000,0000/000/trajectory_checkpoints/step_0167000.pt,True,True,True
000,168000,0000/000/trajectory_checkpoints/step_0168000.pt,True,True,True
000,169000,0000/000/trajectory_checkpoints/step_0169000.pt,True,True,True
000,170000,0000/000/trajectory_checkpoints/step_0170000.pt,True,True,True
000,171000,0000/000/trajectory_checkpoints/step_0171000.pt,True,True,True
000,172000,0000/000/trajectory_checkpoints/step_0172000.pt,True,True,True
000,173000,0000/000/trajectory_checkpoints/step_0173000.pt,True,True,True
000,174000,0000/000/trajectory_checkpoints/step_0174000.pt,True,True,True
000,175000,0000/000/trajectory_checkpoints/step_0175000.pt,True,True,True
000,176000,0000/000/trajectory_checkpoints/step_0176000.pt,True,True,True
000,177000,0000/000/trajectory_checkpoints/step_0177000.pt,True,True,True
000,178000,0000/000/trajectory_checkpoints/step_0178000.pt,True,True,True
000,179000,0000/000/trajectory_checkpoints/step_0179000.pt,True,True,True
000,180000,0000/000/trajectory_checkpoints/step_0180000.pt,True,True,True
000,181000,0000/000/trajectory_checkpoints/step_0181000.pt,True,True,True
000,182000,0000/000/trajectory_checkpoints/step_0182000.pt,True,True,True
000,183000,0000/000/trajectory_checkpoints/step_0183000.pt,True,True,True
000,184000,0000/000/trajectory_checkpoints/step_0184000.pt,True,True,True
000,185000,0000/000/trajectory_checkpoints/step_0185000.pt,True,True,True
000,186000,0000/000/trajectory_checkpoints/step_0186000.pt,True,True,True
000,187000,0000/000/trajectory_checkpoints/step_0187000.pt,True,True,True
000,188000,0000/000/trajectory_checkpoints/step_0188000.pt,True,True,True
000,189000,0000/000/trajectory_checkpoints/step_0189000.pt,True,True,True
000,190000,0000/000/trajectory_checkpoints/step_0190000.pt,True,True,True
000,191000,0000/000/trajectory_checkpoints/step_0191000.pt,True,True,True
000,192000,0000/000/trajectory_checkpoints/step_0192000.pt,True,True,True
000,193000,0000/000/trajectory_checkpoints/step_0193000.pt,True,True,True
000,194000,0000/000/trajectory_checkpoints/step_0194000.pt,True,True,True
000,195000,0000/000/trajectory_checkpoints/step_0195000.pt,True,True,True
000,196000,0000/000/trajectory_checkpoints/step_0196000.pt,True,True,True
000,197000,0000/000/trajectory_checkpoints/step_0197000.pt,True,True,True
000,198000,0000/000/trajectory_checkpoints/step_0198000.pt,True,True,True
000,199000,0000/000/trajectory_checkpoints/step_0199000.pt,True,True,True
000,200000,0000/000/trajectory_checkpoints/step_0200000.pt,True,True,True
000,201000,0000/000/trajectory_checkpoints/step_0201000.pt,True,True,True
000,202000,0000/000/trajectory_checkpoints/step_0202000.pt,True,True,True
000,203000,0000/000/trajectory_checkpoints/step_0203000.pt,True,True,True
000,204000,0000/000/trajectory_checkpoints/step_0204000.pt,True,True,True
000,205000,0000/000/trajectory_checkpoints/step_0205000.pt,True,True,True
000,206000,0000/000/trajectory_checkpoints/step_0206000.pt,True,True,True
000,207000,0000/000/trajectory_checkpoints/step_0207000.pt,True,True,True
000,208000,0000/000/trajectory_checkpoints/step_0208000.pt,True,True,True
000,209000,0000/000/trajectory_checkpoints/step_0209000.pt,True,True,True
000,210000,0000/000/trajectory_checkpoints/step_0210000.pt,True,True,True
000,211000,0000/000/trajectory_checkpoints/step_0211000.pt,True,True,True
000,212000,0000/000/trajectory_checkpoints/step_0212000.pt,True,True,True
000,213000,0000/000/trajectory_checkpoints/step_0213000.pt,True,True,True
000,214000,0000/000/trajectory_checkpoints/step_0214000.pt,True,True,True
000,215000,0000/000/trajectory_checkpoints/step_0215000.pt,True,True,True
000,216000,0000/000/trajectory_checkpoints/step_0216000.pt,True,True,True
000,217000,0000/000/trajectory_checkpoints/step_0217000.pt,True,True,True
000,218000,0000/000/trajectory_checkpoints/step_0218000.pt,True,True,True
000,219000,0000/000/trajectory_checkpoints/step_0219000.pt,True,True,True
000,220000,0000/000/trajectory_checkpoints/step_0220000.pt,True,True,True
000,221000,0000/000/trajectory_checkpoints/step_0221000.pt,True,True,True
000,222000,0000/000/trajectory_checkpoints/step_0222000.pt,True,True,True
000,223000,0000/000/trajectory_checkpoints/step_0223000.pt,True,True,True
000,224000,0000/000/trajectory_checkpoints/step_0224000.pt,True,True,True
000,225000,0000/000/trajectory_checkpoints/step_0225000.pt,True,True,True
000,226000,0000/000/trajectory_checkpoints/step_0226000.pt,True,True,True
000,227000,0000/000/trajectory_checkpoints/step_0227000.pt,True,True,True
000,228000,0000/000/trajectory_checkpoints/step_0228000.pt,True,True,True
000,229000,0000/000/trajectory_checkpoints/step_0229000.pt,True,True,True
000,230000,0000/000/trajectory_checkpoints/step_0230000.pt,True,True,True
000,231000,0000/000/trajectory_checkpoints/step_0231000.pt,True,True,True
000,232000,0000/000/trajectory_checkpoints/step_0232000.pt,True,True,True
000,233000,0000/000/trajectory_checkpoints/step_0233000.pt,True,True,True
000,234000,0000/000/trajectory_checkpoints/step_0234000.pt,True,True,True
000,235000,0000/000/trajectory_checkpoints/step_0235000.pt,True,True,True
000,236000,0000/000/trajectory_checkpoints/step_0236000.pt,True,True,True
000,237000,0000/000/trajectory_checkpoints/step_0237000.pt,True,True,True
000,238000,0000/000/trajectory_checkpoints/step_0238000.pt,True,True,True
000,239000,0000/000/trajectory_checkpoints/step_0239000.pt,True,True,True
000,240000,0000/000/trajectory_checkpoints/step_0240000.pt,True,True,True
000,241000,0000/000/trajectory_checkpoints/step_0241000.pt,True,True,True
000,242000,0000/000/trajectory_checkpoints/step_0242000.pt,True,True,True
000,243000,0000/000/trajectory_checkpoints/step_0243000.pt,True,True,True
000,244000,0000/000/trajectory_checkpoints/step_0244000.pt,True,True,True
000,245000,0000/000/trajectory_checkpoints/step_0245000.pt,True,True,True
000,246000,0000/000/trajectory_checkpoints/step_0246000.pt,True,True,True
000,247000,0000/000/trajectory_checkpoints/step_0247000.pt,True,True,True
000,248000,0000/000/trajectory_checkpoints/step_0248000.pt,True,True,True
000,249000,0000/000/trajectory_checkpoints/step_0249000.pt,True,True,True
000,250000,0000/000/trajectory_checkpoints/step_0250000.pt,True,True,True
000,250008,0000/000/trajectory_checkpoints/step_0250008.pt,False,False,False
001,0,0000/001/trajectory_checkpoints/step_0000000.pt,True,True,True
001,1000,0000/001/trajectory_checkpoints/step_0001000.pt,True,True,True
001,2000,0000/001/trajectory_checkpoints/step_0002000.pt,True,True,True
001,3000,0000/001/trajectory_checkpoints/step_0003000.pt,True,True,True
001,4000,0000/001/trajectory_checkpoints/step_0004000.pt,True,True,True
001,5000,0000/001/trajectory_checkpoints/step_0005000.pt,True,True,True
001,6000,0000/001/trajectory_checkpoints/step_0006000.pt,True,True,True
001,7000,0000/001/trajectory_checkpoints/step_0007000.pt,True,True,True
001,8000,0000/001/trajectory_checkpoints/step_0008000.pt,True,True,True
001,9000,0000/001/trajectory_checkpoints/step_0009000.pt,True,True,True
001,10000,0000/001/trajectory_checkpoints/step_0010000.pt,True,True,True
001,11000,0000/001/trajectory_checkpoints/step_0011000.pt,True,True,True
001,12000,0000/001/trajectory_checkpoints/step_0012000.pt,True,True,True
001,13000,0000/001/trajectory_checkpoints/step_0013000.pt,True,True,True
001,14000,0000/001/trajectory_checkpoints/step_0014000.pt,True,True,True
001,15000,0000/001/trajectory_checkpoints/step_0015000.pt,True,True,True
001,16000,0000/001/trajectory_checkpoints/step_0016000.pt,True,True,True
001,17000,0000/001/trajectory_checkpoints/step_0017000.pt,True,True,True
001,18000,0000/001/trajectory_checkpoints/step_0018000.pt,True,True,True
001,19000,0000/001/trajectory_checkpoints/step_0019000.pt,True,True,True
001,20000,0000/001/trajectory_checkpoints/step_0020000.pt,True,True,True
001,21000,0000/001/trajectory_checkpoints/step_0021000.pt,True,True,True
001,22000,0000/001/trajectory_checkpoints/step_0022000.pt,True,True,True
001,23000,0000/001/trajectory_checkpoints/step_0023000.pt,True,True,True
001,24000,0000/001/trajectory_checkpoints/step_0024000.pt,True,True,True
001,25000,0000/001/trajectory_checkpoints/step_0025000.pt,True,True,True
001,26000,0000/001/trajectory_checkpoints/step_0026000.pt,True,True,True
001,27000,0000/001/trajectory_checkpoints/step_0027000.pt,True,True,True
001,28000,0000/001/trajectory_checkpoints/step_0028000.pt,True,True,True
001,29000,0000/001/trajectory_checkpoints/step_0029000.pt,True,True,True
001,30000,0000/001/trajectory_checkpoints/step_0030000.pt,True,True,True
001,31000,0000/001/trajectory_checkpoints/step_0031000.pt,True,True,True
001,32000,0000/001/trajectory_checkpoints/step_0032000.pt,True,True,True
001,33000,0000/001/trajectory_checkpoints/step_0033000.pt,True,True,True
001,34000,0000/001/trajectory_checkpoints/step_0034000.pt,True,True,True
001,35000,0000/001/trajectory_checkpoints/step_0035000.pt,True,True,True
001,36000,0000/001/trajectory_checkpoints/step_0036000.pt,True,True,True
001,37000,0000/001/trajectory_checkpoints/step_0037000.pt,True,True,True
001,38000,0000/001/trajectory_checkpoints/step_0038000.pt,True,True,True
001,39000,0000/001/trajectory_checkpoints/step_0039000.pt,True,True,True
001,40000,0000/001/trajectory_checkpoints/step_0040000.pt,True,True,True
001,41000,0000/001/trajectory_checkpoints/step_0041000.pt,True,True,True
001,42000,0000/001/trajectory_checkpoints/step_0042000.pt,True,True,True
001,43000,0000/001/trajectory_checkpoints/step_0043000.pt,True,True,True
001,44000,0000/001/trajectory_checkpoints/step_0044000.pt,True,True,True
001,45000,0000/001/trajectory_checkpoints/step_0045000.pt,True,True,True
001,46000,0000/001/trajectory_checkpoints/step_0046000.pt,True,True,True
001,47000,0000/001/trajectory_checkpoints/step_0047000.pt,True,True,True
001,48000,0000/001/trajectory_checkpoints/step_0048000.pt,True,True,True
001,49000,0000/001/trajectory_checkpoints/step_0049000.pt,True,True,True
001,50000,0000/001/trajectory_checkpoints/step_0050000.pt,True,True,True
001,51000,0000/001/trajectory_checkpoints/step_0051000.pt,True,True,True
001,52000,0000/001/trajectory_checkpoints/step_0052000.pt,True,True,True
001,53000,0000/001/trajectory_checkpoints/step_0053000.pt,True,True,True
001,54000,0000/001/trajectory_checkpoints/step_0054000.pt,True,True,True
001,55000,0000/001/trajectory_checkpoints/step_0055000.pt,True,True,True
001,56000,0000/001/trajectory_checkpoints/step_0056000.pt,True,True,True
001,57000,0000/001/trajectory_checkpoints/step_0057000.pt,True,True,True
001,58000,0000/001/trajectory_checkpoints/step_0058000.pt,True,True,True
001,59000,0000/001/trajectory_checkpoints/step_0059000.pt,True,True,True
001,60000,0000/001/trajectory_checkpoints/step_0060000.pt,True,True,True
001,61000,0000/001/trajectory_checkpoints/step_0061000.pt,True,True,True
001,62000,0000/001/trajectory_checkpoints/step_0062000.pt,True,True,True
001,63000,0000/001/trajectory_checkpoints/step_0063000.pt,True,True,True
001,64000,0000/001/trajectory_checkpoints/step_0064000.pt,True,True,True
001,65000,0000/001/trajectory_checkpoints/step_0065000.pt,True,True,True
001,66000,0000/001/trajectory_checkpoints/step_0066000.pt,True,True,True
001,67000,0000/001/trajectory_checkpoints/step_0067000.pt,True,True,True
001,68000,0000/001/trajectory_checkpoints/step_0068000.pt,True,True,True
001,69000,0000/001/trajectory_checkpoints/step_0069000.pt,True,True,True
001,70000,0000/001/trajectory_checkpoints/step_0070000.pt,True,True,True
001,71000,0000/001/trajectory_checkpoints/step_0071000.pt,True,True,True
001,72000,0000/001/trajectory_checkpoints/step_0072000.pt,True,True,True
001,73000,0000/001/trajectory_checkpoints/step_0073000.pt,True,True,True
001,74000,0000/001/trajectory_checkpoints/step_0074000.pt,True,True,True
001,75000,0000/001/trajectory_checkpoints/step_0075000.pt,True,True,True
001,76000,0000/001/trajectory_checkpoints/step_0076000.pt,True,True,True
001,77000,0000/001/trajectory_checkpoints/step_0077000.pt,True,True,True
001,78000,0000/001/trajectory_checkpoints/step_0078000.pt,True,True,True
001,79000,0000/001/trajectory_checkpoints/step_0079000.pt,True,True,True
001,80000,0000/001/trajectory_checkpoints/step_0080000.pt,True,True,True
001,81000,0000/001/trajectory_checkpoints/step_0081000.pt,True,True,True
001,82000,0000/001/trajectory_checkpoints/step_0082000.pt,True,True,True
001,83000,0000/001/trajectory_checkpoints/step_0083000.pt,True,True,True
001,84000,0000/001/trajectory_checkpoints/step_0084000.pt,True,True,True
001,85000,0000/001/trajectory_checkpoints/step_0085000.pt,True,True,True
001,86000,0000/001/trajectory_checkpoints/step_0086000.pt,True,True,True
001,87000,0000/001/trajectory_checkpoints/step_0087000.pt,True,True,True
001,88000,0000/001/trajectory_checkpoints/step_0088000.pt,True,True,True
001,89000,0000/001/trajectory_checkpoints/step_0089000.pt,True,True,True
001,90000,0000/001/trajectory_checkpoints/step_0090000.pt,True,True,True
001,91000,0000/001/trajectory_checkpoints/step_0091000.pt,True,True,True
001,92000,0000/001/trajectory_checkpoints/step_0092000.pt,True,True,True
001,93000,0000/001/trajectory_checkpoints/step_0093000.pt,True,True,True
001,94000,0000/001/trajectory_checkpoints/step_0094000.pt,True,True,True
001,95000,0000/001/trajectory_checkpoints/step_0095000.pt,True,True,True
001,96000,0000/001/trajectory_checkpoints/step_0096000.pt,True,True,True
001,97000,0000/001/trajectory_checkpoints/step_0097000.pt,True,True,True
001,98000,0000/001/trajectory_checkpoints/step_0098000.pt,True,True,True
001,99000,0000/001/trajectory_checkpoints/step_0099000.pt,True,True,True
001,100000,0000/001/trajectory_checkpoints/step_0100000.pt,True,True,True
001,101000,0000/001/trajectory_checkpoints/step_0101000.pt,True,True,True
001,102000,0000/001/trajectory_checkpoints/step_0102000.pt,True,True,True
001,103000,0000/001/trajectory_checkpoints/step_0103000.pt,True,True,True
001,104000,0000/001/trajectory_checkpoints/step_0104000.pt,True,True,True
001,105000,0000/001/trajectory_checkpoints/step_0105000.pt,True,True,True
001,106000,0000/001/trajectory_checkpoints/step_0106000.pt,True,True,True
001,107000,0000/001/trajectory_checkpoints/step_0107000.pt,True,True,True
001,108000,0000/001/trajectory_checkpoints/step_0108000.pt,True,True,True
001,109000,0000/001/trajectory_checkpoints/step_0109000.pt,True,True,True
001,110000,0000/001/trajectory_checkpoints/step_0110000.pt,True,True,True
001,111000,0000/001/trajectory_checkpoints/step_0111000.pt,True,True,True
001,112000,0000/001/trajectory_checkpoints/step_0112000.pt,True,True,True
001,113000,0000/001/trajectory_checkpoints/step_0113000.pt,True,True,True
001,114000,0000/001/trajectory_checkpoints/step_0114000.pt,True,True,True
001,115000,0000/001/trajectory_checkpoints/step_0115000.pt,True,True,True
001,116000,0000/001/trajectory_checkpoints/step_0116000.pt,True,True,True
001,117000,0000/001/trajectory_checkpoints/step_0117000.pt,True,True,True
001,118000,0000/001/trajectory_checkpoints/step_0118000.pt,True,True,True
001,119000,0000/001/trajectory_checkpoints/step_0119000.pt,True,True,True
001,120000,0000/001/trajectory_checkpoints/step_0120000.pt,True,True,True
001,121000,0000/001/trajectory_checkpoints/step_0121000.pt,True,True,True
001,122000,0000/001/trajectory_checkpoints/step_0122000.pt,True,True,True
001,123000,0000/001/trajectory_checkpoints/step_0123000.pt,True,True,True
001,124000,0000/001/trajectory_checkpoints/step_0124000.pt,True,True,True
001,125000,0000/001/trajectory_checkpoints/step_0125000.pt,True,True,True
001,126000,0000/001/trajectory_checkpoints/step_0126000.pt,True,True,True
001,127000,0000/001/trajectory_checkpoints/step_0127000.pt,True,True,True
001,128000,0000/001/trajectory_checkpoints/step_0128000.pt,True,True,True
001,129000,0000/001/trajectory_checkpoints/step_0129000.pt,True,True,True
001,130000,0000/001/trajectory_checkpoints/step_0130000.pt,True,True,True
001,131000,0000/001/trajectory_checkpoints/step_0131000.pt,True,True,True
001,132000,0000/001/trajectory_checkpoints/step_0132000.pt,True,True,True
001,133000,0000/001/trajectory_checkpoints/step_0133000.pt,True,True,True
001,134000,0000/001/trajectory_checkpoints/step_0134000.pt,True,True,True
001,135000,0000/001/trajectory_checkpoints/step_0135000.pt,True,True,True
001,135925,0000/001/trajectory_checkpoints/step_0135925.pt,False,False,False
001,136000,0000/001/trajectory_checkpoints/step_0136000.pt,True,True,True
001,137000,0000/001/trajectory_checkpoints/step_0137000.pt,True,True,True
001,138000,0000/001/trajectory_checkpoints/step_0138000.pt,True,True,True
001,139000,0000/001/trajectory_checkpoints/step_0139000.pt,True,True,True
001,140000,0000/001/trajectory_checkpoints/step_0140000.pt,True,True,True
001,141000,0000/001/trajectory_checkpoints/step_0141000.pt,True,True,True
001,142000,0000/001/trajectory_checkpoints/step_0142000.pt,True,True,True
001,143000,0000/001/trajectory_checkpoints/step_0143000.pt,True,True,True
001,144000,0000/001/trajectory_checkpoints/step_0144000.pt,True,True,True
001,145000,0000/001/trajectory_checkpoints/step_0145000.pt,True,True,True
001,146000,0000/001/trajectory_checkpoints/step_0146000.pt,True,True,True
001,147000,0000/001/trajectory_checkpoints/step_0147000.pt,True,True,True
001,148000,0000/001/trajectory_checkpoints/step_0148000.pt,True,True,True
001,149000,0000/001/trajectory_checkpoints/step_0149000.pt,True,True,True
001,150000,0000/001/trajectory_checkpoints/step_0150000.pt,True,True,True
001,151000,0000/001/trajectory_checkpoints/step_0151000.pt,True,True,True
001,152000,0000/001/trajectory_checkpoints/step_0152000.pt,True,True,True
001,153000,0000/001/trajectory_checkpoints/step_0153000.pt,True,True,True
001,154000,0000/001/trajectory_checkpoints/step_0154000.pt,True,True,True
001,155000,0000/001/trajectory_checkpoints/step_0155000.pt,True,True,True
001,156000,0000/001/trajectory_checkpoints/step_0156000.pt,True,True,True
001,157000,0000/001/trajectory_checkpoints/step_0157000.pt,True,True,True
001,158000,0000/001/trajectory_checkpoints/step_0158000.pt,True,True,True
001,159000,0000/001/trajectory_checkpoints/step_0159000.pt,True,True,True
001,160000,0000/001/trajectory_checkpoints/step_0160000.pt,True,True,True
001,161000,0000/001/trajectory_checkpoints/step_0161000.pt,True,True,True
001,162000,0000/001/trajectory_checkpoints/step_0162000.pt,True,True,True
001,163000,0000/001/trajectory_checkpoints/step_0163000.pt,True,True,True
001,164000,0000/001/trajectory_checkpoints/step_0164000.pt,True,True,True
001,165000,0000/001/trajectory_checkpoints/step_0165000.pt,True,True,True
001,166000,0000/001/trajectory_checkpoints/step_0166000.pt,True,True,True
001,167000,0000/001/trajectory_checkpoints/step_0167000.pt,True,True,True
001,168000,0000/001/trajectory_checkpoints/step_0168000.pt,True,True,True
001,169000,0000/001/trajectory_checkpoints/step_0169000.pt,True,True,True
001,170000,0000/001/trajectory_checkpoints/step_0170000.pt,True,True,True
001,171000,0000/001/trajectory_checkpoints/step_0171000.pt,True,True,True
001,172000,0000/001/trajectory_checkpoints/step_0172000.pt,True,True,True
001,173000,0000/001/trajectory_checkpoints/step_0173000.pt,True,True,True
001,174000,0000/001/trajectory_checkpoints/step_0174000.pt,True,True,True
001,175000,0000/001/trajectory_checkpoints/step_0175000.pt,True,True,True
001,176000,0000/001/trajectory_checkpoints/step_0176000.pt,True,True,True
001,177000,0000/001/trajectory_checkpoints/step_0177000.pt,True,True,True
001,178000,0000/001/trajectory_checkpoints/step_0178000.pt,True,True,True
001,179000,0000/001/trajectory_checkpoints/step_0179000.pt,True,True,True
001,180000,0000/001/trajectory_checkpoints/step_0180000.pt,True,True,True
001,181000,0000/001/trajectory_checkpoints/step_0181000.pt,True,True,True
001,182000,0000/001/trajectory_checkpoints/step_0182000.pt,True,True,True
001,183000,0000/001/trajectory_checkpoints/step_0183000.pt,True,True,True
001,184000,0000/001/trajectory_checkpoints/step_0184000.pt,True,True,True
001,185000,0000/001/trajectory_checkpoints/step_0185000.pt,True,True,True
001,186000,0000/001/trajectory_checkpoints/step_0186000.pt,True,True,True
001,187000,0000/001/trajectory_checkpoints/step_0187000.pt,True,True,True
001,188000,0000/001/trajectory_checkpoints/step_0188000.pt,True,True,True
001,189000,0000/001/trajectory_checkpoints/step_0189000.pt,True,True,True
001,190000,0000/001/trajectory_checkpoints/step_0190000.pt,True,True,True
001,191000,0000/001/trajectory_checkpoints/step_0191000.pt,True,True,True
001,192000,0000/001/trajectory_checkpoints/step_0192000.pt,True,True,True
001,193000,0000/001/trajectory_checkpoints/step_0193000.pt,True,True,True
001,194000,0000/001/trajectory_checkpoints/step_0194000.pt,True,True,True
001,195000,0000/001/trajectory_checkpoints/step_0195000.pt,True,True,True
001,196000,0000/001/trajectory_checkpoints/step_0196000.pt,True,True,True
001,197000,0000/001/trajectory_checkpoints/step_0197000.pt,True,True,True
001,198000,0000/001/trajectory_checkpoints/step_0198000.pt,True,True,True
001,199000,0000/001/trajectory_checkpoints/step_0199000.pt,True,True,True
001,200000,0000/001/trajectory_checkpoints/step_0200000.pt,True,True,True
001,201000,0000/001/trajectory_checkpoints/step_0201000.pt,True,True,True
001,202000,0000/001/trajectory_checkpoints/step_0202000.pt,True,True,True
001,203000,0000/001/trajectory_checkpoints/step_0203000.pt,True,True,True
001,204000,0000/001/trajectory_checkpoints/step_0204000.pt,True,True,True
001,205000,0000/001/trajectory_checkpoints/step_0205000.pt,True,True,True
001,206000,0000/001/trajectory_checkpoints/step_0206000.pt,True,True,True
001,207000,0000/001/trajectory_checkpoints/step_0207000.pt,True,True,True
001,208000,0000/001/trajectory_checkpoints/step_0208000.pt,True,True,True
001,209000,0000/001/trajectory_checkpoints/step_0209000.pt,True,True,True
001,210000,0000/001/trajectory_checkpoints/step_0210000.pt,True,True,True
001,211000,0000/001/trajectory_checkpoints/step_0211000.pt,True,True,True
001,212000,0000/001/trajectory_checkpoints/step_0212000.pt,True,True,True
001,213000,0000/001/trajectory_checkpoints/step_0213000.pt,True,True,True
001,214000,0000/001/trajectory_checkpoints/step_0214000.pt,True,True,True
001,215000,0000/001/trajectory_checkpoints/step_0215000.pt,True,True,True
001,216000,0000/001/trajectory_checkpoints/step_0216000.pt,True,True,True
001,217000,0000/001/trajectory_checkpoints/step_0217000.pt,True,True,True
001,218000,0000/001/trajectory_checkpoints/step_0218000.pt,True,True,True
001,219000,0000/001/trajectory_checkpoints/step_0219000.pt,True,True,True
001,220000,0000/001/trajectory_checkpoints/step_0220000.pt,True,True,True
001,221000,0000/001/trajectory_checkpoints/step_0221000.pt,True,True,True
001,222000,0000/001/trajectory_checkpoints/step_0222000.pt,True,True,True
001,223000,0000/001/trajectory_checkpoints/step_0223000.pt,True,True,True
001,224000,0000/001/trajectory_checkpoints/step_0224000.pt,True,True,True
001,225000,0000/001/trajectory_checkpoints/step_0225000.pt,True,True,True
001,226000,0000/001/trajectory_checkpoints/step_0226000.pt,True,True,True
001,227000,0000/001/trajectory_checkpoints/step_0227000.pt,True,True,True
001,228000,0000/001/trajectory_checkpoints/step_0228000.pt,True,True,True
001,229000,0000/001/trajectory_checkpoints/step_0229000.pt,True,True,True
001,230000,0000/001/trajectory_checkpoints/step_0230000.pt,True,True,True
001,231000,0000/001/trajectory_checkpoints/step_0231000.pt,True,True,True
001,232000,0000/001/trajectory_checkpoints/step_0232000.pt,True,True,True
001,233000,0000/001/trajectory_checkpoints/step_0233000.pt,True,True,True
001,234000,0000/001/trajectory_checkpoints/step_0234000.pt,True,True,True
001,235000,0000/001/trajectory_checkpoints/step_0235000.pt,True,True,True
001,236000,0000/001/trajectory_checkpoints/step_0236000.pt,True,True,True
001,237000,0000/001/trajectory_checkpoints/step_0237000.pt,True,True,True
001,238000,0000/001/trajectory_checkpoints/step_0238000.pt,True,True,True
001,239000,0000/001/trajectory_checkpoints/step_0239000.pt,True,True,True
001,240000,0000/001/trajectory_checkpoints/step_0240000.pt,True,True,True
001,241000,0000/001/trajectory_checkpoints/step_0241000.pt,True,True,True
001,242000,0000/001/trajectory_checkpoints/step_0242000.pt,True,True,True
001,243000,0000/001/trajectory_checkpoints/step_0243000.pt,True,True,True
001,244000,0000/001/trajectory_checkpoints/step_0244000.pt,True,True,True
001,245000,0000/001/trajectory_checkpoints/step_0245000.pt,True,True,True
001,246000,0000/001/trajectory_checkpoints/step_0246000.pt,True,True,True
001,247000,0000/001/trajectory_checkpoints/step_0247000.pt,True,True,True
001,248000,0000/001/trajectory_checkpoints/step_0248000.pt,True,True,True
001,249000,0000/001/trajectory_checkpoints/step_0249000.pt,True,True,True
001,250000,0000/001/trajectory_checkpoints/step_0250000.pt,True,True,True
001,250009,0000/001/trajectory_checkpoints/step_0250009.pt,False,False,False
002,0,0000/002/trajectory_checkpoints/step_0000000.pt,True,True,True
002,131,0000/002/trajectory_checkpoints/step_0000131.pt,False,False,False
002,1000,0000/002/trajectory_checkpoints/step_0001000.pt,True,True,True
002,2000,0000/002/trajectory_checkpoints/step_0002000.pt,True,True,True
002,3000,0000/002/trajectory_checkpoints/step_0003000.pt,True,True,True
002,4000,0000/002/trajectory_checkpoints/step_0004000.pt,True,True,True
002,5000,0000/002/trajectory_checkpoints/step_0005000.pt,True,True,True
002,6000,0000/002/trajectory_checkpoints/step_0006000.pt,True,True,True
002,7000,0000/002/trajectory_checkpoints/step_0007000.pt,True,True,True
002,8000,0000/002/trajectory_checkpoints/step_0008000.pt,True,True,True
002,9000,0000/002/trajectory_checkpoints/step_0009000.pt,True,True,True
002,10000,0000/002/trajectory_checkpoints/step_0010000.pt,True,True,True
002,11000,0000/002/trajectory_checkpoints/step_0011000.pt,True,True,True
002,12000,0000/002/trajectory_checkpoints/step_0012000.pt,True,True,True
002,13000,0000/002/trajectory_checkpoints/step_0013000.pt,True,True,True
002,14000,0000/002/trajectory_checkpoints/step_0014000.pt,True,True,True
002,15000,0000/002/trajectory_checkpoints/step_0015000.pt,True,True,True
002,16000,0000/002/trajectory_checkpoints/step_0016000.pt,True,True,True
002,17000,0000/002/trajectory_checkpoints/step_0017000.pt,True,True,True
002,18000,0000/002/trajectory_checkpoints/step_0018000.pt,True,True,True
002,19000,0000/002/trajectory_checkpoints/step_0019000.pt,True,True,True
002,20000,0000/002/trajectory_checkpoints/step_0020000.pt,True,True,True
002,21000,0000/002/trajectory_checkpoints/step_0021000.pt,True,True,True
002,22000,0000/002/trajectory_checkpoints/step_0022000.pt,True,True,True
002,23000,0000/002/trajectory_checkpoints/step_0023000.pt,True,True,True
002,24000,0000/002/trajectory_checkpoints/step_0024000.pt,True,True,True
002,25000,0000/002/trajectory_checkpoints/step_0025000.pt,True,True,True
002,26000,0000/002/trajectory_checkpoints/step_0026000.pt,True,True,True
002,27000,0000/002/trajectory_checkpoints/step_0027000.pt,True,True,True
002,28000,0000/002/trajectory_checkpoints/step_0028000.pt,True,True,True
002,29000,0000/002/trajectory_checkpoints/step_0029000.pt,True,True,True
002,30000,0000/002/trajectory_checkpoints/step_0030000.pt,True,True,True
002,31000,0000/002/trajectory_checkpoints/step_0031000.pt,True,True,True
002,32000,0000/002/trajectory_checkpoints/step_0032000.pt,True,True,True
002,33000,0000/002/trajectory_checkpoints/step_0033000.pt,True,True,True
002,34000,0000/002/trajectory_checkpoints/step_0034000.pt,True,True,True
002,35000,0000/002/trajectory_checkpoints/step_0035000.pt,True,True,True
002,36000,0000/002/trajectory_checkpoints/step_0036000.pt,True,True,True
002,37000,0000/002/trajectory_checkpoints/step_0037000.pt,True,True,True
002,38000,0000/002/trajectory_checkpoints/step_0038000.pt,True,True,True
002,39000,0000/002/trajectory_checkpoints/step_0039000.pt,True,True,True
002,40000,0000/002/trajectory_checkpoints/step_0040000.pt,True,True,True
002,41000,0000/002/trajectory_checkpoints/step_0041000.pt,True,True,True
002,42000,0000/002/trajectory_checkpoints/step_0042000.pt,True,True,True
002,43000,0000/002/trajectory_checkpoints/step_0043000.pt,True,True,True
002,44000,0000/002/trajectory_checkpoints/step_0044000.pt,True,True,True
002,45000,0000/002/trajectory_checkpoints/step_0045000.pt,True,True,True
002,46000,0000/002/trajectory_checkpoints/step_0046000.pt,True,True,True
002,47000,0000/002/trajectory_checkpoints/step_0047000.pt,True,True,True
002,48000,0000/002/trajectory_checkpoints/step_0048000.pt,True,True,True
002,49000,0000/002/trajectory_checkpoints/step_0049000.pt,True,True,True
002,50000,0000/002/trajectory_checkpoints/step_0050000.pt,True,True,True
002,51000,0000/002/trajectory_checkpoints/step_0051000.pt,True,True,True
002,52000,0000/002/trajectory_checkpoints/step_0052000.pt,True,True,True
002,53000,0000/002/trajectory_checkpoints/step_0053000.pt,True,True,True
002,54000,0000/002/trajectory_checkpoints/step_0054000.pt,True,True,True
002,55000,0000/002/trajectory_checkpoints/step_0055000.pt,True,True,True
002,56000,0000/002/trajectory_checkpoints/step_0056000.pt,True,True,True
002,57000,0000/002/trajectory_checkpoints/step_0057000.pt,True,True,True
002,58000,0000/002/trajectory_checkpoints/step_0058000.pt,True,True,True
002,59000,0000/002/trajectory_checkpoints/step_0059000.pt,True,True,True
002,60000,0000/002/trajectory_checkpoints/step_0060000.pt,True,True,True
002,61000,0000/002/trajectory_checkpoints/step_0061000.pt,True,True,True
002,62000,0000/002/trajectory_checkpoints/step_0062000.pt,True,True,True
002,63000,0000/002/trajectory_checkpoints/step_0063000.pt,True,True,True
002,64000,0000/002/trajectory_checkpoints/step_0064000.pt,True,True,True
002,65000,0000/002/trajectory_checkpoints/step_0065000.pt,True,True,True
002,66000,0000/002/trajectory_checkpoints/step_0066000.pt,True,True,True
002,67000,0000/002/trajectory_checkpoints/step_0067000.pt,True,True,True
002,68000,0000/002/trajectory_checkpoints/step_0068000.pt,True,True,True
002,69000,0000/002/trajectory_checkpoints/step_0069000.pt,True,True,True
002,70000,0000/002/trajectory_checkpoints/step_0070000.pt,True,True,True
002,71000,0000/002/trajectory_checkpoints/step_0071000.pt,True,True,True
002,72000,0000/002/trajectory_checkpoints/step_0072000.pt,True,True,True
002,73000,0000/002/trajectory_checkpoints/step_0073000.pt,True,True,True
002,74000,0000/002/trajectory_checkpoints/step_0074000.pt,True,True,True
002,75000,0000/002/trajectory_checkpoints/step_0075000.pt,True,True,True
002,76000,0000/002/trajectory_checkpoints/step_0076000.pt,True,True,True
002,77000,0000/002/trajectory_checkpoints/step_0077000.pt,True,True,True
002,78000,0000/002/trajectory_checkpoints/step_0078000.pt,True,True,True
002,79000,0000/002/trajectory_checkpoints/step_0079000.pt,True,True,True
002,80000,0000/002/trajectory_checkpoints/step_0080000.pt,True,True,True
002,81000,0000/002/trajectory_checkpoints/step_0081000.pt,True,True,True
002,82000,0000/002/trajectory_checkpoints/step_0082000.pt,True,True,True
002,83000,0000/002/trajectory_checkpoints/step_0083000.pt,True,True,True
002,84000,0000/002/trajectory_checkpoints/step_0084000.pt,True,True,True
002,85000,0000/002/trajectory_checkpoints/step_0085000.pt,True,True,True
002,86000,0000/002/trajectory_checkpoints/step_0086000.pt,True,True,True
002,87000,0000/002/trajectory_checkpoints/step_0087000.pt,True,True,True
002,88000,0000/002/trajectory_checkpoints/step_0088000.pt,True,True,True
002,89000,0000/002/trajectory_checkpoints/step_0089000.pt,True,True,True
002,90000,0000/002/trajectory_checkpoints/step_0090000.pt,True,True,True
002,91000,0000/002/trajectory_checkpoints/step_0091000.pt,True,True,True
002,92000,0000/002/trajectory_checkpoints/step_0092000.pt,True,True,True
002,93000,0000/002/trajectory_checkpoints/step_0093000.pt,True,True,True
002,94000,0000/002/trajectory_checkpoints/step_0094000.pt,True,True,True
002,95000,0000/002/trajectory_checkpoints/step_0095000.pt,True,True,True
002,96000,0000/002/trajectory_checkpoints/step_0096000.pt,True,True,True
002,97000,0000/002/trajectory_checkpoints/step_0097000.pt,True,True,True
002,98000,0000/002/trajectory_checkpoints/step_0098000.pt,True,True,True
002,99000,0000/002/trajectory_checkpoints/step_0099000.pt,True,True,True
002,100000,0000/002/trajectory_checkpoints/step_0100000.pt,True,True,True
002,101000,0000/002/trajectory_checkpoints/step_0101000.pt,True,True,True
002,102000,0000/002/trajectory_checkpoints/step_0102000.pt,True,True,True
002,103000,0000/002/trajectory_checkpoints/step_0103000.pt,True,True,True
002,104000,0000/002/trajectory_checkpoints/step_0104000.pt,True,True,True
002,105000,0000/002/trajectory_checkpoints/step_0105000.pt,True,True,True
002,106000,0000/002/trajectory_checkpoints/step_0106000.pt,True,True,True
002,107000,0000/002/trajectory_checkpoints/step_0107000.pt,True,True,True
002,108000,0000/002/trajectory_checkpoints/step_0108000.pt,True,True,True
002,109000,0000/002/trajectory_checkpoints/step_0109000.pt,True,True,True
002,110000,0000/002/trajectory_checkpoints/step_0110000.pt,True,True,True
002,111000,0000/002/trajectory_checkpoints/step_0111000.pt,True,True,True
002,112000,0000/002/trajectory_checkpoints/step_0112000.pt,True,True,True
002,113000,0000/002/trajectory_checkpoints/step_0113000.pt,True,True,True
002,114000,0000/002/trajectory_checkpoints/step_0114000.pt,True,True,True
002,115000,0000/002/trajectory_checkpoints/step_0115000.pt,True,True,True
002,116000,0000/002/trajectory_checkpoints/step_0116000.pt,True,True,True
002,117000,0000/002/trajectory_checkpoints/step_0117000.pt,True,True,True
002,118000,0000/002/trajectory_checkpoints/step_0118000.pt,True,True,True
002,119000,0000/002/trajectory_checkpoints/step_0119000.pt,True,True,True
002,120000,0000/002/trajectory_checkpoints/step_0120000.pt,True,True,True
002,121000,0000/002/trajectory_checkpoints/step_0121000.pt,True,True,True
002,122000,0000/002/trajectory_checkpoints/step_0122000.pt,True,True,True
002,123000,0000/002/trajectory_checkpoints/step_0123000.pt,True,True,True
002,124000,0000/002/trajectory_checkpoints/step_0124000.pt,True,True,True
002,125000,0000/002/trajectory_checkpoints/step_0125000.pt,True,True,True
002,126000,0000/002/trajectory_checkpoints/step_0126000.pt,True,True,True
002,127000,0000/002/trajectory_checkpoints/step_0127000.pt,True,True,True
002,128000,0000/002/trajectory_checkpoints/step_0128000.pt,True,True,True
002,129000,0000/002/trajectory_checkpoints/step_0129000.pt,True,True,True
002,130000,0000/002/trajectory_checkpoints/step_0130000.pt,True,True,True
002,131000,0000/002/trajectory_checkpoints/step_0131000.pt,True,True,True
002,132000,0000/002/trajectory_checkpoints/step_0132000.pt,True,True,True
002,133000,0000/002/trajectory_checkpoints/step_0133000.pt,True,True,True
002,134000,0000/002/trajectory_checkpoints/step_0134000.pt,True,True,True
002,135000,0000/002/trajectory_checkpoints/step_0135000.pt,True,True,True
002,136000,0000/002/trajectory_checkpoints/step_0136000.pt,True,True,True
002,137000,0000/002/trajectory_checkpoints/step_0137000.pt,True,True,True
002,138000,0000/002/trajectory_checkpoints/step_0138000.pt,True,True,True
002,139000,0000/002/trajectory_checkpoints/step_0139000.pt,True,True,True
002,140000,0000/002/trajectory_checkpoints/step_0140000.pt,True,True,True
002,141000,0000/002/trajectory_checkpoints/step_0141000.pt,True,True,True
002,142000,0000/002/trajectory_checkpoints/step_0142000.pt,True,True,True
002,143000,0000/002/trajectory_checkpoints/step_0143000.pt,True,True,True
002,144000,0000/002/trajectory_checkpoints/step_0144000.pt,True,True,True
002,145000,0000/002/trajectory_checkpoints/step_0145000.pt,True,True,True
002,146000,0000/002/trajectory_checkpoints/step_0146000.pt,True,True,True
002,147000,0000/002/trajectory_checkpoints/step_0147000.pt,True,True,True
002,148000,0000/002/trajectory_checkpoints/step_0148000.pt,True,True,True
002,149000,0000/002/trajectory_checkpoints/step_0149000.pt,True,True,True
002,150000,0000/002/trajectory_checkpoints/step_0150000.pt,True,True,True
002,151000,0000/002/trajectory_checkpoints/step_0151000.pt,True,True,True
002,152000,0000/002/trajectory_checkpoints/step_0152000.pt,True,True,True
002,153000,0000/002/trajectory_checkpoints/step_0153000.pt,True,True,True
002,154000,0000/002/trajectory_checkpoints/step_0154000.pt,True,True,True
002,155000,0000/002/trajectory_checkpoints/step_0155000.pt,True,True,True
002,156000,0000/002/trajectory_checkpoints/step_0156000.pt,True,True,True
002,157000,0000/002/trajectory_checkpoints/step_0157000.pt,True,True,True
002,158000,0000/002/trajectory_checkpoints/step_0158000.pt,True,True,True
002,159000,0000/002/trajectory_checkpoints/step_0159000.pt,True,True,True
002,160000,0000/002/trajectory_checkpoints/step_0160000.pt,True,True,True
002,161000,0000/002/trajectory_checkpoints/step_0161000.pt,True,True,True
002,162000,0000/002/trajectory_checkpoints/step_0162000.pt,True,True,True
002,163000,0000/002/trajectory_checkpoints/step_0163000.pt,True,True,True
002,164000,0000/002/trajectory_checkpoints/step_0164000.pt,True,True,True
002,165000,0000/002/trajectory_checkpoints/step_0165000.pt,True,True,True
002,166000,0000/002/trajectory_checkpoints/step_0166000.pt,True,True,True
002,167000,0000/002/trajectory_checkpoints/step_0167000.pt,True,True,True
002,168000,0000/002/trajectory_checkpoints/step_0168000.pt,True,True,True
002,169000,0000/002/trajectory_checkpoints/step_0169000.pt,True,True,True
002,170000,0000/002/trajectory_checkpoints/step_0170000.pt,True,True,True
002,171000,0000/002/trajectory_checkpoints/step_0171000.pt,True,True,True
002,172000,0000/002/trajectory_checkpoints/step_0172000.pt,True,True,True
002,173000,0000/002/trajectory_checkpoints/step_0173000.pt,True,True,True
002,174000,0000/002/trajectory_checkpoints/step_0174000.pt,True,True,True
002,175000,0000/002/trajectory_checkpoints/step_0175000.pt,True,True,True
002,176000,0000/002/trajectory_checkpoints/step_0176000.pt,True,True,True
002,177000,0000/002/trajectory_checkpoints/step_0177000.pt,True,True,True
002,178000,0000/002/trajectory_checkpoints/step_0178000.pt,True,True,True
002,179000,0000/002/trajectory_checkpoints/step_0179000.pt,True,True,True
002,180000,0000/002/trajectory_checkpoints/step_0180000.pt,True,True,True
002,181000,0000/002/trajectory_checkpoints/step_0181000.pt,True,True,True
002,182000,0000/002/trajectory_checkpoints/step_0182000.pt,True,True,True
002,183000,0000/002/trajectory_checkpoints/step_0183000.pt,True,True,True
002,184000,0000/002/trajectory_checkpoints/step_0184000.pt,True,True,True
002,185000,0000/002/trajectory_checkpoints/step_0185000.pt,True,True,True
002,186000,0000/002/trajectory_checkpoints/step_0186000.pt,True,True,True
002,187000,0000/002/trajectory_checkpoints/step_0187000.pt,True,True,True
002,188000,0000/002/trajectory_checkpoints/step_0188000.pt,True,True,True
002,189000,0000/002/trajectory_checkpoints/step_0189000.pt,True,True,True
002,190000,0000/002/trajectory_checkpoints/step_0190000.pt,True,True,True
002,191000,0000/002/trajectory_checkpoints/step_0191000.pt,True,True,True
002,192000,0000/002/trajectory_checkpoints/step_0192000.pt,True,True,True
002,193000,0000/002/trajectory_checkpoints/step_0193000.pt,True,True,True
002,194000,0000/002/trajectory_checkpoints/step_0194000.pt,True,True,True
002,195000,0000/002/trajectory_checkpoints/step_0195000.pt,True,True,True
002,196000,0000/002/trajectory_checkpoints/step_0196000.pt,True,True,True
002,197000,0000/002/trajectory_checkpoints/step_0197000.pt,True,True,True
002,198000,0000/002/trajectory_checkpoints/step_0198000.pt,True,True,True
002,199000,0000/002/trajectory_checkpoints/step_0199000.pt,True,True,True
002,200000,0000/002/trajectory_checkpoints/step_0200000.pt,True,True,True
002,201000,0000/002/trajectory_checkpoints/step_0201000.pt,True,True,True
002,202000,0000/002/trajectory_checkpoints/step_0202000.pt,True,True,True
002,203000,0000/002/trajectory_checkpoints/step_0203000.pt,True,True,True
002,204000,0000/002/trajectory_checkpoints/step_0204000.pt,True,True,True
002,205000,0000/002/trajectory_checkpoints/step_0205000.pt,True,True,True
002,206000,0000/002/trajectory_checkpoints/step_0206000.pt,True,True,True
002,207000,0000/002/trajectory_checkpoints/step_0207000.pt,True,True,True
002,208000,0000/002/trajectory_checkpoints/step_0208000.pt,True,True,True
002,209000,0000/002/trajectory_checkpoints/step_0209000.pt,True,True,True
002,210000,0000/002/trajectory_checkpoints/step_0210000.pt,True,True,True
002,211000,0000/002/trajectory_checkpoints/step_0211000.pt,True,True,True
002,212000,0000/002/trajectory_checkpoints/step_0212000.pt,True,True,True
002,213000,0000/002/trajectory_checkpoints/step_0213000.pt,True,True,True
002,214000,0000/002/trajectory_checkpoints/step_0214000.pt,True,True,True
002,215000,0000/002/trajectory_checkpoints/step_0215000.pt,True,True,True
002,216000,0000/002/trajectory_checkpoints/step_0216000.pt,True,True,True
002,217000,0000/002/trajectory_checkpoints/step_0217000.pt,True,True,True
002,218000,0000/002/trajectory_checkpoints/step_0218000.pt,True,True,True
002,219000,0000/002/trajectory_checkpoints/step_0219000.pt,True,True,True
002,220000,0000/002/trajectory_checkpoints/step_0220000.pt,True,True,True
002,221000,0000/002/trajectory_checkpoints/step_0221000.pt,True,True,True
002,222000,0000/002/trajectory_checkpoints/step_0222000.pt,True,True,True
002,223000,0000/002/trajectory_checkpoints/step_0223000.pt,True,True,True
002,224000,0000/002/trajectory_checkpoints/step_0224000.pt,True,True,True
002,225000,0000/002/trajectory_checkpoints/step_0225000.pt,True,True,True
002,226000,0000/002/trajectory_checkpoints/step_0226000.pt,True,True,True
002,227000,0000/002/trajectory_checkpoints/step_0227000.pt,True,True,True
002,228000,0000/002/trajectory_checkpoints/step_0228000.pt,True,True,True
002,229000,0000/002/trajectory_checkpoints/step_0229000.pt,True,True,True
002,230000,0000/002/trajectory_checkpoints/step_0230000.pt,True,True,True
002,231000,0000/002/trajectory_checkpoints/step_0231000.pt,True,True,True
002,232000,0000/002/trajectory_checkpoints/step_0232000.pt,True,True,True
002,233000,0000/002/trajectory_checkpoints/step_0233000.pt,True,True,True
002,234000,0000/002/trajectory_checkpoints/step_0234000.pt,True,True,True
002,235000,0000/002/trajectory_checkpoints/step_0235000.pt,True,True,True
002,236000,0000/002/trajectory_checkpoints/step_0236000.pt,True,True,True
002,237000,0000/002/trajectory_checkpoints/step_0237000.pt,True,True,True
002,238000,0000/002/trajectory_checkpoints/step_0238000.pt,True,True,True
002,239000,0000/002/trajectory_checkpoints/step_0239000.pt,True,True,True
002,240000,0000/002/trajectory_checkpoints/step_0240000.pt,True,True,True
002,241000,0000/002/trajectory_checkpoints/step_0241000.pt,True,True,True
002,242000,0000/002/trajectory_checkpoints/step_0242000.pt,True,True,True
002,243000,0000/002/trajectory_checkpoints/step_0243000.pt,True,True,True
002,244000,0000/002/trajectory_checkpoints/step_0244000.pt,True,True,True
002,245000,0000/002/trajectory_checkpoints/step_0245000.pt,True,True,True
002,246000,0000/002/trajectory_checkpoints/step_0246000.pt,True,True,True
002,247000,0000/002/trajectory_checkpoints/step_0247000.pt,True,True,True
002,248000,0000/002/trajectory_checkpoints/step_0248000.pt,True,True,True
002,249000,0000/002/trajectory_checkpoints/step_0249000.pt,True,True,True
002,250000,0000/002/trajectory_checkpoints/step_0250000.pt,True,True,True
002,250007,0000/002/trajectory_checkpoints/step_0250007.pt,False,False,False
003,0,0000/003/trajectory_checkpoints/step_0000000.pt,True,True,True
003,1000,0000/003/trajectory_checkpoints/step_0001000.pt,True,True,True
003,2000,0000/003/trajectory_checkpoints/step_0002000.pt,True,True,True
003,3000,0000/003/trajectory_checkpoints/step_0003000.pt,True,True,True
003,4000,0000/003/trajectory_checkpoints/step_0004000.pt,True,True,True
003,5000,0000/003/trajectory_checkpoints/step_0005000.pt,True,True,True
003,6000,0000/003/trajectory_checkpoints/step_0006000.pt,True,True,True
003,7000,0000/003/trajectory_checkpoints/step_0007000.pt,True,True,True
003,8000,0000/003/trajectory_checkpoints/step_0008000.pt,True,True,True
003,9000,0000/003/trajectory_checkpoints/step_0009000.pt,True,True,True
003,10000,0000/003/trajectory_checkpoints/step_0010000.pt,True,True,True
003,11000,0000/003/trajectory_checkpoints/step_0011000.pt,True,True,True
003,12000,0000/003/trajectory_checkpoints/step_0012000.pt,True,True,True
003,13000,0000/003/trajectory_checkpoints/step_0013000.pt,True,True,True
003,14000,0000/003/trajectory_checkpoints/step_0014000.pt,True,True,True
003,15000,0000/003/trajectory_checkpoints/step_0015000.pt,True,True,True
003,16000,0000/003/trajectory_checkpoints/step_0016000.pt,True,True,True
003,17000,0000/003/trajectory_checkpoints/step_0017000.pt,True,True,True
003,18000,0000/003/trajectory_checkpoints/step_0018000.pt,True,True,True
003,19000,0000/003/trajectory_checkpoints/step_0019000.pt,True,True,True
003,20000,0000/003/trajectory_checkpoints/step_0020000.pt,True,True,True
003,21000,0000/003/trajectory_checkpoints/step_0021000.pt,True,True,True
003,22000,0000/003/trajectory_checkpoints/step_0022000.pt,True,True,True
003,23000,0000/003/trajectory_checkpoints/step_0023000.pt,True,True,True
003,24000,0000/003/trajectory_checkpoints/step_0024000.pt,True,True,True
003,25000,0000/003/trajectory_checkpoints/step_0025000.pt,True,True,True
003,26000,0000/003/trajectory_checkpoints/step_0026000.pt,True,True,True
003,27000,0000/003/trajectory_checkpoints/step_0027000.pt,True,True,True
003,28000,0000/003/trajectory_checkpoints/step_0028000.pt,True,True,True
003,29000,0000/003/trajectory_checkpoints/step_0029000.pt,True,True,True
003,30000,0000/003/trajectory_checkpoints/step_0030000.pt,True,True,True
003,31000,0000/003/trajectory_checkpoints/step_0031000.pt,True,True,True
003,32000,0000/003/trajectory_checkpoints/step_0032000.pt,True,True,True
003,33000,0000/003/trajectory_checkpoints/step_0033000.pt,True,True,True
003,34000,0000/003/trajectory_checkpoints/step_0034000.pt,True,True,True
003,35000,0000/003/trajectory_checkpoints/step_0035000.pt,True,True,True
003,36000,0000/003/trajectory_checkpoints/step_0036000.pt,True,True,True
003,37000,0000/003/trajectory_checkpoints/step_0037000.pt,True,True,True
003,38000,0000/003/trajectory_checkpoints/step_0038000.pt,True,True,True
003,39000,0000/003/trajectory_checkpoints/step_0039000.pt,True,True,True
003,40000,0000/003/trajectory_checkpoints/step_0040000.pt,True,True,True
003,41000,0000/003/trajectory_checkpoints/step_0041000.pt,True,True,True
003,42000,0000/003/trajectory_checkpoints/step_0042000.pt,True,True,True
003,43000,0000/003/trajectory_checkpoints/step_0043000.pt,True,True,True
003,44000,0000/003/trajectory_checkpoints/step_0044000.pt,True,True,True
003,45000,0000/003/trajectory_checkpoints/step_0045000.pt,True,True,True
003,46000,0000/003/trajectory_checkpoints/step_0046000.pt,True,True,True
003,47000,0000/003/trajectory_checkpoints/step_0047000.pt,True,True,True
003,48000,0000/003/trajectory_checkpoints/step_0048000.pt,True,True,True
003,49000,0000/003/trajectory_checkpoints/step_0049000.pt,True,True,True
003,50000,0000/003/trajectory_checkpoints/step_0050000.pt,True,True,True
003,51000,0000/003/trajectory_checkpoints/step_0051000.pt,True,True,True
003,52000,0000/003/trajectory_checkpoints/step_0052000.pt,True,True,True
003,53000,0000/003/trajectory_checkpoints/step_0053000.pt,True,True,True
003,54000,0000/003/trajectory_checkpoints/step_0054000.pt,True,True,True
003,55000,0000/003/trajectory_checkpoints/step_0055000.pt,True,True,True
003,56000,0000/003/trajectory_checkpoints/step_0056000.pt,True,True,True
003,57000,0000/003/trajectory_checkpoints/step_0057000.pt,True,True,True
003,58000,0000/003/trajectory_checkpoints/step_0058000.pt,True,True,True
003,59000,0000/003/trajectory_checkpoints/step_0059000.pt,True,True,True
003,60000,0000/003/trajectory_checkpoints/step_0060000.pt,True,True,True
003,61000,0000/003/trajectory_checkpoints/step_0061000.pt,True,True,True
003,62000,0000/003/trajectory_checkpoints/step_0062000.pt,True,True,True
003,63000,0000/003/trajectory_checkpoints/step_0063000.pt,True,True,True
003,64000,0000/003/trajectory_checkpoints/step_0064000.pt,True,True,True
003,65000,0000/003/trajectory_checkpoints/step_0065000.pt,True,True,True
003,66000,0000/003/trajectory_checkpoints/step_0066000.pt,True,True,True
003,67000,0000/003/trajectory_checkpoints/step_0067000.pt,True,True,True
003,68000,0000/003/trajectory_checkpoints/step_0068000.pt,True,True,True
003,69000,0000/003/trajectory_checkpoints/step_0069000.pt,True,True,True
003,70000,0000/003/trajectory_checkpoints/step_0070000.pt,True,True,True
003,71000,0000/003/trajectory_checkpoints/step_0071000.pt,True,True,True
003,72000,0000/003/trajectory_checkpoints/step_0072000.pt,True,True,True
003,73000,0000/003/trajectory_checkpoints/step_0073000.pt,True,True,True
003,74000,0000/003/trajectory_checkpoints/step_0074000.pt,True,True,True
003,75000,0000/003/trajectory_checkpoints/step_0075000.pt,True,True,True
003,76000,0000/003/trajectory_checkpoints/step_0076000.pt,True,True,True
003,77000,0000/003/trajectory_checkpoints/step_0077000.pt,True,True,True
003,78000,0000/003/trajectory_checkpoints/step_0078000.pt,True,True,True
003,79000,0000/003/trajectory_checkpoints/step_0079000.pt,True,True,True
003,80000,0000/003/trajectory_checkpoints/step_0080000.pt,True,True,True
003,81000,0000/003/trajectory_checkpoints/step_0081000.pt,True,True,True
003,82000,0000/003/trajectory_checkpoints/step_0082000.pt,True,True,True
003,83000,0000/003/trajectory_checkpoints/step_0083000.pt,True,True,True
003,84000,0000/003/trajectory_checkpoints/step_0084000.pt,True,True,True
003,85000,0000/003/trajectory_checkpoints/step_0085000.pt,True,True,True
003,86000,0000/003/trajectory_checkpoints/step_0086000.pt,True,True,True
003,87000,0000/003/trajectory_checkpoints/step_0087000.pt,True,True,True
003,88000,0000/003/trajectory_checkpoints/step_0088000.pt,True,True,True
003,89000,0000/003/trajectory_checkpoints/step_0089000.pt,True,True,True
003,90000,0000/003/trajectory_checkpoints/step_0090000.pt,True,True,True
003,91000,0000/003/trajectory_checkpoints/step_0091000.pt,True,True,True
003,92000,0000/003/trajectory_checkpoints/step_0092000.pt,True,True,True
003,93000,0000/003/trajectory_checkpoints/step_0093000.pt,True,True,True
003,94000,0000/003/trajectory_checkpoints/step_0094000.pt,True,True,True
003,95000,0000/003/trajectory_checkpoints/step_0095000.pt,True,True,True
003,96000,0000/003/trajectory_checkpoints/step_0096000.pt,True,True,True
003,97000,0000/003/trajectory_checkpoints/step_0097000.pt,True,True,True
003,98000,0000/003/trajectory_checkpoints/step_0098000.pt,True,True,True
003,99000,0000/003/trajectory_checkpoints/step_0099000.pt,True,True,True
003,100000,0000/003/trajectory_checkpoints/step_0100000.pt,True,True,True
003,100008,0000/003/trajectory_checkpoints/step_0100008.pt,False,False,False
003,101000,0000/003/trajectory_checkpoints/step_0101000.pt,True,True,True
003,102000,0000/003/trajectory_checkpoints/step_0102000.pt,True,True,True
003,103000,0000/003/trajectory_checkpoints/step_0103000.pt,True,True,True
003,104000,0000/003/trajectory_checkpoints/step_0104000.pt,True,True,True
003,105000,0000/003/trajectory_checkpoints/step_0105000.pt,True,True,True
003,106000,0000/003/trajectory_checkpoints/step_0106000.pt,True,True,True
003,107000,0000/003/trajectory_checkpoints/step_0107000.pt,True,True,True
003,108000,0000/003/trajectory_checkpoints/step_0108000.pt,True,True,True
003,109000,0000/003/trajectory_checkpoints/step_0109000.pt,True,True,True
003,110000,0000/003/trajectory_checkpoints/step_0110000.pt,True,True,True
003,111000,0000/003/trajectory_checkpoints/step_0111000.pt,True,True,True
003,112000,0000/003/trajectory_checkpoints/step_0112000.pt,True,True,True
003,113000,0000/003/trajectory_checkpoints/step_0113000.pt,True,True,True
003,114000,0000/003/trajectory_checkpoints/step_0114000.pt,True,True,True
003,115000,0000/003/trajectory_checkpoints/step_0115000.pt,True,True,True
003,116000,0000/003/trajectory_checkpoints/step_0116000.pt,True,True,True
003,117000,0000/003/trajectory_checkpoints/step_0117000.pt,True,True,True
003,118000,0000/003/trajectory_checkpoints/step_0118000.pt,True,True,True
003,119000,0000/003/trajectory_checkpoints/step_0119000.pt,True,True,True
003,120000,0000/003/trajectory_checkpoints/step_0120000.pt,True,True,True
003,121000,0000/003/trajectory_checkpoints/step_0121000.pt,True,True,True
003,122000,0000/003/trajectory_checkpoints/step_0122000.pt,True,True,True
003,123000,0000/003/trajectory_checkpoints/step_0123000.pt,True,True,True
003,124000,0000/003/trajectory_checkpoints/step_0124000.pt,True,True,True
003,125000,0000/003/trajectory_checkpoints/step_0125000.pt,True,True,True
003,126000,0000/003/trajectory_checkpoints/step_0126000.pt,True,True,True
003,127000,0000/003/trajectory_checkpoints/step_0127000.pt,True,True,True
003,128000,0000/003/trajectory_checkpoints/step_0128000.pt,True,True,True
003,129000,0000/003/trajectory_checkpoints/step_0129000.pt,True,True,True
003,130000,0000/003/trajectory_checkpoints/step_0130000.pt,True,True,True
003,131000,0000/003/trajectory_checkpoints/step_0131000.pt,True,True,True
003,132000,0000/003/trajectory_checkpoints/step_0132000.pt,True,True,True
003,133000,0000/003/trajectory_checkpoints/step_0133000.pt,True,True,True
003,134000,0000/003/trajectory_checkpoints/step_0134000.pt,True,True,True
003,135000,0000/003/trajectory_checkpoints/step_0135000.pt,True,True,True
003,136000,0000/003/trajectory_checkpoints/step_0136000.pt,True,True,True
003,137000,0000/003/trajectory_checkpoints/step_0137000.pt,True,True,True
003,138000,0000/003/trajectory_checkpoints/step_0138000.pt,True,True,True
003,139000,0000/003/trajectory_checkpoints/step_0139000.pt,True,True,True
003,140000,0000/003/trajectory_checkpoints/step_0140000.pt,True,True,True
003,141000,0000/003/trajectory_checkpoints/step_0141000.pt,True,True,True
003,142000,0000/003/trajectory_checkpoints/step_0142000.pt,True,True,True
003,143000,0000/003/trajectory_checkpoints/step_0143000.pt,True,True,True
003,144000,0000/003/trajectory_checkpoints/step_0144000.pt,True,True,True
003,145000,0000/003/trajectory_checkpoints/step_0145000.pt,True,True,True
003,146000,0000/003/trajectory_checkpoints/step_0146000.pt,True,True,True
003,147000,0000/003/trajectory_checkpoints/step_0147000.pt,True,True,True
003,148000,0000/003/trajectory_checkpoints/step_0148000.pt,True,True,True
003,149000,0000/003/trajectory_checkpoints/step_0149000.pt,True,True,True
003,150000,0000/003/trajectory_checkpoints/step_0150000.pt,True,True,True
003,151000,0000/003/trajectory_checkpoints/step_0151000.pt,True,True,True
003,152000,0000/003/trajectory_checkpoints/step_0152000.pt,True,True,True
003,153000,0000/003/trajectory_checkpoints/step_0153000.pt,True,True,True
003,154000,0000/003/trajectory_checkpoints/step_0154000.pt,True,True,True
003,155000,0000/003/trajectory_checkpoints/step_0155000.pt,True,True,True
003,156000,0000/003/trajectory_checkpoints/step_0156000.pt,True,True,True
003,157000,0000/003/trajectory_checkpoints/step_0157000.pt,True,True,True
003,158000,0000/003/trajectory_checkpoints/step_0158000.pt,True,True,True
003,159000,0000/003/trajectory_checkpoints/step_0159000.pt,True,True,True
003,160000,0000/003/trajectory_checkpoints/step_0160000.pt,True,True,True
003,161000,0000/003/trajectory_checkpoints/step_0161000.pt,True,True,True
003,162000,0000/003/trajectory_checkpoints/step_0162000.pt,True,True,True
003,163000,0000/003/trajectory_checkpoints/step_0163000.pt,True,True,True
003,164000,0000/003/trajectory_checkpoints/step_0164000.pt,True,True,True
003,165000,0000/003/trajectory_checkpoints/step_0165000.pt,True,True,True
003,166000,0000/003/trajectory_checkpoints/step_0166000.pt,True,True,True
003,167000,0000/003/trajectory_checkpoints/step_0167000.pt,True,True,True
003,168000,0000/003/trajectory_checkpoints/step_0168000.pt,True,True,True
003,169000,0000/003/trajectory_checkpoints/step_0169000.pt,True,True,True
003,170000,0000/003/trajectory_checkpoints/step_0170000.pt,True,True,True
003,171000,0000/003/trajectory_checkpoints/step_0171000.pt,True,True,True
003,172000,0000/003/trajectory_checkpoints/step_0172000.pt,True,True,True
003,173000,0000/003/trajectory_checkpoints/step_0173000.pt,True,True,True
003,174000,0000/003/trajectory_checkpoints/step_0174000.pt,True,True,True
003,175000,0000/003/trajectory_checkpoints/step_0175000.pt,True,True,True
003,176000,0000/003/trajectory_checkpoints/step_0176000.pt,True,True,True
003,177000,0000/003/trajectory_checkpoints/step_0177000.pt,True,True,True
003,178000,0000/003/trajectory_checkpoints/step_0178000.pt,True,True,True
003,179000,0000/003/trajectory_checkpoints/step_0179000.pt,True,True,True
003,180000,0000/003/trajectory_checkpoints/step_0180000.pt,True,True,True
003,181000,0000/003/trajectory_checkpoints/step_0181000.pt,True,True,True
003,182000,0000/003/trajectory_checkpoints/step_0182000.pt,True,True,True
003,183000,0000/003/trajectory_checkpoints/step_0183000.pt,True,True,True
003,184000,0000/003/trajectory_checkpoints/step_0184000.pt,True,True,True
003,185000,0000/003/trajectory_checkpoints/step_0185000.pt,True,True,True
003,186000,0000/003/trajectory_checkpoints/step_0186000.pt,True,True,True
003,187000,0000/003/trajectory_checkpoints/step_0187000.pt,True,True,True
003,188000,0000/003/trajectory_checkpoints/step_0188000.pt,True,True,True
003,189000,0000/003/trajectory_checkpoints/step_0189000.pt,True,True,True
003,190000,0000/003/trajectory_checkpoints/step_0190000.pt,True,True,True
003,191000,0000/003/trajectory_checkpoints/step_0191000.pt,True,True,True
003,192000,0000/003/trajectory_checkpoints/step_0192000.pt,True,True,True
003,193000,0000/003/trajectory_checkpoints/step_0193000.pt,True,True,True
003,194000,0000/003/trajectory_checkpoints/step_0194000.pt,True,True,True
003,195000,0000/003/trajectory_checkpoints/step_0195000.pt,True,True,True
003,196000,0000/003/trajectory_checkpoints/step_0196000.pt,True,True,True
003,197000,0000/003/trajectory_checkpoints/step_0197000.pt,True,True,True
003,198000,0000/003/trajectory_checkpoints/step_0198000.pt,True,True,True
003,199000,0000/003/trajectory_checkpoints/step_0199000.pt,True,True,True
003,200000,0000/003/trajectory_checkpoints/step_0200000.pt,True,True,True
003,201000,0000/003/trajectory_checkpoints/step_0201000.pt,True,True,True
003,202000,0000/003/trajectory_checkpoints/step_0202000.pt,True,True,True
003,203000,0000/003/trajectory_checkpoints/step_0203000.pt,True,True,True
003,204000,0000/003/trajectory_checkpoints/step_0204000.pt,True,True,True
003,205000,0000/003/trajectory_checkpoints/step_0205000.pt,True,True,True
003,206000,0000/003/trajectory_checkpoints/step_0206000.pt,True,True,True
003,207000,0000/003/trajectory_checkpoints/step_0207000.pt,True,True,True
003,208000,0000/003/trajectory_checkpoints/step_0208000.pt,True,True,True
003,209000,0000/003/trajectory_checkpoints/step_0209000.pt,True,True,True
003,210000,0000/003/trajectory_checkpoints/step_0210000.pt,True,True,True
003,211000,0000/003/trajectory_checkpoints/step_0211000.pt,True,True,True
003,212000,0000/003/trajectory_checkpoints/step_0212000.pt,True,True,True
003,213000,0000/003/trajectory_checkpoints/step_0213000.pt,True,True,True
003,214000,0000/003/trajectory_checkpoints/step_0214000.pt,True,True,True
003,215000,0000/003/trajectory_checkpoints/step_0215000.pt,True,True,True
003,216000,0000/003/trajectory_checkpoints/step_0216000.pt,True,True,True
003,217000,0000/003/trajectory_checkpoints/step_0217000.pt,True,True,True
003,218000,0000/003/trajectory_checkpoints/step_0218000.pt,True,True,True
003,219000,0000/003/trajectory_checkpoints/step_0219000.pt,True,True,True
003,220000,0000/003/trajectory_checkpoints/step_0220000.pt,True,True,True
003,221000,0000/003/trajectory_checkpoints/step_0221000.pt,True,True,True
003,222000,0000/003/trajectory_checkpoints/step_0222000.pt,True,True,True
003,223000,0000/003/trajectory_checkpoints/step_0223000.pt,True,True,True
003,224000,0000/003/trajectory_checkpoints/step_0224000.pt,True,True,True
003,225000,0000/003/trajectory_checkpoints/step_0225000.pt,True,True,True
003,226000,0000/003/trajectory_checkpoints/step_0226000.pt,True,True,True
003,227000,0000/003/trajectory_checkpoints/step_0227000.pt,True,True,True
003,228000,0000/003/trajectory_checkpoints/step_0228000.pt,True,True,True
003,229000,0000/003/trajectory_checkpoints/step_0229000.pt,True,True,True
003,230000,0000/003/trajectory_checkpoints/step_0230000.pt,True,True,True
003,231000,0000/003/trajectory_checkpoints/step_0231000.pt,True,True,True
003,232000,0000/003/trajectory_checkpoints/step_0232000.pt,True,True,True
003,233000,0000/003/trajectory_checkpoints/step_0233000.pt,True,True,True
003,234000,0000/003/trajectory_checkpoints/step_0234000.pt,True,True,True
003,235000,0000/003/trajectory_checkpoints/step_0235000.pt,True,True,True
003,236000,0000/003/trajectory_checkpoints/step_0236000.pt,True,True,True
003,237000,0000/003/trajectory_checkpoints/step_0237000.pt,True,True,True
003,238000,0000/003/trajectory_checkpoints/step_0238000.pt,True,True,True
003,239000,0000/003/trajectory_checkpoints/step_0239000.pt,True,True,True
003,240000,0000/003/trajectory_checkpoints/step_0240000.pt,True,True,True
003,241000,0000/003/trajectory_checkpoints/step_0241000.pt,True,True,True
003,242000,0000/003/trajectory_checkpoints/step_0242000.pt,True,True,True
003,243000,0000/003/trajectory_checkpoints/step_0243000.pt,True,True,True
003,244000,0000/003/trajectory_checkpoints/step_0244000.pt,True,True,True
003,245000,0000/003/trajectory_checkpoints/step_0245000.pt,True,True,True
003,246000,0000/003/trajectory_checkpoints/step_0246000.pt,True,True,True
003,247000,0000/003/trajectory_checkpoints/step_0247000.pt,True,True,True
003,248000,0000/003/trajectory_checkpoints/step_0248000.pt,True,True,True
003,249000,0000/003/trajectory_checkpoints/step_0249000.pt,True,True,True
003,250000,0000/003/trajectory_checkpoints/step_0250000.pt,True,True,True
003,250008,0000/003/trajectory_checkpoints/step_0250008.pt,False,False,False
004,0,0000/004/trajectory_checkpoints/step_0000000.pt,True,True,True
004,1000,0000/004/trajectory_checkpoints/step_0001000.pt,True,True,True
004,2000,0000/004/trajectory_checkpoints/step_0002000.pt,True,True,True
004,3000,0000/004/trajectory_checkpoints/step_0003000.pt,True,True,True
004,4000,0000/004/trajectory_checkpoints/step_0004000.pt,True,True,True
004,5000,0000/004/trajectory_checkpoints/step_0005000.pt,True,True,True
004,6000,0000/004/trajectory_checkpoints/step_0006000.pt,True,True,True
004,7000,0000/004/trajectory_checkpoints/step_0007000.pt,True,True,True
004,8000,0000/004/trajectory_checkpoints/step_0008000.pt,True,True,True
004,9000,0000/004/trajectory_checkpoints/step_0009000.pt,True,True,True
004,10000,0000/004/trajectory_checkpoints/step_0010000.pt,True,True,True
004,11000,0000/004/trajectory_checkpoints/step_0011000.pt,True,True,True
004,12000,0000/004/trajectory_checkpoints/step_0012000.pt,True,True,True
004,13000,0000/004/trajectory_checkpoints/step_0013000.pt,True,True,True
004,14000,0000/004/trajectory_checkpoints/step_0014000.pt,True,True,True
004,15000,0000/004/trajectory_checkpoints/step_0015000.pt,True,True,True
004,16000,0000/004/trajectory_checkpoints/step_0016000.pt,True,True,True
004,17000,0000/004/trajectory_checkpoints/step_0017000.pt,True,True,True
004,18000,0000/004/trajectory_checkpoints/step_0018000.pt,True,True,True
004,19000,0000/004/trajectory_checkpoints/step_0019000.pt,True,True,True
004,20000,0000/004/trajectory_checkpoints/step_0020000.pt,True,True,True
004,21000,0000/004/trajectory_checkpoints/step_0021000.pt,True,True,True
004,22000,0000/004/trajectory_checkpoints/step_0022000.pt,True,True,True
004,23000,0000/004/trajectory_checkpoints/step_0023000.pt,True,True,True
004,24000,0000/004/trajectory_checkpoints/step_0024000.pt,True,True,True
004,25000,0000/004/trajectory_checkpoints/step_0025000.pt,True,True,True
004,26000,0000/004/trajectory_checkpoints/step_0026000.pt,True,True,True
004,27000,0000/004/trajectory_checkpoints/step_0027000.pt,True,True,True
004,28000,0000/004/trajectory_checkpoints/step_0028000.pt,True,True,True
004,29000,0000/004/trajectory_checkpoints/step_0029000.pt,True,True,True
004,30000,0000/004/trajectory_checkpoints/step_0030000.pt,True,True,True
004,31000,0000/004/trajectory_checkpoints/step_0031000.pt,True,True,True
004,32000,0000/004/trajectory_checkpoints/step_0032000.pt,True,True,True
004,33000,0000/004/trajectory_checkpoints/step_0033000.pt,True,True,True
004,34000,0000/004/trajectory_checkpoints/step_0034000.pt,True,True,True
004,35000,0000/004/trajectory_checkpoints/step_0035000.pt,True,True,True
004,36000,0000/004/trajectory_checkpoints/step_0036000.pt,True,True,True
004,37000,0000/004/trajectory_checkpoints/step_0037000.pt,True,True,True
004,38000,0000/004/trajectory_checkpoints/step_0038000.pt,True,True,True
004,39000,0000/004/trajectory_checkpoints/step_0039000.pt,True,True,True
004,40000,0000/004/trajectory_checkpoints/step_0040000.pt,True,True,True
004,41000,0000/004/trajectory_checkpoints/step_0041000.pt,True,True,True
004,42000,0000/004/trajectory_checkpoints/step_0042000.pt,True,True,True
004,43000,0000/004/trajectory_checkpoints/step_0043000.pt,True,True,True
004,44000,0000/004/trajectory_checkpoints/step_0044000.pt,True,True,True
004,45000,0000/004/trajectory_checkpoints/step_0045000.pt,True,True,True
004,46000,0000/004/trajectory_checkpoints/step_0046000.pt,True,True,True
004,47000,0000/004/trajectory_checkpoints/step_0047000.pt,True,True,True
004,48000,0000/004/trajectory_checkpoints/step_0048000.pt,True,True,True
004,49000,0000/004/trajectory_checkpoints/step_0049000.pt,True,True,True
004,50000,0000/004/trajectory_checkpoints/step_0050000.pt,True,True,True
004,51000,0000/004/trajectory_checkpoints/step_0051000.pt,True,True,True
004,52000,0000/004/trajectory_checkpoints/step_0052000.pt,True,True,True
004,53000,0000/004/trajectory_checkpoints/step_0053000.pt,True,True,True
004,54000,0000/004/trajectory_checkpoints/step_0054000.pt,True,True,True
004,55000,0000/004/trajectory_checkpoints/step_0055000.pt,True,True,True
004,56000,0000/004/trajectory_checkpoints/step_0056000.pt,True,True,True
004,57000,0000/004/trajectory_checkpoints/step_0057000.pt,True,True,True
004,58000,0000/004/trajectory_checkpoints/step_0058000.pt,True,True,True
004,59000,0000/004/trajectory_checkpoints/step_0059000.pt,True,True,True
004,60000,0000/004/trajectory_checkpoints/step_0060000.pt,True,True,True
004,61000,0000/004/trajectory_checkpoints/step_0061000.pt,True,True,True
004,62000,0000/004/trajectory_checkpoints/step_0062000.pt,True,True,True
004,63000,0000/004/trajectory_checkpoints/step_0063000.pt,True,True,True
004,64000,0000/004/trajectory_checkpoints/step_0064000.pt,True,True,True
004,65000,0000/004/trajectory_checkpoints/step_0065000.pt,True,True,True
004,66000,0000/004/trajectory_checkpoints/step_0066000.pt,True,True,True
004,67000,0000/004/trajectory_checkpoints/step_0067000.pt,True,True,True
004,68000,0000/004/trajectory_checkpoints/step_0068000.pt,True,True,True
004,69000,0000/004/trajectory_checkpoints/step_0069000.pt,True,True,True
004,70000,0000/004/trajectory_checkpoints/step_0070000.pt,True,True,True
004,71000,0000/004/trajectory_checkpoints/step_0071000.pt,True,True,True
004,72000,0000/004/trajectory_checkpoints/step_0072000.pt,True,True,True
004,73000,0000/004/trajectory_checkpoints/step_0073000.pt,True,True,True
004,74000,0000/004/trajectory_checkpoints/step_0074000.pt,True,True,True
004,75000,0000/004/trajectory_checkpoints/step_0075000.pt,True,True,True
004,76000,0000/004/trajectory_checkpoints/step_0076000.pt,True,True,True
004,77000,0000/004/trajectory_checkpoints/step_0077000.pt,True,True,True
004,78000,0000/004/trajectory_checkpoints/step_0078000.pt,True,True,True
004,79000,0000/004/trajectory_checkpoints/step_0079000.pt,True,True,True
004,80000,0000/004/trajectory_checkpoints/step_0080000.pt,True,True,True
004,81000,0000/004/trajectory_checkpoints/step_0081000.pt,True,True,True
004,82000,0000/004/trajectory_checkpoints/step_0082000.pt,True,True,True
004,83000,0000/004/trajectory_checkpoints/step_0083000.pt,True,True,True
004,84000,0000/004/trajectory_checkpoints/step_0084000.pt,True,True,True
004,85000,0000/004/trajectory_checkpoints/step_0085000.pt,True,True,True
004,86000,0000/004/trajectory_checkpoints/step_0086000.pt,True,True,True
004,87000,0000/004/trajectory_checkpoints/step_0087000.pt,True,True,True
004,88000,0000/004/trajectory_checkpoints/step_0088000.pt,True,True,True
004,89000,0000/004/trajectory_checkpoints/step_0089000.pt,True,True,True
004,90000,0000/004/trajectory_checkpoints/step_0090000.pt,True,True,True
004,91000,0000/004/trajectory_checkpoints/step_0091000.pt,True,True,True
004,92000,0000/004/trajectory_checkpoints/step_0092000.pt,True,True,True
004,93000,0000/004/trajectory_checkpoints/step_0093000.pt,True,True,True
004,94000,0000/004/trajectory_checkpoints/step_0094000.pt,True,True,True
004,95000,0000/004/trajectory_checkpoints/step_0095000.pt,True,True,True
004,96000,0000/004/trajectory_checkpoints/step_0096000.pt,True,True,True
004,97000,0000/004/trajectory_checkpoints/step_0097000.pt,True,True,True
004,98000,0000/004/trajectory_checkpoints/step_0098000.pt,True,True,True
004,99000,0000/004/trajectory_checkpoints/step_0099000.pt,True,True,True
004,100000,0000/004/trajectory_checkpoints/step_0100000.pt,True,True,True
004,100008,0000/004/trajectory_checkpoints/step_0100008.pt,False,False,False
005,0,0000/005/trajectory_checkpoints/step_0000000.pt,True,True,True
005,1000,0000/005/trajectory_checkpoints/step_0001000.pt,True,True,True
005,2000,0000/005/trajectory_checkpoints/step_0002000.pt,True,True,True
005,3000,0000/005/trajectory_checkpoints/step_0003000.pt,True,True,True
005,4000,0000/005/trajectory_checkpoints/step_0004000.pt,True,True,True
005,5000,0000/005/trajectory_checkpoints/step_0005000.pt,True,True,True
005,6000,0000/005/trajectory_checkpoints/step_0006000.pt,True,True,True
005,7000,0000/005/trajectory_checkpoints/step_0007000.pt,True,True,True
005,8000,0000/005/trajectory_checkpoints/step_0008000.pt,True,True,True
005,9000,0000/005/trajectory_checkpoints/step_0009000.pt,True,True,True
005,10000,0000/005/trajectory_checkpoints/step_0010000.pt,True,True,True
005,11000,0000/005/trajectory_checkpoints/step_0011000.pt,True,True,True
005,12000,0000/005/trajectory_checkpoints/step_0012000.pt,True,True,True
005,13000,0000/005/trajectory_checkpoints/step_0013000.pt,True,True,True
005,14000,0000/005/trajectory_checkpoints/step_0014000.pt,True,True,True
005,15000,0000/005/trajectory_checkpoints/step_0015000.pt,True,True,True
005,16000,0000/005/trajectory_checkpoints/step_0016000.pt,True,True,True
005,17000,0000/005/trajectory_checkpoints/step_0017000.pt,True,True,True
005,18000,0000/005/trajectory_checkpoints/step_0018000.pt,True,True,True
005,19000,0000/005/trajectory_checkpoints/step_0019000.pt,True,True,True
005,20000,0000/005/trajectory_checkpoints/step_0020000.pt,True,True,True
005,21000,0000/005/trajectory_checkpoints/step_0021000.pt,True,True,True
005,22000,0000/005/trajectory_checkpoints/step_0022000.pt,True,True,True
005,23000,0000/005/trajectory_checkpoints/step_0023000.pt,True,True,True
005,24000,0000/005/trajectory_checkpoints/step_0024000.pt,True,True,True
005,25000,0000/005/trajectory_checkpoints/step_0025000.pt,True,True,True
005,26000,0000/005/trajectory_checkpoints/step_0026000.pt,True,True,True
005,27000,0000/005/trajectory_checkpoints/step_0027000.pt,True,True,True
005,28000,0000/005/trajectory_checkpoints/step_0028000.pt,True,True,True
005,29000,0000/005/trajectory_checkpoints/step_0029000.pt,True,True,True
005,30000,0000/005/trajectory_checkpoints/step_0030000.pt,True,True,True
005,31000,0000/005/trajectory_checkpoints/step_0031000.pt,True,True,True
005,32000,0000/005/trajectory_checkpoints/step_0032000.pt,True,True,True
005,33000,0000/005/trajectory_checkpoints/step_0033000.pt,True,True,True
005,34000,0000/005/trajectory_checkpoints/step_0034000.pt,True,True,True
005,35000,0000/005/trajectory_checkpoints/step_0035000.pt,True,True,True
005,36000,0000/005/trajectory_checkpoints/step_0036000.pt,True,True,True
005,37000,0000/005/trajectory_checkpoints/step_0037000.pt,True,True,True
005,38000,0000/005/trajectory_checkpoints/step_0038000.pt,True,True,True
005,39000,0000/005/trajectory_checkpoints/step_0039000.pt,True,True,True
005,40000,0000/005/trajectory_checkpoints/step_0040000.pt,True,True,True
005,41000,0000/005/trajectory_checkpoints/step_0041000.pt,True,True,True
005,42000,0000/005/trajectory_checkpoints/step_0042000.pt,True,True,True
005,43000,0000/005/trajectory_checkpoints/step_0043000.pt,True,True,True
005,44000,0000/005/trajectory_checkpoints/step_0044000.pt,True,True,True
005,45000,0000/005/trajectory_checkpoints/step_0045000.pt,True,True,True
005,46000,0000/005/trajectory_checkpoints/step_0046000.pt,True,True,True
005,47000,0000/005/trajectory_checkpoints/step_0047000.pt,True,True,True
005,48000,0000/005/trajectory_checkpoints/step_0048000.pt,True,True,True
005,49000,0000/005/trajectory_checkpoints/step_0049000.pt,True,True,True
005,50000,0000/005/trajectory_checkpoints/step_0050000.pt,True,True,True
005,51000,0000/005/trajectory_checkpoints/step_0051000.pt,True,True,True
005,52000,0000/005/trajectory_checkpoints/step_0052000.pt,True,True,True
005,53000,0000/005/trajectory_checkpoints/step_0053000.pt,True,True,True
005,54000,0000/005/trajectory_checkpoints/step_0054000.pt,True,True,True
005,55000,0000/005/trajectory_checkpoints/step_0055000.pt,True,True,True
005,56000,0000/005/trajectory_checkpoints/step_0056000.pt,True,True,True
005,57000,0000/005/trajectory_checkpoints/step_0057000.pt,True,True,True
005,58000,0000/005/trajectory_checkpoints/step_0058000.pt,True,True,True
005,59000,0000/005/trajectory_checkpoints/step_0059000.pt,True,True,True
005,60000,0000/005/trajectory_checkpoints/step_0060000.pt,True,True,True
005,61000,0000/005/trajectory_checkpoints/step_0061000.pt,True,True,True
005,62000,0000/005/trajectory_checkpoints/step_0062000.pt,True,True,True
005,63000,0000/005/trajectory_checkpoints/step_0063000.pt,True,True,True
005,64000,0000/005/trajectory_checkpoints/step_0064000.pt,True,True,True
005,65000,0000/005/trajectory_checkpoints/step_0065000.pt,True,True,True
005,66000,0000/005/trajectory_checkpoints/step_0066000.pt,True,True,True
005,67000,0000/005/trajectory_checkpoints/step_0067000.pt,True,True,True
005,68000,0000/005/trajectory_checkpoints/step_0068000.pt,True,True,True
005,69000,0000/005/trajectory_checkpoints/step_0069000.pt,True,True,True
005,70000,0000/005/trajectory_checkpoints/step_0070000.pt,True,True,True
005,71000,0000/005/trajectory_checkpoints/step_0071000.pt,True,True,True
005,72000,0000/005/trajectory_checkpoints/step_0072000.pt,True,True,True
005,73000,0000/005/trajectory_checkpoints/step_0073000.pt,True,True,True
005,74000,0000/005/trajectory_checkpoints/step_0074000.pt,True,True,True
005,75000,0000/005/trajectory_checkpoints/step_0075000.pt,True,True,True
005,76000,0000/005/trajectory_checkpoints/step_0076000.pt,True,True,True
005,77000,0000/005/trajectory_checkpoints/step_0077000.pt,True,True,True
005,78000,0000/005/trajectory_checkpoints/step_0078000.pt,True,True,True
005,79000,0000/005/trajectory_checkpoints/step_0079000.pt,True,True,True
005,80000,0000/005/trajectory_checkpoints/step_0080000.pt,True,True,True
005,81000,0000/005/trajectory_checkpoints/step_0081000.pt,True,True,True
005,82000,0000/005/trajectory_checkpoints/step_0082000.pt,True,True,True
005,83000,0000/005/trajectory_checkpoints/step_0083000.pt,True,True,True
005,84000,0000/005/trajectory_checkpoints/step_0084000.pt,True,True,True
005,85000,0000/005/trajectory_checkpoints/step_0085000.pt,True,True,True
005,86000,0000/005/trajectory_checkpoints/step_0086000.pt,True,True,True
005,87000,0000/005/trajectory_checkpoints/step_0087000.pt,True,True,True
005,88000,0000/005/trajectory_checkpoints/step_0088000.pt,True,True,True
005,89000,0000/005/trajectory_checkpoints/step_0089000.pt,True,True,True
005,90000,0000/005/trajectory_checkpoints/step_0090000.pt,True,True,True
005,91000,0000/005/trajectory_checkpoints/step_0091000.pt,True,True,True
005,92000,0000/005/trajectory_checkpoints/step_0092000.pt,True,True,True
005,93000,0000/005/trajectory_checkpoints/step_0093000.pt,True,True,True
005,94000,0000/005/trajectory_checkpoints/step_0094000.pt,True,True,True
005,95000,0000/005/trajectory_checkpoints/step_0095000.pt,True,True,True
005,96000,0000/005/trajectory_checkpoints/step_0096000.pt,True,True,True
005,97000,0000/005/trajectory_checkpoints/step_0097000.pt,True,True,True
005,98000,0000/005/trajectory_checkpoints/step_0098000.pt,True,True,True
005,99000,0000/005/trajectory_checkpoints/step_0099000.pt,True,True,True
005,100000,0000/005/trajectory_checkpoints/step_0100000.pt,True,True,True
005,100008,0000/005/trajectory_checkpoints/step_0100008.pt,False,False,False
006,0,0000/006/trajectory_checkpoints/step_0000000.pt,True,True,True
006,1000,0000/006/trajectory_checkpoints/step_0001000.pt,True,True,True
006,2000,0000/006/trajectory_checkpoints/step_0002000.pt,True,True,True
006,3000,0000/006/trajectory_checkpoints/step_0003000.pt,True,True,True
006,4000,0000/006/trajectory_checkpoints/step_0004000.pt,True,True,True
006,5000,0000/006/trajectory_checkpoints/step_0005000.pt,True,True,True
006,6000,0000/006/trajectory_checkpoints/step_0006000.pt,True,True,True
006,7000,0000/006/trajectory_checkpoints/step_0007000.pt,True,True,True
006,8000,0000/006/trajectory_checkpoints/step_0008000.pt,True,True,True
006,9000,0000/006/trajectory_checkpoints/step_0009000.pt,True,True,True
006,10000,0000/006/trajectory_checkpoints/step_0010000.pt,True,True,True
006,11000,0000/006/trajectory_checkpoints/step_0011000.pt,True,True,True
006,12000,0000/006/trajectory_checkpoints/step_0012000.pt,True,True,True
006,13000,0000/006/trajectory_checkpoints/step_0013000.pt,True,True,True
006,14000,0000/006/trajectory_checkpoints/step_0014000.pt,True,True,True
006,15000,0000/006/trajectory_checkpoints/step_0015000.pt,True,True,True
006,16000,0000/006/trajectory_checkpoints/step_0016000.pt,True,True,True
006,17000,0000/006/trajectory_checkpoints/step_0017000.pt,True,True,True
006,18000,0000/006/trajectory_checkpoints/step_0018000.pt,True,True,True
006,19000,0000/006/trajectory_checkpoints/step_0019000.pt,True,True,True
006,20000,0000/006/trajectory_checkpoints/step_0020000.pt,True,True,True
006,21000,0000/006/trajectory_checkpoints/step_0021000.pt,True,True,True
006,22000,0000/006/trajectory_checkpoints/step_0022000.pt,True,True,True
006,23000,0000/006/trajectory_checkpoints/step_0023000.pt,True,True,True
006,24000,0000/006/trajectory_checkpoints/step_0024000.pt,True,True,True
006,25000,0000/006/trajectory_checkpoints/step_0025000.pt,True,True,True
006,26000,0000/006/trajectory_checkpoints/step_0026000.pt,True,True,True
006,27000,0000/006/trajectory_checkpoints/step_0027000.pt,True,True,True
006,28000,0000/006/trajectory_checkpoints/step_0028000.pt,True,True,True
006,29000,0000/006/trajectory_checkpoints/step_0029000.pt,True,True,True
006,30000,0000/006/trajectory_checkpoints/step_0030000.pt,True,True,True
006,31000,0000/006/trajectory_checkpoints/step_0031000.pt,True,True,True
006,32000,0000/006/trajectory_checkpoints/step_0032000.pt,True,True,True
006,33000,0000/006/trajectory_checkpoints/step_0033000.pt,True,True,True
006,34000,0000/006/trajectory_checkpoints/step_0034000.pt,True,True,True
006,35000,0000/006/trajectory_checkpoints/step_0035000.pt,True,True,True
006,36000,0000/006/trajectory_checkpoints/step_0036000.pt,True,True,True
006,37000,0000/006/trajectory_checkpoints/step_0037000.pt,True,True,True
006,38000,0000/006/trajectory_checkpoints/step_0038000.pt,True,True,True
006,39000,0000/006/trajectory_checkpoints/step_0039000.pt,True,True,True
006,40000,0000/006/trajectory_checkpoints/step_0040000.pt,True,True,True
006,41000,0000/006/trajectory_checkpoints/step_0041000.pt,True,True,True
006,42000,0000/006/trajectory_checkpoints/step_0042000.pt,True,True,True
006,43000,0000/006/trajectory_checkpoints/step_0043000.pt,True,True,True
006,44000,0000/006/trajectory_checkpoints/step_0044000.pt,True,True,True
006,45000,0000/006/trajectory_checkpoints/step_0045000.pt,True,True,True
006,46000,0000/006/trajectory_checkpoints/step_0046000.pt,True,True,True
006,47000,0000/006/trajectory_checkpoints/step_0047000.pt,True,True,True
006,48000,0000/006/trajectory_checkpoints/step_0048000.pt,True,True,True
006,49000,0000/006/trajectory_checkpoints/step_0049000.pt,True,True,True
006,50000,0000/006/trajectory_checkpoints/step_0050000.pt,True,True,True
006,51000,0000/006/trajectory_checkpoints/step_0051000.pt,True,True,True
006,52000,0000/006/trajectory_checkpoints/step_0052000.pt,True,True,True
006,53000,0000/006/trajectory_checkpoints/step_0053000.pt,True,True,True
006,54000,0000/006/trajectory_checkpoints/step_0054000.pt,True,True,True
006,55000,0000/006/trajectory_checkpoints/step_0055000.pt,True,True,True
006,56000,0000/006/trajectory_checkpoints/step_0056000.pt,True,True,True
006,57000,0000/006/trajectory_checkpoints/step_0057000.pt,True,True,True
006,58000,0000/006/trajectory_checkpoints/step_0058000.pt,True,True,True
006,59000,0000/006/trajectory_checkpoints/step_0059000.pt,True,True,True
006,60000,0000/006/trajectory_checkpoints/step_0060000.pt,True,True,True
006,61000,0000/006/trajectory_checkpoints/step_0061000.pt,True,True,True
006,62000,0000/006/trajectory_checkpoints/step_0062000.pt,True,True,True
006,63000,0000/006/trajectory_checkpoints/step_0063000.pt,True,True,True
006,64000,0000/006/trajectory_checkpoints/step_0064000.pt,True,True,True
006,65000,0000/006/trajectory_checkpoints/step_0065000.pt,True,True,True
006,66000,0000/006/trajectory_checkpoints/step_0066000.pt,True,True,True
006,67000,0000/006/trajectory_checkpoints/step_0067000.pt,True,True,True
006,68000,0000/006/trajectory_checkpoints/step_0068000.pt,True,True,True
006,69000,0000/006/trajectory_checkpoints/step_0069000.pt,True,True,True
006,70000,0000/006/trajectory_checkpoints/step_0070000.pt,True,True,True
006,71000,0000/006/trajectory_checkpoints/step_0071000.pt,True,True,True
006,72000,0000/006/trajectory_checkpoints/step_0072000.pt,True,True,True
006,73000,0000/006/trajectory_checkpoints/step_0073000.pt,True,True,True
006,74000,0000/006/trajectory_checkpoints/step_0074000.pt,True,True,True
006,75000,0000/006/trajectory_checkpoints/step_0075000.pt,True,True,True
006,76000,0000/006/trajectory_checkpoints/step_0076000.pt,True,True,True
006,77000,0000/006/trajectory_checkpoints/step_0077000.pt,True,True,True
006,78000,0000/006/trajectory_checkpoints/step_0078000.pt,True,True,True
006,79000,0000/006/trajectory_checkpoints/step_0079000.pt,True,True,True
006,80000,0000/006/trajectory_checkpoints/step_0080000.pt,True,True,True
006,81000,0000/006/trajectory_checkpoints/step_0081000.pt,True,True,True
006,82000,0000/006/trajectory_checkpoints/step_0082000.pt,True,True,True
006,83000,0000/006/trajectory_checkpoints/step_0083000.pt,True,True,True
006,84000,0000/006/trajectory_checkpoints/step_0084000.pt,True,True,True
006,85000,0000/006/trajectory_checkpoints/step_0085000.pt,True,True,True
006,86000,0000/006/trajectory_checkpoints/step_0086000.pt,True,True,True
006,87000,0000/006/trajectory_checkpoints/step_0087000.pt,True,True,True
006,88000,0000/006/trajectory_checkpoints/step_0088000.pt,True,True,True
006,89000,0000/006/trajectory_checkpoints/step_0089000.pt,True,True,True
006,90000,0000/006/trajectory_checkpoints/step_0090000.pt,True,True,True
006,91000,0000/006/trajectory_checkpoints/step_0091000.pt,True,True,True
006,92000,0000/006/trajectory_checkpoints/step_0092000.pt,True,True,True
006,93000,0000/006/trajectory_checkpoints/step_0093000.pt,True,True,True
006,94000,0000/006/trajectory_checkpoints/step_0094000.pt,True,True,True
006,95000,0000/006/trajectory_checkpoints/step_0095000.pt,True,True,True
006,96000,0000/006/trajectory_checkpoints/step_0096000.pt,True,True,True
006,97000,0000/006/trajectory_checkpoints/step_0097000.pt,True,True,True
006,98000,0000/006/trajectory_checkpoints/step_0098000.pt,True,True,True
006,99000,0000/006/trajectory_checkpoints/step_0099000.pt,True,True,True
006,100000,0000/006/trajectory_checkpoints/step_0100000.pt,True,True,True
006,100008,0000/006/trajectory_checkpoints/step_0100008.pt,False,False,False
007,0,0000/007/trajectory_checkpoints/step_0000000.pt,True,True,True
007,1000,0000/007/trajectory_checkpoints/step_0001000.pt,True,True,True
007,2000,0000/007/trajectory_checkpoints/step_0002000.pt,True,True,True
007,3000,0000/007/trajectory_checkpoints/step_0003000.pt,True,True,True
007,4000,0000/007/trajectory_checkpoints/step_0004000.pt,True,True,True
007,5000,0000/007/trajectory_checkpoints/step_0005000.pt,True,True,True
007,6000,0000/007/trajectory_checkpoints/step_0006000.pt,True,True,True
007,7000,0000/007/trajectory_checkpoints/step_0007000.pt,True,True,True
007,8000,0000/007/trajectory_checkpoints/step_0008000.pt,True,True,True
007,9000,0000/007/trajectory_checkpoints/step_0009000.pt,True,True,True
007,10000,0000/007/trajectory_checkpoints/step_0010000.pt,True,True,True
007,11000,0000/007/trajectory_checkpoints/step_0011000.pt,True,True,True
007,12000,0000/007/trajectory_checkpoints/step_0012000.pt,True,True,True
007,13000,0000/007/trajectory_checkpoints/step_0013000.pt,True,True,True
007,14000,0000/007/trajectory_checkpoints/step_0014000.pt,True,True,True
007,15000,0000/007/trajectory_checkpoints/step_0015000.pt,True,True,True
007,16000,0000/007/trajectory_checkpoints/step_0016000.pt,True,True,True
007,17000,0000/007/trajectory_checkpoints/step_0017000.pt,True,True,True
007,18000,0000/007/trajectory_checkpoints/step_0018000.pt,True,True,True
007,19000,0000/007/trajectory_checkpoints/step_0019000.pt,True,True,True
007,20000,0000/007/trajectory_checkpoints/step_0020000.pt,True,True,True
007,21000,0000/007/trajectory_checkpoints/step_0021000.pt,True,True,True
007,22000,0000/007/trajectory_checkpoints/step_0022000.pt,True,True,True
007,23000,0000/007/trajectory_checkpoints/step_0023000.pt,True,True,True
007,24000,0000/007/trajectory_checkpoints/step_0024000.pt,True,True,True
007,25000,0000/007/trajectory_checkpoints/step_0025000.pt,True,True,True
007,26000,0000/007/trajectory_checkpoints/step_0026000.pt,True,True,True
007,27000,0000/007/trajectory_checkpoints/step_0027000.pt,True,True,True
007,28000,0000/007/trajectory_checkpoints/step_0028000.pt,True,True,True
007,29000,0000/007/trajectory_checkpoints/step_0029000.pt,True,True,True
007,30000,0000/007/trajectory_checkpoints/step_0030000.pt,True,True,True
007,31000,0000/007/trajectory_checkpoints/step_0031000.pt,True,True,True
007,32000,0000/007/trajectory_checkpoints/step_0032000.pt,True,True,True
007,33000,0000/007/trajectory_checkpoints/step_0033000.pt,True,True,True
007,34000,0000/007/trajectory_checkpoints/step_0034000.pt,True,True,True
007,35000,0000/007/trajectory_checkpoints/step_0035000.pt,True,True,True
007,36000,0000/007/trajectory_checkpoints/step_0036000.pt,True,True,True
007,37000,0000/007/trajectory_checkpoints/step_0037000.pt,True,True,True
007,38000,0000/007/trajectory_checkpoints/step_0038000.pt,True,True,True
007,39000,0000/007/trajectory_checkpoints/step_0039000.pt,True,True,True
007,40000,0000/007/trajectory_checkpoints/step_0040000.pt,True,True,True
007,41000,0000/007/trajectory_checkpoints/step_0041000.pt,True,True,True
007,42000,0000/007/trajectory_checkpoints/step_0042000.pt,True,True,True
007,43000,0000/007/trajectory_checkpoints/step_0043000.pt,True,True,True
007,44000,0000/007/trajectory_checkpoints/step_0044000.pt,True,True,True
007,45000,0000/007/trajectory_checkpoints/step_0045000.pt,True,True,True
007,46000,0000/007/trajectory_checkpoints/step_0046000.pt,True,True,True
007,47000,0000/007/trajectory_checkpoints/step_0047000.pt,True,True,True
007,48000,0000/007/trajectory_checkpoints/step_0048000.pt,True,True,True
007,49000,0000/007/trajectory_checkpoints/step_0049000.pt,True,True,True
007,50000,0000/007/trajectory_checkpoints/step_0050000.pt,True,True,True
007,51000,0000/007/trajectory_checkpoints/step_0051000.pt,True,True,True
007,52000,0000/007/trajectory_checkpoints/step_0052000.pt,True,True,True
007,53000,0000/007/trajectory_checkpoints/step_0053000.pt,True,True,True
007,54000,0000/007/trajectory_checkpoints/step_0054000.pt,True,True,True
007,55000,0000/007/trajectory_checkpoints/step_0055000.pt,True,True,True
007,56000,0000/007/trajectory_checkpoints/step_0056000.pt,True,True,True
007,57000,0000/007/trajectory_checkpoints/step_0057000.pt,True,True,True
007,58000,0000/007/trajectory_checkpoints/step_0058000.pt,True,True,True
007,59000,0000/007/trajectory_checkpoints/step_0059000.pt,True,True,True
007,60000,0000/007/trajectory_checkpoints/step_0060000.pt,True,True,True
007,61000,0000/007/trajectory_checkpoints/step_0061000.pt,True,True,True
007,62000,0000/007/trajectory_checkpoints/step_0062000.pt,True,True,True
007,63000,0000/007/trajectory_checkpoints/step_0063000.pt,True,True,True
007,64000,0000/007/trajectory_checkpoints/step_0064000.pt,True,True,True
007,65000,0000/007/trajectory_checkpoints/step_0065000.pt,True,True,True
007,66000,0000/007/trajectory_checkpoints/step_0066000.pt,True,True,True
007,67000,0000/007/trajectory_checkpoints/step_0067000.pt,True,True,True
007,68000,0000/007/trajectory_checkpoints/step_0068000.pt,True,True,True
007,69000,0000/007/trajectory_checkpoints/step_0069000.pt,True,True,True
007,70000,0000/007/trajectory_checkpoints/step_0070000.pt,True,True,True
007,71000,0000/007/trajectory_checkpoints/step_0071000.pt,True,True,True
007,72000,0000/007/trajectory_checkpoints/step_0072000.pt,True,True,True
007,73000,0000/007/trajectory_checkpoints/step_0073000.pt,True,True,True
007,74000,0000/007/trajectory_checkpoints/step_0074000.pt,True,True,True
007,75000,0000/007/trajectory_checkpoints/step_0075000.pt,True,True,True
007,76000,0000/007/trajectory_checkpoints/step_0076000.pt,True,True,True
007,77000,0000/007/trajectory_checkpoints/step_0077000.pt,True,True,True
007,78000,0000/007/trajectory_checkpoints/step_0078000.pt,True,True,True
007,79000,0000/007/trajectory_checkpoints/step_0079000.pt,True,True,True
007,80000,0000/007/trajectory_checkpoints/step_0080000.pt,True,True,True
007,81000,0000/007/trajectory_checkpoints/step_0081000.pt,True,True,True
007,82000,0000/007/trajectory_checkpoints/step_0082000.pt,True,True,True
007,83000,0000/007/trajectory_checkpoints/step_0083000.pt,True,True,True
007,84000,0000/007/trajectory_checkpoints/step_0084000.pt,True,True,True
007,85000,0000/007/trajectory_checkpoints/step_0085000.pt,True,True,True
007,86000,0000/007/trajectory_checkpoints/step_0086000.pt,True,True,True
007,87000,0000/007/trajectory_checkpoints/step_0087000.pt,True,True,True
007,88000,0000/007/trajectory_checkpoints/step_0088000.pt,True,True,True
007,89000,0000/007/trajectory_checkpoints/step_0089000.pt,True,True,True
007,90000,0000/007/trajectory_checkpoints/step_0090000.pt,True,True,True
007,91000,0000/007/trajectory_checkpoints/step_0091000.pt,True,True,True
007,92000,0000/007/trajectory_checkpoints/step_0092000.pt,True,True,True
007,93000,0000/007/trajectory_checkpoints/step_0093000.pt,True,True,True
007,94000,0000/007/trajectory_checkpoints/step_0094000.pt,True,True,True
007,95000,0000/007/trajectory_checkpoints/step_0095000.pt,True,True,True
007,96000,0000/007/trajectory_checkpoints/step_0096000.pt,True,True,True
007,97000,0000/007/trajectory_checkpoints/step_0097000.pt,True,True,True
007,98000,0000/007/trajectory_checkpoints/step_0098000.pt,True,True,True
007,99000,0000/007/trajectory_checkpoints/step_0099000.pt,True,True,True
007,100000,0000/007/trajectory_checkpoints/step_0100000.pt,True,True,True
007,100008,0000/007/trajectory_checkpoints/step_0100008.pt,False,False,False
007,101000,0000/007/trajectory_checkpoints/step_0101000.pt,True,True,True
007,102000,0000/007/trajectory_checkpoints/step_0102000.pt,True,True,True
007,103000,0000/007/trajectory_checkpoints/step_0103000.pt,True,True,True
007,104000,0000/007/trajectory_checkpoints/step_0104000.pt,True,True,True
007,105000,0000/007/trajectory_checkpoints/step_0105000.pt,True,True,True
007,106000,0000/007/trajectory_checkpoints/step_0106000.pt,True,True,True
007,107000,0000/007/trajectory_checkpoints/step_0107000.pt,True,True,True
007,108000,0000/007/trajectory_checkpoints/step_0108000.pt,True,True,True
007,109000,0000/007/trajectory_checkpoints/step_0109000.pt,True,True,True
007,110000,0000/007/trajectory_checkpoints/step_0110000.pt,True,True,True
007,111000,0000/007/trajectory_checkpoints/step_0111000.pt,True,True,True
007,112000,0000/007/trajectory_checkpoints/step_0112000.pt,True,True,True
007,113000,0000/007/trajectory_checkpoints/step_0113000.pt,True,True,True
007,114000,0000/007/trajectory_checkpoints/step_0114000.pt,True,True,True
007,115000,0000/007/trajectory_checkpoints/step_0115000.pt,True,True,True
007,116000,0000/007/trajectory_checkpoints/step_0116000.pt,True,True,True
007,117000,0000/007/trajectory_checkpoints/step_0117000.pt,True,True,True
007,118000,0000/007/trajectory_checkpoints/step_0118000.pt,True,True,True
007,119000,0000/007/trajectory_checkpoints/step_0119000.pt,True,True,True
007,120000,0000/007/trajectory_checkpoints/step_0120000.pt,True,True,True
007,121000,0000/007/trajectory_checkpoints/step_0121000.pt,True,True,True
007,122000,0000/007/trajectory_checkpoints/step_0122000.pt,True,True,True
007,123000,0000/007/trajectory_checkpoints/step_0123000.pt,True,True,True
007,124000,0000/007/trajectory_checkpoints/step_0124000.pt,True,True,True
007,125000,0000/007/trajectory_checkpoints/step_0125000.pt,True,True,True
007,126000,0000/007/trajectory_checkpoints/step_0126000.pt,True,True,True
007,127000,0000/007/trajectory_checkpoints/step_0127000.pt,True,True,True
007,128000,0000/007/trajectory_checkpoints/step_0128000.pt,True,True,True
007,129000,0000/007/trajectory_checkpoints/step_0129000.pt,True,True,True
007,130000,0000/007/trajectory_checkpoints/step_0130000.pt,True,True,True
007,131000,0000/007/trajectory_checkpoints/step_0131000.pt,True,True,True
007,132000,0000/007/trajectory_checkpoints/step_0132000.pt,True,True,True
007,133000,0000/007/trajectory_checkpoints/step_0133000.pt,True,True,True
007,134000,0000/007/trajectory_checkpoints/step_0134000.pt,True,True,True
007,135000,0000/007/trajectory_checkpoints/step_0135000.pt,True,True,True
007,136000,0000/007/trajectory_checkpoints/step_0136000.pt,True,True,True
007,137000,0000/007/trajectory_checkpoints/step_0137000.pt,True,True,True
007,138000,0000/007/trajectory_checkpoints/step_0138000.pt,True,True,True
007,139000,0000/007/trajectory_checkpoints/step_0139000.pt,True,True,True
007,140000,0000/007/trajectory_checkpoints/step_0140000.pt,True,True,True
007,141000,0000/007/trajectory_checkpoints/step_0141000.pt,True,True,True
007,142000,0000/007/trajectory_checkpoints/step_0142000.pt,True,True,True
007,143000,0000/007/trajectory_checkpoints/step_0143000.pt,True,True,True
007,144000,0000/007/trajectory_checkpoints/step_0144000.pt,True,True,True
007,145000,0000/007/trajectory_checkpoints/step_0145000.pt,True,True,True
007,146000,0000/007/trajectory_checkpoints/step_0146000.pt,True,True,True
007,147000,0000/007/trajectory_checkpoints/step_0147000.pt,True,True,True
007,148000,0000/007/trajectory_checkpoints/step_0148000.pt,True,True,True
007,149000,0000/007/trajectory_checkpoints/step_0149000.pt,True,True,True
007,150000,0000/007/trajectory_checkpoints/step_0150000.pt,True,True,True
007,151000,0000/007/trajectory_checkpoints/step_0151000.pt,True,True,True
007,152000,0000/007/trajectory_checkpoints/step_0152000.pt,True,True,True
007,153000,0000/007/trajectory_checkpoints/step_0153000.pt,True,True,True
007,154000,0000/007/trajectory_checkpoints/step_0154000.pt,True,True,True
007,155000,0000/007/trajectory_checkpoints/step_0155000.pt,True,True,True
007,156000,0000/007/trajectory_checkpoints/step_0156000.pt,True,True,True
007,157000,0000/007/trajectory_checkpoints/step_0157000.pt,True,True,True
007,158000,0000/007/trajectory_checkpoints/step_0158000.pt,True,True,True
007,159000,0000/007/trajectory_checkpoints/step_0159000.pt,True,True,True
007,160000,0000/007/trajectory_checkpoints/step_0160000.pt,True,True,True
007,161000,0000/007/trajectory_checkpoints/step_0161000.pt,True,True,True
007,162000,0000/007/trajectory_checkpoints/step_0162000.pt,True,True,True
007,163000,0000/007/trajectory_checkpoints/step_0163000.pt,True,True,True
007,164000,0000/007/trajectory_checkpoints/step_0164000.pt,True,True,True
007,165000,0000/007/trajectory_checkpoints/step_0165000.pt,True,True,True
007,166000,0000/007/trajectory_checkpoints/step_0166000.pt,True,True,True
007,167000,0000/007/trajectory_checkpoints/step_0167000.pt,True,True,True
007,168000,0000/007/trajectory_checkpoints/step_0168000.pt,True,True,True
007,169000,0000/007/trajectory_checkpoints/step_0169000.pt,True,True,True
007,170000,0000/007/trajectory_checkpoints/step_0170000.pt,True,True,True
007,171000,0000/007/trajectory_checkpoints/step_0171000.pt,True,True,True
007,172000,0000/007/trajectory_checkpoints/step_0172000.pt,True,True,True
007,173000,0000/007/trajectory_checkpoints/step_0173000.pt,True,True,True
007,174000,0000/007/trajectory_checkpoints/step_0174000.pt,True,True,True
007,175000,0000/007/trajectory_checkpoints/step_0175000.pt,True,True,True
007,176000,0000/007/trajectory_checkpoints/step_0176000.pt,True,True,True
007,177000,0000/007/trajectory_checkpoints/step_0177000.pt,True,True,True
007,178000,0000/007/trajectory_checkpoints/step_0178000.pt,True,True,True
007,179000,0000/007/trajectory_checkpoints/step_0179000.pt,True,True,True
007,180000,0000/007/trajectory_checkpoints/step_0180000.pt,True,True,True
007,181000,0000/007/trajectory_checkpoints/step_0181000.pt,True,True,True
007,182000,0000/007/trajectory_checkpoints/step_0182000.pt,True,True,True
007,183000,0000/007/trajectory_checkpoints/step_0183000.pt,True,True,True
007,184000,0000/007/trajectory_checkpoints/step_0184000.pt,True,True,True
007,185000,0000/007/trajectory_checkpoints/step_0185000.pt,True,True,True
007,186000,0000/007/trajectory_checkpoints/step_0186000.pt,True,True,True
007,187000,0000/007/trajectory_checkpoints/step_0187000.pt,True,True,True
007,188000,0000/007/trajectory_checkpoints/step_0188000.pt,True,True,True
007,189000,0000/007/trajectory_checkpoints/step_0189000.pt,True,True,True
007,190000,0000/007/trajectory_checkpoints/step_0190000.pt,True,True,True
007,191000,0000/007/trajectory_checkpoints/step_0191000.pt,True,True,True
007,192000,0000/007/trajectory_checkpoints/step_0192000.pt,True,True,True
007,193000,0000/007/trajectory_checkpoints/step_0193000.pt,True,True,True
007,194000,0000/007/trajectory_checkpoints/step_0194000.pt,True,True,True
007,195000,0000/007/trajectory_checkpoints/step_0195000.pt,True,True,True
007,196000,0000/007/trajectory_checkpoints/step_0196000.pt,True,True,True
007,197000,0000/007/trajectory_checkpoints/step_0197000.pt,True,True,True
007,198000,0000/007/trajectory_checkpoints/step_0198000.pt,True,True,True
007,199000,0000/007/trajectory_checkpoints/step_0199000.pt,True,True,True
007,200000,0000/007/trajectory_checkpoints/step_0200000.pt,True,True,True
007,201000,0000/007/trajectory_checkpoints/step_0201000.pt,True,True,True
007,202000,0000/007/trajectory_checkpoints/step_0202000.pt,True,True,True
007,203000,0000/007/trajectory_checkpoints/step_0203000.pt,True,True,True
007,204000,0000/007/trajectory_checkpoints/step_0204000.pt,True,True,True
007,205000,0000/007/trajectory_checkpoints/step_0205000.pt,True,True,True
007,206000,0000/007/trajectory_checkpoints/step_0206000.pt,True,True,True
007,207000,0000/007/trajectory_checkpoints/step_0207000.pt,True,True,True
007,208000,0000/007/trajectory_checkpoints/step_0208000.pt,True,True,True
007,209000,0000/007/trajectory_checkpoints/step_0209000.pt,True,True,True
007,210000,0000/007/trajectory_checkpoints/step_0210000.pt,True,True,True
007,211000,0000/007/trajectory_checkpoints/step_0211000.pt,True,True,True
007,212000,0000/007/trajectory_checkpoints/step_0212000.pt,True,True,True
007,213000,0000/007/trajectory_checkpoints/step_0213000.pt,True,True,True
007,214000,0000/007/trajectory_checkpoints/step_0214000.pt,True,True,True
007,215000,0000/007/trajectory_checkpoints/step_0215000.pt,True,True,True
007,216000,0000/007/trajectory_checkpoints/step_0216000.pt,True,True,True
007,217000,0000/007/trajectory_checkpoints/step_0217000.pt,True,True,True
007,218000,0000/007/trajectory_checkpoints/step_0218000.pt,True,True,True
007,219000,0000/007/trajectory_checkpoints/step_0219000.pt,True,True,True
007,220000,0000/007/trajectory_checkpoints/step_0220000.pt,True,True,True
007,221000,0000/007/trajectory_checkpoints/step_0221000.pt,True,True,True
007,222000,0000/007/trajectory_checkpoints/step_0222000.pt,True,True,True
007,223000,0000/007/trajectory_checkpoints/step_0223000.pt,True,True,True
007,224000,0000/007/trajectory_checkpoints/step_0224000.pt,True,True,True
007,225000,0000/007/trajectory_checkpoints/step_0225000.pt,True,True,True
007,226000,0000/007/trajectory_checkpoints/step_0226000.pt,True,True,True
007,227000,0000/007/trajectory_checkpoints/step_0227000.pt,True,True,True
008,0,0000/008/trajectory_checkpoints/step_0000000.pt,True,True,True
008,1000,0000/008/trajectory_checkpoints/step_0001000.pt,True,True,True
008,2000,0000/008/trajectory_checkpoints/step_0002000.pt,True,True,True
008,3000,0000/008/trajectory_checkpoints/step_0003000.pt,True,True,True
008,4000,0000/008/trajectory_checkpoints/step_0004000.pt,True,True,True
008,5000,0000/008/trajectory_checkpoints/step_0005000.pt,True,True,True
008,6000,0000/008/trajectory_checkpoints/step_0006000.pt,True,True,True
008,7000,0000/008/trajectory_checkpoints/step_0007000.pt,True,True,True
008,8000,0000/008/trajectory_checkpoints/step_0008000.pt,True,True,True
008,9000,0000/008/trajectory_checkpoints/step_0009000.pt,True,True,True
008,10000,0000/008/trajectory_checkpoints/step_0010000.pt,True,True,True
008,11000,0000/008/trajectory_checkpoints/step_0011000.pt,True,True,True
008,12000,0000/008/trajectory_checkpoints/step_0012000.pt,True,True,True
008,13000,0000/008/trajectory_checkpoints/step_0013000.pt,True,True,True
008,14000,0000/008/trajectory_checkpoints/step_0014000.pt,True,True,True
008,15000,0000/008/trajectory_checkpoints/step_0015000.pt,True,True,True
008,16000,0000/008/trajectory_checkpoints/step_0016000.pt,True,True,True
008,17000,0000/008/trajectory_checkpoints/step_0017000.pt,True,True,True
008,18000,0000/008/trajectory_checkpoints/step_0018000.pt,True,True,True
008,19000,0000/008/trajectory_checkpoints/step_0019000.pt,True,True,True
008,20000,0000/008/trajectory_checkpoints/step_0020000.pt,True,True,True
008,21000,0000/008/trajectory_checkpoints/step_0021000.pt,True,True,True
008,22000,0000/008/trajectory_checkpoints/step_0022000.pt,True,True,True
008,23000,0000/008/trajectory_checkpoints/step_0023000.pt,True,True,True
008,24000,0000/008/trajectory_checkpoints/step_0024000.pt,True,True,True
008,25000,0000/008/trajectory_checkpoints/step_0025000.pt,True,True,True
008,26000,0000/008/trajectory_checkpoints/step_0026000.pt,True,True,True
008,27000,0000/008/trajectory_checkpoints/step_0027000.pt,True,True,True
008,28000,0000/008/trajectory_checkpoints/step_0028000.pt,True,True,True
008,29000,0000/008/trajectory_checkpoints/step_0029000.pt,True,True,True
008,30000,0000/008/trajectory_checkpoints/step_0030000.pt,True,True,True
008,31000,0000/008/trajectory_checkpoints/step_0031000.pt,True,True,True
008,32000,0000/008/trajectory_checkpoints/step_0032000.pt,True,True,True
008,33000,0000/008/trajectory_checkpoints/step_0033000.pt,True,True,True
008,34000,0000/008/trajectory_checkpoints/step_0034000.pt,True,True,True
008,35000,0000/008/trajectory_checkpoints/step_0035000.pt,True,True,True
008,36000,0000/008/trajectory_checkpoints/step_0036000.pt,True,True,True
008,37000,0000/008/trajectory_checkpoints/step_0037000.pt,True,True,True
008,38000,0000/008/trajectory_checkpoints/step_0038000.pt,True,True,True
008,39000,0000/008/trajectory_checkpoints/step_0039000.pt,True,True,True
008,40000,0000/008/trajectory_checkpoints/step_0040000.pt,True,True,True
008,41000,0000/008/trajectory_checkpoints/step_0041000.pt,True,True,True
008,42000,0000/008/trajectory_checkpoints/step_0042000.pt,True,True,True
008,43000,0000/008/trajectory_checkpoints/step_0043000.pt,True,True,True
008,44000,0000/008/trajectory_checkpoints/step_0044000.pt,True,True,True
008,45000,0000/008/trajectory_checkpoints/step_0045000.pt,True,True,True
008,46000,0000/008/trajectory_checkpoints/step_0046000.pt,True,True,True
008,47000,0000/008/trajectory_checkpoints/step_0047000.pt,True,True,True
008,48000,0000/008/trajectory_checkpoints/step_0048000.pt,True,True,True
008,49000,0000/008/trajectory_checkpoints/step_0049000.pt,True,True,True
008,50000,0000/008/trajectory_checkpoints/step_0050000.pt,True,True,True
008,51000,0000/008/trajectory_checkpoints/step_0051000.pt,True,True,True
008,52000,0000/008/trajectory_checkpoints/step_0052000.pt,True,True,True
008,53000,0000/008/trajectory_checkpoints/step_0053000.pt,True,True,True
008,54000,0000/008/trajectory_checkpoints/step_0054000.pt,True,True,True
008,55000,0000/008/trajectory_checkpoints/step_0055000.pt,True,True,True
008,56000,0000/008/trajectory_checkpoints/step_0056000.pt,True,True,True
008,57000,0000/008/trajectory_checkpoints/step_0057000.pt,True,True,True
008,58000,0000/008/trajectory_checkpoints/step_0058000.pt,True,True,True
008,59000,0000/008/trajectory_checkpoints/step_0059000.pt,True,True,True
008,60000,0000/008/trajectory_checkpoints/step_0060000.pt,True,True,True
008,61000,0000/008/trajectory_checkpoints/step_0061000.pt,True,True,True
008,62000,0000/008/trajectory_checkpoints/step_0062000.pt,True,True,True
008,63000,0000/008/trajectory_checkpoints/step_0063000.pt,True,True,True
008,64000,0000/008/trajectory_checkpoints/step_0064000.pt,True,True,True
008,65000,0000/008/trajectory_checkpoints/step_0065000.pt,True,True,True
008,66000,0000/008/trajectory_checkpoints/step_0066000.pt,True,True,True
008,67000,0000/008/trajectory_checkpoints/step_0067000.pt,True,True,True
008,68000,0000/008/trajectory_checkpoints/step_0068000.pt,True,True,True
008,69000,0000/008/trajectory_checkpoints/step_0069000.pt,True,True,True
008,70000,0000/008/trajectory_checkpoints/step_0070000.pt,True,True,True
008,71000,0000/008/trajectory_checkpoints/step_0071000.pt,True,True,True
008,72000,0000/008/trajectory_checkpoints/step_0072000.pt,True,True,True
008,73000,0000/008/trajectory_checkpoints/step_0073000.pt,True,True,True
008,74000,0000/008/trajectory_checkpoints/step_0074000.pt,True,True,True
008,75000,0000/008/trajectory_checkpoints/step_0075000.pt,True,True,True
008,76000,0000/008/trajectory_checkpoints/step_0076000.pt,True,True,True
008,77000,0000/008/trajectory_checkpoints/step_0077000.pt,True,True,True
008,78000,0000/008/trajectory_checkpoints/step_0078000.pt,True,True,True
008,79000,0000/008/trajectory_checkpoints/step_0079000.pt,True,True,True
008,80000,0000/008/trajectory_checkpoints/step_0080000.pt,True,True,True
008,81000,0000/008/trajectory_checkpoints/step_0081000.pt,True,True,True
008,82000,0000/008/trajectory_checkpoints/step_0082000.pt,True,True,True
008,83000,0000/008/trajectory_checkpoints/step_0083000.pt,True,True,True
008,84000,0000/008/trajectory_checkpoints/step_0084000.pt,True,True,True
008,85000,0000/008/trajectory_checkpoints/step_0085000.pt,True,True,True
008,86000,0000/008/trajectory_checkpoints/step_0086000.pt,True,True,True
008,87000,0000/008/trajectory_checkpoints/step_0087000.pt,True,True,True
008,88000,0000/008/trajectory_checkpoints/step_0088000.pt,True,True,True
008,89000,0000/008/trajectory_checkpoints/step_0089000.pt,True,True,True
008,90000,0000/008/trajectory_checkpoints/step_0090000.pt,True,True,True
008,91000,0000/008/trajectory_checkpoints/step_0091000.pt,True,True,True
008,92000,0000/008/trajectory_checkpoints/step_0092000.pt,True,True,True
008,93000,0000/008/trajectory_checkpoints/step_0093000.pt,True,True,True
008,94000,0000/008/trajectory_checkpoints/step_0094000.pt,True,True,True
008,95000,0000/008/trajectory_checkpoints/step_0095000.pt,True,True,True
008,96000,0000/008/trajectory_checkpoints/step_0096000.pt,True,True,True
008,97000,0000/008/trajectory_checkpoints/step_0097000.pt,True,True,True
008,98000,0000/008/trajectory_checkpoints/step_0098000.pt,True,True,True
008,99000,0000/008/trajectory_checkpoints/step_0099000.pt,True,True,True
008,100000,0000/008/trajectory_checkpoints/step_0100000.pt,True,True,True
008,100008,0000/008/trajectory_checkpoints/step_0100008.pt,False,False,False
008,101000,0000/008/trajectory_checkpoints/step_0101000.pt,True,True,True
008,102000,0000/008/trajectory_checkpoints/step_0102000.pt,True,True,True
008,103000,0000/008/trajectory_checkpoints/step_0103000.pt,True,True,True
008,104000,0000/008/trajectory_checkpoints/step_0104000.pt,True,True,True
008,105000,0000/008/trajectory_checkpoints/step_0105000.pt,True,True,True
008,106000,0000/008/trajectory_checkpoints/step_0106000.pt,True,True,True
008,107000,0000/008/trajectory_checkpoints/step_0107000.pt,True,True,True
008,108000,0000/008/trajectory_checkpoints/step_0108000.pt,True,True,True
008,109000,0000/008/trajectory_checkpoints/step_0109000.pt,True,True,True
008,110000,0000/008/trajectory_checkpoints/step_0110000.pt,True,True,True
008,111000,0000/008/trajectory_checkpoints/step_0111000.pt,True,True,True
008,112000,0000/008/trajectory_checkpoints/step_0112000.pt,True,True,True
008,113000,0000/008/trajectory_checkpoints/step_0113000.pt,True,True,True
008,114000,0000/008/trajectory_checkpoints/step_0114000.pt,True,True,True
008,115000,0000/008/trajectory_checkpoints/step_0115000.pt,True,True,True
008,116000,0000/008/trajectory_checkpoints/step_0116000.pt,True,True,True
008,117000,0000/008/trajectory_checkpoints/step_0117000.pt,True,True,True
008,118000,0000/008/trajectory_checkpoints/step_0118000.pt,True,True,True
008,119000,0000/008/trajectory_checkpoints/step_0119000.pt,True,True,True
008,120000,0000/008/trajectory_checkpoints/step_0120000.pt,True,True,True
008,121000,0000/008/trajectory_checkpoints/step_0121000.pt,True,True,True
008,122000,0000/008/trajectory_checkpoints/step_0122000.pt,True,True,True
008,123000,0000/008/trajectory_checkpoints/step_0123000.pt,True,True,True
008,124000,0000/008/trajectory_checkpoints/step_0124000.pt,True,True,True
008,125000,0000/008/trajectory_checkpoints/step_0125000.pt,True,True,True
008,126000,0000/008/trajectory_checkpoints/step_0126000.pt,True,True,True
008,127000,0000/008/trajectory_checkpoints/step_0127000.pt,True,True,True
008,128000,0000/008/trajectory_checkpoints/step_0128000.pt,True,True,True
008,129000,0000/008/trajectory_checkpoints/step_0129000.pt,True,True,True
008,130000,0000/008/trajectory_checkpoints/step_0130000.pt,True,True,True
008,131000,0000/008/trajectory_checkpoints/step_0131000.pt,True,True,True
008,132000,0000/008/trajectory_checkpoints/step_0132000.pt,True,True,True
008,133000,0000/008/trajectory_checkpoints/step_0133000.pt,True,True,True
008,134000,0000/008/trajectory_checkpoints/step_0134000.pt,True,True,True
008,135000,0000/008/trajectory_checkpoints/step_0135000.pt,True,True,True
008,136000,0000/008/trajectory_checkpoints/step_0136000.pt,True,True,True
008,137000,0000/008/trajectory_checkpoints/step_0137000.pt,True,True,True
008,138000,0000/008/trajectory_checkpoints/step_0138000.pt,True,True,True
008,139000,0000/008/trajectory_checkpoints/step_0139000.pt,True,True,True
008,140000,0000/008/trajectory_checkpoints/step_0140000.pt,True,True,True
008,141000,0000/008/trajectory_checkpoints/step_0141000.pt,True,True,True
008,142000,0000/008/trajectory_checkpoints/step_0142000.pt,True,True,True
008,143000,0000/008/trajectory_checkpoints/step_0143000.pt,True,True,True
008,144000,0000/008/trajectory_checkpoints/step_0144000.pt,True,True,True
008,145000,0000/008/trajectory_checkpoints/step_0145000.pt,True,True,True
008,146000,0000/008/trajectory_checkpoints/step_0146000.pt,True,True,True
008,147000,0000/008/trajectory_checkpoints/step_0147000.pt,True,True,True
008,148000,0000/008/trajectory_checkpoints/step_0148000.pt,True,True,True
008,149000,0000/008/trajectory_checkpoints/step_0149000.pt,True,True,True
008,150000,0000/008/trajectory_checkpoints/step_0150000.pt,True,True,True
008,151000,0000/008/trajectory_checkpoints/step_0151000.pt,True,True,True
008,152000,0000/008/trajectory_checkpoints/step_0152000.pt,True,True,True
008,153000,0000/008/trajectory_checkpoints/step_0153000.pt,True,True,True
008,154000,0000/008/trajectory_checkpoints/step_0154000.pt,True,True,True
008,155000,0000/008/trajectory_checkpoints/step_0155000.pt,True,True,True
008,156000,0000/008/trajectory_checkpoints/step_0156000.pt,True,True,True
008,157000,0000/008/trajectory_checkpoints/step_0157000.pt,True,True,True
008,158000,0000/008/trajectory_checkpoints/step_0158000.pt,True,True,True
008,159000,0000/008/trajectory_checkpoints/step_0159000.pt,True,True,True
008,160000,0000/008/trajectory_checkpoints/step_0160000.pt,True,True,True
008,161000,0000/008/trajectory_checkpoints/step_0161000.pt,True,True,True
008,162000,0000/008/trajectory_checkpoints/step_0162000.pt,True,True,True
008,163000,0000/008/trajectory_checkpoints/step_0163000.pt,True,True,True
008,164000,0000/008/trajectory_checkpoints/step_0164000.pt,True,True,True
008,165000,0000/008/trajectory_checkpoints/step_0165000.pt,True,True,True
008,166000,0000/008/trajectory_checkpoints/step_0166000.pt,True,True,True
008,167000,0000/008/trajectory_checkpoints/step_0167000.pt,True,True,True
008,168000,0000/008/trajectory_checkpoints/step_0168000.pt,True,True,True
008,169000,0000/008/trajectory_checkpoints/step_0169000.pt,True,True,True
008,170000,0000/008/trajectory_checkpoints/step_0170000.pt,True,True,True
008,171000,0000/008/trajectory_checkpoints/step_0171000.pt,True,True,True
008,172000,0000/008/trajectory_checkpoints/step_0172000.pt,True,True,True
008,173000,0000/008/trajectory_checkpoints/step_0173000.pt,True,True,True
008,174000,0000/008/trajectory_checkpoints/step_0174000.pt,True,True,True
008,175000,0000/008/trajectory_checkpoints/step_0175000.pt,True,True,True
008,176000,0000/008/trajectory_checkpoints/step_0176000.pt,True,True,True
008,177000,0000/008/trajectory_checkpoints/step_0177000.pt,True,True,True
008,178000,0000/008/trajectory_checkpoints/step_0178000.pt,True,True,True
008,179000,0000/008/trajectory_checkpoints/step_0179000.pt,True,True,True
008,180000,0000/008/trajectory_checkpoints/step_0180000.pt,True,True,True
008,181000,0000/008/trajectory_checkpoints/step_0181000.pt,True,True,True
008,182000,0000/008/trajectory_checkpoints/step_0182000.pt,True,True,True
008,183000,0000/008/trajectory_checkpoints/step_0183000.pt,True,True,True
008,184000,0000/008/trajectory_checkpoints/step_0184000.pt,True,True,True
008,185000,0000/008/trajectory_checkpoints/step_0185000.pt,True,True,True
008,186000,0000/008/trajectory_checkpoints/step_0186000.pt,True,True,True
008,187000,0000/008/trajectory_checkpoints/step_0187000.pt,True,True,True
008,188000,0000/008/trajectory_checkpoints/step_0188000.pt,True,True,True
008,189000,0000/008/trajectory_checkpoints/step_0189000.pt,True,True,True
008,190000,0000/008/trajectory_checkpoints/step_0190000.pt,True,True,True
008,191000,0000/008/trajectory_checkpoints/step_0191000.pt,True,True,True
008,192000,0000/008/trajectory_checkpoints/step_0192000.pt,True,True,True
008,193000,0000/008/trajectory_checkpoints/step_0193000.pt,True,True,True
008,194000,0000/008/trajectory_checkpoints/step_0194000.pt,True,True,True
008,195000,0000/008/trajectory_checkpoints/step_0195000.pt,True,True,True
008,196000,0000/008/trajectory_checkpoints/step_0196000.pt,True,True,True
008,197000,0000/008/trajectory_checkpoints/step_0197000.pt,True,True,True
008,198000,0000/008/trajectory_checkpoints/step_0198000.pt,True,True,True
008,199000,0000/008/trajectory_checkpoints/step_0199000.pt,True,True,True
008,200000,0000/008/trajectory_checkpoints/step_0200000.pt,True,True,True
008,201000,0000/008/trajectory_checkpoints/step_0201000.pt,True,True,True
008,202000,0000/008/trajectory_checkpoints/step_0202000.pt,True,True,True
008,203000,0000/008/trajectory_checkpoints/step_0203000.pt,True,True,True
008,204000,0000/008/trajectory_checkpoints/step_0204000.pt,True,True,True
008,205000,0000/008/trajectory_checkpoints/step_0205000.pt,True,True,True
008,206000,0000/008/trajectory_checkpoints/step_0206000.pt,True,True,True
008,207000,0000/008/trajectory_checkpoints/step_0207000.pt,True,True,True
008,208000,0000/008/trajectory_checkpoints/step_0208000.pt,True,True,True
008,209000,0000/008/trajectory_checkpoints/step_0209000.pt,True,True,True
008,210000,0000/008/trajectory_checkpoints/step_0210000.pt,True,True,True
008,211000,0000/008/trajectory_checkpoints/step_0211000.pt,True,True,True
008,212000,0000/008/trajectory_checkpoints/step_0212000.pt,True,True,True
008,213000,0000/008/trajectory_checkpoints/step_0213000.pt,True,True,True
008,214000,0000/008/trajectory_checkpoints/step_0214000.pt,True,True,True
008,215000,0000/008/trajectory_checkpoints/step_0215000.pt,True,True,True
008,216000,0000/008/trajectory_checkpoints/step_0216000.pt,True,True,True
008,217000,0000/008/trajectory_checkpoints/step_0217000.pt,True,True,True
008,218000,0000/008/trajectory_checkpoints/step_0218000.pt,True,True,True
008,219000,0000/008/trajectory_checkpoints/step_0219000.pt,True,True,True
008,220000,0000/008/trajectory_checkpoints/step_0220000.pt,True,True,True
008,221000,0000/008/trajectory_checkpoints/step_0221000.pt,True,True,True
008,222000,0000/008/trajectory_checkpoints/step_0222000.pt,True,True,True
008,223000,0000/008/trajectory_checkpoints/step_0223000.pt,True,True,True
008,224000,0000/008/trajectory_checkpoints/step_0224000.pt,True,True,True
008,225000,0000/008/trajectory_checkpoints/step_0225000.pt,True,True,True
008,226000,0000/008/trajectory_checkpoints/step_0226000.pt,True,True,True
008,227000,0000/008/trajectory_checkpoints/step_0227000.pt,True,True,True
008,228000,0000/008/trajectory_checkpoints/step_0228000.pt,True,True,True
008,229000,0000/008/trajectory_checkpoints/step_0229000.pt,True,True,True
008,230000,0000/008/trajectory_checkpoints/step_0230000.pt,True,True,True
008,231000,0000/008/trajectory_checkpoints/step_0231000.pt,True,True,True
008,232000,0000/008/trajectory_checkpoints/step_0232000.pt,True,True,True
008,233000,0000/008/trajectory_checkpoints/step_0233000.pt,True,True,True
008,234000,0000/008/trajectory_checkpoints/step_0234000.pt,True,True,True
008,235000,0000/008/trajectory_checkpoints/step_0235000.pt,True,True,True
008,236000,0000/008/trajectory_checkpoints/step_0236000.pt,True,True,True
008,237000,0000/008/trajectory_checkpoints/step_0237000.pt,True,True,True
008,238000,0000/008/trajectory_checkpoints/step_0238000.pt,True,True,True
008,239000,0000/008/trajectory_checkpoints/step_0239000.pt,True,True,True
008,240000,0000/008/trajectory_checkpoints/step_0240000.pt,True,True,True
008,241000,0000/008/trajectory_checkpoints/step_0241000.pt,True,True,True
008,242000,0000/008/trajectory_checkpoints/step_0242000.pt,True,True,True
008,243000,0000/008/trajectory_checkpoints/step_0243000.pt,True,True,True
008,244000,0000/008/trajectory_checkpoints/step_0244000.pt,True,True,True
008,245000,0000/008/trajectory_checkpoints/step_0245000.pt,True,True,True
008,246000,0000/008/trajectory_checkpoints/step_0246000.pt,True,True,True
008,247000,0000/008/trajectory_checkpoints/step_0247000.pt,True,True,True
008,248000,0000/008/trajectory_checkpoints/step_0248000.pt,True,True,True
008,249000,0000/008/trajectory_checkpoints/step_0249000.pt,True,True,True
008,250000,0000/008/trajectory_checkpoints/step_0250000.pt,True,True,True
008,250008,0000/008/trajectory_checkpoints/step_0250008.pt,False,False,False
009,0,0000/009/trajectory_checkpoints/step_0000000.pt,True,True,True
009,1000,0000/009/trajectory_checkpoints/step_0001000.pt,True,True,True
009,2000,0000/009/trajectory_checkpoints/step_0002000.pt,True,True,True
009,3000,0000/009/trajectory_checkpoints/step_0003000.pt,True,True,True
009,4000,0000/009/trajectory_checkpoints/step_0004000.pt,True,True,True
009,5000,0000/009/trajectory_checkpoints/step_0005000.pt,True,True,True
009,6000,0000/009/trajectory_checkpoints/step_0006000.pt,True,True,True
009,7000,0000/009/trajectory_checkpoints/step_0007000.pt,True,True,True
009,8000,0000/009/trajectory_checkpoints/step_0008000.pt,True,True,True
009,9000,0000/009/trajectory_checkpoints/step_0009000.pt,True,True,True
009,10000,0000/009/trajectory_checkpoints/step_0010000.pt,True,True,True
009,11000,0000/009/trajectory_checkpoints/step_0011000.pt,True,True,True
009,12000,0000/009/trajectory_checkpoints/step_0012000.pt,True,True,True
009,13000,0000/009/trajectory_checkpoints/step_0013000.pt,True,True,True
009,14000,0000/009/trajectory_checkpoints/step_0014000.pt,True,True,True
009,15000,0000/009/trajectory_checkpoints/step_0015000.pt,True,True,True
009,16000,0000/009/trajectory_checkpoints/step_0016000.pt,True,True,True
009,17000,0000/009/trajectory_checkpoints/step_0017000.pt,True,True,True
009,18000,0000/009/trajectory_checkpoints/step_0018000.pt,True,True,True
009,19000,0000/009/trajectory_checkpoints/step_0019000.pt,True,True,True
009,20000,0000/009/trajectory_checkpoints/step_0020000.pt,True,True,True
009,21000,0000/009/trajectory_checkpoints/step_0021000.pt,True,True,True
009,22000,0000/009/trajectory_checkpoints/step_0022000.pt,True,True,True
009,23000,0000/009/trajectory_checkpoints/step_0023000.pt,True,True,True
009,24000,0000/009/trajectory_checkpoints/step_0024000.pt,True,True,True
009,25000,0000/009/trajectory_checkpoints/step_0025000.pt,True,True,True
009,26000,0000/009/trajectory_checkpoints/step_0026000.pt,True,True,True
009,27000,0000/009/trajectory_checkpoints/step_0027000.pt,True,True,True
009,28000,0000/009/trajectory_checkpoints/step_0028000.pt,True,True,True
009,29000,0000/009/trajectory_checkpoints/step_0029000.pt,True,True,True
009,30000,0000/009/trajectory_checkpoints/step_0030000.pt,True,True,True
009,31000,0000/009/trajectory_checkpoints/step_0031000.pt,True,True,True
009,32000,0000/009/trajectory_checkpoints/step_0032000.pt,True,True,True
009,33000,0000/009/trajectory_checkpoints/step_0033000.pt,True,True,True
009,34000,0000/009/trajectory_checkpoints/step_0034000.pt,True,True,True
009,35000,0000/009/trajectory_checkpoints/step_0035000.pt,True,True,True
009,36000,0000/009/trajectory_checkpoints/step_0036000.pt,True,True,True
009,37000,0000/009/trajectory_checkpoints/step_0037000.pt,True,True,True
009,38000,0000/009/trajectory_checkpoints/step_0038000.pt,True,True,True
009,39000,0000/009/trajectory_checkpoints/step_0039000.pt,True,True,True
009,40000,0000/009/trajectory_checkpoints/step_0040000.pt,True,True,True
009,41000,0000/009/trajectory_checkpoints/step_0041000.pt,True,True,True
009,42000,0000/009/trajectory_checkpoints/step_0042000.pt,True,True,True
009,43000,0000/009/trajectory_checkpoints/step_0043000.pt,True,True,True
009,44000,0000/009/trajectory_checkpoints/step_0044000.pt,True,True,True
009,45000,0000/009/trajectory_checkpoints/step_0045000.pt,True,True,True
009,46000,0000/009/trajectory_checkpoints/step_0046000.pt,True,True,True
009,47000,0000/009/trajectory_checkpoints/step_0047000.pt,True,True,True
009,48000,0000/009/trajectory_checkpoints/step_0048000.pt,True,True,True
009,49000,0000/009/trajectory_checkpoints/step_0049000.pt,True,True,True
009,50000,0000/009/trajectory_checkpoints/step_0050000.pt,True,True,True
009,51000,0000/009/trajectory_checkpoints/step_0051000.pt,True,True,True
009,52000,0000/009/trajectory_checkpoints/step_0052000.pt,True,True,True
009,53000,0000/009/trajectory_checkpoints/step_0053000.pt,True,True,True
009,54000,0000/009/trajectory_checkpoints/step_0054000.pt,True,True,True
009,55000,0000/009/trajectory_checkpoints/step_0055000.pt,True,True,True
009,56000,0000/009/trajectory_checkpoints/step_0056000.pt,True,True,True
009,57000,0000/009/trajectory_checkpoints/step_0057000.pt,True,True,True
009,58000,0000/009/trajectory_checkpoints/step_0058000.pt,True,True,True
009,59000,0000/009/trajectory_checkpoints/step_0059000.pt,True,True,True
009,60000,0000/009/trajectory_checkpoints/step_0060000.pt,True,True,True
009,61000,0000/009/trajectory_checkpoints/step_0061000.pt,True,True,True
009,62000,0000/009/trajectory_checkpoints/step_0062000.pt,True,True,True
009,63000,0000/009/trajectory_checkpoints/step_0063000.pt,True,True,True
009,64000,0000/009/trajectory_checkpoints/step_0064000.pt,True,True,True
009,65000,0000/009/trajectory_checkpoints/step_0065000.pt,True,True,True
009,66000,0000/009/trajectory_checkpoints/step_0066000.pt,True,True,True
009,67000,0000/009/trajectory_checkpoints/step_0067000.pt,True,True,True
009,68000,0000/009/trajectory_checkpoints/step_0068000.pt,True,True,True
009,69000,0000/009/trajectory_checkpoints/step_0069000.pt,True,True,True
009,70000,0000/009/trajectory_checkpoints/step_0070000.pt,True,True,True
009,71000,0000/009/trajectory_checkpoints/step_0071000.pt,True,True,True
009,72000,0000/009/trajectory_checkpoints/step_0072000.pt,True,True,True
009,73000,0000/009/trajectory_checkpoints/step_0073000.pt,True,True,True
009,74000,0000/009/trajectory_checkpoints/step_0074000.pt,True,True,True
009,75000,0000/009/trajectory_checkpoints/step_0075000.pt,True,True,True
009,76000,0000/009/trajectory_checkpoints/step_0076000.pt,True,True,True
009,77000,0000/009/trajectory_checkpoints/step_0077000.pt,True,True,True
009,78000,0000/009/trajectory_checkpoints/step_0078000.pt,True,True,True
009,79000,0000/009/trajectory_checkpoints/step_0079000.pt,True,True,True
009,80000,0000/009/trajectory_checkpoints/step_0080000.pt,True,True,True
009,81000,0000/009/trajectory_checkpoints/step_0081000.pt,True,True,True
009,82000,0000/009/trajectory_checkpoints/step_0082000.pt,True,True,True
009,83000,0000/009/trajectory_checkpoints/step_0083000.pt,True,True,True
009,84000,0000/009/trajectory_checkpoints/step_0084000.pt,True,True,True
009,85000,0000/009/trajectory_checkpoints/step_0085000.pt,True,True,True
009,86000,0000/009/trajectory_checkpoints/step_0086000.pt,True,True,True
009,87000,0000/009/trajectory_checkpoints/step_0087000.pt,True,True,True
009,88000,0000/009/trajectory_checkpoints/step_0088000.pt,True,True,True
009,89000,0000/009/trajectory_checkpoints/step_0089000.pt,True,True,True
009,90000,0000/009/trajectory_checkpoints/step_0090000.pt,True,True,True
009,91000,0000/009/trajectory_checkpoints/step_0091000.pt,True,True,True
009,92000,0000/009/trajectory_checkpoints/step_0092000.pt,True,True,True
009,93000,0000/009/trajectory_checkpoints/step_0093000.pt,True,True,True
009,94000,0000/009/trajectory_checkpoints/step_0094000.pt,True,True,True
009,95000,0000/009/trajectory_checkpoints/step_0095000.pt,True,True,True
009,96000,0000/009/trajectory_checkpoints/step_0096000.pt,True,True,True
009,97000,0000/009/trajectory_checkpoints/step_0097000.pt,True,True,True
009,98000,0000/009/trajectory_checkpoints/step_0098000.pt,True,True,True
009,99000,0000/009/trajectory_checkpoints/step_0099000.pt,True,True,True
009,100000,0000/009/trajectory_checkpoints/step_0100000.pt,True,True,True
009,100008,0000/009/trajectory_checkpoints/step_0100008.pt,False,False,False
010,0,0000/010/trajectory_checkpoints/step_0000000.pt,True,True,True
010,1000,0000/010/trajectory_checkpoints/step_0001000.pt,True,True,True
010,2000,0000/010/trajectory_checkpoints/step_0002000.pt,True,True,True
010,3000,0000/010/trajectory_checkpoints/step_0003000.pt,True,True,True
010,4000,0000/010/trajectory_checkpoints/step_0004000.pt,True,True,True
010,5000,0000/010/trajectory_checkpoints/step_0005000.pt,True,True,True
010,6000,0000/010/trajectory_checkpoints/step_0006000.pt,True,True,True
010,7000,0000/010/trajectory_checkpoints/step_0007000.pt,True,True,True
010,8000,0000/010/trajectory_checkpoints/step_0008000.pt,True,True,True
010,9000,0000/010/trajectory_checkpoints/step_0009000.pt,True,True,True
010,10000,0000/010/trajectory_checkpoints/step_0010000.pt,True,True,True
010,11000,0000/010/trajectory_checkpoints/step_0011000.pt,True,True,True
010,12000,0000/010/trajectory_checkpoints/step_0012000.pt,True,True,True
010,13000,0000/010/trajectory_checkpoints/step_0013000.pt,True,True,True
010,14000,0000/010/trajectory_checkpoints/step_0014000.pt,True,True,True
010,15000,0000/010/trajectory_checkpoints/step_0015000.pt,True,True,True
010,16000,0000/010/trajectory_checkpoints/step_0016000.pt,True,True,True
010,17000,0000/010/trajectory_checkpoints/step_0017000.pt,True,True,True
010,18000,0000/010/trajectory_checkpoints/step_0018000.pt,True,True,True
010,19000,0000/010/trajectory_checkpoints/step_0019000.pt,True,True,True
010,20000,0000/010/trajectory_checkpoints/step_0020000.pt,True,True,True
010,21000,0000/010/trajectory_checkpoints/step_0021000.pt,True,True,True
010,22000,0000/010/trajectory_checkpoints/step_0022000.pt,True,True,True
010,23000,0000/010/trajectory_checkpoints/step_0023000.pt,True,True,True
010,24000,0000/010/trajectory_checkpoints/step_0024000.pt,True,True,True
010,25000,0000/010/trajectory_checkpoints/step_0025000.pt,True,True,True
010,26000,0000/010/trajectory_checkpoints/step_0026000.pt,True,True,True
010,27000,0000/010/trajectory_checkpoints/step_0027000.pt,True,True,True
010,28000,0000/010/trajectory_checkpoints/step_0028000.pt,True,True,True
010,29000,0000/010/trajectory_checkpoints/step_0029000.pt,True,True,True
010,30000,0000/010/trajectory_checkpoints/step_0030000.pt,True,True,True
010,31000,0000/010/trajectory_checkpoints/step_0031000.pt,True,True,True
010,32000,0000/010/trajectory_checkpoints/step_0032000.pt,True,True,True
010,33000,0000/010/trajectory_checkpoints/step_0033000.pt,True,True,True
010,34000,0000/010/trajectory_checkpoints/step_0034000.pt,True,True,True
010,35000,0000/010/trajectory_checkpoints/step_0035000.pt,True,True,True
010,36000,0000/010/trajectory_checkpoints/step_0036000.pt,True,True,True
010,37000,0000/010/trajectory_checkpoints/step_0037000.pt,True,True,True
010,38000,0000/010/trajectory_checkpoints/step_0038000.pt,True,True,True
010,39000,0000/010/trajectory_checkpoints/step_0039000.pt,True,True,True
010,40000,0000/010/trajectory_checkpoints/step_0040000.pt,True,True,True
010,41000,0000/010/trajectory_checkpoints/step_0041000.pt,True,True,True
010,42000,0000/010/trajectory_checkpoints/step_0042000.pt,True,True,True
010,43000,0000/010/trajectory_checkpoints/step_0043000.pt,True,True,True
010,44000,0000/010/trajectory_checkpoints/step_0044000.pt,True,True,True
010,45000,0000/010/trajectory_checkpoints/step_0045000.pt,True,True,True
010,46000,0000/010/trajectory_checkpoints/step_0046000.pt,True,True,True
010,47000,0000/010/trajectory_checkpoints/step_0047000.pt,True,True,True
010,48000,0000/010/trajectory_checkpoints/step_0048000.pt,True,True,True
010,49000,0000/010/trajectory_checkpoints/step_0049000.pt,True,True,True
010,50000,0000/010/trajectory_checkpoints/step_0050000.pt,True,True,True
010,51000,0000/010/trajectory_checkpoints/step_0051000.pt,True,True,True
010,52000,0000/010/trajectory_checkpoints/step_0052000.pt,True,True,True
010,53000,0000/010/trajectory_checkpoints/step_0053000.pt,True,True,True
010,54000,0000/010/trajectory_checkpoints/step_0054000.pt,True,True,True
010,55000,0000/010/trajectory_checkpoints/step_0055000.pt,True,True,True
010,56000,0000/010/trajectory_checkpoints/step_0056000.pt,True,True,True
010,57000,0000/010/trajectory_checkpoints/step_0057000.pt,True,True,True
010,58000,0000/010/trajectory_checkpoints/step_0058000.pt,True,True,True
010,59000,0000/010/trajectory_checkpoints/step_0059000.pt,True,True,True
010,60000,0000/010/trajectory_checkpoints/step_0060000.pt,True,True,True
010,61000,0000/010/trajectory_checkpoints/step_0061000.pt,True,True,True
010,62000,0000/010/trajectory_checkpoints/step_0062000.pt,True,True,True
010,63000,0000/010/trajectory_checkpoints/step_0063000.pt,True,True,True
010,64000,0000/010/trajectory_checkpoints/step_0064000.pt,True,True,True
010,65000,0000/010/trajectory_checkpoints/step_0065000.pt,True,True,True
010,66000,0000/010/trajectory_checkpoints/step_0066000.pt,True,True,True
010,67000,0000/010/trajectory_checkpoints/step_0067000.pt,True,True,True
010,68000,0000/010/trajectory_checkpoints/step_0068000.pt,True,True,True
010,69000,0000/010/trajectory_checkpoints/step_0069000.pt,True,True,True
010,70000,0000/010/trajectory_checkpoints/step_0070000.pt,True,True,True
010,71000,0000/010/trajectory_checkpoints/step_0071000.pt,True,True,True
010,72000,0000/010/trajectory_checkpoints/step_0072000.pt,True,True,True
010,73000,0000/010/trajectory_checkpoints/step_0073000.pt,True,True,True
010,74000,0000/010/trajectory_checkpoints/step_0074000.pt,True,True,True
010,75000,0000/010/trajectory_checkpoints/step_0075000.pt,True,True,True
010,76000,0000/010/trajectory_checkpoints/step_0076000.pt,True,True,True
010,77000,0000/010/trajectory_checkpoints/step_0077000.pt,True,True,True
010,78000,0000/010/trajectory_checkpoints/step_0078000.pt,True,True,True
010,79000,0000/010/trajectory_checkpoints/step_0079000.pt,True,True,True
010,80000,0000/010/trajectory_checkpoints/step_0080000.pt,True,True,True
010,81000,0000/010/trajectory_checkpoints/step_0081000.pt,True,True,True
010,82000,0000/010/trajectory_checkpoints/step_0082000.pt,True,True,True
010,83000,0000/010/trajectory_checkpoints/step_0083000.pt,True,True,True
010,84000,0000/010/trajectory_checkpoints/step_0084000.pt,True,True,True
010,85000,0000/010/trajectory_checkpoints/step_0085000.pt,True,True,True
010,86000,0000/010/trajectory_checkpoints/step_0086000.pt,True,True,True
010,87000,0000/010/trajectory_checkpoints/step_0087000.pt,True,True,True
010,88000,0000/010/trajectory_checkpoints/step_0088000.pt,True,True,True
010,89000,0000/010/trajectory_checkpoints/step_0089000.pt,True,True,True
010,90000,0000/010/trajectory_checkpoints/step_0090000.pt,True,True,True
010,91000,0000/010/trajectory_checkpoints/step_0091000.pt,True,True,True
010,92000,0000/010/trajectory_checkpoints/step_0092000.pt,True,True,True
010,93000,0000/010/trajectory_checkpoints/step_0093000.pt,True,True,True
010,94000,0000/010/trajectory_checkpoints/step_0094000.pt,True,True,True
010,95000,0000/010/trajectory_checkpoints/step_0095000.pt,True,True,True
010,96000,0000/010/trajectory_checkpoints/step_0096000.pt,True,True,True
010,97000,0000/010/trajectory_checkpoints/step_0097000.pt,True,True,True
010,98000,0000/010/trajectory_checkpoints/step_0098000.pt,True,True,True
010,99000,0000/010/trajectory_checkpoints/step_0099000.pt,True,True,True
010,100000,0000/010/trajectory_checkpoints/step_0100000.pt,True,True,True
010,100008,0000/010/trajectory_checkpoints/step_0100008.pt,False,False,False
010,101000,0000/010/trajectory_checkpoints/step_0101000.pt,True,True,True
010,102000,0000/010/trajectory_checkpoints/step_0102000.pt,True,True,True
010,103000,0000/010/trajectory_checkpoints/step_0103000.pt,True,True,True
010,104000,0000/010/trajectory_checkpoints/step_0104000.pt,True,True,True
010,105000,0000/010/trajectory_checkpoints/step_0105000.pt,True,True,True
010,106000,0000/010/trajectory_checkpoints/step_0106000.pt,True,True,True
010,107000,0000/010/trajectory_checkpoints/step_0107000.pt,True,True,True
010,108000,0000/010/trajectory_checkpoints/step_0108000.pt,True,True,True
010,109000,0000/010/trajectory_checkpoints/step_0109000.pt,True,True,True
010,110000,0000/010/trajectory_checkpoints/step_0110000.pt,True,True,True
010,111000,0000/010/trajectory_checkpoints/step_0111000.pt,True,True,True
010,112000,0000/010/trajectory_checkpoints/step_0112000.pt,True,True,True
010,113000,0000/010/trajectory_checkpoints/step_0113000.pt,True,True,True
010,114000,0000/010/trajectory_checkpoints/step_0114000.pt,True,True,True
010,115000,0000/010/trajectory_checkpoints/step_0115000.pt,True,True,True
010,116000,0000/010/trajectory_checkpoints/step_0116000.pt,True,True,True
010,117000,0000/010/trajectory_checkpoints/step_0117000.pt,True,True,True
010,118000,0000/010/trajectory_checkpoints/step_0118000.pt,True,True,True
010,119000,0000/010/trajectory_checkpoints/step_0119000.pt,True,True,True
010,120000,0000/010/trajectory_checkpoints/step_0120000.pt,True,True,True
010,121000,0000/010/trajectory_checkpoints/step_0121000.pt,True,True,True
010,122000,0000/010/trajectory_checkpoints/step_0122000.pt,True,True,True
010,123000,0000/010/trajectory_checkpoints/step_0123000.pt,True,True,True
010,124000,0000/010/trajectory_checkpoints/step_0124000.pt,True,True,True
010,125000,0000/010/trajectory_checkpoints/step_0125000.pt,True,True,True
010,126000,0000/010/trajectory_checkpoints/step_0126000.pt,True,True,True
010,127000,0000/010/trajectory_checkpoints/step_0127000.pt,True,True,True
010,128000,0000/010/trajectory_checkpoints/step_0128000.pt,True,True,True
010,129000,0000/010/trajectory_checkpoints/step_0129000.pt,True,True,True
010,130000,0000/010/trajectory_checkpoints/step_0130000.pt,True,True,True
010,131000,0000/010/trajectory_checkpoints/step_0131000.pt,True,True,True
010,132000,0000/010/trajectory_checkpoints/step_0132000.pt,True,True,True
010,133000,0000/010/trajectory_checkpoints/step_0133000.pt,True,True,True
010,134000,0000/010/trajectory_checkpoints/step_0134000.pt,True,True,True
010,135000,0000/010/trajectory_checkpoints/step_0135000.pt,True,True,True
010,136000,0000/010/trajectory_checkpoints/step_0136000.pt,True,True,True
010,137000,0000/010/trajectory_checkpoints/step_0137000.pt,True,True,True
010,138000,0000/010/trajectory_checkpoints/step_0138000.pt,True,True,True
010,139000,0000/010/trajectory_checkpoints/step_0139000.pt,True,True,True
010,140000,0000/010/trajectory_checkpoints/step_0140000.pt,True,True,True
010,141000,0000/010/trajectory_checkpoints/step_0141000.pt,True,True,True
010,142000,0000/010/trajectory_checkpoints/step_0142000.pt,True,True,True
010,143000,0000/010/trajectory_checkpoints/step_0143000.pt,True,True,True
010,144000,0000/010/trajectory_checkpoints/step_0144000.pt,True,True,True
010,145000,0000/010/trajectory_checkpoints/step_0145000.pt,True,True,True
010,146000,0000/010/trajectory_checkpoints/step_0146000.pt,True,True,True
010,147000,0000/010/trajectory_checkpoints/step_0147000.pt,True,True,True
010,148000,0000/010/trajectory_checkpoints/step_0148000.pt,True,True,True
010,149000,0000/010/trajectory_checkpoints/step_0149000.pt,True,True,True
010,150000,0000/010/trajectory_checkpoints/step_0150000.pt,True,True,True
010,151000,0000/010/trajectory_checkpoints/step_0151000.pt,True,True,True
010,152000,0000/010/trajectory_checkpoints/step_0152000.pt,True,True,True
010,153000,0000/010/trajectory_checkpoints/step_0153000.pt,True,True,True
010,154000,0000/010/trajectory_checkpoints/step_0154000.pt,True,True,True
010,155000,0000/010/trajectory_checkpoints/step_0155000.pt,True,True,True
010,156000,0000/010/trajectory_checkpoints/step_0156000.pt,True,True,True
010,157000,0000/010/trajectory_checkpoints/step_0157000.pt,True,True,True
010,158000,0000/010/trajectory_checkpoints/step_0158000.pt,True,True,True
010,159000,0000/010/trajectory_checkpoints/step_0159000.pt,True,True,True
010,160000,0000/010/trajectory_checkpoints/step_0160000.pt,True,True,True
010,161000,0000/010/trajectory_checkpoints/step_0161000.pt,True,True,True
010,162000,0000/010/trajectory_checkpoints/step_0162000.pt,True,True,True
010,163000,0000/010/trajectory_checkpoints/step_0163000.pt,True,True,True
010,164000,0000/010/trajectory_checkpoints/step_0164000.pt,True,True,True
010,165000,0000/010/trajectory_checkpoints/step_0165000.pt,True,True,True
010,166000,0000/010/trajectory_checkpoints/step_0166000.pt,True,True,True
010,167000,0000/010/trajectory_checkpoints/step_0167000.pt,True,True,True
010,168000,0000/010/trajectory_checkpoints/step_0168000.pt,True,True,True
010,169000,0000/010/trajectory_checkpoints/step_0169000.pt,True,True,True
010,170000,0000/010/trajectory_checkpoints/step_0170000.pt,True,True,True
010,171000,0000/010/trajectory_checkpoints/step_0171000.pt,True,True,True
010,172000,0000/010/trajectory_checkpoints/step_0172000.pt,True,True,True
010,173000,0000/010/trajectory_checkpoints/step_0173000.pt,True,True,True
010,174000,0000/010/trajectory_checkpoints/step_0174000.pt,True,True,True
010,175000,0000/010/trajectory_checkpoints/step_0175000.pt,True,True,True
010,176000,0000/010/trajectory_checkpoints/step_0176000.pt,True,True,True
010,177000,0000/010/trajectory_checkpoints/step_0177000.pt,True,True,True
010,178000,0000/010/trajectory_checkpoints/step_0178000.pt,True,True,True
010,179000,0000/010/trajectory_checkpoints/step_0179000.pt,True,True,True
010,180000,0000/010/trajectory_checkpoints/step_0180000.pt,True,True,True
010,181000,0000/010/trajectory_checkpoints/step_0181000.pt,True,True,True
010,182000,0000/010/trajectory_checkpoints/step_0182000.pt,True,True,True
010,183000,0000/010/trajectory_checkpoints/step_0183000.pt,True,True,True
010,184000,0000/010/trajectory_checkpoints/step_0184000.pt,True,True,True
010,185000,0000/010/trajectory_checkpoints/step_0185000.pt,True,True,True
010,186000,0000/010/trajectory_checkpoints/step_0186000.pt,True,True,True
010,187000,0000/010/trajectory_checkpoints/step_0187000.pt,True,True,True
010,188000,0000/010/trajectory_checkpoints/step_0188000.pt,True,True,True
010,189000,0000/010/trajectory_checkpoints/step_0189000.pt,True,True,True
010,190000,0000/010/trajectory_checkpoints/step_0190000.pt,True,True,True
010,191000,0000/010/trajectory_checkpoints/step_0191000.pt,True,True,True
010,192000,0000/010/trajectory_checkpoints/step_0192000.pt,True,True,True
010,193000,0000/010/trajectory_checkpoints/step_0193000.pt,True,True,True
010,194000,0000/010/trajectory_checkpoints/step_0194000.pt,True,True,True
010,195000,0000/010/trajectory_checkpoints/step_0195000.pt,True,True,True
010,196000,0000/010/trajectory_checkpoints/step_0196000.pt,True,True,True
010,197000,0000/010/trajectory_checkpoints/step_0197000.pt,True,True,True
010,198000,0000/010/trajectory_checkpoints/step_0198000.pt,True,True,True
010,199000,0000/010/trajectory_checkpoints/step_0199000.pt,True,True,True
010,200000,0000/010/trajectory_checkpoints/step_0200000.pt,True,True,True
010,201000,0000/010/trajectory_checkpoints/step_0201000.pt,True,True,True
010,202000,0000/010/trajectory_checkpoints/step_0202000.pt,True,True,True
010,203000,0000/010/trajectory_checkpoints/step_0203000.pt,True,True,True
010,204000,0000/010/trajectory_checkpoints/step_0204000.pt,True,True,True
010,205000,0000/010/trajectory_checkpoints/step_0205000.pt,True,True,True
010,206000,0000/010/trajectory_checkpoints/step_0206000.pt,True,True,True
010,207000,0000/010/trajectory_checkpoints/step_0207000.pt,True,True,True
010,208000,0000/010/trajectory_checkpoints/step_0208000.pt,True,True,True
010,209000,0000/010/trajectory_checkpoints/step_0209000.pt,True,True,True
010,210000,0000/010/trajectory_checkpoints/step_0210000.pt,True,True,True
010,211000,0000/010/trajectory_checkpoints/step_0211000.pt,True,True,True
010,212000,0000/010/trajectory_checkpoints/step_0212000.pt,True,True,True
010,213000,0000/010/trajectory_checkpoints/step_0213000.pt,True,True,True
010,214000,0000/010/trajectory_checkpoints/step_0214000.pt,True,True,True
010,215000,0000/010/trajectory_checkpoints/step_0215000.pt,True,True,True
010,216000,0000/010/trajectory_checkpoints/step_0216000.pt,True,True,True
010,217000,0000/010/trajectory_checkpoints/step_0217000.pt,True,True,True
010,218000,0000/010/trajectory_checkpoints/step_0218000.pt,True,True,True
010,219000,0000/010/trajectory_checkpoints/step_0219000.pt,True,True,True
010,220000,0000/010/trajectory_checkpoints/step_0220000.pt,True,True,True
010,221000,0000/010/trajectory_checkpoints/step_0221000.pt,True,True,True
010,222000,0000/010/trajectory_checkpoints/step_0222000.pt,True,True,True
010,223000,0000/010/trajectory_checkpoints/step_0223000.pt,True,True,True
010,224000,0000/010/trajectory_checkpoints/step_0224000.pt,True,True,True
010,225000,0000/010/trajectory_checkpoints/step_0225000.pt,True,True,True
010,226000,0000/010/trajectory_checkpoints/step_0226000.pt,True,True,True
010,227000,0000/010/trajectory_checkpoints/step_0227000.pt,True,True,True
010,228000,0000/010/trajectory_checkpoints/step_0228000.pt,True,True,True
010,229000,0000/010/trajectory_checkpoints/step_0229000.pt,True,True,True
010,230000,0000/010/trajectory_checkpoints/step_0230000.pt,True,True,True
010,231000,0000/010/trajectory_checkpoints/step_0231000.pt,True,True,True
010,232000,0000/010/trajectory_checkpoints/step_0232000.pt,True,True,True
010,233000,0000/010/trajectory_checkpoints/step_0233000.pt,True,True,True
010,234000,0000/010/trajectory_checkpoints/step_0234000.pt,True,True,True
010,235000,0000/010/trajectory_checkpoints/step_0235000.pt,True,True,True
010,236000,0000/010/trajectory_checkpoints/step_0236000.pt,True,True,True
010,237000,0000/010/trajectory_checkpoints/step_0237000.pt,True,True,True
010,238000,0000/010/trajectory_checkpoints/step_0238000.pt,True,True,True
010,239000,0000/010/trajectory_checkpoints/step_0239000.pt,True,True,True
010,240000,0000/010/trajectory_checkpoints/step_0240000.pt,True,True,True
010,241000,0000/010/trajectory_checkpoints/step_0241000.pt,True,True,True
010,242000,0000/010/trajectory_checkpoints/step_0242000.pt,True,True,True
010,243000,0000/010/trajectory_checkpoints/step_0243000.pt,True,True,True
010,244000,0000/010/trajectory_checkpoints/step_0244000.pt,True,True,True
010,245000,0000/010/trajectory_checkpoints/step_0245000.pt,True,True,True
010,246000,0000/010/trajectory_checkpoints/step_0246000.pt,True,True,True
010,247000,0000/010/trajectory_checkpoints/step_0247000.pt,True,True,True
010,248000,0000/010/trajectory_checkpoints/step_0248000.pt,True,True,True
010,249000,0000/010/trajectory_checkpoints/step_0249000.pt,True,True,True
010,250000,0000/010/trajectory_checkpoints/step_0250000.pt,True,True,True
010,250008,0000/010/trajectory_checkpoints/step_0250008.pt,False,False,False
011,0,0000/011/trajectory_checkpoints/step_0000000.pt,True,True,True
011,1000,0000/011/trajectory_checkpoints/step_0001000.pt,True,True,True
011,2000,0000/011/trajectory_checkpoints/step_0002000.pt,True,True,True
011,3000,0000/011/trajectory_checkpoints/step_0003000.pt,True,True,True
011,4000,0000/011/trajectory_checkpoints/step_0004000.pt,True,True,True
011,5000,0000/011/trajectory_checkpoints/step_0005000.pt,True,True,True
011,6000,0000/011/trajectory_checkpoints/step_0006000.pt,True,True,True
011,7000,0000/011/trajectory_checkpoints/step_0007000.pt,True,True,True
011,8000,0000/011/trajectory_checkpoints/step_0008000.pt,True,True,True
011,9000,0000/011/trajectory_checkpoints/step_0009000.pt,True,True,True
011,10000,0000/011/trajectory_checkpoints/step_0010000.pt,True,True,True
011,11000,0000/011/trajectory_checkpoints/step_0011000.pt,True,True,True
011,12000,0000/011/trajectory_checkpoints/step_0012000.pt,True,True,True
011,13000,0000/011/trajectory_checkpoints/step_0013000.pt,True,True,True
011,14000,0000/011/trajectory_checkpoints/step_0014000.pt,True,True,True
011,15000,0000/011/trajectory_checkpoints/step_0015000.pt,True,True,True
011,16000,0000/011/trajectory_checkpoints/step_0016000.pt,True,True,True
011,17000,0000/011/trajectory_checkpoints/step_0017000.pt,True,True,True
011,18000,0000/011/trajectory_checkpoints/step_0018000.pt,True,True,True
011,19000,0000/011/trajectory_checkpoints/step_0019000.pt,True,True,True
011,20000,0000/011/trajectory_checkpoints/step_0020000.pt,True,True,True
011,21000,0000/011/trajectory_checkpoints/step_0021000.pt,True,True,True
011,22000,0000/011/trajectory_checkpoints/step_0022000.pt,True,True,True
011,23000,0000/011/trajectory_checkpoints/step_0023000.pt,True,True,True
011,24000,0000/011/trajectory_checkpoints/step_0024000.pt,True,True,True
011,25000,0000/011/trajectory_checkpoints/step_0025000.pt,True,True,True
011,26000,0000/011/trajectory_checkpoints/step_0026000.pt,True,True,True
011,27000,0000/011/trajectory_checkpoints/step_0027000.pt,True,True,True
011,28000,0000/011/trajectory_checkpoints/step_0028000.pt,True,True,True
011,29000,0000/011/trajectory_checkpoints/step_0029000.pt,True,True,True
011,30000,0000/011/trajectory_checkpoints/step_0030000.pt,True,True,True
011,31000,0000/011/trajectory_checkpoints/step_0031000.pt,True,True,True
011,32000,0000/011/trajectory_checkpoints/step_0032000.pt,True,True,True
011,33000,0000/011/trajectory_checkpoints/step_0033000.pt,True,True,True
011,34000,0000/011/trajectory_checkpoints/step_0034000.pt,True,True,True
011,35000,0000/011/trajectory_checkpoints/step_0035000.pt,True,True,True
011,36000,0000/011/trajectory_checkpoints/step_0036000.pt,True,True,True
011,37000,0000/011/trajectory_checkpoints/step_0037000.pt,True,True,True
011,38000,0000/011/trajectory_checkpoints/step_0038000.pt,True,True,True
011,39000,0000/011/trajectory_checkpoints/step_0039000.pt,True,True,True
011,40000,0000/011/trajectory_checkpoints/step_0040000.pt,True,True,True
011,41000,0000/011/trajectory_checkpoints/step_0041000.pt,True,True,True
011,42000,0000/011/trajectory_checkpoints/step_0042000.pt,True,True,True
011,43000,0000/011/trajectory_checkpoints/step_0043000.pt,True,True,True
011,44000,0000/011/trajectory_checkpoints/step_0044000.pt,True,True,True
011,45000,0000/011/trajectory_checkpoints/step_0045000.pt,True,True,True
011,46000,0000/011/trajectory_checkpoints/step_0046000.pt,True,True,True
011,47000,0000/011/trajectory_checkpoints/step_0047000.pt,True,True,True
011,48000,0000/011/trajectory_checkpoints/step_0048000.pt,True,True,True
011,49000,0000/011/trajectory_checkpoints/step_0049000.pt,True,True,True
011,50000,0000/011/trajectory_checkpoints/step_0050000.pt,True,True,True
011,51000,0000/011/trajectory_checkpoints/step_0051000.pt,True,True,True
011,52000,0000/011/trajectory_checkpoints/step_0052000.pt,True,True,True
011,53000,0000/011/trajectory_checkpoints/step_0053000.pt,True,True,True
011,54000,0000/011/trajectory_checkpoints/step_0054000.pt,True,True,True
011,55000,0000/011/trajectory_checkpoints/step_0055000.pt,True,True,True
011,56000,0000/011/trajectory_checkpoints/step_0056000.pt,True,True,True
011,57000,0000/011/trajectory_checkpoints/step_0057000.pt,True,True,True
011,58000,0000/011/trajectory_checkpoints/step_0058000.pt,True,True,True
011,59000,0000/011/trajectory_checkpoints/step_0059000.pt,True,True,True
011,60000,0000/011/trajectory_checkpoints/step_0060000.pt,True,True,True
011,61000,0000/011/trajectory_checkpoints/step_0061000.pt,True,True,True
011,62000,0000/011/trajectory_checkpoints/step_0062000.pt,True,True,True
011,63000,0000/011/trajectory_checkpoints/step_0063000.pt,True,True,True
011,64000,0000/011/trajectory_checkpoints/step_0064000.pt,True,True,True
011,65000,0000/011/trajectory_checkpoints/step_0065000.pt,True,True,True
011,66000,0000/011/trajectory_checkpoints/step_0066000.pt,True,True,True
011,67000,0000/011/trajectory_checkpoints/step_0067000.pt,True,True,True
011,68000,0000/011/trajectory_checkpoints/step_0068000.pt,True,True,True
011,69000,0000/011/trajectory_checkpoints/step_0069000.pt,True,True,True
011,70000,0000/011/trajectory_checkpoints/step_0070000.pt,True,True,True
011,71000,0000/011/trajectory_checkpoints/step_0071000.pt,True,True,True
011,72000,0000/011/trajectory_checkpoints/step_0072000.pt,True,True,True
011,73000,0000/011/trajectory_checkpoints/step_0073000.pt,True,True,True
011,74000,0000/011/trajectory_checkpoints/step_0074000.pt,True,True,True
011,75000,0000/011/trajectory_checkpoints/step_0075000.pt,True,True,True
011,76000,0000/011/trajectory_checkpoints/step_0076000.pt,True,True,True
011,77000,0000/011/trajectory_checkpoints/step_0077000.pt,True,True,True
011,78000,0000/011/trajectory_checkpoints/step_0078000.pt,True,True,True
011,79000,0000/011/trajectory_checkpoints/step_0079000.pt,True,True,True
011,80000,0000/011/trajectory_checkpoints/step_0080000.pt,True,True,True
011,81000,0000/011/trajectory_checkpoints/step_0081000.pt,True,True,True
011,82000,0000/011/trajectory_checkpoints/step_0082000.pt,True,True,True
011,83000,0000/011/trajectory_checkpoints/step_0083000.pt,True,True,True
011,84000,0000/011/trajectory_checkpoints/step_0084000.pt,True,True,True
011,85000,0000/011/trajectory_checkpoints/step_0085000.pt,True,True,True
011,86000,0000/011/trajectory_checkpoints/step_0086000.pt,True,True,True
011,87000,0000/011/trajectory_checkpoints/step_0087000.pt,True,True,True
011,88000,0000/011/trajectory_checkpoints/step_0088000.pt,True,True,True
011,89000,0000/011/trajectory_checkpoints/step_0089000.pt,True,True,True
011,90000,0000/011/trajectory_checkpoints/step_0090000.pt,True,True,True
011,91000,0000/011/trajectory_checkpoints/step_0091000.pt,True,True,True
011,92000,0000/011/trajectory_checkpoints/step_0092000.pt,True,True,True
011,93000,0000/011/trajectory_checkpoints/step_0093000.pt,True,True,True
011,94000,0000/011/trajectory_checkpoints/step_0094000.pt,True,True,True
011,95000,0000/011/trajectory_checkpoints/step_0095000.pt,True,True,True
011,96000,0000/011/trajectory_checkpoints/step_0096000.pt,True,True,True
011,97000,0000/011/trajectory_checkpoints/step_0097000.pt,True,True,True
011,98000,0000/011/trajectory_checkpoints/step_0098000.pt,True,True,True
011,99000,0000/011/trajectory_checkpoints/step_0099000.pt,True,True,True
011,100000,0000/011/trajectory_checkpoints/step_0100000.pt,True,True,True
011,100008,0000/011/trajectory_checkpoints/step_0100008.pt,False,False,False
012,0,0000/012/trajectory_checkpoints/step_0000000.pt,True,True,True
012,1000,0000/012/trajectory_checkpoints/step_0001000.pt,True,True,True
012,2000,0000/012/trajectory_checkpoints/step_0002000.pt,True,True,True
012,3000,0000/012/trajectory_checkpoints/step_0003000.pt,True,True,True
012,4000,0000/012/trajectory_checkpoints/step_0004000.pt,True,True,True
012,5000,0000/012/trajectory_checkpoints/step_0005000.pt,True,True,True
012,6000,0000/012/trajectory_checkpoints/step_0006000.pt,True,True,True
012,7000,0000/012/trajectory_checkpoints/step_0007000.pt,True,True,True
012,8000,0000/012/trajectory_checkpoints/step_0008000.pt,True,True,True
012,9000,0000/012/trajectory_checkpoints/step_0009000.pt,True,True,True
012,10000,0000/012/trajectory_checkpoints/step_0010000.pt,True,True,True
012,11000,0000/012/trajectory_checkpoints/step_0011000.pt,True,True,True
012,12000,0000/012/trajectory_checkpoints/step_0012000.pt,True,True,True
012,13000,0000/012/trajectory_checkpoints/step_0013000.pt,True,True,True
012,14000,0000/012/trajectory_checkpoints/step_0014000.pt,True,True,True
012,15000,0000/012/trajectory_checkpoints/step_0015000.pt,True,True,True
012,16000,0000/012/trajectory_checkpoints/step_0016000.pt,True,True,True
012,17000,0000/012/trajectory_checkpoints/step_0017000.pt,True,True,True
012,18000,0000/012/trajectory_checkpoints/step_0018000.pt,True,True,True
012,19000,0000/012/trajectory_checkpoints/step_0019000.pt,True,True,True
012,20000,0000/012/trajectory_checkpoints/step_0020000.pt,True,True,True
012,21000,0000/012/trajectory_checkpoints/step_0021000.pt,True,True,True
012,22000,0000/012/trajectory_checkpoints/step_0022000.pt,True,True,True
012,23000,0000/012/trajectory_checkpoints/step_0023000.pt,True,True,True
012,24000,0000/012/trajectory_checkpoints/step_0024000.pt,True,True,True
012,25000,0000/012/trajectory_checkpoints/step_0025000.pt,True,True,True
012,26000,0000/012/trajectory_checkpoints/step_0026000.pt,True,True,True
012,27000,0000/012/trajectory_checkpoints/step_0027000.pt,True,True,True
012,28000,0000/012/trajectory_checkpoints/step_0028000.pt,True,True,True
012,29000,0000/012/trajectory_checkpoints/step_0029000.pt,True,True,True
012,30000,0000/012/trajectory_checkpoints/step_0030000.pt,True,True,True
012,31000,0000/012/trajectory_checkpoints/step_0031000.pt,True,True,True
012,32000,0000/012/trajectory_checkpoints/step_0032000.pt,True,True,True
012,33000,0000/012/trajectory_checkpoints/step_0033000.pt,True,True,True
012,34000,0000/012/trajectory_checkpoints/step_0034000.pt,True,True,True
012,35000,0000/012/trajectory_checkpoints/step_0035000.pt,True,True,True
012,36000,0000/012/trajectory_checkpoints/step_0036000.pt,True,True,True
012,37000,0000/012/trajectory_checkpoints/step_0037000.pt,True,True,True
012,38000,0000/012/trajectory_checkpoints/step_0038000.pt,True,True,True
012,39000,0000/012/trajectory_checkpoints/step_0039000.pt,True,True,True
012,40000,0000/012/trajectory_checkpoints/step_0040000.pt,True,True,True
012,41000,0000/012/trajectory_checkpoints/step_0041000.pt,True,True,True
012,42000,0000/012/trajectory_checkpoints/step_0042000.pt,True,True,True
012,43000,0000/012/trajectory_checkpoints/step_0043000.pt,True,True,True
012,44000,0000/012/trajectory_checkpoints/step_0044000.pt,True,True,True
012,45000,0000/012/trajectory_checkpoints/step_0045000.pt,True,True,True
012,46000,0000/012/trajectory_checkpoints/step_0046000.pt,True,True,True
012,47000,0000/012/trajectory_checkpoints/step_0047000.pt,True,True,True
012,48000,0000/012/trajectory_checkpoints/step_0048000.pt,True,True,True
012,49000,0000/012/trajectory_checkpoints/step_0049000.pt,True,True,True
012,50000,0000/012/trajectory_checkpoints/step_0050000.pt,True,True,True
012,51000,0000/012/trajectory_checkpoints/step_0051000.pt,True,True,True
012,52000,0000/012/trajectory_checkpoints/step_0052000.pt,True,True,True
012,53000,0000/012/trajectory_checkpoints/step_0053000.pt,True,True,True
012,54000,0000/012/trajectory_checkpoints/step_0054000.pt,True,True,True
012,55000,0000/012/trajectory_checkpoints/step_0055000.pt,True,True,True
012,56000,0000/012/trajectory_checkpoints/step_0056000.pt,True,True,True
012,57000,0000/012/trajectory_checkpoints/step_0057000.pt,True,True,True
012,58000,0000/012/trajectory_checkpoints/step_0058000.pt,True,True,True
012,59000,0000/012/trajectory_checkpoints/step_0059000.pt,True,True,True
012,60000,0000/012/trajectory_checkpoints/step_0060000.pt,True,True,True
012,61000,0000/012/trajectory_checkpoints/step_0061000.pt,True,True,True
012,62000,0000/012/trajectory_checkpoints/step_0062000.pt,True,True,True
012,63000,0000/012/trajectory_checkpoints/step_0063000.pt,True,True,True
012,64000,0000/012/trajectory_checkpoints/step_0064000.pt,True,True,True
012,65000,0000/012/trajectory_checkpoints/step_0065000.pt,True,True,True
012,66000,0000/012/trajectory_checkpoints/step_0066000.pt,True,True,True
012,67000,0000/012/trajectory_checkpoints/step_0067000.pt,True,True,True
012,68000,0000/012/trajectory_checkpoints/step_0068000.pt,True,True,True
012,69000,0000/012/trajectory_checkpoints/step_0069000.pt,True,True,True
012,70000,0000/012/trajectory_checkpoints/step_0070000.pt,True,True,True
012,71000,0000/012/trajectory_checkpoints/step_0071000.pt,True,True,True
012,72000,0000/012/trajectory_checkpoints/step_0072000.pt,True,True,True
012,73000,0000/012/trajectory_checkpoints/step_0073000.pt,True,True,True
012,74000,0000/012/trajectory_checkpoints/step_0074000.pt,True,True,True
012,75000,0000/012/trajectory_checkpoints/step_0075000.pt,True,True,True
012,76000,0000/012/trajectory_checkpoints/step_0076000.pt,True,True,True
012,77000,0000/012/trajectory_checkpoints/step_0077000.pt,True,True,True
012,78000,0000/012/trajectory_checkpoints/step_0078000.pt,True,True,True
012,79000,0000/012/trajectory_checkpoints/step_0079000.pt,True,True,True
012,80000,0000/012/trajectory_checkpoints/step_0080000.pt,True,True,True
012,81000,0000/012/trajectory_checkpoints/step_0081000.pt,True,True,True
012,82000,0000/012/trajectory_checkpoints/step_0082000.pt,True,True,True
012,83000,0000/012/trajectory_checkpoints/step_0083000.pt,True,True,True
012,84000,0000/012/trajectory_checkpoints/step_0084000.pt,True,True,True
012,85000,0000/012/trajectory_checkpoints/step_0085000.pt,True,True,True
012,86000,0000/012/trajectory_checkpoints/step_0086000.pt,True,True,True
012,87000,0000/012/trajectory_checkpoints/step_0087000.pt,True,True,True
012,88000,0000/012/trajectory_checkpoints/step_0088000.pt,True,True,True
012,89000,0000/012/trajectory_checkpoints/step_0089000.pt,True,True,True
012,90000,0000/012/trajectory_checkpoints/step_0090000.pt,True,True,True
012,91000,0000/012/trajectory_checkpoints/step_0091000.pt,True,True,True
012,92000,0000/012/trajectory_checkpoints/step_0092000.pt,True,True,True
012,93000,0000/012/trajectory_checkpoints/step_0093000.pt,True,True,True
012,94000,0000/012/trajectory_checkpoints/step_0094000.pt,True,True,True
012,95000,0000/012/trajectory_checkpoints/step_0095000.pt,True,True,True
012,96000,0000/012/trajectory_checkpoints/step_0096000.pt,True,True,True
012,97000,0000/012/trajectory_checkpoints/step_0097000.pt,True,True,True
012,98000,0000/012/trajectory_checkpoints/step_0098000.pt,True,True,True
012,99000,0000/012/trajectory_checkpoints/step_0099000.pt,True,True,True
012,100000,0000/012/trajectory_checkpoints/step_0100000.pt,True,True,True
012,100008,0000/012/trajectory_checkpoints/step_0100008.pt,False,False,False
012,101000,0000/012/trajectory_checkpoints/step_0101000.pt,True,True,True
012,102000,0000/012/trajectory_checkpoints/step_0102000.pt,True,True,True
012,103000,0000/012/trajectory_checkpoints/step_0103000.pt,True,True,True
012,104000,0000/012/trajectory_checkpoints/step_0104000.pt,True,True,True
012,105000,0000/012/trajectory_checkpoints/step_0105000.pt,True,True,True
012,106000,0000/012/trajectory_checkpoints/step_0106000.pt,True,True,True
012,107000,0000/012/trajectory_checkpoints/step_0107000.pt,True,True,True
012,108000,0000/012/trajectory_checkpoints/step_0108000.pt,True,True,True
012,109000,0000/012/trajectory_checkpoints/step_0109000.pt,True,True,True
012,110000,0000/012/trajectory_checkpoints/step_0110000.pt,True,True,True
012,111000,0000/012/trajectory_checkpoints/step_0111000.pt,True,True,True
012,112000,0000/012/trajectory_checkpoints/step_0112000.pt,True,True,True
012,113000,0000/012/trajectory_checkpoints/step_0113000.pt,True,True,True
012,114000,0000/012/trajectory_checkpoints/step_0114000.pt,True,True,True
012,115000,0000/012/trajectory_checkpoints/step_0115000.pt,True,True,True
012,116000,0000/012/trajectory_checkpoints/step_0116000.pt,True,True,True
012,117000,0000/012/trajectory_checkpoints/step_0117000.pt,True,True,True
012,118000,0000/012/trajectory_checkpoints/step_0118000.pt,True,True,True
012,119000,0000/012/trajectory_checkpoints/step_0119000.pt,True,True,True
012,120000,0000/012/trajectory_checkpoints/step_0120000.pt,True,True,True
012,121000,0000/012/trajectory_checkpoints/step_0121000.pt,True,True,True
012,122000,0000/012/trajectory_checkpoints/step_0122000.pt,True,True,True
012,123000,0000/012/trajectory_checkpoints/step_0123000.pt,True,True,True
012,124000,0000/012/trajectory_checkpoints/step_0124000.pt,True,True,True
012,125000,0000/012/trajectory_checkpoints/step_0125000.pt,True,True,True
012,126000,0000/012/trajectory_checkpoints/step_0126000.pt,True,True,True
012,127000,0000/012/trajectory_checkpoints/step_0127000.pt,True,True,True
012,128000,0000/012/trajectory_checkpoints/step_0128000.pt,True,True,True
012,129000,0000/012/trajectory_checkpoints/step_0129000.pt,True,True,True
012,130000,0000/012/trajectory_checkpoints/step_0130000.pt,True,True,True
012,131000,0000/012/trajectory_checkpoints/step_0131000.pt,True,True,True
012,132000,0000/012/trajectory_checkpoints/step_0132000.pt,True,True,True
012,133000,0000/012/trajectory_checkpoints/step_0133000.pt,True,True,True
012,134000,0000/012/trajectory_checkpoints/step_0134000.pt,True,True,True
012,135000,0000/012/trajectory_checkpoints/step_0135000.pt,True,True,True
012,136000,0000/012/trajectory_checkpoints/step_0136000.pt,True,True,True
012,137000,0000/012/trajectory_checkpoints/step_0137000.pt,True,True,True
012,138000,0000/012/trajectory_checkpoints/step_0138000.pt,True,True,True
012,139000,0000/012/trajectory_checkpoints/step_0139000.pt,True,True,True
012,140000,0000/012/trajectory_checkpoints/step_0140000.pt,True,True,True
012,141000,0000/012/trajectory_checkpoints/step_0141000.pt,True,True,True
012,142000,0000/012/trajectory_checkpoints/step_0142000.pt,True,True,True
012,143000,0000/012/trajectory_checkpoints/step_0143000.pt,True,True,True
012,144000,0000/012/trajectory_checkpoints/step_0144000.pt,True,True,True
012,145000,0000/012/trajectory_checkpoints/step_0145000.pt,True,True,True
012,146000,0000/012/trajectory_checkpoints/step_0146000.pt,True,True,True
012,147000,0000/012/trajectory_checkpoints/step_0147000.pt,True,True,True
012,148000,0000/012/trajectory_checkpoints/step_0148000.pt,True,True,True
012,149000,0000/012/trajectory_checkpoints/step_0149000.pt,True,True,True
012,150000,0000/012/trajectory_checkpoints/step_0150000.pt,True,True,True
012,151000,0000/012/trajectory_checkpoints/step_0151000.pt,True,True,True
012,152000,0000/012/trajectory_checkpoints/step_0152000.pt,True,True,True
012,153000,0000/012/trajectory_checkpoints/step_0153000.pt,True,True,True
012,154000,0000/012/trajectory_checkpoints/step_0154000.pt,True,True,True
012,155000,0000/012/trajectory_checkpoints/step_0155000.pt,True,True,True
012,156000,0000/012/trajectory_checkpoints/step_0156000.pt,True,True,True
012,157000,0000/012/trajectory_checkpoints/step_0157000.pt,True,True,True
012,158000,0000/012/trajectory_checkpoints/step_0158000.pt,True,True,True
012,159000,0000/012/trajectory_checkpoints/step_0159000.pt,True,True,True
012,160000,0000/012/trajectory_checkpoints/step_0160000.pt,True,True,True
012,161000,0000/012/trajectory_checkpoints/step_0161000.pt,True,True,True
012,162000,0000/012/trajectory_checkpoints/step_0162000.pt,True,True,True
012,163000,0000/012/trajectory_checkpoints/step_0163000.pt,True,True,True
012,164000,0000/012/trajectory_checkpoints/step_0164000.pt,True,True,True
012,165000,0000/012/trajectory_checkpoints/step_0165000.pt,True,True,True
012,166000,0000/012/trajectory_checkpoints/step_0166000.pt,True,True,True
012,167000,0000/012/trajectory_checkpoints/step_0167000.pt,True,True,True
012,168000,0000/012/trajectory_checkpoints/step_0168000.pt,True,True,True
012,169000,0000/012/trajectory_checkpoints/step_0169000.pt,True,True,True
012,170000,0000/012/trajectory_checkpoints/step_0170000.pt,True,True,True
012,171000,0000/012/trajectory_checkpoints/step_0171000.pt,True,True,True
012,172000,0000/012/trajectory_checkpoints/step_0172000.pt,True,True,True
012,173000,0000/012/trajectory_checkpoints/step_0173000.pt,True,True,True
012,174000,0000/012/trajectory_checkpoints/step_0174000.pt,True,True,True
012,175000,0000/012/trajectory_checkpoints/step_0175000.pt,True,True,True
012,176000,0000/012/trajectory_checkpoints/step_0176000.pt,True,True,True
012,177000,0000/012/trajectory_checkpoints/step_0177000.pt,True,True,True
012,178000,0000/012/trajectory_checkpoints/step_0178000.pt,True,True,True
012,179000,0000/012/trajectory_checkpoints/step_0179000.pt,True,True,True
012,180000,0000/012/trajectory_checkpoints/step_0180000.pt,True,True,True
012,181000,0000/012/trajectory_checkpoints/step_0181000.pt,True,True,True
012,182000,0000/012/trajectory_checkpoints/step_0182000.pt,True,True,True
012,183000,0000/012/trajectory_checkpoints/step_0183000.pt,True,True,True
012,184000,0000/012/trajectory_checkpoints/step_0184000.pt,True,True,True
012,185000,0000/012/trajectory_checkpoints/step_0185000.pt,True,True,True
012,186000,0000/012/trajectory_checkpoints/step_0186000.pt,True,True,True
012,187000,0000/012/trajectory_checkpoints/step_0187000.pt,True,True,True
012,188000,0000/012/trajectory_checkpoints/step_0188000.pt,True,True,True
012,189000,0000/012/trajectory_checkpoints/step_0189000.pt,True,True,True
012,190000,0000/012/trajectory_checkpoints/step_0190000.pt,True,True,True
012,191000,0000/012/trajectory_checkpoints/step_0191000.pt,True,True,True
012,192000,0000/012/trajectory_checkpoints/step_0192000.pt,True,True,True
012,193000,0000/012/trajectory_checkpoints/step_0193000.pt,True,True,True
012,194000,0000/012/trajectory_checkpoints/step_0194000.pt,True,True,True
012,195000,0000/012/trajectory_checkpoints/step_0195000.pt,True,True,True
012,196000,0000/012/trajectory_checkpoints/step_0196000.pt,True,True,True
012,197000,0000/012/trajectory_checkpoints/step_0197000.pt,True,True,True
012,198000,0000/012/trajectory_checkpoints/step_0198000.pt,True,True,True
012,199000,0000/012/trajectory_checkpoints/step_0199000.pt,True,True,True
012,200000,0000/012/trajectory_checkpoints/step_0200000.pt,True,True,True
012,201000,0000/012/trajectory_checkpoints/step_0201000.pt,True,True,True
012,202000,0000/012/trajectory_checkpoints/step_0202000.pt,True,True,True
012,203000,0000/012/trajectory_checkpoints/step_0203000.pt,True,True,True
012,204000,0000/012/trajectory_checkpoints/step_0204000.pt,True,True,True
012,205000,0000/012/trajectory_checkpoints/step_0205000.pt,True,True,True
012,206000,0000/012/trajectory_checkpoints/step_0206000.pt,True,True,True
012,207000,0000/012/trajectory_checkpoints/step_0207000.pt,True,True,True
012,208000,0000/012/trajectory_checkpoints/step_0208000.pt,True,True,True
012,209000,0000/012/trajectory_checkpoints/step_0209000.pt,True,True,True
012,210000,0000/012/trajectory_checkpoints/step_0210000.pt,True,True,True
012,211000,0000/012/trajectory_checkpoints/step_0211000.pt,True,True,True
012,212000,0000/012/trajectory_checkpoints/step_0212000.pt,True,True,True
012,213000,0000/012/trajectory_checkpoints/step_0213000.pt,True,True,True
012,214000,0000/012/trajectory_checkpoints/step_0214000.pt,True,True,True
012,215000,0000/012/trajectory_checkpoints/step_0215000.pt,True,True,True
012,216000,0000/012/trajectory_checkpoints/step_0216000.pt,True,True,True
012,217000,0000/012/trajectory_checkpoints/step_0217000.pt,True,True,True
012,218000,0000/012/trajectory_checkpoints/step_0218000.pt,True,True,True
012,219000,0000/012/trajectory_checkpoints/step_0219000.pt,True,True,True
012,220000,0000/012/trajectory_checkpoints/step_0220000.pt,True,True,True
012,221000,0000/012/trajectory_checkpoints/step_0221000.pt,True,True,True
012,222000,0000/012/trajectory_checkpoints/step_0222000.pt,True,True,True
012,223000,0000/012/trajectory_checkpoints/step_0223000.pt,True,True,True
012,224000,0000/012/trajectory_checkpoints/step_0224000.pt,True,True,True
012,225000,0000/012/trajectory_checkpoints/step_0225000.pt,True,True,True
012,226000,0000/012/trajectory_checkpoints/step_0226000.pt,True,True,True
013,0,0000/013/trajectory_checkpoints/step_0000000.pt,True,True,True
013,1000,0000/013/trajectory_checkpoints/step_0001000.pt,True,True,True
013,2000,0000/013/trajectory_checkpoints/step_0002000.pt,True,True,True
013,3000,0000/013/trajectory_checkpoints/step_0003000.pt,True,True,True
013,4000,0000/013/trajectory_checkpoints/step_0004000.pt,True,True,True
013,5000,0000/013/trajectory_checkpoints/step_0005000.pt,True,True,True
013,6000,0000/013/trajectory_checkpoints/step_0006000.pt,True,True,True
013,7000,0000/013/trajectory_checkpoints/step_0007000.pt,True,True,True
013,8000,0000/013/trajectory_checkpoints/step_0008000.pt,True,True,True
013,9000,0000/013/trajectory_checkpoints/step_0009000.pt,True,True,True
013,10000,0000/013/trajectory_checkpoints/step_0010000.pt,True,True,True
013,11000,0000/013/trajectory_checkpoints/step_0011000.pt,True,True,True
013,12000,0000/013/trajectory_checkpoints/step_0012000.pt,True,True,True
013,13000,0000/013/trajectory_checkpoints/step_0013000.pt,True,True,True
013,14000,0000/013/trajectory_checkpoints/step_0014000.pt,True,True,True
013,15000,0000/013/trajectory_checkpoints/step_0015000.pt,True,True,True
013,16000,0000/013/trajectory_checkpoints/step_0016000.pt,True,True,True
013,17000,0000/013/trajectory_checkpoints/step_0017000.pt,True,True,True
013,18000,0000/013/trajectory_checkpoints/step_0018000.pt,True,True,True
013,19000,0000/013/trajectory_checkpoints/step_0019000.pt,True,True,True
013,20000,0000/013/trajectory_checkpoints/step_0020000.pt,True,True,True
013,21000,0000/013/trajectory_checkpoints/step_0021000.pt,True,True,True
013,22000,0000/013/trajectory_checkpoints/step_0022000.pt,True,True,True
013,23000,0000/013/trajectory_checkpoints/step_0023000.pt,True,True,True
013,24000,0000/013/trajectory_checkpoints/step_0024000.pt,True,True,True
013,25000,0000/013/trajectory_checkpoints/step_0025000.pt,True,True,True
013,26000,0000/013/trajectory_checkpoints/step_0026000.pt,True,True,True
013,27000,0000/013/trajectory_checkpoints/step_0027000.pt,True,True,True
013,28000,0000/013/trajectory_checkpoints/step_0028000.pt,True,True,True
013,29000,0000/013/trajectory_checkpoints/step_0029000.pt,True,True,True
013,30000,0000/013/trajectory_checkpoints/step_0030000.pt,True,True,True
013,31000,0000/013/trajectory_checkpoints/step_0031000.pt,True,True,True
013,32000,0000/013/trajectory_checkpoints/step_0032000.pt,True,True,True
013,33000,0000/013/trajectory_checkpoints/step_0033000.pt,True,True,True
013,34000,0000/013/trajectory_checkpoints/step_0034000.pt,True,True,True
013,35000,0000/013/trajectory_checkpoints/step_0035000.pt,True,True,True
013,36000,0000/013/trajectory_checkpoints/step_0036000.pt,True,True,True
013,37000,0000/013/trajectory_checkpoints/step_0037000.pt,True,True,True
013,38000,0000/013/trajectory_checkpoints/step_0038000.pt,True,True,True
013,39000,0000/013/trajectory_checkpoints/step_0039000.pt,True,True,True
013,40000,0000/013/trajectory_checkpoints/step_0040000.pt,True,True,True
013,41000,0000/013/trajectory_checkpoints/step_0041000.pt,True,True,True
013,42000,0000/013/trajectory_checkpoints/step_0042000.pt,True,True,True
013,43000,0000/013/trajectory_checkpoints/step_0043000.pt,True,True,True
013,44000,0000/013/trajectory_checkpoints/step_0044000.pt,True,True,True
013,45000,0000/013/trajectory_checkpoints/step_0045000.pt,True,True,True
013,46000,0000/013/trajectory_checkpoints/step_0046000.pt,True,True,True
013,47000,0000/013/trajectory_checkpoints/step_0047000.pt,True,True,True
013,48000,0000/013/trajectory_checkpoints/step_0048000.pt,True,True,True
013,49000,0000/013/trajectory_checkpoints/step_0049000.pt,True,True,True
013,50000,0000/013/trajectory_checkpoints/step_0050000.pt,True,True,True
013,51000,0000/013/trajectory_checkpoints/step_0051000.pt,True,True,True
013,52000,0000/013/trajectory_checkpoints/step_0052000.pt,True,True,True
013,53000,0000/013/trajectory_checkpoints/step_0053000.pt,True,True,True
013,54000,0000/013/trajectory_checkpoints/step_0054000.pt,True,True,True
013,55000,0000/013/trajectory_checkpoints/step_0055000.pt,True,True,True
013,56000,0000/013/trajectory_checkpoints/step_0056000.pt,True,True,True
013,57000,0000/013/trajectory_checkpoints/step_0057000.pt,True,True,True
013,58000,0000/013/trajectory_checkpoints/step_0058000.pt,True,True,True
013,59000,0000/013/trajectory_checkpoints/step_0059000.pt,True,True,True
013,60000,0000/013/trajectory_checkpoints/step_0060000.pt,True,True,True
013,61000,0000/013/trajectory_checkpoints/step_0061000.pt,True,True,True
013,62000,0000/013/trajectory_checkpoints/step_0062000.pt,True,True,True
013,63000,0000/013/trajectory_checkpoints/step_0063000.pt,True,True,True
013,64000,0000/013/trajectory_checkpoints/step_0064000.pt,True,True,True
013,65000,0000/013/trajectory_checkpoints/step_0065000.pt,True,True,True
013,66000,0000/013/trajectory_checkpoints/step_0066000.pt,True,True,True
013,67000,0000/013/trajectory_checkpoints/step_0067000.pt,True,True,True
013,68000,0000/013/trajectory_checkpoints/step_0068000.pt,True,True,True
013,69000,0000/013/trajectory_checkpoints/step_0069000.pt,True,True,True
013,70000,0000/013/trajectory_checkpoints/step_0070000.pt,True,True,True
013,71000,0000/013/trajectory_checkpoints/step_0071000.pt,True,True,True
013,72000,0000/013/trajectory_checkpoints/step_0072000.pt,True,True,True
013,73000,0000/013/trajectory_checkpoints/step_0073000.pt,True,True,True
013,74000,0000/013/trajectory_checkpoints/step_0074000.pt,True,True,True
013,75000,0000/013/trajectory_checkpoints/step_0075000.pt,True,True,True
013,76000,0000/013/trajectory_checkpoints/step_0076000.pt,True,True,True
013,77000,0000/013/trajectory_checkpoints/step_0077000.pt,True,True,True
013,78000,0000/013/trajectory_checkpoints/step_0078000.pt,True,True,True
013,79000,0000/013/trajectory_checkpoints/step_0079000.pt,True,True,True
013,80000,0000/013/trajectory_checkpoints/step_0080000.pt,True,True,True
013,81000,0000/013/trajectory_checkpoints/step_0081000.pt,True,True,True
013,82000,0000/013/trajectory_checkpoints/step_0082000.pt,True,True,True
013,83000,0000/013/trajectory_checkpoints/step_0083000.pt,True,True,True
013,84000,0000/013/trajectory_checkpoints/step_0084000.pt,True,True,True
013,85000,0000/013/trajectory_checkpoints/step_0085000.pt,True,True,True
013,86000,0000/013/trajectory_checkpoints/step_0086000.pt,True,True,True
013,87000,0000/013/trajectory_checkpoints/step_0087000.pt,True,True,True
013,88000,0000/013/trajectory_checkpoints/step_0088000.pt,True,True,True
013,89000,0000/013/trajectory_checkpoints/step_0089000.pt,True,True,True
013,90000,0000/013/trajectory_checkpoints/step_0090000.pt,True,True,True
013,91000,0000/013/trajectory_checkpoints/step_0091000.pt,True,True,True
013,92000,0000/013/trajectory_checkpoints/step_0092000.pt,True,True,True
013,93000,0000/013/trajectory_checkpoints/step_0093000.pt,True,True,True
013,94000,0000/013/trajectory_checkpoints/step_0094000.pt,True,True,True
013,95000,0000/013/trajectory_checkpoints/step_0095000.pt,True,True,True
013,96000,0000/013/trajectory_checkpoints/step_0096000.pt,True,True,True
013,97000,0000/013/trajectory_checkpoints/step_0097000.pt,True,True,True
013,98000,0000/013/trajectory_checkpoints/step_0098000.pt,True,True,True
013,99000,0000/013/trajectory_checkpoints/step_0099000.pt,True,True,True
013,100000,0000/013/trajectory_checkpoints/step_0100000.pt,True,True,True
013,100008,0000/013/trajectory_checkpoints/step_0100008.pt,False,False,False
