model_id,group,frame,mirror,original,A,S
000,3MIDD_048,0,0.0069738090969622135,-0.0027954652905464172,-0.004884637193754315,0.002089171903207898
000,3MIDD_048,1,0.006666851695626974,-0.003387568751350045,-0.00502721022348851,0.0016396414721384645
000,3MIDD_048,2,0.0058058504946529865,-0.004092786461114883,-0.004949318477883935,0.0008565320167690516
000,3MIDD_048,3,0.004454584792256355,-0.00463319756090641,-0.004543891176581383,-8.930638432502747e-05
000,3MIDD_048,4,0.0031952778808772564,-0.004668936133384705,-0.0039321070071309805,-0.0007368291262537241
000,3MIDD_048,5,0.00227588159032166,-0.004392738454043865,-0.0033343100221827626,-0.0010584284318611026
000,3MIDD_048,6,0.0017289441311731935,-0.003961114678531885,-0.0028450294048525393,-0.0011160852736793458
000,3MIDD_048,7,0.001520748483017087,-0.0034486670047044754,-0.002484707743860781,-0.0009639592608436942
000,3MIDD_048,8,0.001505492371506989,-0.002948452951386571,-0.00222697266144678,-0.000721480289939791
000,3MIDD_048,9,0.0014847870916128159,-0.0026178567204624414,-0.0020513219060376287,-0.0005665348144248128
000,3MIDD_048,10,0.0014439503429457545,-0.0024143659975379705,-0.0019291581702418625,-0.000485207827296108
000,3MIDD_048,11,0.001458589336834848,-0.0022334912791848183,-0.001846040308009833,-0.00038745097117498517
000,3MIDD_048,12,0.00153495860286057,-0.0020611241925507784,-0.0017980413977056742,-0.0002630827948451042
000,3MIDD_048,13,0.0016182770486921072,-0.0019291599746793509,-0.001773718511685729,-0.00015544146299362183
000,3MIDD_048,14,0.0016975256148725748,-0.0018347804434597492,-0.001766153029166162,-6.862741429358721e-05
000,3MIDD_048,15,0.0017750643892213702,-0.0017588946502655745,-0.0017669795197434723,8.084869477897882e-06
000,3MIDD_048,16,0.0018373099155724049,-0.0016968660056591034,-0.0017670879606157541,7.022195495665073e-05
000,3MIDD_048,17,0.0018848986364901066,-0.0016543089877814054,-0.001769603812135756,0.00011529482435435057
000,3MIDD_048,18,0.001938269822858274,-0.001613222761079669,-0.0017757462919689715,0.0001625235308893025
000,3MIDD_048,19,0.0020073542837053537,-0.0015732668107375503,-0.001790310547221452,0.00021704373648390174
000,3MIDD_048,20,0.002081807004287839,-0.0015345371793955564,-0.0018081720918416977,0.00027363491244614124
000,3MIDD_048,21,0.0021400023251771927,-0.0014985016314312816,-0.0018192519783042371,0.00032075034687295556
000,3MIDD_048,22,0.0021798808593302965,-0.0014720854815095663,-0.0018259831704199314,0.0003538976889103651
000,3MIDD_048,23,0.0022107642143964767,-0.0014536308590322733,-0.001832197536714375,0.0003785666776821017
000,3MIDD_048,24,0.0022409139201045036,-0.001438518287613988,-0.0018397161038592458,0.00040119781624525785
000,3MIDD_048,25,0.0022714959923177958,-0.0014238051371648908,-0.0018476505647413433,0.0004238454275764525
000,3MIDD_048,26,0.00229884241707623,-0.0014098609099164605,-0.0018543516634963453,0.00044449075357988477
000,3MIDD_048,27,0.0023219375871121883,-0.0013984222896397114,-0.0018601799383759499,0.0004617576487362385
000,3MIDD_048,28,0.002340528415516019,-0.001390221994370222,-0.0018653752049431205,0.0004751532105728984
000,3MIDD_048,29,0.002356637269258499,-0.001384922070428729,-0.001870779669843614,0.00048585759941488504
000,3MIDD_048,30,0.002371713984757662,-0.0013815478887408972,-0.0018766309367492795,0.0004950830480083823
000,3MIDD_048,31,0.0023856894113123417,-0.0013786350609734654,-0.0018821622361429036,0.0005035271751694381
000,3MIDD_048,32,0.002398079726845026,-0.001375694409944117,-0.0018868870683945715,0.0005111926584504545
000,3MIDD_048,33,0.0024084444157779217,-0.001373293693177402,-0.0018908690544776618,0.0005175753613002598
000,3MIDD_048,34,0.0024168642703443766,-0.0013717818073928356,-0.001894323038868606,0.0005225412314757705
000,3MIDD_048,35,0.0024240335915237665,-0.001370826386846602,-0.0018974299891851842,0.0005266036023385823
000,3MIDD_048,36,0.002430499764159322,-0.0013703739969059825,-0.0019004368805326521,0.0005300628836266696
000,3MIDD_048,37,0.0024363927077502012,-0.0013698687544092536,-0.0019031307310797274,0.0005332619766704738
000,3MIDD_048,38,0.0024414972867816687,-0.0013691947096958756,-0.0019053459982387722,0.0005361512885428965
000,3MIDD_048,39,0.002445947378873825,-0.0013686026213690639,-0.0019072750001214445,0.0005386723787523806
000,3MIDD_048,40,0.002449693391099572,-0.001368095981888473,-0.0019088946864940226,0.0005407987046055496
000,3MIDD_048,41,0.0024528757203370333,-0.0013679151888936758,-0.0019103954546153545,0.0005424802657216787
000,3MIDD_048,42,0.0024556212592869997,-0.0013675602385774255,-0.0019115907489322126,0.0005440305103547871
000,3MIDD_048,43,0.0024581127800047398,-0.0013671665219590068,-0.0019126396509818733,0.0005454731290228665
000,3MIDD_048,44,0.0024603065103292465,-0.0013667936436831951,-0.0019135500770062208,0.0005467564333230257
000,3MIDD_048,45,0.002462303964421153,-0.0013664609286934137,-0.0019143824465572834,0.0005479215178638697
000,3MIDD_048,46,0.002463920507580042,-0.0013659487012773752,-0.0019149346044287086,0.0005489859031513333
000,3MIDD_048,47,0.002465364057570696,-0.0013656383380293846,-0.0019155011978000402,0.0005498628597706556
000,3MIDD_048,48,0.002466630656272173,-0.0013653523055836558,-0.0019159914809279144,0.0005506391753442585
000,3MIDD_048,49,0.002467784332111478,-0.0013650882756337523,-0.001916436303872615,0.0005513480282388628
000,3MIDD_207,0,0.007669496815651655,0.018767625093460083,0.005549064138904214,0.013218560954555869
000,3MIDD_207,1,0.006767040118575096,0.018748419359326363,0.005990689620375633,0.01275772973895073
000,3MIDD_207,2,0.006106451619416475,0.01846897229552269,0.006181260338053107,0.012287711957469583
000,3MIDD_207,3,0.006115982308983803,0.01882552169263363,0.006354769691824913,0.012470752000808716
000,3MIDD_207,4,0.006430880632251501,0.019523965194821358,0.006546542281284928,0.01297742291353643
000,3MIDD_207,5,0.00672974344342947,0.019947940483689308,0.006609098520129919,0.013338841963559389
000,3MIDD_207,6,0.006995233707129955,0.019965682178735733,0.006485224235802889,0.013480457942932844
000,3MIDD_207,7,0.007284841500222683,0.01977849006652832,0.006246824283152819,0.013531665783375502
000,3MIDD_207,8,0.007459754124283791,0.01950926147401333,0.006024753674864769,0.01348450779914856
000,3MIDD_207,9,0.007499874569475651,0.019257353618741035,0.005878739524632692,0.013378614094108343
000,3MIDD_207,10,0.007481854874640703,0.01911579817533493,0.005816971650347114,0.013298826524987817
000,3MIDD_207,11,0.007514140568673611,0.01909923553466797,0.005792547482997179,0.01330668805167079
000,3MIDD_207,12,0.007583067752420902,0.019100027158856392,0.005758479703217745,0.013341547455638647
000,3MIDD_207,13,0.007684862706810236,0.019067827612161636,0.0056914824526757,0.013376345159485936
000,3MIDD_207,14,0.007804373279213905,0.018998222425580025,0.00559692457318306,0.013401297852396965
000,3MIDD_207,15,0.007898598909378052,0.018897060304880142,0.005499230697751045,0.013397829607129097
000,3MIDD_207,16,0.007952303625643253,0.01874755322933197,0.0053976248018443584,0.013349928427487612
000,3MIDD_207,17,0.007992328144609928,0.01857641153037548,0.005292041692882776,0.013284369837492704
000,3MIDD_207,18,0.00803587306290865,0.018414579331874847,0.005189353134483099,0.013225226197391748
000,3MIDD_207,19,0.0080762580037117,0.0182790569961071,0.0051013994961977005,0.013177657499909401
000,3MIDD_207,20,0.008120578713715076,0.018175158649683,0.005027289967983961,0.013147868681699038
000,3MIDD_207,21,0.00817786529660225,0.018100714311003685,0.004961424507200718,0.013139289803802967
000,3MIDD_207,22,0.008241836912930012,0.018044348806142807,0.004901255946606398,0.01314309285953641
000,3MIDD_207,23,0.00830228254199028,0.01799328438937664,0.00484550092369318,0.01314778346568346
000,3MIDD_207,24,0.008353236131370068,0.01794065162539482,0.004793707747012377,0.013146943878382444
000,3MIDD_207,25,0.008393545635044575,0.017886728048324585,0.004746591206640005,0.01314013684168458
000,3MIDD_207,26,0.008425861597061157,0.017832528799772263,0.004703333601355553,0.01312919519841671
000,3MIDD_207,27,0.008451052941381931,0.017781980335712433,0.004665463697165251,0.013116516638547182
000,3MIDD_207,28,0.008472874760627747,0.01773935928940773,0.004633242264389992,0.013106117025017738
000,3MIDD_207,29,0.008493669331073761,0.01770625077188015,0.004606290720403194,0.013099960051476955
000,3MIDD_207,30,0.008514451794326305,0.017682144418358803,0.004583846312016249,0.013098298106342554
000,3MIDD_207,31,0.008534512482583523,0.01766461692750454,0.004565052222460508,0.013099564705044031
000,3MIDD_207,32,0.00855297688394785,0.01765153557062149,0.004549279343336821,0.01310225622728467
000,3MIDD_207,33,0.008569248951971531,0.01764071173965931,0.004535731393843889,0.01310498034581542
000,3MIDD_207,34,0.008582621812820435,0.01763046532869339,0.004523921757936478,0.013106543570756912
000,3MIDD_207,35,0.008593500591814518,0.017620716243982315,0.0045136078260838985,0.013107108417898417
000,3MIDD_207,36,0.008602212183177471,0.017611928284168243,0.004504858050495386,0.013107070233672857
000,3MIDD_207,37,0.008609380573034286,0.017604313790798187,0.00449746660888195,0.013106847181916237
000,3MIDD_207,38,0.008615836501121521,0.01759856939315796,0.004491366446018219,0.01310720294713974
000,3MIDD_207,39,0.008621814660727978,0.01759464293718338,0.004486414138227701,0.013108228798955679
000,3MIDD_207,40,0.008627591654658318,0.017592156305909157,0.00448228232562542,0.013109873980283737
000,3MIDD_207,41,0.008632887154817581,0.017590811476111412,0.0044789621606469154,0.013111849315464497
000,3MIDD_207,42,0.008637571707367897,0.0175901148468256,0.004476271569728851,0.013113843277096748
000,3MIDD_207,43,0.00864159781485796,0.017589585855603218,0.004473994020372629,0.013115591835230589
000,3MIDD_207,44,0.008644995279610157,0.01758911833167076,0.004472061526030302,0.013117056805640459
000,3MIDD_207,45,0.008647661656141281,0.01758861169219017,0.004470475018024445,0.013118136674165726
000,3MIDD_207,46,0.008650126866996288,0.01758824661374092,0.004469059873372316,0.013119186740368605
000,3MIDD_207,47,0.008652136661112309,0.017587963491678238,0.004467913415282965,0.013120050076395273
000,3MIDD_207,48,0.008653806522488594,0.017587916925549507,0.0044670552015304565,0.01312086172401905
000,3MIDD_207,49,0.008655370213091373,0.017588218674063683,0.0044664242304861546,0.013121794443577528
000,4MIDD_085_170,0,0.006146944593638182,0.010622825473546982,0.0022379404399544,0.008384885033592582
000,4MIDD_085_170,1,0.00580432778224349,0.010255035944283009,0.002225354081019759,0.00802968186326325
000,4MIDD_085_170,2,0.005421237088739872,0.009721709415316582,0.002150236163288355,0.007571473252028227
000,4MIDD_085_170,3,0.005397578701376915,0.009343166835606098,0.0019727940671145916,0.007370372768491507
000,4MIDD_085_170,4,0.00572482543066144,0.009252089075744152,0.001763631822541356,0.007488457253202796
000,4MIDD_085_170,5,0.0060399542562663555,0.009255493059754372,0.001607769401744008,0.007647723658010364
000,4MIDD_085_170,6,0.0061734686605632305,0.009118601679801941,0.0014725665096193552,0.007646035170182586
000,4MIDD_085_170,7,0.0062210895121097565,0.008898725733160973,0.001338818110525608,0.0075599076226353645
000,4MIDD_085_170,8,0.006250008009374142,0.008689294569194317,0.0012196432799100876,0.007469651289284229
000,4MIDD_085_170,9,0.006239432841539383,0.008519741706550121,0.0011401544325053692,0.007379587274044752
000,4MIDD_085_170,10,0.0062420424073934555,0.008411948569118977,0.0010849530808627605,0.007326995488256216
000,4MIDD_085_170,11,0.006332017481327057,0.008376643061637878,0.0010223127901554108,0.007354330271482468
000,4MIDD_085_170,12,0.0064668660052120686,0.008382792584598064,0.0009579632896929979,0.0074248292949050665
000,4MIDD_085_170,13,0.006579311098903418,0.008381137624382973,0.0009009132627397776,0.007480224361643195
000,4MIDD_085_170,14,0.006665813270956278,0.00836117472499609,0.000847680727019906,0.007513493997976184
000,4MIDD_085_170,15,0.006731892004609108,0.008340676315128803,0.0008043921552598476,0.007536284159868956
000,4MIDD_085_170,16,0.006770486477762461,0.008319885469973087,0.0007746994961053133,0.007545185973867774
000,4MIDD_085_170,17,0.0067917052656412125,0.008305929601192474,0.000757112167775631,0.007548817433416843
000,4MIDD_085_170,18,0.006812524050474167,0.008301904425024986,0.0007446901872754097,0.007557214237749577
000,4MIDD_085_170,19,0.0068404641933739185,0.008299603126943111,0.0007295694667845964,0.007570033660158515
000,4MIDD_085_170,20,0.006871779449284077,0.008302737958729267,0.0007154792547225952,0.007587258704006672
000,4MIDD_085_170,21,0.006900563836097717,0.008311444893479347,0.000705440528690815,0.007606004364788532
000,4MIDD_085_170,22,0.006925081368535757,0.008321132510900497,0.0006980255711823702,0.007623106939718127
000,4MIDD_085_170,23,0.006945805624127388,0.008328018710017204,0.0006911065429449081,0.007636912167072296
000,4MIDD_085_170,24,0.006963006220757961,0.008334094658493996,0.0006855442188680172,0.0076485504396259785
000,4MIDD_085_170,25,0.0069779022596776485,0.008340093307197094,0.0006810955237597227,0.007658997783437371
000,4MIDD_085_170,26,0.0069908746518194675,0.008345662616193295,0.0006773939821869135,0.007668268634006381
000,4MIDD_085_170,27,0.007002643775194883,0.008351176977157593,0.0006742666009813547,0.007676910376176238
000,4MIDD_085_170,28,0.007012298330664635,0.008356800302863121,0.0006722509860992432,0.007684549316763878
000,4MIDD_085_170,29,0.007019882556051016,0.0083623006939888,0.0006712090689688921,0.007691091625019908
000,4MIDD_085_170,30,0.007026683073490858,0.008367391303181648,0.0006703541148453951,0.007697037188336253
000,4MIDD_085_170,31,0.007032796274870634,0.008372175507247448,0.0006696896161884069,0.007702485891059041
000,4MIDD_085_170,32,0.007038210518658161,0.008376389741897583,0.0006690896116197109,0.007707300130277872
000,4MIDD_085_170,33,0.0070427823811769485,0.00838029757142067,0.0006687575951218605,0.007711539976298809
000,4MIDD_085_170,34,0.007046389393508434,0.008384128101170063,0.0006688693538308144,0.007715258747339249
000,4MIDD_085_170,35,0.007049165666103363,0.00838763639330864,0.0006692353636026382,0.007718401029706001
000,4MIDD_085_170,36,0.007051394321024418,0.008391370996832848,0.0006699883379042149,0.007721382658928633
000,4MIDD_085_170,37,0.00705338129773736,0.008395069278776646,0.0006708439905196428,0.007724225288257003
000,4MIDD_085_170,38,0.007054798770695925,0.008398535661399364,0.0006718684453517199,0.007726667216047645
000,4MIDD_085_170,39,0.007056047674268484,0.008401839062571526,0.0006728956941515207,0.007728943368420005
000,4MIDD_085_170,40,0.007057012524455786,0.008404851891100407,0.0006739196833223104,0.007730932207778096
000,4MIDD_085_170,41,0.007057716604322195,0.008407793939113617,0.0006750386673957109,0.007732755271717906
000,4MIDD_085_170,42,0.007058341056108475,0.008410372771322727,0.0006760158576071262,0.007734356913715601
000,4MIDD_085_170,43,0.007058851886540651,0.008412767201662064,0.0006769576575607061,0.0077358095441013575
000,4MIDD_085_170,44,0.007059300784021616,0.008414964191615582,0.0006778317037969828,0.007737132487818599
000,4MIDD_085_170,45,0.0070595634169876575,0.008416923694312572,0.0006786801386624575,0.007738243555650115
000,4MIDD_085_170,46,0.007059943862259388,0.008418628945946693,0.0006793425418436527,0.007739286404103041
000,4MIDD_085_170,47,0.007060095202177763,0.00842022430151701,0.0006800645496696234,0.007740159751847386
000,4MIDD_085_170,48,0.0070602488704025745,0.00842165295034647,0.0006807020399719477,0.007740950910374522
000,4MIDD_085_170,49,0.00706042954698205,0.008422999642789364,0.000681285047903657,0.007741714594885707
001,3MIDD_048,0,-0.0012776743387803435,-0.0023123903665691614,-0.0005173580138944089,-0.0017950323526747525
001,3MIDD_048,1,-0.0011830892181023955,-0.002403814345598221,-0.0006103625637479126,-0.0017934517818503082
001,3MIDD_048,2,-0.0011375568574294448,-0.002502588089555502,-0.0006825156160630286,-0.0018200724734924734
001,3MIDD_048,3,-0.0011047341395169497,-0.00261134747415781,-0.0007533066673204303,-0.00185804080683738
001,3MIDD_048,4,-0.0009937882423400879,-0.00269321259111166,-0.0008497121743857861,-0.001843500416725874
001,3MIDD_048,5,-0.0008425737614743412,-0.0027199138421565294,-0.0009386700403410941,-0.0017812438018154353
001,3MIDD_048,6,-0.0007105934200808406,-0.002687106840312481,-0.0009882567101158202,-0.0016988501301966608
001,3MIDD_048,7,-0.0006111503462307155,-0.0026620703283697367,-0.0010254599910695106,-0.001636610337300226
001,3MIDD_048,8,-0.0005187856149859726,-0.002670521382242441,-0.0010758678836282343,-0.001594653498614207
001,3MIDD_048,9,-0.00043381284922361374,-0.0026963406708091497,-0.001131263910792768,-0.0015650767600163817
001,3MIDD_048,10,-0.0003591218264773488,-0.002712441608309746,-0.0011766598909161985,-0.0015357817173935473
001,3MIDD_048,11,-0.00030034087831154466,-0.002712575253099203,-0.0012061171873938292,-0.0015064580657053739
001,3MIDD_048,12,-0.0002454860950820148,-0.002705492777749896,-0.0012300033413339406,-0.0014754894364159554
001,3MIDD_048,13,-0.00019927643006667495,-0.002699991688132286,-0.0012503576290328056,-0.0014496340590994805
001,3MIDD_048,14,-0.00016148759459611028,-0.0027021686546504498,-0.0012703405300271697,-0.00143182812462328
001,3MIDD_048,15,-0.00012257686466909945,-0.0027083035092800856,-0.001292863322305493,-0.0014154401869745925
001,3MIDD_048,16,-8.138841076288372e-05,-0.0027157936710864305,-0.0013172026301617734,-0.0013985910409246571
001,3MIDD_048,17,-4.766597703564912e-05,-0.0027211762499064207,-0.0013367551364353858,-0.001384421113471035
001,3MIDD_048,18,-1.7780352209229022e-05,-0.002724528079852462,-0.0013533738638216164,-0.0013711542160308454
001,3MIDD_048,19,9.226978363585658e-06,-0.0027288657147437334,-0.0013690463465536595,-0.0013598193681900739
001,3MIDD_048,20,3.413751255720854e-05,-0.0027341917157173157,-0.001384164614137262,-0.0013500271015800536
001,3MIDD_048,21,5.461578621179797e-05,-0.0027414020150899887,-0.0013980089006508933,-0.0013433931144390954
001,3MIDD_048,22,7.427472883136943e-05,-0.002750280313193798,-0.0014122775210125837,-0.0013380027921812143
001,3MIDD_048,23,9.363093704450876e-05,-0.002757348120212555,-0.0014254895286285318,-0.001331858591584023
001,3MIDD_048,24,0.0001108623982872814,-0.0027621129993349314,-0.0014364876988111064,-0.001325625300523825
001,3MIDD_048,25,0.00012632353173103184,-0.0027653290890157223,-0.001445826310373377,-0.0013195027786423452
001,3MIDD_048,26,0.00014028212171979249,-0.0027671658899635077,-0.00145372400584165,-0.0013134418841218576
001,3MIDD_048,27,0.00015304918633773923,-0.0027682005893439054,-0.0014606248878408223,-0.0013075757015030831
001,3MIDD_048,28,0.00016472561401315033,-0.0027695505414158106,-0.0014671380777144805,-0.0013024124637013301
001,3MIDD_048,29,0.00017494382336735725,-0.0027714925818145275,-0.0014732182025909424,-0.0012982743792235851
001,3MIDD_048,30,0.00018355954671278596,-0.002773470710963011,-0.0014785151288378984,-0.0012949555821251124
001,3MIDD_048,31,0.00019151571905240417,-0.0027750611770898104,-0.0014832884480711073,-0.001291772729018703
001,3MIDD_048,32,0.00019923795480281115,-0.002775614382699132,-0.0014874261687509716,-0.0012881882139481604
001,3MIDD_048,33,0.00020658037101384252,-0.002774843480437994,-0.0014907119257259183,-0.0012841315547120757
001,3MIDD_048,34,0.00021248791017569602,-0.002772937761619687,-0.0014927128358976915,-0.0012802249257219955
001,3MIDD_048,35,0.00021792038751300424,-0.0027704613748937845,-0.0014941908812033944,-0.0012762704936903901
001,3MIDD_048,36,0.00022317838738672435,-0.0027678452897816896,-0.001495511838584207,-0.0012723334511974826
001,3MIDD_048,37,0.00022845879720989615,-0.0027651418931782246,-0.0014968003451940604,-0.0012683415479841642
001,3MIDD_048,38,0.00023381815117318183,-0.0027623989153653383,-0.00149810853326926,-0.0012642903820960782
001,3MIDD_048,39,0.00023897446226328611,-0.0027595364954322577,-0.0014992554788477719,-0.0012602810165844858
001,3MIDD_048,40,0.0002440734242554754,-0.0027568312361836433,-0.0015004523302195594,-0.001256378905964084
001,3MIDD_048,41,0.0002493261417839676,-0.0027541739400476217,-0.0015017500409157947,-0.001252423899131827
001,3MIDD_048,42,0.00025452172849327326,-0.0027515690308064222,-0.0015030453796498477,-0.0012485236511565745
001,3MIDD_048,43,0.000259553111391142,-0.002749040024355054,-0.001504296567873098,-0.001244743456481956
001,3MIDD_048,44,0.0002641229657456279,-0.0027465068269521,-0.0015053148963488638,-0.001241191930603236
001,3MIDD_048,45,0.00026846438413485885,-0.0027440213598310947,-0.0015062428719829768,-0.001237778487848118
001,3MIDD_048,46,0.0002726274833548814,-0.0027416080702096224,-0.001507117776782252,-0.0012344902934273705
001,3MIDD_048,47,0.00027665047673508525,-0.002739257412031293,-0.001507953944383189,-0.0012313034676481038
001,3MIDD_048,48,0.0002804728865157813,-0.002737009432166815,-0.001508741159341298,-0.0012282682728255168
001,3MIDD_048,49,0.0002841668901965022,-0.0027348576113581657,-0.001509512250777334,-0.0012253453605808318
001,3MIDD_207,0,-0.006069091614335775,0.007948209531605244,0.0070086505729705095,0.0009395589586347342
001,3MIDD_207,1,-0.006186988204717636,0.008295437321066856,0.007241212762892246,0.0010542245581746101
001,3MIDD_207,2,-0.006165956147015095,0.008645757101476192,0.007405856624245644,0.0012399004772305489
001,3MIDD_207,3,-0.006284174043685198,0.00910792127251625,0.007696047658100724,0.0014118736144155264
001,3MIDD_207,4,-0.006285451352596283,0.009498738683760166,0.007892095018178225,0.0016066436655819416
001,3MIDD_207,5,-0.006248603109270334,0.009830503724515438,0.008039553416892886,0.001790950307622552
001,3MIDD_207,6,-0.006197343114763498,0.010011391714215279,0.008104367414489388,0.0019070242997258902
001,3MIDD_207,7,-0.00618137139827013,0.010103872045874596,0.008142621722072363,0.0019612503238022327
001,3MIDD_207,8,-0.006180381868034601,0.010171107016503811,0.008175744442269206,0.001995362574234605
001,3MIDD_207,9,-0.006187607068568468,0.010233619250357151,0.00821061315946281,0.0020230060908943415
001,3MIDD_207,10,-0.0061964429914951324,0.010304015129804611,0.008250229060649872,0.0020537860691547394
001,3MIDD_207,11,-0.0062091536819934845,0.01038136426359415,0.008295258972793818,0.002086105290800333
001,3MIDD_207,12,-0.006221718154847622,0.010452122427523136,0.008336920291185379,0.002115202136337757
001,3MIDD_207,13,-0.0062417383305728436,0.010508946143090725,0.008375342236831784,0.0021336039062589407
001,3MIDD_207,14,-0.006268166471272707,0.010553696192800999,0.008410931332036853,0.002142764860764146
001,3MIDD_207,15,-0.006303270813077688,0.010586872696876526,0.008445071754977107,0.002141800941899419
001,3MIDD_207,16,-0.006333405617624521,0.010614021681249142,0.008473713649436831,0.0021403080318123102
001,3MIDD_207,17,-0.00635803397744894,0.010640952736139297,0.008499493356794119,0.0021414593793451786
001,3MIDD_207,18,-0.006377726327627897,0.010671282187104225,0.008524504257366061,0.002146777929738164
001,3MIDD_207,19,-0.006392281036823988,0.010702707804739475,0.008547494420781732,0.0021552133839577436
001,3MIDD_207,20,-0.006399359554052353,0.010732562281191349,0.008565960917621851,0.002166601363569498
001,3MIDD_207,21,-0.006403690669685602,0.010762156918644905,0.008582923794165254,0.0021792331244796515
001,3MIDD_207,22,-0.0064070397056639194,0.010796409100294113,0.008601724402979016,0.002194684697315097
001,3MIDD_207,23,-0.00640520267188549,0.010831381194293499,0.008618291933089495,0.0022130892612040043
001,3MIDD_207,24,-0.006398993544280529,0.0108655309304595,0.008632262237370014,0.002233268693089485
001,3MIDD_207,25,-0.006389532703906298,0.010898792184889317,0.008644162444397807,0.0022546297404915094
001,3MIDD_207,26,-0.006378567777574062,0.010930781252682209,0.008654674515128136,0.0022761067375540733
001,3MIDD_207,27,-0.006365859881043434,0.010962883941829205,0.00866437191143632,0.002298512030392885
001,3MIDD_207,28,-0.0063549429178237915,0.010994193144142628,0.00867456803098321,0.002319625113159418
001,3MIDD_207,29,-0.006345108617097139,0.011024684645235538,0.008684896631166339,0.0023397880140691996
001,3MIDD_207,30,-0.006334215868264437,0.011054378934204578,0.008694297401234508,0.002360081532970071
001,3MIDD_207,31,-0.006322620436549187,0.011083777993917465,0.008703199215233326,0.0023805787786841393
001,3MIDD_207,32,-0.006310792174190283,0.011113706044852734,0.008712249109521508,0.0024014569353312254
001,3MIDD_207,33,-0.006299023050814867,0.011143631301820278,0.008721327176317573,0.0024223041255027056
001,3MIDD_207,34,-0.006288081873208284,0.011173436418175697,0.00873075914569199,0.0024426772724837065
001,3MIDD_207,35,-0.0062778363935649395,0.011202947236597538,0.008740391815081239,0.0024625554215162992
001,3MIDD_207,36,-0.00626796018332243,0.011231346987187862,0.008749653585255146,0.0024816934019327164
001,3MIDD_207,37,-0.006258141249418259,0.011259090155363083,0.00875861570239067,0.002500474452972412
001,3MIDD_207,38,-0.0062482827343046665,0.011285652406513691,0.008766967570409179,0.002518684836104512
001,3MIDD_207,39,-0.006238164845854044,0.011311130598187447,0.008774647722020745,0.0025364828761667013
001,3MIDD_207,40,-0.006228358019143343,0.011335841380059719,0.008782099699601531,0.002553741680458188
001,3MIDD_207,41,-0.006218860391527414,0.01135997474193573,0.008789417566731572,0.002570557175204158
001,3MIDD_207,42,-0.00620990339666605,0.011383322067558765,0.008796612732112408,0.0025867093354463577
001,3MIDD_207,43,-0.006201334297657013,0.01140602771192789,0.008803681004792452,0.002602346707135439
001,3MIDD_207,44,-0.006193059030920267,0.01142807211726904,0.008810565574094653,0.002617506543174386
001,3MIDD_207,45,-0.006184748839586973,0.011449332349002361,0.008817040594294667,0.002632291754707694
001,3MIDD_207,46,-0.0061765448190271854,0.011470344848930836,0.00882344483397901,0.002646900014951825
001,3MIDD_207,47,-0.006168644409626722,0.011491073295474052,0.008829858852550387,0.002661214442923665
001,3MIDD_207,48,-0.00616122130304575,0.011511332355439663,0.008836276829242706,0.0026750555261969566
001,3MIDD_207,49,-0.0061540803872048855,0.011530955322086811,0.008842517854645848,0.002688437467440963
001,4MIDD_085_170,0,-0.0027986059430986643,-0.0023589162155985832,0.00021984486375004053,-0.0025787610793486238
001,4MIDD_085_170,1,-0.002793953288346529,-0.002194262808188796,0.0002998452400788665,-0.0024941080482676625
001,4MIDD_085_170,2,-0.0028280371334403753,-0.002062198705971241,0.00038291921373456717,-0.002445117919705808
001,4MIDD_085_170,3,-0.00287145865149796,-0.0019413525005802512,0.00046505307545885444,-0.0024064055760391057
001,4MIDD_085_170,4,-0.0028703748248517513,-0.0017993779620155692,0.0005354984314180911,-0.0023348763934336603
001,4MIDD_085_170,5,-0.0028656513895839453,-0.001669110031798482,0.0005982706788927317,-0.0022673807106912136
001,4MIDD_085_170,6,-0.0028746104799211025,-0.0015833777142688632,0.0006456163828261197,-0.002228994097094983
001,4MIDD_085_170,7,-0.0029213964007794857,-0.0015432509826496243,0.0006890727090649307,-0.002232323691714555
001,4MIDD_085_170,8,-0.0029957739170640707,-0.0015236471081152558,0.0007360634044744074,-0.0022597105125896633
001,4MIDD_085_170,9,-0.0030608470551669598,-0.0015079755103215575,0.0007764357724227011,-0.0022844112827442586
001,4MIDD_085_170,10,-0.003110133809968829,-0.0014873724430799484,0.0008113806834444404,-0.002298753126524389
001,4MIDD_085_170,11,-0.0031503045465797186,-0.0014655779814347625,0.0008423632825724781,-0.0023079412640072405
001,4MIDD_085_170,12,-0.0031759131234139204,-0.0014398846542462707,0.0008680142345838249,-0.0023078988888300955
001,4MIDD_085_170,13,-0.00320428516715765,-0.0014143857406452298,0.0008949497132562101,-0.00230933545390144
001,4MIDD_085_170,14,-0.0032312548719346523,-0.0013935932656750083,0.000918830803129822,-0.0023124240688048303
001,4MIDD_085_170,15,-0.003263157559558749,-0.0013735068496316671,0.000944825354963541,-0.002318332204595208
001,4MIDD_085_170,16,-0.0032949347514659166,-0.0013500303030014038,0.0009724522242322564,-0.0023224825272336602
001,4MIDD_085_170,17,-0.0033241757191717625,-0.0013257346581667662,0.0009992205305024981,-0.0023249551886692643
001,4MIDD_085_170,18,-0.0033485726453363895,-0.0012991261901333928,0.0010247232276014984,-0.002323849417734891
001,4MIDD_085_170,19,-0.0033599212765693665,-0.0012747903820127249,0.0010425654472783208,-0.0023173558292910457
001,4MIDD_085_170,20,-0.0033667038660496473,-0.0012525843922048807,0.0010570597369223833,-0.002309644129127264
001,4MIDD_085_170,21,-0.003373140236362815,-0.0012321717804297805,0.0010704842279665172,-0.0023026560083962977
001,4MIDD_085_170,22,-0.0033791246823966503,-0.001211780123412609,0.0010836722794920206,-0.0022954524029046297
001,4MIDD_085_170,23,-0.003381356131285429,-0.0011922436533495784,0.0010945562389679253,-0.0022867998923175037
001,4MIDD_085_170,24,-0.00338210491463542,-0.0011729530524462461,0.0011045759310945868,-0.002277528983540833
001,4MIDD_085_170,25,-0.0033809186425060034,-0.0011550170602276921,0.0011129507911391556,-0.0022679678513668478
001,4MIDD_085_170,26,-0.0033787363208830357,-0.001136415870860219,0.0011211602250114083,-0.0022575760958716273
001,4MIDD_085_170,27,-0.0033756291959434748,-0.0011176369152963161,0.0011289961403235793,-0.0022466330556198955
001,4MIDD_085_170,28,-0.003371436847373843,-0.0011011972092092037,0.0011351198190823197,-0.0022363170282915235
001,4MIDD_085_170,29,-0.0033654654398560524,-0.0010859373724088073,0.0011397640337236226,-0.00222570140613243
001,4MIDD_085_170,30,-0.0033591685350984335,-0.0010709825437515974,0.001144092995673418,-0.0022150755394250154
001,4MIDD_085_170,31,-0.003352807369083166,-0.0010560788214206696,0.0011483642738312483,-0.002204443095251918
001,4MIDD_085_170,32,-0.0033456129021942616,-0.0010412202682346106,0.0011521963169798255,-0.002193416585214436
001,4MIDD_085_170,33,-0.0033375739585608244,-0.0010261066490784287,0.0011557336547411978,-0.0021818403038196266
001,4MIDD_085_170,34,-0.0033293538726866245,-0.0010106657864525914,0.0011593440431170166,-0.002170009829569608
001,4MIDD_085_170,35,-0.0033211291301995516,-0.0009952351683750749,0.0011629469809122384,-0.0021581821492873132
001,4MIDD_085_170,36,-0.0033132045064121485,-0.0009800001280382276,0.0011666021891869605,-0.002146602317225188
001,4MIDD_085_170,37,-0.003305648220703006,-0.0009653125307522714,0.0011701678449753672,-0.0021354803757276386
001,4MIDD_085_170,38,-0.0032984032295644283,-0.0009508816874586046,0.0011737607710529119,-0.0021246424585115165
001,4MIDD_085_170,39,-0.0032913985196501017,-0.000936345080845058,0.0011775267194025218,-0.00211387180024758
001,4MIDD_085_170,40,-0.003284713951870799,-0.0009218754712492228,0.0011814192403107882,-0.002103294711560011
001,4MIDD_085_170,41,-0.0032784154172986746,-0.0009078063303604722,0.0011853045434691012,-0.0020931108738295734
001,4MIDD_085_170,42,-0.003272514557465911,-0.0008940503466874361,0.0011892321053892374,-0.0020832824520766735
001,4MIDD_085_170,43,-0.0032669357024133205,-0.0008807136327959597,0.0011931110348086804,-0.00207382466760464
001,4MIDD_085_170,44,-0.0032617717515677214,-0.0008677425794303417,0.0011970145860686898,-0.0020647571654990315
001,4MIDD_085_170,45,-0.003256874391809106,-0.0008551503415219486,0.0012008620251435786,-0.0020560123666655272
001,4MIDD_085_170,46,-0.003252270631492138,-0.0008430677116848528,0.0012046014599036425,-0.0020476691715884954
001,4MIDD_085_170,47,-0.003247972112149,-0.000831445911899209,0.0012082631001248956,-0.0020397090120241046
001,4MIDD_085_170,48,-0.003244114574044943,-0.000820409448351711,0.001211852562846616,-0.002032262011198327
001,4MIDD_085_170,49,-0.003240530379116535,-0.000809877528809011,0.001215326425153762,-0.002025203953962773
002,3MIDD_048,0,0.02977558597922325,0.0027825278230011463,-0.013496529078111053,0.0162790569011122
002,3MIDD_048,1,0.030101647600531578,0.0023067020811140537,-0.013897472759708762,0.016204174840822816
002,3MIDD_048,2,0.030187344178557396,0.0020887237042188644,-0.014049310237169266,0.01613803394138813
002,3MIDD_048,3,0.03011668473482132,0.0022544809617102146,-0.013931101886555552,0.016185582848265767
002,3MIDD_048,4,0.029921261593699455,0.002226258162409067,-0.013847501715645194,0.01607375987805426
002,3MIDD_048,5,0.029458794742822647,0.001874897861853242,-0.013791948440484703,0.015666846302337945
002,3MIDD_048,6,0.028965042904019356,0.0014466991415247321,-0.013759171881247312,0.015205871022772044
002,3MIDD_048,7,0.02849743887782097,0.001276991912163794,-0.013610223482828587,0.014887215394992381
002,3MIDD_048,8,0.028199197724461555,0.0013520363718271255,-0.013423580676317215,0.01477561704814434
002,3MIDD_048,9,0.028028663247823715,0.0014657600549980998,-0.013281451596412808,0.014747211651410908
002,3MIDD_048,10,0.027874905616044998,0.00147016323171556,-0.013202371192164719,0.014672534423880279
002,3MIDD_048,11,0.027675267308950424,0.001376576256006956,-0.013149345526471734,0.01452592178247869
002,3MIDD_048,12,0.02741595357656479,0.0012556706788018346,-0.013080141448881477,0.014335812127683312
002,3MIDD_048,13,0.027136581018567085,0.0011558928526937962,-0.012990344082936645,0.01414623693563044
002,3MIDD_048,14,0.026875605806708336,0.001082263421267271,-0.012896671192720532,0.013978934613987803
002,3MIDD_048,15,0.026647474616765976,0.0010248121106997132,-0.012811331253033131,0.013836143363732845
002,3MIDD_048,16,0.02642933838069439,0.0009710699669085443,-0.012729134206892923,0.013700204173801467
002,3MIDD_048,17,0.026187637820839882,0.0009169001132249832,-0.01263536885380745,0.013552268967032433
002,3MIDD_048,18,0.025924459099769592,0.0008560213027521968,-0.012534218898508698,0.013390240201260895
002,3MIDD_048,19,0.02564607374370098,0.0007898363401181996,-0.01242811870179139,0.01321795504190959
002,3MIDD_048,20,0.025358377024531364,0.0007210348267108202,-0.012318671098910272,0.013039705925621092
002,3MIDD_048,21,0.025073258206248283,0.0006509145023301244,-0.01221117185195908,0.012862086354289204
002,3MIDD_048,22,0.02480308711528778,0.0005871151806786656,-0.012107985967304558,0.012695101147983223
002,3MIDD_048,23,0.024548465386033058,0.0005288280081003904,-0.012009818688966334,0.012538646697066724
002,3MIDD_048,24,0.02431637793779373,0.00048592238454148173,-0.011915227776626125,0.012401150161167607
002,3MIDD_048,25,0.02410178817808628,0.0004557307984214276,-0.011823028689832427,0.012278759488253854
002,3MIDD_048,26,0.023902004584670067,0.00043755752267315984,-0.011732223530998453,0.012169781053671613
002,3MIDD_048,27,0.023710642009973526,0.0004223083960823715,-0.011644166806945577,0.012066475203027949
002,3MIDD_048,28,0.023538775742053986,0.0004100191581528634,-0.011564378291950561,0.011974397450103424
002,3MIDD_048,29,0.02338368073105812,0.0004004221991635859,-0.011491629265947267,0.011892051465110853
002,3MIDD_048,30,0.02323663793504238,0.00039582079625688493,-0.011420408569392748,0.011816229365649633
002,3MIDD_048,31,0.023105725646018982,0.000396894320147112,-0.011354415662935935,0.011751309983083047
002,3MIDD_048,32,0.02298669144511223,0.0003996020823251456,-0.011293544681393541,0.011693146763718687
002,3MIDD_048,33,0.022877663373947144,0.00039960528374649584,-0.011239029045100324,0.01163863432884682
002,3MIDD_048,34,0.022776206955313683,0.0003972644335590303,-0.011189471260877326,0.011586735694436356
002,3MIDD_048,35,0.022681627422571182,0.00039564541657455266,-0.011142991002998315,0.011538636419572867
002,3MIDD_048,36,0.022594423964619637,0.00039397491491399705,-0.01110022452485282,0.011494199439766817
002,3MIDD_048,37,0.022509466856718063,0.000391203910112381,-0.011059131473302841,0.011450335383415222
002,3MIDD_048,38,0.022425377741456032,0.0003843370359390974,-0.011020520352758467,0.011404857388697565
002,3MIDD_048,39,0.022346504032611847,0.0003778859681915492,-0.010984309032210149,0.011362195000401698
002,3MIDD_048,40,0.022274557501077652,0.00037256311043165624,-0.010950997195322998,0.011323560305754654
002,3MIDD_048,41,0.022209452465176582,0.0003673824539873749,-0.010921035005594604,0.011288417459581979
002,3MIDD_048,42,0.02214864268898964,0.0003627986880019307,-0.010892922000493854,0.011255720688495785
002,3MIDD_048,43,0.022095870226621628,0.0003588921099435538,-0.010868489058339037,0.01122738116828259
002,3MIDD_048,44,0.02205023728311062,0.00035719326115213335,-0.010846522010979243,0.011203715272131376
002,3MIDD_048,45,0.022010482847690582,0.0003564239596016705,-0.010827029444044456,0.011183453403646126
002,3MIDD_048,46,0.021975716575980186,0.0003560143813956529,-0.010809851097292267,0.01116586547868792
002,3MIDD_048,47,0.021944129839539528,0.0003548974636942148,-0.010794616187922657,0.011149513651616871
002,3MIDD_048,48,0.02191821299493313,0.00035359757021069527,-0.010782307712361217,0.011135905282571912
002,3MIDD_048,49,0.021894752979278564,0.0003510490641929209,-0.010771851957542822,0.011122901021735743
002,3MIDD_207,0,0.027186082676053047,0.02333667315542698,-0.001924704760313034,0.025261377915740013
002,3MIDD_207,1,0.027734849601984024,0.02367912046611309,-0.0020278645679354668,0.025706985034048557
002,3MIDD_207,2,0.02814173698425293,0.023859158158302307,-0.0021412894129753113,0.02600044757127762
002,3MIDD_207,3,0.028046369552612305,0.024279791861772537,-0.0018832888454198837,0.02616308070719242
002,3MIDD_207,4,0.027878912165760994,0.024497417733073235,-0.0016907472163438797,0.026188164949417114
002,3MIDD_207,5,0.027751898393034935,0.024372488260269165,-0.001689705066382885,0.02606219332665205
002,3MIDD_207,6,0.027731159701943398,0.02400149032473564,-0.001864834688603878,0.02586632501333952
002,3MIDD_207,7,0.027729127556085587,0.023604154586791992,-0.002062486484646797,0.02566664107143879
002,3MIDD_207,8,0.02774462103843689,0.02335740253329277,-0.0021936092525720596,0.02555101178586483
002,3MIDD_207,9,0.02777782827615738,0.023388516157865524,-0.0021946560591459274,0.02558317221701145
002,3MIDD_207,10,0.027779104188084602,0.023521851748228073,-0.0021286262199282646,0.025650477968156338
002,3MIDD_207,11,0.02768036723136902,0.02356746792793274,-0.0020564496517181396,0.02562391757965088
002,3MIDD_207,12,0.02751481533050537,0.023461559787392616,-0.0020266277715563774,0.025488187558948994
002,3MIDD_207,13,0.027311034500598907,0.023269833996891975,-0.002020600251853466,0.02529043424874544
002,3MIDD_207,14,0.02711843140423298,0.02308572269976139,-0.002016354352235794,0.025102077051997185
002,3MIDD_207,15,0.026966338977217674,0.02297450415790081,-0.001995917409658432,0.024970421567559242
002,3MIDD_207,16,0.02685059979557991,0.022937927395105362,-0.001956336200237274,0.024894263595342636
002,3MIDD_207,17,0.0267332773655653,0.02289552055299282,-0.0019188784062862396,0.02481439895927906
002,3MIDD_207,18,0.02658052369952202,0.022808697074651718,-0.0018859133124351501,0.02469461038708687
002,3MIDD_207,19,0.026409044861793518,0.022677479311823845,-0.0018657827749848366,0.02454326208680868
002,3MIDD_207,20,0.026235563680529594,0.0225206445902586,-0.001857459545135498,0.024378104135394096
002,3MIDD_207,21,0.026073964312672615,0.022379310801625252,-0.0018473267555236816,0.024226637557148933
002,3MIDD_207,22,0.025932569056749344,0.022258631885051727,-0.0018369685858488083,0.024095600470900536
002,3MIDD_207,23,0.025817666202783585,0.022148657590150833,-0.0018345043063163757,0.02398316189646721
002,3MIDD_207,24,0.02572154812514782,0.022035693749785423,-0.0018429271876811981,0.02387862093746662
002,3MIDD_207,25,0.02562458999454975,0.021920962259173393,-0.001851813867688179,0.023772776126861572
002,3MIDD_207,26,0.025519132614135742,0.021822219714522362,-0.0018484564498066902,0.023670676164329052
002,3MIDD_207,27,0.025409892201423645,0.02173583023250103,-0.0018370309844613075,0.023572861216962337
002,3MIDD_207,28,0.025316637009382248,0.021665053442120552,-0.001825791783630848,0.0234908452257514
002,3MIDD_207,29,0.025248808786273003,0.02160761132836342,-0.001820598728954792,0.02342821005731821
002,3MIDD_207,30,0.025202758610248566,0.02157020941376686,-0.0018162745982408524,0.023386484012007713
002,3MIDD_207,31,0.025163961574435234,0.021534103900194168,-0.001814928837120533,0.0233490327373147
002,3MIDD_207,32,0.025126509368419647,0.021502897143363953,-0.0018118061125278473,0.0233147032558918
002,3MIDD_207,33,0.025077246129512787,0.021467918530106544,-0.0018046637997031212,0.023272582329809666
002,3MIDD_207,34,0.025029491633176804,0.021431535482406616,-0.0017989780753850937,0.02323051355779171
002,3MIDD_207,35,0.02497904747724533,0.021397285163402557,-0.0017908811569213867,0.023188166320323944
002,3MIDD_207,36,0.024926763027906418,0.021368885412812233,-0.0017789388075470924,0.023147824220359325
002,3MIDD_207,37,0.024877600371837616,0.021340833976864815,-0.0017683831974864006,0.023109217174351215
002,3MIDD_207,38,0.02483678050339222,0.02131209708750248,-0.00176234170794487,0.02307443879544735
002,3MIDD_207,39,0.024804143235087395,0.021283291280269623,-0.001760425977408886,0.02304371725767851
002,3MIDD_207,40,0.024781255051493645,0.021261228248476982,-0.0017600134015083313,0.023021241649985313
002,3MIDD_207,41,0.02475968934595585,0.021251384168863297,-0.001754152588546276,0.023005536757409573
002,3MIDD_207,42,0.024740178138017654,0.021251069381833076,-0.001744554378092289,0.022995623759925365
002,3MIDD_207,43,0.024722620844841003,0.02125566452741623,-0.001733478158712387,0.022989142686128616
002,3MIDD_207,44,0.024706946685910225,0.021262532100081444,-0.0017222072929143906,0.022984739392995834
002,3MIDD_207,45,0.024691341444849968,0.021270370110869408,-0.0017104856669902802,0.022980855777859688
002,3MIDD_207,46,0.0246715247631073,0.021283406764268875,-0.0016940589994192123,0.022977465763688087
002,3MIDD_207,47,0.02464427426457405,0.02130170725286007,-0.0016712835058569908,0.02297299075871706
002,3MIDD_207,48,0.024624396115541458,0.021322114393115044,-0.0016511408612132072,0.02297325525432825
002,3MIDD_207,49,0.024609316140413284,0.021347152069211006,-0.001631082035601139,0.022978234104812145
002,4MIDD_085_170,0,0.006967729888856411,0.011542265303432941,0.0022872677072882652,0.009254997596144676
002,4MIDD_085_170,1,0.006999087054282427,0.011658399365842342,0.0023296561557799578,0.009328743210062385
002,4MIDD_085_170,2,0.006894323974847794,0.011638709343969822,0.002372192684561014,0.009266516659408808
002,4MIDD_085_170,3,0.006777629256248474,0.011519224382936954,0.00237079756334424,0.009148426819592714
002,4MIDD_085_170,4,0.006405251566320658,0.011390598490834236,0.002492673462256789,0.008897925028577447
002,4MIDD_085_170,5,0.006005763541907072,0.011378864757716656,0.002686550607904792,0.008692314149811864
002,4MIDD_085_170,6,0.00567740248516202,0.011390400119125843,0.0028564988169819117,0.008533901302143931
002,4MIDD_085_170,7,0.0054824985563755035,0.011459708213806152,0.0029886048287153244,0.008471103385090828
002,4MIDD_085_170,8,0.005382605828344822,0.011606019921600819,0.0031117070466279984,0.00849431287497282
002,4MIDD_085_170,9,0.005328843370079994,0.011813685297966003,0.0032424209639430046,0.008571264334022999
002,4MIDD_085_170,10,0.00528430100530386,0.01201614085584879,0.0033659199252724648,0.008650220930576324
002,4MIDD_085_170,11,0.005214817356318235,0.012159230187535286,0.0034722064156085253,0.00868702377192676
002,4MIDD_085_170,12,0.005061770789325237,0.012198524549603462,0.0035683768801391125,0.00863014766946435
002,4MIDD_085_170,13,0.004848845303058624,0.012177499942481518,0.0036643273197114468,0.008513172622770071
002,4MIDD_085_170,14,0.00465143658220768,0.012127947062253952,0.003738255240023136,0.008389691822230816
002,4MIDD_085_170,15,0.004502707161009312,0.012081125751137733,0.003789209295064211,0.008291916456073523
002,4MIDD_085_170,16,0.004398934077471495,0.012035176157951355,0.00381812104023993,0.008217055117711425
002,4MIDD_085_170,17,0.004305287729948759,0.011980308219790459,0.00383751024492085,0.008142797974869609
002,4MIDD_085_170,18,0.004180848132818937,0.011908993124961853,0.003864072496071458,0.008044920628890395
002,4MIDD_085_170,19,0.0040296227671206,0.011819005943834782,0.003894691588357091,0.00792431435547769
002,4MIDD_085_170,20,0.0038550698664039373,0.011719056405127048,0.003931993269361556,0.007787063135765493
002,4MIDD_085_170,21,0.00368376518599689,0.011618409305810928,0.003967322059907019,0.007651087245903909
002,4MIDD_085_170,22,0.0035289227962493896,0.011524572037160397,0.0039978246204555035,0.007526747416704893
002,4MIDD_085_170,23,0.003388612065464258,0.01144313346594572,0.004027260700240731,0.007415872765704989
002,4MIDD_085_170,24,0.0032593472860753536,0.0113711291924119,0.004055890953168273,0.007315238239243627
002,4MIDD_085_170,25,0.003134429221972823,0.01130322739481926,0.004084399086423218,0.007218828308396041
002,4MIDD_085_170,26,0.00301467627286911,0.011239364743232727,0.0041123442351818085,0.007127020508050919
002,4MIDD_085_170,27,0.002889496274292469,0.011183434166014194,0.004146968945860863,0.007036465220153332
002,4MIDD_085_170,28,0.0027704054955393076,0.011137438006699085,0.004183516255579889,0.006953921751119196
002,4MIDD_085_170,29,0.002660006983205676,0.011095249094069004,0.004217621055431664,0.00687762803863734
002,4MIDD_085_170,30,0.002565939212217927,0.011062231846153736,0.004248146316967905,0.0068140855291858315
002,4MIDD_085_170,31,0.0024846151936799288,0.011038157157599926,0.004276770981959999,0.006761386175639927
002,4MIDD_085_170,32,0.0024107755161821842,0.011018607765436172,0.004303916124626994,0.006714691640809178
002,4MIDD_085_170,33,0.0023419565986841917,0.010998851619660854,0.004328447510488331,0.006670404109172523
002,4MIDD_085_170,34,0.002275997307151556,0.01097802259027958,0.004351012641564012,0.006627009948715568
002,4MIDD_085_170,35,0.0022123183589428663,0.010961939580738544,0.004374810610897839,0.006587128969840705
002,4MIDD_085_170,36,0.0021506415214389563,0.010952030308544636,0.00440069439355284,0.006551335914991796
002,4MIDD_085_170,37,0.0020977710373699665,0.010943790897727013,0.004423009930178523,0.00652078096754849
002,4MIDD_085_170,38,0.00205558561719954,0.010933897458016872,0.004439155920408666,0.006494741537608206
002,4MIDD_085_170,39,0.002017783932387829,0.010921536013484001,0.004451876040548086,0.006469659972935915
002,4MIDD_085_170,40,0.0019832563120871782,0.010907645337283611,0.0044621945125982165,0.006445450824685395
002,4MIDD_085_170,41,0.0019490070408210158,0.010892635211348534,0.004471814085263759,0.006420821126084775
002,4MIDD_085_170,42,0.0019150375155732036,0.010876769199967384,0.00448086584219709,0.006395903357770294
002,4MIDD_085_170,43,0.0018845160957425833,0.010861269198358059,0.004488376551307738,0.006372892647050321
002,4MIDD_085_170,44,0.0018540590535849333,0.01084816176444292,0.004497051355428994,0.006351110409013927
002,4MIDD_085_170,45,0.0018224259838461876,0.010837751440703869,0.004507662728428841,0.006330088712275028
002,4MIDD_085_170,46,0.0017941290279850364,0.010829616338014603,0.004517743655014783,0.0063118726829998195
002,4MIDD_085_170,47,0.0017696802970021963,0.010822146199643612,0.004526232951320708,0.006295913248322904
002,4MIDD_085_170,48,0.0017483895644545555,0.010816851630806923,0.004534231033176184,0.006282620597630739
002,4MIDD_085_170,49,0.001728564384393394,0.010814806446433067,0.004543121031019837,0.006271685415413231
003,3MIDD_048,0,0.042627330869436264,-0.022931642830371857,-0.03277948684990406,0.009847844019532204
003,3MIDD_048,1,0.04230211302638054,-0.023019123822450638,-0.03266061842441559,0.00964149460196495
003,3MIDD_048,2,0.042063936591148376,-0.023072317242622375,-0.032568126916885376,0.009495809674263
003,3MIDD_048,3,0.042163290083408356,-0.022912293672561646,-0.032537791877985,0.009625498205423355
003,3MIDD_048,4,0.04238259419798851,-0.022571096196770668,-0.03247684519737959,0.009905749000608921
003,3MIDD_048,5,0.042454034090042114,-0.02217276580631733,-0.03231339994817972,0.010140634141862392
003,3MIDD_048,6,0.042248282581567764,-0.021750232204794884,-0.031999257393181324,0.01024902518838644
003,3MIDD_048,7,0.041891101747751236,-0.021277301013469696,-0.031584201380610466,0.01030690036714077
003,3MIDD_048,8,0.04157712683081627,-0.02078433893620968,-0.031180732883512974,0.010396393947303295
003,3MIDD_048,9,0.04137532040476799,-0.02034800313413143,-0.03086166176944971,0.01051365863531828
003,3MIDD_048,10,0.04124827682971954,-0.02003714255988598,-0.03064270969480276,0.010605567134916782
003,3MIDD_048,11,0.0411260761320591,-0.01983385533094406,-0.03047996573150158,0.010646110400557518
003,3MIDD_048,12,0.04099031165242195,-0.01969708316028118,-0.030343697406351566,0.010646614246070385
003,3MIDD_048,13,0.040852513164281845,-0.01959380693733692,-0.030223160050809383,0.010629353113472462
003,3MIDD_048,14,0.040749430656433105,-0.01952080801129341,-0.03013511933386326,0.010614311322569847
003,3MIDD_048,15,0.04067597538232803,-0.019482068717479706,-0.03007902204990387,0.010596953332424164
003,3MIDD_048,16,0.04062226414680481,-0.019475653767585754,-0.030048958957195282,0.010573305189609528
003,3MIDD_048,17,0.040574416518211365,-0.019504478201270103,-0.030039447359740734,0.01053496915847063
003,3MIDD_048,18,0.04052820801734924,-0.019552094861865044,-0.030040151439607143,0.0104880565777421
003,3MIDD_048,19,0.04049022123217583,-0.0196097269654274,-0.030049974098801613,0.010440247133374214
003,3MIDD_048,20,0.04046398028731346,-0.019671866670250893,-0.030067923478782177,0.010396056808531284
003,3MIDD_048,21,0.040444254875183105,-0.01974181830883026,-0.030093036592006683,0.010351218283176422
003,3MIDD_048,22,0.040426015853881836,-0.019820990040898323,-0.03012350294739008,0.010302512906491756
003,3MIDD_048,23,0.04041101038455963,-0.019909849390387535,-0.030160429887473583,0.010250580497086048
003,3MIDD_048,24,0.04039907455444336,-0.019998881965875626,-0.030198978260159492,0.010200096294283867
003,3MIDD_048,25,0.04038993641734123,-0.020079627633094788,-0.03023478202521801,0.010155154392123222
003,3MIDD_048,26,0.04038120433688164,-0.020147331058979034,-0.030264267697930336,0.010116936638951302
003,3MIDD_048,27,0.04037172719836235,-0.020204659551382065,-0.030288193374872208,0.010083533823490143
003,3MIDD_048,28,0.04036218300461769,-0.020252158865332603,-0.030307170934975147,0.010055012069642544
003,3MIDD_048,29,0.040350541472435,-0.020290538668632507,-0.030320540070533752,0.010030001401901245
003,3MIDD_048,30,0.04033799469470978,-0.0203201025724411,-0.03032904863357544,0.010008946061134338
003,3MIDD_048,31,0.04032651335000992,-0.02034260518848896,-0.03033455926924944,0.009991954080760479
003,3MIDD_048,32,0.040316950529813766,-0.020360207185149193,-0.03033857885748148,0.009978371672332287
003,3MIDD_048,33,0.040310271084308624,-0.020374635234475136,-0.03034245315939188,0.009967817924916744
003,3MIDD_048,34,0.04030419886112213,-0.020387299358844757,-0.030345749109983444,0.009958449751138687
003,3MIDD_048,35,0.040298473089933395,-0.02039889432489872,-0.030348683707416058,0.009949789382517338
003,3MIDD_048,36,0.04029247164726257,-0.02041049301624298,-0.030351482331752777,0.009940989315509796
003,3MIDD_048,37,0.04028669372200966,-0.02042156085371971,-0.030354127287864685,0.009932566434144974
003,3MIDD_048,38,0.040281351655721664,-0.0204326044768095,-0.030356978066265583,0.009924373589456081
003,3MIDD_048,39,0.04027649015188217,-0.020443884655833244,-0.030360187403857708,0.009916302748024464
003,3MIDD_048,40,0.04027199372649193,-0.020455440506339073,-0.0303637171164155,0.009908276610076427
003,3MIDD_048,41,0.04026788845658302,-0.020466528832912445,-0.030367208644747734,0.009900679811835289
003,3MIDD_048,42,0.04026452451944351,-0.020477483049035072,-0.030371003784239292,0.00989352073520422
003,3MIDD_048,43,0.040261633694171906,-0.02048799768090248,-0.030374815687537193,0.009886818006634712
003,3MIDD_048,44,0.04025918245315552,-0.020497841760516167,-0.030378512106835842,0.009880670346319675
003,3MIDD_048,45,0.04025730490684509,-0.020507030189037323,-0.030382167547941208,0.009875137358903885
003,3MIDD_048,46,0.0402560792863369,-0.020515108481049538,-0.030385593883693218,0.00987048540264368
003,3MIDD_048,47,0.04025544598698616,-0.020522110164165497,-0.03038877807557583,0.009866667911410332
003,3MIDD_048,48,0.040255412459373474,-0.02052813395857811,-0.030391773208975792,0.009863639250397682
003,3MIDD_048,49,0.040255844593048096,-0.020533135160803795,-0.030394489876925945,0.00986135471612215
003,3MIDD_207,0,0.025813980028033257,0.04571682587265968,0.009951422922313213,0.03576540295034647
003,3MIDD_207,1,0.024478022009134293,0.04542476311326027,0.010473370552062988,0.03495139256119728
003,3MIDD_207,2,0.023336106911301613,0.04536218196153641,0.011013037525117397,0.03434914443641901
003,3MIDD_207,3,0.021315736696124077,0.04631442576646805,0.012499344535171986,0.03381508123129606
003,3MIDD_207,4,0.019662534818053246,0.047405291348695755,0.013871378265321255,0.0335339130833745
003,3MIDD_207,5,0.018731292337179184,0.048288483172655106,0.01477859541773796,0.033509887754917145
003,3MIDD_207,6,0.018644828349351883,0.04881782457232475,0.015086498111486435,0.03373132646083832
003,3MIDD_207,7,0.01859932206571102,0.049026019871234894,0.015213348902761936,0.03381267096847296
003,3MIDD_207,8,0.01861727610230446,0.049192752689123154,0.015287738293409348,0.033905014395713806
003,3MIDD_207,9,0.018553007394075394,0.04931313917040825,0.015380065888166428,0.03393307328224182
003,3MIDD_207,10,0.01852799393236637,0.04948415607213974,0.015478081069886684,0.034006075002253056
003,3MIDD_207,11,0.01853533461689949,0.049723315984010696,0.015593990683555603,0.03412932530045509
003,3MIDD_207,12,0.018622446805238724,0.05001061409711838,0.015694083645939827,0.03431653045117855
003,3MIDD_207,13,0.018742945045232773,0.05024966970086098,0.015753362327814102,0.034496307373046875
003,3MIDD_207,14,0.018852878361940384,0.05045182630419731,0.015799473971128464,0.03465235233306885
003,3MIDD_207,15,0.01891789771616459,0.05060656741261482,0.015844334848225117,0.034762232564389706
003,3MIDD_207,16,0.018938153982162476,0.05074484273791313,0.015903344377875328,0.034841498360037804
003,3MIDD_207,17,0.01893424428999424,0.0508621521294117,0.01596395391970873,0.03489819820970297
003,3MIDD_207,18,0.018935374915599823,0.05096790939569473,0.016016267240047455,0.03495164215564728
003,3MIDD_207,19,0.01894255541265011,0.05105973407626152,0.016058589331805706,0.035001144744455814
003,3MIDD_207,20,0.01895035244524479,0.05113116279244423,0.01609040517359972,0.03504075761884451
003,3MIDD_207,21,0.01894884929060936,0.05119135230779648,0.01612125150859356,0.03507010079920292
003,3MIDD_207,22,0.018939966335892677,0.051242534071207047,0.016151283867657185,0.03509125020354986
003,3MIDD_207,23,0.018923817202448845,0.05129479244351387,0.016185487620532513,0.03510930482298136
003,3MIDD_207,24,0.0189067292958498,0.05135337635874748,0.01622332353144884,0.03513005282729864
003,3MIDD_207,25,0.018891222774982452,0.05140478536486626,0.016256781294941902,0.035148004069924355
003,3MIDD_207,26,0.01887713000178337,0.051455058157444,0.016288964077830315,0.035166094079613686
003,3MIDD_207,27,0.018862005323171616,0.051500555127859116,0.01631927490234375,0.035181280225515366
003,3MIDD_207,28,0.018842779099941254,0.051546528935432434,0.01635187491774559,0.035194654017686844
003,3MIDD_207,29,0.018822338432073593,0.051588647067546844,0.016383154317736626,0.03520549274981022
003,3MIDD_207,30,0.018800728023052216,0.05163014680147171,0.016414709389209747,0.03521543741226196
003,3MIDD_207,31,0.01877984218299389,0.051669079810380936,0.016444618813693523,0.03522446099668741
003,3MIDD_207,32,0.01876380853354931,0.051703907549381256,0.016470049507915974,0.03523385804146528
003,3MIDD_207,33,0.018748002126812935,0.0517374612390995,0.016494729556143284,0.03524273168295622
003,3MIDD_207,34,0.018731877207756042,0.051768235862255096,0.016518179327249527,0.03525005653500557
003,3MIDD_207,35,0.018713507801294327,0.05179676413536072,0.016541628167033195,0.03525513596832752
003,3MIDD_207,36,0.018693480640649796,0.05182497948408127,0.016565749421715736,0.03525923006236553
003,3MIDD_207,37,0.018671803176403046,0.051851753145456314,0.016589974984526634,0.03526177816092968
003,3MIDD_207,38,0.018649382516741753,0.05187870189547539,0.016614659689366817,0.03526404220610857
003,3MIDD_207,39,0.01862632855772972,0.051904235035181046,0.016638953238725662,0.03526528179645538
003,3MIDD_207,40,0.018604034557938576,0.051930248737335205,0.016663107089698315,0.03526714164763689
003,3MIDD_207,41,0.018580561503767967,0.05195687711238861,0.016688157804310322,0.03526871930807829
003,3MIDD_207,42,0.018555309623479843,0.051985058933496475,0.016714874655008316,0.03527018427848816
003,3MIDD_207,43,0.01852884329855442,0.05201238766312599,0.016741772182285786,0.035270615480840206
003,3MIDD_207,44,0.018502607941627502,0.052041325718164444,0.01676935888826847,0.03527196682989597
003,3MIDD_207,45,0.018477406352758408,0.05206902697682381,0.0167958103120327,0.03527321666479111
003,3MIDD_207,46,0.018454523757100105,0.05209451541304588,0.01681999582797289,0.035274519585072994
003,3MIDD_207,47,0.018433379009366035,0.05211764946579933,0.016842135228216648,0.035275514237582684
003,3MIDD_207,48,0.018413837999105453,0.052138201892375946,0.016862181946635246,0.0352760199457407
003,3MIDD_207,49,0.018396077677607536,0.052156902849674225,0.016880412586033344,0.03527649026364088
003,4MIDD_085_170,0,0.015958242118358612,0.03775801882147789,0.010899888351559639,0.02685813046991825
003,4MIDD_085_170,1,0.015160728245973587,0.037034306675195694,0.010936789214611053,0.02609751746058464
003,4MIDD_085_170,2,0.014482914470136166,0.03665987774729729,0.01108848163858056,0.025571396108716726
003,4MIDD_085_170,3,0.013934395276010036,0.03627746179699898,0.01117153326049447,0.025105928536504507
003,4MIDD_085_170,4,0.01331522036343813,0.03595898672938347,0.01132188318297267,0.0246371035464108
003,4MIDD_085_170,5,0.012840795330703259,0.035882409662008286,0.011520807165652514,0.024361602496355772
003,4MIDD_085_170,6,0.01254213135689497,0.03597007691860199,0.01171397278085351,0.02425610413774848
003,4MIDD_085_170,7,0.01224693562835455,0.035910725593566895,0.011831894982606173,0.024078830610960722
003,4MIDD_085_170,8,0.011988814920186996,0.03577272221446037,0.011891953647136688,0.023880768567323685
003,4MIDD_085_170,9,0.011823621578514576,0.03556796535849571,0.011872171889990568,0.023695793468505144
003,4MIDD_085_170,10,0.011749496683478355,0.035380151122808456,0.01181532721966505,0.023564823903143406
003,4MIDD_085_170,11,0.01173391193151474,0.035247478634119034,0.011756783351302147,0.023490695282816887
003,4MIDD_085_170,12,0.011716697365045547,0.035153742879629135,0.011718522757291794,0.02343522012233734
003,4MIDD_085_170,13,0.011699626222252846,0.03504732623696327,0.011673850007355213,0.02337347622960806
003,4MIDD_085_170,14,0.011688911356031895,0.03492531180381775,0.011618200223892927,0.023307111579924822
003,4MIDD_085_170,15,0.011681311763823032,0.03480689227581024,0.011562790255993605,0.023244102019816637
003,4MIDD_085_170,16,0.011691376566886902,0.034713443368673325,0.011511033400893211,0.023202409967780113
003,4MIDD_085_170,17,0.0117016127333045,0.034643832594156265,0.011471109930425882,0.023172722663730383
003,4MIDD_085_170,18,0.011703894473612309,0.03458626940846443,0.011441187467426062,0.02314508194103837
003,4MIDD_085_170,19,0.011697370558977127,0.03454366326332092,0.011423146352171898,0.023120516911149025
003,4MIDD_085_170,20,0.011678974144160748,0.03451976552605629,0.011420395690947771,0.02309936983510852
003,4MIDD_085_170,21,0.011655704118311405,0.03451545536518097,0.011429875623434782,0.023085579741746187
003,4MIDD_085_170,22,0.011630726046860218,0.03452391177415848,0.01144659286364913,0.023077318910509348
003,4MIDD_085_170,23,0.011603521183133125,0.034536827355623245,0.01146665308624506,0.023070174269378185
003,4MIDD_085_170,24,0.011572721414268017,0.034551676362752914,0.011489477474242449,0.023062198888510466
003,4MIDD_085_170,25,0.011535623110830784,0.03456694632768631,0.011515661608427763,0.023051284719258547
003,4MIDD_085_170,26,0.011491505429148674,0.03457815572619438,0.011543325148522854,0.023034830577671528
003,4MIDD_085_170,27,0.01144206803292036,0.034585077315568924,0.011571504641324282,0.023013572674244642
003,4MIDD_085_170,28,0.011385937221348286,0.03459100052714348,0.011602531652897596,0.022988468874245882
003,4MIDD_085_170,29,0.011325865983963013,0.034593697637319565,0.011633915826678276,0.02295978181064129
003,4MIDD_085_170,30,0.011267868801951408,0.03459396958351135,0.011663050390779972,0.02293091919273138
003,4MIDD_085_170,31,0.011214188300073147,0.03459108620882034,0.011688448954373598,0.022902637254446745
003,4MIDD_085_170,32,0.011164928786456585,0.034584902226924896,0.011709986720234156,0.02287491550669074
003,4MIDD_085_170,33,0.011122091673314571,0.03457671031355858,0.011727309320122004,0.022849400993436575
003,4MIDD_085_170,34,0.011086353100836277,0.034567151218652725,0.011740399058908224,0.0228267521597445
003,4MIDD_085_170,35,0.011055571027100086,0.034555260092020035,0.011749844532459974,0.02280541555956006
003,4MIDD_085_170,36,0.011030021123588085,0.03454291820526123,0.011756448540836573,0.022786469664424658
003,4MIDD_085_170,37,0.011009166948497295,0.034532058984041214,0.01176144601777196,0.022770612966269255
003,4MIDD_085_170,38,0.010993611998856068,0.034522201865911484,0.011764294933527708,0.022757906932383776
003,4MIDD_085_170,39,0.010981901548802853,0.03451351076364517,0.01176580460742116,0.022747706156224012
003,4MIDD_085_170,40,0.010974445380270481,0.03450620919466019,0.011765881907194853,0.022740327287465334
003,4MIDD_085_170,41,0.010969656519591808,0.03450016677379608,0.011765255127102137,0.022734911646693945
003,4MIDD_085_170,42,0.010966358706355095,0.034494951367378235,0.01176429633051157,0.022730655036866665
003,4MIDD_085_170,43,0.010964445769786835,0.03449045494198799,0.011763004586100578,0.022727450355887413
003,4MIDD_085_170,44,0.010963791981339455,0.0344870425760746,0.011761625297367573,0.022725417278707027
003,4MIDD_085_170,45,0.010964118875563145,0.03448472544550896,0.011760303284972906,0.02272442216053605
003,4MIDD_085_170,46,0.010965026915073395,0.03448329493403435,0.011759134009480476,0.02272416092455387
003,4MIDD_085_170,47,0.010966408997774124,0.03448260575532913,0.011758098378777504,0.022724507376551628
003,4MIDD_085_170,48,0.010968024842441082,0.03448252007365227,0.011757247615605593,0.022725272458046675
003,4MIDD_085_170,49,0.010969781316816807,0.03448278829455376,0.011756503488868475,0.022726284805685282
004,3MIDD_048,0,-0.017307892441749573,-0.02202337421476841,-0.0023577408865094185,-0.01966563332825899
004,3MIDD_048,1,-0.016897788271307945,-0.02282702922821045,-0.002964620478451252,-0.019862408749759197
004,3MIDD_048,2,-0.015056337229907513,-0.023307351395487785,-0.004125507082790136,-0.01918184431269765
004,3MIDD_048,3,-0.01340087316930294,-0.02434556744992733,-0.005472347140312195,-0.018873220309615135
004,3MIDD_048,4,-0.012324332259595394,-0.024977147579193115,-0.0063264076597988605,-0.018650739919394255
004,3MIDD_048,5,-0.011992384679615498,-0.02494410052895546,-0.006475857924669981,-0.01846824260428548
004,3MIDD_048,6,-0.011862430721521378,-0.024570969864726067,-0.0063542695716023445,-0.018216700293123722
004,3MIDD_048,7,-0.0119619844481349,-0.02422596700489521,-0.0061319912783801556,-0.018093975726515055
004,3MIDD_048,8,-0.012031071819365025,-0.02387511357665062,-0.0059220208786427975,-0.017953092698007822
004,3MIDD_048,9,-0.012138016521930695,-0.023557649925351143,-0.005709816701710224,-0.01784783322364092
004,3MIDD_048,10,-0.012347975745797157,-0.023195764049887657,-0.00542389415204525,-0.017771869897842407
004,3MIDD_048,11,-0.012418592348694801,-0.022751158103346825,-0.005166282877326012,-0.017584875226020813
004,3MIDD_048,12,-0.012345658615231514,-0.02224155329167843,-0.004947947338223457,-0.01729360595345497
004,3MIDD_048,13,-0.012422804720699787,-0.021927814930677414,-0.004752505104988813,-0.0171753098256886
004,3MIDD_048,14,-0.012723238207399845,-0.021736551076173782,-0.004506656434386969,-0.017229894641786814
004,3MIDD_048,15,-0.012937069870531559,-0.021519063040614128,-0.0042909965850412846,-0.017228066455572844
004,3MIDD_048,16,-0.013130571693181992,-0.02127516269683838,-0.004072295501828194,-0.017202867195010185
004,3MIDD_048,17,-0.013378454372286797,-0.020980846136808395,-0.0038011958822607994,-0.017179650254547596
004,3MIDD_048,18,-0.013677011243999004,-0.020689338445663452,-0.003506163600832224,-0.017183174844831228
004,3MIDD_048,19,-0.013922270387411118,-0.020420297980308533,-0.0032490137964487076,-0.017171284183859825
004,3MIDD_048,20,-0.014116836711764336,-0.02008618228137493,-0.002984672784805298,-0.017101509496569633
004,3MIDD_048,21,-0.014349225908517838,-0.019755274057388306,-0.002703024074435234,-0.01705224998295307
004,3MIDD_048,22,-0.014636826701462269,-0.019406193867325783,-0.002384683582931757,-0.017021510284394026
004,3MIDD_048,23,-0.014895414933562279,-0.019002625718712807,-0.002053605392575264,-0.016949020326137543
004,3MIDD_048,24,-0.015125008299946785,-0.018562795594334602,-0.0017188936471939087,-0.016843901947140694
004,3MIDD_048,25,-0.015349013730883598,-0.018118513748049736,-0.0013847500085830688,-0.016733763739466667
004,3MIDD_048,26,-0.015566418878734112,-0.01771262101829052,-0.001073101069778204,-0.016639519948512316
004,3MIDD_048,27,-0.015789521858096123,-0.017300471663475037,-0.0007554749026894569,-0.01654499676078558
004,3MIDD_048,28,-0.01605917327105999,-0.016922414302825928,-0.0004316205158829689,-0.01649079378694296
004,3MIDD_048,29,-0.016351070255041122,-0.016528625041246414,-8.877739310264587e-05,-0.01643984764814377
004,3MIDD_048,30,-0.016649024561047554,-0.01620630919933319,0.00022135768085718155,-0.016427666880190372
004,3MIDD_048,31,-0.016938254237174988,-0.015865543857216835,0.0005363551899790764,-0.01640189904719591
004,3MIDD_048,32,-0.01724422723054886,-0.015478127636015415,0.0008830497972667217,-0.016361177433282137
004,3MIDD_048,33,-0.01759776473045349,-0.015043208375573158,0.0012772781774401665,-0.016320486553013325
004,3MIDD_048,34,-0.017917107790708542,-0.014586367644369602,0.0016653700731694698,-0.016251737717539072
004,3MIDD_048,35,-0.018226351588964462,-0.014141702093183994,0.002042324747890234,-0.01618402684107423
004,3MIDD_048,36,-0.018548987805843353,-0.013694033958017826,0.0024274769239127636,-0.01612151088193059
004,3MIDD_048,37,-0.018942469730973244,-0.013252547942101955,0.002844960894435644,-0.0160975088365376
004,3MIDD_048,38,-0.019339611753821373,-0.012904058210551739,0.003217776771634817,-0.016121834982186556
004,3MIDD_048,39,-0.019763367250561714,-0.012590241618454456,0.003586562816053629,-0.016176804434508085
004,3MIDD_048,40,-0.020179230719804764,-0.012298224493861198,0.003940503112971783,-0.01623872760683298
004,3MIDD_048,41,-0.02059962972998619,-0.01204666867852211,0.00427648052573204,-0.01632314920425415
004,3MIDD_048,42,-0.02101469784975052,-0.011821845546364784,0.004596426151692867,-0.01641827169805765
004,3MIDD_048,43,-0.02142353355884552,-0.011626290157437325,0.004898621700704098,-0.016524911858141422
004,3MIDD_048,44,-0.02183951437473297,-0.011458147317171097,0.005190683528780937,-0.016648830845952034
004,3MIDD_048,45,-0.0222599096596241,-0.011313003487884998,0.005473453085869551,-0.01678645657375455
004,3MIDD_048,46,-0.022706609219312668,-0.011163568124175072,0.005771520547568798,-0.01693508867174387
004,3MIDD_048,47,-0.0231771357357502,-0.011017194017767906,0.006079970858991146,-0.017097164876759052
004,3MIDD_048,48,-0.02364429645240307,-0.010890972800552845,0.006376661825925112,-0.017267634626477957
004,3MIDD_048,49,-0.02413373999297619,-0.010780472308397293,0.006676633842289448,-0.01745710615068674
004,3MIDD_207,0,-0.03876622021198273,-0.016233405098319054,0.011266407556831837,-0.02749981265515089
004,3MIDD_207,1,-0.03758220747113228,-0.016936970874667168,0.010322618298232555,-0.027259589172899723
004,3MIDD_207,2,-0.03593660518527031,-0.015310494229197502,0.010313055478036404,-0.025623549707233906
004,3MIDD_207,3,-0.03507772088050842,-0.013386445119976997,0.010845637880265713,-0.02423208300024271
004,3MIDD_207,4,-0.03296709060668945,-0.010950225405395031,0.011008432600647211,-0.021958658006042242
004,3MIDD_207,5,-0.030223552137613297,-0.007654968183487654,0.011284291977062821,-0.018939260160550475
004,3MIDD_207,6,-0.0288944523781538,-0.005413390230387449,0.011740531073883176,-0.017153921304270625
004,3MIDD_207,7,-0.02954963967204094,-0.0055282325483858585,0.01201070356182754,-0.0175389361102134
004,3MIDD_207,8,-0.030110511928796768,-0.006317929830402136,0.011896291049197316,-0.018214220879599452
004,3MIDD_207,9,-0.02973167411983013,-0.007001655641943216,0.011365009238943458,-0.018366664880886674
004,3MIDD_207,10,-0.029468903318047523,-0.007884685881435871,0.010792108718305826,-0.018676794599741697
004,3MIDD_207,11,-0.028611568734049797,-0.008096893317997456,0.01025733770802617,-0.018354231026023626
004,3MIDD_207,12,-0.027273301035165787,-0.007233981974422932,0.010019659530371428,-0.01725364150479436
004,3MIDD_207,13,-0.02662038989365101,-0.00604549515992403,0.01028744736686349,-0.01633294252678752
004,3MIDD_207,14,-0.02638731338083744,-0.005011781118810177,0.010687766131013632,-0.01569954724982381
004,3MIDD_207,15,-0.02574993297457695,-0.0037755430676043034,0.010987194953486323,-0.014762738021090627
004,3MIDD_207,16,-0.02512413263320923,-0.0026823438238352537,0.011220894404686987,-0.013903238228522241
004,3MIDD_207,17,-0.025163929909467697,-0.002246847376227379,0.01145854126662016,-0.013705388642847538
004,3MIDD_207,18,-0.025582676753401756,-0.0024451413191854954,0.01156876771710813,-0.014013909036293626
004,3MIDD_207,19,-0.025757234543561935,-0.0026518048252910376,0.011552714859135449,-0.014204519684426486
004,3MIDD_207,20,-0.025779737159609795,-0.002982549136504531,0.011398594011552632,-0.014381143148057163
004,3MIDD_207,21,-0.025736792013049126,-0.003204924752935767,0.01126593363005668,-0.014470858382992446
004,3MIDD_207,22,-0.025170056149363518,-0.0028834007680416107,0.011143327690660954,-0.014026728458702564
004,3MIDD_207,23,-0.024497559294104576,-0.0021183474455028772,0.01118960592430085,-0.013307953369803727
004,3MIDD_207,24,-0.024231741204857826,-0.001236943993717432,0.011497398605570197,-0.012734342599287629
004,3MIDD_207,25,-0.024122046306729317,-0.000269949872745201,0.011926048216992058,-0.012195998089737259
004,3MIDD_207,26,-0.023830067366361618,0.0007194849313236773,0.012274776148842648,-0.01155529121751897
004,3MIDD_207,27,-0.023712821304798126,0.0014364441158249974,0.012574632710311562,-0.011138188594486564
004,3MIDD_207,28,-0.023920930922031403,0.0017271020915359259,0.012824016506783664,-0.011096914415247738
004,3MIDD_207,29,-0.024235257878899574,0.0017861209344118834,0.013010689406655729,-0.011224568472243845
004,3MIDD_207,30,-0.0244580265134573,0.0017276968574151397,0.013092861685436219,-0.01136516482802108
004,3MIDD_207,31,-0.024662738665938377,0.001595398411154747,0.013129068538546562,-0.011533670127391815
004,3MIDD_207,32,-0.024620268493890762,0.0016357796266674995,0.013128024060279131,-0.011492244433611631
004,3MIDD_207,33,-0.02427157387137413,0.001969855511561036,0.013120714691467583,-0.011150859179906547
004,3MIDD_207,34,-0.024024179205298424,0.0024158903397619724,0.013220034772530198,-0.010804144432768226
004,3MIDD_207,35,-0.023940149694681168,0.0028490996919572353,0.013394624693319201,-0.010545525001361966
004,3MIDD_207,36,-0.023868076503276825,0.0033334968611598015,0.013600786682218313,-0.010267289821058512
004,3MIDD_207,37,-0.02373095229268074,0.0037732396740466356,0.013752095983363688,-0.009978856309317052
004,3MIDD_207,38,-0.023690473288297653,0.004005103372037411,0.013847788330167532,-0.009842684958130121
004,3MIDD_207,39,-0.023800697177648544,0.004009553696960211,0.013905125437304378,-0.009895571740344167
004,3MIDD_207,40,-0.023960255086421967,0.003928225487470627,0.013944240286946297,-0.01001601479947567
004,3MIDD_207,41,-0.024122577160596848,0.0037516700103878975,0.013937123585492373,-0.010185453575104475
004,3MIDD_207,42,-0.024283256381750107,0.0035468440037220716,0.01391505019273609,-0.010368206189014018
004,3MIDD_207,43,-0.024316251277923584,0.003484175307676196,0.01390021329279989,-0.010416037985123694
004,3MIDD_207,44,-0.02422434650361538,0.0035662606824189425,0.013895303593017161,-0.010329042910598218
004,3MIDD_207,45,-0.024083709344267845,0.003706701099872589,0.013895205222070217,-0.010188504122197628
004,3MIDD_207,46,-0.023992666974663734,0.003882625140249729,0.013937646057456732,-0.010055020917207003
004,3MIDD_207,47,-0.023952694609761238,0.0040690419264137745,0.014010868268087506,-0.009941826341673732
004,3MIDD_207,48,-0.023967193439602852,0.0042136297561228275,0.01409041159786284,-0.009876781841740012
004,3MIDD_207,49,-0.024012243375182152,0.004248589742928743,0.014130416559055448,-0.009881826816126704
004,4MIDD_085_170,0,-0.01981463097035885,-0.029349198564887047,-0.004767283797264099,-0.024581914767622948
004,4MIDD_085_170,1,-0.019448354840278625,-0.028921104967594147,-0.004736375063657761,-0.024184729903936386
004,4MIDD_085_170,2,-0.018792442977428436,-0.028609277680516243,-0.004908417351543903,-0.02370086032897234
004,4MIDD_085_170,3,-0.018933607265353203,-0.028631456196308136,-0.004848924465477467,-0.02378253173083067
004,4MIDD_085_170,4,-0.01878274418413639,-0.02791484445333481,-0.004566050134599209,-0.0233487943187356
004,4MIDD_085_170,5,-0.017951522022485733,-0.026555079966783524,-0.004301778972148895,-0.02225330099463463
004,4MIDD_085_170,6,-0.017361078411340714,-0.025684919208288193,-0.00416192039847374,-0.021522998809814453
004,4MIDD_085_170,7,-0.017072245478630066,-0.025389816612005234,-0.004158785566687584,-0.02123103104531765
004,4MIDD_085_170,8,-0.016569893807172775,-0.025168683379888535,-0.00429939478635788,-0.020869288593530655
004,4MIDD_085_170,9,-0.015958286821842194,-0.02494027279317379,-0.004490992985665798,-0.020449279807507992
004,4MIDD_085_170,10,-0.015763968229293823,-0.024782799184322357,-0.004509415477514267,-0.02027338370680809
004,4MIDD_085_170,11,-0.015660418197512627,-0.024292128160595894,-0.004315854981541634,-0.01997627317905426
004,4MIDD_085_170,12,-0.015324428677558899,-0.02345425635576248,-0.004064913839101791,-0.01938934251666069
004,4MIDD_085_170,13,-0.015110078267753124,-0.022773129865527153,-0.0038315257988870144,-0.01894160406664014
004,4MIDD_085_170,14,-0.015123450197279453,-0.022439004853367805,-0.003657777328044176,-0.01878122752532363
004,4MIDD_085_170,15,-0.015039362013339996,-0.02217915467917919,-0.0035698963329195976,-0.018609258346259594
004,4MIDD_085_170,16,-0.014885850250720978,-0.02186466194689274,-0.0034894058480858803,-0.018375256098806858
004,4MIDD_085_170,17,-0.014914806000888348,-0.021730059757828712,-0.0034076268784701824,-0.01832243287935853
004,4MIDD_085_170,18,-0.015042959712445736,-0.021686485037207603,-0.0033217626623809338,-0.01836472237482667
004,4MIDD_085_170,19,-0.014992313459515572,-0.021486924961209297,-0.003247305750846863,-0.018239619210362434
004,4MIDD_085_170,20,-0.014843618497252464,-0.02120978571474552,-0.0031830836087465286,-0.018026702105998993
004,4MIDD_085_170,21,-0.014749687165021896,-0.020934099331498146,-0.003092206083238125,-0.01784189324826002
004,4MIDD_085_170,22,-0.014685861766338348,-0.02054843120276928,-0.0029312847182154655,-0.017617146484553814
004,4MIDD_085_170,23,-0.014585165306925774,-0.020037580281496048,-0.002726207487285137,-0.01731137279421091
004,4MIDD_085_170,24,-0.01448783092200756,-0.01950726844370365,-0.0025097187608480453,-0.016997549682855606
004,4MIDD_085_170,25,-0.014423077926039696,-0.01899002492427826,-0.0022834734991192818,-0.016706551425158978
004,4MIDD_085_170,26,-0.014428436756134033,-0.018513312563300133,-0.0020424379035830498,-0.016470874659717083
004,4MIDD_085_170,27,-0.014471283182501793,-0.018039587885141373,-0.0017841523513197899,-0.016255435533821583
004,4MIDD_085_170,28,-0.014598910696804523,-0.017579112201929092,-0.0014901007525622845,-0.016089011449366808
004,4MIDD_085_170,29,-0.014727291651070118,-0.017150307074189186,-0.001211507711559534,-0.015938799362629652
004,4MIDD_085_170,30,-0.01483177486807108,-0.01677054911851883,-0.000969387125223875,-0.015801161993294954
004,4MIDD_085_170,31,-0.014976908452808857,-0.01637963578104973,-0.0007013636641204357,-0.015678272116929293
004,4MIDD_085_170,32,-0.01515312772244215,-0.01600572280585766,-0.00042629754170775414,-0.015579425264149904
004,4MIDD_085_170,33,-0.015443867072463036,-0.015659142285585403,-0.00010763760656118393,-0.01555150467902422
004,4MIDD_085_170,34,-0.01576908864080906,-0.015345637686550617,0.00021172547712922096,-0.015557363163679838
004,4MIDD_085_170,35,-0.01611398346722126,-0.015116527676582336,0.0004987278953194618,-0.015615255571901798
004,4MIDD_085_170,36,-0.016446521505713463,-0.014966110698878765,0.0007402054034173489,-0.015706316102296114
004,4MIDD_085_170,37,-0.016737498342990875,-0.01478409394621849,0.0009767021983861923,-0.015760796144604683
004,4MIDD_085_170,38,-0.017042657360434532,-0.014623505063354969,0.0012095761485397816,-0.01583308121189475
004,4MIDD_085_170,39,-0.017374755814671516,-0.014531509019434452,0.0014216233976185322,-0.015953132417052984
004,4MIDD_085_170,40,-0.01769629493355751,-0.014425119385123253,0.0016355877742171288,-0.01606070715934038
004,4MIDD_085_170,41,-0.017916487529873848,-0.014266976155340672,0.0018247556872665882,-0.01609173184260726
004,4MIDD_085_170,42,-0.018111323937773705,-0.01407475583255291,0.0020182840526103973,-0.016093039885163307
004,4MIDD_085_170,43,-0.018322736024856567,-0.013867449015378952,0.0022276435047388077,-0.01609509252011776
004,4MIDD_085_170,44,-0.0185773316770792,-0.013664297759532928,0.002456516958773136,-0.016120814718306065
004,4MIDD_085_170,45,-0.018888242542743683,-0.01346860732883215,0.0027098176069557667,-0.016178424935787916
004,4MIDD_085_170,46,-0.01923333667218685,-0.013295193202793598,0.0029690717346966267,-0.016264264937490225
004,4MIDD_085_170,47,-0.019620256498456,-0.013116778805851936,0.0032517388463020325,-0.01636851765215397
004,4MIDD_085_170,48,-0.020069556310772896,-0.01294093020260334,0.003564313054084778,-0.016505243256688118
004,4MIDD_085_170,49,-0.02054975926876068,-0.012784873135387897,0.003882443066686392,-0.01666731620207429
005,3MIDD_048,0,-0.004041721578687429,-0.017402375116944313,-0.006680326769128442,-0.010722048347815871
005,3MIDD_048,1,-0.002925690496340394,-0.01819702237844467,-0.007635665941052139,-0.010561356437392533
005,3MIDD_048,2,-0.0017232813406735659,-0.018275724723935127,-0.00827622169163078,-0.009999503032304347
005,3MIDD_048,3,-0.0010402562329545617,-0.018439508974552155,-0.008699626370798796,-0.009739882603753358
005,3MIDD_048,4,-0.0008169875363819301,-0.01863103173673153,-0.0089070221001748,-0.00972400963655673
005,3MIDD_048,5,-0.0008649776573292911,-0.018643729388713837,-0.008889375865692273,-0.009754353523021564
005,3MIDD_048,6,-0.0009846651228144765,-0.018518051132559776,-0.00876669300487265,-0.009751358127687126
005,3MIDD_048,7,-0.0010444116778671741,-0.018347088247537613,-0.00865133828483522,-0.009695749962702394
005,3MIDD_048,8,-0.0010919789783656597,-0.018156541511416435,-0.008532281266525388,-0.009624260244891047
005,3MIDD_048,9,-0.0011200772132724524,-0.017878837883472443,-0.008379380335099995,-0.009499457548372447
005,3MIDD_048,10,-0.0011065908474847674,-0.017594242468476295,-0.008243825810495764,-0.009350416657980531
005,3MIDD_048,11,-0.0010615348583087325,-0.01732979156076908,-0.008134128351230174,-0.009195663209538907
005,3MIDD_048,12,-0.0010065952083095908,-0.01710381731390953,-0.00804861105279997,-0.00905520626110956
005,3MIDD_048,13,-0.0009675130131654441,-0.016918998211622238,-0.007975742599228397,-0.008943255612393841
005,3MIDD_048,14,-0.0009550955146551132,-0.016792451962828636,-0.007918678224086761,-0.008873773738741875
005,3MIDD_048,15,-0.000958987046033144,-0.01670636050403118,-0.007873686728999019,-0.008832673775032163
005,3MIDD_048,16,-0.0009644805104471743,-0.016632698476314545,-0.007834108982933685,-0.00879858949338086
005,3MIDD_048,17,-0.0009609282133169472,-0.016560260206460953,-0.007799665996572003,-0.00876059420988895
005,3MIDD_048,18,-0.0009520258754491806,-0.016498079523444176,-0.0077730268239974976,-0.008725052699446678
005,3MIDD_048,19,-0.0009504859917797148,-0.016445094719529152,-0.0077473043638747185,-0.008697790355654433
005,3MIDD_048,20,-0.0009560597245581448,-0.016393860802054405,-0.00771890053874813,-0.008674960263306275
005,3MIDD_048,21,-0.000963847734965384,-0.016338469460606575,-0.0076873108628205955,-0.00865115859778598
005,3MIDD_048,22,-0.0009690675069577992,-0.01628522016108036,-0.007658076327061281,-0.00862714383401908
005,3MIDD_048,23,-0.0009703897521831095,-0.016242163255810738,-0.007635886751813814,-0.008606276503996924
005,3MIDD_048,24,-0.0009699907968752086,-0.01621139422059059,-0.007620701711857691,-0.0085906925087329
005,3MIDD_048,25,-0.0009678626083768904,-0.016191137954592705,-0.007611637673107907,-0.008579500281484798
005,3MIDD_048,26,-0.0009578696917742491,-0.016178112477064133,-0.007610121392644942,-0.008567991084419191
005,3MIDD_048,27,-0.0009424638701602817,-0.016173170879483223,-0.007615353504661471,-0.008557817374821752
005,3MIDD_048,28,-0.0009275762131437659,-0.016173766925930977,-0.0076230953563936055,-0.008550671569537371
005,3MIDD_048,29,-0.000914465228561312,-0.016176855191588402,-0.007631194981513545,-0.008545660210074857
005,3MIDD_048,30,-0.000902634987141937,-0.016180172562599182,-0.0076387687877286226,-0.00854140377487056
005,3MIDD_048,31,-0.0008909931057132781,-0.016184579581022263,-0.007646793237654492,-0.00853778634336777
005,3MIDD_048,32,-0.0008802150841802359,-0.016190949827432632,-0.007655367371626198,-0.008535582455806434
005,3MIDD_048,33,-0.0008704819483682513,-0.01619803160429001,-0.007663774827960879,-0.00853425677632913
005,3MIDD_048,34,-0.000861617736518383,-0.016205374151468277,-0.007671878207474947,-0.00853349594399333
005,3MIDD_048,35,-0.0008523058495484293,-0.016213709488511086,-0.007680701819481328,-0.008533007669029757
005,3MIDD_048,36,-0.0008418462821282446,-0.016223087906837463,-0.007690620812354609,-0.008532467094482854
005,3MIDD_048,37,-0.0008306632516905665,-0.016233233734965324,-0.007701285241637379,-0.008531948493327945
005,3MIDD_048,38,-0.0008189566433429718,-0.01624375581741333,-0.007712399587035179,-0.008531356230378151
005,3MIDD_048,39,-0.000807751901447773,-0.016254151239991188,-0.0077231996692717075,-0.00853095157071948
005,3MIDD_048,40,-0.0007973344181664288,-0.016264159232378006,-0.007733412407105789,-0.008530746825272217
005,3MIDD_048,41,-0.0007877718890085816,-0.016273710876703262,-0.00774296949384734,-0.008530741382855922
005,3MIDD_048,42,-0.0007788172806613147,-0.016282793134450912,-0.007751987926894799,-0.008530805207556114
005,3MIDD_048,43,-0.0007704313029535115,-0.01629139855504036,-0.007760483626043424,-0.008530914928996935
005,3MIDD_048,44,-0.0007628262392245233,-0.01629985123872757,-0.007768512499751523,-0.008531338738976046
005,3MIDD_048,45,-0.0007564617553725839,-0.016308104619383812,-0.007775821432005614,-0.008532283187378198
005,3MIDD_048,46,-0.0007508265553042293,-0.01631583832204342,-0.007782505883369595,-0.008533332438673824
005,3MIDD_048,47,-0.0007454910082742572,-0.016323037445545197,-0.00778877321863547,-0.008534264226909727
005,3MIDD_048,48,-0.000740364077500999,-0.01632963865995407,-0.007794637291226536,-0.008535001368727535
005,3MIDD_048,49,-0.0007352733518928289,-0.01633577235043049,-0.00780024949926883,-0.008535522851161659
005,3MIDD_207,0,-0.059290893375873566,0.04475189000368118,0.052021391689777374,-0.007269501686096191
005,3MIDD_207,1,-0.05886300280690193,0.04429129511117935,0.05157714895904064,-0.00728585384786129
005,3MIDD_207,2,-0.05744330212473869,0.043920163065195084,0.05068173259496689,-0.006761569529771805
005,3MIDD_207,3,-0.05732118710875511,0.04503411427140236,0.051177650690078735,-0.006143536418676376
005,3MIDD_207,4,-0.057710565626621246,0.04621134698390961,0.05196095630526543,-0.00574960932135582
005,3MIDD_207,5,-0.05819170922040939,0.04700900614261627,0.05260035768151283,-0.005591351538896561
005,3MIDD_207,6,-0.05842502415180206,0.047222111374139786,0.052823567762970924,-0.005601456388831139
005,3MIDD_207,7,-0.058643192052841187,0.04721754044294357,0.05293036624789238,-0.005712825804948807
005,3MIDD_207,8,-0.05886591225862503,0.047303665429353714,0.05308478884398937,-0.005781123414635658
005,3MIDD_207,9,-0.05905957520008087,0.047477416694164276,0.053268495947122574,-0.005791079252958298
005,3MIDD_207,10,-0.059196047484874725,0.04764530062675476,0.05342067405581474,-0.005775373429059982
005,3MIDD_207,11,-0.05927664786577225,0.047766853123903275,0.05352175049483776,-0.005754897370934486
005,3MIDD_207,12,-0.05930990353226662,0.04786486551165581,0.05358738452196121,-0.005722519010305405
005,3MIDD_207,13,-0.05928295478224754,0.04793405532836914,0.05360850505530834,-0.005674449726939201
005,3MIDD_207,14,-0.05917553976178169,0.04793500527739525,0.05355527251958847,-0.005620267242193222
005,3MIDD_207,15,-0.05901667848229408,0.047866374254226685,0.053441526368260384,-0.005575152114033699
005,3MIDD_207,16,-0.058820780366659164,0.047752171754837036,0.0532864760607481,-0.005534304305911064
005,3MIDD_207,17,-0.05861642584204674,0.04761846736073494,0.05311744660139084,-0.005498979240655899
005,3MIDD_207,18,-0.05842715501785278,0.04746755212545395,0.052947353571653366,-0.005479801446199417
005,3MIDD_207,19,-0.058276377618312836,0.04731535166501999,0.05279586464166641,-0.005480512976646423
005,3MIDD_207,20,-0.058167465031147,0.04716942459344864,0.05266844481229782,-0.005499020218849182
005,3MIDD_207,21,-0.058068979531526566,0.047016989439725876,0.05254298448562622,-0.005525995045900345
005,3MIDD_207,22,-0.057958729565143585,0.046863190829753876,0.05241096019744873,-0.005547769367694855
005,3MIDD_207,23,-0.05781947448849678,0.04671066626906395,0.052265070378780365,-0.005554404109716415
005,3MIDD_207,24,-0.05766124278306961,0.04656246677041054,0.052111854776740074,-0.0055493880063295364
005,3MIDD_207,25,-0.057495810091495514,0.0464201383292675,0.05195797421038151,-0.005537835881114006
005,3MIDD_207,26,-0.05733504146337509,0.04627895727753639,0.05180699937045574,-0.00552804209291935
005,3MIDD_207,27,-0.057178135961294174,0.046137500554323196,0.051657818257808685,-0.005520317703485489
005,3MIDD_207,28,-0.057026468217372894,0.045997992157936096,0.051512230187654495,-0.005514238029718399
005,3MIDD_207,29,-0.05688823014497757,0.04586125165224075,0.05137474089860916,-0.005513489246368408
005,3MIDD_207,30,-0.05676702782511711,0.045726556330919266,0.05124679207801819,-0.005520235747098923
005,3MIDD_207,31,-0.05665989965200424,0.04559662193059921,0.05112826079130173,-0.005531638860702515
005,3MIDD_207,32,-0.05656048282980919,0.04547518119215965,0.05101783201098442,-0.005542650818824768
005,3MIDD_207,33,-0.056465744972229004,0.04536181688308716,0.05091378092765808,-0.005551964044570923
005,3MIDD_207,34,-0.056373171508312225,0.04525619372725487,0.050814682617783546,-0.005558488890528679
005,3MIDD_207,35,-0.05628254637122154,0.04515806958079338,0.05072030797600746,-0.005562238395214081
005,3MIDD_207,36,-0.05619477480649948,0.045067012310028076,0.05063089355826378,-0.0055638812482357025
005,3MIDD_207,37,-0.05611059442162514,0.04498228803277016,0.05054644122719765,-0.00556415319442749
005,3MIDD_207,38,-0.05603031814098358,0.04490248113870621,0.050466399639844894,-0.005563918501138687
005,3MIDD_207,39,-0.055955760180950165,0.04482538625597954,0.05039057321846485,-0.005565186962485313
005,3MIDD_207,40,-0.05588793382048607,0.04475073888897896,0.05031933635473251,-0.005568597465753555
005,3MIDD_207,41,-0.055826738476753235,0.044678401201963425,0.05025256983935833,-0.005574168637394905
005,3MIDD_207,42,-0.0557713508605957,0.04460982233285904,0.05019058659672737,-0.005580764263868332
005,3MIDD_207,43,-0.05572042986750603,0.04454486072063446,0.050132645294070244,-0.005587784573435783
005,3MIDD_207,44,-0.05567291006445885,0.04448384791612625,0.05007837899029255,-0.005594531074166298
005,3MIDD_207,45,-0.05562753975391388,0.044427208602428436,0.05002737417817116,-0.0056001655757427216
005,3MIDD_207,46,-0.05558374524116516,0.04437471553683281,0.049979230388998985,-0.005604514852166176
005,3MIDD_207,47,-0.05554107576608658,0.04432595148682594,0.04993351362645626,-0.005607562139630318
005,3MIDD_207,48,-0.05549980700016022,0.04428050294518471,0.04989015497267246,-0.005609652027487755
005,3MIDD_207,49,-0.05546090006828308,0.04423734173178673,0.049849120900034904,-0.005611779168248177
005,4MIDD_085_170,0,0.006848928984254599,-0.003918790258467197,-0.005383859621360898,0.0014650693628937006
005,4MIDD_085_170,1,0.0068119182251393795,-0.0033744575921446085,-0.005093187908641994,0.0017187303164973855
005,4MIDD_085_170,2,0.007008987013250589,-0.0028767730109393597,-0.0049428800120949745,0.002066107001155615
005,4MIDD_085_170,3,0.007062777876853943,-0.0028657312504947186,-0.004964254563674331,0.002098523313179612
005,4MIDD_085_170,4,0.006788904312998056,-0.0031176821794360876,-0.004953293246217072,0.0018356110667809844
005,4MIDD_085_170,5,0.00637644762173295,-0.003455828409641981,-0.004916138015687466,0.0014603096060454845
005,4MIDD_085_170,6,0.00585427600890398,-0.0037386573385447264,-0.004796466673724353,0.001057809335179627
005,4MIDD_085_170,7,0.005327560938894749,-0.003896754700690508,-0.004612157819792628,0.0007154031191021204
005,4MIDD_085_170,8,0.004885622765868902,-0.003974403254687786,-0.004430013010278344,0.00045560975559055805
005,4MIDD_085_170,9,0.0046092551201581955,-0.0040507931262254715,-0.0043300241231918335,0.000279230996966362
005,4MIDD_085_170,10,0.004453933797776699,-0.004103395622223616,-0.004278664710000157,0.0001752690877765417
005,4MIDD_085_170,11,0.004325657617300749,-0.00415042182430625,-0.004238039720803499,8.76178964972496e-05
005,4MIDD_085_170,12,0.004187263548374176,-0.004179041367024183,-0.00418315245769918,4.111090674996376e-06
005,4MIDD_085_170,13,0.0040175230242311954,-0.0041946182027459145,-0.004106070613488555,-8.85475892573595e-05
005,4MIDD_085_170,14,0.0038569902535527945,-0.004196078050881624,-0.004026534152217209,-0.00016954389866441488
005,4MIDD_085_170,15,0.0036990235093981028,-0.004184608347713947,-0.003941815928556025,-0.00024279241915792227
005,4MIDD_085_170,16,0.0035603924188762903,-0.004176584538072348,-0.003868488478474319,-0.00030809605959802866
005,4MIDD_085_170,17,0.003428105264902115,-0.004174046218395233,-0.003801075741648674,-0.00037297047674655914
005,4MIDD_085_170,18,0.0032936246134340763,-0.0041706254705786705,-0.0037321250420063734,-0.0004385004285722971
005,4MIDD_085_170,19,0.00316022802144289,-0.004161704797297716,-0.003660966409370303,-0.000500738387927413
005,4MIDD_085_170,20,0.003031852887943387,-0.004158130846917629,-0.003594991867430508,-0.0005631389794871211
005,4MIDD_085_170,21,0.002906493376940489,-0.004157078452408314,-0.0035317859146744013,-0.0006252925377339125
005,4MIDD_085_170,22,0.002783790696412325,-0.004160911310464144,-0.0034723510034382343,-0.0006885603070259094
005,4MIDD_085_170,23,0.0026613918598741293,-0.004171404987573624,-0.0034163984237238765,-0.0007550065638497472
005,4MIDD_085_170,24,0.0025433318223804235,-0.004187990911304951,-0.003365661366842687,-0.0008223295444622636
005,4MIDD_085_170,25,0.002434937283396721,-0.00420788349583745,-0.0033214103896170855,-0.0008864731062203646
005,4MIDD_085_170,26,0.002338175196200609,-0.004225693177431822,-0.0032819341868162155,-0.0009437589906156063
005,4MIDD_085_170,27,0.002251341473311186,-0.004236509557813406,-0.003243925515562296,-0.00099258404225111
005,4MIDD_085_170,28,0.002171794418245554,-0.004239831585437059,-0.0032058130018413067,-0.0010340185835957527
005,4MIDD_085_170,29,0.0020972962956875563,-0.004236993379890919,-0.0031671448377892375,-0.0010698485421016812
005,4MIDD_085_170,30,0.002027856884524226,-0.004231767728924751,-0.0031298123067244887,-0.0011019554222002625
005,4MIDD_085_170,31,0.0019635597709566355,-0.004226967226713896,-0.0030952634988352656,-0.0011317037278786302
005,4MIDD_085_170,32,0.0019036777084693313,-0.004224373959004879,-0.003064025833737105,-0.0011603481252677739
005,4MIDD_085_170,33,0.0018476435216143727,-0.004224580246955156,-0.0030361118842847645,-0.0011884683626703918
005,4MIDD_085_170,34,0.0017956545343622565,-0.0042262147180736065,-0.0030109346262179315,-0.001215280091855675
005,4MIDD_085_170,35,0.0017481029499322176,-0.004228690639138222,-0.0029883967945352197,-0.001240293844603002
005,4MIDD_085_170,36,0.0017067552544176579,-0.004231087397783995,-0.0029689213261008263,-0.0012621660716831684
005,4MIDD_085_170,37,0.0016710112104192376,-0.004232839215546846,-0.002951925212983042,-0.0012809140025638044
005,4MIDD_085_170,38,0.0016391511308029294,-0.004233488813042641,-0.002936319971922785,-0.0012971688411198556
005,4MIDD_085_170,39,0.0016103904927149415,-0.004232399631291628,-0.0029213950620032847,-0.0013110045692883432
005,4MIDD_085_170,40,0.0015843419823795557,-0.004230350721627474,-0.0029073463520035148,-0.001323004369623959
005,4MIDD_085_170,41,0.0015607256209477782,-0.004227209370583296,-0.002893967495765537,-0.0013332418748177588
005,4MIDD_085_170,42,0.0015392453642562032,-0.004223649390041828,-0.0028814473771490157,-0.0013422020128928125
005,4MIDD_085_170,43,0.0015190707053989172,-0.004219637718051672,-0.0028693542117252946,-0.0013502835063263774
005,4MIDD_085_170,44,0.0015003497246652842,-0.004215620458126068,-0.002857985091395676,-0.001357635366730392
005,4MIDD_085_170,45,0.0014833614695817232,-0.004211791791021824,-0.0028475766303017735,-0.0013642151607200503
005,4MIDD_085_170,46,0.0014681823085993528,-0.00420828303322196,-0.0028382326709106565,-0.0013700503623113036
005,4MIDD_085_170,47,0.0014547649770975113,-0.004204902332276106,-0.0028298336546868086,-0.0013750686775892973
005,4MIDD_085_170,48,0.0014425853732973337,-0.004201540257781744,-0.002822062815539539,-0.0013794774422422051
005,4MIDD_085_170,49,0.0014315701555460691,-0.004197926726192236,-0.0028147484408691525,-0.0013831782853230834
006,3MIDD_048,0,0.029622850939631462,-0.015815334394574165,-0.022719092667102814,0.006903758272528648
006,3MIDD_048,1,0.030129145830869675,-0.016239266842603683,-0.02318420633673668,0.006944939494132996
006,3MIDD_048,2,0.03030340000987053,-0.016703685745596886,-0.023503542877733707,0.006799857132136822
006,3MIDD_048,3,0.03045584075152874,-0.016812341287732124,-0.023634091019630432,0.006821749731898308
006,3MIDD_048,4,0.030628181993961334,-0.016683675348758698,-0.023655928671360016,0.006972253322601318
006,3MIDD_048,5,0.030981162562966347,-0.01654801331460476,-0.023764587938785553,0.007216574624180794
006,3MIDD_048,6,0.03130488842725754,-0.0164434053003788,-0.02387414686381817,0.007430741563439369
006,3MIDD_048,7,0.03133396804332733,-0.016374139115214348,-0.02385405357927084,0.007479914464056492
006,3MIDD_048,8,0.030967477709054947,-0.016296718269586563,-0.023632097989320755,0.007335379719734192
006,3MIDD_048,9,0.03050997108221054,-0.016218313947319984,-0.023364142514765263,0.007145828567445278
006,3MIDD_048,10,0.030248085036873817,-0.016133494675159454,-0.023190789856016636,0.0070572951808571815
006,3MIDD_048,11,0.030212771147489548,-0.01604541577398777,-0.02312909346073866,0.007083677686750889
006,3MIDD_048,12,0.030163388699293137,-0.01604704186320305,-0.023105215281248093,0.007058173418045044
006,3MIDD_048,13,0.029945699498057365,-0.016056271269917488,-0.023000985383987427,0.006944714114069939
006,3MIDD_048,14,0.02963879331946373,-0.01596299558877945,-0.02280089445412159,0.00683789886534214
006,3MIDD_048,15,0.0293784998357296,-0.015799257904291153,-0.022588878870010376,0.006789620965719223
006,3MIDD_048,16,0.029246091842651367,-0.015634752810001373,-0.02244042232632637,0.006805669516324997
006,3MIDD_048,17,0.0291716568171978,-0.015525124967098236,-0.022348390892148018,0.006823265925049782
006,3MIDD_048,18,0.02905460260808468,-0.015391472727060318,-0.0222230376675725,0.00683156494051218
006,3MIDD_048,19,0.028904352337121964,-0.01522012334316969,-0.022062237840145826,0.006842114496976137
006,3MIDD_048,20,0.028785455971956253,-0.015021611005067825,-0.02190353348851204,0.006881922483444214
006,3MIDD_048,21,0.028721962124109268,-0.014811492525041103,-0.021766727324575186,0.006955234799534082
006,3MIDD_048,22,0.028672948479652405,-0.014610771089792252,-0.021641859784722328,0.007031088694930077
006,3MIDD_048,23,0.02859847992658615,-0.01442768331617117,-0.02151308162137866,0.007085398305207491
006,3MIDD_048,24,0.028503041714429855,-0.014253455214202404,-0.02137824846431613,0.007124793250113726
006,3MIDD_048,25,0.02839544042944908,-0.01408296637237072,-0.0212392034009099,0.007156237028539181
006,3MIDD_048,26,0.028340080752968788,-0.013888915069401264,-0.021114497911185026,0.007225582841783762
006,3MIDD_048,27,0.02830454893410206,-0.013674342073500156,-0.020989445503801107,0.007315103430300951
006,3MIDD_048,28,0.0282415971159935,-0.013457377441227436,-0.020849487278610468,0.007392109837383032
006,3MIDD_048,29,0.02813676930963993,-0.013238690793514252,-0.02068773005157709,0.0074490392580628395
006,3MIDD_048,30,0.02805168740451336,-0.013036470860242844,-0.0205440791323781,0.007507608272135258
006,3MIDD_048,31,0.028000500053167343,-0.012840625829994678,-0.02042056294158101,0.007579937111586332
006,3MIDD_048,32,0.027969934046268463,-0.012647081166505814,-0.02030850760638714,0.007661426439881325
006,3MIDD_048,33,0.027932237833738327,-0.012481531128287315,-0.02020688448101282,0.007725353352725506
006,3MIDD_048,34,0.027884075418114662,-0.012324189767241478,-0.02010413259267807,0.007779942825436592
006,3MIDD_048,35,0.02783975936472416,-0.012151381932199001,-0.01999557064846158,0.007844188716262579
006,3MIDD_048,36,0.027820521965622902,-0.011974788270890713,-0.019897655118256807,0.007922866847366095
006,3MIDD_048,37,0.02781776525080204,-0.011809112504124641,-0.01981343887746334,0.0080043263733387
006,3MIDD_048,38,0.027816666290163994,-0.011645179241895676,-0.019730922766029835,0.008085743524134159
006,3MIDD_048,39,0.02780546434223652,-0.011484677903354168,-0.019645071122795343,0.008160393219441175
006,3MIDD_048,40,0.027796609327197075,-0.011329935863614082,-0.01956327259540558,0.008233336731791496
006,3MIDD_048,41,0.02780662663280964,-0.011181436479091644,-0.01949403155595064,0.008312595076858997
006,3MIDD_048,42,0.027836177498102188,-0.011045649647712708,-0.019440913572907448,0.00839526392519474
006,3MIDD_048,43,0.027869494631886482,-0.010913393460214138,-0.01939144404605031,0.008478050585836172
006,3MIDD_048,44,0.027898119762539864,-0.01078170258551836,-0.019339911174029112,0.008558208588510752
006,3MIDD_048,45,0.027931420132517815,-0.010666435584425926,-0.01929892785847187,0.008632492274045944
006,3MIDD_048,46,0.027972063049674034,-0.01056904997676611,-0.019270556513220072,0.008701506536453962
006,3MIDD_048,47,0.028018541634082794,-0.010495421476662159,-0.019256981555372477,0.008761560078710318
006,3MIDD_048,48,0.02806575782597065,-0.010444067418575287,-0.01925491262227297,0.008810845203697681
006,3MIDD_048,49,0.02811848372220993,-0.010410048067569733,-0.01926426589488983,0.008854217827320099
006,3MIDD_207,0,0.01135670579969883,0.024501623585820198,0.006572458893060684,0.017929164692759514
006,3MIDD_207,1,0.01119071152061224,0.02433590032160282,0.006572594400495291,0.01776330592110753
006,3MIDD_207,2,0.010538279078900814,0.02416950836777687,0.006815614644438028,0.017353893723338842
006,3MIDD_207,3,0.009359683841466904,0.024424048140645027,0.007532182149589062,0.016891865991055965
006,3MIDD_207,4,0.008749141357839108,0.02466512843966484,0.007957993540912867,0.016707134898751974
006,3MIDD_207,5,0.008550871163606644,0.02461059018969536,0.008029859513044357,0.016580730676651
006,3MIDD_207,6,0.00862044282257557,0.02411407232284546,0.007746814750134945,0.016367257572710514
006,3MIDD_207,7,0.008645959198474884,0.02339978702366352,0.007376913912594318,0.016022873111069202
006,3MIDD_207,8,0.008656874299049377,0.02277480438351631,0.007058965042233467,0.015715839341282845
006,3MIDD_207,9,0.00875052623450756,0.02251281775534153,0.0068811457604169846,0.015631671994924545
006,3MIDD_207,10,0.008834149688482285,0.022444486618041992,0.006805168464779854,0.01563931815326214
006,3MIDD_207,11,0.008887892588973045,0.022321676835417747,0.006716892123222351,0.015604784712195396
006,3MIDD_207,12,0.008873220533132553,0.022137770429253578,0.0066322749480605125,0.015505495481193066
006,3MIDD_207,13,0.008875234052538872,0.021976763382554054,0.006550764665007591,0.015425998717546463
006,3MIDD_207,14,0.008847645483911037,0.02183072455227375,0.006491539534181356,0.015339185018092394
006,3MIDD_207,15,0.00880115944892168,0.02170315943658352,0.006450999993830919,0.0152521594427526
006,3MIDD_207,16,0.008802197873592377,0.0216179471462965,0.006407874636352062,0.015210072509944439
006,3MIDD_207,17,0.008822273463010788,0.021555263549089432,0.006366495043039322,0.01518876850605011
006,3MIDD_207,18,0.00885735172778368,0.02150459960103035,0.006323623936623335,0.015180975664407015
006,3MIDD_207,19,0.008863285183906555,0.021495426073670387,0.006316070444881916,0.015179355628788471
006,3MIDD_207,20,0.008832676336169243,0.02152489684522152,0.006346110254526138,0.015178786590695381
006,3MIDD_207,21,0.008796688169240952,0.021551303565502167,0.006377307698130608,0.01517399586737156
006,3MIDD_207,22,0.008741822093725204,0.021565040573477745,0.00641160923987627,0.015153431333601475
006,3MIDD_207,23,0.008707040920853615,0.02156039886176586,0.006426678970456123,0.015133719891309738
006,3MIDD_207,24,0.00871466938406229,0.021523483097553253,0.0064044068567454815,0.015119076240807772
006,3MIDD_207,25,0.008754362352192402,0.02147907018661499,0.006362353917211294,0.015116716269403696
006,3MIDD_207,26,0.008782345801591873,0.021449469029903412,0.006333561614155769,0.015115907415747643
006,3MIDD_207,27,0.008807080797851086,0.021421698853373528,0.006307309027761221,0.015114389825612307
006,3MIDD_207,28,0.008838240057229996,0.021392881870269775,0.00627732090651989,0.015115560963749886
006,3MIDD_207,29,0.008877435699105263,0.021380092948675156,0.0062513286247849464,0.01512876432389021
006,3MIDD_207,30,0.008927274495363235,0.021376527845859528,0.006224626675248146,0.015151901170611382
006,3MIDD_207,31,0.008989719673991203,0.021381400525569916,0.006195840425789356,0.01518556009978056
006,3MIDD_207,32,0.009055830538272858,0.02138388156890869,0.006164025515317917,0.015219856053590775
006,3MIDD_207,33,0.00912007037550211,0.02137911319732666,0.006129521410912275,0.015249591786414385
006,3MIDD_207,34,0.00917747151106596,0.021362537518143654,0.006092533003538847,0.015270004514604807
006,3MIDD_207,35,0.009228570386767387,0.02132386341691017,0.006047646515071392,0.01527621690183878
006,3MIDD_207,36,0.009287442080676556,0.02126176655292511,0.005987162236124277,0.015274604316800833
006,3MIDD_207,37,0.009364159777760506,0.021194403991103172,0.005915122106671333,0.015279281884431839
006,3MIDD_207,38,0.00946181919425726,0.021124882623553276,0.005831531714648008,0.015293350908905268
006,3MIDD_207,39,0.009577782824635506,0.021054968237876892,0.005738592706620693,0.015316375531256199
006,3MIDD_207,40,0.009697184897959232,0.02098589576780796,0.005644355434924364,0.015341540332883596
006,3MIDD_207,41,0.009804392233490944,0.020920684561133385,0.00555814616382122,0.015362538397312164
006,3MIDD_207,42,0.009897870011627674,0.020863475278019905,0.0054828026331961155,0.01538067264482379
006,3MIDD_207,43,0.009974806569516659,0.02080109529197216,0.005413144361227751,0.01538795093074441
006,3MIDD_207,44,0.01004891749471426,0.020738711580634117,0.0053448970429599285,0.015393814537674189
006,3MIDD_207,45,0.010127578862011433,0.02067374624311924,0.005273083690553904,0.015400662552565336
006,3MIDD_207,46,0.010216694325208664,0.020619139075279236,0.005201222375035286,0.01541791670024395
006,3MIDD_207,47,0.010306029580533504,0.020589232444763184,0.0051416014321148396,0.015447631012648344
006,3MIDD_207,48,0.0103891147300601,0.020560335367918015,0.005085610318928957,0.015474725048989058
006,3MIDD_207,49,0.010469324886798859,0.020525114610791206,0.005027894861996174,0.015497219748795033
006,4MIDD_085_170,0,-0.00458654435351491,0.01973595842719078,0.012161251390352845,0.0075747070368379354
006,4MIDD_085_170,1,-0.004858558066189289,0.019816966727375984,0.012337762396782637,0.0074792043305933475
006,4MIDD_085_170,2,-0.005394478794187307,0.019710302352905273,0.01255239057354629,0.007157911779358983
006,4MIDD_085_170,3,-0.005488337483257055,0.019649827852845192,0.012569082668051124,0.007080745184794068
006,4MIDD_085_170,4,-0.005224600434303284,0.019729524850845337,0.01247706264257431,0.007252462208271027
006,4MIDD_085_170,5,-0.004865753930062056,0.01972576417028904,0.012295759050175548,0.007430005120113492
006,4MIDD_085_170,6,-0.004611496347934008,0.019609317183494568,0.012110406765714288,0.00749891041778028
006,4MIDD_085_170,7,-0.004456755239516497,0.019419768825173378,0.011938262032344937,0.007481506792828441
006,4MIDD_085_170,8,-0.0044966815039515495,0.019234472885727882,0.011865577194839716,0.007368895690888166
006,4MIDD_085_170,9,-0.0045628477819263935,0.019103070721030235,0.011832959251478314,0.007270111469551921
006,4MIDD_085_170,10,-0.0046090129762887955,0.019001996144652367,0.011805504560470581,0.007196491584181786
006,4MIDD_085_170,11,-0.004636949859559536,0.01888754777610302,0.011762248817831278,0.007125298958271742
006,4MIDD_085_170,12,-0.0046825711615383625,0.018800824880599976,0.011741698021069169,0.0070591268595308065
006,4MIDD_085_170,13,-0.004719763528555632,0.018760787323117256,0.011740275425836444,0.007020511897280812
006,4MIDD_085_170,14,-0.004775929730385542,0.018784865736961365,0.011780397733673453,0.007004468003287911
006,4MIDD_085_170,15,-0.004865089897066355,0.01881704106926918,0.011841065483167768,0.006975975586101413
006,4MIDD_085_170,16,-0.004943304229527712,0.018873130902647972,0.011908217566087842,0.00696491333656013
006,4MIDD_085_170,17,-0.004985647276043892,0.018932605162262917,0.011959126219153404,0.006973478943109512
006,4MIDD_085_170,18,-0.0049951523542404175,0.01896958239376545,0.011982367374002934,0.006987215019762516
006,4MIDD_085_170,19,-0.004955534357577562,0.019034257158637047,0.011994895758107305,0.007039361400529742
006,4MIDD_085_170,20,-0.004894742742180824,0.019107084721326828,0.012000913731753826,0.007106170989573002
006,4MIDD_085_170,21,-0.00485330680385232,0.019162258133292198,0.012007782468572259,0.007154475664719939
006,4MIDD_085_170,22,-0.004818126559257507,0.019214928150177002,0.012016527354717255,0.007198400795459747
006,4MIDD_085_170,23,-0.004792374093085527,0.019289085641503334,0.01204072986729443,0.007248355774208903
006,4MIDD_085_170,24,-0.004781027790158987,0.019375963136553764,0.012078495463356376,0.007297467673197389
006,4MIDD_085_170,25,-0.004778698552399874,0.019455835223197937,0.012117266887798905,0.007338568335399032
006,4MIDD_085_170,26,-0.004817009437829256,0.019538892433047295,0.012177950935438275,0.007360941497609019
006,4MIDD_085_170,27,-0.004865181166678667,0.019647957757115364,0.012256569461897016,0.0073913882952183485
006,4MIDD_085_170,28,-0.004915149882435799,0.01980365626513958,0.01235940307378769,0.0074442531913518906
006,4MIDD_085_170,29,-0.004958359990268946,0.01999475434422493,0.012476557167246938,0.007518197176977992
006,4MIDD_085_170,30,-0.004986564628779888,0.02019703947007656,0.012591802049428225,0.007605237420648336
006,4MIDD_085_170,31,-0.004991001915186644,0.02038290724158287,0.012686954578384757,0.0076959526631981134
006,4MIDD_085_170,32,-0.004971013404428959,0.02054804377257824,0.0127595285885036,0.00778851518407464
006,4MIDD_085_170,33,-0.004949661903083324,0.020697610452771187,0.012823636177927256,0.007873974274843931
006,4MIDD_085_170,34,-0.0048954482190310955,0.020835397765040398,0.012865422992035747,0.007969974773004651
006,4MIDD_085_170,35,-0.004828748293220997,0.020978644490242004,0.0129036963917315,0.008074948098510504
006,4MIDD_085_170,36,-0.004771464969962835,0.02112255059182644,0.012947007780894637,0.008175542810931802
006,4MIDD_085_170,37,-0.00472676707431674,0.021246595308184624,0.012986681191250682,0.008259914116933942
006,4MIDD_085_170,38,-0.00468326173722744,0.021361669525504112,0.013022465631365776,0.008339203894138336
006,4MIDD_085_170,39,-0.004628105089068413,0.021467415615916252,0.013047760352492332,0.00841965526342392
006,4MIDD_085_170,40,-0.0045677488669753075,0.0215692650526762,0.013068506959825754,0.008500758092850447
006,4MIDD_085_170,41,-0.004514601081609726,0.021662164479494095,0.01308838278055191,0.008573781698942184
006,4MIDD_085_170,42,-0.004450332839041948,0.02174476347863674,0.013097548158839345,0.008647215319797397
006,4MIDD_085_170,43,-0.004386433400213718,0.021828005090355873,0.013107219245284796,0.008720785845071077
006,4MIDD_085_170,44,-0.004335402976721525,0.021883992478251457,0.013109697727486491,0.008774294750764966
006,4MIDD_085_170,45,-0.004285098519176245,0.021913714706897736,0.01309940661303699,0.008814308093860745
006,4MIDD_085_170,46,-0.00424893107265234,0.021931122988462448,0.013090027030557394,0.008841095957905054
006,4MIDD_085_170,47,-0.004225295037031174,0.021942848339676857,0.013084071688354015,0.008858776651322842
006,4MIDD_085_170,48,-0.0041933730244636536,0.021957440301775932,0.013075406663119793,0.00888203363865614
006,4MIDD_085_170,49,-0.0041593583300709724,0.02197258733212948,0.013065972831100225,0.008906614501029253
007,3MIDD_048,0,0.011837207712233067,-0.007236443925648928,-0.009536825818940997,0.0023003818932920694
007,3MIDD_048,1,0.011918548494577408,-0.0071608624421060085,-0.009539705468341708,0.0023788430262356997
007,3MIDD_048,2,0.012274396605789661,-0.007390194572508335,-0.009832295589148998,0.002442101016640663
007,3MIDD_048,3,0.012465539388358593,-0.00765974260866642,-0.010062640998512506,0.0024028983898460865
007,3MIDD_048,4,0.01183801144361496,-0.007654170040041208,-0.009746090741828084,0.0020919207017868757
007,3MIDD_048,5,0.010618949308991432,-0.007460813969373703,-0.009039881639182568,0.0015790676698088646
007,3MIDD_048,6,0.0093162152916193,-0.007301968522369862,-0.008309091906994581,0.0010071233846247196
007,3MIDD_048,7,0.008073095232248306,-0.007344463840126991,-0.007708779536187649,0.0003643156960606575
007,3MIDD_048,8,0.006843456998467445,-0.007505399640649557,-0.007174428319558501,-0.00033097132109105587
007,3MIDD_048,9,0.00567762553691864,-0.007623565383255482,-0.006650595460087061,-0.0009729699231684208
007,3MIDD_048,10,0.0046720728278160095,-0.007655706722289324,-0.006163889775052667,-0.0014918169472366571
007,3MIDD_048,11,0.0038539129309356213,-0.007653138134628534,-0.005753525532782078,-0.0018996126018464565
007,3MIDD_048,12,0.0031038757879287004,-0.0076785339042544365,-0.0053912048460915685,-0.002287329058162868
007,3MIDD_048,13,0.002334211254492402,-0.00772330816835165,-0.005028759711422026,-0.002694548456929624
007,3MIDD_048,14,0.0015615075826644897,-0.007733898237347603,-0.004647702910006046,-0.0030861953273415565
007,3MIDD_048,15,0.0008537357789464295,-0.007691259030252695,-0.004272497404599562,-0.003418761625653133
007,3MIDD_048,16,0.00024321333330590278,-0.007612788118422031,-0.003928000725863967,-0.0036847873925580643
007,3MIDD_048,17,-0.00029901257948949933,-0.007543895859271288,-0.0036224416398908943,-0.003921454219380394
007,3MIDD_048,18,-0.0007838360033929348,-0.007491287309676409,-0.003353725653141737,-0.004137561656534672
007,3MIDD_048,19,-0.0012779993703588843,-0.007441233843564987,-0.0030816172366030514,-0.004359616606961936
007,3MIDD_048,20,-0.0017822837689891458,-0.00738136563450098,-0.0027995409327559173,-0.004581824701745063
007,3MIDD_048,21,-0.002270475961267948,-0.007324680685997009,-0.0025271023623645306,-0.004797578323632479
007,3MIDD_048,22,-0.002714008092880249,-0.007268049754202366,-0.0022770208306610584,-0.0049910289235413074
007,3MIDD_048,23,-0.003105422481894493,-0.007224818225950003,-0.002059697872027755,-0.005165120353922248
007,3MIDD_048,24,-0.003464767010882497,-0.007195132318884134,-0.0018651826540008187,-0.0053299496648833156
007,3MIDD_048,25,-0.003812834620475769,-0.007152557373046875,-0.001669861376285553,-0.005482695996761322
007,3MIDD_048,26,-0.004139614757150412,-0.007096682675182819,-0.0014785339590162039,-0.0056181487161666155
007,3MIDD_048,27,-0.0044503952376544476,-0.007035456132143736,-0.0012925304472446442,-0.005742925684899092
007,3MIDD_048,28,-0.004767078440636396,-0.006974959280341864,-0.0011039404198527336,-0.00587101886048913
007,3MIDD_048,29,-0.005069228354841471,-0.006914643105119467,-0.000922707375138998,-0.005991935729980469
007,3MIDD_048,30,-0.005346331745386124,-0.00685421796515584,-0.0007539431098848581,-0.006100274855270982
007,3MIDD_048,31,-0.005612511187791824,-0.00678945891559124,-0.0005884738638997078,-0.006200985051691532
007,3MIDD_048,32,-0.005887635983526707,-0.006721653044223785,-0.00041700853034853935,-0.006304644513875246
007,3MIDD_048,33,-0.006178377661854029,-0.0066336835734546185,-0.00022765295580029488,-0.006406030617654324
007,3MIDD_048,34,-0.006467260420322418,-0.006533855106681585,-3.329734317958355e-05,-0.006500557763502002
007,3MIDD_048,35,-0.006715932860970497,-0.006445096340030432,0.0001354182604700327,-0.0065805146005004644
007,3MIDD_048,36,-0.006929825060069561,-0.006370033603161573,0.0002798957284539938,-0.006649929331615567
007,3MIDD_048,37,-0.007125112693756819,-0.0062901172786951065,0.00041749770753085613,-0.006707614986225963
007,3MIDD_048,38,-0.0073287528939545155,-0.006197005044668913,0.0005658739246428013,-0.006762878969311714
007,3MIDD_048,39,-0.00753697007894516,-0.006104661151766777,0.0007161544635891914,-0.0068208156153559685
007,3MIDD_048,40,-0.007734362967312336,-0.0060136578977108,0.0008603525348007679,-0.006874010432511568
007,3MIDD_048,41,-0.007918023504316807,-0.005921200383454561,0.0009984115604311228,-0.006919611943885684
007,3MIDD_048,42,-0.008089751936495304,-0.005818068981170654,0.001135841477662325,-0.006953910458832979
007,3MIDD_048,43,-0.00825637485831976,-0.005699988454580307,0.0012781932018697262,-0.006978181656450033
007,3MIDD_048,44,-0.008427613414824009,-0.005578556098043919,0.0014245286583900452,-0.007003084756433964
007,3MIDD_048,45,-0.00859773438423872,-0.00546443834900856,0.0015666480176150799,-0.00703108636662364
007,3MIDD_048,46,-0.008757495321333408,-0.005348552484065294,0.001704471418634057,-0.007053023902699351
007,3MIDD_048,47,-0.00891075748950243,-0.005217244848608971,0.0018467563204467297,-0.0070640011690557
007,3MIDD_048,48,-0.00906363781541586,-0.005056622438132763,0.002003507688641548,-0.007060130126774311
007,3MIDD_048,49,-0.009210590273141861,-0.0048759132623672485,0.002167338505387306,-0.007043251767754555
007,3MIDD_207,0,-0.010214356705546379,0.030804047361016273,0.020509202033281326,0.010294845327734947
007,3MIDD_207,1,-0.009585966356098652,0.03125929832458496,0.020422632340341806,0.010836665984243155
007,3MIDD_207,2,-0.008639107458293438,0.03157675638794899,0.020107931923121214,0.011468824464827776
007,3MIDD_207,3,-0.008057113736867905,0.03135795518755913,0.019707534462213516,0.011650420725345612
007,3MIDD_207,4,-0.008197598159313202,0.030049845576286316,0.01912372186779976,0.010926123708486557
007,3MIDD_207,5,-0.008749719709157944,0.028126440942287445,0.018438080325722694,0.00968836061656475
007,3MIDD_207,6,-0.009246245957911015,0.02624843642115593,0.017747341189533472,0.008501095231622458
007,3MIDD_207,7,-0.009389298968017101,0.02480088546872139,0.017095092218369246,0.007705793250352144
007,3MIDD_207,8,-0.00933862291276455,0.023696839809417725,0.016517731361091137,0.007179108448326588
007,3MIDD_207,9,-0.009365705773234367,0.02273768000304699,0.01605169288814068,0.006685987114906311
007,3MIDD_207,10,-0.009573476389050484,0.021802527830004692,0.015688002109527588,0.006114525720477104
007,3MIDD_207,11,-0.009844081476330757,0.020845117047429085,0.015344599261879921,0.005500517785549164
007,3MIDD_207,12,-0.01010601595044136,0.019850347191095352,0.014978181570768356,0.004872165620326996
007,3MIDD_207,13,-0.010353360325098038,0.01883004978299141,0.014591705054044724,0.004238344728946686
007,3MIDD_207,14,-0.01058884710073471,0.01785922981798649,0.0142240384593606,0.003635191358625889
007,3MIDD_207,15,-0.0108486358076334,0.01698506809771061,0.013916851952672005,0.0030682161450386047
007,3MIDD_207,16,-0.011114702560007572,0.016194259747862816,0.013654481153935194,0.002539778593927622
007,3MIDD_207,17,-0.011380854994058609,0.015462602488696575,0.013421728741377592,0.002040873747318983
007,3MIDD_207,18,-0.011662794277071953,0.014766965992748737,0.013214880134910345,0.0015520858578383923
007,3MIDD_207,19,-0.011976083740592003,0.01410018652677536,0.013038135133683681,0.0010620513930916786
007,3MIDD_207,20,-0.012312452308833599,0.013451576232910156,0.012882014270871878,0.0005695619620382786
007,3MIDD_207,21,-0.012670864351093769,0.012834759429097176,0.012752811890095472,8.194753900170326e-05
007,3MIDD_207,22,-0.013004504144191742,0.012280842289328575,0.012642673216760159,-0.0003618309274315834
007,3MIDD_207,23,-0.013283317908644676,0.011812890879809856,0.012548104394227266,-0.0007352135144174099
007,3MIDD_207,24,-0.013523025438189507,0.011421306990087032,0.01247216621413827,-0.001050859224051237
007,3MIDD_207,25,-0.013749035075306892,0.01106711570173502,0.012408075388520956,-0.0013409596867859364
007,3MIDD_207,26,-0.013981256633996964,0.010732254013419151,0.012356755323708057,-0.001624501310288906
007,3MIDD_207,27,-0.014232814311981201,0.01041332259774208,0.012323068454861641,-0.0019097458571195602
007,3MIDD_207,28,-0.01450431253761053,0.01010334212332964,0.012303827330470085,-0.0022004852071404457
007,3MIDD_207,29,-0.014764143154025078,0.00982393603771925,0.012294039595872164,-0.002470103558152914
007,3MIDD_207,30,-0.014990661293268204,0.009595204144716263,0.012292932718992233,-0.0026977285742759705
007,3MIDD_207,31,-0.015181462280452251,0.009408049285411835,0.012294755782932043,-0.0028867064975202084
007,3MIDD_207,32,-0.015350542962551117,0.00923248566687107,0.012291514314711094,-0.003059028647840023
007,3MIDD_207,33,-0.01551511138677597,0.00904929544776678,0.012282203417271376,-0.003232907969504595
007,3MIDD_207,34,-0.01568620651960373,0.008864058181643486,0.012275132350623608,-0.0034110741689801216
007,3MIDD_207,35,-0.015867866575717926,0.008694128133356571,0.012280997354537249,-0.0035868692211806774
007,3MIDD_207,36,-0.016045203432440758,0.008538726717233658,0.012291965074837208,-0.00375323835760355
007,3MIDD_207,37,-0.016213901340961456,0.008401211351156235,0.012307556346058846,-0.003906344994902611
007,3MIDD_207,38,-0.016390586271882057,0.008290848694741726,0.012340717483311892,-0.004049868788570166
007,3MIDD_207,39,-0.01656721718609333,0.008192621171474457,0.012379919178783894,-0.004187298007309437
007,3MIDD_207,40,-0.01674134097993374,0.008088892325758934,0.012415116652846336,-0.004326224327087402
007,3MIDD_207,41,-0.01692545972764492,0.007986015640199184,0.012455737683922052,-0.004469722043722868
007,3MIDD_207,42,-0.01710786484181881,0.007895932532846928,0.012501898687332869,-0.004605966154485941
007,3MIDD_207,43,-0.017279792577028275,0.007824787870049477,0.012552290223538876,-0.004727502353489399
007,3MIDD_207,44,-0.01743754744529724,0.007777548860758543,0.012607548153027892,-0.004829999292269349
007,3MIDD_207,45,-0.01759571209549904,0.007741945795714855,0.012668828945606947,-0.004926883149892092
007,3MIDD_207,46,-0.017767613753676414,0.00771584827452898,0.012741731014102697,-0.005025882739573717
007,3MIDD_207,47,-0.017934801056981087,0.00770060159265995,0.012817701324820518,-0.005117099732160568
007,3MIDD_207,48,-0.018094971776008606,0.007665876764804125,0.012880424270406365,-0.0052145475056022406
007,3MIDD_207,49,-0.018256762996315956,0.00760416267439723,0.012930462835356593,-0.005326300160959363
007,4MIDD_085_170,0,0.004179652780294418,0.013229443691670895,0.004524895455688238,0.008704548235982656
007,4MIDD_085_170,1,0.0044266218319535255,0.01355666108429432,0.004565019626170397,0.008991641458123922
007,4MIDD_085_170,2,0.00493007805198431,0.013934493064880371,0.0045022075064480305,0.00943228555843234
007,4MIDD_085_170,3,0.0053114211186766624,0.014110257849097252,0.004399418365210295,0.009710839483886957
007,4MIDD_085_170,4,0.0050181010738015175,0.0135725112631917,0.004277205094695091,0.009295306168496609
007,4MIDD_085_170,5,0.004185881931334734,0.012526944279670715,0.004170531174167991,0.008356413105502725
007,4MIDD_085_170,6,0.0032820284832268953,0.01140778698027134,0.004062879248522222,0.007344907731749117
007,4MIDD_085_170,7,0.0024980520829558372,0.010526680387556553,0.004014314152300358,0.006512366235256195
007,4MIDD_085_170,8,0.0019371575908735394,0.009801419451832771,0.003932130930479616,0.005869288521353155
007,4MIDD_085_170,9,0.00155108910985291,0.009121335111558437,0.0037851230008527637,0.005336212110705674
007,4MIDD_085_170,10,0.0012593085411936045,0.008430072106420994,0.0035853817826136947,0.004844690323807299
007,4MIDD_085_170,11,0.0009943501790985465,0.007771962787955999,0.0033888063044287264,0.004383156483527273
007,4MIDD_085_170,12,0.0007197335944510996,0.007166654337197542,0.0032234603713732213,0.003943193965824321
007,4MIDD_085_170,13,0.0004345386114437133,0.0065698083490133286,0.0030676348687848076,0.003502173480228521
007,4MIDD_085_170,14,0.00015526391507592052,0.005985916592180729,0.002915326338552404,0.0030705902536283247
007,4MIDD_085_170,15,-9.278231300413609e-05,0.005441607441753149,0.0027671948773786426,0.0026744125643745065
007,4MIDD_085_170,16,-0.0002778619236778468,0.00492989644408226,0.0026038791838800535,0.0023260172602022067
007,4MIDD_085_170,17,-0.0004205896402709186,0.004449045285582542,0.0024348174629267305,0.002014227822655812
007,4MIDD_085_170,18,-0.0005713189602829516,0.00397314690053463,0.0022722329304087907,0.0017009139701258391
007,4MIDD_085_170,19,-0.0007453063735738397,0.0034910221584141254,0.0021181642659939826,0.0013728578924201429
007,4MIDD_085_170,20,-0.0009283726685680449,0.0030378892552107573,0.001983130961889401,0.0010547582933213562
007,4MIDD_085_170,21,-0.0011001480743288994,0.0026015560142695904,0.0018508520442992449,0.0007507039699703455
007,4MIDD_085_170,22,-0.0012538518058136106,0.0021572932600975037,0.001705572532955557,0.00045172072714194655
007,4MIDD_085_170,23,-0.0013958862982690334,0.0017350187990814447,0.001565452548675239,0.00016956625040620565
007,4MIDD_085_170,24,-0.0015098433941602707,0.0013706559548154473,0.001440249674487859,-6.959371967241168e-05
007,4MIDD_085_170,25,-0.001596840680576861,0.0010472136782482266,0.0013220271794125438,-0.00027481350116431713
007,4MIDD_085_170,26,-0.001700021093711257,0.0007133957697078586,0.0012067084317095578,-0.0004933126620016992
007,4MIDD_085_170,27,-0.001811907277442515,0.00039760037907399237,0.0011047538282582536,-0.0007071534491842613
007,4MIDD_085_170,28,-0.0019171098247170448,0.00012088441144442186,0.0010189971180807333,-0.0008981127066363115
007,4MIDD_085_170,29,-0.0020119594410061836,-0.00011478748638182878,0.0009485859773121774,-0.0010633734636940062
007,4MIDD_085_170,30,-0.0021000748965889215,-0.0003380661946721375,0.000881004350958392,-0.0012190705456305295
007,4MIDD_085_170,31,-0.0021786789875477552,-0.0005529532791115344,0.0008128628542181104,-0.0013658161333296448
007,4MIDD_085_170,32,-0.0022482783533632755,-0.0007405620999634266,0.0007538581266999245,-0.001494420226663351
007,4MIDD_085_170,33,-0.0023133012000471354,-0.0008986640023067594,0.000707318598870188,-0.0016059826011769474
007,4MIDD_085_170,34,-0.0023824458476155996,-0.0010551427258178592,0.0006636515608988702,-0.0017187942867167294
007,4MIDD_085_170,35,-0.002439575968310237,-0.0012032462982460856,0.0006181648350320756,-0.0018214111332781613
007,4MIDD_085_170,36,-0.0024645794183015823,-0.0013430119724944234,0.0005607837229035795,-0.0019037956953980029
007,4MIDD_085_170,37,-0.0024622823111712933,-0.001450917567126453,0.0005056823720224202,-0.001956599939148873
007,4MIDD_085_170,38,-0.002452422631904483,-0.001558788469992578,0.0004468170809559524,-0.0020056055509485304
007,4MIDD_085_170,39,-0.0024446791503578424,-0.0016870377585291862,0.0003788206959143281,-0.0020658584544435143
007,4MIDD_085_170,40,-0.0024373189080506563,-0.0018112270627170801,0.0003130459226667881,-0.0021242729853838682
007,4MIDD_085_170,41,-0.0024170924443751574,-0.0019138887291774154,0.000251601857598871,-0.0021654905867762864
007,4MIDD_085_170,42,-0.0023881488014012575,-0.0019960375502705574,0.00019605562556535006,-0.0021920931758359075
007,4MIDD_085_170,43,-0.0023545122239738703,-0.0020719305612146854,0.00014129083137959242,-0.002213221392594278
007,4MIDD_085_170,44,-0.002327951369807124,-0.0021471534855663776,9.039894212037325e-05,-0.002237552427686751
007,4MIDD_085_170,45,-0.00228869472630322,-0.0022212532348930836,3.372074570506811e-05,-0.0022549739805981517
007,4MIDD_085_170,46,-0.002211732789874077,-0.0022869131062179804,-3.759015817195177e-05,-0.0022493229480460286
007,4MIDD_085_170,47,-0.002103381557390094,-0.002354790922254324,-0.00012570468243211508,-0.002229086239822209
007,4MIDD_085_170,48,-0.001982376677915454,-0.0024260086938738823,-0.0002218160079792142,-0.002204192685894668
007,4MIDD_085_170,49,-0.00186558545101434,-0.00248967157676816,-0.00031204306287690997,-0.00217762851389125
008,3MIDD_048,0,0.015226094052195549,-0.0005252293776720762,-0.007875661714933813,0.007350432337261736
008,3MIDD_048,1,0.014694574289023876,-0.001532791298814118,-0.008113682793918997,0.006580891495104879
008,3MIDD_048,2,0.013981807976961136,-0.0027383288834244013,-0.008360068430192769,0.005621739546768367
008,3MIDD_048,3,0.01339065283536911,-0.003952567465603352,-0.00867161015048623,0.004719042684882879
008,3MIDD_048,4,0.012819383293390274,-0.005067368503659964,-0.008943375898525119,0.0038760073948651552
008,3MIDD_048,5,0.012132084928452969,-0.005938799120485783,-0.009035442024469376,0.003096642903983593
008,3MIDD_048,6,0.011468782089650631,-0.006528133526444435,-0.008998457808047533,0.002470324281603098
008,3MIDD_048,7,0.01082194410264492,-0.006949183531105518,-0.00888556381687522,0.001936380285769701
008,3MIDD_048,8,0.01027078926563263,-0.0072814603336155415,-0.008776124799624085,0.001494664466008544
008,3MIDD_048,9,0.009716364555060863,-0.007493975572288036,-0.00860517006367445,0.0011111944913864136
008,3MIDD_048,10,0.009172129444777966,-0.007627453189343214,-0.00839979131706059,0.0007723381277173758
008,3MIDD_048,11,0.008641866967082024,-0.007667460944503546,-0.008154663955792785,0.00048720301128923893
008,3MIDD_048,12,0.00815489236265421,-0.007763163652271032,-0.00795902800746262,0.0001958643551915884
008,3MIDD_048,13,0.007692101411521435,-0.007895058020949364,-0.007793579716235399,-0.00010147830471396446
008,3MIDD_048,14,0.007224104832857847,-0.008014792576432228,-0.007619448704645038,-0.00039534387178719044
008,3MIDD_048,15,0.006788673344999552,-0.008159371092915535,-0.007474022218957543,-0.0006853488739579916
008,3MIDD_048,16,0.006355099845677614,-0.008296552114188671,-0.007325825979933143,-0.0009707261342555285
008,3MIDD_048,17,0.005883045960217714,-0.008427423425018787,-0.007155234692618251,-0.0012721887324005365
008,3MIDD_048,18,0.005432926118373871,-0.008601066656410694,-0.0070169963873922825,-0.0015840702690184116
008,3MIDD_048,19,0.00499893631786108,-0.008766921237111092,-0.006882928777486086,-0.0018839924596250057
008,3MIDD_048,20,0.004585999995470047,-0.008897298015654087,-0.006741649005562067,-0.00215564901009202
008,3MIDD_048,21,0.004219100810587406,-0.009019912220537663,-0.006619506515562534,-0.002400405704975128
008,3MIDD_048,22,0.003890047548338771,-0.009140251204371452,-0.006515149376355112,-0.0026251018280163407
008,3MIDD_048,23,0.003596808295696974,-0.009244176559150219,-0.006420492427423596,-0.0028236841317266226
008,3MIDD_048,24,0.0033210942056030035,-0.009283478371798992,-0.006302286288700998,-0.0029811920830979943
008,3MIDD_048,25,0.0030828421004116535,-0.009293509647250175,-0.0061881758738309145,-0.003105333773419261
008,3MIDD_048,26,0.0028859032317996025,-0.00927732978016138,-0.006081616505980492,-0.003195713274180889
008,3MIDD_048,27,0.00272675184533,-0.00924516748636961,-0.005985959665849805,-0.003259207820519805
008,3MIDD_048,28,0.002592375734820962,-0.00925892312079668,-0.005925649427808821,-0.0033332736929878592
008,3MIDD_048,29,0.0024580045137554407,-0.009262794628739357,-0.005860399571247399,-0.003402395057491958
008,3MIDD_048,30,0.002359616570174694,-0.00922971498221159,-0.005794665776193142,-0.003435049206018448
008,3MIDD_048,31,0.002291841898113489,-0.009198792278766632,-0.005745317088440061,-0.0034534751903265715
008,3MIDD_048,32,0.0022641033865511417,-0.00918540544807911,-0.0057247544173151255,-0.0034606510307639837
008,3MIDD_048,33,0.002243818249553442,-0.009197247214615345,-0.0057205327320843935,-0.0034767144825309515
008,3MIDD_048,34,0.0022435393184423447,-0.009211963973939419,-0.005727751646190882,-0.003484212327748537
008,3MIDD_048,35,0.0022537161130458117,-0.009235221892595291,-0.005744469002820551,-0.0034907528897747397
008,3MIDD_048,36,0.002290915697813034,-0.009266059845685959,-0.0057784877717494965,-0.0034875720739364624
008,3MIDD_048,37,0.002336139790713787,-0.00929858349263668,-0.005817361641675234,-0.0034812218509614468
008,3MIDD_048,38,0.0023981917183846235,-0.009313531219959259,-0.005855861469171941,-0.0034576697507873178
008,3MIDD_048,39,0.0024887025356292725,-0.00932506937533617,-0.005906885955482721,-0.003418183419853449
008,3MIDD_048,40,0.002593711717054248,-0.009338376112282276,-0.005966043914668262,-0.003372332197614014
008,3MIDD_048,41,0.002712609712034464,-0.00928746722638607,-0.006000038469210267,-0.003287428757175803
008,3MIDD_048,42,0.002842177636921406,-0.00921617355197668,-0.006029175594449043,-0.0031869979575276375
008,3MIDD_048,43,0.002972351387143135,-0.009144251234829426,-0.0060583013109862804,-0.0030859499238431454
008,3MIDD_048,44,0.003104803618043661,-0.009080111980438232,-0.006092457799240947,-0.0029876541811972857
008,3MIDD_048,45,0.0032490529119968414,-0.009030179120600224,-0.0061396160162985325,-0.002890563104301691
008,3MIDD_048,46,0.003385070478543639,-0.008983178064227104,-0.006184124271385372,-0.0027990537928417325
008,3MIDD_048,47,0.0035066877026110888,-0.00893682986497879,-0.0062217587837949395,-0.0027150710811838508
008,3MIDD_048,48,0.003618622198700905,-0.00888961274176836,-0.0062541174702346325,-0.0026354952715337276
008,3MIDD_048,49,0.003719751024618745,-0.008855658583343029,-0.006287704803980887,-0.002567953779362142
008,3MIDD_207,0,0.003214673139154911,0.02040068805217743,0.008593007456511259,0.01180768059566617
008,3MIDD_207,1,0.0025473071727901697,0.019909124821424484,0.008680908824317157,0.011228215997107327
008,3MIDD_207,2,0.0016867181984707713,0.01956307515501976,0.008938178478274494,0.010624896676745266
008,3MIDD_207,3,-0.0008973133517429233,0.020090389996767044,0.010493851674254984,0.00959653832251206
008,3MIDD_207,4,-0.003496169112622738,0.02084379643201828,0.012169982772320509,0.008673813659697771
008,3MIDD_207,5,-0.005165888927876949,0.021517537534236908,0.013341713231056929,0.00817582430317998
008,3MIDD_207,6,-0.005979551002383232,0.021704422309994698,0.013841986656188965,0.007862435653805733
008,3MIDD_207,7,-0.006659897975623608,0.021484829485416412,0.01407236373052001,0.007412465754896402
008,3MIDD_207,8,-0.007523308973759413,0.021138377487659454,0.014330843230709434,0.006807534256950021
008,3MIDD_207,9,-0.008491951040923595,0.020977377891540527,0.014734664466232061,0.006242713425308466
008,3MIDD_207,10,-0.009313050657510757,0.02086099423468113,0.015087022446095943,0.005773971788585186
008,3MIDD_207,11,-0.009956765919923782,0.02071666158735752,0.015336713753640652,0.005379947833716869
008,3MIDD_207,12,-0.010437384247779846,0.020468099042773247,0.015452741645276546,0.0050153573974967
008,3MIDD_207,13,-0.010938351973891258,0.0201590433716774,0.015548697672784328,0.00461034569889307
008,3MIDD_207,14,-0.011510971933603287,0.019828282296657562,0.015669627115130424,0.004158655181527138
008,3MIDD_207,15,-0.012028807774186134,0.019409652799367905,0.01571923028677702,0.003690422512590885
008,3MIDD_207,16,-0.012493432499468327,0.0189436674118042,0.015718549955636263,0.0032251174561679363
008,3MIDD_207,17,-0.01291962992399931,0.0184220839291811,0.015670856926590204,0.0027512270025908947
008,3MIDD_207,18,-0.013321121223270893,0.01795230433344841,0.01563671277835965,0.0023155915550887585
008,3MIDD_207,19,-0.013679875992238522,0.017581043764948845,0.015630459878593683,0.0019505838863551617
008,3MIDD_207,20,-0.01402816828340292,0.017244761809706688,0.015636465046554804,0.001608296763151884
008,3MIDD_207,21,-0.01438784971833229,0.016865234822034836,0.015626542270183563,0.0012386925518512726
008,3MIDD_207,22,-0.014740586280822754,0.01646125502884388,0.015600920654833317,0.0008603343740105629
008,3MIDD_207,23,-0.015084176324307919,0.016010837629437447,0.015547506976872683,0.000463330652564764
008,3MIDD_207,24,-0.015403646044433117,0.015518654137849808,0.015461150091141462,5.750404670834541e-05
008,3MIDD_207,25,-0.015686064958572388,0.015004843473434448,0.015345454216003418,-0.0003406107425689697
008,3MIDD_207,26,-0.015945684164762497,0.014484545215964317,0.015215114690363407,-0.0007305694743990898
008,3MIDD_207,27,-0.016186067834496498,0.013952015899121761,0.01506904186680913,-0.0011170259676873684
008,3MIDD_207,28,-0.01639111153781414,0.01342869084328413,0.014909901190549135,-0.0014812103472650051
008,3MIDD_207,29,-0.016548318788409233,0.012883802875876427,0.01471606083214283,-0.0018322579562664032
008,3MIDD_207,30,-0.016655145213007927,0.012369372881948948,0.014512259047478437,-0.0021428861655294895
008,3MIDD_207,31,-0.016752230003476143,0.01186890434473753,0.014310567174106836,-0.0024416628293693066
008,3MIDD_207,32,-0.016818076372146606,0.011394520290195942,0.014106298331171274,-0.0027117780409753323
008,3MIDD_207,33,-0.016851073130965233,0.01093616895377636,0.013893621042370796,-0.0029574520885944366
008,3MIDD_207,34,-0.016853732988238335,0.010493351146578789,0.013673542067408562,-0.003180190920829773
008,3MIDD_207,35,-0.01682301238179207,0.010047147050499916,0.013435079716145992,-0.003387932665646076
008,3MIDD_207,36,-0.016805356368422508,0.009578559547662735,0.013191957958042622,-0.0036133984103798866
008,3MIDD_207,37,-0.01678747683763504,0.0090972064062953,0.01294234162196517,-0.0038451352156698704
008,3MIDD_207,38,-0.016778593882918358,0.008619201369583607,0.012698897626250982,-0.0040796962566673756
008,3MIDD_207,39,-0.016771158203482628,0.008136074058711529,0.012453616131097078,-0.0043175420723855495
008,3MIDD_207,40,-0.016778409481048584,0.007683527655899525,0.012230968568474054,-0.00454744091257453
008,3MIDD_207,41,-0.01681719720363617,0.007260688580572605,0.012038942892104387,-0.004778254311531782
008,3MIDD_207,42,-0.0168520025908947,0.006861703936010599,0.011856853263452649,-0.00499514932744205
008,3MIDD_207,43,-0.01686243526637554,0.006479144562035799,0.01167078991420567,-0.005191645352169871
008,3MIDD_207,44,-0.01687002182006836,0.00610646978020668,0.01148824580013752,-0.0053817760199308395
008,3MIDD_207,45,-0.01687873713672161,0.0057283747009932995,0.011303555918857455,-0.005575181217864156
008,3MIDD_207,46,-0.016886623576283455,0.005338365212082863,0.011112494394183159,-0.005774129182100296
008,3MIDD_207,47,-0.016888024285435677,0.00495791994035244,0.010922972112894058,-0.005965052172541618
008,3MIDD_207,48,-0.016883986070752144,0.004589414689689875,0.01073670038022101,-0.006147285690531135
008,3MIDD_207,49,-0.01687690056860447,0.0042261830531060696,0.01055154181085527,-0.0063253587577492
008,4MIDD_085_170,0,0.014870746992528439,0.005667152348905802,-0.004601797321811318,0.01026894967071712
008,4MIDD_085_170,1,0.014538954943418503,0.004874912556260824,-0.004832021193578839,0.009706933749839664
008,4MIDD_085_170,2,0.014038263820111752,0.0041725472547113895,-0.004932858282700181,0.00910540553741157
008,4MIDD_085_170,3,0.013504098169505596,0.003320756834000349,-0.0050916706677526236,0.008412427501752973
008,4MIDD_085_170,4,0.013075187802314758,0.0024881595745682716,-0.005293514113873243,0.007781673688441515
008,4MIDD_085_170,5,0.012721667066216469,0.0018579022726044059,-0.0054318823968060315,0.007289784669410437
008,4MIDD_085_170,6,0.012422831729054451,0.0012994160642847419,-0.0055617078323848546,0.006861123896669596
008,4MIDD_085_170,7,0.012130321003496647,0.0006811495986767113,-0.005724585702409968,0.006405735301086679
008,4MIDD_085_170,8,0.011835349723696709,6.338620733004063e-05,-0.005885981758183334,0.005949367965513375
008,4MIDD_085_170,9,0.01155581884086132,-0.0005029737367294729,-0.006029396288795397,0.005526422552065924
008,4MIDD_085_170,10,0.011326564475893974,-0.0010148219298571348,-0.0061706932028755546,0.00515587127301842
008,4MIDD_085_170,11,0.01108016911894083,-0.001519815414212644,-0.006299992266576737,0.004780176852364093
008,4MIDD_085_170,12,0.010742150247097015,-0.002012223470956087,-0.006377186859026551,0.004364963388070464
008,4MIDD_085_170,13,0.01030461024492979,-0.002467799000442028,-0.006386204622685909,0.003918405622243881
008,4MIDD_085_170,14,0.009809295646846294,-0.0029194983653724194,-0.006364397006109357,0.0034448986407369375
008,4MIDD_085_170,15,0.009296356700360775,-0.0034035113640129566,-0.006349934032186866,0.002946422668173909
008,4MIDD_085_170,16,0.008736285381019115,-0.0038969109300523996,-0.0063165981555357575,0.002419687225483358
008,4MIDD_085_170,17,0.008154356852173805,-0.004396732896566391,-0.006275544874370098,0.0018788119778037071
008,4MIDD_085_170,18,0.0075221192091703415,-0.004909735172986984,-0.006215927191078663,0.0013061920180916786
008,4MIDD_085_170,19,0.006852140184491873,-0.00545720849186182,-0.0061546743381768465,0.0006974658463150263
008,4MIDD_085_170,20,0.006175423040986061,-0.005981902126222849,-0.006078662583604455,9.67604573816061e-05
008,4MIDD_085_170,21,0.005488213617354631,-0.006529044359922409,-0.00600862898863852,-0.0005204153712838888
008,4MIDD_085_170,22,0.004780713468790054,-0.007092071697115898,-0.005936392582952976,-0.001155679114162922
008,4MIDD_085_170,23,0.0041153873316943645,-0.007624443620443344,-0.005869915476068854,-0.0017545281443744898
008,4MIDD_085_170,24,0.0034701223485171795,-0.008100626058876514,-0.005785374203696847,-0.0023152518551796675
008,4MIDD_085_170,25,0.002866880502551794,-0.008542322553694248,-0.005704601528123021,-0.002837721025571227
008,4MIDD_085_170,26,0.0022967641707509756,-0.008910330012440681,-0.0056035470915958285,-0.003306782920844853
008,4MIDD_085_170,27,0.001766561297699809,-0.009242763742804527,-0.005504662520252168,-0.003738101222552359
008,4MIDD_085_170,28,0.0012721128296107054,-0.009564138948917389,-0.005418125889264047,-0.004146013059653342
008,4MIDD_085_170,29,0.0007971669547259808,-0.009897815063595772,-0.005347491009160876,-0.0045503240544348955
008,4MIDD_085_170,30,0.00033491235808469355,-0.010224145837128162,-0.005279529097606428,-0.004944616739521734
008,4MIDD_085_170,31,-0.00011545778397703543,-0.010565218515694141,-0.005224880365858553,-0.005340338149835588
008,4MIDD_085_170,32,-0.0005543534061871469,-0.010972494259476662,-0.005209070426644757,-0.005763423832831904
008,4MIDD_085_170,33,-0.00099577393848449,-0.011420312337577343,-0.0052122691995464265,-0.0062080431380309165
008,4MIDD_085_170,34,-0.0013762960443273187,-0.01185529213398695,-0.005239498044829816,-0.006615794089157134
008,4MIDD_085_170,35,-0.0017280494794249535,-0.012242372147738934,-0.00525716133415699,-0.0069852108135819435
008,4MIDD_085_170,36,-0.0020543949212878942,-0.012588550336658955,-0.00526707770768553,-0.0073214726289734244
008,4MIDD_085_170,37,-0.0023543580900877714,-0.012891050428152084,-0.0052683461690321565,-0.007622704259119928
008,4MIDD_085_170,38,-0.0026326412335038185,-0.01316102221608162,-0.0052641904912889,-0.007896831724792719
008,4MIDD_085_170,39,-0.0028952453285455704,-0.013408680446445942,-0.005256717558950186,-0.008151962887495756
008,4MIDD_085_170,40,-0.003156288992613554,-0.013637151569128036,-0.005240431288257241,-0.008396720280870795
008,4MIDD_085_170,41,-0.0033978538122028112,-0.013887437991797924,-0.005244792089797556,-0.008642645902000368
008,4MIDD_085_170,42,-0.003612080356106162,-0.01414850540459156,-0.005268212524242699,-0.008880292880348861
008,4MIDD_085_170,43,-0.003817058866843581,-0.014419058337807655,-0.005300999735482037,-0.009118058602325618
008,4MIDD_085_170,44,-0.004014812875539064,-0.014681492000818253,-0.005333339562639594,-0.009348152438178658
008,4MIDD_085_170,45,-0.004188583232462406,-0.014914968982338905,-0.00536319287493825,-0.009551776107400656
008,4MIDD_085_170,46,-0.004332526121288538,-0.01510295458137989,-0.005385214230045676,-0.009717740351334214
008,4MIDD_085_170,47,-0.00444136094301939,-0.015274041332304478,-0.005416340194642544,-0.009857701137661934
008,4MIDD_085_170,48,-0.004510998260229826,-0.015423054806888103,-0.005456028273329139,-0.009967026533558965
008,4MIDD_085_170,49,-0.0045829289592802525,-0.015556118451058865,-0.005486594745889306,-0.010069523705169559
009,3MIDD_048,0,0.016088493168354034,-0.005314353853464127,-0.01070142351090908,0.005387069657444954
009,3MIDD_048,1,0.016555964946746826,-0.005176353733986616,-0.010866159340366721,0.005689805606380105
009,3MIDD_048,2,0.017214585095643997,-0.004895447287708521,-0.011055016191676259,0.006159568903967738
009,3MIDD_048,3,0.017748164013028145,-0.004447802435606718,-0.011097983224317431,0.006650180788710713
009,3MIDD_048,4,0.017522571608424187,-0.004363188054412603,-0.010942879831418395,0.006579691777005792
009,3MIDD_048,5,0.017391866073012352,-0.00409373315051198,-0.010742799611762166,0.006649066461250186
009,3MIDD_048,6,0.01747851073741913,-0.0035628629848361015,-0.010520686861127615,0.0069578238762915134
009,3MIDD_048,7,0.017663851380348206,-0.0029412887524813414,-0.010302570066414773,0.007361281313933432
009,3MIDD_048,8,0.01788131333887577,-0.002395499497652054,-0.010138406418263912,0.007742906920611858
009,3MIDD_048,9,0.018012233078479767,-0.00204662187024951,-0.010029427474364638,0.007982805604115129
009,3MIDD_048,10,0.01812884397804737,-0.0018000401323661208,-0.009964442055206746,0.008164401922840625
009,3MIDD_048,11,0.018248585984110832,-0.0015812410274520516,-0.009914913505781442,0.00833367247832939
009,3MIDD_048,12,0.018364081159234047,-0.0013786200433969498,-0.009871350601315498,0.008492730557918549
009,3MIDD_048,13,0.018396349623799324,-0.0012149803806096315,-0.009805665002204478,0.008590684621594846
009,3MIDD_048,14,0.018333008512854576,-0.0010901667410507798,-0.009711587626952678,0.008621420885901898
009,3MIDD_048,15,0.018219592049717903,-0.0010112576419487596,-0.009615424845833331,0.008604167203884572
009,3MIDD_048,16,0.01809515245258808,-0.0009312643087469041,-0.009513208380667493,0.008581944071920589
009,3MIDD_048,17,0.01799745485186577,-0.0008398516220040619,-0.009418653236934915,0.008578801614930853
009,3MIDD_048,18,0.017910687252879143,-0.0007884271908551455,-0.009349557221867144,0.008561130031011999
009,3MIDD_048,19,0.01782570220530033,-0.0007081012008711696,-0.00926690170308575,0.00855880050221458
009,3MIDD_048,20,0.017723359167575836,-0.0005821152008138597,-0.009152737184194848,0.008570621983380988
009,3MIDD_048,21,0.017591098323464394,-0.0004645744920708239,-0.009027836407767609,0.008563261915696785
009,3MIDD_048,22,0.017434079200029373,-0.0003435107064433396,-0.008888794953236356,0.008545284246793017
009,3MIDD_048,23,0.01729191653430462,-0.00015500170411542058,-0.00872345911921002,0.008568457415094599
009,3MIDD_048,24,0.017192525789141655,7.617955998284742e-05,-0.008558173114579404,0.008634352674562251
009,3MIDD_048,25,0.017132747918367386,0.0003265520790591836,-0.008403097919654101,0.008729649998713285
009,3MIDD_048,26,0.017075374722480774,0.0005882384721189737,-0.0082435681251809,0.008831806597299874
009,3MIDD_048,27,0.017057621851563454,0.0008542146533727646,-0.008101703599095345,0.008955918252468109
009,3MIDD_048,28,0.017073845490813255,0.0011268180096521974,-0.007973513740580529,0.009100331750232726
009,3MIDD_048,29,0.017132354900240898,0.0014056924264878035,-0.007863331236876547,0.00926902366336435
009,3MIDD_048,30,0.01720581017434597,0.0016842246986925602,-0.007760792737826705,0.009445017436519265
009,3MIDD_048,31,0.017304936423897743,0.001968508819118142,-0.0076682138023898005,0.009636722621507943
009,3MIDD_048,32,0.0174119733273983,0.002244771458208561,-0.00758360093459487,0.00982837239280343
009,3MIDD_048,33,0.01752530038356781,0.0024879456032067537,-0.007518677390180528,0.010006622993387282
009,3MIDD_048,34,0.01767159253358841,0.0027323798276484013,-0.007469606352970004,0.010201986180618405
009,3MIDD_048,35,0.017836302518844604,0.0029923792462795973,-0.007421961636282504,0.010414340882562101
009,3MIDD_048,36,0.01800531893968582,0.00326340994797647,-0.007370954495854676,0.010634364443831146
009,3MIDD_048,37,0.018203651532530785,0.003542819758877158,-0.007330415886826813,0.010873235645703971
009,3MIDD_048,38,0.01840900257229805,0.003828967921435833,-0.0072900173254311085,0.011118985246866941
009,3MIDD_048,39,0.01857881247997284,0.004110618028789759,-0.00723409722559154,0.011344715254381299
009,3MIDD_048,40,0.018715472891926765,0.004388466011732817,-0.007163503440096974,0.011551969451829791
009,3MIDD_048,41,0.01883365586400032,0.004661498125642538,-0.007086078869178891,0.01174757699482143
009,3MIDD_048,42,0.018961366266012192,0.004932419862598181,-0.0070144732017070055,0.011946893064305186
009,3MIDD_048,43,0.01909169927239418,0.005200596991926432,-0.006945551140233874,0.012146148132160306
009,3MIDD_048,44,0.01921655796468258,0.005468264222145081,-0.006874146871268749,0.01234241109341383
009,3MIDD_048,45,0.019333964213728905,0.005727652460336685,-0.00680315587669611,0.012530808337032795
009,3MIDD_048,46,0.019438907504081726,0.005970001686364412,-0.006734452908858657,0.01270445459522307
009,3MIDD_048,47,0.019540365785360336,0.006200199481099844,-0.006670083152130246,0.01287028263323009
009,3MIDD_048,48,0.019626980647444725,0.006422939710319042,-0.006602020468562841,0.013024960178881884
009,3MIDD_048,49,0.019697392359375954,0.0066366735845804214,-0.006530359387397766,0.013167032971978188
009,3MIDD_207,0,0.003150155069306493,0.021175971254706383,0.009012908092699945,0.012163063162006438
009,3MIDD_207,1,0.002803443232551217,0.02136514149606228,0.00928084913175553,0.012084292364306748
009,3MIDD_207,2,0.0026533654890954494,0.021614782512187958,0.009480708511546254,0.012134074000641704
009,3MIDD_207,3,0.0027101633604615927,0.021658627316355705,0.009474231977947056,0.012184395338408649
009,3MIDD_207,4,0.003513672389090061,0.022103313356637955,0.009294820483773947,0.012808492872864008
009,3MIDD_207,5,0.004445915576070547,0.022643620148301125,0.009098852286115289,0.013544767862185836
009,3MIDD_207,6,0.004980425350368023,0.022928595542907715,0.008974085096269846,0.013954510446637869
009,3MIDD_207,7,0.0051865647546947,0.022923564538359642,0.008868499891832471,0.014055064646527171
009,3MIDD_207,8,0.005376202054321766,0.022890605032444,0.008757201489061117,0.014133403543382883
009,3MIDD_207,9,0.005813086871057749,0.023062637075781822,0.008624775102362037,0.014437861973419785
009,3MIDD_207,10,0.006366478279232979,0.02340864948928356,0.008521085605025291,0.01488756388425827
009,3MIDD_207,11,0.0069074672646820545,0.02384018339216709,0.008466358063742518,0.015373825328424573
009,3MIDD_207,12,0.007357523776590824,0.02420315518975258,0.008422815706580877,0.0157803394831717
009,3MIDD_207,13,0.007773535326123238,0.02445981651544571,0.008343140594661236,0.016116675920784473
009,3MIDD_207,14,0.00819364283233881,0.02467707358300686,0.008241715375334024,0.016435358207672834
009,3MIDD_207,15,0.008641636930406094,0.024895213544368744,0.008126788306981325,0.01676842523738742
009,3MIDD_207,16,0.009099910035729408,0.02511785551905632,0.008008972741663456,0.017108882777392864
009,3MIDD_207,17,0.009528120048344135,0.025326551869511604,0.007899215910583735,0.01742733595892787
009,3MIDD_207,18,0.009913476184010506,0.025526229292154312,0.007806376554071903,0.01771985273808241
009,3MIDD_207,19,0.010285362601280212,0.025763366371393204,0.007739001885056496,0.018024364486336708
009,3MIDD_207,20,0.010657516308128834,0.025997944176197052,0.007670213934034109,0.018327730242162943
009,3MIDD_207,21,0.011040356010198593,0.02615988440811634,0.007559764198958874,0.018600120209157467
009,3MIDD_207,22,0.011416795663535595,0.026305150240659714,0.007444177288562059,0.018860972952097654
009,3MIDD_207,23,0.011824446730315685,0.026450995355844498,0.007313274312764406,0.01913772104308009
009,3MIDD_207,24,0.012261461466550827,0.02660824917256832,0.007173393853008747,0.019434855319559574
009,3MIDD_207,25,0.012701055966317654,0.026790395379066467,0.007044669706374407,0.01974572567269206
009,3MIDD_207,26,0.013097667135298252,0.026983315125107765,0.0069428239949047565,0.02004049113020301
009,3MIDD_207,27,0.013431217521429062,0.02720055729150772,0.0068846698850393295,0.02031588740646839
009,3MIDD_207,28,0.01368691399693489,0.02745230495929718,0.006882695481181145,0.020569609478116035
009,3MIDD_207,29,0.013916846364736557,0.027701295912265778,0.00689222477376461,0.020809071138501167
009,3MIDD_207,30,0.01411485020071268,0.027955124154686928,0.0069201369769871235,0.021034987177699804
009,3MIDD_207,31,0.0142897330224514,0.02821185067296028,0.00696105882525444,0.02125079184770584
009,3MIDD_207,32,0.01443980261683464,0.028470337390899658,0.007015267387032509,0.02145507000386715
009,3MIDD_207,33,0.014587686397135258,0.028719456866383553,0.007065885234624147,0.021653571631759405
009,3MIDD_207,34,0.014770212583243847,0.028953755274415016,0.007091771345585585,0.02186198392882943
009,3MIDD_207,35,0.014967060647904873,0.029189473018050194,0.0071112061850726604,0.022078266832977533
009,3MIDD_207,36,0.01517939381301403,0.029415709897875786,0.007118158042430878,0.022297551855444908
009,3MIDD_207,37,0.015376492403447628,0.02963363751769066,0.007128572557121515,0.022505064960569143
009,3MIDD_207,38,0.0155492527410388,0.029842820018529892,0.007146783638745546,0.022696036379784346
009,3MIDD_207,39,0.015731167048215866,0.030072025954723358,0.007170429453253746,0.022901596501469612
009,3MIDD_207,40,0.01592320390045643,0.030288420617580414,0.007182608358561993,0.02310581225901842
009,3MIDD_207,41,0.016105247661471367,0.030470773577690125,0.007182762958109379,0.023288010619580746
009,3MIDD_207,42,0.016284016892313957,0.030636372044682503,0.007176177576184273,0.02346019446849823
009,3MIDD_207,43,0.016461506485939026,0.030806606635451317,0.0071725500747561455,0.02363405656069517
009,3MIDD_207,44,0.0166423711925745,0.03100053034722805,0.007179079577326775,0.023821450769901276
009,3MIDD_207,45,0.016826990991830826,0.031203357502818108,0.007188183255493641,0.024015174247324467
009,3MIDD_207,46,0.017007101327180862,0.03140775114297867,0.007200324907898903,0.024207426235079765
009,3MIDD_207,47,0.017181754112243652,0.031607408076524734,0.007212826982140541,0.024394581094384193
009,3MIDD_207,48,0.01735054701566696,0.03180188313126564,0.007225668057799339,0.0245762150734663
009,3MIDD_207,49,0.017517998814582825,0.03199346736073494,0.0072377342730760574,0.024755733087658882
009,4MIDD_085_170,0,-0.0015908891800791025,0.008042987436056137,0.00481693830806762,0.0032260491279885173
009,4MIDD_085_170,1,-0.0014476292999461293,0.008255036547780037,0.004851332923863083,0.003403703623916954
009,4MIDD_085_170,2,-0.0013737741392105818,0.00837926845997572,0.004876521299593151,0.003502747160382569
009,4MIDD_085_170,3,-0.0013035371666774154,0.00856708362698555,0.004935310396831483,0.0036317732301540673
009,4MIDD_085_170,4,-0.0011140980059280992,0.008962283842265606,0.0050381909240968525,0.003924092918168753
009,4MIDD_085_170,5,-0.0006733537884429097,0.009601030498743057,0.0051371921435929835,0.004463838355150074
009,4MIDD_085_170,6,-0.00026872981106862426,0.010191706009209156,0.00523021791013889,0.004961488099070266
009,4MIDD_085_170,7,-7.266224565682933e-05,0.010687628760933876,0.005380145503295353,0.005307483257638523
009,4MIDD_085_170,8,-1.7773370927898213e-05,0.011080319061875343,0.005549046216401621,0.0055312728454737226
009,4MIDD_085_170,9,5.420581146609038e-05,0.011429006233811378,0.005687400211172644,0.005741606022638734
009,4MIDD_085_170,10,0.00017586836474947631,0.011850137263536453,0.0058371344493934885,0.006013002814142965
009,4MIDD_085_170,11,0.0002890353789553046,0.012273312546312809,0.005992138583678752,0.006281173962634057
009,4MIDD_085_170,12,0.0004137673240620643,0.012651218101382256,0.006118725388660096,0.00653249271272216
009,4MIDD_085_170,13,0.0005368018173612654,0.013005233369767666,0.0062342157762032,0.006771017593564466
009,4MIDD_085_170,14,0.0006316088256426156,0.01334715262055397,0.006357771897455677,0.006989380723098293
009,4MIDD_085_170,15,0.0007455030572600663,0.013695676811039448,0.006475086876889691,0.007220589934149757
009,4MIDD_085_170,16,0.0008701561600901186,0.013979513198137283,0.006554678519023582,0.007424834679113701
009,4MIDD_085_170,17,0.0009605380473658442,0.01419932208955288,0.0066193920210935175,0.007579930068459362
009,4MIDD_085_170,18,0.0009915328118950129,0.014354635961353779,0.006681551574729383,0.007673084386624396
009,4MIDD_085_170,19,0.001038555521517992,0.014505941420793533,0.006733692949637771,0.007772248471155763
009,4MIDD_085_170,20,0.0011522200657054782,0.014624358154833317,0.006736069044563919,0.007888289110269397
009,4MIDD_085_170,21,0.0012226288672536612,0.014735771343111992,0.006756571237929165,0.007979200105182827
009,4MIDD_085_170,22,0.001228949287906289,0.014860718511044979,0.006815884611569345,0.008044833899475634
009,4MIDD_085_170,23,0.00122476601973176,0.01497233659029007,0.006873785285279155,0.008098551305010915
009,4MIDD_085_170,24,0.001227817963808775,0.015070195309817791,0.006921188673004508,0.008149006636813283
009,4MIDD_085_170,25,0.0012414410011842847,0.015180280432105064,0.00696941971546039,0.008210860716644675
009,4MIDD_085_170,26,0.0012585916556417942,0.015278843231499195,0.0070101257879287004,0.008268717443570495
009,4MIDD_085_170,27,0.0012944116024300456,0.015375219285488129,0.0070404038415290415,0.008334815443959087
009,4MIDD_085_170,28,0.001349852653220296,0.015448943711817265,0.007049545529298484,0.00839939818251878
009,4MIDD_085_170,29,0.0014183914754539728,0.015547048300504684,0.007064328412525356,0.008482719887979329
009,4MIDD_085_170,30,0.0014741504564881325,0.015660852193832397,0.0070933508686721325,0.008567501325160265
009,4MIDD_085_170,31,0.0015280561055988073,0.015766117721796036,0.007119030808098614,0.008647086913697422
009,4MIDD_085_170,32,0.0015949957305565476,0.015872346237301826,0.007138675253372639,0.008733670983929187
009,4MIDD_085_170,33,0.0016572236781939864,0.015970369800925255,0.007156573061365634,0.00881379673955962
009,4MIDD_085_170,34,0.0017300508916378021,0.016067728400230408,0.007168838754296303,0.008898889645934105
009,4MIDD_085_170,35,0.0018253596499562263,0.016149509698152542,0.007162075024098158,0.008987434674054384
009,4MIDD_085_170,36,0.0019373466493561864,0.016222694888710976,0.007142674119677395,0.009080020769033581
009,4MIDD_085_170,37,0.0020514081697911024,0.016310803592205048,0.007129697711206973,0.009181105880998075
009,4MIDD_085_170,38,0.0021775260102003813,0.01640109159052372,0.007111782790161669,0.00928930880036205
009,4MIDD_085_170,39,0.00231130956672132,0.01648247428238392,0.007085582357831299,0.00939689192455262
009,4MIDD_085_170,40,0.002453343477100134,0.016555629670619965,0.007051143096759915,0.00950448657386005
009,4MIDD_085_170,41,0.0025987401604652405,0.016618816182017326,0.007010038010776043,0.009608778171241283
009,4MIDD_085_170,42,0.0027477238327264786,0.01668311469256878,0.00696769542992115,0.009715419262647629
009,4MIDD_085_170,43,0.002898054663091898,0.016766509041190147,0.006934227189049125,0.009832281852141023
009,4MIDD_085_170,44,0.003049000632017851,0.01685449667274952,0.006902748020365834,0.009951748652383685
009,4MIDD_085_170,45,0.0032042551320046186,0.016940636560320854,0.006868190714158118,0.010072445846162736
009,4MIDD_085_170,46,0.0033625063952058554,0.01701776683330536,0.006827630219049752,0.010190136614255607
009,4MIDD_085_170,47,0.0035185168962925673,0.017092706635594368,0.0067870948696509,0.010305611765943468
009,4MIDD_085_170,48,0.0036737218033522367,0.017167186364531517,0.00674673228058964,0.010420454083941877
009,4MIDD_085_170,49,0.0038267753552645445,0.01724414713680744,0.006708685890771449,0.010535461246035993
010,3MIDD_048,0,0.002009864430874586,0.00035136673250235617,-0.000829248849186115,0.0011806155816884711
010,3MIDD_048,1,0.0018779691308736801,0.0003317361406516284,-0.0007731164951110259,0.0011048526357626542
010,3MIDD_048,2,0.0020884459372609854,8.321171480929479e-05,-0.0010026171112258453,0.00108582882603514
010,3MIDD_048,3,0.001690531731583178,0.0003805538290180266,-0.0006549889512825757,0.0010355427803006023
010,3MIDD_048,4,0.0010348715586587787,0.0007307145278900862,-0.00015207851538434625,0.0008827930432744324
010,3MIDD_048,5,0.0005365927936509252,0.0007341828313656151,9.879501885734499e-05,0.0006353878125082701
010,3MIDD_048,6,0.00033367867581546307,0.0007027317769825459,0.0001845265505835414,0.0005182052263990045
010,3MIDD_048,7,0.00024553408729843795,0.0007934058085083961,0.0002739358606049791,0.000519469947903417
010,3MIDD_048,8,0.0002527698816265911,0.0008716118754819036,0.00030942099692765623,0.0005621908785542473
010,3MIDD_048,9,0.00024075554392766207,0.0009684439864940941,0.00036384422128321603,0.0006045997652108781
010,3MIDD_048,10,0.00022805249318480492,0.001059815869666636,0.00041588168824091554,0.0006439341814257205
010,3MIDD_048,11,0.0002351130824536085,0.001101474859751761,0.0004331808886490762,0.0006682939711026847
010,3MIDD_048,12,0.0002776538021862507,0.001131455646827817,0.00042690092232078314,0.0007045547245070338
010,3MIDD_048,13,0.00028570633730851114,0.0011354000307619572,0.000424846846726723,0.0007105531840352342
010,3MIDD_048,14,0.00027701377985067666,0.0011334321461617947,0.000428209183155559,0.0007052229630062357
010,3MIDD_048,15,0.000213420411455445,0.0011168393539264798,0.0004517094712355174,0.0006651298826909624
010,3MIDD_048,16,0.0001588888990227133,0.0011437550419941545,0.0004924330714857206,0.0006513219705084339
010,3MIDD_048,17,0.00011037354124709964,0.0011703269556164742,0.0005299767071846873,0.0006403502484317869
010,3MIDD_048,18,0.00010124941763933748,0.0012165671214461327,0.0005576588519033976,0.0006589082695427351
010,3MIDD_048,19,0.00010526513506192714,0.0012366013834252954,0.0005656681241816841,0.0006709332592436112
010,3MIDD_048,20,0.00012210207933094352,0.0012598962057381868,0.0005688970632036217,0.0006909991425345652
010,3MIDD_048,21,0.00012736923235934228,0.0012697073398157954,0.0005711690537282266,0.0006985382860875688
010,3MIDD_048,22,0.00014042008842807263,0.0013090751599520445,0.0005843275357619859,0.0007247476241900586
010,3MIDD_048,23,0.0001463805529056117,0.0013521243818104267,0.0006028719144524075,0.0007492524673580192
010,3MIDD_048,24,0.00014755480515304953,0.0014112619683146477,0.0006318535815807991,0.0007794083867338486
010,3MIDD_048,25,0.0001440815976820886,0.001462471904233098,0.0006591951532755047,0.0008032767509575933
010,3MIDD_048,26,0.00013774121180176735,0.001486987341195345,0.0006746230646967888,0.0008123642764985561
010,3MIDD_048,27,0.0001311724045081064,0.0015019625425338745,0.000685395069012884,0.0008165674735209905
010,3MIDD_048,28,0.0001278066192753613,0.0015209397533908486,0.0006965665670577437,0.000824373186333105
010,3MIDD_048,29,0.00011242434993619099,0.0015497138956561685,0.0007186447728599887,0.0008310691227961797
010,3MIDD_048,30,9.204929665429518e-05,0.001586803700774908,0.0007473772020603064,0.0008394264987146016
010,3MIDD_048,31,7.012273272266611e-05,0.001610106904990971,0.0007699920861341525,0.0008401148188568186
010,3MIDD_048,32,5.171343218535185e-05,0.001636069267988205,0.0007921779179014266,0.0008438913500867784
010,3MIDD_048,33,4.064276799908839e-05,0.0016518179327249527,0.0008055875823629322,0.0008462303503620205
010,3MIDD_048,34,4.182461270829663e-05,0.0016697776736691594,0.0008139765304804314,0.000855801143188728
010,3MIDD_048,35,5.9608060837490484e-05,0.0016921068308874965,0.000816249385025003,0.0008758574458624935
010,3MIDD_048,36,7.9692094004713e-05,0.0017258765874430537,0.0008230922467191704,0.0009027843407238834
010,3MIDD_048,37,9.34295094339177e-05,0.001746821217238903,0.0008266958539024927,0.0009201253633364104
010,3MIDD_048,38,0.00010867258970392868,0.0017617173725739121,0.0008265223914349917,0.0009351949811389204
010,3MIDD_048,39,0.00012183445505797863,0.0017548637697473168,0.0008165146573446691,0.0009383491124026477
010,3MIDD_048,40,0.00013232564378995448,0.0017380871577188373,0.0008028807569644414,0.0009352064007543959
010,3MIDD_048,41,0.00014493014896288514,0.0016971786972135305,0.0007761242741253227,0.0009210544230882078
010,3MIDD_048,42,0.00016444639186374843,0.0016646665753796697,0.0007501100917579606,0.000914556483621709
010,3MIDD_048,43,0.00019339658319950104,0.001631193794310093,0.0007188986055552959,0.000912295188754797
010,3MIDD_048,44,0.00023778897593729198,0.0015967384679242969,0.0006794747459935024,0.0009172637219307944
010,3MIDD_048,45,0.0002925519074779004,0.0015793230850249529,0.0006433855887735263,0.0009359374962514266
010,3MIDD_048,46,0.0003473329998087138,0.001606518984772265,0.0006295929924817756,0.0009769259922904894
010,3MIDD_048,47,0.00040164744132198393,0.0016432693228125572,0.0006208109407452866,0.0010224583820672706
010,3MIDD_048,48,0.00045630105887539685,0.001689472352154553,0.000616585646639578,0.001072886705514975
010,3MIDD_048,49,0.0005069071194157004,0.0017401953227818012,0.0006166441016830504,0.0011235512210987508
010,3MIDD_207,0,0.01741957664489746,0.049737073481082916,0.016158748418092728,0.03357832506299019
010,3MIDD_207,1,0.017713574692606926,0.05122989043593407,0.01675815787166357,0.034471732564270496
010,3MIDD_207,2,0.017883172258734703,0.05324885621666908,0.01768284197896719,0.03556601423770189
010,3MIDD_207,3,0.015048841014504433,0.05720193311572075,0.021076546050608158,0.03612538706511259
010,3MIDD_207,4,0.012677818536758423,0.05798674374818802,0.022654462605714798,0.03533228114247322
010,3MIDD_207,5,0.011899980716407299,0.056686047464609146,0.022393033374100924,0.03429301409050822
010,3MIDD_207,6,0.011701768264174461,0.05487200617790222,0.02158511895686388,0.03328688722103834
010,3MIDD_207,7,0.011254767887294292,0.053588200360536575,0.02116671623662114,0.032421484123915434
010,3MIDD_207,8,0.010897728614509106,0.05319447070360184,0.021148371044546366,0.03204609965905547
010,3MIDD_207,9,0.010401732288300991,0.05331684276461601,0.02145755523815751,0.0318592875264585
010,3MIDD_207,10,0.009983964264392853,0.053005386143922806,0.021510710939764977,0.03149467520415783
010,3MIDD_207,11,0.009638826362788677,0.05248470976948738,0.021422941703349352,0.03106176806613803
010,3MIDD_207,12,0.009376756846904755,0.051887743175029755,0.0212554931640625,0.030632250010967255
010,3MIDD_207,13,0.009125236421823502,0.05145803093910217,0.021166397258639336,0.030291633680462837
010,3MIDD_207,14,0.008927131071686745,0.05114153027534485,0.021107199601829052,0.030034330673515797
010,3MIDD_207,15,0.008718865923583508,0.0509333461523056,0.021107240114361048,0.029826106037944555
010,3MIDD_207,16,0.00851902924478054,0.05071379244327545,0.021097381599247456,0.029616410844027996
010,3MIDD_207,17,0.00835561752319336,0.0504828616976738,0.02106362208724022,0.02941923961043358
010,3MIDD_207,18,0.008207106962800026,0.0502481646835804,0.021020528860390186,0.029227635823190212
010,3MIDD_207,19,0.00801977701485157,0.05005410313606262,0.021017163060605526,0.029036940075457096
010,3MIDD_207,20,0.00785122811794281,0.04989191144704819,0.02102034166455269,0.0288715697824955
010,3MIDD_207,21,0.007703055627644062,0.04981662333011627,0.021056783851236105,0.028759839478880167
010,3MIDD_207,22,0.0076033370569348335,0.04975118488073349,0.021073923911899328,0.028677260968834162
010,3MIDD_207,23,0.0075352005660533905,0.0496528334915638,0.021058816462755203,0.028594017028808594
010,3MIDD_207,24,0.007467302493751049,0.04952046647667885,0.0210265819914639,0.02849388448521495
010,3MIDD_207,25,0.0073885200545191765,0.04942251369357109,0.021016996819525957,0.028405516874045134
010,3MIDD_207,26,0.00729999179020524,0.04934021085500717,0.021020109532400966,0.028320101322606206
010,3MIDD_207,27,0.007172419223934412,0.04927081987261772,0.021049200324341655,0.028221619548276067
010,3MIDD_207,28,0.007025765720754862,0.04919809475541115,0.021086164517328143,0.028111930238083005
010,3MIDD_207,29,0.00686554703861475,0.049138158559799194,0.021136305760592222,0.028001852799206972
010,3MIDD_207,30,0.006684378255158663,0.04909050837159157,0.021203065058216453,0.027887443313375115
010,3MIDD_207,31,0.006481872871518135,0.049056362360715866,0.021287244744598866,0.027769117616117
010,3MIDD_207,32,0.006271728314459324,0.04904411360621452,0.0213861926458776,0.027657920960336924
010,3MIDD_207,33,0.006092697381973267,0.04904341325163841,0.021475357934832573,0.02756805531680584
010,3MIDD_207,34,0.005885724909603596,0.04909184202551842,0.02160305855795741,0.027488783467561007
010,3MIDD_207,35,0.005663338117301464,0.04918253794312477,0.021759599912911654,0.027422938030213118
010,3MIDD_207,36,0.005436459556221962,0.049319248646497726,0.021941394545137882,0.027377854101359844
010,3MIDD_207,37,0.0052194190211594105,0.04947613552212715,0.02212835825048387,0.02734777727164328
010,3MIDD_207,38,0.005032781977206469,0.049599409103393555,0.022283313563093543,0.02731609554030001
010,3MIDD_207,39,0.004887941759079695,0.04969532787799835,0.02240369305945933,0.027291634818539023
010,3MIDD_207,40,0.0047671315260231495,0.04979418218135834,0.022513525327667594,0.027280656853690743
010,3MIDD_207,41,0.004661464598029852,0.049889255315065384,0.022613895358517766,0.027275359956547618
010,3MIDD_207,42,0.004569697193801403,0.04997642710804939,0.022703364957123995,0.027273062150925398
010,3MIDD_207,43,0.004489833954721689,0.05006243661046028,0.022786301327869296,0.027276135282590985
010,3MIDD_207,44,0.004416387062519789,0.05014834180474281,0.022865977371111512,0.0272823644336313
010,3MIDD_207,45,0.004344158805906773,0.05024275928735733,0.02294930024072528,0.02729345904663205
010,3MIDD_207,46,0.004279336892068386,0.05031570792198181,0.023018185514956713,0.0272975224070251
010,3MIDD_207,47,0.004216551315039396,0.05039682984352112,0.02309013926424086,0.027306690579280257
010,3MIDD_207,48,0.004174826666712761,0.05049008131027222,0.023157627321779728,0.02733245398849249
010,3MIDD_207,49,0.00414010975509882,0.050604403018951416,0.023232146631926298,0.027372256387025118
010,4MIDD_085_170,0,0.008186467923223972,0.01923415996134281,0.00552384601905942,0.013710313942283392
010,4MIDD_085_170,1,0.008403120562434196,0.01957073248922825,0.005583805963397026,0.013986926525831223
010,4MIDD_085_170,2,0.008251434192061424,0.019893154501914978,0.005820860154926777,0.014072294346988201
010,4MIDD_085_170,3,0.007355163339525461,0.019232911989092827,0.005938874324783683,0.013294037664309144
010,4MIDD_085_170,4,0.006380568258464336,0.018195463344454765,0.0059074475429952145,0.01228801580145955
010,4MIDD_085_170,5,0.0059061916545033455,0.01731046847999096,0.005702138412743807,0.011608330067247152
010,4MIDD_085_170,6,0.005628255661576986,0.016804927960038185,0.005588336149230599,0.011216591810807586
010,4MIDD_085_170,7,0.005350393708795309,0.016623185947537422,0.0056363961193710566,0.010986789828166366
010,4MIDD_085_170,8,0.005126818548887968,0.01647736132144928,0.005675271386280656,0.010802089935168624
010,4MIDD_085_170,9,0.0048965467140078545,0.01622314751148224,0.005663300398737192,0.010559847112745047
010,4MIDD_085_170,10,0.0047998870722949505,0.01587211713194847,0.00553611502982676,0.01033600210212171
010,4MIDD_085_170,11,0.004729374777525663,0.015475980937480927,0.005373303079977632,0.010102677857503295
010,4MIDD_085_170,12,0.004720152821391821,0.01505569089204073,0.005167769035324454,0.009887921856716275
010,4MIDD_085_170,13,0.004706826061010361,0.014741268940269947,0.005017221439629793,0.009724047500640154
010,4MIDD_085_170,14,0.004706726409494877,0.014488974586129189,0.004891124088317156,0.009597850497812033
010,4MIDD_085_170,15,0.004706685431301594,0.01424382533878088,0.004768569953739643,0.009475255385041237
010,4MIDD_085_170,16,0.004719106946140528,0.013956578448414803,0.004618735751137137,0.009337842697277665
010,4MIDD_085_170,17,0.004708930850028992,0.013653632253408432,0.00447235070168972,0.009181281551718712
010,4MIDD_085_170,18,0.0046942513436079025,0.013352318666875362,0.00432903366163373,0.009023285005241632
010,4MIDD_085_170,19,0.00466954754665494,0.013096926733851433,0.004213689593598247,0.008883237140253186
010,4MIDD_085_170,20,0.004652929026633501,0.01286781020462513,0.004107440588995814,0.008760369615629315
010,4MIDD_085_170,21,0.0046363696455955505,0.01265344675630331,0.00400853855535388,0.00864490820094943
010,4MIDD_085_170,22,0.0046203238889575005,0.012428984977304935,0.0039043305441737175,0.008524654433131218
010,4MIDD_085_170,23,0.004596335347741842,0.01220913790166378,0.003806401276960969,0.008402736624702811
010,4MIDD_085_170,24,0.004564911127090454,0.012004317715764046,0.003719703294336796,0.00828461442142725
010,4MIDD_085_170,25,0.0045117223635315895,0.011824976652860641,0.003656627144664526,0.008168349508196115
010,4MIDD_085_170,26,0.0044547514989972115,0.011676905676722527,0.0036110770888626575,0.008065828587859869
010,4MIDD_085_170,27,0.004385532345622778,0.011541744694113731,0.0035781061742454767,0.007963638519868255
010,4MIDD_085_170,28,0.004327696748077869,0.011410965584218502,0.0035416344180703163,0.007869331166148186
010,4MIDD_085_170,29,0.004268663469702005,0.01128554530441761,0.0035084409173578024,0.007777104387059808
010,4MIDD_085_170,30,0.004219345282763243,0.011146661825478077,0.003463658271357417,0.00768300355412066
010,4MIDD_085_170,31,0.00416293041780591,0.010992269031703472,0.003414669306948781,0.007577599724754691
010,4MIDD_085_170,32,0.004113092552870512,0.010843321681022644,0.003365114564076066,0.007478207116946578
010,4MIDD_085_170,33,0.004068358801305294,0.010684514418244362,0.003308077808469534,0.007376436609774828
010,4MIDD_085_170,34,0.00403943657875061,0.010546964593231678,0.003253764007240534,0.007293200585991144
010,4MIDD_085_170,35,0.004011627286672592,0.010410549119114876,0.003199460916221142,0.007211088202893734
010,4MIDD_085_170,36,0.003993598278611898,0.010279220528900623,0.0031428111251443624,0.007136409403756261
010,4MIDD_085_170,37,0.003966378979384899,0.01015562005341053,0.0030946205370128155,0.007060999516397715
010,4MIDD_085_170,38,0.003939484246075153,0.010035081766545773,0.0030477987602353096,0.006987283006310463
010,4MIDD_085_170,39,0.003907522186636925,0.009906970895826817,0.002999724354594946,0.006907246541231871
010,4MIDD_085_170,40,0.003875888418406248,0.009765952825546265,0.0029450322035700083,0.006820920621976256
010,4MIDD_085_170,41,0.0038342957850545645,0.00961973611265421,0.0028927201637998223,0.006727015948854387
010,4MIDD_085_170,42,0.0037962656933814287,0.009487956762313843,0.002845845534466207,0.006642111227847636
010,4MIDD_085_170,43,0.0037656622007489204,0.00935928151011467,0.0027968096546828747,0.006562471855431795
010,4MIDD_085_170,44,0.0037449903320521116,0.009236705489456654,0.002745857578702271,0.006490847910754383
010,4MIDD_085_170,45,0.0037204984109848738,0.009123158641159534,0.0027013301150873303,0.006421828526072204
010,4MIDD_085_170,46,0.003698262618854642,0.009016202762722969,0.0026589700719341636,0.0063572326907888055
010,4MIDD_085_170,47,0.003667230950668454,0.008931800723075867,0.0026322848862037063,0.0062995158368721604
010,4MIDD_085_170,48,0.0036270616110414267,0.008857383392751217,0.002615160890854895,0.006242222501896322
010,4MIDD_085_170,49,0.0035859954077750444,0.00878951046615839,0.002601757529191673,0.006187752936966717
011,3MIDD_048,0,0.011476648040115833,-0.014099327847361565,-0.012787987943738699,-0.0013113399036228657
011,3MIDD_048,1,0.00984916277229786,-0.014307414181530476,-0.012078288476914167,-0.002229125704616308
011,3MIDD_048,2,0.008558010682463646,-0.014932836405932903,-0.011745423544198275,-0.0031874128617346287
011,3MIDD_048,3,0.007676626089960337,-0.015354885719716549,-0.011515755904838443,-0.003839129814878106
011,3MIDD_048,4,0.0067243133671581745,-0.01594672165811062,-0.011335517512634397,-0.004611204145476222
011,3MIDD_048,5,0.00541158951818943,-0.016964945942163467,-0.011188267730176449,-0.005776678211987019
011,3MIDD_048,6,0.004133366513997316,-0.01810711994767189,-0.011120243230834603,-0.006986876716837287
011,3MIDD_048,7,0.0029683515895158052,-0.018777739256620407,-0.010873045423068106,-0.007904693833552301
011,3MIDD_048,8,0.001738840015605092,-0.01925281621515751,-0.0104958281153813,-0.008756988099776208
011,3MIDD_048,9,0.0005283692735247314,-0.01951775699853897,-0.010023063136031851,-0.00949469386250712
011,3MIDD_048,10,-0.0007358893635682762,-0.019731272011995316,-0.00949769132421352,-0.010233580687781796
011,3MIDD_048,11,-0.001968975178897381,-0.019968608394265175,-0.008999816607683897,-0.010968791786581278
011,3MIDD_048,12,-0.0031241236720234156,-0.02027512714266777,-0.008575501735322177,-0.011699625407345593
011,3MIDD_048,13,-0.0041972980834543705,-0.02060515061020851,-0.00820392626337707,-0.012401224346831441
011,3MIDD_048,14,-0.005248963832855225,-0.020934291183948517,-0.007842663675546646,-0.01309162750840187
011,3MIDD_048,15,-0.006470820400863886,-0.021223710849881172,-0.007376445224508643,-0.013847265625372529
011,3MIDD_048,16,-0.007636306807398796,-0.021486544981598854,-0.006925119087100029,-0.014561425894498825
011,3MIDD_048,17,-0.008815492503345013,-0.021686749532818794,-0.006435628514736891,-0.015251121018081903
011,3MIDD_048,18,-0.009951207786798477,-0.02182120457291603,-0.005934998393058777,-0.015886206179857254
011,3MIDD_048,19,-0.011055855080485344,-0.021849684417247772,-0.005396914668381214,-0.016452769748866558
011,3MIDD_048,20,-0.012107424437999725,-0.021823910996317863,-0.004858243279159069,-0.016965667717158794
011,3MIDD_048,21,-0.013088521547615528,-0.021721508353948593,-0.0043164934031665325,-0.01740501495078206
011,3MIDD_048,22,-0.014057367108762264,-0.02170170098543167,-0.0038221669383347034,-0.017879534047096968
011,3MIDD_048,23,-0.014935212209820747,-0.021993983536958694,-0.0035293856635689735,-0.01846459787338972
011,3MIDD_048,24,-0.015770139172673225,-0.022290064021945,-0.003259962424635887,-0.019030101597309113
011,3MIDD_048,25,-0.016749205067753792,-0.022506732493638992,-0.0028787637129426003,-0.019627968780696392
011,3MIDD_048,26,-0.017770923674106598,-0.02243836037814617,-0.002333718352019787,-0.020104642026126385
011,3MIDD_048,27,-0.01880940981209278,-0.022435909137129784,-0.0018132496625185013,-0.020622659474611282
011,3MIDD_048,28,-0.01981441304087639,-0.022733813151717186,-0.0014597000554203987,-0.021274113096296787
011,3MIDD_048,29,-0.020665744319558144,-0.02310698851943016,-0.0012206220999360085,-0.021886366419494152
011,3MIDD_048,30,-0.02148755080997944,-0.02337980456650257,-0.0009461268782615662,-0.022433677688241005
011,3MIDD_048,31,-0.02226901240646839,-0.02372199483215809,-0.0007264912128448486,-0.02299550361931324
011,3MIDD_048,32,-0.02296372875571251,-0.024051550775766373,-0.0005439110100269318,-0.02350763976573944
011,3MIDD_048,33,-0.02359517104923725,-0.024452704936265945,-0.0004287669435143471,-0.0240239379927516
011,3MIDD_048,34,-0.024261169135570526,-0.02500012144446373,-0.00036947615444660187,-0.024630645290017128
011,3MIDD_048,35,-0.024947727099061012,-0.02545841969549656,-0.00025534629821777344,-0.025203073397278786
011,3MIDD_048,36,-0.02559075504541397,-0.025890454649925232,-0.0001498498022556305,-0.0257406048476696
011,3MIDD_048,37,-0.026130473241209984,-0.026156669482588768,-1.309812068939209e-05,-0.026143571361899376
011,3MIDD_048,38,-0.026496097445487976,-0.026409966871142387,4.306528717279434e-05,-0.02645303215831518
011,3MIDD_048,39,-0.02711215429008007,-0.02667403779923916,0.00021905824542045593,-0.026893096044659615
011,3MIDD_048,40,-0.027872635051608086,-0.02707013487815857,0.00040125008672475815,-0.027471384964883327
011,3MIDD_048,41,-0.02864714153110981,-0.027533484622836113,0.0005568284541368484,-0.02809031307697296
011,3MIDD_048,42,-0.029495244845747948,-0.028163915500044823,0.0006656646728515625,-0.028829580172896385
011,3MIDD_048,43,-0.03052121214568615,-0.028742481023073196,0.0008893655613064766,-0.029631846584379673
011,3MIDD_048,44,-0.031529493629932404,-0.029229899868369102,0.0011497968807816505,-0.030379696749150753
011,3MIDD_048,45,-0.032442282885313034,-0.029453769326210022,0.001494256779551506,-0.030948026105761528
011,3MIDD_048,46,-0.033158641308546066,-0.029644496738910675,0.0017570722848176956,-0.03140156902372837
011,3MIDD_048,47,-0.03385572135448456,-0.029733821749687195,0.0020609498023986816,-0.031794771552085876
011,3MIDD_048,48,-0.03450653329491615,-0.02980249933898449,0.0023520169779658318,-0.03215451631695032
011,3MIDD_048,49,-0.03507676348090172,-0.029980957508087158,0.00254790298640728,-0.03252886049449444
011,3MIDD_207,0,-0.019100170582532883,0.011290042661130428,0.015195106621831656,-0.003905063960701227
011,3MIDD_207,1,-0.0201884675770998,0.008741208352148533,0.014464837964624166,-0.005723629612475634
011,3MIDD_207,2,-0.02243291772902012,0.005554362665861845,0.013993640197440982,-0.008439277531579137
011,3MIDD_207,3,-0.02809322066605091,0.0035526882857084274,0.01582295447587967,-0.012270266190171242
011,3MIDD_207,4,-0.03361928090453148,0.002941893646493554,0.018280587275512516,-0.015338693629018962
011,3MIDD_207,5,-0.036852482706308365,0.0027601043693721294,0.019806293537840247,-0.017046189168468118
011,3MIDD_207,6,-0.0384671650826931,0.002218902576714754,0.020343033829703927,-0.018124131252989173
011,3MIDD_207,7,-0.03982602059841156,0.000581319909542799,0.02020367025397718,-0.01962235034443438
011,3MIDD_207,8,-0.0415324866771698,-0.001415942911989987,0.020058271882589906,-0.021474214794579893
011,3MIDD_207,9,-0.043703291565179825,-0.0035014483146369457,0.02010092162527144,-0.023602369939908385
011,3MIDD_207,10,-0.046092741191387177,-0.005942887626588345,0.020074926782399416,-0.02601781440898776
011,3MIDD_207,11,-0.04828926920890808,-0.008133417926728725,0.020077925641089678,-0.028211343567818403
011,3MIDD_207,12,-0.050184354186058044,-0.010033361613750458,0.020075496286153793,-0.03010885789990425
011,3MIDD_207,13,-0.05182763189077377,-0.011836918070912361,0.019995356909930706,-0.03183227498084307
011,3MIDD_207,14,-0.053139783442020416,-0.013446582481265068,0.019846600480377674,-0.03329318296164274
011,3MIDD_207,15,-0.05412508174777031,-0.015210061334073544,0.019457510206848383,-0.034667571540921926
011,3MIDD_207,16,-0.054906390607357025,-0.016958389431238174,0.018974000588059425,-0.0359323900192976
011,3MIDD_207,17,-0.05494730919599533,-0.018512897193431854,0.01821720600128174,-0.03673010319471359
011,3MIDD_207,18,-0.0550297312438488,-0.019744545221328735,0.017642593011260033,-0.03738713823258877
011,3MIDD_207,19,-0.05535845085978508,-0.020650412887334824,0.017354018986225128,-0.03800443187355995
011,3MIDD_207,20,-0.05564393475651741,-0.021528026089072227,0.01705795433372259,-0.03858598042279482
011,3MIDD_207,21,-0.05593437701463699,-0.022580472752451897,0.01667695213109255,-0.039257424883544445
011,3MIDD_207,22,-0.056390952318906784,-0.024005882441997528,0.016192534938454628,-0.040198417380452156
011,3MIDD_207,23,-0.05700339749455452,-0.02522406354546547,0.015889666974544525,-0.041113730520009995
011,3MIDD_207,24,-0.05782807245850563,-0.02608436904847622,0.015871851705014706,-0.041956220753490925
011,3MIDD_207,25,-0.05853044241666794,-0.02669432759284973,0.015918057411909103,-0.042612385004758835
011,3MIDD_207,26,-0.05913356691598892,-0.026935411617159843,0.01609907764941454,-0.04303448926657438
011,3MIDD_207,27,-0.05944424122571945,-0.026969732716679573,0.01623725425451994,-0.04320698697119951
011,3MIDD_207,28,-0.06005926430225372,-0.026573793962597847,0.016742735169827938,-0.043316529132425785
011,3MIDD_207,29,-0.06112794578075409,-0.025823570787906647,0.01765218749642372,-0.04347575828433037
011,3MIDD_207,30,-0.06165558472275734,-0.025205902755260468,0.018224840983748436,-0.043430743739008904
011,3MIDD_207,31,-0.06149793043732643,-0.024696389213204384,0.018400770612061024,-0.04309715982526541
011,3MIDD_207,32,-0.06092420592904091,-0.02390865422785282,0.018507775850594044,-0.042416430078446865
011,3MIDD_207,33,-0.0601041242480278,-0.02273480035364628,0.01868466194719076,-0.04141946230083704
011,3MIDD_207,34,-0.059360723942518234,-0.021371861919760704,0.018994431011378765,-0.04036629293113947
011,3MIDD_207,35,-0.05814771354198456,-0.020037580281496048,0.019055066630244255,-0.0390926469117403
011,3MIDD_207,36,-0.05613858252763748,-0.018439482897520065,0.018849549815058708,-0.037289032712578773
011,3MIDD_207,37,-0.054151274263858795,-0.01660388708114624,0.018773693591356277,-0.03537758067250252
011,3MIDD_207,38,-0.05243914946913719,-0.015328825451433659,0.018555162008851767,-0.033883987460285425
011,3MIDD_207,39,-0.05076487734913826,-0.014610286802053452,0.018077295273542404,-0.032687582075595856
011,3MIDD_207,40,-0.049333177506923676,-0.014502574689686298,0.01741530140861869,-0.03191787609830499
011,3MIDD_207,41,-0.04812919348478317,-0.014704043045639992,0.01671257521957159,-0.03141661826521158
011,3MIDD_207,42,-0.047211989760398865,-0.014831393957138062,0.0161902979016304,-0.031021691858768463
011,3MIDD_207,43,-0.046425629407167435,-0.01506881695240736,0.015678406227380037,-0.030747223179787397
011,3MIDD_207,44,-0.04561885446310043,-0.015509620308876038,0.015054617077112198,-0.030564237385988235
011,3MIDD_207,45,-0.044874995946884155,-0.015706248581409454,0.01458437368273735,-0.030290622264146805
011,3MIDD_207,46,-0.044193118810653687,-0.0159362331032753,0.014128442853689194,-0.030064675956964493
011,3MIDD_207,47,-0.04354547709226608,-0.016598593443632126,0.013473441824316978,-0.030072035267949104
011,3MIDD_207,48,-0.0430842824280262,-0.017467418685555458,0.01280843187123537,-0.03027585055679083
011,3MIDD_207,49,-0.04272749647498131,-0.01848888210952282,0.012119307182729244,-0.030608189292252064
011,4MIDD_085_170,0,-0.0030483356676995754,-0.005233864765614271,-0.0010927645489573479,-0.004141100216656923
011,4MIDD_085_170,1,-0.0037191412411630154,-0.006267766933888197,-0.0012743128463625908,-0.004993454087525606
011,4MIDD_085_170,2,-0.004745171405375004,-0.007398954592645168,-0.0013268915936350822,-0.006072062999010086
011,4MIDD_085_170,3,-0.005624272860586643,-0.008670434355735779,-0.0015230807475745678,-0.007147353608161211
011,4MIDD_085_170,4,-0.006261033937335014,-0.009974253363907337,-0.0018566097132861614,-0.008117643650621176
011,4MIDD_085_170,5,-0.006610526237636805,-0.010914471931755543,-0.002151972847059369,-0.008762499084696174
011,4MIDD_085_170,6,-0.0069413213059306145,-0.011591393500566483,-0.002325036097317934,-0.009266357403248549
011,4MIDD_085_170,7,-0.007529788184911013,-0.012222194112837315,-0.002346202963963151,-0.009875991148874164
011,4MIDD_085_170,8,-0.008392912335693836,-0.012796592898666859,-0.0022018402814865112,-0.010594752617180347
011,4MIDD_085_170,9,-0.00939346943050623,-0.013381348922848701,-0.001993939746171236,-0.011387409176677465
011,4MIDD_085_170,10,-0.010534741915762424,-0.013777741231024265,-0.0016214996576309204,-0.012156241573393345
011,4MIDD_085_170,11,-0.011621463112533092,-0.014201021753251553,-0.00128977932035923,-0.012911242432892323
011,4MIDD_085_170,12,-0.012616838328540325,-0.014805682003498077,-0.0010944218374788761,-0.013711260166019201
011,4MIDD_085_170,13,-0.013498915359377861,-0.01562579907476902,-0.0010634418576955795,-0.01456235721707344
011,4MIDD_085_170,14,-0.014384671114385128,-0.016335394233465195,-0.0009753615595400333,-0.015360032673925161
011,4MIDD_085_170,15,-0.01526879332959652,-0.01696128025650978,-0.0008462434634566307,-0.01611503679305315
011,4MIDD_085_170,16,-0.016183163970708847,-0.017539842054247856,-0.0006783390417695045,-0.01686150301247835
011,4MIDD_085_170,17,-0.017043571919202805,-0.018034018576145172,-0.0004952233284711838,-0.01753879524767399
011,4MIDD_085_170,18,-0.017958765849471092,-0.018360242247581482,-0.00020073819905519485,-0.018159504048526287
011,4MIDD_085_170,19,-0.01900630258023739,-0.01884896121919155,7.86706805229187e-05,-0.01892763189971447
011,4MIDD_085_170,20,-0.019886985421180725,-0.019706517457962036,9.023398160934448e-05,-0.01979675143957138
011,4MIDD_085_170,21,-0.020741239190101624,-0.020802920684218407,-3.084074705839157e-05,-0.020772079937160015
011,4MIDD_085_170,22,-0.02162386104464531,-0.022152651101350784,-0.0002643950283527374,-0.021888256072998047
011,4MIDD_085_170,23,-0.022556841373443604,-0.023740259930491447,-0.000591709278523922,-0.023148550651967525
011,4MIDD_085_170,24,-0.02336345985531807,-0.02551935240626335,-0.001077946275472641,-0.02444140613079071
011,4MIDD_085_170,25,-0.02393655851483345,-0.02685472182929516,-0.001459081657230854,-0.025395640172064304
011,4MIDD_085_170,26,-0.024225978180766106,-0.027753502130508423,-0.0017637619748711586,-0.025989740155637264
011,4MIDD_085_170,27,-0.024455493316054344,-0.028659377247095108,-0.002101941965520382,-0.026557435281574726
011,4MIDD_085_170,28,-0.02489154227077961,-0.029560258612036705,-0.0023343581706285477,-0.027225900441408157
011,4MIDD_085_170,29,-0.025306884199380875,-0.03043985180556774,-0.0025664838030934334,-0.027873368002474308
011,4MIDD_085_170,30,-0.025795953348279,-0.03131327033042908,-0.002758658491075039,-0.028554611839354038
011,4MIDD_085_170,31,-0.026355741545557976,-0.03228292614221573,-0.0029635922983288765,-0.029319333843886852
011,4MIDD_085_170,32,-0.026745328679680824,-0.03313133493065834,-0.003193003125488758,-0.029938331805169582
011,4MIDD_085_170,33,-0.026819726452231407,-0.03379964083433151,-0.0034899571910500526,-0.03030968364328146
011,4MIDD_085_170,34,-0.02687111496925354,-0.03442396968603134,-0.0037764273583889008,-0.03064754232764244
011,4MIDD_085_170,35,-0.026831170544028282,-0.03501634672284126,-0.00409258808940649,-0.030923758633434772
011,4MIDD_085_170,36,-0.026848411187529564,-0.03562474250793457,-0.004388165660202503,-0.031236576847732067
011,4MIDD_085_170,37,-0.026788759976625443,-0.03635818883776665,-0.004784714430570602,-0.031573474407196045
011,4MIDD_085_170,38,-0.026408586651086807,-0.03708560764789581,-0.005338510498404503,-0.03174709714949131
011,4MIDD_085_170,39,-0.02589358575642109,-0.03783874213695526,-0.005972578190267086,-0.031866163946688175
011,4MIDD_085_170,40,-0.025255553424358368,-0.038586102426052094,-0.006665274500846863,-0.03192082792520523
011,4MIDD_085_170,41,-0.024749210104346275,-0.03917607665061951,-0.007213433273136616,-0.03196264337748289
011,4MIDD_085_170,42,-0.024614227935671806,-0.03942740336060524,-0.007406587712466717,-0.03202081564813852
011,4MIDD_085_170,43,-0.024503514170646667,-0.039522022008895874,-0.007509253919124603,-0.03201276808977127
011,4MIDD_085_170,44,-0.02432103455066681,-0.03988723084330559,-0.007783098146319389,-0.0321041326969862
011,4MIDD_085_170,45,-0.0241941437125206,-0.04016929864883423,-0.007987577468156815,-0.032181721180677414
011,4MIDD_085_170,46,-0.02410060353577137,-0.040508776903152466,-0.008204086683690548,-0.03230469021946192
011,4MIDD_085_170,47,-0.02395177073776722,-0.04077894985675812,-0.008413589559495449,-0.03236536029726267
011,4MIDD_085_170,48,-0.023517359048128128,-0.04086539149284363,-0.00867401622235775,-0.03219137527048588
011,4MIDD_085_170,49,-0.023221846669912338,-0.04062532261013985,-0.008701737970113754,-0.03192358464002609
012,3MIDD_048,0,0.04697805643081665,0.0026508879382163286,-0.02216358424630016,0.02481447218451649
012,3MIDD_048,1,0.04626109078526497,0.001316298614256084,-0.022472396085504442,0.023788694699760526
012,3MIDD_048,2,0.04627922922372818,-0.00014292809646576643,-0.023211078660096973,0.023068150563631207
012,3MIDD_048,3,0.04681287705898285,-0.0012222136138007045,-0.024017545336391777,0.022795331722591072
012,3MIDD_048,4,0.047657012939453125,-0.001898026093840599,-0.024777519516646862,0.022879493422806263
012,3MIDD_048,5,0.04836563020944595,-0.0023406350519508123,-0.025353132630698383,0.02301249757874757
012,3MIDD_048,6,0.04884709417819977,-0.002478135284036398,-0.025662614731118083,0.023184479447081685
012,3MIDD_048,7,0.049201592803001404,-0.0022784837055951357,-0.02574003825429827,0.023461554548703134
012,3MIDD_048,8,0.04954910650849342,-0.00189253780990839,-0.025720822159200907,0.023828284349292517
012,3MIDD_048,9,0.04991979897022247,-0.001478319987654686,-0.02569905947893858,0.024220739491283894
012,3MIDD_048,10,0.05016152933239937,-0.0012171828420832753,-0.025689356087241322,0.024472173245158046
012,3MIDD_048,11,0.05024939030408859,-0.0009930976666510105,-0.0256212439853698,0.02462814631871879
012,3MIDD_048,12,0.050208620727062225,-0.0007520876242779195,-0.025480354175670072,0.024728266551392153
012,3MIDD_048,13,0.050142381340265274,-0.0005409196601249278,-0.0253416505001951,0.024800730840070173
012,3MIDD_048,14,0.05006317049264908,-0.0003307148290332407,-0.02519694266084116,0.02486622783180792
012,3MIDD_048,15,0.04995707795023918,-0.00015783950220793486,-0.025057458726223558,0.024899619224015623
012,3MIDD_048,16,0.049833204597234726,9.617012892704224e-07,-0.024916121447972728,0.024917083149261998
012,3MIDD_048,17,0.04965437948703766,0.00024881557328626513,-0.024702781956875697,0.024951597530161962
012,3MIDD_048,18,0.04941125959157944,0.0005845911800861359,-0.02441333420574665,0.024997925385832787
012,3MIDD_048,19,0.04912838339805603,0.0009911848464980721,-0.02406859927577898,0.02505978412227705
012,3MIDD_048,20,0.048800013959407806,0.0014291577972471714,-0.023685428081080317,0.02511458587832749
012,3MIDD_048,21,0.048450447618961334,0.0018643037183210254,-0.023293071950320154,0.02515737566864118
012,3MIDD_048,22,0.04811124503612518,0.002378795063123107,-0.022866224986501038,0.025245020049624145
012,3MIDD_048,23,0.0477999672293663,0.002896588295698166,-0.02245168946683407,0.025348277762532234
012,3MIDD_048,24,0.04751879349350929,0.003437191480770707,-0.022040801006369293,0.02547799248714
012,3MIDD_048,25,0.04729432240128517,0.0039570690132677555,-0.021668626694008708,0.025625695707276464
012,3MIDD_048,26,0.04708847403526306,0.0044923629611730576,-0.021298055537045002,0.02579041849821806
012,3MIDD_048,27,0.0468708835542202,0.005010306369513273,-0.020930288592353463,0.025940594961866736
012,3MIDD_048,28,0.04659263417124748,0.005485777743160725,-0.02055342821404338,0.026039205957204103
012,3MIDD_048,29,0.04624202102422714,0.005945634562522173,-0.020148193230852485,0.026093827793374658
012,3MIDD_048,30,0.045858897268772125,0.006377045996487141,-0.019740925636142492,0.026117971632629633
012,3MIDD_048,31,0.04547285661101341,0.006768235471099615,-0.0193523105699569,0.026120546041056514
012,3MIDD_048,32,0.04508501663804054,0.007133269216865301,-0.01897587371058762,0.026109142927452922
012,3MIDD_048,33,0.04470617696642876,0.007497613783925772,-0.018604281591251493,0.026101895375177264
012,3MIDD_048,34,0.044343914836645126,0.007878816686570644,-0.01823254907503724,0.026111365761607885
012,3MIDD_048,35,0.04398622363805771,0.008254501968622208,-0.01786586083471775,0.026120362803339958
012,3MIDD_048,36,0.043629586696624756,0.00861180480569601,-0.017508890945464373,0.026120695751160383
012,3MIDD_048,37,0.043275728821754456,0.008954953402280807,-0.017160387709736824,0.02611534111201763
012,3MIDD_048,38,0.04292219504714012,0.009298589080572128,-0.016811802983283997,0.026110392063856125
012,3MIDD_048,39,0.04257161170244217,0.009646974503993988,-0.01646231859922409,0.02610929310321808
012,3MIDD_048,40,0.04223291203379631,0.009986273013055325,-0.016123319510370493,0.026109592523425817
012,3MIDD_048,41,0.04189746454358101,0.01030314527451992,-0.015797159634530544,0.026100304909050465
012,3MIDD_048,42,0.0415821447968483,0.010597772896289825,-0.015492185950279236,0.02608995884656906
012,3MIDD_048,43,0.0412873774766922,0.010881424881517887,-0.015202976297587156,0.026084401179105043
012,3MIDD_048,44,0.04101242125034332,0.011150050908327103,-0.01493118517100811,0.026081236079335213
012,3MIDD_048,45,0.04075945168733597,0.011433485895395279,-0.014662982895970345,0.026096468791365623
012,3MIDD_048,46,0.04052747040987015,0.011718492023646832,-0.014404489193111658,0.02612298121675849
012,3MIDD_048,47,0.04031389206647873,0.011992211453616619,-0.014160840306431055,0.026153051760047674
012,3MIDD_048,48,0.04010733217000961,0.012239647097885609,-0.013933842536062002,0.02617348963394761
012,3MIDD_048,49,0.039908308535814285,0.012456896714866161,-0.013725705910474062,0.026182602625340223
012,3MIDD_207,0,0.020877260714769363,0.04485015943646431,0.011986449360847473,0.03286371007561684
012,3MIDD_207,1,0.018888749182224274,0.043502312153577805,0.012306781485676765,0.03119553066790104
012,3MIDD_207,2,0.016599655151367188,0.041685186326503754,0.012542765587568283,0.02914242073893547
012,3MIDD_207,3,0.013091013766825199,0.04023240879178047,0.013570697512477636,0.026661711279302835
012,3MIDD_207,4,0.010358155705034733,0.03977888822555542,0.014710366260260344,0.025068521965295076
012,3MIDD_207,5,0.008794878609478474,0.03973442688584328,0.015469774138182402,0.024264652747660875
012,3MIDD_207,6,0.008050751872360706,0.039342474192380905,0.0156458611600101,0.023696613032370806
012,3MIDD_207,7,0.007291700225323439,0.03858017176389694,0.015644235769286752,0.02293593599461019
012,3MIDD_207,8,0.006260850001126528,0.03757874667644501,0.01565894833765924,0.021919798338785768
012,3MIDD_207,9,0.005104252137243748,0.03656625747680664,0.015731002669781446,0.020835254807025194
012,3MIDD_207,10,0.0040363892912864685,0.035637348890304565,0.01580047979950905,0.019836869090795517
012,3MIDD_207,11,0.0031258021481335163,0.03470638766884804,0.01579029276035726,0.018916094908490777
012,3MIDD_207,12,0.002250210614874959,0.03383643180131912,0.01579311059322208,0.01804332120809704
012,3MIDD_207,13,0.0013271289644762874,0.03304235637187958,0.015857613703701645,0.017184742668177933
012,3MIDD_207,14,0.0004325748886913061,0.032294586300849915,0.015931005706079304,0.01636358059477061
012,3MIDD_207,15,-0.00036570505471900105,0.03164522722363472,0.01600546613917686,0.01563976108445786
012,3MIDD_207,16,-0.0009742177790030837,0.031048690900206566,0.016011454339604825,0.015037236560601741
012,3MIDD_207,17,-0.0014268328668549657,0.03048754669725895,0.015957189782056957,0.014530356915201992
012,3MIDD_207,18,-0.001852451590821147,0.029956450685858727,0.015904451138339937,0.01405199954751879
012,3MIDD_207,19,-0.0022798622958362103,0.02945973537862301,0.01586979883722961,0.0135899365413934
012,3MIDD_207,20,-0.0026936091016978025,0.028993524610996246,0.015843566856347024,0.013149957754649222
012,3MIDD_207,21,-0.0030558863654732704,0.028579669073224068,0.01581777771934867,0.012761891353875399
012,3MIDD_207,22,-0.0033526583574712276,0.02817029133439064,0.015761474845930934,0.012408816488459706
012,3MIDD_207,23,-0.0036127730272710323,0.027773136273026466,0.01569295465014875,0.012080181622877717
012,3MIDD_207,24,-0.0038641386199742556,0.027388285845518112,0.015626212232746184,0.011762073612771928
012,3MIDD_207,25,-0.004089664667844772,0.027045652270317078,0.015567658469080925,0.011477993801236153
012,3MIDD_207,26,-0.004282719921320677,0.026757579296827316,0.015520149609073997,0.01123742968775332
012,3MIDD_207,27,-0.004419940058141947,0.026503579691052437,0.015461759874597192,0.011041819816455245
012,3MIDD_207,28,-0.0045175193808972836,0.026276037096977234,0.015396778238937259,0.010879258858039975
012,3MIDD_207,29,-0.004591082222759724,0.026076357811689377,0.01533372001722455,0.010742637794464827
012,3MIDD_207,30,-0.004670923110097647,0.02588525041937828,0.015278086764737964,0.010607163654640317
012,3MIDD_207,31,-0.004774037748575211,0.02570529095828533,0.015239664353430271,0.01046562660485506
012,3MIDD_207,32,-0.004871669225394726,0.025560056790709496,0.01521586300805211,0.010344193782657385
012,3MIDD_207,33,-0.004951147828251123,0.02545633353292942,0.015203740680590272,0.010252592852339149
012,3MIDD_207,34,-0.00499952957034111,0.02539660409092903,0.01519806683063507,0.01019853726029396
012,3MIDD_207,35,-0.005037469789385796,0.025366539135575294,0.015202004462480545,0.01016453467309475
012,3MIDD_207,36,-0.005067887715995312,0.025323638692498207,0.01519576320424676,0.010127875488251448
012,3MIDD_207,37,-0.005076143890619278,0.025302797555923462,0.01518947072327137,0.010113326832652092
012,3MIDD_207,38,-0.005076873116195202,0.025289084762334824,0.015182978939265013,0.01010610582306981
012,3MIDD_207,39,-0.00507512828335166,0.02531339041888714,0.015194259351119399,0.01011913106776774
012,3MIDD_207,40,-0.005061588250100613,0.025352967903017998,0.015207278076559305,0.010145689826458693
012,3MIDD_207,41,-0.005030344240367413,0.025406911969184875,0.015218628104776144,0.010188283864408731
012,3MIDD_207,42,-0.004995398223400116,0.025463389232754707,0.015229393728077412,0.010233995504677296
012,3MIDD_207,43,-0.004957238212227821,0.02552817016839981,0.015242704190313816,0.010285465978085995
012,3MIDD_207,44,-0.00491698132827878,0.02560347504913807,0.015260228188708425,0.010343246860429645
012,3MIDD_207,45,-0.004885043483227491,0.025697994977235794,0.015291519230231643,0.010406475747004151
012,3MIDD_207,46,-0.004846831317991018,0.025813914835453033,0.015330373076722026,0.010483541758731008
012,3MIDD_207,47,-0.004802079405635595,0.025926783680915833,0.015364431543275714,0.010562352137640119
012,3MIDD_207,48,-0.004756367299705744,0.026046499609947205,0.015401433454826474,0.01064506615512073
012,3MIDD_207,49,-0.004710157867521048,0.026160379871726036,0.015435268869623542,0.010725111002102494
012,4MIDD_085_170,0,0.029713232070207596,0.04068760573863983,0.005487186834216118,0.035200418904423714
012,4MIDD_085_170,1,0.028260014951229095,0.0397195965051651,0.005729790776968002,0.0339898057281971
012,4MIDD_085_170,2,0.026882078498601913,0.038755834102630615,0.005936877802014351,0.032818956300616264
012,4MIDD_085_170,3,0.025195211172103882,0.03756214305758476,0.00618346594274044,0.03137867711484432
012,4MIDD_085_170,4,0.023899758234620094,0.03691825270652771,0.006509247235953808,0.030409005470573902
012,4MIDD_085_170,5,0.02289567142724991,0.036500174552202225,0.006802251562476158,0.029697922989726067
012,4MIDD_085_170,6,0.02216969057917595,0.036260634660720825,0.007045472040772438,0.029215162619948387
012,4MIDD_085_170,7,0.021551048383116722,0.03596680983901024,0.007207880727946758,0.02875892911106348
012,4MIDD_085_170,8,0.020928997546434402,0.03555085137486458,0.007310926914215088,0.02823992446064949
012,4MIDD_085_170,9,0.02027013897895813,0.03507072851061821,0.00740029476583004,0.02767043374478817
012,4MIDD_085_170,10,0.01963689550757408,0.03452233225107193,0.007442718371748924,0.027079613879323006
012,4MIDD_085_170,11,0.019029650837183,0.03396668657660484,0.007468517869710922,0.02649816870689392
012,4MIDD_085_170,12,0.01842154748737812,0.03340921178460121,0.0074938321486115456,0.025915379635989666
012,4MIDD_085_170,13,0.017892301082611084,0.032797809690237045,0.007452754303812981,0.025345055386424065
012,4MIDD_085_170,14,0.017476659268140793,0.032175954431295395,0.007349647581577301,0.024826306849718094
012,4MIDD_085_170,15,0.017230167984962463,0.031565651297569275,0.007167741656303406,0.02439790964126587
012,4MIDD_085_170,16,0.017119474709033966,0.031036868691444397,0.0069586969912052155,0.02407817170023918
012,4MIDD_085_170,17,0.01714152842760086,0.03058641403913498,0.006722442805767059,0.02386397123336792
012,4MIDD_085_170,18,0.01727590337395668,0.030167046934366226,0.006445571780204773,0.023721475154161453
012,4MIDD_085_170,19,0.017485348507761955,0.029798638075590134,0.006156644783914089,0.023641993291676044
012,4MIDD_085_170,20,0.01773541420698166,0.029463499784469604,0.005864042788743973,0.02359945699572563
012,4MIDD_085_170,21,0.01799152046442032,0.029154451563954353,0.005581465549767017,0.023572986014187336
012,4MIDD_085_170,22,0.01826358772814274,0.028859753161668777,0.0052980827167630196,0.023561670444905758
012,4MIDD_085_170,23,0.018536237999796867,0.028569437563419342,0.005016599781811237,0.023552837781608105
012,4MIDD_085_170,24,0.018814124166965485,0.02825872041285038,0.004722298122942448,0.023536422289907932
012,4MIDD_085_170,25,0.01913841813802719,0.027944277971982956,0.004402929916977882,0.023541348055005074
012,4MIDD_085_170,26,0.01945466548204422,0.02763879857957363,0.004092066548764706,0.023546732030808926
012,4MIDD_085_170,27,0.01973038725554943,0.027354715391993523,0.003812164068222046,0.023542551323771477
012,4MIDD_085_170,28,0.0199997890740633,0.027104835957288742,0.0035525234416127205,0.02355231251567602
012,4MIDD_085_170,29,0.020251436159014702,0.026874922215938568,0.003311743028461933,0.023563179187476635
012,4MIDD_085_170,30,0.020437192171812057,0.026668507605791092,0.003115657716989517,0.023552849888801575
012,4MIDD_085_170,31,0.020603058859705925,0.026481207460165024,0.0029390743002295494,0.023542133159935474
012,4MIDD_085_170,32,0.02075161598622799,0.026314154267311096,0.0027812691405415535,0.023532885126769543
012,4MIDD_085_170,33,0.020891396328806877,0.02617770992219448,0.002643156796693802,0.02353455312550068
012,4MIDD_085_170,34,0.02101743221282959,0.026042072102427483,0.0025123199447989464,0.023529752157628536
012,4MIDD_085_170,35,0.021131252869963646,0.025922546163201332,0.002395646646618843,0.02352689951658249
012,4MIDD_085_170,36,0.02124277502298355,0.02582164667546749,0.00228943582624197,0.02353221084922552
012,4MIDD_085_170,37,0.021360361948609352,0.025720246136188507,0.0021799420937895775,0.02354030404239893
012,4MIDD_085_170,38,0.021472277119755745,0.025594541803002357,0.0020611323416233063,0.02353340946137905
012,4MIDD_085_170,39,0.021581560373306274,0.025443704798817635,0.00193107221275568,0.023512632586061954
012,4MIDD_085_170,40,0.021668538451194763,0.025277545675635338,0.0018045036122202873,0.02347304206341505
012,4MIDD_085_170,41,0.021746095269918442,0.025130154564976692,0.0016920296475291252,0.023438124917447567
012,4MIDD_085_170,42,0.021800531074404716,0.024993563070893288,0.0015965159982442856,0.023397047072649002
012,4MIDD_085_170,43,0.021840251982212067,0.024866748601198196,0.0015132483094930649,0.02335350029170513
012,4MIDD_085_170,44,0.02186298556625843,0.024743815883994102,0.001440415158867836,0.023303400725126266
012,4MIDD_085_170,45,0.021893683820962906,0.02461697906255722,0.0013616476207971573,0.023255331441760063
012,4MIDD_085_170,46,0.02193077839910984,0.02448458783328533,0.0012769047170877457,0.023207683116197586
012,4MIDD_085_170,47,0.02196495048701763,0.024351783096790314,0.001193416304886341,0.023158366791903973
012,4MIDD_085_170,48,0.021990956738591194,0.02421632595360279,0.0011126846075057983,0.023103641346096992
012,4MIDD_085_170,49,0.022010184824466705,0.024082103744149208,0.0010359594598412514,0.023046144284307957
013,3MIDD_048,0,0.007107274141162634,-0.008405365981161594,-0.007756320061162114,-0.0006490459199994802
013,3MIDD_048,1,0.007284821476787329,-0.00869570579379797,-0.00799026363529265,-0.0007054421585053205
013,3MIDD_048,2,0.00748284300789237,-0.008854450657963753,-0.008168646832928061,-0.0006858038250356913
013,3MIDD_048,3,0.007635899353772402,-0.008739893324673176,-0.008187896339222789,-0.000551996985450387
013,3MIDD_048,4,0.007850967347621918,-0.008689659647643566,-0.008270313497632742,-0.0004193461500108242
013,3MIDD_048,5,0.008083926513791084,-0.00879268441349268,-0.008438305463641882,-0.00035437894985079765
013,3MIDD_048,6,0.008230628445744514,-0.008966985158622265,-0.00859880680218339,-0.0003681783564388752
013,3MIDD_048,7,0.008290376514196396,-0.009071840904653072,-0.008681108709424734,-0.00039073219522833824
013,3MIDD_048,8,0.00831284373998642,-0.009105072356760502,-0.00870895804837346,-0.0003961143083870411
013,3MIDD_048,9,0.008329828269779682,-0.009120972827076912,-0.008725400548428297,-0.0003955722786486149
013,3MIDD_048,10,0.008356859907507896,-0.009148627519607544,-0.00875274371355772,-0.00039588380604982376
013,3MIDD_048,11,0.008352062664926052,-0.009166151285171509,-0.00875910697504878,-0.00040704431012272835
013,3MIDD_048,12,0.00832022912800312,-0.009178614243865013,-0.008749421685934067,-0.00042919255793094635
013,3MIDD_048,13,0.008273618295788765,-0.009195978753268719,-0.008734798524528742,-0.0004611802287399769
013,3MIDD_048,14,0.008229581639170647,-0.009202382527291775,-0.00871598208323121,-0.00048640044406056404
013,3MIDD_048,15,0.008180756121873856,-0.009193327277898788,-0.008687041699886322,-0.0005062855780124664
013,3MIDD_048,16,0.008129105903208256,-0.009180914610624313,-0.008655010256916285,-0.0005259043537080288
013,3MIDD_048,17,0.008076228201389313,-0.009185036644339561,-0.008630632422864437,-0.0005544042214751244
013,3MIDD_048,18,0.00802298542112112,-0.009200635366141796,-0.008611810393631458,-0.0005888249725103378
013,3MIDD_048,19,0.007969186641275883,-0.009224995039403439,-0.00859709084033966,-0.0006279041990637779
013,3MIDD_048,20,0.007922612130641937,-0.009250139817595482,-0.00858637597411871,-0.0006637638434767723
013,3MIDD_048,21,0.007873565889894962,-0.009271135553717613,-0.008572350721806288,-0.0006987848319113255
013,3MIDD_048,22,0.007820912636816502,-0.009289683774113655,-0.008555298205465078,-0.0007343855686485767
013,3MIDD_048,23,0.007765388581901789,-0.009308134205639362,-0.008536761393770576,-0.0007713728118687868
013,3MIDD_048,24,0.007715056650340557,-0.00932653620839119,-0.008520796429365873,-0.0008057397790253162
013,3MIDD_048,25,0.007666030433028936,-0.009350745007395744,-0.00850838772021234,-0.000842357287183404
013,3MIDD_048,26,0.007615990005433559,-0.009377005510032177,-0.008496497757732868,-0.0008805077522993088
013,3MIDD_048,27,0.007565789390355349,-0.009407621808350086,-0.008486705599352717,-0.0009209162089973688
013,3MIDD_048,28,0.007517460733652115,-0.009440389461815357,-0.008478925097733736,-0.0009614643640816212
013,3MIDD_048,29,0.007465788628906012,-0.009470443241298199,-0.008468115935102105,-0.0010023273061960936
013,3MIDD_048,30,0.007414237596094608,-0.009497341699898243,-0.008455789647996426,-0.0010415520519018173
013,3MIDD_048,31,0.007362687960267067,-0.009527856484055519,-0.008445272222161293,-0.001082584261894226
013,3MIDD_048,32,0.007312361150979996,-0.009560962207615376,-0.008436661679297686,-0.00112430052831769
013,3MIDD_048,33,0.007262963801622391,-0.009596049785614014,-0.008429506793618202,-0.0011665429919958115
013,3MIDD_048,34,0.007212263997644186,-0.009630774147808552,-0.008421519072726369,-0.0012092550750821829
013,3MIDD_048,35,0.007160802837461233,-0.009664764627814293,-0.008412783732637763,-0.0012519808951765299
013,3MIDD_048,36,0.00711349630728364,-0.009699317626655102,-0.00840640696696937,-0.001292910659685731
013,3MIDD_048,37,0.007067414466291666,-0.009733371436595917,-0.008400392951443791,-0.0013329784851521254
013,3MIDD_048,38,0.007021020166575909,-0.009765015915036201,-0.008393018040806055,-0.0013719978742301464
013,3MIDD_048,39,0.0069782426580786705,-0.009795828722417355,-0.008387035690248013,-0.001408793032169342
013,3MIDD_048,40,0.006940527353435755,-0.00982536468654871,-0.008382946019992232,-0.0014424186665564775
013,3MIDD_048,41,0.006908734329044819,-0.009854062460362911,-0.008381398394703865,-0.0014726640656590462
013,3MIDD_048,42,0.006877688691020012,-0.009883164428174496,-0.008380426559597254,-0.001502737868577242
013,3MIDD_048,43,0.006845702417194843,-0.009912158362567425,-0.008378930389881134,-0.0015332279726862907
013,3MIDD_048,44,0.006813471671193838,-0.009940647520124912,-0.008377059595659375,-0.001563587924465537
013,3MIDD_048,45,0.0067822872661054134,-0.009968224912881851,-0.008375256089493632,-0.0015929688233882189
013,3MIDD_048,46,0.006752137094736099,-0.009995459578931332,-0.008373798336833715,-0.0016216612420976162
013,3MIDD_048,47,0.006723481230437756,-0.010021721944212914,-0.008372601587325335,-0.001649120356887579
013,3MIDD_048,48,0.006696293130517006,-0.010048712603747845,-0.008372502867132425,-0.0016762097366154194
013,3MIDD_048,49,0.006669716909527779,-0.010073328390717506,-0.008371522650122643,-0.001701805740594864
013,3MIDD_207,0,0.002123962389305234,-0.003119237022474408,-0.002621599705889821,-0.0004976373165845871
013,3MIDD_207,1,0.00208699400536716,-0.003161434084177017,-0.0026242140447720885,-0.0005372200394049287
013,3MIDD_207,2,0.0020925833377987146,-0.0032727266661822796,-0.002682655001990497,-0.0005900716641917825
013,3MIDD_207,3,0.0019035825971513987,-0.003034101566299796,-0.0024688420817255974,-0.0005652594845741987
013,3MIDD_207,4,0.001555450027808547,-0.0028539937920868397,-0.0022047219099476933,-0.0006492718821391463
013,3MIDD_207,5,0.0012302168179303408,-0.0028658336959779263,-0.0020480252569541335,-0.0008178084390237927
013,3MIDD_207,6,0.000967287749517709,-0.003071584040299058,-0.0020194358949083835,-0.0010521481453906745
013,3MIDD_207,7,0.0007941587828099728,-0.003309637540951371,-0.002051898161880672,-0.0012577393790706992
013,3MIDD_207,8,0.0006620629574172199,-0.0034555611200630665,-0.002058812038740143,-0.0013967490813229233
013,3MIDD_207,9,0.0006208975100889802,-0.0034379425924271345,-0.0020294200512580574,-0.0014085225411690772
013,3MIDD_207,10,0.000610993942245841,-0.0033504178281873465,-0.0019807058852165937,-0.0013697119429707527
013,3MIDD_207,11,0.0006142760976217687,-0.003308046143501997,-0.001961161120561883,-0.0013468850229401141
013,3MIDD_207,12,0.000617985671851784,-0.0033651443663984537,-0.001991565019125119,-0.0013735793472733349
013,3MIDD_207,13,0.0006172357243485749,-0.0034698673989623785,-0.0020435515616554767,-0.0014263158373069018
013,3MIDD_207,14,0.0006161864730529487,-0.0035657729022204876,-0.002090979687636718,-0.0014747932145837694
013,3MIDD_207,15,0.0006124796345829964,-0.003643648000434041,-0.0021280638175085187,-0.0015155841829255223
013,3MIDD_207,16,0.0006121003534644842,-0.003700800472870469,-0.0021564504131674767,-0.0015443500597029924
013,3MIDD_207,17,0.0006255410262383521,-0.0037570130079984665,-0.0021912770171184093,-0.0015657359908800572
013,3MIDD_207,18,0.0006562040653079748,-0.0038187620230019093,-0.002237483044154942,-0.0015812789788469672
013,3MIDD_207,19,0.0007017080788500607,-0.0038960943929851055,-0.002298901235917583,-0.0015971931570675224
013,3MIDD_207,20,0.000743181852158159,-0.003985689952969551,-0.002364435902563855,-0.001621254050405696
013,3MIDD_207,21,0.0007726866169832647,-0.004080859012901783,-0.002426772814942524,-0.0016540861979592592
013,3MIDD_207,22,0.0007956916815601289,-0.004172361455857754,-0.0024840265687089413,-0.0016883348871488124
013,3MIDD_207,23,0.000816035142634064,-0.0042574238032102585,-0.0025367294729221612,-0.0017206943302880973
013,3MIDD_207,24,0.000838651554659009,-0.004327778238803148,-0.0025832148967310786,-0.0017445633420720696
013,3MIDD_207,25,0.0008663779590278864,-0.004391658119857311,-0.002629018039442599,-0.0017626400804147124
013,3MIDD_207,26,0.0008945495937950909,-0.004455313086509705,-0.0026749313401523978,-0.0017803817463573068
013,3MIDD_207,27,0.0009109941311180592,-0.004513856023550034,-0.0027124250773340464,-0.0018014309462159872
013,3MIDD_207,28,0.000916177174076438,-0.004570758435875177,-0.0027434678049758077,-0.0018272906308993697
013,3MIDD_207,29,0.0009133477578870952,-0.004632147960364819,-0.002772747859125957,-0.0018594001012388617
013,3MIDD_207,30,0.0009047894272953272,-0.004687863402068615,-0.002796326414681971,-0.0018915369873866439
013,3MIDD_207,31,0.000891704810783267,-0.004748609382659197,-0.002820157096721232,-0.001928452285937965
013,3MIDD_207,32,0.0008789352141320705,-0.00481433654204011,-0.00284663587808609,-0.0019677006639540195
013,3MIDD_207,33,0.0008711456321179867,-0.004877049475908279,-0.002874097554013133,-0.0020029519218951464
013,3MIDD_207,34,0.0008652906399220228,-0.004937211982905865,-0.0029012513114139438,-0.002035960671491921
013,3MIDD_207,35,0.000861274660564959,-0.0049967714585363865,-0.0029290230595506728,-0.0020677483989857137
013,3MIDD_207,36,0.0008592390222474933,-0.0050599658861756325,-0.002959602454211563,-0.0021003634319640696
013,3MIDD_207,37,0.000859685824252665,-0.00512088555842638,-0.0029902856913395226,-0.0021305998670868576
013,3MIDD_207,38,0.0008622730965726078,-0.005181577522307634,-0.003021925309440121,-0.0021596522128675133
013,3MIDD_207,39,0.0008653036784380674,-0.005243691615760326,-0.003054497647099197,-0.0021891939686611295
013,3MIDD_207,40,0.0008666606154292822,-0.005311902612447739,-0.0030892816139385104,-0.0022226209985092282
013,3MIDD_207,41,0.0008648939547128975,-0.005376642104238272,-0.0031207680294755846,-0.002255874074762687
013,3MIDD_207,42,0.0008597793057560921,-0.005441046319901943,-0.0031504128128290176,-0.0022906335070729256
013,3MIDD_207,43,0.0008489866158924997,-0.00550577649846673,-0.003177381557179615,-0.002328394941287115
013,3MIDD_207,44,0.0008356641046702862,-0.0055725350975990295,-0.003204099601134658,-0.0023684354964643717
013,3MIDD_207,45,0.0008219338487833738,-0.0056365677155554295,-0.0032292507821694016,-0.002407316933386028
013,3MIDD_207,46,0.0008095570956356823,-0.005698428954929113,-0.003253993025282398,-0.0024444359296467155
013,3MIDD_207,47,0.0007977401837706566,-0.005758405197411776,-0.003278072690591216,-0.0024803325068205595
013,3MIDD_207,48,0.0007870661211200058,-0.0058173928409814835,-0.0033022294810507447,-0.002515163359930739
013,3MIDD_207,49,0.0007742202142253518,-0.0058753048069775105,-0.003324762510601431,-0.0025505422963760793
013,4MIDD_085_170,0,0.0002678476448636502,0.00184753374196589,0.0007898430485511199,0.00105769069341477
013,4MIDD_085_170,1,0.00015635709860362113,0.0019200772512704134,0.0008818600763333961,0.0010382171749370173
013,4MIDD_085_170,2,8.402738785662223e-06,0.0019382807658985257,0.0009649390135564317,0.000973341752342094
013,4MIDD_085_170,3,-0.00010005600051954389,0.0018643864896148443,0.000982221245067194,0.0008821652445476502
013,4MIDD_085_170,4,-0.0001797067088773474,0.0017272807890549302,0.0009534937489661388,0.0007737870400887914
013,4MIDD_085_170,5,-0.00020293809939175844,0.0016187799628823996,0.000910859031137079,0.0007079209317453206
013,4MIDD_085_170,6,-0.00018716279009822756,0.001484349020756781,0.0008357559054275043,0.0006485931153292768
013,4MIDD_085_170,7,-0.00015310110757127404,0.0013593188486993313,0.0007562099781353027,0.0006031088705640286
013,4MIDD_085_170,8,-0.00012442130537237972,0.0012704050168395042,0.000697413161105942,0.0005729918557335623
013,4MIDD_085_170,9,-0.00010020418267231435,0.0012064545881003141,0.0006533293853863142,0.0005531252027139999
013,4MIDD_085_170,10,-7.436727901222184e-05,0.0011168636847287416,0.0005956154818704817,0.0005212482028582599
013,4MIDD_085_170,11,-6.48227651254274e-05,0.0009964522905647755,0.0005306375278451014,0.00046581476271967404
013,4MIDD_085_170,12,-4.85307136841584e-05,0.0008442359394393861,0.00044638332656177226,0.00039785261287761386
013,4MIDD_085_170,13,-2.835293889802415e-05,0.0006984870997257531,0.0003634200193118886,0.00033506708041386446
013,4MIDD_085_170,14,-1.2477800737542566e-05,0.0005668732337653637,0.00028967551725145313,0.00027719771651391056
013,4MIDD_085_170,15,-5.990117188048316e-06,0.000433015578892082,0.00021950284804006515,0.00021351273085201683
013,4MIDD_085_170,16,-1.2651897122850642e-05,0.0002923480060417205,0.00015249995158228558,0.00013984805445943493
013,4MIDD_085_170,17,-3.111488331342116e-05,0.0001441775675630197,8.764622543822043e-05,5.6531342124799266e-05
013,4MIDD_085_170,18,-5.537414472200908e-05,-1.2690666153503116e-05,2.134173928425298e-05,-3.40324054377561e-05
013,4MIDD_085_170,19,-8.097062527667731e-05,-0.00016326586774084717,-4.114762123208493e-05,-0.00012211824650876224
013,4MIDD_085_170,20,-9.929361112881452e-05,-0.0003055441193282604,-0.00010312525409972295,-0.00020241886522853747
013,4MIDD_085_170,21,-0.00011635364353423938,-0.0004498078196775168,-0.00016672708807163872,-0.0002830807316058781
013,4MIDD_085_170,22,-0.00013991142623126507,-0.0005981756839901209,-0.0002291321288794279,-0.000369043555110693
013,4MIDD_085_170,23,-0.00016379101725760847,-0.0007436490850523114,-0.0002899290338973515,-0.00045372005115495995
013,4MIDD_085_170,24,-0.00017675451817922294,-0.0008826656267046928,-0.00035295555426273495,-0.0005297100724419579
013,4MIDD_085_170,25,-0.00018666812684386969,-0.0010099951177835464,-0.0004116634954698384,-0.0005983316223137081
013,4MIDD_085_170,26,-0.00019010018149856478,-0.0011303250212222338,-0.0004701124198618345,-0.0006602126013603993
013,4MIDD_085_170,27,-0.00019475365115795285,-0.0012421023566275835,-0.0005236743527348153,-0.0007184280038927682
013,4MIDD_085_170,28,-0.00020451092859730124,-0.001346856472082436,-0.0005711727717425674,-0.0007756837003398687
013,4MIDD_085_170,29,-0.0002161519369110465,-0.0014451781753450632,-0.0006145131192170084,-0.0008306650561280549
013,4MIDD_085_170,30,-0.00023085357679519802,-0.0015395920490846038,-0.0006543692361447029,-0.0008852228129399009
013,4MIDD_085_170,31,-0.00024698811466805637,-0.0016279087867587805,-0.0006904603360453621,-0.0009374484507134184
013,4MIDD_085_170,32,-0.00026707653887569904,-0.001713594770990312,-0.0007232591160573065,-0.0009903356549330056
013,4MIDD_085_170,33,-0.0002838643849827349,-0.0017937312368303537,-0.0007549334259238094,-0.0010387978109065443
013,4MIDD_085_170,34,-0.00029602335416711867,-0.0018677008338272572,-0.0007858387398300692,-0.001081862093997188
013,4MIDD_085_170,35,-0.0003026968624908477,-0.0019369139336049557,-0.000817108535557054,-0.0011198053980479017
013,4MIDD_085_170,36,-0.0003078413428738713,-0.0019986035767942667,-0.0008453811169601977,-0.001153222459834069
013,4MIDD_085_170,37,-0.0003096420841757208,-0.002058245474472642,-0.0008743016951484606,-0.0011839437793241814
013,4MIDD_085_170,38,-0.00031123508233577013,-0.002115587005391717,-0.0009021759615279734,-0.0012134110438637435
013,4MIDD_085_170,39,-0.0003131596022285521,-0.0021690651774406433,-0.0009279527876060456,-0.0012411123898345977
013,4MIDD_085_170,40,-0.0003165560483466834,-0.002218735171481967,-0.0009510895615676418,-0.0012676456099143252
013,4MIDD_085_170,41,-0.0003214882453903556,-0.0022632002364844084,-0.0009708559955470264,-0.001292344240937382
013,4MIDD_085_170,42,-0.00032970818574540317,-0.002302466193214059,-0.0009863790037343279,-0.001316087189479731
013,4MIDD_085_170,43,-0.00034128210972994566,-0.002337324433028698,-0.0009980211616493762,-0.0013393032713793218
013,4MIDD_085_170,44,-0.0003550265682861209,-0.002371307462453842,-0.0010081404470838606,-0.0013631670153699815
013,4MIDD_085_170,45,-0.00036954969982616603,-0.0024019901175051928,-0.0010162202088395134,-0.0013857699086656794
013,4MIDD_085_170,46,-0.0003866858023684472,-0.00243101897649467,-0.0010221665870631114,-0.0014088523894315585
013,4MIDD_085_170,47,-0.0004061443032696843,-0.002461017807945609,-0.0010274367523379624,-0.0014335810556076467
013,4MIDD_085_170,48,-0.0004271281650289893,-0.002488895319402218,-0.0010308835771866143,-0.0014580117422156036
013,4MIDD_085_170,49,-0.0004464017692953348,-0.002513283398002386,-0.0010334408143535256,-0.0014798425836488605
014,3MIDD_048,0,0.03364357352256775,0.0015266808914020658,-0.01605844631558284,0.017585127206984907
014,3MIDD_048,1,0.03300542011857033,0.001374497776851058,-0.015815461170859635,0.017189958947710693
014,3MIDD_048,2,0.03248942270874977,0.0008757140021771193,-0.015806854353286326,0.016682568355463445
014,3MIDD_048,3,0.03248371183872223,0.00048702131607569754,-0.015998345261323266,0.016485366577398963
014,3MIDD_048,4,0.03280946984887123,4.9957659939536825e-05,-0.016379756094465847,0.016429713754405384
014,3MIDD_048,5,0.03317643702030182,-0.00040519877802580595,-0.016790817899163812,0.016385619121138006
014,3MIDD_048,6,0.03346196562051773,-0.0007465896778739989,-0.017104277649195865,0.016357687971321866
014,3MIDD_048,7,0.033662520349025726,-0.0008040870889090002,-0.017233303718967363,0.016429216630058363
014,3MIDD_048,8,0.03386316075921059,-0.000702297140378505,-0.017282728949794546,0.01658043180941604
014,3MIDD_048,9,0.03400396928191185,-0.0006207497790455818,-0.017312359530478716,0.016691609751433134
014,3MIDD_048,10,0.03412315994501114,-0.0005865644197911024,-0.01735486218240112,0.016768297762610018
014,3MIDD_048,11,0.03420763462781906,-0.0006220834329724312,-0.017414859030395746,0.016792775597423315
014,3MIDD_048,12,0.034242674708366394,-0.000632038339972496,-0.017437356524169445,0.01680531818419695
014,3MIDD_048,13,0.034200046211481094,-0.0005466070142574608,-0.017373326612869278,0.016826719598611817
014,3MIDD_048,14,0.03415793925523758,-0.0004218539979774505,-0.017289896626607515,0.016868042628630064
014,3MIDD_048,15,0.034153882414102554,-0.00030092246015556157,-0.017227402437129058,0.016926479976973496
014,3MIDD_048,16,0.034165479242801666,-0.0002464395365677774,-0.017205959389684722,0.016959519853116944
014,3MIDD_048,17,0.034192971885204315,-0.00026589332264848053,-0.017229432603926398,0.016963539281277917
014,3MIDD_048,18,0.0342341847717762,-0.0003145062946714461,-0.017274345533223823,0.016959839238552377
014,3MIDD_048,19,0.0342802032828331,-0.000377291115000844,-0.01732874719891697,0.016951456083916128
014,3MIDD_048,20,0.03433477133512497,-0.00046047387877479196,-0.01739762260694988,0.01693714872817509
014,3MIDD_048,21,0.03435568884015083,-0.0005529004847630858,-0.01745429466245696,0.016901394177693874
014,3MIDD_048,22,0.034386035054922104,-0.0006452312809415162,-0.01751563316793181,0.016870401886990294
014,3MIDD_048,23,0.03440142795443535,-0.0007569016888737679,-0.017579164821654558,0.01682226313278079
014,3MIDD_048,24,0.034395840018987656,-0.000889049842953682,-0.01764244493097067,0.016753395088016987
014,3MIDD_048,25,0.03439762815833092,-0.0010285325115546584,-0.017713080334942788,0.01668454782338813
014,3MIDD_048,26,0.03440537676215172,-0.0011658603325486183,-0.017785618547350168,0.01661975821480155
014,3MIDD_048,27,0.03442927822470665,-0.0012937274295836687,-0.01786150282714516,0.01656777539756149
014,3MIDD_048,28,0.034459177404642105,-0.0014152833027765155,-0.01793723035370931,0.016521947050932795
014,3MIDD_048,29,0.034498415887355804,-0.001518599921837449,-0.018008507904596627,0.016489907982759178
014,3MIDD_048,30,0.03455458953976631,-0.0016285612946376204,-0.018091575417201966,0.016463014122564346
014,3MIDD_048,31,0.03462837263941765,-0.0017291209660470486,-0.01817874680273235,0.0164496258366853
014,3MIDD_048,32,0.03471309319138527,-0.0018102084286510944,-0.018261650810018182,0.016451442381367087
014,3MIDD_048,33,0.034811828285455704,-0.0018819102551788092,-0.018346869270317256,0.016464959015138447
014,3MIDD_048,34,0.034911323338747025,-0.001940257614478469,-0.018425790476612747,0.016485532862134278
014,3MIDD_048,35,0.03498566523194313,-0.0019923201762139797,-0.018488992704078555,0.016496672527864575
014,3MIDD_048,36,0.03503860905766487,-0.0020412825979292393,-0.018539945827797055,0.016498663229867816
014,3MIDD_048,37,0.03508726879954338,-0.002081293612718582,-0.01858428120613098,0.0165029875934124
014,3MIDD_048,38,0.0351334884762764,-0.0021129867527633905,-0.018623237614519894,0.016510250861756504
014,3MIDD_048,39,0.03518685698509216,-0.0021419457625597715,-0.018664401373825967,0.016522455611266196
014,3MIDD_048,40,0.035238828510046005,-0.002168030710890889,-0.018703429610468447,0.016535398899577558
014,3MIDD_048,41,0.03528517857193947,-0.002192679326981306,-0.018738928949460387,0.01654624962247908
014,3MIDD_048,42,0.03532891348004341,-0.002215374493971467,-0.01877214398700744,0.016556769493035972
014,3MIDD_048,43,0.03537256643176079,-0.00223755300976336,-0.018805059720762074,0.016567506710998714
014,3MIDD_048,44,0.03541585057973862,-0.002260094042867422,-0.01883797231130302,0.016577878268435597
014,3MIDD_048,45,0.035459645092487335,-0.002285824390128255,-0.018872734741307795,0.01658691035117954
014,3MIDD_048,46,0.03549692779779434,-0.002309525851160288,-0.018903226824477315,0.016593700973317027
014,3MIDD_048,47,0.03553270176053047,-0.002331370022147894,-0.018932035891339183,0.01660066586919129
014,3MIDD_048,48,0.03556489199399948,-0.0023501196410506964,-0.01895750581752509,0.016607386176474392
014,3MIDD_048,49,0.03559199348092079,-0.002366248983889818,-0.018979121232405305,0.016612872248515487
014,3MIDD_207,0,0.0059150406159460545,0.03558341786265373,0.014834188623353839,0.020749229239299893
014,3MIDD_207,1,0.005437047686427832,0.03538421913981438,0.014973585726693273,0.020410633413121104
014,3MIDD_207,2,0.004275859799236059,0.03478816896677017,0.015256154583767056,0.019532014383003116
014,3MIDD_207,3,0.0024480922147631645,0.03398754447698593,0.015769726131111383,0.018217818345874548
014,3MIDD_207,4,0.0011012917384505272,0.033347368240356445,0.01612303825095296,0.017224329989403486
014,3MIDD_207,5,0.0006391116185113788,0.033068977296352386,0.016214932838920504,0.016854044457431883
014,3MIDD_207,6,0.0008559852140024304,0.03311098366975784,0.016127499227877706,0.016983484441880137
014,3MIDD_207,7,0.001283559249714017,0.033119864761829376,0.01591815275605768,0.017201712005771697
014,3MIDD_207,8,0.0016269584884867072,0.03307020291686058,0.015721622214186937,0.017348580702673644
014,3MIDD_207,9,0.0018131770193576813,0.03294045105576515,0.015563637018203735,0.017376814037561417
014,3MIDD_207,10,0.0018378953682258725,0.032693300396203995,0.015427702513989061,0.017265597882214934
014,3MIDD_207,11,0.0017979517579078674,0.03234163299202919,0.015271840617060661,0.01706979237496853
014,3MIDD_207,12,0.0017900536768138409,0.031968191266059875,0.015089068794623017,0.016879122471436858
014,3MIDD_207,13,0.0018410981865599751,0.031608693301677704,0.014883797557558864,0.01672489574411884
014,3MIDD_207,14,0.0018847775645554066,0.031188391149044037,0.014651806792244315,0.01653658435679972
014,3MIDD_207,15,0.0019215686479583383,0.030762065201997757,0.01442024827701971,0.016341816924978048
014,3MIDD_207,16,0.0020431752782315016,0.03039945289492607,0.014178138808347285,0.016221314086578786
014,3MIDD_207,17,0.002240061992779374,0.03010430559515953,0.013932121801190078,0.016172183793969452
014,3MIDD_207,18,0.0024178780149668455,0.029840070754289627,0.01371109636966139,0.016128974384628236
014,3MIDD_207,19,0.0025583936367183924,0.029598813503980637,0.013520209933631122,0.016078603570349514
014,3MIDD_207,20,0.002719696843996644,0.029401574283838272,0.013340938719920814,0.016060635563917458
014,3MIDD_207,21,0.002871148521080613,0.02919052168726921,0.013159686583094299,0.016030835104174912
014,3MIDD_207,22,0.0029536071233451366,0.0289439857006073,0.012995189288631082,0.015948796411976218
014,3MIDD_207,23,0.0030172779224812984,0.028688110411167145,0.012835416244342923,0.01585269416682422
014,3MIDD_207,24,0.0030941925942897797,0.02844233065843582,0.012674069032073021,0.0157682616263628
014,3MIDD_207,25,0.0031536072492599487,0.028199680149555206,0.012523036450147629,0.015676643699407578
014,3MIDD_207,26,0.003173260483890772,0.027941985055804253,0.01238436228595674,0.015557622769847512
014,3MIDD_207,27,0.0032203923910856247,0.02771388739347458,0.012246747501194477,0.015467139892280102
014,3MIDD_207,28,0.00328696146607399,0.027522338554263115,0.012117688544094563,0.015404650010168552
014,3MIDD_207,29,0.003337591653689742,0.02734900265932083,0.012005705502815545,0.015343297156505287
014,3MIDD_207,30,0.003371679224073887,0.02718081884086132,0.011904569808393717,0.015276249032467604
014,3MIDD_207,31,0.003406743286177516,0.027043405920267105,0.011818331317044795,0.01522507460322231
014,3MIDD_207,32,0.0034684690181165934,0.02693682350218296,0.011734177242033184,0.015202646260149777
014,3MIDD_207,33,0.0035113468766212463,0.026838695630431175,0.011663674376904964,0.01517502125352621
014,3MIDD_207,34,0.003526014741510153,0.026738634333014488,0.011606309795752168,0.01513232453726232
014,3MIDD_207,35,0.00355434138327837,0.026661017909646034,0.011553338263183832,0.015107679646462202
014,3MIDD_207,36,0.0035946443676948547,0.026595905423164368,0.011500630527734756,0.015095274895429611
014,3MIDD_207,37,0.0036177481524646282,0.02653149515390396,0.011456873500719666,0.015074621653184295
014,3MIDD_207,38,0.0036287547554820776,0.02646806091070175,0.011419653077609837,0.015048407833091915
014,3MIDD_207,39,0.0036587866488844156,0.026419714093208313,0.011380463722161949,0.015039250371046364
014,3MIDD_207,40,0.0037029690574854612,0.026375748217105865,0.011336389579810202,0.015039358637295663
014,3MIDD_207,41,0.00373883917927742,0.026337483897805214,0.011299322359263897,0.015038161538541317
014,3MIDD_207,42,0.003775963792577386,0.026305293664336205,0.01126466493587941,0.015040628728456795
014,3MIDD_207,43,0.003834300907328725,0.02629074640572071,0.011228222749195993,0.015062523656524718
014,3MIDD_207,44,0.003898788010701537,0.02628380060195923,0.011192506295628846,0.015091294306330383
014,3MIDD_207,45,0.003947228658944368,0.026286102831363678,0.011169437086209655,0.015116665745154023
014,3MIDD_207,46,0.003987377975136042,0.02629658207297325,0.011154602048918605,0.015141980024054646
014,3MIDD_207,47,0.0040300930850207806,0.02631533332169056,0.01114262011833489,0.01517271320335567
014,3MIDD_207,48,0.004069976974278688,0.026333436369895935,0.011131729697808623,0.015201706672087312
014,3MIDD_207,49,0.004092568531632423,0.026346147060394287,0.011126789264380932,0.015219357796013355
014,4MIDD_085_170,0,0.012577229179441929,0.02674601785838604,0.0070843943394720554,0.019661623518913984
014,4MIDD_085_170,1,0.011488198302686214,0.02681845799088478,0.007665129844099283,0.019153328146785498
014,4MIDD_085_170,2,0.01020696759223938,0.026342730969190598,0.008067881688475609,0.01827484928071499
014,4MIDD_085_170,3,0.008843834511935711,0.02571186050772667,0.00843401299789548,0.01727784750983119
014,4MIDD_085_170,4,0.00759683083742857,0.025208303704857826,0.008805736433714628,0.016402567271143198
014,4MIDD_085_170,5,0.006692315451800823,0.025115767493844032,0.009211726021021605,0.015904041472822428
014,4MIDD_085_170,6,0.0061139813624322414,0.0252268984913826,0.009556458564475179,0.01567043992690742
014,4MIDD_085_170,7,0.005684755276888609,0.025381790474057198,0.009848517598584294,0.015533272875472903
014,4MIDD_085_170,8,0.005337574984878302,0.025536304339766502,0.0100993646774441,0.015436939662322402
014,4MIDD_085_170,9,0.005019358824938536,0.025641214102506638,0.010310927638784051,0.015330286463722587
014,4MIDD_085_170,10,0.004713724367320538,0.025633784011006355,0.010460029821842909,0.015173754189163446
014,4MIDD_085_170,11,0.004407546017318964,0.02550189010798931,0.010547172045335174,0.014954718062654138
014,4MIDD_085_170,12,0.004141889046877623,0.02535782754421234,0.01060796924866736,0.014749858295544982
014,4MIDD_085_170,13,0.0038971430622041225,0.025218728929758072,0.010660792933776975,0.014557935995981097
014,4MIDD_085_170,14,0.0036498820409178734,0.024960506707429886,0.010655312333256006,0.01430519437417388
014,4MIDD_085_170,15,0.003373736282810569,0.024698864668607712,0.010662564192898571,0.01403630047570914
014,4MIDD_085_170,16,0.0031585737597197294,0.024472346529364586,0.010656886384822428,0.013815460144542158
014,4MIDD_085_170,17,0.003012560773640871,0.024278424680233,0.010632931953296065,0.013645492726936936
014,4MIDD_085_170,18,0.0029031841550022364,0.02408076636493206,0.010588791104964912,0.013491975259967148
014,4MIDD_085_170,19,0.0028294275980442762,0.02388332225382328,0.010526947327889502,0.013356374925933778
014,4MIDD_085_170,20,0.002802781295031309,0.023677784949541092,0.010437501827254891,0.0132402831222862
014,4MIDD_085_170,21,0.002791107865050435,0.02348530851304531,0.010347100323997438,0.013138208189047873
014,4MIDD_085_170,22,0.0027899823617190123,0.023287232965230942,0.010248625301755965,0.013038607663474977
014,4MIDD_085_170,23,0.0028167697601020336,0.023101825267076492,0.01014252775348723,0.012959297513589263
014,4MIDD_085_170,24,0.0028649272862821817,0.022906482219696045,0.010020777466706932,0.012885704752989113
014,4MIDD_085_170,25,0.0029417525511235,0.022739987820386887,0.009899117634631693,0.012840870185755193
014,4MIDD_085_170,26,0.003035896457731724,0.022597191855311394,0.009780647698789835,0.012816544156521559
014,4MIDD_085_170,27,0.0031279916875064373,0.02247210033237934,0.009672054322436452,0.01280004600994289
014,4MIDD_085_170,28,0.003236230229958892,0.022345595061779022,0.009554682415910065,0.012790912645868957
014,4MIDD_085_170,29,0.003363607218489051,0.022229725494980812,0.00943305913824588,0.012796666356734931
014,4MIDD_085_170,30,0.003504031803458929,0.02212340012192726,0.009309684159234166,0.012813715962693095
014,4MIDD_085_170,31,0.0036475614178925753,0.022045517340302467,0.009198977961204946,0.012846539379097521
014,4MIDD_085_170,32,0.0038094015326350927,0.021984964609146118,0.009087781538255513,0.012897183070890605
014,4MIDD_085_170,33,0.003971070982515812,0.021932054311037064,0.008980491664260626,0.012951562646776438
014,4MIDD_085_170,34,0.004139747004956007,0.02189364656805992,0.008876949781551957,0.013016696786507964
014,4MIDD_085_170,35,0.0043025859631598,0.021869072690606117,0.008783243363723159,0.013085829326882958
014,4MIDD_085_170,36,0.004456160590052605,0.02185775712132454,0.008700798265635967,0.013156958855688572
014,4MIDD_085_170,37,0.004603449255228043,0.021864119917154312,0.008630335330963135,0.013233784586191177
014,4MIDD_085_170,38,0.0047460743226110935,0.021879253908991814,0.00856658979319036,0.013312664115801454
014,4MIDD_085_170,39,0.0048744468949735165,0.02190423011779785,0.008514891611412168,0.013389338506385684
014,4MIDD_085_170,40,0.004992876201868057,0.02194059267640114,0.00847385823726654,0.013466734439134598
014,4MIDD_085_170,41,0.005101931747049093,0.021975379437208176,0.008436723845079541,0.013538655592128634
014,4MIDD_085_170,42,0.005204556044191122,0.022012630477547646,0.008404037216678262,0.013608593260869384
014,4MIDD_085_170,43,0.005299167241901159,0.022050172090530396,0.008375502424314618,0.013674669666215777
014,4MIDD_085_170,44,0.005390448495745659,0.022094029933214188,0.008351790718734264,0.013742239214479923
014,4MIDD_085_170,45,0.00547826336696744,0.022136520594358444,0.008329128613695502,0.013807391980662942
014,4MIDD_085_170,46,0.005564852152019739,0.022178562358021736,0.008306855103000998,0.013871707255020738
014,4MIDD_085_170,47,0.005647832993417978,0.02221924625337124,0.00828570662997663,0.013933539623394608
014,4MIDD_085_170,48,0.005727239418774843,0.022271500900387764,0.00827213074080646,0.013999370159581304
014,4MIDD_085_170,49,0.0058021824806928635,0.022322580218315125,0.00826019886881113,0.014062381349503994
015,3MIDD_048,0,0.019695807248353958,0.0162009559571743,-0.0017474256455898285,0.01794838160276413
015,3MIDD_048,1,0.019396593794226646,0.016089007258415222,-0.0016537932679057121,0.017742800526320934
015,3MIDD_048,2,0.019762514159083366,0.015468345955014229,-0.002147084102034569,0.017615430057048798
015,3MIDD_048,3,0.02052370458841324,0.014185665175318718,-0.0031690197065472603,0.017354684881865978
015,3MIDD_048,4,0.021491309627890587,0.013241707347333431,-0.004124801140278578,0.01736650848761201
015,3MIDD_048,5,0.02244091033935547,0.01282940898090601,-0.0048057506792247295,0.01763515966013074
015,3MIDD_048,6,0.02306554466485977,0.012540836818516254,-0.005262353923171759,0.017803190741688013
015,3MIDD_048,7,0.023210328072309494,0.012066739611327648,-0.005571794230490923,0.01763853384181857
015,3MIDD_048,8,0.023279905319213867,0.011134770698845387,-0.00607256731018424,0.017207338009029627
015,3MIDD_048,9,0.02311619557440281,0.009941276162862778,-0.006587459705770016,0.016528735868632793
015,3MIDD_048,10,0.022763272747397423,0.008528638631105423,-0.007117317058146,0.015645955689251423
015,3MIDD_048,11,0.02217809297144413,0.007132078055292368,-0.007523007458075881,0.014655085513368249
015,3MIDD_048,12,0.021413205191493034,0.005778516177088022,-0.007817344507202506,0.013595860684290528
015,3MIDD_048,13,0.0204944871366024,0.004485335201025009,-0.008004575967788696,0.012489911168813705
015,3MIDD_048,14,0.01961001195013523,0.003274478018283844,-0.008167766965925694,0.011442244984209538
015,3MIDD_048,15,0.018779346719384193,0.0021572113037109375,-0.008311067707836628,0.010468279011547565
015,3MIDD_048,16,0.017978986725211143,0.0011232818942517042,-0.00842785241547972,0.009551134309731424
015,3MIDD_048,17,0.01726638898253441,0.00011539002298377454,-0.008575499479775317,0.008690889502759092
015,3MIDD_048,18,0.01657724753022194,-0.0008634856785647571,-0.008720366604393348,0.007856880925828591
015,3MIDD_048,19,0.01587548293173313,-0.0018411834025755525,-0.008858333167154342,0.0070171497645787895
015,3MIDD_048,20,0.015179273672401905,-0.002763996832072735,-0.00897163525223732,0.006207638420164585
015,3MIDD_048,21,0.014532462693750858,-0.0037068494129925966,-0.009119656053371727,0.005412806640379131
015,3MIDD_048,22,0.013867700472474098,-0.004658988676965237,-0.009263344574719667,0.004604355897754431
015,3MIDD_048,23,0.013204943388700485,-0.005595949944108725,-0.009400446666404605,0.0038044967222958803
015,3MIDD_048,24,0.012556163594126701,-0.006473524961620569,-0.009514844277873635,0.003041319316253066
015,3MIDD_048,25,0.011906588450074196,-0.007251343224197626,-0.009578965837135911,0.002327622612938285
015,3MIDD_048,26,0.011344334110617638,-0.007938229478895664,-0.009641281794756651,0.0017030523158609867
015,3MIDD_048,27,0.010881581343710423,-0.008594753220677376,-0.0097381672821939,0.0011434140615165234
015,3MIDD_048,28,0.01042744517326355,-0.009205227717757225,-0.009816336445510387,0.0006111087277531624
015,3MIDD_048,29,0.00998665951192379,-0.009777737781405449,-0.00988219864666462,0.00010446086525917053
015,3MIDD_048,30,0.009554623626172543,-0.010300859808921814,-0.009927741717547178,-0.0003731180913746357
015,3MIDD_048,31,0.009114140644669533,-0.01076535601168871,-0.009939748328179121,-0.0008256076835095882
015,3MIDD_048,32,0.008692162111401558,-0.011192365549504757,-0.009942263830453157,-0.0012501017190515995
015,3MIDD_048,33,0.008273464627563953,-0.01159089058637619,-0.009932177606970072,-0.0016587129794061184
015,3MIDD_048,34,0.00786993745714426,-0.011946412734687328,-0.009908175095915794,-0.002038237638771534
015,3MIDD_048,35,0.00747434888035059,-0.012246309779584408,-0.009860329329967499,-0.002385980449616909
015,3MIDD_048,36,0.0070883603766560555,-0.012482249177992344,-0.0097853047773242,-0.0026969444006681442
015,3MIDD_048,37,0.006726747378706932,-0.012657351791858673,-0.009692049585282803,-0.0029653022065758705
015,3MIDD_048,38,0.006372577976435423,-0.01277574896812439,-0.009574163472279906,-0.0032015854958444834
015,3MIDD_048,39,0.006018118932843208,-0.012841950170695782,-0.009430034551769495,-0.0034119156189262867
015,3MIDD_048,40,0.005672909319400787,-0.012862365692853928,-0.009267637506127357,-0.00359472818672657
015,3MIDD_048,41,0.0053269993513822556,-0.012860073707997799,-0.009093536529690027,-0.0037665371783077717
015,3MIDD_048,42,0.005011996254324913,-0.012828671373426914,-0.008920333813875914,-0.003908337559551001
015,3MIDD_048,43,0.004738940391689539,-0.012754159048199654,-0.008746549719944596,-0.004007609328255057
015,3MIDD_048,44,0.004490598104894161,-0.012642520479857922,-0.008566559292376041,-0.00407596118748188
015,3MIDD_048,45,0.004252508748322725,-0.012478088960051537,-0.008365298854187131,-0.004112790105864406
015,3MIDD_048,46,0.004025713540613651,-0.012281266041100025,-0.008153489790856838,-0.004127776250243187
015,3MIDD_048,47,0.0038139233365654945,-0.012069432064890862,-0.007941677700728178,-0.0041277543641626835
015,3MIDD_048,48,0.003617828479036689,-0.011834568344056606,-0.0077261984115466475,-0.004108369932509959
015,3MIDD_048,49,0.003445913316681981,-0.011589008383452892,-0.007517460850067437,-0.004071547533385456
015,3MIDD_207,0,0.0038137510418891907,0.00148029625415802,-0.0011667273938655853,0.0026470236480236053
015,3MIDD_207,1,0.0038375267758965492,0.0012234076857566833,-0.001307059545069933,0.0025304672308266163
015,3MIDD_207,2,0.0026812211144715548,0.0014597320696339011,-0.0006107445224188268,0.002070476592052728
015,3MIDD_207,3,0.0014200962614268064,0.0018673213198781013,0.00022361252922564745,0.001643708790652454
015,3MIDD_207,4,0.0007253327057696879,0.0024036818649619818,0.0008391745795961469,0.0015645072853658348
015,3MIDD_207,5,0.000870032119564712,0.002638906007632613,0.0008844369440339506,0.0017544690635986626
015,3MIDD_207,6,0.001441959640942514,0.002652914496138692,0.000605477427598089,0.002047437068540603
015,3MIDD_207,7,0.001932166051119566,0.0025570897851139307,0.00031246186699718237,0.0022446279181167483
015,3MIDD_207,8,0.0021282322704792023,0.002494226675480604,0.00018299720250070095,0.0023112294729799032
015,3MIDD_207,9,0.0019338747952133417,0.0024230042472481728,0.0002445647260174155,0.0021784395212307572
015,3MIDD_207,10,0.0014554375084117055,0.0022893263958394527,0.0004169444437138736,0.0018723819521255791
015,3MIDD_207,11,0.0011033096816390753,0.0020667435601353645,0.0004817169392481446,0.00158502662088722
015,3MIDD_207,12,0.0008779740892350674,0.0017123236320912838,0.0004171747714281082,0.0012951488606631756
015,3MIDD_207,13,0.0006220769137144089,0.0011866380227729678,0.00028228055452927947,0.0009043574682436883
015,3MIDD_207,14,0.0003255615883972496,0.000597901816945523,0.00013617011427413672,0.0004617317026713863
015,3MIDD_207,15,0.00013444699288811535,2.421387398499064e-05,-5.511655945156235e-05,7.9330433436553e-05
015,3MIDD_207,16,-4.3309948523528874e-05,-0.0005520384293049574,-0.00025436424039071426,-0.00029767418891424313
015,3MIDD_207,17,-0.00016872315609361976,-0.0010939378989860415,-0.0004626073714462109,-0.0006313305275398307
015,3MIDD_207,18,-0.00021469405328389257,-0.00154507823754102,-0.0006651920921285637,-0.0008798861454124562
015,3MIDD_207,19,-0.0002246223302790895,-0.0019309396157041192,-0.0008531586427125148,-0.0010777809729916044
015,3MIDD_207,20,-0.00025122641818597913,-0.00229628081433475,-0.0010225271980743855,-0.0012737536162603647
015,3MIDD_207,21,-0.00032964959973469377,-0.002577920211479068,-0.001124135305872187,-0.0014537849056068808
015,3MIDD_207,22,-0.0004487542319111526,-0.002758211921900511,-0.001154728844994679,-0.0016034830769058317
015,3MIDD_207,23,-0.0006067712092772126,-0.0028713836800307035,-0.0011323062353767455,-0.001739077444653958
015,3MIDD_207,24,-0.0008206010679714382,-0.002932976931333542,-0.0010561879316810519,-0.00187678899965249
015,3MIDD_207,25,-0.0010307709453627467,-0.00291784992441535,-0.0009435394895263016,-0.0019743104348890483
015,3MIDD_207,26,-0.0012563038617372513,-0.0029112701304256916,-0.0008274831343442202,-0.0020837869960814714
015,3MIDD_207,27,-0.0014437864301726222,-0.0029441739898175,-0.000750193779822439,-0.002193980209995061
015,3MIDD_207,28,-0.001622646814212203,-0.0030062308069318533,-0.0006917919963598251,-0.002314438810572028
015,3MIDD_207,29,-0.001768596237525344,-0.0030935490503907204,-0.0006624764064326882,-0.002431072643958032
015,3MIDD_207,30,-0.0018561320612207055,-0.0031903076451271772,-0.0006670877919532359,-0.0025232198531739414
015,3MIDD_207,31,-0.0019524232484400272,-0.0033023373689502478,-0.0006749570602551103,-0.0026273803086951375
015,3MIDD_207,32,-0.0020482344552874565,-0.0034379702992737293,-0.0006948679219931364,-0.002743102377280593
015,3MIDD_207,33,-0.002150140469893813,-0.003588660852983594,-0.0007192601915448904,-0.0028694006614387035
015,3MIDD_207,34,-0.0022732571233063936,-0.003745738649740815,-0.0007362407632172108,-0.0030094978865236044
015,3MIDD_207,35,-0.0024204470682889223,-0.003916508983820677,-0.0007480309577658772,-0.0031684780260547996
015,3MIDD_207,36,-0.002584135392680764,-0.004074589814990759,-0.0007452272111549973,-0.0033293626038357615
015,3MIDD_207,37,-0.002768278354778886,-0.0042024292051792145,-0.0007170754252001643,-0.00348535377997905
015,3MIDD_207,38,-0.0029814359731972218,-0.004312417004257441,-0.0006654905155301094,-0.003646926488727331
015,3MIDD_207,39,-0.0032009414862841368,-0.004396932199597359,-0.000597995356656611,-0.0037989368429407477
015,3MIDD_207,40,-0.00342178693972528,-0.0044641755521297455,-0.0005211943062022328,-0.003942981245927513
015,3MIDD_207,41,-0.003629430430009961,-0.004501348827034235,-0.00043595919851213694,-0.004065389628522098
015,3MIDD_207,42,-0.0038344792556017637,-0.0045337132178246975,-0.0003496169811114669,-0.004184096236713231
015,3MIDD_207,43,-0.004029424861073494,-0.004570122808218002,-0.0002703489735722542,-0.004299773834645748
015,3MIDD_207,44,-0.004212932661175728,-0.004592162556946278,-0.0001896149478852749,-0.004402547609061003
015,3MIDD_207,45,-0.004394997376948595,-0.00460175983607769,-0.00010338122956454754,-0.004498378606513143
015,3MIDD_207,46,-0.0045801857486367226,-0.004602617584168911,-1.1215917766094208e-05,-0.004591401666402817
015,3MIDD_207,47,-0.0047700973227620125,-0.004587839357554913,9.112898260354996e-05,-0.0046789683401584625
015,3MIDD_207,48,-0.0049590663984417915,-0.004564537201076746,0.00019726459868252277,-0.004761801799759269
015,3MIDD_207,49,-0.005142185837030411,-0.0045359074138104916,0.0003031392116099596,-0.004839046625420451
015,4MIDD_085_170,0,0.016789870336651802,0.014876872301101685,-0.0009564990177750587,0.015833371318876743
015,4MIDD_085_170,1,0.017213311046361923,0.01450701616704464,-0.0013531474396586418,0.01586016360670328
015,4MIDD_085_170,2,0.017483100295066833,0.014303990639746189,-0.0015895548276603222,0.01589354546740651
015,4MIDD_085_170,3,0.017810599878430367,0.01376365590840578,-0.002023471985012293,0.015787127893418074
015,4MIDD_085_170,4,0.018249543383717537,0.013164144940674305,-0.002542699221521616,0.01570684416219592
015,4MIDD_085_170,5,0.018441351130604744,0.012619576416909695,-0.0029108873568475246,0.01553046377375722
015,4MIDD_085_170,6,0.018276644870638847,0.011996003799140453,-0.003140320535749197,0.01513632433488965
015,4MIDD_085_170,7,0.017823949456214905,0.011288680136203766,-0.0032676346600055695,0.014556314796209335
015,4MIDD_085_170,8,0.01725548878312111,0.01052086427807808,-0.003367312252521515,0.013888176530599594
015,4MIDD_085_170,9,0.01661183312535286,0.009742130525410175,-0.003434851299971342,0.013176981825381517
015,4MIDD_085_170,10,0.01588325947523117,0.008963888511061668,-0.003459685482084751,0.01242357399314642
015,4MIDD_085_170,11,0.015066035091876984,0.008179187774658203,-0.0034434236586093903,0.011622611433267593
015,4MIDD_085_170,12,0.014125091955065727,0.0074873208068311214,-0.003318885574117303,0.010806206380948424
015,4MIDD_085_170,13,0.013114502653479576,0.006862567737698555,-0.0031259674578905106,0.009988535195589066
015,4MIDD_085_170,14,0.012126411311328411,0.006183584686368704,-0.0029714133124798536,0.009154997998848557
015,4MIDD_085_170,15,0.0111286211758852,0.005478669889271259,-0.0028249756433069706,0.00830364553257823
015,4MIDD_085_170,16,0.01015309989452362,0.004811159335076809,-0.002670970279723406,0.007482129614800215
015,4MIDD_085_170,17,0.009222780354321003,0.004147755913436413,-0.002537512220442295,0.006685268133878708
015,4MIDD_085_170,18,0.008262986317276955,0.003630321240052581,-0.002316332538612187,0.005946653778664768
015,4MIDD_085_170,19,0.007276474963873625,0.0031980006024241447,-0.00203923718072474,0.005237237783148885
015,4MIDD_085_170,20,0.006226973608136177,0.0028018371667712927,-0.0017125682206824422,0.004514405387453735
015,4MIDD_085_170,21,0.0051910728216171265,0.002372072311118245,-0.0014095002552494407,0.003781572566367686
015,4MIDD_085_170,22,0.004268007818609476,0.0019219561945647001,-0.001173025812022388,0.003094982006587088
015,4MIDD_085_170,23,0.0033819798845797777,0.001478502992540598,-0.0009517384460195899,0.002430241438560188
015,4MIDD_085_170,24,0.0024900801945477724,0.0010329864453524351,-0.0007285468745976686,0.0017615333199501038
015,4MIDD_085_170,25,0.0016483416547998786,0.0005897466908209026,-0.000529297481989488,0.0011190441728103906
015,4MIDD_085_170,26,0.0008655007695779204,0.00013627723092213273,-0.00036461176932789385,0.0005008890002500266
015,4MIDD_085_170,27,0.00010505865066079423,-0.0002942247374448925,-0.00019964169405284338,-9.458304339204915e-05
015,4MIDD_085_170,28,-0.0005814415635541081,-0.0007316293194890022,-7.509387796744704e-05,-0.0006565354415215552
015,4MIDD_085_170,29,-0.0012168309185653925,-0.0011956202797591686,1.0605319403111935e-05,-0.0012062255991622806
015,4MIDD_085_170,30,-0.0018120078602805734,-0.0016657676314935088,7.312011439353228e-05,-0.001738887745887041
015,4MIDD_085_170,31,-0.002354484284296632,-0.002109469147399068,0.00012250756844878197,-0.00223197671584785
015,4MIDD_085_170,32,-0.002861802000552416,-0.0025297077372670174,0.00016604713164269924,-0.0026957548689097166
015,4MIDD_085_170,33,-0.0033405208960175514,-0.002927533583715558,0.00020649365615099669,-0.0031340272398665547
015,4MIDD_085_170,34,-0.0037604630924761295,-0.003325315425172448,0.0002175738336518407,-0.003542889258824289
015,4MIDD_085_170,35,-0.004096481949090958,-0.003688411321491003,0.0002040353137999773,-0.0038924466352909803
015,4MIDD_085_170,36,-0.004393237177282572,-0.0040071876719594,0.0001930247526615858,-0.004200212424620986
015,4MIDD_085_170,37,-0.004650506190955639,-0.004295291379094124,0.00017760740593075752,-0.004472898785024881
015,4MIDD_085_170,38,-0.004851738456636667,-0.004577597603201866,0.00013707042671740055,-0.004714668029919267
015,4MIDD_085_170,39,-0.005030636675655842,-0.004840028937906027,9.53038688749075e-05,-0.004935332806780934
015,4MIDD_085_170,40,-0.005184880457818508,-0.005084492266178131,5.019409582018852e-05,-0.00513468636199832
015,4MIDD_085_170,41,-0.005338618997484446,-0.005326691083610058,5.9639569371938705e-06,-0.005332655040547252
015,4MIDD_085_170,42,-0.005492443684488535,-0.0055684782564640045,-3.8017285987734795e-05,-0.00553046097047627
015,4MIDD_085_170,43,-0.005617046263068914,-0.005804901476949453,-9.392760694026947e-05,-0.005710973870009184
015,4MIDD_085_170,44,-0.005727402400225401,-0.006040324456989765,-0.00015646102838218212,-0.005883863428607583
015,4MIDD_085_170,45,-0.00581496162340045,-0.006258558947592974,-0.00022179866209626198,-0.006036760285496712
015,4MIDD_085_170,46,-0.005887411534786224,-0.0064606377854943275,-0.0002866131253540516,-0.006174024660140276
015,4MIDD_085_170,47,-0.005946340970695019,-0.0066458010114729404,-0.00034973002038896084,-0.00629607099108398
015,4MIDD_085_170,48,-0.005987799726426601,-0.006810938939452171,-0.00041156960651278496,-0.006399369332939386
015,4MIDD_085_170,49,-0.006012225057929754,-0.006980533711612225,-0.00048415432684123516,-0.006496379384770989
016,3MIDD_048,0,0.0024275174364447594,-0.010710528120398521,-0.00656902277842164,-0.004141505341976881
016,3MIDD_048,1,0.002179955132305622,-0.010774806141853333,-0.006477380637079477,-0.004297425504773855
016,3MIDD_048,2,0.0020742597989737988,-0.01123455073684454,-0.006654405267909169,-0.0045801454689353704
016,3MIDD_048,3,0.0017829433782026172,-0.012079279869794846,-0.006931111623998731,-0.005148168245796114
016,3MIDD_048,4,0.0016433136770501733,-0.012444807216525078,-0.0070440604467876256,-0.005400746769737452
016,3MIDD_048,5,0.0016000764444470406,-0.012301933020353317,-0.006951004732400179,-0.005350928287953138
016,3MIDD_048,6,0.0018157336162403226,-0.01204838976264,-0.006932061689440161,-0.005116328073199838
016,3MIDD_048,7,0.002003786154091358,-0.012113519012928009,-0.007058652583509684,-0.005054866429418325
016,3MIDD_048,8,0.001951431157067418,-0.012363988906145096,-0.007157710031606257,-0.005206278874538839
016,3MIDD_048,9,0.0019160147057846189,-0.012551791034638882,-0.00723390287021175,-0.005317888164427131
016,3MIDD_048,10,0.0019403669284656644,-0.012674282304942608,-0.007307324616704136,-0.005366957688238472
016,3MIDD_048,11,0.0019855452701449394,-0.012739654630422592,-0.007362599950283766,-0.005377054680138826
016,3MIDD_048,12,0.0020625139586627483,-0.012771802954375744,-0.007417158456519246,-0.005354644497856498
016,3MIDD_048,13,0.0021208329126238823,-0.012821760028600693,-0.0074712964706122875,-0.005350463557988405
016,3MIDD_048,14,0.0021454684901982546,-0.012903526425361633,-0.007524497457779944,-0.005379028967581689
016,3MIDD_048,15,0.0021717767231166363,-0.012996167875826359,-0.0075839722994714975,-0.005412195576354861
016,3MIDD_048,16,0.002211477840319276,-0.013058850541710854,-0.007635164191015065,-0.005423686350695789
016,3MIDD_048,17,0.002274654572829604,-0.013082890771329403,-0.0076787726720795035,-0.005404118099249899
016,3MIDD_048,18,0.0023458071518689394,-0.013094188645482063,-0.007719997898675501,-0.005374190746806562
016,3MIDD_048,19,0.0024007076863199472,-0.013115005567669868,-0.007757856626994908,-0.005357148940674961
016,3MIDD_048,20,0.002436742652207613,-0.013147233985364437,-0.007791988318786025,-0.005355245666578412
016,3MIDD_048,21,0.002454257570207119,-0.013184424489736557,-0.007819341029971838,-0.005365083459764719
016,3MIDD_048,22,0.0024663920048624277,-0.013215621002018452,-0.00784100650344044,-0.005374614498578012
016,3MIDD_048,23,0.002483213786035776,-0.013234062120318413,-0.007858637953177094,-0.005375424167141318
016,3MIDD_048,24,0.002505427459254861,-0.013240843079984188,-0.007873135269619524,-0.005367707810364664
016,3MIDD_048,25,0.0025294984225183725,-0.013244012370705605,-0.007886755396611989,-0.005357256974093616
016,3MIDD_048,26,0.002548723481595516,-0.013249414041638374,-0.007899068761616945,-0.005350345280021429
016,3MIDD_048,27,0.00256221741437912,-0.013256517238914967,-0.007909367326647043,-0.005347149912267923
016,3MIDD_048,28,0.0025730892084538937,-0.013264506123960018,-0.007918797666206956,-0.005345708457753062
016,3MIDD_048,29,0.0025824366603046656,-0.013272464275360107,-0.007927450467832386,-0.005345013807527721
016,3MIDD_048,30,0.002592032076790929,-0.01327891182154417,-0.00793547194916755,-0.005343439872376621
016,3MIDD_048,31,0.0026013990864157677,-0.01328442245721817,-0.007942910771816969,-0.005341511685401201
016,3MIDD_048,32,0.0026097819209098816,-0.013289381749927998,-0.00794958183541894,-0.005339799914509058
016,3MIDD_048,33,0.00261667394079268,-0.013293907046318054,-0.007955290493555367,-0.005338616552762687
016,3MIDD_048,34,0.002622221363708377,-0.013298409059643745,-0.007960315211676061,-0.005338093847967684
016,3MIDD_048,35,0.0026270796079188585,-0.013302472420036793,-0.007964776013977826,-0.005337696406058967
016,3MIDD_048,36,0.0026317015290260315,-0.013305839151144028,-0.00796877034008503,-0.005337068811058998
016,3MIDD_048,37,0.002635881770402193,-0.013308708555996418,-0.007972295163199306,-0.0053364133927971125
016,3MIDD_048,38,0.002639485290274024,-0.013311133719980717,-0.00797530950512737,-0.005335824214853346
016,3MIDD_048,39,0.0026428273413330317,-0.013313369825482368,-0.0079780985834077,-0.005335271242074668
016,3MIDD_048,40,0.0026458161883056164,-0.01331569254398346,-0.007980754366144538,-0.0053349381778389215
016,3MIDD_048,41,0.0026485563721507788,-0.013317620381712914,-0.007983088376931846,-0.005334532004781067
016,3MIDD_048,42,0.0026511908508837223,-0.013319500721991062,-0.007985345786437392,-0.00533415493555367
016,3MIDD_048,43,0.0026535307988524437,-0.013321283273398876,-0.00798740703612566,-0.005333876237273216
016,3MIDD_048,44,0.0026555138174444437,-0.013322577811777592,-0.007989045814611018,-0.005333531997166574
016,3MIDD_048,45,0.0026573343202471733,-0.013324002735316753,-0.007990668527781963,-0.00533333420753479
016,3MIDD_048,46,0.002658829325810075,-0.01332518458366394,-0.007992006954737008,-0.005333177628926933
016,3MIDD_048,47,0.0026598337572067976,-0.0133262500166893,-0.007993041886948049,-0.0053332081297412515
016,3MIDD_048,48,0.00266087194904685,-0.013327179476618767,-0.007994025712832808,-0.005333153763785958
016,3MIDD_048,49,0.0026617299299687147,-0.013328157365322113,-0.007994943647645414,-0.005333213717676699
016,3MIDD_207,0,-0.009899728000164032,0.028598790988326073,0.019249259494245052,0.00934953149408102
016,3MIDD_207,1,-0.010924117639660835,0.029236214235424995,0.020080165937542915,0.00915604829788208
016,3MIDD_207,2,-0.010837148874998093,0.03059735894203186,0.020717253908514977,0.009880105033516884
016,3MIDD_207,3,-0.010490575805306435,0.032096996903419495,0.021293786354362965,0.01080321054905653
016,3MIDD_207,4,-0.010380885563790798,0.0332014262676239,0.02179115591570735,0.011410270351916552
016,3MIDD_207,5,-0.010943083092570305,0.03331916406750679,0.022131123580038548,0.011188040487468243
016,3MIDD_207,6,-0.011782391928136349,0.033047135919332504,0.022414763923734426,0.010632371995598078
016,3MIDD_207,7,-0.012511365115642548,0.032781533896923065,0.022646449506282806,0.010135084390640259
016,3MIDD_207,8,-0.012982663698494434,0.03264537453651428,0.02281401911750436,0.009831355419009924
016,3MIDD_207,9,-0.013223943300545216,0.03266747295856476,0.022945708129554987,0.009721764829009771
016,3MIDD_207,10,-0.013349071145057678,0.032683901488780975,0.023016486316919327,0.009667415171861649
016,3MIDD_207,11,-0.013440473936498165,0.03263601288199425,0.023038243409246206,0.009597769472748041
016,3MIDD_207,12,-0.013583948835730553,0.032542113214731216,0.023063031025230885,0.009479082189500332
016,3MIDD_207,13,-0.013795518316328526,0.032447449862957,0.023121484089642763,0.009325965773314238
016,3MIDD_207,14,-0.014001105912029743,0.03241536393761635,0.023208234924823046,0.009207129012793303
016,3MIDD_207,15,-0.014173018746078014,0.03241509571671486,0.023294057231396437,0.009121038485318422
016,3MIDD_207,16,-0.01431217696517706,0.03239575773477554,0.0233539673499763,0.009041790384799242
016,3MIDD_207,17,-0.01441668625921011,0.03237656503915787,0.02339662564918399,0.008979939389973879
016,3MIDD_207,18,-0.014476210810244083,0.03239072114229202,0.023433465976268053,0.00895725516602397
016,3MIDD_207,19,-0.014518807642161846,0.03244034945964813,0.02347957855090499,0.008960770908743143
016,3MIDD_207,20,-0.014590708538889885,0.032487329095602036,0.02353901881724596,0.008948310278356075
016,3MIDD_207,21,-0.014700263738632202,0.03250246122479439,0.023601362481713295,0.008901098743081093
016,3MIDD_207,22,-0.014810914173722267,0.03250124678015709,0.023656080476939678,0.008845166303217411
016,3MIDD_207,23,-0.01488291285932064,0.03251545876264572,0.02369918581098318,0.00881627295166254
016,3MIDD_207,24,-0.014907149598002434,0.03255421295762062,0.023730681277811527,0.008823531679809093
016,3MIDD_207,25,-0.014911353588104248,0.03260907530784607,0.02376021444797516,0.00884886085987091
016,3MIDD_207,26,-0.014931293204426765,0.03265852481126785,0.02379490900784731,0.008863615803420544
016,3MIDD_207,27,-0.014979780651628971,0.03268880769610405,0.02383429417386651,0.00885451352223754
016,3MIDD_207,28,-0.015042302198708057,0.03270532563328743,0.023873813915997744,0.008831511717289686
016,3MIDD_207,29,-0.015093154273927212,0.03272252529859543,0.02390783978626132,0.008814685512334108
016,3MIDD_207,30,-0.015116598457098007,0.03275119885802269,0.02393389865756035,0.008817300200462341
016,3MIDD_207,31,-0.015119190327823162,0.03279036283493042,0.02395477658137679,0.008835586253553629
016,3MIDD_207,32,-0.01512088067829609,0.03282827511429787,0.023974577896296978,0.008853697218000889
016,3MIDD_207,33,-0.01513508427888155,0.03285640478134155,0.02399574453011155,0.008860660251230001
016,3MIDD_207,34,-0.015160273760557175,0.03287551924586296,0.024017896503210068,0.008857622742652893
016,3MIDD_207,35,-0.01518599409610033,0.03289187327027321,0.02403893368318677,0.00885293958708644
016,3MIDD_207,36,-0.015202820301055908,0.03291088342666626,0.024056851863861084,0.008854031562805176
016,3MIDD_207,37,-0.015209457837045193,0.03293368220329285,0.02407157002016902,0.008862112183123827
016,3MIDD_207,38,-0.015210796147584915,0.03295758366584778,0.024084189906716347,0.008873393759131432
016,3MIDD_207,39,-0.015213709324598312,0.0329793356359005,0.024096522480249405,0.008882813155651093
016,3MIDD_207,40,-0.015221524983644485,0.03299758955836296,0.024109557271003723,0.008888032287359238
016,3MIDD_207,41,-0.015232443809509277,0.03301273286342621,0.024122588336467743,0.008890144526958466
016,3MIDD_207,42,-0.015242497436702251,0.03302696719765663,0.02413473231717944,0.00889223488047719
016,3MIDD_207,43,-0.01524854451417923,0.03304116055369377,0.0241448525339365,0.00889630801975727
016,3MIDD_207,44,-0.015251058153808117,0.033055614680051804,0.02415333641692996,0.008902278263121843
016,3MIDD_207,45,-0.015251565724611282,0.033069584518671036,0.02416057512164116,0.008909009397029877
016,3MIDD_207,46,-0.01525243278592825,0.03308270499110222,0.024167568888515234,0.008915136102586985
016,3MIDD_207,47,-0.015254957601428032,0.03309442102909088,0.024174689315259457,0.008919731713831425
016,3MIDD_207,48,-0.015259286388754845,0.033104583621025085,0.024181935004889965,0.00892264861613512
016,3MIDD_207,49,-0.015263557434082031,0.03311355784535408,0.024188557639718056,0.008925000205636024
016,4MIDD_085_170,0,-0.009226550348103046,0.010039465501904488,0.009633007925003767,0.0004064575769007206
016,4MIDD_085_170,1,-0.00940546952188015,0.010084249079227448,0.009744859300553799,0.00033938977867364883
016,4MIDD_085_170,2,-0.009148698300123215,0.010903825052082539,0.010026261676102877,0.0008775633759796619
016,4MIDD_085_170,3,-0.00882176123559475,0.011585688218474388,0.010203724727034569,0.0013819634914398193
016,4MIDD_085_170,4,-0.00861127395182848,0.012248758226633072,0.010430016089230776,0.001818742137402296
016,4MIDD_085_170,5,-0.008796612732112408,0.012623409740626812,0.01071001123636961,0.0019133985042572021
016,4MIDD_085_170,6,-0.009109617210924625,0.0129182618111372,0.011013939511030912,0.001904322300106287
016,4MIDD_085_170,7,-0.00941932201385498,0.013162852264940739,0.01129108713939786,0.001871765125542879
016,4MIDD_085_170,8,-0.009662941098213196,0.013335677795112133,0.011499309446662664,0.0018363683484494686
016,4MIDD_085_170,9,-0.00977538712322712,0.013501460663974285,0.011638423893600702,0.0018630367703735828
016,4MIDD_085_170,10,-0.009865684434771538,0.013620423153042793,0.011743053793907166,0.0018773693591356277
016,4MIDD_085_170,11,-0.009967607446014881,0.013712763786315918,0.0118401856161654,0.0018725781701505184
016,4MIDD_085_170,12,-0.010055961087346077,0.013812510296702385,0.011934235692024231,0.001878274604678154
016,4MIDD_085_170,13,-0.01015535369515419,0.013917452655732632,0.012036403175443411,0.0018810494802892208
016,4MIDD_085_170,14,-0.010236921720206738,0.01403430663049221,0.012135614175349474,0.0018986924551427364
016,4MIDD_085_170,15,-0.010302874259650707,0.014149636030197144,0.012226255144923925,0.0019233808852732182
016,4MIDD_085_170,16,-0.010368501767516136,0.014243647456169128,0.012306074611842632,0.0019375728443264961
016,4MIDD_085_170,17,-0.010417396202683449,0.014322495087981224,0.012369945645332336,0.0019525494426488876
016,4MIDD_085_170,18,-0.010447021573781967,0.014397731982171535,0.012422376777976751,0.001975355204194784
016,4MIDD_085_170,19,-0.010465207509696484,0.014472439885139465,0.012468823697417974,0.002003616187721491
016,4MIDD_085_170,20,-0.010478539392352104,0.014539840631186962,0.012509190011769533,0.002030650619417429
016,4MIDD_085_170,21,-0.01049711462110281,0.014592188410460949,0.01254465151578188,0.0020475368946790695
016,4MIDD_085_170,22,-0.01051807776093483,0.014640196226537228,0.012579136993736029,0.002061059232801199
016,4MIDD_085_170,23,-0.010535942390561104,0.014688924886286259,0.012612433638423681,0.0020764912478625774
016,4MIDD_085_170,24,-0.010548819787800312,0.01473790779709816,0.012643363792449236,0.002094544004648924
016,4MIDD_085_170,25,-0.010556291788816452,0.014784558676183224,0.012670425232499838,0.002114133443683386
016,4MIDD_085_170,26,-0.01056226808577776,0.014823620207607746,0.012692944146692753,0.0021306760609149933
016,4MIDD_085_170,27,-0.010568544268608093,0.014855993911623955,0.012712269090116024,0.0021437248215079308
016,4MIDD_085_170,28,-0.010575358755886555,0.014886069111526012,0.012730713933706284,0.002155355177819729
016,4MIDD_085_170,29,-0.010581038892269135,0.01491622906178236,0.012748633977025747,0.0021675950847566128
016,4MIDD_085_170,30,-0.010584810748696327,0.014947892166674137,0.012766351457685232,0.002181540708988905
016,4MIDD_085_170,31,-0.010587361641228199,0.014979409985244274,0.012783385813236237,0.0021960241720080376
016,4MIDD_085_170,32,-0.010589618235826492,0.01500794943422079,0.012798783835023642,0.0022091655991971493
016,4MIDD_085_170,33,-0.010592467151582241,0.015032533556222916,0.012812500353902578,0.0022200332023203373
016,4MIDD_085_170,34,-0.010595262981951237,0.01505406852811575,0.012824665755033493,0.0022294027730822563
016,4MIDD_085_170,35,-0.0105973519384861,0.015074897557497025,0.012836124747991562,0.0022387728095054626
016,4MIDD_085_170,36,-0.010598762892186642,0.015095792710781097,0.01284727780148387,0.002248514909297228
016,4MIDD_085_170,37,-0.010599803179502487,0.015116068534553051,0.012857935857027769,0.002258132677525282
016,4MIDD_085_170,38,-0.01060126069933176,0.015134614892303944,0.012867937795817852,0.0022666770964860916
016,4MIDD_085_170,39,-0.010602951049804688,0.015150805003941059,0.012876878026872873,0.002273926977068186
016,4MIDD_085_170,40,-0.010604334063827991,0.015165130607783794,0.012884732335805893,0.0022803982719779015
016,4MIDD_085_170,41,-0.010605168528854847,0.015178863890469074,0.01289201620966196,0.0022868476808071136
016,4MIDD_085_170,42,-0.01060575246810913,0.015192368999123573,0.012899060733616352,0.0022933082655072212
016,4MIDD_085_170,43,-0.010606300085783005,0.015205304138362408,0.012905802112072706,0.0022995020262897015
016,4MIDD_085_170,44,-0.010606823489069939,0.01521745603531599,0.012912139762192965,0.002305316273123026
016,4MIDD_085_170,45,-0.010607387870550156,0.015228311531245708,0.012917849700897932,0.0023104618303477764
016,4MIDD_085_170,46,-0.010608145967125893,0.015238205902278423,0.012923175934702158,0.0023150299675762653
016,4MIDD_085_170,47,-0.010608574375510216,0.015247436240315437,0.012928005307912827,0.0023194309324026108
016,4MIDD_085_170,48,-0.010608827695250511,0.015256239101290703,0.012932533398270607,0.002323705703020096
016,4MIDD_085_170,49,-0.010609112679958344,0.015264522284269333,0.012936817482113838,0.0023277048021554947
017,3MIDD_048,0,0.02285003662109375,-0.039209142327308655,-0.031029589474201202,-0.008179552853107452
017,3MIDD_048,1,0.023155417293310165,-0.03788955882191658,-0.030522488057613373,-0.007367070764303207
017,3MIDD_048,2,0.023384476080536842,-0.03699493035674095,-0.030189703218638897,-0.006805227138102055
017,3MIDD_048,3,0.02334841713309288,-0.0363151952624321,-0.02983180619776249,-0.006483389064669609
017,3MIDD_048,4,0.023410450667142868,-0.03600514680147171,-0.02970779873430729,-0.006297348067164421
017,3MIDD_048,5,0.02362564392387867,-0.03574661538004875,-0.02968612965196371,-0.006060485728085041
017,3MIDD_048,6,0.023738713935017586,-0.035257697105407715,-0.02949820552021265,-0.0057594915851950645
017,3MIDD_048,7,0.02389366552233696,-0.034900568425655365,-0.029397116973996162,-0.005503451451659203
017,3MIDD_048,8,0.024187413975596428,-0.03483504056930542,-0.029511227272450924,-0.005323813296854496
017,3MIDD_048,9,0.02470230497419834,-0.035147834569215775,-0.029925069771707058,-0.005222764797508717
017,3MIDD_048,10,0.025246169418096542,-0.03567475825548172,-0.03046046383678913,-0.005214294418692589
017,3MIDD_048,11,0.02583625353872776,-0.03626758232712746,-0.03105191793292761,-0.005215664394199848
017,3MIDD_048,12,0.02635730430483818,-0.03683696314692497,-0.03159713372588158,-0.005239829421043396
017,3MIDD_048,13,0.026784125715494156,-0.03733150660991669,-0.03205781616270542,-0.0052736904472112656
017,3MIDD_048,14,0.027074819430708885,-0.03774463012814522,-0.03240972477942705,-0.005334905348718166
017,3MIDD_048,15,0.027276162058115005,-0.03809726610779762,-0.032686714082956314,-0.005410552024841309
017,3MIDD_048,16,0.027415191754698753,-0.0384315550327301,-0.03292337339371443,-0.005508181639015675
017,3MIDD_048,17,0.027544928714632988,-0.03871791064739227,-0.03313141968101263,-0.0055864909663796425
017,3MIDD_048,18,0.027644319459795952,-0.03896299749612808,-0.03330365847796202,-0.005659339018166065
017,3MIDD_048,19,0.027708467096090317,-0.03919535130262375,-0.03345190919935703,-0.005743442103266716
017,3MIDD_048,20,0.027725426480174065,-0.03939184918999672,-0.03355863783508539,-0.005833211354911327
017,3MIDD_048,21,0.027703924104571342,-0.039563823491334915,-0.03363387379795313,-0.005929949693381786
017,3MIDD_048,22,0.02767273411154747,-0.03969372808933258,-0.033683231100440025,-0.006010496988892555
017,3MIDD_048,23,0.02765653282403946,-0.03977780044078827,-0.033717166632413864,-0.006060633808374405
017,3MIDD_048,24,0.027666546404361725,-0.0398288294672966,-0.03374768793582916,-0.006081141531467438
017,3MIDD_048,25,0.02767263911664486,-0.03986946493387222,-0.03377105202525854,-0.006098412908613682
017,3MIDD_048,26,0.02767132967710495,-0.039892129600048065,-0.03378172963857651,-0.006110399961471558
017,3MIDD_048,27,0.027650879696011543,-0.03987589478492737,-0.033763387240469456,-0.0061125075444579124
017,3MIDD_048,28,0.02762519009411335,-0.039836395531892776,-0.03373079281300306,-0.006105602718889713
017,3MIDD_048,29,0.02760993503034115,-0.03979688510298729,-0.03370341006666422,-0.0060934750363230705
017,3MIDD_048,30,0.0276014544069767,-0.03974543511867523,-0.033673444762825966,-0.006071990355849266
017,3MIDD_048,31,0.027590885758399963,-0.039688803255558014,-0.03363984450697899,-0.006048958748579025
017,3MIDD_048,32,0.02757159434258938,-0.039644476026296616,-0.033608035184443,-0.006036440841853619
017,3MIDD_048,33,0.027535192668437958,-0.039625685662031174,-0.033580439165234566,-0.006045246496796608
017,3MIDD_048,34,0.02749091014266014,-0.039604708552360535,-0.03354780934751034,-0.006056899204850197
017,3MIDD_048,35,0.027449216693639755,-0.03957973048090935,-0.03351447358727455,-0.006065256893634796
017,3MIDD_048,36,0.027414334937930107,-0.03954367712140083,-0.03347900602966547,-0.006064671091735363
017,3MIDD_048,37,0.027388395741581917,-0.03950756415724754,-0.03344797994941473,-0.006059584207832813
017,3MIDD_048,38,0.027357328683137894,-0.039467670023441315,-0.033412499353289604,-0.0060551706701517105
017,3MIDD_048,39,0.02732263319194317,-0.039426110684871674,-0.03337437193840742,-0.0060517387464642525
017,3MIDD_048,40,0.02729112282395363,-0.03938591480255127,-0.03333851881325245,-0.0060473959892988205
017,3MIDD_048,41,0.02727034129202366,-0.03934454545378685,-0.033307443372905254,-0.006037102080881596
017,3MIDD_048,42,0.027255473658442497,-0.03930814936757088,-0.03328181151300669,-0.00602633785456419
017,3MIDD_048,43,0.02725028805434704,-0.039278075098991394,-0.033264181576669216,-0.006013893522322178
017,3MIDD_048,44,0.027253158390522003,-0.03925049304962158,-0.03325182572007179,-0.005998667329549789
017,3MIDD_048,45,0.027265993878245354,-0.03922537714242935,-0.03324568551033735,-0.005979691632091999
017,3MIDD_048,46,0.027291150763630867,-0.03920440748333931,-0.03324777912348509,-0.005956628359854221
017,3MIDD_048,47,0.027324769645929337,-0.03919016569852829,-0.03325746767222881,-0.005932698026299477
017,3MIDD_048,48,0.027366245165467262,-0.039179421961307526,-0.033272833563387394,-0.005906588397920132
017,3MIDD_048,49,0.02741469442844391,-0.03917118161916733,-0.03329293802380562,-0.00587824359536171
017,3MIDD_207,0,-0.04639112204313278,0.002285334514454007,0.024338228278793395,-0.022052893764339387
017,3MIDD_207,1,-0.04499225690960884,-0.0001922503433888778,0.02240000328310998,-0.02259225362649886
017,3MIDD_207,2,-0.04436367005109787,-0.0025777302216738462,0.020892969914712012,-0.023470700136385858
017,3MIDD_207,3,-0.04685095697641373,-0.001677549327723682,0.022586703824345022,-0.024264253152068704
017,3MIDD_207,4,-0.049875419586896896,0.00027409783797338605,0.02507475871243514,-0.024800660874461755
017,3MIDD_207,5,-0.052067939192056656,0.0020177518017590046,0.02704284549690783,-0.025025093695148826
017,3MIDD_207,6,-0.05293676257133484,0.0030550877563655376,0.027995925163850188,-0.02494083740748465
017,3MIDD_207,7,-0.053479526191949844,0.0034739773254841566,0.028476751758717,-0.025002774433232844
017,3MIDD_207,8,-0.053888704627752304,0.003585731377825141,0.028737218002788723,-0.02515148662496358
017,3MIDD_207,9,-0.054499946534633636,0.003865151898935437,0.029182549216784537,-0.0253173973178491
017,3MIDD_207,10,-0.05492585897445679,0.004219726659357548,0.029572792816907167,-0.02535306615754962
017,3MIDD_207,11,-0.05525233596563339,0.004602386616170406,0.0299273612909019,-0.025324974674731493
017,3MIDD_207,12,-0.05542994663119316,0.0048919073306024075,0.030160926980897784,-0.025269019650295377
017,3MIDD_207,13,-0.05567886680364609,0.0051579903811216354,0.03041842859238386,-0.025260438211262226
017,3MIDD_207,14,-0.055940721184015274,0.005370262544602156,0.030655491864308715,-0.02528522931970656
017,3MIDD_207,15,-0.056236036121845245,0.00561952032148838,0.030927778221666813,-0.025308257900178432
017,3MIDD_207,16,-0.05645774304866791,0.005863869562745094,0.0311608063057065,-0.025296936742961407
017,3MIDD_207,17,-0.05666552856564522,0.006122818682342768,0.03139417362399399,-0.025271354941651225
017,3MIDD_207,18,-0.05685141310095787,0.0063650356605648994,0.031608224380761385,-0.025243188720196486
017,3MIDD_207,19,-0.05706208944320679,0.006611861754208803,0.031836975598707795,-0.025225113844498992
017,3MIDD_207,20,-0.0572655014693737,0.00683144386857748,0.03204847266897559,-0.02521702880039811
017,3MIDD_207,21,-0.05745844542980194,0.007045684847980738,0.03225206513889134,-0.0252063802909106
017,3MIDD_207,22,-0.0576002299785614,0.007270346861332655,0.03243528841994703,-0.025164941558614373
017,3MIDD_207,23,-0.05773172527551651,0.007515457924455404,0.03262359159998596,-0.025108133675530553
017,3MIDD_207,24,-0.05783747881650925,0.007742994464933872,0.03279023664072156,-0.025047242175787687
017,3MIDD_207,25,-0.05793631076812744,0.007947792299091816,0.03294205153360963,-0.024994259234517813
017,3MIDD_207,26,-0.05800481513142586,0.008121646009385586,0.03306323057040572,-0.024941584561020136
017,3MIDD_207,27,-0.0580517016351223,0.008252649568021297,0.0331521756015718,-0.0248995260335505
017,3MIDD_207,28,-0.05806935578584671,0.008352141827344894,0.0332107488065958,-0.024858606979250908
017,3MIDD_207,29,-0.05807659029960632,0.008425951935350895,0.03325127111747861,-0.024825319182127714
017,3MIDD_207,30,-0.05804680660367012,0.00848491583019495,0.033265861216932535,-0.024780945386737585
017,3MIDD_207,31,-0.057998333126306534,0.008523303084075451,0.03326081810519099,-0.02473751502111554
017,3MIDD_207,32,-0.05792616680264473,0.008550653234124184,0.03323841001838446,-0.024687756784260273
017,3MIDD_207,33,-0.05784499645233154,0.008568043820559978,0.03320652013644576,-0.024638476315885782
017,3MIDD_207,34,-0.05775753781199455,0.008572270162403584,0.03316490398719907,-0.024592633824795485
017,3MIDD_207,35,-0.057673074305057526,0.008560464717447758,0.03311676951125264,-0.024556304793804884
017,3MIDD_207,36,-0.05758392810821533,0.008539077825844288,0.03306150296702981,-0.024522425141185522
017,3MIDD_207,37,-0.05749138072133064,0.008506876416504383,0.03299912856891751,-0.02449225215241313
017,3MIDD_207,38,-0.057389769703149796,0.008470742031931877,0.032930255867540836,-0.02445951383560896
017,3MIDD_207,39,-0.057286716997623444,0.008430717512965202,0.03285871725529432,-0.02442799974232912
017,3MIDD_207,40,-0.05718296766281128,0.008381055667996407,0.03278201166540384,-0.024400955997407436
017,3MIDD_207,41,-0.057082049548625946,0.008329593576490879,0.03270582156255841,-0.024376227986067533
017,3MIDD_207,42,-0.05698494240641594,0.008279887959361076,0.03263241518288851,-0.02435252722352743
017,3MIDD_207,43,-0.056889645755290985,0.008224834688007832,0.03255724022164941,-0.024332405533641577
017,3MIDD_207,44,-0.056792695075273514,0.008170915767550468,0.03248180542141199,-0.024310889653861523
017,3MIDD_207,45,-0.056694719940423965,0.008117576129734516,0.03240614803507924,-0.024288571905344725
017,3MIDD_207,46,-0.05660304054617882,0.00806617271155119,0.032334606628865004,-0.024268433917313814
017,3MIDD_207,47,-0.05651905760169029,0.00802064873278141,0.03226985316723585,-0.02424920443445444
017,3MIDD_207,48,-0.05643796548247337,0.007976656779646873,0.03220731113106012,-0.02423065435141325
017,3MIDD_207,49,-0.056362561881542206,0.007932115346193314,0.03214733861386776,-0.024215223267674446
017,4MIDD_085_170,0,-0.031692251563072205,-0.012319670990109444,0.00968629028648138,-0.022005961276590824
017,4MIDD_085_170,1,-0.032757941633462906,-0.012683926150202751,0.010037007741630077,-0.02272093389183283
017,4MIDD_085_170,2,-0.03379335254430771,-0.013127276673913002,0.010333037935197353,-0.023460314609110355
017,4MIDD_085_170,3,-0.03392549231648445,-0.014085664413869381,0.009919913951307535,-0.024005578365176916
017,4MIDD_085_170,4,-0.03384966030716896,-0.014943079091608524,0.009453290607780218,-0.024396369699388742
017,4MIDD_085_170,5,-0.03373800963163376,-0.01538259070366621,0.009177709463983774,-0.024560300167649984
017,4MIDD_085_170,6,-0.033713482320308685,-0.015631768852472305,0.00904085673391819,-0.024672625586390495
017,4MIDD_085_170,7,-0.0337890163064003,-0.016014447435736656,0.008887284435331821,-0.024901731871068478
017,4MIDD_085_170,8,-0.03385595604777336,-0.016425838693976402,0.00871505867689848,-0.025140897370874882
017,4MIDD_085_170,9,-0.03382914885878563,-0.016826732084155083,0.008501208387315273,-0.025327940471470356
017,4MIDD_085_170,10,-0.03376210853457451,-0.017044536769390106,0.008358785882592201,-0.025403322651982307
017,4MIDD_085_170,11,-0.033650875091552734,-0.017225967720150948,0.008212453685700893,-0.02543842140585184
017,4MIDD_085_170,12,-0.03357692062854767,-0.017289120703935623,0.008143899962306023,-0.025433020666241646
017,4MIDD_085_170,13,-0.03350825235247612,-0.017399949952960014,0.008054151199758053,-0.025454101152718067
017,4MIDD_085_170,14,-0.03344036638736725,-0.01751282438635826,0.007963771000504494,-0.025476595386862755
017,4MIDD_085_170,15,-0.033345144242048264,-0.01764662377536297,0.007849260233342648,-0.025495884008705616
017,4MIDD_085_170,16,-0.033239319920539856,-0.017752204090356827,0.007743557915091515,-0.02549576200544834
017,4MIDD_085_170,17,-0.03314182162284851,-0.017867300659418106,0.007637260481715202,-0.02550456114113331
017,4MIDD_085_170,18,-0.03305613622069359,-0.01793654076755047,0.00755979772657156,-0.02549633849412203
017,4MIDD_085_170,19,-0.03299994766712189,-0.018001221120357513,0.007499363273382187,-0.0255005843937397
017,4MIDD_085_170,20,-0.03295968845486641,-0.018037835136055946,0.0074609266594052315,-0.025498761795461178
017,4MIDD_085_170,21,-0.032946016639471054,-0.018057338893413544,0.007444338873028755,-0.0255016777664423
017,4MIDD_085_170,22,-0.03295416384935379,-0.01801307685673237,0.007470543496310711,-0.02548362035304308
017,4MIDD_085_170,23,-0.032985053956508636,-0.017971308901906013,0.0075068725273013115,-0.025478181429207325
017,4MIDD_085_170,24,-0.03302568197250366,-0.017932510003447533,0.007546585984528065,-0.025479095987975597
017,4MIDD_085_170,25,-0.033074744045734406,-0.017900997772812843,0.007586873136460781,-0.025487870909273624
017,4MIDD_085_170,26,-0.03314123675227165,-0.017863769084215164,0.007638733834028244,-0.025502502918243408
017,4MIDD_085_170,27,-0.03321170434355736,-0.017827795818448067,0.0076919542625546455,-0.025519750081002712
017,4MIDD_085_170,28,-0.033299628645181656,-0.01778077892959118,0.0077594248577952385,-0.025540203787386417
017,4MIDD_085_170,29,-0.033393483608961105,-0.017744941636919975,0.007824270986020565,-0.02556921262294054
017,4MIDD_085_170,30,-0.03347150608897209,-0.017714841291308403,0.007878332398831844,-0.025593173690140247
017,4MIDD_085_170,31,-0.033545270562171936,-0.017688283696770668,0.007928493432700634,-0.025616777129471302
017,4MIDD_085_170,32,-0.03362514451146126,-0.01766287349164486,0.0079811355099082,-0.02564400900155306
017,4MIDD_085_170,33,-0.033700793981552124,-0.017638184130191803,0.00803130492568016,-0.025669489055871964
017,4MIDD_085_170,34,-0.03376466780900955,-0.01760142482817173,0.008081621490418911,-0.02568304631859064
017,4MIDD_085_170,35,-0.0338280089199543,-0.01754729449748993,0.008140357211232185,-0.025687651708722115
017,4MIDD_085_170,36,-0.03389172628521919,-0.01748587004840374,0.008202928118407726,-0.025688798166811466
017,4MIDD_085_170,37,-0.03395248204469681,-0.01742948219180107,0.008261499926447868,-0.02569098211824894
017,4MIDD_085_170,38,-0.03400926664471626,-0.017384087666869164,0.00831258948892355,-0.025696677155792713
017,4MIDD_085_170,39,-0.03406187519431114,-0.017342057079076767,0.008359909057617188,-0.025701966136693954
017,4MIDD_085_170,40,-0.034108903259038925,-0.01730175130069256,0.008403575979173183,-0.02570532727986574
017,4MIDD_085_170,41,-0.034150201827287674,-0.017264552414417267,0.008442824706435204,-0.02570737712085247
017,4MIDD_085_170,42,-0.03419061750173569,-0.01722886972129345,0.008480873890221119,-0.02570974361151457
017,4MIDD_085_170,43,-0.034231312572956085,-0.017199769616127014,0.008515771478414536,-0.02571554109454155
017,4MIDD_085_170,44,-0.034277040511369705,-0.01716412603855133,0.008556457236409187,-0.025720583274960518
017,4MIDD_085_170,45,-0.03432779014110565,-0.017126433551311493,0.00860067829489708,-0.025727111846208572
017,4MIDD_085_170,46,-0.03438105806708336,-0.017087284475564957,0.008646886795759201,-0.025734171271324158
017,4MIDD_085_170,47,-0.03443096950650215,-0.01704375632107258,0.008693606592714787,-0.025737362913787365
017,4MIDD_085_170,48,-0.03447309136390686,-0.0169979240745306,0.00873758364468813,-0.02573550771921873
017,4MIDD_085_170,49,-0.034514933824539185,-0.01695113815367222,0.008781897835433483,-0.0257330359891057
018,3MIDD_048,0,0.00481425179168582,-0.012732247821986675,-0.008773249806836247,-0.003958998015150428
018,3MIDD_048,1,0.00469193235039711,-0.013867632485926151,-0.00927978241816163,-0.004587850067764521
018,3MIDD_048,2,0.004649749957025051,-0.014613557606935501,-0.009631653781980276,-0.004981903824955225
018,3MIDD_048,3,0.0049913665279746056,-0.014811591245234013,-0.009901478886604309,-0.0049101123586297035
018,3MIDD_048,4,0.005369712132960558,-0.014976967126131058,-0.010173339629545808,-0.00480362749658525
018,3MIDD_048,5,0.005519845522940159,-0.01517171785235405,-0.010345781687647104,-0.004825936164706945
018,3MIDD_048,6,0.005507153924554586,-0.015274299308657646,-0.010390726616606116,-0.00488357269205153
018,3MIDD_048,7,0.0054480708204209805,-0.0152899706736207,-0.01036902074702084,-0.00492094992659986
018,3MIDD_048,8,0.005373258143663406,-0.015310175716876984,-0.010341716930270195,-0.004968458786606789
018,3MIDD_048,9,0.005284654442220926,-0.015419655479490757,-0.010352154960855842,-0.005067500518634915
018,3MIDD_048,10,0.005233787000179291,-0.015599479898810387,-0.010416633449494839,-0.005182846449315548
018,3MIDD_048,11,0.005229074973613024,-0.015751861035823822,-0.010490468004718423,-0.005261393031105399
018,3MIDD_048,12,0.0052575315348804,-0.015860339626669884,-0.010558935580775142,-0.005301404045894742
018,3MIDD_048,13,0.005297368858009577,-0.01594243198633194,-0.010619900422170758,-0.0053225315641611814
018,3MIDD_048,14,0.005310508888214827,-0.016040759161114693,-0.01067563402466476,-0.005365125136449933
018,3MIDD_048,15,0.005308359395712614,-0.016190968453884125,-0.01074966392479837,-0.005441304529085755
018,3MIDD_048,16,0.00533736776560545,-0.01634330116212368,-0.010840334463864565,-0.005502966698259115
018,3MIDD_048,17,0.0053794062696397305,-0.01648506335914135,-0.01093223481439054,-0.00555282854475081
018,3MIDD_048,18,0.005402172449976206,-0.016623057425022125,-0.011012614937499166,-0.00561044248752296
018,3MIDD_048,19,0.005420121364295483,-0.01675182767212391,-0.011085974518209696,-0.005665853153914213
018,3MIDD_048,20,0.005446989089250565,-0.016895810142159462,-0.011171399615705013,-0.005724410526454449
018,3MIDD_048,21,0.005478918552398682,-0.017055639997124672,-0.011267279274761677,-0.005788360722362995
018,3MIDD_048,22,0.005521710030734539,-0.0172030720859766,-0.01136239105835557,-0.005840681027621031
018,3MIDD_048,23,0.005549667868763208,-0.01734231784939766,-0.011445992859080434,-0.0058963249903172255
018,3MIDD_048,24,0.005613591521978378,-0.017481980845332146,-0.011547786183655262,-0.005934194661676884
018,3MIDD_048,25,0.0056635537184774876,-0.017626410350203514,-0.0116449820343405,-0.005981428315863013
018,3MIDD_048,26,0.0056855506263673306,-0.017783209681510925,-0.011734380153939128,-0.006048829527571797
018,3MIDD_048,27,0.005698454566299915,-0.017943784594535828,-0.011821119580417871,-0.006122665014117956
018,3MIDD_048,28,0.005708450451493263,-0.018092665821313858,-0.01190055813640356,-0.006192107684910297
018,3MIDD_048,29,0.0057167490012943745,-0.018241720274090767,-0.01197923463769257,-0.006262485636398196
018,3MIDD_048,30,0.005719981621950865,-0.0183947142213583,-0.012057347921654582,-0.006337366299703717
018,3MIDD_048,31,0.005726576782763004,-0.018543101847171783,-0.012134839314967394,-0.00640826253220439
018,3MIDD_048,32,0.005732164718210697,-0.018698684871196747,-0.012215424794703722,-0.006483260076493025
018,3MIDD_048,33,0.005743791814893484,-0.018847735598683357,-0.01229576370678842,-0.0065519718918949366
018,3MIDD_048,34,0.0057633244432508945,-0.018984274938702583,-0.012373799690976739,-0.006610475247725844
018,3MIDD_048,35,0.005785351153463125,-0.019105689600110054,-0.01244552037678659,-0.006660169223323464
018,3MIDD_048,36,0.005806781351566315,-0.01921469159424305,-0.012510736472904682,-0.0067039551213383675
018,3MIDD_048,37,0.005824175197631121,-0.019306626170873642,-0.012565400684252381,-0.006741225486621261
018,3MIDD_048,38,0.005844485945999622,-0.01938052661716938,-0.012612506281584501,-0.006768020335584879
018,3MIDD_048,39,0.005866000894457102,-0.01944374479353428,-0.01265487284399569,-0.0067888719495385885
018,3MIDD_048,40,0.0058869668282568455,-0.019498774781823158,-0.012692870805040002,-0.006805903976783156
018,3MIDD_048,41,0.00590381259098649,-0.01954854466021061,-0.01272617862559855,-0.00682236603461206
018,3MIDD_048,42,0.0059262593276798725,-0.019600650295615196,-0.012763454811647534,-0.006837195483967662
018,3MIDD_048,43,0.005957938730716705,-0.019657691940665245,-0.012807815335690975,-0.00684987660497427
018,3MIDD_048,44,0.005987640004605055,-0.019708476960659027,-0.012848058482632041,-0.006860418478026986
018,3MIDD_048,45,0.006016378756612539,-0.019754189997911453,-0.012885284377261996,-0.006868905620649457
018,3MIDD_048,46,0.0060422420501708984,-0.019794676452875137,-0.012918459251523018,-0.0068762172013521194
018,3MIDD_048,47,0.006070604082196951,-0.019833987578749657,-0.012952295830473304,-0.006881691748276353
018,3MIDD_048,48,0.006104270461946726,-0.019866855815052986,-0.012985563138499856,-0.00688129267655313
018,3MIDD_048,49,0.006135817617177963,-0.01988622173666954,-0.013011019676923752,-0.006875202059745789
018,3MIDD_207,0,0.010253356769680977,0.006300655659288168,-0.0019763505551964045,0.008277006214484572
018,3MIDD_207,1,0.008932542987167835,0.005453935824334621,-0.001739303581416607,0.007193239405751228
018,3MIDD_207,2,0.007469658274203539,0.004594342317432165,-0.0014376579783856869,0.006032000295817852
018,3MIDD_207,3,0.00550517113879323,0.004843201022595167,-0.00033098505809903145,0.005174186080694199
018,3MIDD_207,4,0.003523474093526602,0.005464472342282534,0.0009704991243779659,0.004493973217904568
018,3MIDD_207,5,0.002012984361499548,0.0058229295536875725,0.0019049725960940123,0.00391795695759356
018,3MIDD_207,6,0.0009239776409231126,0.005545641295611858,0.002310831827344373,0.0032348094682674855
018,3MIDD_207,7,0.00028166588163003325,0.004989031236618757,0.002353682677494362,0.0026353485591243953
018,3MIDD_207,8,-7.492594158975407e-05,0.0044918423518538475,0.002283384146721801,0.0022084582051320467
018,3MIDD_207,9,-0.0002727955870795995,0.004275360144674778,0.0022740778658771887,0.0020012822787975892
018,3MIDD_207,10,-0.0004670695052482188,0.004273006692528725,0.0023700380988884717,0.001902968593640253
018,3MIDD_207,11,-0.0007007231470197439,0.0043313209898769855,0.0025160220684483647,0.0018152989214286208
018,3MIDD_207,12,-0.0009436518303118646,0.00434811832383275,0.0026458850770723075,0.0017022332467604429
018,3MIDD_207,13,-0.0011973363580182195,0.004309436306357384,0.0027533863321878016,0.0015560499741695821
018,3MIDD_207,14,-0.001480698585510254,0.004228196572512388,0.002854447579011321,0.0013737489935010672
018,3MIDD_207,15,-0.0017730239778757095,0.004124939441680908,0.002948981709778309,0.0011759577319025993
018,3MIDD_207,16,-0.0020534873474389315,0.004008677788078785,0.003031082567758858,0.0009775952203199267
018,3MIDD_207,17,-0.0022916924208402634,0.003901028074324131,0.003096360247582197,0.0008046678267419338
018,3MIDD_207,18,-0.0024775848723948,0.0038507268764078617,0.003164155874401331,0.0006865710020065308
018,3MIDD_207,19,-0.002603007946163416,0.0038603926077485085,0.003231700276955962,0.0006286923307925463
018,3MIDD_207,20,-0.0026828281115740538,0.003927992191165686,0.0033054101513698697,0.0006225820397958159
018,3MIDD_207,21,-0.0027309150900691748,0.0040214648470282555,0.003376189968548715,0.0006452748784795403
018,3MIDD_207,22,-0.0027716008480638266,0.004127604886889458,0.003449602867476642,0.0006780020194128156
018,3MIDD_207,23,-0.0028125380631536245,0.004240855108946562,0.003526696586050093,0.0007141585228964686
018,3MIDD_207,24,-0.0028548180125653744,0.0043653277680277824,0.0036100728902965784,0.000755254877731204
018,3MIDD_207,25,-0.0028997117187827826,0.004489200189709663,0.003694455954246223,0.0007947442354634404
018,3MIDD_207,26,-0.0029397038742899895,0.0046020192094147205,0.003770861541852355,0.0008311576675623655
018,3MIDD_207,27,-0.0029764403589069843,0.004697711672633886,0.0038370760157704353,0.000860635656863451
018,3MIDD_207,28,-0.002986922627314925,0.004795704502612352,0.0038913135649636388,0.0009043909376487136
018,3MIDD_207,29,-0.00298122176900506,0.004895475227385759,0.00393834849819541,0.0009571267291903496
018,3MIDD_207,30,-0.0029716300778090954,0.004998833406716585,0.00398523174226284,0.0010136016644537449
018,3MIDD_207,31,-0.002957671182230115,0.005090990103781223,0.004024330643005669,0.0010666594607755542
018,3MIDD_207,32,-0.0029394759330898523,0.005177024751901627,0.0040582503424957395,0.0011187744094058871
018,3MIDD_207,33,-0.002920035971328616,0.005264418199658394,0.004092227085493505,0.0011721911141648889
018,3MIDD_207,34,-0.002898945240303874,0.005351851228624582,0.004125398234464228,0.0012264529941603541
018,3MIDD_207,35,-0.002881747903302312,0.005439869128167629,0.004160808515734971,0.0012790606124326587
018,3MIDD_207,36,-0.0028610224835574627,0.005541944410651922,0.0042014834471046925,0.0013404609635472298
018,3MIDD_207,37,-0.0028321361169219017,0.005643848329782486,0.004237992223352194,0.0014058561064302921
018,3MIDD_207,38,-0.002802525646984577,0.005742816254496574,0.004272670950740576,0.0014701453037559986
018,3MIDD_207,39,-0.0027697933837771416,0.005842258222401142,0.004306025803089142,0.0015362324193120003
018,3MIDD_207,40,-0.0027325651608407497,0.005936558358371258,0.004334561759606004,0.001601996598765254
018,3MIDD_207,41,-0.0026890330482274294,0.006024791859090328,0.004356912453658879,0.0016678794054314494
018,3MIDD_207,42,-0.0026383467484265566,0.0061036087572574615,0.004370977752842009,0.0017326310044154525
018,3MIDD_207,43,-0.0025893053971230984,0.006177435629069805,0.004383370513096452,0.0017940651159733534
018,3MIDD_207,44,-0.0025381939485669136,0.006243675481528044,0.004390934715047479,0.001852740766480565
018,3MIDD_207,45,-0.002487586112692952,0.006305959541350603,0.004396772827021778,0.0019091867143288255
018,3MIDD_207,46,-0.002437190618366003,0.006365013774484396,0.0044011021964251995,0.0019639115780591965
018,3MIDD_207,47,-0.002385755768045783,0.006420106627047062,0.0044029311975464225,0.0020171754295006394
018,3MIDD_207,48,-0.002335970988497138,0.006469666492193937,0.004402818740345538,0.0020668477518483996
018,3MIDD_207,49,-0.002289552241563797,0.006512052845209837,0.004400802543386817,0.00211125030182302
018,4MIDD_085_170,0,0.005846262443810701,0.012054132297635078,0.0031039349269121885,0.00895019737072289
018,4MIDD_085_170,1,0.005089141428470612,0.011384488083422184,0.003147673327475786,0.008236814755946398
018,4MIDD_085_170,2,0.0045594037510454655,0.01059572584927082,0.0030181610491126776,0.007577564800158143
018,4MIDD_085_170,3,0.004266384989023209,0.01000275555998087,0.0028681852854788303,0.007134570274502039
018,4MIDD_085_170,4,0.0037474296987056732,0.00967339426279068,0.0029629822820425034,0.006710411980748177
018,4MIDD_085_170,5,0.0032801758497953415,0.009532719850540161,0.00312627200037241,0.006406447850167751
018,4MIDD_085_170,6,0.002788021694868803,0.009309818036854267,0.003260898170992732,0.006048919865861535
018,4MIDD_085_170,7,0.0023767217062413692,0.00901577714830637,0.0033195277210325003,0.0056962494272738695
018,4MIDD_085_170,8,0.0020829616114497185,0.008752522990107536,0.003334780689328909,0.005417742300778627
018,4MIDD_085_170,9,0.0019322327570989728,0.008611720986664295,0.003339744114782661,0.005271976871881634
018,4MIDD_085_170,10,0.0018725803820416331,0.008565002121031284,0.0033462108694948256,0.005218791251536459
018,4MIDD_085_170,11,0.0018346138531342149,0.008567621931433678,0.0033665040391497314,0.005201117892283946
018,4MIDD_085_170,12,0.0017773895524442196,0.008608182892203331,0.0034153966698795557,0.005192786222323775
018,4MIDD_085_170,13,0.0016800339799374342,0.008667267858982086,0.003493616939522326,0.00517365091945976
018,4MIDD_085_170,14,0.0015777271473780274,0.008764656260609627,0.0035934645566157997,0.005171191703993827
018,4MIDD_085_170,15,0.0015185311203822494,0.00888229813426733,0.0036818835069425404,0.00520041462732479
018,4MIDD_085_170,16,0.0014669890515506268,0.009010777808725834,0.0037718943785876036,0.00523888343013823
018,4MIDD_085_170,17,0.001414966071024537,0.009144235402345657,0.00386463466566056,0.005279600736685097
018,4MIDD_085_170,18,0.0013766179326921701,0.009289177134633064,0.003956279600970447,0.005332897533662617
018,4MIDD_085_170,19,0.0013923814985901117,0.009440062567591667,0.004023840534500778,0.0054162220330908895
018,4MIDD_085_170,20,0.0014144809683784842,0.00961140263825655,0.004098460834939033,0.005512941803317517
018,4MIDD_085_170,21,0.0014449718873947859,0.009790080599486828,0.004172554356046021,0.005617526243440807
018,4MIDD_085_170,22,0.0014684221241623163,0.009983338415622711,0.004257458145730197,0.005725880269892514
018,4MIDD_085_170,23,0.0014953517820686102,0.010184183716773987,0.004344415967352688,0.0058397677494212985
018,4MIDD_085_170,24,0.0015208323020488024,0.01038349512964487,0.004431331413798034,0.005952163715846837
018,4MIDD_085_170,25,0.0015488285571336746,0.010595676489174366,0.004523423966020346,0.00607225252315402
018,4MIDD_085_170,26,0.0015819554682821035,0.010815364308655262,0.004616704420186579,0.006198659888468683
018,4MIDD_085_170,27,0.0016199364326894283,0.011028691194951534,0.004704377381131053,0.006324313813820481
018,4MIDD_085_170,28,0.0016632969491183758,0.011242935433983803,0.0047898192424327135,0.006453116191551089
018,4MIDD_085_170,29,0.0016996508929878473,0.011459847912192345,0.004880098509602249,0.006579749402590096
018,4MIDD_085_170,30,0.0017372919246554375,0.01167959626764059,0.004971152171492577,0.006708444096148014
018,4MIDD_085_170,31,0.0017761687049642205,0.011897308751940727,0.005060570023488253,0.006836738728452474
018,4MIDD_085_170,32,0.0018048967467620969,0.012109498493373394,0.0051523008733056486,0.0069571976200677454
018,4MIDD_085_170,33,0.0018272564047947526,0.012318604625761509,0.005245674110483378,0.007072930515278131
018,4MIDD_085_170,34,0.0018528871005401015,0.012526915408670902,0.0053370141540654,0.007189901254605502
018,4MIDD_085_170,35,0.001880947733297944,0.012728304602205753,0.005423678434453905,0.007304626167751849
018,4MIDD_085_170,36,0.0019079139456152916,0.012913291342556477,0.0055026886984705925,0.007410602644085884
018,4MIDD_085_170,37,0.0019310087664052844,0.013080356642603874,0.005574673938099295,0.007505682704504579
018,4MIDD_085_170,38,0.0019521033391356468,0.013242370449006557,0.005645133554935455,0.007597236894071102
018,4MIDD_085_170,39,0.001968004973605275,0.013396462425589561,0.005714228725992143,0.007682233699597418
018,4MIDD_085_170,40,0.001982998801395297,0.013547312468290329,0.005782156833447516,0.007765155634842813
018,4MIDD_085_170,41,0.001999488566070795,0.01369556225836277,0.0058480368461459875,0.007847525412216783
018,4MIDD_085_170,42,0.002014034427702427,0.01383132953196764,0.0059086475521326065,0.007922681979835033
018,4MIDD_085_170,43,0.0020230356603860855,0.013962970115244389,0.0059699672274291515,0.007993002887815237
018,4MIDD_085_170,44,0.002019190229475498,0.014087573625147343,0.006034191697835922,0.00805338192731142
018,4MIDD_085_170,45,0.002008990850299597,0.014200745150446892,0.0060958771500736475,0.008104868000373244
018,4MIDD_085_170,46,0.001995176775380969,0.014302431605756283,0.006153627415187657,0.008148804190568626
018,4MIDD_085_170,47,0.0019812039099633694,0.014400786720216274,0.0062097914051264524,0.008190995315089822
018,4MIDD_085_170,48,0.001963227754458785,0.014494340866804123,0.006265556556172669,0.008228784310631454
018,4MIDD_085_170,49,0.001941440044902265,0.014583450742065907,0.006321005348581821,0.008262445393484086
019,3MIDD_048,0,0.05115748569369316,0.0186404287815094,-0.01625852845609188,0.03489895723760128
019,3MIDD_048,1,0.052256375551223755,0.018264921382069588,-0.016995727084577084,0.03526064846664667
019,3MIDD_048,2,0.05312652885913849,0.018053781241178513,-0.017536373808979988,0.0355901550501585
019,3MIDD_048,3,0.05363054946064949,0.018077939748764038,-0.017776304855942726,0.035854244604706764
019,3MIDD_048,4,0.053756751120090485,0.018228137865662575,-0.017764306627213955,0.03599244449287653
019,3MIDD_048,5,0.05333038046956062,0.01862204261124134,-0.01735416892915964,0.03597621154040098
019,3MIDD_048,6,0.05268074572086334,0.019188741222023964,-0.01674600224941969,0.03593474347144365
019,3MIDD_048,7,0.05206037685275078,0.019660118967294693,-0.016200128942728043,0.035860247910022736
019,3MIDD_048,8,0.05158529803156853,0.019976068288087845,-0.01580461487174034,0.035780683159828186
019,3MIDD_048,9,0.051168348640203476,0.02015862427651882,-0.015504862181842327,0.03566348645836115
019,3MIDD_048,10,0.050769757479429245,0.02024368941783905,-0.015263034030795097,0.03550672344863415
019,3MIDD_048,11,0.05029677972197533,0.020230241119861603,-0.015033269301056862,0.035263510420918465
019,3MIDD_048,12,0.0498335100710392,0.020120346918702126,-0.014856581576168537,0.03497692849487066
019,3MIDD_048,13,0.04933331534266472,0.02005438134074211,-0.014639467000961304,0.034693848341703415
019,3MIDD_048,14,0.04879603162407875,0.01999303139746189,-0.01440150011330843,0.03439453151077032
019,3MIDD_048,15,0.04826026037335396,0.01992594078183174,-0.014167159795761108,0.03409310057759285
019,3MIDD_048,16,0.04773456230759621,0.01979070156812668,-0.013971930369734764,0.03376263193786144
019,3MIDD_048,17,0.04721919074654579,0.01959032006561756,-0.013814435340464115,0.033404755406081676
019,3MIDD_048,18,0.04677295312285423,0.019368669018149376,-0.013702142052352428,0.033070811070501804
019,3MIDD_048,19,0.046385396271944046,0.019129784777760506,-0.01362780574709177,0.032757590524852276
019,3MIDD_048,20,0.046009331941604614,0.018876532092690468,-0.013566399924457073,0.03244293201714754
019,3MIDD_048,21,0.045641474425792694,0.01863369718194008,-0.013503888621926308,0.032137585803866386
019,3MIDD_048,22,0.04531185328960419,0.018392568454146385,-0.013459642417728901,0.031852210871875286
019,3MIDD_048,23,0.045037273317575455,0.018157577142119408,-0.013439848087728024,0.03159742522984743
019,3MIDD_048,24,0.04480858892202377,0.017978783696889877,-0.013414902612566948,0.031393686309456825
019,3MIDD_048,25,0.044583018869161606,0.017840204760432243,-0.013371407054364681,0.031211611814796925
019,3MIDD_048,26,0.04434432461857796,0.0177212655544281,-0.013311529532074928,0.03103279508650303
019,3MIDD_048,27,0.044104933738708496,0.017575332894921303,-0.013264800421893597,0.0308401333168149
019,3MIDD_048,28,0.04390862584114075,0.017404619604349136,-0.013252003118395805,0.03065662272274494
019,3MIDD_048,29,0.04375410079956055,0.01723317615687847,-0.013260462321341038,0.03049363847821951
019,3MIDD_048,30,0.043634552508592606,0.017082571983337402,-0.013275990262627602,0.030358562245965004
019,3MIDD_048,31,0.043528374284505844,0.016934247687458992,-0.013297063298523426,0.030231310985982418
019,3MIDD_048,32,0.04344471916556358,0.016777092590928078,-0.013333813287317753,0.03011090587824583
019,3MIDD_048,33,0.04338302090764046,0.016649721190333366,-0.013366649858653545,0.030016371048986912
019,3MIDD_048,34,0.04334378242492676,0.01657124236226082,-0.01338627003133297,0.029957512393593788
019,3MIDD_048,35,0.04330677539110184,0.016533957794308662,-0.013386408798396587,0.02992036659270525
019,3MIDD_048,36,0.043268509209156036,0.01650860160589218,-0.013379953801631927,0.02988855540752411
019,3MIDD_048,37,0.043249331414699554,0.016478147357702255,-0.01338559202849865,0.029863739386200905
019,3MIDD_048,38,0.04324929788708687,0.016445018351078033,-0.013402139768004417,0.02984715811908245
019,3MIDD_048,39,0.04324740916490555,0.016422264277935028,-0.01341257244348526,0.029834836721420288
019,3MIDD_048,40,0.04324493929743767,0.01643040031194687,-0.0134072694927454,0.02983766980469227
019,3MIDD_048,41,0.043241240084171295,0.01645941101014614,-0.013390914537012577,0.029850325547158718
019,3MIDD_048,42,0.04324394837021828,0.01649411767721176,-0.013374915346503258,0.02986903302371502
019,3MIDD_048,43,0.04325712472200394,0.016521381214261055,-0.013367871753871441,0.029889252968132496
019,3MIDD_048,44,0.04328026995062828,0.016543442383408546,-0.013368413783609867,0.029911856167018414
019,3MIDD_048,45,0.043298620730638504,0.01657530479133129,-0.013361657969653606,0.029936962760984898
019,3MIDD_048,46,0.043313927948474884,0.016610179096460342,-0.01335187442600727,0.029962053522467613
019,3MIDD_048,47,0.04332873970270157,0.016655219718813896,-0.013336759991943836,0.029991979710757732
019,3MIDD_048,48,0.04334713891148567,0.016708970069885254,-0.013319084420800209,0.030028054490685463
019,3MIDD_048,49,0.04337145760655403,0.016765715554356575,-0.013302871026098728,0.030068586580455303
019,3MIDD_207,0,0.019749436527490616,0.027323447167873383,0.0037870053201913834,0.023536441847682
019,3MIDD_207,1,0.01967574842274189,0.02719900757074356,0.0037616295740008354,0.023437377996742725
019,3MIDD_207,2,0.01961337961256504,0.027125481516122818,0.0037560509517788887,0.02336943056434393
019,3MIDD_207,3,0.019488248974084854,0.027024103328585625,0.0037679271772503853,0.02325617615133524
019,3MIDD_207,4,0.019334182143211365,0.02704044245183468,0.003853130154311657,0.02318731229752302
019,3MIDD_207,5,0.01937810517847538,0.026987846940755844,0.003804870881140232,0.023182976059615612
019,3MIDD_207,6,0.019468478858470917,0.02664632722735405,0.0035889241844415665,0.023057403042912483
019,3MIDD_207,7,0.019391335546970367,0.026094190776348114,0.0033514276146888733,0.02274276316165924
019,3MIDD_207,8,0.019140897318720818,0.025531036779284477,0.00319506973028183,0.022335967049002647
019,3MIDD_207,9,0.01887829229235649,0.025113778188824654,0.0031177429482340813,0.021996035240590572
019,3MIDD_207,10,0.018677830696105957,0.02480318956077099,0.0030626794323325157,0.021740510128438473
019,3MIDD_207,11,0.01846064068377018,0.024471821263432503,0.0030055902898311615,0.02146623097360134
019,3MIDD_207,12,0.018183447420597076,0.024090463295578957,0.00295350793749094,0.021136955358088017
019,3MIDD_207,13,0.017881497740745544,0.02371525764465332,0.002916879951953888,0.020798377692699432
019,3MIDD_207,14,0.0176053699105978,0.023425156250596046,0.0029098931699991226,0.020515263080596924
019,3MIDD_207,15,0.017353473231196404,0.023173457011580467,0.002909991890192032,0.020263465121388435
019,3MIDD_207,16,0.01709001511335373,0.022897671908140182,0.0029038283973932266,0.019993843510746956
019,3MIDD_207,17,0.016801638528704643,0.022596091032028198,0.0028972262516617775,0.01969886478036642
019,3MIDD_207,18,0.016524257138371468,0.02228933572769165,0.0028825392946600914,0.01940679643303156
019,3MIDD_207,19,0.016280004754662514,0.021992811933159828,0.0028564035892486572,0.01913640834391117
019,3MIDD_207,20,0.01609109528362751,0.021692881360650063,0.0028008930385112762,0.018891988322138786
019,3MIDD_207,21,0.015932418406009674,0.021408695727586746,0.002738138660788536,0.01867055706679821
019,3MIDD_207,22,0.015775758773088455,0.021120160818099976,0.00267220102250576,0.018447959795594215
019,3MIDD_207,23,0.015605537220835686,0.020855622366070747,0.002625042572617531,0.018230579793453217
019,3MIDD_207,24,0.015427431091666222,0.020617617294192314,0.0025950931012630463,0.018022524192929268
019,3MIDD_207,25,0.015260538086295128,0.02040116861462593,0.0025703152641654015,0.01783085335046053
019,3MIDD_207,26,0.015075323171913624,0.02018435299396515,0.0025545149110257626,0.017629838082939386
019,3MIDD_207,27,0.014893829822540283,0.019985748454928398,0.0025459593161940575,0.01743978913873434
019,3MIDD_207,28,0.014727376401424408,0.01979847624897957,0.0025355499237775803,0.017262926325201988
019,3MIDD_207,29,0.014585188589990139,0.01963263936340809,0.002523725386708975,0.017108913976699114
019,3MIDD_207,30,0.014454071410000324,0.019475098699331284,0.0025105136446654797,0.016964585054665804
019,3MIDD_207,31,0.01433305162936449,0.0193239264190197,0.0024954373948276043,0.016828489024192095
019,3MIDD_207,32,0.01421200018376112,0.01917421817779541,0.002481108997017145,0.016693109180778265
019,3MIDD_207,33,0.014098389074206352,0.019025666639208794,0.0024636387825012207,0.016562027856707573
019,3MIDD_207,34,0.013970732688903809,0.0188844483345747,0.0024568578228354454,0.016427590511739254
019,3MIDD_207,35,0.013845487497746944,0.018753977492451668,0.0024542449973523617,0.016299732495099306
019,3MIDD_207,36,0.013723394833505154,0.018641341477632523,0.0024589733220636845,0.016182368155568838
019,3MIDD_207,37,0.013601947575807571,0.01855173520743847,0.0024748938158154488,0.01607684139162302
019,3MIDD_207,38,0.013475311920046806,0.01848112791776657,0.0025029079988598824,0.01597821991890669
019,3MIDD_207,39,0.013343988917768002,0.01840970665216446,0.002532858867198229,0.01587684778496623
019,3MIDD_207,40,0.013221310451626778,0.018329761922359467,0.0025542257353663445,0.015775536186993122
019,3MIDD_207,41,0.013104329816997051,0.01826203241944313,0.0025788513012230396,0.01568318111822009
019,3MIDD_207,42,0.013004849664866924,0.018208129331469536,0.0026016398333013058,0.01560648949816823
019,3MIDD_207,43,0.012912726029753685,0.018158433958888054,0.0026228539645671844,0.01553557999432087
019,3MIDD_207,44,0.012822320684790611,0.01811598427593708,0.0026468317955732346,0.015469152480363846
019,3MIDD_207,45,0.012723831459879875,0.01807228848338127,0.002674228511750698,0.015398059971630573
019,3MIDD_207,46,0.012623950839042664,0.018040405586361885,0.0027082273736596107,0.015332178212702274
019,3MIDD_207,47,0.012527603656053543,0.018011510372161865,0.002741953358054161,0.015269557014107704
019,3MIDD_207,48,0.01243987400084734,0.01798633113503456,0.0027732285670936108,0.01521310256794095
019,3MIDD_207,49,0.012364768423140049,0.0179703701287508,0.002802800852805376,0.015167569275945425
019,4MIDD_085_170,0,0.018447892740368843,0.027338339015841484,0.0044452231377363205,0.022893115878105164
019,4MIDD_085_170,1,0.018445586785674095,0.02786637470126152,0.004710393957793713,0.023155980743467808
019,4MIDD_085_170,2,0.018409468233585358,0.028375841677188873,0.004983186721801758,0.023392654955387115
019,4MIDD_085_170,3,0.018221907317638397,0.028517793864011765,0.005147943273186684,0.02336985059082508
019,4MIDD_085_170,4,0.018114490434527397,0.028448034077882767,0.005166771821677685,0.023281262256205082
019,4MIDD_085_170,5,0.018084000796079636,0.028342438861727715,0.0051292190328240395,0.023213219828903675
019,4MIDD_085_170,6,0.018105950206518173,0.028083421289920807,0.004988735541701317,0.02309468574821949
019,4MIDD_085_170,7,0.018092146143317223,0.027711838483810425,0.004809846170246601,0.022901992313563824
019,4MIDD_085_170,8,0.018028821796178818,0.02732272632420063,0.004646952264010906,0.022675774060189724
019,4MIDD_085_170,9,0.017995765432715416,0.026902562007308006,0.004453398287296295,0.02244916372001171
019,4MIDD_085_170,10,0.017930489033460617,0.02646818198263645,0.004268846474587917,0.022199335508048534
019,4MIDD_085_170,11,0.017837531864643097,0.026008769869804382,0.004085619002580643,0.02192315086722374
019,4MIDD_085_170,12,0.01772128790616989,0.025581911206245422,0.0039303116500377655,0.021651599556207657
019,4MIDD_085_170,13,0.017643941566348076,0.025220518931746483,0.0037882886826992035,0.02143223024904728
019,4MIDD_085_170,14,0.017571117728948593,0.024865396320819855,0.003647139295935631,0.021218257024884224
019,4MIDD_085_170,15,0.017454443499445915,0.02453731931746006,0.0035414379090070724,0.020995881408452988
019,4MIDD_085_170,16,0.01729174144566059,0.024191340431571007,0.003449799492955208,0.0207415409386158
019,4MIDD_085_170,17,0.01706809177994728,0.023830343037843704,0.0033811256289482117,0.020449217408895493
019,4MIDD_085_170,18,0.016816014423966408,0.023444047197699547,0.0033140163868665695,0.020130030810832977
019,4MIDD_085_170,19,0.016596727073192596,0.02304227650165558,0.003222774714231491,0.019819501787424088
019,4MIDD_085_170,20,0.01636611297726631,0.022646455094218254,0.0031401710584759712,0.019506284035742283
019,4MIDD_085_170,21,0.016123991459608078,0.022245552390813828,0.0030607804656028748,0.019184771925210953
019,4MIDD_085_170,22,0.015886344015598297,0.02181401289999485,0.0029638344421982765,0.018850178457796574
019,4MIDD_085_170,23,0.015677200630307198,0.021400704979896545,0.002861752174794674,0.01853895280510187
019,4MIDD_085_170,24,0.015516324900090694,0.021011726930737495,0.0027477010153234005,0.018264025915414095
019,4MIDD_085_170,25,0.015375672839581966,0.020645318552851677,0.0026348228566348553,0.01801049569621682
019,4MIDD_085_170,26,0.01526249572634697,0.020308837294578552,0.0025231707841157913,0.01778566651046276
019,4MIDD_085_170,27,0.015176774002611637,0.020004285499453545,0.0024137557484209538,0.01759052975103259
019,4MIDD_085_170,28,0.015115849673748016,0.019728396087884903,0.0023062732070684433,0.01742212288081646
019,4MIDD_085_170,29,0.015072628855705261,0.01947071962058544,0.00219904538244009,0.01727167423814535
019,4MIDD_085_170,30,0.015062343329191208,0.019258596003055573,0.0020981263369321823,0.01716046966612339
019,4MIDD_085_170,31,0.015069111250340939,0.01906372234225273,0.0019973055459558964,0.017066416796296835
019,4MIDD_085_170,32,0.015080279670655727,0.018884051591157913,0.001901885960251093,0.01698216563090682
019,4MIDD_085_170,33,0.015093376860022545,0.01870667189359665,0.0018066475167870522,0.016900024376809597
019,4MIDD_085_170,34,0.015115410089492798,0.01852116361260414,0.0017028767615556717,0.01681828685104847
019,4MIDD_085_170,35,0.015134609304368496,0.018346434459090233,0.0016059125773608685,0.016740521881729364
019,4MIDD_085_170,36,0.015139813534915447,0.01817583292722702,0.0015180096961557865,0.016657823231071234
019,4MIDD_085_170,37,0.015137153677642345,0.01803126558661461,0.0014470559544861317,0.016584209632128477
019,4MIDD_085_170,38,0.01513212826102972,0.017901012673974037,0.0013844422064721584,0.01651657046750188
019,4MIDD_085_170,39,0.015132441185414791,0.017773384228348732,0.0013204715214669704,0.01645291270688176
019,4MIDD_085_170,40,0.015132593922317028,0.017631664872169495,0.0012495354749262333,0.01638212939724326
019,4MIDD_085_170,41,0.015146064572036266,0.017490481957793236,0.0011722086928784847,0.01631827326491475
019,4MIDD_085_170,42,0.015172685496509075,0.017376437783241272,0.0011018761433660984,0.016274561639875174
019,4MIDD_085_170,43,0.01520957238972187,0.017275940626859665,0.0010331841185688972,0.016242756508290768
019,4MIDD_085_170,44,0.015253514982759953,0.017170682549476624,0.0009585837833583355,0.016212098766118288
019,4MIDD_085_170,45,0.015306915156543255,0.017054051160812378,0.0008735680021345615,0.016180483158677816
019,4MIDD_085_170,46,0.015362663194537163,0.016944779083132744,0.0007910579442977905,0.016153721138834953
019,4MIDD_085_170,47,0.015424155630171299,0.01686672493815422,0.0007212846539914608,0.01614544028416276
019,4MIDD_085_170,48,0.015489871613681316,0.016813481226563454,0.0006618048064410686,0.016151676420122385
019,4MIDD_085_170,49,0.015553981065750122,0.016764217987656593,0.0006051184609532356,0.016159099526703358
020,3MIDD_048,0,0.0007316729752346873,-0.013929271139204502,-0.007330472057219595,-0.006598799081984907
020,3MIDD_048,1,0.0004394680436234921,-0.014455262571573257,-0.007447365307598375,-0.007007897263974883
020,3MIDD_048,2,0.0003485296037979424,-0.014605849981307983,-0.007477189792552963,-0.0071286601887550205
020,3MIDD_048,3,0.0003406567557249218,-0.014473147690296173,-0.0074069022230105475,-0.007066245467285626
020,3MIDD_048,4,0.00044464186066761613,-0.01416077371686697,-0.007302707788767293,-0.006858065928099677
020,3MIDD_048,5,0.0005160881555639207,-0.013748928904533386,-0.0071325085300486535,-0.006616420374484733
020,3MIDD_048,6,0.000557983759790659,-0.013331437483429909,-0.006944710621610284,-0.006386726861819625
020,3MIDD_048,7,0.0005756909376941621,-0.012987333349883556,-0.006781512143788859,-0.006205821206094697
020,3MIDD_048,8,0.0005805116961710155,-0.012708990834653378,-0.0066447512654121965,-0.006064239569241181
020,3MIDD_048,9,0.0005676876753568649,-0.012451639398932457,-0.006509663537144661,-0.005941975861787796
020,3MIDD_048,10,0.0005255308351479471,-0.012187949381768703,-0.006356740108458325,-0.005831209273310378
020,3MIDD_048,11,0.0004788688966073096,-0.011943516321480274,-0.006211192609043792,-0.005732323712436482
020,3MIDD_048,12,0.0004402507620397955,-0.011733092367649078,-0.006086671564844437,-0.005646420802804641
020,3MIDD_048,13,0.0004161085525993258,-0.011539806611835957,-0.005977957582217641,-0.005561849029618315
020,3MIDD_048,14,0.0004088760761078447,-0.011346805840730667,-0.005877840958419256,-0.005468964882311411
020,3MIDD_048,15,0.0003999706532340497,-0.011156460270285606,-0.005778215461759828,-0.005378244808525778
020,3MIDD_048,16,0.0003860452270600945,-0.010970385745167732,-0.005678215486113913,-0.005292170259053819
020,3MIDD_048,17,0.00036566852941177785,-0.010801567696034908,-0.005583618112723343,-0.005217949583311565
020,3MIDD_048,18,0.00034110579872503877,-0.010655252262949944,-0.005498179030837491,-0.005157073232112452
020,3MIDD_048,19,0.0003203187952749431,-0.01052003912627697,-0.0054201789607759565,-0.005099860165501013
020,3MIDD_048,20,0.00030684281955473125,-0.010393267497420311,-0.005350055158487521,-0.00504321233893279
020,3MIDD_048,21,0.0002891399199143052,-0.010280035436153412,-0.0052845876780338585,-0.004995447758119553
020,3MIDD_048,22,0.0002754462184384465,-0.01018089521676302,-0.005228170717600733,-0.0049527244991622865
020,3MIDD_048,23,0.00026613869704306126,-0.01009657047688961,-0.005181354586966336,-0.0049152158899232745
020,3MIDD_048,24,0.00025617092614993453,-0.010019012726843357,-0.005137591826496646,-0.004881420900346711
020,3MIDD_048,25,0.0002465293218847364,-0.009938476607203484,-0.00509250296454411,-0.004845973642659374
020,3MIDD_048,26,0.0002361554652452469,-0.00985688529908657,-0.005046520382165909,-0.004810364916920662
020,3MIDD_048,27,0.0002235637221019715,-0.009782781824469566,-0.005003172773285769,-0.004779609051183797
020,3MIDD_048,28,0.0002077371027553454,-0.00971372053027153,-0.004960728816513438,-0.004752991713758092
020,3MIDD_048,29,0.0001896466565085575,-0.00965240690857172,-0.004921026782540139,-0.004731380126031581
020,3MIDD_048,30,0.0001715531834634021,-0.009596755728125572,-0.004884154455794487,-0.004712601272331085
020,3MIDD_048,31,0.00015302405518013984,-0.009543586522340775,-0.004848305288760457,-0.004695281233580317
020,3MIDD_048,32,0.00013306298933457583,-0.009494383819401264,-0.00481372340436792,-0.004680660415033344
020,3MIDD_048,33,0.00011340535274939612,-0.009454838000237942,-0.004784121676493669,-0.004670716323744273
020,3MIDD_048,34,9.293083712691441e-05,-0.009412123821675777,-0.004752527329401346,-0.0046595964922744315
020,3MIDD_048,35,7.258895493578166e-05,-0.009368342347443104,-0.004720465651189443,-0.004647876696253661
020,3MIDD_048,36,5.5050226364983246e-05,-0.009330094791948795,-0.004692572509156889,-0.004637522282791906
020,3MIDD_048,37,3.828575790976174e-05,-0.009295916184782982,-0.004667100971346372,-0.00462881521343661
020,3MIDD_048,38,2.3288806914933957e-05,-0.009260507300496101,-0.004641898053705518,-0.004618609246790584
020,3MIDD_048,39,1.0541055416979361e-05,-0.00922476314008236,-0.004617652097749669,-0.00460711104233269
020,3MIDD_048,40,1.5413522902463228e-08,-0.009184090420603752,-0.004592052917063327,-0.004592037503540425
020,3MIDD_048,41,-9.437942935619503e-06,-0.009144087322056293,-0.004567324689560337,-0.0045767626324959565
020,3MIDD_048,42,-1.8830947738024406e-05,-0.009107081219553947,-0.0045441251359079615,-0.004562956083645986
020,3MIDD_048,43,-2.7699188649421558e-05,-0.009072094224393368,-0.004522197517871973,-0.004549896706521395
020,3MIDD_048,44,-3.6509125493466854e-05,-0.009038908407092094,-0.004501199640799314,-0.004537708766292781
020,3MIDD_048,45,-4.684649684350006e-05,-0.009008773602545261,-0.004480963552850881,-0.004527810049694381
020,3MIDD_048,46,-5.783975211670622e-05,-0.008979917503893375,-0.004461038875888335,-0.004518878628005041
020,3MIDD_048,47,-6.839116394985467e-05,-0.008952537551522255,-0.0044420731937862,-0.004510464357736055
020,3MIDD_048,48,-7.819224265404046e-05,-0.008928683586418629,-0.004425245671882294,-0.004503437914536335
020,3MIDD_048,49,-8.641617023386061e-05,-0.008906163275241852,-0.004409873552503996,-0.004496289722737856
020,3MIDD_207,0,0.004731355234980583,0.019319115206599236,0.007293879985809326,0.01202523522078991
020,3MIDD_207,1,0.004494899418205023,0.01885748654603958,0.007181293563917279,0.011676192982122302
020,3MIDD_207,2,0.004614739213138819,0.01821756921708584,0.00680141500197351,0.011416154215112329
020,3MIDD_207,3,0.004482784774154425,0.01757301762700081,0.006545116426423192,0.011027901200577617
020,3MIDD_207,4,0.004388036672025919,0.017071707174181938,0.00634183525107801,0.010729871923103929
020,3MIDD_207,5,0.00411997688934207,0.01660456694662571,0.00624229502864182,0.01036227191798389
020,3MIDD_207,6,0.003792587900534272,0.0161898136138916,0.006198612856678665,0.009991200757212937
020,3MIDD_207,7,0.0034785789903253317,0.015822410583496094,0.006171915796585381,0.009650494786910713
020,3MIDD_207,8,0.0032415541354566813,0.01549680344760418,0.006127624656073749,0.00936917879153043
020,3MIDD_207,9,0.0029889314901083708,0.015170716680586338,0.006090892595238984,0.009079824085347354
020,3MIDD_207,10,0.0027941102162003517,0.014848293736577034,0.006027091760188341,0.008821201976388693
020,3MIDD_207,11,0.002625290071591735,0.014527075923979282,0.005950892926193774,0.008576182997785509
020,3MIDD_207,12,0.002476896159350872,0.014192643575370312,0.00585787370800972,0.008334769867360592
020,3MIDD_207,13,0.0023110934998840094,0.013854919001460075,0.005771912750788033,0.008083006250672042
020,3MIDD_207,14,0.0021298471838235855,0.013523143716156483,0.005696648266166449,0.007826495449990034
020,3MIDD_207,15,0.0019390505040064454,0.013222822919487953,0.005641886207740754,0.007580936711747199
020,3MIDD_207,16,0.0017193406820297241,0.012970807030797005,0.00562573317438364,0.007345073856413364
020,3MIDD_207,17,0.0015157348243519664,0.012757760472595692,0.005621012824121863,0.007136747648473829
020,3MIDD_207,18,0.0013344251783564687,0.012568003498017788,0.00561678915983066,0.006951214338187128
020,3MIDD_207,19,0.0011684134369716048,0.01237423811107874,0.005602912337053567,0.006771325774025172
020,3MIDD_207,20,0.001010240986943245,0.01216572243720293,0.005577740725129843,0.006587981712073088
020,3MIDD_207,21,0.0008619976579211652,0.011980591341853142,0.005559296841965988,0.0064212944998871535
020,3MIDD_207,22,0.0007215419900603592,0.011807632632553577,0.005543045321246609,0.006264587311306968
020,3MIDD_207,23,0.0005942719872109592,0.011655927635729313,0.005530827824259177,0.006125099811470136
020,3MIDD_207,24,0.0004788617661688477,0.011503325775265694,0.005512232004548423,0.005991093770717271
020,3MIDD_207,25,0.0003760953259188682,0.0113469073548913,0.005485406014486216,0.005861501340405084
020,3MIDD_207,26,0.0002850802266038954,0.01119313295930624,0.005454026366351172,0.005739106592955068
020,3MIDD_207,27,0.00019710222841240466,0.011050625704228878,0.005426761737908237,0.005623863966320641
020,3MIDD_207,28,0.00010744031897047535,0.010922910645604134,0.005407735163316829,0.0055151754822873045
020,3MIDD_207,29,1.6554784451727755e-05,0.010798714123666286,0.005391079669607279,0.005407634454059007
020,3MIDD_207,30,-7.286074105650187e-05,0.010683843865990639,0.00537835230352357,0.0053054915624670684
020,3MIDD_207,31,-0.00015475654799956828,0.0105767035856843,0.005365730066841934,0.005210973518842366
020,3MIDD_207,32,-0.00022754732344765216,0.010477385483682156,0.005352466403564904,0.005124919080117252
020,3MIDD_207,33,-0.0003012481320183724,0.0103855449706316,0.005343396551324986,0.0050421484193066135
020,3MIDD_207,34,-0.00036526922485791147,0.010307982563972473,0.005336625894415192,0.004971356669557281
020,3MIDD_207,35,-0.0004238284018356353,0.010236783884465694,0.005330306143150665,0.0049064777413150296
020,3MIDD_207,36,-0.0004764149198308587,0.010172496549785137,0.005324455734807998,0.004848040814977139
020,3MIDD_207,37,-0.0005251266993582249,0.010117045603692532,0.005321086151525378,0.004795959452167153
020,3MIDD_207,38,-0.0005726794479414821,0.010074297897517681,0.005323488672729582,0.0047508092247880995
020,3MIDD_207,39,-0.0006143320351839066,0.010034555569291115,0.005324443802237511,0.004710111767053604
020,3MIDD_207,40,-0.0006493100663647056,0.00999496690928936,0.005322138487827033,0.004672828421462327
020,3MIDD_207,41,-0.0006843189476057887,0.009953530505299568,0.0053189247264526784,0.00463460577884689
020,3MIDD_207,42,-0.0007200749823823571,0.009913272224366665,0.005316673603374511,0.004596598620992154
020,3MIDD_207,43,-0.0007600130047649145,0.009875727817416191,0.005317870411090553,0.004557857406325638
020,3MIDD_207,44,-0.000806072901468724,0.00984146911650896,0.005323771008988842,0.004517698107520118
020,3MIDD_207,45,-0.000852544791996479,0.00981390755623579,0.005333226174116135,0.004480681382119656
020,3MIDD_207,46,-0.0008993982337415218,0.009791769087314606,0.005345583660528064,0.004446185426786542
020,3MIDD_207,47,-0.0009472351521253586,0.009773395024240017,0.005360315088182688,0.004413079936057329
020,3MIDD_207,48,-0.0009921313030645251,0.00975712575018406,0.005374628526624292,0.004382497223559767
020,3MIDD_207,49,-0.0010320526780560613,0.009744073264300823,0.005388062971178442,0.004356010293122381
020,4MIDD_085_170,0,0.0034587786067277193,0.012367002665996552,0.004454112029634416,0.007912890636362135
020,4MIDD_085_170,1,0.003214707598090172,0.012030469253659248,0.004407880827784538,0.00762258842587471
020,4MIDD_085_170,2,0.0031477322336286306,0.01182758528739214,0.004339926526881754,0.007487658760510385
020,4MIDD_085_170,3,0.003003976307809353,0.011636514216661453,0.00431626895442605,0.007320245262235403
020,4MIDD_085_170,4,0.002865660935640335,0.011497166939079762,0.004315753001719713,0.007181413937360048
020,4MIDD_085_170,5,0.002754175802692771,0.011245204135775566,0.004245514166541398,0.0069996899692341685
020,4MIDD_085_170,6,0.0026872328016906977,0.010984419845044613,0.004148593521676958,0.006835826323367655
020,4MIDD_085_170,7,0.0026585084851831198,0.010760151781141758,0.004050821647979319,0.006709330133162439
020,4MIDD_085_170,8,0.002626705914735794,0.010574104264378548,0.003973699174821377,0.006600405089557171
020,4MIDD_085_170,9,0.0025580720975995064,0.010374016128480434,0.003907972015440464,0.00646604411303997
020,4MIDD_085_170,10,0.002468466991558671,0.01016555167734623,0.0038485423428937793,0.00631700933445245
020,4MIDD_085_170,11,0.0023765964433550835,0.009977265261113644,0.00380033440887928,0.0061769308522343636
020,4MIDD_085_170,12,0.0022833042312413454,0.009818604215979576,0.0037676499923691154,0.006050954223610461
020,4MIDD_085_170,13,0.002187113044783473,0.009667196311056614,0.0037400416331365705,0.0059271546779200435
020,4MIDD_085_170,14,0.0020821872167289257,0.009489237330853939,0.0037035250570625067,0.005785712273791432
020,4MIDD_085_170,15,0.001991280820220709,0.009294047020375729,0.00365138310007751,0.005642663920298219
020,4MIDD_085_170,16,0.0019103620434179902,0.00910443626344204,0.0035970371100120246,0.005507399153430015
020,4MIDD_085_170,17,0.0018360032700002193,0.008935349993407726,0.0035496733617037535,0.005385676631703973
020,4MIDD_085_170,18,0.0017724710050970316,0.008775371126830578,0.003501450060866773,0.005273921065963805
020,4MIDD_085_170,19,0.001712169498205185,0.008615636266767979,0.003451733384281397,0.005163902882486582
020,4MIDD_085_170,20,0.00165393459610641,0.008460079319775105,0.0034030723618343472,0.005057006957940757
020,4MIDD_085_170,21,0.0015969997039064765,0.008304971270263195,0.0033539857831783593,0.004950985487084836
020,4MIDD_085_170,22,0.0015418854309245944,0.008163411170244217,0.0033107628696598113,0.004852648300584406
020,4MIDD_085_170,23,0.0014932302292436361,0.008034216240048409,0.003270493005402386,0.004763723234646022
020,4MIDD_085_170,24,0.0014373617013916373,0.007916522212326527,0.0032395802554674447,0.004676941956859082
020,4MIDD_085_170,25,0.0013807635987177491,0.00780570600181818,0.0032124712015502155,0.004593234800267965
020,4MIDD_085_170,26,0.0013238645624369383,0.007696432992815971,0.0031862842151895165,0.004510148777626455
020,4MIDD_085_170,27,0.001268125488422811,0.007590684108436108,0.0031612793100066483,0.004429404798429459
020,4MIDD_085_170,28,0.0012121073668822646,0.007485853508114815,0.003136873070616275,0.00434898043749854
020,4MIDD_085_170,29,0.0011585340835154057,0.007381159346550703,0.0031113126315176487,0.004269846715033054
020,4MIDD_085_170,30,0.0011001371312886477,0.007276617921888828,0.0030882403953000903,0.004188377526588738
020,4MIDD_085_170,31,0.0010381356114521623,0.007176364306360483,0.0030691143474541605,0.004107249958906323
020,4MIDD_085_170,32,0.0009796620579436421,0.007079968694597483,0.0030501533183269203,0.004029815376270562
020,4MIDD_085_170,33,0.0009338956442661583,0.006978499703109264,0.003022302029421553,0.003956197673687711
020,4MIDD_085_170,34,0.0008934372453950346,0.006881683599203825,0.0029941231769043952,0.0038875604222994298
020,4MIDD_085_170,35,0.0008524233708158135,0.006785438396036625,0.0029665075126104057,0.0038189308834262192
020,4MIDD_085_170,36,0.0008136704564094543,0.0066856201738119125,0.002935974858701229,0.0037496453151106834
020,4MIDD_085_170,37,0.000782304909080267,0.006595034152269363,0.0029063646215945482,0.003688669530674815
020,4MIDD_085_170,38,0.0007580549572594464,0.006517447996884584,0.002879696519812569,0.0036377514770720154
020,4MIDD_085_170,39,0.0007361731259152293,0.006448403932154179,0.0028561154031194746,0.003592288529034704
020,4MIDD_085_170,40,0.0007184899295680225,0.006379806436598301,0.0028306582535151392,0.0035491481830831617
020,4MIDD_085_170,41,0.0007040216005407274,0.006307612638920546,0.002801795519189909,0.0035058171197306365
020,4MIDD_085_170,42,0.0006882302695885301,0.006236272398382425,0.0027740210643969476,0.0034622513339854777
020,4MIDD_085_170,43,0.0006688698776997626,0.00617300346493721,0.0027520667936187238,0.0034209366713184863
020,4MIDD_085_170,44,0.0006483829347416759,0.006114611867815256,0.00273311446653679,0.003381497401278466
020,4MIDD_085_170,45,0.0006289527518674731,0.006056904327124357,0.002713975787628442,0.003342928539495915
020,4MIDD_085_170,46,0.0006106632645241916,0.006000143010169268,0.002694739872822538,0.0033054031373467296
020,4MIDD_085_170,47,0.0005906809237785637,0.005949081387370825,0.0026792002317961305,0.0032698811555746943
020,4MIDD_085_170,48,0.000571887067053467,0.005903731565922499,0.002665922249434516,0.003237809316487983
020,4MIDD_085_170,49,0.000552216952200979,0.0058563691563904285,0.0026520761020947248,0.0032042930542957038
021,3MIDD_048,0,-0.016126399859786034,-0.04450608789920807,-0.014189844019711018,-0.03031624387949705
021,3MIDD_048,1,-0.017439767718315125,-0.0446266233921051,-0.013593427836894989,-0.031033195555210114
021,3MIDD_048,2,-0.018200945109128952,-0.045088835060596466,-0.013443944975733757,-0.03164489008486271
021,3MIDD_048,3,-0.016942860558629036,-0.04513508826494217,-0.014096113853156567,-0.031038974411785603
021,3MIDD_048,4,-0.014885659329593182,-0.044724076986312866,-0.014919208828359842,-0.029804868157953024
021,3MIDD_048,5,-0.013333525508642197,-0.04382115602493286,-0.015243815258145332,-0.02857734076678753
021,3MIDD_048,6,-0.01260911300778389,-0.04262956604361534,-0.015010226517915726,-0.027619339525699615
021,3MIDD_048,7,-0.0122518390417099,-0.04153991490602493,-0.014644037932157516,-0.026895876973867416
021,3MIDD_048,8,-0.012040718458592892,-0.0407886877655983,-0.014373984653502703,-0.026414703112095594
021,3MIDD_048,9,-0.01195022277534008,-0.04024358466267586,-0.014146680943667889,-0.02609690371900797
021,3MIDD_048,10,-0.01178513839840889,-0.039710838347673416,-0.013962849974632263,-0.025747988373041153
021,3MIDD_048,11,-0.011453736573457718,-0.039142221212387085,-0.013844242319464684,-0.0252979788929224
021,3MIDD_048,12,-0.011104835197329521,-0.03856484591960907,-0.013730005361139774,-0.024834840558469296
021,3MIDD_048,13,-0.010753186419606209,-0.037992943078279495,-0.013619878329336643,-0.024373064748942852
021,3MIDD_048,14,-0.010462859645485878,-0.037380583584308624,-0.013458861969411373,-0.02392172161489725
021,3MIDD_048,15,-0.010224094614386559,-0.03683749958872795,-0.013306702487170696,-0.023530797101557255
021,3MIDD_048,16,-0.010028073564171791,-0.03640490397810936,-0.013188415206968784,-0.023216488771140575
021,3MIDD_048,17,-0.00986943207681179,-0.03597857803106308,-0.013054572977125645,-0.022924005053937435
021,3MIDD_048,18,-0.009708779864013195,-0.03551087528467178,-0.012901047710329294,-0.02260982757434249
021,3MIDD_048,19,-0.00955707486718893,-0.03500689938664436,-0.012724912259727716,-0.022281987126916647
021,3MIDD_048,20,-0.009392605163156986,-0.03447782248258591,-0.01254260865971446,-0.021935213822871447
021,3MIDD_048,21,-0.009226346388459206,-0.033950187265872955,-0.012361920438706875,-0.02158826682716608
021,3MIDD_048,22,-0.009051739238202572,-0.033434294164180756,-0.012191277462989092,-0.021243016701191664
021,3MIDD_048,23,-0.008863109163939953,-0.03293375298380852,-0.012035321909934282,-0.020898431073874235
021,3MIDD_048,24,-0.008687712252140045,-0.03242923319339752,-0.011870760470628738,-0.020558472722768784
021,3MIDD_048,25,-0.008537132292985916,-0.03194088116288185,-0.011701874434947968,-0.020239006727933884
021,3MIDD_048,26,-0.008413738571107388,-0.03146610036492348,-0.011526180896908045,-0.019939919468015432
021,3MIDD_048,27,-0.008294078521430492,-0.03098822943866253,-0.011347075458616018,-0.01964115398004651
021,3MIDD_048,28,-0.008170567452907562,-0.03053123876452446,-0.011180335655808449,-0.01935090310871601
021,3MIDD_048,29,-0.00805013906210661,-0.030094614252448082,-0.011022237595170736,-0.019072376657277346
021,3MIDD_048,30,-0.007941982708871365,-0.02963510900735855,-0.010846563149243593,-0.018788545858114958
021,3MIDD_048,31,-0.007836089469492435,-0.029159581288695335,-0.01066174590960145,-0.018497835379093885
021,3MIDD_048,32,-0.007751611061394215,-0.028686998412013054,-0.01046769367530942,-0.018219304736703634
021,3MIDD_048,33,-0.007671350613236427,-0.028217554092407227,-0.0102731017395854,-0.017944452352821827
021,3MIDD_048,34,-0.007608605083078146,-0.027753571048378944,-0.0100724829826504,-0.017681088065728545
021,3MIDD_048,35,-0.0075513264164328575,-0.02731047011911869,-0.009879571851342916,-0.017430898267775774
021,3MIDD_048,36,-0.007495954632759094,-0.02688504382967949,-0.009694544598460197,-0.01719049923121929
021,3MIDD_048,37,-0.007425802759826183,-0.026465509086847305,-0.009519853163510561,-0.016945655923336744
021,3MIDD_048,38,-0.007352232001721859,-0.026040948927402496,-0.009344358462840319,-0.016696590464562178
021,3MIDD_048,39,-0.00726205762475729,-0.025608260184526443,-0.009173101279884577,-0.016435158904641867
021,3MIDD_048,40,-0.007160552777349949,-0.025178030133247375,-0.009008738677948713,-0.016169291455298662
021,3MIDD_048,41,-0.007069994695484638,-0.024749012663960457,-0.00883950898423791,-0.015909503679722548
021,3MIDD_048,42,-0.006995510775595903,-0.024317611008882523,-0.00866105011664331,-0.015656560892239213
021,3MIDD_048,43,-0.006911702919751406,-0.02388891391456127,-0.008488605497404933,-0.015400308417156339
021,3MIDD_048,44,-0.006818052846938372,-0.023454591631889343,-0.008318269392475486,-0.015136322239413857
021,3MIDD_048,45,-0.0067287166602909565,-0.023013757541775703,-0.008142520440742373,-0.01487123710103333
021,3MIDD_048,46,-0.006638307124376297,-0.022583920508623123,-0.007972806692123413,-0.01461111381649971
021,3MIDD_048,47,-0.006547858007252216,-0.022157294675707817,-0.0078047183342278,-0.014352576341480017
021,3MIDD_048,48,-0.006457830313593149,-0.021738173440098763,-0.007640171563252807,-0.014098001876845956
021,3MIDD_048,49,-0.006364031229168177,-0.02131734974682331,-0.007476659258827567,-0.013840690487995744
021,3MIDD_207,0,-0.022988388314843178,-0.02030225098133087,0.001343068666756153,-0.021645319648087025
021,3MIDD_207,1,-0.023315493017435074,-0.02022128738462925,0.0015471028164029121,-0.02176839020103216
021,3MIDD_207,2,-0.023286188021302223,-0.01972026936709881,0.0017829593271017075,-0.021503228694200516
021,3MIDD_207,3,-0.02225152589380741,-0.01810464635491371,0.00207343976944685,-0.02017808612436056
021,3MIDD_207,4,-0.02093346416950226,-0.01604243367910385,0.0024455152451992035,-0.018487948924303055
021,3MIDD_207,5,-0.01982891745865345,-0.014420796185731888,0.002704060636460781,-0.01712485682219267
021,3MIDD_207,6,-0.019086387008428574,-0.013447130098938942,0.002819628454744816,-0.016266758553683758
021,3MIDD_207,7,-0.018633848056197166,-0.01277034543454647,0.002931751310825348,-0.01570209674537182
021,3MIDD_207,8,-0.01834835670888424,-0.012037668377161026,0.0031553441658616066,-0.015193012543022633
021,3MIDD_207,9,-0.018153628334403038,-0.01110388245433569,0.0035248729400336742,-0.014628755394369364
021,3MIDD_207,10,-0.017936130985617638,-0.009952747263014317,0.0039916918613016605,-0.013944439124315977
021,3MIDD_207,11,-0.017734987661242485,-0.008838405832648277,0.004448290914297104,-0.013286696746945381
021,3MIDD_207,12,-0.017399489879608154,-0.007845290005207062,0.004777099937200546,-0.012622389942407608
021,3MIDD_207,13,-0.016931165009737015,-0.006867856718599796,0.005031654145568609,-0.011899510864168406
021,3MIDD_207,14,-0.01641114242374897,-0.005813218653202057,0.005298961885273457,-0.011112180538475513
021,3MIDD_207,15,-0.015917133539915085,-0.004729142412543297,0.005593995563685894,-0.01032313797622919
021,3MIDD_207,16,-0.015507636591792107,-0.0036361473612487316,0.0059357446152716875,-0.009571891976520419
021,3MIDD_207,17,-0.015222686342895031,-0.002555516781285405,0.006333584780804813,-0.008889101562090218
021,3MIDD_207,18,-0.015005836263298988,-0.0015878366539254785,0.006708999804686755,-0.008296836458612233
021,3MIDD_207,19,-0.014791011810302734,-0.0007016490562818944,0.00704468137701042,-0.007746330433292314
021,3MIDD_207,20,-0.014580867253243923,0.0001655647938605398,0.0073732160235522315,-0.007207651229691692
021,3MIDD_207,21,-0.014357826672494411,0.001023270539008081,0.007690548605751246,-0.006667278066743165
021,3MIDD_207,22,-0.014072672463953495,0.0018315121997147799,0.007952092331834137,-0.006120580132119358
021,3MIDD_207,23,-0.013743409886956215,0.002623781096190214,0.008183595491573215,-0.005559814395383
021,3MIDD_207,24,-0.01342968363314867,0.003433339996263385,0.008431511814706028,-0.004998171818442643
021,3MIDD_207,25,-0.013099363073706627,0.0042459857650101185,0.008672674419358373,-0.004426688654348254
021,3MIDD_207,26,-0.012755979783833027,0.005044270306825638,0.008900125045329332,-0.0038558547385036945
021,3MIDD_207,27,-0.012410460039973259,0.005826826207339764,0.009118643123656511,-0.0032918169163167477
021,3MIDD_207,28,-0.012054931372404099,0.006583858747035265,0.009319395059719682,-0.0027355363126844168
021,3MIDD_207,29,-0.011694059707224369,0.007297526113688946,0.009495792910456657,-0.0021982667967677116
021,3MIDD_207,30,-0.011338247917592525,0.00797254964709282,0.009655398782342672,-0.0016828491352498531
021,3MIDD_207,31,-0.010980384424328804,0.008627493865787983,0.009803939145058393,-0.0011764452792704105
021,3MIDD_207,32,-0.010600253939628601,0.009255414828658104,0.009927834384143353,-0.0006724195554852486
021,3MIDD_207,33,-0.010201729834079742,0.009877129457890987,0.010039429645985365,-0.00016230018809437752
021,3MIDD_207,34,-0.009813874028623104,0.010505135171115398,0.010159504599869251,0.00034563057124614716
021,3MIDD_207,35,-0.009438070468604565,0.01111266016960144,0.010275365319103003,0.0008372948504984379
021,3MIDD_207,36,-0.00907719787210226,0.01170072890818119,0.010388963390141726,0.001311765518039465
021,3MIDD_207,37,-0.008729584515094757,0.012270995415747166,0.010500289965420961,0.0017707054503262043
021,3MIDD_207,38,-0.008389448747038841,0.012819518335163593,0.010604483541101217,0.002215034794062376
021,3MIDD_207,39,-0.008044364862143993,0.013356784358620644,0.010700574610382318,0.002656209748238325
021,3MIDD_207,40,-0.007693463005125523,0.013875387609004974,0.010784425307065248,0.003090962301939726
021,3MIDD_207,41,-0.007345360238105059,0.014385287649929523,0.010865323944017291,0.0035199637059122324
021,3MIDD_207,42,-0.006985415704548359,0.014894017949700356,0.010939716827124357,0.003954301122575998
021,3MIDD_207,43,-0.006622595712542534,0.015393789857625961,0.011008192785084248,0.004385597072541714
021,3MIDD_207,44,-0.006270012352615595,0.01587624102830887,0.011073126690462232,0.004803114337846637
021,3MIDD_207,45,-0.00592083390802145,0.01634751632809639,0.01113417511805892,0.00521334121003747
021,3MIDD_207,46,-0.005569520406424999,0.01680595800280571,0.011187739204615355,0.005618218798190355
021,3MIDD_207,47,-0.0052049471996724606,0.01725435070693493,0.011229648953303695,0.006024701753631234
021,3MIDD_207,48,-0.004838298074901104,0.01769847981631756,0.011268388945609331,0.006430090870708227
021,3MIDD_207,49,-0.004480957053601742,0.01814243756234646,0.0113116973079741,0.006830740254372358
021,4MIDD_085_170,0,-0.006421527825295925,-0.011219113133847713,-0.002398792654275894,-0.00882032047957182
021,4MIDD_085_170,1,-0.0065504880622029305,-0.01049907598644495,-0.00197429396212101,-0.00852478202432394
021,4MIDD_085_170,2,-0.006730117369443178,-0.009545846842229366,-0.001407864736393094,-0.008137982105836272
021,4MIDD_085_170,3,-0.005708233453333378,-0.007796698249876499,-0.0010442323982715607,-0.0067524658516049385
021,4MIDD_085_170,4,-0.003870289074257016,-0.00555429607629776,-0.0008420035010203719,-0.004712292575277388
021,4MIDD_085_170,5,-0.0020271954126656055,-0.0033665476366877556,-0.000669676112011075,-0.0026968715246766806
021,4MIDD_085_170,6,-0.0006921933381818235,-0.0015338180819526315,-0.000420812371885404,-0.0011130057100672275
021,4MIDD_085_170,7,0.00042148391366936266,-0.00010691057832445949,-0.0002641972459969111,0.00015728666767245159
021,4MIDD_085_170,8,0.0014179912395775318,0.001118668937124312,-0.00014966115122660995,0.0012683300883509219
021,4MIDD_085_170,9,0.002270882250741124,0.0022640731185674667,-3.4045660868287086e-06,0.0022674776846542954
021,4MIDD_085_170,10,0.0030005385633558035,0.003318972419947386,0.00015921692829579115,0.0031597554916515946
021,4MIDD_085_170,11,0.003731158562004566,0.004385595675557852,0.0003272185567766428,0.004058377118781209
021,4MIDD_085_170,12,0.004491334781050682,0.005478736478835344,0.0004937008488923311,0.004985035629943013
021,4MIDD_085_170,13,0.00531360600143671,0.0066230338998138905,0.00065471394918859,0.0059683199506253
021,4MIDD_085_170,14,0.006177329923957586,0.007769214920699596,0.0007959424983710051,0.006973272422328591
021,4MIDD_085_170,15,0.007046645041555166,0.008878502063453197,0.0009159285109490156,0.007962573552504182
021,4MIDD_085_170,16,0.007876137271523476,0.009938836097717285,0.0010313494130969048,0.00890748668462038
021,4MIDD_085_170,17,0.008662267588078976,0.01091837976127863,0.0011280560865998268,0.009790323674678802
021,4MIDD_085_170,18,0.009384420700371265,0.011840960010886192,0.0012282696552574635,0.010612690355628729
021,4MIDD_085_170,19,0.010071955621242523,0.012769579887390137,0.0013488121330738068,0.01142076775431633
021,4MIDD_085_170,20,0.01075341273099184,0.013680269941687584,0.0014634286053478718,0.012216841336339712
021,4MIDD_085_170,21,0.011426196433603764,0.014524913392961025,0.0015493584796786308,0.012975554913282394
021,4MIDD_085_170,22,0.012090539559721947,0.015324240550398827,0.00161685049533844,0.013707390055060387
021,4MIDD_085_170,23,0.012748115696012974,0.016098033636808395,0.0016749589703977108,0.014423074666410685
021,4MIDD_085_170,24,0.013418534770607948,0.01687578298151493,0.0017286241054534912,0.01514715887606144
021,4MIDD_085_170,25,0.014074082486331463,0.017651673406362534,0.0017887954600155354,0.015862877946346998
021,4MIDD_085_170,26,0.01472187414765358,0.0184024628251791,0.0018402943387627602,0.01656216848641634
021,4MIDD_085_170,27,0.015361107885837555,0.01912141777575016,0.0018801549449563026,0.017241262830793858
021,4MIDD_085_170,28,0.015972258523106575,0.019809545949101448,0.0019186437129974365,0.01789090223610401
021,4MIDD_085_170,29,0.01655767858028412,0.020487496629357338,0.0019649090245366096,0.01852258760482073
021,4MIDD_085_170,30,0.017135556787252426,0.021149644628167152,0.002007043920457363,0.01914260070770979
021,4MIDD_085_170,31,0.017706524580717087,0.021790968254208565,0.002042221836745739,0.019748746417462826
021,4MIDD_085_170,32,0.018262645229697227,0.022414205595850945,0.0020757801830768585,0.020338425412774086
021,4MIDD_085_170,33,0.018806492909789085,0.023021213710308075,0.0021073604002594948,0.02091385331004858
021,4MIDD_085_170,34,0.01933288760483265,0.023625614121556282,0.0021463632583618164,0.021479250863194466
021,4MIDD_085_170,35,0.01985742151737213,0.024225780740380287,0.002184179611504078,0.02204160112887621
021,4MIDD_085_170,36,0.02038409188389778,0.024814423173666,0.0022151656448841095,0.02259925752878189
021,4MIDD_085_170,37,0.020895540714263916,0.025392621755599976,0.00224854052066803,0.023144081234931946
021,4MIDD_085_170,38,0.021387506276369095,0.02596324309706688,0.002287868410348892,0.023675374686717987
021,4MIDD_085_170,39,0.021862376481294632,0.0265198964625597,0.002328759990632534,0.024191136471927166
021,4MIDD_085_170,40,0.022326799109578133,0.027059800922870636,0.0023665009066462517,0.024693300016224384
021,4MIDD_085_170,41,0.02277635969221592,0.0275882538408041,0.0024059470742940903,0.02518230676651001
021,4MIDD_085_170,42,0.023208096623420715,0.028116215020418167,0.002454059198498726,0.02566215582191944
021,4MIDD_085_170,43,0.02363566681742668,0.02864876762032509,0.0025065504014492035,0.026142217218875885
021,4MIDD_085_170,44,0.0240648053586483,0.029175372794270515,0.0025552837178111076,0.026620089076459408
021,4MIDD_085_170,45,0.02448592148721218,0.029698571190238,0.002606324851512909,0.02709224633872509
021,4MIDD_085_170,46,0.02490280754864216,0.030212277546525,0.0026547349989414215,0.02755754254758358
021,4MIDD_085_170,47,0.02530963160097599,0.030713887885212898,0.002702128142118454,0.028011759743094444
021,4MIDD_085_170,48,0.025698386132717133,0.03119916282594204,0.0027503883466124535,0.028448774479329586
021,4MIDD_085_170,49,0.026076754555106163,0.031675755977630615,0.002799500711262226,0.02887625526636839
022,3MIDD_048,0,0.015490233898162842,-0.014820586889982224,-0.015155410394072533,0.00033482350409030914
022,3MIDD_048,1,0.015719547867774963,-0.015104270540177822,-0.015411909203976393,0.00030763866379857063
022,3MIDD_048,2,0.01583273522555828,-0.015451155602931976,-0.01564194541424513,0.0001907898113131523
022,3MIDD_048,3,0.015433434396982193,-0.015838174149394035,-0.015635804273188114,-0.00020236987620592117
022,3MIDD_048,4,0.014339135959744453,-0.016262797638773918,-0.015300966799259186,-0.0009618308395147324
022,3MIDD_048,5,0.013174101710319519,-0.016278326511383057,-0.014726214110851288,-0.0015521124005317688
022,3MIDD_048,6,0.01203832682222128,-0.01603856310248375,-0.014038444962352514,-0.002000118140131235
022,3MIDD_048,7,0.010978071950376034,-0.015645207837224007,-0.01331163989380002,-0.0023335679434239864
022,3MIDD_048,8,0.010052451863884926,-0.015215646475553513,-0.01263404916971922,-0.0025815973058342934
022,3MIDD_048,9,0.009290827438235283,-0.014820071868598461,-0.012055449653416872,-0.002764622215181589
022,3MIDD_048,10,0.00863902922719717,-0.0144569156691432,-0.011547972448170185,-0.002908943220973015
022,3MIDD_048,11,0.008021866902709007,-0.014114038087427616,-0.011067952495068312,-0.0030460855923593044
022,3MIDD_048,12,0.007433440536260605,-0.013769743964076042,-0.010601592250168324,-0.0031681517139077187
022,3MIDD_048,13,0.006898834835737944,-0.013442238792777061,-0.010170536814257503,-0.003271701978519559
022,3MIDD_048,14,0.006392943672835827,-0.01312282495200634,-0.009757884312421083,-0.0033649406395852566
022,3MIDD_048,15,0.005943697411566973,-0.01281922496855259,-0.009381461190059781,-0.0034377637784928083
022,3MIDD_048,16,0.005521588493138552,-0.012513057328760624,-0.009017322910949588,-0.003495734417811036
022,3MIDD_048,17,0.005131710786372423,-0.012197762727737427,-0.008664736757054925,-0.003533025970682502
022,3MIDD_048,18,0.004768573213368654,-0.011848730966448784,-0.008308652089908719,-0.003540078876540065
022,3MIDD_048,19,0.004442101344466209,-0.011517864651978016,-0.007979982998222113,-0.0035378816537559032
022,3MIDD_048,20,0.004145204089581966,-0.011207963339984417,-0.007676583714783192,-0.0035313796252012253
022,3MIDD_048,21,0.0038366420194506645,-0.010900508612394333,-0.007368575315922499,-0.003531933296471834
022,3MIDD_048,22,0.0035189930349588394,-0.010583444498479366,-0.007051218766719103,-0.0035322257317602634
022,3MIDD_048,23,0.003206974361091852,-0.010265213437378407,-0.006736093899235129,-0.003529119538143277
022,3MIDD_048,24,0.0029185821767896414,-0.009956110268831253,-0.006437346222810447,-0.003518764046020806
022,3MIDD_048,25,0.0026606714818626642,-0.00965459831058979,-0.006157634896226227,-0.003496963414363563
022,3MIDD_048,26,0.002422420307993889,-0.009372248314321041,-0.005897334311157465,-0.003474914003163576
022,3MIDD_048,27,0.002188229002058506,-0.009095683693885803,-0.005641956347972155,-0.0034537273459136486
022,3MIDD_048,28,0.0019699607510119677,-0.008828737773001194,-0.005399349262006581,-0.003429388510994613
022,3MIDD_048,29,0.0017613295931369066,-0.00859346054494381,-0.005177395069040358,-0.0034160654759034514
022,3MIDD_048,30,0.0015662272926419973,-0.008386542089283466,-0.004976384690962732,-0.0034101573983207345
022,3MIDD_048,31,0.0013727593468502164,-0.008194119669497013,-0.004783439508173615,-0.0034106801613233984
022,3MIDD_048,32,0.0011905730934813619,-0.008010472171008587,-0.004600522632244974,-0.0034099495387636125
022,3MIDD_048,33,0.0010239233961328864,-0.007837117649614811,-0.004430520522873849,-0.0034065971267409623
022,3MIDD_048,34,0.0008665355853736401,-0.007653030101209879,-0.0042597828432917595,-0.0033932472579181194
022,3MIDD_048,35,0.0007031001732684672,-0.007477727718651295,-0.004090413945959881,-0.0033873137726914138
022,3MIDD_048,36,0.0005616673151962459,-0.007308372296392918,-0.003935019805794582,-0.003373352490598336
022,3MIDD_048,37,0.00041818892350420356,-0.0071512977592647076,-0.0037847433413844556,-0.003366554417880252
022,3MIDD_048,38,0.00029691943200305104,-0.007002190221101046,-0.0036495548265520483,-0.0033526353945489973
022,3MIDD_048,39,0.00019565493857953697,-0.006864934228360653,-0.003530294583470095,-0.003334639644890558
022,3MIDD_048,40,8.817990601528436e-05,-0.006748035550117493,-0.0034181077280663885,-0.003329927822051104
022,3MIDD_048,41,-1.4728794667462353e-05,-0.0066490015015006065,-0.003317136353416572,-0.0033318651480840344
022,3MIDD_048,42,-0.00012209208216518164,-0.006556262727826834,-0.003217085322830826,-0.0033391774049960077
022,3MIDD_048,43,-0.00022594796610064805,-0.0064532570540905,-0.003113654543994926,-0.003339602510095574
022,3MIDD_048,44,-0.00033411162439733744,-0.006332454737275839,-0.0029991715564392507,-0.003333283180836588
022,3MIDD_048,45,-0.0004405147337820381,-0.006220191717147827,-0.0028898384916828945,-0.0033303532254649326
022,3MIDD_048,46,-0.0005494416109286249,-0.0061302101239562035,-0.0027903842565137893,-0.003339825867442414
022,3MIDD_048,47,-0.0006550598191097379,-0.006045297719538212,-0.002695118950214237,-0.003350178769323975
022,3MIDD_048,48,-0.0007619464886374772,-0.005947391968220472,-0.0025927227397914976,-0.0033546692284289747
022,3MIDD_048,49,-0.0008637441205792129,-0.005841882899403572,-0.0024890693894121796,-0.0033528135099913925
022,3MIDD_207,0,-0.0010783786419779062,0.010637438856065273,0.00585790874902159,0.0047795301070436835
022,3MIDD_207,1,-0.0011584783205762506,0.011030362918972969,0.00609442061977461,0.004935942299198359
022,3MIDD_207,2,-0.00165978679433465,0.011440391652286053,0.006550089223310351,0.004890302428975701
022,3MIDD_207,3,-0.0028883812483400106,0.012116690166294575,0.007502535707317293,0.004614154458977282
022,3MIDD_207,4,-0.0036239915061742067,0.012279489077627659,0.007951740291900933,0.004327748785726726
022,3MIDD_207,5,-0.0040335324592888355,0.011913077905774117,0.007973305182531476,0.0039397727232426405
022,3MIDD_207,6,-0.004454201087355614,0.011134377680718899,0.007794289384037256,0.0033400882966816425
022,3MIDD_207,7,-0.004713233560323715,0.010303431190550327,0.007508332375437021,0.002795098815113306
022,3MIDD_207,8,-0.004930990282446146,0.009725898504257202,0.007328444393351674,0.002397454110905528
022,3MIDD_207,9,-0.00515429861843586,0.009632769040763378,0.007393533829599619,0.0022392352111637592
022,3MIDD_207,10,-0.005345539189875126,0.009832669049501419,0.0075891041196882725,0.0022435649298131466
022,3MIDD_207,11,-0.005583485588431358,0.010030536912381649,0.007807011250406504,0.0022235256619751453
022,3MIDD_207,12,-0.005860773380845785,0.010075385682284832,0.007968079531565309,0.0021073061507195234
022,3MIDD_207,13,-0.006225332617759705,0.009943505749106407,0.008084419183433056,0.0018590865656733513
022,3MIDD_207,14,-0.006687861867249012,0.009760310873389244,0.008224086370319128,0.001536224503070116
022,3MIDD_207,15,-0.007189633324742317,0.009733562357723713,0.008461597841233015,0.0012719645164906979
022,3MIDD_207,16,-0.007703804410994053,0.009943870827555656,0.008823837619274855,0.0011200332082808018
022,3MIDD_207,17,-0.0081523098051548,0.010313891805708408,0.009233100805431604,0.001080791000276804
022,3MIDD_207,18,-0.008489744737744331,0.010627463459968567,0.009558604098856449,0.0010688593611121178
022,3MIDD_207,19,-0.008769617415964603,0.010846110060811043,0.009807863738387823,0.0010382463224232197
022,3MIDD_207,20,-0.00904814526438713,0.010973239317536354,0.010010692290961742,0.0009625470265746117
022,3MIDD_207,21,-0.009319854900240898,0.01109256874769926,0.01020621182397008,0.0008863569237291813
022,3MIDD_207,22,-0.009542817249894142,0.011307806707918644,0.010425311978906393,0.0008824947290122509
022,3MIDD_207,23,-0.0097232386469841,0.011628328822553158,0.010675783734768629,0.0009525450877845287
022,3MIDD_207,24,-0.009909926913678646,0.0120160561054945,0.010962991509586573,0.0010530645959079266
022,3MIDD_207,25,-0.010103768669068813,0.01238722912967205,0.011245498899370432,0.0011417302303016186
022,3MIDD_207,26,-0.010310301557183266,0.01273165550082922,0.011520978529006243,0.001210676971822977
022,3MIDD_207,27,-0.010499769821763039,0.013030876405537128,0.011765323113650084,0.001265553291887045
022,3MIDD_207,28,-0.010676342993974686,0.01330055296421051,0.011988447979092598,0.0013121049851179123
022,3MIDD_207,29,-0.010846980847418308,0.013615766540169716,0.012231373693794012,0.0013843928463757038
022,3MIDD_207,30,-0.01100718043744564,0.013987734913825989,0.012497457675635815,0.001490277238190174
022,3MIDD_207,31,-0.011154071427881718,0.014396737329661846,0.012775404378771782,0.0016213329508900642
022,3MIDD_207,32,-0.011285921558737755,0.014800059609115124,0.01304299058392644,0.0017570690251886845
022,3MIDD_207,33,-0.01142244040966034,0.015191463753581047,0.013306952081620693,0.0018845116719603539
022,3MIDD_207,34,-0.011589561589062214,0.015577059239149094,0.013583310414105654,0.00199374882504344
022,3MIDD_207,35,-0.011787530966103077,0.015978943556547165,0.013883237261325121,0.002095706295222044
022,3MIDD_207,36,-0.011992817744612694,0.016395382583141327,0.01419410016387701,0.0022012824192643166
022,3MIDD_207,37,-0.01219121366739273,0.01682685874402523,0.01450903620570898,0.00231782253831625
022,3MIDD_207,38,-0.012384219095110893,0.017274854704737663,0.014829536899924278,0.002445317804813385
022,3MIDD_207,39,-0.012589733116328716,0.01770343817770481,0.015146585647016764,0.0025568525306880474
022,3MIDD_207,40,-0.012799638323485851,0.018136760219931602,0.015468199271708727,0.0026685609482228756
022,3MIDD_207,41,-0.013017862103879452,0.018576961010694504,0.015797411557286978,0.002779549453407526
022,3MIDD_207,42,-0.013253461569547653,0.0190154816955328,0.016134471632540226,0.002881010062992573
022,3MIDD_207,43,-0.013499069027602673,0.019431540742516518,0.016465304885059595,0.0029662358574569225
022,3MIDD_207,44,-0.01376444660127163,0.019831813871860504,0.016798130236566067,0.0030336836352944374
022,3MIDD_207,45,-0.014048810116946697,0.02022644504904747,0.017137627582997084,0.0030888174660503864
022,3MIDD_207,46,-0.014344502240419388,0.0206303708255291,0.017487436532974243,0.0031429342925548553
022,3MIDD_207,47,-0.014640387147665024,0.02103881724178791,0.017839602194726467,0.0031992150470614433
022,3MIDD_207,48,-0.014923095703125,0.021454470232129097,0.01818878296762705,0.0032656872645020485
022,3MIDD_207,49,-0.015202290378510952,0.02187102660536766,0.018536658491939306,0.0033343681134283543
022,4MIDD_085_170,0,-0.007387480232864618,0.0032978795934468508,0.0053426799131557345,-0.0020448003197088838
022,4MIDD_085_170,1,-0.007834536954760551,0.0035540799144655466,0.005694308434613049,-0.0021402285201475024
022,4MIDD_085_170,2,-0.0082998750731349,0.003657071851193905,0.005978473462164402,-0.002321401610970497
022,4MIDD_085_170,3,-0.008724609389901161,0.0035360290203243494,0.006130319205112755,-0.002594290184788406
022,4MIDD_085_170,4,-0.00901742372661829,0.0031656280625611544,0.006091525894589722,-0.002925897832028568
022,4MIDD_085_170,5,-0.009289771318435669,0.002924411091953516,0.0061070912051945925,-0.0031826801132410765
022,4MIDD_085_170,6,-0.009507650509476662,0.002698777709156275,0.006103214109316468,-0.0034044364001601934
022,4MIDD_085_170,7,-0.00962848961353302,0.0024551935493946075,0.006041841581463814,-0.0035866480320692062
022,4MIDD_085_170,8,-0.009644323959946632,0.0023109468165785074,0.00597763538826257,-0.0036666885716840625
022,4MIDD_085_170,9,-0.009565012529492378,0.002322529209777713,0.0059437708696350455,-0.0036212416598573327
022,4MIDD_085_170,10,-0.009473919868469238,0.0023873120080679655,0.005930615938268602,-0.0035433039302006364
022,4MIDD_085_170,11,-0.009433481842279434,0.0024053065571933985,0.005919394199736416,-0.003514087642543018
022,4MIDD_085_170,12,-0.009432397782802582,0.002339893253520131,0.0058861455181613564,-0.0035462522646412253
022,4MIDD_085_170,13,-0.00946546159684658,0.002243818948045373,0.005854640272445977,-0.0036108213244006038
022,4MIDD_085_170,14,-0.009506495669484138,0.0021719136275351048,0.005839204648509622,-0.003667291020974517
022,4MIDD_085_170,15,-0.009533471427857876,0.002154718851670623,0.005844095139764249,-0.0036893762880936265
022,4MIDD_085_170,16,-0.009559624828398228,0.0021913277450948954,0.0058754762867465615,-0.003684148541651666
022,4MIDD_085_170,17,-0.009568367153406143,0.002263659378513694,0.0059160132659599185,-0.0036523538874462247
022,4MIDD_085_170,18,-0.009548806585371494,0.002317515667527914,0.005933161126449704,-0.00361564545892179
022,4MIDD_085_170,19,-0.009514428675174713,0.0023491482716053724,0.005931788473390043,-0.0035826402017846704
022,4MIDD_085_170,20,-0.009504225105047226,0.0023710730019956827,0.005937649053521454,-0.0035665760515257716
022,4MIDD_085_170,21,-0.009491688571870327,0.0024210589472204447,0.005956373759545386,-0.003535314812324941
022,4MIDD_085_170,22,-0.009458512999117374,0.002495239023119211,0.005976876011118293,-0.0034816369879990816
022,4MIDD_085_170,23,-0.009423667564988136,0.0025783490855246782,0.006001008325256407,-0.003422659239731729
022,4MIDD_085_170,24,-0.009389637969434261,0.0026634763926267624,0.006026557181030512,-0.0033630807884037495
022,4MIDD_085_170,25,-0.00935662817209959,0.0027524710167199373,0.006054549594409764,-0.0033020785776898265
022,4MIDD_085_170,26,-0.009308409877121449,0.0028464903589338064,0.0060774501180276275,-0.003230959759093821
022,4MIDD_085_170,27,-0.009238620288670063,0.002955968491733074,0.006097294390201569,-0.0031413258984684944
022,4MIDD_085_170,28,-0.009153167717158794,0.0030737523920834064,0.0061134600546211,-0.003039707662537694
022,4MIDD_085_170,29,-0.009073175489902496,0.0031740739941596985,0.006123624742031097,-0.002949550747871399
022,4MIDD_085_170,30,-0.00897891167551279,0.0032424062956124544,0.0061106589855626225,-0.002868252689950168
022,4MIDD_085_170,31,-0.00886553805321455,0.0032977231312543154,0.006081630592234433,-0.0027839074609801173
022,4MIDD_085_170,32,-0.008742318488657475,0.0033452999778091908,0.006043809233233333,-0.002698509255424142
022,4MIDD_085_170,33,-0.008620898239314556,0.0033865338191390038,0.00600371602922678,-0.002617182210087776
022,4MIDD_085_170,34,-0.008484902791678905,0.00343815959058702,0.005961531191132963,-0.002523371600545943
022,4MIDD_085_170,35,-0.008342842571437359,0.0034934445284307003,0.00591814354993403,-0.0024246990215033293
022,4MIDD_085_170,36,-0.00819936953485012,0.003544070990756154,0.005871720262803137,-0.0023276492720469832
022,4MIDD_085_170,37,-0.008058971725404263,0.003592651803046465,0.005825811764225364,-0.002233159961178899
022,4MIDD_085_170,38,-0.007931267842650414,0.003653472289443016,0.005792370066046715,-0.0021388977766036987
022,4MIDD_085_170,39,-0.007828840985894203,0.003719685133546591,0.005774263059720397,-0.002054577926173806
022,4MIDD_085_170,40,-0.0077401697635650635,0.0037871459499001503,0.005763657856732607,-0.0019765119068324566
022,4MIDD_085_170,41,-0.00766384694725275,0.0038519965019077063,0.005757921724580228,-0.001905925222672522
022,4MIDD_085_170,42,-0.00759198609739542,0.003921788185834885,0.005756887141615152,-0.0018350989557802677
022,4MIDD_085_170,43,-0.007522721774876118,0.003990046214312315,0.005756383994594216,-0.0017663377802819014
022,4MIDD_085_170,44,-0.007455320097506046,0.004064780194312334,0.00576005014590919,-0.0016952699515968561
022,4MIDD_085_170,45,-0.007393124978989363,0.004155262373387814,0.005774193676188588,-0.0016189313028007746
022,4MIDD_085_170,46,-0.007332427427172661,0.004251289647072554,0.005791858537122607,-0.0015405688900500536
022,4MIDD_085_170,47,-0.007261577062308788,0.004352743737399578,0.005807160399854183,-0.001454416662454605
022,4MIDD_085_170,48,-0.0071867285296320915,0.004442288540303707,0.005814508534967899,-0.0013722199946641922
022,4MIDD_085_170,49,-0.007119373418390751,0.004508356098085642,0.005813864758238196,-0.0013055086601525545
023,3MIDD_048,0,0.010161562822759151,0.005356645677238703,-0.0024024585727602243,0.007759104249998927
023,3MIDD_048,1,0.009929956868290901,0.0054419683292508125,-0.0022439942695200443,0.007685962598770857
023,3MIDD_048,2,0.009927992708981037,0.005310842301696539,-0.002308575203642249,0.007619417505338788
023,3MIDD_048,3,0.01004483737051487,0.005120967980474234,-0.002461934695020318,0.007582902675494552
023,3MIDD_048,4,0.010095127858221531,0.005089790094643831,-0.00250266888178885,0.007592458976432681
023,3MIDD_048,5,0.010047162882983685,0.005164268892258406,-0.0024414469953626394,0.007605715887621045
023,3MIDD_048,6,0.009948997758328915,0.005256692413240671,-0.0023461526725441217,0.007602845085784793
023,3MIDD_048,7,0.009837381541728973,0.005344375967979431,-0.002246502786874771,0.007590878754854202
023,3MIDD_048,8,0.00974304135888815,0.005428432486951351,-0.002157304435968399,0.00758573692291975
023,3MIDD_048,9,0.009656981565058231,0.005508836824446917,-0.0020740723703056574,0.007582909194752574
023,3MIDD_048,10,0.009585323743522167,0.005602119956165552,-0.0019916018936783075,0.00759372184984386
023,3MIDD_048,11,0.009541572071611881,0.005711345933377743,-0.0019151130691170692,0.007626459002494812
023,3MIDD_048,12,0.009519270621240139,0.00582845089957118,-0.0018454098608344793,0.00767386076040566
023,3MIDD_048,13,0.009505189023911953,0.005942549090832472,-0.0017813199665397406,0.007723869057372212
023,3MIDD_048,14,0.00949522852897644,0.006045644171535969,-0.0017247921787202358,0.007770436350256205
023,3MIDD_048,15,0.009492043405771255,0.006139862351119518,-0.0016760905273258686,0.007815952878445387
023,3MIDD_048,16,0.009493081830441952,0.006225166376680136,-0.001633957726880908,0.007859124103561044
023,3MIDD_048,17,0.009500747546553612,0.006302679888904095,-0.0015990338288247585,0.007901713717728853
023,3MIDD_048,18,0.009509590454399586,0.006372482515871525,-0.0015685539692640305,0.007941036485135555
023,3MIDD_048,19,0.009524681605398655,0.006435256917029619,-0.0015447123441845179,0.007979969261214137
023,3MIDD_048,20,0.009544209577143192,0.006492240354418755,-0.0015259846113622189,0.008018224965780973
023,3MIDD_048,21,0.00956764817237854,0.006543793249875307,-0.0015119274612516165,0.008055720711126924
023,3MIDD_048,22,0.009594433940947056,0.0065918173640966415,-0.0015013082884252071,0.008093125652521849
023,3MIDD_048,23,0.00962318666279316,0.006636433769017458,-0.0014933764468878508,0.008129810215905309
023,3MIDD_048,24,0.009651793166995049,0.006677782628685236,-0.0014870052691549063,0.008164787897840142
023,3MIDD_048,25,0.009679362177848816,0.00671626441180706,-0.0014815488830208778,0.008197813294827938
023,3MIDD_048,26,0.00970835704356432,0.006751372013241053,-0.0014784925151616335,0.008229864528402686
023,3MIDD_048,27,0.009737836197018623,0.0067835296504199505,-0.0014771532732993364,0.008260682923719287
023,3MIDD_048,28,0.00976778194308281,0.006811985746026039,-0.0014778980985283852,0.008289883844554424
023,3MIDD_048,29,0.00979755911976099,0.006836739368736744,-0.001480409875512123,0.008317149244248867
023,3MIDD_048,30,0.009827121160924435,0.006858914624899626,-0.0014841032680124044,0.00834301789291203
023,3MIDD_048,31,0.009856568649411201,0.006878586485981941,-0.0014889910817146301,0.008367577567696571
023,3MIDD_048,32,0.009885414503514767,0.006896254140883684,-0.0014945801813155413,0.008390834322199225
023,3MIDD_048,33,0.009913630783557892,0.006912227254360914,-0.0015007017645984888,0.008412929018959403
023,3MIDD_048,34,0.009940600022673607,0.00692664785310626,-0.0015069760847836733,0.008433623937889934
023,3MIDD_048,35,0.009967067278921604,0.006939642131328583,-0.0015137125737965107,0.008453354705125093
023,3MIDD_048,36,0.009992510080337524,0.0069513083435595036,-0.0015206008683890104,0.008471909211948514
023,3MIDD_048,37,0.010016711428761482,0.006961903069168329,-0.0015274041797965765,0.008489307248964906
023,3MIDD_048,38,0.01003965362906456,0.006971458904445171,-0.0015340973623096943,0.008505556266754866
023,3MIDD_048,39,0.010061820037662983,0.006980272941291332,-0.0015407735481858253,0.008521046489477158
023,3MIDD_048,40,0.010083343833684921,0.0069882748648524284,-0.0015475344844162464,0.008535809349268675
023,3MIDD_048,41,0.010104159824550152,0.006995579693466425,-0.0015542900655418634,0.008549869759008288
023,3MIDD_048,42,0.010124141350388527,0.007002463564276695,-0.0015608388930559158,0.008563302457332611
023,3MIDD_048,43,0.010142768733203411,0.007008756045252085,-0.0015670063439756632,0.008575762389227748
023,3MIDD_048,44,0.01016008947044611,0.007014536764472723,-0.0015727763529866934,0.008587313117459416
023,3MIDD_048,45,0.010176132433116436,0.007019848562777042,-0.0015781419351696968,0.00859799049794674
023,3MIDD_048,46,0.010191175155341625,0.007024654187262058,-0.0015832604840397835,0.008607914671301842
023,3MIDD_048,47,0.010205269791185856,0.007029613479971886,-0.001587828155606985,0.00861744163557887
023,3MIDD_048,48,0.010218331590294838,0.0070348079316318035,-0.0015917618293315172,0.00862656976096332
023,3MIDD_048,49,0.010230395942926407,0.007040443830192089,-0.0015949760563671589,0.008635419886559248
023,3MIDD_207,0,0.0106000155210495,0.020702164620161057,0.0050510745495557785,0.015651090070605278
023,3MIDD_207,1,0.010496317408978939,0.020662946626544,0.00508331460878253,0.015579632017761469
023,3MIDD_207,2,0.01047027949243784,0.02070368081331253,0.0051167006604373455,0.015586980152875185
023,3MIDD_207,3,0.009837279096245766,0.020837802439928055,0.0055002616718411446,0.01533754076808691
023,3MIDD_207,4,0.009109368547797203,0.020947564393281937,0.005919097922742367,0.01502846647053957
023,3MIDD_207,5,0.008694841526448727,0.020977945998311043,0.006141552235931158,0.014836393762379885
023,3MIDD_207,6,0.00848027877509594,0.020936109125614166,0.006227915175259113,0.014708193950355053
023,3MIDD_207,7,0.008349007926881313,0.02091231197118759,0.006281652022153139,0.014630659949034452
023,3MIDD_207,8,0.008251778781414032,0.020974045619368553,0.006361133418977261,0.014612912200391293
023,3MIDD_207,9,0.008160409517586231,0.02105743996798992,0.006448515225201845,0.014608924742788076
023,3MIDD_207,10,0.008042900823056698,0.021098488941788673,0.006527794059365988,0.014570694882422686
023,3MIDD_207,11,0.007896418683230877,0.02110919915139675,0.006606390234082937,0.014502808917313814
023,3MIDD_207,12,0.007771281525492668,0.021135665476322174,0.006682191975414753,0.014453473500907421
023,3MIDD_207,13,0.007700168062001467,0.0211985781788826,0.006749205058440566,0.014449373120442033
023,3MIDD_207,14,0.007671597879379988,0.021273214370012283,0.006800808245316148,0.014472406124696136
023,3MIDD_207,15,0.007654245942831039,0.021336553618311882,0.006841153837740421,0.01449539978057146
023,3MIDD_207,16,0.0076288520358502865,0.021385127678513527,0.00687813782133162,0.014506989857181907
023,3MIDD_207,17,0.007604511454701424,0.021433256566524506,0.006914372555911541,0.014518884010612965
023,3MIDD_207,18,0.007596755865961313,0.0214966032654047,0.006949923699721694,0.014546679565683007
023,3MIDD_207,19,0.007603137753903866,0.021570773795247078,0.006983818020671606,0.014586955774575472
023,3MIDD_207,20,0.0076162624172866344,0.021641356870532036,0.007012547226622701,0.014628809643909335
023,3MIDD_207,21,0.00763193191960454,0.021700553596019745,0.0070343108382076025,0.014666242757812142
023,3MIDD_207,22,0.007650227751582861,0.021752504631876945,0.007051138440147042,0.014701366191729903
023,3MIDD_207,23,0.007670876570045948,0.02180497720837593,0.007067050319164991,0.01473792688921094
023,3MIDD_207,24,0.007695705629885197,0.02186134085059166,0.007082817610353231,0.014778523240238428
023,3MIDD_207,25,0.0077245766296982765,0.02191837504506111,0.0070968992076814175,0.014821475837379694
023,3MIDD_207,26,0.0077545009553432465,0.021973054856061935,0.0071092769503593445,0.014863777905702591
023,3MIDD_207,27,0.007784619461745024,0.022021984681487083,0.00711868260987103,0.014903302071616054
023,3MIDD_207,28,0.007814258337020874,0.02206716500222683,0.007126453332602978,0.014940711669623852
023,3MIDD_207,29,0.007845086976885796,0.0221105869859457,0.007132750004529953,0.014977836981415749
023,3MIDD_207,30,0.007877817377448082,0.022151760756969452,0.007136971689760685,0.015014789067208767
023,3MIDD_207,31,0.007911663502454758,0.022189881652593613,0.0071391090750694275,0.015050772577524185
023,3MIDD_207,32,0.007945149205625057,0.022225618362426758,0.00714023457840085,0.015085383784025908
023,3MIDD_207,33,0.007978767156600952,0.022259842604398727,0.007140537723898888,0.01511930488049984
023,3MIDD_207,34,0.008013207465410233,0.02229277975857258,0.007139786146581173,0.015152993611991405
023,3MIDD_207,35,0.008048285730183125,0.02232462540268898,0.007138169836252928,0.015186455566436052
023,3MIDD_207,36,0.008082312531769276,0.022354809567332268,0.007136248517781496,0.015218561049550772
023,3MIDD_207,37,0.008114059455692768,0.02238323539495468,0.007134587969630957,0.015248647425323725
023,3MIDD_207,38,0.008143824525177479,0.022410329431295395,0.007133252453058958,0.015277076978236437
023,3MIDD_207,39,0.008172057569026947,0.022436311468482018,0.007132126949727535,0.015304184518754482
023,3MIDD_207,40,0.00819921400398016,0.022461187094449997,0.007130986545234919,0.015330200549215078
023,3MIDD_207,41,0.00822516344487667,0.022484391927719116,0.007129614241421223,0.015354777686297894
023,3MIDD_207,42,0.008249733597040176,0.022506173700094223,0.007128220051527023,0.0153779536485672
023,3MIDD_207,43,0.008272682316601276,0.022526850923895836,0.00712708430364728,0.015399766620248556
023,3MIDD_207,44,0.008293971419334412,0.0225465577095747,0.007126293145120144,0.015420264564454556
023,3MIDD_207,45,0.008313748985528946,0.022565439343452454,0.007125845178961754,0.0154395941644907
023,3MIDD_207,46,0.008332098834216595,0.02258334308862686,0.0071256221272051334,0.015457720961421728
023,3MIDD_207,47,0.008349448442459106,0.022599851712584496,0.0071252016350626945,0.015474650077521801
023,3MIDD_207,48,0.008365715853869915,0.02261522226035595,0.007124753203243017,0.015490469057112932
023,3MIDD_207,49,0.008380988612771034,0.022629879415035248,0.007124445401132107,0.015505434013903141
023,4MIDD_085_170,0,0.00811635609716177,0.007761345244944096,-0.00017750542610883713,0.007938850671052933
023,4MIDD_085_170,1,0.0079272435978055,0.007434212602674961,-0.00024651549756526947,0.0076807281002402306
023,4MIDD_085_170,2,0.007781960070133209,0.007152612786740065,-0.0003146736416965723,0.007467286428436637
023,4MIDD_085_170,3,0.007679753936827183,0.006916789337992668,-0.0003814822994172573,0.0072982716374099255
023,4MIDD_085_170,4,0.007604088168591261,0.006674494128674269,-0.0004647970199584961,0.007139291148632765
023,4MIDD_085_170,5,0.007538198493421078,0.006446561776101589,-0.0005458183586597443,0.0069923801347613335
023,4MIDD_085_170,6,0.007512533105909824,0.00628223130479455,-0.0006151509005576372,0.006897382205352187
023,4MIDD_085_170,7,0.007518473081290722,0.00617768382653594,-0.0006703946273773909,0.006848078453913331
023,4MIDD_085_170,8,0.007534326985478401,0.006099563557654619,-0.000717381713911891,0.00681694527156651
023,4MIDD_085_170,9,0.00754226790741086,0.006023405585438013,-0.0007594311609864235,0.006782836746424437
023,4MIDD_085_170,10,0.007535859476774931,0.005938894581049681,-0.0007984824478626251,0.006737377028912306
023,4MIDD_085_170,11,0.007527522277086973,0.005856234580278397,-0.0008356438484042883,0.006691878428682685
023,4MIDD_085_170,12,0.007531552575528622,0.00580077338963747,-0.0008653895929455757,0.006666162982583046
023,4MIDD_085_170,13,0.0075534312054514885,0.005765591282397509,-0.0008939199615269899,0.0066595112439244986
023,4MIDD_085_170,14,0.007578832097351551,0.005740669090300798,-0.0009190815035253763,0.006659750593826175
023,4MIDD_085_170,15,0.007603054400533438,0.005723239853978157,-0.0009399072732776403,0.006663147127255797
023,4MIDD_085_170,16,0.007625699508935213,0.005711556412279606,-0.0009570715483278036,0.0066686279606074095
023,4MIDD_085_170,17,0.007646069396287203,0.005706840194761753,-0.0009696146007627249,0.006676454795524478
023,4MIDD_085_170,18,0.007668788079172373,0.005710562691092491,-0.0009791126940399408,0.006689675385132432
023,4MIDD_085_170,19,0.007690895814448595,0.005717593710869551,-0.0009866510517895222,0.006704244762659073
023,4MIDD_085_170,20,0.007709857542067766,0.005725158378481865,-0.0009923495817929506,0.0067175079602748156
023,4MIDD_085_170,21,0.007726727984845638,0.005732922349125147,-0.0009969028178602457,0.006729825166985393
023,4MIDD_085_170,22,0.007740610279142857,0.005743032321333885,-0.0009987889789044857,0.006741821300238371
023,4MIDD_085_170,23,0.007752027828246355,0.005753946024924517,-0.0009990409016609192,0.006752986926585436
023,4MIDD_085_170,24,0.007763540837913752,0.005768406204879284,-0.0009975673165172338,0.006765973521396518
023,4MIDD_085_170,25,0.007776021957397461,0.00578735489398241,-0.0009943335317075253,0.006781688425689936
023,4MIDD_085_170,26,0.007788658607751131,0.005808211397379637,-0.0009902236051857471,0.006798435002565384
023,4MIDD_085_170,27,0.007800321560353041,0.0058290003798902035,-0.0009856605902314186,0.006814660970121622
023,4MIDD_085_170,28,0.007812330033630133,0.005848840810358524,-0.0009817446116358042,0.0068305854219943285
023,4MIDD_085_170,29,0.007826698943972588,0.005869145505130291,-0.0009787767194211483,0.006847922224551439
023,4MIDD_085_170,30,0.007843483239412308,0.005889107007533312,-0.000977188115939498,0.00686629512347281
023,4MIDD_085_170,31,0.007861013524234295,0.005908192601054907,-0.000976410461589694,0.006884603062644601
023,4MIDD_085_170,32,0.007878580130636692,0.005926904268562794,-0.0009758379310369492,0.006902742199599743
023,4MIDD_085_170,33,0.007896509021520615,0.005945845041424036,-0.0009753319900482893,0.006921177031472325
023,4MIDD_085_170,34,0.007915154099464417,0.005964659620076418,-0.0009752472396939993,0.006939906859770417
023,4MIDD_085_170,35,0.007933647371828556,0.0059828306548297405,-0.0009754083584994078,0.006958239013329148
023,4MIDD_085_170,36,0.007952461019158363,0.006000599358230829,-0.000975930830463767,0.006976530188694596
023,4MIDD_085_170,37,0.007971146143972874,0.006017776671797037,-0.0009766847360879183,0.006994461407884955
023,4MIDD_085_170,38,0.007989270612597466,0.006033767480403185,-0.0009777515660971403,0.007011519046500325
023,4MIDD_085_170,39,0.008006490767002106,0.006048315204679966,-0.0009790877811610699,0.007027402985841036
023,4MIDD_085_170,40,0.008022916503250599,0.00606171227991581,-0.0009806021116673946,0.007042314391583204
023,4MIDD_085_170,41,0.008038668893277645,0.006074310280382633,-0.000982179306447506,0.007056489586830139
023,4MIDD_085_170,42,0.008054060861468315,0.006085894536226988,-0.0009840831626206636,0.0070699776988476515
023,4MIDD_085_170,43,0.008068932220339775,0.006096511147916317,-0.000986210536211729,0.007082721684128046
023,4MIDD_085_170,44,0.008083146996796131,0.006106122396886349,-0.0009885122999548912,0.00709463469684124
023,4MIDD_085_170,45,0.008096875622868538,0.006114994641393423,-0.0009909404907375574,0.0071059351321309805
023,4MIDD_085_170,46,0.008110050112009048,0.006123247556388378,-0.0009934012778103352,0.007116648834198713
023,4MIDD_085_170,47,0.008122449740767479,0.00613066740334034,-0.0009958911687135696,0.007126558572053909
023,4MIDD_085_170,48,0.008134109899401665,0.0061372932977974415,-0.0009984083008021116,0.007135701598599553
023,4MIDD_085_170,49,0.008145114406943321,0.0061433943919837475,-0.0010008600074797869,0.007144254399463534
024,3MIDD_048,0,0.03720787540078163,-0.01115303486585617,-0.0241804551333189,0.01302742026746273
024,3MIDD_048,1,0.03705712407827377,-0.01100587286055088,-0.024031498469412327,0.013025625608861446
024,3MIDD_048,2,0.03699700906872749,-0.011354811489582062,-0.024175910279154778,0.012821098789572716
024,3MIDD_048,3,0.03722631558775902,-0.012125070206820965,-0.02467569289728999,0.012550622690469027
024,3MIDD_048,4,0.037526898086071014,-0.012885377742350101,-0.025206137914210558,0.012320760171860456
024,3MIDD_048,5,0.037601273506879807,-0.013537498190999031,-0.02556938584893942,0.012031887657940388
024,3MIDD_048,6,0.03746769577264786,-0.01406248938292265,-0.025765092577785254,0.011702603194862604
024,3MIDD_048,7,0.03733404725790024,-0.014512425288558006,-0.025923236273229122,0.011410810984671116
024,3MIDD_048,8,0.03730040043592453,-0.014972089789807796,-0.026136245112866163,0.011164155323058367
024,3MIDD_048,9,0.037319280207157135,-0.01540186908096075,-0.026360574644058943,0.010958705563098192
024,3MIDD_048,10,0.0372776985168457,-0.015772638842463493,-0.026525168679654598,0.010752529837191105
024,3MIDD_048,11,0.03717964142560959,-0.016089972108602524,-0.026634806767106056,0.010544834658503532
024,3MIDD_048,12,0.037045642733573914,-0.016356732696294785,-0.02670118771493435,0.010344455018639565
024,3MIDD_048,13,0.03689983859658241,-0.016571316868066788,-0.0267355777323246,0.010164260864257812
024,3MIDD_048,14,0.03676171600818634,-0.016739998012781143,-0.026750857010483742,0.010010858997702599
024,3MIDD_048,15,0.036617521196603775,-0.016877632588148117,-0.026747576892375946,0.009869944304227829
024,3MIDD_048,16,0.03645459562540054,-0.01699434220790863,-0.026724468916654587,0.009730126708745956
024,3MIDD_048,17,0.03627179190516472,-0.017086211591959,-0.02667900174856186,0.00959279015660286
024,3MIDD_048,18,0.03608034551143646,-0.017161546275019646,-0.026620945893228054,0.009459399618208408
024,3MIDD_048,19,0.0358976274728775,-0.01722850278019905,-0.026563065126538277,0.009334562346339226
024,3MIDD_048,20,0.03571782261133194,-0.017287882044911385,-0.026502852328121662,0.009214970283210278
024,3MIDD_048,21,0.03554939851164818,-0.017339596524834633,-0.026444497518241405,0.009104900993406773
024,3MIDD_048,22,0.035403646528720856,-0.01739126443862915,-0.026397455483675003,0.009006191045045853
024,3MIDD_048,23,0.035279735922813416,-0.01744541898369789,-0.026362577453255653,0.008917158469557762
024,3MIDD_048,24,0.03517233952879906,-0.017496488988399506,-0.02633441425859928,0.008837925270199776
024,3MIDD_048,25,0.035080622881650925,-0.01754707470536232,-0.026313848793506622,0.008766774088144302
024,3MIDD_048,26,0.03500249236822128,-0.017602182924747467,-0.026302337646484375,0.008700154721736908
024,3MIDD_048,27,0.034939829260110855,-0.01765744760632515,-0.026298638433218002,0.008641190826892853
024,3MIDD_048,28,0.03488944098353386,-0.017709391191601753,-0.026299416087567806,0.008590024895966053
024,3MIDD_048,29,0.0348457507789135,-0.01776007004082203,-0.026302910409867764,0.008542840369045734
024,3MIDD_048,30,0.0348045639693737,-0.01781434938311577,-0.026309456676244736,0.008495107293128967
024,3MIDD_048,31,0.03476725518703461,-0.017873002216219902,-0.026320128701627254,0.008447126485407352
024,3MIDD_048,32,0.03473379835486412,-0.017932062968611717,-0.02633293066173792,0.008400867693126202
024,3MIDD_048,33,0.03470355272293091,-0.017989233136177063,-0.026346392929553986,0.008357159793376923
024,3MIDD_048,34,0.034675296396017075,-0.018043819814920425,-0.02635955810546875,0.008315738290548325
024,3MIDD_048,35,0.03464782238006592,-0.0180976502597332,-0.02637273631989956,0.008275086060166359
024,3MIDD_048,36,0.034620266407728195,-0.018149977549910545,-0.02638512197881937,0.008235144428908825
024,3MIDD_048,37,0.034592386335134506,-0.018200386315584183,-0.026396386325359344,0.008196000009775162
024,3MIDD_048,38,0.034566015005111694,-0.018248647451400757,-0.026407331228256226,0.008158683776855469
024,3MIDD_048,39,0.03454158455133438,-0.018295325338840485,-0.026418454945087433,0.008123129606246948
024,3MIDD_048,40,0.03451874852180481,-0.018337810412049294,-0.02642827946692705,0.008090469054877758
024,3MIDD_048,41,0.0344974584877491,-0.018378624692559242,-0.02643804159015417,0.008059416897594929
024,3MIDD_048,42,0.034477945417165756,-0.018420012667775154,-0.026448979042470455,0.008028966374695301
024,3MIDD_048,43,0.034460220485925674,-0.018459999933838844,-0.02646011020988226,0.008000110276043415
024,3MIDD_048,44,0.034444548189640045,-0.018497008830308914,-0.02647077850997448,0.007973769679665565
024,3MIDD_048,45,0.034431133419275284,-0.018531009554862976,-0.02648107148706913,0.007950061932206154
024,3MIDD_048,46,0.03441992029547691,-0.01856273040175438,-0.026491325348615646,0.007928594946861267
024,3MIDD_048,47,0.0344105139374733,-0.018592506647109985,-0.02650151029229164,0.007909003645181656
024,3MIDD_048,48,0.03440290316939354,-0.01862153224647045,-0.026512217707931995,0.007890685461461544
024,3MIDD_048,49,0.03439708054065704,-0.01864955946803093,-0.026523320004343987,0.007873760536313057
024,3MIDD_207,0,0.022658782079815865,0.05810193717479706,0.017721577547490597,0.04038035962730646
024,3MIDD_207,1,0.02107669971883297,0.05926738679409027,0.01909534353762865,0.04017204325646162
024,3MIDD_207,2,0.019376883283257484,0.05968606472015381,0.020154590718448162,0.039531474001705647
024,3MIDD_207,3,0.01791226677596569,0.060111962258815765,0.021099847741425037,0.03901211451739073
024,3MIDD_207,4,0.01721799187362194,0.060493554919958115,0.021637781523168087,0.03885577339679003
024,3MIDD_207,5,0.017055155709385872,0.060805223882198334,0.02187503408640623,0.0389301897957921
024,3MIDD_207,6,0.016955383121967316,0.06091243028640747,0.021978523582220078,0.03893390670418739
024,3MIDD_207,7,0.016445141285657883,0.06098752096295357,0.022271189838647842,0.038716331124305725
024,3MIDD_207,8,0.015655359253287315,0.06086757779121399,0.022606109268963337,0.03826146852225065
024,3MIDD_207,9,0.015039470978081226,0.06067501753568649,0.022817773278802633,0.03785724425688386
024,3MIDD_207,10,0.01466951984912157,0.060545213520526886,0.022937846835702658,0.03760736668482423
024,3MIDD_207,11,0.014457638375461102,0.06052153930068016,0.02303195046260953,0.03748958883807063
024,3MIDD_207,12,0.014221747405827045,0.06047568470239639,0.023126968648284674,0.03734871605411172
024,3MIDD_207,13,0.013905556872487068,0.0603477880358696,0.023221115581691265,0.03712667245417833
024,3MIDD_207,14,0.013545196503400803,0.060168225318193436,0.023311514407396317,0.03685671091079712
024,3MIDD_207,15,0.013237238861620426,0.05999942123889923,0.023381091188639402,0.03661833005025983
024,3MIDD_207,16,0.013027871958911419,0.059852439910173416,0.023412283975631,0.03644015593454242
024,3MIDD_207,17,0.01288446132093668,0.059709060937166214,0.023412299808114767,0.03629676112905145
024,3MIDD_207,18,0.01276577077805996,0.0595562569797039,0.023395243100821972,0.03616101387888193
024,3MIDD_207,19,0.012640122324228287,0.05939221754670143,0.023376047611236572,0.03601616993546486
024,3MIDD_207,20,0.012504098005592823,0.05923287570476532,0.02336438884958625,0.03586848685517907
024,3MIDD_207,21,0.01238182932138443,0.059088774025440216,0.023353472352027893,0.03573530167341232
024,3MIDD_207,22,0.012288195081055164,0.05897432938218117,0.023343067150563,0.035631262231618166
024,3MIDD_207,23,0.012212510220706463,0.0588771291077137,0.023332309443503618,0.03554481966421008
024,3MIDD_207,24,0.012143523432314396,0.05877029895782471,0.023313387762755156,0.03545691119506955
024,3MIDD_207,25,0.012084179557859898,0.05865025892853737,0.023283039685338736,0.03536721924319863
024,3MIDD_207,26,0.0120360953733325,0.058543868362903595,0.023253886494785547,0.03528998186811805
024,3MIDD_207,27,0.011992637999355793,0.05846520885825157,0.02323628542944789,0.03522892342880368
024,3MIDD_207,28,0.011957917362451553,0.05840678513050079,0.02322443388402462,0.03518235124647617
024,3MIDD_207,29,0.011932739056646824,0.05834958702325821,0.023208423983305693,0.03514116303995252
024,3MIDD_207,30,0.01191330049186945,0.058285195380449295,0.023185947444289923,0.03509924793615937
024,3MIDD_207,31,0.01189651433378458,0.05821862444281578,0.0231610550545156,0.03505756938830018
024,3MIDD_207,32,0.011881444603204727,0.058162324130535126,0.0231404397636652,0.035021884366869926
024,3MIDD_207,33,0.011872559785842896,0.05812043696641922,0.023123938590288162,0.03499649837613106
024,3MIDD_207,34,0.01186642237007618,0.058085471391677856,0.02310952451080084,0.03497594688087702
024,3MIDD_207,35,0.011859938502311707,0.05805124342441559,0.02309565246105194,0.03495559096336365
024,3MIDD_207,36,0.011851959861814976,0.05801783502101898,0.023082937579602003,0.03493489744141698
024,3MIDD_207,37,0.011843405663967133,0.05798729881644249,0.02307194657623768,0.03491535224020481
024,3MIDD_207,38,0.01183339860290289,0.057960931211709976,0.023063766304403543,0.03489716490730643
024,3MIDD_207,39,0.0118224723264575,0.057937491685152054,0.023057509679347277,0.03487998200580478
024,3MIDD_207,40,0.011812836863100529,0.05791535601019859,0.023051259573549032,0.03486409643664956
024,3MIDD_207,41,0.011805353686213493,0.057895224541425705,0.023044935427606106,0.0348502891138196
024,3MIDD_207,42,0.011798644438385963,0.05787670612335205,0.023039030842483044,0.03483767528086901
024,3MIDD_207,43,0.011792762205004692,0.05786007270216942,0.023033655248582363,0.034826417453587055
024,3MIDD_207,44,0.011788886040449142,0.05784493312239647,0.023028023540973663,0.034816909581422806
024,3MIDD_207,45,0.01178735587745905,0.05783135071396828,0.023021997418254614,0.03480935329571366
024,3MIDD_207,46,0.011787384748458862,0.0578196719288826,0.02301614359021187,0.03480352833867073
024,3MIDD_207,47,0.011787774972617626,0.05780984088778496,0.023011032957583666,0.03479880793020129
024,3MIDD_207,48,0.011788572184741497,0.057801369577646255,0.02300639869645238,0.034794970881193876
024,3MIDD_207,49,0.011789895594120026,0.057794082909822464,0.02300209365785122,0.034791989251971245
024,4MIDD_085_170,0,0.011541667394340038,0.02513822726905346,0.0067982799373567104,0.01833994733169675
024,4MIDD_085_170,1,0.011314839124679565,0.024685679003596306,0.00668541993945837,0.018000259064137936
024,4MIDD_085_170,2,0.011078027077019215,0.024141352623701096,0.0065316627733409405,0.017609689850360155
024,4MIDD_085_170,3,0.010863388888537884,0.0238726157695055,0.0065046134404838085,0.017368002329021692
024,4MIDD_085_170,4,0.010870547033846378,0.023868069052696228,0.006498761009424925,0.017369308043271303
024,4MIDD_085_170,5,0.010941426269710064,0.023841483518481255,0.006450028624385595,0.01739145489409566
024,4MIDD_085_170,6,0.010986771434545517,0.023544663563370705,0.006278946064412594,0.01726571749895811
024,4MIDD_085_170,7,0.01098007895052433,0.02317395992577076,0.006096940487623215,0.017077019438147545
024,4MIDD_085_170,8,0.010940846987068653,0.022929398342967033,0.00599427567794919,0.016935122665017843
024,4MIDD_085_170,9,0.010888786055147648,0.02282564900815487,0.005968431476503611,0.01685721753165126
024,4MIDD_085_170,10,0.010824451223015785,0.02274184860289097,0.0059586986899375916,0.016783149912953377
024,4MIDD_085_170,11,0.010767783969640732,0.022631030529737473,0.00593162328004837,0.016699407249689102
024,4MIDD_085_170,12,0.010744026862084866,0.02250385843217373,0.005879915785044432,0.016623942647129297
024,4MIDD_085_170,13,0.010758318938314915,0.022400230169296265,0.005820955615490675,0.01657927455380559
024,4MIDD_085_170,14,0.010775209404528141,0.022315483540296555,0.005770137067884207,0.016545346472412348
024,4MIDD_085_170,15,0.010774888098239899,0.022245800122618675,0.005735456012189388,0.016510344110429287
024,4MIDD_085_170,16,0.010755950585007668,0.022178776562213898,0.005711412988603115,0.016467363573610783
024,4MIDD_085_170,17,0.010727929882705212,0.02210480347275734,0.005688436795026064,0.016416366677731276
024,4MIDD_085_170,18,0.010697747580707073,0.02202521450817585,0.005663733463734388,0.01636148104444146
024,4MIDD_085_170,19,0.010664920322597027,0.02194058708846569,0.005637833382934332,0.01630275370553136
024,4MIDD_085_170,20,0.010626088827848434,0.021855341270565987,0.005614626221358776,0.01624071504920721
024,4MIDD_085_170,21,0.010583748109638691,0.021764542907476425,0.005590397398918867,0.016174145508557558
024,4MIDD_085_170,22,0.010540631599724293,0.021671773865818977,0.005565571133047342,0.016106202732771635
024,4MIDD_085_170,23,0.01050108764320612,0.021583374589681625,0.005541143473237753,0.016042231116443872
024,4MIDD_085_170,24,0.010461334139108658,0.02150106430053711,0.005519865080714226,0.015981199219822884
024,4MIDD_085_170,25,0.010421264916658401,0.02142605185508728,0.005502393469214439,0.01592365838587284
024,4MIDD_085_170,26,0.010383530519902706,0.02135580964386463,0.005486139561980963,0.01586967008188367
024,4MIDD_085_170,27,0.010349075309932232,0.021292099729180336,0.005471512209624052,0.015820587519556284
024,4MIDD_085_170,28,0.010316954925656319,0.021234391257166862,0.005458718165755272,0.01577567309141159
024,4MIDD_085_170,29,0.010288498364388943,0.021183934062719345,0.005447717849165201,0.015736216213554144
024,4MIDD_085_170,30,0.01025920920073986,0.021133404225111008,0.005437097512185574,0.015696306712925434
024,4MIDD_085_170,31,0.010232372209429741,0.021082444116473198,0.0054250359535217285,0.01565740816295147
024,4MIDD_085_170,32,0.010209955275058746,0.021031808108091354,0.005410926416516304,0.01562088169157505
024,4MIDD_085_170,33,0.010188301093876362,0.020983578637242317,0.005397638771682978,0.01558593986555934
024,4MIDD_085_170,34,0.010173510760068893,0.02093752659857273,0.005382007919251919,0.015555518679320812
024,4MIDD_085_170,35,0.010164509527385235,0.02089480683207512,0.005365148652344942,0.015529658179730177
024,4MIDD_085_170,36,0.010156535543501377,0.020856108516454697,0.00534978648647666,0.015506322029978037
024,4MIDD_085_170,37,0.010145512409508228,0.020824449136853218,0.005339468363672495,0.015484980773180723
024,4MIDD_085_170,38,0.010132528841495514,0.020799344405531883,0.005333407782018185,0.015465936623513699
024,4MIDD_085_170,39,0.010123191401362419,0.020778531208634377,0.005327669903635979,0.015450861304998398
024,4MIDD_085_170,40,0.010116673074662685,0.020760565996170044,0.005321946460753679,0.015438619535416365
024,4MIDD_085_170,41,0.010110843926668167,0.020746394991874695,0.005317775532603264,0.015428619459271431
024,4MIDD_085_170,42,0.010105113498866558,0.020738497376441956,0.005316691938787699,0.015421805437654257
024,4MIDD_085_170,43,0.010099837556481361,0.020734885707497597,0.005317524075508118,0.015417361631989479
024,4MIDD_085_170,44,0.010094431228935719,0.02073344774544239,0.005319508258253336,0.015413939487189054
024,4MIDD_085_170,45,0.010088157840073109,0.020732734352350235,0.005322288256138563,0.015410446096211672
024,4MIDD_085_170,46,0.010081252083182335,0.020732877776026726,0.0053258128464221954,0.01540706492960453
024,4MIDD_085_170,47,0.010073384270071983,0.020734058693051338,0.005330337211489677,0.01540372148156166
024,4MIDD_085_170,48,0.010063394904136658,0.02073725499212742,0.00533693004399538,0.015400324948132038
024,4MIDD_085_170,49,0.010053102858364582,0.020741552114486694,0.005344224628061056,0.015397327486425638
025,3MIDD_048,0,-0.007270533125847578,0.011482437141239643,0.00937648513354361,0.0021059520076960325
025,3MIDD_048,1,-0.008101385086774826,0.010367022827267647,0.009234203957021236,0.0011328188702464104
025,3MIDD_048,2,-0.008350272662937641,0.009464873000979424,0.008907572831958532,0.0005573001690208912
025,3MIDD_048,3,-0.006135805509984493,0.009029981680214405,0.007582893595099449,0.001447088085114956
025,3MIDD_048,4,-0.003055754816159606,0.00855634268373251,0.005806048749946058,0.002750293933786452
025,3MIDD_048,5,-4.0635336517880205e-06,0.009414693340659142,0.004709378437155465,0.004705314903503677
025,3MIDD_048,6,0.0020789257250726223,0.010848905891180038,0.004384990083053708,0.00646391580812633
025,3MIDD_048,7,0.003231905633583665,0.012124422006309032,0.004446258186362684,0.007678163819946349
025,3MIDD_048,8,0.0037375292740762234,0.012989810667932034,0.004626140696927905,0.008363669971004128
025,3MIDD_048,9,0.004109302535653114,0.013550170697271824,0.004720434080809355,0.008829736616462469
025,3MIDD_048,10,0.004216818604618311,0.013909653760492802,0.004846417577937245,0.009063236182555556
025,3MIDD_048,11,0.004197712987661362,0.01408223807811737,0.0049422625452280045,0.009139975532889366
025,3MIDD_048,12,0.003992879763245583,0.014289514161646366,0.005148317199200392,0.009141196962445974
025,3MIDD_048,13,0.00384034332819283,0.014505283907055855,0.005332470289431512,0.009172813617624342
025,3MIDD_048,14,0.003937484696507454,0.014630715362727642,0.005346615333110094,0.009284100029617548
025,3MIDD_048,15,0.004243368282914162,0.014816273003816605,0.0052864523604512215,0.009529820643365383
025,3MIDD_048,16,0.004617796745151281,0.015087652020156384,0.005234927637502551,0.009852724382653832
025,3MIDD_048,17,0.004882683511823416,0.015306917950510979,0.0052121172193437815,0.010094800731167197
025,3MIDD_048,18,0.005060887895524502,0.015428341925144196,0.005183727014809847,0.010244614910334349
025,3MIDD_048,19,0.0053315297700464725,0.015519917942583561,0.005094194086268544,0.010425723856315017
025,3MIDD_048,20,0.005696998443454504,0.01569981873035431,0.0050014101434499025,0.010698408586904407
025,3MIDD_048,21,0.006136332638561726,0.015928126871585846,0.00489589711651206,0.011032229755073786
025,3MIDD_048,22,0.006485908292233944,0.016240788623690605,0.004877440165728331,0.011363348457962275
025,3MIDD_048,23,0.0065779974684119225,0.016634274274110794,0.005028138402849436,0.011606135871261358
025,3MIDD_048,24,0.006478691473603249,0.016923554241657257,0.005222431384027004,0.011701122857630253
025,3MIDD_048,25,0.006299300119280815,0.017248667776584625,0.005474683828651905,0.01177398394793272
025,3MIDD_048,26,0.006152814254164696,0.01760338805615902,0.005725286900997162,0.011878101155161858
025,3MIDD_048,27,0.006129492539912462,0.018179891631007195,0.006025199545547366,0.012154692085459828
025,3MIDD_048,28,0.006283648777753115,0.018825503066182137,0.006270927144214511,0.012554575921967626
025,3MIDD_048,29,0.006480702199041843,0.01932918280363083,0.006424240302294493,0.012904942501336336
025,3MIDD_048,30,0.006625601556152105,0.01966392807662487,0.0065191632602363825,0.013144764816388488
025,3MIDD_048,31,0.006773070897907019,0.019745437428355217,0.006486183265224099,0.013259254163131118
025,3MIDD_048,32,0.0069358437322080135,0.01976056583225727,0.006412361050024629,0.013348204782232642
025,3MIDD_048,33,0.007186272647231817,0.019841136410832405,0.006327431881800294,0.013513704529032111
025,3MIDD_048,34,0.007476191036403179,0.020118683576583862,0.006321246270090342,0.01379743730649352
025,3MIDD_048,35,0.0077232192270457745,0.020440153777599335,0.00635846727527678,0.014081686502322555
025,3MIDD_048,36,0.007981376722455025,0.020742470398545265,0.00638054683804512,0.014361923560500145
025,3MIDD_048,37,0.008246143348515034,0.021004054695367813,0.00637895567342639,0.014625099021941423
025,3MIDD_048,38,0.008585398085415363,0.021282384172081947,0.006348493043333292,0.014933891128748655
025,3MIDD_048,39,0.008934487588703632,0.021492227911949158,0.006278870161622763,0.015213357750326395
025,3MIDD_048,40,0.009239866398274899,0.021666035056114197,0.006213084328919649,0.015452950727194548
025,3MIDD_048,41,0.009474273771047592,0.02180364727973938,0.006164686754345894,0.015638960525393486
025,3MIDD_048,42,0.009650376625359058,0.021882230415940285,0.006115926895290613,0.01576630352064967
025,3MIDD_048,43,0.009775001555681229,0.021962393075227737,0.006093695759773254,0.015868697315454483
025,3MIDD_048,44,0.009895767085254192,0.022058013826608658,0.006081123370677233,0.015976890455931425
025,3MIDD_048,45,0.010029058903455734,0.022184548899531364,0.006077744998037815,0.01610680390149355
025,3MIDD_048,46,0.010170438326895237,0.022312402725219727,0.006070982199162245,0.016241420526057482
025,3MIDD_048,47,0.010314985178411007,0.022438539192080498,0.006061777006834745,0.016376762185245752
025,3MIDD_048,48,0.010446586646139622,0.02256278321146965,0.006058098282665014,0.016504684928804636
025,3MIDD_048,49,0.010568581521511078,0.02268028073012829,0.006055849604308605,0.016624431125819683
025,3MIDD_207,0,-0.011412258259952068,-0.019183602184057236,-0.0038856719620525837,-0.015297930222004652
025,3MIDD_207,1,-0.010850577615201473,-0.020015351474285126,-0.004582386929541826,-0.0154329645447433
025,3MIDD_207,2,-0.009948370046913624,-0.019545262679457664,-0.00479844631627202,-0.014746816363185644
025,3MIDD_207,3,-0.009751828387379646,-0.014848279766738415,-0.0025482256896793842,-0.01230005407705903
025,3MIDD_207,4,-0.008560866117477417,-0.011028624139726162,-0.0012338790111243725,-0.00979474512860179
025,3MIDD_207,5,-0.007187322247773409,-0.00921890139579773,-0.0010157895740121603,-0.00820311182178557
025,3MIDD_207,6,-0.00610562227666378,-0.0087234266102314,-0.0013089021667838097,-0.00741452444344759
025,3MIDD_207,7,-0.005236081313341856,-0.008440069854259491,-0.0016019942704588175,-0.0068380755838006735
025,3MIDD_207,8,-0.004641272127628326,-0.008042133413255215,-0.0017004306428134441,-0.0063417027704417706
025,3MIDD_207,9,-0.004140925128012896,-0.007454393897205591,-0.0016567343845963478,-0.005797659512609243
025,3MIDD_207,10,-0.003569722408428788,-0.006839231587946415,-0.0016347545897588134,-0.0052044769981876016
025,3MIDD_207,11,-0.0031951095443218946,-0.006116607692092657,-0.0014607490738853812,-0.004655858618207276
025,3MIDD_207,12,-0.002898256527259946,-0.005528443958610296,-0.0013150937156751752,-0.004213350242935121
025,3MIDD_207,13,-0.002550058765336871,-0.004986247047781944,-0.0012180941412225366,-0.0037681529065594077
025,3MIDD_207,14,-0.002253747545182705,-0.004454415757209063,-0.0011003341060131788,-0.0033540816511958838
025,3MIDD_207,15,-0.0019588975701481104,-0.004002608824521303,-0.0010218556271865964,-0.002980753197334707
025,3MIDD_207,16,-0.0017168116755783558,-0.003689537523314357,-0.0009863629238680005,-0.0027031745994463563
025,3MIDD_207,17,-0.0014878928195685148,-0.003468438284471631,-0.0009902727324515581,-0.002478165552020073
025,3MIDD_207,18,-0.0013280533021315932,-0.0033148196525871754,-0.000993383175227791,-0.0023214364773593843
025,3MIDD_207,19,-0.0012904583709314466,-0.0031667822040617466,-0.00093816191656515,-0.0022286202874965966
025,3MIDD_207,20,-0.001318893046118319,-0.0030358359217643738,-0.0008584714378230274,-0.0021773644839413464
025,3MIDD_207,21,-0.0013599987141788006,-0.002955100266262889,-0.0007975507760420442,-0.0021575494902208447
025,3MIDD_207,22,-0.0013194241328164935,-0.0029219570569694042,-0.0008012664620764554,-0.002120690594892949
025,3MIDD_207,23,-0.0012486159102991223,-0.0028997089248150587,-0.0008255465072579682,-0.0020741624175570905
025,3MIDD_207,24,-0.0011631575180217624,-0.0028914448339492083,-0.0008641436579637229,-0.0020273011759854853
025,3MIDD_207,25,-0.001077274326235056,-0.0029282085597515106,-0.0009254671167582273,-0.0020027414429932833
025,3MIDD_207,26,-0.001023001503199339,-0.0030344726983457804,-0.0010057355975732207,-0.0020287371007725596
025,3MIDD_207,27,-0.0010494956513866782,-0.0031629500444978476,-0.0010567271965555847,-0.002106222847942263
025,3MIDD_207,28,-0.0011374496389180422,-0.003281350713223219,-0.0010719505371525884,-0.0022094001760706306
025,3MIDD_207,29,-0.0012067154748365283,-0.0033744589891284704,-0.001083871757145971,-0.0022905872319824994
025,3MIDD_207,30,-0.001246037078090012,-0.0034248684532940388,-0.0010894156876020133,-0.0023354527656920254
025,3MIDD_207,31,-0.0012626895913854241,-0.0034397118724882603,-0.001088511140551418,-0.002351200731936842
025,3MIDD_207,32,-0.0012991530820727348,-0.0034358156844973564,-0.0010683313012123108,-0.0023674843832850456
025,3MIDD_207,33,-0.0013941662618890405,-0.003412962658330798,-0.0010093981982208788,-0.0024035644601099193
025,3MIDD_207,34,-0.0014967896277084947,-0.0033726971596479416,-0.0009379537659697235,-0.002434743393678218
025,3MIDD_207,35,-0.0015874167438596487,-0.0033277077600359917,-0.0008701455080881715,-0.00245756225194782
025,3MIDD_207,36,-0.0016463069478049874,-0.0032868555281311274,-0.00082027429016307,-0.0024665812379680574
025,3MIDD_207,37,-0.0016974166501313448,-0.003253885544836521,-0.0007782344473525882,-0.002475651097483933
025,3MIDD_207,38,-0.001749228104017675,-0.0032284294720739126,-0.0007396006840281188,-0.0024888287880457938
025,3MIDD_207,39,-0.0018113087862730026,-0.0031972716096788645,-0.0006929814117029309,-0.0025042901979759336
025,3MIDD_207,40,-0.0018775046337395906,-0.0031570715364068747,-0.000639783451333642,-0.0025172880850732327
025,3MIDD_207,41,-0.0019343916792422533,-0.0031222237739712,-0.0005939160473644733,-0.0025283077266067266
025,3MIDD_207,42,-0.001978069543838501,-0.0030791943427175283,-0.0005505623994395137,-0.0025286319432780147
025,3MIDD_207,43,-0.0020167059265077114,-0.0030386820435523987,-0.0005109880585223436,-0.002527693985030055
025,3MIDD_207,44,-0.002053062431514263,-0.0030087167397141457,-0.00047782715409994125,-0.0025308895856142044
025,3MIDD_207,45,-0.0020865004044026136,-0.00297916354611516,-0.0004463315708562732,-0.002532831975258887
025,3MIDD_207,46,-0.002113817725330591,-0.002948008244857192,-0.0004170952597633004,-0.0025309129850938916
025,3MIDD_207,47,-0.0021333242766559124,-0.002923457883298397,-0.00039506680332124233,-0.0025283910799771547
025,3MIDD_207,48,-0.0021487842313945293,-0.0029043720569461584,-0.00037779391277581453,-0.002526578144170344
025,3MIDD_207,49,-0.002160511678084731,-0.0028885516803711653,-0.0003640200011432171,-0.002524531679227948
025,4MIDD_085_170,0,0.0050507341511547565,-0.012353033758699894,-0.008701883954927325,-0.0036511498037725687
025,4MIDD_085_170,1,0.005056257825344801,-0.01321796141564846,-0.00913710962049663,-0.00408085179515183
025,4MIDD_085_170,2,0.0046270363964140415,-0.013256550766527653,-0.008941793581470847,-0.004314757185056806
025,4MIDD_085_170,3,0.003628950100392103,-0.011122035793960094,-0.007375492947176099,-0.0037465428467839956
025,4MIDD_085_170,4,0.003489298280328512,-0.008517964743077755,-0.006003631511703134,-0.0025143332313746214
025,4MIDD_085_170,5,0.004161132499575615,-0.006343937944620848,-0.005252535222098231,-0.0010914027225226164
025,4MIDD_085_170,6,0.00485621253028512,-0.004485016688704491,-0.004670614609494805,0.00018559792079031467
025,4MIDD_085_170,7,0.005006276536732912,-0.002924965927377343,-0.003965621232055128,0.0010406553046777844
025,4MIDD_085_170,8,0.004901849664747715,-0.0016810651868581772,-0.003291457425802946,0.001610392238944769
025,4MIDD_085_170,9,0.004576523322612047,-0.000759837799705565,-0.002668180561158806,0.0019083427614532411
025,4MIDD_085_170,10,0.004106555134057999,-0.00020531981135718524,-0.002155937472707592,0.0019506176613504067
025,4MIDD_085_170,11,0.0036665259394794703,0.00024012064386624843,-0.001713202647806611,0.0019533232916728593
025,4MIDD_085_170,12,0.003306805156171322,0.0006562808412127197,-0.001325262157479301,0.0019815429986920208
025,4MIDD_085_170,13,0.0031107524409890175,0.001041910843923688,-0.0010344207985326648,0.0020763316424563527
025,4MIDD_085_170,14,0.0029128482565283775,0.0015258223284035921,-0.0006935129640623927,0.002219335292465985
025,4MIDD_085_170,15,0.0027782395482063293,0.0019847776275128126,-0.00039673096034675837,0.002381508587859571
025,4MIDD_085_170,16,0.0027175419963896275,0.002351881703361869,-0.0001828301465138793,0.002534711849875748
025,4MIDD_085_170,17,0.002656270284205675,0.0026710317470133305,7.380731403827667e-06,0.002663651015609503
025,4MIDD_085_170,18,0.00264377286657691,0.002915981225669384,0.000136104179546237,0.002779877046123147
025,4MIDD_085_170,19,0.0027614450082182884,0.0032117601949721575,0.00022515759337693453,0.002986602601595223
025,4MIDD_085_170,20,0.002930372254922986,0.0035936918575316668,0.00033165980130434036,0.0032620320562273264
025,4MIDD_085_170,21,0.003206283785402775,0.0038873665034770966,0.0003405413590371609,0.0035468251444399357
025,4MIDD_085_170,22,0.003541959449648857,0.004053552635014057,0.0002557965926826,0.003797756042331457
025,4MIDD_085_170,23,0.0038588538300246,0.004091102164238691,0.00011612416710704565,0.003974977997131646
025,4MIDD_085_170,24,0.004159188363701105,0.004018080420792103,-7.055397145450115e-05,0.004088634392246604
025,4MIDD_085_170,25,0.0043611349537968636,0.003931678831577301,-0.00021472806110978127,0.004146406892687082
025,4MIDD_085_170,26,0.004487700294703245,0.003831246169283986,-0.00032822706270962954,0.004159473231993616
025,4MIDD_085_170,27,0.004632570780813694,0.003751609241589904,-0.0004404807696118951,0.004192090011201799
025,4MIDD_085_170,28,0.004788520280271769,0.00365329603664577,-0.0005676121218129992,0.004220908158458769
025,4MIDD_085_170,29,0.004899690393358469,0.0035154649522155523,-0.0006921127205714583,0.004207577672787011
025,4MIDD_085_170,30,0.005025413352996111,0.003353328909724951,-0.0008360422216355801,0.004189371131360531
025,4MIDD_085_170,31,0.005058960523456335,0.003190974472090602,-0.0009339930256828666,0.0041249674977734685
025,4MIDD_085_170,32,0.004987034946680069,0.003097591456025839,-0.0009447217453271151,0.004042313201352954
025,4MIDD_085_170,33,0.004946458153426647,0.0030855820514261723,-0.0009304380510002375,0.00401602010242641
025,4MIDD_085_170,34,0.004980404395610094,0.003088455880060792,-0.000945974257774651,0.004034430137835443
025,4MIDD_085_170,35,0.005050715059041977,0.0030836123041808605,-0.0009835513774305582,0.004067163681611419
025,4MIDD_085_170,36,0.005121927708387375,0.0030705423559993505,-0.0010256926761940122,0.004096235032193363
025,4MIDD_085_170,37,0.005201596766710281,0.0030633918941020966,-0.0010691024363040924,0.004132494330406189
025,4MIDD_085_170,38,0.005223644431680441,0.0030562053434550762,-0.0010837195441126823,0.0041399248875677586
025,4MIDD_085_170,39,0.005213553551584482,0.0030599532183259726,-0.0010768001666292548,0.004136753384955227
025,4MIDD_085_170,40,0.005251608323305845,0.003082485171034932,-0.0010845615761354566,0.004167046747170389
025,4MIDD_085_170,41,0.005303601268678904,0.003120590467005968,-0.0010915054008364677,0.004212095867842436
025,4MIDD_085_170,42,0.005349460057914257,0.003165846923366189,-0.001091806567274034,0.004257653490640223
025,4MIDD_085_170,43,0.0053982860408723354,0.0032197008840739727,-0.0010892925783991814,0.004308993462473154
025,4MIDD_085_170,44,0.005472005810588598,0.0032623729202896357,-0.0011048164451494813,0.004367189365439117
025,4MIDD_085_170,45,0.005539034027606249,0.003286292077973485,-0.001126370974816382,0.004412663052789867
025,4MIDD_085_170,46,0.005605530925095081,0.003308431478217244,-0.0011485497234389186,0.004456981201656163
025,4MIDD_085_170,47,0.005691534839570522,0.00332379131577909,-0.0011838717618957162,0.004507663077674806
025,4MIDD_085_170,48,0.0057882578112185,0.0033355667255818844,-0.0012263455428183079,0.004561912268400192
025,4MIDD_085_170,49,0.0058737448416650295,0.0033428939059376717,-0.001265425467863679,0.004608319373801351
026,3MIDD_048,0,-0.017763523384928703,-0.022544177249073982,-0.0023903269320726395,-0.020153850317001343
026,3MIDD_048,1,-0.017946353182196617,-0.022101156413555145,-0.002077401615679264,-0.02002375479787588
026,3MIDD_048,2,-0.0172730702906847,-0.02211724780499935,-0.0024220887571573257,-0.019695159047842026
026,3MIDD_048,3,-0.016755204647779465,-0.022361326962709427,-0.002803061157464981,-0.019558265805244446
026,3MIDD_048,4,-0.016636768355965614,-0.022582704201340675,-0.0029729679226875305,-0.019609736278653145
026,3MIDD_048,5,-0.016625436022877693,-0.02252313680946827,-0.002948850393295288,-0.01957428641617298
026,3MIDD_048,6,-0.016659239307045937,-0.022380778566002846,-0.0028607696294784546,-0.01952000893652439
026,3MIDD_048,7,-0.016599465161561966,-0.022241441532969475,-0.0028209881857037544,-0.01942045334726572
026,3MIDD_048,8,-0.016438066959381104,-0.021970082074403763,-0.0027660075575113297,-0.019204074516892433
026,3MIDD_048,9,-0.016154147684574127,-0.021707898005843163,-0.0027768751606345177,-0.018931022845208645
026,3MIDD_048,10,-0.015813689678907394,-0.02153690904378891,-0.0028616096824407578,-0.018675299361348152
026,3MIDD_048,11,-0.01548724714666605,-0.021413646638393402,-0.002963199745863676,-0.018450446892529726
026,3MIDD_048,12,-0.015188670717179775,-0.021311011165380478,-0.0030611702241003513,-0.018249840941280127
026,3MIDD_048,13,-0.014916962012648582,-0.02121546119451523,-0.003149249590933323,-0.018066211603581905
026,3MIDD_048,14,-0.014679063111543655,-0.021115131676197052,-0.0032180342823266983,-0.017897097393870354
026,3MIDD_048,15,-0.014462392777204514,-0.021011879667639732,-0.0032747434452176094,-0.017737136222422123
026,3MIDD_048,16,-0.01427482906728983,-0.02091195061802864,-0.0033185607753694057,-0.017593389842659235
026,3MIDD_048,17,-0.014093000441789627,-0.020802520215511322,-0.0033547598868608475,-0.017447760328650475
026,3MIDD_048,18,-0.013914508745074272,-0.020696165040135384,-0.0033908281475305557,-0.017305336892604828
026,3MIDD_048,19,-0.013751281425356865,-0.020593980327248573,-0.003421349450945854,-0.01717263087630272
026,3MIDD_048,20,-0.0136048449203372,-0.02050044760107994,-0.0034478013403713703,-0.01705264626070857
026,3MIDD_048,21,-0.013482830487191677,-0.020407982170581818,-0.0034625758416950703,-0.016945406328886747
026,3MIDD_048,22,-0.013379495590925217,-0.020312728360295296,-0.0034666163846850395,-0.016846111975610256
026,3MIDD_048,23,-0.013292891904711723,-0.02022581920027733,-0.0034664636477828026,-0.016759355552494526
026,3MIDD_048,24,-0.01321212574839592,-0.02014753594994545,-0.003467705100774765,-0.016679830849170685
026,3MIDD_048,25,-0.013137615285813808,-0.02007669396698475,-0.00346953934058547,-0.01660715462639928
026,3MIDD_048,26,-0.013078979216516018,-0.020015181973576546,-0.003468101378530264,-0.016547080595046282
026,3MIDD_048,27,-0.013035835698246956,-0.019960777834057808,-0.003462471067905426,-0.016498306766152382
026,3MIDD_048,28,-0.013002892956137657,-0.01991099864244461,-0.0034540528431534767,-0.016456945799291134
026,3MIDD_048,29,-0.0129764499142766,-0.019862299785017967,-0.0034429249353706837,-0.016419374849647284
026,3MIDD_048,30,-0.012953372672200203,-0.019816774874925613,-0.0034317011013627052,-0.016385073773562908
026,3MIDD_048,31,-0.012933868914842606,-0.019777605310082436,-0.003421868197619915,-0.01635573711246252
026,3MIDD_048,32,-0.012919037602841854,-0.019744766876101494,-0.00341286463662982,-0.016331902239471674
026,3MIDD_048,33,-0.012910357676446438,-0.019717317074537277,-0.0034034796990454197,-0.016313837375491858
026,3MIDD_048,34,-0.012903383001685143,-0.019694102928042412,-0.0033953599631786346,-0.016298742964863777
026,3MIDD_048,35,-0.012896724045276642,-0.019673490896821022,-0.00338838342577219,-0.016285107471048832
026,3MIDD_048,36,-0.01289012748748064,-0.019655626267194748,-0.0033827493898570538,-0.016272876877337694
026,3MIDD_048,37,-0.012884123250842094,-0.019640590995550156,-0.0033782338723540306,-0.016262357123196125
026,3MIDD_048,38,-0.012878666631877422,-0.01962745562195778,-0.0033743944950401783,-0.0162530611269176
026,3MIDD_048,39,-0.01287327241152525,-0.019615663215517998,-0.003371195401996374,-0.016244467813521624
026,3MIDD_048,40,-0.01286783441901207,-0.01960473693907261,-0.0033684512600302696,-0.01623628567904234
026,3MIDD_048,41,-0.01286245509982109,-0.01959475874900818,-0.003366151824593544,-0.016228606924414635
026,3MIDD_048,42,-0.012858019210398197,-0.019586248323321342,-0.0033641145564615726,-0.01622213376685977
026,3MIDD_048,43,-0.012854711152613163,-0.019578812643885612,-0.0033620507456362247,-0.016216761898249388
026,3MIDD_048,44,-0.012851818464696407,-0.019573528319597244,-0.0033608549274504185,-0.016212673392146826
026,3MIDD_048,45,-0.01284918561577797,-0.01956924982368946,-0.0033600321039557457,-0.016209217719733715
026,3MIDD_048,46,-0.012846448458731174,-0.01956583373248577,-0.0033596926368772984,-0.016206141095608473
026,3MIDD_048,47,-0.012844039127230644,-0.019563164561986923,-0.0033595627173781395,-0.016203601844608784
026,3MIDD_048,48,-0.012842044234275818,-0.019561031833291054,-0.003359493799507618,-0.016201538033783436
026,3MIDD_048,49,-0.01284156646579504,-0.019559139385819435,-0.0033587864600121975,-0.016200352925807238
026,3MIDD_207,0,-0.026188181713223457,-0.009809213690459728,0.008189484011381865,-0.017998697701841593
026,3MIDD_207,1,-0.026350418105721474,-0.009147899225354195,0.00860125944018364,-0.017749158665537834
026,3MIDD_207,2,-0.026026591658592224,-0.008085467852652073,0.008970561902970076,-0.01705602975562215
026,3MIDD_207,3,-0.025892410427331924,-0.007493422366678715,0.009199494030326605,-0.01669291639700532
026,3MIDD_207,4,-0.026035521179437637,-0.007389151956886053,0.009323184611275792,-0.016712336568161845
026,3MIDD_207,5,-0.025908639654517174,-0.007341781165450811,0.009283429244533181,-0.016625210409983993
026,3MIDD_207,6,-0.025737740099430084,-0.007512865122407675,0.009112437488511205,-0.01662530261091888
026,3MIDD_207,7,-0.02574329264461994,-0.007788119837641716,0.008977586403489113,-0.01676570624113083
026,3MIDD_207,8,-0.02570124715566635,-0.007840034551918507,0.008930606301873922,-0.01677064085379243
026,3MIDD_207,9,-0.025722172111272812,-0.007835504598915577,0.008943333756178617,-0.016778838355094194
026,3MIDD_207,10,-0.025951765477657318,-0.007978159002959728,0.008986803237348795,-0.016964962240308523
026,3MIDD_207,11,-0.026202237233519554,-0.008229872211813927,0.008986182510852814,-0.01721605472266674
026,3MIDD_207,12,-0.026372691616415977,-0.008501709438860416,0.00893549108877778,-0.017437200527638197
026,3MIDD_207,13,-0.026456991210579872,-0.008734181523323059,0.008861404843628407,-0.017595586366951466
026,3MIDD_207,14,-0.026450829580426216,-0.008892676793038845,0.008779076393693686,-0.01767175318673253
026,3MIDD_207,15,-0.026423126459121704,-0.008983572944998741,0.008719776757061481,-0.017703349702060223
026,3MIDD_207,16,-0.026428861543536186,-0.00907089002430439,0.008678985759615898,-0.017749875783920288
026,3MIDD_207,17,-0.026443978771567345,-0.009170414879918098,0.008636781945824623,-0.01780719682574272
026,3MIDD_207,18,-0.026439890265464783,-0.009256771765649319,0.008591559249907732,-0.01784833101555705
026,3MIDD_207,19,-0.026423785835504532,-0.00932544656097889,0.008549169637262821,-0.01787461619824171
026,3MIDD_207,20,-0.026386627927422523,-0.009378488175570965,0.00850406987592578,-0.017882558051496744
026,3MIDD_207,21,-0.02631574682891369,-0.009410733357071877,0.008452506735920906,-0.017863240092992783
026,3MIDD_207,22,-0.026234935969114304,-0.009422088041901588,0.008406423963606358,-0.017828512005507946
026,3MIDD_207,23,-0.026165014132857323,-0.009422902017831802,0.00837105605751276,-0.017793958075344563
026,3MIDD_207,24,-0.02609924040734768,-0.009418243542313576,0.008340498432517052,-0.017758741974830627
026,3MIDD_207,25,-0.02603360451757908,-0.009413818828761578,0.00830989284440875,-0.017723711673170328
026,3MIDD_207,26,-0.02597046084702015,-0.00941024161875248,0.008280109614133835,-0.017690351232886314
026,3MIDD_207,27,-0.02590244449675083,-0.009399994276463985,0.008251225110143423,-0.01765121938660741
026,3MIDD_207,28,-0.025829076766967773,-0.009382513351738453,0.00822328170761466,-0.017605795059353113
026,3MIDD_207,29,-0.025756562128663063,-0.00936142262071371,0.008197569753974676,-0.017558992374688387
026,3MIDD_207,30,-0.02569129690527916,-0.009337395429611206,0.008176950737833977,-0.017514346167445183
026,3MIDD_207,31,-0.025630518794059753,-0.009312504902482033,0.00815900694578886,-0.017471511848270893
026,3MIDD_207,32,-0.02557484246790409,-0.009290182963013649,0.008142329752445221,-0.01743251271545887
026,3MIDD_207,33,-0.025522751733660698,-0.00926892552524805,0.008126913104206324,-0.017395838629454374
026,3MIDD_207,34,-0.0254704300314188,-0.009248263202607632,0.008111083414405584,-0.017359346617013216
026,3MIDD_207,35,-0.02542048878967762,-0.00922907143831253,0.008095708675682545,-0.017324780113995075
026,3MIDD_207,36,-0.02537459507584572,-0.009209280833601952,0.008082657121121883,-0.017291937954723835
026,3MIDD_207,37,-0.025332210585474968,-0.00918859988451004,0.008071805350482464,-0.017260405234992504
026,3MIDD_207,38,-0.025292420759797096,-0.009168528951704502,0.008061945904046297,-0.0172304748557508
026,3MIDD_207,39,-0.025255853310227394,-0.00915032159537077,0.008052765857428312,-0.017203087452799082
026,3MIDD_207,40,-0.02522282674908638,-0.009133645333349705,0.008044590707868338,-0.017178236041218042
026,3MIDD_207,41,-0.025192927569150925,-0.009118190035223961,0.008037368766963482,-0.017155558802187443
026,3MIDD_207,42,-0.025166355073451996,-0.009103591553866863,0.008031381759792566,-0.01713497331365943
026,3MIDD_207,43,-0.02514106035232544,-0.009088978171348572,0.008026041090488434,-0.017115019261837006
026,3MIDD_207,44,-0.0251162126660347,-0.009075039997696877,0.008020586334168911,-0.017095626331865788
026,3MIDD_207,45,-0.025093266740441322,-0.009062191471457481,0.00801553763449192,-0.017077729105949402
026,3MIDD_207,46,-0.02507292851805687,-0.009050491265952587,0.008011218626052141,-0.01706170989200473
026,3MIDD_207,47,-0.02505517192184925,-0.00903923436999321,0.00800796877592802,-0.01704720314592123
026,3MIDD_207,48,-0.02503998763859272,-0.009028879925608635,0.008005553856492043,-0.017034433782100677
026,3MIDD_207,49,-0.0250258706510067,-0.00901952013373375,0.008003175258636475,-0.017022695392370224
026,4MIDD_085_170,0,-0.017471706494688988,-0.013972047716379166,0.001749829389154911,-0.015721877105534077
026,4MIDD_085_170,1,-0.018024800345301628,-0.013668128289282322,0.002178336028009653,-0.015846464317291975
026,4MIDD_085_170,2,-0.018345249816775322,-0.013651123270392418,0.002347063273191452,-0.01599818654358387
026,4MIDD_085_170,3,-0.018601825460791588,-0.01383204571902752,0.0023848898708820343,-0.016216935589909554
026,4MIDD_085_170,4,-0.018939465284347534,-0.014240209013223648,0.002349628135561943,-0.01658983714878559
026,4MIDD_085_170,5,-0.0190834142267704,-0.014504204504191875,0.0022896048612892628,-0.016793809365481138
026,4MIDD_085_170,6,-0.019124161452054977,-0.014700555242598057,0.0022118031047284603,-0.016912358347326517
026,4MIDD_085_170,7,-0.019129378721117973,-0.014881324023008347,0.0021240273490548134,-0.01700535137206316
026,4MIDD_085_170,8,-0.01900738850235939,-0.01490960456430912,0.002048891969025135,-0.016958496533334255
026,4MIDD_085_170,9,-0.018871068954467773,-0.014895153231918812,0.001987957861274481,-0.016883111093193293
026,4MIDD_085_170,10,-0.018793856725096703,-0.014887703582644463,0.00195307657122612,-0.016840780153870583
026,4MIDD_085_170,11,-0.018728619441390038,-0.014888295903801918,0.0019201617687940598,-0.016808457672595978
026,4MIDD_085_170,12,-0.01866387203335762,-0.014911727979779243,0.0018760720267891884,-0.016787800006568432
026,4MIDD_085_170,13,-0.018598195165395737,-0.014926940202713013,0.001835627481341362,-0.016762567684054375
026,4MIDD_085_170,14,-0.018521003425121307,-0.01490249764174223,0.001809252891689539,-0.01671175053343177
026,4MIDD_085_170,15,-0.01844894140958786,-0.014854693785309792,0.0017971238121390343,-0.016651817597448826
026,4MIDD_085_170,16,-0.01838809996843338,-0.014807877130806446,0.001790111418813467,-0.016597988549619913
026,4MIDD_085_170,17,-0.018337935209274292,-0.014767210930585861,0.0017853621393442154,-0.016552573069930077
026,4MIDD_085_170,18,-0.018306845799088478,-0.014733396470546722,0.0017867246642708778,-0.0165201211348176
026,4MIDD_085_170,19,-0.018297147005796432,-0.014707040973007679,0.0017950530163943768,-0.016502093989402056
026,4MIDD_085_170,20,-0.018295131623744965,-0.014689688570797443,0.0018027215264737606,-0.016492410097271204
026,4MIDD_085_170,21,-0.01829039864242077,-0.014670668169856071,0.0018098652362823486,-0.01648053340613842
026,4MIDD_085_170,22,-0.01828167214989662,-0.014644067734479904,0.0018188022077083588,-0.016462869942188263
026,4MIDD_085_170,23,-0.018278835341334343,-0.014614546671509743,0.0018321443349123001,-0.016446691006422043
026,4MIDD_085_170,24,-0.018282774835824966,-0.014585250057280064,0.0018487623892724514,-0.016434012446552515
026,4MIDD_085_170,25,-0.018288400024175644,-0.014561147429049015,0.0018636262975633144,-0.01642477372661233
026,4MIDD_085_170,26,-0.018295397982001305,-0.014541584998369217,0.0018769064918160439,-0.01641849149018526
026,4MIDD_085_170,27,-0.01830637827515602,-0.014522882178425789,0.0018917480483651161,-0.016414630226790905
026,4MIDD_085_170,28,-0.018323766067624092,-0.014506863430142403,0.0019084513187408447,-0.016415314748883247
026,4MIDD_085_170,29,-0.018343063071370125,-0.01449544820934534,0.001923807431012392,-0.016419255640357733
026,4MIDD_085_170,30,-0.018362315371632576,-0.014488817192614079,0.0019367490895092487,-0.016425566282123327
026,4MIDD_085_170,31,-0.018381383270025253,-0.014483449049293995,0.0019489671103656292,-0.016432416159659624
026,4MIDD_085_170,32,-0.018401188775897026,-0.014477955177426338,0.001961616799235344,-0.016439571976661682
026,4MIDD_085_170,33,-0.018421804532408714,-0.01447286270558834,0.0019744709134101868,-0.016447333618998528
026,4MIDD_085_170,34,-0.018441632390022278,-0.01446782797574997,0.001986902207136154,-0.016454730182886124
026,4MIDD_085_170,35,-0.018460875377058983,-0.014462797902524471,0.0019990387372672558,-0.016461836639791727
026,4MIDD_085_170,36,-0.018479974940419197,-0.014458369463682175,0.002010802738368511,-0.016469172202050686
026,4MIDD_085_170,37,-0.018498437479138374,-0.014456098899245262,0.002021169289946556,-0.016477268189191818
026,4MIDD_085_170,38,-0.01851661689579487,-0.014455558732151985,0.0020305290818214417,-0.016486087813973427
026,4MIDD_085_170,39,-0.018534764647483826,-0.014455673284828663,0.0020395456813275814,-0.016495218966156244
026,4MIDD_085_170,40,-0.01855328306555748,-0.01445629820227623,0.002048492431640625,-0.016504790633916855
026,4MIDD_085_170,41,-0.018573017790913582,-0.014457440003752708,0.0020577888935804367,-0.016515228897333145
026,4MIDD_085_170,42,-0.01859160140156746,-0.014458916150033474,0.0020663426257669926,-0.016525258775800467
026,4MIDD_085_170,43,-0.018608421087265015,-0.014460552483797073,0.0020739343017339706,-0.016534486785531044
026,4MIDD_085_170,44,-0.018624041229486465,-0.014461993239820004,0.002081023994833231,-0.016543017234653234
026,4MIDD_085_170,45,-0.01863909140229225,-0.014463390223681927,0.0020878505893051624,-0.01655124081298709
026,4MIDD_085_170,46,-0.01865341141819954,-0.014464744366705418,0.0020943335257470608,-0.01655907789245248
026,4MIDD_085_170,47,-0.018666647374629974,-0.014465353451669216,0.002100646961480379,-0.016566000413149595
026,4MIDD_085_170,48,-0.018679680302739143,-0.01446553599089384,0.0021070721559226513,-0.016572608146816492
026,4MIDD_085_170,49,-0.01869192160665989,-0.014465964399278164,0.0021129786036908627,-0.016578943002969027
027,3MIDD_048,0,0.02116389572620392,-0.0689162164926529,-0.045040056109428406,-0.023876160383224487
027,3MIDD_048,1,0.021233629435300827,-0.07012701779603958,-0.045680323615670204,-0.024446694180369377
027,3MIDD_048,2,0.020896190777420998,-0.07169317454099655,-0.046294682659208775,-0.025398491881787777
027,3MIDD_048,3,0.02117384970188141,-0.0727270320057869,-0.04695044085383415,-0.025776591151952744
027,3MIDD_048,4,0.022089388221502304,-0.07326636463403702,-0.04767787642776966,-0.025588488206267357
027,3MIDD_048,5,0.02259937860071659,-0.0732162594795227,-0.04790781904011965,-0.025308440439403057
027,3MIDD_048,6,0.023519882932305336,-0.07263322919607162,-0.04807655606418848,-0.024556673131883144
027,3MIDD_048,7,0.024634800851345062,-0.07242026925086975,-0.04852753505110741,-0.023892734199762344
027,3MIDD_048,8,0.02541126124560833,-0.07267226278781891,-0.04904176201671362,-0.02363050077110529
027,3MIDD_048,9,0.025665096938610077,-0.07325784116983414,-0.04946146905422211,-0.02379637211561203
027,3MIDD_048,10,0.026002351194620132,-0.07338468730449677,-0.04969351924955845,-0.023691168054938316
027,3MIDD_048,11,0.02692524343729019,-0.07301031798124313,-0.04996778070926666,-0.02304253727197647
027,3MIDD_048,12,0.02807915024459362,-0.07253891974687576,-0.05030903499573469,-0.02222988475114107
027,3MIDD_048,13,0.029048176482319832,-0.07227806746959686,-0.05066312197595835,-0.021614945493638515
027,3MIDD_048,14,0.02971852943301201,-0.07245266437530518,-0.05108559690415859,-0.021367067471146584
027,3MIDD_048,15,0.030173443257808685,-0.07258366793394089,-0.051378555595874786,-0.0212051123380661
027,3MIDD_048,16,0.03070713020861149,-0.07226234674453735,-0.05148473847657442,-0.020777608267962933
027,3MIDD_048,17,0.0314018651843071,-0.07155933976173401,-0.051480602473020554,-0.020078737288713455
027,3MIDD_048,18,0.03214416280388832,-0.07084660977125168,-0.05149538628757,-0.01935122348368168
027,3MIDD_048,19,0.03276553750038147,-0.07044573873281479,-0.05160563811659813,-0.01884010061621666
027,3MIDD_048,20,0.03313543274998665,-0.07038564234972,-0.051760537549853325,-0.018625104799866676
027,3MIDD_048,21,0.03328847885131836,-0.0703597441315651,-0.05182411149144173,-0.018535632640123367
027,3MIDD_048,22,0.033351216465234756,-0.07005840539932251,-0.05170481093227863,-0.018353594467043877
027,3MIDD_048,23,0.03349863737821579,-0.06956865638494492,-0.05153364688158035,-0.018035009503364563
027,3MIDD_048,24,0.03377798944711685,-0.06918498873710632,-0.05148148909211159,-0.017703499644994736
027,3MIDD_048,25,0.03406418487429619,-0.0690423771739006,-0.051553281024098396,-0.017489096149802208
027,3MIDD_048,26,0.034147124737501144,-0.06913825869560242,-0.05164269171655178,-0.017495566979050636
027,3MIDD_048,27,0.034137923270463943,-0.06921514868736267,-0.05167653597891331,-0.017538612708449364
027,3MIDD_048,28,0.0341249480843544,-0.0691097229719162,-0.0516173355281353,-0.0174923874437809
027,3MIDD_048,29,0.03418504446744919,-0.06889976561069489,-0.05154240503907204,-0.01735736057162285
027,3MIDD_048,30,0.03436139225959778,-0.06875629723072052,-0.05155884474515915,-0.01719745248556137
027,3MIDD_048,31,0.034517962485551834,-0.06884042918682098,-0.05167919583618641,-0.017161233350634575
027,3MIDD_048,32,0.034541718661785126,-0.06908561289310455,-0.05181366577744484,-0.017271947115659714
027,3MIDD_048,33,0.03446735441684723,-0.06932592391967773,-0.05189663916826248,-0.017429284751415253
027,3MIDD_048,34,0.03430640697479248,-0.06938925385475159,-0.051847830414772034,-0.017541423439979553
027,3MIDD_048,35,0.03412725776433945,-0.06939482688903809,-0.051761042326688766,-0.01763378456234932
027,3MIDD_048,36,0.03407145291566849,-0.06948308646678925,-0.05177726969122887,-0.01770581677556038
027,3MIDD_048,37,0.03412732854485512,-0.06977462768554688,-0.051950978115200996,-0.01782364957034588
027,3MIDD_048,38,0.03414611145853996,-0.07017835229635239,-0.052162231877446175,-0.018016120418906212
027,3MIDD_048,39,0.034059785306453705,-0.07051205635070801,-0.052285920828580856,-0.01822613552212715
027,3MIDD_048,40,0.03389005362987518,-0.07066909968852997,-0.052279576659202576,-0.018389523029327393
027,3MIDD_048,41,0.03374561667442322,-0.07075535506010056,-0.05225048586726189,-0.01850486919283867
027,3MIDD_048,42,0.03373261168599129,-0.070919930934906,-0.05232627131044865,-0.01859365962445736
027,3MIDD_048,43,0.03378801420331001,-0.07120547443628311,-0.05249674431979656,-0.01870873011648655
027,3MIDD_048,44,0.03377443552017212,-0.07153739035129547,-0.052655912935733795,-0.018881477415561676
027,3MIDD_048,45,0.033664099872112274,-0.07178637385368347,-0.05272523686289787,-0.0190611369907856
027,3MIDD_048,46,0.03354250267148018,-0.0719134733080864,-0.05272798798978329,-0.019185485318303108
027,3MIDD_048,47,0.03346735239028931,-0.07197488844394684,-0.05272112041711807,-0.019253768026828766
027,3MIDD_048,48,0.03349324315786362,-0.07207149267196655,-0.052782367914915085,-0.019289124757051468
027,3MIDD_048,49,0.03356267884373665,-0.07225877791643143,-0.05291072838008404,-0.01934804953634739
027,3MIDD_207,0,-0.016772083938121796,-0.0001090508812922053,0.008331516528414795,-0.008440567409707
027,3MIDD_207,1,-0.016817966476082802,-0.0015959187876433134,0.007611023844219744,-0.009206942631863058
027,3MIDD_207,2,-0.01752101629972458,-0.00285182218067348,0.007334597059525549,-0.01018641924019903
027,3MIDD_207,3,-0.02275417372584343,0.0002912557974923402,0.011522714761667885,-0.011231458964175545
027,3MIDD_207,4,-0.0281443502753973,0.004879192914813757,0.01651177159510553,-0.011632578680291772
027,3MIDD_207,5,-0.03106462024152279,0.007582869380712509,0.01932374481111765,-0.01174087543040514
027,3MIDD_207,6,-0.0324382521212101,0.008180726319551468,0.020309489220380783,-0.012128762900829315
027,3MIDD_207,7,-0.03350505605340004,0.007544783875346184,0.02052491996437311,-0.012980136089026928
027,3MIDD_207,8,-0.03543959930539131,0.007494024001061916,0.021466811653226614,-0.013972787652164698
027,3MIDD_207,9,-0.03752769157290459,0.008558287285268307,0.023042989429086447,-0.01448470214381814
027,3MIDD_207,10,-0.03907710686326027,0.010192538611590862,0.024634822737425566,-0.014442284125834703
027,3MIDD_207,11,-0.03947984054684639,0.011161128990352154,0.025320484768599272,-0.014159355778247118
027,3MIDD_207,12,-0.03941582888364792,0.011428880505263805,0.025422354694455862,-0.013993474189192057
027,3MIDD_207,13,-0.039741143584251404,0.011265011504292488,0.025503077544271946,-0.014238066039979458
027,3MIDD_207,14,-0.040687691420316696,0.011338653974235058,0.026013172697275877,-0.01467451872304082
027,3MIDD_207,15,-0.04166584089398384,0.011956777423620224,0.026811309158802032,-0.014854531735181808
027,3MIDD_207,16,-0.042240675538778305,0.012758421711623669,0.027499548625200987,-0.014741126913577318
027,3MIDD_207,17,-0.0421760194003582,0.013102326542139053,0.027639172971248627,-0.014536846429109573
027,3MIDD_207,18,-0.041705574840307236,0.013070229440927505,0.02738790214061737,-0.014317672699689865
027,3MIDD_207,19,-0.04158607870340347,0.012926449999213219,0.027256264351308346,-0.014329814352095127
027,3MIDD_207,20,-0.04191591963171959,0.012793704867362976,0.027354812249541283,-0.014561107382178307
027,3MIDD_207,21,-0.04233269765973091,0.012923178263008595,0.027627937961369753,-0.014704759698361158
027,3MIDD_207,22,-0.0423312708735466,0.013272970914840698,0.02780212089419365,-0.014529149979352951
027,3MIDD_207,23,-0.04179733619093895,0.013613106682896614,0.027705221436917782,-0.014092114754021168
027,3MIDD_207,24,-0.041106127202510834,0.013647719286382198,0.027376923244446516,-0.013729203958064318
027,3MIDD_207,25,-0.04081477224826813,0.01342879980802536,0.027121786028146744,-0.013692986220121384
027,3MIDD_207,26,-0.04103229194879532,0.013072560541331768,0.027052426245063543,-0.013979865703731775
027,3MIDD_207,27,-0.0413605198264122,0.012739087454974651,0.027049803640693426,-0.014310716185718775
027,3MIDD_207,28,-0.041407085955142975,0.012495781295001507,0.02695143362507224,-0.014455652330070734
027,3MIDD_207,29,-0.04115903005003929,0.012358458712697029,0.02675874438136816,-0.014400285668671131
027,3MIDD_207,30,-0.040894851088523865,0.01222097035497427,0.026557910721749067,-0.014336940366774797
027,3MIDD_207,31,-0.04083861783146858,0.011944126337766647,0.026391372084617615,-0.014447245746850967
027,3MIDD_207,32,-0.04106387495994568,0.011518780142068863,0.02629132755100727,-0.014772547408938408
027,3MIDD_207,33,-0.04138966277241707,0.011028606444597244,0.026209134608507156,-0.015180528163909912
027,3MIDD_207,34,-0.04157417640089989,0.01073497999459505,0.02615457819774747,-0.015419598203152418
027,3MIDD_207,35,-0.04150964319705963,0.010583359748125076,0.026046501472592354,-0.015463141724467278
027,3MIDD_207,36,-0.041338298469781876,0.010448162443935871,0.025893230456858873,-0.015445068012923002
027,3MIDD_207,37,-0.04113805666565895,0.01020727213472128,0.025672664400190115,-0.015465392265468836
027,3MIDD_207,38,-0.04110289365053177,0.009729710407555103,0.025416302029043436,-0.015686591621488333
027,3MIDD_207,39,-0.04133007675409317,0.009123536758124828,0.025226806756109,-0.01610326999798417
027,3MIDD_207,40,-0.041548218578100204,0.008617212995886803,0.025082715786993504,-0.0164655027911067
027,3MIDD_207,41,-0.04161100834608078,0.00836850143969059,0.024989754892885685,-0.016621253453195095
027,3MIDD_207,42,-0.04155314341187477,0.008307624608278275,0.024930384010076523,-0.01662275940179825
027,3MIDD_207,43,-0.041329603642225266,0.008168358355760574,0.02474898099899292,-0.016580622643232346
027,3MIDD_207,44,-0.041252803057432175,0.00772471260279417,0.024488757830113173,-0.016764045227319002
027,3MIDD_207,45,-0.04144583269953728,0.0071406071074306965,0.024293219903483987,-0.01715261279605329
027,3MIDD_207,46,-0.041718896478414536,0.006770992185920477,0.024244944332167506,-0.01747395214624703
027,3MIDD_207,47,-0.04183674976229668,0.006692648399621248,0.024264699080958962,-0.017572050681337714
027,3MIDD_207,48,-0.041733089834451675,0.006796888075768948,0.02426498895511031,-0.017468100879341364
027,3MIDD_207,49,-0.041463520377874374,0.006739619188010693,0.024101569782942533,-0.01736195059493184
027,4MIDD_085_170,0,-0.020090870559215546,0.009416722692549229,0.014753796625882387,-0.0053370739333331585
027,4MIDD_085_170,1,-0.01924946717917919,0.008592830039560795,0.013921148609369993,-0.005328318569809198
027,4MIDD_085_170,2,-0.019147736951708794,0.0074573117308318615,0.013302524341270328,-0.005845212610438466
027,4MIDD_085_170,3,-0.019911250099539757,0.006986824329942465,0.01344903721474111,-0.006462212884798646
027,4MIDD_085_170,4,-0.020642835646867752,0.0070052980445325375,0.013824066845700145,-0.006818768801167607
027,4MIDD_085_170,5,-0.02100262977182865,0.006977192126214504,0.013989910949021578,-0.007012718822807074
027,4MIDD_085_170,6,-0.021158846095204353,0.006146331317722797,0.013652588706463575,-0.007506257388740778
027,4MIDD_085_170,7,-0.02107866108417511,0.004770223051309586,0.012924442067742348,-0.008154219016432762
027,4MIDD_085_170,8,-0.021122613921761513,0.003221044549718499,0.012171829235740006,-0.008950784686021507
027,4MIDD_085_170,9,-0.02146163210272789,0.001858897041529417,0.011660264572128654,-0.009801367530599236
027,4MIDD_085_170,10,-0.022118935361504555,0.0009938859147951007,0.011556410638149828,-0.010562524723354727
027,4MIDD_085_170,11,-0.0227358341217041,0.0005133327795192599,0.01162458345061168,-0.01111125067109242
027,4MIDD_085_170,12,-0.022894857451319695,-7.108767749741673e-05,0.011411884886911139,-0.011482972564408556
027,4MIDD_085_170,13,-0.022832415997982025,-0.0008862771792337298,0.010973069409374148,-0.011859346588607877
027,4MIDD_085_170,14,-0.022875936701893806,-0.0018713257741183043,0.010502305463887751,-0.012373631238006055
027,4MIDD_085_170,15,-0.023180006071925163,-0.002873071702197194,0.010153467184863985,-0.013026538887061179
027,4MIDD_085_170,16,-0.02350803278386593,-0.003627568017691374,0.009940232383087277,-0.013567800400778651
027,4MIDD_085_170,17,-0.023686608299613,-0.0040501258336007595,0.00981824123300612,-0.01386836706660688
027,4MIDD_085_170,18,-0.023729979991912842,-0.004305819049477577,0.009712080471217632,-0.01401789952069521
027,4MIDD_085_170,19,-0.023707710206508636,-0.004695300944149494,0.009506204631179571,-0.014201505575329065
027,4MIDD_085_170,20,-0.023660939186811447,-0.005432302597910166,0.00911431829445064,-0.014546620892360806
027,4MIDD_085_170,21,-0.02373618260025978,-0.0064054615795612335,0.008665360510349274,-0.015070822089910507
027,4MIDD_085_170,22,-0.02402229979634285,-0.007077294401824474,0.008472502697259188,-0.015549797099083662
027,4MIDD_085_170,23,-0.024418707937002182,-0.007231186144053936,0.008593760896474123,-0.01582494704052806
027,4MIDD_085_170,24,-0.024660317227244377,-0.007036096416413784,0.008812110405415297,-0.01584820682182908
027,4MIDD_085_170,25,-0.024760326370596886,-0.006952306255698204,0.00890401005744934,-0.015856316313147545
027,4MIDD_085_170,26,-0.024755464866757393,-0.007333480287343264,0.008710992289707065,-0.016044472577050328
027,4MIDD_085_170,27,-0.02489260956645012,-0.007900574244558811,0.008496017660945654,-0.016396591905504465
027,4MIDD_085_170,28,-0.02523271180689335,-0.008152968250215054,0.008539871778339148,-0.0166928400285542
027,4MIDD_085_170,29,-0.025616604834794998,-0.007959787733852863,0.008828408550471067,-0.01678819628432393
027,4MIDD_085_170,30,-0.02582819014787674,-0.007554428651928902,0.009136880747973919,-0.01669130939990282
027,4MIDD_085_170,31,-0.025901345536112785,-0.007307862862944603,0.009296741336584091,-0.016604604199528694
027,4MIDD_085_170,32,-0.025870300829410553,-0.007417111657559872,0.00922659458592534,-0.016643706243485212
027,4MIDD_085_170,33,-0.02594875730574131,-0.007687244098633528,0.009130756603553891,-0.01681800070218742
027,4MIDD_085_170,34,-0.026184409856796265,-0.0077517833560705185,0.009216313250362873,-0.01696809660643339
027,4MIDD_085_170,35,-0.0264110267162323,-0.00749698281288147,0.009457021951675415,-0.016954004764556885
027,4MIDD_085_170,36,-0.026504190638661385,-0.007008668500930071,0.009747761068865657,-0.016756429569795728
027,4MIDD_085_170,37,-0.026530465111136436,-0.006589287891983986,0.009970588609576225,-0.01655987650156021
027,4MIDD_085_170,38,-0.026578646153211594,-0.006434993352741003,0.010071826400235295,-0.0165068197529763
027,4MIDD_085_170,39,-0.026693070307374,-0.006463661789894104,0.010114704258739948,-0.016578366048634052
027,4MIDD_085_170,40,-0.026872165501117706,-0.006417812313884497,0.010227176593616605,-0.0166449889075011
027,4MIDD_085_170,41,-0.027057647705078125,-0.006165406201034784,0.01044612075202167,-0.016611526953056455
027,4MIDD_085_170,42,-0.027135496959090233,-0.0057099382393062115,0.01071277935989201,-0.016422717599198222
027,4MIDD_085_170,43,-0.02721846103668213,-0.005234902258962393,0.010991779388859868,-0.01622668164782226
027,4MIDD_085_170,44,-0.027312450110912323,-0.004957870580255985,0.011177289765328169,-0.016135160345584154
027,4MIDD_085_170,45,-0.02740078791975975,-0.0048476820811629295,0.01127655291929841,-0.01612423500046134
027,4MIDD_085_170,46,-0.027530482038855553,-0.004767579026520252,0.01138145150616765,-0.016149030532687902
027,4MIDD_085_170,47,-0.027664033696055412,-0.004568508360534906,0.011547762667760253,-0.01611627102829516
027,4MIDD_085_170,48,-0.027661889791488647,-0.0041777389124035835,0.011742075439542532,-0.015919814351946115
027,4MIDD_085_170,49,-0.02769540250301361,-0.0037414159160107374,0.011976993293501437,-0.015718409209512174
028,3MIDD_048,0,0.011258487589657307,-0.002561065135523677,-0.006909776362590492,0.004348711227066815
028,3MIDD_048,1,0.010160619392991066,-0.002431707689538598,-0.006296163541264832,0.003864455851726234
028,3MIDD_048,2,0.009568743407726288,-0.002259892877191305,-0.0059143181424587965,0.0036544252652674913
028,3MIDD_048,3,0.00920998863875866,-0.0020544128492474556,-0.0056322007440030575,0.003577787894755602
028,3MIDD_048,4,0.009068099781870842,-0.0021840641275048256,-0.005626081954687834,0.003442017827183008
028,3MIDD_048,5,0.008732440881431103,-0.002339515369385481,-0.005535978125408292,0.003196462756022811
028,3MIDD_048,6,0.008279058150947094,-0.002331696217879653,-0.0053053771844133735,0.0029736809665337205
028,3MIDD_048,7,0.007854345254600048,-0.0022759430576115847,-0.005065144156105816,0.0027892010984942317
028,3MIDD_048,8,0.007441604044288397,-0.0023404890671372414,-0.004891046555712819,0.0025505574885755777
028,3MIDD_048,9,0.007080739364027977,-0.0023757817689329386,-0.004728260566480458,0.002352478797547519
028,3MIDD_048,10,0.006687370594590902,-0.002347206464037299,-0.004517288529314101,0.0021700820652768016
028,3MIDD_048,11,0.00627696979790926,-0.0022815244738012552,-0.0042792471358552575,0.0019977226620540023
028,3MIDD_048,12,0.005925786681473255,-0.002210956532508135,-0.004068371606990695,0.0018574150744825602
028,3MIDD_048,13,0.0056946719996631145,-0.0021905796602368355,-0.003942625829949975,0.0017520461697131395
028,3MIDD_048,14,0.005573152564466,-0.002221848350018263,-0.0038975004572421312,0.0016756521072238684
028,3MIDD_048,15,0.005485988222062588,-0.0022820851299911737,-0.0038840366760268807,0.001601951546035707
028,3MIDD_048,16,0.005386510398238897,-0.0023841066285967827,-0.00388530851341784,0.0015012018848210573
028,3MIDD_048,17,0.00528574176132679,-0.0025026071816682816,-0.0038941744714975357,0.0013915672898292542
028,3MIDD_048,18,0.005185538902878761,-0.002614620141685009,-0.003900079522281885,0.0012854593805968761
028,3MIDD_048,19,0.005100269801914692,-0.0027294668834656477,-0.00391486834269017,0.0011854014592245221
028,3MIDD_048,20,0.005046258680522442,-0.0028390996158123016,-0.003942679148167372,0.0011035795323550701
028,3MIDD_048,21,0.005030116066336632,-0.002945700427517295,-0.003987908246926963,0.0010422078194096684
028,3MIDD_048,22,0.005033952184021473,-0.003062940202653408,-0.0040484461933374405,0.0009855059906840324
028,3MIDD_048,23,0.005039943847805262,-0.0031860345043241978,-0.00411298917606473,0.0009269546717405319
028,3MIDD_048,24,0.005036984570324421,-0.003301952499896288,-0.004169468535110354,0.0008675160352140665
028,3MIDD_048,25,0.005034923553466797,-0.0034028012305498123,-0.004218862392008305,0.0008160611614584923
028,3MIDD_048,26,0.005037167575210333,-0.0034938273020088673,-0.0042654974386096,0.0007716701366007328
028,3MIDD_048,27,0.005040832795202732,-0.0035812293644994497,-0.004311031079851091,0.0007298017153516412
028,3MIDD_048,28,0.005052156746387482,-0.003664701245725155,-0.004358428996056318,0.0006937277503311634
028,3MIDD_048,29,0.00506500992923975,-0.00375153380446136,-0.004408271866850555,0.000656738062389195
028,3MIDD_048,30,0.005077887326478958,-0.003840276040136814,-0.004459081683307886,0.000618805643171072
028,3MIDD_048,31,0.005094320513308048,-0.003929437603801489,-0.0045118790585547686,0.0005824414547532797
028,3MIDD_048,32,0.005108667071908712,-0.004011841490864754,-0.004560254281386733,0.0005484127905219793
028,3MIDD_048,33,0.00512195797637105,-0.004082152154296637,-0.004602055065333843,0.0005199029110372066
028,3MIDD_048,34,0.005135650746524334,-0.004144241102039814,-0.004639945924282074,0.00049570482224226
028,3MIDD_048,35,0.005152290221303701,-0.0042000506073236465,-0.004676170414313674,0.00047611980699002743
028,3MIDD_048,36,0.005170683842152357,-0.004249717108905315,-0.004710200475528836,0.00046048336662352085
028,3MIDD_048,37,0.005190507974475622,-0.004296503495424986,-0.004743505734950304,0.00044700223952531815
028,3MIDD_048,38,0.005212308373302221,-0.004335288889706135,-0.004773798631504178,0.00043850974179804325
028,3MIDD_048,39,0.005235445220023394,-0.004368813242763281,-0.004802129231393337,0.0004333159886300564
028,3MIDD_048,40,0.005259860772639513,-0.004397114273160696,-0.0048284875229001045,0.0004313732497394085
028,3MIDD_048,41,0.005285816732794046,-0.004419246222823858,-0.004852531477808952,0.00043328525498509407
028,3MIDD_048,42,0.005313229747116566,-0.0044354903511703014,-0.004874360049143434,0.00043886969797313213
028,3MIDD_048,43,0.005341270472854376,-0.004448284395039082,-0.004894777433946729,0.00044649303890764713
028,3MIDD_048,44,0.005367413628846407,-0.00445900484919548,-0.004913209239020944,0.0004542043898254633
028,3MIDD_048,45,0.0053916857577860355,-0.004466569051146507,-0.004929127404466271,0.00046255835331976414
028,3MIDD_048,46,0.005415102932602167,-0.004468083381652832,-0.0049415931571275,0.00047350977547466755
028,3MIDD_048,47,0.0054379478096961975,-0.004463370889425278,-0.004950659349560738,0.0004872884601354599
028,3MIDD_048,48,0.005461009219288826,-0.004457524046301842,-0.004959266632795334,0.0005017425864934921
028,3MIDD_048,49,0.005483441986143589,-0.004452400840818882,-0.0049679214134812355,0.0005155205726623535
028,3MIDD_207,0,-0.0029236548580229282,0.007723698858171701,0.005323676858097315,0.0024000220000743866
028,3MIDD_207,1,-0.0034107656683772802,0.006654511671513319,0.0050326386699453,0.0016218730015680194
028,3MIDD_207,2,-0.0036712614819407463,0.006102162878960371,0.004886712180450559,0.0012154506985098124
028,3MIDD_207,3,-0.005309054162353277,0.007498576305806637,0.006403815234079957,0.0010947610717266798
028,3MIDD_207,4,-0.006773419212549925,0.00914982333779335,0.007961621275171638,0.0011882020626217127
028,3MIDD_207,5,-0.007681096438318491,0.010050403885543346,0.008865750161930919,0.0011846537236124277
028,3MIDD_207,6,-0.007778824772685766,0.009988298639655113,0.00888356170617044,0.0011047369334846735
028,3MIDD_207,7,-0.00753429438918829,0.00928476732224226,0.008409530855715275,0.0008752364665269852
028,3MIDD_207,8,-0.007342145312577486,0.008471141569316387,0.007906643440946937,0.0005644981283694506
028,3MIDD_207,9,-0.007467798423022032,0.008149313740432262,0.007808556081727147,0.0003407576587051153
028,3MIDD_207,10,-0.007851696573197842,0.008334603160619736,0.008093149866908789,0.00024145329371094704
028,3MIDD_207,11,-0.008435294032096863,0.008627738803625107,0.008531516417860985,9.622238576412201e-05
028,3MIDD_207,12,-0.00891537219285965,0.008758511394262314,0.008836941793560982,-7.843039929866791e-05
028,3MIDD_207,13,-0.009214313700795174,0.008639071136713028,0.0089266924187541,-0.00028762128204107285
028,3MIDD_207,14,-0.00933893583714962,0.008411914110183716,0.008875424973666668,-0.0004635108634829521
028,3MIDD_207,15,-0.009354537352919579,0.008191900327801704,0.008773218840360641,-0.0005813185125589371
028,3MIDD_207,16,-0.009370838291943073,0.008050263859331608,0.00871055107563734,-0.0006602872163057327
028,3MIDD_207,17,-0.009415366686880589,0.007971356622874737,0.008693361654877663,-0.0007220050320029259
028,3MIDD_207,18,-0.00949657429009676,0.007916341535747051,0.008706457912921906,-0.0007901163771748543
028,3MIDD_207,19,-0.009544086642563343,0.007842057384550571,0.008693072013556957,-0.0008510146290063858
028,3MIDD_207,20,-0.009584923274815083,0.007750470656901598,0.00866769696585834,-0.0009172263089567423
028,3MIDD_207,21,-0.0096220588311553,0.007687853649258614,0.008654956240206957,-0.0009671025909483433
028,3MIDD_207,22,-0.009685485623776913,0.007673970423638821,0.008679728023707867,-0.001005757600069046
028,3MIDD_207,23,-0.009761570952832699,0.00770156504586339,0.008731567999348044,-0.0010300029534846544
028,3MIDD_207,24,-0.009832124225795269,0.0077415890991687775,0.008786856662482023,-0.0010452675633132458
028,3MIDD_207,25,-0.009899747557938099,0.007780000101774931,0.008839873829856515,-0.001059873728081584
028,3MIDD_207,26,-0.00995070580393076,0.007797831669449806,0.008874268736690283,-0.0010764370672404766
028,3MIDD_207,27,-0.009985843673348427,0.007796222809702158,0.008891033241525292,-0.0010948104318231344
028,3MIDD_207,28,-0.010007834993302822,0.007789330556988716,0.008898582775145769,-0.001109252218157053
028,3MIDD_207,29,-0.010019758716225624,0.007774803321808577,0.0088972810190171,-0.0011224776972085238
028,3MIDD_207,30,-0.010026020929217339,0.0077560581266880035,0.008891039527952671,-0.0011349814012646675
028,3MIDD_207,31,-0.010030745528638363,0.007730273529887199,0.008880509529262781,-0.0011502359993755817
028,3MIDD_207,32,-0.010034867562353611,0.007695796433836222,0.008865331998094916,-0.0011695355642586946
028,3MIDD_207,33,-0.010041000321507454,0.007654961198568344,0.008847980760037899,-0.001193019561469555
028,3MIDD_207,34,-0.010050317272543907,0.007615044247359037,0.008832680759951472,-0.0012176365125924349
028,3MIDD_207,35,-0.01006467267870903,0.0075762830674648285,0.00882047787308693,-0.0012441948056221008
028,3MIDD_207,36,-0.010087663307785988,0.007545750122517347,0.008816706715151668,-0.0012709565926343203
028,3MIDD_207,37,-0.010119934566318989,0.00752021512016654,0.008820074843242764,-0.0012998597230762243
028,3MIDD_207,38,-0.010156665928661823,0.0074987513944506645,0.008827708661556244,-0.0013289572671055794
028,3MIDD_207,39,-0.010197721421718597,0.007479351945221424,0.00883853668347001,-0.0013591847382485867
028,3MIDD_207,40,-0.01024544145911932,0.007462545298039913,0.008853993378579617,-0.0013914480805397034
028,3MIDD_207,41,-0.010289286263287067,0.007451985031366348,0.008870635647326708,-0.0014186506159603596
028,3MIDD_207,42,-0.010329662822186947,0.007447407580912113,0.00888853520154953,-0.0014411276206374168
028,3MIDD_207,43,-0.010365893132984638,0.007443154230713844,0.008904523681849241,-0.001461369451135397
028,3MIDD_207,44,-0.010397755540907383,0.007439817767590284,0.008918786654248834,-0.0014789688866585493
028,3MIDD_207,45,-0.010425484739243984,0.007436500862240791,0.008930992800742388,-0.0014944919385015965
028,3MIDD_207,46,-0.010449474677443504,0.007431353908032179,0.008940414292737842,-0.0015090603847056627
028,3MIDD_207,47,-0.010470601730048656,0.007423974107950926,0.008947287918999791,-0.0015233138110488653
028,3MIDD_207,48,-0.01048724353313446,0.007416049018502235,0.008951646275818348,-0.0015355972573161125
028,3MIDD_207,49,-0.010500242933630943,0.00740825803950429,0.008954250486567616,-0.0015459924470633268
028,4MIDD_085_170,0,0.0008074383367784321,0.005130015313625336,0.0021612884884234518,0.002968726825201884
028,4MIDD_085_170,1,-0.0003092669940087944,0.004129319451749325,0.0022192932228790596,0.0019100262288702652
028,4MIDD_085_170,2,-0.001365066971629858,0.0036643173079937696,0.002514692139811814,0.0011496251681819558
028,4MIDD_085_170,3,-0.0022478471510112286,0.0037468764930963516,0.00299736182205379,0.0007495146710425615
028,4MIDD_085_170,4,-0.002583499765023589,0.003601107746362686,0.0030923037556931376,0.0005088039906695485
028,4MIDD_085_170,5,-0.0028605489060282707,0.00337190181016922,0.0031162253580987453,0.0002556764520704746
028,4MIDD_085_170,6,-0.003162442473694682,0.0031186742708086967,0.0031405583722516894,-2.1884101442992687e-05
028,4MIDD_085_170,7,-0.0035498791839927435,0.0028160877991467714,0.0031829834915697575,-0.00036689569242298603
028,4MIDD_085_170,8,-0.003807589877396822,0.0026839636266231537,0.003245776752009988,-0.0005618131253868341
028,4MIDD_085_170,9,-0.0037986456882208586,0.002769209910184145,0.0032839277992025018,-0.0005147178890183568
028,4MIDD_085_170,10,-0.0035332348197698593,0.002900962485000491,0.0032170986523851752,-0.0003161361673846841
028,4MIDD_085_170,11,-0.0032317645382136106,0.0029406482353806496,0.00308620638679713,-0.00014555815141648054
028,4MIDD_085_170,12,-0.0029935052152723074,0.002878966275602579,0.0029362357454374433,-5.726946983486414e-05
028,4MIDD_085_170,13,-0.0028734132647514343,0.002846653340384364,0.0028600333025678992,-1.3379962183535099e-05
028,4MIDD_085_170,14,-0.002775997156277299,0.002833037171512842,0.0028045171638950706,2.8520007617771626e-05
028,4MIDD_085_170,15,-0.002710340078920126,0.0028272997587919235,0.0027688199188560247,5.847983993589878e-05
028,4MIDD_085_170,16,-0.002660473110154271,0.002801846945658326,0.0027311600279062986,7.068691775202751e-05
028,4MIDD_085_170,17,-0.002634348813444376,0.0027591369580477476,0.002696742885746062,6.239407230168581e-05
028,4MIDD_085_170,18,-0.002621833235025406,0.0027012149803340435,0.0026615241076797247,3.969087265431881e-05
028,4MIDD_085_170,19,-0.002616751240566373,0.0026513671036809683,0.0026340591721236706,1.7307931557297707e-05
028,4MIDD_085_170,20,-0.002617351245135069,0.0026287094224244356,0.0026230303337797523,5.679088644683361e-06
028,4MIDD_085_170,21,-0.0026175063103437424,0.002631350653246045,0.0026244284817948937,6.922171451151371e-06
028,4MIDD_085_170,22,-0.002616444369778037,0.002653957111760974,0.0026352007407695055,1.875637099146843e-05
028,4MIDD_085_170,23,-0.002614503027871251,0.0026881545782089233,0.0026513288030400872,3.682577516883612e-05
028,4MIDD_085_170,24,-0.0026181419380009174,0.0027222582139074802,0.002670200075954199,5.20581379532814e-05
028,4MIDD_085_170,25,-0.002630627015605569,0.002747696591541171,0.00268916180357337,5.8534787967801094e-05
028,4MIDD_085_170,26,-0.002653127070516348,0.002753853565081954,0.002703490317799151,5.036324728280306e-05
028,4MIDD_085_170,27,-0.0026782075874507427,0.002753983251750469,0.002716095419600606,3.788783214986324e-05
028,4MIDD_085_170,28,-0.002702107420191169,0.0027548610232770443,0.0027284842217341065,2.6376801542937756e-05
028,4MIDD_085_170,29,-0.002722076140344143,0.0027562163304537535,0.002739146235398948,1.707009505480528e-05
028,4MIDD_085_170,30,-0.002739506773650646,0.0027570538222789764,0.0027482802979648113,8.773524314165115e-06
028,4MIDD_085_170,31,-0.0027599672321230173,0.002751084277406335,0.002755525754764676,-4.441477358341217e-06
028,4MIDD_085_170,32,-0.0027922913432121277,0.0027411917690187693,0.0027667415561154485,-2.554978709667921e-05
028,4MIDD_085_170,33,-0.0028306159656494856,0.0027288412675261497,0.0027797286165878177,-5.088734906166792e-05
028,4MIDD_085_170,34,-0.002870414173230529,0.002718755742534995,0.002794584957882762,-7.582921534776688e-05
028,4MIDD_085_170,35,-0.002906941343098879,0.002710965694859624,0.0028089535189792514,-9.798782411962748e-05
028,4MIDD_085_170,36,-0.002938354853540659,0.0027037246618419886,0.0028210397576913238,-0.0001173150958493352
028,4MIDD_085_170,37,-0.002964541083201766,0.0026982221752405167,0.0028313816292211413,-0.00013315945398062468
028,4MIDD_085_170,38,-0.0029825218953192234,0.0026943350676447153,0.0028384284814819694,-0.00014409341383725405
028,4MIDD_085_170,39,-0.0029949694871902466,0.002690223976969719,0.0028425967320799828,-0.00015237275511026382
028,4MIDD_085_170,40,-0.0030036529060453176,0.0026872765738517046,0.002845464739948511,-0.00015818816609680653
028,4MIDD_085_170,41,-0.0030094420071691275,0.002684100065380335,0.002846771036274731,-0.0001626709708943963
028,4MIDD_085_170,42,-0.003012384520843625,0.0026802481152117252,0.002846316318027675,-0.00016606820281594992
028,4MIDD_085_170,43,-0.0030116590205579996,0.002675063209608197,0.0028433611150830984,-0.0001682979054749012
028,4MIDD_085_170,44,-0.0030100331641733646,0.002669844077900052,0.0028399386210367084,-0.00017009454313665628
028,4MIDD_085_170,45,-0.0030082871671766043,0.002665913663804531,0.0028371004154905677,-0.0001711867516860366
028,4MIDD_085_170,46,-0.0030057088006287813,0.0026619662530720234,0.0028338375268504024,-0.00017187127377837896
028,4MIDD_085_170,47,-0.0030013120267540216,0.0026570966001600027,0.002829204313457012,-0.00017210771329700947
028,4MIDD_085_170,48,-0.0029944293200969696,0.002651971997693181,0.0028232006588950753,-0.00017122866120189428
028,4MIDD_085_170,49,-0.00298636918887496,0.0026469025760889053,0.0028166358824819326,-0.0001697333063930273
029,3MIDD_048,0,0.03644918277859688,0.02352842688560486,-0.00646037794649601,0.029988804832100868
029,3MIDD_048,1,0.03846240043640137,0.02375357411801815,-0.007354413159191608,0.03110798727720976
029,3MIDD_048,2,0.040984563529491425,0.022050069645047188,-0.009467246942222118,0.031517316587269306
029,3MIDD_048,3,0.04318389669060707,0.019359534606337547,-0.011912181042134762,0.03127171564847231
029,3MIDD_048,4,0.04471847414970398,0.01674223691225052,-0.01398811861872673,0.03073035553097725
029,3MIDD_048,5,0.04523897543549538,0.014800729230046272,-0.015219123102724552,0.030019852332770824
029,3MIDD_048,6,0.0454307422041893,0.013883320614695549,-0.015773710794746876,0.029657031409442425
029,3MIDD_048,7,0.0453866608440876,0.013594050891697407,-0.015896304976195097,0.029490355867892504
029,3MIDD_048,8,0.045071057975292206,0.013510750606656075,-0.015780153684318066,0.02929090429097414
029,3MIDD_048,9,0.044660963118076324,0.013339384458959103,-0.01566078932955861,0.029000173788517714
029,3MIDD_048,10,0.044312238693237305,0.013116748072206974,-0.015597745310515165,0.02871449338272214
029,3MIDD_048,11,0.0441146194934845,0.012986963614821434,-0.015563827939331532,0.028550791554152966
029,3MIDD_048,12,0.04408776015043259,0.012952025979757309,-0.015567867085337639,0.028519893065094948
029,3MIDD_048,13,0.04409760609269142,0.012864296324551105,-0.015616654884070158,0.028480951208621264
029,3MIDD_048,14,0.04409932717680931,0.0127307353541255,-0.015684295911341906,0.028415031265467405
029,3MIDD_048,15,0.044098179787397385,0.012693652883172035,-0.015702263452112675,0.02839591633528471
029,3MIDD_048,16,0.04410329833626747,0.012804427184164524,-0.015649435576051474,0.028453862760215998
029,3MIDD_048,17,0.044077079743146896,0.012992403469979763,-0.015542338136583567,0.02853474160656333
029,3MIDD_048,18,0.044047486037015915,0.013150042854249477,-0.015448721591383219,0.028598764445632696
029,3MIDD_048,19,0.04409429058432579,0.013251161202788353,-0.015421564690768719,0.02867272589355707
029,3MIDD_048,20,0.04422253370285034,0.013323971070349216,-0.015449281316250563,0.02877325238659978
029,3MIDD_048,21,0.044368717819452286,0.013378848321735859,-0.015494934748858213,0.028873783070594072
029,3MIDD_048,22,0.044457145035266876,0.013406376354396343,-0.015525384340435266,0.02893176069483161
029,3MIDD_048,23,0.044478826224803925,0.01342075690627098,-0.015529034659266472,0.028949791565537453
029,3MIDD_048,24,0.0444934219121933,0.013449137099087238,-0.01552214240655303,0.02897127950564027
029,3MIDD_048,25,0.044551681727170944,0.013503083027899265,-0.01552429934963584,0.029027382377535105
029,3MIDD_048,26,0.044644422829151154,0.0135641535744071,-0.015540134627372026,0.029104288201779127
029,3MIDD_048,27,0.04473434388637543,0.013602513819932938,-0.015565915033221245,0.029168428853154182
029,3MIDD_048,28,0.04479014873504639,0.013605527579784393,-0.015592310577630997,0.02919783815741539
029,3MIDD_048,29,0.04481451213359833,0.01358888391405344,-0.015612814109772444,0.029201698023825884
029,3MIDD_048,30,0.04483009874820709,0.013583618216216564,-0.015623240265995264,0.029206858482211828
029,3MIDD_048,31,0.04486219584941864,0.013598421588540077,-0.01563188713043928,0.02923030871897936
029,3MIDD_048,32,0.04491160437464714,0.013631463050842285,-0.015640070661902428,0.029271533712744713
029,3MIDD_048,33,0.044966649264097214,0.01366561371833086,-0.015650517772883177,0.029316131491214037
029,3MIDD_048,34,0.04501355439424515,0.013691317290067673,-0.015661118552088737,0.02935243584215641
029,3MIDD_048,35,0.04504350945353508,0.013708150014281273,-0.015667679719626904,0.029375829733908176
029,3MIDD_048,36,0.04506097361445427,0.013719948008656502,-0.015670512802898884,0.029390460811555386
029,3MIDD_048,37,0.0450795441865921,0.013731882907450199,-0.01567383063957095,0.02940571354702115
029,3MIDD_048,38,0.0451103150844574,0.01374774519354105,-0.015681284945458174,0.029429030138999224
029,3MIDD_048,39,0.045154545456171036,0.013766408897936344,-0.015694068279117346,0.02946047717705369
029,3MIDD_048,40,0.04520042613148689,0.013783665373921394,-0.01570838037878275,0.029492045752704144
029,3MIDD_048,41,0.04523499310016632,0.013797064311802387,-0.015718964394181967,0.029516028705984354
029,3MIDD_048,42,0.045256178826093674,0.013805982656776905,-0.015725098084658384,0.02953108074143529
029,3MIDD_048,43,0.04527357593178749,0.013814241625368595,-0.015729667153209448,0.029543908778578043
029,3MIDD_048,44,0.04529725760221481,0.013825437985360622,-0.015735909808427095,0.029561347793787718
029,3MIDD_048,45,0.045330245047807693,0.013840281404554844,-0.015744981821626425,0.02958526322618127
029,3MIDD_048,46,0.04536648467183113,0.013856150209903717,-0.015755167230963707,0.029611317440867424
029,3MIDD_048,47,0.04539689049124718,0.013869840651750565,-0.015763524919748306,0.02963336557149887
029,3MIDD_048,48,0.04541849344968796,0.013879737816751003,-0.015769377816468477,0.02964911563321948
029,3MIDD_048,49,0.04543440043926239,0.013887790963053703,-0.015773304738104343,0.029661095701158047
029,3MIDD_207,0,0.033144667744636536,0.03512017801403999,0.0009877551347017288,0.034132422879338264
029,3MIDD_207,1,0.0340757742524147,0.036230605095624924,0.0010774154216051102,0.035153189674019814
029,3MIDD_207,2,0.0347757413983345,0.03762805461883545,0.001426156610250473,0.036201898008584976
029,3MIDD_207,3,0.03605665639042854,0.039146725088357925,0.0015450343489646912,0.037601690739393234
029,3MIDD_207,4,0.037811629474163055,0.040593698620796204,0.001391034573316574,0.03920266404747963
029,3MIDD_207,5,0.03938521444797516,0.041623812168836594,0.0011192988604307175,0.040504513308405876
029,3MIDD_207,6,0.040217701345682144,0.04179137572646141,0.0007868371903896332,0.04100453853607178
029,3MIDD_207,7,0.04025411233305931,0.04124849662184715,0.0004971921443939209,0.04075130447745323
029,3MIDD_207,8,0.04034534841775894,0.041107144206762314,0.0003808978945016861,0.04072624631226063
029,3MIDD_207,9,0.04089602082967758,0.04185348004102707,0.00047872960567474365,0.041374750435352325
029,3MIDD_207,10,0.04151567444205284,0.0428263396024704,0.0006553325802087784,0.04217100702226162
029,3MIDD_207,11,0.04180920869112015,0.04333933815360069,0.0007650647312402725,0.04257427342236042
029,3MIDD_207,12,0.041805896908044815,0.043271999806165695,0.0007330514490604401,0.042538948357105255
029,3MIDD_207,13,0.041708920150995255,0.0429815948009491,0.0006363373249769211,0.042345257475972176
029,3MIDD_207,14,0.0416988804936409,0.04282356798648834,0.0005623437464237213,0.04226122424006462
029,3MIDD_207,15,0.04177810996770859,0.04291650280356407,0.000569196417927742,0.04234730638563633
029,3MIDD_207,16,0.04191594943404198,0.04318612813949585,0.0006350893527269363,0.04255103878676891
029,3MIDD_207,17,0.042073410004377365,0.043468162417411804,0.0006973762065172195,0.042770786210894585
029,3MIDD_207,18,0.0421963706612587,0.04360975697636604,0.0007066931575536728,0.04290306381881237
029,3MIDD_207,19,0.04224765673279762,0.04356007277965546,0.0006562080234289169,0.04290386475622654
029,3MIDD_207,20,0.04220348969101906,0.04339020699262619,0.000593358650803566,0.042796848341822624
029,3MIDD_207,21,0.04214546084403992,0.0432768315076828,0.0005656853318214417,0.04271114617586136
029,3MIDD_207,22,0.04218359664082527,0.04332680255174637,0.0005716029554605484,0.04275519959628582
029,3MIDD_207,23,0.042315561324357986,0.04349213466048241,0.0005882866680622101,0.0429038479924202
029,3MIDD_207,24,0.04246251657605171,0.04364156723022461,0.0005895253270864487,0.04305204190313816
029,3MIDD_207,25,0.04254056513309479,0.04368053376674652,0.0005699843168258667,0.043110549449920654
029,3MIDD_207,26,0.042526405304670334,0.043617524206638336,0.0005455594509840012,0.043071964755654335
029,3MIDD_207,27,0.042488086968660355,0.04353615269064903,0.000524032860994339,0.043012119829654694
029,3MIDD_207,28,0.042490892112255096,0.04351670295000076,0.0005129054188728333,0.04300379753112793
029,3MIDD_207,29,0.04255209490656853,0.04357413202524185,0.0005110185593366623,0.04306311346590519
029,3MIDD_207,30,0.04264013469219208,0.04366450756788254,0.0005121864378452301,0.04315232113003731
029,3MIDD_207,31,0.04271261766552925,0.04373127594590187,0.0005093291401863098,0.04322194680571556
029,3MIDD_207,32,0.042743317782878876,0.04374178498983383,0.000499233603477478,0.043242551386356354
029,3MIDD_207,33,0.04272789880633354,0.04371079429984093,0.0004914477467536926,0.043219346553087234
029,3MIDD_207,34,0.04270341992378235,0.043680284172296524,0.0004884321242570877,0.043191852048039436
029,3MIDD_207,35,0.042712677270174026,0.04368680343031883,0.00048706308007240295,0.04319974035024643
029,3MIDD_207,36,0.04276379570364952,0.04373299703001976,0.00048460066318511963,0.04324839636683464
029,3MIDD_207,37,0.04283018410205841,0.0437922477722168,0.0004810318350791931,0.043311215937137604
029,3MIDD_207,38,0.0428759828209877,0.043831102550029755,0.0004775598645210266,0.04335354268550873
029,3MIDD_207,39,0.04288626089692116,0.043833959847688675,0.00047384947538375854,0.043360110372304916
029,3MIDD_207,40,0.04287606477737427,0.04381456598639488,0.0004692506045103073,0.043345315381884575
029,3MIDD_207,41,0.04287387803196907,0.043801598250865936,0.0004638601094484329,0.0433377381414175
029,3MIDD_207,42,0.0428987592458725,0.0438138023018837,0.0004575215280056,0.0433562807738781
029,3MIDD_207,43,0.042943134903907776,0.043847426772117615,0.00045214593410491943,0.043395280838012695
029,3MIDD_207,44,0.042985282838344574,0.043882813304662704,0.00044876523315906525,0.04343404807150364
029,3MIDD_207,45,0.04300689697265625,0.043899454176425934,0.0004462786018848419,0.04345317557454109
029,3MIDD_207,46,0.043005313724279404,0.04389496147632599,0.00044482387602329254,0.043450137600302696
029,3MIDD_207,47,0.04299827665090561,0.04388178884983063,0.00044175609946250916,0.04344003275036812
029,3MIDD_207,48,0.043005507439374924,0.043877482414245605,0.0004359874874353409,0.043441494926810265
029,3MIDD_207,49,0.043031685054302216,0.043889399617910385,0.0004288572818040848,0.0434605423361063
029,4MIDD_085_170,0,0.026598451659083366,0.03423748165369034,0.003819514997303486,0.030417966656386852
029,4MIDD_085_170,1,0.028127232566475868,0.03600107878446579,0.003936923108994961,0.03206415567547083
029,4MIDD_085_170,2,0.029215548187494278,0.037598900496959686,0.004191676154732704,0.03340722434222698
029,4MIDD_085_170,3,0.029882699251174927,0.03876589611172676,0.004441598430275917,0.034324297681450844
029,4MIDD_085_170,4,0.0299808531999588,0.03959895297884941,0.004809049889445305,0.034789903089404106
029,4MIDD_085_170,5,0.02975381910800934,0.040190815925598145,0.005218498408794403,0.03497231751680374
029,4MIDD_085_170,6,0.02919735200703144,0.040534857660532,0.0056687528267502785,0.03486610483378172
029,4MIDD_085_170,7,0.028435438871383667,0.04064051806926727,0.006102539598941803,0.03453797847032547
029,4MIDD_085_170,8,0.02782902494072914,0.0406600758433342,0.006415525451302528,0.03424455039203167
029,4MIDD_085_170,9,0.02753426879644394,0.04076040908694267,0.006613070145249367,0.034147338941693306
029,4MIDD_085_170,10,0.02737375721335411,0.040923766791820526,0.006775004789233208,0.03414876200258732
029,4MIDD_085_170,11,0.027112102136015892,0.04099326580762863,0.00694058183580637,0.03405268397182226
029,4MIDD_085_170,12,0.026693852618336678,0.04089042916893959,0.0070982882753014565,0.033792140893638134
029,4MIDD_085_170,13,0.02629915066063404,0.040666431188583374,0.007183640263974667,0.03348279092460871
029,4MIDD_085_170,14,0.026121407747268677,0.0405653677880764,0.007221980020403862,0.03334338776767254
029,4MIDD_085_170,15,0.026120653375983238,0.04062020406126976,0.007249775342643261,0.0333704287186265
029,4MIDD_085_170,16,0.026106689125299454,0.04075117036700249,0.007322240620851517,0.03342892974615097
029,4MIDD_085_170,17,0.02596060000360012,0.04078821465373039,0.007413807325065136,0.033374407328665257
029,4MIDD_085_170,18,0.025729261338710785,0.04069783166050911,0.007484285160899162,0.03321354649960995
029,4MIDD_085_170,19,0.025508703663945198,0.040592242032289505,0.0075417691841721535,0.03305047284811735
029,4MIDD_085_170,20,0.025347668677568436,0.04049861431121826,0.007575472816824913,0.03292314149439335
029,4MIDD_085_170,21,0.02524484694004059,0.04042769595980644,0.007591424509882927,0.032836271449923515
029,4MIDD_085_170,22,0.02518058381974697,0.040409427136182785,0.007614421658217907,0.03279500547796488
029,4MIDD_085_170,23,0.02514023706316948,0.04044715315103531,0.007653458043932915,0.032793695107102394
029,4MIDD_085_170,24,0.02509262040257454,0.04048852249979973,0.007697951048612595,0.032790571451187134
029,4MIDD_085_170,25,0.02502230368554592,0.0404985249042511,0.007738110609352589,0.03276041429489851
029,4MIDD_085_170,26,0.024922499433159828,0.04046081751585007,0.0077691590413451195,0.03269165847450495
029,4MIDD_085_170,27,0.024799371138215065,0.04039626568555832,0.007798447273671627,0.03259781841188669
029,4MIDD_085_170,28,0.02468402311205864,0.04033907502889633,0.007827525958418846,0.032511549070477486
029,4MIDD_085_170,29,0.02460016869008541,0.040319811552762985,0.007859821431338787,0.0324599901214242
029,4MIDD_085_170,30,0.024549219757318497,0.04033522680401802,0.007893003523349762,0.03244222328066826
029,4MIDD_085_170,31,0.024512872099876404,0.04035476595163345,0.007920946925878525,0.03243381902575493
029,4MIDD_085_170,32,0.024476081132888794,0.040345996618270874,0.00793495774269104,0.032411038875579834
029,4MIDD_085_170,33,0.02441428415477276,0.040300752967596054,0.007943234406411648,0.032357518561184406
029,4MIDD_085_170,34,0.024341508746147156,0.04023288935422897,0.007945690304040909,0.032287199050188065
029,4MIDD_085_170,35,0.024276230484247208,0.04017634317278862,0.007950056344270706,0.032226286828517914
029,4MIDD_085_170,36,0.024229995906352997,0.040150370448827744,0.007960187271237373,0.03219018317759037
029,4MIDD_085_170,37,0.024203544482588768,0.04014567658305168,0.007971066050231457,0.032174610532820225
029,4MIDD_085_170,38,0.024189230054616928,0.04013684391975403,0.00797380693256855,0.03216303698718548
029,4MIDD_085_170,39,0.024169670417904854,0.04011421278119087,0.00797227118164301,0.03214194159954786
029,4MIDD_085_170,40,0.024132652208209038,0.040068116039037704,0.007967731915414333,0.03210038412362337
029,4MIDD_085_170,41,0.02408471889793873,0.040009353309869766,0.007962317205965519,0.03204703610390425
029,4MIDD_085_170,42,0.02404308132827282,0.039962347596883774,0.007959633134305477,0.0320027144625783
029,4MIDD_085_170,43,0.02402009628713131,0.03994056209921837,0.00796023290604353,0.03198032919317484
029,4MIDD_085_170,44,0.024012617766857147,0.03993402048945427,0.007960701361298561,0.03197331912815571
029,4MIDD_085_170,45,0.02400682494044304,0.039921581745147705,0.007957378402352333,0.03196420334279537
029,4MIDD_085_170,46,0.02399042434990406,0.03989104926586151,0.007950312457978725,0.031940736807882786
029,4MIDD_085_170,47,0.023961178958415985,0.03984721377491951,0.007943017408251762,0.03190419636666775
029,4MIDD_085_170,48,0.023929357528686523,0.0398038886487484,0.007937265560030937,0.03186662308871746
029,4MIDD_085_170,49,0.023908289149403572,0.03977284952998161,0.00793228019028902,0.03184056933969259
030,3MIDD_048,0,0.018359484151005745,-0.04563591256737709,-0.03199769835919142,-0.013638214208185673
030,3MIDD_048,1,0.01758170686662197,-0.046166084706783295,-0.03187389578670263,-0.014292188920080662
030,3MIDD_048,2,0.016874214634299278,-0.046366430819034576,-0.03162032272666693,-0.014746108092367649
030,3MIDD_048,3,0.016832508146762848,-0.04559749737381935,-0.0312150027602911,-0.014382494613528252
030,3MIDD_048,4,0.016955044120550156,-0.04485926404595375,-0.030907154083251953,-0.013952109962701797
030,3MIDD_048,5,0.017009954899549484,-0.04437718912959099,-0.030693572014570236,-0.013683617115020752
030,3MIDD_048,6,0.01720309630036354,-0.0439489372074604,-0.030576016753911972,-0.013372920453548431
030,3MIDD_048,7,0.01752225123345852,-0.04346047341823578,-0.03049136232584715,-0.01296911109238863
030,3MIDD_048,8,0.01784585602581501,-0.04307042434811592,-0.030458140186965466,-0.012612284161150455
030,3MIDD_048,9,0.01808154582977295,-0.042843274772167206,-0.030462410300970078,-0.012380864471197128
030,3MIDD_048,10,0.01821052096784115,-0.04268928989768028,-0.030449905432760715,-0.012239384464919567
030,3MIDD_048,11,0.018260840326547623,-0.04253507778048515,-0.030397959053516388,-0.012137118726968765
030,3MIDD_048,12,0.01826922781765461,-0.042364634573459625,-0.030316931195557117,-0.012047703377902508
030,3MIDD_048,13,0.018239157274365425,-0.04220656678080559,-0.030222862027585506,-0.011983704753220081
030,3MIDD_048,14,0.0181819349527359,-0.042062219232320786,-0.030122077092528343,-0.011940142139792442
030,3MIDD_048,15,0.018120331689715385,-0.04193299263715744,-0.030026662163436413,-0.011906330473721027
030,3MIDD_048,16,0.018062414601445198,-0.04183792322874069,-0.029950168915092945,-0.011887754313647747
030,3MIDD_048,17,0.01797897182404995,-0.04176708683371544,-0.029873029328882694,-0.011894057504832745
030,3MIDD_048,18,0.01787698082625866,-0.04169260337948799,-0.029784792102873325,-0.011907811276614666
030,3MIDD_048,19,0.01776956394314766,-0.04160834848880768,-0.02968895621597767,-0.01191939227283001
030,3MIDD_048,20,0.01766348071396351,-0.04152341187000275,-0.029593446291983128,-0.011929965578019619
030,3MIDD_048,21,0.017565177753567696,-0.04144229367375374,-0.029503735713660717,-0.011938557960093021
030,3MIDD_048,22,0.017476538196206093,-0.04136629030108452,-0.029421414248645306,-0.011944876052439213
030,3MIDD_048,23,0.01740010268986225,-0.04128745198249817,-0.02934377733618021,-0.011943674646317959
030,3MIDD_048,24,0.01734163612127304,-0.041208911687135696,-0.02927527390420437,-0.011933637782931328
030,3MIDD_048,25,0.017295438796281815,-0.041131824254989624,-0.02921363152563572,-0.011918192729353905
030,3MIDD_048,26,0.017257293686270714,-0.04107336327433586,-0.029165328480303288,-0.011908034794032574
030,3MIDD_048,27,0.01722864620387554,-0.04103514179587364,-0.029131893999874592,-0.01190324779599905
030,3MIDD_048,28,0.01721034198999405,-0.04100438579916954,-0.029107363894581795,-0.011897021904587746
030,3MIDD_048,29,0.017199261114001274,-0.04097853973507881,-0.029088900424540043,-0.011889639310538769
030,3MIDD_048,30,0.01719263382256031,-0.04096217453479767,-0.02907740417867899,-0.011884770356118679
030,3MIDD_048,31,0.01718982309103012,-0.04096158593893051,-0.029075704514980316,-0.011885881423950195
030,3MIDD_048,32,0.017191795632243156,-0.040970735251903534,-0.029081265442073345,-0.011889469809830189
030,3MIDD_048,33,0.017197106033563614,-0.040988802909851074,-0.029092954471707344,-0.01189584843814373
030,3MIDD_048,34,0.01720847561955452,-0.041011810302734375,-0.029110142961144447,-0.011901667341589928
030,3MIDD_048,35,0.017225231975317,-0.041035085916519165,-0.029130158945918083,-0.011904926970601082
030,3MIDD_048,36,0.017243264243006706,-0.04105761647224426,-0.029150440357625484,-0.011907176114618778
030,3MIDD_048,37,0.017261313274502754,-0.041082270443439484,-0.02917179185897112,-0.011910478584468365
030,3MIDD_048,38,0.017281144857406616,-0.04110538586974144,-0.029193265363574028,-0.011912120506167412
030,3MIDD_048,39,0.017301972955465317,-0.04112850874662399,-0.029215240851044655,-0.011913267895579338
030,3MIDD_048,40,0.017322558909654617,-0.041152697056531906,-0.02923762798309326,-0.011915069073438644
030,3MIDD_048,41,0.01734626665711403,-0.041176263242959976,-0.029261264950037003,-0.011914998292922974
030,3MIDD_048,42,0.017375115305185318,-0.04119496047496796,-0.029285037890076637,-0.01190992258489132
030,3MIDD_048,43,0.01740589737892151,-0.04120546206831932,-0.029305679723620415,-0.011899782344698906
030,3MIDD_048,44,0.017435763031244278,-0.04121079668402672,-0.029323279857635498,-0.01188751682639122
030,3MIDD_048,45,0.017465639859437943,-0.041215866804122925,-0.029340753331780434,-0.011875113472342491
030,3MIDD_048,46,0.01749430038034916,-0.04122171550989151,-0.029358007945120335,-0.011863707564771175
030,3MIDD_048,47,0.017520610243082047,-0.04122753068804741,-0.029374070465564728,-0.011853460222482681
030,3MIDD_048,48,0.017544692382216454,-0.041234154254198074,-0.029389423318207264,-0.01184473093599081
030,3MIDD_048,49,0.017567332834005356,-0.041237473487854004,-0.02940240316092968,-0.011835070326924324
030,3MIDD_207,0,-0.011020822450518608,0.005285447463393211,0.00815313495695591,-0.0028676874935626984
030,3MIDD_207,1,-0.011529237031936646,0.0050917211920022964,0.008310479111969471,-0.0032187579199671745
030,3MIDD_207,2,-0.012668673880398273,0.003760250750929117,0.008214462315663695,-0.004454211564734578
030,3MIDD_207,3,-0.013846129179000854,0.0026408559642732143,0.008243492571637034,-0.00560263660736382
030,3MIDD_207,4,-0.014492783695459366,0.0020953407511115074,0.008294062223285437,-0.006198721472173929
030,3MIDD_207,5,-0.014542079530656338,0.0021118223667144775,0.008326950948685408,-0.00621512858197093
030,3MIDD_207,6,-0.014245489612221718,0.0026694873813539743,0.008457488496787846,-0.005788001115433872
030,3MIDD_207,7,-0.013757720589637756,0.0033515591640025377,0.008554639876820147,-0.005203080712817609
030,3MIDD_207,8,-0.013331896625459194,0.003847560379654169,0.008589728502556682,-0.0047421681229025126
030,3MIDD_207,9,-0.013234585523605347,0.004209327045828104,0.008721956284716725,-0.004512629238888621
030,3MIDD_207,10,-0.013344656676054,0.004526732489466667,0.008935694582760334,-0.004408962093293667
030,3MIDD_207,11,-0.013503589667379856,0.0047712428495287895,0.009137416258454323,-0.004366173408925533
030,3MIDD_207,12,-0.013595537282526493,0.004966825246810913,0.009281181264668703,-0.00431435601785779
030,3MIDD_207,13,-0.013606959953904152,0.005158768035471439,0.009382863994687796,-0.004224095959216356
030,3MIDD_207,14,-0.013579987920820713,0.005354128312319517,0.009467058116570115,-0.004112929804250598
030,3MIDD_207,15,-0.013563147746026516,0.005531678441911936,0.009547413093969226,-0.00401573465205729
030,3MIDD_207,16,-0.013604129664599895,0.005698430351912975,0.009651280008256435,-0.00395284965634346
030,3MIDD_207,17,-0.01368135679513216,0.005847385618835688,0.009764371206983924,-0.003916985588148236
030,3MIDD_207,18,-0.013761748559772968,0.005980725400149822,0.009871236979961395,-0.003890511579811573
030,3MIDD_207,19,-0.013838197104632854,0.006103973835706711,0.009971085470169783,-0.003867111634463072
030,3MIDD_207,20,-0.013895440846681595,0.00620028143748641,0.010047861142084002,-0.0038475797045975924
030,3MIDD_207,21,-0.013940638862550259,0.006286571733653545,0.010113605298101902,-0.0038270335644483566
030,3MIDD_207,22,-0.014003598131239414,0.006368616130203009,0.010186107130721211,-0.0038174910005182028
030,3MIDD_207,23,-0.014086483046412468,0.006439901888370514,0.010263192467391491,-0.003823290579020977
030,3MIDD_207,24,-0.014170397073030472,0.006492628250271082,0.010331512661650777,-0.003838884411379695
030,3MIDD_207,25,-0.014242193661630154,0.006527762860059738,0.010384978260844946,-0.0038572154007852077
030,3MIDD_207,26,-0.01430056244134903,0.006549235433340073,0.010424898937344551,-0.0038756635040044785
030,3MIDD_207,27,-0.014349046163260937,0.006553946528583765,0.010451496345922351,-0.003897549817338586
030,3MIDD_207,28,-0.014391100965440273,0.006543013267219067,0.01046705711632967,-0.003924043849110603
030,3MIDD_207,29,-0.014436060562729836,0.006525340490043163,0.0104807005263865,-0.003955360036343336
030,3MIDD_207,30,-0.014490075409412384,0.006507123354822397,0.01049859938211739,-0.003991476027294993
030,3MIDD_207,31,-0.01454591192305088,0.006483250297605991,0.010514581110328436,-0.0040313308127224445
030,3MIDD_207,32,-0.014601517468690872,0.006444982718676329,0.0105232500936836,-0.004078267375007272
030,3MIDD_207,33,-0.01465195044875145,0.00639002863317728,0.010520989540964365,-0.004130960907787085
030,3MIDD_207,34,-0.01469656266272068,0.00632370775565505,0.010510135209187865,-0.004186427453532815
030,3MIDD_207,35,-0.014740397222340107,0.0062567852437496185,0.010498591233044863,-0.004241805989295244
030,3MIDD_207,36,-0.014781375415623188,0.006196712609380484,0.010489044012501836,-0.004292331403121352
030,3MIDD_207,37,-0.014818774536252022,0.006137784570455551,0.010478279553353786,-0.004340494982898235
030,3MIDD_207,38,-0.014849469065666199,0.00607701763510704,0.01046324335038662,-0.004386225715279579
030,3MIDD_207,39,-0.014875300228595734,0.006014711689203978,0.010445005958899856,-0.004430294269695878
030,3MIDD_207,40,-0.014896305277943611,0.005951445549726486,0.010423875413835049,-0.0044724298641085625
030,3MIDD_207,41,-0.014912632293999195,0.005888411309570074,0.010400521801784635,-0.0045121104922145605
030,3MIDD_207,42,-0.014932652935385704,0.005828718189150095,0.0103806855622679,-0.0045519673731178045
030,3MIDD_207,43,-0.014952939935028553,0.005772649310529232,0.010362794622778893,-0.0045901453122496605
030,3MIDD_207,44,-0.014969094656407833,0.005722983740270138,0.010346039198338985,-0.004623055458068848
030,3MIDD_207,45,-0.01498171966522932,0.005679682362824678,0.010330701014027,-0.004651018651202321
030,3MIDD_207,46,-0.014988448470830917,0.0056412736885249615,0.01031486107967794,-0.004673587391152978
030,3MIDD_207,47,-0.014990780502557755,0.005608818028122187,0.01029979926533997,-0.004690981237217784
030,3MIDD_207,48,-0.014992020092904568,0.0055815912783145905,0.010286805685609579,-0.004705214407294989
030,3MIDD_207,49,-0.014991254545748234,0.005558647681027651,0.010274951113387942,-0.0047163034323602915
030,4MIDD_085_170,0,-0.02016218565404415,-0.002638972597196698,0.008761606528423727,-0.011400579125620425
030,4MIDD_085_170,1,-0.020742163062095642,-0.0028328984044492245,0.008954632328823209,-0.011787530733272433
030,4MIDD_085_170,2,-0.02120363898575306,-0.0032201893627643585,0.00899172481149435,-0.012211914174258709
030,4MIDD_085_170,3,-0.021198507398366928,-0.003541272133588791,0.008828617632389069,-0.01236988976597786
030,4MIDD_085_170,4,-0.021296478807926178,-0.003573405323550105,0.008861536742188036,-0.012434942065738142
030,4MIDD_085_170,5,-0.021537259221076965,-0.0033963860478252172,0.009070436586625874,-0.012466822634451091
030,4MIDD_085_170,6,-0.021761879324913025,-0.0029108927119523287,0.009425493306480348,-0.012336386018432677
030,4MIDD_085_170,7,-0.02180720493197441,-0.0024683275260031223,0.009669438702985644,-0.012137766228988767
030,4MIDD_085_170,8,-0.021789459511637688,-0.002250781049951911,0.009769339230842888,-0.0120201202807948
030,4MIDD_085_170,9,-0.021739378571510315,-0.0022034968715161085,0.009767940849997103,-0.011971437721513212
030,4MIDD_085_170,10,-0.021626807749271393,-0.002195192500948906,0.009715807624161243,-0.01191100012511015
030,4MIDD_085_170,11,-0.02149866707623005,-0.002168067963793874,0.009665299556218088,-0.011833367520011961
030,4MIDD_085_170,12,-0.021387681365013123,-0.002127240179106593,0.009630220592953265,-0.011757460772059858
030,4MIDD_085_170,13,-0.0212811678647995,-0.002098505152389407,0.009591331356205046,-0.011689836508594453
030,4MIDD_085_170,14,-0.021186739206314087,-0.0020870070438832045,0.009549866081215441,-0.011636873125098646
030,4MIDD_085_170,15,-0.021100057289004326,-0.0020907646976411343,0.009504646295681596,-0.01159541099332273
030,4MIDD_085_170,16,-0.021023988723754883,-0.0021052055526524782,0.009459391585551202,-0.01156459713820368
030,4MIDD_085_170,17,-0.020953038707375526,-0.002122133271768689,0.009415452717803419,-0.011537585989572108
030,4MIDD_085_170,18,-0.020888984203338623,-0.002141328528523445,0.009373827837407589,-0.011515156365931034
030,4MIDD_085_170,19,-0.020831352099776268,-0.0021620220504701138,0.009334665024653077,-0.011496687075123191
030,4MIDD_085_170,20,-0.02075999602675438,-0.002183064352720976,0.009288465837016702,-0.011471530189737678
030,4MIDD_085_170,21,-0.020671658217906952,-0.002210957231000066,0.009230350493453443,-0.011441307724453509
030,4MIDD_085_170,22,-0.02056901901960373,-0.002234840067103505,0.009167089476250112,-0.011401929543353617
030,4MIDD_085_170,23,-0.020464634522795677,-0.0022640693932771683,0.009100282564759254,-0.011364351958036423
030,4MIDD_085_170,24,-0.020371204242110252,-0.0023001281078904867,0.009035538067109883,-0.01133566617500037
030,4MIDD_085_170,25,-0.020288782194256783,-0.0023358960170298815,0.00897644308861345,-0.011312339105643332
030,4MIDD_085_170,26,-0.02023022249341011,-0.0023753836285322905,0.00892741943243891,-0.0113028030609712
030,4MIDD_085_170,27,-0.02019353397190571,-0.0024319018702954054,0.008880816050805151,-0.011312717921100557
030,4MIDD_085_170,28,-0.020176857709884644,-0.0025008234661072493,0.008838017121888697,-0.011338840587995946
030,4MIDD_085_170,29,-0.02017795667052269,-0.0025761201977729797,0.008800918236374855,-0.011377038434147835
030,4MIDD_085_170,30,-0.020183436572551727,-0.0026526940055191517,0.008765371283516288,-0.01141806528903544
030,4MIDD_085_170,31,-0.020193738862872124,-0.002728676423430443,0.00873253121972084,-0.011461207643151283
030,4MIDD_085_170,32,-0.02021156996488571,-0.002807996002957225,0.008701786980964243,-0.011509782983921468
030,4MIDD_085_170,33,-0.020236440002918243,-0.0028941615018993616,0.008671139250509441,-0.011565300752408803
030,4MIDD_085_170,34,-0.020267428830266,-0.002986899111419916,0.008640264859423041,-0.011627163970842957
030,4MIDD_085_170,35,-0.020306337624788284,-0.0030819163657724857,0.0086122106295079,-0.011694126995280385
030,4MIDD_085_170,36,-0.020352574065327644,-0.003175820456817746,0.008588376804254949,-0.011764197261072695
030,4MIDD_085_170,37,-0.02040066011250019,-0.0032712959218770266,0.008564682095311582,-0.011835978017188609
030,4MIDD_085_170,38,-0.02045392617583275,-0.003370230086147785,0.008541848044842482,-0.011912078130990267
030,4MIDD_085_170,39,-0.020504938438534737,-0.0034695768263190985,0.008517680806107819,-0.011987257632426918
030,4MIDD_085_170,40,-0.02055440843105316,-0.003566715633496642,0.00849384639877826,-0.012060562032274902
030,4MIDD_085_170,41,-0.020600304007530212,-0.0036585077177733183,0.008470898144878447,-0.012129405862651765
030,4MIDD_085_170,42,-0.020643603056669235,-0.0037447360809892416,0.008449433487839997,-0.012194169568829238
030,4MIDD_085_170,43,-0.020686423406004906,-0.003825531341135502,0.008430446032434702,-0.012255977373570204
030,4MIDD_085_170,44,-0.020729880779981613,-0.003903801552951336,0.008413039613515139,-0.012316841166466475
030,4MIDD_085_170,45,-0.020772941410541534,-0.003978554159402847,0.008397193625569344,-0.01237574778497219
030,4MIDD_085_170,46,-0.02081385813653469,-0.00404631020501256,0.008383773965761065,-0.012430084170773625
030,4MIDD_085_170,47,-0.020848749205470085,-0.004107611253857613,0.008370568975806236,-0.012478180229663849
030,4MIDD_085_170,48,-0.020879048854112625,-0.004163078498095274,0.008357985178008676,-0.01252106367610395
030,4MIDD_085_170,49,-0.02090461179614067,-0.004213445354253054,0.008345583220943809,-0.012559028575196862
031,3MIDD_048,0,0.02752682752907276,0.02201438508927822,-0.00275622121989727,0.02477060630917549
031,3MIDD_048,1,0.029077332466840744,0.02167760580778122,-0.0036998633295297623,0.025377469137310982
031,3MIDD_048,2,0.03025316633284092,0.02122505009174347,-0.004514058120548725,0.025739108212292194
031,3MIDD_048,3,0.03084007278084755,0.020904427394270897,-0.004967822693288326,0.025872250087559223
031,3MIDD_048,4,0.031185034662485123,0.020808229222893715,-0.005188402719795704,0.02599663194268942
031,3MIDD_048,5,0.031731270253658295,0.020897850394248962,-0.005416709929704666,0.02631456032395363
031,3MIDD_048,6,0.032543301582336426,0.02117929421365261,-0.0056820036843419075,0.02686129789799452
031,3MIDD_048,7,0.033359117805957794,0.021618496626615524,-0.005870310589671135,0.02748880721628666
031,3MIDD_048,8,0.033959027379751205,0.02210490219295025,-0.005927062593400478,0.028031964786350727
031,3MIDD_048,9,0.034233637154102325,0.02261015586555004,-0.005811740644276142,0.028421896509826183
031,3MIDD_048,10,0.03433052822947502,0.023149903863668442,-0.00559031218290329,0.02874021604657173
031,3MIDD_048,11,0.0344126932322979,0.02372042089700699,-0.005346136167645454,0.029066557064652443
031,3MIDD_048,12,0.03447510674595833,0.024197304621338844,-0.005138901062309742,0.029336205683648586
031,3MIDD_048,13,0.034494444727897644,0.02461838163435459,-0.004938031546771526,0.029556413181126118
031,3MIDD_048,14,0.034506600350141525,0.025014888495206833,-0.004745855927467346,0.02976074442267418
031,3MIDD_048,15,0.034442238509655,0.025404905900359154,-0.0045186663046479225,0.029923572205007076
031,3MIDD_048,16,0.034374773502349854,0.025843268260359764,-0.004265752620995045,0.03010902088135481
031,3MIDD_048,17,0.03433193266391754,0.02624993771314621,-0.004040997475385666,0.030290935188531876
031,3MIDD_048,18,0.03430141881108284,0.026640476658940315,-0.0038304710760712624,0.030470947735011578
031,3MIDD_048,19,0.03421098738908768,0.026982048526406288,-0.0036144694313406944,0.030596517957746983
031,3MIDD_048,20,0.0340106375515461,0.027278631925582886,-0.0033660028129816055,0.03064463473856449
031,3MIDD_048,21,0.03378307446837425,0.027529723942279816,-0.0031266752630472183,0.030656399205327034
031,3MIDD_048,22,0.033623021095991135,0.027806924656033516,-0.0029080482199788094,0.030714972876012325
031,3MIDD_048,23,0.033515043556690216,0.028120996430516243,-0.0026970235630869865,0.03081801999360323
031,3MIDD_048,24,0.03341490030288696,0.02841288223862648,-0.0025010090321302414,0.03091389127075672
031,3MIDD_048,25,0.03332051262259483,0.02866823785007,-0.002326137386262417,0.030994375236332417
031,3MIDD_048,26,0.033184461295604706,0.028942832723259926,-0.00212081428617239,0.031063647009432316
031,3MIDD_048,27,0.033018894493579865,0.029192883521318436,-0.0019130054861307144,0.03110588900744915
031,3MIDD_048,28,0.03285040706396103,0.029433919116854668,-0.0017082439735531807,0.03114216309040785
031,3MIDD_048,29,0.03267144039273262,0.029646949842572212,-0.001512245275080204,0.031159195117652416
031,3MIDD_048,30,0.03246988728642464,0.029836198315024376,-0.0013168444857001305,0.031153042800724506
031,3MIDD_048,31,0.03225642815232277,0.030008168891072273,-0.001124129630625248,0.03113229852169752
031,3MIDD_048,32,0.03206690773367882,0.0301603265106678,-0.0009532906115055084,0.03111361712217331
031,3MIDD_048,33,0.03188266605138779,0.03027969039976597,-0.0008014878258109093,0.031081178225576878
031,3MIDD_048,34,0.03167314827442169,0.03036012314260006,-0.0006565125659108162,0.031016635708510876
031,3MIDD_048,35,0.03142359480261803,0.030392419546842575,-0.0005155876278877258,0.0309080071747303
031,3MIDD_048,36,0.031165730208158493,0.03040057048201561,-0.00038257986307144165,0.03078315034508705
031,3MIDD_048,37,0.030926721170544624,0.030412521213293076,-0.0002570999786257744,0.03066962119191885
031,3MIDD_048,38,0.030737951397895813,0.03044033609330654,-0.00014880765229463577,0.030589143745601177
031,3MIDD_048,39,0.030570082366466522,0.03048265539109707,-4.3713487684726715e-05,0.030526368878781796
031,3MIDD_048,40,0.030411912128329277,0.030482294037938118,3.519095480442047e-05,0.030447103083133698
031,3MIDD_048,41,0.030269814655184746,0.030445940792560577,8.80630686879158e-05,0.03035787772387266
031,3MIDD_048,42,0.030149033293128014,0.030417460948228836,0.00013421382755041122,0.030283247120678425
031,3MIDD_048,43,0.03004961647093296,0.030410831794142723,0.0001806076616048813,0.030230224132537842
031,3MIDD_048,44,0.02996104583144188,0.030385276302695274,0.00021211523562669754,0.030173161067068577
031,3MIDD_048,45,0.0298939049243927,0.030361583456397057,0.0002338392660021782,0.03012774419039488
031,3MIDD_048,46,0.029850492253899574,0.03033473715186119,0.00024212244898080826,0.030092614702880383
031,3MIDD_048,47,0.029798947274684906,0.03028583526611328,0.00024344399571418762,0.030042391270399094
031,3MIDD_048,48,0.02975437603890896,0.03023248165845871,0.00023905280977487564,0.029993428848683834
031,3MIDD_048,49,0.02971643954515457,0.030169211328029633,0.00022638589143753052,0.029942825436592102
031,3MIDD_207,0,0.015224951319396496,0.04638385400176048,0.015579451341181993,0.03080440266057849
031,3MIDD_207,1,0.016706770285964012,0.045861709862947464,0.014577469788491726,0.03128424007445574
031,3MIDD_207,2,0.017333362251520157,0.0453949049115181,0.01403077132999897,0.03136413358151913
031,3MIDD_207,3,0.012956046499311924,0.04801127314567566,0.017527613323181868,0.03048365982249379
031,3MIDD_207,4,0.008766822516918182,0.05231526121497154,0.02177421934902668,0.030541041865944862
031,3MIDD_207,5,0.00751508679240942,0.05647703632712364,0.02448097476735711,0.03199606155976653
031,3MIDD_207,6,0.008600573055446148,0.05880502238869667,0.02510222466662526,0.03370279772207141
031,3MIDD_207,7,0.009971468709409237,0.05921231210231781,0.024620421696454287,0.034591890405863523
031,3MIDD_207,8,0.010591685771942139,0.05902623012661934,0.0242172721773386,0.03480895794928074
031,3MIDD_207,9,0.010474219918251038,0.059015803039073944,0.024270791560411453,0.03474501147866249
031,3MIDD_207,10,0.010303772054612637,0.0594172328710556,0.024556730408221483,0.03486050246283412
031,3MIDD_207,11,0.01050772238522768,0.0600549578666687,0.02477361774072051,0.03528134012594819
031,3MIDD_207,12,0.011018897406756878,0.06058497726917267,0.024783039931207895,0.03580193733796477
031,3MIDD_207,13,0.011509698815643787,0.06085042282938957,0.024670362006872892,0.03618006082251668
031,3MIDD_207,14,0.01173628680408001,0.060977477580308914,0.024620595388114452,0.03635688219219446
031,3MIDD_207,15,0.0117758484557271,0.06112383306026459,0.024673992302268744,0.036449840757995844
031,3MIDD_207,16,0.011809983290731907,0.06120133027434349,0.024695673491805792,0.0365056567825377
031,3MIDD_207,17,0.011966751888394356,0.061116691678762436,0.02457496989518404,0.036541721783578396
031,3MIDD_207,18,0.012261904776096344,0.06089058145880699,0.024314338341355324,0.03657624311745167
031,3MIDD_207,19,0.01256638579070568,0.060630884021520615,0.024032249115407467,0.03659863490611315
031,3MIDD_207,20,0.012876419350504875,0.060373224318027496,0.02374840248376131,0.036624821834266186
031,3MIDD_207,21,0.013165375217795372,0.06014890968799591,0.02349176723510027,0.03665714245289564
031,3MIDD_207,22,0.01342710293829441,0.059888288378715515,0.023230592720210552,0.03665769565850496
031,3MIDD_207,23,0.01364933792501688,0.059542033821344376,0.022946347948163748,0.03659568587318063
031,3MIDD_207,24,0.013813138008117676,0.05913206934928894,0.022659465670585632,0.03647260367870331
031,3MIDD_207,25,0.013934977352619171,0.058693308383226395,0.022379165515303612,0.03631414286792278
031,3MIDD_207,26,0.013996072113513947,0.05826554447412491,0.02213473618030548,0.03613080829381943
031,3MIDD_207,27,0.014005295932292938,0.05782417207956314,0.0219094380736351,0.03591473400592804
031,3MIDD_207,28,0.014014888554811478,0.057362038642168045,0.021673575043678284,0.03568846359848976
031,3MIDD_207,29,0.014036784879863262,0.05688612535595894,0.021424670238047838,0.0354614551179111
031,3MIDD_207,30,0.014053037390112877,0.056404758244752884,0.021175860427320004,0.03522889781743288
031,3MIDD_207,31,0.014073869213461876,0.0559249222278595,0.02092552650719881,0.034999395720660686
031,3MIDD_207,32,0.014095798134803772,0.05547479912638664,0.020689500495791435,0.03478529863059521
031,3MIDD_207,33,0.014134777709841728,0.055037494748830795,0.020451358519494534,0.03458613622933626
031,3MIDD_207,34,0.0141810467466712,0.05459229275584221,0.020205623004585505,0.034386669751256704
031,3MIDD_207,35,0.01422100979834795,0.054159652441740036,0.019969321321696043,0.03419033112004399
031,3MIDD_207,36,0.014256119728088379,0.05373186990618706,0.01973787508904934,0.03399399481713772
031,3MIDD_207,37,0.014279458671808243,0.053318243473768234,0.019519392400979996,0.03379885107278824
031,3MIDD_207,38,0.014278200455009937,0.052908770740032196,0.01931528514251113,0.03359348559752107
031,3MIDD_207,39,0.014262649230659008,0.0525202713906765,0.019128811080008745,0.03339146031066775
031,3MIDD_207,40,0.014238202013075352,0.052149418741464615,0.01895560836419463,0.03319381037726998
031,3MIDD_207,41,0.014195621013641357,0.0517861545085907,0.01879526674747467,0.03299088776111603
031,3MIDD_207,42,0.014123363420367241,0.05142790824174881,0.018652272410690784,0.032775635831058025
031,3MIDD_207,43,0.014030571095645428,0.051077041774988174,0.018523235339671373,0.0325538064353168
031,3MIDD_207,44,0.013930631801486015,0.05072995275259018,0.018399660475552082,0.0323302922770381
031,3MIDD_207,45,0.013822479173541069,0.050386860966682434,0.018282190896570683,0.03210467007011175
031,3MIDD_207,46,0.013693391345441341,0.05006743222475052,0.01818702043965459,0.03188041178509593
031,3MIDD_207,47,0.013556350953876972,0.049784500151872635,0.01811407459899783,0.031670425552874804
031,3MIDD_207,48,0.013413810171186924,0.04952441528439522,0.018055302556604147,0.03146911272779107
031,3MIDD_207,49,0.013271864503622055,0.049278970807790756,0.01800355315208435,0.031275417655706406
031,4MIDD_085_170,0,0.008083885535597801,0.04103263095021248,0.01647437270730734,0.02455825824290514
031,4MIDD_085_170,1,0.00941644236445427,0.04302479326725006,0.016804175451397896,0.026220617815852165
031,4MIDD_085_170,2,0.010393790900707245,0.044586893171072006,0.01709655113518238,0.027490342035889626
031,4MIDD_085_170,3,0.011275905184447765,0.044762637466192245,0.01674336614087224,0.028019271325320005
031,4MIDD_085_170,4,0.012025980278849602,0.04472155496478081,0.016347787342965603,0.028373767621815205
031,4MIDD_085_170,5,0.012941021472215652,0.04562699422240257,0.01634298637509346,0.029284007847309113
031,4MIDD_085_170,6,0.013828885741531849,0.04717065393924713,0.01667088409885764,0.03049976984038949
031,4MIDD_085_170,7,0.014363057911396027,0.04830130189657211,0.016969121992588043,0.03133217990398407
031,4MIDD_085_170,8,0.014248629100620747,0.04872707277536392,0.017239221837371588,0.031487850937992334
031,4MIDD_085_170,9,0.013659641146659851,0.04868535324931145,0.017512856051325798,0.03117249719798565
031,4MIDD_085_170,10,0.013186351396143436,0.04874984547495842,0.01778174703940749,0.030968098435550928
031,4MIDD_085_170,11,0.012934567406773567,0.0489698089659214,0.018017620779573917,0.030952188186347485
031,4MIDD_085_170,12,0.012932722456753254,0.04928666353225708,0.018176970537751913,0.031109692994505167
031,4MIDD_085_170,13,0.01301886048167944,0.049521591514348984,0.018251365516334772,0.03127022599801421
031,4MIDD_085_170,14,0.013130614534020424,0.049496524035930634,0.018182954750955105,0.03131356928497553
031,4MIDD_085_170,15,0.013243284076452255,0.04931512847542763,0.018035922199487686,0.03127920627593994
031,4MIDD_085_170,16,0.013425087556242943,0.04910122975707054,0.0178380711004138,0.03126315865665674
031,4MIDD_085_170,17,0.013605969958007336,0.048923082649707794,0.01765855634585023,0.031264526303857565
031,4MIDD_085_170,18,0.013771363534033298,0.048754192888736725,0.017491414677351713,0.03126277821138501
031,4MIDD_085_170,19,0.013929137960076332,0.048575323075056076,0.017323092557489872,0.031252230517566204
031,4MIDD_085_170,20,0.014056779444217682,0.04836016148328781,0.017151691019535065,0.031208470463752747
031,4MIDD_085_170,21,0.014149680733680725,0.04813215136528015,0.016991235315799713,0.031140916049480438
031,4MIDD_085_170,22,0.014212091453373432,0.04796522110700607,0.01687656482681632,0.031088656280189753
031,4MIDD_085_170,23,0.014270003885030746,0.04786619916558266,0.016798097640275955,0.0310681015253067
031,4MIDD_085_170,24,0.014317739754915237,0.04778546839952469,0.016733864322304726,0.031051604077219963
031,4MIDD_085_170,25,0.01434994675219059,0.04769998416304588,0.016675018705427647,0.031024965457618237
031,4MIDD_085_170,26,0.014360427856445312,0.04760194569826126,0.016620758920907974,0.030981186777353287
031,4MIDD_085_170,27,0.014367371797561646,0.04749974608421326,0.016566187143325806,0.03093355894088745
031,4MIDD_085_170,28,0.014396782033145428,0.04740505665540695,0.016504137311130762,0.03090091934427619
031,4MIDD_085_170,29,0.01443204190582037,0.047337330877780914,0.016452644485980272,0.030884686391800642
031,4MIDD_085_170,30,0.014477566815912724,0.04724446311593056,0.016383448150008917,0.03086101496592164
031,4MIDD_085_170,31,0.014510135166347027,0.04716532304883003,0.016327593941241503,0.03083772910758853
031,4MIDD_085_170,32,0.014537977986037731,0.04707590118050575,0.01626896159723401,0.030806939583271742
031,4MIDD_085_170,33,0.014578212983906269,0.04699518531560898,0.016208486165851355,0.030786699149757624
031,4MIDD_085_170,34,0.014600953087210655,0.04692565277218819,0.016162349842488766,0.03076330292969942
031,4MIDD_085_170,35,0.014595537446439266,0.04685962200164795,0.01613204227760434,0.030727579724043608
031,4MIDD_085_170,36,0.014595959335565567,0.046799324452877045,0.01610168255865574,0.030697641894221306
031,4MIDD_085_170,37,0.014620497822761536,0.046779565513134,0.016079533845186234,0.03070003166794777
031,4MIDD_085_170,38,0.014660527929663658,0.04678315296769142,0.01606131251901388,0.03072184044867754
031,4MIDD_085_170,39,0.014707927592098713,0.046790748834609985,0.016041410621255636,0.03074933821335435
031,4MIDD_085_170,40,0.014776590280234814,0.04678738862276077,0.01600539917126298,0.030781989451497793
031,4MIDD_085_170,41,0.014865030534565449,0.04679550975561142,0.015965239610522985,0.030830270145088434
031,4MIDD_085_170,42,0.014957050792872906,0.0468224473297596,0.015932698268443346,0.030889749061316252
031,4MIDD_085_170,43,0.015046410262584686,0.04687776416540146,0.015915676951408386,0.030962087213993073
031,4MIDD_085_170,44,0.015126001089811325,0.04693382605910301,0.015903912484645844,0.03102991357445717
031,4MIDD_085_170,45,0.015197092667222023,0.046998098492622375,0.015900502912700176,0.0310975955799222
031,4MIDD_085_170,46,0.015274498611688614,0.04706989973783493,0.015897700563073158,0.031172199174761772
031,4MIDD_085_170,47,0.015344634652137756,0.0471489354968071,0.01590215042233467,0.031246785074472427
031,4MIDD_085_170,48,0.015419459901750088,0.04723125323653221,0.015905896667391062,0.03132535656914115
031,4MIDD_085_170,49,0.015484808944165707,0.04730185121297836,0.015908521134406328,0.031393330078572035
032,3MIDD_048,0,-0.02135205827653408,-0.0067821163684129715,0.0072849709540605545,-0.014067087322473526
032,3MIDD_048,1,-0.023050682619214058,-0.009129870682954788,0.006960405968129635,-0.016090276651084423
032,3MIDD_048,2,-0.025245174765586853,-0.011346870101988316,0.006949152331799269,-0.018296022433787584
032,3MIDD_048,3,-0.028730474412441254,-0.01529690157622099,0.006716786418110132,-0.02201368799433112
032,3MIDD_048,4,-0.03039630502462387,-0.017448848113417625,0.006473728455603123,-0.023922576569020748
032,3MIDD_048,5,-0.029228907078504562,-0.01792188547551632,0.0056535108014941216,-0.02357539627701044
032,3MIDD_048,6,-0.023915883153676987,-0.016393577679991722,0.0037611527368426323,-0.020154730416834354
032,3MIDD_048,7,-0.018186872825026512,-0.014469478279352188,0.001858697272837162,-0.01632817555218935
032,3MIDD_048,8,-0.015432718209922314,-0.014243049547076225,0.0005948343314230442,-0.01483788387849927
032,3MIDD_048,9,-0.0166203361004591,-0.01339093316346407,0.0016147014684975147,-0.015005634631961584
032,3MIDD_048,10,-0.021620316430926323,-0.0137921879068017,0.003914064262062311,-0.017706252168864012
032,3MIDD_048,11,-0.029065441340208054,-0.015275010839104652,0.006895215250551701,-0.022170226089656353
032,3MIDD_048,12,-0.034076027572155,-0.01551206223666668,0.00928198266774416,-0.02479404490441084
032,3MIDD_048,13,-0.03473217412829399,-0.014620141126215458,0.010056016501039267,-0.024676157627254725
032,3MIDD_048,14,-0.03585779666900635,-0.012890893965959549,0.0114834513515234,-0.02437434531748295
032,3MIDD_048,15,-0.03747648745775223,-0.01211643312126398,0.012680027168244123,-0.024796460289508104
032,3MIDD_048,16,-0.03884870931506157,-0.013854378834366798,0.012497165240347385,-0.026351544074714184
032,3MIDD_048,17,-0.0408318005502224,-0.016095342114567757,0.01236822921782732,-0.028463571332395077
032,3MIDD_048,18,-0.04029591381549835,-0.019036127254366875,0.010629893280565739,-0.029666020534932613
032,3MIDD_048,19,-0.03791685402393341,-0.021746709942817688,0.008085072040557861,-0.02983178198337555
032,3MIDD_048,20,-0.03482673317193985,-0.021128427237272263,0.006849152967333794,-0.027977580204606056
032,3MIDD_048,21,-0.03223739564418793,-0.01879386231303215,0.0067217666655778885,-0.02551562897861004
032,3MIDD_048,22,-0.03137460723519325,-0.016208231449127197,0.007583187893033028,-0.023791419342160225
032,3MIDD_048,23,-0.031162600964307785,-0.015222634188830853,0.007969983387738466,-0.02319261757656932
032,3MIDD_048,24,-0.030809927731752396,-0.015526151284575462,0.007641888223588467,-0.02316803950816393
032,3MIDD_048,25,-0.03044763393700123,-0.01745760627090931,0.0064950138330459595,-0.02395262010395527
032,3MIDD_048,26,-0.028580384328961372,-0.022367728874087334,0.0031063277274370193,-0.025474056601524353
032,3MIDD_048,27,-0.027561312541365623,-0.026780519634485245,0.00039039645344018936,-0.027170916087925434
032,3MIDD_048,28,-0.027918266132473946,-0.030441394075751305,-0.0012615639716386795,-0.029179830104112625
032,3MIDD_048,29,-0.0305471234023571,-0.0322839729487896,-0.0008684247732162476,-0.03141554817557335
032,3MIDD_048,30,-0.03370039537549019,-0.0321735255420208,0.0007634349167346954,-0.03293696045875549
032,3MIDD_048,31,-0.03677799552679062,-0.0334441177546978,0.0016669388860464096,-0.03511105664074421
032,3MIDD_048,32,-0.03793828934431076,-0.037609148770570755,0.00016457028687000275,-0.03777371905744076
032,3MIDD_048,33,-0.03821079432964325,-0.04506509378552437,-0.0034271497279405594,-0.04163794405758381
032,3MIDD_048,34,-0.037479814141988754,-0.05310717597603798,-0.007813680917024612,-0.04529349505901337
032,3MIDD_048,35,-0.037674520164728165,-0.05708868429064751,-0.009707082062959671,-0.047381602227687836
032,3MIDD_048,36,-0.04014365375041962,-0.06036805361509323,-0.010112199932336807,-0.050255853682756424
032,3MIDD_048,37,-0.043666671961545944,-0.0605621337890625,-0.008447730913758278,-0.05211440287530422
032,3MIDD_048,38,-0.045360881835222244,-0.061491601169109344,-0.00806535966694355,-0.053426241502165794
032,3MIDD_048,39,-0.045088090002536774,-0.06386320292949677,-0.009387556463479996,-0.05447564646601677
032,3MIDD_048,40,-0.04365026205778122,-0.06681715697050095,-0.011583447456359863,-0.05523370951414108
032,3MIDD_048,41,-0.04183836281299591,-0.07157857716083527,-0.014870107173919678,-0.05670846998691559
032,3MIDD_048,42,-0.041139062494039536,-0.0755312591791153,-0.01719609834253788,-0.058335160836577415
032,3MIDD_048,43,-0.041908662766218185,-0.07801058888435364,-0.018050963059067726,-0.05995962582528591
032,3MIDD_048,44,-0.04352431371808052,-0.08028378337621689,-0.018379734829068184,-0.061904048547148705
032,3MIDD_048,45,-0.044245362281799316,-0.08272060006856918,-0.019237618893384933,-0.06348298117518425
032,3MIDD_048,46,-0.04390109330415726,-0.08463677763938904,-0.02036784216761589,-0.06426893547177315
032,3MIDD_048,47,-0.04287091642618179,-0.08693046122789383,-0.022029772400856018,-0.06490068882703781
032,3MIDD_048,48,-0.042014528065919876,-0.08821504563093185,-0.02310025878250599,-0.06511478684842587
032,3MIDD_048,49,-0.041266489773988724,-0.08883620798587799,-0.023784859105944633,-0.06505134887993336
032,3MIDD_207,0,-0.031397245824337006,-0.019492853432893753,0.005952196195721626,-0.02544504962861538
032,3MIDD_207,1,-0.034396227449178696,-0.023272331804037094,0.005561947822570801,-0.028834279626607895
032,3MIDD_207,2,-0.03668231889605522,-0.027215002104640007,0.004733658395707607,-0.031948660500347614
032,3MIDD_207,3,-0.03677835687994957,-0.026811091229319572,0.004983632825314999,-0.03179472405463457
032,3MIDD_207,4,-0.037899505347013474,-0.024513332173228264,0.006693086586892605,-0.03120641876012087
032,3MIDD_207,5,-0.03830685839056969,-0.022779015824198723,0.007763921283185482,-0.030542937107384205
032,3MIDD_207,6,-0.04032466560602188,-0.022347504273056984,0.008988580666482449,-0.03133608493953943
032,3MIDD_207,7,-0.042129889130592346,-0.02288128063082695,0.009624304249882698,-0.03250558488070965
032,3MIDD_207,8,-0.040899354964494705,-0.022498955950140953,0.009200199507176876,-0.03169915545731783
032,3MIDD_207,9,-0.03504399582743645,-0.02127414382994175,0.006884925998747349,-0.0281590698286891
032,3MIDD_207,10,-0.028850676491856575,-0.020442025735974312,0.004204325377941132,-0.024646351113915443
032,3MIDD_207,11,-0.022689346224069595,-0.018937410786747932,0.0018759677186608315,-0.020813378505408764
032,3MIDD_207,12,-0.01706664077937603,-0.018174640834331512,-0.0005540000274777412,-0.01762064080685377
032,3MIDD_207,13,-0.015305548906326294,-0.020774777978658676,-0.002734614536166191,-0.018040163442492485
032,3MIDD_207,14,-0.012357490137219429,-0.024354388937354088,-0.005998449400067329,-0.01835593953728676
032,3MIDD_207,15,-0.006786878686398268,-0.02807903289794922,-0.010646077105775476,-0.017432955792173743
032,3MIDD_207,16,-0.0013357392745092511,-0.029609709978103638,-0.014136985351797193,-0.015472724626306444
032,3MIDD_207,17,0.0024053158704191446,-0.028783289715647697,-0.015594302793033421,-0.013188986922614276
032,3MIDD_207,18,0.002105142455548048,-0.0263958852738142,-0.014250513864681125,-0.012145371409133077
032,3MIDD_207,19,-0.00020361284259706736,-0.024705588817596436,-0.012250987987499684,-0.012454600830096751
032,3MIDD_207,20,-0.0009176782332360744,-0.023382853716611862,-0.011232587741687894,-0.012150265974923968
032,3MIDD_207,21,0.0008584149181842804,-0.02217949740588665,-0.011518956162035465,-0.010660541243851185
032,3MIDD_207,22,0.00422501377761364,-0.021752241998910904,-0.012988627888262272,-0.008763614110648632
032,3MIDD_207,23,0.006844871677458286,-0.02183561772108078,-0.014340244699269533,-0.007495373021811247
032,3MIDD_207,24,0.007976955734193325,-0.021361367776989937,-0.014669161755591631,-0.006692206021398306
032,3MIDD_207,25,0.006252417340874672,-0.020847618579864502,-0.013550017960369587,-0.007297600619494915
032,3MIDD_207,26,0.003129401709884405,-0.02198493294417858,-0.012557167327031493,-0.009427765617147088
032,3MIDD_207,27,-5.7934517826652154e-05,-0.023433318361639977,-0.011687691921906662,-0.011745626439733314
032,3MIDD_207,28,-0.002360747894272208,-0.025042317807674408,-0.0113407849567011,-0.013701532850973308
032,3MIDD_207,29,-0.0033404212445020676,-0.024844199419021606,-0.01075188908725977,-0.014092310331761837
032,3MIDD_207,30,-0.003810623660683632,-0.024761511012911797,-0.010475443676114082,-0.014286067336797714
032,3MIDD_207,31,-0.004065611865371466,-0.02457747608423233,-0.010255932109430432,-0.014321543974801898
032,3MIDD_207,32,-0.005452609620988369,-0.02388019673526287,-0.009213793557137251,-0.01466640317812562
032,3MIDD_207,33,-0.007569487206637859,-0.02340051718056202,-0.00791551498696208,-0.01548500219359994
032,3MIDD_207,34,-0.010453842580318451,-0.022845515981316566,-0.006195836700499058,-0.01664967928081751
032,3MIDD_207,35,-0.01320105604827404,-0.022422626614570618,-0.004610785283148289,-0.01781184133142233
032,3MIDD_207,36,-0.014662269502878189,-0.02262873202562332,-0.003983231261372566,-0.018645500764250755
032,3MIDD_207,37,-0.015353902243077755,-0.0226591844111681,-0.0036526410840451717,-0.019006543327122927
032,3MIDD_207,38,-0.01591534912586212,-0.023787084966897964,-0.0039358679205179214,-0.019851217046380043
032,3MIDD_207,39,-0.016455048695206642,-0.024215664714574814,-0.003880308009684086,-0.020335356704890728
032,3MIDD_207,40,-0.017863476648926735,-0.02451644092798233,-0.0033264821395277977,-0.021189958788454533
032,3MIDD_207,41,-0.019548915326595306,-0.02426823228597641,-0.0023596584796905518,-0.021908573806285858
032,3MIDD_207,42,-0.021050874143838882,-0.02356938272714615,-0.0012592542916536331,-0.022310128435492516
032,3MIDD_207,43,-0.022056492045521736,-0.02274509146809578,-0.00034429971128702164,-0.022400791756808758
032,3MIDD_207,44,-0.022161394357681274,-0.022255096584558487,-4.685111343860626e-05,-0.02220824547111988
032,3MIDD_207,45,-0.021865246817469597,-0.021655311807990074,0.00010496750473976135,-0.021760279312729836
032,3MIDD_207,46,-0.021395541727542877,-0.01997189037501812,0.0007118256762623787,-0.0206837160512805
032,3MIDD_207,47,-0.021191339939832687,-0.016983680427074432,0.0021038297563791275,-0.01908751018345356
032,3MIDD_207,48,-0.021912097930908203,-0.01397303119301796,0.003969533368945122,-0.01794256456196308
032,3MIDD_207,49,-0.02331670932471752,-0.011583217419683933,0.005866745952516794,-0.017449963372200727
032,4MIDD_085_170,0,-0.016291627660393715,-0.016964079812169075,-0.00033622607588768005,-0.016627853736281395
032,4MIDD_085_170,1,-0.016628852114081383,-0.0187832098454237,-0.0010771788656711578,-0.01770603097975254
032,4MIDD_085_170,2,-0.017953049391508102,-0.020695332437753677,-0.0013711415231227875,-0.01932419091463089
032,4MIDD_085_170,3,-0.020474258810281754,-0.022816456854343414,-0.0011710990220308304,-0.021645357832312584
032,4MIDD_085_170,4,-0.02184593863785267,-0.02405608259141445,-0.0011050719767808914,-0.02295101061463356
032,4MIDD_085_170,5,-0.020884348079562187,-0.023922225460410118,-0.0015189386904239655,-0.022403286769986153
032,4MIDD_085_170,6,-0.019005348905920982,-0.022574355825781822,-0.00178450345993042,-0.020789852365851402
032,4MIDD_085_170,7,-0.015603398904204369,-0.019897324964404106,-0.0021469630300998688,-0.017750361934304237
032,4MIDD_085_170,8,-0.010234208777546883,-0.018200958147644997,-0.003983374685049057,-0.01421758346259594
032,4MIDD_085_170,9,-0.007536569610238075,-0.018270207569003105,-0.005366818979382515,-0.01290338858962059
032,4MIDD_085_170,10,-0.007197519298642874,-0.019925227388739586,-0.006363854045048356,-0.01356137334369123
032,4MIDD_085_170,11,-0.008211723528802395,-0.023333951830863953,-0.007561114151030779,-0.015772837679833174
032,4MIDD_085_170,12,-0.008497965522110462,-0.023470962420105934,-0.007486498448997736,-0.015984463971108198
032,4MIDD_085_170,13,-0.007799843791872263,-0.01951204612851143,-0.005856101168319583,-0.013655944960191846
032,4MIDD_085_170,14,-0.004258289001882076,-0.013041636906564236,-0.00439167395234108,-0.008649962954223156
032,4MIDD_085_170,15,0.000607163819950074,-0.009209303185343742,-0.004908233502646908,-0.004301069682696834
032,4MIDD_085_170,16,0.004811597056686878,-0.007592022884637117,-0.006201809970661998,-0.0013902129139751196
032,4MIDD_085_170,17,0.006753013469278812,-0.01015796884894371,-0.008455491159111261,-0.001702477689832449
032,4MIDD_085_170,18,0.005780733190476894,-0.013975406065583229,-0.009878069628030062,-0.004097336437553167
032,4MIDD_085_170,19,0.0031437939032912254,-0.016564134508371353,-0.00985396420583129,-0.006710170302540064
032,4MIDD_085_170,20,-0.0011160725262016058,-0.017833393067121506,-0.00835866027045995,-0.009474732796661556
032,4MIDD_085_170,21,-0.0049650222063064575,-0.020106706768274307,-0.007570842280983925,-0.012535864487290382
032,4MIDD_085_170,22,-0.0072549753822386265,-0.021869607269763947,-0.00730731594376266,-0.014562291326001287
032,4MIDD_085_170,23,-0.008597900159657001,-0.024033423513174057,-0.007717761676758528,-0.01631566183641553
032,4MIDD_085_170,24,-0.01095578819513321,-0.027520565316081047,-0.008282388560473919,-0.019238176755607128
032,4MIDD_085_170,25,-0.014909632503986359,-0.03218270465731621,-0.008636536076664925,-0.023546168580651283
032,4MIDD_085_170,26,-0.019396483898162842,-0.03901342302560806,-0.00980846956372261,-0.029204953461885452
032,4MIDD_085_170,27,-0.023578574880957603,-0.04496844857931137,-0.010694936849176884,-0.03427351173013449
032,4MIDD_085_170,28,-0.02565394900739193,-0.04823567718267441,-0.01129086408764124,-0.03694481309503317
032,4MIDD_085_170,29,-0.025276266038417816,-0.04950426518917084,-0.01211399957537651,-0.03739026561379433
032,4MIDD_085_170,30,-0.024318072944879532,-0.049974191933870316,-0.012828059494495392,-0.037146132439374924
032,4MIDD_085_170,31,-0.0254621971398592,-0.0509658083319664,-0.0127518055960536,-0.0382140027359128
032,4MIDD_085_170,32,-0.02935199625790119,-0.052643418312072754,-0.011645711027085781,-0.04099770728498697
032,4MIDD_085_170,33,-0.03454350680112839,-0.057347796857357025,-0.011402145028114319,-0.045945651829242706
032,4MIDD_085_170,34,-0.039021797478199005,-0.06167067959904671,-0.011324441060423851,-0.050346238538622856
032,4MIDD_085_170,35,-0.04352380335330963,-0.0631343275308609,-0.009805262088775635,-0.053329065442085266
032,4MIDD_085_170,36,-0.0446767657995224,-0.06313538551330566,-0.009229309856891632,-0.05390607565641403
032,4MIDD_085_170,37,-0.042393337935209274,-0.06085463985800743,-0.009230650961399078,-0.05162398889660835
032,4MIDD_085_170,38,-0.04024051874876022,-0.05798008665442467,-0.008869783952832222,-0.049110302701592445
032,4MIDD_085_170,39,-0.042945098131895065,-0.05644391104578972,-0.006749406456947327,-0.04969450458884239
032,4MIDD_085_170,40,-0.048325248062610626,-0.055958107113838196,-0.003816429525613785,-0.05214167758822441
032,4MIDD_085_170,41,-0.052755940705537796,-0.05723177269101143,-0.0022379159927368164,-0.05499385669827461
032,4MIDD_085_170,42,-0.05643156170845032,-0.05903809517621994,-0.0013032667338848114,-0.05773482844233513
032,4MIDD_085_170,43,-0.05956220626831055,-0.06061052158474922,-0.0005241576582193375,-0.060086363926529884
032,4MIDD_085_170,44,-0.06016433238983154,-0.06216660141944885,-0.0010011345148086548,-0.0611654669046402
032,4MIDD_085_170,45,-0.0580073744058609,-0.06275328993797302,-0.002372957766056061,-0.06038033217191696
032,4MIDD_085_170,46,-0.05753243342041969,-0.06331677734851837,-0.0028921719640493393,-0.06042460538446903
032,4MIDD_085_170,47,-0.059737373143434525,-0.06376822292804718,-0.002015424892306328,-0.06175279803574085
032,4MIDD_085_170,48,-0.06340546905994415,-0.06435715407133102,-0.00047584250569343567,-0.06388131156563759
032,4MIDD_085_170,49,-0.06644990295171738,-0.06509143114089966,0.0006792359054088593,-0.06577066704630852
033,3MIDD_048,0,-0.011483442038297653,-0.019913457334041595,-0.004215007647871971,-0.015698449686169624
033,3MIDD_048,1,-0.012439683079719543,-0.020091477781534195,-0.0038258973509073257,-0.01626558043062687
033,3MIDD_048,2,-0.013179591856896877,-0.020173300057649612,-0.0034968541003763676,-0.016676445957273245
033,3MIDD_048,3,-0.01274624839425087,-0.020194603130221367,-0.0037241773679852486,-0.01647042576223612
033,3MIDD_048,4,-0.011964493431150913,-0.02014828845858574,-0.004091897513717413,-0.016056390944868326
033,3MIDD_048,5,-0.011192385107278824,-0.01965664140880108,-0.0042321281507611275,-0.015424513258039951
033,3MIDD_048,6,-0.010736797004938126,-0.019055308774113655,-0.004159255884587765,-0.01489605288952589
033,3MIDD_048,7,-0.010640201158821583,-0.018569137901067734,-0.0039644683711230755,-0.014604669529944658
033,3MIDD_048,8,-0.010836223140358925,-0.018386568874120712,-0.0037751728668808937,-0.014611396007239819
033,3MIDD_048,9,-0.01111916545778513,-0.018398640677332878,-0.0036397376097738743,-0.014758903067559004
033,3MIDD_048,10,-0.01135245617479086,-0.018419597297906876,-0.003533570561558008,-0.014886026736348867
033,3MIDD_048,11,-0.01151344459503889,-0.018372351303696632,-0.0034294533543288708,-0.014942897949367762
033,3MIDD_048,12,-0.011618655174970627,-0.018287822604179382,-0.0033345837146043777,-0.014953238889575005
033,3MIDD_048,13,-0.011726452969014645,-0.01819458045065403,-0.0032340637408196926,-0.014960516709834337
033,3MIDD_048,14,-0.011823256500065327,-0.018093407154083252,-0.0031350753270089626,-0.01495833182707429
033,3MIDD_048,15,-0.01190937589854002,-0.018005143851041794,-0.003047883976250887,-0.014957259874790907
033,3MIDD_048,16,-0.011958003044128418,-0.017899854108691216,-0.0029709255322813988,-0.014928928576409817
033,3MIDD_048,17,-0.011988156475126743,-0.017783701419830322,-0.0028977724723517895,-0.014885928947478533
033,3MIDD_048,18,-0.01199211273342371,-0.01765378564596176,-0.002830836456269026,-0.014822949189692736
033,3MIDD_048,19,-0.011964499950408936,-0.017519686371088028,-0.002777593210339546,-0.014742093160748482
033,3MIDD_048,20,-0.01191905327141285,-0.0173714067786932,-0.002726176753640175,-0.014645230025053024
033,3MIDD_048,21,-0.011865073814988136,-0.017219433560967445,-0.0026771798729896545,-0.01454225368797779
033,3MIDD_048,22,-0.011810597963631153,-0.01707141287624836,-0.0026304074563086033,-0.014441005419939756
033,3MIDD_048,23,-0.011755465529859066,-0.016933951526880264,-0.002589242998510599,-0.014344708528369665
033,3MIDD_048,24,-0.011700690723955631,-0.01680731400847435,-0.0025533116422593594,-0.01425400236621499
033,3MIDD_048,25,-0.011642549186944962,-0.016687551513314247,-0.002522501163184643,-0.014165050350129604
033,3MIDD_048,26,-0.011585341766476631,-0.016571342945098877,-0.002493000589311123,-0.014078342355787754
033,3MIDD_048,27,-0.011525580659508705,-0.016458092257380486,-0.00246625579893589,-0.013991836458444595
033,3MIDD_048,28,-0.01146607380360365,-0.016346525400877,-0.002440225798636675,-0.013906299602240324
033,3MIDD_048,29,-0.011407122947275639,-0.01623792015016079,-0.0024153986014425755,-0.013822521548718214
033,3MIDD_048,30,-0.01135033369064331,-0.016136806458234787,-0.0023932363837957382,-0.013743570074439049
033,3MIDD_048,31,-0.011293048039078712,-0.016042763367295265,-0.0023748576641082764,-0.013667905703186989
033,3MIDD_048,32,-0.011241665109992027,-0.015956982970237732,-0.0023576589301228523,-0.01359932404011488
033,3MIDD_048,33,-0.011193348094820976,-0.015877489000558853,-0.0023420704528689384,-0.013535418547689915
033,3MIDD_048,34,-0.01115040760487318,-0.015803439542651176,-0.002326515968888998,-0.013476923573762178
033,3MIDD_048,35,-0.011112038046121597,-0.01573365367949009,-0.002310807816684246,-0.013422845862805843
033,3MIDD_048,36,-0.011075560003519058,-0.015668503940105438,-0.00229647196829319,-0.013372031971812248
033,3MIDD_048,37,-0.011040338315069675,-0.01560878474265337,-0.0022842232137918472,-0.013324561528861523
033,3MIDD_048,38,-0.011005536653101444,-0.015554279088973999,-0.0022743712179362774,-0.013279907871037722
033,3MIDD_048,39,-0.010973108001053333,-0.015504454262554646,-0.002265673130750656,-0.01323878113180399
033,3MIDD_048,40,-0.010942408815026283,-0.015459013171494007,-0.002258302178233862,-0.013200710993260145
033,3MIDD_048,41,-0.010913409292697906,-0.015417894348502159,-0.0022522425279021263,-0.013165651820600033
033,3MIDD_048,42,-0.01088548731058836,-0.015379516407847404,-0.0022470145486295223,-0.013132501859217882
033,3MIDD_048,43,-0.010859517380595207,-0.015344669111073017,-0.002242575865238905,-0.013102093245834112
033,3MIDD_048,44,-0.010835638269782066,-0.01531240250915289,-0.0022383821196854115,-0.013074020389467478
033,3MIDD_048,45,-0.010814595967531204,-0.01528195757418871,-0.0022336808033287525,-0.013048276770859957
033,3MIDD_048,46,-0.010795955546200275,-0.015253567136824131,-0.002228805795311928,-0.013024761341512203
033,3MIDD_048,47,-0.010779077187180519,-0.015227718278765678,-0.0022243205457925797,-0.013003397732973099
033,3MIDD_048,48,-0.01076334435492754,-0.015204508788883686,-0.002220582216978073,-0.012983926571905613
033,3MIDD_048,49,-0.010749123059213161,-0.015183680690824986,-0.002217278815805912,-0.012966401875019073
033,3MIDD_207,0,-0.002808267716318369,0.019267814233899117,0.011038040975108743,0.008229773258790374
033,3MIDD_207,1,-0.002680183155462146,0.01994386315345764,0.011312023154459894,0.008631839998997748
033,3MIDD_207,2,-0.002619488863274455,0.0205064844340086,0.011562986648641527,0.008943497785367072
033,3MIDD_207,3,-0.002944794250652194,0.02021651901304722,0.011580656631849706,0.008635862381197512
033,3MIDD_207,4,-0.002773100743070245,0.01932378299534321,0.011048441869206727,0.008275341126136482
033,3MIDD_207,5,-0.0026663283351808786,0.018704231828451157,0.010685280081816018,0.008018951746635139
033,3MIDD_207,6,-0.0023050981108099222,0.01834302954375744,0.01032406382728368,0.008018965716473758
033,3MIDD_207,7,-0.0017023308901116252,0.018120549619197845,0.009911440254654735,0.00820910936454311
033,3MIDD_207,8,-0.0009651712025515735,0.017876949161291122,0.009421060181921348,0.008455888979369774
033,3MIDD_207,9,-0.000340543978381902,0.017640359699726105,0.008990451839054003,0.008649907860672101
033,3MIDD_207,10,5.88775183132384e-05,0.017480114474892616,0.008710618478289689,0.008769495996602927
033,3MIDD_207,11,0.00020360041526146233,0.017319707199931145,0.008558053392334841,0.008761653807596304
033,3MIDD_207,12,0.0001566253340570256,0.017120573669672012,0.008481974167807493,0.008638599501864519
033,3MIDD_207,13,6.733497139066458e-05,0.016888173297047615,0.008410419162828475,0.00847775413421914
033,3MIDD_207,14,2.141587174264714e-05,0.016717689111828804,0.008348136620043078,0.008369552491785726
033,3MIDD_207,15,5.966168828308582e-05,0.016630401834845543,0.008285370073281229,0.008345031761564314
033,3MIDD_207,16,0.00010646290320437402,0.01660258136689663,0.008248059231846128,0.008354522135050502
033,3MIDD_207,17,0.0001412851270288229,0.01655203476548195,0.008205374819226563,0.008346659946255386
033,3MIDD_207,18,0.0001177820231532678,0.016485165804624557,0.008183691890735645,0.008301473913888913
033,3MIDD_207,19,5.519979458767921e-05,0.016408486291766167,0.008176643248589244,0.008231843043176923
033,3MIDD_207,20,1.1864996167787467e-06,0.016364440321922302,0.008181626911152762,0.00818281341076954
033,3MIDD_207,21,-2.342082552786451e-05,0.016339944675564766,0.008181682750546315,0.00815826192501845
033,3MIDD_207,22,-3.404962262720801e-05,0.016330935060977936,0.008182492341802572,0.008148442719175364
033,3MIDD_207,23,-4.913668453809805e-05,0.016323523595929146,0.008186330140233622,0.008137193455695524
033,3MIDD_207,24,-9.135634900303558e-05,0.016307825222611427,0.008199590785807231,0.008108234436804196
033,3MIDD_207,25,-0.00016078015323728323,0.016285333782434464,0.008223056967835873,0.00806227681459859
033,3MIDD_207,26,-0.0002483994176145643,0.016258472576737404,0.008253435997175984,0.00800503657956142
033,3MIDD_207,27,-0.00033591387909837067,0.016234923154115677,0.008285418516607024,0.007949504637508653
033,3MIDD_207,28,-0.00041570805478841066,0.016224686056375504,0.008320197055581957,0.007904489000793546
033,3MIDD_207,29,-0.0004852031997870654,0.016218166798353195,0.00835168499907013,0.007866481799283065
033,3MIDD_207,30,-0.0005460625980049372,0.01621125638484955,0.008378659491427243,0.007832596893422306
033,3MIDD_207,31,-0.0006037564598955214,0.016195541247725487,0.008399648853810504,0.007795892393914983
033,3MIDD_207,32,-0.0006602659123018384,0.016168393194675446,0.008414329553488642,0.007754063641186804
033,3MIDD_207,33,-0.0007141101523302495,0.01614069938659668,0.008427404769463465,0.007713294617133215
033,3MIDD_207,34,-0.0007639940595254302,0.01611461117863655,0.00843930261908099,0.00767530855955556
033,3MIDD_207,35,-0.0008078639511950314,0.01609247736632824,0.008450170658761635,0.007642306707566604
033,3MIDD_207,36,-0.0008495434885844588,0.01606660895049572,0.00845807621954009,0.0076085327309556305
033,3MIDD_207,37,-0.0008889269083738327,0.016038283705711365,0.008463605307042599,0.007574678398668766
033,3MIDD_207,38,-0.000925326079595834,0.01600852608680725,0.008466926083201542,0.0075416000036057085
033,3MIDD_207,39,-0.0009593626600690186,0.015978069975972176,0.008468716318020597,0.0075093536579515785
033,3MIDD_207,40,-0.0009905360639095306,0.01594693399965763,0.00846873503178358,0.00747819896787405
033,3MIDD_207,41,-0.00101856654509902,0.01591738499701023,0.008467975771054626,0.0074494092259556055
033,3MIDD_207,42,-0.0010451539419591427,0.015888188034296036,0.00846667098812759,0.0074215170461684465
033,3MIDD_207,43,-0.0010689456248655915,0.015858711674809456,0.008463828649837524,0.007394883024971932
033,3MIDD_207,44,-0.0010900120250880718,0.01582937128841877,0.00845969165675342,0.007369679631665349
033,3MIDD_207,45,-0.0011090391781181097,0.01580074243247509,0.0084548908052966,0.00734585162717849
033,3MIDD_207,46,-0.0011263398919254541,0.015772001817822456,0.008449170854873955,0.007322830962948501
033,3MIDD_207,47,-0.0011415177723392844,0.01574402116239071,0.008442769467364997,0.007301251695025712
033,3MIDD_207,48,-0.0011548693291842937,0.015716148540377617,0.008435508934780955,0.007280639605596662
033,3MIDD_207,49,-0.0011668333318084478,0.015689246356487274,0.008428039844147861,0.007261206512339413
033,4MIDD_085_170,0,-0.00786561705172062,-0.0013655584771186113,0.003250029287301004,-0.004615587764419615
033,4MIDD_085_170,1,-0.007943556644022465,-0.0009656490292400122,0.0034889538073912263,-0.0044546028366312385
033,4MIDD_085_170,2,-0.007900589145720005,-0.0004524679097812623,0.0037240606179693714,-0.004176528527750634
033,4MIDD_085_170,3,-0.008074652403593063,-0.0001535342598799616,0.003960559071856551,-0.0041140933317365125
033,4MIDD_085_170,4,-0.00833530630916357,5.653918924508616e-05,0.004195922749204328,-0.004139383559959242
033,4MIDD_085_170,5,-0.008189620450139046,9.142242197412997e-05,0.004140521436056588,-0.004049099014082458
033,4MIDD_085_170,6,-0.007948789745569229,7.103746611392125e-05,0.004009913605841575,-0.003938876139727654
033,4MIDD_085_170,7,-0.007900039665400982,0.00018392904894426465,0.004041984357172623,-0.0038580553082283586
033,4MIDD_085_170,8,-0.008097049780189991,0.00024396509979851544,0.004170507439994253,-0.003926542340195738
033,4MIDD_085_170,9,-0.008362957276403904,0.0002106725296471268,0.004286814903025515,-0.004076142373378389
033,4MIDD_085_170,10,-0.008644656278192997,-5.133680679136887e-05,0.004296659735700814,-0.004347996542492183
033,4MIDD_085_170,11,-0.008888407610356808,-0.000402222853153944,0.004243092378601432,-0.004645315231755376
033,4MIDD_085_170,12,-0.009095361456274986,-0.0007131915772333741,0.004191084939520806,-0.00490427651675418
033,4MIDD_085_170,13,-0.009280793368816376,-0.000971986330114305,0.004154403519351035,-0.00512638984946534
033,4MIDD_085_170,14,-0.009420368820428848,-0.0011509136529639363,0.004134727583732456,-0.005285641236696392
033,4MIDD_085_170,15,-0.009522958658635616,-0.0012587845558300614,0.004132087051402777,-0.005390871607232839
033,4MIDD_085_170,16,-0.009591393172740936,-0.0012938004219904542,0.004148796375375241,-0.005442596797365695
033,4MIDD_085_170,17,-0.009649347513914108,-0.0013047420652583241,0.004172302724327892,-0.005477044789586216
033,4MIDD_085_170,18,-0.009718759916722775,-0.001286919228732586,0.004215920343995094,-0.00550283957272768
033,4MIDD_085_170,19,-0.009795297868549824,-0.0012726647546514869,0.0042613165569491684,-0.005533981311600655
033,4MIDD_085_170,20,-0.009867439977824688,-0.0012541725300252438,0.004306633723899722,-0.005560806253924966
033,4MIDD_085_170,21,-0.009922429919242859,-0.001224446576088667,0.004348991671577096,-0.005573438247665763
033,4MIDD_085_170,22,-0.009960024617612362,-0.0011755434097722173,0.004392240603920072,-0.00556778401369229
033,4MIDD_085_170,23,-0.009990882128477097,-0.0011200037552043796,0.0044354391866363585,-0.005555442941840738
033,4MIDD_085_170,24,-0.010023192502558231,-0.001070215366780758,0.004476488567888737,-0.005546703934669495
033,4MIDD_085_170,25,-0.01005253940820694,-0.0010310901561751962,0.004510724626015872,-0.005541814782191068
033,4MIDD_085_170,26,-0.010080869309604168,-0.0010024250950664282,0.00453922210726887,-0.005541647202335298
033,4MIDD_085_170,27,-0.010106941685080528,-0.0009797309758141637,0.004563605354633182,-0.005543336330447346
033,4MIDD_085_170,28,-0.010133251547813416,-0.0009623146615922451,0.004585468443110585,-0.00554778310470283
033,4MIDD_085_170,29,-0.010156936012208462,-0.0009455782710574567,0.0046056788705755025,-0.005551257141632959
033,4MIDD_085_170,30,-0.010175985284149647,-0.0009321895777247846,0.004621897853212431,-0.005554087430937216
033,4MIDD_085_170,31,-0.010193651542067528,-0.0009152411948889494,0.004639205173589289,-0.005554446368478239
033,4MIDD_085_170,32,-0.010211614891886711,-0.0009005985921248794,0.004655508149880916,-0.005556106742005795
033,4MIDD_085_170,33,-0.010228621773421764,-0.0008894625352695584,0.004669579619076103,-0.005559042154345661
033,4MIDD_085_170,34,-0.010246959514915943,-0.0008823110838420689,0.004682324215536937,-0.005564635299379006
033,4MIDD_085_170,35,-0.010265326127409935,-0.0008777350885793567,0.004693795519415289,-0.005571530607994646
033,4MIDD_085_170,36,-0.01028177049010992,-0.0008746327366679907,0.004703568876720965,-0.005578201613388956
033,4MIDD_085_170,37,-0.010297471657395363,-0.0008729184628464282,0.004712276597274467,-0.0055851950601208955
033,4MIDD_085_170,38,-0.01031113974750042,-0.0008716898155398667,0.0047197249659802765,-0.005591414781520143
033,4MIDD_085_170,39,-0.010322296060621738,-0.0008710661204531789,0.00472561497008428,-0.005596681090537459
033,4MIDD_085_170,40,-0.010333002544939518,-0.000869374314788729,0.0047318141150753945,-0.0056011884298641235
033,4MIDD_085_170,41,-0.01034083217382431,-0.0008686007931828499,0.00473611569032073,-0.00560471648350358
033,4MIDD_085_170,42,-0.010346460156142712,-0.000868778268340975,0.004738840943900868,-0.005607619212241843
033,4MIDD_085_170,43,-0.010351736098527908,-0.0008687164518050849,0.004741509823361412,-0.005610226275166497
033,4MIDD_085_170,44,-0.01035621389746666,-0.0008678189478814602,0.0047441974747926,-0.00561201642267406
033,4MIDD_085_170,45,-0.010360260494053364,-0.0008666093344800174,0.004746825579786673,-0.005613434914266691
033,4MIDD_085_170,46,-0.010364033281803131,-0.0008657259750179946,0.004749153653392568,-0.005614879628410563
033,4MIDD_085_170,47,-0.010366799309849739,-0.000865322828758508,0.0047507382405456156,-0.0056160610693041235
033,4MIDD_085_170,48,-0.010368674993515015,-0.0008647050126455724,0.004751984990434721,-0.0056166900030802935
033,4MIDD_085_170,49,-0.010370129719376564,-0.0008635731064714491,0.0047532783064525574,-0.005616851412924007
034,3MIDD_048,0,0.01887086220085621,0.0016218998935073614,-0.008624481153674424,0.010246381047181785
034,3MIDD_048,1,0.018484096974134445,0.0017389303538948298,-0.008372583310119808,0.010111513664014637
034,3MIDD_048,2,0.018068203702569008,0.0012285964330658317,-0.008419803634751588,0.00964840006781742
034,3MIDD_048,3,0.0173079501837492,0.0005797504563815892,-0.008364099863683805,0.008943850320065394
034,3MIDD_048,4,0.01704671047627926,-7.282821025000885e-05,-0.008559769343264634,0.008486941133014625
034,3MIDD_048,5,0.01661742851138115,-0.0009345165453851223,-0.008775972528383136,0.007841455982998013
034,3MIDD_048,6,0.016007212921977043,-0.0017298251623287797,-0.008868519042152911,0.007138693879824132
034,3MIDD_048,7,0.015363458544015884,-0.002649522852152586,-0.009006490698084235,0.006356967845931649
034,3MIDD_048,8,0.014851164072751999,-0.003542258869856596,-0.009196711471304297,0.0056544526014477015
034,3MIDD_048,9,0.014305062592029572,-0.0043515292927622795,-0.009328295942395926,0.004976766649633646
034,3MIDD_048,10,0.013801285065710545,-0.00491877319291234,-0.009360029129311442,0.004441255936399102
034,3MIDD_048,11,0.013372945599257946,-0.0052479468286037445,-0.009310446213930845,0.004062499385327101
034,3MIDD_048,12,0.013008628971874714,-0.005447868723422289,-0.009228248847648501,0.0037803801242262125
034,3MIDD_048,13,0.012672249227762222,-0.005606357008218765,-0.009139303117990494,0.0035329461097717285
034,3MIDD_048,14,0.012312867678701878,-0.005743054673075676,-0.009027961175888777,0.003284906502813101
034,3MIDD_048,15,0.011873971670866013,-0.005891358479857445,-0.008882665075361729,0.002991306595504284
034,3MIDD_048,16,0.01143561489880085,-0.00609385734423995,-0.0087647361215204,0.00267087877728045
034,3MIDD_048,17,0.010992499068379402,-0.006278171204030514,-0.008635335136204958,0.002357163932174444
034,3MIDD_048,18,0.010596340522170067,-0.006484647747129202,-0.008540494134649634,0.0020558463875204325
034,3MIDD_048,19,0.010206401348114014,-0.006672164890915155,-0.008439283119514585,0.0017671182285994291
034,3MIDD_048,20,0.009792335331439972,-0.006882031448185444,-0.008337183389812708,0.001455151941627264
034,3MIDD_048,21,0.009452705271542072,-0.00715218111872673,-0.008302443195134401,0.001150262076407671
034,3MIDD_048,22,0.009186558425426483,-0.007420179899781942,-0.008303369162604213,0.0008831892628222704
034,3MIDD_048,23,0.00895337387919426,-0.007612233050167561,-0.00828280346468091,0.0006705704145133495
034,3MIDD_048,24,0.008703327737748623,-0.007799789309501648,-0.008251558523625135,0.00045176921412348747
034,3MIDD_048,25,0.008363815024495125,-0.008008526638150215,-0.00818617083132267,0.00017764419317245483
034,3MIDD_048,26,0.008064009249210358,-0.008204490877687931,-0.008134250063449144,-7.02408142387867e-05
034,3MIDD_048,27,0.00780212227255106,-0.008425494655966759,-0.00811380846425891,-0.0003116861917078495
034,3MIDD_048,28,0.007520981598645449,-0.00864552240818739,-0.008083252003416419,-0.0005622704047709703
034,3MIDD_048,29,0.007184426765888929,-0.008930973708629608,-0.008057700237259269,-0.0008732734713703394
034,3MIDD_048,30,0.0067939418368041515,-0.009243454784154892,-0.008018698310479522,-0.0012247564736753702
034,3MIDD_048,31,0.006357694510370493,-0.009505911730229855,-0.007931803120300174,-0.0015741086099296808
034,3MIDD_048,32,0.005932297091931105,-0.009684463031589985,-0.007808380061760545,-0.0018760829698294401
034,3MIDD_048,33,0.005615051835775375,-0.009835196658968925,-0.00772512424737215,-0.002110072411596775
034,3MIDD_048,34,0.005308746360242367,-0.009943494573235512,-0.007626120466738939,-0.0023173741064965725
034,3MIDD_048,35,0.004984878934919834,-0.010032807476818562,-0.007508843205869198,-0.0025239642709493637
034,3MIDD_048,36,0.004682296421378851,-0.010105679742991924,-0.007393988082185388,-0.0027116916608065367
034,3MIDD_048,37,0.004370719660073519,-0.010198596864938736,-0.007284658262506127,-0.0029139386024326086
034,3MIDD_048,38,0.004104608669877052,-0.010333769023418427,-0.007219188846647739,-0.003114580176770687
034,3MIDD_048,39,0.003846309147775173,-0.010469142347574234,-0.007157725747674704,-0.0033114165998995304
034,3MIDD_048,40,0.0035887721460312605,-0.010639485903084278,-0.007114129024557769,-0.003525356878526509
034,3MIDD_048,41,0.0032638260163366795,-0.010758547112345695,-0.0070111865643411875,-0.003747360548004508
034,3MIDD_048,42,0.002921508625149727,-0.010970932431519032,-0.006946220528334379,-0.004024711903184652
034,3MIDD_048,43,0.002643048297613859,-0.011268791742622852,-0.006955920020118356,-0.004312871722504497
034,3MIDD_048,44,0.002398586133494973,-0.011617064476013184,-0.007007825304754078,-0.004609239171259105
034,3MIDD_048,45,0.002175249857828021,-0.011942185461521149,-0.007058717659674585,-0.004883467801846564
034,3MIDD_048,46,0.0019197846995666623,-0.012264814227819443,-0.0070922994636930525,-0.00517251476412639
034,3MIDD_048,47,0.0016349725192412734,-0.012609490193426609,-0.007122231356333941,-0.005487258837092668
034,3MIDD_048,48,0.0013283625012263656,-0.012951338663697243,-0.007139850582461804,-0.005811488081235439
034,3MIDD_048,49,0.001016993192024529,-0.013305412605404854,-0.007161202898714691,-0.006144209706690162
034,3MIDD_207,0,0.015298870392143726,0.019093412905931473,0.0018972712568938732,0.0171961416490376
034,3MIDD_207,1,0.014815392903983593,0.018946759402751923,0.002065683249384165,0.016881076153367758
034,3MIDD_207,2,0.013835977762937546,0.019026685506105423,0.0025953538715839386,0.016431331634521484
034,3MIDD_207,3,0.011472713202238083,0.019577013328671455,0.004052150063216686,0.01552486326545477
034,3MIDD_207,4,0.00993429496884346,0.02119559608399868,0.00563065055757761,0.01556494552642107
034,3MIDD_207,5,0.008844511583447456,0.021606244146823883,0.006380866281688213,0.01522537786513567
034,3MIDD_207,6,0.007993890903890133,0.020752260461449623,0.006379184778779745,0.014373075682669878
034,3MIDD_207,7,0.0073693981394171715,0.019229352474212646,0.0059299771673977375,0.013299375306814909
034,3MIDD_207,8,0.006930917035788298,0.017866572365164757,0.0054678276646882296,0.012398744700476527
034,3MIDD_207,9,0.006521960720419884,0.016855686902999878,0.005166863091289997,0.01168882381170988
034,3MIDD_207,10,0.00602588290348649,0.016030631959438324,0.005002374527975917,0.011028257431462407
034,3MIDD_207,11,0.005518797785043716,0.015213191509246826,0.004847196862101555,0.010365994647145271
034,3MIDD_207,12,0.00503139803186059,0.014253507368266582,0.004611054668202996,0.009642452700063586
034,3MIDD_207,13,0.004480139352381229,0.013176011852920055,0.004347936250269413,0.008828075602650642
034,3MIDD_207,14,0.00390166905708611,0.012100005522370338,0.004099168232642114,0.008000837289728224
034,3MIDD_207,15,0.003293260233476758,0.010962732136249542,0.003834735951386392,0.00712799618486315
034,3MIDD_207,16,0.0026506579015403986,0.009799083694815636,0.0035742128966376185,0.006224870798178017
034,3MIDD_207,17,0.002048106398433447,0.008690953254699707,0.00332142342813313,0.005369529826566577
034,3MIDD_207,18,0.0014668063959106803,0.007573923096060753,0.0030535583500750363,0.004520364745985717
034,3MIDD_207,19,0.0009261899394914508,0.006442347541451454,0.0027580788009800017,0.0036842687404714525
034,3MIDD_207,20,0.00042166170896962285,0.005255017429590225,0.002416677860310301,0.002838339569279924
034,3MIDD_207,21,-1.690739554760512e-05,0.004015467595309019,0.002016187495428312,0.001999280099880707
034,3MIDD_207,22,-0.000443014083430171,0.0027329737786203623,0.0015879939310252666,0.0011449798475950956
034,3MIDD_207,23,-0.0009212454897351563,0.0014579197159036994,0.0011895826028194278,0.00026833711308427155
034,3MIDD_207,24,-0.001399100641719997,0.00026317875017412007,0.0008311396959470585,-0.0005679609457729384
034,3MIDD_207,25,-0.0018834396032616496,-0.0007556640775874257,0.000563887762837112,-0.0013195518404245377
034,3MIDD_207,26,-0.0024004774168133736,-0.0016616005450487137,0.00036943843588232994,-0.0020310389809310436
034,3MIDD_207,27,-0.002963628387078643,-0.002471617888659239,0.000246005249209702,-0.002717623137868941
034,3MIDD_207,28,-0.0035356006119400263,-0.0032732998952269554,0.00013115035835653543,-0.003404450253583491
034,3MIDD_207,29,-0.004104694351553917,-0.004086863249540329,8.915551006793976e-06,-0.004095778800547123
034,3MIDD_207,30,-0.004648103844374418,-0.0048894574865698814,-0.00012067682109773159,-0.00476878066547215
034,3MIDD_207,31,-0.0052044689655303955,-0.0055970740504562855,-0.00019630254246294498,-0.0054007715079933405
034,3MIDD_207,32,-0.005785077810287476,-0.006253252271562815,-0.00023408723063766956,-0.006019165040925145
034,3MIDD_207,33,-0.006379659753292799,-0.006842831615358591,-0.00023158593103289604,-0.006611245684325695
034,3MIDD_207,34,-0.006986221298575401,-0.0073327417485415936,-0.00017326022498309612,-0.007159481523558497
034,3MIDD_207,35,-0.007602694910019636,-0.0077341110445559025,-6.570806726813316e-05,-0.007668402977287769
034,3MIDD_207,36,-0.008237890899181366,-0.008154635317623615,4.162779077887535e-05,-0.00819626310840249
034,3MIDD_207,37,-0.008830444887280464,-0.008611653000116348,0.00010939594358205795,-0.008721048943698406
034,3MIDD_207,38,-0.009430884383618832,-0.009122900664806366,0.00015399185940623283,-0.009276892524212599
034,3MIDD_207,39,-0.009976386092603207,-0.009661498479545116,0.0001574438065290451,-0.009818942286074162
034,3MIDD_207,40,-0.010461423546075821,-0.010198559612035751,0.0001314319670200348,-0.010329991579055786
034,3MIDD_207,41,-0.010897037573158741,-0.010750660672783852,7.318845018744469e-05,-0.010823849122971296
034,3MIDD_207,42,-0.011319022625684738,-0.011243387125432491,3.781775012612343e-05,-0.011281204875558615
034,3MIDD_207,43,-0.011693309992551804,-0.011696690693497658,-1.6903504729270935e-06,-0.01169500034302473
034,3MIDD_207,44,-0.012132548727095127,-0.012089220806956291,2.1663960069417953e-05,-0.01211088476702571
034,3MIDD_207,45,-0.012555661611258984,-0.012484430335462093,3.561563789844513e-05,-0.012520045973360538
034,3MIDD_207,46,-0.01293614786118269,-0.012867359444499016,3.439420834183693e-05,-0.012901753652840853
034,3MIDD_207,47,-0.01331378985196352,-0.013258442282676697,2.7673784643411636e-05,-0.013286116067320108
034,3MIDD_207,48,-0.013698361814022064,-0.013645563274621964,2.6399269700050354e-05,-0.013671962544322014
034,3MIDD_207,49,-0.014053055085241795,-0.014055625535547733,-1.2852251529693604e-06,-0.014054340310394764
034,4MIDD_085_170,0,0.010656994767487049,0.007700754329562187,-0.001478120218962431,0.009178874548524618
034,4MIDD_085_170,1,0.010971148498356342,0.00780582707375288,-0.0015826607123017311,0.009388487786054611
034,4MIDD_085_170,2,0.011028329841792583,0.007567078340798616,-0.0017306257504969835,0.0092977040912956
034,4MIDD_085_170,3,0.01017108466476202,0.00673613091930747,-0.001717476872727275,0.008453607792034745
034,4MIDD_085_170,4,0.009615200571715832,0.006172655615955591,-0.0017212724778801203,0.007893928093835711
034,4MIDD_085_170,5,0.008895601145923138,0.005481593776494265,-0.0017070036847144365,0.007188597461208701
034,4MIDD_085_170,6,0.007958601228892803,0.004615403711795807,-0.0016715987585484982,0.006287002470344305
034,4MIDD_085_170,7,0.006991878151893616,0.003634618129581213,-0.0016786300111562014,0.005313248140737414
034,4MIDD_085_170,8,0.006101887673139572,0.0027497424744069576,-0.0016760725993663073,0.004425815073773265
034,4MIDD_085_170,9,0.005298481322824955,0.0020102355629205704,-0.0016441228799521923,0.0036543584428727627
034,4MIDD_085_170,10,0.0045324042439460754,0.0012986143119633198,-0.0016168949659913778,0.0029155092779546976
034,4MIDD_085_170,11,0.0038109601009637117,0.0005533265066333115,-0.0016288167971652001,0.0021821433037985116
034,4MIDD_085_170,12,0.0030413183849304914,-0.00010801322059705853,-0.001574665802763775,0.0014666525821667165
034,4MIDD_085_170,13,0.002296997234225273,-0.0007033711299300194,-0.0015001841820776463,0.0007968130521476269
034,4MIDD_085_170,14,0.0015959712909534574,-0.0011992501094937325,-0.001397610700223595,0.00019836059072986245
034,4MIDD_085_170,15,0.0008797658956609666,-0.0016150280134752393,-0.001247396954568103,-0.0003676310589071363
034,4MIDD_085_170,16,0.00016611054888926446,-0.0021032930817455053,-0.001134701815317385,-0.0009685912664281204
034,4MIDD_085_170,17,-0.000511953781824559,-0.0026047276332974434,-0.0010463869257364422,-0.0015583407075610012
034,4MIDD_085_170,18,-0.0011722941417247057,-0.0031114621087908745,-0.0009695839835330844,-0.00214187812525779
034,4MIDD_085_170,19,-0.0018202773062512279,-0.0036072246730327606,-0.0008934736833907664,-0.0027137509896419942
034,4MIDD_085_170,20,-0.002411531750112772,-0.00407570693641901,-0.0008320875931531191,-0.003243619343265891
034,4MIDD_085_170,21,-0.002956803422421217,-0.004613782279193401,-0.0008284894283860922,-0.003785292850807309
034,4MIDD_085_170,22,-0.0034931048285216093,-0.005097849760204554,-0.0008023724658414721,-0.0042954772943630815
034,4MIDD_085_170,23,-0.004023014102131128,-0.005537578370422125,-0.0007572821341454983,-0.004780296236276627
034,4MIDD_085_170,24,-0.004546121694147587,-0.005987410433590412,-0.0007206443697214127,-0.0052667660638689995
034,4MIDD_085_170,25,-0.00503840297460556,-0.006467355880886316,-0.000714476453140378,-0.005752879427745938
034,4MIDD_085_170,26,-0.00547240162268281,-0.006921718828380108,-0.000724658602848649,-0.006197060225531459
034,4MIDD_085_170,27,-0.005883732810616493,-0.007358465809375048,-0.0007373664993792772,-0.0066210993099957705
034,4MIDD_085_170,28,-0.00633268104866147,-0.007789466995745897,-0.0007283929735422134,-0.007061074022203684
034,4MIDD_085_170,29,-0.006729643791913986,-0.008166465908288956,-0.0007184110581874847,-0.007448054850101471
034,4MIDD_085_170,30,-0.007072327192872763,-0.008564113639295101,-0.0007458932232111692,-0.007818220416083932
034,4MIDD_085_170,31,-0.00731833977624774,-0.008996357209980488,-0.000839008716866374,-0.008157348493114114
034,4MIDD_085_170,32,-0.007515520788729191,-0.009436210617423058,-0.0009603449143469334,-0.008475865703076124
034,4MIDD_085_170,33,-0.007588351145386696,-0.009879603050649166,-0.0011456259526312351,-0.008733977098017931
034,4MIDD_085_170,34,-0.00762530229985714,-0.010351047851145267,-0.001362872775644064,-0.008988175075501204
034,4MIDD_085_170,35,-0.007669180165976286,-0.01084387581795454,-0.0015873478259891272,-0.009256527991965413
034,4MIDD_085_170,36,-0.007760247215628624,-0.01132968533784151,-0.0017847190611064434,-0.009544966276735067
034,4MIDD_085_170,37,-0.007844623178243637,-0.011794306337833405,-0.0019748415797948837,-0.00981946475803852
034,4MIDD_085_170,38,-0.00790001917630434,-0.01224939338862896,-0.0021746871061623096,-0.01007470628246665
034,4MIDD_085_170,39,-0.00798721332103014,-0.012726075947284698,-0.0023694313131272793,-0.01035664463415742
034,4MIDD_085_170,40,-0.008079392835497856,-0.013168929144740105,-0.0025447681546211243,-0.01062416099011898
034,4MIDD_085_170,41,-0.008192003704607487,-0.013558630831539631,-0.002683313563466072,-0.010875317268073559
034,4MIDD_085_170,42,-0.008336106315255165,-0.01388194877654314,-0.0027729212306439877,-0.011109027545899153
034,4MIDD_085_170,43,-0.00852299202233553,-0.014147653244435787,-0.002812330611050129,-0.011335322633385658
034,4MIDD_085_170,44,-0.008702629245817661,-0.014399577863514423,-0.002848474308848381,-0.011551103554666042
034,4MIDD_085_170,45,-0.008920757099986076,-0.014627714641392231,-0.0028534787707030773,-0.011774235870689154
034,4MIDD_085_170,46,-0.00917836930602789,-0.014805094338953495,-0.002813362516462803,-0.011991731822490692
034,4MIDD_085_170,47,-0.009429197758436203,-0.014952522702515125,-0.002761662472039461,-0.012190860230475664
034,4MIDD_085_170,48,-0.00969271082431078,-0.015110570937395096,-0.002708930056542158,-0.012401640880852938
034,4MIDD_085_170,49,-0.009976334869861603,-0.015270357951521873,-0.0026470115408301353,-0.012623346410691738
035,3MIDD_048,0,0.017260340973734856,0.009378910064697266,-0.003940715454518795,0.01331962551921606
035,3MIDD_048,1,0.017353897914290428,0.00984462071210146,-0.0037546386010944843,0.013599259313195944
035,3MIDD_048,2,0.01902598887681961,0.009687037207186222,-0.004669475834816694,0.014356513042002916
035,3MIDD_048,3,0.020556332543492317,0.008479381911456585,-0.006038475316017866,0.014517857227474451
035,3MIDD_048,4,0.021820414811372757,0.007553516421467066,-0.007133449194952846,0.014686965616419911
035,3MIDD_048,5,0.022569505497813225,0.006903964094817638,-0.007832770701497793,0.014736734796315432
035,3MIDD_048,6,0.023198671638965607,0.006438790820538998,-0.008379940409213305,0.014818731229752302
035,3MIDD_048,7,0.023737724870443344,0.005949182901531458,-0.008894270984455943,0.014843453885987401
035,3MIDD_048,8,0.023959727957844734,0.005569505970925093,-0.00919511099345982,0.014764616964384913
035,3MIDD_048,9,0.024138176813721657,0.005651646293699741,-0.009243265260010958,0.014894911553710699
035,3MIDD_048,10,0.02445177175104618,0.006110593676567078,-0.009170589037239552,0.01528118271380663
035,3MIDD_048,11,0.02480069361627102,0.0065617868676781654,-0.009119453374296427,0.015681240241974592
035,3MIDD_048,12,0.024926520884037018,0.006800306029617786,-0.009063107427209616,0.015863413456827402
035,3MIDD_048,13,0.02496935799717903,0.0069371964782476425,-0.009016080759465694,0.015953277237713337
035,3MIDD_048,14,0.025065451860427856,0.0071503762155771255,-0.008957537822425365,0.01610791403800249
035,3MIDD_048,15,0.02520582266151905,0.0074312323704361916,-0.00888729514554143,0.01631852751597762
035,3MIDD_048,16,0.025296561419963837,0.007689927704632282,-0.008803316857665777,0.01649324456229806
035,3MIDD_048,17,0.025410695001482964,0.007900899276137352,-0.008754897862672806,0.016655797138810158
035,3MIDD_048,18,0.025638995692133904,0.008177499286830425,-0.008730748202651739,0.016908247489482164
035,3MIDD_048,19,0.025844421237707138,0.008508281782269478,-0.00866806972771883,0.017176351509988308
035,3MIDD_048,20,0.025917228311300278,0.008787051774561405,-0.008565088268369436,0.01735214004293084
035,3MIDD_048,21,0.025903858244419098,0.008987946435809135,-0.008457955904304981,0.017445902340114117
035,3MIDD_048,22,0.025946592912077904,0.009196901693940163,-0.00837484560906887,0.017571747303009033
035,3MIDD_048,23,0.02605268731713295,0.00942454393953085,-0.00831407168880105,0.0177386156283319
035,3MIDD_048,24,0.026163974776864052,0.009585725143551826,-0.008289124816656113,0.01787484996020794
035,3MIDD_048,25,0.026255987584590912,0.009692274034023285,-0.008281856775283813,0.0179741308093071
035,3MIDD_048,26,0.02634854055941105,0.009849884547293186,-0.008249328006058931,0.018099212553352118
035,3MIDD_048,27,0.026445413008332253,0.01007022988051176,-0.008187591563910246,0.018257821444422007
035,3MIDD_048,28,0.0265349093824625,0.010253599844872952,-0.008140654768794775,0.018394254613667727
035,3MIDD_048,29,0.026605622842907906,0.010367372073233128,-0.008119125384837389,0.018486497458070517
035,3MIDD_048,30,0.026675429195165634,0.010477770119905472,-0.008098829537630081,0.018576599657535553
035,3MIDD_048,31,0.026757046580314636,0.010618885979056358,-0.008069080300629139,0.018687966279685497
035,3MIDD_048,32,0.026838520541787148,0.010736366733908653,-0.008051076903939247,0.0187874436378479
035,3MIDD_048,33,0.02690066024661064,0.01081239152699709,-0.008044134359806776,0.018856525886803865
035,3MIDD_048,34,0.026950309053063393,0.01088586077094078,-0.008032224141061306,0.018918084912002087
035,3MIDD_048,35,0.027006475254893303,0.010987111367285252,-0.008009681943804026,0.018996793311089277
035,3MIDD_048,36,0.027067184448242188,0.011089972220361233,-0.007988606113940477,0.01907857833430171
035,3MIDD_048,37,0.0271163210272789,0.011162384413182735,-0.007976968307048082,0.019139352720230818
035,3MIDD_048,38,0.02715260721743107,0.011219318024814129,-0.00796664459630847,0.0191859626211226
035,3MIDD_048,39,0.027190610766410828,0.011284414678812027,-0.0079530980437994,0.019237512722611427
035,3MIDD_048,40,0.02723318338394165,0.011348745785653591,-0.00794221879914403,0.01929096458479762
035,3MIDD_048,41,0.027271457016468048,0.011396893300116062,-0.007937281858175993,0.019334175158292055
035,3MIDD_048,42,0.027304796501994133,0.011437634937465191,-0.007933580782264471,0.019371215719729662
035,3MIDD_048,43,0.02734079584479332,0.011484424583613873,-0.007928185630589724,0.019412610214203596
035,3MIDD_048,44,0.027378197759389877,0.011530791409313679,-0.0079237031750381,0.019454494584351778
035,3MIDD_048,45,0.027408616617321968,0.011566750705242157,-0.007920932956039906,0.019487683661282063
035,3MIDD_048,46,0.027432864531874657,0.011596129275858402,-0.007918367628008127,0.01951449690386653
035,3MIDD_048,47,0.027459420263767242,0.011628021486103535,-0.007915699388831854,0.01954372087493539
035,3MIDD_048,48,0.027488358318805695,0.011660933494567871,-0.007913712412118912,0.019574645906686783
035,3MIDD_048,49,0.027513498440384865,0.01168923918157816,-0.007912129629403353,0.019601368810981512
035,3MIDD_207,0,0.03076188452541828,0.04120076447725296,0.005219439975917339,0.03598132450133562
035,3MIDD_207,1,0.031222494319081306,0.04235547035932541,0.005566488020122051,0.03678898233920336
035,3MIDD_207,2,0.032610587775707245,0.043398864567279816,0.005394138395786285,0.03800472617149353
035,3MIDD_207,3,0.0351237915456295,0.04427151381969452,0.004573861137032509,0.03969765268266201
035,3MIDD_207,4,0.03705664351582527,0.04493938386440277,0.00394137017428875,0.04099801369011402
035,3MIDD_207,5,0.03739013150334358,0.04469742998480797,0.003653649240732193,0.041043780744075775
035,3MIDD_207,6,0.036836251616477966,0.04386484622955322,0.003514297306537628,0.040350548923015594
035,3MIDD_207,7,0.03622093424201012,0.04280223324894905,0.003290649503469467,0.039511583745479584
035,3MIDD_207,8,0.03631270304322243,0.04216752201318741,0.0029274094849824905,0.03924011252820492
035,3MIDD_207,9,0.03675639256834984,0.042095862329006195,0.0026697348803281784,0.03942612744867802
035,3MIDD_207,10,0.03704075515270233,0.04228026419878006,0.002619754523038864,0.039660509675741196
035,3MIDD_207,11,0.036763839423656464,0.042308688163757324,0.0027724243700504303,0.039536263793706894
035,3MIDD_207,12,0.03637269139289856,0.04213588312268257,0.002881595864892006,0.039254287257790565
035,3MIDD_207,13,0.03629353269934654,0.042021989822387695,0.0028642285615205765,0.03915776126086712
035,3MIDD_207,14,0.03654094412922859,0.0419575534760952,0.002708304673433304,0.039249248802661896
035,3MIDD_207,15,0.03662485256791115,0.04174411669373512,0.0025596320629119873,0.039184484630823135
035,3MIDD_207,16,0.036550749093294144,0.04143546149134636,0.002442356199026108,0.03899310529232025
035,3MIDD_207,17,0.03667502850294113,0.041298579424619675,0.0023117754608392715,0.0389868039637804
035,3MIDD_207,18,0.03701626509428024,0.04147391393780708,0.00222882442176342,0.03924508951604366
035,3MIDD_207,19,0.03729063272476196,0.041741203516721725,0.0022252853959798813,0.039515918120741844
035,3MIDD_207,20,0.037392087280750275,0.04189151152968407,0.002249712124466896,0.03964179940521717
035,3MIDD_207,21,0.03753510117530823,0.041973475366830826,0.002219187095761299,0.03975428827106953
035,3MIDD_207,22,0.03783099353313446,0.04213818535208702,0.00215359590947628,0.03998458944261074
035,3MIDD_207,23,0.038121044635772705,0.042348507791757584,0.0021137315779924393,0.040234776213765144
035,3MIDD_207,24,0.03829487785696983,0.04251673445105553,0.0021109282970428467,0.04040580615401268
035,3MIDD_207,25,0.038468096405267715,0.04265519231557846,0.0020935479551553726,0.04056164436042309
035,3MIDD_207,26,0.03872807323932648,0.04285063222050667,0.0020612794905900955,0.04078935272991657
035,3MIDD_207,27,0.03900240361690521,0.04310382902622223,0.0020507127046585083,0.04105311632156372
035,3MIDD_207,28,0.039200153201818466,0.043323103338479996,0.0020614750683307648,0.04126162827014923
035,3MIDD_207,29,0.039356961846351624,0.04348219186067581,0.002062615007162094,0.04141957685351372
035,3MIDD_207,30,0.03954422101378441,0.04365117475390434,0.002053476870059967,0.041597697883844376
035,3MIDD_207,31,0.03974554315209389,0.04387148842215538,0.0020629726350307465,0.041808515787124634
035,3MIDD_207,32,0.03992239013314247,0.044096194207668304,0.0020869020372629166,0.04200929217040539
035,3MIDD_207,33,0.04009072482585907,0.044283848255872726,0.0020965617150068283,0.0421872865408659
035,3MIDD_207,34,0.04028034955263138,0.04446708410978317,0.002093367278575897,0.042373716831207275
035,3MIDD_207,35,0.04048018902540207,0.04467543587088585,0.00209762342274189,0.04257781244814396
035,3MIDD_207,36,0.04065082222223282,0.044884175062179565,0.0021166764199733734,0.04276749864220619
035,3MIDD_207,37,0.040796324610710144,0.04506000131368637,0.0021318383514881134,0.04292816296219826
035,3MIDD_207,38,0.0409516841173172,0.045218952000141144,0.002133633941411972,0.04308531805872917
035,3MIDD_207,39,0.04111703112721443,0.045390915125608444,0.0021369419991970062,0.04325397312641144
035,3MIDD_207,40,0.041265819221735,0.04556683823466301,0.0021505095064640045,0.043416328728199005
035,3MIDD_207,41,0.04139595851302147,0.045719243586063385,0.002161642536520958,0.04355760104954243
035,3MIDD_207,42,0.041530366986989975,0.04585523158311844,0.002162432298064232,0.04369279928505421
035,3MIDD_207,43,0.041672833263874054,0.04599811136722565,0.0021626390516757965,0.04383547231554985
035,3MIDD_207,44,0.04180394485592842,0.04614445939660072,0.002170257270336151,0.04397420212626457
035,3MIDD_207,45,0.041918765753507614,0.04627560079097748,0.002178417518734932,0.044097183272242546
035,3MIDD_207,46,0.04203382506966591,0.046395234763622284,0.0021807048469781876,0.044214529916644096
035,3MIDD_207,47,0.04215475916862488,0.04651886224746704,0.0021820515394210815,0.04433681070804596
035,3MIDD_207,48,0.04227050766348839,0.046645428985357285,0.0021874606609344482,0.044457968324422836
035,3MIDD_207,49,0.04237104952335358,0.04676078259944916,0.0021948665380477905,0.04456591606140137
035,4MIDD_085_170,0,-0.004895057063549757,0.026960041373968124,0.01592754921875894,0.011032492155209184
035,4MIDD_085_170,1,-0.004722942132502794,0.02751043625175953,0.01611668919213116,0.011393747059628367
035,4MIDD_085_170,2,-0.004356821067631245,0.027819640934467316,0.01608823100104928,0.011731409933418036
035,4MIDD_085_170,3,-0.003982244525104761,0.027685295790433884,0.015833770157769322,0.011851525632664561
035,4MIDD_085_170,4,-0.0035032844170928,0.027688154950737953,0.015595719683915377,0.012092435266822577
035,4MIDD_085_170,5,-0.0032814296428114176,0.0273131150752306,0.015297272359021008,0.01201584271620959
035,4MIDD_085_170,6,-0.003167706774547696,0.026876673102378845,0.01502218993846327,0.011854483163915575
035,4MIDD_085_170,7,-0.003051315201446414,0.026534875854849815,0.014793095528148115,0.0117417803267017
035,4MIDD_085_170,8,-0.0026612109504640102,0.026618534699082375,0.014639872824773192,0.011978661874309182
035,4MIDD_085_170,9,-0.0019573227036744356,0.027168091386556625,0.01456270704511553,0.012605384341441095
035,4MIDD_085_170,10,-0.0012111430987715721,0.027553616091609,0.014382379595190287,0.013171236496418715
035,4MIDD_085_170,11,-0.000833352271001786,0.027565624564886093,0.01419948841794394,0.013366136146942154
035,4MIDD_085_170,12,-0.0008264032076112926,0.027431203052401543,0.014128803130006418,0.013302399922395125
035,4MIDD_085_170,13,-0.0009210908319801092,0.02731700800359249,0.0141190494177863,0.013197958585806191
035,4MIDD_085_170,14,-0.0008667972288094461,0.02722388692200184,0.014045342075405642,0.013178544846596196
035,4MIDD_085_170,15,-0.0008067316957749426,0.02708628587424755,0.013946508785011247,0.013139777089236304
035,4MIDD_085_170,16,-0.0008423278923146427,0.02698541432619095,0.013913871109252796,0.013071543216938153
035,4MIDD_085_170,17,-0.0008860802627168596,0.026985714212059975,0.013935897237388417,0.013049816974671558
035,4MIDD_085_170,18,-0.0008234454435296357,0.026992319151759148,0.013907882297644392,0.013084436854114756
035,4MIDD_085_170,19,-0.000656404416076839,0.026970600709319115,0.013813502562697977,0.013157098146621138
035,4MIDD_085_170,20,-0.0005174840916879475,0.026971029117703438,0.013744256604695693,0.013226772513007745
035,4MIDD_085_170,21,-0.0004770508094225079,0.02699398621916771,0.013735518514295109,0.0132584677048726
035,4MIDD_085_170,22,-0.00044575665378943086,0.027001826092600822,0.013723791373195127,0.013278034719405696
035,4MIDD_085_170,23,-0.0003619748167693615,0.02699810452759266,0.01368003967218101,0.013318064855411649
035,4MIDD_085_170,24,-0.0002746492391452193,0.027029529213905334,0.013652089226525277,0.013377439987380058
035,4MIDD_085_170,25,-0.00023965824220795184,0.027105461806058884,0.013672560024133418,0.013432901781925466
035,4MIDD_085_170,26,-0.0002007255534408614,0.027196502313017845,0.013698613933229353,0.013497888379788492
035,4MIDD_085_170,27,-0.0001266883045900613,0.027301881462335587,0.013714284883462824,0.013587596578872763
035,4MIDD_085_170,28,-4.4912099838256836e-05,0.027415931224822998,0.013730421662330627,0.01368550956249237
035,4MIDD_085_170,29,4.81977849631221e-06,0.027515575289726257,0.013755377755614973,0.013760197534111285
035,4MIDD_085_170,30,3.676462438306771e-05,0.027585608884692192,0.013774422130154562,0.01381118675453763
035,4MIDD_085_170,31,8.232972322730348e-05,0.027669338509440422,0.01379350439310656,0.013875834116333863
035,4MIDD_085_170,32,0.00013687343744095415,0.027789687737822533,0.01382640715019079,0.013963280587631743
035,4MIDD_085_170,33,0.00017788416880648583,0.027918990701436996,0.013870553266315255,0.014048437435121741
035,4MIDD_085_170,34,0.0002112504735123366,0.02803519368171692,0.013911971604102291,0.014123222077614628
035,4MIDD_085_170,35,0.00025784046738408506,0.028150012716650963,0.013946086124633439,0.014203926592017524
035,4MIDD_085_170,36,0.00031439741724170744,0.028272826224565506,0.0139792144036619,0.014293611820903607
035,4MIDD_085_170,37,0.0003564150247257203,0.028385058045387268,0.014014321510330774,0.014370736535056494
035,4MIDD_085_170,38,0.00038310448871925473,0.028478020802140236,0.01404745815671049,0.014430562645429745
035,4MIDD_085_170,39,0.0004180905525572598,0.028567546978592873,0.014074728213017806,0.014492818765575066
035,4MIDD_085_170,40,0.00046529265819117427,0.028663793578743935,0.01409925046027638,0.014564543118467554
035,4MIDD_085_170,41,0.0005044983117841184,0.028755128383636475,0.014125315035926178,0.014629813347710297
035,4MIDD_085_170,42,0.0005326137761585414,0.028835823759436607,0.014151604991639033,0.014684218767797574
035,4MIDD_085_170,43,0.0005656727007590234,0.02891382947564125,0.014174078387441114,0.014739751088200137
035,4MIDD_085_170,44,0.0006122344639152288,0.028997568413615227,0.014192666974849999,0.014804901438765228
035,4MIDD_085_170,45,0.0006599294720217586,0.029073260724544525,0.014206665626261383,0.014866595098283142
035,4MIDD_085_170,46,0.0006983894854784012,0.02913682349026203,0.014219217002391815,0.014917606487870216
035,4MIDD_085_170,47,0.000734988774638623,0.029200701043009758,0.014232856134185567,0.01496784490882419
035,4MIDD_085_170,48,0.0007789299706928432,0.029269380494952202,0.01424522526212968,0.015024155232822523
035,4MIDD_085_170,49,0.0008228496299125254,0.029339836910367012,0.014258493640227243,0.015081343270139769
036,3MIDD_048,0,0.056758344173431396,-0.047973524779081345,-0.05236593447625637,0.004392409697175026
036,3MIDD_048,1,0.05748473480343819,-0.04921235889196396,-0.05334854684770107,0.004136187955737114
036,3MIDD_048,2,0.05814409628510475,-0.050682514905929565,-0.05441330559551716,0.003730790689587593
036,3MIDD_048,3,0.05847467482089996,-0.05231759324669838,-0.05539613403379917,0.003078540787100792
036,3MIDD_048,4,0.05901595205068588,-0.05383868142962456,-0.05642731674015522,0.0025886353105306625
036,3MIDD_048,5,0.05982551351189613,-0.05475188046693802,-0.057288696989417076,0.0025368165224790573
036,3MIDD_048,6,0.06054702773690224,-0.05476774647831917,-0.0576573871076107,0.0028896406292915344
036,3MIDD_048,7,0.06137359142303467,-0.054613273590803146,-0.05799343250691891,0.003380158916115761
036,3MIDD_048,8,0.061962734907865524,-0.054550379514694214,-0.05825655721127987,0.003706177696585655
036,3MIDD_048,9,0.062429893761873245,-0.05492204427719116,-0.058675969019532204,0.0037539247423410416
036,3MIDD_048,10,0.06299999356269836,-0.05554452911019325,-0.05927226133644581,0.003727732226252556
036,3MIDD_048,11,0.06371257454156876,-0.055985432118177414,-0.059849003329873085,0.003863571211695671
036,3MIDD_048,12,0.06462927907705307,-0.0561068169772625,-0.060368048027157784,0.0042612310498952866
036,3MIDD_048,13,0.06552951782941818,-0.055904142558574677,-0.06071683019399643,0.004812687635421753
036,3MIDD_048,14,0.06627083569765091,-0.05565674975514412,-0.060963792726397514,0.005307042971253395
036,3MIDD_048,15,0.06680784374475479,-0.05547722801566124,-0.061142535880208015,0.005665307864546776
036,3MIDD_048,16,0.06730931997299194,-0.05532888323068619,-0.061319101601839066,0.005990218371152878
036,3MIDD_048,17,0.0678606703877449,-0.05520486831665039,-0.06153276935219765,0.0063279010355472565
036,3MIDD_048,18,0.06846282631158829,-0.055096160620450974,-0.06177949346601963,0.006683332845568657
036,3MIDD_048,19,0.06909544765949249,-0.05499229207634926,-0.062043869867920876,0.007051577791571617
036,3MIDD_048,20,0.06976523250341415,-0.05495946854352951,-0.06236235052347183,0.007402881979942322
036,3MIDD_048,21,0.07039749622344971,-0.0549384169280529,-0.0626679565757513,0.007729539647698402
036,3MIDD_048,22,0.07102232426404953,-0.0549468994140625,-0.06298461183905602,0.008037712424993515
036,3MIDD_048,23,0.07167664915323257,-0.05495278164744377,-0.06331471540033817,0.008361933752894402
036,3MIDD_048,24,0.07236313819885254,-0.05483902245759964,-0.06360108032822609,0.00876205787062645
036,3MIDD_048,25,0.07304587960243225,-0.05467311665415764,-0.06385949812829494,0.009186381474137306
036,3MIDD_048,26,0.07368960976600647,-0.054442986845970154,-0.06406629830598831,0.009623311460018158
036,3MIDD_048,27,0.0743737444281578,-0.054151501506567,-0.0642626229673624,0.010111121460795403
036,3MIDD_048,28,0.07511483132839203,-0.05380511283874512,-0.06445997208356857,0.010654859244823456
036,3MIDD_048,29,0.07592660933732986,-0.05337795987725258,-0.06465228460729122,0.011274324730038643
036,3MIDD_048,30,0.07677022367715836,-0.05290944129228592,-0.06483983248472214,0.011930391192436218
036,3MIDD_048,31,0.077677421271801,-0.05241526663303375,-0.06504634395241737,0.012631077319383621
036,3MIDD_048,32,0.07865554839372635,-0.051877882331609726,-0.06526671536266804,0.013388833031058311
036,3MIDD_048,33,0.07962102442979813,-0.0513223260641098,-0.06547167524695396,0.014149349182844162
036,3MIDD_048,34,0.08056151121854782,-0.05075239762663841,-0.06565695442259312,0.014904556795954704
036,3MIDD_048,35,0.08146283775568008,-0.050131089985370636,-0.06579696387052536,0.015665873885154724
036,3MIDD_048,36,0.08235722780227661,-0.049529656767845154,-0.06594344228506088,0.01641378551721573
036,3MIDD_048,37,0.08324765413999557,-0.048993829637765884,-0.06612074188888073,0.017126912251114845
036,3MIDD_048,38,0.0841277465224266,-0.04855773597955704,-0.06634274125099182,0.017785005271434784
036,3MIDD_048,39,0.08504822850227356,-0.04824036732316017,-0.06664429791271687,0.018403930589556694
036,3MIDD_048,40,0.0859135165810585,-0.04793747514486313,-0.06692549586296082,0.018988020718097687
036,3MIDD_048,41,0.08676757663488388,-0.04762854054570198,-0.06719805859029293,0.01956951804459095
036,3MIDD_048,42,0.08765184134244919,-0.0473167710006237,-0.06748430617153645,0.020167535170912743
036,3MIDD_048,43,0.08854485303163528,-0.04696834087371826,-0.06775659695267677,0.02078825607895851
036,3MIDD_048,44,0.08938798308372498,-0.04653806611895561,-0.0679630246013403,0.02142495848238468
036,3MIDD_048,45,0.09015993028879166,-0.046041831374168396,-0.06810088083148003,0.02205904945731163
036,3MIDD_048,46,0.09087854623794556,-0.04561033472418785,-0.0682444404810667,0.022634105756878853
036,3MIDD_048,47,0.09143795818090439,-0.045174360275268555,-0.06830615922808647,0.023131798952817917
036,3MIDD_048,48,0.09184910356998444,-0.044716574251651764,-0.0682828389108181,0.023566264659166336
036,3MIDD_048,49,0.09222462028265,-0.044238120317459106,-0.06823137030005455,0.023993249982595444
036,3MIDD_207,0,0.015389831736683846,0.015175418928265572,-0.00010720640420913696,0.015282625332474709
036,3MIDD_207,1,0.015218625776469707,0.015139003284275532,-3.981124609708786e-05,0.01517881453037262
036,3MIDD_207,2,0.015245751477777958,0.015126754529774189,-5.949847400188446e-05,0.015186253003776073
036,3MIDD_207,3,0.015192209742963314,0.01468252670019865,-0.00025484152138233185,0.014937368221580982
036,3MIDD_207,4,0.015124593861401081,0.014028399251401424,-0.0005480973049998283,0.014576496556401253
036,3MIDD_207,5,0.015337402932345867,0.013842199929058552,-0.0007476015016436577,0.01458980143070221
036,3MIDD_207,6,0.01604531891644001,0.013935400173068047,-0.0010549593716859818,0.014990359544754028
036,3MIDD_207,7,0.01699780486524105,0.01417613122612238,-0.0014108368195593357,0.015586968045681715
036,3MIDD_207,8,0.017975373193621635,0.01442973967641592,-0.0017728167586028576,0.016202556435018778
036,3MIDD_207,9,0.018814168870449066,0.014707726426422596,-0.002053221222013235,0.01676094764843583
036,3MIDD_207,10,0.01938987337052822,0.015101921744644642,-0.0021439758129417896,0.01724589755758643
036,3MIDD_207,11,0.019901061430573463,0.015579297207295895,-0.0021608821116387844,0.01774017931893468
036,3MIDD_207,12,0.0205641258507967,0.016133219003677368,-0.0022154534235596657,0.018348672427237034
036,3MIDD_207,13,0.021374067291617393,0.016849886626005173,-0.0022620903328061104,0.019111976958811283
036,3MIDD_207,14,0.022310899570584297,0.017647268250584602,-0.0023318156599998474,0.01997908391058445
036,3MIDD_207,15,0.023250063881278038,0.018409566953778267,-0.0024202484637498856,0.020829815417528152
036,3MIDD_207,16,0.024125706404447556,0.019126225262880325,-0.002499740570783615,0.02162596583366394
036,3MIDD_207,17,0.024961700662970543,0.01979978196322918,-0.0025809593498706818,0.02238074131309986
036,3MIDD_207,18,0.025828268378973007,0.02041277103126049,-0.0027077486738562584,0.02312051970511675
036,3MIDD_207,19,0.02679332159459591,0.0209659393876791,-0.0029136911034584045,0.023879630491137505
036,3MIDD_207,20,0.027777865529060364,0.02146887220442295,-0.0031544966623187065,0.024623368866741657
036,3MIDD_207,21,0.02868763543665409,0.022001639008522034,-0.0033429982140660286,0.025344637222588062
036,3MIDD_207,22,0.029505690559744835,0.022501371800899506,-0.0035021593794226646,0.02600353118032217
036,3MIDD_207,23,0.03029084950685501,0.0229951161891222,-0.0036478666588664055,0.026642982847988605
036,3MIDD_207,24,0.031079372391104698,0.02346026711165905,-0.003809552639722824,0.027269819751381874
036,3MIDD_207,25,0.03191867843270302,0.023900680243968964,-0.004008999094367027,0.02790967933833599
036,3MIDD_207,26,0.032793398946523666,0.02438315376639366,-0.0042051225900650024,0.028588276356458664
036,3MIDD_207,27,0.03364373371005058,0.024874627590179443,-0.00438455305993557,0.029259180650115013
036,3MIDD_207,28,0.03446047753095627,0.02536027878522873,-0.0045500993728637695,0.0299103781580925
036,3MIDD_207,29,0.03528410568833351,0.025799913331866264,-0.0047420961782336235,0.030542009510099888
036,3MIDD_207,30,0.03609981760382652,0.026246264576911926,-0.004926776513457298,0.031173041090369225
036,3MIDD_207,31,0.036922141909599304,0.026724500581622124,-0.00509882066398859,0.031823321245610714
036,3MIDD_207,32,0.03774542734026909,0.02718259021639824,-0.005281418561935425,0.032464008778333664
036,3MIDD_207,33,0.03852817788720131,0.027613693848252296,-0.005457242019474506,0.0330709358677268
036,3MIDD_207,34,0.03932175040245056,0.02800758369266987,-0.0056570833548903465,0.033664667047560215
036,3MIDD_207,35,0.0401352196931839,0.028443939983844757,-0.005845639854669571,0.03428957983851433
036,3MIDD_207,36,0.04095785692334175,0.02897791378200054,-0.005989971570670605,0.034967885352671146
036,3MIDD_207,37,0.041735146194696426,0.02961830422282219,-0.0060584209859371185,0.03567672520875931
036,3MIDD_207,38,0.04250413551926613,0.03034071996808052,-0.006081707775592804,0.036422427743673325
036,3MIDD_207,39,0.04326369985938072,0.031093554571270943,-0.00608507264405489,0.03717862721532583
036,3MIDD_207,40,0.04400509595870972,0.03188522532582283,-0.006059935316443443,0.037945160642266273
036,3MIDD_207,41,0.044698964804410934,0.03266642615199089,-0.006016269326210022,0.03868269547820091
036,3MIDD_207,42,0.04533672332763672,0.033425357192754745,-0.005955683067440987,0.03938104026019573
036,3MIDD_207,43,0.04596171900629997,0.03419921547174454,-0.005881251767277718,0.040080467239022255
036,3MIDD_207,44,0.04662508890032768,0.03496915102005005,-0.005827968940138817,0.040797119960188866
036,3MIDD_207,45,0.0472663938999176,0.03573121875524521,-0.005767587572336197,0.041498806327581406
036,3MIDD_207,46,0.04782313108444214,0.03652243688702583,-0.005650347098708153,0.042172783985733986
036,3MIDD_207,47,0.0483083538711071,0.037371087819337845,-0.005468633025884628,0.04283972084522247
036,3MIDD_207,48,0.0486709289252758,0.038221072405576706,-0.005224928259849548,0.043446000665426254
036,3MIDD_207,49,0.04897712171077728,0.03916284814476967,-0.004907136783003807,0.044069984927773476
036,4MIDD_085_170,0,0.013186932541429996,0.02226422354578972,0.004538645502179861,0.017725578043609858
036,4MIDD_085_170,1,0.013305295258760452,0.02215437963604927,0.004424542188644409,0.01772983744740486
036,4MIDD_085_170,2,0.01324662659317255,0.02212023176252842,0.004436802584677935,0.017683429177850485
036,4MIDD_085_170,3,0.013033120892941952,0.021665263921022415,0.004316071514040232,0.017349192406982183
036,4MIDD_085_170,4,0.012919316999614239,0.021456915885210037,0.004268799442797899,0.017188116442412138
036,4MIDD_085_170,5,0.013207935728132725,0.02187170274555683,0.004331883508712053,0.017539819236844778
036,4MIDD_085_170,6,0.013911259360611439,0.022662021219730377,0.004375380929559469,0.018286640290170908
036,4MIDD_085_170,7,0.014612057246267796,0.023480454459786415,0.00443419860675931,0.019046255853027105
036,4MIDD_085_170,8,0.015191499143838882,0.0241564754396677,0.00448248814791441,0.019673987291753292
036,4MIDD_085_170,9,0.01566486805677414,0.024781912565231323,0.004558522254228592,0.02022339031100273
036,4MIDD_085_170,10,0.01621224544942379,0.025427093729376793,0.0046074241399765015,0.02081966958940029
036,4MIDD_085_170,11,0.016917871311306953,0.026154961436986923,0.004618545062839985,0.02153641637414694
036,4MIDD_085_170,12,0.01776091940701008,0.026984063908457756,0.004611572250723839,0.022372491657733917
036,4MIDD_085_170,13,0.018681252375245094,0.027838239446282387,0.004578493535518646,0.02325974591076374
036,4MIDD_085_170,14,0.01955171674489975,0.028653377667069435,0.004550830461084843,0.024102547205984592
036,4MIDD_085_170,15,0.02035953477025032,0.029455892741680145,0.004548178985714912,0.024907713755965233
036,4MIDD_085_170,16,0.021243419498205185,0.030212989076972008,0.004484784789383411,0.025728204287588596
036,4MIDD_085_170,17,0.02214139699935913,0.03093401901423931,0.00439631100744009,0.02653770800679922
036,4MIDD_085_170,18,0.022989824414253235,0.031680427491664886,0.004345301538705826,0.02733512595295906
036,4MIDD_085_170,19,0.023741308599710464,0.03242193162441254,0.004340311512351036,0.0280816201120615
036,4MIDD_085_170,20,0.024386921897530556,0.03319523483514786,0.004404156468808651,0.028791078366339207
036,4MIDD_085_170,21,0.02487221360206604,0.034005649387836456,0.004566717892885208,0.029438931494951248
036,4MIDD_085_170,22,0.02538336254656315,0.03477352485060692,0.004695081152021885,0.030078443698585033
036,4MIDD_085_170,23,0.025911523029208183,0.03553501144051552,0.0048117442056536674,0.03072326723486185
036,4MIDD_085_170,24,0.026417668908834457,0.03629282861948013,0.004937579855322838,0.031355248764157295
036,4MIDD_085_170,25,0.026885921135544777,0.03704606369137764,0.005080071277916431,0.03196599241346121
036,4MIDD_085_170,26,0.02733282744884491,0.037751056253910065,0.0052091144025325775,0.03254194185137749
036,4MIDD_085_170,27,0.027852414175868034,0.03845642879605293,0.005302007310092449,0.033154421485960484
036,4MIDD_085_170,28,0.028431545943021774,0.03926156833767891,0.0054150111973285675,0.03384655714035034
036,4MIDD_085_170,29,0.02910173311829567,0.04014252498745918,0.005520395934581757,0.034622129052877426
036,4MIDD_085_170,30,0.029824385419487953,0.04105662927031517,0.0056161219254136086,0.03544050734490156
036,4MIDD_085_170,31,0.030551284551620483,0.04197844862937927,0.0057135820388793945,0.03626486659049988
036,4MIDD_085_170,32,0.03127426281571388,0.04295198619365692,0.0058388616889715195,0.0371131245046854
036,4MIDD_085_170,33,0.03200741112232208,0.04392878711223602,0.00596068799495697,0.03796809911727905
036,4MIDD_085_170,34,0.032758645713329315,0.04491479694843292,0.006078075617551804,0.03883672133088112
036,4MIDD_085_170,35,0.03352826461195946,0.04593632370233536,0.00620402954518795,0.03973229415714741
036,4MIDD_085_170,36,0.03432781621813774,0.04694294184446335,0.006307562813162804,0.040635379031300545
036,4MIDD_085_170,37,0.035209279507398605,0.047941386699676514,0.006366053596138954,0.04157533310353756
036,4MIDD_085_170,38,0.03609291836619377,0.048951972275972366,0.0064295269548892975,0.04252244532108307
036,4MIDD_085_170,39,0.03697976842522621,0.04997081682085991,0.006495524197816849,0.04347529262304306
036,4MIDD_085_170,40,0.037848182022571564,0.05103957653045654,0.00659569725394249,0.04444387927651405
036,4MIDD_085_170,41,0.03870480880141258,0.05220557376742363,0.006750382483005524,0.045455191284418106
036,4MIDD_085_170,42,0.039510950446128845,0.053436994552612305,0.00696302205324173,0.046473972499370575
036,4MIDD_085_170,43,0.040262915194034576,0.05458714812994003,0.007162116467952728,0.047425031661987305
036,4MIDD_085_170,44,0.04103701934218407,0.055673010647296906,0.007317995652556419,0.048355014994740486
036,4MIDD_085_170,45,0.04183916002511978,0.05674932152032852,0.00745508074760437,0.04929424077272415
036,4MIDD_085_170,46,0.04264197126030922,0.05788923427462578,0.007623631507158279,0.0502656027674675
036,4MIDD_085_170,47,0.0434158593416214,0.05903766304254532,0.00781090185046196,0.05122676119208336
036,4MIDD_085_170,48,0.044179778546094894,0.06017013639211655,0.007995178923010826,0.05217495746910572
036,4MIDD_085_170,49,0.04496503248810768,0.061333026736974716,0.008183997124433517,0.0531490296125412
037,3MIDD_048,0,0.014372076839208603,-0.0105351647362113,-0.012453620787709951,0.0019184560514986515
037,3MIDD_048,1,0.013965544290840626,-0.01051723025739193,-0.012241387274116278,0.001724157016724348
037,3MIDD_048,2,0.013964748941361904,-0.010600282810628414,-0.01228251587599516,0.001682233065366745
037,3MIDD_048,3,0.015023871324956417,-0.010409564711153507,-0.012716718018054962,0.002307153306901455
037,3MIDD_048,4,0.01640400104224682,-0.01015179231762886,-0.01327789667993784,0.003126104362308979
037,3MIDD_048,5,0.017756668850779533,-0.009852878749370575,-0.013804773800075054,0.003951895050704479
037,3MIDD_048,6,0.018932975828647614,-0.009373897686600685,-0.01415343675762415,0.004779539071023464
037,3MIDD_048,7,0.01983923837542534,-0.008812783285975456,-0.014326010830700397,0.005513227544724941
037,3MIDD_048,8,0.020406058058142662,-0.008416527882218361,-0.014411292970180511,0.005994765087962151
037,3MIDD_048,9,0.02076263353228569,-0.008201966993510723,-0.014482300262898207,0.006280333269387484
037,3MIDD_048,10,0.021104319021105766,-0.008046875707805157,-0.014575597364455462,0.006528721656650305
037,3MIDD_048,11,0.021467166021466255,-0.007880166172981262,-0.014673666097223759,0.0067934999242424965
037,3MIDD_048,12,0.02177068032324314,-0.007715051528066397,-0.014742865925654769,0.007027814397588372
037,3MIDD_048,13,0.022014081478118896,-0.007562261540442705,-0.0147881715092808,0.007225909968838096
037,3MIDD_048,14,0.022239696234464645,-0.007407646160572767,-0.014823671197518706,0.007416025036945939
037,3MIDD_048,15,0.022452423349022865,-0.0072551690973341465,-0.014853796223178506,0.007598627125844359
037,3MIDD_048,16,0.02262699417769909,-0.007113759871572256,-0.014870377024635673,0.0077566171530634165
037,3MIDD_048,17,0.022778993472456932,-0.006984261330217123,-0.014881627401337028,0.007897366071119905
037,3MIDD_048,18,0.022934159263968468,-0.006863930728286505,-0.014899044996127486,0.008035114267840981
037,3MIDD_048,19,0.023084042593836784,-0.006753751542419195,-0.01491889706812799,0.008165145525708795
037,3MIDD_048,20,0.02321225218474865,-0.00665452191606164,-0.014933387050405145,0.008278865134343505
037,3MIDD_048,21,0.023324590176343918,-0.006567254662513733,-0.014945922419428825,0.008378667756915092
037,3MIDD_048,22,0.023431789129972458,-0.0064896633848547935,-0.014960726257413626,0.008471062872558832
037,3MIDD_048,23,0.023532163351774216,-0.006419542711228132,-0.014975853031501174,0.008556310320273042
037,3MIDD_048,24,0.0236202422529459,-0.006350050214678049,-0.014985146233811975,0.008635096019133925
037,3MIDD_048,25,0.023698577657341957,-0.006289713084697723,-0.01499414537101984,0.008704432286322117
037,3MIDD_048,26,0.023772738873958588,-0.006233114283531904,-0.015002926578745246,0.008769812295213342
037,3MIDD_048,27,0.02384214475750923,-0.006180783733725548,-0.01501146424561739,0.008830680511891842
037,3MIDD_048,28,0.023904472589492798,-0.0061333440244197845,-0.015018908306956291,0.008885564282536507
037,3MIDD_048,29,0.023960044607520103,-0.006091108079999685,-0.015025576343759894,0.008934468263760209
037,3MIDD_048,30,0.024011189118027687,-0.006053074263036251,-0.015032131690531969,0.008979057427495718
037,3MIDD_048,31,0.024058809503912926,-0.006018113810569048,-0.015038461657240987,0.009020347846671939
037,3MIDD_048,32,0.024102624505758286,-0.0059859296306967735,-0.01504427706822753,0.009058347437530756
037,3MIDD_048,33,0.024142732843756676,-0.005956054199486971,-0.015049393521621823,0.009093339322134852
037,3MIDD_048,34,0.02417951263487339,-0.0059287515468895435,-0.015054132090881467,0.009125380543991923
037,3MIDD_048,35,0.024213643744587898,-0.0059038447216153145,-0.015058744233101606,0.009154899511486292
037,3MIDD_048,36,0.024244941771030426,-0.005881212651729584,-0.015063077211380005,0.009181864559650421
037,3MIDD_048,37,0.024274328723549843,-0.005860950332134962,-0.015067639527842402,0.00920668919570744
037,3MIDD_048,38,0.024302978068590164,-0.005842726211994886,-0.015072852140292525,0.009230125928297639
037,3MIDD_048,39,0.024329932406544685,-0.005826036911457777,-0.015077984659001231,0.009251947747543454
037,3MIDD_048,40,0.024354906752705574,-0.005810469854623079,-0.015082688303664327,0.009272218449041247
037,3MIDD_048,41,0.02437780052423477,-0.005796265788376331,-0.015087033156305552,0.00929076736792922
037,3MIDD_048,42,0.02439894527196884,-0.005783324129879475,-0.015091134700924158,0.009307810571044683
037,3MIDD_048,43,0.024418456479907036,-0.005771634168922901,-0.015095045324414968,0.009323411155492067
037,3MIDD_048,44,0.024436622858047485,-0.00576083455234766,-0.015098728705197573,0.009337894152849913
037,3MIDD_048,45,0.024453293532133102,-0.005750951357185841,-0.015102122444659472,0.009351171087473631
037,3MIDD_048,46,0.02446887083351612,-0.005741904955357313,-0.015105387894436717,0.009363482939079404
037,3MIDD_048,47,0.02448318898677826,-0.0057335649617016315,-0.015108376974239945,0.009374812012538314
037,3MIDD_048,48,0.02449648268520832,-0.005726024508476257,-0.015111253596842289,0.009385229088366032
037,3MIDD_048,49,0.02450881153345108,-0.005719194188714027,-0.015114002861082554,0.009394808672368526
037,3MIDD_207,0,0.025330696254968643,0.024059990420937538,-0.0006353529170155525,0.02469534333795309
037,3MIDD_207,1,0.024854473769664764,0.02383170649409294,-0.0005113836377859116,0.024343090131878853
037,3MIDD_207,2,0.024151364341378212,0.02291843853890896,-0.0006164629012346268,0.023534901440143585
037,3MIDD_207,3,0.023499906063079834,0.022517146542668343,-0.0004913797602057457,0.02300852630287409
037,3MIDD_207,4,0.022718634456396103,0.02224390208721161,-0.000237366184592247,0.022481268271803856
037,3MIDD_207,5,0.021828776225447655,0.021870296448469162,2.076011151075363e-05,0.02184953633695841
037,3MIDD_207,6,0.02119709737598896,0.021539075300097466,0.00017098896205425262,0.021368086338043213
037,3MIDD_207,7,0.021034182980656624,0.021530326455831528,0.00024807173758745193,0.021282254718244076
037,3MIDD_207,8,0.021034277975559235,0.02168842777609825,0.00032707490026950836,0.021361352875828743
037,3MIDD_207,9,0.020979085937142372,0.021824603900313377,0.0004227589815855026,0.021401844918727875
037,3MIDD_207,10,0.020850658416748047,0.021898111328482628,0.0005237264558672905,0.021374384872615337
037,3MIDD_207,11,0.020720232278108597,0.02195807732641697,0.0006189225241541862,0.021339154802262783
037,3MIDD_207,12,0.020586691796779633,0.02198844589293003,0.0007008770480751991,0.02128756884485483
037,3MIDD_207,13,0.02047746442258358,0.02200327441096306,0.0007629049941897392,0.02124036941677332
037,3MIDD_207,14,0.020400794222950935,0.02200488932430744,0.0008020475506782532,0.02120284177362919
037,3MIDD_207,15,0.020324377343058586,0.022002780809998512,0.0008392017334699631,0.02116357907652855
037,3MIDD_207,16,0.02022160030901432,0.022000934928655624,0.000889667309820652,0.021111267618834972
037,3MIDD_207,17,0.020123235881328583,0.022006483748555183,0.0009416239336133003,0.021064859814941883
037,3MIDD_207,18,0.020045015960931778,0.02201460674405098,0.0009847953915596008,0.02102981135249138
037,3MIDD_207,19,0.019981974735856056,0.022019105032086372,0.001018565148115158,0.021000539883971214
037,3MIDD_207,20,0.01993040181696415,0.02201942913234234,0.0010445136576890945,0.020974915474653244
037,3MIDD_207,21,0.019891519099473953,0.02202061004936695,0.0010645454749464989,0.020956064574420452
037,3MIDD_207,22,0.019859008491039276,0.022020503878593445,0.0010807476937770844,0.02093975618481636
037,3MIDD_207,23,0.01982751488685608,0.022016193717718124,0.0010943394154310226,0.020921854302287102
037,3MIDD_207,24,0.019800690934062004,0.02201104909181595,0.0011051790788769722,0.020905870012938976
037,3MIDD_207,25,0.01978522539138794,0.022008398547768593,0.0011115865781903267,0.020896811969578266
037,3MIDD_207,26,0.01977669633924961,0.02200988307595253,0.0011165933683514595,0.02089328970760107
037,3MIDD_207,27,0.019769901409745216,0.022011347115039825,0.0011207228526473045,0.02089062426239252
037,3MIDD_207,28,0.0197634045034647,0.022014230489730835,0.001125412993133068,0.020888817496597767
037,3MIDD_207,29,0.019758600741624832,0.022018922492861748,0.0011301608756184578,0.02088876161724329
037,3MIDD_207,30,0.019755877554416656,0.02202257513999939,0.0011333487927913666,0.020889226347208023
037,3MIDD_207,31,0.019754448905587196,0.022025413811206818,0.0011354824528098106,0.020889931358397007
037,3MIDD_207,32,0.019754119217395782,0.02202855423092842,0.0011372175067663193,0.020891336724162102
037,3MIDD_207,33,0.01975533366203308,0.02203274331986904,0.0011387048289179802,0.02089403849095106
037,3MIDD_207,34,0.019757207483053207,0.02203712984919548,0.0011399611830711365,0.020897168666124344
037,3MIDD_207,35,0.019759047776460648,0.022041013464331627,0.0011409828439354897,0.020900030620396137
037,3MIDD_207,36,0.019761109724640846,0.022044891491532326,0.0011418908834457397,0.020903000608086586
037,3MIDD_207,37,0.01976376585662365,0.022048916667699814,0.0011425754055380821,0.02090634126216173
037,3MIDD_207,38,0.019766995683312416,0.022053061053156853,0.0011430326849222183,0.020910028368234634
037,3MIDD_207,39,0.01977107860147953,0.022057168185710907,0.0011430447921156883,0.02091412339359522
037,3MIDD_207,40,0.019776085391640663,0.02206120267510414,0.001142558641731739,0.020918644033372402
037,3MIDD_207,41,0.019781367853283882,0.022065477445721626,0.001142054796218872,0.020923422649502754
037,3MIDD_207,42,0.019786523655056953,0.022069744765758514,0.0011416105553507805,0.020928134210407734
037,3MIDD_207,43,0.0197918638586998,0.022073712199926376,0.0011409241706132889,0.020932788029313087
037,3MIDD_207,44,0.019797494634985924,0.02207777090370655,0.0011401381343603134,0.020937632769346237
037,3MIDD_207,45,0.019803136587142944,0.022082028910517693,0.0011394461616873741,0.02094258274883032
037,3MIDD_207,46,0.019809136167168617,0.02208651416003704,0.0011386889964342117,0.02094782516360283
037,3MIDD_207,47,0.01981503702700138,0.02209087461233139,0.0011379187926650047,0.020952955819666386
037,3MIDD_207,48,0.019821103662252426,0.02209535986185074,0.0011371280997991562,0.020958231762051582
037,3MIDD_207,49,0.019827058538794518,0.022099891677498817,0.00113641656935215,0.020963475108146667
037,4MIDD_085_170,0,-0.00035170087357982993,0.021158328279852867,0.010755014576716349,0.010403313703136519
037,4MIDD_085_170,1,5.003647675039247e-05,0.019963933154940605,0.009956948339095106,0.010006984815845499
037,4MIDD_085_170,2,0.0002504379954189062,0.018694110214710236,0.009221836109645665,0.009472274105064571
037,4MIDD_085_170,3,0.0006226463592611253,0.018258018419146538,0.008817686029942706,0.009440332389203832
037,4MIDD_085_170,4,0.0010782364988699555,0.01830468885600567,0.008613226178567857,0.009691462677437812
037,4MIDD_085_170,5,0.0013083646772429347,0.018595384433865547,0.008643509878311306,0.009951874555554241
037,4MIDD_085_170,6,0.0014305795775726438,0.019036192446947098,0.008802806434687227,0.01023338601225987
037,4MIDD_085_170,7,0.001472583506256342,0.019492078572511673,0.009009747533127666,0.010482331039384007
037,4MIDD_085_170,8,0.0014811169821769,0.019836289808154106,0.009177586412988603,0.010658703395165503
037,4MIDD_085_170,9,0.0014551582280546427,0.0200976375490427,0.00932123966049403,0.010776397888548672
037,4MIDD_085_170,10,0.0014424009714275599,0.020366685464978218,0.009462142246775329,0.010904543218202889
037,4MIDD_085_170,11,0.0014303381321951747,0.020637722685933113,0.00960369227686897,0.011034030409064144
037,4MIDD_085_170,12,0.0014065095456317067,0.020870402455329895,0.009731946454849094,0.0111384560004808
037,4MIDD_085_170,13,0.0014024177799001336,0.021066835150122643,0.009832208685111254,0.011234626465011388
037,4MIDD_085_170,14,0.0014149979688227177,0.02125208079814911,0.009918541414663196,0.011333539383485913
037,4MIDD_085_170,15,0.0014291007537394762,0.02142411470413208,0.009997506975196302,0.011426607728935778
037,4MIDD_085_170,16,0.0014381050132215023,0.021583959460258484,0.01007292722351849,0.011511032236739993
037,4MIDD_085_170,17,0.0014435750199481845,0.021737972274422646,0.01014719862723723,0.011590773647185415
037,4MIDD_085_170,18,0.001449149800464511,0.021884283050894737,0.010217566625215113,0.011666716425679624
037,4MIDD_085_170,19,0.001453293371014297,0.02201969549059868,0.01028320105979219,0.011736494430806488
037,4MIDD_085_170,20,0.0014580187853425741,0.022148149088025093,0.01034506515134126,0.011803083936683834
037,4MIDD_085_170,21,0.00147643918171525,0.022271353751420975,0.010397457284852862,0.011873896466568112
037,4MIDD_085_170,22,0.0015016677789390087,0.022388067096471786,0.010443199658766389,0.011944867437705398
037,4MIDD_085_170,23,0.0015250984579324722,0.022498300299048424,0.010486600920557976,0.012011699378490448
037,4MIDD_085_170,24,0.0015465007163584232,0.022602736949920654,0.010528118116781116,0.012074618833139539
037,4MIDD_085_170,25,0.0015696048503741622,0.022699853405356407,0.010565124277491122,0.012134729127865285
037,4MIDD_085_170,26,0.001591011881828308,0.02278970181941986,0.010599344968795776,0.012190356850624084
037,4MIDD_085_170,27,0.001608818187378347,0.022873403504490852,0.010632292658556253,0.0122411108459346
037,4MIDD_085_170,28,0.0016256915405392647,0.022951694205403328,0.010663001332432032,0.012288692872971296
037,4MIDD_085_170,29,0.001642750110477209,0.02302415668964386,0.010690703289583325,0.012333453400060534
037,4MIDD_085_170,30,0.0016594954067841172,0.02309047244489193,0.010715488519053906,0.012374983925838023
037,4MIDD_085_170,31,0.001675749197602272,0.023151537403464317,0.010737894102931023,0.012413643300533295
037,4MIDD_085_170,32,0.0016912511782720685,0.0232076458632946,0.010758197342511266,0.012449448520783335
037,4MIDD_085_170,33,0.0017045141430571675,0.023259203881025314,0.010777344868984073,0.012481859012041241
037,4MIDD_085_170,34,0.0017163780285045505,0.023306693881750107,0.010795157926622778,0.012511535955127329
037,4MIDD_085_170,35,0.001727163908071816,0.02334970235824585,0.010811269225087017,0.012538433133158833
037,4MIDD_085_170,36,0.0017362991347908974,0.023388389497995377,0.01082604518160224,0.012562344316393137
037,4MIDD_085_170,37,0.0017443280667066574,0.023423515260219574,0.010839593596756458,0.012583921663463116
037,4MIDD_085_170,38,0.0017513165948912501,0.023455092683434486,0.010851888044271618,0.012603204639162868
037,4MIDD_085_170,39,0.001757754827849567,0.02348337695002556,0.010862811061087996,0.012620565888937563
037,4MIDD_085_170,40,0.001763438107445836,0.023508897051215172,0.010872729471884668,0.012636167579330504
037,4MIDD_085_170,41,0.0017684530466794968,0.023532124236226082,0.010881835594773293,0.01265028864145279
037,4MIDD_085_170,42,0.0017729731043800712,0.0235531534999609,0.010890090197790414,0.012663063302170485
037,4MIDD_085_170,43,0.0017770741833373904,0.023572353646159172,0.01089763973141089,0.012674713914748281
037,4MIDD_085_170,44,0.001780523220077157,0.023589719086885452,0.010904597933404148,0.012685121153481305
037,4MIDD_085_170,45,0.0017837053164839745,0.023605328053236008,0.010910811368376017,0.012694516684859991
037,4MIDD_085_170,46,0.0017865414265543222,0.02361961640417576,0.010916537488810718,0.01270307891536504
037,4MIDD_085_170,47,0.0017890282906591892,0.02363278716802597,0.01092187943868339,0.01271090772934258
037,4MIDD_085_170,48,0.001791269169189036,0.023644698783755302,0.010926714807283133,0.01271798397647217
037,4MIDD_085_170,49,0.0017933128401637077,0.023655559867620468,0.01093112351372838,0.012724436353892088
038,3MIDD_048,0,0.003696138272061944,0.0061199851334095,0.001211923430673778,0.004908061702735722
038,3MIDD_048,1,0.003930443897843361,0.006871800869703293,0.001470678485929966,0.005401122383773327
038,3MIDD_048,2,0.004070976283401251,0.0076106577180325985,0.0017698407173156738,0.005840817000716925
038,3MIDD_048,3,0.005016525741666555,0.007774727884680033,0.0013791010715067387,0.006395626813173294
038,3MIDD_048,4,0.006600075401365757,0.0073492201045155525,0.00037457235157489777,0.006974647752940655
038,3MIDD_048,5,0.0082602733746171,0.006971006281673908,-0.0006446335464715958,0.007615639828145504
038,3MIDD_048,6,0.009508653543889523,0.006937067490071058,-0.0012857930269092321,0.00822286051698029
038,3MIDD_048,7,0.010316255502402782,0.007560408674180508,-0.0013779234141111374,0.008938332088291645
038,3MIDD_048,8,0.010924281552433968,0.008531859144568443,-0.0011962112039327621,0.009728070348501205
038,3MIDD_048,9,0.011200849898159504,0.009430216625332832,-0.0008853166364133358,0.010315533261746168
038,3MIDD_048,10,0.011349484324455261,0.01004902645945549,-0.0006502289324998856,0.010699255391955376
038,3MIDD_048,11,0.011315823532640934,0.01042148470878601,-0.0004471694119274616,0.010868654120713472
038,3MIDD_048,12,0.010975350625813007,0.010719195939600468,-0.00012807734310626984,0.010847273282706738
038,3MIDD_048,13,0.010444286279380322,0.011194001883268356,0.0003748578019440174,0.010819144081324339
038,3MIDD_048,14,0.009991179220378399,0.011765132658183575,0.0008869767189025879,0.010878155939280987
038,3MIDD_048,15,0.009629430249333382,0.012424659915268421,0.0013976148329675198,0.011027045082300901
038,3MIDD_048,16,0.009314235299825668,0.013088458217680454,0.001887111458927393,0.011201346758753061
038,3MIDD_048,17,0.009087152779102325,0.013472182676196098,0.0021925149485468864,0.011279667727649212
038,3MIDD_048,18,0.008900043554604053,0.013728737831115723,0.0024143471382558346,0.011314390692859888
038,3MIDD_048,19,0.00868056621402502,0.013946951366961002,0.002633192576467991,0.011313758790493011
038,3MIDD_048,20,0.008310058154165745,0.014263931661844254,0.0029769367538392544,0.011286994908005
038,3MIDD_048,21,0.007935410365462303,0.014713375829160213,0.003388982731848955,0.011324393097311258
038,3MIDD_048,22,0.007631013635545969,0.015056631527841091,0.003712808946147561,0.01134382258169353
038,3MIDD_048,23,0.007334132678806782,0.015253550373017788,0.003959708847105503,0.011293841525912285
038,3MIDD_048,24,0.006882522255182266,0.015447525307536125,0.0042825015261769295,0.011165023781359196
038,3MIDD_048,25,0.006308998912572861,0.015565108507871628,0.0046280547976493835,0.010937053710222244
038,3MIDD_048,26,0.005756275728344917,0.01559437345713377,0.004919048864394426,0.010675324592739344
038,3MIDD_048,27,0.005244696978479624,0.015603314153850079,0.005179308587685227,0.010424005566164851
038,3MIDD_048,28,0.004844252020120621,0.015578188933432102,0.005366968456655741,0.010211220476776361
038,3MIDD_048,29,0.004388268105685711,0.015537249855697155,0.005574490875005722,0.009962758980691433
038,3MIDD_048,30,0.003914002329111099,0.01548486016690731,0.005785428918898106,0.009699431248009205
038,3MIDD_048,31,0.003421614645048976,0.015317575074732304,0.005947980214841664,0.00936959485989064
038,3MIDD_048,32,0.0029551696497946978,0.01511963177472353,0.006082231062464416,0.009037400712259114
038,3MIDD_048,33,0.0024891726206988096,0.014815183356404305,0.0061630053678527474,0.008652177988551557
038,3MIDD_048,34,0.001965082250535488,0.014512409456074238,0.006273663602769375,0.008238745853304863
038,3MIDD_048,35,0.0014897298533469439,0.014212717302143574,0.006361493724398315,0.007851223577745259
038,3MIDD_048,36,0.0008729310357011855,0.013920018449425697,0.006523543706862256,0.007396474742563441
038,3MIDD_048,37,0.0003059059090446681,0.013640903867781162,0.006667498979368247,0.006973404888412915
038,3MIDD_048,38,-0.00029987216112203896,0.013398640789091587,0.006849256475106813,0.006549384313984774
038,3MIDD_048,39,-0.0008547570905648172,0.013144584372639656,0.006999670731602237,0.0061449136410374194
038,3MIDD_048,40,-0.001236161682754755,0.012798684649169445,0.0070174231659621,0.005781261483207345
038,3MIDD_048,41,-0.00152310892008245,0.012443335726857185,0.006983222323469818,0.005460113403387368
038,3MIDD_048,42,-0.0018881820142269135,0.012020292691886425,0.006954237353056669,0.005066055338829756
038,3MIDD_048,43,-0.0022428000811487436,0.011646864004433155,0.006944832042790949,0.004702031961642206
038,3MIDD_048,44,-0.0025282115675508976,0.011299027130007744,0.006913619348779321,0.004385407781228423
038,3MIDD_048,45,-0.0028922660276293755,0.010979336686432362,0.0069358013570308685,0.004043535329401493
038,3MIDD_048,46,-0.0033124890178442,0.010656570084393024,0.006984529551118612,0.003672040533274412
038,3MIDD_048,47,-0.0037464252673089504,0.010309228673577309,0.0070278269704431295,0.003281401703134179
038,3MIDD_048,48,-0.004160985350608826,0.0099453404545784,0.007053162902593613,0.002892177551984787
038,3MIDD_048,49,-0.004611094016581774,0.0096223633736372,0.007116728695109487,0.002505634678527713
038,3MIDD_207,0,0.003139059990644455,0.0006339970277622342,-0.0012525314814411104,0.0018865285092033446
038,3MIDD_207,1,0.003745277412235737,0.001710535492748022,-0.0010173709597438574,0.0027279064524918795
038,3MIDD_207,2,0.0035835884045809507,0.002767140045762062,-0.00040822417940944433,0.0031753642251715064
038,3MIDD_207,3,0.002301603788509965,0.004344908986240625,0.0010216525988653302,0.003323256387375295
038,3MIDD_207,4,0.0019106026738882065,0.00646113371476531,0.002275265520438552,0.004185868194326758
038,3MIDD_207,5,0.0022730587515980005,0.007188884541392326,0.002457912894897163,0.0047309716464951634
038,3MIDD_207,6,0.003492226591333747,0.007253282703459263,0.001880528056062758,0.005372754647396505
038,3MIDD_207,7,0.004975218325853348,0.007731775287538767,0.0013782784808427095,0.006353496806696057
038,3MIDD_207,8,0.0061458563432097435,0.009036734700202942,0.0014454391784965992,0.007591295521706343
038,3MIDD_207,9,0.006420557852834463,0.010486693121492863,0.0020330676343292,0.008453625487163663
038,3MIDD_207,10,0.0065283807925879955,0.011654864996671677,0.0025632421020418406,0.009091622894629836
038,3MIDD_207,11,0.0069191353395581245,0.012292517349123955,0.002686691004782915,0.00960582634434104
038,3MIDD_207,12,0.007496097590774298,0.01275984849780798,0.002631875453516841,0.010127973044291139
038,3MIDD_207,13,0.007980137132108212,0.013335080817341805,0.0026774718426167965,0.010657608974725008
038,3MIDD_207,14,0.008266117423772812,0.014157848432660103,0.0029458655044436455,0.011211982928216457
038,3MIDD_207,15,0.0084304828196764,0.015108898282051086,0.0033392077311873436,0.011769690550863743
038,3MIDD_207,16,0.00874435342848301,0.0158865824341774,0.0035711145028471947,0.012315467931330204
038,3MIDD_207,17,0.009131076745688915,0.016372477635741234,0.0036207004450261593,0.012751777190715075
038,3MIDD_207,18,0.009484069421887398,0.016797689720988274,0.003656810149550438,0.013140879571437836
038,3MIDD_207,19,0.009592441841959953,0.017189232632517815,0.0037983953952789307,0.013390837237238884
038,3MIDD_207,20,0.009548351168632507,0.017564335837960243,0.004007992334663868,0.013556343503296375
038,3MIDD_207,21,0.009329982101917267,0.017785925418138504,0.004227971658110619,0.013557953760027885
038,3MIDD_207,22,0.009323219768702984,0.01796361804008484,0.0043201991356909275,0.013643418904393911
038,3MIDD_207,23,0.00950590893626213,0.018186643719673157,0.004340367391705513,0.013846276327967644
038,3MIDD_207,24,0.009611510671675205,0.018494542688131332,0.004441516008228064,0.014053026679903269
038,3MIDD_207,25,0.009617974981665611,0.018862860277295113,0.004622442647814751,0.014240417629480362
038,3MIDD_207,26,0.009595304727554321,0.01918036863207817,0.004792531952261925,0.014387836679816246
038,3MIDD_207,27,0.009579295292496681,0.01936916448175907,0.004894934594631195,0.014474229887127876
038,3MIDD_207,28,0.009643453173339367,0.019454892724752426,0.00490571977570653,0.014549172949045897
038,3MIDD_207,29,0.009639323689043522,0.019450845196843147,0.004905760753899813,0.014545084442943335
038,3MIDD_207,30,0.009596790187060833,0.019493136554956436,0.004948173183947802,0.014544963371008635
038,3MIDD_207,31,0.009577324613928795,0.019544152542948723,0.004983413964509964,0.014560738578438759
038,3MIDD_207,32,0.009580273181200027,0.019581841304898262,0.005000784061849117,0.014581057243049145
038,3MIDD_207,33,0.009732330217957497,0.01965373381972313,0.004960701800882816,0.014693032018840313
038,3MIDD_207,34,0.009892121888697147,0.01966310851275921,0.004885493312031031,0.014777615200728178
038,3MIDD_207,35,0.01000218652188778,0.01959878019988537,0.0047982968389987946,0.014800483360886574
038,3MIDD_207,36,0.010046436451375484,0.019551608711481094,0.004752586130052805,0.01479902258142829
038,3MIDD_207,37,0.010089905932545662,0.01960788667201996,0.004758990369737148,0.01484889630228281
038,3MIDD_207,38,0.010162455961108208,0.019786836579442024,0.004812190309166908,0.014974646270275116
038,3MIDD_207,39,0.010202196426689625,0.019990742206573486,0.004894272889941931,0.015096469316631556
038,3MIDD_207,40,0.010243496857583523,0.02022325061261654,0.004989876877516508,0.015233373735100031
038,3MIDD_207,41,0.010247391648590565,0.020471300929784775,0.005111954640597105,0.01535934628918767
038,3MIDD_207,42,0.01026700995862484,0.020601458847522736,0.005167224444448948,0.015434234403073788
038,3MIDD_207,43,0.01032960880547762,0.0206910390406847,0.00518071511760354,0.01551032392308116
038,3MIDD_207,44,0.010445521213114262,0.020773256197571754,0.005163867492228746,0.015609388705343008
038,3MIDD_207,45,0.01055067777633667,0.020864782854914665,0.005157052539288998,0.015707730315625668
038,3MIDD_207,46,0.010560581460595131,0.020926576107740402,0.005182997323572636,0.015743578784167767
038,3MIDD_207,47,0.01058267056941986,0.020921222865581512,0.005169276148080826,0.015751946717500687
038,3MIDD_207,48,0.010679333470761776,0.02092885598540306,0.0051247612573206425,0.01580409472808242
038,3MIDD_207,49,0.010888745076954365,0.02096731774508953,0.005039286334067583,0.015928031411021948
038,4MIDD_085_170,0,0.005235157907009125,-0.0012204773956909776,-0.003227817651350051,0.0020073402556590736
038,4MIDD_085_170,1,0.00508559076115489,-0.00031033833511173725,-0.0026979645481333137,0.0023876262130215764
038,4MIDD_085_170,2,0.0054201590828597546,0.00036380524397827685,-0.002528176919440739,0.0028919821634190157
038,4MIDD_085_170,3,0.006574513856321573,0.0005257742013782263,-0.0030243698274716735,0.0035501440288498998
038,4MIDD_085_170,4,0.008298367261886597,0.0007728951168246567,-0.00376273607253097,0.004535631189355627
038,4MIDD_085_170,5,0.009656400419771671,0.0014336049789562821,-0.004111397720407695,0.005545002699363977
038,4MIDD_085_170,6,0.010851315222680569,0.0025028474628925323,-0.004174233879894018,0.0066770813427865505
038,4MIDD_085_170,7,0.012240546755492687,0.0036989934742450714,-0.004270776640623808,0.00796977011486888
038,4MIDD_085_170,8,0.013907928951084614,0.00507658114656806,-0.004415673902258277,0.009492255048826337
038,4MIDD_085_170,9,0.015277965925633907,0.006260390859097242,-0.0045087875332683325,0.010769178392365575
038,4MIDD_085_170,10,0.016303803771734238,0.007216251455247402,-0.004543776158243418,0.01176002761349082
038,4MIDD_085_170,11,0.017154186964035034,0.008034366182982922,-0.004559910390526056,0.012594276573508978
038,4MIDD_085_170,12,0.01810641773045063,0.00878315232694149,-0.00466163270175457,0.01344478502869606
038,4MIDD_085_170,13,0.019247042015194893,0.009751162491738796,-0.004747939761728048,0.014499102253466845
038,4MIDD_085_170,14,0.020222822204232216,0.010885010473430157,-0.00466890586540103,0.015553916338831186
038,4MIDD_085_170,15,0.021009458228945732,0.012000580318272114,-0.004504438955336809,0.016505019273608923
038,4MIDD_085_170,16,0.02183683216571808,0.012899968773126602,-0.004468431696295738,0.01736840046942234
038,4MIDD_085_170,17,0.022650381550192833,0.013572631403803825,-0.004538875073194504,0.01811150647699833
038,4MIDD_085_170,18,0.023361574858427048,0.01402499433606863,-0.004668290261179209,0.01869328459724784
038,4MIDD_085_170,19,0.023838020861148834,0.01449153758585453,-0.004673241637647152,0.019164779223501682
038,4MIDD_085_170,20,0.02411751076579094,0.014962049201130867,-0.004577730782330036,0.019539779983460903
038,4MIDD_085_170,21,0.024235937744379044,0.015300477854907513,-0.0044677299447357655,0.019768207799643278
038,4MIDD_085_170,22,0.0244167298078537,0.015519926324486732,-0.004448401741683483,0.019968328066170216
038,4MIDD_085_170,23,0.024665193632245064,0.015761347487568855,-0.004451923072338104,0.02021327055990696
038,4MIDD_085_170,24,0.024842455983161926,0.01604810543358326,-0.004397175274789333,0.020445280708372593
038,4MIDD_085_170,25,0.025024080649018288,0.016333462670445442,-0.004345308989286423,0.020678771659731865
038,4MIDD_085_170,26,0.02509021945297718,0.016518305987119675,-0.004285956732928753,0.020804262720048428
038,4MIDD_085_170,27,0.025067204609513283,0.016612671315670013,-0.004227266646921635,0.020839937962591648
038,4MIDD_085_170,28,0.02500505931675434,0.016698773950338364,-0.004153142683207989,0.020851916633546352
038,4MIDD_085_170,29,0.02477480284869671,0.016707085072994232,-0.004033858887851238,0.02074094396084547
038,4MIDD_085_170,30,0.02451440319418907,0.016763413324952126,-0.003875494934618473,0.0206389082595706
038,4MIDD_085_170,31,0.024243583902716637,0.016780022531747818,-0.0037317806854844093,0.020511803217232227
038,4MIDD_085_170,32,0.024053484201431274,0.016772059723734856,-0.0036407122388482094,0.020412771962583065
038,4MIDD_085_170,33,0.023959118872880936,0.016683969646692276,-0.00363757461309433,0.020321544259786606
038,4MIDD_085_170,34,0.02394961751997471,0.016615359112620354,-0.0036671292036771774,0.02028248831629753
038,4MIDD_085_170,35,0.023988548666238785,0.016539687290787697,-0.003724430687725544,0.02026411797851324
038,4MIDD_085_170,36,0.02405298687517643,0.016460249200463295,-0.0037963688373565674,0.020256618037819862
038,4MIDD_085_170,37,0.024166561663150787,0.016365794464945793,-0.003900383599102497,0.02026617806404829
038,4MIDD_085_170,38,0.02421458810567856,0.01627182401716709,-0.0039713820442557335,0.020243206061422825
038,4MIDD_085_170,39,0.024214813485741615,0.01620013453066349,-0.0040073394775390625,0.020207474008202553
038,4MIDD_085_170,40,0.024144571274518967,0.01615823805332184,-0.003993166610598564,0.020151404663920403
038,4MIDD_085_170,41,0.02415272779762745,0.016146307811141014,-0.0040032099932432175,0.02014951780438423
038,4MIDD_085_170,42,0.024256430566310883,0.016149984672665596,-0.004053222946822643,0.02020320761948824
038,4MIDD_085_170,43,0.02444072626531124,0.01609848439693451,-0.004171120934188366,0.020269605331122875
038,4MIDD_085_170,44,0.024577589705586433,0.015973899513483047,-0.004301845096051693,0.02027574460953474
038,4MIDD_085_170,45,0.024737322703003883,0.015830911695957184,-0.00445320550352335,0.020284117199480534
038,4MIDD_085_170,46,0.024920228868722916,0.015650304034352303,-0.0046349624171853065,0.02028526645153761
038,4MIDD_085_170,47,0.02511947602033615,0.01541967410594225,-0.004849900957196951,0.0202695750631392
038,4MIDD_085_170,48,0.025347111746668816,0.015266082249581814,-0.005040514748543501,0.020306596998125315
038,4MIDD_085_170,49,0.025605857372283936,0.015192883089184761,-0.005206487141549587,0.02039937023073435
039,3MIDD_048,0,0.009065662510693073,0.012825154699385166,0.0018797460943460464,0.01094540860503912
039,3MIDD_048,1,0.009457353502511978,0.013097675517201424,0.0018201610073447227,0.011277514509856701
039,3MIDD_048,2,0.00981674063950777,0.013262460008263588,0.0017228596843779087,0.01153960032388568
039,3MIDD_048,3,0.010199912823736668,0.013356255367398262,0.0015781712718307972,0.011778084095567465
039,3MIDD_048,4,0.01038326881825924,0.013317865319550037,0.001467298250645399,0.011850567068904638
039,3MIDD_048,5,0.010541479103267193,0.013425839133560658,0.0014421800151467323,0.011983659118413925
039,3MIDD_048,6,0.010660056956112385,0.013609821908175945,0.0014748824760317802,0.012134939432144165
039,3MIDD_048,7,0.01067431177943945,0.013794193975627422,0.0015599410980939865,0.012234252877533436
039,3MIDD_048,8,0.01067433413118124,0.013933775015175343,0.0016297204419970512,0.012304054573178291
039,3MIDD_048,9,0.01063458900898695,0.014043541625142097,0.0017044763080775738,0.012339065317064524
039,3MIDD_048,10,0.010538622736930847,0.014119265601038933,0.0017903214320540428,0.01232894416898489
039,3MIDD_048,11,0.010431040078401566,0.01414168905466795,0.001855324488133192,0.012286364566534758
039,3MIDD_048,12,0.010308746248483658,0.014131782576441765,0.0019115181639790535,0.012220264412462711
039,3MIDD_048,13,0.010157397016882896,0.01412606704980135,0.0019843350164592266,0.012141732033342123
039,3MIDD_048,14,0.009996224194765091,0.01413070410490036,0.0020672399550676346,0.012063464149832726
039,3MIDD_048,15,0.009852979332208633,0.014138979837298393,0.00214300025254488,0.011995979584753513
039,3MIDD_048,16,0.009725661017000675,0.014160364866256714,0.0022173519246280193,0.011943012941628695
039,3MIDD_048,17,0.009607607498764992,0.014167330227792263,0.0022798613645136356,0.011887468863278627
039,3MIDD_048,18,0.009485295042395592,0.014173606410622597,0.0023441556841135025,0.011829450726509094
039,3MIDD_048,19,0.009351304732263088,0.014176770113408566,0.0024127326905727386,0.011764037422835827
039,3MIDD_048,20,0.009205931797623634,0.01418398693203926,0.0024890275672078133,0.011694959364831448
039,3MIDD_048,21,0.00905977189540863,0.014197036623954773,0.0025686323642730713,0.011628404259681702
039,3MIDD_048,22,0.008922775276005268,0.014208528213202953,0.0026428764685988426,0.01156565174460411
039,3MIDD_048,23,0.008801296353340149,0.01421741209924221,0.0027080578729510307,0.01150935422629118
039,3MIDD_048,24,0.008682547137141228,0.014235622249543667,0.0027765375562012196,0.011459084693342447
039,3MIDD_048,25,0.00857098214328289,0.014250334352254868,0.0028396761044859886,0.011410658247768879
039,3MIDD_048,26,0.00845979992300272,0.014273020438849926,0.002906610257923603,0.011366410180926323
039,3MIDD_048,27,0.008352391421794891,0.014299209229648113,0.002973408903926611,0.011325800325721502
039,3MIDD_048,28,0.008254232816398144,0.014326713047921658,0.003036240115761757,0.0112904729321599
039,3MIDD_048,29,0.008155065588653088,0.014347242191433907,0.0030960883013904095,0.011251153890043497
039,3MIDD_048,30,0.008057613857090473,0.014363880269229412,0.0031531332060694695,0.011210747063159943
039,3MIDD_048,31,0.007961672730743885,0.014373882673680782,0.0032061049714684486,0.011167777702212334
039,3MIDD_048,32,0.007869225926697254,0.01438246201723814,0.003256618045270443,0.011125843971967697
039,3MIDD_048,33,0.007778322324156761,0.014391138218343258,0.0033064079470932484,0.01108473027125001
039,3MIDD_048,34,0.007686168421059847,0.0143971536308527,0.003355492604896426,0.011041661025956273
039,3MIDD_048,35,0.007588787004351616,0.01439581997692585,0.003403516486287117,0.010992303490638733
039,3MIDD_048,36,0.007495195139199495,0.014387914910912514,0.003446359885856509,0.010941555025056005
039,3MIDD_048,37,0.007406176533550024,0.014378158375620842,0.003485990921035409,0.010892167454585433
039,3MIDD_048,38,0.007319625932723284,0.01436681393533945,0.0035235940013080835,0.010843219934031367
039,3MIDD_048,39,0.007239275611937046,0.014348410069942474,0.003554567229002714,0.01079384284093976
039,3MIDD_048,40,0.007162341382354498,0.0143283661454916,0.003583012381568551,0.010745353763923049
039,3MIDD_048,41,0.007088145241141319,0.01430258434265852,0.0036072195507586002,0.01069536479189992
039,3MIDD_048,42,0.007015214767307043,0.014273595996201038,0.0036291906144469976,0.01064440538175404
039,3MIDD_048,43,0.0069449241273105145,0.014244492165744305,0.003649784019216895,0.01059470814652741
039,3MIDD_048,44,0.0068770344369113445,0.014212939888238907,0.003667952725663781,0.010544987162575126
039,3MIDD_048,45,0.0068112872540950775,0.01418384350836277,0.0036862781271338463,0.010497565381228924
039,3MIDD_048,46,0.006746214348822832,0.014152365736663342,0.0037030756939202547,0.010449290042743087
039,3MIDD_048,47,0.006677726749330759,0.014122006483376026,0.0037221398670226336,0.010399866616353393
039,3MIDD_048,48,0.006608960218727589,0.014093982055783272,0.0037425109185278416,0.01035147113725543
039,3MIDD_048,49,0.006541155744343996,0.014066828414797783,0.0037628363352268934,0.01030399207957089
039,3MIDD_207,0,0.009032913483679295,0.018576696515083313,0.004771891515702009,0.013804804999381304
039,3MIDD_207,1,0.008948255330324173,0.01845056377351284,0.004751154221594334,0.013699409551918507
039,3MIDD_207,2,0.00866662710905075,0.01804501749575138,0.004689195193350315,0.013355822302401066
039,3MIDD_207,3,0.008309982717037201,0.017329854890704155,0.004509936086833477,0.012819918803870678
039,3MIDD_207,4,0.007822742685675621,0.016581902280449867,0.004379579797387123,0.012202322483062744
039,3MIDD_207,5,0.007454926148056984,0.0159904845058918,0.004267779178917408,0.011722705326974392
039,3MIDD_207,6,0.007284653373062611,0.015619944781064987,0.004167645704001188,0.011452299077063799
039,3MIDD_207,7,0.007189563475549221,0.015338496305048466,0.004074466414749622,0.011264029890298843
039,3MIDD_207,8,0.007060781121253967,0.015100640244781971,0.004019929561764002,0.011080710683017969
039,3MIDD_207,9,0.006857419852167368,0.014780114404857159,0.003961347276344895,0.010818767128512263
039,3MIDD_207,10,0.006630823016166687,0.014452831819653511,0.003911004401743412,0.010541827417910099
039,3MIDD_207,11,0.006433516275137663,0.01415222231298685,0.003859353018924594,0.010292869294062257
039,3MIDD_207,12,0.006286608055233955,0.013918704353272915,0.0038160481490194798,0.010102656204253435
039,3MIDD_207,13,0.0061761378310620785,0.013720031827688217,0.0037719469983130693,0.009948084829375148
039,3MIDD_207,14,0.006081908941268921,0.013540486805140972,0.0037292889319360256,0.009811197873204947
039,3MIDD_207,15,0.005980047397315502,0.013363590463995934,0.0036917715333402157,0.009671818930655718
039,3MIDD_207,16,0.005881790537387133,0.01319669745862484,0.0036574534606188536,0.009539243998005986
039,3MIDD_207,17,0.005788004025816917,0.013030622154474258,0.0036213090643286705,0.009409313090145588
039,3MIDD_207,18,0.005713573656976223,0.01288522221148014,0.003585824277251959,0.009299397934228182
039,3MIDD_207,19,0.005647237412631512,0.012737476266920567,0.0035451194271445274,0.009192356839776039
039,3MIDD_207,20,0.005581034813076258,0.012599771842360497,0.0035093685146421194,0.009090403327718377
039,3MIDD_207,21,0.005516733042895794,0.012475627474486828,0.003479447215795517,0.008996180258691311
039,3MIDD_207,22,0.005451568868011236,0.012356775812804699,0.0034526034723967314,0.008904172340407968
039,3MIDD_207,23,0.005389716476202011,0.01223748829215765,0.0034238859079778194,0.00881360238417983
039,3MIDD_207,24,0.005332145374268293,0.012123584747314453,0.00339571968652308,0.008727865060791373
039,3MIDD_207,25,0.005284563638269901,0.012010552920401096,0.0033629946410655975,0.008647558279335499
039,3MIDD_207,26,0.005242770072072744,0.011903786100447178,0.0033305080141872168,0.008573278086259961
039,3MIDD_207,27,0.00519599812105298,0.011797006241977215,0.003300504060462117,0.008496502181515098
039,3MIDD_207,28,0.0051466296426951885,0.011690358631312847,0.0032718644943088293,0.008418494137004018
039,3MIDD_207,29,0.005094165913760662,0.011584070511162281,0.0032449522987008095,0.008339118212461472
039,3MIDD_207,30,0.00503985770046711,0.011475952342152596,0.003218047320842743,0.008257905021309853
039,3MIDD_207,31,0.004984508268535137,0.011367124505341053,0.003191308118402958,0.008175816386938095
039,3MIDD_207,32,0.00492845056578517,0.011261514388024807,0.0031665319111198187,0.008094982476904988
039,3MIDD_207,33,0.004876434337347746,0.011156576685607433,0.0031400711741298437,0.00801650551147759
039,3MIDD_207,34,0.0048257228918373585,0.01105570886284113,0.0031149929855018854,0.007940715877339244
039,3MIDD_207,35,0.004774227738380432,0.01095321960747242,0.003089495934545994,0.007863723672926426
039,3MIDD_207,36,0.004727506544440985,0.010852186009287834,0.0030623397324234247,0.0077898462768644094
039,3MIDD_207,37,0.004681733902543783,0.010756785050034523,0.00303752557374537,0.007719259476289153
039,3MIDD_207,38,0.004635857418179512,0.010664619505405426,0.003014381043612957,0.007650238461792469
039,3MIDD_207,39,0.004591739736497402,0.010577657260000706,0.0029929587617516518,0.007584698498249054
039,3MIDD_207,40,0.004541595932096243,0.010495360940694809,0.002976882504299283,0.007518478436395526
039,3MIDD_207,41,0.004491506144404411,0.01041534636169672,0.0029619201086461544,0.007453426253050566
039,3MIDD_207,42,0.004441665019840002,0.010335478000342846,0.002946906490251422,0.007388571510091424
039,3MIDD_207,43,0.004390631336718798,0.01025537308305502,0.002932370873168111,0.0073230022098869085
039,3MIDD_207,44,0.0043403832241892815,0.01017756573855877,0.002918591257184744,0.007258974481374025
039,3MIDD_207,45,0.004287004936486483,0.010100706480443478,0.0029068507719784975,0.00719385570846498
039,3MIDD_207,46,0.004235980100929737,0.010023144073784351,0.002893581986427307,0.007129562087357044
039,3MIDD_207,47,0.004186937119811773,0.00994594395160675,0.0028795034158974886,0.007066440535709262
039,3MIDD_207,48,0.004140030592679977,0.009867615066468716,0.002863792236894369,0.0070038228295743465
039,3MIDD_207,49,0.004094525706022978,0.00978837814182043,0.0028469262178987265,0.006941451923921704
039,4MIDD_085_170,0,0.012215280905365944,0.011169681325554848,-0.0005227997899055481,0.011692481115460396
039,4MIDD_085_170,1,0.012433471158146858,0.011296270415186882,-0.0005686003714799881,0.01186487078666687
039,4MIDD_085_170,2,0.012496070004999638,0.011265195906162262,-0.0006154370494186878,0.01188063295558095
039,4MIDD_085_170,3,0.01255393959581852,0.011171749792993069,-0.0006910949014127254,0.011862844694405794
039,4MIDD_085_170,4,0.01248876005411148,0.010925070382654667,-0.0007818448357284069,0.011706915218383074
039,4MIDD_085_170,5,0.012444938533008099,0.010632779449224472,-0.0009060795418918133,0.011538858991116285
039,4MIDD_085_170,6,0.012429230846464634,0.010371582582592964,-0.0010288241319358349,0.011400406714528799
039,4MIDD_085_170,7,0.012421756982803345,0.010149603709578514,-0.0011360766366124153,0.01128568034619093
039,4MIDD_085_170,8,0.01237955316901207,0.00998073723167181,-0.0011994079686701298,0.01118014520034194
039,4MIDD_085_170,9,0.012304076924920082,0.009834080003201962,-0.0012349984608590603,0.011069078464061022
039,4MIDD_085_170,10,0.01220767106860876,0.00970474723726511,-0.0012514619156718254,0.010956209152936935
039,4MIDD_085_170,11,0.01210347842425108,0.009585113264620304,-0.0012591825798153877,0.010844295844435692
039,4MIDD_085_170,12,0.012017661705613136,0.009483500383794308,-0.0012670806609094143,0.010750581044703722
039,4MIDD_085_170,13,0.011948741041123867,0.009407793171703815,-0.0012704739347100258,0.010678267106413841
039,4MIDD_085_170,14,0.011879037134349346,0.00934282410889864,-0.0012681065127253532,0.010610930621623993
039,4MIDD_085_170,15,0.011806733906269073,0.009277180768549442,-0.0012647765688598156,0.010541957337409258
039,4MIDD_085_170,16,0.011737271212041378,0.009213415905833244,-0.0012619276531040668,0.010475343558937311
039,4MIDD_085_170,17,0.011684028431773186,0.009155192412436008,-0.0012644180096685886,0.010419610422104597
039,4MIDD_085_170,18,0.011634045280516148,0.009100009687244892,-0.0012670177966356277,0.01036702748388052
039,4MIDD_085_170,19,0.011591863818466663,0.009058021008968353,-0.001266921404749155,0.010324942413717508
039,4MIDD_085_170,20,0.011556308716535568,0.00902380608022213,-0.0012662513181567192,0.010290057398378849
039,4MIDD_085_170,21,0.011523785069584846,0.008988648653030396,-0.0012675682082772255,0.010256216861307621
039,4MIDD_085_170,22,0.011484642513096333,0.008963970467448235,-0.001260336022824049,0.010224306490272284
039,4MIDD_085_170,23,0.011448115110397339,0.008950095623731613,-0.0012490097433328629,0.010199105367064476
039,4MIDD_085_170,24,0.011413411237299442,0.00893227756023407,-0.0012405668385326862,0.010172844398766756
039,4MIDD_085_170,25,0.011378670111298561,0.008916838094592094,-0.0012309160083532333,0.010147754102945328
039,4MIDD_085_170,26,0.011344392783939838,0.00889427587389946,-0.0012250584550201893,0.010119334328919649
039,4MIDD_085_170,27,0.011313579976558685,0.00888158567249775,-0.001215997152030468,0.010097582824528217
039,4MIDD_085_170,28,0.011280032806098461,0.008867299184203148,-0.0012063668109476566,0.010073665995150805
039,4MIDD_085_170,29,0.011243077926337719,0.008851996622979641,-0.001195540651679039,0.01004753727465868
039,4MIDD_085_170,30,0.011205029673874378,0.008835836313664913,-0.0011845966801047325,0.010020432993769646
039,4MIDD_085_170,31,0.011168109253048897,0.008814319968223572,-0.0011768946424126625,0.009991214610636234
039,4MIDD_085_170,32,0.011133533902466297,0.008791270665824413,-0.001171131618320942,0.009962402284145355
039,4MIDD_085_170,33,0.011102001182734966,0.008765553124248981,-0.0011682240292429924,0.009933777153491974
039,4MIDD_085_170,34,0.011076143011450768,0.008738563396036625,-0.0011687898077070713,0.009907353203743696
039,4MIDD_085_170,35,0.011054144240915775,0.008712328970432281,-0.001170907635241747,0.009883236605674028
039,4MIDD_085_170,36,0.011028473265469074,0.008687159046530724,-0.0011706571094691753,0.009857816155999899
039,4MIDD_085_170,37,0.010999845340847969,0.008663291111588478,-0.0011682771146297455,0.009831568226218224
039,4MIDD_085_170,38,0.010973087511956692,0.008641025051474571,-0.0011660312302410603,0.009807056281715631
039,4MIDD_085_170,39,0.010945504531264305,0.008616825565695763,-0.0011643394827842712,0.009781165048480034
039,4MIDD_085_170,40,0.010912596248090267,0.008595424704253674,-0.0011585857719182968,0.00975401047617197
039,4MIDD_085_170,41,0.010878699831664562,0.008574939332902431,-0.0011518802493810654,0.009726819582283497
039,4MIDD_085_170,42,0.01084707211703062,0.008555167354643345,-0.0011459523811936378,0.009701119735836983
039,4MIDD_085_170,43,0.01081688329577446,0.008531251922249794,-0.001142815686762333,0.009674067609012127
039,4MIDD_085_170,44,0.010785206221044064,0.008507277816534042,-0.0011389642022550106,0.009646242018789053
039,4MIDD_085_170,45,0.010751072317361832,0.008482877165079117,-0.0011340975761413574,0.009616974741220474
039,4MIDD_085_170,46,0.010715748183429241,0.008456192910671234,-0.0011297776363790035,0.009585970547050238
039,4MIDD_085_170,47,0.010679792612791061,0.008429459296166897,-0.0011251666583120823,0.009554625954478979
039,4MIDD_085_170,48,0.010643303394317627,0.00840197317302227,-0.0011206651106476784,0.009522638283669949
039,4MIDD_085_170,49,0.010606275871396065,0.008374383673071861,-0.0011159460991621017,0.009490329772233963
040,3MIDD_048,0,0.009344654157757759,-0.004074839875102043,-0.006709747016429901,0.002634907141327858
040,3MIDD_048,1,0.01005560252815485,-0.0033507246989756823,-0.006703163613565266,0.003352438914589584
040,3MIDD_048,2,0.011038441210985184,-0.0031089612748473883,-0.007073701242916286,0.003964739968068898
040,3MIDD_048,3,0.011317862197756767,-0.004617881495505571,-0.00796787184663117,0.003349990351125598
040,3MIDD_048,4,0.01060481183230877,-0.006649969611316919,-0.008627390721812844,0.001977421110495925
040,3MIDD_048,5,0.008965974673628807,-0.008925528265535831,-0.00894575146958232,2.0223204046487808e-05
040,3MIDD_048,6,0.00673672603443265,-0.010733859613537788,-0.008735292823985219,-0.0019985667895525694
040,3MIDD_048,7,0.004948148969560862,-0.01173464022576809,-0.008341394597664475,-0.003393245628103614
040,3MIDD_048,8,0.0036139844451099634,-0.012044034898281097,-0.00782900967169553,-0.004215025226585567
040,3MIDD_048,9,0.002775561762973666,-0.012037886306643486,-0.007406724034808576,-0.00463116227183491
040,3MIDD_048,10,0.0020309998653829098,-0.011950219981372356,-0.006990609923377633,-0.004959610057994723
040,3MIDD_048,11,0.001450876472517848,-0.011894473806023598,-0.006672675139270723,-0.005221798666752875
040,3MIDD_048,12,0.0009223714005202055,-0.011921858415007591,-0.006422114907763898,-0.005499743507243693
040,3MIDD_048,13,0.00047609253670088947,-0.011996954679489136,-0.006236523608095013,-0.005760431071394123
040,3MIDD_048,14,5.4173407988855615e-05,-0.01209061499685049,-0.006072394202419673,-0.0060182207944308175
040,3MIDD_048,15,-0.00033460502163507044,-0.012173041701316833,-0.0059192183398408815,-0.006253823361475952
040,3MIDD_048,16,-0.0007016085437498987,-0.01233761664479971,-0.005818004050524905,-0.006519612594274804
040,3MIDD_048,17,-0.0010171780595555902,-0.012417219579219818,-0.005700020759832114,-0.006717198819387704
040,3MIDD_048,18,-0.0012331790057942271,-0.012280832976102829,-0.005523826985154301,-0.006757005990948528
040,3MIDD_048,19,-0.001472649397328496,-0.012067198753356934,-0.005297274678014219,-0.006769924075342715
040,3MIDD_048,20,-0.0017757584573701024,-0.011886900290846825,-0.005055570916738361,-0.0068313293741084635
040,3MIDD_048,21,-0.00203970680013299,-0.011676822789013386,-0.004818557994440198,-0.006858264794573188
040,3MIDD_048,22,-0.0022827377542853355,-0.011392968706786633,-0.0045551154762506485,-0.006837853230535984
040,3MIDD_048,23,-0.0025528930127620697,-0.011069878935813904,-0.004258492961525917,-0.006811385974287987
040,3MIDD_048,24,-0.0028065275400877,-0.010773694142699242,-0.003983583301305771,-0.006790110841393471
040,3MIDD_048,25,-0.0030114634428173304,-0.010522490367293358,-0.0037555134622380137,-0.006766976905055344
040,3MIDD_048,26,-0.0031555446330457926,-0.01030649896711111,-0.003575477167032659,-0.006731021800078452
040,3MIDD_048,27,-0.0032802021596580744,-0.010075672529637814,-0.0033977351849898696,-0.006677937344647944
040,3MIDD_048,28,-0.003449192037805915,-0.009769247844815254,-0.0031600279035046697,-0.0066092199413105845
040,3MIDD_048,29,-0.0036721713840961456,-0.009425579570233822,-0.002876704093068838,-0.006548875477164984
040,3MIDD_048,30,-0.003909436520189047,-0.00915785413235426,-0.0026242088060826063,-0.006533645326271653
040,3MIDD_048,31,-0.004155158996582031,-0.008983741514384747,-0.0024142912589013577,-0.006569450255483389
040,3MIDD_048,32,-0.004402407445013523,-0.008865066803991795,-0.0022313296794891357,-0.006633737124502659
040,3MIDD_048,33,-0.004630619660019875,-0.008780700154602528,-0.0020750402472913265,-0.006705659907311201
040,3MIDD_048,34,-0.004839951638132334,-0.008704466745257378,-0.001932257553562522,-0.006772209191694856
040,3MIDD_048,35,-0.005042769014835358,-0.008628406561911106,-0.0017928187735378742,-0.006835587788373232
040,3MIDD_048,36,-0.005230031441897154,-0.00855580810457468,-0.0016628883313387632,-0.006892919773235917
040,3MIDD_048,37,-0.005404086317867041,-0.008477088063955307,-0.0015365008730441332,-0.006940587190911174
040,3MIDD_048,38,-0.005572179798036814,-0.008403451181948185,-0.0014156356919556856,-0.006987815489992499
040,3MIDD_048,39,-0.0057389866560697556,-0.008342146873474121,-0.0013015801087021828,-0.007040566764771938
040,3MIDD_048,40,-0.0059082708321511745,-0.008298567496240139,-0.0011951483320444822,-0.007103419164195657
040,3MIDD_048,41,-0.006085010711103678,-0.008277357555925846,-0.0010961734224110842,-0.007181184133514762
040,3MIDD_048,42,-0.0062645128928124905,-0.008262389339506626,-0.0009989382233470678,-0.007263451116159558
040,3MIDD_048,43,-0.006444878410547972,-0.008246351964771748,-0.0009007367771118879,-0.00734561518765986
040,3MIDD_048,44,-0.006632848642766476,-0.008232427760958672,-0.000799789559096098,-0.007432638201862574
040,3MIDD_048,45,-0.006828890647739172,-0.008222163654863834,-0.0006966365035623312,-0.007525527151301503
040,3MIDD_048,46,-0.00702033843845129,-0.008213672786951065,-0.0005966671742498875,-0.007617005612701178
040,3MIDD_048,47,-0.007208822760730982,-0.008204379118978977,-0.0004977781791239977,-0.0077066009398549795
040,3MIDD_048,48,-0.007393320556730032,-0.008196491748094559,-0.0004015855956822634,-0.007794906152412295
040,3MIDD_048,49,-0.007573842536658049,-0.008186159655451775,-0.000306158559396863,-0.007880001096054912
040,3MIDD_207,0,-0.009135927073657513,-0.0018669976852834225,0.003634464694187045,-0.005501462379470468
040,3MIDD_207,1,-0.009299532510340214,-0.003788706613704562,0.002755412948317826,-0.006544119562022388
040,3MIDD_207,2,-0.009614281356334686,-0.005087279714643955,0.0022635008208453655,-0.007350780535489321
040,3MIDD_207,3,-0.01263386756181717,-0.00715294387191534,0.0027404618449509144,-0.009893405716866255
040,3MIDD_207,4,-0.017041951417922974,-0.011160421185195446,0.002940765116363764,-0.01410118630155921
040,3MIDD_207,5,-0.02184012532234192,-0.017020132392644882,0.0024099964648485184,-0.0194301288574934
040,3MIDD_207,6,-0.025452841073274612,-0.022499242797493935,0.001476799137890339,-0.023976041935384274
040,3MIDD_207,7,-0.02644909918308258,-0.025891855359077454,0.0002786219120025635,-0.026170477271080017
040,3MIDD_207,8,-0.025549547746777534,-0.02705341763794422,-0.0007519349455833435,-0.026301482692360878
040,3MIDD_207,9,-0.023348385468125343,-0.026589907705783844,-0.0016207611188292503,-0.024969146586954594
040,3MIDD_207,10,-0.02126777358353138,-0.025730488821864128,-0.002231357619166374,-0.023499131202697754
040,3MIDD_207,11,-0.020564494654536247,-0.02544538676738739,-0.0024404460564255714,-0.02300494071096182
040,3MIDD_207,12,-0.020837735384702682,-0.025968512520194054,-0.0025653885677456856,-0.023403123952448368
040,3MIDD_207,13,-0.0214792862534523,-0.027153020724654198,-0.0028368672356009483,-0.02431615348905325
040,3MIDD_207,14,-0.022175733000040054,-0.028655024245381355,-0.0032396456226706505,-0.025415378622710705
040,3MIDD_207,15,-0.022539455443620682,-0.02995089255273342,-0.0037057185545563698,-0.02624517399817705
040,3MIDD_207,16,-0.022398917004466057,-0.03070317767560482,-0.004152130335569382,-0.02655104734003544
040,3MIDD_207,17,-0.021634062752127647,-0.030762841925024986,-0.004564389586448669,-0.026198452338576317
040,3MIDD_207,18,-0.020555149763822556,-0.03031095303595066,-0.004877901636064053,-0.025433051399886608
040,3MIDD_207,19,-0.019655866548419,-0.029711561277508736,-0.0050278473645448685,-0.024683713912963867
040,3MIDD_207,20,-0.0191944669932127,-0.02934051677584648,-0.005073024891316891,-0.02426749188452959
040,3MIDD_207,21,-0.019149303436279297,-0.029325729236006737,-0.00508821289986372,-0.024237516336143017
040,3MIDD_207,22,-0.019422035664319992,-0.029591767117381096,-0.005084865726530552,-0.024506901390850544
040,3MIDD_207,23,-0.019783612340688705,-0.029972771182656288,-0.005094579420983791,-0.024878191761672497
040,3MIDD_207,24,-0.01999475806951523,-0.030182862654328346,-0.005094052292406559,-0.025088810361921787
040,3MIDD_207,25,-0.019927555695176125,-0.030144819989800453,-0.005108632147312164,-0.02503618784248829
040,3MIDD_207,26,-0.019636336714029312,-0.029857847839593887,-0.005110755562782288,-0.0247470922768116
040,3MIDD_207,27,-0.019244974479079247,-0.029430963099002838,-0.005092994309961796,-0.024337968789041042
040,3MIDD_207,28,-0.018859868869185448,-0.029018333181738853,-0.005079232156276703,-0.02393910102546215
040,3MIDD_207,29,-0.01858052983880043,-0.028712278231978416,-0.005065874196588993,-0.023646404035389423
040,3MIDD_207,30,-0.0184770654886961,-0.02853625826537609,-0.005029596388339996,-0.023506661877036095
040,3MIDD_207,31,-0.01849612221121788,-0.02847190387547016,-0.004987890832126141,-0.02348401304334402
040,3MIDD_207,32,-0.018561620265245438,-0.028435207903385162,-0.004936793819069862,-0.0234984140843153
040,3MIDD_207,33,-0.01859227381646633,-0.028341151773929596,-0.004874438978731632,-0.023466712795197964
040,3MIDD_207,34,-0.018522582948207855,-0.028170866891741753,-0.004824141971766949,-0.023346724919974804
040,3MIDD_207,35,-0.01835736632347107,-0.02791713736951351,-0.004779885523021221,-0.02313725184649229
040,3MIDD_207,36,-0.018156835809350014,-0.027618374675512314,-0.00473076943308115,-0.022887605242431164
040,3MIDD_207,37,-0.01795751042664051,-0.027327775955200195,-0.004685132764279842,-0.022642643190920353
040,3MIDD_207,38,-0.017810264602303505,-0.02706972509622574,-0.004629730246961117,-0.02243999484926462
040,3MIDD_207,39,-0.01771923527121544,-0.026853572577238083,-0.004567168653011322,-0.02228640392422676
040,3MIDD_207,40,-0.017667507752776146,-0.02667071856558323,-0.0045016054064035416,-0.022169113159179688
040,3MIDD_207,41,-0.017614692449569702,-0.026510518044233322,-0.00444791279733181,-0.022062605246901512
040,3MIDD_207,42,-0.01754271611571312,-0.02635398879647255,-0.004405636340379715,-0.021948352456092834
040,3MIDD_207,43,-0.017441369593143463,-0.02617615833878517,-0.004367394372820854,-0.021808763965964317
040,3MIDD_207,44,-0.017315739765763283,-0.025980742648243904,-0.004332501441240311,-0.021648241207003593
040,3MIDD_207,45,-0.017173198983073235,-0.025777019560337067,-0.004301910288631916,-0.02147510927170515
040,3MIDD_207,46,-0.017041705548763275,-0.025585824623703957,-0.004272059537470341,-0.021313765086233616
040,3MIDD_207,47,-0.016939591616392136,-0.025419874116778374,-0.004240141250193119,-0.021179732866585255
040,3MIDD_207,48,-0.0168694406747818,-0.025281278416514397,-0.004205918870866299,-0.021075359545648098
040,3MIDD_207,49,-0.016826286911964417,-0.025171322748064995,-0.004172517918050289,-0.020998804830014706
040,4MIDD_085_170,0,0.00320109142921865,0.002330632181838155,-0.00043522962369024754,0.0027658618055284023
040,4MIDD_085_170,1,0.002933362266048789,0.001585881458595395,-0.000673740403726697,0.002259621862322092
040,4MIDD_085_170,2,0.0025626840069890022,0.0012355349026620388,-0.0006635745521634817,0.0018991094548255205
040,4MIDD_085_170,3,0.0013550377916544676,0.00015932953101582825,-0.0005978541303193197,0.0007571836613351479
040,4MIDD_085_170,4,-0.0007663071737624705,-0.001796105643734336,-0.0005148992349859327,-0.0012812064087484032
040,4MIDD_085_170,5,-0.0030473468359559774,-0.00445978157222271,-0.0007062173681333661,-0.0037535642040893435
040,4MIDD_085_170,6,-0.005174725782126188,-0.006967394147068262,-0.0008963341824710369,-0.006071059964597225
040,4MIDD_085_170,7,-0.0066461022943258286,-0.00858504418283701,-0.0009694709442555904,-0.007615573238581419
040,4MIDD_085_170,8,-0.007518411614000797,-0.009688000194728374,-0.0010847942903637886,-0.008603205904364586
040,4MIDD_085_170,9,-0.008071264252066612,-0.010146698914468288,-0.001037717331200838,-0.00910898158326745
040,4MIDD_085_170,10,-0.008576670661568642,-0.010512512177228928,-0.000967920757830143,-0.009544591419398785
040,4MIDD_085_170,11,-0.009228365495800972,-0.011012560687959194,-0.0008920975960791111,-0.010120463091880083
040,4MIDD_085_170,12,-0.010004695504903793,-0.011713988147675991,-0.0008546463213860989,-0.010859341826289892
040,4MIDD_085_170,13,-0.010759283788502216,-0.012469062581658363,-0.0008548893965780735,-0.01161417318508029
040,4MIDD_085_170,14,-0.011395294219255447,-0.013267493806779385,-0.0009360997937619686,-0.012331394013017416
040,4MIDD_085_170,15,-0.011885118670761585,-0.0139277633279562,-0.0010213223285973072,-0.012906440999358892
040,4MIDD_085_170,16,-0.01218318659812212,-0.014343234710395336,-0.0010800240561366081,-0.013263210654258728
040,4MIDD_085_170,17,-0.012062165886163712,-0.014536386355757713,-0.0012371102347970009,-0.013299276120960712
040,4MIDD_085_170,18,-0.01177013386040926,-0.014570718631148338,-0.0014002923853695393,-0.013170426245778799
040,4MIDD_085_170,19,-0.011501943692564964,-0.014623120427131653,-0.0015605883672833443,-0.013062532059848309
040,4MIDD_085_170,20,-0.01145806536078453,-0.014760596677660942,-0.0016512656584382057,-0.013109331019222736
040,4MIDD_085_170,21,-0.011544785462319851,-0.01493872795253992,-0.001696971245110035,-0.013241756707429886
040,4MIDD_085_170,22,-0.011726504191756248,-0.015114737674593925,-0.0016941167414188385,-0.013420620933175087
040,4MIDD_085_170,23,-0.011934068985283375,-0.015247306786477566,-0.0016566189005970955,-0.01359068788588047
040,4MIDD_085_170,24,-0.012048701755702496,-0.015237330459058285,-0.0015943143516778946,-0.01364301610738039
040,4MIDD_085_170,25,-0.012051252648234367,-0.015115080401301384,-0.0015319138765335083,-0.013583166524767876
040,4MIDD_085_170,26,-0.011947913095355034,-0.014897314831614494,-0.0014747008681297302,-0.013422613963484764
040,4MIDD_085_170,27,-0.011798917315900326,-0.014620690606534481,-0.0014108866453170776,-0.013209803961217403
040,4MIDD_085_170,28,-0.011694729328155518,-0.014378849416971207,-0.0013420600444078445,-0.013036789372563362
040,4MIDD_085_170,29,-0.011636686511337757,-0.014166456647217274,-0.0012648850679397583,-0.012901571579277515
040,4MIDD_085_170,30,-0.011610375717282295,-0.014014960266649723,-0.001202292274683714,-0.01281266799196601
040,4MIDD_085_170,31,-0.01160436775535345,-0.01388525776565075,-0.0011404450051486492,-0.0127448127605021
040,4MIDD_085_170,32,-0.011568148620426655,-0.013740946538746357,-0.001086398959159851,-0.012654547579586506
040,4MIDD_085_170,33,-0.011498307809233665,-0.013576759956777096,-0.0010392260737717152,-0.01253753388300538
040,4MIDD_085_170,34,-0.011388551443815231,-0.013377736322581768,-0.0009945924393832684,-0.0123831438831985
040,4MIDD_085_170,35,-0.011247260496020317,-0.01315013412386179,-0.0009514368139207363,-0.012198697309941053
040,4MIDD_085_170,36,-0.011096556670963764,-0.012916424311697483,-0.0009099338203668594,-0.012006490491330624
040,4MIDD_085_170,37,-0.010955811478197575,-0.01268860138952732,-0.0008663949556648731,-0.011822206433862448
040,4MIDD_085_170,38,-0.010833983309566975,-0.012436175718903542,-0.0008010962046682835,-0.011635079514235258
040,4MIDD_085_170,39,-0.01073191873729229,-0.01221661176532507,-0.0007423465140163898,-0.01147426525130868
040,4MIDD_085_170,40,-0.01064976304769516,-0.012049151584506035,-0.0006996942684054375,-0.011349457316100597
040,4MIDD_085_170,41,-0.010582434013485909,-0.011931577697396278,-0.0006745718419551849,-0.011257005855441093
040,4MIDD_085_170,42,-0.010516546666622162,-0.011831320822238922,-0.0006573870778083801,-0.011173933744430542
040,4MIDD_085_170,43,-0.010446729138493538,-0.011733505874872208,-0.0006433883681893349,-0.011090117506682873
040,4MIDD_085_170,44,-0.010375712998211384,-0.011627261526882648,-0.0006257742643356323,-0.011001487262547016
040,4MIDD_085_170,45,-0.010308205150067806,-0.011520134285092354,-0.0006059645675122738,-0.01091416971758008
040,4MIDD_085_170,46,-0.01025393232703209,-0.011428970843553543,-0.0005875192582607269,-0.010841451585292816
040,4MIDD_085_170,47,-0.01022547110915184,-0.01135994866490364,-0.0005672387778759003,-0.01079270988702774
040,4MIDD_085_170,48,-0.010228509083390236,-0.011310527101159096,-0.0005410090088844299,-0.010769518092274666
040,4MIDD_085_170,49,-0.010254466906189919,-0.011276282370090485,-0.000510907731950283,-0.010765374638140202
041,3MIDD_048,0,-0.007261471822857857,0.017477434128522873,0.012369452975690365,0.005107981152832508
041,3MIDD_048,1,-0.007363670505583286,0.016848823055624962,0.012106246780604124,0.004742576275020838
041,3MIDD_048,2,-0.007420574780553579,0.016155241057276726,0.011787907918915153,0.004367333138361573
041,3MIDD_048,3,-0.007131664548069239,0.015850132331252098,0.011490898439660668,0.00435923389159143
041,3MIDD_048,4,-0.00684288190677762,0.015380614437162876,0.011111748171970248,0.004268866265192628
041,3MIDD_048,5,-0.006694918032735586,0.014952022582292557,0.010823470307514071,0.004128552274778485
041,3MIDD_048,6,-0.006653421092778444,0.014164143241941929,0.010408782167360187,0.0037553610745817423
041,3MIDD_048,7,-0.006666872184723616,0.013190459460020065,0.00992866582237184,0.003261793637648225
041,3MIDD_048,8,-0.006705374922603369,0.012416224926710129,0.009560799924656749,0.00285542500205338
041,3MIDD_048,9,-0.0067902300506830215,0.011822416447103024,0.009306323248893023,0.002516093198210001
041,3MIDD_048,10,-0.006923011038452387,0.011214444413781166,0.009068727726116776,0.0021457166876643896
041,3MIDD_048,11,-0.00690758740529418,0.010562579147517681,0.00873508327640593,0.0018274958711117506
041,3MIDD_048,12,-0.00673983758315444,0.00998818688094616,0.0083640122320503,0.0016241746488958597
041,3MIDD_048,13,-0.006511479150503874,0.009604379534721375,0.008057929342612624,0.0015464501921087503
041,3MIDD_048,14,-0.006354062352329493,0.009260434657335281,0.007807248504832387,0.0014531861525028944
041,3MIDD_048,15,-0.006272542756050825,0.008942816406488419,0.007607679581269622,0.0013351368252187967
041,3MIDD_048,16,-0.006205822341144085,0.008671654388308525,0.007438738364726305,0.00123291602358222
041,3MIDD_048,17,-0.0062012276612222195,0.008419099263846874,0.007310163462534547,0.0011089358013123274
041,3MIDD_048,18,-0.006134628318250179,0.008260306902229786,0.007197467610239983,0.0010628392919898033
041,3MIDD_048,19,-0.005963698495179415,0.00813966616988182,0.007051682332530618,0.001087983837351203
041,3MIDD_048,20,-0.005836093332618475,0.007982306182384491,0.006909199757501483,0.001073106424883008
041,3MIDD_048,21,-0.005733936559408903,0.00781147601082921,0.006772706285119057,0.0010387697257101536
041,3MIDD_048,22,-0.005612798500806093,0.007669518701732159,0.006641158601269126,0.0010283601004630327
041,3MIDD_048,23,-0.005509963259100914,0.0075387307442724705,0.006524347001686692,0.0010143837425857782
041,3MIDD_048,24,-0.005453146528452635,0.007336216047406197,0.006394681287929416,0.0009415347594767809
041,3MIDD_048,25,-0.005408070981502533,0.007047687191516161,0.006227879086509347,0.000819808105006814
041,3MIDD_048,26,-0.005355479195713997,0.006728392094373703,0.00604193564504385,0.0006864564493298531
041,3MIDD_048,27,-0.0054007964208722115,0.006418454460799694,0.005909625440835953,0.0005088290199637413
041,3MIDD_048,28,-0.005493562202900648,0.006122255697846413,0.00580790895037353,0.00031434674747288227
041,3MIDD_048,29,-0.005604355130344629,0.0058753215707838535,0.005739838350564241,0.00013548322021961212
041,3MIDD_048,30,-0.005731309298425913,0.005695667117834091,0.005713488208130002,-1.7821090295910835e-05
041,3MIDD_048,31,-0.005847638472914696,0.005582422949373722,0.005715030711144209,-0.00013260776177048683
041,3MIDD_048,32,-0.005973887629806995,0.005523668136447668,0.005748777883127332,-0.00022510974667966366
041,3MIDD_048,33,-0.006137823220342398,0.005522695370018482,0.00583025929518044,-0.00030756392516195774
041,3MIDD_048,34,-0.006300040986388922,0.005551481153815985,0.005925761070102453,-0.0003742799162864685
041,3MIDD_048,35,-0.006482360884547234,0.005565990693867207,0.00602417578920722,-0.0004581850953400135
041,3MIDD_048,36,-0.00667442474514246,0.005558388773351908,0.006116406759247184,-0.0005580179858952761
041,3MIDD_048,37,-0.006857818923890591,0.005526226945221424,0.006192022934556007,-0.0006657959893345833
041,3MIDD_048,38,-0.007028702646493912,0.005484371911734343,0.006256537279114127,-0.0007721653673797846
041,3MIDD_048,39,-0.007218023296445608,0.005436595529317856,0.006327309412881732,-0.0008907138835638762
041,3MIDD_048,40,-0.00743068614974618,0.0053446656093001366,0.006387675879523158,-0.0010430102702230215
041,3MIDD_048,41,-0.0076671624556183815,0.005266233813017607,0.006466698134317994,-0.0012004643213003874
041,3MIDD_048,42,-0.007942339405417442,0.005196919199079275,0.006569629302248359,-0.0013727101031690836
041,3MIDD_048,43,-0.00821580272167921,0.005176241509616375,0.006696022115647793,-0.0015197806060314178
041,3MIDD_048,44,-0.00841358583420515,0.005145846400409937,0.006779716117307544,-0.0016338697168976068
041,3MIDD_048,45,-0.008591230027377605,0.005104255396872759,0.006847742712125182,-0.0017434873152524233
041,3MIDD_048,46,-0.008719163946807384,0.0050897602923214436,0.006904462119564414,-0.0018147018272429705
041,3MIDD_048,47,-0.008825867436826229,0.005142705049365759,0.006984286243095994,-0.001841581193730235
041,3MIDD_048,48,-0.008845281787216663,0.005215194541960955,0.007030238164588809,-0.0018150436226278543
041,3MIDD_048,49,-0.008862272836267948,0.005276314914226532,0.00706929387524724,-0.001792978961020708
041,3MIDD_207,0,-0.014475755393505096,0.008077766746282578,0.011276761069893837,-0.0031989943236112595
041,3MIDD_207,1,-0.014728727750480175,0.0075998674146831036,0.01116429758258164,-0.0035644301678985357
041,3MIDD_207,2,-0.015059328638017178,0.00716331135481596,0.011111319996416569,-0.003948008641600609
041,3MIDD_207,3,-0.015653610229492188,0.007809848058968782,0.011731729144230485,-0.0039218810852617025
041,3MIDD_207,4,-0.01602698303759098,0.008353261277079582,0.012190122157335281,-0.003836860880255699
041,3MIDD_207,5,-0.01584974117577076,0.008403953164815903,0.012126847170293331,-0.0037228940054774284
041,3MIDD_207,6,-0.01545040775090456,0.007757640443742275,0.011604024097323418,-0.0038463836535811424
041,3MIDD_207,7,-0.014699128456413746,0.006750686094164848,0.010724907275289297,-0.003974221181124449
041,3MIDD_207,8,-0.014025699347257614,0.0058898162096738815,0.009957757778465748,-0.004067941568791866
041,3MIDD_207,9,-0.013500765897333622,0.005383552983403206,0.009442159440368414,-0.004058606456965208
041,3MIDD_207,10,-0.013186758384108543,0.00509537011384964,0.009141064248979092,-0.004045694135129452
041,3MIDD_207,11,-0.012940341606736183,0.005041256081312895,0.008990798844024539,-0.003949542762711644
041,3MIDD_207,12,-0.012511037290096283,0.0051328823901712894,0.008821959840133786,-0.0036890774499624968
041,3MIDD_207,13,-0.012033971957862377,0.005339758936315775,0.008686865447089076,-0.003347106510773301
041,3MIDD_207,14,-0.011518212966620922,0.005650206468999386,0.008584209717810154,-0.002934003248810768
041,3MIDD_207,15,-0.01097597274929285,0.006036119069904089,0.00850604590959847,-0.0024699268396943808
041,3MIDD_207,16,-0.010420023463666439,0.006357541307806969,0.008388782385736704,-0.002031241077929735
041,3MIDD_207,17,-0.009979517199099064,0.006615331396460533,0.008297424297779799,-0.0016820929013192654
041,3MIDD_207,18,-0.009645523503422737,0.006799244787544012,0.008222384145483375,-0.0014231393579393625
041,3MIDD_207,19,-0.009336980059742928,0.0069864848628640175,0.008161732461303473,-0.001175247598439455
041,3MIDD_207,20,-0.00889576692134142,0.007202455308288336,0.008049111114814878,-0.0008466558065265417
041,3MIDD_207,21,-0.008368659764528275,0.007437794003635645,0.00790322688408196,-0.0004654328804463148
041,3MIDD_207,22,-0.007807873655110598,0.007720461580902338,0.007764167618006468,-4.370603710412979e-05
041,3MIDD_207,23,-0.00733994971960783,0.007959993556141853,0.007649971637874842,0.00031002191826701164
041,3MIDD_207,24,-0.006821346934884787,0.008131105452775955,0.007476226193830371,0.0006548792589455843
041,3MIDD_207,25,-0.006314015481621027,0.008238386362791061,0.007276200922206044,0.0009621854405850172
041,3MIDD_207,26,-0.0058242687955498695,0.008297951892018318,0.007061110343784094,0.0012368415482342243
041,3MIDD_207,27,-0.005340851377695799,0.00827591959387064,0.006808385485783219,0.0014675341080874205
041,3MIDD_207,28,-0.00487962132319808,0.00823879987001419,0.006559210596606135,0.0016795892734080553
041,3MIDD_207,29,-0.004451373126357794,0.008213466964662075,0.006332420045509934,0.0018810469191521406
041,3MIDD_207,30,-0.00409001624211669,0.008195088244974613,0.0061425522435456514,0.0020525360014289618
041,3MIDD_207,31,-0.003736689919605851,0.008156005293130875,0.005946347606368363,0.0022096576867625117
041,3MIDD_207,32,-0.0033993858378380537,0.00808690581470728,0.0057431458262726665,0.0023437599884346128
041,3MIDD_207,33,-0.0031236433424055576,0.008008789271116257,0.005566216306760907,0.0024425729643553495
041,3MIDD_207,34,-0.002883993089199066,0.00790464598685503,0.005394319538027048,0.002510326448827982
041,3MIDD_207,35,-0.0027031830977648497,0.007796173449605703,0.0052496782736852765,0.002546495175920427
041,3MIDD_207,36,-0.002580092754215002,0.0076859332621097565,0.005133013008162379,0.002552920253947377
041,3MIDD_207,37,-0.002481195842847228,0.007586752995848656,0.005033974419347942,0.002552778576500714
041,3MIDD_207,38,-0.002368990797549486,0.007485647220164537,0.004927319008857012,0.0025583282113075256
041,3MIDD_207,39,-0.0022613650653511286,0.007394248154014349,0.004827806609682739,0.00256644154433161
041,3MIDD_207,40,-0.0021417501848191023,0.00737109687179327,0.004756423528306186,0.002614673343487084
041,3MIDD_207,41,-0.0020355142187327147,0.007391774095594883,0.004713644157163799,0.002678129938431084
041,3MIDD_207,42,-0.0019324180902913213,0.007398365065455437,0.004665391577873379,0.0027329734875820577
041,3MIDD_207,43,-0.0018793115159496665,0.007428613491356373,0.00465396250365302,0.002774650987703353
041,3MIDD_207,44,-0.0018319020746275783,0.007474144455045462,0.00465302326483652,0.0028211211902089417
041,3MIDD_207,45,-0.0018055530963465571,0.007539819460362196,0.0046726862783543766,0.0028671331820078194
041,3MIDD_207,46,-0.0018008106853812933,0.007613414898514748,0.0047071127919480205,0.002906302106566727
041,3MIDD_207,47,-0.001800896949134767,0.0076567246578633785,0.004728810803499073,0.0029279138543643057
041,3MIDD_207,48,-0.0018544376362115145,0.007719236891716719,0.004786837263964117,0.002932399627752602
041,3MIDD_207,49,-0.0018898115959018469,0.007802761159837246,0.004846286377869546,0.0029564747819676995
041,4MIDD_085_170,0,0.005850282963365316,0.007264076266437769,0.0007068966515362263,0.006557179614901543
041,4MIDD_085_170,1,0.004799987189471722,0.006431651301681995,0.0008158320561051369,0.0056158192455768585
041,4MIDD_085_170,2,0.003946439363062382,0.005836314521729946,0.0009449375793337822,0.004891376942396164
041,4MIDD_085_170,3,0.003713337704539299,0.0052981190383434296,0.0007923906669020653,0.004505728371441364
041,4MIDD_085_170,4,0.003389510093256831,0.004412265494465828,0.0005113777006044984,0.0039008877938613296
041,4MIDD_085_170,5,0.00299075897783041,0.003596421331167221,0.00030283117666840553,0.0032935901544988155
041,4MIDD_085_170,6,0.0024074914399534464,0.0027875383384525776,0.0001900234492495656,0.002597514889203012
041,4MIDD_085_170,7,0.0021875982638448477,0.002243438269942999,2.7920003049075603e-05,0.0022155182668939233
041,4MIDD_085_170,8,0.0022104571107774973,0.0018540734890848398,-0.00017819181084632874,0.0020322652999311686
041,4MIDD_085_170,9,0.0022041071206331253,0.00152868393342942,-0.00033771159360185266,0.0018663955270312726
041,4MIDD_085_170,10,0.002108122454956174,0.001218795427121222,-0.00044466351391747594,0.001663458941038698
041,4MIDD_085_170,11,0.0020271281246095896,0.000981474993750453,-0.0005228265654295683,0.0015043015591800213
041,4MIDD_085_170,12,0.0020945619326084852,0.0009557147277519107,-0.0005694236024282873,0.001525138330180198
041,4MIDD_085_170,13,0.0021147108636796474,0.0009734862251207232,-0.0005706123192794621,0.0015440985444001853
041,4MIDD_085_170,14,0.002011117758229375,0.0009119982132688165,-0.0005495597724802792,0.0014615579857490957
041,4MIDD_085_170,15,0.001903774100355804,0.0007873832364566624,-0.0005581954319495708,0.0013455786684062332
041,4MIDD_085_170,16,0.0018739576917141676,0.0007098530768416822,-0.0005820523074362427,0.001291905384277925
041,4MIDD_085_170,17,0.0018407099414616823,0.0005971704958938062,-0.000621769722783938,0.0012189402186777443
041,4MIDD_085_170,18,0.0017890158342197537,0.00048817519564181566,-0.000650420319288969,0.0011385955149307847
041,4MIDD_085_170,19,0.0017510353354737163,0.0003966243239119649,-0.0006772055057808757,0.0010738298296928406
041,4MIDD_085_170,20,0.0017142704455181956,0.0003486715431790799,-0.0006827994511695579,0.0010314709943486378
041,4MIDD_085_170,21,0.0017610652139410377,0.00035627864417620003,-0.0007023932848824188,0.0010586719290586188
041,4MIDD_085_170,22,0.0018206845270469785,0.00037387089105322957,-0.0007234068179968745,0.001097277709050104
041,4MIDD_085_170,23,0.0018149460665881634,0.0003618429764173925,-0.0007265515450853854,0.001088394521502778
041,4MIDD_085_170,24,0.0017456727800890803,0.00029675880796276033,-0.00072445698606316,0.0010212157940259203
041,4MIDD_085_170,25,0.001699521904811263,0.00020044743723701686,-0.0007495372337871231,0.00094998467102414
041,4MIDD_085_170,26,0.001683237380348146,7.037472823867574e-05,-0.0008064313260547351,0.0008768060542934109
041,4MIDD_085_170,27,0.0016573896864429116,-7.534769974881783e-05,-0.0008663686930958647,0.0007910209933470469
041,4MIDD_085_170,28,0.0016315090470016003,-0.00024169239623006433,-0.0009366007216158323,0.000694908325385768
041,4MIDD_085_170,29,0.001622679061256349,-0.0003955445718020201,-0.0010091118165291846,0.0006135672447271645
041,4MIDD_085_170,30,0.0016250357730314136,-0.0005182920722290874,-0.0010716639226302505,0.0005533718504011631
041,4MIDD_085_170,31,0.0016420838655903935,-0.000609141425229609,-0.0011256126454100013,0.0005164712201803923
041,4MIDD_085_170,32,0.0016446260269731283,-0.000681165314745158,-0.0011628956708591431,0.0004817303561139852
041,4MIDD_085_170,33,0.0016174321062862873,-0.0007288083434104919,-0.0011731202248483896,0.0004443118814378977
041,4MIDD_085_170,34,0.001598128816112876,-0.0007490201387554407,-0.0011735744774341583,0.0004245543386787176
041,4MIDD_085_170,35,0.0015574762364849448,-0.0007929960847832263,-0.0011752361606340855,0.0003822400758508593
041,4MIDD_085_170,36,0.0015378495445474982,-0.0008310059201903641,-0.0011844277323689312,0.00035342181217856705
041,4MIDD_085_170,37,0.0015560764586552978,-0.000849260832183063,-0.0012026686454191804,0.00035340781323611736
041,4MIDD_085_170,38,0.001620040973648429,-0.0008569895871914923,-0.0012385152804199606,0.0003815256932284683
041,4MIDD_085_170,39,0.0017048573354259133,-0.000862482818774879,-0.0012836700771003962,0.0004211872583255172
041,4MIDD_085_170,40,0.0017873370088636875,-0.0008594834362156689,-0.0013234102225396782,0.0004639267863240093
041,4MIDD_085_170,41,0.0018659167690202594,-0.0008637495338916779,-0.0013648331514559686,0.0005010836175642908
041,4MIDD_085_170,42,0.0019321764120832086,-0.000902173516806215,-0.0014171749644447118,0.0005150014476384968
041,4MIDD_085_170,43,0.001995611935853958,-0.0009657598566263914,-0.0014806858962401748,0.0005149260396137834
041,4MIDD_085_170,44,0.0020551043562591076,-0.0010529408464208245,-0.001554022601339966,0.0005010817549191415
041,4MIDD_085_170,45,0.002096547046676278,-0.0011342355282977223,-0.0016153912874870002,0.0004811557591892779
041,4MIDD_085_170,46,0.0021261845249682665,-0.0011751559795811772,-0.0016506702522747219,0.0004755142726935446
041,4MIDD_085_170,47,0.002075767144560814,-0.0011882110266014934,-0.0016319890855811536,0.00044377805897966027
041,4MIDD_085_170,48,0.0019552179146558046,-0.001170238945633173,-0.0015627284301444888,0.0003924894845113158
041,4MIDD_085_170,49,0.0018414276419207454,-0.001134278834797442,-0.0014878532383590937,0.0003535744035616517
042,3MIDD_048,0,-0.002767788013443351,-0.004710549023002386,-0.0009713805047795177,-0.0037391685182228684
042,3MIDD_048,1,-0.0028079187031835318,-0.004797637462615967,-0.0009948593797162175,-0.0038027780828997493
042,3MIDD_048,2,-0.0029353084973990917,-0.004931680858135223,-0.0009981861803680658,-0.0039334946777671576
042,3MIDD_048,3,-0.002643740735948086,-0.005400835070759058,-0.001378547167405486,-0.004022287903353572
042,3MIDD_048,4,-0.002098115859553218,-0.006079596467316151,-0.0019907403038814664,-0.004088856163434684
042,3MIDD_048,5,-0.002213133266195655,-0.006728382781147957,-0.002257624757476151,-0.004470758023671806
042,3MIDD_048,6,-0.0027155892457813025,-0.007061738520860672,-0.0021730746375396848,-0.004888663883320987
042,3MIDD_048,7,-0.003099302761256695,-0.007135527208447456,-0.0020181122235953808,-0.005117414984852076
042,3MIDD_048,8,-0.0032915431074798107,-0.00710742874071002,-0.0019079428166151047,-0.005199485924094915
042,3MIDD_048,9,-0.0034824442118406296,-0.00720313610509038,-0.001860345946624875,-0.005342790158465505
042,3MIDD_048,10,-0.0036599498707801104,-0.007210441865026951,-0.0017752459971234202,-0.005435195867903531
042,3MIDD_048,11,-0.0038113556802272797,-0.007086527068167925,-0.0016375856939703226,-0.005448941374197602
042,3MIDD_048,12,-0.003900158451870084,-0.006971748545765877,-0.0015357950469478965,-0.00543595349881798
042,3MIDD_048,13,-0.0039501613937318325,-0.006886685732752085,-0.0014682621695101261,-0.005418423563241959
042,3MIDD_048,14,-0.004039190709590912,-0.00675622234120965,-0.001358515815809369,-0.005397706525400281
042,3MIDD_048,15,-0.004176685586571693,-0.006632953882217407,-0.001228134147822857,-0.00540481973439455
042,3MIDD_048,16,-0.004281447269022465,-0.006585385650396347,-0.0011519691906869411,-0.005433416459709406
042,3MIDD_048,17,-0.004335387144237757,-0.00651432853192091,-0.0010894706938415766,-0.005424857838079333
042,3MIDD_048,18,-0.004342200700193644,-0.006423839367926121,-0.0010408193338662386,-0.005383020034059882
042,3MIDD_048,19,-0.0043337238021194935,-0.006373582873493433,-0.0010199295356869698,-0.005353653337806463
042,3MIDD_048,20,-0.004335670731961727,-0.006355087738484144,-0.0010097085032612085,-0.005345379235222936
042,3MIDD_048,21,-0.0043260399252176285,-0.006331148557364941,-0.001002554316073656,-0.0053285942412912846
042,3MIDD_048,22,-0.004304471425712109,-0.006333604454994202,-0.0010145665146410465,-0.005319037940353155
042,3MIDD_048,23,-0.004283383022993803,-0.006365160457789898,-0.0010408887173980474,-0.0053242717403918505
042,3MIDD_048,24,-0.004269900731742382,-0.006388841662555933,-0.0010594704654067755,-0.0053293711971491575
042,3MIDD_048,25,-0.004259850829839706,-0.0063953520730137825,-0.001067750621587038,-0.0053276014514267445
042,3MIDD_048,26,-0.0042622704058885574,-0.0063995616510510445,-0.0010686456225812435,-0.005330916028469801
042,3MIDD_048,27,-0.00425766734406352,-0.006398816592991352,-0.0010705746244639158,-0.005328241968527436
042,3MIDD_048,28,-0.004248091019690037,-0.0063960859552025795,-0.0010739974677562714,-0.005322088487446308
042,3MIDD_048,29,-0.004238774534314871,-0.006400235928595066,-0.0010807306971400976,-0.0053195052314549685
042,3MIDD_048,30,-0.004216363653540611,-0.00639717373996973,-0.0010904050432145596,-0.005306768696755171
042,3MIDD_048,31,-0.004184781573712826,-0.006393350660800934,-0.001104284543544054,-0.00528906611725688
042,3MIDD_048,32,-0.004149573389440775,-0.006384525913745165,-0.001117476262152195,-0.00526704965159297
042,3MIDD_048,33,-0.004115371033549309,-0.0063677262514829636,-0.0011261776089668274,-0.005241548642516136
042,3MIDD_048,34,-0.004077714867889881,-0.006352205295115709,-0.001137245213612914,-0.005214960081502795
042,3MIDD_048,35,-0.004038878716528416,-0.006329748313874006,-0.0011454347986727953,-0.005184313515201211
042,3MIDD_048,36,-0.003998303320258856,-0.006309779826551676,-0.00115573825314641,-0.005154041573405266
042,3MIDD_048,37,-0.0039611561223864555,-0.00629867659881711,-0.0011687602382153273,-0.005129916360601783
042,3MIDD_048,38,-0.003923507872968912,-0.006288420408964157,-0.0011824562679976225,-0.005105964140966535
042,3MIDD_048,39,-0.003886597929522395,-0.006280043628066778,-0.0011967228492721915,-0.005083320778794587
042,3MIDD_048,40,-0.003853071015328169,-0.006275649648159742,-0.0012112893164157867,-0.005064360331743956
042,3MIDD_048,41,-0.003823244711384177,-0.00627219770103693,-0.0012244764948263764,-0.005047721206210554
042,3MIDD_048,42,-0.00379397114738822,-0.0062673515640199184,-0.0012366902083158493,-0.005030661355704069
042,3MIDD_048,43,-0.003765332279726863,-0.006261923816055059,-0.0012482957681640983,-0.005013628047890961
042,3MIDD_048,44,-0.0037379534915089607,-0.006256938446313143,-0.001259492477402091,-0.004997445968911052
042,3MIDD_048,45,-0.003710225922986865,-0.006252190563827753,-0.001270982320420444,-0.004981208243407309
042,3MIDD_048,46,-0.0036822869442403316,-0.0062463111244142056,-0.001282012090086937,-0.004964299034327269
042,3MIDD_048,47,-0.0036531628575176,-0.006240407470613718,-0.001293622306548059,-0.004946785164065659
042,3MIDD_048,48,-0.0036220536567270756,-0.006234284956008196,-0.0013061156496405602,-0.004928169306367636
042,3MIDD_048,49,-0.003589869476854801,-0.006227023433893919,-0.001318576978519559,-0.00490844645537436
042,3MIDD_207,0,-0.0017924739513546228,-0.004854686092585325,-0.0015311060706153512,-0.003323580021969974
042,3MIDD_207,1,-0.0019131522858515382,-0.005209396593272686,-0.001648122153710574,-0.003561274439562112
042,3MIDD_207,2,-0.0019300113199278712,-0.005415780004113913,-0.0017428843420930207,-0.003672895662020892
042,3MIDD_207,3,-0.0022251238115131855,-0.004883849993348122,-0.001329363090917468,-0.0035544869024306536
042,3MIDD_207,4,-0.002563807647675276,-0.004270907957106829,-0.0008535501547157764,-0.0034173578023910522
042,3MIDD_207,5,-0.0027961733285337687,-0.004170096945017576,-0.0006869618082419038,-0.0034831351367756724
042,3MIDD_207,6,-0.003006946062669158,-0.004217624664306641,-0.0006053393008187413,-0.0036122853634878993
042,3MIDD_207,7,-0.0032528263982385397,-0.004308415111154318,-0.0005277943564578891,-0.0037806207546964288
042,3MIDD_207,8,-0.0033073769882321358,-0.004532966762781143,-0.0006127948872745037,-0.0039201718755066395
042,3MIDD_207,9,-0.00316640711389482,-0.0046349745243787766,-0.0007342837052419782,-0.0039006908191367984
042,3MIDD_207,10,-0.0030202995985746384,-0.004544528666883707,-0.0007621145341545343,-0.0037824141327291727
042,3MIDD_207,11,-0.0029783707577735186,-0.004520650487393141,-0.0007711398648098111,-0.0037495106225833297
042,3MIDD_207,12,-0.003040144219994545,-0.0045898170210421085,-0.0007748364005237818,-0.0038149806205183268
042,3MIDD_207,13,-0.0030933048110455275,-0.004529227036982775,-0.0007179611129686236,-0.003811265924014151
042,3MIDD_207,14,-0.0030199347529560328,-0.004368275869637728,-0.0006741705583408475,-0.0036941053112968802
042,3MIDD_207,15,-0.0029419362545013428,-0.0043221148662269115,-0.0006900893058627844,-0.003632025560364127
042,3MIDD_207,16,-0.002971313428133726,-0.004384290426969528,-0.000706488499417901,-0.003677801927551627
042,3MIDD_207,17,-0.003033788874745369,-0.004408564418554306,-0.0006873877719044685,-0.0037211766466498375
042,3MIDD_207,18,-0.0030049977358430624,-0.004355954006314278,-0.0006754781352356076,-0.00368047587107867
042,3MIDD_207,19,-0.002940651262179017,-0.004281960427761078,-0.0006706545827910304,-0.0036113058449700475
042,3MIDD_207,20,-0.002928949659690261,-0.004232214763760567,-0.0006516325520351529,-0.003580582211725414
042,3MIDD_207,21,-0.0029485474806278944,-0.004228830803185701,-0.0006401416612789035,-0.003588689141906798
042,3MIDD_207,22,-0.0029506999999284744,-0.004241764545440674,-0.0006455322727560997,-0.003596232272684574
042,3MIDD_207,23,-0.0029316579457372427,-0.004218479618430138,-0.0006434108363464475,-0.00357506878208369
042,3MIDD_207,24,-0.0029002476949244738,-0.004163834266364574,-0.0006317932857200503,-0.003532040980644524
042,3MIDD_207,25,-0.0028769318014383316,-0.00413361145183444,-0.0006283398251980543,-0.003505271626636386
042,3MIDD_207,26,-0.002871578326448798,-0.004133258946239948,-0.000630840309895575,-0.0035024186363443732
042,3MIDD_207,27,-0.0028677191585302353,-0.004124708939343691,-0.0006284948904067278,-0.003496214048936963
042,3MIDD_207,28,-0.002847028197720647,-0.004094776697456837,-0.0006238742498680949,-0.0034709024475887418
042,3MIDD_207,29,-0.002824115799739957,-0.004060895647853613,-0.000618389924056828,-0.003442505723796785
042,3MIDD_207,30,-0.002810234436765313,-0.004035250749439001,-0.000612508156336844,-0.003422742593102157
042,3MIDD_207,31,-0.0027982594911009073,-0.004020096734166145,-0.000610918621532619,-0.0034091781126335263
042,3MIDD_207,32,-0.0027807799633592367,-0.004014815669506788,-0.0006170178530737758,-0.0033977978164330125
042,3MIDD_207,33,-0.00276264944113791,-0.004011715296655893,-0.0006245329277589917,-0.0033871823688969016
042,3MIDD_207,34,-0.0027441373094916344,-0.00400340324267745,-0.0006296329665929079,-0.0033737702760845423
042,3MIDD_207,35,-0.002726158360019326,-0.003996690735220909,-0.0006352661876007915,-0.0033614245476201177
042,3MIDD_207,36,-0.0027132760733366013,-0.003992879297584295,-0.000639801612123847,-0.0033530776854604483
042,3MIDD_207,37,-0.0027027607429772615,-0.00398306455463171,-0.0006401519058272243,-0.003342912648804486
042,3MIDD_207,38,-0.0026897129137068987,-0.003964402247220278,-0.0006373446667566895,-0.0033270575804635882
042,3MIDD_207,39,-0.002675385447219014,-0.003948552533984184,-0.000636583543382585,-0.003311968990601599
042,3MIDD_207,40,-0.0026627597399055958,-0.003934445790946484,-0.0006358430255204439,-0.0032986027654260397
042,3MIDD_207,41,-0.0026522588450461626,-0.003918509930372238,-0.0006331255426630378,-0.0032853843877092004
042,3MIDD_207,42,-0.0026427111588418484,-0.003903324017301202,-0.0006303064292296767,-0.003273017588071525
042,3MIDD_207,43,-0.0026325553189963102,-0.0038899767678231,-0.0006287107244133949,-0.003261266043409705
042,3MIDD_207,44,-0.00262256246060133,-0.0038775147404521704,-0.0006274761399254203,-0.00325003860052675
042,3MIDD_207,45,-0.002612941199913621,-0.0038668508641421795,-0.0006269548321142793,-0.0032398960320279002
042,3MIDD_207,46,-0.0026029683649539948,-0.0038561567198485136,-0.0006265941774472594,-0.003229562542401254
042,3MIDD_207,47,-0.002592772478237748,-0.0038449852727353573,-0.0006261063972488046,-0.0032188788754865527
042,3MIDD_207,48,-0.0025827507488429546,-0.003833326045423746,-0.0006252876482903957,-0.0032080383971333504
042,3MIDD_207,49,-0.00257312785834074,-0.003820907324552536,-0.0006238897331058979,-0.003197017591446638
042,4MIDD_085_170,0,-0.0036623948253691196,0.0017186435870826244,0.002690519206225872,-0.0009718756191432476
042,4MIDD_085_170,1,-0.0038487098645418882,0.0018950715893879533,0.0028718907269649208,-0.0009768191375769675
042,4MIDD_085_170,2,-0.004003476817160845,0.0021323824767023325,0.0030679296469315886,-0.0009355471702292562
042,4MIDD_085_170,3,-0.004147757776081562,0.0025892676785588264,0.0033685127273201942,-0.0007792450487613678
042,4MIDD_085_170,4,-0.004259414039552212,0.003025234676897526,0.0036423243582248688,-0.000617089681327343
042,4MIDD_085_170,5,-0.004498139955103397,0.0030592912808060646,0.003778715617954731,-0.0007194243371486664
042,4MIDD_085_170,6,-0.004721484612673521,0.0030002931598573923,0.0038608888862654567,-0.0008605957264080644
042,4MIDD_085_170,7,-0.004879044834524393,0.0029946763534098864,0.00393686059396714,-0.0009421842405572534
042,4MIDD_085_170,8,-0.004943672101944685,0.0029763567727059126,0.003960014437325299,-0.0009836576646193862
042,4MIDD_085_170,9,-0.004983244463801384,0.002923492807894945,0.0039533686358481646,-0.0010298758279532194
042,4MIDD_085_170,10,-0.00497023481875658,0.0030076012481004,0.00398891803342849,-0.0009813167853280902
042,4MIDD_085_170,11,-0.004933125805109739,0.003147971583530307,0.004040548694320023,-0.0008925771107897162
042,4MIDD_085_170,12,-0.004923222120851278,0.0032401084899902344,0.004081665305420756,-0.000841556815430522
042,4MIDD_085_170,13,-0.0049134511500597,0.003306439844891429,0.0041099454974755645,-0.0008035056525841355
042,4MIDD_085_170,14,-0.004878978710621595,0.003397345310077071,0.004138162010349333,-0.0007408167002722621
042,4MIDD_085_170,15,-0.004864722955971956,0.0034552302677184343,0.004159976611845195,-0.000704746344126761
042,4MIDD_085_170,16,-0.004889476113021374,0.0034758856054395437,0.004182680859230459,-0.000706795253790915
042,4MIDD_085_170,17,-0.0048866476863622665,0.0035031908191740513,0.004194919252768159,-0.0006917284335941076
042,4MIDD_085_170,18,-0.004844886716455221,0.0035559392999857664,0.004200413008220494,-0.0006444737082347274
042,4MIDD_085_170,19,-0.004819994326680899,0.0036005096044391394,0.004210251965560019,-0.0006097423611208797
042,4MIDD_085_170,20,-0.004803002346307039,0.0036403327248990536,0.004221667535603046,-0.0005813348107039928
042,4MIDD_085_170,21,-0.004783248994499445,0.003680444322526455,0.00423184665851295,-0.000551402335986495
042,4MIDD_085_170,22,-0.00475433561950922,0.0037079122848808765,0.004231123952195048,-0.0005232116673141718
042,4MIDD_085_170,23,-0.004720620345324278,0.0037310344632714987,0.004225827404297888,-0.0004947929410263896
042,4MIDD_085_170,24,-0.004682428669184446,0.0037745186127722263,0.004228473640978336,-0.00045395502820611
042,4MIDD_085_170,25,-0.004652539733797312,0.0038156916853040457,0.004234115709550679,-0.00041842402424663305
042,4MIDD_085_170,26,-0.004631568677723408,0.003831070614978671,0.004231319646351039,-0.00040024903137236834
042,4MIDD_085_170,27,-0.0046089631505310535,0.0038460164796561003,0.004227489815093577,-0.00038147333543747663
042,4MIDD_085_170,28,-0.004579529166221619,0.0038750304374843836,0.004227279801853001,-0.00035224936436861753
042,4MIDD_085_170,29,-0.004556355066597462,0.0039058770053088665,0.004231116035953164,-0.0003252390306442976
042,4MIDD_085_170,30,-0.004537621513009071,0.003931076265871525,0.004234348889440298,-0.00030327262356877327
042,4MIDD_085_170,31,-0.004519600886851549,0.003953202627599239,0.004236401757225394,-0.0002831991296261549
042,4MIDD_085_170,32,-0.004497922956943512,0.003976541105657816,0.004237232031300664,-0.000260690925642848
042,4MIDD_085_170,33,-0.0044770617969334126,0.00400306424126029,0.004240063019096851,-0.0002369987778365612
042,4MIDD_085_170,34,-0.004456263966858387,0.004031826741993427,0.004244045354425907,-0.00021221861243247986
042,4MIDD_085_170,35,-0.004435155540704727,0.004055671859532595,0.004245413700118661,-0.00018974184058606625
042,4MIDD_085_170,36,-0.0044133588671684265,0.004072646144777536,0.0042430025059729815,-0.00017035636119544506
042,4MIDD_085_170,37,-0.0043949466198682785,0.004087719600647688,0.004241333110257983,-0.0001536135096102953
042,4MIDD_085_170,38,-0.004382057581096888,0.004104092717170715,0.0042430751491338015,-0.00013898243196308613
042,4MIDD_085_170,39,-0.004368728958070278,0.00411983672529459,0.004244282841682434,-0.00012444611638784409
042,4MIDD_085_170,40,-0.004351444076746702,0.004136355128139257,0.00424389960244298,-0.00010754447430372238
042,4MIDD_085_170,41,-0.004330541472882032,0.004150063265115023,0.0042403023689985275,-9.023910388350487e-05
042,4MIDD_085_170,42,-0.0043088821694254875,0.004161126911640167,0.004235004540532827,-7.387762889266014e-05
042,4MIDD_085_170,43,-0.004287583287805319,0.004172459244728088,0.004230021266266704,-5.756202153861523e-05
042,4MIDD_085_170,44,-0.00426865229383111,0.0041843620128929615,0.004226507153362036,-4.214514046907425e-05
042,4MIDD_085_170,45,-0.0042520794086158276,0.004195195157080889,0.004223637282848358,-2.8442125767469406e-05
042,4MIDD_085_170,46,-0.0042346930131316185,0.0042039393447339535,0.004219316178932786,-1.5376834198832512e-05
042,4MIDD_085_170,47,-0.004216894973069429,0.0042100767605006695,0.0042134858667850494,-3.409106284379959e-06
042,4MIDD_085_170,48,-0.00420024199411273,0.00421892199665308,0.004209581995382905,9.34000127017498e-06
042,4MIDD_085_170,49,-0.004185049328953028,0.00423017330467701,0.004207611316815019,2.256198786199093e-05
043,3MIDD_048,0,0.003954239655286074,-0.001660101697780192,-0.002807170676533133,0.001147068978752941
043,3MIDD_048,1,0.004089007154107094,-0.0014687622897326946,-0.0027788847219198942,0.0013101224321871996
043,3MIDD_048,2,0.004253140185028315,-0.0015573500422760844,-0.0029052451136521995,0.001347895071376115
043,3MIDD_048,3,0.004408862441778183,-0.0024067829363048077,-0.0034078226890414953,0.0010010397527366877
043,3MIDD_048,4,0.004256606567651033,-0.003188900649547577,-0.003722753608599305,0.0005338529590517282
043,3MIDD_048,5,0.003827081061899662,-0.0032951845787465572,-0.0035611328203231096,0.0002659482415765524
043,3MIDD_048,6,0.0032898939680308104,-0.0032229723874479532,-0.003256433177739382,3.3460790291428566e-05
043,3MIDD_048,7,0.0027287108823657036,-0.0031205599661916494,-0.0029246354242786765,-0.00019592454191297293
043,3MIDD_048,8,0.0021829605102539062,-0.0030748776625841856,-0.002628919086419046,-0.0004459585761651397
043,3MIDD_048,9,0.0016435958677902818,-0.003065488301217556,-0.002354542084503919,-0.0007109462167136371
043,3MIDD_048,10,0.0012249925639480352,-0.003039709059521556,-0.0021323508117347956,-0.0009073582477867603
043,3MIDD_048,11,0.0009102770709432662,-0.0029555780347436666,-0.0019329275528434664,-0.0010226504819002002
043,3MIDD_048,12,0.0006314105121418834,-0.002836615080013871,-0.0017340127960778773,-0.001102602283935994
043,3MIDD_048,13,0.000374315248336643,-0.0026976943481713533,-0.0015360047982539982,-0.0011616895499173552
043,3MIDD_048,14,0.00012626280658878386,-0.0025440913159400225,-0.0013351770612644032,-0.0012089142546756193
043,3MIDD_048,15,-0.00010871409176615998,-0.0023859518114477396,-0.0011386188598407898,-0.0012473329516069498
043,3MIDD_048,16,-0.0003173864970449358,-0.0022490406408905983,-0.0009658270719228312,-0.001283213568967767
043,3MIDD_048,17,-0.0004993521142750978,-0.002139491494745016,-0.0008200696902349591,-0.001319421804510057
043,3MIDD_048,18,-0.0006743319099768996,-0.0020503748673945665,-0.0006880214787088335,-0.001362353388685733
043,3MIDD_048,19,-0.0008597621344961226,-0.0019834076520055532,-0.0005618227587547153,-0.001421584893250838
043,3MIDD_048,20,-0.0010364282643422484,-0.001934374449774623,-0.00044897309271618724,-0.0014854013570584357
043,3MIDD_048,21,-0.001193731906823814,-0.0019075573654845357,-0.0003569127293303609,-0.0015506446361541748
043,3MIDD_048,22,-0.001324983430095017,-0.0019040743354707956,-0.00028954545268788934,-0.0016145288827829063
043,3MIDD_048,23,-0.0014379492495208979,-0.001914947759360075,-0.00023849925491958857,-0.0016764485044404864
043,3MIDD_048,24,-0.0015442115254700184,-0.0019299490377306938,-0.00019286875613033772,-0.001737080281600356
043,3MIDD_048,25,-0.0016396008431911469,-0.001941919676028192,-0.0001511594164185226,-0.0017907602596096694
043,3MIDD_048,26,-0.0017224878538399935,-0.0019490434788167477,-0.0001132778124883771,-0.0018357656663283706
043,3MIDD_048,27,-0.0017934058560058475,-0.0019521377980709076,-7.936597103253007e-05,-0.0018727718270383775
043,3MIDD_048,28,-0.001856517163105309,-0.0019565995316952467,-5.0041184294968843e-05,-0.0019065583474002779
043,3MIDD_048,29,-0.0019160446245223284,-0.0019598205108195543,-2.1887943148612976e-05,-0.0019379325676709414
043,3MIDD_048,30,-0.0019717193208634853,-0.0019656294025480747,3.044959157705307e-06,-0.00196867436170578
043,3MIDD_048,31,-0.0020235113333910704,-0.001968617783859372,2.7446774765849113e-05,-0.0019960645586252213
043,3MIDD_048,32,-0.0020739170722663403,-0.001972596161067486,5.066045559942722e-05,-0.002023256616666913
043,3MIDD_048,33,-0.0021227055694907904,-0.0019757167901843786,7.349438965320587e-05,-0.0020492111798375845
043,3MIDD_048,34,-0.0021650935523211956,-0.0019866805523633957,8.920649997889996e-05,-0.0020758870523422956
043,3MIDD_048,35,-0.0022015650756657124,-0.0020024252589792013,9.956990834325552e-05,-0.002101995167322457
043,3MIDD_048,36,-0.002230274025350809,-0.002021745080128312,0.00010426447261124849,-0.0021260095527395606
043,3MIDD_048,37,-0.0022571890149265528,-0.0020419752690941095,0.00010760687291622162,-0.002149582142010331
043,3MIDD_048,38,-0.00228473381139338,-0.0020634182728827,0.0001106577692553401,-0.00217407604213804
043,3MIDD_048,39,-0.002305692760273814,-0.0020835730247199535,0.00011105986777693033,-0.002194632892496884
043,3MIDD_048,40,-0.0023186339531093836,-0.002100884448736906,0.00010887475218623877,-0.002209759200923145
043,3MIDD_048,41,-0.002329036360606551,-0.0021128575317561626,0.00010808941442519426,-0.002220946946181357
043,3MIDD_048,42,-0.002340087201446295,-0.0021230443380773067,0.00010852143168449402,-0.0022315657697618008
043,3MIDD_048,43,-0.002351272152736783,-0.002134734531864524,0.00010826881043612957,-0.0022430033423006535
043,3MIDD_048,44,-0.002368014072999358,-0.0021454552188515663,0.00011127942707389593,-0.0022567346459254622
043,3MIDD_048,45,-0.0023878300562500954,-0.002150251530110836,0.00011878926306962967,-0.0022690407931804657
043,3MIDD_048,46,-0.002401502337306738,-0.0021514950785785913,0.00012500362936407328,-0.0022764987079426646
043,3MIDD_048,47,-0.0024118381552398205,-0.0021492119412869215,0.0001313131069764495,-0.002280525048263371
043,3MIDD_048,48,-0.0024286347907036543,-0.002146210055798292,0.00014121236745268106,-0.0022874224232509732
043,3MIDD_048,49,-0.002448087092489004,-0.0021432971116155386,0.00015239499043673277,-0.0022956921020522714
043,3MIDD_207,0,0.008940660394728184,0.0020119703840464354,-0.003464345005340874,0.0054763153893873096
043,3MIDD_207,1,0.009257973171770573,0.0023166665341705084,-0.003470653318800032,0.0057873198529705405
043,3MIDD_207,2,0.009311726316809654,0.002360664075240493,-0.0034755311207845807,0.0058361951960250735
043,3MIDD_207,3,0.009206155315041542,0.0022786313202232122,-0.003463761997409165,0.005742393317632377
043,3MIDD_207,4,0.009064513258635998,0.0021439394913613796,-0.003460286883637309,0.005604226374998689
043,3MIDD_207,5,0.009071536362171173,0.0020192957017570734,-0.00352612033020705,0.005545416031964123
043,3MIDD_207,6,0.009105213917791843,0.0019240800756961107,-0.0035905669210478663,0.005514646996743977
043,3MIDD_207,7,0.00899820402264595,0.0017684086924418807,-0.003614897665102035,0.0053833063575439155
043,3MIDD_207,8,0.008896339684724808,0.001586590544320643,-0.0036548745702020824,0.005241465114522725
043,3MIDD_207,9,0.008900796994566917,0.0014093860518187284,-0.0037457054713740945,0.005155091523192823
043,3MIDD_207,10,0.008897904306650162,0.001198700862005353,-0.0038496017223224044,0.005048302584327757
043,3MIDD_207,11,0.00886790081858635,0.0010065572569146752,-0.003930671780835837,0.004937229037750512
043,3MIDD_207,12,0.008883359842002392,0.0008802115335129201,-0.004001574154244736,0.004881785687757656
043,3MIDD_207,13,0.008977621793746948,0.0008333472069352865,-0.004072137293405831,0.004905484500341117
043,3MIDD_207,14,0.009090570732951164,0.0008327003451995552,-0.0041289351938758045,0.00496163553907536
043,3MIDD_207,15,0.009182349778711796,0.0008218727307394147,-0.0041802385239861906,0.005002111254725605
043,3MIDD_207,16,0.009276308119297028,0.0007972660241648555,-0.004239521047566086,0.0050367870717309415
043,3MIDD_207,17,0.009381496347486973,0.00078059226507321,-0.004300452041206881,0.005081044306280091
043,3MIDD_207,18,0.009492399170994759,0.0008030882454477251,-0.004344655462773517,0.005147743708221242
043,3MIDD_207,19,0.009606762789189816,0.0008433892508037388,-0.004381686769193038,0.005225076019996777
043,3MIDD_207,20,0.009733764454722404,0.000883145141415298,-0.004425309656653553,0.005308454798068851
043,3MIDD_207,21,0.009861884638667107,0.0009094058186747134,-0.004476239409996197,0.00538564522867091
043,3MIDD_207,22,0.009982101619243622,0.0009347157902084291,-0.004523692914517596,0.0054584087047260255
043,3MIDD_207,23,0.01008604746311903,0.0009585936786606908,-0.00456372689222917,0.00552232057088986
043,3MIDD_207,24,0.010179862380027771,0.0009763720445334911,-0.00460174516774714,0.005578117212280631
043,3MIDD_207,25,0.010277030989527702,0.00101415254175663,-0.004631439223885536,0.005645591765642166
043,3MIDD_207,26,0.010376798920333385,0.001064590411260724,-0.004656104254536331,0.005720694665797055
043,3MIDD_207,27,0.010478541254997253,0.0011234079720452428,-0.004677566641476005,0.005800974613521248
043,3MIDD_207,28,0.010597559623420238,0.0011796454200521111,-0.004708957101684064,0.005888602521736175
043,3MIDD_207,29,0.010722965933382511,0.001231444999575615,-0.004745760466903448,0.005977205466479063
043,3MIDD_207,30,0.010847889818251133,0.0012912366073578596,-0.004778326605446637,0.006069563212804496
043,3MIDD_207,31,0.010973270051181316,0.0013598519144579768,-0.00480670906836167,0.006166560982819647
043,3MIDD_207,32,0.011105633340775967,0.0014258556766435504,-0.004839888832066208,0.0062657445087097585
043,3MIDD_207,33,0.011235779151320457,0.0014913714258000255,-0.004872203862760216,0.0063635752885602415
043,3MIDD_207,34,0.011358019895851612,0.0015569048700854182,-0.004900557512883097,0.006457462382968515
043,3MIDD_207,35,0.011472073383629322,0.0016219390090554953,-0.004925067187286913,0.006547006196342409
043,3MIDD_207,36,0.01158214919269085,0.0016844714991748333,-0.004948838846758008,0.006633310345932841
043,3MIDD_207,37,0.011681927368044853,0.0017425625119358301,-0.0049696824280545115,0.006712244939990342
043,3MIDD_207,38,0.01178154069930315,0.0017920093378052115,-0.004994765680748969,0.006786775018554181
043,3MIDD_207,39,0.011881658807396889,0.0018418834079056978,-0.0050198876997455955,0.006861771107651293
043,3MIDD_207,40,0.011978425085544586,0.0018960066372528672,-0.0050412092241458595,0.006937215861398727
043,3MIDD_207,41,0.012071138247847557,0.0019544304814189672,-0.005058353883214295,0.007012784364633262
043,3MIDD_207,42,0.01216057687997818,0.002014769706875086,-0.005072903586551547,0.007087673293426633
043,3MIDD_207,43,0.012249943800270557,0.0020746614318341017,-0.005087641184218228,0.0071623026160523295
043,3MIDD_207,44,0.012336686253547668,0.0021315854974091053,-0.005102550378069282,0.007234135875478387
043,3MIDD_207,45,0.012409406714141369,0.002185860415920615,-0.005111773149110377,0.007297633565030992
043,3MIDD_207,46,0.012468521483242512,0.002236021216958761,-0.005116250133141875,0.0073522713501006365
043,3MIDD_207,47,0.012523232959210873,0.002283215755596757,-0.005120008601807058,0.007403224357403815
043,3MIDD_207,48,0.012577100656926632,0.0023306894581764936,-0.005123205599375069,0.007453895057551563
043,3MIDD_207,49,0.012627989985048771,0.0023791082203388214,-0.005124440882354975,0.007503549102693796
043,4MIDD_085_170,0,0.004996413830667734,0.002022065920755267,-0.0014871739549562335,0.0035092398757115006
043,4MIDD_085_170,1,0.00510860700160265,0.0021459991112351418,-0.001481303945183754,0.0036273030564188957
043,4MIDD_085_170,2,0.005174309015274048,0.0021608108654618263,-0.0015067490749061108,0.003667559940367937
043,4MIDD_085_170,3,0.004887648392468691,0.002348954090848565,-0.0012693471508100629,0.003618301241658628
043,4MIDD_085_170,4,0.004379773046821356,0.0023239338770508766,-0.0010279195848852396,0.0033518534619361162
043,4MIDD_085_170,5,0.004160498268902302,0.0019593401812016964,-0.0011005790438503027,0.003059919225051999
043,4MIDD_085_170,6,0.004119121003895998,0.0016855496214702725,-0.0012167856912128627,0.0029023353126831353
043,4MIDD_085_170,7,0.004023655317723751,0.0014482432743534446,-0.0012877060216851532,0.002735949296038598
043,4MIDD_085_170,8,0.0037896055728197098,0.0012368382886052132,-0.0012763836421072483,0.0025132219307124615
043,4MIDD_085_170,9,0.0035589595790952444,0.0010252646170556545,-0.001266847481019795,0.0022921120980754495
043,4MIDD_085_170,10,0.003442712128162384,0.0008443034603260458,-0.0012992043339181691,0.002143507794244215
043,4MIDD_085_170,11,0.003411803627386689,0.00070958147989586,-0.0013511110737454146,0.0020606925536412746
043,4MIDD_085_170,12,0.003376225009560585,0.0006014907849021256,-0.0013873671123292297,0.0019888578972313553
043,4MIDD_085_170,13,0.003295076545327902,0.0005084073636680841,-0.0013933345908299088,0.001901741954497993
043,4MIDD_085_170,14,0.003195961704477668,0.0004428427782841027,-0.0013765594630967826,0.0018194022413808852
043,4MIDD_085_170,15,0.003115895902737975,0.0003996285959146917,-0.0013581336534116417,0.0017577622493263334
043,4MIDD_085_170,16,0.0030563389882445335,0.00035296427085995674,-0.0013516873586922884,0.0017046516295522451
043,4MIDD_085_170,17,0.0030142629984766245,0.00030284171225503087,-0.0013557106431107968,0.0016585523553658277
043,4MIDD_085_170,18,0.0030059637501835823,0.00024304416729137301,-0.0013814597914461046,0.0016245039587374777
043,4MIDD_085_170,19,0.003007425693795085,0.00018634385196492076,-0.001410540920915082,0.0015968847728800029
043,4MIDD_085_170,20,0.0030106818303465843,0.0001344081392744556,-0.0014381368455360644,0.00157254498481052
043,4MIDD_085_170,21,0.0030164923518896103,8.120003622025251e-05,-0.0014676461578346789,0.0015488461940549314
043,4MIDD_085_170,22,0.0030247382819652557,3.309560634079389e-05,-0.001495821337812231,0.0015289169441530248
043,4MIDD_085_170,23,0.003031358355656266,2.191602106904611e-06,-0.0015145833767746808,0.0015167749788815854
043,4MIDD_085_170,24,0.0030305280815809965,-1.4988390830694698e-05,-0.0015227582362058456,0.001507769845375151
043,4MIDD_085_170,25,0.0030324673280119896,-2.911582305387128e-05,-0.0015307915755329304,0.0015016757524790592
043,4MIDD_085_170,26,0.0030491393990814686,-4.684735176851973e-05,-0.0015479933754249942,0.0015011460236564744
043,4MIDD_085_170,27,0.0030746019911020994,-6.611207936657593e-05,-0.0015703570352343377,0.0015042449558677617
043,4MIDD_085_170,28,0.003101085778325796,-7.837765588192269e-05,-0.0015897317171038594,0.0015113540612219367
043,4MIDD_085_170,29,0.0031216666102409363,-8.528478792868555e-05,-0.001603475699084811,0.0015181909111561254
043,4MIDD_085_170,30,0.00313578057102859,-9.039503493113443e-05,-0.0016130878029798623,0.0015226927680487279
043,4MIDD_085_170,31,0.0031502372585237026,-0.00010284996824339032,-0.0016265436133835465,0.0015236936451401561
043,4MIDD_085_170,32,0.0031701105181127787,-0.00011898720549652353,-0.001644548861804651,0.0015255616563081276
043,4MIDD_085_170,33,0.003191225463524461,-0.00013796496205031872,-0.0016645952127873898,0.001526630250737071
043,4MIDD_085_170,34,0.003210567869246006,-0.00015597339370287955,-0.0016832706314744428,0.0015272972377715632
043,4MIDD_085_170,35,0.0032252941746264696,-0.00017206241318490356,-0.0016986782939056866,0.001526615880720783
043,4MIDD_085_170,36,0.003235367126762867,-0.00019080274796579033,-0.0017130849373643287,0.0015222821893985383
043,4MIDD_085_170,37,0.0032461127266287804,-0.00021023221779614687,-0.0017281724722124636,0.0015179402544163167
043,4MIDD_085_170,38,0.0032576469238847494,-0.0002295761223649606,-0.001743611523124855,0.0015140354007598944
043,4MIDD_085_170,39,0.0032703194301575422,-0.0002494578075129539,-0.001759888618835248,0.0015104308113222942
043,4MIDD_085_170,40,0.0032822140492498875,-0.00026708003133535385,-0.0017746470402926207,0.0015075670089572668
043,4MIDD_085_170,41,0.0032917039934545755,-0.0002808615972753614,-0.0017862827953649685,0.001505421198089607
043,4MIDD_085_170,42,0.0032982085831463337,-0.00029194937087595463,-0.0017950789770111442,0.0015031296061351895
043,4MIDD_085_170,43,0.00330182071775198,-0.0003006855840794742,-0.001801253150915727,0.0015005675668362528
043,4MIDD_085_170,44,0.003305496647953987,-0.0003110630495939404,-0.0018082798487739637,0.0014972167991800234
043,4MIDD_085_170,45,0.003309069899842143,-0.0003192653239239007,-0.0018141676118830219,0.0014949022879591212
043,4MIDD_085_170,46,0.003311485517770052,-0.00032686933991499245,-0.0018191774288425222,0.0014923080889275298
043,4MIDD_085_170,47,0.0033120918087661266,-0.00033636754960753024,-0.0018242296791868284,0.0014878621295792982
043,4MIDD_085_170,48,0.0033090305514633656,-0.00034662545658648014,-0.0018278280040249228,0.0014812025474384427
043,4MIDD_085_170,49,0.0033051411155611277,-0.00035667576594278216,-0.001830908440751955,0.0014742326748091727
044,3MIDD_048,0,0.011853964067995548,0.0021923875901848078,-0.00483078823890537,0.007023175829090178
044,3MIDD_048,1,0.010815983638167381,0.0016653120983392,-0.004575335769914091,0.006240647868253291
044,3MIDD_048,2,0.010062267072498798,0.0010155161144211888,-0.004523375479038805,0.005538891593459994
044,3MIDD_048,3,0.009910278022289276,0.0003291303291916847,-0.004790573846548796,0.00511970417574048
044,3MIDD_048,4,0.01024249941110611,-1.4782976904825773e-05,-0.005128641194005468,0.005113858217100642
044,3MIDD_048,5,0.010079761035740376,-9.717504144646227e-05,-0.005088468038593419,0.004991292997146957
044,3MIDD_048,6,0.009303425438702106,-0.00010587595170363784,-0.004704650695202872,0.004598774743499234
044,3MIDD_048,7,0.008489079773426056,-0.00019281773711554706,-0.0043409487552708015,0.004148131018155254
044,3MIDD_048,8,0.007972758263349533,-0.0003296198265161365,-0.004151189044932835,0.0038215692184166983
044,3MIDD_048,9,0.007735402788966894,-0.0005252208211459219,-0.004130311805056408,0.003605090983910486
044,3MIDD_048,10,0.007693707477301359,-0.0006857584230601788,-0.004189732950180769,0.00350397452712059
044,3MIDD_048,11,0.007682473864406347,-0.0007001922349445522,-0.00419133304967545,0.0034911408147308975
044,3MIDD_048,12,0.007628801744431257,-0.0006594855803996325,-0.004144143662415445,0.0034846580820158124
044,3MIDD_048,13,0.00757178058847785,-0.0007104282849468291,-0.0041411044367123395,0.0034306761517655104
044,3MIDD_048,14,0.0074781933799386024,-0.0007848924142308533,-0.004131542897084728,0.0033466504828538746
044,3MIDD_048,15,0.007480432745069265,-0.0007597813382744789,-0.004120107041671872,0.0033603257033973932
044,3MIDD_048,16,0.0076272445730865,-0.0006569490069523454,-0.004142096790019423,0.0034851477830670774
044,3MIDD_048,17,0.007876702584326267,-0.0005463441484607756,-0.004211523366393521,0.003665179217932746
044,3MIDD_048,18,0.008103692904114723,-0.0004361838800832629,-0.004269938392098993,0.00383375451201573
044,3MIDD_048,19,0.008320961147546768,-0.0003059422015212476,-0.004313451674534008,0.00400750947301276
044,3MIDD_048,20,0.008543509989976883,-0.0002160350704798475,-0.004379772530228365,0.004163737459748518
044,3MIDD_048,21,0.008817692287266254,-0.00017340507474727929,-0.004495548681006767,0.004322143606259488
044,3MIDD_048,22,0.00904210563749075,-9.042037709150463e-05,-0.004566263007291127,0.004475842630199622
044,3MIDD_048,23,0.009270119480788708,-1.16597529995488e-05,-0.004640889616894128,0.0046292298638945795
044,3MIDD_048,24,0.009612154215574265,7.559342338936403e-05,-0.00476828039609245,0.004843873819481814
044,3MIDD_048,25,0.010012838058173656,0.00019511461141519248,-0.004908861723379232,0.0051039763347944245
044,3MIDD_048,26,0.010356473736464977,0.00032093076151795685,-0.00501777148747351,0.005338702248991467
044,3MIDD_048,27,0.010622105561196804,0.00042916074744425714,-0.0050964724068762735,0.005525633154320531
044,3MIDD_048,28,0.010852481238543987,0.0005469537572935224,-0.0051527637406252325,0.005699717497918755
044,3MIDD_048,29,0.01110039558261633,0.0007155603962019086,-0.00519241759320721,0.005907977989409119
044,3MIDD_048,30,0.01135509554296732,0.0008868894656188786,-0.0052341030386742204,0.006120992504293099
044,3MIDD_048,31,0.011604920960962772,0.0010461463825777173,-0.0052793872891925275,0.006325533671770245
044,3MIDD_048,32,0.011869167909026146,0.001227431814186275,-0.0053208680474199355,0.0065482998616062105
044,3MIDD_048,33,0.012135706841945648,0.0014169313944876194,-0.005359387723729014,0.006776319118216634
044,3MIDD_048,34,0.012433743104338646,0.0015527707291767001,-0.005440486187580973,0.006993256916757673
044,3MIDD_048,35,0.012749938294291496,0.0016721911961212754,-0.00553887354908511,0.007211064745206386
044,3MIDD_048,36,0.01305546797811985,0.0017983380239456892,-0.0056285649770870805,0.00742690300103277
044,3MIDD_048,37,0.013323836959898472,0.0019324487075209618,-0.005695694126188755,0.007628142833709717
044,3MIDD_048,38,0.013588405214250088,0.002038725418969989,-0.0057748398976400495,0.007813565316610038
044,3MIDD_048,39,0.013858691789209843,0.0021067180205136538,-0.0058759868843480945,0.007982704904861748
044,3MIDD_048,40,0.01412613783031702,0.0021466538310050964,-0.005989741999655962,0.008136395830661058
044,3MIDD_048,41,0.014408251270651817,0.0021692216396331787,-0.006119514815509319,0.008288736455142498
044,3MIDD_048,42,0.014710173942148685,0.002215893007814884,-0.006247140467166901,0.008463033474981785
044,3MIDD_048,43,0.015006070956587791,0.0022760748397558928,-0.006364998058415949,0.008641072898171842
044,3MIDD_048,44,0.015273536555469036,0.002341269515454769,-0.0064661335200071335,0.008807403035461903
044,3MIDD_048,45,0.01550677977502346,0.0024263677187263966,-0.006540206028148532,0.008966573746874928
044,3MIDD_048,46,0.015735292807221413,0.0024984008632600307,-0.006618445971980691,0.009116846835240722
044,3MIDD_048,47,0.016009004786610603,0.0025573065504431725,-0.0067258491180837154,0.009283155668526888
044,3MIDD_048,48,0.01633136160671711,0.002598619321361184,-0.006866371142677963,0.009464990464039147
044,3MIDD_048,49,0.01665746234357357,0.0026477875653654337,-0.007004837389104068,0.009652624954469502
044,3MIDD_207,0,0.021502522751688957,0.02722862921655178,0.0028630532324314117,0.02436557598412037
044,3MIDD_207,1,0.01929481141269207,0.025663768872618675,0.0031844787299633026,0.022479290142655373
044,3MIDD_207,2,0.017611058428883553,0.024462051689624786,0.003425496630370617,0.02103655505925417
044,3MIDD_207,3,0.016629144549369812,0.024029821157455444,0.003700338304042816,0.020329482853412628
044,3MIDD_207,4,0.01519542746245861,0.023706858977675438,0.004255715757608414,0.019451143220067024
044,3MIDD_207,5,0.014149049296975136,0.02315356954932213,0.004502260126173496,0.018651309423148632
044,3MIDD_207,6,0.013166079297661781,0.022022364661097527,0.004428142681717873,0.017594221979379654
044,3MIDD_207,7,0.011795599944889545,0.020672762766480446,0.00443858141079545,0.016234181355684996
044,3MIDD_207,8,0.010737133212387562,0.020114364102482796,0.004688615445047617,0.015425748657435179
044,3MIDD_207,9,0.010072221979498863,0.020045364275574684,0.0049865711480379105,0.015058793127536774
044,3MIDD_207,10,0.009220952168107033,0.019766755402088165,0.005272901616990566,0.014493853785097599
044,3MIDD_207,11,0.008271493948996067,0.019433502107858658,0.005581004079431295,0.013852498028427362
044,3MIDD_207,12,0.007516195066273212,0.01902557536959648,0.0057546901516616344,0.013270885217934847
044,3MIDD_207,13,0.006823476869612932,0.018568221479654312,0.00587237230502069,0.012695849174633622
044,3MIDD_207,14,0.006060681771486998,0.018203578889369965,0.0060714485589414835,0.012132130330428481
044,3MIDD_207,15,0.005379009991884232,0.01790919341146946,0.006265091709792614,0.011644101701676846
044,3MIDD_207,16,0.00476651219651103,0.0175497904419899,0.006391639122739434,0.011158151319250464
044,3MIDD_207,17,0.004250695928931236,0.017281511798501015,0.006515407934784889,0.010766103863716125
044,3MIDD_207,18,0.0038510712329298258,0.01709626242518425,0.006622595596127212,0.010473666829057038
044,3MIDD_207,19,0.0034362964797765017,0.017032267525792122,0.00679798552300781,0.010234282002784312
044,3MIDD_207,20,0.0029524352867156267,0.017002396285533905,0.007024980499409139,0.009977415786124766
044,3MIDD_207,21,0.0024925116449594498,0.017115585505962372,0.007311536930501461,0.00980404857546091
044,3MIDD_207,22,0.002107459120452404,0.01724603958427906,0.007569290231913328,0.009676749352365732
044,3MIDD_207,23,0.001813356066122651,0.017381686717271805,0.007784165325574577,0.009597521391697228
044,3MIDD_207,24,0.0016166729619726539,0.017526080831885338,0.007954703934956342,0.009571376896928996
044,3MIDD_207,25,0.001531644957140088,0.017794672399759293,0.008131513721309602,0.00966315867844969
044,3MIDD_207,26,0.001432787161320448,0.018130430951714516,0.008348821895197034,0.009781609056517482
044,3MIDD_207,27,0.0013130457373335958,0.01846657693386078,0.008576765598263592,0.009889811335597187
044,3MIDD_207,28,0.00115639076102525,0.01875969022512436,0.008801649732049555,0.009958040493074805
044,3MIDD_207,29,0.0009909265208989382,0.019020365551114082,0.009014719515107572,0.01000564603600651
044,3MIDD_207,30,0.0009236621554009616,0.01925569772720337,0.009166017785901204,0.010089679941302165
044,3MIDD_207,31,0.0009435833781026304,0.019484708085656166,0.009270562353776768,0.010214145731879398
044,3MIDD_207,32,0.0009881467558443546,0.01975477673113346,0.009383314987644553,0.010371461743488908
044,3MIDD_207,33,0.0010765402112156153,0.020052731037139893,0.009488095412962139,0.010564635624177754
044,3MIDD_207,34,0.0011203838512301445,0.020400099456310272,0.009639857802540064,0.010760241653770208
044,3MIDD_207,35,0.0011638260912150145,0.02079867012798786,0.009817422018386424,0.010981248109601438
044,3MIDD_207,36,0.0011917105875909328,0.021196316927671432,0.01000230317004025,0.011194013757631183
044,3MIDD_207,37,0.0012241856893524528,0.021589718759059906,0.010182766534853727,0.01140695222420618
044,3MIDD_207,38,0.0011871041497215629,0.021985508501529694,0.010399202175904065,0.011586306325625628
044,3MIDD_207,39,0.0011216570856049657,0.022395305335521698,0.010636824124958366,0.011758481210563332
044,3MIDD_207,40,0.001058276742696762,0.022793756797909737,0.010867740027606487,0.01192601677030325
044,3MIDD_207,41,0.0010304325260221958,0.023202450945973396,0.0110860092099756,0.012116441735997796
044,3MIDD_207,42,0.0010864364448934793,0.023610830307006836,0.011262196931056678,0.012348633375950158
044,3MIDD_207,43,0.0011562085710465908,0.023953307420015335,0.011398549424484372,0.012554757995530963
044,3MIDD_207,44,0.001183400978334248,0.024265920743346214,0.011541259882505983,0.012724660860840231
044,3MIDD_207,45,0.0011802706867456436,0.02462739124894142,0.011723560281097889,0.012903830967843533
044,3MIDD_207,46,0.001214643125422299,0.02500143274664879,0.011893394810613245,0.013108037936035544
044,3MIDD_207,47,0.0012829058105126023,0.025383399799466133,0.012050246994476765,0.013333152804989368
044,3MIDD_207,48,0.0014053387567400932,0.02579706534743309,0.012195863295346498,0.013601202052086592
044,3MIDD_207,49,0.0015344733837991953,0.026178261265158653,0.012321893940679729,0.013856367324478924
044,4MIDD_085_170,0,0.010232524015009403,0.017450982704758644,0.0036092293448746204,0.013841753359884024
044,4MIDD_085_170,1,0.008397492580115795,0.01615375466644764,0.003878131043165922,0.012275623623281717
044,4MIDD_085_170,2,0.0065879225730896,0.014866339974105358,0.004139208700507879,0.010727131273597479
044,4MIDD_085_170,3,0.005221026483923197,0.01406008843332529,0.004419530974701047,0.009640557458624244
044,4MIDD_085_170,4,0.004387813154608011,0.014010587707161903,0.004811387276276946,0.009199200430884957
044,4MIDD_085_170,5,0.0037626209668815136,0.014188072644174099,0.005212725838646293,0.008975346805527806
044,4MIDD_085_170,6,0.00307073094882071,0.013938715681433678,0.005433992366306484,0.008504723315127194
044,4MIDD_085_170,7,0.0024487245827913284,0.013335414230823517,0.005443344824016094,0.007892069406807423
044,4MIDD_085_170,8,0.0019010865362361073,0.012953526340425014,0.005526219902094454,0.007427306438330561
044,4MIDD_085_170,9,0.0013740998692810535,0.012847285717725754,0.00573659292422235,0.007110692793503404
044,4MIDD_085_170,10,0.0007789547671563923,0.012832904234528542,0.006026974733686075,0.006805929500842467
044,4MIDD_085_170,11,0.00028435923741199076,0.012840721756219864,0.0062781812594039366,0.006562540496815927
044,4MIDD_085_170,12,8.076343874563463e-06,0.01289957482367754,0.006445749239901488,0.006453825583776052
044,4MIDD_085_170,13,-0.00019240840629208833,0.012908613309264183,0.006550510857778136,0.006358102451486047
044,4MIDD_085_170,14,-0.00048713176511228085,0.012927438132464886,0.006707284948788583,0.006220153183676302
044,4MIDD_085_170,15,-0.0007328345091082156,0.01309199444949627,0.006912414479302242,0.006179579970194027
044,4MIDD_085_170,16,-0.0009117184672504663,0.013268406502902508,0.007090062485076487,0.006178344017826021
044,4MIDD_085_170,17,-0.0010089209536090493,0.013325491920113564,0.007167206436861306,0.006158285483252257
044,4MIDD_085_170,18,-0.001075547537766397,0.013407636433839798,0.0072415919858030975,0.0061660444480367005
044,4MIDD_085_170,19,-0.0010787158971652389,0.013592474162578583,0.007335595029871911,0.006256879132706672
044,4MIDD_085_170,20,-0.001102658687159419,0.013803678564727306,0.007453168625943363,0.006350509938783944
044,4MIDD_085_170,21,-0.0011119546834379435,0.014041706919670105,0.007576830801554024,0.006464876118116081
044,4MIDD_085_170,22,-0.0010072573786601424,0.014329910278320312,0.0076685838284902275,0.006661326449830085
044,4MIDD_085_170,23,-0.0008218491566367447,0.014628197066485882,0.007725023111561313,0.0069031739549245685
044,4MIDD_085_170,24,-0.0006941822357475758,0.014876356348395348,0.007785269292071462,0.007091087056323886
044,4MIDD_085_170,25,-0.0006333886994980276,0.015076862648129463,0.007855125673813745,0.007221736974315718
044,4MIDD_085_170,26,-0.0005748955882154405,0.015292644500732422,0.007933770044473931,0.007358874456258491
044,4MIDD_085_170,27,-0.00041603512363508344,0.015514800325036049,0.007965417724335566,0.007549382600700483
044,4MIDD_085_170,28,-0.00023297568259295076,0.01573709212243557,0.00798503390251426,0.0077520582199213095
044,4MIDD_085_170,29,3.6414254282135516e-05,0.01598459482192993,0.007974090283823898,0.008010504538106034
044,4MIDD_085_170,30,0.0003443038440309465,0.016274239867925644,0.007964968011947349,0.008309271855978295
044,4MIDD_085_170,31,0.0006200791685841978,0.016581084579229355,0.007980502705322579,0.008600581873906776
044,4MIDD_085_170,32,0.0009351097978651524,0.016894470900297165,0.007979680551216006,0.008914790349081159
044,4MIDD_085_170,33,0.0012891291407868266,0.017184678465127945,0.00794777466217056,0.009236903802957386
044,4MIDD_085_170,34,0.0016337933484464884,0.01743815466761589,0.007902180659584701,0.00953597400803119
044,4MIDD_085_170,35,0.0020472847390919924,0.01767980493605137,0.007816260098479688,0.00986354483757168
044,4MIDD_085_170,36,0.0024559414014220238,0.017930978909134865,0.0077375187538564205,0.010193460155278444
044,4MIDD_085_170,37,0.0028299884870648384,0.018206272274255753,0.007688141893595457,0.010518130380660295
044,4MIDD_085_170,38,0.0032034050673246384,0.018466847017407417,0.0076317209750413895,0.010835126042366028
044,4MIDD_085_170,39,0.003605375299230218,0.018682578578591347,0.007538601639680564,0.011143976938910782
044,4MIDD_085_170,40,0.004034369718283415,0.018885834142565727,0.007425732212141156,0.011460101930424571
044,4MIDD_085_170,41,0.00442316522821784,0.019102275371551514,0.007339555071666837,0.011762720299884677
044,4MIDD_085_170,42,0.004801384173333645,0.019333554431796074,0.0072660851292312145,0.01206746930256486
044,4MIDD_085_170,43,0.005181239917874336,0.019551608711481094,0.007185184396803379,0.012366424314677715
044,4MIDD_085_170,44,0.005574395414441824,0.01973199099302292,0.007078797789290547,0.012653193203732371
044,4MIDD_085_170,45,0.005974342580884695,0.01992056332528591,0.006973110372200608,0.012947452953085303
044,4MIDD_085_170,46,0.006374431774020195,0.02008066698908806,0.006853117607533932,0.013227549381554127
044,4MIDD_085_170,47,0.006752815563231707,0.020198097452521324,0.006722640944644809,0.013475456507876515
044,4MIDD_085_170,48,0.007116301450878382,0.02033066749572754,0.006607183022424579,0.01372348447330296
044,4MIDD_085_170,49,0.007477111183106899,0.020461205393075943,0.006492047104984522,0.013969158288091421
045,3MIDD_048,0,0.009906137362122536,0.016199059784412384,0.003146461211144924,0.01305259857326746
045,3MIDD_048,1,0.011119372211396694,0.01777554675936699,0.0033280872739851475,0.014447459485381842
045,3MIDD_048,2,0.012008383870124817,0.01898082345724106,0.0034862197935581207,0.015494603663682938
045,3MIDD_048,3,0.012301775626838207,0.019748464226722717,0.003723344299942255,0.016025119926780462
045,3MIDD_048,4,0.011471649631857872,0.019634494557976723,0.004081422463059425,0.015553072094917297
045,3MIDD_048,5,0.010260348208248615,0.019138582050800323,0.004439116921275854,0.01469946512952447
045,3MIDD_048,6,0.009550429880619049,0.019023632630705833,0.004736601375043392,0.014287031255662441
045,3MIDD_048,7,0.009395039640367031,0.019552893936634064,0.005078927148133516,0.014473966788500547
045,3MIDD_048,8,0.009679319337010384,0.020407836884260178,0.005364258773624897,0.01504357811063528
045,3MIDD_048,9,0.01007673516869545,0.02129056490957737,0.00560691487044096,0.01568365003913641
045,3MIDD_048,10,0.010329211130738258,0.022081555798649788,0.005876172333955765,0.016205383464694023
045,3MIDD_048,11,0.010468512773513794,0.022807391360402107,0.006169439293444157,0.01663795206695795
045,3MIDD_048,12,0.010704184882342815,0.023503132164478302,0.006399473641067743,0.01710365852341056
045,3MIDD_048,13,0.011096150614321232,0.024272965267300606,0.006588407326489687,0.01768455794081092
045,3MIDD_048,14,0.011555208824574947,0.025116313248872757,0.006780552212148905,0.018335761036723852
045,3MIDD_048,15,0.012044728733599186,0.02597946859896183,0.006967369932681322,0.019012098666280508
045,3MIDD_048,16,0.012509381398558617,0.026815513148903847,0.007153065875172615,0.01966244727373123
045,3MIDD_048,17,0.01294735074043274,0.027672942727804184,0.007362795993685722,0.02031014673411846
045,3MIDD_048,18,0.013424518518149853,0.028567178174853325,0.007571329828351736,0.02099584834650159
045,3MIDD_048,19,0.013993672095239162,0.029474640265107155,0.007740484084933996,0.02173415618017316
045,3MIDD_048,20,0.014647981151938438,0.03033805824816227,0.007845038548111916,0.022493019700050354
045,3MIDD_048,21,0.015400845557451248,0.03119443729519844,0.007896795868873596,0.023297641426324844
045,3MIDD_048,22,0.016222145408391953,0.03209002688527107,0.00793394073843956,0.024156086146831512
045,3MIDD_048,23,0.01710868813097477,0.03300093859434128,0.007946125231683254,0.025054813362658024
045,3MIDD_048,24,0.017967144027352333,0.033912550657987595,0.00797270331531763,0.025939847342669964
045,3MIDD_048,25,0.018811559304594994,0.034806013107299805,0.007997226901352406,0.0268087862059474
045,3MIDD_048,26,0.019669201225042343,0.03565003350377083,0.007990416139364243,0.027659617364406586
045,3MIDD_048,27,0.020548095926642418,0.03650866448879242,0.007980284281075,0.02852838020771742
045,3MIDD_048,28,0.021430885419249535,0.03735896572470665,0.007964040152728558,0.029394925571978092
045,3MIDD_048,29,0.02230883575975895,0.03821568191051483,0.007953423075377941,0.03026225883513689
045,3MIDD_048,30,0.023158086463809013,0.039058685302734375,0.00795029941946268,0.031108385883271694
045,3MIDD_048,31,0.024007271975278854,0.03988751769065857,0.007940122857689857,0.03194739483296871
045,3MIDD_048,32,0.024858269840478897,0.04069133847951889,0.007916534319519997,0.032774804159998894
045,3MIDD_048,33,0.025663714855909348,0.04148249700665474,0.007909391075372696,0.03357310593128204
045,3MIDD_048,34,0.026435283944010735,0.04227970540523529,0.007922210730612278,0.03435749467462301
045,3MIDD_048,35,0.027181658893823624,0.043084997683763504,0.00795166939496994,0.035133328288793564
045,3MIDD_048,36,0.02792968600988388,0.04389292374253273,0.007981618866324425,0.035911304876208305
045,3MIDD_048,37,0.028675926849246025,0.04468384012579918,0.008003956638276577,0.0366798834875226
045,3MIDD_048,38,0.029417792335152626,0.04544955492019653,0.008015881292521954,0.03743367362767458
045,3MIDD_048,39,0.03015884943306446,0.046200789511203766,0.008020970039069653,0.03817981947213411
045,3MIDD_048,40,0.030891800299286842,0.046942636370658875,0.008025418035686016,0.03891721833497286
045,3MIDD_048,41,0.03160828351974487,0.04766044393181801,0.008026080206036568,0.03963436372578144
045,3MIDD_048,42,0.03231446072459221,0.0483662411570549,0.008025890216231346,0.040340350940823555
045,3MIDD_048,43,0.0330079048871994,0.049047403037548065,0.008019749075174332,0.041027653962373734
045,3MIDD_048,44,0.03367592766880989,0.04971550777554512,0.008019790053367615,0.041695717722177505
045,3MIDD_048,45,0.034330565482378006,0.05037087947130203,0.008020156994462013,0.04235072247684002
045,3MIDD_048,46,0.03498692065477371,0.05100896954536438,0.008011024445295334,0.042997945100069046
045,3MIDD_048,47,0.03564496710896492,0.051617104560136795,0.007986068725585938,0.04363103583455086
045,3MIDD_048,48,0.036290623247623444,0.05219949781894684,0.007954437285661697,0.04424506053328514
045,3MIDD_048,49,0.03690970316529274,0.052747294306755066,0.007918795570731163,0.0448284987360239
045,3MIDD_207,0,-0.0072525194846093655,-0.00787043385207653,-0.0003089571837335825,-0.007561476668342948
045,3MIDD_207,1,-0.007341316435486078,-0.007168097421526909,8.66095069795847e-05,-0.007254706928506494
045,3MIDD_207,2,-0.00783536396920681,-0.007035035640001297,0.0004001641646027565,-0.0074351998046040535
045,3MIDD_207,3,-0.009011436253786087,-0.0074871014803647995,0.0007621673867106438,-0.008249268867075443
045,3MIDD_207,4,-0.010610569268465042,-0.008574238047003746,0.001018165610730648,-0.009592403657734394
045,3MIDD_207,5,-0.011763046495616436,-0.00947630126029253,0.001143372617661953,-0.010619673877954483
045,3MIDD_207,6,-0.012442756444215775,-0.010100423358380795,0.00117116654291749,-0.011271589901298285
045,3MIDD_207,7,-0.013100232928991318,-0.010516176000237465,0.0012920284643769264,-0.011808204464614391
045,3MIDD_207,8,-0.013598369434475899,-0.010590755380690098,0.0015038070268929005,-0.012094562407582998
045,3MIDD_207,9,-0.013920239172875881,-0.010434018447995186,0.0017431103624403477,-0.012177128810435534
045,3MIDD_207,10,-0.0140492869541049,-0.010129249654710293,0.0019600186496973038,-0.012089268304407597
045,3MIDD_207,11,-0.014065712690353394,-0.00982608087360859,0.002119815908372402,-0.011945896781980991
045,3MIDD_207,12,-0.014121798798441887,-0.009602236561477184,0.0022597811184823513,-0.011862017679959536
045,3MIDD_207,13,-0.014092102646827698,-0.009276248514652252,0.0024079270660877228,-0.011684175580739975
045,3MIDD_207,14,-0.014081933535635471,-0.00887231808155775,0.0026048077270388603,-0.011477125808596611
045,3MIDD_207,15,-0.014067461714148521,-0.008443651720881462,0.0028119049966335297,-0.011255556717514992
045,3MIDD_207,16,-0.01386736985296011,-0.00799811165779829,0.0029346290975809097,-0.0109327407553792
045,3MIDD_207,17,-0.01359107531607151,-0.0076348488219082355,0.0029781132470816374,-0.010612962068989873
045,3MIDD_207,18,-0.013336824253201485,-0.007443174719810486,0.0029468247666954994,-0.010389999486505985
045,3MIDD_207,19,-0.013180220499634743,-0.007349391933530569,0.002915414283052087,-0.010264806216582656
045,3MIDD_207,20,-0.013071621768176556,-0.007291290443390608,0.002890165662392974,-0.010181456105783582
045,3MIDD_207,21,-0.012876739725470543,-0.007161540910601616,0.0028575994074344635,-0.01001914031803608
045,3MIDD_207,22,-0.012642369605600834,-0.006925791036337614,0.00285828928463161,-0.009784080320969224
045,3MIDD_207,23,-0.012437202967703342,-0.006678193341940641,0.0028795048128813505,-0.009557698154821992
045,3MIDD_207,24,-0.01226066891103983,-0.006492416840046644,0.0028841260354965925,-0.009376542875543237
045,3MIDD_207,25,-0.012163829058408737,-0.006318641826510429,0.002922593615949154,-0.009241235442459583
045,3MIDD_207,26,-0.012094088830053806,-0.006233440712094307,0.0029303240589797497,-0.009163764771074057
045,3MIDD_207,27,-0.012024779804050922,-0.006138956174254417,0.0029429118148982525,-0.00908186798915267
045,3MIDD_207,28,-0.01207048911601305,-0.006038667168468237,0.0030159109737724066,-0.009054578142240644
045,3MIDD_207,29,-0.012194139882922173,-0.005913074593991041,0.0031405326444655657,-0.009053607238456607
045,3MIDD_207,30,-0.01236244011670351,-0.005765761714428663,0.0032983392011374235,-0.009064100915566087
045,3MIDD_207,31,-0.012577603571116924,-0.005698293447494507,0.0034396550618112087,-0.009137948509305716
045,3MIDD_207,32,-0.012798812240362167,-0.005755365826189518,0.0035217232070863247,-0.009277089033275843
045,3MIDD_207,33,-0.013066040351986885,-0.005856283009052277,0.0036048786714673042,-0.00946116168051958
045,3MIDD_207,34,-0.013386708684265614,-0.006015283055603504,0.0036857128143310547,-0.009700995869934559
045,3MIDD_207,35,-0.013727120123803616,-0.006204589270055294,0.0037612654268741608,-0.009965854696929455
045,3MIDD_207,36,-0.014034776948392391,-0.006404752843081951,0.00381501205265522,-0.010219764895737171
045,3MIDD_207,37,-0.014321713708341122,-0.006564711220562458,0.003878501243889332,-0.01044321246445179
045,3MIDD_207,38,-0.014577988535165787,-0.006733063142746687,0.00392246269620955,-0.010655525838956237
045,3MIDD_207,39,-0.0148085942491889,-0.006960023194551468,0.003924285527318716,-0.010884308721870184
045,3MIDD_207,40,-0.015012181363999844,-0.007214887998998165,0.0038986466825008392,-0.011113534681499004
045,3MIDD_207,41,-0.015210050158202648,-0.0074406154453754425,0.003884717356413603,-0.011325332801789045
045,3MIDD_207,42,-0.015383057296276093,-0.007652573753148317,0.0038652417715638876,-0.011517815524712205
045,3MIDD_207,43,-0.015532264485955238,-0.007869046181440353,0.0038316091522574425,-0.011700655333697796
045,3MIDD_207,44,-0.01569272391498089,-0.008072619326412678,0.0038100522942841053,-0.011882671620696783
045,3MIDD_207,45,-0.01585252396762371,-0.008259059861302376,0.0037967320531606674,-0.012055791914463043
045,3MIDD_207,46,-0.015983538702130318,-0.008422673679888248,0.0037804325111210346,-0.012203106191009283
045,3MIDD_207,47,-0.016076942905783653,-0.008566956035792828,0.003754993434995413,-0.01232194947078824
045,3MIDD_207,48,-0.016120651736855507,-0.008683444000780582,0.0037186038680374622,-0.012402047868818045
045,3MIDD_207,49,-0.016142990440130234,-0.008741768077015877,0.0037006111815571785,-0.012442379258573055
045,4MIDD_085_170,0,0.00585585180670023,0.005384918302297592,-0.00023546675220131874,0.005620385054498911
045,4MIDD_085_170,1,0.007304186001420021,0.005822159815579653,-0.0007410130929201841,0.006563172908499837
045,4MIDD_085_170,2,0.008403632789850235,0.006026159971952438,-0.0011887364089488983,0.007214896380901337
045,4MIDD_085_170,3,0.008792760781943798,0.0061840275302529335,-0.0013043666258454323,0.007488394156098366
045,4MIDD_085_170,4,0.008251055143773556,0.00571117689833045,-0.0012699391227215528,0.006981116021052003
045,4MIDD_085_170,5,0.007733488455414772,0.00493451114743948,-0.001399488653987646,0.006333999801427126
045,4MIDD_085_170,6,0.007652984466403723,0.004319735337048769,-0.0016666245646774769,0.005986359901726246
045,4MIDD_085_170,7,0.007839391008019447,0.003973919432610273,-0.001932735787704587,0.00590665522031486
045,4MIDD_085_170,8,0.008264889940619469,0.003980834502726793,-0.0021420277189463377,0.006122862221673131
045,4MIDD_085_170,9,0.00875439029186964,0.00415094243362546,-0.0023017239291220903,0.00645266636274755
045,4MIDD_085_170,10,0.009249844588339329,0.004384264815598726,-0.0024327898863703012,0.0068170547019690275
045,4MIDD_085_170,11,0.009717829525470734,0.004651103168725967,-0.002533363178372383,0.0071844663470983505
045,4MIDD_085_170,12,0.010124053806066513,0.004944044630974531,-0.002590004587545991,0.007534049218520522
045,4MIDD_085_170,13,0.010558332316577435,0.0052832625806331635,-0.0026375348679721355,0.007920797448605299
045,4MIDD_085_170,14,0.011107400059700012,0.005646636243909597,-0.0027303819078952074,0.008377018151804805
045,4MIDD_085_170,15,0.011710799299180508,0.006032428704202175,-0.0028391852974891663,0.008871614001691341
045,4MIDD_085_170,16,0.012356389313936234,0.006425762083381414,-0.0029653136152774096,0.009391075698658824
045,4MIDD_085_170,17,0.013033147901296616,0.00679759168997407,-0.003117778105661273,0.009915369795635343
045,4MIDD_085_170,18,0.013718122616410255,0.0071515790186822414,-0.003283271798864007,0.010434850817546248
045,4MIDD_085_170,19,0.014427276328206062,0.007525122724473476,-0.003451076801866293,0.01097619952633977
045,4MIDD_085_170,20,0.015154033899307251,0.007933320477604866,-0.0036103567108511925,0.011543677188456059
045,4MIDD_085_170,21,0.015874411910772324,0.00840215664356947,-0.003736127633601427,0.012138284277170897
045,4MIDD_085_170,22,0.016586756333708763,0.00892405305057764,-0.0038313516415655613,0.012755404692143202
045,4MIDD_085_170,23,0.017317060381174088,0.009430792182683945,-0.003943134099245071,0.013373926281929016
045,4MIDD_085_170,24,0.01808868534862995,0.009938032366335392,-0.00407532649114728,0.014013358857482672
045,4MIDD_085_170,25,0.018845826387405396,0.010465721599757671,-0.004190052393823862,0.014655773993581533
045,4MIDD_085_170,26,0.019597994163632393,0.011008854024112225,-0.004294570069760084,0.015303424093872309
045,4MIDD_085_170,27,0.020355956628918648,0.0115436976775527,-0.004406129475682974,0.015949827153235674
045,4MIDD_085_170,28,0.021100686863064766,0.012064974755048752,-0.004517856054008007,0.01658283080905676
045,4MIDD_085_170,29,0.021835528314113617,0.012567759491503239,-0.004633884411305189,0.017201643902808428
045,4MIDD_085_170,30,0.022542523220181465,0.013057317584753036,-0.004742602817714214,0.01779992040246725
045,4MIDD_085_170,31,0.02321881800889969,0.013528358191251755,-0.004845229908823967,0.018373588100075722
045,4MIDD_085_170,32,0.023876992985606194,0.014007814228534698,-0.0049345893785357475,0.018942403607070446
045,4MIDD_085_170,33,0.024534355849027634,0.014498742297291756,-0.005017806775867939,0.019516549073159695
045,4MIDD_085_170,34,0.02517266571521759,0.014987992122769356,-0.005092336796224117,0.020080328918993473
045,4MIDD_085_170,35,0.025757120922207832,0.015496157109737396,-0.005130481906235218,0.020626639015972614
045,4MIDD_085_170,36,0.026334410533308983,0.016011657193303108,-0.005161376670002937,0.021173033863306046
045,4MIDD_085_170,37,0.02687920443713665,0.016521669924259186,-0.005178767256438732,0.021700437180697918
045,4MIDD_085_170,38,0.027391010895371437,0.01702580414712429,-0.005182603374123573,0.022208407521247864
045,4MIDD_085_170,39,0.027885649353265762,0.017520004883408546,-0.005182822234928608,0.022702827118337154
045,4MIDD_085_170,40,0.0283809807151556,0.01801837608218193,-0.0051813023164868355,0.023199678398668766
045,4MIDD_085_170,41,0.02887265384197235,0.018514784052968025,-0.005178934894502163,0.023693718947470188
045,4MIDD_085_170,42,0.029342617839574814,0.01900743506848812,-0.005167591385543346,0.024175026454031467
045,4MIDD_085_170,43,0.02979671023786068,0.019500888884067535,-0.005147910676896572,0.024648799560964108
045,4MIDD_085_170,44,0.0302432868629694,0.01999412104487419,-0.005124582909047604,0.025118703953921795
045,4MIDD_085_170,45,0.03069094382226467,0.020479846745729446,-0.0051055485382676125,0.02558539528399706
045,4MIDD_085_170,46,0.031140953302383423,0.020956026390194893,-0.005092463456094265,0.026048489846289158
045,4MIDD_085_170,47,0.03158164396882057,0.021417582407593727,-0.005082030780613422,0.02649961318820715
045,4MIDD_085_170,48,0.032000262290239334,0.021865785121917725,-0.005067238584160805,0.02693302370607853
045,4MIDD_085_170,49,0.0324060320854187,0.022288452833890915,-0.005058789625763893,0.027347242459654808
046,3MIDD_048,0,-0.004910605028271675,-0.00449261674657464,0.00020899414084851742,-0.004701610887423158
046,3MIDD_048,1,-0.006559673231095076,-0.005379475187510252,0.0005900990217924118,-0.005969574209302664
046,3MIDD_048,2,-0.007716851308941841,-0.005979688372462988,0.0008685814682394266,-0.0068482698407024145
046,3MIDD_048,3,-0.00731632998213172,-0.004884281195700169,0.0012160243932157755,-0.006100305588915944
046,3MIDD_048,4,-0.006283687427639961,-0.0037867596838623285,0.0012484638718888164,-0.005035223555751145
046,3MIDD_048,5,-0.00503193773329258,-0.0033616446889936924,0.0008351465221494436,-0.004196791211143136
046,3MIDD_048,6,-0.004723976366221905,-0.0037134529557079077,0.0005052617052569985,-0.004218714660964906
046,3MIDD_048,7,-0.00466944882646203,-0.003820691956207156,0.0004243784351274371,-0.004245070391334593
046,3MIDD_048,8,-0.005246755201369524,-0.003922723233699799,0.0006620159838348627,-0.004584739217534661
046,3MIDD_048,9,-0.005914230365306139,-0.004372477997094393,0.0007708761841058731,-0.005143354181200266
046,3MIDD_048,10,-0.0067039900459349155,-0.00513054896146059,0.0007867205422371626,-0.005917269503697753
046,3MIDD_048,11,-0.006961076986044645,-0.005710259545594454,0.0006254087202250957,-0.0063356682658195496
046,3MIDD_048,12,-0.0072907377034425735,-0.006516621448099613,0.0003870581276714802,-0.006903679575771093
046,3MIDD_048,13,-0.00801029521971941,-0.00785186979919672,7.921271026134491e-05,-0.007931082509458065
046,3MIDD_048,14,-0.009126005694270134,-0.009319808334112167,-9.690131992101669e-05,-0.00922290701419115
046,3MIDD_048,15,-0.00999502744525671,-0.010392030701041222,-0.00019850162789225578,-0.010193529073148966
046,3MIDD_048,16,-0.010412178002297878,-0.010894663631916046,-0.00024124281480908394,-0.010653420817106962
046,3MIDD_048,17,-0.01052532996982336,-0.010931720025837421,-0.0002031950280070305,-0.010728524997830391
046,3MIDD_048,18,-0.010562799870967865,-0.01099122129380703,-0.00021421071141958237,-0.010777010582387447
046,3MIDD_048,19,-0.010443535633385181,-0.011182750575244427,-0.00036960747092962265,-0.010813143104314804
046,3MIDD_048,20,-0.010327750816941261,-0.011319642886519432,-0.0004959460347890854,-0.010823696851730347
046,3MIDD_048,21,-0.01020039152354002,-0.011250334791839123,-0.0005249716341495514,-0.010725363157689571
046,3MIDD_048,22,-0.010195156559348106,-0.011291625909507275,-0.0005482346750795841,-0.01074339123442769
046,3MIDD_048,23,-0.010334317572414875,-0.011603393591940403,-0.000634538009762764,-0.010968855582177639
046,3MIDD_048,24,-0.010553861036896706,-0.01203659363090992,-0.0007413662970066071,-0.011295227333903313
046,3MIDD_048,25,-0.010781065560877323,-0.012393083423376083,-0.0008060089312493801,-0.011587074492126703
046,3MIDD_048,26,-0.011039676144719124,-0.012603850103914738,-0.0007820869795978069,-0.01182176312431693
046,3MIDD_048,27,-0.011343903839588165,-0.012812579981982708,-0.0007343380711972713,-0.012078241910785437
046,3MIDD_048,28,-0.011635142378509045,-0.013172222301363945,-0.0007685399614274502,-0.012403682339936495
046,3MIDD_048,29,-0.011833456344902515,-0.01358259841799736,-0.0008745710365474224,-0.012708027381449938
046,3MIDD_048,30,-0.011915725655853748,-0.013892295770347118,-0.000988285057246685,-0.012904010713100433
046,3MIDD_048,31,-0.011915194801986217,-0.014101993292570114,-0.0010933992452919483,-0.013008594047278166
046,3MIDD_048,32,-0.011959918774664402,-0.01430915854871273,-0.0011746198870241642,-0.013134538661688566
046,3MIDD_048,33,-0.0121158417314291,-0.01459749136120081,-0.0012408248148858547,-0.013356666546314955
046,3MIDD_048,34,-0.012326694093644619,-0.014900857582688332,-0.0012870817445218563,-0.013613775838166475
046,3MIDD_048,35,-0.012508900836110115,-0.015185324475169182,-0.0013382118195295334,-0.013847112655639648
046,3MIDD_048,36,-0.012662791647017002,-0.015405364334583282,-0.0013712863437831402,-0.014034077990800142
046,3MIDD_048,37,-0.012799102813005447,-0.01557913888245821,-0.0013900180347263813,-0.014189120847731829
046,3MIDD_048,38,-0.01290440745651722,-0.0157362949103117,-0.0014159437268972397,-0.01432035118341446
046,3MIDD_048,39,-0.012973430566489697,-0.015854815021157265,-0.001440692227333784,-0.01441412279382348
046,3MIDD_048,40,-0.01298503577709198,-0.015916045755147934,-0.001465504989027977,-0.014450540766119957
046,3MIDD_048,41,-0.01296241395175457,-0.015931986272335052,-0.0014847861602902412,-0.014447200112044811
046,3MIDD_048,42,-0.01294827088713646,-0.015916865319013596,-0.0014842972159385681,-0.014432568103075027
046,3MIDD_048,43,-0.01294915284961462,-0.015874652191996574,-0.001462749671190977,-0.014411902520805597
046,3MIDD_048,44,-0.012943509966135025,-0.01583642140030861,-0.001446455717086792,-0.014389965683221817
046,3MIDD_048,45,-0.012867406010627747,-0.015780646353960037,-0.0014566201716661453,-0.014324026182293892
046,3MIDD_048,46,-0.012747335247695446,-0.015690792351961136,-0.001471728552132845,-0.014219063799828291
046,3MIDD_048,47,-0.012592547573149204,-0.015593212097883224,-0.0015003322623670101,-0.014092879835516214
046,3MIDD_048,48,-0.012464102357625961,-0.015472844243049622,-0.0015043709427118301,-0.013968473300337791
046,3MIDD_048,49,-0.012275313027203083,-0.015284211374819279,-0.0015044491738080978,-0.013779762201011181
046,3MIDD_207,0,0.005399705842137337,-0.0003881285374518484,-0.0028939171897945926,0.002505788652342744
046,3MIDD_207,1,0.004205565899610519,-0.0014572925865650177,-0.0028314292430877686,0.0013741366565227509
046,3MIDD_207,2,0.0027191864792257547,-0.0029503866098821163,-0.0028347865445539355,-0.00011560006532818079
046,3MIDD_207,3,0.0006945081404410303,-0.00431527104228735,-0.00250488959136419,-0.0018103814509231597
046,3MIDD_207,4,-0.0009233280434273183,-0.004790978971868753,-0.0019338254642207175,-0.002857153507648036
046,3MIDD_207,5,-0.0012488046195358038,-0.004829029086977243,-0.0017901122337207198,-0.0030389168532565236
046,3MIDD_207,6,-0.0018458523554727435,-0.005971847102046013,-0.0020629973732866347,-0.003908849728759378
046,3MIDD_207,7,-0.002622653730213642,-0.0073406328447163105,-0.002358989557251334,-0.004981643287464976
046,3MIDD_207,8,-0.0034774846863001585,-0.00835299864411354,-0.002437756978906691,-0.00591524166520685
046,3MIDD_207,9,-0.004328437615185976,-0.008809366263449192,-0.002240464324131608,-0.006568901939317584
046,3MIDD_207,10,-0.005473266821354628,-0.009414789266884327,-0.0019707612227648497,-0.007444028044119477
046,3MIDD_207,11,-0.0067803566344082355,-0.010284816846251488,-0.001752230105921626,-0.008532586740329862
046,3MIDD_207,12,-0.008099118247628212,-0.011347559280693531,-0.0016242205165326595,-0.009723338764160872
046,3MIDD_207,13,-0.009212395176291466,-0.012338545173406601,-0.0015630749985575676,-0.010775470174849033
046,3MIDD_207,14,-0.010107333771884441,-0.013280974701046944,-0.0015868204645812511,-0.011694154236465693
046,3MIDD_207,15,-0.010661790147423744,-0.013950984925031662,-0.001644597388803959,-0.012306387536227703
046,3MIDD_207,16,-0.010935651138424873,-0.014326365664601326,-0.0016953572630882263,-0.0126310084015131
046,3MIDD_207,17,-0.010910271666944027,-0.014504093676805496,-0.0017969110049307346,-0.012707182671874762
046,3MIDD_207,18,-0.010910066775977612,-0.01462580356746912,-0.0018578683957457542,-0.012767935171723366
046,3MIDD_207,19,-0.010981489904224873,-0.01474230457097292,-0.0018804073333740234,-0.012861897237598896
046,3MIDD_207,20,-0.011210942640900612,-0.015031654387712479,-0.0019103558734059334,-0.013121298514306545
046,3MIDD_207,21,-0.01144872885197401,-0.015403400175273418,-0.001977335661649704,-0.013426064513623714
046,3MIDD_207,22,-0.011726482771337032,-0.015827368944883347,-0.002050443086773157,-0.01377692585811019
046,3MIDD_207,23,-0.012048420496284962,-0.016246328130364418,-0.002098953817039728,-0.01414737431332469
046,3MIDD_207,24,-0.012361048720777035,-0.016619663685560226,-0.002129307482391596,-0.01449035620316863
046,3MIDD_207,25,-0.012605894356966019,-0.016871459782123566,-0.0021327827125787735,-0.014738677069544792
046,3MIDD_207,26,-0.012784094549715519,-0.017009491100907326,-0.0021126982755959034,-0.014896792825311422
046,3MIDD_207,27,-0.012871166691184044,-0.01702163740992546,-0.0020752353593707085,-0.014946402050554752
046,3MIDD_207,28,-0.012908827513456345,-0.016972152516245842,-0.0020316625013947487,-0.014940490014851093
046,3MIDD_207,29,-0.012932662852108479,-0.01690097711980343,-0.001984157133847475,-0.014916819985955954
046,3MIDD_207,30,-0.012911413796246052,-0.016867484897375107,-0.0019780355505645275,-0.01488944934681058
046,3MIDD_207,31,-0.012863119132816792,-0.016818905249238014,-0.0019778930582106113,-0.014841012191027403
046,3MIDD_207,32,-0.012804355472326279,-0.016784239560365677,-0.001989942044019699,-0.014794297516345978
046,3MIDD_207,33,-0.012795880436897278,-0.01671202853322029,-0.0019580740481615067,-0.014753954485058784
046,3MIDD_207,34,-0.012820190750062466,-0.016609804704785347,-0.0018948069773614407,-0.014714997727423906
046,3MIDD_207,35,-0.01285297330468893,-0.016502516344189644,-0.0018247715197503567,-0.014677744824439287
046,3MIDD_207,36,-0.012835611589252949,-0.01640540547668934,-0.001784896943718195,-0.014620508532971144
046,3MIDD_207,37,-0.012791349552571774,-0.01631254516541958,-0.0017605978064239025,-0.014551947358995676
046,3MIDD_207,38,-0.012722009792923927,-0.01620555855333805,-0.0017417743802070618,-0.014463784173130989
046,3MIDD_207,39,-0.012627008371055126,-0.01604442484676838,-0.0017087082378566265,-0.014335716608911753
046,3MIDD_207,40,-0.012499060481786728,-0.015836533159017563,-0.0016687363386154175,-0.014167796820402145
046,3MIDD_207,41,-0.012318029068410397,-0.015600655227899551,-0.0016413130797445774,-0.013959342148154974
046,3MIDD_207,42,-0.012110148556530476,-0.015374180860817432,-0.0016320161521434784,-0.013742164708673954
046,3MIDD_207,43,-0.011915295384824276,-0.015194798819720745,-0.0016397517174482346,-0.01355504710227251
046,3MIDD_207,44,-0.011764023452997208,-0.015072192996740341,-0.0016540847718715668,-0.013418108224868774
046,3MIDD_207,45,-0.011659689247608185,-0.014981906861066818,-0.0016611088067293167,-0.013320798054337502
046,3MIDD_207,46,-0.011582483537495136,-0.014905724674463272,-0.001661620568484068,-0.013244104105979204
046,3MIDD_207,47,-0.011512434110045433,-0.014816170558333397,-0.001651868224143982,-0.013164302334189415
046,3MIDD_207,48,-0.011436881497502327,-0.01471338327974081,-0.0016382508911192417,-0.013075132388621569
046,3MIDD_207,49,-0.011355193331837654,-0.014584980905056,-0.0016148937866091728,-0.012970087118446827
046,4MIDD_085_170,0,-0.005308087915182114,-0.002081839833408594,0.0016131240408867598,-0.003694963874295354
046,4MIDD_085_170,1,-0.005239555146545172,-0.0026970203034579754,0.0012712674215435982,-0.0039682877250015736
046,4MIDD_085_170,2,-0.005990177392959595,-0.0036065797321498394,0.0011917988304048777,-0.004798378562554717
046,4MIDD_085_170,3,-0.007015964016318321,-0.004009719472378492,0.0015031222719699144,-0.005512841744348407
046,4MIDD_085_170,4,-0.007362320553511381,-0.003350905841216445,0.002005707356147468,-0.005356613197363913
046,4MIDD_085_170,5,-0.0066072954796254635,-0.0021346325520426035,0.00223633146379143,-0.0043709640158340335
046,4MIDD_085_170,6,-0.006633494049310684,-0.0021870536729693413,0.0022232201881706715,-0.004410273861140013
046,4MIDD_085_170,7,-0.006791865453124046,-0.002749826293438673,0.0020210195798426867,-0.00477084587328136
046,4MIDD_085_170,8,-0.006784013472497463,-0.003244861727580428,0.0017695758724585176,-0.005014437600038946
046,4MIDD_085_170,9,-0.006388304755091667,-0.003278618212789297,0.001554843271151185,-0.004833461483940482
046,4MIDD_085_170,10,-0.006146343424916267,-0.0032743436750024557,0.0014359998749569058,-0.0047103435499593616
046,4MIDD_085_170,11,-0.006018092855811119,-0.003313592402264476,0.0013522502267733216,-0.0046658426290377975
046,4MIDD_085_170,12,-0.0061011360958218575,-0.003550146007910371,0.0012754950439557433,-0.004825641051866114
046,4MIDD_085_170,13,-0.006140171084553003,-0.0038761645555496216,0.0011320032645016909,-0.0050081678200513124
046,4MIDD_085_170,14,-0.006079754326492548,-0.004148505628108978,0.0009656243491917849,-0.005114129977300763
046,4MIDD_085_170,15,-0.005785007029771805,-0.004253491759300232,0.0007657576352357864,-0.005019249394536018
046,4MIDD_085_170,16,-0.005498794373124838,-0.004170809872448444,0.0006639922503381968,-0.004834802122786641
046,4MIDD_085_170,17,-0.005384860560297966,-0.003918177913874388,0.0007333413232117891,-0.004651519237086177
046,4MIDD_085_170,18,-0.0055046482011675835,-0.0037421900779008865,0.0008812290616333485,-0.004623419139534235
046,4MIDD_085_170,19,-0.00570538779720664,-0.0037026875652372837,0.0010013501159846783,-0.004704037681221962
046,4MIDD_085_170,20,-0.005909659434109926,-0.00380811863578856,0.0010507703991606832,-0.004858889034949243
046,4MIDD_085_170,21,-0.006061873864382505,-0.0039316522888839245,0.0010651107877492905,-0.004996763076633215
046,4MIDD_085_170,22,-0.0062308707274496555,-0.004093578085303307,0.0010686463210731745,-0.005162224406376481
046,4MIDD_085_170,23,-0.006421288475394249,-0.004291243385523558,0.0010650225449353456,-0.005356265930458903
046,4MIDD_085_170,24,-0.006603027228266001,-0.00449673505499959,0.0010531460866332054,-0.005549881141632795
046,4MIDD_085_170,25,-0.006739291362464428,-0.004647818394005299,0.0010457364842295647,-0.005693554878234863
046,4MIDD_085_170,26,-0.006884831935167313,-0.004736345261335373,0.0010742433369159698,-0.005810588598251343
046,4MIDD_085_170,27,-0.0070531633682549,-0.004784244578331709,0.0011344593949615955,-0.0059187039732933044
046,4MIDD_085_170,28,-0.007213143166154623,-0.004859232343733311,0.0011769554112106562,-0.006036187754943967
046,4MIDD_085_170,29,-0.0073791081085801125,-0.0049709174782037735,0.0012040953151881695,-0.006175012793391943
046,4MIDD_085_170,30,-0.0075960829854011536,-0.005096801556646824,0.0012496407143771648,-0.006346442271023989
046,4MIDD_085_170,31,-0.00783675629645586,-0.005256490781903267,0.0012901327572762966,-0.0065466235391795635
046,4MIDD_085_170,32,-0.008064067922532558,-0.005430258344858885,0.0013169047888368368,-0.006747163133695722
046,4MIDD_085_170,33,-0.00825261976569891,-0.005642085336148739,0.0013052672147750854,-0.006947352550923824
046,4MIDD_085_170,34,-0.008426648564636707,-0.005867287050932646,0.0012796807568520308,-0.0071469678077846766
046,4MIDD_085_170,35,-0.00857700314372778,-0.006076097022742033,0.0012504530604928732,-0.007326550083234906
046,4MIDD_085_170,36,-0.008708580397069454,-0.006240761838853359,0.0012339092791080475,-0.007474671117961407
046,4MIDD_085_170,37,-0.008816337212920189,-0.006357766222208738,0.0012292854953557253,-0.007587051717564464
046,4MIDD_085_170,38,-0.008891248144209385,-0.006443488877266645,0.0012238796334713697,-0.007667368510738015
046,4MIDD_085_170,39,-0.008972516283392906,-0.006516791880130768,0.0012278622016310692,-0.007744654081761837
046,4MIDD_085_170,40,-0.009054696187376976,-0.0065637934021651745,0.0012454513926059008,-0.007809244794771075
046,4MIDD_085_170,41,-0.009112052619457245,-0.006590886972844601,0.001260582823306322,-0.007851469796150923
046,4MIDD_085_170,42,-0.009133784100413322,-0.006611951161175966,0.001260916469618678,-0.007872867630794644
046,4MIDD_085_170,43,-0.009156097657978535,-0.006627562455832958,0.0012642676010727882,-0.007891830056905746
046,4MIDD_085_170,44,-0.009217911399900913,-0.006651814095675945,0.001283048652112484,-0.00793486274778843
046,4MIDD_085_170,45,-0.009283001534640789,-0.00669215340167284,0.0012954240664839745,-0.007987577468156815
046,4MIDD_085_170,46,-0.009298843331634998,-0.006718283053487539,0.0012902801390737295,-0.008008563192561269
046,4MIDD_085_170,47,-0.009269285947084427,-0.006736443378031254,0.0012664212845265865,-0.00800286466255784
046,4MIDD_085_170,48,-0.009210755117237568,-0.006718878634274006,0.001245938241481781,-0.007964816875755787
046,4MIDD_085_170,49,-0.009152714163064957,-0.006667464971542358,0.0012426245957612991,-0.007910089567303658
047,3MIDD_048,0,-0.0030724434182047844,-0.021134236827492714,-0.009030896704643965,-0.01210334012284875
047,3MIDD_048,1,-0.0028699440881609917,-0.021249622106552124,-0.009189839009195566,-0.012059783097356558
047,3MIDD_048,2,-0.0027947307098656893,-0.021200207993388176,-0.009202738641761243,-0.011997469351626933
047,3MIDD_048,3,-0.0023128946777433157,-0.020716741681098938,-0.009201923501677811,-0.011514818179421127
047,3MIDD_048,4,-0.0021926320623606443,-0.020546121522784233,-0.009176744730211794,-0.011369376792572439
047,3MIDD_048,5,-0.0025214320048689842,-0.02051733247935772,-0.008997950237244368,-0.011519382242113352
047,3MIDD_048,6,-0.003201737068593502,-0.020495673641562462,-0.00864696828648448,-0.011848705355077982
047,3MIDD_048,7,-0.003862529993057251,-0.02038140781223774,-0.008259438909590244,-0.012121968902647495
047,3MIDD_048,8,-0.004368389490991831,-0.020299406722187996,-0.007965508615598083,-0.012333898106589913
047,3MIDD_048,9,-0.004773138090968132,-0.02036057412624359,-0.00779371801763773,-0.012566856108605862
047,3MIDD_048,10,-0.005205835215747356,-0.020511789247393608,-0.007652977015823126,-0.012858812231570482
047,3MIDD_048,11,-0.005595470778644085,-0.020685505121946335,-0.007545017171651125,-0.01314048795029521
047,3MIDD_048,12,-0.005966051481664181,-0.020835842937231064,-0.0074348957277834415,-0.013400947209447622
047,3MIDD_048,13,-0.006296128965914249,-0.020963415503501892,-0.007333643268793821,-0.01362977223470807
047,3MIDD_048,14,-0.006539674010127783,-0.02111021801829338,-0.007285272004082799,-0.013824946014210582
047,3MIDD_048,15,-0.006710015702992678,-0.021223993971943855,-0.007256989134475589,-0.013967004837468266
047,3MIDD_048,16,-0.006871314253658056,-0.02128475159406662,-0.007206718670204282,-0.014078032923862338
047,3MIDD_048,17,-0.007006512489169836,-0.021282633766531944,-0.007138060638681054,-0.01414457312785089
047,3MIDD_048,18,-0.007092961110174656,-0.021253330633044243,-0.0070801847614347935,-0.01417314587160945
047,3MIDD_048,19,-0.0071350084617733955,-0.021136805415153503,-0.007000898476690054,-0.01413590693846345
047,3MIDD_048,20,-0.007128066383302212,-0.021002793684601784,-0.006937363650649786,-0.014065430033951998
047,3MIDD_048,21,-0.007090366445481777,-0.020890766754746437,-0.00690020015463233,-0.013990566600114107
047,3MIDD_048,22,-0.0070414356887340546,-0.020825853571295738,-0.006892208941280842,-0.013933644630014896
047,3MIDD_048,23,-0.00699271634221077,-0.0208123866468668,-0.006909835152328014,-0.013902551494538784
047,3MIDD_048,24,-0.006927683018147945,-0.02081720530986786,-0.006944761145859957,-0.013872444164007902
047,3MIDD_048,25,-0.006845919881016016,-0.020811155438423157,-0.00698261777870357,-0.013828537659719586
047,3MIDD_048,26,-0.0067542241886258125,-0.020833073183894157,-0.0070394244976341724,-0.013793648686259985
047,3MIDD_048,27,-0.006672483403235674,-0.020878279581665993,-0.007102898089215159,-0.013775381492450833
047,3MIDD_048,28,-0.006596320774406195,-0.02093217521905899,-0.007167927222326398,-0.013764247996732593
047,3MIDD_048,29,-0.006531632039695978,-0.020983222872018814,-0.007225795416161418,-0.013757427455857396
047,3MIDD_048,30,-0.006478899158537388,-0.021006086841225624,-0.007263593841344118,-0.013742492999881506
047,3MIDD_048,31,-0.006441619712859392,-0.021069271489977837,-0.007313825888559222,-0.013755445601418614
047,3MIDD_048,32,-0.0064238291233778,-0.021136291325092316,-0.007356231100857258,-0.013780060224235058
047,3MIDD_048,33,-0.006422864738851786,-0.02120313048362732,-0.007390132872387767,-0.013812997611239552
047,3MIDD_048,34,-0.006432471796870232,-0.021254274994134903,-0.007410901598632336,-0.013843373395502567
047,3MIDD_048,35,-0.006434859242290258,-0.02127649448812008,-0.00742081762291491,-0.013855676865205169
047,3MIDD_048,36,-0.006438110489398241,-0.021267348900437355,-0.007414619205519557,-0.013852729694917798
047,3MIDD_048,37,-0.0064489636570215225,-0.021242298185825348,-0.007396667264401913,-0.013845630921423435
047,3MIDD_048,38,-0.006466998253017664,-0.021203847602009773,-0.007368424674496055,-0.013835422927513719
047,3MIDD_048,39,-0.006484386045485735,-0.02114454284310341,-0.007330078398808837,-0.013814464444294572
047,3MIDD_048,40,-0.00650202389806509,-0.021071620285511017,-0.007284798193722963,-0.013786822091788054
047,3MIDD_048,41,-0.006515772081911564,-0.020993879064917564,-0.007239053491503,-0.013754825573414564
047,3MIDD_048,42,-0.006522699724882841,-0.020920274779200554,-0.007198787527158856,-0.013721487252041698
047,3MIDD_048,43,-0.006525589618831873,-0.02085958421230316,-0.007166997296735644,-0.013692586915567517
047,3MIDD_048,44,-0.006529747974127531,-0.020815329626202583,-0.007142790826037526,-0.013672538800165057
047,3MIDD_048,45,-0.006533397827297449,-0.02076677791774273,-0.00711669004522264,-0.01365008787252009
047,3MIDD_048,46,-0.006537668872624636,-0.020713016390800476,-0.00708767375908792,-0.013625342631712556
047,3MIDD_048,47,-0.006540242582559586,-0.02066543512046337,-0.007062596268951893,-0.013602838851511478
047,3MIDD_048,48,-0.006539663765579462,-0.020621251314878464,-0.007040793774649501,-0.013580457540228963
047,3MIDD_048,49,-0.0065396311692893505,-0.020575564354658127,-0.007017966592684388,-0.013557597761973739
047,3MIDD_207,0,-0.0026502739638090134,0.006654237862676382,0.004652255913242698,0.0020019819494336843
047,3MIDD_207,1,-0.0023188490886241198,0.0065811085514724255,0.004449978820048273,0.002131129731424153
047,3MIDD_207,2,-0.0025339885614812374,0.00637730211019516,0.004455645335838199,0.0019216567743569613
047,3MIDD_207,3,-0.003075239947065711,0.006349657662212849,0.00471244880463928,0.0016372088575735688
047,3MIDD_207,4,-0.0033428333699703217,0.006627051625400782,0.004984942497685552,0.00164210912771523
047,3MIDD_207,5,-0.003313360270112753,0.006844250950962305,0.005078805610537529,0.001765445340424776
047,3MIDD_207,6,-0.002754117827862501,0.006931200623512268,0.004842659225687385,0.0020885413978248835
047,3MIDD_207,7,-0.0021423338912427425,0.006854939740151167,0.004498636815696955,0.002356302924454212
047,3MIDD_207,8,-0.0017986181192100048,0.006622522138059139,0.004210570128634572,0.0024119520094245672
047,3MIDD_207,9,-0.0017316846642643213,0.006447541993111372,0.004089613328687847,0.0023579286644235253
047,3MIDD_207,10,-0.001741389511153102,0.006438788026571274,0.004090088768862188,0.002348699257709086
047,3MIDD_207,11,-0.0017452547326683998,0.006532118655741215,0.004138686694204807,0.0023934319615364075
047,3MIDD_207,12,-0.001757938414812088,0.006593589670956135,0.004175764042884111,0.0024178256280720234
047,3MIDD_207,13,-0.0017899167723953724,0.00657216040417552,0.004181038588285446,0.0023911218158900738
047,3MIDD_207,14,-0.001842933939769864,0.00648904824629426,0.004165991093032062,0.002323057153262198
047,3MIDD_207,15,-0.001894183224067092,0.006386869121342897,0.004140526172704995,0.0022463429486379027
047,3MIDD_207,16,-0.001908765290863812,0.0062995669431984425,0.004104166117031127,0.0021954008261673152
047,3MIDD_207,17,-0.0019324161112308502,0.006194918882101774,0.004063667496666312,0.002131251385435462
047,3MIDD_207,18,-0.0019185978453606367,0.0060994578525424,0.0040090278489515185,0.002090430003590882
047,3MIDD_207,19,-0.001911784172989428,0.0060096317902207375,0.003960707981605083,0.0020489238086156547
047,3MIDD_207,20,-0.0019130290020257235,0.0059516411274671555,0.0039323350647464395,0.002019306062720716
047,3MIDD_207,21,-0.0019363793544471264,0.0058917454443871975,0.003914062399417162,0.0019776830449700356
047,3MIDD_207,22,-0.0019813955295830965,0.005825805943459272,0.0039036007365211844,0.001922205206938088
047,3MIDD_207,23,-0.002028556540608406,0.005745332222431898,0.003886944381520152,0.001858387840911746
047,3MIDD_207,24,-0.002062819665297866,0.005612080451101065,0.0038374500581994653,0.0017746303929015994
047,3MIDD_207,25,-0.002097581746056676,0.005477444268763065,0.0037875130074098706,0.0016899312613531947
047,3MIDD_207,26,-0.002140937140211463,0.005352296866476536,0.0037466170033439994,0.0016056798631325364
047,3MIDD_207,27,-0.0021905943285673857,0.005233266856521368,0.003711930592544377,0.0015213362639769912
047,3MIDD_207,28,-0.0022443875204771757,0.005116707179695368,0.0036805473500862718,0.001436159829609096
047,3MIDD_207,29,-0.002306742826476693,0.004996879026293755,0.003651810926385224,0.0013450680999085307
047,3MIDD_207,30,-0.002370464848354459,0.004880767315626144,0.0036256160819903016,0.0012551512336358428
047,3MIDD_207,31,-0.002422688528895378,0.004762434866279364,0.003592561697587371,0.0011698731686919928
047,3MIDD_207,32,-0.0024688118137419224,0.004592597484588623,0.0035307046491652727,0.0010618928354233503
047,3MIDD_207,33,-0.0025118489284068346,0.00444840406998992,0.003480126499198377,0.0009682775707915425
047,3MIDD_207,34,-0.002555805491283536,0.004339125938713551,0.0034474657149985433,0.0008916602237150073
047,3MIDD_207,35,-0.0025945231318473816,0.0042940410785377026,0.003444282105192542,0.0008497589733451605
047,3MIDD_207,36,-0.002628902904689312,0.004296204075217247,0.0034625534899532795,0.0008336505852639675
047,3MIDD_207,37,-0.0026618242263793945,0.004306796472519636,0.0034843103494495153,0.0008224861230701208
047,3MIDD_207,38,-0.002696602139621973,0.004323385655879974,0.0035099938977509737,0.0008133917581290007
047,3MIDD_207,39,-0.0027314857579767704,0.0043416409753263,0.003536563366651535,0.0008050776086747646
047,3MIDD_207,40,-0.0027610878460109234,0.004363455343991518,0.0035622715950012207,0.0008011837489902973
047,3MIDD_207,41,-0.0027822772972285748,0.0043924483470618725,0.0035873628221452236,0.0008050855249166489
047,3MIDD_207,42,-0.002807177370414138,0.004415301606059074,0.003611239488236606,0.0008040621178224683
047,3MIDD_207,43,-0.0028433920815587044,0.0044276099652051926,0.0036355010233819485,0.0007921089418232441
047,3MIDD_207,44,-0.0028930630069226027,0.004442157689481974,0.003667610348202288,0.0007745473412796855
047,3MIDD_207,45,-0.0029483982361853123,0.004457138944417238,0.0037027685903012753,0.000754370354115963
047,3MIDD_207,46,-0.0030079809948801994,0.00447005033493042,0.0037390156649053097,0.0007310346700251102
047,3MIDD_207,47,-0.0030625746585428715,0.004475428722798824,0.003769001690670848,0.0007064270321279764
047,3MIDD_207,48,-0.0031060841865837574,0.004471557680517435,0.0037888209335505962,0.0006827367469668388
047,3MIDD_207,49,-0.0031445054337382317,0.004462103359401226,0.003803304396569729,0.0006587989628314972
047,4MIDD_085_170,0,-0.013053790666162968,-0.003479840699583292,0.004786974983289838,-0.00826681568287313
047,4MIDD_085_170,1,-0.012774546630680561,-0.003548374166712165,0.004613086231984198,-0.008161460398696363
047,4MIDD_085_170,2,-0.012788963504135609,-0.0037789379712194204,0.004505012766458094,-0.008283950737677515
047,4MIDD_085_170,3,-0.012850884348154068,-0.0038690990768373013,0.004490892635658383,-0.008359991712495685
047,4MIDD_085_170,4,-0.012818329967558384,-0.004136921837925911,0.0043407040648162365,-0.008477625902742147
047,4MIDD_085_170,5,-0.01288225594907999,-0.004582672379910946,0.004149791784584522,-0.008732464164495468
047,4MIDD_085_170,6,-0.012941443361341953,-0.005056001245975494,0.0039427210576832294,-0.008998722303658724
047,4MIDD_085_170,7,-0.01294057909399271,-0.005503870081156492,0.003718354506418109,-0.009222224587574601
047,4MIDD_085_170,8,-0.012860508635640144,-0.005917914677411318,0.0034712969791144133,-0.009389211656525731
047,4MIDD_085_170,9,-0.012821555137634277,-0.006218453403562307,0.003301550867035985,-0.009520004270598292
047,4MIDD_085_170,10,-0.0128713920712471,-0.006396830547600985,0.003237280761823058,-0.009634111309424043
047,4MIDD_085_170,11,-0.012985256500542164,-0.006533164996653795,0.0032260457519441843,-0.00975921074859798
047,4MIDD_085_170,12,-0.013114077039062977,-0.006661024410277605,0.003226526314392686,-0.009887550724670291
047,4MIDD_085_170,13,-0.01320994645357132,-0.006768902763724327,0.0032205218449234962,-0.009989424608647823
047,4MIDD_085_170,14,-0.013299397192895412,-0.006853520404547453,0.0032229383941739798,-0.010076458798721433
047,4MIDD_085_170,15,-0.013362213969230652,-0.006901249289512634,0.003230482339859009,-0.010131731629371643
047,4MIDD_085_170,16,-0.013388273306190968,-0.006913422141224146,0.003237425582483411,-0.010150847723707557
047,4MIDD_085_170,17,-0.013424846343696117,-0.006924487184733152,0.0032501795794814825,-0.010174666764214635
047,4MIDD_085_170,18,-0.013467247597873211,-0.006950792390853167,0.003258227603510022,-0.010209019994363189
047,4MIDD_085_170,19,-0.013503006659448147,-0.006989043205976486,0.0032569817267358303,-0.010246024932712317
047,4MIDD_085_170,20,-0.013525418937206268,-0.007034969050437212,0.003245224943384528,-0.01028019399382174
047,4MIDD_085_170,21,-0.013528730720281601,-0.007069710176438093,0.003229510271921754,-0.010299220448359847
047,4MIDD_085_170,22,-0.013521077111363411,-0.007107778452336788,0.0032066493295133114,-0.0103144277818501
047,4MIDD_085_170,23,-0.013495633378624916,-0.007168543059378862,0.003163545159623027,-0.01033208821900189
047,4MIDD_085_170,24,-0.013458766043186188,-0.007239023223519325,0.0031098714098334312,-0.010348894633352757
047,4MIDD_085_170,25,-0.013428649865090847,-0.007303351536393166,0.0030626491643488407,-0.010366000700742006
047,4MIDD_085_170,26,-0.013413669541478157,-0.007360696792602539,0.003026486374437809,-0.010387183167040348
047,4MIDD_085_170,27,-0.013404947705566883,-0.007414592895656824,0.0029951774049550295,-0.010409770300611854
047,4MIDD_085_170,28,-0.013375244103372097,-0.007467619609087706,0.0029538122471421957,-0.010421431856229901
047,4MIDD_085_170,29,-0.013338088057935238,-0.007519042119383812,0.002909522969275713,-0.010428565088659525
047,4MIDD_085_170,30,-0.013299079611897469,-0.007582012563943863,0.002858533523976803,-0.010440546087920666
047,4MIDD_085_170,31,-0.013268456794321537,-0.00764757115393877,0.0028104428201913834,-0.010458013974130154
047,4MIDD_085_170,32,-0.01324514951556921,-0.0077156913466751575,0.0027647290844470263,-0.010480420431122184
047,4MIDD_085_170,33,-0.013221176341176033,-0.007782884407788515,0.002719145966693759,-0.010502030374482274
047,4MIDD_085_170,34,-0.013172056525945663,-0.007850312627851963,0.00266087194904685,-0.010511184576898813
047,4MIDD_085_170,35,-0.013122164644300938,-0.007913303561508656,0.002604430541396141,-0.010517734102904797
047,4MIDD_085_170,36,-0.013071039691567421,-0.007965486496686935,0.0025527765974402428,-0.010518263094127178
047,4MIDD_085_170,37,-0.013022159226238728,-0.00801011547446251,0.002506021875888109,-0.010516137350350618
047,4MIDD_085_170,38,-0.012982488609850407,-0.00805071834474802,0.0024658851325511932,-0.010516603477299213
047,4MIDD_085_170,39,-0.012952997349202633,-0.008091079071164131,0.002430959139019251,-0.010522038210183382
047,4MIDD_085_170,40,-0.012932507321238518,-0.008127594366669655,0.0024024564772844315,-0.010530050843954086
047,4MIDD_085_170,41,-0.012915967963635921,-0.008159052580595016,0.0023784576915204525,-0.010537510272115469
047,4MIDD_085_170,42,-0.012899931520223618,-0.008183414116501808,0.0023582587018609047,-0.010541672818362713
047,4MIDD_085_170,43,-0.012894305400550365,-0.008200109004974365,0.002347098197788,-0.010547207202762365
047,4MIDD_085_170,44,-0.012898918241262436,-0.008215309120714664,0.0023418045602738857,-0.01055711368098855
047,4MIDD_085_170,45,-0.012911295518279076,-0.008227108977735043,0.0023420932702720165,-0.010569202248007059
047,4MIDD_085_170,46,-0.01292695663869381,-0.00823519192636013,0.0023458823561668396,-0.01058107428252697
047,4MIDD_085_170,47,-0.012942811474204063,-0.008240493014454842,0.002351159229874611,-0.010591652244329453
047,4MIDD_085_170,48,-0.012958046048879623,-0.008244645781815052,0.0023567001335322857,-0.010601345915347338
047,4MIDD_085_170,49,-0.0129708806052804,-0.008246184326708317,0.0023623481392860413,-0.010608532465994358
048,3MIDD_048,0,0.01270508673042059,0.004418499302119017,-0.004143293714150786,0.008561793016269803
048,3MIDD_048,1,0.013212245889008045,0.004671152215451002,-0.0042705468367785215,0.008941699052229524
048,3MIDD_048,2,0.013771498575806618,0.004868686199188232,-0.004451406188309193,0.009320092387497425
048,3MIDD_048,3,0.014423963613808155,0.005052004475146532,-0.0046859795693308115,0.009737984044477344
048,3MIDD_048,4,0.015081637538969517,0.005316946655511856,-0.00488234544172883,0.010199292097240686
048,3MIDD_048,5,0.015635672956705093,0.005642995238304138,-0.004996338859200478,0.010639334097504616
048,3MIDD_048,6,0.016105758026242256,0.005947476252913475,-0.0050791408866643906,0.011026617139577866
048,3MIDD_048,7,0.01653108559548855,0.00623678183183074,-0.005147151881828904,0.011383933713659644
048,3MIDD_048,8,0.01698530651628971,0.006543865893036127,-0.005220720311626792,0.011764586204662919
048,3MIDD_048,9,0.01746164634823799,0.006882189307361841,-0.005289728520438075,0.012171917827799916
048,3MIDD_048,10,0.017969129607081413,0.007237282581627369,-0.005365923512727022,0.012603206094354391
048,3MIDD_048,11,0.018463248386979103,0.007562533486634493,-0.005450357450172305,0.013012890936806798
048,3MIDD_048,12,0.018953785300254822,0.00785075780004263,-0.005551513750106096,0.013402271550148726
048,3MIDD_048,13,0.01944231428205967,0.008111328817903996,-0.005665492732077837,0.013776821549981833
048,3MIDD_048,14,0.01995629444718361,0.008377786725759506,-0.005789253860712051,0.014167040586471558
048,3MIDD_048,15,0.020467663183808327,0.008662456646561623,-0.005902603268623352,0.014565059915184975
048,3MIDD_048,16,0.02097000740468502,0.008963055908679962,-0.006003475748002529,0.014966531656682491
048,3MIDD_048,17,0.021450337022542953,0.009272906929254532,-0.006088715046644211,0.015361621975898743
048,3MIDD_048,18,0.021920975297689438,0.0095774931833148,-0.006171741057187319,0.01574923424050212
048,3MIDD_048,19,0.02239157259464264,0.009863203391432762,-0.0062641846016049385,0.0161273879930377
048,3MIDD_048,20,0.022867292165756226,0.010139737278223038,-0.006363777443766594,0.01650351472198963
048,3MIDD_048,21,0.02332610823214054,0.010412575677037239,-0.006456766277551651,0.01686934195458889
048,3MIDD_048,22,0.02377677895128727,0.010689765214920044,-0.006543506868183613,0.017233272083103657
048,3MIDD_048,23,0.02422207035124302,0.010975779965519905,-0.006623145192861557,0.017598925158381462
048,3MIDD_048,24,0.024666188284754753,0.01125982217490673,-0.006703183054924011,0.017963005229830742
048,3MIDD_048,25,0.025116492062807083,0.0115416394546628,-0.006787426304072142,0.01832906575873494
048,3MIDD_048,26,0.025565406307578087,0.011811592616140842,-0.006876906845718622,0.018688499461859465
048,3MIDD_048,27,0.026009589433670044,0.012084903195500374,-0.006962343119084835,0.01904724631458521
048,3MIDD_048,28,0.026447132229804993,0.012363112531602383,-0.007042009849101305,0.019405122380703688
048,3MIDD_048,29,0.026864930987358093,0.012645306997001171,-0.007109811995178461,0.019755118992179632
048,3MIDD_048,30,0.02725844644010067,0.012922713533043861,-0.007167866453528404,0.020090579986572266
048,3MIDD_048,31,0.027636820450425148,0.013181847520172596,-0.007227486465126276,0.020409333985298872
048,3MIDD_048,32,0.028011463582515717,0.013432184234261513,-0.007289639674127102,0.020721823908388615
048,3MIDD_048,33,0.028382189571857452,0.01368904672563076,-0.007346571423113346,0.021035618148744106
048,3MIDD_048,34,0.028740912675857544,0.01394297368824482,-0.007398969493806362,0.021341943182051182
048,3MIDD_048,35,0.029079973697662354,0.01419305894523859,-0.007443457376211882,0.021636516321450472
048,3MIDD_048,36,0.029401078820228577,0.014437769539654255,-0.007481654640287161,0.021919424179941416
048,3MIDD_048,37,0.029711218550801277,0.014675462618470192,-0.007517877966165543,0.022193340584635735
048,3MIDD_048,38,0.03001394495368004,0.01490696519613266,-0.007553489878773689,0.02246045507490635
048,3MIDD_048,39,0.030308103188872337,0.015132125467061996,-0.0075879888609051704,0.022720114327967167
048,3MIDD_048,40,0.03059256076812744,0.015353589318692684,-0.007619485724717379,0.022973075043410063
048,3MIDD_048,41,0.030863266438245773,0.01557079330086708,-0.007646236568689346,0.023217029869556427
048,3MIDD_048,42,0.031124098226428032,0.015778923407197,-0.007672587409615517,0.023451510816812515
048,3MIDD_048,43,0.03137187287211418,0.015979915857315063,-0.007695978507399559,0.023675894364714622
048,3MIDD_048,44,0.03160833567380905,0.01617179624736309,-0.0077182697132229805,0.02389006596058607
048,3MIDD_048,45,0.03183279559016228,0.016352524980902672,-0.007740135304629803,0.024092660285532475
048,3MIDD_048,46,0.032045017927885056,0.016525549814105034,-0.007759734056890011,0.024285283870995045
048,3MIDD_048,47,0.03224579989910126,0.01669064722955227,-0.007777576334774494,0.024468223564326763
048,3MIDD_048,48,0.032440584152936935,0.016842985525727272,-0.007798799313604832,0.024641784839332104
048,3MIDD_048,49,0.03262541815638542,0.016984349116683006,-0.007820534519851208,0.024804883636534214
048,3MIDD_207,0,0.010735568590462208,0.014183995313942432,0.0017242133617401123,0.01245978195220232
048,3MIDD_207,1,0.010812055319547653,0.014269664883613586,0.0017288047820329666,0.01254086010158062
048,3MIDD_207,2,0.01079464890062809,0.014316176064312458,0.001760763581842184,0.012555412482470274
048,3MIDD_207,3,0.010881414636969566,0.014549260959029198,0.0018339231610298157,0.012715337797999382
048,3MIDD_207,4,0.011209430173039436,0.015206118114292622,0.0019983439706265926,0.013207774143666029
048,3MIDD_207,5,0.0114931995049119,0.01581043377518654,0.0021586171351373196,0.013651816640049219
048,3MIDD_207,6,0.0115433344617486,0.01598222739994526,0.0022194464690983295,0.01376278093084693
048,3MIDD_207,7,0.01146292220801115,0.01583128422498703,0.00218418100848794,0.01364710321649909
048,3MIDD_207,8,0.01145690493285656,0.015714675188064575,0.0021288851276040077,0.013585790060460567
048,3MIDD_207,9,0.011654219590127468,0.01587430015206337,0.002110040280967951,0.013764259871095419
048,3MIDD_207,10,0.01201005931943655,0.016238456591963768,0.002114198636263609,0.014124257955700159
048,3MIDD_207,11,0.012279103510081768,0.016523076221346855,0.0021219863556325436,0.014401089865714312
048,3MIDD_207,12,0.012350755743682384,0.01656026765704155,0.0021047559566795826,0.014455511700361967
048,3MIDD_207,13,0.012329892255365849,0.016425400972366333,0.0020477543585002422,0.01437764661386609
048,3MIDD_207,14,0.012363085523247719,0.016301488503813744,0.0019692014902830124,0.014332287013530731
048,3MIDD_207,15,0.012513450346887112,0.016316231340169907,0.0019013904966413975,0.01441484084352851
048,3MIDD_207,16,0.012740617617964745,0.016454730182886124,0.0018570562824606895,0.014597673900425434
048,3MIDD_207,17,0.012931414879858494,0.016611771658062935,0.0018401783891022205,0.014771593268960714
048,3MIDD_207,18,0.01302575133740902,0.01669340953230858,0.0018338290974497795,0.014859580434858799
048,3MIDD_207,19,0.01306106150150299,0.01668046973645687,0.0018097041174769402,0.014870765618979931
048,3MIDD_207,20,0.01311246957629919,0.016647707670927048,0.0017676190473139286,0.014880088623613119
048,3MIDD_207,21,0.013214421458542347,0.016668368130922318,0.0017269733361899853,0.014941394794732332
048,3MIDD_207,22,0.01336149126291275,0.016752660274505615,0.0016955845057964325,0.015057075768709183
048,3MIDD_207,23,0.013510665856301785,0.01686910167336464,0.0016792179085314274,0.015189883764833212
048,3MIDD_207,24,0.013619759120047092,0.016969790682196617,0.0016750157810747623,0.015294774901121855
048,3MIDD_207,25,0.013674815185368061,0.017026858404278755,0.001676021609455347,0.015350836794823408
048,3MIDD_207,26,0.013709098100662231,0.017053717747330666,0.001672309823334217,0.015381407923996449
048,3MIDD_207,27,0.013769377022981644,0.017082637175917625,0.0016566300764679909,0.015426007099449635
048,3MIDD_207,28,0.013865933753550053,0.0171356163918972,0.0016348413191735744,0.015500775072723627
048,3MIDD_207,29,0.013977030292153358,0.017216185107827187,0.001619577407836914,0.015596607699990273
048,3MIDD_207,30,0.014084774069488049,0.017307206988334656,0.0016112164594233036,0.015695990528911352
048,3MIDD_207,31,0.014173059724271297,0.017380312085151672,0.0016036261804401875,0.015776685904711485
048,3MIDD_207,32,0.014243419282138348,0.017435597255825996,0.0015960889868438244,0.015839508268982172
048,3MIDD_207,33,0.014312115497887135,0.017480600625276566,0.0015842425636947155,0.01589635806158185
048,3MIDD_207,34,0.014392366632819176,0.0175312589854002,0.001569446176290512,0.015961812809109688
048,3MIDD_207,35,0.014489416033029556,0.01759602688252926,0.0015533054247498512,0.016042721457779408
048,3MIDD_207,36,0.014585679396986961,0.017674604430794716,0.0015444625169038773,0.01613014191389084
048,3MIDD_207,37,0.014677725732326508,0.01775771751999855,0.0015399958938360214,0.01621772162616253
048,3MIDD_207,38,0.014758954755961895,0.01783168874680996,0.0015363669954240322,0.016295321751385927
048,3MIDD_207,39,0.014828150160610676,0.0178967397660017,0.0015342948026955128,0.01636244496330619
048,3MIDD_207,40,0.014907175675034523,0.017961842939257622,0.0015273336321115494,0.016434509307146072
048,3MIDD_207,41,0.014997421763837337,0.018032383173704147,0.001517480704933405,0.016514902468770742
048,3MIDD_207,42,0.015090404078364372,0.018111826851963997,0.0015107113867998123,0.016601115465164185
048,3MIDD_207,43,0.015173687599599361,0.01819445565342903,0.001510384026914835,0.016684071626514196
048,3MIDD_207,44,0.015245700255036354,0.018274683505296707,0.0015144916251301765,0.01676019188016653
048,3MIDD_207,45,0.015308355912566185,0.01834767684340477,0.0015196604654192924,0.016828016377985477
048,3MIDD_207,46,0.015364163555204868,0.018413711339235306,0.0015247738920152187,0.016888937447220087
048,3MIDD_207,47,0.015416092239320278,0.018480591475963593,0.0015322496183216572,0.016948341857641935
048,3MIDD_207,48,0.01547239813953638,0.018554681912064552,0.0015411418862640858,0.017013540025800467
048,3MIDD_207,49,0.015532447025179863,0.01863722875714302,0.0015523908659815788,0.017084837891161442
048,4MIDD_085_170,0,0.007101317867636681,0.010661149397492409,0.001779915764927864,0.008881233632564545
048,4MIDD_085_170,1,0.007177639752626419,0.010763575322926044,0.0017929677851498127,0.008970607537776232
048,4MIDD_085_170,2,0.00722366152331233,0.010815532878041267,0.0017959356773644686,0.009019597200676799
048,4MIDD_085_170,3,0.007325409445911646,0.010905783623456955,0.0017901870887726545,0.0091155965346843
048,4MIDD_085_170,4,0.007567642256617546,0.011121243238449097,0.0017768004909157753,0.009344442747533321
048,4MIDD_085_170,5,0.00786170270293951,0.011378796771168709,0.0017585470341145992,0.00962024973705411
048,4MIDD_085_170,6,0.008087828755378723,0.01159146148711443,0.0017518163658678532,0.009839645121246576
048,4MIDD_085_170,7,0.008209986612200737,0.011710213497281075,0.0017501134425401688,0.009960100054740906
048,4MIDD_085_170,8,0.008330054581165314,0.011781716719269753,0.0017258310690522194,0.010055885650217533
048,4MIDD_085_170,9,0.008525080978870392,0.011898740194737911,0.0016868296079337597,0.010211910586804152
048,4MIDD_085_170,10,0.00877043604850769,0.012092924676835537,0.0016612443141639233,0.010431680362671614
048,4MIDD_085_170,11,0.008998283185064793,0.012289571575820446,0.0016456441953778267,0.01064392738044262
048,4MIDD_085_170,12,0.009180141612887383,0.01244056411087513,0.0016302112489938736,0.010810352861881256
048,4MIDD_085_170,13,0.009322883561253548,0.012549851089715958,0.001613483764231205,0.010936367325484753
048,4MIDD_085_170,14,0.009470618329942226,0.012654333375394344,0.001591857522726059,0.011062475852668285
048,4MIDD_085_170,15,0.009654995985329151,0.012778853066265583,0.001561928540468216,0.011216924525797367
048,4MIDD_085_170,16,0.009865653701126575,0.012940933927893639,0.0015376401133835316,0.011403293814510107
048,4MIDD_085_170,17,0.01007907185703516,0.01311176735907793,0.0015163477510213852,0.011595419608056545
048,4MIDD_085_170,18,0.010266711935400963,0.013255871832370758,0.0014945799484848976,0.01176129188388586
048,4MIDD_085_170,19,0.010430942289531231,0.013375385664403439,0.0014722216874361038,0.011903163976967335
048,4MIDD_085_170,20,0.010580127127468586,0.013482778333127499,0.0014513256028294563,0.012031452730298042
048,4MIDD_085_170,21,0.010731601156294346,0.013590222224593163,0.0014293105341494083,0.012160911690443754
048,4MIDD_085_170,22,0.010898703709244728,0.01369512639939785,0.001398211345076561,0.012296915054321289
048,4MIDD_085_170,23,0.01107026357203722,0.013800526969134808,0.0013651316985487938,0.012435395270586014
048,4MIDD_085_170,24,0.011241232044994831,0.013896441087126732,0.0013276045210659504,0.012568836566060781
048,4MIDD_085_170,25,0.011406397446990013,0.013977522030472755,0.0012855622917413712,0.012691959738731384
048,4MIDD_085_170,26,0.011562783271074295,0.014052093029022217,0.0012446548789739609,0.012807438150048256
048,4MIDD_085_170,27,0.01171205285936594,0.014124351553618908,0.001206149347126484,0.012918202206492424
048,4MIDD_085_170,28,0.011855662800371647,0.014201883226633072,0.0011731102131307125,0.01302877301350236
048,4MIDD_085_170,29,0.012001348659396172,0.014280823059380054,0.0011397371999919415,0.013141085859388113
048,4MIDD_085_170,30,0.01214445661753416,0.014357326552271843,0.0011064349673688412,0.013250891584903002
048,4MIDD_085_170,31,0.012283116579055786,0.014429282397031784,0.001073082908987999,0.013356199488043785
048,4MIDD_085_170,32,0.01241214107722044,0.0144983921200037,0.0010431255213916302,0.01345526659861207
048,4MIDD_085_170,33,0.01253229659050703,0.01456917729228735,0.0010184403508901596,0.01355073694139719
048,4MIDD_085_170,34,0.01265164464712143,0.014649328775703907,0.0009988420642912388,0.013650486711412668
048,4MIDD_085_170,35,0.012771395966410637,0.014726096764206886,0.0009773503988981247,0.013748746365308762
048,4MIDD_085_170,36,0.012884272262454033,0.014799275435507298,0.0009575015865266323,0.013841773848980665
048,4MIDD_085_170,37,0.012989301234483719,0.014866253361105919,0.0009384760633111,0.013927777297794819
048,4MIDD_085_170,38,0.013086593709886074,0.014932840131223202,0.0009231232106685638,0.014009716920554638
048,4MIDD_085_170,39,0.013179759494960308,0.014996632002294064,0.0009084362536668777,0.014088195748627186
048,4MIDD_085_170,40,0.013273283839225769,0.015060951933264732,0.0008938340470194817,0.01416711788624525
048,4MIDD_085_170,41,0.01336601097136736,0.015121632255613804,0.0008778106421232224,0.014243821613490582
048,4MIDD_085_170,42,0.013455494306981564,0.015179534442722797,0.0008620200678706169,0.01431751437485218
048,4MIDD_085_170,43,0.01353911217302084,0.015234204940497875,0.0008475463837385178,0.014386658556759357
048,4MIDD_085_170,44,0.013618665747344494,0.015283883549273014,0.0008326089009642601,0.014451274648308754
048,4MIDD_085_170,45,0.013694104738533497,0.015325464308261871,0.0008156797848641872,0.014509784523397684
048,4MIDD_085_170,46,0.013763830997049809,0.015362607315182686,0.0007993881590664387,0.014563219156116247
048,4MIDD_085_170,47,0.013827906921505928,0.01539910864084959,0.0007856008596718311,0.01461350778117776
048,4MIDD_085_170,48,0.013885682448744774,0.015434878878295422,0.0007745982147753239,0.014660280663520098
048,4MIDD_085_170,49,0.013939819298684597,0.015467403456568718,0.0007637920789420605,0.014703611377626657
049,3MIDD_048,0,-0.021718928590416908,-0.020579751580953598,0.0005695885047316551,-0.021149340085685253
049,3MIDD_048,1,-0.01977529563009739,-0.018521245568990707,0.0006270250305533409,-0.01914827059954405
049,3MIDD_048,2,-0.017930345609784126,-0.01647816225886345,0.0007260916754603386,-0.017204253934323788
049,3MIDD_048,3,-0.016112565994262695,-0.01443023607134819,0.0008411649614572525,-0.015271401032805443
049,3MIDD_048,4,-0.014203098602592945,-0.01245550811290741,0.0008737952448427677,-0.013329303357750177
049,3MIDD_048,5,-0.012368729338049889,-0.010582010261714458,0.0008933595381677151,-0.011475369799882174
049,3MIDD_048,6,-0.010588308796286583,-0.008771290071308613,0.0009085093624889851,-0.009679799433797598
049,3MIDD_048,7,-0.008882437832653522,-0.007052402477711439,0.0009150176774710417,-0.00796742015518248
049,3MIDD_048,8,-0.007210198789834976,-0.0054357172921299934,0.0008872407488524914,-0.006322958040982485
049,3MIDD_048,9,-0.005494506563991308,-0.0038795610889792442,0.000807472737506032,-0.004687033826485276
049,3MIDD_048,10,-0.003754501696676016,-0.002360397484153509,0.0006970521062612534,-0.0030574495904147625
049,3MIDD_048,11,-0.0019925388041883707,-0.0008743041544221342,0.0005591173248831183,-0.0014334214793052524
049,3MIDD_048,12,-0.00022110241116024554,0.0006242067320272326,0.0004226545715937391,0.00020155216043349355
049,3MIDD_048,13,0.0014641411835327744,0.002149346750229597,0.0003426027833484113,0.0018067439668811858
049,3MIDD_048,14,0.0030537424609065056,0.0037047271616756916,0.000325492350384593,0.0033792348112910986
049,3MIDD_048,15,0.004556586500257254,0.005271161440759897,0.0003572874702513218,0.0049138739705085754
049,3MIDD_048,16,0.005958979949355125,0.0067345257848501205,0.00038777291774749756,0.006346752867102623
049,3MIDD_048,17,0.007252064533531666,0.008003147318959236,0.00037554139271378517,0.007627605926245451
049,3MIDD_048,18,0.00841513741761446,0.009050288237631321,0.0003175754100084305,0.00873271282762289
049,3MIDD_048,19,0.009428247809410095,0.009891444817185402,0.00023159850388765335,0.009659846313297749
049,3MIDD_048,20,0.010298161767423153,0.010564721189439297,0.0001332797110080719,0.010431441478431225
049,3MIDD_048,21,0.011011787690222263,0.011094971559941769,4.1591934859752655e-05,0.011053379625082016
049,3MIDD_048,22,0.011568347923457623,0.01147991232573986,-4.4217798858881e-05,0.011524130124598742
049,3MIDD_048,23,0.01199085358530283,0.01175761129707098,-0.00011662114411592484,0.011874232441186905
049,3MIDD_048,24,0.012324851006269455,0.011990033090114594,-0.00016740895807743073,0.012157442048192024
049,3MIDD_048,25,0.012589143589138985,0.012167849577963352,-0.00021064700558781624,0.012378496583551168
049,3MIDD_048,26,0.012814342975616455,0.012328336015343666,-0.0002430034801363945,0.01257133949548006
049,3MIDD_048,27,0.012973706237971783,0.012455533258616924,-0.0002590864896774292,0.012714619748294353
049,3MIDD_048,28,0.013105344958603382,0.012539887800812721,-0.00028272857889533043,0.012822616379708052
049,3MIDD_048,29,0.013215407729148865,0.01259315013885498,-0.00031112879514694214,0.012904278934001923
049,3MIDD_048,30,0.0133074801415205,0.012620419263839722,-0.00034353043884038925,0.012963949702680111
049,3MIDD_048,31,0.013357212767004967,0.012618307955563068,-0.0003694524057209492,0.012987760361284018
049,3MIDD_048,32,0.013389447703957558,0.012605620548129082,-0.000391913577914238,0.01299753412604332
049,3MIDD_048,33,0.013399407267570496,0.01257376279681921,-0.0004128222353756428,0.012986585032194853
049,3MIDD_048,34,0.013393489643931389,0.01252993755042553,-0.0004317760467529297,0.01296171359717846
049,3MIDD_048,35,0.013374331407248974,0.012478822842240334,-0.00044775428250432014,0.012926577124744654
049,3MIDD_048,36,0.013343294151127338,0.012421075254678726,-0.0004611094482243061,0.012882184702903032
049,3MIDD_048,37,0.013303221203386784,0.01235863845795393,-0.00047229137271642685,0.012830929830670357
049,3MIDD_048,38,0.013252816163003445,0.012289331294596195,-0.0004817424342036247,0.01277107372879982
049,3MIDD_048,39,0.013192756101489067,0.012213279493153095,-0.0004897383041679859,0.012703017797321081
049,3MIDD_048,40,0.013123413547873497,0.012133162468671799,-0.0004951255396008492,0.012628288008272648
049,3MIDD_048,41,0.01304916013032198,0.012050420977175236,-0.0004993695765733719,0.012549790553748608
049,3MIDD_048,42,0.01297120749950409,0.011965456418693066,-0.0005028755404055119,0.012468331959098577
049,3MIDD_048,43,0.012889235280454159,0.011878122575581074,-0.0005055563524365425,0.012383678928017616
049,3MIDD_048,44,0.012803991325199604,0.01178862527012825,-0.000507683027535677,0.012296308297663927
049,3MIDD_048,45,0.01271661277860403,0.011697398498654366,-0.0005096071399748325,0.012207005638629198
049,3MIDD_048,46,0.012627953663468361,0.011605433188378811,-0.000511260237544775,0.012116693425923586
049,3MIDD_048,47,0.012538821436464787,0.011512910947203636,-0.0005129552446305752,0.012025866191834211
049,3MIDD_048,48,0.0124500198289752,0.011420289985835552,-0.0005148649215698242,0.011935154907405376
049,3MIDD_048,49,0.012361299246549606,0.011327761225402355,-0.0005167690105736256,0.01184453023597598
049,3MIDD_207,0,-0.004894711542874575,-0.005005398765206337,-5.534361116588116e-05,-0.004950055154040456
049,3MIDD_207,1,-0.00368650839664042,-0.004020939581096172,-0.00016721559222787619,-0.003853723988868296
049,3MIDD_207,2,-0.0028200799133628607,-0.003345096716657281,-0.0002625084016472101,-0.003082588315010071
049,3MIDD_207,3,-0.0020112348720431328,-0.0027781419921666384,-0.0003834535600617528,-0.0023946884321048856
049,3MIDD_207,4,-0.0010668211616575718,-0.002032060641795397,-0.0004826197400689125,-0.0015494409017264843
049,3MIDD_207,5,2.373323695792351e-05,-0.0009867659537121654,-0.0005052495953350444,-0.0004815163583771209
049,3MIDD_207,6,0.0012319500092417002,0.0002535119710955769,-0.0004892190190730616,0.0007427309901686385
049,3MIDD_207,7,0.0025699289981275797,0.0016934479353949428,-0.00043824053136631846,0.0021316884667612612
049,3MIDD_207,8,0.003989940509200096,0.0033020153641700745,-0.00034396257251501083,0.0036459779366850853
049,3MIDD_207,9,0.005532816518098116,0.004980683792382479,-0.0002760663628578186,0.005256750155240297
049,3MIDD_207,10,0.00712590292096138,0.00663994112983346,-0.00024298089556396008,0.00688292202539742
049,3MIDD_207,11,0.008630122989416122,0.00824469793587923,-0.00019271252676844597,0.008437410462647676
049,3MIDD_207,12,0.009973452426493168,0.009716162458062172,-0.00012864498421549797,0.00984480744227767
049,3MIDD_207,13,0.011151325888931751,0.011021061800420284,-6.513204425573349e-05,0.011086193844676018
049,3MIDD_207,14,0.012165888212621212,0.01215377263724804,-6.05778768658638e-06,0.012159830424934626
049,3MIDD_207,15,0.013027557171881199,0.013116148300468922,4.429556429386139e-05,0.01307185273617506
049,3MIDD_207,16,0.013752241618931293,0.013899273239076138,7.351581007242203e-05,0.013825757429003716
049,3MIDD_207,17,0.014338417910039425,0.014524320140480995,9.295111522078514e-05,0.01443136902526021
049,3MIDD_207,18,0.014786331914365292,0.015019266866147518,0.00011646747589111328,0.014902799390256405
049,3MIDD_207,19,0.015109909698367119,0.015418102033436298,0.00015409616753458977,0.015264005865901709
049,3MIDD_207,20,0.015339304693043232,0.01572044938802719,0.0001905723474919796,0.015529877040535212
049,3MIDD_207,21,0.01548868976533413,0.015923528000712395,0.0002174191176891327,0.015706108883023262
049,3MIDD_207,22,0.015568834729492664,0.01605498604476452,0.0002430756576359272,0.01581191038712859
049,3MIDD_207,23,0.015588238835334778,0.01613122969865799,0.00027149543166160583,0.015859734266996384
049,3MIDD_207,24,0.015563935041427612,0.016167165711522102,0.000301615335047245,0.015865550376474857
049,3MIDD_207,25,0.015509840101003647,0.01617305539548397,0.0003316076472401619,0.01584144774824381
049,3MIDD_207,26,0.015427873469889164,0.016152795404195786,0.0003624609671533108,0.015790334437042475
049,3MIDD_207,27,0.01532435230910778,0.016115140169858932,0.000395393930375576,0.015719746239483356
049,3MIDD_207,28,0.015211622230708599,0.016066469252109528,0.00042742351070046425,0.015639045741409063
049,3MIDD_207,29,0.015097793191671371,0.016011599451303482,0.0004569031298160553,0.015554696321487427
049,3MIDD_207,30,0.014986061491072178,0.015955306589603424,0.0004846225492656231,0.015470684040337801
049,3MIDD_207,31,0.014879079535603523,0.015898028388619423,0.0005094744265079498,0.015388553962111473
049,3MIDD_207,32,0.014778734184801579,0.015841852873563766,0.000531559344381094,0.015310293529182673
049,3MIDD_207,33,0.014685616828501225,0.015789061784744263,0.0005517224781215191,0.015237339306622744
049,3MIDD_207,34,0.014597433619201183,0.015740247443318367,0.0005714069120585918,0.015168840531259775
049,3MIDD_207,35,0.014520890079438686,0.015694912523031235,0.0005870112217962742,0.01510790130123496
049,3MIDD_207,36,0.014446097426116467,0.015652935951948166,0.0006034192629158497,0.015049516689032316
049,3MIDD_207,37,0.01437651738524437,0.015614679083228111,0.0006190808489918709,0.01499559823423624
049,3MIDD_207,38,0.01431202795356512,0.015579905360937119,0.0006339387036859989,0.01494596665725112
049,3MIDD_207,39,0.014253271743655205,0.01554877869784832,0.0006477534770965576,0.014901025220751762
049,3MIDD_207,40,0.014199740253388882,0.015520988963544369,0.0006606243550777435,0.014860364608466625
049,3MIDD_207,41,0.014150848612189293,0.015497087500989437,0.0006731194444000721,0.014823968056589365
049,3MIDD_207,42,0.014105841517448425,0.015476887114346027,0.000685522798448801,0.014791364315897226
049,3MIDD_207,43,0.014064347371459007,0.015460102818906307,0.00069787772372365,0.014762225095182657
049,3MIDD_207,44,0.014025702141225338,0.015444952063262463,0.0007096249610185623,0.0147353271022439
049,3MIDD_207,45,0.013989421539008617,0.015428805723786354,0.0007196920923888683,0.014709113631397486
049,3MIDD_207,46,0.013955230824649334,0.015411081723868847,0.0007279254496097565,0.01468315627425909
049,3MIDD_207,47,0.013922992162406445,0.015392516739666462,0.0007347622886300087,0.014657754451036453
049,3MIDD_207,48,0.013892258517444134,0.015373109839856625,0.0007404256612062454,0.01463268417865038
049,3MIDD_207,49,0.013863003812730312,0.015353386290371418,0.0007451912388205528,0.014608195051550865
049,4MIDD_085_170,0,-0.021482128649950027,-0.022176245227456093,-0.0003470582887530327,-0.02182918693870306
049,4MIDD_085_170,1,-0.020083479583263397,-0.02075592800974846,-0.0003362242132425308,-0.020419703796505928
049,4MIDD_085_170,2,-0.018633462488651276,-0.01935502700507641,-0.0003607822582125664,-0.018994244746863842
049,4MIDD_085_170,3,-0.017089063301682472,-0.01795072853565216,-0.0004308326169848442,-0.017519895918667316
049,4MIDD_085_170,4,-0.015376956202089787,-0.016366733238101006,-0.0004948885180056095,-0.015871844720095396
049,4MIDD_085_170,5,-0.013446147553622723,-0.014624835923314095,-0.000589344184845686,-0.014035491738468409
049,4MIDD_085_170,6,-0.011317959055304527,-0.012691281735897064,-0.0006866613402962685,-0.012004620395600796
049,4MIDD_085_170,7,-0.008953636512160301,-0.01062525063753128,-0.0008358070626854897,-0.00978944357484579
049,4MIDD_085_170,8,-0.006368537899106741,-0.008441866375505924,-0.0010366642381995916,-0.007405202137306333
049,4MIDD_085_170,9,-0.0037435973063111305,-0.0061706239357590675,-0.0012135133147239685,-0.004957110621035099
049,4MIDD_085_170,10,-0.0012108295923098922,-0.00387760391458869,-0.0013333871611393988,-0.002544216753449291
049,4MIDD_085_170,11,0.00115601671859622,-0.0015411654021590948,-0.0013485910603776574,-0.0001925743417814374
049,4MIDD_085_170,12,0.0033426389563828707,0.0009249425493180752,-0.0012088482035323977,0.002133790752850473
049,4MIDD_085_170,13,0.005361470393836498,0.0033767749555408955,-0.0009923477191478014,0.004369122674688697
049,4MIDD_085_170,14,0.007236737757921219,0.005625511519610882,-0.0008056131191551685,0.00643112463876605
049,4MIDD_085_170,15,0.008877680636942387,0.007639984134584665,-0.0006188482511788607,0.008258832385763526
049,4MIDD_085_170,16,0.01033270824700594,0.009420888498425484,-0.0004559098742902279,0.009876798372715712
049,4MIDD_085_170,17,0.011629967950284481,0.010969136841595173,-0.0003304155543446541,0.011299552395939827
049,4MIDD_085_170,18,0.0127784488722682,0.01227974146604538,-0.00024935370311141014,0.01252909516915679
049,4MIDD_085_170,19,0.013786404393613338,0.013386758975684643,-0.00019982270896434784,0.01358658168464899
049,4MIDD_085_170,20,0.014684652909636497,0.014335148967802525,-0.00017475197091698647,0.014509900938719511
049,4MIDD_085_170,21,0.015437287278473377,0.015136824920773506,-0.00015023117884993553,0.015287056099623442
049,4MIDD_085_170,22,0.016048327088356018,0.015807608142495155,-0.00012035947293043137,0.015927967615425587
049,4MIDD_085_170,23,0.01653973199427128,0.01637471467256546,-8.250866085290909e-05,0.01645722333341837
049,4MIDD_085_170,24,0.016917236149311066,0.016842417418956757,-3.740936517715454e-05,0.01687982678413391
049,4MIDD_085_170,25,0.01720426045358181,0.01721818558871746,6.962567567825317e-06,0.017211223021149635
049,4MIDD_085_170,26,0.017409132793545723,0.017510617151856422,5.074217915534973e-05,0.017459874972701073
049,4MIDD_085_170,27,0.017534280195832253,0.017738252878189087,0.0001019863411784172,0.01763626653701067
049,4MIDD_085_170,28,0.01759999431669712,0.017907172441482544,0.00015358906239271164,0.017753583379089832
049,4MIDD_085_170,29,0.017620323225855827,0.01804267428815365,0.00021117553114891052,0.017831498757004738
049,4MIDD_085_170,30,0.01760401576757431,0.01814076490700245,0.00026837456971406937,0.01787239033728838
049,4MIDD_085_170,31,0.017556022852659225,0.01820521056652069,0.0003245938569307327,0.017880616709589958
049,4MIDD_085_170,32,0.0174846351146698,0.018238460645079613,0.00037691276520490646,0.017861547879874706
049,4MIDD_085_170,33,0.01739772967994213,0.01824943721294403,0.00042585376650094986,0.01782358344644308
049,4MIDD_085_170,34,0.01730617694556713,0.018244508653879166,0.0004691658541560173,0.01777534279972315
049,4MIDD_085_170,35,0.017209745943546295,0.01822577975690365,0.0005080169066786766,0.017717762850224972
049,4MIDD_085_170,36,0.017116673290729523,0.01819198578596115,0.0005376562476158142,0.017654329538345337
049,4MIDD_085_170,37,0.01703219674527645,0.01815005950629711,0.0005589313805103302,0.01759112812578678
049,4MIDD_085_170,38,0.016951842233538628,0.01809859275817871,0.0005733752623200417,0.01752521749585867
049,4MIDD_085_170,39,0.016879351809620857,0.018040498718619347,0.0005805734544992447,0.017459925264120102
049,4MIDD_085_170,40,0.016816990450024605,0.017977101728320122,0.0005800556391477585,0.017397046089172363
049,4MIDD_085_170,41,0.016764018684625626,0.01790921948850155,0.0005726004019379616,0.017336619086563587
049,4MIDD_085_170,42,0.01672145538032055,0.017836447805166245,0.0005574962124228477,0.017278951592743397
049,4MIDD_085_170,43,0.016690121963620186,0.0177577193826437,0.0005337987095117569,0.017223920673131943
049,4MIDD_085_170,44,0.016668817028403282,0.017671825364232063,0.0005015041679143906,0.017170321196317673
049,4MIDD_085_170,45,0.016656016930937767,0.01757952943444252,0.00046175625175237656,0.017117773182690144
049,4MIDD_085_170,46,0.016650918871164322,0.017481453716754913,0.0004152674227952957,0.017066186293959618
049,4MIDD_085_170,47,0.016651645302772522,0.017378555610775948,0.0003634551540017128,0.017015100456774235
049,4MIDD_085_170,48,0.01665700599551201,0.01727108843624592,0.0003070412203669548,0.016964047215878963
049,4MIDD_085_170,49,0.01666616089642048,0.01715928502380848,0.00024656206369400024,0.01691272296011448
