model_id,group,sector_count,phase_fraction,n_units,T_original,T_mirror,A,abs_A,S,abs_S,M,actual_reversal,T_negative,G,A_norm,S_norm,abs_A_norm,abs_S_norm
0,3MIDD_048,36,0.0,12,-0.0511832004697677,0.0516602144112665,-0.0514217074405171,0.0514217074405171,0.0002385069707494,0.0002385069707494,0.0511832004697677,True,0.0017217439018884,0.2065255414859674,-0.2489847360792952,0.001154854595869,0.2489847360792952,0.001154854595869
0,3MIDD_048,36,0.5,12,-0.0716341656347069,0.0697745618580272,-0.070704363746367,0.070704363746367,-0.0009298018883398,0.0009298018883398,0.0697745618580272,True,0.0104167020620931,0.2199706172699573,-0.3214264005978383,-0.0042269367603707,0.3214264005978383,0.0042269367603707
0,3MIDD_048,48,0.0,16,-0.0300661474869544,0.0238653091193739,-0.0269657283031642,0.0269657283031642,-0.0031004191837902,0.0031004191837902,0.0238653091193739,True,-0.0231309484333956,0.1848896564705882,-0.1458476846023771,-0.016769024525087,0.1458476846023771,0.016769024525087
0,3MIDD_048,48,0.5,16,-0.0036762780229872,0.0124897943630195,-0.0080830361930034,0.0080830361930034,0.0044067581700161,0.0044067581700161,0.0036762780229872,True,-0.0054678957894381,0.1750744137733325,-0.046169146129305,0.0251707721022076,0.046169146129305,0.0251707721022076
0,3MIDD_048,60,0.0,20,0.0072529856267077,-0.0030784305068564,0.005165708066782,0.005165708066782,0.0020872775599256,0.0020872775599256,0.0030784305068564,True,0.0110584792969463,0.1781084561384175,0.0290031600900942,0.0117191379072058,0.0290031600900942,0.0117191379072058
0,3MIDD_048,60,0.5,20,0.0005060207721079,0.0028431325118263,-0.0011685558698592,0.0011685558698592,0.0016745766419671,0.0016745766419671,-0.0005060207721079,False,-0.0028409254152261,0.1842404591005643,-0.0063425583911586,0.0090890820080575,0.0063425583911586,0.0090890820080575
0,3MIDD_048,72,0.0,24,-0.0015141818781658,0.002210010137448,-0.0018620960078069,0.0018620960078069,0.000347914129641,0.000347914129641,0.0015141818781658,True,-0.0076030264365029,0.1897871508888358,-0.0098114967166436,0.0018331806342615,0.0098114967166436,0.0018331806342615
0,3MIDD_048,72,0.5,24,0.0078505054664831,-0.0010093303931075,0.0044299179297953,0.0044299179297953,0.0034205875366878,0.0034205875366878,0.0010093303931075,True,0.0013272343935961,0.1958659725896949,0.022617087956749,0.017463919288591,0.022617087956749,0.017463919288591
0,3MIDD_048,84,0.0,28,0.0119689024716135,-0.0019603191302237,0.0069646108009186,0.0069646108009186,0.0050042916706948,0.0050042916706948,0.0019603191302237,True,0.0051856046171223,0.1965821153728538,0.0354285067474678,0.0254564951710044,0.0354285067474678,0.0254564951710044
0,3MIDD_048,84,0.5,28,0.0121562040902003,-0.0006793872751883,0.0064177956826943,0.0064177956826943,0.0057384084075059,0.0057384084075059,0.0006793872751883,True,-0.0007994874002454,0.2100139202995307,0.0305589061598441,0.0273239430953986,0.0305589061598441,0.0273239430953986
0,3MIDD_048,96,0.0,32,0.0093389865302887,0.018147390208465,-0.0044042018390881,0.0044042018390881,0.0137431883693768,0.0137431883693768,-0.0093389865302887,False,-0.003792425766093,0.2011544920204147,-0.0218946233556701,0.0683215583770414,0.0218946233556701,0.0683215583770414
0,3MIDD_048,96,0.5,32,0.0104427721190066,0.0142668587211047,-0.001912043301049,0.001912043301049,0.0123548154200557,0.0123548154200557,-0.0104427721190066,False,-0.0038624925694038,0.2128175735626397,-0.0089844239319187,0.0580535489303437,0.0089844239319187,0.0580535489303437
0,3MIDD_048,120,0.0,40,0.0171928854197296,0.0205965465422661,-0.0017018305612682,0.0017018305612682,0.0188947159809978,0.0188947159809978,-0.0171928854197296,False,0.0083786370171372,0.1979529812839423,-0.0085971453939716,0.0954505249602452,0.0085971453939716,0.0954505249602452
0,3MIDD_048,120,0.5,40,0.0169462454785366,0.0177439179029206,-0.0003988362121919,0.0003988362121919,0.0173450816907286,0.0173450816907286,-0.0169462454785366,False,0.0026688136265506,0.2018028889732219,-0.0019763652255983,0.0859506114059162,0.0019763652255983,0.0859506114059162
0,3MIDD_207,36,0.0,12,0.0441329785302206,-0.0520247565309385,0.0480788675305796,0.0480788675305796,-0.0039458890003589,0.0039458890003589,0.0441329785302206,True,0.0058079358149573,0.176031800463685,0.2731260340684759,-0.0224157736838745,0.2731260340684759,0.0224157736838745
0,3MIDD_207,36,0.5,12,0.0259045758359994,-0.0380042133949818,0.0319543946154906,0.0319543946154906,-0.0060498187794912,0.0060498187794912,0.0259045758359994,True,0.0030120644039321,0.1749136786032248,0.1826866536148735,-0.0345874538103716,0.1826866536148735,0.0345874538103716
0,3MIDD_207,48,0.0,16,0.0230612826471523,-0.0166297245838345,0.0198455036154934,0.0198455036154934,0.0032157790316589,0.0032157790316589,0.0166297245838345,True,0.002644803557053,0.1341780924602221,0.1479042014356908,0.0239664983507816,0.1479042014356908,0.0239664983507816
0,3MIDD_207,48,0.5,16,0.0326111950906566,-0.0316585342649044,0.0321348646777805,0.0321348646777805,0.0004763304128761,0.0004763304128761,0.0316585342649044,True,0.0030947393501076,0.1362496099019544,0.2358528930901518,0.0034960130397354,0.2358528930901518,0.0034960130397354
0,3MIDD_207,60,0.0,20,0.0160651280828733,-0.0025939134686643,0.0093295207757688,0.0093295207757688,0.0067356073071045,0.0067356073071045,0.0025939134686643,True,0.0157770798734138,0.1298112700815589,0.0718698828684688,0.0518876928241484,0.0718698828684688,0.0518876928241484
0,3MIDD_207,60,0.5,20,0.0150303714525725,-0.0041405028289959,0.0095854371407842,0.0095854371407842,0.0054449343117883,0.0054449343117883,0.0041405028289959,True,0.0033576356633604,0.1267186781930162,0.0756434432356044,0.0429686798302511,0.0756434432356044,0.0429686798302511
0,3MIDD_207,72,0.0,24,0.0179922039773379,0.0083423946576341,0.0048249046598519,0.0048249046598519,0.013167299317486,0.013167299317486,-0.0083423946576341,False,0.0234361807275545,0.1442565789057652,0.0334466871213116,0.0912769415257485,0.0334466871213116,0.0912769415257485
0,3MIDD_207,72,0.5,24,0.0193046097921385,-0.003052528289169,0.0111785690406537,0.0111785690406537,0.0081260407514847,0.0081260407514847,0.003052528289169,True,0.0044156752701923,0.1421073359098186,0.0786628569812025,0.0571824156681222,0.0786628569812025,0.0571824156681222
0,3MIDD_207,84,0.0,28,0.0134163542003106,0.0112692971657261,0.0010735285172922,0.0010735285172922,0.0123428256830184,0.0123428256830184,-0.0112692971657261,False,0.0072359046246234,0.1549864278584301,0.0069265969422359,0.07963810672695,0.0069265969422359,0.07963810672695
0,3MIDD_207,84,0.5,28,0.0195104116015256,0.0101538624280511,0.0046782745867372,0.0046782745867372,0.0148321370147883,0.0148321370147883,-0.0101538624280511,False,0.0084250264116606,0.1454858864579697,0.0321562091047833,0.101948975092325,0.0321562091047833,0.101948975092325
0,3MIDD_207,96,0.0,32,0.0264962059277759,0.0240134350487115,0.0012413854395321,0.0012413854395321,0.0252548204882437,0.0252548204882437,-0.0240134350487115,False,0.0154603600140431,0.1562573991794156,0.0079444906036533,0.1616231974989293,0.0079444906036533,0.1616231974989293
0,3MIDD_207,96,0.5,32,0.0301068762933912,0.0115417641971322,0.0092825560481294,0.0092825560481294,0.0208243202452617,0.0208243202452617,-0.0115417641971322,False,0.0010434506451361,0.1430663986549121,0.0648828525454097,0.1455570311481155,0.0648828525454097,0.1455570311481155
0,3MIDD_207,120,0.0,40,0.0300409137024805,0.0285310504282258,0.0007549316371273,0.0007549316371273,0.0292859820653531,0.0292859820653531,-0.0285310504282258,False,0.0119084511250032,0.1573734098571527,0.0047970723759026,0.1860923144001006,0.0047970723759026,0.1860923144001006
0,3MIDD_207,120,0.5,40,0.0332184699340048,0.0268560784567221,0.0031811957386413,0.0031811957386413,0.0300372741953635,0.0300372741953635,-0.0268560784567221,False,0.0171187374976268,0.1527543795351264,0.0208255615866637,0.1966377284027809,0.0208255615866637,0.1966377284027809
0,4MIDD_085_170,32,0.0,8,-0.1404200862674375,0.1580011232476246,-0.1492106047575311,0.1492106047575311,0.0087905184900935,0.0087905184900935,0.1404200862674375,True,-0.0152490113072031,0.2979268687425166,-0.5008296344244345,0.029505625079055,0.5008296344244345,0.029505625079055
0,4MIDD_085_170,32,0.5,8,-0.1194655901960195,0.1305686569206997,-0.1250171235583596,0.1250171235583596,0.0055515333623401,0.0055515333623401,0.1194655901960195,True,0.0135635148838843,0.2588205890442937,-0.483026192081514,0.0214493498482457,0.483026192081514,0.0214493498482457
0,4MIDD_085_170,48,0.0,12,-0.0388687685583954,0.0698948003994901,-0.0543817844789427,0.0543817844789427,0.0155130159205473,0.0155130159205473,0.0388687685583954,True,0.0087475875440839,0.2018076266105122,-0.2694733860772236,0.0768703154637827,0.2694733860772236,0.0768703154637827
0,4MIDD_085_170,48,0.5,12,-0.0706457234124727,0.0484567312734456,-0.0595512273429591,0.0595512273429591,-0.0110944960695135,0.0110944960695135,0.0484567312734456,True,-0.0096253368076584,0.2119534291451784,-0.2809637361524796,-0.0523440272434297,0.2809637361524796,0.0523440272434297
0,4MIDD_085_170,64,0.0,16,-0.0117308903270204,0.0308022250875481,-0.0212665577072842,0.0212665577072842,0.0095356673802638,0.0095356673802638,0.0117308903270204,True,0.0070288068657625,0.1523077463262234,-0.1396288647179775,0.0626078949381842,0.1396288647179775,0.0626078949381842
0,4MIDD_085_170,64,0.5,16,-0.0069753009196498,0.0190819148997976,-0.0130286079097237,0.0130286079097237,0.0060533069900738,0.0060533069900738,0.0069753009196498,True,0.0080907316524757,0.1570263474356278,-0.0829708397507287,0.0385496261546516,0.0829708397507287,0.0385496261546516
0,4MIDD_085_170,72,0.0,18,-0.0076875668435287,0.0109117216847775,-0.0092996442641531,0.0092996442641531,0.0016120774206244,0.0016120774206244,0.0076875668435287,True,0.013423607506659,0.1422465885036838,-0.0653769230037617,0.0113329777366341,0.0653769230037617,0.0113329777366341
0,4MIDD_085_170,72,0.5,18,0.0003460004152883,0.012780266773147,-0.0062171331789293,0.0062171331789293,0.0065631335942177,0.0065631335942177,-0.0003460004152883,False,-0.0062854945210509,0.1393819966321295,-0.044604994397793,0.0470873839721193,0.044604994397793,0.0470873839721193
0,4MIDD_085_170,80,0.0,20,0.0057991914328556,0.0098430728461159,-0.0020219407066301,0.0020219407066301,0.0078211321394857,0.0078211321394857,-0.0057991914328556,False,0.0060397545225251,0.1374690601410308,-0.0147083329481983,0.0568937630872141,0.0147083329481983,0.0568937630872141
0,4MIDD_085_170,80,0.5,20,0.0018393165502154,0.0115182340951981,-0.0048394587724913,0.0048394587724913,0.0066787753227067,0.0066787753227067,-0.0018393165502154,False,0.0170613020513227,0.1430159244924159,-0.0338386007688812,0.0466995220735781,0.0338386007688812,0.0466995220735781
0,4MIDD_085_170,96,0.0,24,0.0083710126308384,0.0069221730724199,0.0007244197792092,0.0007244197792092,0.0076465928516291,0.0076465928516291,-0.0069221730724199,False,0.0020333620643497,0.1466548327803265,0.0049396243238322,0.0521400673040416,0.0049396243238322,0.0521400673040416
0,4MIDD_085_170,96,0.5,24,0.0094913581126339,0.0072756538503727,0.0011078521311305,0.0011078521311305,0.0083835059815033,0.0083835059815033,-0.0072756538503727,False,0.005408777421352,0.1535972050557313,0.0072127102230056,0.0545811102387017,0.0072127102230056,0.0545811102387017
0,4MIDD_085_170,120,0.0,30,0.0185195852356053,0.0104392483110819,0.0040401684622616,0.0040401684622616,0.0144794167733436,0.0144794167733436,-0.0104392483110819,False,0.0181745807916869,0.1519874494538504,0.0265822505527894,0.0952671870300726,0.0265822505527894,0.0952671870300726
0,4MIDD_085_170,120,0.5,30,0.01418582382056,0.0213881290333156,-0.0036011526063777,0.0036011526063777,0.0177869764269378,0.0177869764269378,-0.01418582382056,False,0.0106188939882276,0.153755300012298,-0.0234213234021185,0.1156836637534782,0.0234213234021185,0.1156836637534782
1,3MIDD_048,36,0.0,12,-0.031141889962665,0.0365390100238927,-0.0338404499932789,0.0338404499932789,0.0026985600306138,0.0026985600306138,0.031141889962665,True,0.0138327145399937,0.1386939975601728,-0.2439936160798675,0.0194569345327514,0.2439936160798675,0.0194569345327514
1,3MIDD_048,36,0.5,12,-0.0248800145212133,0.0327371459701148,-0.0288085802456641,0.0288085802456641,0.0039285657244507,0.0039285657244507,0.0248800145212133,True,-1.4516891186961202e-05,0.1359400066855723,-0.2119212801886794,0.0288992609330781,0.2119212801886794,0.0288992609330781
1,3MIDD_048,48,0.0,16,-0.0200215024697404,0.0165137068610157,-0.018267604665378,0.018267604665378,-0.0017538978043623,0.0017538978043623,0.0165137068610157,True,-0.0097887779184295,0.1501338868824303,-0.1216754261460199,-0.0116822247180998,0.1216754261460199,0.0116822247180998
1,3MIDD_048,48,0.5,16,-0.0053453805372728,0.0054390630148944,-0.0053922217760836,0.0053922217760836,4.684123881078077e-05,4.684123881078077e-05,0.0053453805372728,True,-0.0032833580546537,0.1465478901577053,-0.0367949464866462,0.0003196309326621,0.0367949464866462,0.0003196309326621
1,3MIDD_048,60,0.0,20,-0.0082655645429033,0.005600132991116,-0.0069328487670096,0.0069328487670096,-0.0013327157758936,0.0013327157758936,0.005600132991116,True,-0.000127080789117,0.1549022051913113,-0.0447562948406531,-0.00860359459859,0.0447562948406531,0.00860359459859
1,3MIDD_048,60,0.5,20,-0.0110741136814131,0.0044034895195112,-0.0077388016004622,0.0077388016004622,-0.0033353120809509,0.0033353120809509,0.0044034895195112,True,-0.0054213504515555,0.1536500746379953,-0.0503664031318897,-0.0217071946682035,0.0503664031318897,0.0217071946682035
1,3MIDD_048,72,0.0,24,-0.0027467545721348,0.0001097557668582,-0.0014282551694965,0.0014282551694965,-0.0013184994026383,0.0013184994026383,0.0001097557668582,True,-0.0067008248233654,0.1545959051110484,-0.0092386351919903,-0.0085286825785664,0.0092386351919903,0.0085286825785664
1,3MIDD_048,72,0.5,24,-0.005964826931478,0.0013604081828717,-0.0036626175571749,0.0036626175571749,-0.0023022093743031,0.0023022093743031,0.0013604081828717,True,-0.0061694002846901,0.152585667837216,-0.0240036800905988,-0.0150879791459784,0.0240036800905988,0.0150879791459784
1,3MIDD_048,84,0.0,28,-0.0007482451898251,-0.0022927252627129,0.0007722400364438,0.0007722400364438,-0.001520485226269,0.001520485226269,-0.0007482451898251,False,0.0005178542365903,0.1458327141744107,0.0052953827323017,-0.0104262286749365,0.0052953827323017,0.0104262286749365
1,3MIDD_048,84,0.5,28,-0.0020507115566671,0.0006396709398268,-0.0013451912482469,0.0013451912482469,-0.0007055203084201,0.0007055203084201,0.0006396709398268,True,0.0008475220716757,0.1510831625910808,-0.0089036476677938,-0.0046697480799346,0.0089036476677938,0.0046697480799346
1,3MIDD_048,96,0.0,32,0.0006242349854324,0.0018626658151027,-0.0006192154148351,0.0006192154148351,0.0012434504002675,0.0012434504002675,-0.0006242349854324,False,-0.0051419254475584,0.1456595089359517,-0.0042511156282109,0.0085366922444749,0.0042511156282109,0.0085366922444749
1,3MIDD_048,96,0.5,32,9.528088746034028e-05,0.0029543098692546,-0.0014295144908971,0.0014295144908971,0.0015247953783575,0.0015247953783575,-9.528088746034012e-05,False,-0.0015442826626092,0.1485262998223804,-0.0096246556509297,0.0102661641755094,0.0096246556509297,0.0102661641755094
1,3MIDD_048,120,0.0,40,0.0005448056242915,0.0016127239869927,-0.0005339591813506,0.0005339591813506,0.0010787648056421,0.0010787648056421,-0.0005448056242915,False,-0.0056490633618092,0.1369472287073566,-0.0038990141413642,0.0078772299069108,0.0038990141413642,0.0078772299069108
1,3MIDD_048,120,0.5,40,-0.0010140544258371,0.0020010293569611,-0.0015075418913991,0.0015075418913991,0.000493487465562,0.000493487465562,0.0010140544258371,True,-0.0056984372862152,0.1349577027755607,-0.0111704768264045,0.0036566083699771,0.0111704768264045,0.0036566083699771
1,3MIDD_207,36,0.0,12,0.0484970809937838,-0.0335893711096932,0.0410432260517385,0.0410432260517385,0.0074538549420452,0.0074538549420452,0.0335893711096932,True,0.0031442055242298,0.1469011210797455,0.2793935522756027,0.0507406266695469,0.2793935522756027,0.0507406266695469
1,3MIDD_207,36,0.5,12,0.0518299682666365,-0.0387264641759281,0.0452782162212823,0.0452782162212823,0.0065517520453542,0.0065517520453542,0.0387264641759281,True,0.0030098119681674,0.1473717846573509,0.3072380261021955,0.0444573027366632,0.3072380261021955,0.0444573027366632
1,3MIDD_207,48,0.0,16,0.0322048439748201,-0.0289288840296175,0.0305668640022188,0.0305668640022188,0.0016379799726013,0.0016379799726013,0.0289288840296175,True,0.0139258136629347,0.1469108574485053,0.2080640228577594,0.0111494820808287,0.2080640228577594,0.0111494820808287
1,3MIDD_207,48,0.5,16,0.0281163078481633,-0.0167037997163222,0.0224100537822428,0.0224100537822428,0.0057062540659205,0.0057062540659205,0.0167037997163222,True,0.0116040332223257,0.1473587558256694,0.1520781962135639,0.0387235494351704,0.1520781962135639,0.0387235494351704
1,3MIDD_207,60,0.0,20,0.0186833146054583,-0.0135689967309707,0.0161261556682145,0.0161261556682145,0.0025571589372437,0.0025571589372437,0.0135689967309707,True,-0.0020922003501447,0.1540925183465118,0.1046524246683492,0.0165949584359016,0.1046524246683492,0.0165949584359016
1,3MIDD_207,60,0.5,20,0.0138542115024627,-0.0120208550881709,0.0129375332953168,0.0129375332953168,0.0009166782071458,0.0009166782071458,0.0120208550881709,True,0.0009295196676122,0.1530079634611344,0.0845546401812158,0.0059910490043136,0.0845546401812158,0.0059910490043136
1,3MIDD_207,72,0.0,24,0.0110109705328211,-0.0062872406428029,0.008649105587812,0.008649105587812,0.0023618649450091,0.0023618649450091,0.0062872406428029,True,0.0086219855911106,0.1601990246878729,0.0539897518393991,0.0147433166313646,0.0539897518393991,0.0147433166313646
1,3MIDD_207,72,0.5,24,0.0087021818562434,-0.0097753462395366,0.00923876404789,0.00923876404789,-0.0005365821916465,0.0005365821916465,0.0087021818562434,True,0.0019923144874968,0.1616557269717899,0.057150861407479,-0.0033192897133809,0.057150861407479,0.0033192897133809
1,3MIDD_207,84,0.0,28,0.0025249284134047,-0.0028748510206592,0.0026998897170319,0.0026998897170319,-0.0001749613036272,0.0001749613036272,0.0025249284134047,True,-0.004611286959546,0.1626208601401191,0.01660235786913,-0.0010758847510491,0.01660235786913,0.0010758847510491
1,3MIDD_207,84,0.5,28,0.0066247468794175,-9.237578263250882e-05,0.003358561331025,0.003358561331025,0.0032661855483925,0.0032661855483925,9.237578263250872e-05,True,-0.0008687546887575,0.1642168486194328,0.0204519899100511,0.0198894667377389,0.0204519899100511,0.0198894667377389
1,3MIDD_207,96,0.0,32,0.0043045339334095,-0.0004482539088698,0.0023763939211396,0.0023763939211396,0.0019281400122698,0.0019281400122698,0.0004482539088698,True,-0.0010654360549506,0.1677205536519752,0.0141687698340823,0.0114961462401964,0.0141687698340823,0.0114961462401964
1,3MIDD_207,96,0.5,32,0.0037372637305475,0.000634461008183,0.0015514013611822,0.0015514013611822,0.0021858623693652,0.0021858623693652,-0.000634461008183,False,-0.0002829557024725,0.1702371836706257,0.0091131756748509,0.0128400994555601,0.0091131756748509,0.0128400994555601
1,3MIDD_207,120,0.0,40,0.0015137236368863,-0.0001159937284595,0.0008148586826729,0.0008148586826729,0.0006988649542134,0.0006988649542134,0.0001159937284595,True,0.0022757561696133,0.1681596044528195,0.0048457457147597,0.004155962167534,0.0048457457147597,0.004155962167534
1,3MIDD_207,120,0.5,40,-0.0003472804453537,0.0032467540514318,-0.0017970172483928,0.0017970172483928,0.001449736803039,0.001449736803039,0.0003472804453537,True,0.0017134238503072,0.1692295016373319,-0.0106188178243526,0.0085666907307091,0.0106188178243526,0.0085666907307091
1,4MIDD_085_170,32,0.0,8,-0.0956419402541907,0.0992106993606662,-0.0974263198074285,0.0974263198074285,0.0017843795532377,0.0017843795532377,0.0956419402541907,True,-0.0030944820064918,0.1779119915559529,-0.5476096296566281,0.010029563143171,0.5476096296566281,0.010029563143171
1,4MIDD_085_170,32,0.5,8,-0.081247580893374,0.069301813549054,-0.075274697221214,0.075274697221214,-0.0059728836721599,0.0059728836721599,0.069301813549054,True,0.0004322851162098,0.1720580686531313,-0.4374958861880965,-0.0347143480042271,0.4374958861880965,0.0347143480042271
1,4MIDD_085_170,48,0.0,12,-0.062741058744115,0.0659678764386346,-0.0643544675913748,0.0643544675913748,0.0016134088472597,0.0016134088472597,0.062741058744115,True,0.0105950346813965,0.1549668290963221,-0.415278985616814,0.0104113174197875,0.415278985616814,0.0104113174197875
1,4MIDD_085_170,48,0.5,12,-0.0582457820116337,0.0604939496495762,-0.059369865830605,0.059369865830605,0.0011240838189712,0.0011240838189712,0.0582457820116337,True,-0.003770447102737,0.1553975838703614,-0.3820514087280379,0.0072335990751891,0.3820514087280379,0.0072335990751891
1,4MIDD_085_170,64,0.0,16,-0.0203805026349376,0.0303838117230743,-0.0253821571790059,0.0253821571790059,0.0050016545440683,0.0050016545440683,0.0203805026349376,True,0.0067318948977837,0.1470668144601232,-0.1725892906036138,0.0340094028855471,0.1725892906036138,0.0340094028855471
1,4MIDD_085_170,64,0.5,16,-0.0211574768066296,0.0255820422417861,-0.0233697595242078,0.0233697595242078,0.0022122827175782,0.0022122827175782,0.0211574768066296,True,0.0008602546324306,0.148928342597147,-0.1569194897134076,0.014854678961697,0.1569194897134076,0.014854678961697
1,4MIDD_085_170,72,0.0,18,-0.0158778695979257,0.0101884571046253,-0.0130331633512755,0.0130331633512755,-0.0028447062466501,0.0028447062466501,0.0101884571046253,True,-0.0041741194688223,0.1492848706861729,-0.0873039799101537,-0.0190555562233116,0.0873039799101537,0.0190555562233116
1,4MIDD_085_170,72,0.5,18,-0.0158470432918916,0.0171634791088157,-0.0165052612003537,0.0165052612003537,0.000658217908462,0.000658217908462,0.0158470432918916,True,-0.001239670185188,0.1518181014163962,-0.1087173469195497,0.0043355693578115,0.1087173469195497,0.0043355693578115
1,4MIDD_085_170,80,0.0,20,-0.0050222233459103,0.0013481541690543,-0.0031851887574823,0.0031851887574823,-0.001837034588428,0.001837034588428,0.0013481541690543,True,-0.0003599131923892,0.1531100820472587,-0.0208032594254581,-0.0119981294756343,0.0208032594254581,0.0119981294756343
1,4MIDD_085_170,80,0.5,20,-0.0026037334832393,-0.0001278494787837,-0.0012379420022278,0.0012379420022278,-0.0013657914810115,0.0013657914810115,-0.0001278494787837,False,0.0029836609069196,0.1556169407647507,-0.0079550593665713,-0.0087766246675949,0.0079550593665713,0.0087766246675949
1,4MIDD_085_170,96,0.0,24,-0.0011036888648372,-0.0033019235801502,0.0010991173576564,0.0010991173576564,-0.0022028062224937,0.0022028062224937,-0.0011036888648372,False,-0.0041169114689373,0.1578713648506959,0.0069621071477779,-0.0139531714606826,0.0069621071477779,0.0139531714606826
1,4MIDD_085_170,96,0.5,24,-0.0015923590284806,-0.0036532022456442,0.0010304216085818,0.0010304216085818,-0.0026227806370624,0.0026227806370624,-0.0015923590284806,False,-0.0047351965735641,0.1591370645188619,0.0064750572828348,-0.0164812681759098,0.0064750572828348,0.0164812681759098
1,4MIDD_085_170,120,0.0,30,-7.924412990543101e-06,0.0028757154099479,-0.0014418199114692,0.0014418199114692,0.0014338954984787,0.0014338954984787,7.924412990543105e-06,True,0.0015849742730325,0.1618986582609811,-0.0089056940122693,0.0088567472632618,0.0089056940122693,0.0088567472632618
1,4MIDD_085_170,120,0.5,30,0.0003944352085344,-0.0023870178181157,0.001390726513325,0.001390726513325,-0.0009962913047906,0.0009962913047906,0.0003944352085344,True,-0.0031165517667556,0.1608274398040747,0.0086473210978133,-0.0061947843353371,0.0086473210978133,0.0061947843353371
2,3MIDD_048,36,0.0,12,-0.0161705963316062,0.014827094402687,-0.0154988453671466,0.0154988453671466,-0.0006717509644596,0.0006717509644596,0.014827094402687,True,0.0109078522286909,0.0789767968734271,-0.1962455554127623,-0.0085056749710448,0.1962455554127623,0.0085056749710448
2,3MIDD_048,36,0.5,12,-0.0135720964282431,0.0015077319960867,-0.0075399142121649,0.0075399142121649,-0.0060321822160781,0.0060321822160781,0.0015077319960867,True,0.0028053643487823,0.0800425020601583,-0.0941988820701547,-0.0753622395704786,0.0941988820701547,0.0753622395704786
2,3MIDD_048,48,0.0,16,-0.0149473233686808,0.0152361250629318,-0.0150917242158063,0.0150917242158063,0.0001444008471254,0.0001444008471254,0.0149473233686808,True,0.0019012681210036,0.0899893797548861,-0.1677056143393068,0.0016046432092187,0.1677056143393068,0.0016046432092187
2,3MIDD_048,48,0.5,16,-0.0037453025393461,0.0093132113488511,-0.0065292569440986,0.0065292569440986,0.0027839544047524,0.0027839544047524,0.0037453025393461,True,0.0032038965200653,0.0858373430617409,-0.0760654595215312,0.0324329051372201,0.0760654595215312,0.0324329051372201
2,3MIDD_048,60,0.0,20,0.0025351826492357,0.008990740868964,-0.0032277791098641,0.0032277791098641,0.0057629617590999,0.0057629617590999,-0.0025351826492357,False,0.0186086323412921,0.1004262482454759,-0.0321407915386258,0.0573850149715169,0.0321407915386258,0.0573850149715169
2,3MIDD_048,60,0.5,20,-0.0110594040151306,0.016154649003451,-0.0136070265092908,0.0136070265092908,0.0025476224941601,0.0025476224941601,0.0110594040151306,True,0.010279266414279,0.1110058519267125,-0.1225793620166473,0.0229503440579165,0.1225793620166473,0.0229503440579165
2,3MIDD_048,72,0.0,24,0.0005880476235095,0.023965296454374,-0.0116886244154322,0.0116886244154322,0.0122766720389417,0.0122766720389417,-0.0005880476235095,False,-0.0088940039593344,0.1192112247061296,-0.098049696614108,0.102982517537298,0.098049696614108,0.102982517537298
2,3MIDD_048,72,0.5,24,0.0038210869208935,0.0185860894041674,-0.0073825012416369,0.0073825012416369,0.0112035881625305,0.0112035881625305,-0.0038210869208935,False,0.015537088650107,0.1250291219310112,-0.0590462536057037,0.0896078288761595,0.0590462536057037,0.0896078288761595
2,3MIDD_048,84,0.0,28,0.0160051491409114,0.018460990874292,-0.0012279208666902,0.0012279208666902,0.0172330700076017,0.0172330700076017,-0.0160051491409114,False,0.0029788396677324,0.1436731967587538,-0.0085466245228199,0.1199463114650281,0.0085466245228199,0.1199463114650281
2,3MIDD_048,84,0.5,28,0.0258369933796419,0.0231569559104684,0.0013400187345867,0.0013400187345867,0.0244969746450551,0.0244969746450551,-0.0231569559104684,False,0.0100914876283564,0.1506391876851819,0.0088955520484301,0.1626201987775648,0.0088955520484301,0.1626201987775648
2,3MIDD_048,96,0.0,32,0.0275541012025836,0.0210842375204986,0.0032349318410424,0.0032349318410424,0.0243191693615411,0.0243191693615411,-0.0210842375204986,False,0.0124800217665494,0.1627825261519902,0.019872721707378,0.1493966824107047,0.019872721707378,0.1493966824107047
2,3MIDD_048,96,0.5,32,0.020936497335513,0.0273877340571456,-0.0032256183608163,0.0032256183608163,0.0241621156963293,0.0241621156963293,-0.020936497335513,False,0.0122432115844492,0.1708259395014997,-0.0188824857057963,0.1414428965930972,0.0188824857057963,0.1414428965930972
2,3MIDD_048,120,0.0,40,0.0251234870273169,0.017734800059819,0.0036943434837489,0.0036943434837489,0.0214291435435679,0.0214291435435679,-0.017734800059819,False,0.0205862472193322,0.1628827551639962,0.0226809982433643,0.1315617698263535,0.0226809982433643,0.1315617698263535
2,3MIDD_048,120,0.5,40,0.0284305827655866,0.0216186164201706,0.003405983172708,0.003405983172708,0.0250245995928786,0.0250245995928786,-0.0216186164201706,False,0.0099020459958212,0.1746027806038239,0.0195070385530471,0.1433230301736133,0.0195070385530471,0.1433230301736133
2,3MIDD_207,36,0.0,12,0.0340252482050907,-0.0383528404218839,0.0361890443134873,0.0361890443134873,-0.0021637961083966,0.0021637961083966,0.0340252482050907,True,-0.0012142092854846,0.1103386996337683,0.3279814283982369,-0.0196104912925255,0.3279814283982369,0.0196104912925255
2,3MIDD_207,36,0.5,12,0.0355347093250846,-0.0457203084876304,0.0406275089063575,0.0406275089063575,-0.0050927995812728,0.0050927995812728,0.0355347093250846,True,-0.0027469002075424,0.1131517708498942,0.3590532309057141,-0.0450085716115652,0.3590532309057141,0.0450085716115652
2,3MIDD_207,48,0.0,16,0.027720644880227,-0.0186955530031638,0.0232080989416954,0.0232080989416954,0.0045125459385316,0.0045125459385316,0.0186955530031638,True,-0.0001257070093238,0.1078936430820866,0.2151016341531675,0.0418240204856036,0.2151016341531675,0.0418240204856036
2,3MIDD_207,48,0.5,16,0.0232702578408934,-0.0139111234961598,0.0185906906685266,0.0185906906685266,0.0046795671723667,0.0046795671723667,0.0139111234961598,True,-0.0032398762970934,0.1050544590427456,0.1769624139510562,0.0445442032161881,0.1769624139510562,0.0445442032161881
2,3MIDD_207,60,0.0,20,0.0393577112489494,0.0002730408492984,0.0195423351998254,0.0195423351998254,0.0198153760491239,0.0198153760491239,-0.0002730408492984,False,0.0103251030951706,0.1379715728052604,0.1416403017120668,0.1436192662461873,0.1416403017120668,0.1436192662461873
2,3MIDD_207,60,0.5,20,0.0230152883814224,0.000807295798517,0.0111039962914527,0.0111039962914527,0.0119112920899697,0.0119112920899697,-0.000807295798517,False,0.0124125340781999,0.1296534224828959,0.0856436805045972,0.0918702480957734,0.0856436805045972,0.0918702480957734
2,3MIDD_207,72,0.0,24,0.0219577415405152,0.0256205255466249,-0.0018313920030548,0.0018313920030548,0.02378913354357,0.02378913354357,-0.0219577415405152,False,0.0112203500299379,0.1594956120866177,-0.0114823974095304,0.1491522759300165,0.0114823974095304,0.1491522759300165
2,3MIDD_207,72,0.5,24,0.0320857918212957,0.0038443423519919,0.0141207247346518,0.0141207247346518,0.0179650670866438,0.0179650670866438,-0.0038443423519919,False,-0.0029640585002329,0.1393982017171317,0.1012977539215736,0.1288758883927265,0.1012977539215736,0.1288758883927265
2,3MIDD_207,84,0.0,28,0.0287178840122227,0.0276846187312723,0.0005166326404751,0.0005166326404751,0.0282012513717475,0.0282012513717475,-0.0276846187312723,False,0.0006017960191912,0.1982236611048353,0.0026063116663048,0.1422698542371925,0.0026063116663048,0.1422698542371925
2,3MIDD_207,84,0.5,28,0.0417499375387291,0.0281723167480147,0.0067888103953571,0.0067888103953571,0.0349611271433719,0.0349611271433719,-0.0281723167480147,False,0.0143150543222054,0.171061556931541,0.0396863592097087,0.2043774637066082,0.0396863592097087,0.2043774637066082
2,3MIDD_207,96,0.0,32,0.0388736737228101,0.0337810782883034,0.0025462977172533,0.0025462977172533,0.0363273760055567,0.0363273760055567,-0.0337810782883034,False,0.0117545274281504,0.2251536139385768,0.0113091576577937,0.1613448497232076,0.0113091576577937,0.1613448497232076
2,3MIDD_207,96,0.5,32,0.0294640135122176,0.0296851257266227,-0.0001105561072025,0.0001105561072025,0.0295745696194201,0.0295745696194201,-0.0294640135122176,False,0.004828173466883,0.1929730567750789,-0.0005729095504322,0.1532575071031342,0.0005729095504322,0.1532575071031342
2,3MIDD_207,120,0.0,40,0.0170830935803465,0.043820615031853,-0.0133687607257532,0.0133687607257532,0.0304518543060997,0.0304518543060997,-0.0170830935803465,False,0.035378283946827,0.2449036644383579,-0.0545878345937047,0.1243421750178201,0.0545878345937047,0.1243421750178201
2,3MIDD_207,120,0.5,40,0.0234135282897256,0.0283687563613875,-0.0024776140358309,0.0024776140358309,0.0258911423255566,0.0258911423255566,-0.0234135282897256,False,0.0156385442517416,0.2316249108744006,-0.0106966648210583,0.1117804739905379,0.0106966648210583,0.1117804739905379
2,4MIDD_085_170,32,0.0,8,-0.0768580333140856,0.0502260906891916,-0.0635420620016386,0.0635420620016386,-0.0133159713124469,0.0133159713124469,0.0502260906891916,True,-0.0210723927576875,0.1507608005147972,-0.4214760188634178,-0.0883251565856471,0.4214760188634178,0.0883251565856471
2,4MIDD_085_170,32,0.5,8,-0.0664610454484916,0.0470705833555932,-0.0567658144020424,0.0567658144020424,-0.0096952310464491,0.0096952310464491,0.0470705833555932,True,-0.0117120155393132,0.1456195734831803,-0.3898226937781763,-0.0665791748632544,0.3898226937781763,0.0665791748632544
2,4MIDD_085_170,48,0.0,12,-0.050743756554483,0.0167449842931703,-0.0337443704238266,0.0337443704238266,-0.0169993861306563,0.0169993861306563,0.0167449842931703,True,-0.0138686661126465,0.1144240233106062,-0.2949063443803837,-0.1485648348905822,0.2949063443803837,0.1485648348905822
2,4MIDD_085_170,48,0.5,12,-0.0339737568001473,0.0280846428308274,-0.0310291998154873,0.0310291998154873,-0.0029445569846599,0.0029445569846599,0.0280846428308274,True,-0.0047273284313108,0.1105518041865484,-0.2806756528652194,-0.0266350875621278,0.2806756528652194,0.0266350875621278
2,4MIDD_085_170,64,0.0,16,-0.011764087029301,0.0126775740854922,-0.0122208305573966,0.0122208305573966,0.0004567435280956,0.0004567435280956,0.011764087029301,True,-0.0019738569033815,0.0910840275500242,-0.1341709505619396,0.0050145293349567,0.1341709505619396,0.0050145293349567
2,4MIDD_085_170,64,0.5,16,-0.0131813831042965,0.0125776239775272,-0.0128795035409119,0.0128795035409119,-0.0003018795633846,0.0003018795633846,0.0125776239775272,True,-0.0010417664965763,0.0931197656395116,-0.1383111679079119,-0.0032418419581645,0.1383111679079119,0.0032418419581645
2,4MIDD_085_170,72,0.0,18,-0.0055179692525916,0.00832677707577,-0.0069223731641808,0.0069223731641808,0.0014044039115892,0.0014044039115892,0.0055179692525916,True,0.0064102672784534,0.0942800744807623,-0.0734235012255253,0.0148960840275511,0.0734235012255253,0.0148960840275511
2,4MIDD_085_170,72,0.5,18,-0.0143345227872871,0.0028709624844859,-0.0086027426358865,0.0086027426358865,-0.0057317801514006,0.0057317801514006,0.0028709624844859,True,-0.0093398339885249,0.0983817380404694,-0.0874424746628055,-0.0582606108162353,0.0874424746628055,0.0582606108162353
2,4MIDD_085_170,80,0.0,20,0.003800080449583,0.0062635103030481,-0.0012317149267325,0.0012317149267325,0.0050317953763155,0.0050317953763155,-0.003800080449583,False,0.0082885043976492,0.1024050917677394,-0.0120278680041237,0.0491361834597832,0.0120278680041237,0.0491361834597832
2,4MIDD_085_170,80,0.5,20,-0.0021016570861365,0.0049915643329862,-0.0035466107095614,0.0035466107095614,0.0014449536234248,0.0014449536234248,0.0021016570861365,True,0.0092655114975779,0.1023138127842548,-0.0346640459684562,0.014122761962471,0.0346640459684562,0.014122761962471
2,4MIDD_085_170,96,0.0,24,0.0113113959918846,0.0029931716336863,0.0041591121790991,0.0041591121790991,0.0071522838127855,0.0071522838127855,-0.0029931716336863,False,-0.0002408477362884,0.1221915789410131,0.0340376334862401,0.0585333610938786,0.0340376334862401,0.0585333610938786
2,4MIDD_085_170,96,0.5,24,0.0156737259213419,0.0156431148221871,1.5305549577408067e-05,1.5305549577408067e-05,0.0156584203717645,0.0156584203717645,-0.0156431148221871,False,0.0079916983958408,0.1204334982690416,0.0001270871459966,0.1300171513475803,0.0001270871459966,0.1300171513475803
2,4MIDD_085_170,120,0.0,30,0.0216649517002139,0.0210711227319876,0.0002969144841131,0.0002969144841131,0.0213680372161007,0.0213680372161007,-0.0210711227319876,False,0.0196840410437963,0.1585124523564905,0.0018731303421221,0.1348035242559027,0.0018731303421221,0.1348035242559027
2,4MIDD_085_170,120,0.5,30,0.0259764261779576,0.0288194026213723,-0.0014214882217073,0.0014214882217073,0.027397914399665,0.027397914399665,-0.0259764261779576,False,0.0174370178870798,0.1562984162638377,-0.0090947064959878,0.1752923353581285,0.0090947064959878,0.1752923353581285
3,3MIDD_048,36,0.0,12,-0.0699224577215022,0.0887946285794208,-0.0793585431504615,0.0793585431504615,0.0094360854289593,0.0094360854289593,0.0699224577215022,True,0.0275974486715455,0.1777130561823691,-0.4465543773498767,0.053097311090503,0.4465543773498767,0.053097311090503
3,3MIDD_048,36,0.5,12,-0.0622016612523108,0.0815327487036434,-0.0718672049779771,0.0718672049779771,0.0096655437256662,0.0096655437256662,0.0622016612523108,True,0.013539887041038,0.1620798920672551,-0.4434060515548455,0.0596344407834103,0.4434060515548455,0.0596344407834103
3,3MIDD_048,48,0.0,16,-0.080969928622897,0.0809045591694868,-0.0809372438961919,0.0809372438961919,-3.268472670507616e-05,3.268472670507616e-05,0.0809045591694868,True,-0.0241750454963455,0.1432620892855411,-0.564959259632692,-0.0002281463775104,0.564959259632692,0.0002281463775104
3,3MIDD_048,48,0.5,16,-0.040958522134811,0.0579904405778303,-0.0494744813563207,0.0494744813563207,0.0085159592215096,0.0085159592215096,0.040958522134811,True,0.008469443281564,0.1499603508275939,-0.3299170819705565,0.0567880721438179,0.3299170819705565,0.0567880721438179
3,3MIDD_048,60,0.0,20,-0.040008340918287,0.0627078706744383,-0.0513581057963627,0.0513581057963627,0.0113497648780756,0.0113497648780756,0.040008340918287,True,0.0274948666715859,0.1274847887198663,-0.402856735396224,0.0890283852061403,0.402856735396224,0.0890283852061403
3,3MIDD_048,60,0.5,20,-0.0299367920922326,0.0555198827899728,-0.0427283374411027,0.0427283374411027,0.0127915453488701,0.0127915453488701,0.0299367920922326,True,0.0058138408631455,0.1401020513527367,-0.3049800986391347,0.0913016278160315,0.3049800986391347,0.0913016278160315
3,3MIDD_048,72,0.0,24,-0.0201327323285837,0.0404374052461442,-0.030285068787364,0.030285068787364,0.0101523364587802,0.0101523364587802,0.0201327323285837,True,0.0012335401480257,0.1151964329640718,-0.2628993624898918,0.0881306495136582,0.2628993624898918,0.0881306495136582
3,3MIDD_048,72,0.5,24,-0.0019544449703265,0.0342911572113908,-0.0181228010908587,0.0181228010908587,0.0161683561205321,0.0161683561205321,0.0019544449703265,True,0.002550850137659,0.1102026421512943,-0.164449787564788,0.1467147774763426,0.164449787564788,0.1467147774763426
3,3MIDD_048,84,0.0,28,0.0199833000542659,0.022534807458189,-0.0012757537019615,0.0012757537019615,0.0212590537562274,0.0212590537562274,-0.0199833000542659,False,0.013288946222716,0.1110297376581158,-0.0114901982916495,0.1914717102339612,0.0114901982916495,0.1914717102339612
3,3MIDD_048,84,0.5,28,0.0044859335775621,0.040397487261185,-0.0179557768418114,0.0179557768418114,0.0224417104193735,0.0224417104193735,-0.0044859335775621,False,0.0125067077339803,0.1117472799847744,-0.1606820035732228,0.2008255630242743,0.1606820035732228,0.2008255630242743
3,3MIDD_048,96,0.0,32,0.0191363554061989,0.0214374653793564,-0.0011505549865787,0.0011505549865787,0.0202869103927776,0.0202869103927776,-0.0191363554061989,False,0.0003259914484271,0.1248511866275895,-0.0092154109036278,0.1624887271058959,0.0092154109036278,0.1624887271058959
3,3MIDD_048,96,0.5,32,0.0141242452337159,0.0431868196425421,-0.0145312872044131,0.0145312872044131,0.028655532438129,0.028655532438129,-0.0141242452337159,False,0.0153051359373842,0.1163244080880135,-0.1249203623148327,0.2463415280518568,0.1249203623148327,0.2463415280518568
3,3MIDD_048,120,0.0,40,0.0182533934720533,0.0242564379389309,-0.0030015222334388,0.0030015222334388,0.0212549157054921,0.0212549157054921,-0.0182533934720533,False,0.0135447665491921,0.1401770143059523,-0.0214123709817905,0.1516291084578311,0.0214123709817905,0.1516291084578311
3,3MIDD_048,120,0.5,40,0.0221198970183333,0.0232043965638383,-0.0005422497727525,0.0005422497727525,0.0226621467910858,0.0226621467910858,-0.0221198970183333,False,0.0164138056059135,0.1396312796437381,-0.003883440545242,0.1622999291341247,0.003883440545242,0.1622999291341247
3,3MIDD_207,36,0.0,12,0.0495066566760685,-0.0145018427787754,0.032004249727422,0.032004249727422,0.0175024069486465,0.0175024069486465,0.0145018427787754,True,0.0114512625248191,0.1952076251939198,0.1639497929224276,0.089660467572717,0.1639497929224276,0.089660467572717
3,3MIDD_207,36,0.5,12,0.0563409023701704,-0.0128020795501314,0.0345714909601509,0.0345714909601509,0.0217694114100194,0.0217694114100194,0.0128020795501314,True,0.0218490218259626,0.2007550529248396,0.1722073265727168,0.1084376761274831,0.1722073265727168,0.1084376761274831
3,3MIDD_207,48,0.0,16,0.0818606397780688,-0.0200997572369857,0.0509801985075273,0.0509801985075273,0.0308804412705415,0.0308804412705415,0.0200997572369857,True,0.0469897138275298,0.1816341946610053,0.2806751151823293,0.170014469622174,0.2806751151823293,0.170014469622174
3,3MIDD_207,48,0.5,16,0.0369177668210858,0.0056548188124018,0.015631474004342,0.015631474004342,0.0212862928167438,0.0212862928167438,-0.0056548188124018,False,0.0314505178061551,0.1743598657488837,0.0896506425788074,0.122082525845717,0.0896506425788074,0.122082525845717
3,3MIDD_207,60,0.0,20,0.0545173025558463,0.0048104211691531,0.0248534406933466,0.0248534406933466,0.0296638618624997,0.0296638618624997,-0.0048104211691531,False,-0.0020104239354957,0.1590395631543427,0.1562720633810289,0.1865187584407029,0.1562720633810289,0.1865187584407029
3,3MIDD_207,60,0.5,20,0.0516542572641486,-0.0027175957232575,0.0271859264937031,0.0271859264937031,0.0244683307704455,0.0244683307704455,0.0027175957232575,True,0.0257735684601445,0.149379706754782,0.1819920997591114,0.1637995635552571,0.1819920997591114,0.1637995635552571
3,3MIDD_207,72,0.0,24,0.0514033694363738,0.0187260120687047,0.0163386786838345,0.0163386786838345,0.0350646907525393,0.0350646907525393,-0.0187260120687047,False,0.0493505233522813,0.1457850100321445,0.1120737905785511,0.2405232934772088,0.1120737905785511,0.2405232934772088
3,3MIDD_207,72,0.5,24,0.0551000550795859,0.009444530691411,0.0228277621940874,0.0228277621940874,0.0322722928854985,0.0322722928854985,-0.009444530691411,False,0.0337509687733326,0.1303297338410793,0.1751539078712692,0.2476203390766567,0.1751539078712692,0.2476203390766567
3,3MIDD_207,84,0.0,28,0.0349780951037062,0.0302916295677855,0.0023432327679603,0.0023432327679603,0.0326348623357459,0.0326348623357459,-0.0302916295677855,False,0.0017336229733881,0.1424287277296531,0.0164519672773322,0.2291311791936442,0.0164519672773322,0.2291311791936442
3,3MIDD_207,84,0.5,28,0.0418946900099311,0.0349146221380532,0.0034900339359389,0.0034900339359389,0.0384046560739922,0.0384046560739922,-0.0349146221380532,False,0.0410548351408513,0.1376121272242337,0.025361383522922,0.2790790088682611,0.025361383522922,0.2790790088682611
3,3MIDD_207,96,0.0,32,0.0514612874906769,0.0184734836424702,0.0164939019241033,0.0164939019241033,0.0349673855665736,0.0349673855665736,-0.0184734836424702,False,0.0474772698505755,0.1534720123259092,0.1074717251317285,0.2278420999153758,0.1074717251317285,0.2278420999153758
3,3MIDD_207,96,0.5,32,0.0468115201730137,0.0365718396770401,0.0051198402479868,0.0051198402479868,0.0416916799250269,0.0416916799250269,-0.0365718396770401,False,0.0214481279473322,0.1426232004158755,0.0358976676519517,0.2923204626137827,0.0358976676519517,0.2923204626137827
3,3MIDD_207,120,0.0,40,0.0261333399004103,0.0293230033996611,-0.0015948317496254,0.0015948317496254,0.0277281716500357,0.0277281716500357,-0.0261333399004103,False,0.0190447987797168,0.1713409625917367,-0.0093079420443405,0.1618303716205049,0.0093079420443405,0.1618303716205049
3,3MIDD_207,120,0.5,40,0.0272478146482546,0.0279606559032644,-0.0003564206275048,0.0003564206275048,0.0276042352757595,0.0276042352757595,-0.0272478146482546,False,0.0188060511506321,0.1749209974341187,-0.0020376091648981,0.1578097294246007,0.0020376091648981,0.1578097294246007
3,4MIDD_085_170,32,0.0,8,-0.0934698634481857,0.0999221509140705,-0.0966960071811281,0.0966960071811281,0.0032261437329424,0.0032261437329424,0.0934698634481857,True,-0.0205984378296174,0.2288790422721931,-0.4224764583999478,0.0140954090899495,0.4224764583999478,0.0140954090899495
3,4MIDD_085_170,32,0.5,8,-0.0925667042340536,0.1171348666589846,-0.1048507854465191,0.1048507854465191,0.0122840812124654,0.0122840812124654,0.0925667042340536,True,0.0278455560830848,0.2280976480123196,-0.4596749960387845,0.0538544843382252,0.4596749960387845,0.0538544843382252
3,4MIDD_085_170,48,0.0,12,-0.1060682760742814,0.1249876041845713,-0.1155279401294263,0.1155279401294263,0.0094596640551449,0.0094596640551449,0.1060682760742814,True,0.0162333195866821,0.2161129845646773,-0.5345719525466629,0.0437718449643358,0.5345719525466629,0.0437718449643358
3,4MIDD_085_170,48,0.5,12,-0.0984673849190128,0.1148845123831363,-0.1066759486510745,0.1066759486510745,0.0082085637320617,0.0082085637320617,0.0984673849190128,True,-0.0037526496240015,0.2119392283697403,-0.5033327217034695,0.0387307427473568,0.5033327217034695,0.0387307427473568
3,4MIDD_085_170,64,0.0,16,-0.0222651039023254,0.0820487247708546,-0.05215691433659,0.05215691433659,0.0298918104342646,0.0298918104342646,0.0222651039023254,True,0.0304184072323623,0.182754091789705,-0.2853939620493256,0.1635630159715444,0.2853939620493256,0.1635630159715444
3,4MIDD_085_170,64,0.5,16,-0.0416862930972174,0.077515981024276,-0.0596011370607467,0.0596011370607467,0.0179148439635293,0.0179148439635293,0.0416862930972174,True,0.0083087692051493,0.1813874846762215,-0.3285846163374245,0.0987656011411563,0.3285846163374245,0.0987656011411563
3,4MIDD_085_170,72,0.0,18,-0.0341451000586679,0.0631021284485037,-0.0486236142535858,0.0486236142535858,0.0144785141949179,0.0144785141949179,0.0341451000586679,True,0.0168318715665966,0.1782532704393674,-0.2727782448744751,0.0812243958230362,0.2727782448744751,0.0812243958230362
3,4MIDD_085_170,72,0.5,18,-0.0198711066525916,0.060504924861271,-0.0401880157569313,0.0401880157569313,0.0203169091043396,0.0203169091043396,0.0198711066525916,True,0.0086499457852084,0.1792248936971264,-0.2242323313905566,0.1133598613743546,0.2242323313905566,0.1133598613743546
3,4MIDD_085_170,80,0.0,20,0.0244555562261473,0.0178696568235612,0.003292949701293,0.003292949701293,0.0211626065248543,0.0211626065248543,-0.0178696568235612,False,0.0240656779719248,0.1650331982381778,0.0199532562929586,0.1282324208145816,0.0199532562929586,0.1282324208145816
3,4MIDD_085_170,80,0.5,20,0.0130322113049347,0.0155489232618335,-0.0012583559784494,0.0012583559784494,0.0142905672833841,0.0142905672833841,-0.0130322113049347,False,0.0247610779622417,0.1562197864727305,-0.0080550358367637,0.0914773192695324,0.0080550358367637,0.0914773192695324
3,4MIDD_085_170,96,0.0,24,0.034627101618366,0.0113246646956326,0.0116512184613667,0.0116512184613667,0.0229758831569993,0.0229758831569993,-0.0113246646956326,False,0.0193011343570195,0.1365532713979712,0.0853236128441797,0.1682558236927063,0.0853236128441797,0.1682558236927063
3,4MIDD_085_170,96,0.5,24,0.0304074728619428,0.0118187202399006,0.009294376311021,0.009294376311021,0.0211130965509217,0.0211130965509217,-0.0118187202399006,False,0.0135647036852945,0.1330089080347056,0.0698778483964089,0.1587344551795941,0.0698778483964089,0.1587344551795941
3,4MIDD_085_170,120,0.0,30,0.0359795524387838,0.0352842783837532,0.0003476370275153,0.0003476370275153,0.0356319154112685,0.0356319154112685,-0.0352842783837532,False,0.029055160695578,0.1366873742371249,0.0025433002093685,0.2606818340767478,0.0025433002093685,0.2606818340767478
3,4MIDD_085_170,120,0.5,30,0.0347181181116071,0.0272205316820947,0.0037487932147562,0.0037487932147562,0.0309693248968509,0.0309693248968509,-0.0272205316820947,False,0.0119162604260941,0.1376350193620313,0.0272372048344432,0.2250105027078181,0.0272372048344432,0.2250105027078181
4,3MIDD_048,36,0.0,12,-0.0360957981789725,0.0304157236584168,-0.0332557609186947,0.0332557609186947,-0.0028400372602778,0.0028400372602778,0.0304157236584168,True,-0.00912873512291,0.3225447129473218,-0.103104343626696,-0.008805096305335,0.103104343626696,0.008805096305335
4,3MIDD_048,36,0.5,12,-0.0304835879836762,0.0312915669678068,-0.0308875774757415,0.0308875774757415,0.0004039894920652,0.0004039894920652,0.0304835879836762,True,-0.0233476656886206,0.3211658314561713,-0.0961732988085835,0.001257884408916,0.0961732988085835,0.001257884408916
4,3MIDD_048,48,0.0,16,-0.0549028850835799,0.011766033937104,-0.0333344595103419,0.0333344595103419,-0.0215684255732379,0.0215684255732379,0.011766033937104,True,-0.0253819793373339,0.2975887287530807,-0.1120151950983354,-0.0724772932886648,0.1120151950983354,0.0724772932886648
4,3MIDD_048,48,0.5,16,-0.0212740481591547,-0.000763423506183,-0.0102553123264858,0.0102553123264858,-0.0110187358326688,0.0110187358326688,-0.000763423506183,False,-0.0216419773337766,0.3011769882788409,-0.034050783179328,-0.036585583432647,0.034050783179328,0.036585583432647
4,3MIDD_048,60,0.0,20,-0.0226114223993962,-0.0334488402187618,0.0054187089096827,0.0054187089096827,-0.028030131309079,0.028030131309079,-0.0226114223993962,False,-0.0056626227697689,0.2790922373158474,0.0194154769827957,-0.1004332172713119,0.0194154769827957,0.1004332172713119
4,3MIDD_048,60,0.5,20,-0.0402421366954078,0.0002295307456193,-0.0202358337205135,0.0202358337205135,-0.0200063029748942,0.0200063029748942,0.0002295307456193,True,-0.0210759366516411,0.278435545376467,-0.0726769051456886,-0.071852546512494,0.0726769051456886,0.071852546512494
4,3MIDD_048,72,0.0,24,-0.0164577429027549,-0.0170922311475074,0.0003172441223762,0.0003172441223762,-0.0167749870251311,0.0167749870251311,-0.0164577429027548,False,-0.0166918678402608,0.253070628571226,0.0012535793828281,-0.0662857919144492,0.0012535793828281,0.0662857919144492
4,3MIDD_048,72,0.5,24,-0.0304557437378894,-0.0123772595879494,-0.00903924207497,0.00903924207497,-0.0214165016629194,0.0214165016629194,-0.0123772595879494,False,-0.0139819134008026,0.2476439595080822,-0.0365009592518448,-0.0864810177702738,0.0365009592518448,0.0864810177702738
4,3MIDD_048,84,0.0,28,0.007638753240749,-0.0186089378242202,0.0131238455324846,0.0131238455324846,-0.0054850922917356,0.0054850922917356,0.007638753240749,True,-0.0211343486309795,0.2136104693426815,0.0614382130841671,-0.0256780124523588,0.0614382130841671,0.0256780124523588
4,3MIDD_048,84,0.5,28,-0.0017181793557368,-0.0122803429742193,0.0052810818092412,0.0052810818092412,-0.006999261164978,0.006999261164978,-0.0017181793557368,False,-0.0116550457136012,0.2106274917992383,0.0250730888172705,-0.0332305204092231,0.0250730888172705,0.0332305204092231
4,3MIDD_048,96,0.0,32,-0.0075861521432508,-0.032765534308596,0.0125896910826725,0.0125896910826725,-0.0201758432259234,0.0201758432259234,-0.0075861521432508,False,-0.0139835203327463,0.2150989867664762,0.0585297554020589,-0.0937979463744638,0.0585297554020589,0.0937979463744638
4,3MIDD_048,96,0.5,32,-0.0127349856870309,-0.0210484617634162,0.0041567380381926,0.0041567380381926,-0.0168917237252236,0.0168917237252236,-0.0127349856870309,False,-0.0007906560878949,0.2271850411451332,0.0182967065843793,-0.0743522709069239,0.0182967065843793,0.0743522709069239
4,3MIDD_048,120,0.0,40,-0.0009666823491989,0.0012835771105933,-0.0011251297298961,0.0011251297298961,0.0001584473806972,0.0001584473806972,0.0009666823491989,True,-0.0093129451907878,0.273102961574824,-0.0041198005448502,0.0005801745238629,0.0041198005448502,0.0005801745238629
4,3MIDD_048,120,0.5,40,0.0075877888476293,0.0051757967733058,0.0012059960371617,0.0012059960371617,0.0063817928104675,0.0063817928104675,-0.0051757967733058,False,-0.0093562243504936,0.269233821510056,0.0044793630696086,0.0237035331396104,0.0044793630696086,0.0237035331396104
4,3MIDD_207,36,0.0,12,0.0628437901866224,-0.0506920062693411,0.0567678982279818,0.0567678982279818,0.0060758919586406,0.0060758919586406,0.0506920062693411,True,-0.0088305030060043,0.2345491169072369,0.2420298953861901,0.0259045612226442,0.2420298953861901,0.0259045612226442
4,3MIDD_207,36,0.5,12,0.0690147909285414,-0.0592775647557754,0.0641461778421584,0.0641461778421584,0.004868613086383,0.004868613086383,0.0592775647557754,True,-0.0084023605739985,0.2406412259693094,0.2665635432323613,0.0202318329570177,0.2665635432323613,0.0202318329570177
4,3MIDD_207,48,0.0,16,0.0256908882424603,-0.0498150170210134,0.0377529526317368,0.0377529526317368,-0.0120620643892765,0.0120620643892765,0.0256908882424603,True,-0.0022973285613756,0.2152925056856111,0.1753565574031965,-0.0560264016198065,0.1753565574031965,0.0560264016198065
4,3MIDD_207,48,0.5,16,0.0242241840783032,-0.0401627843345934,0.0321934842064483,0.0321934842064483,-0.0079693001281451,0.0079693001281451,0.0242241840783032,True,-0.0007798292392123,0.2149147655732342,0.1497965210560563,-0.0370812126700038,0.1497965210560563,0.0370812126700038
4,3MIDD_207,60,0.0,20,0.0170276348221169,-0.0243111131759297,0.0206693739990233,0.0206693739990233,-0.0036417391769064,0.0036417391769064,0.0170276348221169,True,-0.0210501134296147,0.2120179585769186,0.0974887888637256,-0.0171765599544022,0.0974887888637256,0.0171765599544022
4,3MIDD_207,60,0.5,20,0.0212159381659586,-0.0374476591001138,0.0293317986330362,0.0293317986330362,-0.0081158604670776,0.0081158604670776,0.0212159381659586,True,-0.0402288947478578,0.2013947048080668,0.1456433457919861,-0.0402982813019448,0.1456433457919861,0.0402982813019448
4,3MIDD_207,72,0.0,24,0.0002652306662652,-0.0248238857420492,0.0125445582041572,0.0125445582041572,-0.012279327537892,0.012279327537892,0.0002652306662652,True,-0.0003039366176671,0.1975754705066054,0.0634924880704656,-0.0621500609686336,0.0634924880704656,0.0621500609686336
4,3MIDD_207,72,0.5,24,0.0047428185651914,-0.0295555585212709,0.0171491885432311,0.0171491885432311,-0.0124063699780397,0.0124063699780397,0.0047428185651914,True,-0.0138447241576609,0.1963974329052881,0.0873188019290523,-0.0631697155839234,0.0873188019290523,0.0631697155839234
4,3MIDD_207,84,0.0,28,0.0128332312925639,-0.0153550262314498,0.0140941287620068,0.0140941287620068,-0.0012608974694429,0.0012608974694429,0.0128332312925639,True,-0.0190274596787652,0.1898612361359351,0.0742338407188916,-0.0066411527445243,0.0742338407188916,0.0066411527445243
4,3MIDD_207,84,0.5,28,0.0030367554285126,-0.0286693757408434,0.015853065584678,0.015853065584678,-0.0128163101561653,0.0128163101561653,0.0030367554285126,True,-0.0240449212542384,0.1714221353935974,0.0924796879252394,-0.0747646161724577,0.0924796879252394,0.0747646161724577
4,3MIDD_207,96,0.0,32,-0.0084882751594442,-0.0141104330129945,0.0028110789267751,0.0028110789267751,-0.0112993540862194,0.0112993540862194,-0.0084882751594442,False,-0.0285933928174497,0.1901664536204678,0.0147822019775657,-0.0594182300353066,0.0147822019775657,0.0594182300353066
4,3MIDD_207,96,0.5,32,-0.0229170441248614,-0.0086604659737542,-0.0071282890755535,0.0071282890755535,-0.0157887550493078,0.0157887550493078,-0.0086604659737542,False,0.0012045530114663,0.182759716776057,-0.03900361196274,-0.0863907830884554,0.03900361196274,0.0863907830884554
4,3MIDD_207,120,0.0,40,0.0269976568846589,0.0091515199969186,0.0089230684438701,0.0089230684438701,0.0180745884407887,0.0180745884407887,-0.0091515199969186,False,0.0065759381343566,0.22582892852665,0.0395125128657604,0.0800366390555486,0.0395125128657604,0.0800366390555486
4,3MIDD_207,120,0.5,40,0.0008585306722406,0.0076104298943866,-0.0033759496110729,0.0033759496110729,0.0042344802833136,0.0042344802833136,-0.0008585306722406,False,-0.0178197034833053,0.2215437756948234,-0.0152382959100749,0.01911351501541,0.0152382959100749,0.01911351501541
4,4MIDD_085_170,32,0.0,8,-0.0656575965345181,0.108669742284206,-0.0871636694093621,0.0871636694093621,0.0215060728748439,0.0215060728748439,0.0656575965345181,True,0.0147827815043519,0.3326774425589183,-0.2620065512675243,0.0646454196275575,0.2620065512675243,0.0646454196275575
4,4MIDD_085_170,32,0.5,8,-0.0896061850792326,0.076365020878185,-0.0829856029787088,0.0829856029787088,-0.0066205821005237,0.0066205821005237,0.076365020878185,True,-0.0105752969211169,0.3102996830719498,-0.2674369569351665,-0.0213360904367686,0.2674369569351665,0.0213360904367686
4,4MIDD_085_170,48,0.0,12,-0.0813384409783159,0.0888270602856582,-0.085082750631987,0.085082750631987,0.0037443096536711,0.0037443096536711,0.0813384409783159,True,0.016026425834221,0.3018272874787453,-0.281892175299023,0.0124054709729809,0.281892175299023,0.0124054709729809
4,4MIDD_085_170,48,0.5,12,-0.0879493796084785,0.0597303300099995,-0.073839854809239,0.073839854809239,-0.0141095247992395,0.0141095247992395,0.0597303300099995,True,-0.0345258149584001,0.3058560447568761,-0.2414202892996085,-0.046131260248445,0.2414202892996085,0.046131260248445
4,4MIDD_085_170,64,0.0,16,-0.0615693951430641,0.0399118176161307,-0.0507406063795974,0.0507406063795974,-0.0108287887634667,0.0108287887634667,0.0399118176161307,True,0.0192019758603475,0.289746143746183,-0.1751209031587528,-0.0373733662973361,0.1751209031587528,0.0373733662973361
4,4MIDD_085_170,64,0.5,16,-0.0618548569925484,0.0504747154321338,-0.0561647862123411,0.0561647862123411,-0.0056900707802073,0.0056900707802073,0.0504747154321338,True,-0.0211187389551761,0.2609859125759907,-0.2152023672771524,-0.0218022142423129,0.2152023672771524,0.0218022142423129
4,4MIDD_085_170,72,0.0,18,-0.0620233295008067,0.0200419769159785,-0.0410326532083926,0.0410326532083926,-0.0209906762924141,0.0209906762924141,0.0200419769159785,True,-0.0108573731256442,0.272128237897968,-0.1507842535024884,-0.0771352376164813,0.1507842535024884,0.0771352376164813
4,4MIDD_085_170,72,0.5,18,-0.0556081902891215,0.0201367686392045,-0.037872479464163,0.037872479464163,-0.0177357108249584,0.0177357108249584,0.0201367686392045,True,-0.0212223249598991,0.2723802688429882,-0.1390426686376258,-0.0651137870606262,0.1390426686376258,0.0651137870606262
4,4MIDD_085_170,80,0.0,20,-0.0207907096310378,-0.0241392604376038,0.001674275403283,0.001674275403283,-0.0224649850343208,0.0224649850343208,-0.0207907096310378,False,-0.0223094188027151,0.272439048344739,0.0061455045209394,-0.0824587560807146,0.0061455045209394,0.0824587560807146
4,4MIDD_085_170,80,0.5,20,-0.0317356319713143,-0.021652993469205,-0.0050413192510546,0.0050413192510546,-0.0266943127202596,0.0266943127202596,-0.021652993469205,False,-0.0115726439669201,0.2601410149782166,-0.0193791788329756,-0.1026147788440626,0.0193791788329756,0.1026147788440626
4,4MIDD_085_170,96,0.0,24,-0.0177322544720634,-0.0161682828718582,-0.0007819858001025,0.0007819858001025,-0.0169502686719608,0.0169502686719608,-0.0161682828718582,False,-0.0459799106761575,0.2320344779720374,-0.0033701276074878,-0.0730506466974426,0.0033701276074878,0.0730506466974426
4,4MIDD_085_170,96,0.5,24,-0.0189670004505454,-0.0042117483816697,-0.0073776260344378,0.0073776260344378,-0.0115893744161075,0.0115893744161075,-0.0042117483816697,False,-0.028815518294126,0.2123829720898128,-0.0347373707121773,-0.0545682843688929,0.0347373707121773,0.0545682843688929
4,4MIDD_085_170,120,0.0,30,-0.0089986967709508,-0.01540245137287,0.0032018773009596,0.0032018773009596,-0.0122005740719104,0.0122005740719104,-0.0089986967709508,False,0.0011779534461292,0.1806567953260524,0.0177235364724631,-0.0675345427770412,0.0177235364724631,0.0675345427770412
4,4MIDD_085_170,120,0.5,30,-0.01904585571403,0.0052567820432902,-0.0121513188786601,0.0121513188786601,-0.0068945368353699,0.0068945368353699,0.0052567820432902,True,-0.021305937039149,0.1965699666693109,-0.0618167621664314,-0.0350742127711126,0.0618167621664314,0.0350742127711126
5,3MIDD_048,36,0.0,12,-0.035431793688921,0.0475248939649051,-0.0414783438269131,0.0414783438269131,0.006046550137992,0.006046550137992,0.035431793688921,True,0.0303796176204554,0.2654169507337934,-0.1562761674122119,0.0227813262162619,0.1562761674122119,0.0227813262162619
5,3MIDD_048,36,0.5,12,0.0056384364685858,0.0150418732070675,-0.0047017183692408,0.0047017183692408,0.0103401548378266,0.0103401548378266,-0.0056384364685858,False,-0.0089717739517156,0.2741755859673084,-0.0171485668669327,0.037713623557495,0.0171485668669327,0.037713623557495
5,3MIDD_048,48,0.0,16,-0.0733417493217816,0.0782130201925051,-0.0757773847571433,0.0757773847571433,0.0024356354353617,0.0024356354353617,0.0733417493217816,True,-0.043074073998758,0.2170395796549712,-0.3491408566013951,0.0112220795821375,0.3491408566013951,0.0112220795821375
5,3MIDD_048,48,0.5,16,-0.0126554216818447,0.0004256007223383,-0.0065405112020915,0.0065405112020915,-0.0061149104797532,0.0061149104797532,0.0004256007223383,True,-0.0076806172234978,0.2178033356180806,-0.0300294354240763,-0.028075375716356,0.0300294354240763,0.028075375716356
5,3MIDD_048,60,0.0,20,-0.0429475155772542,0.0210090882766678,-0.031978301926961,0.031978301926961,-0.0109692136502932,0.0109692136502932,0.0210090882766678,True,0.00611078350238,0.1656985503036206,-0.1929908370855692,-0.0661998166561723,0.1929908370855692,0.0661998166561723
5,3MIDD_048,60,0.5,20,-0.0458530943637597,0.0423851885351898,-0.0441191414494748,0.0441191414494748,-0.0017339529142849,0.0017339529142849,0.0423851885351898,True,-0.00884127473025,0.1750684512332305,-0.2520108057087807,-0.0099044282511811,0.2520108057087807,0.0099044282511811
5,3MIDD_048,72,0.0,24,-0.0164023500451791,-0.000890251991752,-0.0077560490267135,0.0077560490267135,-0.0086463010184655,0.0086463010184655,-0.000890251991752,False,-0.0204640577825433,0.1175816819270322,-0.0659630726453355,-0.0735344220014749,0.0659630726453355,0.0735344220014749
5,3MIDD_048,72,0.5,24,0.0009305120827425,-0.0069282371463774,0.0039293746145599,0.0039293746145599,-0.0029988625318174,0.0029988625318174,0.0009305120827425,True,6.851845562601135e-06,0.1398943109133423,0.0280881659082907,-0.0214366296401795,0.0280881659082907,0.0214366296401795
5,3MIDD_048,84,0.0,28,-0.0001766923880992,-0.0078497004003037,0.0038365040061022,0.0038365040061022,-0.0040131963942015,0.0040131963942015,-0.0001766923880992,False,-0.00300665930573,0.1010808685011995,0.0379547985982801,-0.0397028285738749,0.0379547985982801,0.0397028285738749
5,3MIDD_048,84,0.5,28,0.0046635658861124,-0.0182763902776132,0.0114699780818628,0.0114699780818628,-0.0068064121957503,0.0068064121957503,0.0046635658861124,True,0.0013575329379835,0.1223124565568158,0.0937760421526231,-0.0556477433889876,0.0937760421526231,0.0556477433889876
5,3MIDD_048,96,0.0,32,0.0020756881864503,-0.0075420084749886,0.0048088483307194,0.0048088483307194,-0.0027331601442691,0.0027331601442691,0.0020756881864503,True,-0.0194868841654436,0.0936799409300814,0.0513327429861276,-0.0291755109699421,0.0513327429861276,0.0291755109699421
5,3MIDD_048,96,0.5,32,0.0027003876059284,-0.0056585815928587,0.0041794845993935,0.0041794845993935,-0.0014790969934651,0.0014790969934651,0.0027003876059284,True,0.0044755236229291,0.1088831547855039,0.0383850431926501,-0.0135842591664332,0.0383850431926501,0.0135842591664332
5,3MIDD_048,120,0.0,40,-0.0102925766031294,-0.0022851175735323,-0.0040037295147985,0.0040037295147985,-0.0062888470883308,0.0062888470883308,-0.0022851175735323,False,-0.0160427018939097,0.0964605701048983,-0.0415063845304316,-0.0651960389772933,0.0415063845304316,0.0651960389772933
5,3MIDD_048,120,0.5,40,-0.0091666328773575,-0.0103920264268712,0.0006126967747568,0.0006126967747568,-0.0097793296521143,0.0097793296521143,-0.0091666328773575,False,-0.0103208478059934,0.0969679580349084,0.0063185487987307,-0.1008511455773236,0.0063185487987307,0.1008511455773236
5,3MIDD_207,36,0.0,12,0.0950155986307381,-0.1197387908341364,0.1073771947324373,0.1073771947324373,-0.0123615961016991,0.0123615961016991,0.0950155986307381,True,-0.0115545154952827,0.2359353336081943,0.4551128187978537,-0.0523940009859964,0.4551128187978537,0.0523940009859964
5,3MIDD_207,36,0.5,12,0.1153487801942717,-0.1376502810003209,0.1264995305972963,0.1264995305972963,-0.0111507504030245,0.0111507504030245,0.1153487801942718,True,-0.0240266225096485,0.2449265503786836,0.5164794523162721,-0.0455269156642441,0.5164794523162721,0.0455269156642441
5,3MIDD_207,48,0.0,16,0.0889877749562314,-0.1149009287985866,0.101944351877409,0.101944351877409,-0.0129565769211775,0.0129565769211775,0.0889877749562314,True,-0.009921265918188,0.229934914444771,0.4433617753248842,-0.0563488887821326,0.4433617753248842,0.0563488887821326
5,3MIDD_207,48,0.5,16,0.0999581959716384,-0.1184438802417759,0.1092010381067072,0.1092010381067072,-0.0092428421350687,0.0092428421350687,0.0999581959716384,True,0.001333960420946,0.2452701448252374,0.4452276007115189,-0.037684334314943,0.4452276007115189,0.037684334314943
5,3MIDD_207,60,0.0,20,0.053808388810348,-0.0891491299273985,0.0714787593688733,0.0714787593688733,-0.0176703705585252,0.0176703705585252,0.053808388810348,True,-0.0228070661125405,0.2054524544233374,0.3479090068283653,-0.0860071037268564,0.3479090068283653,0.0860071037268564
5,3MIDD_207,60,0.5,20,0.0436912698398289,-0.0797436480242414,0.0617174589320351,0.0617174589320351,-0.0180261890922062,0.0180261890922062,0.0436912698398289,True,-0.0196944378949538,0.2050202769297393,0.3010309997444098,-0.0879239329989972,0.3010309997444098,0.0879239329989972
5,3MIDD_207,72,0.0,24,0.0459809696742441,-0.0571244581728127,0.0515527139235284,0.0515527139235284,-0.0055717442492842,0.0055717442492842,0.0459809696742441,True,-0.011255490163707,0.1775700374262455,0.2903232700220672,-0.031377727515536,0.2903232700220672,0.031377727515536
5,3MIDD_207,72,0.5,24,0.0543681798957262,-0.0705200159286914,0.0624440979122088,0.0624440979122088,-0.0080759180164825,0.0080759180164825,0.0543681798957262,True,-0.0142866918826055,0.1577009974638817,0.3959651423670314,-0.0512103166521328,0.3959651423670314,0.0512103166521328
5,3MIDD_207,84,0.0,28,0.005180674659779,-0.032179035096575,0.018679854878177,0.018679854878177,-0.0134991802183979,0.0134991802183979,0.005180674659779,True,-0.0277005646284086,0.1378971718493258,0.1354622043923259,-0.0978930897375324,0.1354622043923259,0.0978930897375324
5,3MIDD_207,84,0.5,28,0.0283641493758547,-0.0376345998900534,0.0329993746329541,0.0329993746329541,-0.0046352252570993,0.0046352252570993,0.0283641493758547,True,-0.0271150922694837,0.1319374521057677,0.2501137782052979,-0.0351319900689266,0.2501137782052979,0.0351319900689266
5,3MIDD_207,96,0.0,32,0.0104200035796903,-0.0251999050418724,0.0178099543107813,0.0178099543107813,-0.007389950731091,0.007389950731091,0.0104200035796903,True,-0.0354340693213514,0.1303252894377305,0.1366577000336607,-0.0567038888842978,0.1366577000336607,0.0567038888842978
5,3MIDD_207,96,0.5,32,0.0102615912716021,-0.0217895728638433,0.0160255820677227,0.0160255820677227,-0.0057639907961206,0.0057639907961206,0.0102615912716021,True,-0.0191734380987423,0.10761687559417,0.1489132812975931,-0.053560287494844,0.1489132812975931,0.053560287494844
5,3MIDD_207,120,0.0,40,-0.0168749979411707,-0.0195105121646798,0.0013177571117545,0.0013177571117545,-0.0181927550529253,0.0181927550529253,-0.0168749979411707,False,-0.0085049987875736,0.1166455493901364,0.0112971057930992,-0.1559661311386794,0.0112971057930992,0.1559661311386794
5,3MIDD_207,120,0.5,40,-0.0088192441643959,-0.0240966004677986,0.0076386781517013,0.0076386781517013,-0.0164579223160973,0.0164579223160973,-0.0088192441643959,False,-0.0152114672572807,0.1012184445689246,0.0754672548489892,-0.1625980559787233,0.0754672548489892,0.1625980559787233
5,4MIDD_085_170,32,0.0,8,-0.1001046810728823,0.0896790212211292,-0.0948918511470058,0.0948918511470058,-0.0052128299258765,0.0052128299258765,0.0896790212211292,True,-0.0069792592123123,0.2643224955744483,-0.3590002846363064,-0.019721476655052,0.3590002846363064,0.019721476655052
5,4MIDD_085_170,32,0.5,8,-0.0724946236560267,0.0746153258741181,-0.0735549747650724,0.0735549747650724,0.0010603511090456,0.0010603511090456,0.0724946236560267,True,0.0176203743775524,0.2504606833783984,-0.2936787274270305,0.0042336030339886,0.2936787274270305,0.0042336030339886
5,4MIDD_085_170,48,0.0,12,-0.1353560060439561,0.1092101014459966,-0.1222830537449763,0.1222830537449763,-0.0130729522989797,0.0130729522989797,0.1092101014459966,True,-0.0020548066406137,0.2765458898867515,-0.4421799716316615,-0.0472722711747162,0.4421799716316615,0.0472722711747162
5,4MIDD_085_170,48,0.5,12,-0.0911306471491066,0.1218132856774416,-0.1064719664132741,0.1064719664132741,0.0153413192641675,0.0153413192641675,0.0911306471491066,True,0.0156008663136431,0.278949711181146,-0.3816887494252781,0.054996720373749,0.3816887494252781,0.054996720373749
5,4MIDD_085_170,64,0.0,16,-0.0812087161536321,0.0683754620859804,-0.0747920891198062,0.0747920891198062,-0.0064166270338258,0.0064166270338258,0.0683754620859804,True,0.0042663667556584,0.238324038472197,-0.3138252003418092,-0.0269239606502151,0.3138252003418092,0.0269239606502151
5,4MIDD_085_170,64,0.5,16,-0.0610677624958724,0.0900870126385015,-0.075577387567187,0.075577387567187,0.0145096250713145,0.0145096250713145,0.0610677624958724,True,-0.0047971947514329,0.246573514476485,-0.3065105663422525,0.0588450268153122,0.3065105663422525,0.0588450268153122
5,4MIDD_085_170,72,0.0,18,-0.0623327414074653,0.0290756106617254,-0.0457041760345953,0.0457041760345953,-0.0166285653728699,0.0166285653728699,0.0290756106617254,True,-0.0245751581107646,0.2215747500327025,-0.2062697849274334,-0.0750472035753881,0.2062697849274334,0.0750472035753881
5,4MIDD_085_170,72,0.5,18,-0.0695512741097151,0.0570187687785801,-0.0632850214441476,0.0632850214441476,-0.0062662526655674,0.0062662526655674,0.0570187687785802,True,-0.0016931050195246,0.2134796205612082,-0.296445259167035,-0.0293529314371758,0.296445259167035,0.0293529314371758
5,4MIDD_085_170,80,0.0,20,-0.0065244407987191,0.0189184664728997,-0.0127214536358094,0.0127214536358094,0.0061970128370903,0.0061970128370903,0.0065244407987191,True,0.0039119699498555,0.1855057638186493,-0.0685771340681683,0.0334060393031696,0.0685771340681683,0.0334060393031696
5,4MIDD_085_170,80,0.5,20,-0.0312314953080123,-0.0149481663105176,-0.0081416644987473,0.0081416644987473,-0.0230898308092649,0.0230898308092649,-0.0149481663105176,False,-0.0022021545223417,0.1741321484078748,-0.0467556655860977,-0.132599471265817,0.0467556655860977,0.132599471265817
5,4MIDD_085_170,96,0.0,24,-0.0042028045037682,0.0024027604703009,-0.0033027824870346,0.0033027824870346,-0.0009000220167336,0.0009000220167336,0.0024027604703009,True,-0.003223627301179,0.1425437207072339,-0.0231703120323208,-0.0063140067641577,0.0231703120323208,0.0063140067641577
5,4MIDD_085_170,96,0.5,24,-0.0183102483347873,-0.0330828927911808,0.0073863222281967,0.0073863222281967,-0.025696570562984,0.025696570562984,-0.0183102483347873,False,-0.0370563900482443,0.1326429038149718,0.0556857699564553,-0.1937274428101265,0.0556857699564553,0.1937274428101265
5,4MIDD_085_170,120,0.0,30,-0.0050892647584596,-0.0135878591939575,0.0042492972177489,0.0042492972177489,-0.0093385619762085,0.0093385619762085,-0.0050892647584596,False,0.0003366803852868,0.1014989133919204,0.0418654454096573,-0.0920065216870782,0.0418654454096573,0.0920065216870782
5,4MIDD_085_170,120,0.5,30,-0.0124271651915571,0.0013551635698645,-0.0068911643807108,0.0068911643807108,-0.0055360008108462,0.0055360008108462,0.0013551635698645,True,-0.0070755483012393,0.1112679750723004,-0.0619330438630976,-0.0497537661420463,0.0619330438630976,0.0497537661420463
6,3MIDD_048,36,0.0,12,-0.0509099476916611,0.0637391176503337,-0.0573245326709974,0.0573245326709974,0.0064145849793362,0.0064145849793362,0.0509099476916611,True,0.0091391721842922,0.1162212136413081,-0.4932363969964841,0.0551928927461857,0.4932363969964841,0.0551928927461857
6,3MIDD_048,36,0.5,12,-0.0530001350047581,0.04598237226241,-0.0494912536335841,0.0494912536335841,-0.003508881371174,0.003508881371174,0.0459823722624101,True,-0.0080214529514516,0.1156000684837067,-0.428124777802875,-0.030353627097276,0.428124777802875,0.030353627097276
6,3MIDD_048,48,0.0,16,-0.058986423953385,0.0459393735992866,-0.0524628987763358,0.0524628987763358,-0.0065235251770492,0.0065235251770492,0.0459393735992866,True,0.0008656016938264,0.1192584449236191,-0.4399092979112426,-0.0547007399033863,0.4399092979112426,0.0547007399033863
6,3MIDD_048,48,0.5,16,-0.0200247433163298,0.0428088386153558,-0.0314167909658428,0.0314167909658428,0.011392047649513,0.011392047649513,0.0200247433163298,True,0.004369148752154,0.1120945302593142,-0.2802705082323347,0.1016289342857248,0.2802705082323347,0.1016289342857248
6,3MIDD_048,60,0.0,20,-0.0329217728315399,0.0362108680346349,-0.0345663204330874,0.0345663204330874,0.0016445476015475,0.0016445476015475,0.0329217728315399,True,0.0232881482829297,0.1239862809078509,-0.2787914935425622,0.0132639481522134,0.2787914935425622,0.0132639481522134
6,3MIDD_048,60,0.5,20,-0.0443108570005768,0.038728078482965,-0.0415194677417709,0.0415194677417709,-0.0027913892588058,0.0027913892588058,0.038728078482965,True,0.0009830270987163,0.1384890800742054,-0.2998031882334977,-0.0201560242678353,0.2998031882334977,0.0201560242678353
6,3MIDD_048,72,0.0,24,-0.0132378859332263,0.0284728864498084,-0.0208553861915174,0.0208553861915174,0.007617500258291,0.007617500258291,0.0132378859332263,True,0.0014503751147082,0.129874629809118,-0.1605809096216054,0.058652719699658,0.1605809096216054,0.058652719699658
6,3MIDD_048,72,0.5,24,-0.0136815097078014,0.0276771301620005,-0.020679319934901,0.020679319934901,0.0069978102270995,0.0069978102270995,0.0136815097078014,True,0.0063504884798662,0.1219969726165304,-0.1695068286645252,0.0573605236016433,0.1695068286645252,0.0573605236016433
6,3MIDD_048,84,0.0,28,0.0121864316258887,0.0127531863708215,-0.0002833773724664,0.0002833773724664,0.0124698089983551,0.0124698089983551,-0.0121864316258887,False,-0.006965319993118,0.1288479476062182,-0.0021993161531175,0.0967792598176657,0.0021993161531175,0.0967792598176657
6,3MIDD_048,84,0.5,28,0.0020594114811964,0.0324428188884195,-0.0151917037036115,0.0151917037036115,0.017251115184808,0.017251115184808,-0.0020594114811964,False,0.0050754114383922,0.1372319082434344,-0.1107009579482282,0.1257077556205544,0.1107009579482282,0.1257077556205544
6,3MIDD_048,96,0.0,32,0.0101155197668389,0.0189609924155204,-0.0044227363243407,0.0044227363243407,0.0145382560911797,0.0145382560911797,-0.0101155197668389,False,-0.0092996130944911,0.1385160504319529,-0.0319294140321554,0.1049571948221391,0.0319294140321554,0.1049571948221391
6,3MIDD_048,96,0.5,32,0.0086858234281947,0.0296924969636043,-0.0105033367677047,0.0105033367677047,0.0191891601958995,0.0191891601958995,-0.0086858234281947,False,0.0062393691573095,0.1485978731121959,-0.0706829549287992,0.1291348240321794,0.0706829549287992,0.1291348240321794
6,3MIDD_048,120,0.0,40,0.0108899394232409,0.0080181535679563,0.0014358929276423,0.0014358929276423,0.0094540464955986,0.0094540464955986,-0.0080181535679563,False,0.003555635215084,0.1293352977948068,0.0111020962732106,0.0730971873633267,0.0111020962732106,0.0730971873633267
6,3MIDD_048,120,0.5,40,0.0118404811952463,0.0143331161301383,-0.0012463174674459,0.0012463174674459,0.0130867986626923,0.0130867986626923,-0.0118404811952463,False,0.00067552620148,0.1362609483827964,-0.0091465491928379,0.096042180962426,0.0091465491928379,0.096042180962426
6,3MIDD_207,36,0.0,12,0.0052523490392142,-0.0377983755395145,0.0215253622893643,0.0215253622893643,-0.0162730132501501,0.0162730132501501,0.0052523490392142,True,-0.0094288832362528,0.1521977199531763,0.1414302546449885,-0.1069202170384454,0.1414302546449885,0.1069202170384454
6,3MIDD_207,36,0.5,12,0.01891532057034,-0.0360275811215922,0.0274714508459661,0.0274714508459661,-0.0085561302756261,0.0085561302756261,0.01891532057034,True,0.0100403653465442,0.1517680717516052,0.1810094213421116,-0.056376352264854,0.1810094213421116,0.056376352264854
6,3MIDD_207,48,0.0,16,0.0092846445569283,-0.0114890477810138,0.0103868461689711,0.0103868461689711,-0.0011022016120427,0.0011022016120427,0.0092846445569283,True,0.0013431267105863,0.1444320466304424,0.0719151075629903,-0.0076312815455906,0.0719151075629903,0.0076312815455906
6,3MIDD_207,48,0.5,16,-0.0065216460213495,-0.0061743629256377,-0.0001736415478558,0.0001736415478558,-0.0063480044734936,0.0063480044734936,-0.0061743629256377,False,-0.0016971770743091,0.1294318961099539,-0.0013415669017811,-0.0490451323381755,0.0013415669017811,0.0490451323381755
6,3MIDD_207,60,0.0,20,0.0143523439176328,-0.0053102162215861,0.0098312800696094,0.0098312800696094,0.0045210638480233,0.0045210638480233,0.0053102162215861,True,-0.0012893193812626,0.1620759358909317,0.0606584809494816,0.027894726155188,0.0606584809494816,0.027894726155188
6,3MIDD_207,60,0.5,20,0.0138014222503043,-0.0052762206342931,0.0095388214422987,0.0095388214422987,0.0042626008080056,0.0042626008080056,0.0052762206342931,True,0.0009904766903571,0.1665061851219206,0.057288090741579,0.0256002550589001,0.057288090741579,0.0256002550589001
6,3MIDD_207,72,0.0,24,0.0213389437705599,0.009235880967431,0.0060515314015644,0.0060515314015644,0.0152874123689954,0.0152874123689954,-0.009235880967431,False,0.0142246952282089,0.1646643747821995,0.0367507022060403,0.0928398288288892,0.0367507022060403,0.0928398288288892
6,3MIDD_207,72,0.5,24,0.0166570972176501,-0.0068062486962569,0.0117316729569535,0.0117316729569535,0.0049254242606966,0.0049254242606966,0.0068062486962569,True,0.0029433243102714,0.1647719973717892,0.0711994340305434,0.0298923624114536,0.0711994340305434,0.0298923624114536
6,3MIDD_207,84,0.0,28,0.0156978180242989,0.0201581730574542,-0.0022301775165776,0.0022301775165776,0.0179279955408766,0.0179279955408766,-0.0156978180242989,False,-0.0140747610045635,0.1875641970528654,-0.0118902090677202,0.0955832500155857,0.0118902090677202,0.0955832500155857
6,3MIDD_207,84,0.5,28,0.0248490438440649,0.0200141754869616,0.0024174341785516,0.0024174341785516,0.0224316096655133,0.0224316096655133,-0.0200141754869616,False,0.0056234114787941,0.181415656638217,0.0133253889071579,0.1236475951480135,0.0133253889071579,0.1236475951480135
6,3MIDD_207,96,0.0,32,0.0225264066606729,0.0156081630123406,0.0034591218241661,0.0034591218241661,0.0190672848365067,0.0190672848365067,-0.0156081630123406,False,0.0012514592451963,0.178573570007118,0.0193708499193259,0.1067755146282104,0.0193708499193259,0.1067755146282104
6,3MIDD_207,96,0.5,32,0.0186138736299835,0.0281226802233774,-0.0047544032966969,0.0047544032966969,0.0233682769266804,0.0233682769266804,-0.0186138736299835,False,-0.0008537739431143,0.1763053872243623,-0.0269668634155041,0.1325443158293429,0.0269668634155041,0.1325443158293429
6,3MIDD_207,120,0.0,40,0.017387690344577,0.0075271939180053,0.0049302482132858,0.0049302482132858,0.0124574421312911,0.0124574421312911,-0.0075271939180053,False,0.0028337520741836,0.1926870217787309,0.0255868203669027,0.0646511737858322,0.0255868203669027,0.0646511737858322
6,3MIDD_207,120,0.5,40,0.0137636037777284,0.0194206968093744,-0.0028285465158229,0.0028285465158229,0.0165921502935514,0.0165921502935514,-0.0137636037777284,False,-0.0129959253027298,0.1945283896946051,-0.0145405332366324,0.0852942355591381,0.0145405332366324,0.0852942355591381
6,4MIDD_085_170,32,0.0,8,-0.10126072535619,0.1105868895542995,-0.1059238074552447,0.1059238074552447,0.0046630820990547,0.0046630820990547,0.10126072535619,True,0.0002773352288906,0.1850905242375611,-0.5722810926792397,0.0251935214850315,0.5722810926792397,0.0251935214850315
6,4MIDD_085_170,32,0.5,8,-0.1094869162346303,0.0928353520571205,-0.1011611341458754,0.1011611341458754,-0.0083257820887549,0.0083257820887549,0.0928353520571205,True,-0.0063474264726159,0.1971934392831618,-0.5130045629997464,-0.0422213949866731,0.5130045629997464,0.0422213949866731
6,4MIDD_085_170,48,0.0,12,-0.0803548993420853,0.0687905866221354,-0.0745727429821103,0.0745727429821103,-0.0057821563599749,0.0057821563599749,0.0687905866221354,True,-0.0091892353645746,0.1382313103068204,-0.53947794328642,-0.0418295706460481,0.53947794328642,0.0418295706460481
6,4MIDD_085_170,48,0.5,12,-0.0812426678640928,0.0799272334405671,-0.0805849506523299,0.0805849506523299,-0.0006577172117628,0.0006577172117628,0.0799272334405671,True,-0.0157527612194502,0.1484959666361481,-0.5426743397669719,-0.0044291924330471,0.5426743397669719,0.0044291924330471
6,4MIDD_085_170,64,0.0,16,-0.0186045834391801,0.0356279493530146,-0.0271162663960973,0.0271162663960973,0.0085116829569172,0.0085116829569172,0.0186045834391801,True,0.0127579505328757,0.1057437684698388,-0.2564337056309064,0.0804934709636818,0.2564337056309064,0.0804934709636818
6,4MIDD_085_170,64,0.5,16,-0.0308666006921963,0.0463939588053916,-0.0386302797487939,0.0386302797487939,0.0077636790565976,0.0077636790565976,0.0308666006921963,True,-0.000257992037274,0.111787002987254,-0.3455704036827839,0.0694506413905993,0.3455704036827839,0.0694506413905993
6,4MIDD_085_170,72,0.0,18,-0.0299146268266729,0.0226868998153569,-0.0263007633210149,0.0263007633210149,-0.003613863505658,0.003613863505658,0.0226868998153569,True,0.003263015035134,0.1156018828346005,-0.2275115480484455,-0.0312612858635581,0.2275115480484455,0.0312612858635581
6,4MIDD_085_170,72,0.5,18,-0.0309889013827141,0.0195430905519899,-0.025265995967352,0.025265995967352,-0.0057229054153621,0.0057229054153621,0.0195430905519899,True,0.0023189864003906,0.1165205042254513,-0.2168373380745574,-0.0491150072976775,0.2168373380745574,0.0491150072976775
6,4MIDD_085_170,80,0.0,20,0.0022499124994759,0.0080480828703464,-0.0028990851854352,0.0028990851854352,0.0051489976849112,0.0051489976849112,-0.0022499124994759,False,0.0102445755169654,0.1175243646407826,-0.0246679502952123,0.0438121720602304,0.0246679502952123,0.0438121720602304
6,4MIDD_085_170,80,0.5,20,-0.0041237154441781,0.0035870400851009,-0.0038553777646395,0.0038553777646395,-0.0002683376795386,0.0002683376795386,0.0035870400851009,True,0.0122183577850279,0.1156658350898401,-0.0333320358742494,-0.0023199389805138,0.0333320358742494,0.0023199389805138
6,4MIDD_085_170,96,0.0,24,0.0202673970246126,-0.0047110632430551,0.0124892301338338,0.0124892301338338,0.0077781668907787,0.0077781668907787,0.0047110632430551,True,0.0003078763068883,0.1284207335171215,0.0972524435251631,0.060567843507464,0.0972524435251631,0.060567843507464
6,4MIDD_085_170,96,0.5,24,0.0171123237649902,-0.0020458774468919,0.009579100605941,0.009579100605941,0.0075332231590491,0.0075332231590491,0.0020458774468919,True,-0.0003264900136253,0.1238007422122369,0.0773751468268196,0.0608495799333302,0.0773751468268196,0.0608495799333302
6,4MIDD_085_170,120,0.0,30,0.0204915041236261,0.0131190692220502,0.0036862174507879,0.0036862174507879,0.0168052866728381,0.0168052866728381,-0.0131190692220501,False,0.0160846505735041,0.1294343662441859,0.0284794336910007,0.1298363576882972,0.0284794336910007,0.1298363576882972
6,4MIDD_085_170,120,0.5,30,0.0179318979340908,0.0175299300852343,0.0002009839244282,0.0002009839244282,0.0177309140096625,0.0177309140096625,-0.0175299300852343,False,0.0068101752825229,0.1308702169149486,0.0015357499144276,0.1354847147627617,0.0015357499144276,0.1354847147627617
7,3MIDD_048,36,0.0,12,0.0019996091341751,-0.0189760300840232,0.0104878196090992,0.0104878196090992,-0.008488210474924,0.008488210474924,0.0019996091341751,True,0.0048959730121617,0.2137744263554999,0.0490602163593615,-0.0397063887371094,0.0490602163593615,0.0397063887371094
7,3MIDD_048,36,0.5,12,0.0034067108470637,-0.0203634917501097,0.0118851012985867,0.0118851012985867,-0.0084783904515229,0.0084783904515229,0.0034067108470637,True,-0.0022704143344429,0.2097316086011172,0.0566681454352963,-0.0404249531488017,0.0566681454352963,0.0404249531488017
7,3MIDD_048,48,0.0,16,0.0055314078092233,-0.0137677339487018,0.0096495708789625,0.0096495708789625,-0.0041181630697392,0.0041181630697392,0.0055314078092233,True,-0.0133775608870274,0.2001327146746726,0.0482158596341858,-0.0205771608926283,0.0482158596341858,0.0205771608926283
7,3MIDD_048,48,0.5,16,0.0080349583120231,-0.0104924069582758,0.0092636826351494,0.0092636826351494,-0.0012287243231263,0.0012287243231263,0.0080349583120231,True,-0.0141662810973297,0.1975488554997915,0.0468931222694896,-0.006219850375836,0.0468931222694896,0.006219850375836
7,3MIDD_048,60,0.0,20,0.0059306545921995,-0.0098343681717925,0.007882511381996,0.007882511381996,-0.0019518567897964,0.0019518567897964,0.0059306545921995,True,-0.0024841194719014,0.2068087074908756,0.0381149878921022,-0.009437981666621,0.0381149878921022,0.009437981666621
7,3MIDD_048,60,0.5,20,-0.0014920951115901,-0.0041556126323975,0.0013317587604036,0.0013317587604036,-0.0028238538719938,0.0028238538719938,-0.0014920951115901,False,-0.0206444329606232,0.2017101803996729,0.0066023378580342,-0.0139995604901973,0.0066023378580342,0.0139995604901973
7,3MIDD_048,72,0.0,24,-0.0066930882686983,-0.0042853043622166,-0.0012038919532408,0.0012038919532408,-0.0054891963154575,0.0054891963154575,-0.0042853043622166,False,-0.0122610999059644,0.2146289459324601,-0.0056091779606452,-0.0255752843196875,0.0056091779606452,0.0255752843196875
7,3MIDD_048,72,0.5,24,-0.0027127094386497,0.000515284786638,-0.0016139971126438,0.0016139971126438,-0.0010987123260058,0.0010987123260058,0.000515284786638,True,-0.0126392511446123,0.2169133588914068,-0.0074407455626183,-0.0050652128187084,0.0074407455626183,0.0050652128187084
7,3MIDD_048,84,0.0,28,0.0035933570412291,-0.0104952359253918,0.0070442964833105,0.0070442964833105,-0.0034509394420813,0.0034509394420813,0.0035933570412291,True,-0.0079689067856236,0.2107448768468901,0.0334257068959655,-0.0163749624366361,0.0334257068959655,0.0163749624366361
7,3MIDD_048,84,0.5,28,0.0041698388034628,-0.0082633231021622,0.0062165809528125,0.0062165809528125,-0.0020467421493496,0.0020467421493496,0.0041698388034628,True,-0.0141393320950829,0.2202216370500954,0.0282287473478293,-0.0092940102378954,0.0282287473478293,0.0092940102378954
7,3MIDD_048,96,0.0,32,-0.0066892633760584,-0.0082707327514947,0.0007907346877181,0.0007907346877181,-0.0074799980637765,0.0074799980637765,-0.0066892633760584,False,-0.004776612242716,0.2168737604114589,0.0036460597456232,-0.0344901017512921,0.0036460597456232,0.0344901017512921
7,3MIDD_048,96,0.5,32,0.0011965741277536,-0.0020936474950128,0.0016451108113832,0.0016451108113832,-0.0004485366836296,0.0004485366836296,0.0011965741277536,True,-0.0035040797853902,0.2155645304077078,0.0076316396221203,-0.0020807536508036,0.0076316396221203,0.0020807536508036
7,3MIDD_048,120,0.0,40,-0.00297564039595,-0.0073792783664595,0.0022018189852547,0.0022018189852547,-0.0051774593812047,0.0051774593812047,-0.00297564039595,False,0.0048306850139681,0.1967296928648657,0.0111921029977268,-0.0263176305813744,0.0111921029977268,0.0263176305813744
7,3MIDD_048,120,0.5,40,-0.0032990650841086,-0.0104803494706123,0.0035906421932518,0.0035906421932518,-0.0068897072773604,0.0068897072773604,-0.0032990650841086,False,-0.0053853858285874,0.1892021318949489,0.0189778104363301,-0.0364145330095215,0.0189778104363301,0.0364145330095215
7,3MIDD_207,36,0.0,12,0.0003291191722428,-0.0207472269780824,0.0105381730751626,0.0105381730751626,-0.0102090539029197,0.0102090539029197,0.0003291191722428,True,0.0132143188459223,0.2171001415707589,0.0485406089508602,-0.0470246303344412,0.0485406089508602,0.0470246303344412
7,3MIDD_207,36,0.5,12,0.008356316192541,-0.0274949370589729,0.017925626625757,0.017925626625757,-0.0095693104332159,0.0095693104332159,0.008356316192541,True,0.0021551218994089,0.224608845296751,0.0798081954522932,-0.0426043347517016,0.0798081954522932,0.0426043347517016
7,3MIDD_207,48,0.0,16,0.0129732626756469,-0.0204553108151654,0.0167142867454061,0.0167142867454061,-0.0037410240697592,0.0037410240697592,0.0129732626756469,True,-0.0115423046906762,0.2122926007265853,0.0787323095020761,-0.0176220181812994,0.0787323095020761,0.0176220181812994
7,3MIDD_207,48,0.5,16,0.0121063204945739,-0.0087084346304169,0.0104073775624954,0.0104073775624954,0.0016989429320784,0.0016989429320784,0.0087084346304169,True,-0.0121608844292281,0.2152420876596752,0.0483519634828612,0.0078931725228605,0.0483519634828612,0.0078931725228605
7,3MIDD_207,60,0.0,20,0.016604201425831,-0.009516474583973,0.013060338004902,0.013060338004902,0.0035438634209289,0.0035438634209289,0.009516474583973,True,0.0054089559684153,0.2271261993261009,0.0575025604428418,0.0156030587023596,0.0575025604428418,0.0156030587023596
7,3MIDD_207,60,0.5,20,0.0221538863754997,-0.0098157502677637,0.0159848183216317,0.0159848183216317,0.006169068053868,0.006169068053868,0.0098157502677637,True,-0.0081560339883248,0.2273587921577204,0.0703065765345151,0.0271336243270877,0.0703065765345151,0.0271336243270877
7,3MIDD_207,72,0.0,24,0.0114225416486063,-0.0144105237969969,0.0129165327228016,0.0129165327228016,-0.0014939910741953,0.0014939910741953,0.0114225416486063,True,-0.0078561760580544,0.240656695364006,0.0536720272970784,-0.0062079763537663,0.0536720272970784,0.0062079763537663
7,3MIDD_207,72,0.5,24,0.0207623382535632,-0.0126109292269472,0.0166866337402552,0.0166866337402552,0.004075704513308,0.004075704513308,0.0126109292269472,True,-0.0085142454654013,0.2332271714975052,0.0715466968668946,0.0174752559366848,0.0715466968668946,0.0174752559366848
7,3MIDD_207,84,0.0,28,0.0110445577107771,-0.0040710944415673,0.0075578260761722,0.0075578260761722,0.0034867316346048,0.0034867316346048,0.0040710944415673,True,0.0126340017597361,0.2327049144186117,0.0324781541251704,0.0149834894691249,0.0324781541251704,0.0149834894691249
7,3MIDD_207,84,0.5,28,0.0109279773630284,-0.009650879267137,0.0102894283150827,0.0102894283150827,0.0006385490479456,0.0006385490479456,0.009650879267137,True,-0.0070490914938094,0.2222533864957674,0.046295934911564,0.002873067798937,0.046295934911564,0.002873067798937
7,3MIDD_207,96,0.0,32,0.0098591714726249,-0.0036334275175017,0.0067462994950633,0.0067462994950633,0.0031128719775615,0.0031128719775615,0.0036334275175017,True,0.0070066077007684,0.2238498554906007,0.0301376093376418,0.0139060709721668,0.0301376093376418,0.0139060709721668
7,3MIDD_207,96,0.5,32,0.0104815374047286,-0.0097697103052833,0.0101256238550059,0.0101256238550059,0.0003559135497226,0.0003559135497226,0.0097697103052833,True,0.0059595305673609,0.2257539711018577,0.0448524728295362,0.0015765549903086,0.0448524728295362,0.0015765549903086
7,3MIDD_207,120,0.0,40,-0.0040848265559813,-0.0060443825460761,0.0009797779950474,0.0009797779950474,-0.0050646045510287,0.0050646045510287,-0.0040848265559813,False,0.0127887539580852,0.1799881103109961,0.0054435706522752,-0.028138550609136,0.0054435706522752,0.028138550609136
7,3MIDD_207,120,0.5,40,-0.0047419257244956,-0.0020139002820402,-0.0013640127212277,0.0013640127212277,-0.0033779130032679,0.0033779130032679,-0.0020139002820402,False,0.0016163225067235,0.1819272265090303,-0.0074975733286408,-0.0185673858063253,0.0074975733286408,0.0185673858063253
7,4MIDD_085_170,32,0.0,8,-0.0224275834410602,-0.0072555636306153,-0.0075860099052224,0.0075860099052224,-0.0148415735358377,0.0148415735358377,-0.0072555636306153,False,-0.0214998939765195,0.2382427869960823,-0.0318415092472334,-0.0622960036816637,0.0318415092472334,0.0622960036816637
7,4MIDD_085_170,32,0.5,8,-0.0279921549158995,-0.0132088274842582,-0.0073916637158206,0.0073916637158206,-0.0206004912000789,0.0206004912000789,-0.0132088274842582,False,-0.0195094846311177,0.2305045303349898,-0.0320673251197206,-0.0893713072369572,0.0320673251197206,0.0893713072369572
7,4MIDD_085_170,48,0.0,12,-0.0225824579367262,-0.0072497168840801,-0.007666370526323,0.007666370526323,-0.0149160874104031,0.0149160874104031,-0.0072497168840801,False,-0.0242074776190077,0.1973665502788223,-0.0388433121797622,-0.075575559228912,0.0388433121797622,0.075575559228912
7,4MIDD_085_170,48,0.5,12,-0.0128143273069671,-0.0154056943091207,0.0012956835010767,0.0012956835010767,-0.0141100108080439,0.0141100108080439,-0.0128143273069671,False,-0.0141436853909815,0.2045862725279738,0.0063331888550812,-0.0689685120790039,0.0063331888550812,0.0689685120790039
7,4MIDD_085_170,64,0.0,16,-0.002732019400511,0.0024160610931855,-0.0025740402468482,0.0025740402468482,-0.0001579791536627,0.0001579791536627,0.0024160610931855,True,0.0037522729956989,0.1925690600484715,-0.0133668422445452,-0.0008203766151373,0.0133668422445452,0.0008203766151373
7,4MIDD_085_170,64,0.5,16,-0.0085952375234652,0.0050006796785315,-0.0067979586009984,0.0067979586009984,-0.0017972789224668,0.0017972789224668,0.0050006796785315,True,-0.0087050740870178,0.1957161366712436,-0.0347337665489349,-0.0091830901275444,0.0347337665489349,0.0091830901275444
7,4MIDD_085_170,72,0.0,18,-0.0058789425089315,0.0071508296226087,-0.0065148860657701,0.0065148860657701,0.0006359435568386,0.0006359435568386,0.0058789425089315,True,0.0042480837090297,0.2014680188447145,-0.0323370731649058,0.0031565484213589,0.0323370731649058,0.0031565484213589
7,4MIDD_085_170,72,0.5,18,-0.0137917432085342,0.0038800141433391,-0.0088358786759366,0.0088358786759366,-0.0049558645325975,0.0049558645325975,0.0038800141433391,True,-0.0091675136195743,0.1992038826446157,-0.0443559561120608,-0.0248783531063945,0.0443559561120608,0.0248783531063945
7,4MIDD_085_170,80,0.0,20,-0.0026961600332922,-0.0001669699592549,-0.0012645950370186,0.0012645950370186,-0.0014315649962736,0.0014315649962736,-0.0001669699592549,False,-0.0012087829722052,0.2060956022015046,-0.0061359632302208,-0.0069461210282107,0.0061359632302208,0.0069461210282107
7,4MIDD_085_170,80,0.5,20,-0.0023508794962487,-0.0042671291663867,0.000958124835069,0.000958124835069,-0.0033090043313177,0.0033090043313177,-0.0023508794962487,False,-0.0012635350773808,0.2071020334630702,0.0046263419969745,-0.0159776525415324,0.0046263419969745,0.0159776525415324
7,4MIDD_085_170,96,0.0,24,0.0009681563777522,-0.0014907886523848,0.0012294725150685,0.0012294725150685,-0.0002613161373162,0.0002613161373162,0.0009681563777522,True,-0.0028355624249005,0.2222511806780796,0.0055319054383309,-0.001175769399825,0.0055319054383309,0.001175769399825
7,4MIDD_085_170,96,0.5,24,0.0007822192630074,-0.0054222099818314,0.0031022146224194,0.0031022146224194,-0.002319995359412,0.002319995359412,0.0007822192630074,True,-0.0068213802024709,0.2135485879847125,0.0145269732368424,-0.0108640163875871,0.0145269732368424,0.0108640163875871
7,4MIDD_085_170,120,0.0,30,-0.0006027913437209,-0.0058249477989009,0.0026110782275899,0.0026110782275899,-0.0032138695713109,0.0032138695713109,-0.0006027913437209,False,-0.0064350640370732,0.2140948650081047,0.0121958937571488,-0.0150114276266705,0.0121958937571488,0.0150114276266705
7,4MIDD_085_170,120,0.5,30,-0.0132400695251613,0.0099010117401665,-0.0115705406326639,0.0115705406326639,-0.0016695288924974,0.0016695288924974,0.0099010117401665,True,-0.0010083578394598,0.2235533188297011,-0.0517574093430399,-0.0074681463072764,0.0517574093430399,0.0074681463072764
8,3MIDD_048,36,0.0,12,-0.0031420439825875,-0.0157813264732746,0.0063196412453435,0.0063196412453435,-0.0094616852279311,0.0094616852279311,-0.0031420439825875,False,-0.0049097598745852,0.1791491471120681,0.0352758656528251,-0.0528145703200712,0.0352758656528251,0.0528145703200712
8,3MIDD_048,36,0.5,12,-0.0098032972262988,0.0123168410186221,-0.0110600691224605,0.0110600691224605,0.0012567718961616,0.0012567718961616,0.0098032972262988,True,0.0167842717296871,0.1838790843691942,-0.0601485979789523,0.0068347735169178,0.0601485979789523,0.0068347735169178
8,3MIDD_048,48,0.0,16,-0.0332408337684566,0.0176907632128553,-0.025465798490656,0.025465798490656,-0.0077750352778006,0.0077750352778006,0.0176907632128553,True,0.0228792222521184,0.1577822081382853,-0.1613984161530872,-0.0492770089197024,0.1613984161530872,0.0492770089197024
8,3MIDD_048,48,0.5,16,-0.0383812970190201,0.0169936409146714,-0.0276874689668457,0.0276874689668457,-0.0106938280521743,0.0106938280521743,0.0169936409146714,True,0.0117599771694505,0.1521589386168807,-0.1819641305238053,-0.0702806430524613,0.1819641305238053,0.0702806430524613
8,3MIDD_048,60,0.0,20,-0.0307376689929149,0.0055641450557567,-0.0181509070243358,0.0181509070243358,-0.012586761968579,0.012586761968579,0.0055641450557567,True,-0.0184465749461577,0.1583730084703748,-0.1146085889233527,-0.0794754238120921,0.1146085889233527,0.0794754238120921
8,3MIDD_048,60,0.5,20,-0.0311988161950096,-0.0028631257179904,-0.0141678452385095,0.0141678452385095,-0.0170309709565,0.0170309709565,-0.0028631257179904,False,0.0057153343467614,0.1615133030274571,-0.0877193703115654,-0.1054462427383133,0.0877193703115654,0.1054462427383133
8,3MIDD_048,72,0.0,24,-0.0089091431336715,0.0039645038346025,-0.006436823484137,0.006436823484137,-0.0024723196495345,0.0024723196495345,0.0039645038346025,True,0.0060069529319684,0.1613340953267161,-0.0398974777842335,-0.0153242229705248,0.0398974777842335,0.0153242229705248
8,3MIDD_048,72,0.5,24,-0.0128675530404089,0.0037928066989887,-0.0083301798696988,0.0083301798696988,-0.00453737317071,0.00453737317071,0.0037928066989887,True,-0.0097304860571389,0.1627012566363735,-0.0511992349777375,-0.0278877573813139,0.0511992349777375,0.0278877573813139
8,3MIDD_048,84,0.0,28,0.0011270893833773,0.0189969608955434,-0.008934935756083,0.008934935756083,0.0100620251394603,0.0100620251394603,-0.0011270893833773,False,-0.0197363962819887,0.1662442204204409,-0.0537458429140338,0.0605255636196732,0.0537458429140338,0.0605255636196732
8,3MIDD_048,84,0.5,28,0.0056381087297881,0.0118203546701944,-0.0030911229702031,0.0030911229702031,0.0087292316999913,0.0087292316999913,-0.0056381087297881,False,-0.0092879363748563,0.1550669833756616,-0.0199341142963662,0.0562932966771144,0.0199341142963662,0.0562932966771144
8,3MIDD_048,96,0.0,32,0.0089613751751029,0.0143734684183643,-0.0027060466216306,0.0027060466216306,0.0116674217967336,0.0116674217967336,-0.0089613751751029,False,-0.0050741671064793,0.188696542467826,-0.0143407324068595,0.0618316670996925,0.0143407324068595,0.0618316670996925
8,3MIDD_048,96,0.5,32,0.0117552792107315,0.0171306509148102,-0.0026876858520393,0.0026876858520393,0.0144429650627709,0.0144429650627709,-0.0117552792107315,False,-0.0041820149920241,0.1787106680249692,-0.0150393140025856,0.0808175875698307,0.0150393140025856,0.0808175875698307
8,3MIDD_048,120,0.0,40,0.0017623971786081,0.0025094942217691,-0.0003735485215804,0.0003735485215804,0.0021359457001886,0.0021359457001886,-0.0017623971786081,False,-0.0039375525060868,0.2064533419779776,-0.0018093604976389,0.0103459003362441,0.0018093604976389,0.0103459003362441
8,3MIDD_048,120,0.5,40,0.0024041826718543,0.0078445599889137,-0.0027201886585297,0.0027201886585297,0.005124371330384,0.005124371330384,-0.0024041826718543,False,-0.0116410333052218,0.2072560660987807,-0.01312477221889,0.0247248315904139,0.01312477221889,0.0247248315904139
8,3MIDD_207,36,0.0,12,0.0109112004082862,-0.0473046217302057,0.029107911069246,0.029107911069246,-0.0181967106609597,0.0181967106609597,0.0109112004082862,True,-0.0591543496814031,0.1982376227698093,0.1468334348573463,-0.0917924176385503,0.1468334348573463,0.0917924176385503
8,3MIDD_207,36,0.5,12,-0.0089308860557578,-0.0328790781165829,0.0119740960304125,0.0119740960304125,-0.0209049820861703,0.0209049820861703,-0.0089308860557578,False,-0.0288678512839403,0.1894100466527691,0.0632178505946083,-0.1103689189438503,0.0632178505946083,0.1103689189438503
8,3MIDD_207,48,0.0,16,0.0122567194387362,-0.054670735068418,0.0334637272535771,0.0334637272535771,-0.0212070078148409,0.0212070078148409,0.0122567194387362,True,0.0052133692613511,0.1879668082321729,0.1780299807625791,-0.112823152205928,0.1780299807625791,0.112823152205928
8,3MIDD_207,48,0.5,16,0.0091476187423185,-0.0263946091314988,0.0177711139369086,0.0177711139369086,-0.0086234951945901,0.0086234951945901,0.0091476187423185,True,0.0055444016112513,0.1890500919473809,0.0940021438437332,-0.0456148690844879,0.0940021438437332,0.0456148690844879
8,3MIDD_207,60,0.0,20,0.0089227588612814,-0.0407629167959693,0.0248428378286253,0.0248428378286253,-0.0159200789673439,0.0159200789673439,0.0089227588612814,True,-0.0179422088496223,0.1976039050456697,0.1257203789716796,-0.0805656090838111,0.1257203789716796,0.0805656090838111
8,3MIDD_207,60,0.5,20,0.0233652225885579,-0.0211553677162221,0.02226029515239,0.02226029515239,0.0011049274361679,0.0011049274361679,0.0211553677162221,True,-0.0015096012870146,0.1875257536829506,0.1187052696240616,0.0058921370236752,0.1187052696240616,0.0058921370236752
8,3MIDD_207,72,0.0,24,0.0126992727437033,-0.015187369549081,0.0139433211463922,0.0139433211463922,-0.0012440484026888,0.0012440484026888,0.0126992727437033,True,0.0017308754888571,0.217077001763394,0.064232143585574,-0.0057309083531787,0.064232143585574,0.0057309083531787
8,3MIDD_207,72,0.5,24,0.0333376138058455,-0.0041995358260302,0.0187685748159378,0.0187685748159378,0.0145690389899076,0.0145690389899076,0.0041995358260302,True,-0.0150120597476633,0.2174519450338624,0.0863113678427441,0.0669988902037132,0.0863113678427441,0.0669988902037132
8,3MIDD_207,84,0.0,28,-0.0069040774197662,0.0060113969389021,-0.0064577371793341,0.0064577371793341,-0.000446340240432,0.000446340240432,0.0060113969389021,True,-0.0157920017219776,0.2034906212550083,-0.0317348148013247,-0.0021934192233495,0.0317348148013247,0.0021934192233495
8,3MIDD_207,84,0.5,28,0.0215318917543925,0.0171771204901521,0.0021773856321201,0.0021773856321201,0.0193545061222723,0.0193545061222723,-0.0171771204901521,False,-0.0200894352157378,0.2302301208667625,0.0094574316510924,0.0840659165247673,0.0094574316510924,0.0840659165247673
8,3MIDD_207,96,0.0,32,0.0007223738122145,0.0046744276936077,-0.0019760269406965,0.0019760269406965,0.0026984007529111,0.0026984007529111,-0.0007223738122145,False,-0.0048420802778794,0.2280548888363787,-0.0086646988835846,0.011832242521436,0.0086646988835846,0.011832242521436
8,3MIDD_207,96,0.5,32,0.012681008376698,0.0289047912526563,-0.0081118914379791,0.0081118914379791,0.0207928998146772,0.0207928998146772,-0.012681008376698,False,-0.0413956199433151,0.2573343304259895,-0.0315227720473625,0.0808011110692335,0.0315227720473625,0.0808011110692335
8,3MIDD_207,120,0.0,40,-0.0027848258695658,-0.0028102784917523,1.2726311093212402e-05,1.2726311093212402e-05,-0.002797552180659,0.002797552180659,-0.0027848258695658,False,-0.0022248626959531,0.2472459732539327,5.147226838813632e-05,-0.0113148543688753,5.147226838813632e-05,0.0113148543688753
8,3MIDD_207,120,0.5,40,-0.0047805626922354,0.000654558290383,-0.0027175604913092,0.0027175604913092,-0.0020630022009261,0.0020630022009261,0.000654558290383,True,-0.0101370081096007,0.2503916796528825,-0.0108532379952744,-0.0082391004516847,0.0108532379952744,0.0082391004516847
8,4MIDD_085_170,32,0.0,8,-0.0056257338279156,-0.0034480061539312,-0.0010888638369922,0.0010888638369922,-0.0045368699909234,0.0045368699909234,-0.0034480061539312,False,-0.0114103405319269,0.2008601844656356,-0.0054210038683824,-0.0225872041439832,0.0054210038683824,0.0225872041439832
8,4MIDD_085_170,32,0.5,8,-0.0148831522618648,-0.0013770751440798,-0.0067530385588924,0.0067530385588924,-0.0081301137029723,0.0081301137029723,-0.0013770751440798,False,-0.0061786400404065,0.20951791025512,-0.0322313187959427,-0.0388039079478824,0.0322313187959427,0.0388039079478824
8,4MIDD_085_170,48,0.0,12,-0.0291520224506687,0.0069243306181347,-0.0180381765344017,0.0180381765344017,-0.011113845916267,0.011113845916267,0.0069243306181347,True,0.0042180860388451,0.1870677576490565,-0.0964258980868408,-0.0594108041703094,0.0964258980868408,0.0594108041703094
8,4MIDD_085_170,48,0.5,12,-0.0695871666227576,0.0192549385498831,-0.0444210525863203,0.0444210525863203,-0.0251661140364372,0.0251661140364372,0.0192549385498831,True,-0.0410148627139665,0.1925222862112104,-0.2307320023074491,-0.1307179263850431,0.2307320023074491,0.1307179263850431
8,4MIDD_085_170,64,0.0,16,-0.0350146052943477,0.0171594053429785,-0.0260870053186631,0.0260870053186631,-0.0089275999756846,0.0089275999756846,0.0171594053429785,True,-0.0081233400720277,0.1837420255868862,-0.1419762584816359,-0.0485876867154869,0.1419762584816359,0.0485876867154869
8,4MIDD_085_170,64,0.5,16,-0.0598852725528821,0.0048480053420603,-0.0323666389474712,0.0323666389474712,-0.0275186336054109,0.0275186336054109,0.0048480053420603,True,-0.0285693537485432,0.1939566277929685,-0.1668756531590132,-0.14188034674837,0.1668756531590132,0.14188034674837
8,4MIDD_085_170,72,0.0,18,-0.03587792147387,-0.0087122908890302,-0.0135828152924198,0.0135828152924198,-0.0222951061814501,0.0222951061814501,-0.0087122908890302,False,-0.0041457186563693,0.1884983754529187,-0.0720579965730923,-0.1182774447147362,0.0720579965730923,0.1182774447147362
8,4MIDD_085_170,72,0.5,18,-0.0309308158828677,-0.0094901637922321,-0.0107203260453177,0.0107203260453177,-0.0202104898375499,0.0202104898375499,-0.0094901637922321,False,-0.0196970446749136,0.1907411113846919,-0.0562035418976705,-0.1059577019910976,0.0562035418976705,0.1059577019910976
8,4MIDD_085_170,80,0.0,20,-0.0206364887297933,-0.0191228246732476,-0.0007568320282728,0.0007568320282728,-0.0198796567015205,0.0198796567015205,-0.0191228246732476,False,-0.0277430058159901,0.1948839213230931,-0.0038835016410518,-0.1020076800926155,0.0038835016410518,0.1020076800926155
8,4MIDD_085_170,80,0.5,20,-0.0074072353074652,-0.0135395072216305,0.0030661359570826,0.0030661359570826,-0.0104733712645479,0.0104733712645479,-0.0074072353074652,False,-0.0058620473742408,0.1904777105638532,0.0160970853125345,-0.0549847603351834,0.0160970853125345,0.0549847603351834
8,4MIDD_085_170,96,0.0,24,-0.0094964025790621,0.0018105539866831,-0.0056534782828726,0.0056534782828726,-0.0038429242961894,0.0038429242961894,0.0018105539866831,True,-0.0144023131455805,0.201732949525734,-0.0280245656258123,-0.0190495618352085,0.0280245656258123,0.0190495618352085
8,4MIDD_085_170,96,0.5,24,0.0066101419233776,0.0062199602183028,0.0001950908525374,0.0001950908525374,0.0064150510708402,0.0064150510708402,-0.0062199602183028,False,-0.0019483968819007,0.1934616846506753,0.0010084211397709,0.033159284653308,0.0010084211397709,0.033159284653308
8,4MIDD_085_170,120,0.0,30,0.0063434661346286,0.0238279767330699,-0.0087422552992206,0.0087422552992206,0.0150857214338493,0.0150857214338493,-0.0063434661346286,False,0.00198836873827,0.2174354770247517,-0.0402062047042374,0.0693802209293197,0.0402062047042374,0.0693802209293197
8,4MIDD_085_170,120,0.5,30,0.0069130917602711,0.002769588350625,0.002071751704823,0.002071751704823,0.004841340055448,0.004841340055448,-0.002769588350625,False,-0.0073707461726269,0.2096596658429406,0.0098814986492205,0.0230914231212922,0.0098814986492205,0.0230914231212922
9,3MIDD_048,36,0.0,12,0.0288944601003518,0.0048910103997395,0.0120017248503061,0.0120017248503061,0.0168927352500457,0.0168927352500457,-0.0048910103997395,False,0.0432416474618425,0.2202158144076346,0.0544998318244762,0.0767099097559638,0.0544998318244762,0.0767099097559638
9,3MIDD_048,36,0.5,12,0.0389389648040941,-0.0142661828045865,0.0266025738043403,0.0266025738043403,0.0123363909997537,0.0123363909997537,0.0142661828045865,True,0.0182600962215163,0.2079681878665318,0.1279165533788905,0.0593186444826404,0.1279165533788905,0.0593186444826404
9,3MIDD_048,48,0.0,16,0.0131888642096762,0.0043724653929692,0.0044081994083534,0.0044081994083534,0.0087806648013227,0.0087806648013227,-0.0043724653929692,False,-0.0056810882243329,0.2015236637850936,0.0218743512575993,0.043571383312515,0.0218743512575993,0.043571383312515
9,3MIDD_048,48,0.5,16,0.0382589155281118,0.0004095327897787,0.0189246913691665,0.0189246913691665,0.0193342241589452,0.0193342241589452,-0.0004095327897787,False,0.0083476865770088,0.2125977024905394,0.0890164434867713,0.0909427709351923,0.0890164434867713,0.0909427709351923
9,3MIDD_048,60,0.0,20,0.0163376082689411,0.0095504579425233,0.0033935751632088,0.0033935751632088,0.0129440331057322,0.0129440331057322,-0.0095504579425233,False,0.0381920632786954,0.2054192654684933,0.016520238038381,0.0630127513902418,0.016520238038381,0.0630127513902418
9,3MIDD_048,60,0.5,20,-0.0051629999232921,0.0265757510144472,-0.0158693754688696,0.0158693754688696,0.0107063755455775,0.0107063755455775,0.0051629999232921,True,0.0209911188371373,0.2167607659022391,-0.0732114753461745,0.0493925895722576,0.0732114753461745,0.0493925895722576
9,3MIDD_048,72,0.0,24,0.0018989191191561,0.0181207888876532,-0.0081109348842485,0.0081109348842485,0.0100098540034046,0.0100098540034046,-0.0018989191191561,False,-0.0064458405588002,0.2038240248016388,-0.0397938118047766,0.0491102754601488,0.0397938118047766,0.0491102754601488
9,3MIDD_048,72,0.5,24,0.0102740681104174,0.0155450842458643,-0.0026355080677234,0.0026355080677234,0.0129095761781409,0.0129095761781409,-0.0102740681104174,False,0.01178616425756,0.2060764714317032,-0.0127889809516508,0.0626445905660769,0.0127889809516508,0.0626445905660769
9,3MIDD_048,84,0.0,28,0.0185968953294765,0.0077905738608153,0.0054031607343305,0.0054031607343305,0.0131937345951459,0.0131937345951459,-0.0077905738608153,False,0.0027434599184336,0.1921720746495667,0.028116263740106,0.0686558368025386,0.028116263740106,0.0686558368025386
9,3MIDD_048,84,0.5,28,0.0219098390628021,0.0038062539207799,0.009051792571011,0.009051792571011,0.012858046491791,0.012858046491791,-0.0038062539207799,False,0.0054947679704379,0.1949113993787909,0.0464405499106793,0.0659686736269472,0.0464405499106793,0.0659686736269472
9,3MIDD_048,96,0.0,32,0.011515900239804,0.0118577622465717,-0.0001709310033838,0.0001709310033838,0.0116868312431878,0.0116868312431878,-0.011515900239804,False,0.0104935373907412,0.1828186029220948,-0.000934975985221,0.06392583170635,0.000934975985221,0.06392583170635
9,3MIDD_048,96,0.5,32,0.023649040722288,0.0036322858508174,0.0100083774357352,0.0100083774357352,0.0136406632865527,0.0136406632865527,-0.0036322858508174,False,0.0134397548032663,0.1931701030139043,0.0518112134309669,0.0706147746143247,0.0518112134309669,0.0706147746143247
9,3MIDD_048,120,0.0,40,0.0043258505495437,0.0009659556655352,0.0016799474420042,0.0016799474420042,0.0026459031075394,0.0026459031075394,-0.0009659556655352,False,0.0445605417412369,0.1824880397083801,0.0092057947725716,0.0144990494268429,0.0092057947725716,0.0144990494268429
9,3MIDD_048,120,0.5,40,0.0044189476624233,-0.0047632411126077,0.0045910943875155,0.0045910943875155,-0.0001721467250921,0.0001721467250921,0.0044189476624233,True,0.021209341201297,0.1881615738431182,0.0243997448243254,-0.0009148877827504,0.0243997448243254,0.0009148877827504
9,3MIDD_207,36,0.0,12,0.0494536404258053,-0.0461825737252645,0.0478181070755349,0.0478181070755349,0.0016355333502703,0.0016355333502703,0.0461825737252645,True,0.0172530587457718,0.2632386302033565,0.1816530766726547,0.0062131205781115,0.1816530766726547,0.0062131205781115
9,3MIDD_207,36,0.5,12,0.0766685332316197,-0.0630783503223389,0.0698734417769793,0.0698734417769793,0.0067950914546403,0.0067950914546403,0.0630783503223389,True,0.0250490347418151,0.2753874485851442,0.2537277647763815,0.0246746592466413,0.2537277647763815,0.0246746592466413
9,3MIDD_207,48,0.0,16,0.0514195105016643,-0.0364209804721364,0.0439202454869004,0.0439202454869004,0.0074992650147639,0.0074992650147639,0.0364209804721364,True,0.0144407921376792,0.2279541759943293,0.1926713792161148,0.0328981251694662,0.1926713792161148,0.0328981251694662
9,3MIDD_207,48,0.5,16,0.0404483643519463,-0.0151071355587994,0.0277777499553729,0.0277777499553729,0.0126706143965734,0.0126706143965734,0.0151071355587994,True,0.0175442432604222,0.2404317789765868,0.1155327722217532,0.0526994162356853,0.1155327722217532,0.0526994162356853
9,3MIDD_207,60,0.0,20,0.0526905672767045,-0.0113893881826101,0.0320399777296573,0.0320399777296573,0.0206505895470472,0.0206505895470472,0.0113893881826101,True,0.0189053149030077,0.2283266167517351,0.1403251981108061,0.0904431986109664,0.1403251981108061,0.0904431986109664
9,3MIDD_207,60,0.5,20,0.0326516933769522,4.8593557112335336e-05,0.0163015499099199,0.0163015499099199,0.0163501434670322,0.0163501434670322,-4.8593557112334984e-05,False,0.0194100377425006,0.2315519600314554,0.0704012607265576,0.0706111209976852,0.0704012607265576,0.0706111209976852
9,3MIDD_207,72,0.0,24,0.0279136265542367,0.0131102752863721,0.0074016756339323,0.0074016756339323,0.0205119509203044,0.0205119509203044,-0.0131102752863721,False,0.0248835127160517,0.231981010548975,0.0319063858563961,0.0884208188927345,0.0319063858563961,0.0884208188927345
9,3MIDD_207,72,0.5,24,0.0395646565458418,-0.0163770628558001,0.027970859700821,0.027970859700821,0.0115937968450208,0.0115937968450208,0.0163770628558001,True,0.011930538481635,0.2138159896398262,0.1308174367498802,0.0542232452519132,0.1308174367498802,0.0542232452519132
9,3MIDD_207,84,0.0,28,0.0152210076068518,0.010487506100626,0.0023667507531128,0.0023667507531128,0.0128542568537389,0.0128542568537389,-0.010487506100626,False,0.0204112654357662,0.2332669891473437,0.0101461023772116,0.0551053404544073,0.0101461023772116,0.0551053404544073
9,3MIDD_207,84,0.5,28,0.0348840890529359,0.0119208846887722,0.0114816021820818,0.0114816021820818,0.0234024868708541,0.0234024868708541,-0.0119208846887722,False,0.016810331793528,0.2046317130231308,0.0561086158760935,0.1143639298382298,0.0561086158760935,0.1143639298382298
9,3MIDD_207,96,0.0,32,0.0042818676626037,0.0056028181564398,-0.000660475246918,0.000660475246918,0.0049423429095218,0.0049423429095218,-0.0042818676626037,False,0.0210345270857827,0.2406155517962251,-0.0027449399757725,0.0205404134214377,0.0027449399757725,0.0205404134214377
9,3MIDD_207,96,0.5,32,0.0295849014267774,0.0124001562897436,0.0085923725685169,0.0085923725685169,0.0209925288582605,0.0209925288582605,-0.0124001562897436,False,0.0164524269837514,0.2068162826803213,0.0415459191953385,0.1015032694050931,0.0415459191953385,0.1015032694050931
9,3MIDD_207,120,0.0,40,-0.0026834986848615,0.01088943574582,-0.0067864672153408,0.0067864672153408,0.0041029685304792,0.0041029685304792,0.0026834986848615,True,0.0265099620326241,0.2178908687470367,-0.0311461753967288,0.0188303830907326,0.0311461753967288,0.0188303830907326
9,3MIDD_207,120,0.5,40,0.0089034556111091,0.0024912995432824,0.0032060780339133,0.0032060780339133,0.0056973775771957,0.0056973775771957,-0.0024912995432824,False,0.0079984200401545,0.2049048979196562,0.0156466637277282,0.0278049848248611,0.0156466637277282,0.0278049848248611
9,4MIDD_085_170,32,0.0,8,-0.0481674685131032,0.0382377773409641,-0.0432026229270336,0.0432026229270336,-0.0049648455860695,0.0049648455860695,0.0382377773409641,True,-0.0168058457345093,0.3210331214233897,-0.1345737247779383,-0.0154652129476751,0.1345737247779383,0.0154652129476751
9,4MIDD_085_170,32,0.5,8,-0.0411015942534322,0.0506751823321095,-0.0458883882927708,0.0458883882927708,0.0047867940393386,0.0047867940393386,0.0411015942534322,True,0.0021116188855169,0.3122243621904133,-0.1469724782872176,0.0153312637289314,0.1469724782872176,0.0153312637289314
9,4MIDD_085_170,48,0.0,12,-0.0576031053230045,0.0368830037044259,-0.0472430545137152,0.0472430545137152,-0.0103600508092892,0.0103600508092892,0.0368830037044259,True,-0.0006574256792846,0.265957277531509,-0.1776339980323273,-0.0389538158363119,0.1776339980323273,0.0389538158363119
9,4MIDD_085_170,48,0.5,12,-0.023505023371334,0.0658606296844733,-0.0446828265279036,0.0446828265279036,0.0211778031565696,0.0211778031565696,0.023505023371334,True,0.0132461741492717,0.2693459686312867,-0.1658938010283381,0.0786267686284193,0.1658938010283381,0.0786267686284193
9,4MIDD_085_170,64,0.0,16,-0.0043699533377191,0.0523183600917196,-0.0283441567147193,0.0283441567147193,0.0239742033770002,0.0239742033770002,0.0043699533377191,True,0.0287025517838247,0.2502983406916843,-0.1132414886826338,0.0957825102265921,0.1132414886826338,0.0957825102265921
9,4MIDD_085_170,64,0.5,16,-0.0212444689759725,0.0334220724085323,-0.0273332706922524,0.0273332706922524,0.0060888017162799,0.0060888017162799,0.0212444689759725,True,-0.0043021053701495,0.2472409123419487,-0.1105531864987171,0.0246269990617844,0.1105531864987171,0.0246269990617844
9,4MIDD_085_170,72,0.0,18,-0.0025884828800236,0.0496588160028132,-0.0261236494414184,0.0261236494414184,0.0235351665613947,0.0235351665613947,0.0025884828800236,True,0.0321007401859855,0.2420287060478802,-0.1079361612429991,0.0972412196292899,0.1079361612429991,0.0972412196292899
9,4MIDD_085_170,72,0.5,18,-0.0161114548240005,0.0306647103590706,-0.0233880825915355,0.0233880825915355,0.007276627767535,0.007276627767535,0.0161114548240005,True,0.0042348028165098,0.2400493502465885,-0.0974303099238152,0.0303130492128399,0.0974303099238152,0.0303130492128399
9,4MIDD_085_170,80,0.0,20,0.0231143221480403,0.0214899828691647,0.0008121696394378,0.0008121696394378,0.0223021525086025,0.0223021525086025,-0.0214899828691647,False,0.019967921791248,0.2391397392548689,0.00339621361957,0.0932599181469938,0.00339621361957,0.0932599181469938
9,4MIDD_085_170,80,0.5,20,0.005375748153947,0.0163510409270093,-0.0054876463865311,0.0054876463865311,0.0108633945404782,0.0108633945404782,-0.005375748153947,False,0.0206556330220656,0.2225453505128333,-0.0246585532965998,0.0488142956725207,0.0246585532965998,0.0488142956725207
9,4MIDD_085_170,96,0.0,24,0.0153699159917224,0.0017223273011433,0.0068237943452895,0.0068237943452895,0.0085461216464329,0.0085461216464329,-0.0017223273011433,False,0.0037589201458264,0.2254557957288479,0.0302666619113949,0.0379059745117894,0.0302666619113949,0.0379059745117894
9,4MIDD_085_170,96,0.5,24,0.0215991151922405,0.0113475765093822,0.0051257693414291,0.0051257693414291,0.0164733458508114,0.0164733458508114,-0.0113475765093822,False,0.0085586108316881,0.2145627787668474,0.0238893687474051,0.0767763446460208,0.0238893687474051,0.0767763446460208
9,4MIDD_085_170,120,0.0,30,0.0116142246081831,0.0043134428183724,0.0036503908949053,0.0036503908949053,0.0079638337132778,0.0079638337132778,-0.0043134428183724,False,-0.0011509374160705,0.2022105461944656,0.0180524258680098,0.0393838692548656,0.0180524258680098,0.0393838692548656
9,4MIDD_085_170,120,0.5,30,0.0082209893798817,0.0217153857584258,-0.006747198189272,0.006747198189272,0.0149681875691538,0.0149681875691538,-0.0082209893798817,False,0.005389210231131,0.2097479151306227,-0.0321681299433662,0.071362747800531,0.0321681299433662,0.071362747800531
