model_id,phase_index,phase_fraction,phase_deg,cell_group,A_activity
flow/0000/000,0,0,0,T4a,-0.00031387734086989888
flow/0000/000,0,0,0,T4b,-1.9447256981150463e-05
flow/0000/000,0,0,0,T4c,2.0313621411449309e-05
flow/0000/000,0,0,0,T4d,-9.7353168733549378e-05
flow/0000/000,0,0,0,T5a,0.00017273209844310272
flow/0000/000,0,0,0,T5b,0.00027165841808065097
flow/0000/000,0,0,0,T5c,-8.7987952283751295e-05
flow/0000/000,0,0,0,T5d,-0.00092671915199130008
flow/0000/000,1,0.083333333333333301,1.25,T4a,0.00027374299183234932
flow/0000/000,1,0.083333333333333301,1.25,T4b,0.00075429589971520022
flow/0000/000,1,0.083333333333333301,1.25,T4c,0.00098114225894039946
flow/0000/000,1,0.083333333333333301,1.25,T4d,0.00027520584365975029
flow/0000/000,1,0.083333333333333301,1.25,T5a,-0.00028379946794054867
flow/0000/000,1,0.083333333333333301,1.25,T5b,-3.8385202252150946e-05
flow/0000/000,1,0.083333333333333301,1.25,T5c,-0.00083332142225544907
flow/0000/000,1,0.083333333333333301,1.25,T5d,-0.0013721910114125992
flow/0000/000,2,0.1666666666666666,2.5,T4a,0.00045680987398359976
flow/0000/000,2,0.1666666666666666,2.5,T4b,0.00078060735071374884
flow/0000/000,2,0.1666666666666666,2.5,T4c,0.00079454864634740004
flow/0000/000,2,0.1666666666666666,2.5,T4d,0.00064121224736459967
flow/0000/000,2,0.1666666666666666,2.5,T5a,-0.00013007045198365486
flow/0000/000,2,0.1666666666666666,2.5,T5b,-0.00025015368362755336
flow/0000/000,2,0.1666666666666666,2.5,T5c,-0.0015105389401738004
flow/0000/000,2,0.1666666666666666,2.5,T5d,-0.0011268060136981495
flow/0000/000,3,0.25,3.75,T4a,0.00042222925622509982
flow/0000/000,3,0.25,3.75,T4b,0.00061059706128319992
flow/0000/000,3,0.25,3.75,T4c,0.00053466527866229997
flow/0000/000,3,0.25,3.75,T4d,0.00067397459432620016
flow/0000/000,3,0.25,3.75,T5a,-9.0303495592247707e-05
flow/0000/000,3,0.25,3.75,T5b,-0.00041852889892174741
flow/0000/000,3,0.25,3.75,T5c,-0.00093971575755920009
flow/0000/000,3,0.25,3.75,T5d,-0.0016532495233055992
flow/0000/000,4,0.33333333333333331,5,T4a,0.00035915077103470042
flow/0000/000,4,0.33333333333333331,5,T4b,0.00095400835172295036
flow/0000/000,4,0.33333333333333331,5,T4c,0.0012930743675937505
flow/0000/000,4,0.33333333333333331,5,T4d,0.00064852881101289984
flow/0000/000,4,0.33333333333333331,5,T5a,3.5080114662799922e-05
flow/0000/000,4,0.33333333333333331,5,T5b,-0.00046254072744949734
flow/0000/000,4,0.33333333333333331,5,T5c,-0.0005491371584576011
flow/0000/000,4,0.33333333333333331,5,T5d,-0.00047820266185664984
flow/0000/000,5,0.41666666666666669,6.25,T4a,0.00013455138375565237
flow/0000/000,5,0.41666666666666669,6.25,T4b,0.00080295697425500009
flow/0000/000,5,0.41666666666666669,6.25,T4c,-0.00027168808802610113
flow/0000/000,5,0.41666666666666669,6.25,T4d,0.00038549956212955046
flow/0000/000,5,0.41666666666666669,6.25,T5a,0.00037472976206030101
flow/0000/000,5,0.41666666666666669,6.25,T5b,-0.0003059726967347999
flow/0000/000,5,0.41666666666666669,6.25,T5c,-0.0016334972294739999
flow/0000/000,5,0.41666666666666669,6.25,T5d,0.0013751212208587497
flow/0000/000,6,0.5,7.5,T4a,-8.0691427081350242e-05
flow/0000/000,6,0.5,7.5,T4b,1.6970765655001038e-05
flow/0000/000,6,0.5,7.5,T4c,-0.0007818573251953502
flow/0000/000,6,0.5,7.5,T4d,0.0003680507429665511
flow/0000/000,6,0.5,7.5,T5a,0.00033101491583050618
flow/0000/000,6,0.5,7.5,T5b,-0.00011055879081749848
flow/0000/000,6,0.5,7.5,T5c,-0.0010266859804575496
flow/0000/000,6,0.5,7.5,T5d,0.00089527398787984935
flow/0000/000,7,0.58333333333333337,8.75,T4a,-0.0002698537275787477
flow/0000/000,7,0.58333333333333337,8.75,T4b,-0.00042448626168760037
flow/0000/000,7,0.58333333333333337,8.75,T4c,0.00026334773735720018
flow/0000/000,7,0.58333333333333337,8.75,T4d,0.00021741381173165028
flow/0000/000,7,0.58333333333333337,8.75,T5a,-9.3679549730898981e-05
flow/0000/000,7,0.58333333333333337,8.75,T5b,0.00025975809651809789
flow/0000/000,7,0.58333333333333337,8.75,T5c,-0.00010944698437075073
flow/0000/000,7,0.58333333333333337,8.75,T5d,0.00032276630788654996
flow/0000/000,8,0.66666666666666663,10,T4a,-0.00020162363802454786
flow/0000/000,8,0.66666666666666663,10,T4b,-0.00049236161116934969
flow/0000/000,8,0.66666666666666663,10,T4c,-0.00060893196307660116
flow/0000/000,8,0.66666666666666663,10,T4d,-0.00038763061053839927
flow/0000/000,8,0.66666666666666663,10,T5a,-0.00049973493503279592
flow/0000/000,8,0.66666666666666663,10,T5b,0.00055447256458670061
flow/0000/000,8,0.66666666666666663,10,T5c,-0.00054901896089989966
flow/0000/000,8,0.66666666666666663,10,T5d,0.0013508441579346006
flow/0000/000,9,0.75,11.25,T4a,-0.00066021516057810162
flow/0000/000,9,0.75,11.25,T4b,-0.00062120556790089959
flow/0000/000,9,0.75,11.25,T4c,-0.0012738810100185998
flow/0000/000,9,0.75,11.25,T4d,-0.00041105905811660015
flow/0000/000,9,0.75,11.25,T5a,-0.00022361014969529691
flow/0000/000,9,0.75,11.25,T5b,0.00049448287938985008
flow/0000/000,9,0.75,11.25,T5c,0.00013058160039179992
flow/0000/000,9,0.75,11.25,T5d,0.0016179171992757998
flow/0000/000,10,0.83333333333333337,12.5,T4a,-0.00069075148936240116
flow/0000/000,10,0.83333333333333337,12.5,T4b,-0.00051101047942465026
flow/0000/000,10,0.83333333333333337,12.5,T4c,-0.00080213104547515075
flow/0000/000,10,0.83333333333333337,12.5,T4d,-0.00045399276652719964
flow/0000/000,10,0.83333333333333337,12.5,T5a,-0.00056896226070119599
flow/0000/000,10,0.83333333333333337,12.5,T5b,0.00051252721303814835
flow/0000/000,10,0.83333333333333337,12.5,T5c,-0.00060788853578950044
flow/0000/000,10,0.83333333333333337,12.5,T5d,0.0020836837579650998
flow/0000/000,11,0.91666666666666663,13.75,T4a,-0.00014591280328484987
flow/0000/000,11,0.91666666666666663,13.75,T4b,0.0001781637458626497
flow/0000/000,11,0.91666666666666663,13.75,T4c,-0.00036858456658844969
flow/0000/000,11,0.91666666666666663,13.75,T4d,-0.00059747140406279931
flow/0000/000,11,0.91666666666666663,13.75,T5a,-0.00051315329065659832
flow/0000/000,11,0.91666666666666663,13.75,T5b,0.0004866376338950977
flow/0000/000,11,0.91666666666666663,13.75,T5c,-0.00065426339955444897
flow/0000/000,11,0.91666666666666663,13.75,T5d,0.0014475291053855505
flow/0000/001,0,0,0,T4a,-0.00083613249869229911
flow/0000/001,0,0,0,T4b,0.00052791172542130185
flow/0000/001,0,0,0,T4c,0.0002173339908261504
flow/0000/001,0,0,0,T4d,0.00026819329743079951
flow/0000/001,0,0,0,T5a,-0.0019906572912064
flow/0000/001,0,0,0,T5b,0.00029368594561894959
flow/0000/001,0,0,0,T5c,0.00075901406982450004
flow/0000/001,0,0,0,T5d,-0.00026225025022929942
flow/0000/001,1,0.083333333333333301,1.25,T4a,0.00036765385213129859
flow/0000/001,1,0.083333333333333301,1.25,T4b,0.0012869815113400497
flow/0000/001,1,0.083333333333333301,1.25,T4c,0.0021071106947408505
flow/0000/001,1,0.083333333333333301,1.25,T4d,0.00310107081591745
flow/0000/001,1,0.083333333333333301,1.25,T5a,0.0012222080041088001
flow/0000/001,1,0.083333333333333301,1.25,T5b,0.0013582246256051492
flow/0000/001,1,0.083333333333333301,1.25,T5c,-0.0010242029644411499
flow/0000/001,1,0.083333333333333301,1.25,T5d,0.00010283549830339932
flow/0000/001,2,0.1666666666666666,2.5,T4a,-0.0015729493932349001
flow/0000/001,2,0.1666666666666666,2.5,T4b,0.0014272754155987
flow/0000/001,2,0.1666666666666666,2.5,T4c,-0.0014538775064242004
flow/0000/001,2,0.1666666666666666,2.5,T4d,0.00132065391566115
flow/0000/001,2,0.1666666666666666,2.5,T5a,0.0051012975159259498
flow/0000/001,2,0.1666666666666666,2.5,T5b,0.0015279305445991993
flow/0000/001,2,0.1666666666666666,2.5,T5c,-0.00021853076137150001
flow/0000/001,2,0.1666666666666666,2.5,T5d,0.00086796823003340053
flow/0000/001,3,0.25,3.75,T4a,-0.00077368608540825251
flow/0000/001,3,0.25,3.75,T4b,0.0029256218712507501
flow/0000/001,3,0.25,3.75,T4c,0.00040280704819270138
flow/0000/001,3,0.25,3.75,T4d,0.0025436847836614995
flow/0000/001,3,0.25,3.75,T5a,0.00074259432284584995
flow/0000/001,3,0.25,3.75,T5b,0.0025025416720590998
flow/0000/001,3,0.25,3.75,T5c,-0.00082967671300735
flow/0000/001,3,0.25,3.75,T5d,0.00042172941448924937
flow/0000/001,4,0.33333333333333331,5,T4a,-3.3530629292698177e-05
flow/0000/001,4,0.33333333333333331,5,T4b,0.0020563448473897
flow/0000/001,4,0.33333333333333331,5,T4c,0.0022999339041378485
flow/0000/001,4,0.33333333333333331,5,T4d,0.0014276213589179995
flow/0000/001,4,0.33333333333333331,5,T5a,0.0051822389801422005
flow/0000/001,4,0.33333333333333331,5,T5b,0.0024167328644476987
flow/0000/001,4,0.33333333333333331,5,T5c,-0.00101813517410295
flow/0000/001,4,0.33333333333333331,5,T5d,0.00012978554001129988
flow/0000/001,5,0.41666666666666669,6.25,T4a,-0.0024538549994529563
flow/0000/001,5,0.41666666666666669,6.25,T4b,0.0019387861901155011
flow/0000/001,5,0.41666666666666669,6.25,T4c,0.0010929685797450468
flow/0000/001,5,0.41666666666666669,6.25,T4d,0.00016249006384849978
flow/0000/001,5,0.41666666666666669,6.25,T5a,0.0050108132177255002
flow/0000/001,5,0.41666666666666669,6.25,T5b,0.00091695952981400014
flow/0000/001,5,0.41666666666666669,6.25,T5c,0.00124163966377215
flow/0000/001,5,0.41666666666666669,6.25,T5d,5.9547164093299784e-05
flow/0000/001,6,0.5,7.5,T4a,0.00031742469400999895
flow/0000/001,6,0.5,7.5,T4b,0.0011924986627161009
flow/0000/001,6,0.5,7.5,T4c,-0.00010521637228520092
flow/0000/001,6,0.5,7.5,T4d,-0.00096212934372180009
flow/0000/001,6,0.5,7.5,T5a,-0.0019224957901329499
flow/0000/001,6,0.5,7.5,T5b,0.00036923678090145309
flow/0000/001,6,0.5,7.5,T5c,-0.00111383780798515
flow/0000/001,6,0.5,7.5,T5d,-0.00027399867528559926
flow/0000/001,7,0.58333333333333337,8.75,T4a,0.00063337476837395379
flow/0000/001,7,0.58333333333333337,8.75,T4b,0.0016721857342166004
flow/0000/001,7,0.58333333333333337,8.75,T4c,-0.00070235497339980052
flow/0000/001,7,0.58333333333333337,8.75,T4d,-0.00078825325085189963
flow/0000/001,7,0.58333333333333337,8.75,T5a,0.0016352938285779501
flow/0000/001,7,0.58333333333333337,8.75,T5b,0.0011868083040007006
flow/0000/001,7,0.58333333333333337,8.75,T5c,-0.00025126651400025001
flow/0000/001,7,0.58333333333333337,8.75,T5d,0.00017839660041499977
flow/0000/001,8,0.66666666666666663,10,T4a,-0.00018292950126774787
flow/0000/001,8,0.66666666666666663,10,T4b,-0.0010631525708899997
flow/0000/001,8,0.66666666666666663,10,T4c,-0.0013448954580358476
flow/0000/001,8,0.66666666666666663,10,T4d,-0.0015456256253870999
flow/0000/001,8,0.66666666666666663,10,T5a,0.00086399468962080001
flow/0000/001,8,0.66666666666666663,10,T5b,-0.0020838415177085005
flow/0000/001,8,0.66666666666666663,10,T5c,0.00054728080888139994
flow/0000/001,8,0.66666666666666663,10,T5d,0.00050995737475745088
flow/0000/001,9,0.75,11.25,T4a,-0.00028507156288300195
flow/0000/001,9,0.75,11.25,T4b,-0.00069762004750184917
flow/0000/001,9,0.75,11.25,T4c,-0.00045250371651224877
flow/0000/001,9,0.75,11.25,T4d,-0.0036921501616441004
flow/0000/001,9,0.75,11.25,T5a,-0.0042648964284503002
flow/0000/001,9,0.75,11.25,T5b,-0.0015583845595362501
flow/0000/001,9,0.75,11.25,T5c,-3.1309722116400023e-05
flow/0000/001,9,0.75,11.25,T5d,-0.0020416265663469498
flow/0000/001,10,0.83333333333333337,12.5,T4a,-0.0011274001406424983
flow/0000/001,10,0.83333333333333337,12.5,T4b,-0.00039483272134805195
flow/0000/001,10,0.83333333333333337,12.5,T4c,-0.00037324334402289924
flow/0000/001,10,0.83333333333333337,12.5,T4d,0.0010052531310779998
flow/0000/001,10,0.83333333333333337,12.5,T5a,0.00020910132108199969
flow/0000/001,10,0.83333333333333337,12.5,T5b,-0.001705623274906299
flow/0000/001,10,0.83333333333333337,12.5,T5c,-0.0010934671290455001
flow/0000/001,10,0.83333333333333337,12.5,T5d,-0.00087715108481785029
flow/0000/001,11,0.91666666666666663,13.75,T4a,-0.0031379235135935504
flow/0000/001,11,0.91666666666666663,13.75,T4b,0.00025371300326719817
flow/0000/001,11,0.91666666666666663,13.75,T4c,-3.604212987099939e-05
flow/0000/001,11,0.91666666666666663,13.75,T4d,-0.0024306943726424501
flow/0000/001,11,0.91666666666666663,13.75,T5a,0.0030883286138619999
flow/0000/001,11,0.91666666666666663,13.75,T5b,-0.00084674686454615233
flow/0000/001,11,0.91666666666666663,13.75,T5c,-3.5702788809100047e-05
flow/0000/001,11,0.91666666666666663,13.75,T5d,-0.0010934295667986496
flow/0000/002,0,0,0,T4a,0.00049370277109155036
flow/0000/002,0,0,0,T4b,-0.0085594822152056001
flow/0000/002,0,0,0,T4c,0.0006428962619435992
flow/0000/002,0,0,0,T4d,0.00024150567481459953
flow/0000/002,0,0,0,T5a,-0.0093053458943521995
flow/0000/002,0,0,0,T5b,-0.00048712221970280065
flow/0000/002,0,0,0,T5c,0.0050710464988237489
flow/0000/002,0,0,0,T5d,-0.0020849612429069964
flow/0000/002,1,0.083333333333333301,1.25,T4a,-0.002484936462813149
flow/0000/002,1,0.083333333333333301,1.25,T4b,-0.0114647607563937
flow/0000/002,1,0.083333333333333301,1.25,T4c,0.00068898753091179918
flow/0000/002,1,0.083333333333333301,1.25,T4d,0.0029676127419866003
flow/0000/002,1,0.083333333333333301,1.25,T5a,-0.0072975840301465478
flow/0000/002,1,0.083333333333333301,1.25,T5b,-0.0040022115841219993
flow/0000/002,1,0.083333333333333301,1.25,T5c,0.0017057380366316474
flow/0000/002,1,0.083333333333333301,1.25,T5d,-0.0010262466297997971
flow/0000/002,2,0.1666666666666666,2.5,T4a,-0.004255940119371901
flow/0000/002,2,0.1666666666666666,2.5,T4b,-0.01295989184255535
flow/0000/002,2,0.1666666666666666,2.5,T4c,-0.00110721855025845
flow/0000/002,2,0.1666666666666666,2.5,T4d,0.0078620402789067994
flow/0000/002,2,0.1666666666666666,2.5,T5a,-0.011266012206873548
flow/0000/002,2,0.1666666666666666,2.5,T5b,-0.0066442654768094009
flow/0000/002,2,0.1666666666666666,2.5,T5c,-0.0052481818262510513
flow/0000/002,2,0.1666666666666666,2.5,T5d,0.0048840620791586534
flow/0000/002,3,0.25,3.75,T4a,-0.0036339501212425476
flow/0000/002,3,0.25,3.75,T4b,-0.012913911182555748
flow/0000/002,3,0.25,3.75,T4c,-0.0018563697971981496
flow/0000/002,3,0.25,3.75,T4d,0.010296474529725552
flow/0000/002,3,0.25,3.75,T5a,-0.0039243301169391495
flow/0000/002,3,0.25,3.75,T5b,-0.0071986271961970959
flow/0000/002,3,0.25,3.75,T5c,-0.01096095963484045
flow/0000/002,3,0.25,3.75,T5d,0.010250981684131497
flow/0000/002,4,0.33333333333333331,5,T4a,-0.0047595939817700501
flow/0000/002,4,0.33333333333333331,5,T4b,-0.01305502285747575
flow/0000/002,4,0.33333333333333331,5,T4c,-0.0028823970572844516
flow/0000/002,4,0.33333333333333331,5,T4d,0.0063260147034581993
flow/0000/002,4,0.33333333333333331,5,T5a,-0.010804210335870697
flow/0000/002,4,0.33333333333333331,5,T5b,-0.0047535596197231002
flow/0000/002,4,0.33333333333333331,5,T5c,-0.011462727135313849
flow/0000/002,4,0.33333333333333331,5,T5d,0.005979402839937701
flow/0000/002,5,0.41666666666666669,6.25,T4a,-0.0029450086079696979
flow/0000/002,5,0.41666666666666669,6.25,T4b,-0.0069171396450570001
flow/0000/002,5,0.41666666666666669,6.25,T4c,-0.0011346465835615493
flow/0000/002,5,0.41666666666666669,6.25,T4d,0.0062108950834376996
flow/0000/002,5,0.41666666666666669,6.25,T5a,-0.011240330845861849
flow/0000/002,5,0.41666666666666669,6.25,T5b,-0.0016862415774933498
flow/0000/002,5,0.41666666666666669,6.25,T5c,-0.0083416019829067531
flow/0000/002,5,0.41666666666666669,6.25,T5d,0.0042746462475070496
flow/0000/002,6,0.5,7.5,T4a,0.0008666619187047489
flow/0000/002,6,0.5,7.5,T4b,-0.0010477127454991001
flow/0000/002,6,0.5,7.5,T4c,9.4879063710900241e-05
flow/0000/002,6,0.5,7.5,T4d,0.0004045914104819498
flow/0000/002,6,0.5,7.5,T5a,-0.0058001231948288517
flow/0000/002,6,0.5,7.5,T5b,0.0007530379154225969
flow/0000/002,6,0.5,7.5,T5c,0.00054730227158664851
flow/0000/002,6,0.5,7.5,T5d,-0.00026494979671690122
flow/0000/002,7,0.58333333333333337,8.75,T4a,7.2003280524899488e-05
flow/0000/002,7,0.58333333333333337,8.75,T4b,-0.0023860607445851494
flow/0000/002,7,0.58333333333333337,8.75,T4c,-0.00044869126769949905
flow/0000/002,7,0.58333333333333337,8.75,T4d,0.00060382303628835066
flow/0000/002,7,0.58333333333333337,8.75,T5a,-0.0064506125283328997
flow/0000/002,7,0.58333333333333337,8.75,T5b,0.0026144751448848487
flow/0000/002,7,0.58333333333333337,8.75,T5c,0.0046255435398715461
flow/0000/002,7,0.58333333333333337,8.75,T5d,-0.00022083563823520336
flow/0000/002,8,0.66666666666666663,10,T4a,0.00044110088444850037
flow/0000/002,8,0.66666666666666663,10,T4b,-0.0024953878149056993
flow/0000/002,8,0.66666666666666663,10,T4c,-0.0010617663760856492
flow/0000/002,8,0.66666666666666663,10,T4d,-0.0012338565803629003
flow/0000/002,8,0.66666666666666663,10,T5a,-0.0094987219618575987
flow/0000/002,8,0.66666666666666663,10,T5b,0.0027462500580805009
flow/0000/002,8,0.66666666666666663,10,T5c,0.0067489543506826441
flow/0000/002,8,0.66666666666666663,10,T5d,-0.0029980284993601017
flow/0000/002,9,0.75,11.25,T4a,0.0038324834751509995
flow/0000/002,9,0.75,11.25,T4b,-0.0031633578631978512
flow/0000/002,9,0.75,11.25,T4c,-0.0015379702581408989
flow/0000/002,9,0.75,11.25,T4d,-0.0049124337319290494
flow/0000/002,9,0.75,11.25,T5a,-0.0032705763603676011
flow/0000/002,9,0.75,11.25,T5b,0.0020237004236677014
flow/0000/002,9,0.75,11.25,T5c,0.0060734303028018022
flow/0000/002,9,0.75,11.25,T5d,-0.005845856831844902
flow/0000/002,10,0.83333333333333337,12.5,T4a,0.00040555298783919932
flow/0000/002,10,0.83333333333333337,12.5,T4b,-0.0028236618191679001
flow/0000/002,10,0.83333333333333337,12.5,T4c,-0.00054387689183140082
flow/0000/002,10,0.83333333333333337,12.5,T4d,-0.0030135825759348006
flow/0000/002,10,0.83333333333333337,12.5,T5a,-0.0095463683245979487
flow/0000/002,10,0.83333333333333337,12.5,T5b,0.0030038736075081
flow/0000/002,10,0.83333333333333337,12.5,T5c,0.0055379900893184481
flow/0000/002,10,0.83333333333333337,12.5,T5d,-0.0028211401912471498
flow/0000/002,11,0.91666666666666663,13.75,T4a,-0.00125089916801795
flow/0000/002,11,0.91666666666666663,13.75,T4b,-0.0052220238298465007
flow/0000/002,11,0.91666666666666663,13.75,T4c,-0.0020617393960889498
flow/0000/002,11,0.91666666666666663,13.75,T4d,-0.00095504736372050043
flow/0000/002,11,0.91666666666666663,13.75,T5a,-0.0089973651658695475
flow/0000/002,11,0.91666666666666663,13.75,T5b,-9.5227827431300371e-05
flow/0000/002,11,0.91666666666666663,13.75,T5c,0.0066585068975416467
flow/0000/002,11,0.91666666666666663,13.75,T5d,-0.0034700166355941461
flow/0000/003,0,0,0,T4a,-0.0017077596715620001
flow/0000/003,0,0,0,T4b,0.0013587446483186501
flow/0000/003,0,0,0,T4c,0.0040037321581554014
flow/0000/003,0,0,0,T4d,-0.0034793532950110981
flow/0000/003,0,0,0,T5a,0.0013817802100811495
flow/0000/003,0,0,0,T5b,0.00050208058073869521
flow/0000/003,0,0,0,T5c,0.0011329225511966939
flow/0000/003,0,0,0,T5d,-0.0019333851930323498
flow/0000/003,1,0.083333333333333301,1.25,T4a,0.0031355878900108502
flow/0000/003,1,0.083333333333333301,1.25,T4b,0.00048253174741445001
flow/0000/003,1,0.083333333333333301,1.25,T4c,0.0031540132725434503
flow/0000/003,1,0.083333333333333301,1.25,T4d,-0.00034954582590580006
flow/0000/003,1,0.083333333333333301,1.25,T5a,0.0029363732788452515
flow/0000/003,1,0.083333333333333301,1.25,T5b,-0.00084875586099149303
flow/0000/003,1,0.083333333333333301,1.25,T5c,0.00027649408728240565
flow/0000/003,1,0.083333333333333301,1.25,T5d,0.0008635230174834016
flow/0000/003,2,0.1666666666666666,2.5,T4a,0.0013661126725213
flow/0000/003,2,0.1666666666666666,2.5,T4b,-0.00054660078932674996
flow/0000/003,2,0.1666666666666666,2.5,T4c,0.0050107868369937501
flow/0000/003,2,0.1666666666666666,2.5,T4d,-0.00070062029165325005
flow/0000/003,2,0.1666666666666666,2.5,T5a,0.001730635436719901
flow/0000/003,2,0.1666666666666666,2.5,T5b,-0.0058632140485302964
flow/0000/003,2,0.1666666666666666,2.5,T5c,-0.0015441864733327093
flow/0000/003,2,0.1666666666666666,2.5,T5d,-5.5882250151496893e-05
flow/0000/003,3,0.25,3.75,T4a,-0.0012063084211115013
flow/0000/003,3,0.25,3.75,T4b,0.0047423095428063503
flow/0000/003,3,0.25,3.75,T4c,0.0031694104001640504
flow/0000/003,3,0.25,3.75,T4d,-0.0020522790657166515
flow/0000/003,3,0.25,3.75,T5a,-0.00033034889544015025
flow/0000/003,3,0.25,3.75,T5b,0.0052230347271474131
flow/0000/003,3,0.25,3.75,T5c,-0.00085400775518135186
flow/0000/003,3,0.25,3.75,T5d,0.0015189129148509978
flow/0000/003,4,0.33333333333333331,5,T4a,0.0048009816152462005
flow/0000/003,4,0.33333333333333331,5,T4b,0.0029608299220241999
flow/0000/003,4,0.33333333333333331,5,T4c,0.0016013264887593491
flow/0000/003,4,0.33333333333333331,5,T4d,0.0052567158045732001
flow/0000/003,4,0.33333333333333331,5,T5a,0.0031126704844496519
flow/0000/003,4,0.33333333333333331,5,T5b,0.0047982529908388027
flow/0000/003,4,0.33333333333333331,5,T5c,-0.00087880607305569625
flow/0000/003,4,0.33333333333333331,5,T5d,-5.5860900448151396e-05
flow/0000/003,5,0.41666666666666669,6.25,T4a,-0.00014810590615964986
flow/0000/003,5,0.41666666666666669,6.25,T4b,-0.0016160710004823502
flow/0000/003,5,0.41666666666666669,6.25,T4c,0.0032765934716444504
flow/0000/003,5,0.41666666666666669,6.25,T4d,0.0027877181408121005
flow/0000/003,5,0.41666666666666669,6.25,T5a,-0.00087558356923970321
flow/0000/003,5,0.41666666666666669,6.25,T5b,-0.0055925018594943504
flow/0000/003,5,0.41666666666666669,6.25,T5c,-0.00032006799965775268
flow/0000/003,5,0.41666666666666669,6.25,T5d,0.0017833029476584453
flow/0000/003,6,0.5,7.5,T4a,-0.0024939650753938985
flow/0000/003,6,0.5,7.5,T4b,0.0030645430999666498
flow/0000/003,6,0.5,7.5,T4c,0.003192894424666852
flow/0000/003,6,0.5,7.5,T4d,-0.0046209986925817995
flow/0000/003,6,0.5,7.5,T5a,0.00024316080309260205
flow/0000/003,6,0.5,7.5,T5b,0.0013458257068899027
flow/0000/003,6,0.5,7.5,T5c,-0.0014014272261010929
flow/0000/003,6,0.5,7.5,T5d,-0.00055760797294594766
flow/0000/003,7,0.58333333333333337,8.75,T4a,0.0017329961702555498
flow/0000/003,7,0.58333333333333337,8.75,T4b,1.2915937976550008e-05
flow/0000/003,7,0.58333333333333337,8.75,T4c,0.0012847018133297985
flow/0000/003,7,0.58333333333333337,8.75,T4d,-0.0058505159489551008
flow/0000/003,7,0.58333333333333337,8.75,T5a,0.0051286715511644487
flow/0000/003,7,0.58333333333333337,8.75,T5b,0.0034659338333165035
flow/0000/003,7,0.58333333333333337,8.75,T5c,0.0015358568941707534
flow/0000/003,7,0.58333333333333337,8.75,T5d,-0.004675721739900246
flow/0000/003,8,0.66666666666666663,10,T4a,-0.0012957778622568489
flow/0000/003,8,0.66666666666666663,10,T4b,-0.0038227044796951002
flow/0000/003,8,0.66666666666666663,10,T4c,-5.1273734184750439e-05
flow/0000/003,8,0.66666666666666663,10,T4d,-0.00093897143459385074
flow/0000/003,8,0.66666666666666663,10,T5a,0.0022299394262084507
flow/0000/003,8,0.66666666666666663,10,T5b,-0.0047310044422982506
flow/0000/003,8,0.66666666666666663,10,T5c,0.0036602101904681383
flow/0000/003,8,0.66666666666666663,10,T5d,0.0018812118617582974
flow/0000/003,9,0.75,11.25,T4a,-0.0025175942225132003
flow/0000/003,9,0.75,11.25,T4b,0.00067481202149580004
flow/0000/003,9,0.75,11.25,T4c,0.0045277350477747492
flow/0000/003,9,0.75,11.25,T4d,-0.0078574496435209994
flow/0000/003,9,0.75,11.25,T5a,0.00033560072408990102
flow/0000/003,9,0.75,11.25,T5b,0.0011627232842121443
flow/0000/003,9,0.75,11.25,T5c,0.0021475700057005942
flow/0000/003,9,0.75,11.25,T5d,-0.0010643090265113966
flow/0000/003,10,0.83333333333333337,12.5,T4a,-0.00031998794533119948
flow/0000/003,10,0.83333333333333337,12.5,T4b,-0.0017029946722861
flow/0000/003,10,0.83333333333333337,12.5,T4c,0.0021259396777615503
flow/0000/003,10,0.83333333333333337,12.5,T4d,-0.0070259952813604499
flow/0000/003,10,0.83333333333333337,12.5,T5a,0.0033426090607248486
flow/0000/003,10,0.83333333333333337,12.5,T5b,0.00080079554446410572
flow/0000/003,10,0.83333333333333337,12.5,T5c,0.0019194141752677391
flow/0000/003,10,0.83333333333333337,12.5,T5d,-0.0050631976273342524
flow/0000/003,11,0.91666666666666663,13.75,T4a,-0.0033730650437133001
flow/0000/003,11,0.91666666666666663,13.75,T4b,-0.0039047791530014498
flow/0000/003,11,0.91666666666666663,13.75,T4c,0.0041673994266141004
flow/0000/003,11,0.91666666666666663,13.75,T4d,-0.0084266313026977995
flow/0000/003,11,0.91666666666666663,13.75,T5a,0.00026907449588994825
flow/0000/003,11,0.91666666666666663,13.75,T5b,-0.0057542728735942017
flow/0000/003,11,0.91666666666666663,13.75,T5c,0.0020184782285734559
flow/0000/003,11,0.91666666666666663,13.75,T5d,-0.005231226181430397
flow/0000/004,0,0,0,T4a,0.00041560192994569839
flow/0000/004,0,0,0,T4b,-5.6291266340649981e-05
flow/0000/004,0,0,0,T4c,-0.0010240122065656504
flow/0000/004,0,0,0,T4d,0.0012275972281640497
flow/0000/004,0,0,0,T5a,-2.6215920807537429e-06
flow/0000/004,0,0,0,T5b,-3.1082894828352026e-05
flow/0000/004,0,0,0,T5c,0.00060411363517764993
flow/0000/004,0,0,0,T5d,-0.00036802223061254899
flow/0000/004,1,0.083333333333333301,1.25,T4a,-0.0030207981558882518
flow/0000/004,1,0.083333333333333301,1.25,T4b,-0.0033548485913608502
flow/0000/004,1,0.083333333333333301,1.25,T4c,-0.0040108505575887502
flow/0000/004,1,0.083333333333333301,1.25,T4d,0.00176835533971285
flow/0000/004,1,0.083333333333333301,1.25,T5a,0.0014167546774328521
flow/0000/004,1,0.083333333333333301,1.25,T5b,3.5214107893848795e-05
flow/0000/004,1,0.083333333333333301,1.25,T5c,0.0032388628457703031
flow/0000/004,1,0.083333333333333301,1.25,T5d,0.00067256682644610197
flow/0000/004,2,0.1666666666666666,2.5,T4a,0.0013175700540434473
flow/0000/004,2,0.1666666666666666,2.5,T4b,-0.00067778135050595013
flow/0000/004,2,0.1666666666666666,2.5,T4c,-0.0048230031061094495
flow/0000/004,2,0.1666666666666666,2.5,T4d,0.0021047443915121001
flow/0000/004,2,0.1666666666666666,2.5,T5a,0.00010275282075309505
flow/0000/004,2,0.1666666666666666,2.5,T5b,-0.00031659286246265086
flow/0000/004,2,0.1666666666666666,2.5,T5c,0.0058231972157955503
flow/0000/004,2,0.1666666666666666,2.5,T5d,0.00081275622127054831
flow/0000/004,3,0.25,3.75,T4a,-0.0012427341902252961
flow/0000/004,3,0.25,3.75,T4b,0.00015354115386699996
flow/0000/004,3,0.25,3.75,T4c,-0.0026428323124335004
flow/0000/004,3,0.25,3.75,T4d,0.00089571231872015
flow/0000/004,3,0.25,3.75,T5a,-0.00070072726468169838
flow/0000/004,3,0.25,3.75,T5b,-0.00025620286414829857
flow/0000/004,3,0.25,3.75,T5c,0.004245717159140551
flow/0000/004,3,0.25,3.75,T5d,-0.00029988318210170256
flow/0000/004,4,0.33333333333333331,5,T4a,-0.0007246954477480444
flow/0000/004,4,0.33333333333333331,5,T4b,-0.00131617624654645
flow/0000/004,4,0.33333333333333331,5,T4c,-0.0020852853671995499
flow/0000/004,4,0.33333333333333331,5,T4d,0.0020865290660733501
flow/0000/004,4,0.33333333333333331,5,T5a,-0.00096749721791099946
flow/0000/004,4,0.33333333333333331,5,T5b,-0.00075926565541119609
flow/0000/004,4,0.33333333333333331,5,T5c,0.0019244647542430993
flow/0000/004,4,0.33333333333333331,5,T5d,0.00020269780811155158
flow/0000/004,5,0.41666666666666669,6.25,T4a,0.0015979173438354019
flow/0000/004,5,0.41666666666666669,6.25,T4b,-0.0026803940905807499
flow/0000/004,5,0.41666666666666669,6.25,T4c,-0.0017152087687448002
flow/0000/004,5,0.41666666666666669,6.25,T4d,0.0032570363562553504
flow/0000/004,5,0.41666666666666669,6.25,T5a,0.00014720827659060048
flow/0000/004,5,0.41666666666666669,6.25,T5b,-0.0005415258535556508
flow/0000/004,5,0.41666666666666669,6.25,T5c,0.0029833252121185469
flow/0000/004,5,0.41666666666666669,6.25,T5d,-0.00051240611969600308
flow/0000/004,6,0.5,7.5,T4a,-0.00049342773794034539
flow/0000/004,6,0.5,7.5,T4b,-0.00057644849248000016
flow/0000/004,6,0.5,7.5,T4c,-0.0021529570078301003
flow/0000/004,6,0.5,7.5,T4d,0.00285567681918925
flow/0000/004,6,0.5,7.5,T5a,5.2214794749448623e-05
flow/0000/004,6,0.5,7.5,T5b,-0.00017863162151000173
flow/0000/004,6,0.5,7.5,T5c,0.0039952079136292978
flow/0000/004,6,0.5,7.5,T5d,-0.00068787037977274812
flow/0000/004,7,0.58333333333333337,8.75,T4a,-0.0015030945619146016
flow/0000/004,7,0.58333333333333337,8.75,T4b,0.00061675506479389993
flow/0000/004,7,0.58333333333333337,8.75,T4c,-0.0024766583632998499
flow/0000/004,7,0.58333333333333337,8.75,T4d,0.0020671973645400498
flow/0000/004,7,0.58333333333333337,8.75,T5a,0.00098329055746700089
flow/0000/004,7,0.58333333333333337,8.75,T5b,-0.00066203620811165417
flow/0000/004,7,0.58333333333333337,8.75,T5c,0.0034138039603131484
flow/0000/004,7,0.58333333333333337,8.75,T5d,-3.2396078982449561e-05
flow/0000/004,8,0.66666666666666663,10,T4a,0.0031969496630047459
flow/0000/004,8,0.66666666666666663,10,T4b,-8.7025575535000017e-05
flow/0000/004,8,0.66666666666666663,10,T4c,-0.0015188489713612498
flow/0000/004,8,0.66666666666666663,10,T4d,0.0024047953378392994
flow/0000/004,8,0.66666666666666663,10,T5a,0.00025958791088304817
flow/0000/004,8,0.66666666666666663,10,T5b,-0.00067701788689090298
flow/0000/004,8,0.66666666666666663,10,T5c,0.002280773951279999
flow/0000/004,8,0.66666666666666663,10,T5d,0.00043782975864605292
flow/0000/004,9,0.75,11.25,T4a,0.0008498121679715448
flow/0000/004,9,0.75,11.25,T4b,-0.00064469264382410003
flow/0000/004,9,0.75,11.25,T4c,-0.0011330133088469502
flow/0000/004,9,0.75,11.25,T4d,0.0028474623575316495
flow/0000/004,9,0.75,11.25,T5a,0.00097334277922864892
flow/0000/004,9,0.75,11.25,T5b,-8.9016786265980197e-06
flow/0000/004,9,0.75,11.25,T5c,0.0031459116914701046
flow/0000/004,9,0.75,11.25,T5d,-0.00047567822852929986
flow/0000/004,10,0.83333333333333337,12.5,T4a,-0.00088239868555359952
flow/0000/004,10,0.83333333333333337,12.5,T4b,-0.0007374768586482
flow/0000/004,10,0.83333333333333337,12.5,T4c,-0.0040424188659123495
flow/0000/004,10,0.83333333333333337,12.5,T4d,0.0043948560881525503
flow/0000/004,10,0.83333333333333337,12.5,T5a,0.0019217709395763019
flow/0000/004,10,0.83333333333333337,12.5,T5b,-0.00023755415394164855
flow/0000/004,10,0.83333333333333337,12.5,T5c,0.0053968830343849444
flow/0000/004,10,0.83333333333333337,12.5,T5d,-0.00067170644768515045
flow/0000/004,11,0.91666666666666663,13.75,T4a,0.0010753055703133507
flow/0000/004,11,0.91666666666666663,13.75,T4b,0.00057039938851264987
flow/0000/004,11,0.91666666666666663,13.75,T4c,-0.0023990174091269001
flow/0000/004,11,0.91666666666666663,13.75,T4d,0.0020357171617916003
flow/0000/004,11,0.91666666666666663,13.75,T5a,0.0010083406078250506
flow/0000/004,11,0.91666666666666663,13.75,T5b,-0.00085805894697605148
flow/0000/004,11,0.91666666666666663,13.75,T5c,0.0025220818632629011
flow/0000/004,11,0.91666666666666663,13.75,T5d,-0.00019856297326910008
flow/0000/005,0,0,0,T4a,-0.0019629542966353997
flow/0000/005,0,0,0,T4b,0.0015033175412749993
flow/0000/005,0,0,0,T4c,-0.00022432946168529904
flow/0000/005,0,0,0,T4d,-0.0016161255663419494
flow/0000/005,0,0,0,T5a,-0.00060461700219060013
flow/0000/005,0,0,0,T5b,-0.00087263113330610098
flow/0000/005,0,0,0,T5c,0.0001036519162658997
flow/0000/005,0,0,0,T5d,5.0968896309899758e-05
flow/0000/005,1,0.083333333333333301,1.25,T4a,-0.0025867792771351004
flow/0000/005,1,0.083333333333333301,1.25,T4b,-0.00076495964878600144
flow/0000/005,1,0.083333333333333301,1.25,T4c,-1.7477709925500448e-06
flow/0000/005,1,0.083333333333333301,1.25,T4d,-0.0007127412600591498
flow/0000/005,1,0.083333333333333301,1.25,T5a,-0.0018959803332304504
flow/0000/005,1,0.083333333333333301,1.25,T5b,0.0018397045560121505
flow/0000/005,1,0.083333333333333301,1.25,T5c,0.0020790776455686978
flow/0000/005,1,0.083333333333333301,1.25,T5d,4.8613460413900883e-05
flow/0000/005,2,0.1666666666666666,2.5,T4a,0.00094861272398415013
flow/0000/005,2,0.1666666666666666,2.5,T4b,-0.0011980798880950501
flow/0000/005,2,0.1666666666666666,2.5,T4c,-0.0010434012074588004
flow/0000/005,2,0.1666666666666666,2.5,T4d,0.0011819965012596998
flow/0000/005,2,0.1666666666666666,2.5,T5a,-5.703236393625119e-05
flow/0000/005,2,0.1666666666666666,2.5,T5b,0.0013831233680006438
flow/0000/005,2,0.1666666666666666,2.5,T5c,0.0043351464633274994
flow/0000/005,2,0.1666666666666666,2.5,T5d,-0.00038062299564715213
flow/0000/005,3,0.25,3.75,T4a,-0.0014605456324778485
flow/0000/005,3,0.25,3.75,T4b,-0.00099368187803174947
flow/0000/005,3,0.25,3.75,T4c,-0.0013175687457668006
flow/0000/005,3,0.25,3.75,T4d,0.0019223695921455506
flow/0000/005,3,0.25,3.75,T5a,-0.0024741431273658
flow/0000/005,3,0.25,3.75,T5b,0.0020630187567345012
flow/0000/005,3,0.25,3.75,T5c,0.0051755444362333002
flow/0000/005,3,0.25,3.75,T5d,0.0012198716409839508
flow/0000/005,4,0.33333333333333331,5,T4a,-0.0015507939894057014
flow/0000/005,4,0.33333333333333331,5,T4b,-0.0017194764764882995
flow/0000/005,4,0.33333333333333331,5,T4c,-0.00095462475963005097
flow/0000/005,4,0.33333333333333331,5,T4d,0.0008692174032657006
flow/0000/005,4,0.33333333333333331,5,T5a,-2.4411131861698868e-05
flow/0000/005,4,0.33333333333333331,5,T5b,0.0037361315631307471
flow/0000/005,4,0.33333333333333331,5,T5c,0.008197451096448951
flow/0000/005,4,0.33333333333333331,5,T5d,0.0018555880829542494
flow/0000/005,5,0.41666666666666669,6.25,T4a,5.4660483385650729e-05
flow/0000/005,5,0.41666666666666669,6.25,T4b,-0.00064533668117344994
flow/0000/005,5,0.41666666666666669,6.25,T4c,-8.2274379472799773e-05
flow/0000/005,5,0.41666666666666669,6.25,T4d,-0.00082052754670114934
flow/0000/005,5,0.41666666666666669,6.25,T5a,0.00090018146202049815
flow/0000/005,5,0.41666666666666669,6.25,T5b,0.0010609404706275055
flow/0000/005,5,0.41666666666666669,6.25,T5c,0.0054997601087429029
flow/0000/005,5,0.41666666666666669,6.25,T5d,0.0019626319115261526
flow/0000/005,6,0.5,7.5,T4a,-0.0012586803228051488
flow/0000/005,6,0.5,7.5,T4b,0.00092016456153670018
flow/0000/005,6,0.5,7.5,T4c,0.00074227505642020068
flow/0000/005,6,0.5,7.5,T4d,0.00016878468249930008
flow/0000/005,6,0.5,7.5,T5a,-0.00017012908385100056
flow/0000/005,6,0.5,7.5,T5b,-0.00096794074360945226
flow/0000/005,6,0.5,7.5,T5c,-0.00086182012734195221
flow/0000/005,6,0.5,7.5,T5d,0.00053348248678014923
flow/0000/005,7,0.58333333333333337,8.75,T4a,-0.00035287074141064981
flow/0000/005,7,0.58333333333333337,8.75,T4b,3.1612027225549379e-05
flow/0000/005,7,0.58333333333333337,8.75,T4c,-0.00073556019268654956
flow/0000/005,7,0.58333333333333337,8.75,T4d,0.0030030414406547008
flow/0000/005,7,0.58333333333333337,8.75,T5a,-0.0031068259516609988
flow/0000/005,7,0.58333333333333337,8.75,T5b,-0.00053971940558444897
flow/0000/005,7,0.58333333333333337,8.75,T5c,0.0040577972163618505
flow/0000/005,7,0.58333333333333337,8.75,T5d,-0.00012092597439690086
flow/0000/005,8,0.66666666666666663,10,T4a,0.0017924703795093502
flow/0000/005,8,0.66666666666666663,10,T4b,0.00083531066492570014
flow/0000/005,8,0.66666666666666663,10,T4c,-0.00035186326963669926
flow/0000/005,8,0.66666666666666663,10,T4d,-0.00015320912182715044
flow/0000/005,8,0.66666666666666663,10,T5a,-0.0019144833469448008
flow/0000/005,8,0.66666666666666663,10,T5b,-0.0017581252936852004
flow/0000/005,8,0.66666666666666663,10,T5c,0.0025928490327805989
flow/0000/005,8,0.66666666666666663,10,T5d,-0.00023286685317309985
flow/0000/005,9,0.75,11.25,T4a,-9.2571041047800201e-05
flow/0000/005,9,0.75,11.25,T4b,0.001378551077740351
flow/0000/005,9,0.75,11.25,T4c,0.00048415408370995009
flow/0000/005,9,0.75,11.25,T4d,0.00018845308912495036
flow/0000/005,9,0.75,11.25,T5a,0.00061487031115904991
flow/0000/005,9,0.75,11.25,T5b,-0.00032441235283259956
flow/0000/005,9,0.75,11.25,T5c,-0.00066029159390109879
flow/0000/005,9,0.75,11.25,T5d,-0.00010864277015334989
flow/0000/005,10,0.83333333333333337,12.5,T4a,0.00024900200183290006
flow/0000/005,10,0.83333333333333337,12.5,T4b,0.00059790365875220068
flow/0000/005,10,0.83333333333333337,12.5,T4c,-0.0018856589643079505
flow/0000/005,10,0.83333333333333337,12.5,T4d,0.0021778937734902998
flow/0000/005,10,0.83333333333333337,12.5,T5a,0.0003579231846723499
flow/0000/005,10,0.83333333333333337,12.5,T5b,-0.001179598074135646
flow/0000/005,10,0.83333333333333337,12.5,T5c,0.0071813345605440532
flow/0000/005,10,0.83333333333333337,12.5,T5d,0.0016473887356609485
flow/0000/005,11,0.91666666666666663,13.75,T4a,0.0028041437002652991
flow/0000/005,11,0.91666666666666663,13.75,T4b,0.00042601049711435066
flow/0000/005,11,0.91666666666666663,13.75,T4c,-0.0012490076948378998
flow/0000/005,11,0.91666666666666663,13.75,T4d,-0.00095998082546840027
flow/0000/005,11,0.91666666666666663,13.75,T5a,-1.4430672183549445e-05
flow/0000/005,11,0.91666666666666663,13.75,T5b,-0.0020798529540725502
flow/0000/005,11,0.91666666666666663,13.75,T5c,0.0038814533137031017
flow/0000/005,11,0.91666666666666663,13.75,T5d,-0.00045412086154570167
flow/0000/006,0,0,0,T4a,0.0047323603776289504
flow/0000/006,0,0,0,T4b,-0.015526086632753049
flow/0000/006,0,0,0,T4c,-0.0034246752216796489
flow/0000/006,0,0,0,T4d,0.0041548914841709021
flow/0000/006,0,0,0,T5a,-0.0091331303583046981
flow/0000/006,0,0,0,T5b,0.00085820063228070342
flow/0000/006,0,0,0,T5c,0.0040762175399988495
flow/0000/006,0,0,0,T5d,-0.004879666168717902
flow/0000/006,1,0.083333333333333301,1.25,T4a,0.0081433210242265498
flow/0000/006,1,0.083333333333333301,1.25,T4b,-0.0056819355872325499
flow/0000/006,1,0.083333333333333301,1.25,T4c,0.00017561693116249777
flow/0000/006,1,0.083333333333333301,1.25,T4d,0.0044425873601555525
flow/0000/006,1,0.083333333333333301,1.25,T5a,-0.0032414029671949006
flow/0000/006,1,0.083333333333333301,1.25,T5b,0.00013490869283709628
flow/0000/006,1,0.083333333333333301,1.25,T5c,0.00043709388766925011
flow/0000/006,1,0.083333333333333301,1.25,T5d,-0.0014155647844104995
flow/0000/006,2,0.1666666666666666,2.5,T4a,0.0030297518755575993
flow/0000/006,2,0.1666666666666666,2.5,T4b,-0.0010034413556927503
flow/0000/006,2,0.1666666666666666,2.5,T4c,-0.0011745226288605998
flow/0000/006,2,0.1666666666666666,2.5,T4d,0.0056096587202873506
flow/0000/006,2,0.1666666666666666,2.5,T5a,-0.0031458278886640993
flow/0000/006,2,0.1666666666666666,2.5,T5b,-0.00029825534001655385
flow/0000/006,2,0.1666666666666666,2.5,T5c,-0.0015454424709167996
flow/0000/006,2,0.1666666666666666,2.5,T5d,-0.00069926357519625032
flow/0000/006,3,0.25,3.75,T4a,0.0027581823624326027
flow/0000/006,3,0.25,3.75,T4b,-0.0045881811144773497
flow/0000/006,3,0.25,3.75,T4c,-0.0017036169486768019
flow/0000/006,3,0.25,3.75,T4d,-0.00015712295628790215
flow/0000/006,3,0.25,3.75,T5a,-0.0046367006208202005
flow/0000/006,3,0.25,3.75,T5b,0.00073986216038539332
flow/0000/006,3,0.25,3.75,T5c,0.00086661586076334889
flow/0000/006,3,0.25,3.75,T5d,-0.0026229425639012482
flow/0000/006,4,0.33333333333333331,5,T4a,0.011161549290374651
flow/0000/006,4,0.33333333333333331,5,T4b,-0.026019450099823451
flow/0000/006,4,0.33333333333333331,5,T4c,-0.0017275975797887005
flow/0000/006,4,0.33333333333333331,5,T4d,0.0082224994884190494
flow/0000/006,4,0.33333333333333331,5,T5a,-0.014759495533714551
flow/0000/006,4,0.33333333333333331,5,T5b,0.0020959902565800964
flow/0000/006,4,0.33333333333333331,5,T5c,0.00064537757459550045
flow/0000/006,4,0.33333333333333331,5,T5d,-0.002276271068705352
flow/0000/006,5,0.41666666666666669,6.25,T4a,0.00040920901618779829
flow/0000/006,5,0.41666666666666669,6.25,T4b,0.0038005227738661489
flow/0000/006,5,0.41666666666666669,6.25,T4c,-0.0045586631105137485
flow/0000/006,5,0.41666666666666669,6.25,T4d,0.011532138942493501
flow/0000/006,5,0.41666666666666669,6.25,T5a,-0.005607668296831651
flow/0000/006,5,0.41666666666666669,6.25,T5b,0.0022282189658372475
flow/0000/006,5,0.41666666666666669,6.25,T5c,0.0020348546862529997
flow/0000/006,5,0.41666666666666669,6.25,T5d,-0.0042353638475387985
flow/0000/006,6,0.5,7.5,T4a,0.0032741422887062992
flow/0000/006,6,0.5,7.5,T4b,-0.0033797158029736001
flow/0000/006,6,0.5,7.5,T4c,-0.0028285924005403487
flow/0000/006,6,0.5,7.5,T4d,0.0034607660909030009
flow/0000/006,6,0.5,7.5,T5a,-0.0040179195574590997
flow/0000/006,6,0.5,7.5,T5b,0.0012548063091655931
flow/0000/006,6,0.5,7.5,T5c,-0.00087434524213720125
flow/0000/006,6,0.5,7.5,T5d,-0.0016877349790643467
flow/0000/006,7,0.58333333333333337,8.75,T4a,0.0023191998965649517
flow/0000/006,7,0.58333333333333337,8.75,T4b,-0.00027103179430169964
flow/0000/006,7,0.58333333333333337,8.75,T4c,-0.0059767060045470485
flow/0000/006,7,0.58333333333333337,8.75,T4d,0.0031275494721219009
flow/0000/006,7,0.58333333333333337,8.75,T5a,-0.0040439516498102998
flow/0000/006,7,0.58333333333333337,8.75,T5b,0.00058660443356724212
flow/0000/006,7,0.58333333333333337,8.75,T5c,0.001520497400375749
flow/0000/006,7,0.58333333333333337,8.75,T5d,-0.0042693348480492485
flow/0000/006,8,0.66666666666666663,10,T4a,-0.00076172045361780003
flow/0000/006,8,0.66666666666666663,10,T4b,-0.0101006146476219
flow/0000/006,8,0.66666666666666663,10,T4c,-0.0062407514814564018
flow/0000/006,8,0.66666666666666663,10,T4d,0.0051910522805151509
flow/0000/006,8,0.66666666666666663,10,T5a,-0.0098159777460861495
flow/0000/006,8,0.66666666666666663,10,T5b,0.002390285555999655
flow/0000/006,8,0.66666666666666663,10,T5c,9.0191229810699866e-05
flow/0000/006,8,0.66666666666666663,10,T5d,-0.0018547339350116002
flow/0000/006,9,0.75,11.25,T4a,-0.0047188585073801997
flow/0000/006,9,0.75,11.25,T4b,-0.0095949414141899489
flow/0000/006,9,0.75,11.25,T4c,-0.0064000232826874996
flow/0000/006,9,0.75,11.25,T4d,0.0031096376300337493
flow/0000/006,9,0.75,11.25,T5a,-0.0090861753373359007
flow/0000/006,9,0.75,11.25,T5b,0.0020233188954246473
flow/0000/006,9,0.75,11.25,T5c,0.0037797234864183999
flow/0000/006,9,0.75,11.25,T5d,-0.0055947201638254507
flow/0000/006,10,0.83333333333333337,12.5,T4a,0.0028239584647238025
flow/0000/006,10,0.83333333333333337,12.5,T4b,-0.0134784184874408
flow/0000/006,10,0.83333333333333337,12.5,T4c,-0.0039838672375581523
flow/0000/006,10,0.83333333333333337,12.5,T4d,-0.0006463807163386015
flow/0000/006,10,0.83333333333333337,12.5,T5a,-0.0081854487036358507
flow/0000/006,10,0.83333333333333337,12.5,T5b,0.0013760962557544526
flow/0000/006,10,0.83333333333333337,12.5,T5c,0.0016230933221887001
flow/0000/006,10,0.83333333333333337,12.5,T5d,-0.0017353335995788505
flow/0000/006,11,0.91666666666666663,13.75,T4a,-0.0045193428867427478
flow/0000/006,11,0.91666666666666663,13.75,T4b,-0.0016506858747110495
flow/0000/006,11,0.91666666666666663,13.75,T4c,-0.0028435414220282992
flow/0000/006,11,0.91666666666666663,13.75,T4d,-0.00023070957924900201
flow/0000/006,11,0.91666666666666663,13.75,T5a,-0.0075078804415912512
flow/0000/006,11,0.91666666666666663,13.75,T5b,0.0023718106626065966
flow/0000/006,11,0.91666666666666663,13.75,T5c,-0.0021704201804731999
flow/0000/006,11,0.91666666666666663,13.75,T5d,0.0020754598422415005
flow/0000/007,0,0,0,T4a,-0.0014455231079207008
flow/0000/007,0,0,0,T4b,0.0010500136156348502
flow/0000/007,0,0,0,T4c,0.0011970654614193513
flow/0000/007,0,0,0,T4d,0.00032160920263694937
flow/0000/007,0,0,0,T5a,-0.0043580893513264999
flow/0000/007,0,0,0,T5b,0.00054890732518404761
flow/0000/007,0,0,0,T5c,-0.025462539655572596
flow/0000/007,0,0,0,T5d,0.00018630253562179622
flow/0000/007,1,0.083333333333333301,1.25,T4a,-0.010170433107436299
flow/0000/007,1,0.083333333333333301,1.25,T4b,0.00096098321688390005
flow/0000/007,1,0.083333333333333301,1.25,T4c,0.0022738782850627998
flow/0000/007,1,0.083333333333333301,1.25,T4d,0.0013729873293355996
flow/0000/007,1,0.083333333333333301,1.25,T5a,-0.0064589303100410994
flow/0000/007,1,0.083333333333333301,1.25,T5b,0.0016874068737548487
flow/0000/007,1,0.083333333333333301,1.25,T5c,-0.023046953349336798
flow/0000/007,1,0.083333333333333301,1.25,T5d,-0.00012435931484534868
flow/0000/007,2,0.1666666666666666,2.5,T4a,-0.0027817530342468012
flow/0000/007,2,0.1666666666666666,2.5,T4b,-0.00033305450348504982
flow/0000/007,2,0.1666666666666666,2.5,T4c,0.0093898017136364934
flow/0000/007,2,0.1666666666666666,2.5,T4d,0.0087755948988730501
flow/0000/007,2,0.1666666666666666,2.5,T5a,0.0019843827666037499
flow/0000/007,2,0.1666666666666666,2.5,T5b,-0.00030048073167729394
flow/0000/007,2,0.1666666666666666,2.5,T5c,-0.027762114187081653
flow/0000/007,2,0.1666666666666666,2.5,T5d,-0.0013168545868743955
flow/0000/007,3,0.25,3.75,T4a,-0.0061467075423581007
flow/0000/007,3,0.25,3.75,T4b,-3.0791295608499115e-06
flow/0000/007,3,0.25,3.75,T4c,0.0042926725861202539
flow/0000/007,3,0.25,3.75,T4d,0.004961363841557799
flow/0000/007,3,0.25,3.75,T5a,-0.024199640442719949
flow/0000/007,3,0.25,3.75,T5b,0.0041636315580238989
flow/0000/007,3,0.25,3.75,T5c,-0.033506319517863994
flow/0000/007,3,0.25,3.75,T5d,-0.0012491718347127506
flow/0000/007,4,0.33333333333333331,5,T4a,-0.0105516927918952
flow/0000/007,4,0.33333333333333331,5,T4b,0.00066393157751174999
flow/0000/007,4,0.33333333333333331,5,T4c,0.00076045840064735415
flow/0000/007,4,0.33333333333333331,5,T4d,0.0028504061888656972
flow/0000/007,4,0.33333333333333331,5,T5a,-0.015070812139705649
flow/0000/007,4,0.33333333333333331,5,T5b,0.0036539888826727027
flow/0000/007,4,0.33333333333333331,5,T5c,-0.017675992098885755
flow/0000/007,4,0.33333333333333331,5,T5d,0.0018378604441788016
flow/0000/007,5,0.41666666666666669,6.25,T4a,-0.0071251591455512991
flow/0000/007,5,0.41666666666666669,6.25,T4b,0.0016136621693348
flow/0000/007,5,0.41666666666666669,6.25,T4c,-0.00070174328465869712
flow/0000/007,5,0.41666666666666669,6.25,T4d,0.0030553304918803995
flow/0000/007,5,0.41666666666666669,6.25,T5a,0.0021890946784653992
flow/0000/007,5,0.41666666666666669,6.25,T5b,0.0012200663330835526
flow/0000/007,5,0.41666666666666669,6.25,T5c,-0.026063326489043102
flow/0000/007,5,0.41666666666666669,6.25,T5d,0.0011583767992418004
flow/0000/007,6,0.5,7.5,T4a,-0.0029875129421281996
flow/0000/007,6,0.5,7.5,T4b,0.0009000642371024
flow/0000/007,6,0.5,7.5,T4c,-0.0008572375274444044
flow/0000/007,6,0.5,7.5,T4d,0.0057221240497262009
flow/0000/007,6,0.5,7.5,T5a,-0.01475773575049295
flow/0000/007,6,0.5,7.5,T5b,0.0030362928054659954
flow/0000/007,6,0.5,7.5,T5c,-0.038655167576484156
flow/0000/007,6,0.5,7.5,T5d,0.00117439534948445
flow/0000/007,7,0.58333333333333337,8.75,T4a,-0.0065907289381692512
flow/0000/007,7,0.58333333333333337,8.75,T4b,-4.6574295200700003e-05
flow/0000/007,7,0.58333333333333337,8.75,T4c,0.0045031238175148036
flow/0000/007,7,0.58333333333333337,8.75,T4d,0.0083698017755288491
flow/0000/007,7,0.58333333333333337,8.75,T5a,-0.0142548628997657
flow/0000/007,7,0.58333333333333337,8.75,T5b,0.0036006616199341507
flow/0000/007,7,0.58333333333333337,8.75,T5c,-0.035838253228697999
flow/0000/007,7,0.58333333333333337,8.75,T5d,0.00011998015986604965
flow/0000/007,8,0.66666666666666663,10,T4a,-0.0035093285891517473
flow/0000/007,8,0.66666666666666663,10,T4b,0.0005171805299004999
flow/0000/007,8,0.66666666666666663,10,T4c,0.0045902380067533027
flow/0000/007,8,0.66666666666666663,10,T4d,0.0050722404897385002
flow/0000/007,8,0.66666666666666663,10,T5a,-0.00058270619452570034
flow/0000/007,8,0.66666666666666663,10,T5b,0.001894385844138452
flow/0000/007,8,0.66666666666666663,10,T5c,-0.015694288696019347
flow/0000/007,8,0.66666666666666663,10,T5d,-0.0022616431950785026
flow/0000/007,9,0.75,11.25,T4a,-0.0019155623204476016
flow/0000/007,9,0.75,11.25,T4b,0.0016555195196662001
flow/0000/007,9,0.75,11.25,T4c,-0.0038315788992357019
flow/0000/007,9,0.75,11.25,T4d,0.00046990311019435085
flow/0000/007,9,0.75,11.25,T5a,-0.0049284772875384996
flow/0000/007,9,0.75,11.25,T5b,0.0023066955528155478
flow/0000/007,9,0.75,11.25,T5c,-0.033356700850658103
flow/0000/007,9,0.75,11.25,T5d,0.0012894516699162029
flow/0000/007,10,0.83333333333333337,12.5,T4a,-0.0057016251618275983
flow/0000/007,10,0.83333333333333337,12.5,T4b,0.0020391409075406503
flow/0000/007,10,0.83333333333333337,12.5,T4c,-0.0036746058718477026
flow/0000/007,10,0.83333333333333337,12.5,T4d,0.00064610148133264697
flow/0000/007,10,0.83333333333333337,12.5,T5a,-0.0037561627367530487
flow/0000/007,10,0.83333333333333337,12.5,T5b,0.0027589553710519535
flow/0000/007,10,0.83333333333333337,12.5,T5c,-0.033584902769707152
flow/0000/007,10,0.83333333333333337,12.5,T5d,0.0037597745256898948
flow/0000/007,11,0.91666666666666663,13.75,T4a,0.00069168273623254964
flow/0000/007,11,0.91666666666666663,13.75,T4b,0.00046341793131245016
flow/0000/007,11,0.91666666666666663,13.75,T4c,0.0020246668198029977
flow/0000/007,11,0.91666666666666663,13.75,T4d,0.0067195387787299492
flow/0000/007,11,0.91666666666666663,13.75,T5a,-0.0071956144415598489
flow/0000/007,11,0.91666666666666663,13.75,T5b,0.0030616146139985992
flow/0000/007,11,0.91666666666666663,13.75,T5c,-0.034882524269973049
flow/0000/007,11,0.91666666666666663,13.75,T5d,0.0013096667815326452
flow/0000/008,0,0,0,T4a,0.0047262827191498907
flow/0000/008,0,0,0,T4b,-0.005752179904193945
flow/0000/008,0,0,0,T4c,0.0094890936990174035
flow/0000/008,0,0,0,T4d,-0.0072348160270433517
flow/0000/008,0,0,0,T5a,0.0028105849848785499
flow/0000/008,0,0,0,T5b,-0.00059966189605410031
flow/0000/008,0,0,0,T5c,0.012888292886085902
flow/0000/008,0,0,0,T5d,0.00092521511741169848
flow/0000/008,1,0.083333333333333301,1.25,T4a,0.0059973965927423989
flow/0000/008,1,0.083333333333333301,1.25,T4b,0.0040225995465068415
flow/0000/008,1,0.083333333333333301,1.25,T4c,0.019527204295632553
flow/0000/008,1,0.083333333333333301,1.25,T4d,-0.0013467235175711016
flow/0000/008,1,0.083333333333333301,1.25,T5a,0.0022002013817789498
flow/0000/008,1,0.083333333333333301,1.25,T5b,0.00096177425909205194
flow/0000/008,1,0.083333333333333301,1.25,T5c,0.02012378619860895
flow/0000/008,1,0.083333333333333301,1.25,T5d,-0.00074819257134235012
flow/0000/008,2,0.1666666666666666,2.5,T4a,-0.0041543186762523499
flow/0000/008,2,0.1666666666666666,2.5,T4b,0.0067768328379163995
flow/0000/008,2,0.1666666666666666,2.5,T4c,0.033839167924669844
flow/0000/008,2,0.1666666666666666,2.5,T4d,-0.0055892136572400011
flow/0000/008,2,0.1666666666666666,2.5,T5a,-0.00108032340688245
flow/0000/008,2,0.1666666666666666,2.5,T5b,-0.00028979208271150136
flow/0000/008,2,0.1666666666666666,2.5,T5c,0.035976331597927999
flow/0000/008,2,0.1666666666666666,2.5,T5d,0.0012871615500786998
flow/0000/008,3,0.25,3.75,T4a,0.00018744773625109512
flow/0000/008,3,0.25,3.75,T4b,0.0046550572545968477
flow/0000/008,3,0.25,3.75,T4c,0.022259224877348757
flow/0000/008,3,0.25,3.75,T4d,-0.0039200554568971507
flow/0000/008,3,0.25,3.75,T5a,-1.9084480550149961e-05
flow/0000/008,3,0.25,3.75,T5b,0.0015246644071152046
flow/0000/008,3,0.25,3.75,T5c,0.019054874858798053
flow/0000/008,3,0.25,3.75,T5d,0.0036386823104075025
flow/0000/008,4,0.33333333333333331,5,T4a,-0.0019361091263312424
flow/0000/008,4,0.33333333333333331,5,T4b,0.0090510997033842466
flow/0000/008,4,0.33333333333333331,5,T4c,0.00060839746703255509
flow/0000/008,4,0.33333333333333331,5,T4d,0.0017968044775418454
flow/0000/008,4,0.33333333333333331,5,T5a,0.0020004351747200497
flow/0000/008,4,0.33333333333333331,5,T5b,-0.0019825625101366484
flow/0000/008,4,0.33333333333333331,5,T5c,-0.0014795140407951497
flow/0000/008,4,0.33333333333333331,5,T5d,0.00059777918220344645
flow/0000/008,5,0.41666666666666669,6.25,T4a,-0.0032587318221525136
flow/0000/008,5,0.41666666666666669,6.25,T4b,0.0029880674067942065
flow/0000/008,5,0.41666666666666669,6.25,T4c,0.03056240576329745
flow/0000/008,5,0.41666666666666669,6.25,T4d,0.00093150309741339699
flow/0000/008,5,0.41666666666666669,6.25,T5a,0.0043868708426334502
flow/0000/008,5,0.41666666666666669,6.25,T5b,-0.0025665951506681009
flow/0000/008,5,0.41666666666666669,6.25,T5c,0.02850241014768445
flow/0000/008,5,0.41666666666666669,6.25,T5d,0.0022028188952968458
flow/0000/008,6,0.5,7.5,T4a,0.003053205490633204
flow/0000/008,6,0.5,7.5,T4b,-0.0030919083194738961
flow/0000/008,6,0.5,7.5,T4c,0.033350112927608103
flow/0000/008,6,0.5,7.5,T4d,-0.012387402073484953
flow/0000/008,6,0.5,7.5,T5a,0.0038891996795152005
flow/0000/008,6,0.5,7.5,T5b,-0.00038046586797130244
flow/0000/008,6,0.5,7.5,T5c,0.03482611064643925
flow/0000/008,6,0.5,7.5,T5d,0.0030771849583130992
flow/0000/008,7,0.58333333333333337,8.75,T4a,0.0020704683577689037
flow/0000/008,7,0.58333333333333337,8.75,T4b,-0.00018721922741445074
flow/0000/008,7,0.58333333333333337,8.75,T4c,0.028178671922862795
flow/0000/008,7,0.58333333333333337,8.75,T4d,-0.012726185688445597
flow/0000/008,7,0.58333333333333337,8.75,T5a,0.0021104459991807501
flow/0000/008,7,0.58333333333333337,8.75,T5b,0.0023298195920523554
flow/0000/008,7,0.58333333333333337,8.75,T5c,0.0313852672435928
flow/0000/008,7,0.58333333333333337,8.75,T5d,0.00094010140646025309
flow/0000/008,8,0.66666666666666663,10,T4a,0.002658834616942149
flow/0000/008,8,0.66666666666666663,10,T4b,-0.0055373047946224926
flow/0000/008,8,0.66666666666666663,10,T4c,0.037199658931769047
flow/0000/008,8,0.66666666666666663,10,T4d,-0.0047288241832280538
flow/0000/008,8,0.66666666666666663,10,T5a,0.0045305053148168494
flow/0000/008,8,0.66666666666666663,10,T5b,-0.00010514038035409901
flow/0000/008,8,0.66666666666666663,10,T5c,0.035575795024266547
flow/0000/008,8,0.66666666666666663,10,T5d,0.0028293761741588971
flow/0000/008,9,0.75,11.25,T4a,0.0020183938332621471
flow/0000/008,9,0.75,11.25,T4b,-0.0033304447957759609
flow/0000/008,9,0.75,11.25,T4c,0.010203229854977201
flow/0000/008,9,0.75,11.25,T4d,-0.0074110314561738992
flow/0000/008,9,0.75,11.25,T5a,-0.00031243127632224997
flow/0000/008,9,0.75,11.25,T5b,0.0022141513323787471
flow/0000/008,9,0.75,11.25,T5c,0.014810830417515899
flow/0000/008,9,0.75,11.25,T5d,0.0026385502881429504
flow/0000/008,10,0.83333333333333337,12.5,T4a,0.0053730104659311106
flow/0000/008,10,0.83333333333333337,12.5,T4b,-0.0045877289432325052
flow/0000/008,10,0.83333333333333337,12.5,T4c,0.048616558316683094
flow/0000/008,10,0.83333333333333337,12.5,T4d,-0.0078591256934411498
flow/0000/008,10,0.83333333333333337,12.5,T5a,0.0028838654770920002
flow/0000/008,10,0.83333333333333337,12.5,T5b,0.0024111107163839532
flow/0000/008,10,0.83333333333333337,12.5,T5c,0.048232164337498648
flow/0000/008,10,0.83333333333333337,12.5,T5d,0.0039432336992680506
flow/0000/008,11,0.91666666666666663,13.75,T4a,-0.0031133250442958449
flow/0000/008,11,0.91666666666666663,13.75,T4b,-0.0022058708292853058
flow/0000/008,11,0.91666666666666663,13.75,T4c,0.029483592243133051
flow/0000/008,11,0.91666666666666663,13.75,T4d,-0.0069331414038216535
flow/0000/008,11,0.91666666666666663,13.75,T5a,0.00060695277094465015
flow/0000/008,11,0.91666666666666663,13.75,T5b,0.0011595850693644494
flow/0000/008,11,0.91666666666666663,13.75,T5c,0.031103788321646852
flow/0000/008,11,0.91666666666666663,13.75,T5d,0.0020699993408865441
flow/0000/009,0,0,0,T4a,-0.0010654946311246943
flow/0000/009,0,0,0,T4b,0.00024424529562559749
flow/0000/009,0,0,0,T4c,0.0010852968347534464
flow/0000/009,0,0,0,T4d,-0.0022755215857143546
flow/0000/009,0,0,0,T5a,-0.0012126772972719385
flow/0000/009,0,0,0,T5b,0.00076794492639334355
flow/0000/009,0,0,0,T5c,-0.00045921093753269887
flow/0000/009,0,0,0,T5d,0.0015981656077646567
flow/0000/009,1,0.083333333333333301,1.25,T4a,-0.0028708435545153482
flow/0000/009,1,0.083333333333333301,1.25,T4b,0.0058091617285414565
flow/0000/009,1,0.083333333333333301,1.25,T4c,0.0025313117487290523
flow/0000/009,1,0.083333333333333301,1.25,T4d,0.00092081691353499556
flow/0000/009,1,0.083333333333333301,1.25,T5a,-3.8666852197055679e-05
flow/0000/009,1,0.083333333333333301,1.25,T5b,-7.7786164263349278e-05
flow/0000/009,1,0.083333333333333301,1.25,T5c,0.00040804725019540078
flow/0000/009,1,0.083333333333333301,1.25,T5d,0.00023633260873465178
flow/0000/009,2,0.1666666666666666,2.5,T4a,-0.0029779125318582095
flow/0000/009,2,0.1666666666666666,2.5,T4b,0.0022057954112743999
flow/0000/009,2,0.1666666666666666,2.5,T4c,0.0024552780930993459
flow/0000/009,2,0.1666666666666666,2.5,T4d,0.0069309198174006964
flow/0000/009,2,0.1666666666666666,2.5,T5a,-0.0034458502731181534
flow/0000/009,2,0.1666666666666666,2.5,T5b,0.00085356037336870028
flow/0000/009,2,0.1666666666666666,2.5,T5c,-0.0031445242456862969
flow/0000/009,2,0.1666666666666666,2.5,T5d,0.0029377232183820656
flow/0000/009,3,0.25,3.75,T4a,-0.0032796290127238975
flow/0000/009,3,0.25,3.75,T4b,-0.00037786105525335068
flow/0000/009,3,0.25,3.75,T4c,0.0033428061749738516
flow/0000/009,3,0.25,3.75,T4d,0.0046190349976062972
flow/0000/009,3,0.25,3.75,T5a,-0.0036727626569516558
flow/0000/009,3,0.25,3.75,T5b,0.0036135791012495977
flow/0000/009,3,0.25,3.75,T5c,-0.00052290519056739926
flow/0000/009,3,0.25,3.75,T5d,0.0033316096662192318
flow/0000/009,4,0.33333333333333331,5,T4a,-0.0036581429108897973
flow/0000/009,4,0.33333333333333331,5,T4b,0.0061916054056850994
flow/0000/009,4,0.33333333333333331,5,T4c,0.0041418717244168998
flow/0000/009,4,0.33333333333333331,5,T4d,0.0003075545255519993
flow/0000/009,4,0.33333333333333331,5,T5a,-0.0032135014480206558
flow/0000/009,4,0.33333333333333331,5,T5b,0.0030285672636359562
flow/0000/009,4,0.33333333333333331,5,T5c,0.00019966449391965041
flow/0000/009,4,0.33333333333333331,5,T5d,0.0012580361174092114
flow/0000/009,5,0.41666666666666669,6.25,T4a,-0.0016671765324551002
flow/0000/009,5,0.41666666666666669,6.25,T4b,-0.00096139227499035529
flow/0000/009,5,0.41666666666666669,6.25,T4c,0.0013419088248873487
flow/0000/009,5,0.41666666666666669,6.25,T4d,0.0033269241757825016
flow/0000/009,5,0.41666666666666669,6.25,T5a,-0.0020796963045004863
flow/0000/009,5,0.41666666666666669,6.25,T5b,-0.00046571038095605255
flow/0000/009,5,0.41666666666666669,6.25,T5c,-0.0014004366717235463
flow/0000/009,5,0.41666666666666669,6.25,T5d,0.0049924421663389562
flow/0000/009,6,0.5,7.5,T4a,0.0026711762425382368
flow/0000/009,6,0.5,7.5,T4b,0.00013774592327654711
flow/0000/009,6,0.5,7.5,T4c,-0.00062984239288119831
flow/0000/009,6,0.5,7.5,T4d,0.0029219779144504035
flow/0000/009,6,0.5,7.5,T5a,-0.0027781771732223043
flow/0000/009,6,0.5,7.5,T5b,0.0019444931583403879
flow/0000/009,6,0.5,7.5,T5c,-0.0021225330723838032
flow/0000/009,6,0.5,7.5,T5d,0.0028687900112204512
flow/0000/009,7,0.58333333333333337,8.75,T4a,-0.0021877548695841548
flow/0000/009,7,0.58333333333333337,8.75,T4b,0.0015073257160594378
flow/0000/009,7,0.58333333333333337,8.75,T4c,0.0029349527629701014
flow/0000/009,7,0.58333333333333337,8.75,T4d,0.0010682575217784498
flow/0000/009,7,0.58333333333333337,8.75,T5a,-0.0010987733765808888
flow/0000/009,7,0.58333333333333337,8.75,T5b,0.00085930804716960463
flow/0000/009,7,0.58333333333333337,8.75,T5c,-0.00041307023318910147
flow/0000/009,7,0.58333333333333337,8.75,T5d,0.00035422104598195614
flow/0000/009,8,0.66666666666666663,10,T4a,0.0020095639896022949
flow/0000/009,8,0.66666666666666663,10,T4b,-0.0034901250711825565
flow/0000/009,8,0.66666666666666663,10,T4c,0.00057681271699375203
flow/0000/009,8,0.66666666666666663,10,T4d,-0.00099401303956880155
flow/0000/009,8,0.66666666666666663,10,T5a,-0.00047879189637153874
flow/0000/009,8,0.66666666666666663,10,T5b,-0.0011943808855051641
flow/0000/009,8,0.66666666666666663,10,T5c,-0.0013712762030637475
flow/0000/009,8,0.66666666666666663,10,T5d,0.00092090610223899416
flow/0000/009,9,0.75,11.25,T4a,0.00520354070160986
flow/0000/009,9,0.75,11.25,T4b,-0.00050489170112355541
flow/0000/009,9,0.75,11.25,T4c,-0.0023990037801193478
flow/0000/009,9,0.75,11.25,T4d,-0.0048310045206283042
flow/0000/009,9,0.75,11.25,T5a,0.001586163061216353
flow/0000/009,9,0.75,11.25,T5b,-0.001812999316181757
flow/0000/009,9,0.75,11.25,T5c,-0.0012381930291492024
flow/0000/009,9,0.75,11.25,T5d,0.00033241456788635215
flow/0000/009,10,0.83333333333333337,12.5,T4a,0.0029785890391135494
flow/0000/009,10,0.83333333333333337,12.5,T4b,0.0050974149411879416
flow/0000/009,10,0.83333333333333337,12.5,T4c,-0.00046111257187649718
flow/0000/009,10,0.83333333333333337,12.5,T4d,-0.002217234353627244
flow/0000/009,10,0.83333333333333337,12.5,T5a,-0.00094375534550589224
flow/0000/009,10,0.83333333333333337,12.5,T5b,0.00021719555504054466
flow/0000/009,10,0.83333333333333337,12.5,T5c,0.00038563288936350332
flow/0000/009,10,0.83333333333333337,12.5,T5d,0.0025979882494805706
flow/0000/009,11,0.91666666666666663,13.75,T4a,-0.00013783786947015042
flow/0000/009,11,0.91666666666666663,13.75,T4b,0.00025987547267360134
flow/0000/009,11,0.91666666666666663,13.75,T4c,0.0024615071073292513
flow/0000/009,11,0.91666666666666663,13.75,T4d,-0.0031451229689513013
flow/0000/009,11,0.91666666666666663,13.75,T5a,-0.00086871943887890934
flow/0000/009,11,0.91666666666666663,13.75,T5b,-8.9159185202469793e-05
flow/0000/009,11,0.91666666666666663,13.75,T5c,0.0012643416875866009
flow/0000/009,11,0.91666666666666663,13.75,T5d,-0.00018301977115306456
flow/0000/010,0,0,0,T4a,0.00048263068516314622
flow/0000/010,0,0,0,T4b,-0.00048913875919785049
flow/0000/010,0,0,0,T4c,0.012912486453513301
flow/0000/010,0,0,0,T4d,0.0075077179321807498
flow/0000/010,0,0,0,T5a,-0.0017659298965976983
flow/0000/010,0,0,0,T5b,0.0046299988501957989
flow/0000/010,0,0,0,T5c,-0.0053712852410129994
flow/0000/010,0,0,0,T5d,0.0042553265983793498
flow/0000/010,1,0.083333333333333301,1.25,T4a,0.0069539188366931973
flow/0000/010,1,0.083333333333333301,1.25,T4b,0.0026531121331501012
flow/0000/010,1,0.083333333333333301,1.25,T4c,-0.00072015291812900072
flow/0000/010,1,0.083333333333333301,1.25,T4d,0.00085223852120239977
flow/0000/010,1,0.083333333333333301,1.25,T5a,0.00023830005691920231
flow/0000/010,1,0.083333333333333301,1.25,T5b,-0.0018159932807843976
flow/0000/010,1,0.083333333333333301,1.25,T5c,-0.001312762357895951
flow/0000/010,1,0.083333333333333301,1.25,T5d,0.00068244077513469892
flow/0000/010,2,0.1666666666666666,2.5,T4a,0.014235695243894203
flow/0000/010,2,0.1666666666666666,2.5,T4b,-0.0064213258251763494
flow/0000/010,2,0.1666666666666666,2.5,T4c,0.0055482987530792501
flow/0000/010,2,0.1666666666666666,2.5,T4d,0.01334142475775715
flow/0000/010,2,0.1666666666666666,2.5,T5a,-0.0031350619710187495
flow/0000/010,2,0.1666666666666666,2.5,T5b,0.00094226031679425087
flow/0000/010,2,0.1666666666666666,2.5,T5c,-0.0066037356766824491
flow/0000/010,2,0.1666666666666666,2.5,T5d,0.0053605962199341495
flow/0000/010,3,0.25,3.75,T4a,-0.00083220798523730988
flow/0000/010,3,0.25,3.75,T4b,0.0084431561765548994
flow/0000/010,3,0.25,3.75,T4c,0.0069164215406453001
flow/0000/010,3,0.25,3.75,T4d,0.0022857090470788499
flow/0000/010,3,0.25,3.75,T5a,0.0039423417230644506
flow/0000/010,3,0.25,3.75,T5b,-0.0032542092092847988
flow/0000/010,3,0.25,3.75,T5c,-0.00072474542707575036
flow/0000/010,3,0.25,3.75,T5d,-0.00064233827403150506
flow/0000/010,4,0.33333333333333331,5,T4a,0.0139630271623742
flow/0000/010,4,0.33333333333333331,5,T4b,-0.0003975812761716005
flow/0000/010,4,0.33333333333333331,5,T4c,-0.0024737948589195003
flow/0000/010,4,0.33333333333333331,5,T4d,0.0089861045053762495
flow/0000/010,4,0.33333333333333331,5,T5a,0.0019849338718935482
flow/0000/010,4,0.33333333333333331,5,T5b,-0.0040478287539438967
flow/0000/010,4,0.33333333333333331,5,T5c,-0.00094582218457370075
flow/0000/010,4,0.33333333333333331,5,T5d,0.0016142487112040527
flow/0000/010,5,0.41666666666666669,6.25,T4a,0.0068523955512201501
flow/0000/010,5,0.41666666666666669,6.25,T4b,-0.00624297484866565
flow/0000/010,5,0.41666666666666669,6.25,T4c,0.00069174086567745001
flow/0000/010,5,0.41666666666666669,6.25,T4d,0.0068276580657553997
flow/0000/010,5,0.41666666666666669,6.25,T5a,-0.00085508867247909709
flow/0000/010,5,0.41666666666666669,6.25,T5b,-0.0024250355907993043
flow/0000/010,5,0.41666666666666669,6.25,T5c,-0.0029326885464551998
flow/0000/010,5,0.41666666666666669,6.25,T5d,0.0029607280712097492
flow/0000/010,6,0.5,7.5,T4a,0.0095881743534224004
flow/0000/010,6,0.5,7.5,T4b,-0.0078367330839875481
flow/0000/010,6,0.5,7.5,T4c,0.0021061486213122503
flow/0000/010,6,0.5,7.5,T4d,-0.0050122094455767995
flow/0000/010,6,0.5,7.5,T5a,-0.0029305449772045501
flow/0000/010,6,0.5,7.5,T5b,0.0066367454126078015
flow/0000/010,6,0.5,7.5,T5c,0.00147906957962565
flow/0000/010,6,0.5,7.5,T5d,-0.0021413316065640522
flow/0000/010,7,0.58333333333333337,8.75,T4a,0.0075221257005110009
flow/0000/010,7,0.58333333333333337,8.75,T4b,-0.005837230162772402
flow/0000/010,7,0.58333333333333337,8.75,T4c,0.0077148485206305004
flow/0000/010,7,0.58333333333333337,8.75,T4d,0.0077663270262900005
flow/0000/010,7,0.58333333333333337,8.75,T5a,-0.003218799562659351
flow/0000/010,7,0.58333333333333337,8.75,T5b,0.0039831050738685023
flow/0000/010,7,0.58333333333333337,8.75,T5c,-0.0074620978676100003
flow/0000/010,7,0.58333333333333337,8.75,T5d,0.0058208570679169
flow/0000/010,8,0.66666666666666663,10,T4a,0.0080828943203278547
flow/0000/010,8,0.66666666666666663,10,T4b,-0.0159307171772122
flow/0000/010,8,0.66666666666666663,10,T4c,-9.7967952029306212e-05
flow/0000/010,8,0.66666666666666663,10,T4d,0.0046772538377840497
flow/0000/010,8,0.66666666666666663,10,T5a,-0.008331419167894049
flow/0000/010,8,0.66666666666666663,10,T5b,0.0063215205717035497
flow/0000/010,8,0.66666666666666663,10,T5c,-0.0047124656682505988
flow/0000/010,8,0.66666666666666663,10,T5d,0.0046240592118483512
flow/0000/010,9,0.75,11.25,T4a,-0.0059331265273869435
flow/0000/010,9,0.75,11.25,T4b,-0.0059064622174375483
flow/0000/010,9,0.75,11.25,T4c,0.00363605989067395
flow/0000/010,9,0.75,11.25,T4d,-0.0083650242003903003
flow/0000/010,9,0.75,11.25,T5a,-0.0057956603260481514
flow/0000/010,9,0.75,11.25,T5b,0.0094000213321882437
flow/0000/010,9,0.75,11.25,T5c,-0.00024730825801685084
flow/0000/010,9,0.75,11.25,T5d,-0.0014091919525813443
flow/0000/010,10,0.83333333333333337,12.5,T4a,-0.0071903547712378474
flow/0000/010,10,0.83333333333333337,12.5,T4b,-0.0068159317143411946
flow/0000/010,10,0.83333333333333337,12.5,T4c,0.0063083965753369499
flow/0000/010,10,0.83333333333333337,12.5,T4d,0.0087144220967000502
flow/0000/010,10,0.83333333333333337,12.5,T5a,-0.0041609022058884497
flow/0000/010,10,0.83333333333333337,12.5,T5b,0.00028901792734870035
flow/0000/010,10,0.83333333333333337,12.5,T5c,-0.0059823468531838009
flow/0000/010,10,0.83333333333333337,12.5,T5d,0.0056887276142502038
flow/0000/010,11,0.91666666666666663,13.75,T4a,0.010005442573825303
flow/0000/010,11,0.91666666666666663,13.75,T4b,-0.013693142563624951
flow/0000/010,11,0.91666666666666663,13.75,T4c,-0.0016002248023920501
flow/0000/010,11,0.91666666666666663,13.75,T4d,0.016558135803642848
flow/0000/010,11,0.91666666666666663,13.75,T5a,-0.0078057934045649528
flow/0000/010,11,0.91666666666666663,13.75,T5b,0.0013070565261613029
flow/0000/010,11,0.91666666666666663,13.75,T5c,-0.0079907501722808992
flow/0000/010,11,0.91666666666666663,13.75,T5d,0.0084691355791364012
flow/0000/011,0,0,0,T4a,0.0018632095319905465
flow/0000/011,0,0,0,T4b,-0.0021103452760780489
flow/0000/011,0,0,0,T4c,0.0018528520325847495
flow/0000/011,0,0,0,T4d,-0.0078243720826227485
flow/0000/011,0,0,0,T5a,-0.0018117450174384498
flow/0000/011,0,0,0,T5b,0.0013032952292494973
flow/0000/011,0,0,0,T5c,-0.002849586766773049
flow/0000/011,0,0,0,T5d,-0.00027199892875855169
flow/0000/011,1,0.083333333333333301,1.25,T4a,-0.0041840436812798504
flow/0000/011,1,0.083333333333333301,1.25,T4b,0.010904480480143551
flow/0000/011,1,0.083333333333333301,1.25,T4c,0.006217112529138244
flow/0000/011,1,0.083333333333333301,1.25,T4d,-0.00043128958112324811
flow/0000/011,1,0.083333333333333301,1.25,T5a,0.00073641058316750024
flow/0000/011,1,0.083333333333333301,1.25,T5b,0.00028558512487555227
flow/0000/011,1,0.083333333333333301,1.25,T5c,-0.0004530201975595019
flow/0000/011,1,0.083333333333333301,1.25,T5d,0.0024326802679000489
flow/0000/011,2,0.1666666666666666,2.5,T4a,-0.0026770790361074007
flow/0000/011,2,0.1666666666666666,2.5,T4b,0.009516252263363497
flow/0000/011,2,0.1666666666666666,2.5,T4c,0.0051057042560782515
flow/0000/011,2,0.1666666666666666,2.5,T4d,0.0029383830801124992
flow/0000/011,2,0.1666666666666666,2.5,T5a,0.0034627174930826742
flow/0000/011,2,0.1666666666666666,2.5,T5b,-0.0018251597369342495
flow/0000/011,2,0.1666666666666666,2.5,T5c,0.0014003743877543523
flow/0000/011,2,0.1666666666666666,2.5,T5d,0.0013290802792662454
flow/0000/011,3,0.25,3.75,T4a,0.0027178565697961454
flow/0000/011,3,0.25,3.75,T4b,-0.0017079562473306005
flow/0000/011,3,0.25,3.75,T4c,0.0041313772011234498
flow/0000/011,3,0.25,3.75,T4d,0.0065817355923889001
flow/0000/011,3,0.25,3.75,T5a,0.0037606860251888502
flow/0000/011,3,0.25,3.75,T5b,-0.0022021606238986011
flow/0000/011,3,0.25,3.75,T5c,0.0020698796602981462
flow/0000/011,3,0.25,3.75,T5d,0.00060499412423574428
flow/0000/011,4,0.33333333333333331,5,T4a,-0.0039522961740506984
flow/0000/011,4,0.33333333333333331,5,T4b,0.008342995447471302
flow/0000/011,4,0.33333333333333331,5,T4c,0.0085069269568741959
flow/0000/011,4,0.33333333333333331,5,T4d,0.010273225106357
flow/0000/011,4,0.33333333333333331,5,T5a,0.0016263370548531999
flow/0000/011,4,0.33333333333333331,5,T5b,-0.001320584588454396
flow/0000/011,4,0.33333333333333331,5,T5c,0.003828840465634295
flow/0000/011,4,0.33333333333333331,5,T5d,0.002095822935710201
flow/0000/011,5,0.41666666666666669,6.25,T4a,-0.0031860432945280542
flow/0000/011,5,0.41666666666666669,6.25,T4b,0.0048940585283767483
flow/0000/011,5,0.41666666666666669,6.25,T4c,0.0030577156541401959
flow/0000/011,5,0.41666666666666669,6.25,T4d,0.010953806504258701
flow/0000/011,5,0.41666666666666669,6.25,T5a,-0.0016703580290109499
flow/0000/011,5,0.41666666666666669,6.25,T5b,0.0011427413395503003
flow/0000/011,5,0.41666666666666669,6.25,T5c,0.0040609374321706956
flow/0000/011,5,0.41666666666666669,6.25,T5d,0.00076801425986239985
flow/0000/011,6,0.5,7.5,T4a,0.0037533045270896487
flow/0000/011,6,0.5,7.5,T4b,-0.0080078109317819994
flow/0000/011,6,0.5,7.5,T4c,-0.0020745561492317016
flow/0000/011,6,0.5,7.5,T4d,0.0010285027130258993
flow/0000/011,6,0.5,7.5,T5a,-0.0039976804796376499
flow/0000/011,6,0.5,7.5,T5b,0.0025570809631223004
flow/0000/011,6,0.5,7.5,T5c,0.00099124213576020498
flow/0000/011,6,0.5,7.5,T5d,0.00090337548502635034
flow/0000/011,7,0.58333333333333337,8.75,T4a,-0.0023478852279655016
flow/0000/011,7,0.58333333333333337,8.75,T4b,0.0056960268707435466
flow/0000/011,7,0.58333333333333337,8.75,T4c,-0.0045802699467999489
flow/0000/011,7,0.58333333333333337,8.75,T4d,-0.0031770054338991997
flow/0000/011,7,0.58333333333333337,8.75,T5a,-0.0066697691725165504
flow/0000/011,7,0.58333333333333337,8.75,T5b,0.0046290353569446024
flow/0000/011,7,0.58333333333333337,8.75,T5c,2.7025424652001029e-05
flow/0000/011,7,0.58333333333333337,8.75,T5d,-0.00087378741721449993
flow/0000/011,8,0.66666666666666663,10,T4a,-0.0021357660238235446
flow/0000/011,8,0.66666666666666663,10,T4b,0.0047268669050734499
flow/0000/011,8,0.66666666666666663,10,T4c,-0.0069079560798711998
flow/0000/011,8,0.66666666666666663,10,T4d,-0.0056256844376945999
flow/0000/011,8,0.66666666666666663,10,T5a,-0.0058949098946443996
flow/0000/011,8,0.66666666666666663,10,T5b,0.0047622760074619505
flow/0000/011,8,0.66666666666666663,10,T5c,-0.0018367729805507521
flow/0000/011,8,0.66666666666666663,10,T5d,-0.00090406987314534809
flow/0000/011,9,0.75,11.25,T4a,0.0010853626087472534
flow/0000/011,9,0.75,11.25,T4b,-0.0036170674610413525
flow/0000/011,9,0.75,11.25,T4c,-0.007318719560575504
flow/0000/011,9,0.75,11.25,T4d,-0.00787034063380815
flow/0000/011,9,0.75,11.25,T5a,-0.0059269958538517003
flow/0000/011,9,0.75,11.25,T5b,0.0040961039901337495
flow/0000/011,9,0.75,11.25,T5c,-0.0026318995314629015
flow/0000/011,9,0.75,11.25,T5d,-0.00010819438478894966
flow/0000/011,10,0.83333333333333337,12.5,T4a,-0.0066902697610460513
flow/0000/011,10,0.83333333333333337,12.5,T4b,0.0089920221554114499
flow/0000/011,10,0.83333333333333337,12.5,T4c,-0.0022469721182278024
flow/0000/011,10,0.83333333333333337,12.5,T4d,-0.009566238945083301
flow/0000/011,10,0.83333333333333337,12.5,T5a,-0.0059154964196631993
flow/0000/011,10,0.83333333333333337,12.5,T5b,0.0042264682974375023
flow/0000/011,10,0.83333333333333337,12.5,T5c,-0.0023484901435319033
flow/0000/011,10,0.83333333333333337,12.5,T5d,0.0019096199901447522
flow/0000/011,11,0.91666666666666663,13.75,T4a,-0.0048180784239233512
flow/0000/011,11,0.91666666666666663,13.75,T4b,0.0075816595031446034
flow/0000/011,11,0.91666666666666663,13.75,T4c,-0.0033881072554737962
flow/0000/011,11,0.91666666666666663,13.75,T4d,-0.010927383376586051
flow/0000/011,11,0.91666666666666663,13.75,T5a,-0.0041670238025148
flow/0000/011,11,0.91666666666666663,13.75,T5b,0.0032744433396803968
flow/0000/011,11,0.91666666666666663,13.75,T5c,-0.0035614380057484504
flow/0000/011,11,0.91666666666666663,13.75,T5d,-0.00032586633794599862
flow/0000/012,0,0,0,T4a,0.00050223684344055664
flow/0000/012,0,0,0,T4b,-0.0039457237373543494
flow/0000/012,0,0,0,T4c,0.0057075468316688006
flow/0000/012,0,0,0,T4d,-0.008741622295515953
flow/0000/012,0,0,0,T5a,8.3633064128993406e-06
flow/0000/012,0,0,0,T5b,-0.0032227685357761014
flow/0000/012,0,0,0,T5c,-0.0021293629783961502
flow/0000/012,0,0,0,T5d,0.0017307221177288515
flow/0000/012,1,0.083333333333333301,1.25,T4a,0.0050582665133670004
flow/0000/012,1,0.083333333333333301,1.25,T4b,0.00079524399964879967
flow/0000/012,1,0.083333333333333301,1.25,T4c,0.016962551578172953
flow/0000/012,1,0.083333333333333301,1.25,T4d,-0.013404637860320201
flow/0000/012,1,0.083333333333333301,1.25,T5a,0.0015660798500472008
flow/0000/012,1,0.083333333333333301,1.25,T5b,-0.00042501713856074944
flow/0000/012,1,0.083333333333333301,1.25,T5c,-4.3148440988649908e-05
flow/0000/012,1,0.083333333333333301,1.25,T5d,0.0021800733225635499
flow/0000/012,2,0.1666666666666666,2.5,T4a,0.0025073718792480021
flow/0000/012,2,0.1666666666666666,2.5,T4b,-0.00083895777672284987
flow/0000/012,2,0.1666666666666666,2.5,T4c,0.017085466980138499
flow/0000/012,2,0.1666666666666666,2.5,T4d,-0.020220223444073846
flow/0000/012,2,0.1666666666666666,2.5,T5a,0.00014805294852505285
flow/0000/012,2,0.1666666666666666,2.5,T5b,-0.0010611458349880989
flow/0000/012,2,0.1666666666666666,2.5,T5c,-0.0033035092402372498
flow/0000/012,2,0.1666666666666666,2.5,T5d,0.0050159479563681511
flow/0000/012,3,0.25,3.75,T4a,0.0058020830059777456
flow/0000/012,3,0.25,3.75,T4b,-0.0069059963237478499
flow/0000/012,3,0.25,3.75,T4c,0.012473659070566901
flow/0000/012,3,0.25,3.75,T4d,-0.012759918871914203
flow/0000/012,3,0.25,3.75,T5a,0.0017706713466075497
flow/0000/012,3,0.25,3.75,T5b,-0.0062547691796543473
flow/0000/012,3,0.25,3.75,T5c,-0.0023358889594308502
flow/0000/012,3,0.25,3.75,T5d,0.0031916282705324508
flow/0000/012,4,0.33333333333333331,5,T4a,0.0042456666999855508
flow/0000/012,4,0.33333333333333331,5,T4b,0.0024229304019725497
flow/0000/012,4,0.33333333333333331,5,T4c,0.0093671853873630966
flow/0000/012,4,0.33333333333333331,5,T4d,-0.0066219975899527994
flow/0000/012,4,0.33333333333333331,5,T5a,0.00149065543446485
flow/0000/012,4,0.33333333333333331,5,T5b,0.0027808707364539477
flow/0000/012,4,0.33333333333333331,5,T5c,8.9114959050049826e-05
flow/0000/012,4,0.33333333333333331,5,T5d,0.0002624038883883989
flow/0000/012,5,0.41666666666666669,6.25,T4a,-0.00033699971870180395
flow/0000/012,5,0.41666666666666669,6.25,T4b,-0.0002023195993317
flow/0000/012,5,0.41666666666666669,6.25,T4c,0.013814950149684101
flow/0000/012,5,0.41666666666666669,6.25,T4d,-0.014141698559277202
flow/0000/012,5,0.41666666666666669,6.25,T5a,-0.0030487600584990504
flow/0000/012,5,0.41666666666666669,6.25,T5b,0.00095714315011759948
flow/0000/012,5,0.41666666666666669,6.25,T5c,0.00060014780129825007
flow/0000/012,5,0.41666666666666669,6.25,T5d,0.0020830457755479474
flow/0000/012,6,0.5,7.5,T4a,-2.7442810722845545e-05
flow/0000/012,6,0.5,7.5,T4b,-0.0064138531496172003
flow/0000/012,6,0.5,7.5,T4c,0.013781584177652951
flow/0000/012,6,0.5,7.5,T4d,-0.020340519988827799
flow/0000/012,6,0.5,7.5,T5a,0.00049533029071200177
flow/0000/012,6,0.5,7.5,T5b,-0.0054800623691280519
flow/0000/012,6,0.5,7.5,T5c,-0.00367784528559885
flow/0000/012,6,0.5,7.5,T5d,0.0044226734977454493
flow/0000/012,7,0.58333333333333337,8.75,T4a,0.0042613804437286046
flow/0000/012,7,0.58333333333333337,8.75,T4b,-0.0040276785035503497
flow/0000/012,7,0.58333333333333337,8.75,T4c,0.011181133413757597
flow/0000/012,7,0.58333333333333337,8.75,T4d,-0.018007672891035997
flow/0000/012,7,0.58333333333333337,8.75,T5a,0.0014118410217969016
flow/0000/012,7,0.58333333333333337,8.75,T5b,-0.0043346548623045995
flow/0000/012,7,0.58333333333333337,8.75,T5c,-0.0018937023349073004
flow/0000/012,7,0.58333333333333337,8.75,T5d,0.0041168606714625522
flow/0000/012,8,0.66666666666666663,10,T4a,-0.00037147063694504406
flow/0000/012,8,0.66666666666666663,10,T4b,-0.0060023906107931997
flow/0000/012,8,0.66666666666666663,10,T4c,0.0060023624691512463
flow/0000/012,8,0.66666666666666663,10,T4d,-0.012135381364905749
flow/0000/012,8,0.66666666666666663,10,T5a,-0.0043892589976929977
flow/0000/012,8,0.66666666666666663,10,T5b,-0.0056396429068854975
flow/0000/012,8,0.66666666666666663,10,T5c,-0.0016204308744078
flow/0000/012,8,0.66666666666666663,10,T5d,0.0038366318787299483
flow/0000/012,9,0.75,11.25,T4a,-0.0035503934116666996
flow/0000/012,9,0.75,11.25,T4b,-0.00091201070143684957
flow/0000/012,9,0.75,11.25,T4c,0.0089999103361301999
flow/0000/012,9,0.75,11.25,T4d,-0.019274294194112303
flow/0000/012,9,0.75,11.25,T5a,-0.00063157403645825241
flow/0000/012,9,0.75,11.25,T5b,0.0012154739432116007
flow/0000/012,9,0.75,11.25,T5c,-0.0026354208805975999
flow/0000/012,9,0.75,11.25,T5d,0.0012590133920020487
flow/0000/012,10,0.83333333333333337,12.5,T4a,-0.00065313405539554892
flow/0000/012,10,0.83333333333333337,12.5,T4b,-0.00078447269833264999
flow/0000/012,10,0.83333333333333337,12.5,T4c,0.01695538705732345
flow/0000/012,10,0.83333333333333337,12.5,T4d,-0.023061469154266798
flow/0000/012,10,0.83333333333333337,12.5,T5a,-0.0011829085260674013
flow/0000/012,10,0.83333333333333337,12.5,T5b,-6.0783345593701243e-05
flow/0000/012,10,0.83333333333333337,12.5,T5c,-0.0032765117401802003
flow/0000/012,10,0.83333333333333337,12.5,T5d,0.00485499113089005
flow/0000/012,11,0.91666666666666663,13.75,T4a,-0.0015202022071877028
flow/0000/012,11,0.91666666666666663,13.75,T4b,-0.0016654818339878002
flow/0000/012,11,0.91666666666666663,13.75,T4c,0.0079027666246365008
flow/0000/012,11,0.91666666666666663,13.75,T4d,-0.013686067918249448
flow/0000/012,11,0.91666666666666663,13.75,T5a,-0.0015984002298796499
flow/0000/012,11,0.91666666666666663,13.75,T5b,-0.0017606732037227998
flow/0000/012,11,0.91666666666666663,13.75,T5c,-0.0028536003588951497
flow/0000/012,11,0.91666666666666663,13.75,T5d,0.0032739086280335998
flow/0000/013,0,0,0,T4a,0.020448022788450697
flow/0000/013,0,0,0,T4b,0.00021642190690994954
flow/0000/013,0,0,0,T4c,0.002101605171625047
flow/0000/013,0,0,0,T4d,-0.0024158382773101922
flow/0000/013,0,0,0,T5a,0.0099305101650424502
flow/0000/013,0,0,0,T5b,0.0022538468713070303
flow/0000/013,0,0,0,T5c,-0.00032006491573659994
flow/0000/013,0,0,0,T5d,-0.017921324943057315
flow/0000/013,1,0.083333333333333301,1.25,T4a,0.0062802926877165502
flow/0000/013,1,0.083333333333333301,1.25,T4b,0.0015562049141361501
flow/0000/013,1,0.083333333333333301,1.25,T4c,0.0063972159407226989
flow/0000/013,1,0.083333333333333301,1.25,T4d,-0.0046715748166927112
flow/0000/013,1,0.083333333333333301,1.25,T5a,0.0051777847113019006
flow/0000/013,1,0.083333333333333301,1.25,T5b,0.0011522622464679722
flow/0000/013,1,0.083333333333333301,1.25,T5c,0.00043222005872505008
flow/0000/013,1,0.083333333333333301,1.25,T5d,-0.018566003488280414
flow/0000/013,2,0.1666666666666666,2.5,T4a,0.0102416219149148
flow/0000/013,2,0.1666666666666666,2.5,T4b,0.0013687084716803002
flow/0000/013,2,0.1666666666666666,2.5,T4c,0.011106075794893346
flow/0000/013,2,0.1666666666666666,2.5,T4d,0.002641630566667913
flow/0000/013,2,0.1666666666666666,2.5,T5a,0.0018641309505514
flow/0000/013,2,0.1666666666666666,2.5,T5b,-0.0026386947573056041
flow/0000/013,2,0.1666666666666666,2.5,T5c,-0.0011894478486083001
flow/0000/013,2,0.1666666666666666,2.5,T5d,-0.018399952432717526
flow/0000/013,3,0.25,3.75,T4a,0.0099590260158139987
flow/0000/013,3,0.25,3.75,T4b,-0.00353966651304435
flow/0000/013,3,0.25,3.75,T4c,0.0025732339263383475
flow/0000/013,3,0.25,3.75,T4d,0.00079098770021999998
flow/0000/013,3,0.25,3.75,T5a,0.0013542295890119991
flow/0000/013,3,0.25,3.75,T5b,0.00034521496925987716
flow/0000/013,3,0.25,3.75,T5c,0.00019986033131305008
flow/0000/013,3,0.25,3.75,T5d,-0.023290456825466155
flow/0000/013,4,0.33333333333333331,5,T4a,0.0092176893375733975
flow/0000/013,4,0.33333333333333331,5,T4b,0.0047703943618183503
flow/0000/013,4,0.33333333333333331,5,T4c,0.0041241515227349521
flow/0000/013,4,0.33333333333333331,5,T4d,-0.0022952676136964029
flow/0000/013,4,0.33333333333333331,5,T5a,0.0046633058796671997
flow/0000/013,4,0.33333333333333331,5,T5b,0.010134790979635988
flow/0000/013,4,0.33333333333333331,5,T5c,-0.00037149588522019999
flow/0000/013,4,0.33333333333333331,5,T5d,-0.0025755156541498181
flow/0000/013,5,0.41666666666666669,6.25,T4a,0.011504715787394849
flow/0000/013,5,0.41666666666666669,6.25,T4b,0.0036094725681468003
flow/0000/013,5,0.41666666666666669,6.25,T4c,0.0028585623391241474
flow/0000/013,5,0.41666666666666669,6.25,T4d,-0.003061048061235444
flow/0000/013,5,0.41666666666666669,6.25,T5a,0.0021742146873082995
flow/0000/013,5,0.41666666666666669,6.25,T5b,-0.001872860450356173
flow/0000/013,5,0.41666666666666669,6.25,T5c,0.00063028249634799983
flow/0000/013,5,0.41666666666666669,6.25,T5d,-0.019910078813459076
flow/0000/013,6,0.5,7.5,T4a,0.012720388664848151
flow/0000/013,6,0.5,7.5,T4b,-0.0014677186620905001
flow/0000/013,6,0.5,7.5,T4c,0.0036391974587436024
flow/0000/013,6,0.5,7.5,T4d,-0.003940651879740506
flow/0000/013,6,0.5,7.5,T5a,0.0046201388228826511
flow/0000/013,6,0.5,7.5,T5b,-0.0049947294116373109
flow/0000/013,6,0.5,7.5,T5c,-0.00025014172436580015
flow/0000/013,6,0.5,7.5,T5d,-0.037358621278487214
flow/0000/013,7,0.58333333333333337,8.75,T4a,0.0036938205153853494
flow/0000/013,7,0.58333333333333337,8.75,T4b,-0.00294408636479585
flow/0000/013,7,0.58333333333333337,8.75,T4c,0.0023495304815530013
flow/0000/013,7,0.58333333333333337,8.75,T4d,-0.0023807425598517395
flow/0000/013,7,0.58333333333333337,8.75,T5a,0.0014704560542205501
flow/0000/013,7,0.58333333333333337,8.75,T5b,-0.00044489381204781964
flow/0000/013,7,0.58333333333333337,8.75,T5c,0.00028750370010064991
flow/0000/013,7,0.58333333333333337,8.75,T5d,-0.040703287988402947
flow/0000/013,8,0.66666666666666663,10,T4a,0.013780862358522904
flow/0000/013,8,0.66666666666666663,10,T4b,-0.00047077460209970015
flow/0000/013,8,0.66666666666666663,10,T4c,0.00025691319810539764
flow/0000/013,8,0.66666666666666663,10,T4d,-0.0013567815515159454
flow/0000/013,8,0.66666666666666663,10,T5a,0.00051536568853310059
flow/0000/013,8,0.66666666666666663,10,T5b,0.0033265003426046214
flow/0000/013,8,0.66666666666666663,10,T5c,0.0011369385793647498
flow/0000/013,8,0.66666666666666663,10,T5d,-0.043174772166952313
flow/0000/013,9,0.75,11.25,T4a,0.020399340521914451
flow/0000/013,9,0.75,11.25,T4b,-0.00071732574740865016
flow/0000/013,9,0.75,11.25,T4c,0.0016569202958608975
flow/0000/013,9,0.75,11.25,T4d,-0.0047676160770852988
flow/0000/013,9,0.75,11.25,T5a,0.0102475409659399
flow/0000/013,9,0.75,11.25,T5b,-0.0027043449199556369
flow/0000/013,9,0.75,11.25,T5c,-0.0008522392266647502
flow/0000/013,9,0.75,11.25,T5d,-0.019178196022505145
flow/0000/013,10,0.83333333333333337,12.5,T4a,0.010234476554864647
flow/0000/013,10,0.83333333333333337,12.5,T4b,-0.0010828305111512996
flow/0000/013,10,0.83333333333333337,12.5,T4c,0.00076626470715939615
flow/0000/013,10,0.83333333333333337,12.5,T4d,-0.0099613834954368485
flow/0000/013,10,0.83333333333333337,12.5,T5a,0.011684238210941451
flow/0000/013,10,0.83333333333333337,12.5,T5b,0.0030837532377298027
flow/0000/013,10,0.83333333333333337,12.5,T5c,-0.00078402275659269984
flow/0000/013,10,0.83333333333333337,12.5,T5d,-0.040214023541050192
flow/0000/013,11,0.91666666666666663,13.75,T4a,0.009894618350269252
flow/0000/013,11,0.91666666666666663,13.75,T4b,-0.0025446524405203
flow/0000/013,11,0.91666666666666663,13.75,T4c,0.0017835357380137987
flow/0000/013,11,0.91666666666666663,13.75,T4d,0.00033207512879625256
flow/0000/013,11,0.91666666666666663,13.75,T5a,0.003749652874405149
flow/0000/013,11,0.91666666666666663,13.75,T5b,-0.0012751746997525792
flow/0000/013,11,0.91666666666666663,13.75,T5c,-0.0005941162257686
flow/0000/013,11,0.91666666666666663,13.75,T5d,-0.03342452549104924
flow/0000/014,0,0,0,T4a,0.0051878238167464008
flow/0000/014,0,0,0,T4b,-0.0059654559261292511
flow/0000/014,0,0,0,T4c,0.0088875673840909039
flow/0000/014,0,0,0,T4d,-0.0044558009208561502
flow/0000/014,0,0,0,T5a,7.1177660279100885e-05
flow/0000/014,0,0,0,T5b,-0.0026999854659552971
flow/0000/014,0,0,0,T5c,0.0013063992765255973
flow/0000/014,0,0,0,T5d,-0.00027102222737904885
flow/0000/014,1,0.083333333333333301,1.25,T4a,0.004828367158680999
flow/0000/014,1,0.083333333333333301,1.25,T4b,-0.010820829273015801
flow/0000/014,1,0.083333333333333301,1.25,T4c,0.012996070001098398
flow/0000/014,1,0.083333333333333301,1.25,T4d,-0.0032750649302022003
flow/0000/014,1,0.083333333333333301,1.25,T5a,0.0015064509572210519
flow/0000/014,1,0.083333333333333301,1.25,T5b,-0.0059315400783045494
flow/0000/014,1,0.083333333333333301,1.25,T5c,0.0002994731812776992
flow/0000/014,1,0.083333333333333301,1.25,T5d,0.0013228369286199006
flow/0000/014,2,0.1666666666666666,2.5,T4a,0.0073745043014944028
flow/0000/014,2,0.1666666666666666,2.5,T4b,-0.0010296981329227031
flow/0000/014,2,0.1666666666666666,2.5,T4c,0.022661766344085857
flow/0000/014,2,0.1666666666666666,2.5,T4d,-0.00070124550895739996
flow/0000/014,2,0.1666666666666666,2.5,T5a,0.00056469821213930155
flow/0000/014,2,0.1666666666666666,2.5,T5b,-0.0047161126689077501
flow/0000/014,2,0.1666666666666666,2.5,T5c,0.0053485303450659001
flow/0000/014,2,0.1666666666666666,2.5,T5d,0.0010865979463936491
flow/0000/014,3,0.25,3.75,T4a,0.0076456624056793071
flow/0000/014,3,0.25,3.75,T4b,-0.0059285654439618016
flow/0000/014,3,0.25,3.75,T4c,0.022535626407401747
flow/0000/014,3,0.25,3.75,T4d,-0.0015231209162901
flow/0000/014,3,0.25,3.75,T5a,0.00075816251074080354
flow/0000/014,3,0.25,3.75,T5b,-0.0063265482718582039
flow/0000/014,3,0.25,3.75,T5c,0.0046013531819135492
flow/0000/014,3,0.25,3.75,T5d,-0.0012853721634758022
flow/0000/014,4,0.33333333333333331,5,T4a,0.012424593351086699
flow/0000/014,4,0.33333333333333331,5,T4b,-0.0067583249816117047
flow/0000/014,4,0.33333333333333331,5,T4c,0.011258724825773947
flow/0000/014,4,0.33333333333333331,5,T4d,0.0012834524978238501
flow/0000/014,4,0.33333333333333331,5,T5a,0.00079560815397634876
flow/0000/014,4,0.33333333333333331,5,T5b,-0.0045112330840180528
flow/0000/014,4,0.33333333333333331,5,T5c,0.0033322699296183499
flow/0000/014,4,0.33333333333333331,5,T5d,-0.0027296888414928486
flow/0000/014,5,0.41666666666666669,6.25,T4a,0.0030125475181038003
flow/0000/014,5,0.41666666666666669,6.25,T4b,-0.0039048269560450488
flow/0000/014,5,0.41666666666666669,6.25,T4c,0.011637844723953551
flow/0000/014,5,0.41666666666666669,6.25,T4d,-0.0023718989463424496
flow/0000/014,5,0.41666666666666669,6.25,T5a,0.00011327438778235138
flow/0000/014,5,0.41666666666666669,6.25,T5b,-0.0050418137995902473
flow/0000/014,5,0.41666666666666669,6.25,T5c,0.0040618662617152509
flow/0000/014,5,0.41666666666666669,6.25,T5d,0.00041491157880175003
flow/0000/014,6,0.5,7.5,T4a,0.0006498124027552038
flow/0000/014,6,0.5,7.5,T4b,-0.0040409409145727021
flow/0000/014,6,0.5,7.5,T4c,0.017856010722949206
flow/0000/014,6,0.5,7.5,T4d,-0.0025275167040127999
flow/0000/014,6,0.5,7.5,T5a,0.0010122595577749943
flow/0000/014,6,0.5,7.5,T5b,-0.0038863924082190512
flow/0000/014,6,0.5,7.5,T5c,0.0058827429251687505
flow/0000/014,6,0.5,7.5,T5d,0.0028671617234021021
flow/0000/014,7,0.58333333333333337,8.75,T4a,0.0090268702851492022
flow/0000/014,7,0.58333333333333337,8.75,T4b,0.0012228790960034999
flow/0000/014,7,0.58333333333333337,8.75,T4c,0.013910321807474604
flow/0000/014,7,0.58333333333333337,8.75,T4d,-0.00078358108265199993
flow/0000/014,7,0.58333333333333337,8.75,T5a,-0.00032692615132785124
flow/0000/014,7,0.58333333333333337,8.75,T5b,0.0019003728266121997
flow/0000/014,7,0.58333333333333337,8.75,T5c,-0.00024873158769435008
flow/0000/014,7,0.58333333333333337,8.75,T5d,0.0049027789743773011
flow/0000/014,8,0.66666666666666663,10,T4a,0.010494136981700208
flow/0000/014,8,0.66666666666666663,10,T4b,-0.00018634350929729732
flow/0000/014,8,0.66666666666666663,10,T4c,0.0056018821299903959
flow/0000/014,8,0.66666666666666663,10,T4d,-0.00250406736598435
flow/0000/014,8,0.66666666666666663,10,T5a,-0.00069720892202684848
flow/0000/014,8,0.66666666666666663,10,T5b,0.0015855967614522501
flow/0000/014,8,0.66666666666666663,10,T5c,-0.0036456525863955494
flow/0000/014,8,0.66666666666666663,10,T5d,0.0049586087938463495
flow/0000/014,9,0.75,11.25,T4a,-0.0034357802412451621
flow/0000/014,9,0.75,11.25,T4b,-0.0081876858616322032
flow/0000/014,9,0.75,11.25,T4c,0.0033703179384880488
flow/0000/014,9,0.75,11.25,T4d,-0.0067905975759141
flow/0000/014,9,0.75,11.25,T5a,0.00046200946494320133
flow/0000/014,9,0.75,11.25,T5b,-0.0032727701992368505
flow/0000/014,9,0.75,11.25,T5c,-0.00082849420228549991
flow/0000/014,9,0.75,11.25,T5d,0.0024426774157719003
flow/0000/014,10,0.83333333333333337,12.5,T4a,-0.0041206583622047099
flow/0000/014,10,0.83333333333333337,12.5,T4b,-0.0026832349700253999
flow/0000/014,10,0.83333333333333337,12.5,T4c,0.012741444255454003
flow/0000/014,10,0.83333333333333337,12.5,T4d,-0.0010114107882875499
flow/0000/014,10,0.83333333333333337,12.5,T5a,-4.2850035954104804e-05
flow/0000/014,10,0.83333333333333337,12.5,T5b,0.0009703426525001016
flow/0000/014,10,0.83333333333333337,12.5,T5c,0.00036559658085849947
flow/0000/014,10,0.83333333333333337,12.5,T5d,0.0048274400816928457
flow/0000/014,11,0.91666666666666663,13.75,T4a,0.0050723751310068066
flow/0000/014,11,0.91666666666666663,13.75,T4b,-0.00074548494994885334
flow/0000/014,11,0.91666666666666663,13.75,T4c,0.015727017032716999
flow/0000/014,11,0.91666666666666663,13.75,T4d,-0.0025175114294442502
flow/0000/014,11,0.91666666666666663,13.75,T5a,-0.0010543120998969951
flow/0000/014,11,0.91666666666666663,13.75,T5b,0.00086825631334840059
flow/0000/014,11,0.91666666666666663,13.75,T5c,-0.0035351727967798501
flow/0000/014,11,0.91666666666666663,13.75,T5d,0.0012859561832738522
flow/0000/015,0,0,0,T4a,0.00063835834130324814
flow/0000/015,0,0,0,T4b,0.00068991279608975054
flow/0000/015,0,0,0,T4c,0.0016786210732786001
flow/0000/015,0,0,0,T4d,0.00020848581234000213
flow/0000/015,0,0,0,T5a,4.4272687324004717e-06
flow/0000/015,0,0,0,T5b,-0.00058178510371680037
flow/0000/015,0,0,0,T5c,-0.00024702176595859868
flow/0000/015,0,0,0,T5d,-0.00114224953064425
flow/0000/015,1,0.083333333333333301,1.25,T4a,-0.00089436994604179948
flow/0000/015,1,0.083333333333333301,1.25,T4b,-0.00025758208062094667
flow/0000/015,1,0.083333333333333301,1.25,T4c,0.0014294293642012502
flow/0000/015,1,0.083333333333333301,1.25,T4d,-0.00096149890563015233
flow/0000/015,1,0.083333333333333301,1.25,T5a,-0.00076816828066315034
flow/0000/015,1,0.083333333333333301,1.25,T5b,-0.00064079121878975014
flow/0000/015,1,0.083333333333333301,1.25,T5c,-0.00081655596014884937
flow/0000/015,1,0.083333333333333301,1.25,T5d,-0.00068435542057150003
flow/0000/015,2,0.1666666666666666,2.5,T4a,0.00028527417879224692
flow/0000/015,2,0.1666666666666666,2.5,T4b,9.5525994350753596e-05
flow/0000/015,2,0.1666666666666666,2.5,T4c,0.00026063087085410018
flow/0000/015,2,0.1666666666666666,2.5,T4d,-0.0013883731552390977
flow/0000/015,2,0.1666666666666666,2.5,T5a,0.00013551629788439989
flow/0000/015,2,0.1666666666666666,2.5,T5b,-2.9421912004700887e-05
flow/0000/015,2,0.1666666666666666,2.5,T5c,-0.00071124082390530002
flow/0000/015,2,0.1666666666666666,2.5,T5d,-0.0004317236260749
flow/0000/015,3,0.25,3.75,T4a,-0.00063021003767684686
flow/0000/015,3,0.25,3.75,T4b,-0.00048520250098985085
flow/0000/015,3,0.25,3.75,T4c,0.00096035949888415018
flow/0000/015,3,0.25,3.75,T4d,-0.0018661123399229471
flow/0000/015,3,0.25,3.75,T5a,-0.00020575940056954956
flow/0000/015,3,0.25,3.75,T5b,-0.0010169131988287984
flow/0000/015,3,0.25,3.75,T5c,-0.0001753958837238008
flow/0000/015,3,0.25,3.75,T5d,7.95290261014996e-06
flow/0000/015,4,0.33333333333333331,5,T4a,-0.00082479575953769979
flow/0000/015,4,0.33333333333333331,5,T4b,-0.0011431782470755492
flow/0000/015,4,0.33333333333333331,5,T4c,0.0014893083736773009
flow/0000/015,4,0.33333333333333331,5,T4d,-0.0019046116707464034
flow/0000/015,4,0.33333333333333331,5,T5a,-0.0004652276086011993
flow/0000/015,4,0.33333333333333331,5,T5b,-0.00096795164877780046
flow/0000/015,4,0.33333333333333331,5,T5c,-0.00031325290642145003
flow/0000/015,4,0.33333333333333331,5,T5d,0.00092700290578374999
flow/0000/015,5,0.41666666666666669,6.25,T4a,0.0012833204134376497
flow/0000/015,5,0.41666666666666669,6.25,T4b,0.00031290934733785303
flow/0000/015,5,0.41666666666666669,6.25,T4c,0.0013128695788736499
flow/0000/015,5,0.41666666666666669,6.25,T4d,-0.0011411910256670516
flow/0000/015,5,0.41666666666666669,6.25,T5a,0.00021173290133359897
flow/0000/015,5,0.41666666666666669,6.25,T5b,0.0002508644198903013
flow/0000/015,5,0.41666666666666669,6.25,T5c,-0.0006239483329876002
flow/0000/015,5,0.41666666666666669,6.25,T5d,0.0013486540306423
flow/0000/015,6,0.5,7.5,T4a,-0.00088608936726569665
flow/0000/015,6,0.5,7.5,T4b,0.00025107442642794547
flow/0000/015,6,0.5,7.5,T4c,-0.00034111814394485046
flow/0000/015,6,0.5,7.5,T4d,0.00072276912856044512
flow/0000/015,6,0.5,7.5,T5a,-0.00065134254608880011
flow/0000/015,6,0.5,7.5,T5b,-0.0011705921577051491
flow/0000/015,6,0.5,7.5,T5c,-0.00079062809244789985
flow/0000/015,6,0.5,7.5,T5d,0.0016797920199223002
flow/0000/015,7,0.58333333333333337,8.75,T4a,-0.0014877663165184449
flow/0000/015,7,0.58333333333333337,8.75,T4b,0.00061302202060439792
flow/0000/015,7,0.58333333333333337,8.75,T4c,0.00013327062974120146
flow/0000/015,7,0.58333333333333337,8.75,T4d,0.00013044528185859883
flow/0000/015,7,0.58333333333333337,8.75,T5a,-0.00052754192835379951
flow/0000/015,7,0.58333333333333337,8.75,T5b,-0.0015934470926689502
flow/0000/015,7,0.58333333333333337,8.75,T5c,-0.00040933421071645028
flow/0000/015,7,0.58333333333333337,8.75,T5d,0.00086141941101060011
flow/0000/015,8,0.66666666666666663,10,T4a,0.00047585842527129996
flow/0000/015,8,0.66666666666666663,10,T4b,5.7381701500547333e-05
flow/0000/015,8,0.66666666666666663,10,T4c,0.0017204129120417001
flow/0000/015,8,0.66666666666666663,10,T4d,-0.0011792074891157495
flow/0000/015,8,0.66666666666666663,10,T5a,0.00011105119384055041
flow/0000/015,8,0.66666666666666663,10,T5b,0.00035338184160134921
flow/0000/015,8,0.66666666666666663,10,T5c,0.00013050699143975046
flow/0000/015,8,0.66666666666666663,10,T5d,-6.6191982877300006e-05
flow/0000/015,9,0.75,11.25,T4a,-0.00053499549875440228
flow/0000/015,9,0.75,11.25,T4b,0.00070940042885264676
flow/0000/015,9,0.75,11.25,T4c,0.0011354540364076991
flow/0000/015,9,0.75,11.25,T4d,0.00095465507991705084
flow/0000/015,9,0.75,11.25,T5a,-0.0006028953878672999
flow/0000/015,9,0.75,11.25,T5b,-0.00013580813508560011
flow/0000/015,9,0.75,11.25,T5c,-0.00027017862257140007
flow/0000/015,9,0.75,11.25,T5d,-0.00038630526105400001
flow/0000/015,10,0.83333333333333337,12.5,T4a,-0.0013343782591997491
flow/0000/015,10,0.83333333333333337,12.5,T4b,0.0011717169122807958
flow/0000/015,10,0.83333333333333337,12.5,T4c,0.00010669091364270099
flow/0000/015,10,0.83333333333333337,12.5,T4d,0.0023701725308943045
flow/0000/015,10,0.83333333333333337,12.5,T5a,-2.6223407233100238e-05
flow/0000/015,10,0.83333333333333337,12.5,T5b,-0.0010355439943636989
flow/0000/015,10,0.83333333333333337,12.5,T5c,-0.00067735711604000048
flow/0000/015,10,0.83333333333333337,12.5,T5d,-0.00046717458233800003
flow/0000/015,11,0.91666666666666663,13.75,T4a,0.00048387516718530199
flow/0000/015,11,0.91666666666666663,13.75,T4b,0.00063296330995170347
flow/0000/015,11,0.91666666666666663,13.75,T4c,0.00057537960891930126
flow/0000/015,11,0.91666666666666663,13.75,T4d,0.0012942072787468506
flow/0000/015,11,0.91666666666666663,13.75,T5a,0.00063771636856935036
flow/0000/015,11,0.91666666666666663,13.75,T5b,0.00043040491613479878
flow/0000/015,11,0.91666666666666663,13.75,T5c,-9.6656411314351154e-05
flow/0000/015,11,0.91666666666666663,13.75,T5d,-0.0008694234969122
flow/0000/016,0,0,0,T4a,0.00040030330115599887
flow/0000/016,0,0,0,T4b,-0.00063894714042380014
flow/0000/016,0,0,0,T4c,-0.00013694188638060066
flow/0000/016,0,0,0,T4d,0.00027775380259075031
flow/0000/016,0,0,0,T5a,-0.0019908723453042482
flow/0000/016,0,0,0,T5b,0.0030439451170941496
flow/0000/016,0,0,0,T5c,0.0010592869744522008
flow/0000/016,0,0,0,T5d,-0.00020697943968605095
flow/0000/016,1,0.083333333333333301,1.25,T4a,-5.6624863349948734e-05
flow/0000/016,1,0.083333333333333301,1.25,T4b,0.00034593584476844998
flow/0000/016,1,0.083333333333333301,1.25,T4c,-0.0003872630611052013
flow/0000/016,1,0.083333333333333301,1.25,T4d,0.0012495668534229995
flow/0000/016,1,0.083333333333333301,1.25,T5a,-2.5396001690394798e-05
flow/0000/016,1,0.083333333333333301,1.25,T5b,0.00052505858514484936
flow/0000/016,1,0.083333333333333301,1.25,T5c,0.0013785484879419493
flow/0000/016,1,0.083333333333333301,1.25,T5d,-0.0012602708993862018
flow/0000/016,2,0.1666666666666666,2.5,T4a,0.00032009401878149886
flow/0000/016,2,0.1666666666666666,2.5,T4b,-0.0011060893218446492
flow/0000/016,2,0.1666666666666666,2.5,T4c,-0.00030316515848950037
flow/0000/016,2,0.1666666666666666,2.5,T4d,0.0027840456996509992
flow/0000/016,2,0.1666666666666666,2.5,T5a,0.00056377989402960071
flow/0000/016,2,0.1666666666666666,2.5,T5b,-0.0010698274982946995
flow/0000/016,2,0.1666666666666666,2.5,T5c,-0.00030812217841934796
flow/0000/016,2,0.1666666666666666,2.5,T5d,0.00013905669028174694
flow/0000/016,3,0.25,3.75,T4a,0.00076861681974595142
flow/0000/016,3,0.25,3.75,T4b,-0.00011805693164469982
flow/0000/016,3,0.25,3.75,T4c,0.00089102621097955116
flow/0000/016,3,0.25,3.75,T4d,0.0021910890687439509
flow/0000/016,3,0.25,3.75,T5a,-0.00083407567429849561
flow/0000/016,3,0.25,3.75,T5b,-0.00083257825104724945
flow/0000/016,3,0.25,3.75,T5c,8.3625531260549807e-05
flow/0000/016,3,0.25,3.75,T5d,-0.001229070971469199
flow/0000/016,4,0.33333333333333331,5,T4a,0.00013080470062959947
flow/0000/016,4,0.33333333333333331,5,T4b,0.00050757196582900017
flow/0000/016,4,0.33333333333333331,5,T4c,-0.00058507772612419878
flow/0000/016,4,0.33333333333333331,5,T4d,0.0016767176026943496
flow/0000/016,4,0.33333333333333331,5,T5a,0.00054739796415739783
flow/0000/016,4,0.33333333333333331,5,T5b,-0.0012113471298993497
flow/0000/016,4,0.33333333333333331,5,T5c,-0.0013162184306995013
flow/0000/016,4,0.33333333333333331,5,T5d,-0.00030129733532134953
flow/0000/016,5,0.41666666666666669,6.25,T4a,0.00093679571875980062
flow/0000/016,5,0.41666666666666669,6.25,T4b,-0.00098023398483015022
flow/0000/016,5,0.41666666666666669,6.25,T4c,-0.0010465586760310987
flow/0000/016,5,0.41666666666666669,6.25,T4d,0.0022448524055278503
flow/0000/016,5,0.41666666666666669,6.25,T5a,0.00068059541907500298
flow/0000/016,5,0.41666666666666669,6.25,T5b,-0.00035457089308440007
flow/0000/016,5,0.41666666666666669,6.25,T5c,-0.0011498396880378001
flow/0000/016,5,0.41666666666666669,6.25,T5d,0.00045766948950995076
flow/0000/016,6,0.5,7.5,T4a,0.0010210253176847501
flow/0000/016,6,0.5,7.5,T4b,-0.00048184619053814968
flow/0000/016,6,0.5,7.5,T4c,-0.0013375112125092996
flow/0000/016,6,0.5,7.5,T4d,0.0017979186829296997
flow/0000/016,6,0.5,7.5,T5a,-0.0011561603885379551
flow/0000/016,6,0.5,7.5,T5b,0.0025570382710182506
flow/0000/016,6,0.5,7.5,T5c,-0.00058074443715770176
flow/0000/016,6,0.5,7.5,T5d,0.00012080904178920007
flow/0000/016,7,0.58333333333333337,8.75,T4a,-7.9675624770250697e-05
flow/0000/016,7,0.58333333333333337,8.75,T4b,-0.00050518761254345068
flow/0000/016,7,0.58333333333333337,8.75,T4c,-0.0018948148941636007
flow/0000/016,7,0.58333333333333337,8.75,T4d,0.00058036837475029975
flow/0000/016,7,0.58333333333333337,8.75,T5a,0.00076488754541470527
flow/0000/016,7,0.58333333333333337,8.75,T5b,-0.00095904335087275069
flow/0000/016,7,0.58333333333333337,8.75,T5c,-0.00049421828165599826
flow/0000/016,7,0.58333333333333337,8.75,T5d,0.0011431264012232989
flow/0000/016,8,0.66666666666666663,10,T4a,0.0002410684466987497
flow/0000/016,8,0.66666666666666663,10,T4b,-0.0023134891220157501
flow/0000/016,8,0.66666666666666663,10,T4c,-0.0014017563055063013
flow/0000/016,8,0.66666666666666663,10,T4d,0.00073519139078075113
flow/0000/016,8,0.66666666666666663,10,T5a,-9.8965388718598446e-05
flow/0000/016,8,0.66666666666666663,10,T5b,0.00063468587041590023
flow/0000/016,8,0.66666666666666663,10,T5c,0.0021068204800245988
flow/0000/016,8,0.66666666666666663,10,T5d,0.00016713905646089863
flow/0000/016,9,0.75,11.25,T4a,0.00024047558933155098
flow/0000/016,9,0.75,11.25,T4b,-0.00077280229595914993
flow/0000/016,9,0.75,11.25,T4c,-0.003008678178175999
flow/0000/016,9,0.75,11.25,T4d,-0.00069554409002175067
flow/0000/016,9,0.75,11.25,T5a,-0.0021124474149957981
flow/0000/016,9,0.75,11.25,T5b,0.003912066421638799
flow/0000/016,9,0.75,11.25,T5c,0.00088265989627329955
flow/0000/016,9,0.75,11.25,T5d,0.00044270739685494873
flow/0000/016,10,0.83333333333333337,12.5,T4a,-5.5760408497800007e-05
flow/0000/016,10,0.83333333333333337,12.5,T4b,-0.00038673265638664977
flow/0000/016,10,0.83333333333333337,12.5,T4c,-0.0030986360041663011
flow/0000/016,10,0.83333333333333337,12.5,T4d,-0.00039968826920915024
flow/0000/016,10,0.83333333333333337,12.5,T5a,-0.00048990636125450376
flow/0000/016,10,0.83333333333333337,12.5,T5b,0.0013833168433769489
flow/0000/016,10,0.83333333333333337,12.5,T5c,8.7051805692201639e-05
flow/0000/016,10,0.83333333333333337,12.5,T5d,0.0015736566972423989
flow/0000/016,11,0.91666666666666663,13.75,T4a,-1.1905813535549245e-05
flow/0000/016,11,0.91666666666666663,13.75,T4b,-0.0013486456566445494
flow/0000/016,11,0.91666666666666663,13.75,T4c,-0.0019711556382345508
flow/0000/016,11,0.91666666666666663,13.75,T4d,-8.6487226679899352e-05
flow/0000/016,11,0.91666666666666663,13.75,T5a,-0.00056112635958985302
flow/0000/016,11,0.91666666666666663,13.75,T5b,-0.00095908897113654995
flow/0000/016,11,0.91666666666666663,13.75,T5c,0.0012804193599459512
flow/0000/016,11,0.91666666666666663,13.75,T5d,-0.00033086461269855177
flow/0000/017,0,0,0,T4a,0.00074062538386560073
flow/0000/017,0,0,0,T4b,-0.0067159136818228
flow/0000/017,0,0,0,T4c,-0.013283019246875001
flow/0000/017,0,0,0,T4d,0.0085502483636730534
flow/0000/017,0,0,0,T5a,0.0011220835925762999
flow/0000/017,0,0,0,T5b,-0.0023688203990641921
flow/0000/017,0,0,0,T5c,0.0075813430223636014
flow/0000/017,0,0,0,T5d,-0.0050160052534321542
flow/0000/017,1,0.083333333333333301,1.25,T4a,0.013732110772591351
flow/0000/017,1,0.083333333333333301,1.25,T4b,-0.0077057500362527481
flow/0000/017,1,0.083333333333333301,1.25,T4c,-0.010372220958097098
flow/0000/017,1,0.083333333333333301,1.25,T4d,0.012178335918811602
flow/0000/017,1,0.083333333333333301,1.25,T5a,-0.00080952986318139986
flow/0000/017,1,0.083333333333333301,1.25,T5b,-0.00061808540679295088
flow/0000/017,1,0.083333333333333301,1.25,T5c,0.0081078121026059505
flow/0000/017,1,0.083333333333333301,1.25,T5d,-0.0085319488480750522
flow/0000/017,2,0.1666666666666666,2.5,T4a,0.020471863047021553
flow/0000/017,2,0.1666666666666666,2.5,T4b,-0.011562279389863452
flow/0000/017,2,0.1666666666666666,2.5,T4c,-0.00098514940246465128
flow/0000/017,2,0.1666666666666666,2.5,T4d,0.018206243241320148
flow/0000/017,2,0.1666666666666666,2.5,T5a,-0.00023650285837714994
flow/0000/017,2,0.1666666666666666,2.5,T5b,-0.0064923859746010976
flow/0000/017,2,0.1666666666666666,2.5,T5c,0.014232192634635848
flow/0000/017,2,0.1666666666666666,2.5,T5d,-0.010588688908180294
flow/0000/017,3,0.25,3.75,T4a,0.01558905181456955
flow/0000/017,3,0.25,3.75,T4b,-0.0063570402435566484
flow/0000/017,3,0.25,3.75,T4c,0.00054165040107704947
flow/0000/017,3,0.25,3.75,T4d,0.0070686633126723977
flow/0000/017,3,0.25,3.75,T5a,-0.00047715827249565006
flow/0000/017,3,0.25,3.75,T5b,-0.0093758048725612539
flow/0000/017,3,0.25,3.75,T5c,0.0056527595718238038
flow/0000/017,3,0.25,3.75,T5d,-0.012925634741216843
flow/0000/017,4,0.33333333333333331,5,T4a,0.016671300587772747
flow/0000/017,4,0.33333333333333331,5,T4b,-0.0038100359110789517
flow/0000/017,4,0.33333333333333331,5,T4c,0.00072801808591574889
flow/0000/017,4,0.33333333333333331,5,T4d,0.014143401911675454
flow/0000/017,4,0.33333333333333331,5,T5a,-0.00035127999179880001
flow/0000/017,4,0.33333333333333331,5,T5b,-0.0055861756998951406
flow/0000/017,4,0.33333333333333331,5,T5c,0.008486794068799354
flow/0000/017,4,0.33333333333333331,5,T5d,-0.012970371330892946
flow/0000/017,5,0.41666666666666669,6.25,T4a,0.014461954457179751
flow/0000/017,5,0.41666666666666669,6.25,T4b,-0.0074221776634435001
flow/0000/017,5,0.41666666666666669,6.25,T4c,-0.0038332263161800495
flow/0000/017,5,0.41666666666666669,6.25,T4d,0.012526430919423997
flow/0000/017,5,0.41666666666666669,6.25,T5a,0.00058280725122769996
flow/0000/017,5,0.41666666666666669,6.25,T5b,-0.0029447405348674988
flow/0000/017,5,0.41666666666666669,6.25,T5c,0.0078032898367376494
flow/0000/017,5,0.41666666666666669,6.25,T5d,-0.012627462594409958
flow/0000/017,6,0.5,7.5,T4a,0.0048588145354147017
flow/0000/017,6,0.5,7.5,T4b,-0.0046730462146448506
flow/0000/017,6,0.5,7.5,T4c,-0.0071378057238187988
flow/0000/017,6,0.5,7.5,T4d,0.013264543105626799
flow/0000/017,6,0.5,7.5,T5a,0.0013318811224734498
flow/0000/017,6,0.5,7.5,T5b,-0.0027790446944468555
flow/0000/017,6,0.5,7.5,T5c,0.013977757912942798
flow/0000/017,6,0.5,7.5,T5d,-0.011807726970134907
flow/0000/017,7,0.58333333333333337,8.75,T4a,0.0054013051989409977
flow/0000/017,7,0.58333333333333337,8.75,T4b,-0.0036374253959466502
flow/0000/017,7,0.58333333333333337,8.75,T4c,-0.0071633518344661005
flow/0000/017,7,0.58333333333333337,8.75,T4d,0.018157938999312298
flow/0000/017,7,0.58333333333333337,8.75,T5a,0.0022919279433441997
flow/0000/017,7,0.58333333333333337,8.75,T5b,-0.0039917577295904005
flow/0000/017,7,0.58333333333333337,8.75,T5c,0.015710521621400853
flow/0000/017,7,0.58333333333333337,8.75,T5d,-0.0071705980005399017
flow/0000/017,8,0.66666666666666663,10,T4a,0.0042412386327805029
flow/0000/017,8,0.66666666666666663,10,T4b,-0.010064613384467097
flow/0000/017,8,0.66666666666666663,10,T4c,-0.0079567151193386514
flow/0000/017,8,0.66666666666666663,10,T4d,0.013419561451148351
flow/0000/017,8,0.66666666666666663,10,T5a,0.0030165021021168999
flow/0000/017,8,0.66666666666666663,10,T5b,-0.0012726775079106439
flow/0000/017,8,0.66666666666666663,10,T5c,0.012620212821379047
flow/0000/017,8,0.66666666666666663,10,T5d,-0.0033038220275443952
flow/0000/017,9,0.75,11.25,T4a,-0.0040840821835621058
flow/0000/017,9,0.75,11.25,T4b,-0.0096643618685398995
flow/0000/017,9,0.75,11.25,T4c,-0.0242961841449865
flow/0000/017,9,0.75,11.25,T4d,0.0076179548760772972
flow/0000/017,9,0.75,11.25,T5a,0.0025656817332772499
flow/0000/017,9,0.75,11.25,T5b,0.0034046055317015905
flow/0000/017,9,0.75,11.25,T5c,0.012527900263383004
flow/0000/017,9,0.75,11.25,T5d,-0.0056653665090092009
flow/0000/017,10,0.83333333333333337,12.5,T4a,-0.0076177380530712546
flow/0000/017,10,0.83333333333333337,12.5,T4b,-0.0067346839411463466
flow/0000/017,10,0.83333333333333337,12.5,T4c,-0.0021233473532205494
flow/0000/017,10,0.83333333333333337,12.5,T4d,0.028185729941313305
flow/0000/017,10,0.83333333333333337,12.5,T5a,0.0013286714199919
flow/0000/017,10,0.83333333333333337,12.5,T5b,-0.00015563587364975096
flow/0000/017,10,0.83333333333333337,12.5,T5c,0.020203892534319451
flow/0000/017,10,0.83333333333333337,12.5,T5d,-0.0072767666431264449
flow/0000/017,11,0.91666666666666663,13.75,T4a,0.0046557721976449515
flow/0000/017,11,0.91666666666666663,13.75,T4b,-0.011885930800652304
flow/0000/017,11,0.91666666666666663,13.75,T4c,-0.0065171308145398014
flow/0000/017,11,0.91666666666666663,13.75,T4d,0.019814434042254754
flow/0000/017,11,0.91666666666666663,13.75,T5a,0.0034037166049392499
flow/0000/017,11,0.91666666666666663,13.75,T5b,-0.0053652127041455971
flow/0000/017,11,0.91666666666666663,13.75,T5c,0.017075876293046348
flow/0000/017,11,0.91666666666666663,13.75,T5d,-0.00404410196428584
flow/0000/018,0,0,0,T4a,0.0027873529127964009
flow/0000/018,0,0,0,T4b,-0.00075372523130804933
flow/0000/018,0,0,0,T4c,0.0026285394219248501
flow/0000/018,0,0,0,T4d,-0.0020608971177481991
flow/0000/018,0,0,0,T5a,0.00034622372732284745
flow/0000/018,0,0,0,T5b,6.6545578884594225e-05
flow/0000/018,0,0,0,T5c,0.0010187703916620999
flow/0000/018,0,0,0,T5d,0.00091397102603080205
flow/0000/018,1,0.083333333333333301,1.25,T4a,0.0034970110958540968
flow/0000/018,1,0.083333333333333301,1.25,T4b,-0.0019989182118711011
flow/0000/018,1,0.083333333333333301,1.25,T4c,0.0053172113366332999
flow/0000/018,1,0.083333333333333301,1.25,T4d,-0.00046675989519935016
flow/0000/018,1,0.083333333333333301,1.25,T5a,-0.00034039945444545167
flow/0000/018,1,0.083333333333333301,1.25,T5b,-0.00074725483790565039
flow/0000/018,1,0.083333333333333301,1.25,T5c,0.00074495983762934989
flow/0000/018,1,0.083333333333333301,1.25,T5d,-0.00046687071624675058
flow/0000/018,2,0.1666666666666666,2.5,T4a,-0.0030503891386311488
flow/0000/018,2,0.1666666666666666,2.5,T4b,0.0018940184972747517
flow/0000/018,2,0.1666666666666666,2.5,T4c,0.0076557672236203002
flow/0000/018,2,0.1666666666666666,2.5,T4d,-0.0012687945034714002
flow/0000/018,2,0.1666666666666666,2.5,T5a,-0.00012359625688099923
flow/0000/018,2,0.1666666666666666,2.5,T5b,0.00098953808198180837
flow/0000/018,2,0.1666666666666666,2.5,T5c,-0.00052431478492654966
flow/0000/018,2,0.1666666666666666,2.5,T5d,-0.0016320977457628949
flow/0000/018,3,0.25,3.75,T4a,0.0017306300469096501
flow/0000/018,3,0.25,3.75,T4b,-0.00056247602604755052
flow/0000/018,3,0.25,3.75,T4c,0.0057054521791682997
flow/0000/018,3,0.25,3.75,T4d,-0.00010272011568515128
flow/0000/018,3,0.25,3.75,T5a,0.00056642696932839715
flow/0000/018,3,0.25,3.75,T5b,-0.00086696578870630592
flow/0000/018,3,0.25,3.75,T5c,0.00047692685764264995
flow/0000/018,3,0.25,3.75,T5d,-0.00010476762350210278
flow/0000/018,4,0.33333333333333331,5,T4a,0.0027276042538908994
flow/0000/018,4,0.33333333333333331,5,T4b,-0.0015186429879436494
flow/0000/018,4,0.33333333333333331,5,T4c,0.0051878151270673498
flow/0000/018,4,0.33333333333333331,5,T4d,-0.00066448373440029969
flow/0000/018,4,0.33333333333333331,5,T5a,-0.00061035211433059511
flow/0000/018,4,0.33333333333333331,5,T5b,-0.0014250895087908472
flow/0000/018,4,0.33333333333333331,5,T5c,-0.0013676779473857095
flow/0000/018,4,0.33333333333333331,5,T5d,-0.0011621941802371985
flow/0000/018,5,0.41666666666666669,6.25,T4a,-0.00018515708978809886
flow/0000/018,5,0.41666666666666669,6.25,T4b,0.0009040546310697499
flow/0000/018,5,0.41666666666666669,6.25,T4c,0.0064342860288238496
flow/0000/018,5,0.41666666666666669,6.25,T4d,-0.0023273679756897992
flow/0000/018,5,0.41666666666666669,6.25,T5a,-0.0001690191081547554
flow/0000/018,5,0.41666666666666669,6.25,T5b,0.0022174612512612102
flow/0000/018,5,0.41666666666666669,6.25,T5c,0.00062578902285535007
flow/0000/018,5,0.41666666666666669,6.25,T5d,-0.0012107912594593456
flow/0000/018,6,0.5,7.5,T4a,0.0030127649313741005
flow/0000/018,6,0.5,7.5,T4b,-0.0012971650182756009
flow/0000/018,6,0.5,7.5,T4c,0.0030731711084590997
flow/0000/018,6,0.5,7.5,T4d,-0.0037828725937207493
flow/0000/018,6,0.5,7.5,T5a,0.00034741458041535195
flow/0000/018,6,0.5,7.5,T5b,0.0003728866317089935
flow/0000/018,6,0.5,7.5,T5c,0.00071163556036039997
flow/0000/018,6,0.5,7.5,T5d,-0.0002807952937034508
flow/0000/018,7,0.58333333333333337,8.75,T4a,0.0015628596473595963
flow/0000/018,7,0.58333333333333337,8.75,T4b,-0.0016203385988536514
flow/0000/018,7,0.58333333333333337,8.75,T4c,0.0014098789887515997
flow/0000/018,7,0.58333333333333337,8.75,T4d,-0.0042902258653479998
flow/0000/018,7,0.58333333333333337,8.75,T5a,-0.00033555487063375439
flow/0000/018,7,0.58333333333333337,8.75,T5b,-0.0018743162282347514
flow/0000/018,7,0.58333333333333337,8.75,T5c,-0.00094383753217509999
flow/0000/018,7,0.58333333333333337,8.75,T5d,-0.001249008852408251
flow/0000/018,8,0.66666666666666663,10,T4a,-0.00058634036978399973
flow/0000/018,8,0.66666666666666663,10,T4b,0.00074325608019550071
flow/0000/018,8,0.66666666666666663,10,T4c,6.9470802776300158e-05
flow/0000/018,8,0.66666666666666663,10,T4d,-0.0029115007567647004
flow/0000/018,8,0.66666666666666663,10,T5a,3.7956668580245434e-05
flow/0000/018,8,0.66666666666666663,10,T5b,0.0023309352066161471
flow/0000/018,8,0.66666666666666663,10,T5c,0.0014412645679750999
flow/0000/018,8,0.66666666666666663,10,T5d,0.00029049111295139513
flow/0000/018,9,0.75,11.25,T4a,0.0023588252861061997
flow/0000/018,9,0.75,11.25,T4b,-0.0007942073922346006
flow/0000/018,9,0.75,11.25,T4c,0.00031849298670430038
flow/0000/018,9,0.75,11.25,T4d,-0.0045985252787702499
flow/0000/018,9,0.75,11.25,T5a,0.00025478828053474706
flow/0000/018,9,0.75,11.25,T5b,0.00051092257566744126
flow/0000/018,9,0.75,11.25,T5c,0.0017063788934128001
flow/0000/018,9,0.75,11.25,T5d,0.00077130432964434698
flow/0000/018,10,0.83333333333333337,12.5,T4a,0.0021774865301170503
flow/0000/018,10,0.83333333333333337,12.5,T4b,-0.0010750228781297999
flow/0000/018,10,0.83333333333333337,12.5,T4c,0.0030502632915826505
flow/0000/018,10,0.83333333333333337,12.5,T4d,-0.0045758279181390502
flow/0000/018,10,0.83333333333333337,12.5,T5a,-0.00043991034860525052
flow/0000/018,10,0.83333333333333337,12.5,T5b,-0.00044064911153800235
flow/0000/018,10,0.83333333333333337,12.5,T5c,0.0011543716151015001
flow/0000/018,10,0.83333333333333337,12.5,T5d,-0.0003379517354618472
flow/0000/018,11,0.91666666666666663,13.75,T4a,-0.001723550819612802
flow/0000/018,11,0.91666666666666663,13.75,T4b,0.001286565161891599
flow/0000/018,11,0.91666666666666663,13.75,T4c,0.0018628666692723
flow/0000/018,11,0.91666666666666663,13.75,T4d,-0.0043132692251073492
flow/0000/018,11,0.91666666666666663,13.75,T5a,-0.00041321825370325277
flow/0000/018,11,0.91666666666666663,13.75,T5b,0.00066716141755659986
flow/0000/018,11,0.91666666666666663,13.75,T5c,-5.2928052822049949e-05
flow/0000/018,11,0.91666666666666663,13.75,T5d,0.00010192834493164687
flow/0000/019,0,0,0,T4a,-0.0010731186357834
flow/0000/019,0,0,0,T4b,-0.00039301871083690168
flow/0000/019,0,0,0,T4c,0.001673271895573189
flow/0000/019,0,0,0,T4d,-0.0027829704991111023
flow/0000/019,0,0,0,T5a,0.0042319313158097477
flow/0000/019,0,0,0,T5b,0.00067039727097310126
flow/0000/019,0,0,0,T5c,-0.0013598357688456505
flow/0000/019,0,0,0,T5d,6.5616271177751373e-05
flow/0000/019,1,0.083333333333333301,1.25,T4a,-0.00060159678816845003
flow/0000/019,1,0.083333333333333301,1.25,T4b,0.0025932169023508006
flow/0000/019,1,0.083333333333333301,1.25,T4c,0.0030705688700998976
flow/0000/019,1,0.083333333333333301,1.25,T4d,4.0362717836597839e-05
flow/0000/019,1,0.083333333333333301,1.25,T5a,0.0074809252836220974
flow/0000/019,1,0.083333333333333301,1.25,T5b,0.002163688977301452
flow/0000/019,1,0.083333333333333301,1.25,T5c,0.0010868941819443464
flow/0000/019,1,0.083333333333333301,1.25,T5d,-0.00091003774175414665
flow/0000/019,2,0.1666666666666666,2.5,T4a,-0.0013444724871861003
flow/0000/019,2,0.1666666666666666,2.5,T4b,0.0010656137295827484
flow/0000/019,2,0.1666666666666666,2.5,T4c,0.0050274969239372524
flow/0000/019,2,0.1666666666666666,2.5,T4d,0.00083220212681875405
flow/0000/019,2,0.1666666666666666,2.5,T5a,-0.0018311725714637017
flow/0000/019,2,0.1666666666666666,2.5,T5b,-0.00013419552375504989
flow/0000/019,2,0.1666666666666666,2.5,T5c,0.0021893204997464957
flow/0000/019,2,0.1666666666666666,2.5,T5d,-0.0029523231232400499
flow/0000/019,3,0.25,3.75,T4a,-0.00041691910910950005
flow/0000/019,3,0.25,3.75,T4b,-0.0027728161468052979
flow/0000/019,3,0.25,3.75,T4c,0.0062853717936885503
flow/0000/019,3,0.25,3.75,T4d,-0.0024454803289618507
flow/0000/019,3,0.25,3.75,T5a,-0.0026584815679039017
flow/0000/019,3,0.25,3.75,T5b,-0.0022647580141131954
flow/0000/019,3,0.25,3.75,T5c,0.0036424339021747035
flow/0000/019,3,0.25,3.75,T5d,-0.0040138089228677482
flow/0000/019,4,0.33333333333333331,5,T4a,-0.00037763209711045003
flow/0000/019,4,0.33333333333333331,5,T4b,0.0021945772270933507
flow/0000/019,4,0.33333333333333331,5,T4c,0.0048868306280095489
flow/0000/019,4,0.33333333333333331,5,T4d,0.0046506373364900988
flow/0000/019,4,0.33333333333333331,5,T5a,-0.0016714619353903892
flow/0000/019,4,0.33333333333333331,5,T5b,-0.0010617985740397975
flow/0000/019,4,0.33333333333333331,5,T5c,0.0036317182887401975
flow/0000/019,4,0.33333333333333331,5,T5d,-0.0011393485614948906
flow/0000/019,5,0.41666666666666669,6.25,T4a,-0.0014362201474260499
flow/0000/019,5,0.41666666666666669,6.25,T4b,0.0017819713972340029
flow/0000/019,5,0.41666666666666669,6.25,T4c,0.0049590841455669984
flow/0000/019,5,0.41666666666666669,6.25,T4d,0.00040925615545165522
flow/0000/019,5,0.41666666666666669,6.25,T5a,-0.0055180767840997957
flow/0000/019,5,0.41666666666666669,6.25,T5b,-0.0020141976676208012
flow/0000/019,5,0.41666666666666669,6.25,T5c,0.0053988342093833491
flow/0000/019,5,0.41666666666666669,6.25,T5d,0.00020611300148379308
flow/0000/019,6,0.5,7.5,T4a,-0.00065714846565460014
flow/0000/019,6,0.5,7.5,T4b,0.0022633135754426999
flow/0000/019,6,0.5,7.5,T4c,0.0057238957942650492
flow/0000/019,6,0.5,7.5,T4d,-0.0071787568049724512
flow/0000/019,6,0.5,7.5,T5a,-7.2385946998099193e-05
flow/0000/019,6,0.5,7.5,T5b,-0.00065605953614319978
flow/0000/019,6,0.5,7.5,T5c,0.0042498060711778501
flow/0000/019,6,0.5,7.5,T5d,-0.0013448503514736504
flow/0000/019,7,0.58333333333333337,8.75,T4a,-0.00019148600529109985
flow/0000/019,7,0.58333333333333337,8.75,T4b,0.0038090126224877494
flow/0000/019,7,0.58333333333333337,8.75,T4c,0.0050966693368139984
flow/0000/019,7,0.58333333333333337,8.75,T4d,-0.0025772985835277457
flow/0000/019,7,0.58333333333333337,8.75,T5a,0.00022200961886380266
flow/0000/019,7,0.58333333333333337,8.75,T5b,0.0012574995966778482
flow/0000/019,7,0.58333333333333337,8.75,T5c,0.0055266710939857466
flow/0000/019,7,0.58333333333333337,8.75,T5d,0.0017424933392759523
flow/0000/019,8,0.66666666666666663,10,T4a,-0.0017151148313565001
flow/0000/019,8,0.66666666666666663,10,T4b,0.0014410418433407485
flow/0000/019,8,0.66666666666666663,10,T4c,0.00055468643348619701
flow/0000/019,8,0.66666666666666663,10,T4d,-0.0011607006112851551
flow/0000/019,8,0.66666666666666663,10,T5a,-0.0060128804525896445
flow/0000/019,8,0.66666666666666663,10,T5b,0.00085983081656645227
flow/0000/019,8,0.66666666666666663,10,T5c,0.0034475556373998045
flow/0000/019,8,0.66666666666666663,10,T5d,0.002754472528309744
flow/0000/019,9,0.75,11.25,T4a,-0.00052571332294305004
flow/0000/019,9,0.75,11.25,T4b,0.0023051452279243996
flow/0000/019,9,0.75,11.25,T4c,0.004591636012721792
flow/0000/019,9,0.75,11.25,T4d,-0.0081205072589088031
flow/0000/019,9,0.75,11.25,T5a,-0.0025594006857633037
flow/0000/019,9,0.75,11.25,T5b,0.0020808891354866035
flow/0000/019,9,0.75,11.25,T5c,0.0017995473909382526
flow/0000/019,9,0.75,11.25,T5d,0.00013263288103169957
flow/0000/019,10,0.83333333333333337,12.5,T4a,-0.00085492374214415023
flow/0000/019,10,0.83333333333333337,12.5,T4b,0.0023900495812819479
flow/0000/019,10,0.83333333333333337,12.5,T4c,0.0027394768574968489
flow/0000/019,10,0.83333333333333337,12.5,T4d,-0.0054600809847010559
flow/0000/019,10,0.83333333333333337,12.5,T5a,0.0015506015427863423
flow/0000/019,10,0.83333333333333337,12.5,T5b,0.0025365548924995013
flow/0000/019,10,0.83333333333333337,12.5,T5c,0.0013075719485411003
flow/0000/019,10,0.83333333333333337,12.5,T5d,0.0029487976859801437
flow/0000/019,11,0.91666666666666663,13.75,T4a,-0.0014176599419246998
flow/0000/019,11,0.91666666666666663,13.75,T4b,-0.00087088921508649692
flow/0000/019,11,0.91666666666666663,13.75,T4c,0.0033025346795559976
flow/0000/019,11,0.91666666666666663,13.75,T4d,-0.0040951354602563536
flow/0000/019,11,0.91666666666666663,13.75,T5a,-0.0033927975234671476
flow/0000/019,11,0.91666666666666663,13.75,T5b,7.6407079795851041e-05
flow/0000/019,11,0.91666666666666663,13.75,T5c,0.0031102511666086519
flow/0000/019,11,0.91666666666666663,13.75,T5d,0.003182783078123301
flow/0000/020,0,0,0,T4a,0.0013061029370903497
flow/0000/020,0,0,0,T4b,0.00026754393977035038
flow/0000/020,0,0,0,T4c,0.0069078936440233954
flow/0000/020,0,0,0,T4d,-0.012124196955537351
flow/0000/020,0,0,0,T5a,0.00052056343690415341
flow/0000/020,0,0,0,T5b,4.3797802075799808e-05
flow/0000/020,0,0,0,T5c,0.0023507109678020995
flow/0000/020,0,0,0,T5d,-0.0028563737703510526
flow/0000/020,1,0.083333333333333301,1.25,T4a,0.00096153300182000301
flow/0000/020,1,0.083333333333333301,1.25,T4b,0.0034391974869622498
flow/0000/020,1,0.083333333333333301,1.25,T4c,0.0071640625213384504
flow/0000/020,1,0.083333333333333301,1.25,T4d,-0.0041604111524187505
flow/0000/020,1,0.083333333333333301,1.25,T5a,0.006940988977007706
flow/0000/020,1,0.083333333333333301,1.25,T5b,-0.003644717542513852
flow/0000/020,1,0.083333333333333301,1.25,T5c,-0.0046781962843443995
flow/0000/020,1,0.083333333333333301,1.25,T5d,0.0042025493367477476
flow/0000/020,2,0.1666666666666666,2.5,T4a,-0.00046663075653330041
flow/0000/020,2,0.1666666666666666,2.5,T4b,0.0070500796852783522
flow/0000/020,2,0.1666666666666666,2.5,T4c,0.012104875625909898
flow/0000/020,2,0.1666666666666666,2.5,T4d,-0.012263368573472801
flow/0000/020,2,0.1666666666666666,2.5,T5a,0.0053543592358289982
flow/0000/020,2,0.1666666666666666,2.5,T5b,-0.0013165596754428979
flow/0000/020,2,0.1666666666666666,2.5,T5c,0.00024577819682819989
flow/0000/020,2,0.1666666666666666,2.5,T5d,-0.00081409380541475063
flow/0000/020,3,0.25,3.75,T4a,0.0015955308268939504
flow/0000/020,3,0.25,3.75,T4b,-0.0027029425917309002
flow/0000/020,3,0.25,3.75,T4c,0.0095567899201458514
flow/0000/020,3,0.25,3.75,T4d,-0.0068503795800622519
flow/0000/020,3,0.25,3.75,T5a,-0.0021394066812541052
flow/0000/020,3,0.25,3.75,T5b,-0.0010119132349207943
flow/0000/020,3,0.25,3.75,T5c,0.0023064421058717997
flow/0000/020,3,0.25,3.75,T5d,-0.003181965354746602
flow/0000/020,4,0.33333333333333331,5,T4a,0.0011851989415693001
flow/0000/020,4,0.33333333333333331,5,T4b,0.0047022427550243023
flow/0000/020,4,0.33333333333333331,5,T4c,0.0082090016651799984
flow/0000/020,4,0.33333333333333331,5,T4d,-0.0056928853783831529
flow/0000/020,4,0.33333333333333331,5,T5a,0.0070920548016641521
flow/0000/020,4,0.33333333333333331,5,T5b,-0.0022988254919562995
flow/0000/020,4,0.33333333333333331,5,T5c,-0.00029164370773415021
flow/0000/020,4,0.33333333333333331,5,T5d,-0.00071314091612765043
flow/0000/020,5,0.41666666666666669,6.25,T4a,-0.00044175944285810079
flow/0000/020,5,0.41666666666666669,6.25,T4b,0.0072167592382393515
flow/0000/020,5,0.41666666666666669,6.25,T4c,0.011133888367491403
flow/0000/020,5,0.41666666666666669,6.25,T4d,-0.01307362830640265
flow/0000/020,5,0.41666666666666669,6.25,T5a,0.003400613396127003
flow/0000/020,5,0.41666666666666669,6.25,T5b,0.00067199962248049722
flow/0000/020,5,0.41666666666666669,6.25,T5c,0.00032140713770190121
flow/0000/020,5,0.41666666666666669,6.25,T5d,-0.0015331509603037988
flow/0000/020,6,0.5,7.5,T4a,0.0015189387729851005
flow/0000/020,6,0.5,7.5,T4b,-0.0023206681481398005
flow/0000/020,6,0.5,7.5,T4c,0.0097057796090772482
flow/0000/020,6,0.5,7.5,T4d,-0.016754513675426502
flow/0000/020,6,0.5,7.5,T5a,-0.00088601182973760406
flow/0000/020,6,0.5,7.5,T5b,-0.00078332553848824843
flow/0000/020,6,0.5,7.5,T5c,0.0038470750296146494
flow/0000/020,6,0.5,7.5,T5d,-0.0051041116663587995
flow/0000/020,7,0.58333333333333337,8.75,T4a,0.00017879907620970206
flow/0000/020,7,0.58333333333333337,8.75,T4b,0.0039421477789865489
flow/0000/020,7,0.58333333333333337,8.75,T4c,0.0080840531143180488
flow/0000/020,7,0.58333333333333337,8.75,T4d,-0.020717635111358497
flow/0000/020,7,0.58333333333333337,8.75,T5a,0.006869596101973699
flow/0000/020,7,0.58333333333333337,8.75,T5b,-0.002110865757975651
flow/0000/020,7,0.58333333333333337,8.75,T5c,0.0051233074224767503
flow/0000/020,7,0.58333333333333337,8.75,T5d,-0.0061796251362580025
flow/0000/020,8,0.66666666666666663,10,T4a,-0.0006577306952118521
flow/0000/020,8,0.66666666666666663,10,T4b,0.0064045321445450505
flow/0000/020,8,0.66666666666666663,10,T4c,0.0047672422699779546
flow/0000/020,8,0.66666666666666663,10,T4d,-0.013148554131341399
flow/0000/020,8,0.66666666666666663,10,T5a,0.004925873409537096
flow/0000/020,8,0.66666666666666663,10,T5b,0.00050886288873915053
flow/0000/020,8,0.66666666666666663,10,T5c,-0.0043037769246432496
flow/0000/020,8,0.66666666666666663,10,T5d,0.0033184578492319976
flow/0000/020,9,0.75,11.25,T4a,0.00097763621563214803
flow/0000/020,9,0.75,11.25,T4b,-0.00061352335336285063
flow/0000/020,9,0.75,11.25,T4c,0.0039494508133438022
flow/0000/020,9,0.75,11.25,T4d,-0.017355118855800697
flow/0000/020,9,0.75,11.25,T5a,0.0017161757203908445
flow/0000/020,9,0.75,11.25,T5b,-0.0004863333219643981
flow/0000/020,9,0.75,11.25,T5c,0.0057443096576119002
flow/0000/020,9,0.75,11.25,T5d,-0.0054079369049828026
flow/0000/020,10,0.83333333333333337,12.5,T4a,0.00090939683175250002
flow/0000/020,10,0.83333333333333337,12.5,T4b,0.0031723232689509495
flow/0000/020,10,0.83333333333333337,12.5,T4c,0.0094137396249339977
flow/0000/020,10,0.83333333333333337,12.5,T4d,-0.0212543364379961
flow/0000/020,10,0.83333333333333337,12.5,T5a,0.0046984217492279517
flow/0000/020,10,0.83333333333333337,12.5,T5b,-0.0013101397155665523
flow/0000/020,10,0.83333333333333337,12.5,T5c,0.0039814251385954513
flow/0000/020,10,0.83333333333333337,12.5,T5d,-0.0050544123697006497
flow/0000/020,11,0.91666666666666663,13.75,T4a,-0.00057070234330299993
flow/0000/020,11,0.91666666666666663,13.75,T4b,0.0059698717697873015
flow/0000/020,11,0.91666666666666663,13.75,T4c,0.0051088290151155499
flow/0000/020,11,0.91666666666666663,13.75,T4d,-0.011970404333875848
flow/0000/020,11,0.91666666666666663,13.75,T5a,0.0044782387545135027
flow/0000/020,11,0.91666666666666663,13.75,T5b,0.00012643087906714923
flow/0000/020,11,0.91666666666666663,13.75,T5c,-1.6384019205499534e-05
flow/0000/020,11,0.91666666666666663,13.75,T5d,-0.00017755711065350205
flow/0000/021,0,0,0,T4a,-0.0015732882166029499
flow/0000/021,0,0,0,T4b,0.00067755240461225136
flow/0000/021,0,0,0,T4c,-0.0016674618640111979
flow/0000/021,0,0,0,T4d,0.00091201664473144952
flow/0000/021,0,0,0,T5a,0.0018069036358436003
flow/0000/021,0,0,0,T5b,-0.00088672600795129675
flow/0000/021,0,0,0,T5c,-2.4117847639100118e-05
flow/0000/021,0,0,0,T5d,0.00030291025633615021
flow/0000/021,1,0.083333333333333301,1.25,T4a,0.0011246127679373497
flow/0000/021,1,0.083333333333333301,1.25,T4b,0.0012384544747659487
flow/0000/021,1,0.083333333333333301,1.25,T4c,0.00069525766070484968
flow/0000/021,1,0.083333333333333301,1.25,T4d,0.001358990776829049
flow/0000/021,1,0.083333333333333301,1.25,T5a,0.0015258661324528003
flow/0000/021,1,0.083333333333333301,1.25,T5b,-0.0013294157411293528
flow/0000/021,1,0.083333333333333301,1.25,T5c,0.0008159527066655993
flow/0000/021,1,0.083333333333333301,1.25,T5d,0.0013659312680193506
flow/0000/021,2,0.1666666666666666,2.5,T4a,0.0011647802054718485
flow/0000/021,2,0.1666666666666666,2.5,T4b,0.00025101117731524819
flow/0000/021,2,0.1666666666666666,2.5,T4c,0.0003613709066117507
flow/0000/021,2,0.1666666666666666,2.5,T4d,0.00057112527206154996
flow/0000/021,2,0.1666666666666666,2.5,T5a,0.00059791133451305009
flow/0000/021,2,0.1666666666666666,2.5,T5b,-0.0021114107474551475
flow/0000/021,2,0.1666666666666666,2.5,T5c,0.0018922446233240985
flow/0000/021,2,0.1666666666666666,2.5,T5d,0.00051583441048920486
flow/0000/021,3,0.25,3.75,T4a,-0.00032284972220670075
flow/0000/021,3,0.25,3.75,T4b,-0.00010776764344404971
flow/0000/021,3,0.25,3.75,T4c,-0.00033365833879429874
flow/0000/021,3,0.25,3.75,T4d,0.0007035769313829994
flow/0000/021,3,0.25,3.75,T5a,-9.2076455011002797e-06
flow/0000/021,3,0.25,3.75,T5b,-0.00099236971797085627
flow/0000/021,3,0.25,3.75,T5c,0.0032011909765805521
flow/0000/021,3,0.25,3.75,T5d,0.0010470359724857464
flow/0000/021,4,0.33333333333333331,5,T4a,0.001947281889598803
flow/0000/021,4,0.33333333333333331,5,T4b,0.0030767397837663489
flow/0000/021,4,0.33333333333333331,5,T4c,0.00024647200267875063
flow/0000/021,4,0.33333333333333331,5,T4d,0.0010958667445808996
flow/0000/021,4,0.33333333333333331,5,T5a,0.0033729434911258498
flow/0000/021,4,0.33333333333333331,5,T5b,-0.00019074778096680317
flow/0000/021,4,0.33333333333333331,5,T5c,0.002498570091533002
flow/0000/021,4,0.33333333333333331,5,T5d,0.002173342607352198
flow/0000/021,5,0.41666666666666669,6.25,T4a,0.00050326466220700083
flow/0000/021,5,0.41666666666666669,6.25,T4b,0.00079662919160794834
flow/0000/021,5,0.41666666666666669,6.25,T4c,-0.00056550756308449898
flow/0000/021,5,0.41666666666666669,6.25,T4d,0.00073721193137279983
flow/0000/021,5,0.41666666666666669,6.25,T5a,4.4041719810399959e-05
flow/0000/021,5,0.41666666666666669,6.25,T5b,0.00085092528869405021
flow/0000/021,5,0.41666666666666669,6.25,T5c,0.0035064634638587479
flow/0000/021,5,0.41666666666666669,6.25,T5d,0.00023107811527544458
flow/0000/021,6,0.5,7.5,T4a,-1.4401724978050506e-05
flow/0000/021,6,0.5,7.5,T4b,0.0004616072237307485
flow/0000/021,6,0.5,7.5,T4c,-0.0014572381087650972
flow/0000/021,6,0.5,7.5,T4d,-0.0001345280897442
flow/0000/021,6,0.5,7.5,T5a,-0.00087461171926545012
flow/0000/021,6,0.5,7.5,T5b,0.0018250543452588974
flow/0000/021,6,0.5,7.5,T5c,0.0029673401031133518
flow/0000/021,6,0.5,7.5,T5d,-0.0018146621710793051
flow/0000/021,7,0.58333333333333337,8.75,T4a,-0.0014915857864335504
flow/0000/021,7,0.58333333333333337,8.75,T4b,-0.00022390815161379973
flow/0000/021,7,0.58333333333333337,8.75,T4c,-0.00078357637217245021
flow/0000/021,7,0.58333333333333337,8.75,T4d,0.00034912260445375039
flow/0000/021,7,0.58333333333333337,8.75,T5a,0.0046030447260959001
flow/0000/021,7,0.58333333333333337,8.75,T5b,-0.0039308024352473492
flow/0000/021,7,0.58333333333333337,8.75,T5c,0.0011051591419228516
flow/0000/021,7,0.58333333333333337,8.75,T5d,-0.0012464385824526025
flow/0000/021,8,0.66666666666666663,10,T4a,-0.0012931008791403492
flow/0000/021,8,0.66666666666666663,10,T4b,0.00021287349262289965
flow/0000/021,8,0.66666666666666663,10,T4c,-0.00078175226423940133
flow/0000/021,8,0.66666666666666663,10,T4d,0.00065822480446450001
flow/0000/021,8,0.66666666666666663,10,T5a,0.0035156483878526997
flow/0000/021,8,0.66666666666666663,10,T5b,-0.0020590428752716508
flow/0000/021,8,0.66666666666666663,10,T5c,0.00202274955209715
flow/0000/021,8,0.66666666666666663,10,T5d,-0.0013362085306742946
flow/0000/021,9,0.75,11.25,T4a,-0.0020524213560725972
flow/0000/021,9,0.75,11.25,T4b,0.00019987423106474986
flow/0000/021,9,0.75,11.25,T4c,-0.0016410345867299003
flow/0000/021,9,0.75,11.25,T4d,0.00030749664668280018
flow/0000/021,9,0.75,11.25,T5a,-0.00089219152828064977
flow/0000/021,9,0.75,11.25,T5b,0.0016475210754343453
flow/0000/021,9,0.75,11.25,T5c,-0.0007142217292545501
flow/0000/021,9,0.75,11.25,T5d,-0.0020767657302141543
flow/0000/021,10,0.83333333333333337,12.5,T4a,-0.00093862416796980028
flow/0000/021,10,0.83333333333333337,12.5,T4b,0.0019938223692029002
flow/0000/021,10,0.83333333333333337,12.5,T4c,-0.0012842536636722482
flow/0000/021,10,0.83333333333333337,12.5,T4d,0.0010205153649389493
flow/0000/021,10,0.83333333333333337,12.5,T5a,0.0035475660810886959
flow/0000/021,10,0.83333333333333337,12.5,T5b,-0.0023028294519597536
flow/0000/021,10,0.83333333333333337,12.5,T5c,-0.0025223102492448989
flow/0000/021,10,0.83333333333333337,12.5,T5d,-0.00041093274018174503
flow/0000/021,11,0.91666666666666663,13.75,T4a,-0.0020281383346834984
flow/0000/021,11,0.91666666666666663,13.75,T4b,0.00073908175916169785
flow/0000/021,11,0.91666666666666663,13.75,T4c,-0.0013483850180597973
flow/0000/021,11,0.91666666666666663,13.75,T4d,0.00080253432697404998
flow/0000/021,11,0.91666666666666663,13.75,T5a,0.0040845896570364994
flow/0000/021,11,0.91666666666666663,13.75,T5b,-0.0041529191697658036
flow/0000/021,11,0.91666666666666663,13.75,T5c,-0.00099916839120034809
flow/0000/021,11,0.91666666666666663,13.75,T5d,-0.00033737831733479662
flow/0000/022,0,0,0,T4a,0.0028270220486932979
flow/0000/022,0,0,0,T4b,0.026478804792336746
flow/0000/022,0,0,0,T4c,0.002901957827315102
flow/0000/022,0,0,0,T4d,0.0045079752286906472
flow/0000/022,0,0,0,T5a,-0.010111505000568954
flow/0000/022,0,0,0,T5b,1.528956107765822e-05
flow/0000/022,0,0,0,T5c,0.015335910419740653
flow/0000/022,0,0,0,T5d,0.042404467081295083
flow/0000/022,1,0.083333333333333301,1.25,T4a,-0.0021260165684868493
flow/0000/022,1,0.083333333333333301,1.25,T4b,0.041818440977108795
flow/0000/022,1,0.083333333333333301,1.25,T4c,0.00075105252135410083
flow/0000/022,1,0.083333333333333301,1.25,T4d,0.0036980709284469976
flow/0000/022,1,0.083333333333333301,1.25,T5a,-0.015970057736620344
flow/0000/022,1,0.083333333333333301,1.25,T5b,-0.0077561080443681596
flow/0000/022,1,0.083333333333333301,1.25,T5c,0.028236736860711348
flow/0000/022,1,0.083333333333333301,1.25,T5d,-0.042396616094439121
flow/0000/022,2,0.1666666666666666,2.5,T4a,-0.00054474796809649007
flow/0000/022,2,0.1666666666666666,2.5,T4b,-0.013469238023308766
flow/0000/022,2,0.1666666666666666,2.5,T4c,-0.00058979180701415612
flow/0000/022,2,0.1666666666666666,2.5,T4d,0.0085590607859520051
flow/0000/022,2,0.1666666666666666,2.5,T5a,0.0082248306715139025
flow/0000/022,2,0.1666666666666666,2.5,T5b,-0.010834721018735005
flow/0000/022,2,0.1666666666666666,2.5,T5c,0.027466615937823895
flow/0000/022,2,0.1666666666666666,2.5,T5d,-0.050368804168766212
flow/0000/022,3,0.25,3.75,T4a,0.00072353191577050058
flow/0000/022,3,0.25,3.75,T4b,0.044785547842655204
flow/0000/022,3,0.25,3.75,T4c,0.002762530304054947
flow/0000/022,3,0.25,3.75,T4d,-0.00026775596609258934
flow/0000/022,3,0.25,3.75,T5a,-0.01160521826798705
flow/0000/022,3,0.25,3.75,T5b,-0.0047926925347728522
flow/0000/022,3,0.25,3.75,T5c,0.010319395501524498
flow/0000/022,3,0.25,3.75,T5d,0.017504735627852042
flow/0000/022,4,0.33333333333333331,5,T4a,-0.0025228786903321448
flow/0000/022,4,0.33333333333333331,5,T4b,0.048803426845292791
flow/0000/022,4,0.33333333333333331,5,T4c,0.00079473976662738921
flow/0000/022,4,0.33333333333333331,5,T4d,-0.0012856789913442551
flow/0000/022,4,0.33333333333333331,5,T5a,-0.011951261416747697
flow/0000/022,4,0.33333333333333331,5,T5b,-0.014232256237801194
flow/0000/022,4,0.33333333333333331,5,T5c,0.026370939303115459
flow/0000/022,4,0.33333333333333331,5,T5d,-0.08828633270820907
flow/0000/022,5,0.41666666666666669,6.25,T4a,0.00031197560839800464
flow/0000/022,5,0.41666666666666669,6.25,T4b,0.014743806860444408
flow/0000/022,5,0.41666666666666669,6.25,T4c,-0.0018241318522461969
flow/0000/022,5,0.41666666666666669,6.25,T4d,0.0041603846602882022
flow/0000/022,5,0.41666666666666669,6.25,T5a,-0.0074892041674722992
flow/0000/022,5,0.41666666666666669,6.25,T5b,0.0011377306087679007
flow/0000/022,5,0.41666666666666669,6.25,T5c,0.033978159554677589
flow/0000/022,5,0.41666666666666669,6.25,T5d,-0.077047312343010987
flow/0000/022,6,0.5,7.5,T4a,0.0049365093369354018
flow/0000/022,6,0.5,7.5,T4b,0.0085012089541950941
flow/0000/022,6,0.5,7.5,T4c,-0.0077613014318406448
flow/0000/022,6,0.5,7.5,T4d,-0.0054309764321777421
flow/0000/022,6,0.5,7.5,T5a,-0.0044706356952681908
flow/0000/022,6,0.5,7.5,T5b,0.00077790870296345904
flow/0000/022,6,0.5,7.5,T5c,0.029867328510542301
flow/0000/022,6,0.5,7.5,T5d,-0.05814559363203009
flow/0000/022,7,0.58333333333333337,8.75,T4a,-0.0056974621254907987
flow/0000/022,7,0.58333333333333337,8.75,T4b,0.0034452997477172065
flow/0000/022,7,0.58333333333333337,8.75,T4c,-0.0046505859160350937
flow/0000/022,7,0.58333333333333337,8.75,T4d,-0.0033449907966962011
flow/0000/022,7,0.58333333333333337,8.75,T5a,0.00050374004443586029
flow/0000/022,7,0.58333333333333337,8.75,T5b,-0.013178717909910542
flow/0000/022,7,0.58333333333333337,8.75,T5c,0.017966581554522701
flow/0000/022,7,0.58333333333333337,8.75,T5d,-0.0092074084287208091
flow/0000/022,8,0.66666666666666663,10,T4a,-0.0028146617868649443
flow/0000/022,8,0.66666666666666663,10,T4b,-0.017783972700575051
flow/0000/022,8,0.66666666666666663,10,T4c,-0.00050102384743890005
flow/0000/022,8,0.66666666666666663,10,T4d,-0.0018247955340621458
flow/0000/022,8,0.66666666666666663,10,T5a,0.0020089574258945059
flow/0000/022,8,0.66666666666666663,10,T5b,-0.0016812495726954146
flow/0000/022,8,0.66666666666666663,10,T5c,0.025542198399142652
flow/0000/022,8,0.66666666666666663,10,T5d,-0.044596943885578666
flow/0000/022,9,0.75,11.25,T4a,0.0028740169461424492
flow/0000/022,9,0.75,11.25,T4b,0.035937699064027606
flow/0000/022,9,0.75,11.25,T4c,-0.008106333103523003
flow/0000/022,9,0.75,11.25,T4d,-0.0072236801612048929
flow/0000/022,9,0.75,11.25,T5a,-0.017566598413043852
flow/0000/022,9,0.75,11.25,T5b,0.0050260647413729043
flow/0000/022,9,0.75,11.25,T5c,0.032292611861922657
flow/0000/022,9,0.75,11.25,T5d,0.0021246838406717705
flow/0000/022,10,0.83333333333333337,12.5,T4a,-0.009730497183107506
flow/0000/022,10,0.83333333333333337,12.5,T4b,0.028373621352643041
flow/0000/022,10,0.83333333333333337,12.5,T4c,-0.007854829902927199
flow/0000/022,10,0.83333333333333337,12.5,T4d,-0.0049788090327444606
flow/0000/022,10,0.83333333333333337,12.5,T5a,-0.014369563384645553
flow/0000/022,10,0.83333333333333337,12.5,T5b,-0.004682432696246408
flow/0000/022,10,0.83333333333333337,12.5,T5c,0.043610320422201754
flow/0000/022,10,0.83333333333333337,12.5,T5d,0.01308655648161916
flow/0000/022,11,0.91666666666666663,13.75,T4a,-0.00099237305232995066
flow/0000/022,11,0.91666666666666663,13.75,T4b,-0.014890527910671858
flow/0000/022,11,0.91666666666666663,13.75,T4c,-0.0011269479640442503
flow/0000/022,11,0.91666666666666663,13.75,T4d,-0.0027180843197017468
flow/0000/022,11,0.91666666666666663,13.75,T5a,0.0029288364458276567
flow/0000/022,11,0.91666666666666663,13.75,T5b,0.00070034877591435007
flow/0000/022,11,0.91666666666666663,13.75,T5c,0.027030481824124798
flow/0000/022,11,0.91666666666666663,13.75,T5d,-0.01770579660313798
flow/0000/023,0,0,0,T4a,-0.0021698509780644498
flow/0000/023,0,0,0,T4b,0.00046976738099819941
flow/0000/023,0,0,0,T4c,-0.0006529807495860504
flow/0000/023,0,0,0,T4d,0.00033843963233414973
flow/0000/023,0,0,0,T5a,0.005180132823198999
flow/0000/023,0,0,0,T5b,-0.0034120011469917499
flow/0000/023,0,0,0,T5c,-0.0015118805852557997
flow/0000/023,0,0,0,T5d,0.00018797483294005074
flow/0000/023,1,0.083333333333333301,1.25,T4a,0.0081885487743943511
flow/0000/023,1,0.083333333333333301,1.25,T4b,-0.0058730837388655003
flow/0000/023,1,0.083333333333333301,1.25,T4c,-0.0057689401673439028
flow/0000/023,1,0.083333333333333301,1.25,T4d,0.0044595238491805002
flow/0000/023,1,0.083333333333333301,1.25,T5a,-0.00089053389833920055
flow/0000/023,1,0.083333333333333301,1.25,T5b,0.00030159962058079991
flow/0000/023,1,0.083333333333333301,1.25,T5c,0.00065925034046704876
flow/0000/023,1,0.083333333333333301,1.25,T5d,0.00087794739798589816
flow/0000/023,2,0.1666666666666666,2.5,T4a,0.0061849136863132009
flow/0000/023,2,0.1666666666666666,2.5,T4b,-0.0034218596852686007
flow/0000/023,2,0.1666666666666666,2.5,T4c,-0.0066247791652438992
flow/0000/023,2,0.1666666666666666,2.5,T4d,0.0063856684637111499
flow/0000/023,2,0.1666666666666666,2.5,T5a,-0.005705704704510553
flow/0000/023,2,0.1666666666666666,2.5,T5b,0.0057049328165421995
flow/0000/023,2,0.1666666666666666,2.5,T5c,0.00056662667952374953
flow/0000/023,2,0.1666666666666666,2.5,T5d,-0.00089577867931760202
flow/0000/023,3,0.25,3.75,T4a,0.0032869041796062051
flow/0000/023,3,0.25,3.75,T4b,0.00043384999353975051
flow/0000/023,3,0.25,3.75,T4c,-0.0020668704048461516
flow/0000/023,3,0.25,3.75,T4d,0.0050544379256515001
flow/0000/023,3,0.25,3.75,T5a,-0.0039140671426441953
flow/0000/023,3,0.25,3.75,T5b,0.0080126471690141511
flow/0000/023,3,0.25,3.75,T5c,0.0017000851012514999
flow/0000/023,3,0.25,3.75,T5d,-0.0018888493660745506
flow/0000/023,4,0.33333333333333331,5,T4a,0.0093199817680973546
flow/0000/023,4,0.33333333333333331,5,T4b,-0.0051128091291601499
flow/0000/023,4,0.33333333333333331,5,T4c,-0.0048152679871467999
flow/0000/023,4,0.33333333333333331,5,T4d,0.0027362884791605011
flow/0000/023,4,0.33333333333333331,5,T5a,-0.0041273748964257492
flow/0000/023,4,0.33333333333333331,5,T5b,0.0030387273289352989
flow/0000/023,4,0.33333333333333331,5,T5c,0.0028163992047218998
flow/0000/023,4,0.33333333333333331,5,T5d,-0.00081280796225489949
flow/0000/023,5,0.41666666666666669,6.25,T4a,0.0027436242556433538
flow/0000/023,5,0.41666666666666669,6.25,T4b,-0.0022842128057251488
flow/0000/023,5,0.41666666666666669,6.25,T4c,-0.0054386253264043505
flow/0000/023,5,0.41666666666666669,6.25,T4d,0.0034510434098023492
flow/0000/023,5,0.41666666666666669,6.25,T5a,-0.0017366622890592001
flow/0000/023,5,0.41666666666666669,6.25,T5b,-0.0025607961444867496
flow/0000/023,5,0.41666666666666669,6.25,T5c,0.0029246806607915498
flow/0000/023,5,0.41666666666666669,6.25,T5d,0.00077963217473989849
flow/0000/023,6,0.5,7.5,T4a,-0.0012846626529833538
flow/0000/023,6,0.5,7.5,T4b,0.001903111932998601
flow/0000/023,6,0.5,7.5,T4c,-0.0028469910586112514
flow/0000/023,6,0.5,7.5,T4d,0.00075669476100570163
flow/0000/023,6,0.5,7.5,T5a,0.00073332909441900518
flow/0000/023,6,0.5,7.5,T5b,-0.0026086212905584993
flow/0000/023,6,0.5,7.5,T5c,0.0023042017192090496
flow/0000/023,6,0.5,7.5,T5d,-0.00058459453138030165
flow/0000/023,7,0.58333333333333337,8.75,T4a,0.0022326791727211512
flow/0000/023,7,0.58333333333333337,8.75,T4b,-0.0020605415593512501
flow/0000/023,7,0.58333333333333337,8.75,T4c,-0.011472087972388648
flow/0000/023,7,0.58333333333333337,8.75,T4d,0.0038651663878588489
flow/0000/023,7,0.58333333333333337,8.75,T5a,0.0072652690438828951
flow/0000/023,7,0.58333333333333337,8.75,T5b,-0.0088637853624618998
flow/0000/023,7,0.58333333333333337,8.75,T5c,0.0024488548816255507
flow/0000/023,7,0.58333333333333337,8.75,T5d,0.0018421186466301975
flow/0000/023,8,0.66666666666666663,10,T4a,0.00034358847194775055
flow/0000/023,8,0.66666666666666663,10,T4b,-0.0013386063993054489
flow/0000/023,8,0.66666666666666663,10,T4c,-0.0052806737894694998
flow/0000/023,8,0.66666666666666663,10,T4d,0.00047060946599705028
flow/0000/023,8,0.66666666666666663,10,T5a,0.0061514715086894503
flow/0000/023,8,0.66666666666666663,10,T5b,-0.0086350156896120491
flow/0000/023,8,0.66666666666666663,10,T5c,0.0016142936735727004
flow/0000/023,8,0.66666666666666663,10,T5d,0.0015050267381032448
flow/0000/023,9,0.75,11.25,T4a,-0.0019500849597080955
flow/0000/023,9,0.75,11.25,T4b,2.5565842583499462e-05
flow/0000/023,9,0.75,11.25,T4c,-0.0071839738050726507
flow/0000/023,9,0.75,11.25,T4d,-0.00095051749860229975
flow/0000/023,9,0.75,11.25,T5a,0.0094715691049161478
flow/0000/023,9,0.75,11.25,T5b,-0.0093560320912140001
flow/0000/023,9,0.75,11.25,T5c,0.00072985676697350042
flow/0000/023,9,0.75,11.25,T5d,0.00088444102255405554
flow/0000/023,10,0.83333333333333337,12.5,T4a,0.0033014081384137028
flow/0000/023,10,0.83333333333333337,12.5,T4b,-0.00473947093140275
flow/0000/023,10,0.83333333333333337,12.5,T4c,-0.0096184817837545004
flow/0000/023,10,0.83333333333333337,12.5,T4d,5.6037046445299096e-05
flow/0000/023,10,0.83333333333333337,12.5,T5a,0.0075182162249188
flow/0000/023,10,0.83333333333333337,12.5,T5b,-0.0080170828688359008
flow/0000/023,10,0.83333333333333337,12.5,T5c,0.00074856710774450028
flow/0000/023,10,0.83333333333333337,12.5,T5d,0.0015973947602418992
flow/0000/023,11,0.91666666666666663,13.75,T4a,-0.0022437278871549476
flow/0000/023,11,0.91666666666666663,13.75,T4b,-0.00058723762067519961
flow/0000/023,11,0.91666666666666663,13.75,T4c,-0.0081927426683097507
flow/0000/023,11,0.91666666666666663,13.75,T4d,0.0019646122111426495
flow/0000/023,11,0.91666666666666663,13.75,T5a,0.0045706738453736018
flow/0000/023,11,0.91666666666666663,13.75,T5b,-0.0051753208243781497
flow/0000/023,11,0.91666666666666663,13.75,T5c,-4.1957369574349875e-05
flow/0000/023,11,0.91666666666666663,13.75,T5d,0.0036735742035444025
flow/0000/024,0,0,0,T4a,0.0048273624214466015
flow/0000/024,0,0,0,T4b,-0.0055032466100837993
flow/0000/024,0,0,0,T4c,-2.8815995519900633e-05
flow/0000/024,0,0,0,T4d,0.0001175077502029
flow/0000/024,0,0,0,T5a,0.0092986954996225994
flow/0000/024,0,0,0,T5b,-0.0076974406931000477
flow/0000/024,0,0,0,T5c,-0.0011618930422442495
flow/0000/024,0,0,0,T5d,0.00077252295351380035
flow/0000/024,1,0.083333333333333301,1.25,T4a,0.0067437742315792498
flow/0000/024,1,0.083333333333333301,1.25,T4b,-0.0027395561935243985
flow/0000/024,1,0.083333333333333301,1.25,T4c,0.00062211665382069965
flow/0000/024,1,0.083333333333333301,1.25,T4d,0.0045970445904715005
flow/0000/024,1,0.083333333333333301,1.25,T5a,0.010655950258510197
flow/0000/024,1,0.083333333333333301,1.25,T5b,-0.0058083035003402995
flow/0000/024,1,0.083333333333333301,1.25,T5c,-0.0014144389182468003
flow/0000/024,1,0.083333333333333301,1.25,T5d,0.00068813365849820091
flow/0000/024,2,0.1666666666666666,2.5,T4a,0.0050621884890404527
flow/0000/024,2,0.1666666666666666,2.5,T4b,-0.0025251700708696506
flow/0000/024,2,0.1666666666666666,2.5,T4c,0.0025774940637361497
flow/0000/024,2,0.1666666666666666,2.5,T4d,0.0029838398121871503
flow/0000/024,2,0.1666666666666666,2.5,T5a,0.0080646631574280529
flow/0000/024,2,0.1666666666666666,2.5,T5b,-0.0068792351677788507
flow/0000/024,2,0.1666666666666666,2.5,T5c,-0.00046619163215025003
flow/0000/024,2,0.1666666666666666,2.5,T5d,0.0023018118806821461
flow/0000/024,3,0.25,3.75,T4a,0.0068428059739365013
flow/0000/024,3,0.25,3.75,T4b,-0.0042228915777334994
flow/0000/024,3,0.25,3.75,T4c,0.0027171125908037001
flow/0000/024,3,0.25,3.75,T4d,0.0013744667838917501
flow/0000/024,3,0.25,3.75,T5a,0.0091989659982229521
flow/0000/024,3,0.25,3.75,T5b,-0.0059239036756901994
flow/0000/024,3,0.25,3.75,T5c,8.0875017852999678e-05
flow/0000/024,3,0.25,3.75,T5d,-0.00029483322961634806
flow/0000/024,4,0.33333333333333331,5,T4a,0.0047267517467071002
flow/0000/024,4,0.33333333333333331,5,T4b,-0.0014453103582611967
flow/0000/024,4,0.33333333333333331,5,T4c,0.0034519901031264504
flow/0000/024,4,0.33333333333333331,5,T4d,0.0022215848945791499
flow/0000/024,4,0.33333333333333331,5,T5a,0.0058622584171330525
flow/0000/024,4,0.33333333333333331,5,T5b,-0.0062390575144472011
flow/0000/024,4,0.33333333333333331,5,T5c,0.00028967201519614939
flow/0000/024,4,0.33333333333333331,5,T5d,0.0005205966209253024
flow/0000/024,5,0.41666666666666669,6.25,T4a,0.0024035197840180517
flow/0000/024,5,0.41666666666666669,6.25,T4b,-0.0037475686831227976
flow/0000/024,5,0.41666666666666669,6.25,T4c,0.0025845471003737002
flow/0000/024,5,0.41666666666666669,6.25,T4d,0.0024898103401315001
flow/0000/024,5,0.41666666666666669,6.25,T5a,0.00017064528252929562
flow/0000/024,5,0.41666666666666669,6.25,T5b,-0.0070228605632516004
flow/0000/024,5,0.41666666666666669,6.25,T5c,0.00022809247602349932
flow/0000/024,5,0.41666666666666669,6.25,T5d,0.0022971053589780008
flow/0000/024,6,0.5,7.5,T4a,0.002893576303639251
flow/0000/024,6,0.5,7.5,T4b,-0.0035457295124521997
flow/0000/024,6,0.5,7.5,T4c,0.00052243825921789895
flow/0000/024,6,0.5,7.5,T4d,0.00020880376824185005
flow/0000/024,6,0.5,7.5,T5a,0.0030636605718988505
flow/0000/024,6,0.5,7.5,T5b,-0.0040520949326730976
flow/0000/024,6,0.5,7.5,T5c,-6.3833830463801144e-05
flow/0000/024,6,0.5,7.5,T5d,0.001234666982787104
flow/0000/024,7,0.58333333333333337,8.75,T4a,0.0015366376765993985
flow/0000/024,7,0.58333333333333337,8.75,T4b,-0.0064522791611420043
flow/0000/024,7,0.58333333333333337,8.75,T4c,0.00055811530279114945
flow/0000/024,7,0.58333333333333337,8.75,T4d,-0.0051951177053700002
flow/0000/024,7,0.58333333333333337,8.75,T5a,0.0052410503412005996
flow/0000/024,7,0.58333333333333337,8.75,T5b,-0.0064405571062928508
flow/0000/024,7,0.58333333333333337,8.75,T5c,0.0012513124161754006
flow/0000/024,7,0.58333333333333337,8.75,T5d,0.0032247634528503044
flow/0000/024,8,0.66666666666666663,10,T4a,0.0018263493161778978
flow/0000/024,8,0.66666666666666663,10,T4b,-0.0076354364408194007
flow/0000/024,8,0.66666666666666663,10,T4c,0.00060148897894584871
flow/0000/024,8,0.66666666666666663,10,T4d,-0.0044843693336843503
flow/0000/024,8,0.66666666666666663,10,T5a,0.0036710966741730008
flow/0000/024,8,0.66666666666666663,10,T5b,-0.0081579584748826504
flow/0000/024,8,0.66666666666666663,10,T5c,0.0013764225111690502
flow/0000/024,8,0.66666666666666663,10,T5d,0.0050801640385207472
flow/0000/024,9,0.75,11.25,T4a,-0.0030644122062250985
flow/0000/024,9,0.75,11.25,T4b,-0.0033125196600646521
flow/0000/024,9,0.75,11.25,T4c,1.3181632324599929e-05
flow/0000/024,9,0.75,11.25,T4d,-0.0043573043710681998
flow/0000/024,9,0.75,11.25,T5a,-0.0018688442339541041
flow/0000/024,9,0.75,11.25,T5b,-0.0070339830871336516
flow/0000/024,9,0.75,11.25,T5c,0.00028461769361195002
flow/0000/024,9,0.75,11.25,T5d,0.0032963213539820013
flow/0000/024,10,0.83333333333333337,12.5,T4a,-0.0017943615013486514
flow/0000/024,10,0.83333333333333337,12.5,T4b,-0.0058182819932506985
flow/0000/024,10,0.83333333333333337,12.5,T4c,-0.00048476865408170026
flow/0000/024,10,0.83333333333333337,12.5,T4d,-0.0029390055439232001
flow/0000/024,10,0.83333333333333337,12.5,T5a,0.0039176772457630987
flow/0000/024,10,0.83333333333333337,12.5,T5b,-0.0085028453087730004
flow/0000/024,10,0.83333333333333337,12.5,T5c,-0.002275983965211649
flow/0000/024,10,0.83333333333333337,12.5,T5d,0.0019838795946386517
flow/0000/024,11,0.91666666666666663,13.75,T4a,-0.00195115777939215
flow/0000/024,11,0.91666666666666663,13.75,T4b,-0.0049064964875451464
flow/0000/024,11,0.91666666666666663,13.75,T4c,0.0013713343538746502
flow/0000/024,11,0.91666666666666663,13.75,T4d,-0.0052490702228547501
flow/0000/024,11,0.91666666666666663,13.75,T5a,0.0019919108309028981
flow/0000/024,11,0.91666666666666663,13.75,T5b,-0.0074073126149102018
flow/0000/024,11,0.91666666666666663,13.75,T5c,0.0015616375056388496
flow/0000/024,11,0.91666666666666663,13.75,T5d,0.0037440803020742444
flow/0000/025,0,0,0,T4a,0.0017557277258390003
flow/0000/025,0,0,0,T4b,-7.1359827506917162e-06
flow/0000/025,0,0,0,T4c,-0.0008405909144635999
flow/0000/025,0,0,0,T4d,-0.00019629355853834941
flow/0000/025,0,0,0,T5a,-0.0037249949454977518
flow/0000/025,0,0,0,T5b,0.004186573126326254
flow/0000/025,0,0,0,T5c,0.00086542438844884996
flow/0000/025,0,0,0,T5d,-0.00037038423052580122
flow/0000/025,1,0.083333333333333301,1.25,T4a,-0.0021947261665839005
flow/0000/025,1,0.083333333333333301,1.25,T4b,-0.001938362323886042
flow/0000/025,1,0.083333333333333301,1.25,T4c,0.011518782569627149
flow/0000/025,1,0.083333333333333301,1.25,T4d,0.0030126242034548504
flow/0000/025,1,0.083333333333333301,1.25,T5a,-0.0020897135411530529
flow/0000/025,1,0.083333333333333301,1.25,T5b,0.00079160542642324472
flow/0000/025,1,0.083333333333333301,1.25,T5c,0.0056153341279065495
flow/0000/025,1,0.083333333333333301,1.25,T5d,0.0019282839935496551
flow/0000/025,2,0.1666666666666666,2.5,T4a,0.0015620587460220495
flow/0000/025,2,0.1666666666666666,2.5,T4b,0.00069989938902835502
flow/0000/025,2,0.1666666666666666,2.5,T4c,0.0088335159165966494
flow/0000/025,2,0.1666666666666666,2.5,T4d,0.0021881092256909492
flow/0000/025,2,0.1666666666666666,2.5,T5a,-0.0075494646729458992
flow/0000/025,2,0.1666666666666666,2.5,T5b,0.0020676372697607526
flow/0000/025,2,0.1666666666666666,2.5,T5c,0.0026904354973898005
flow/0000/025,2,0.1666666666666666,2.5,T5d,0.0011832542590298478
flow/0000/025,3,0.25,3.75,T4a,-0.001602025444325101
flow/0000/025,3,0.25,3.75,T4b,-0.00039296951592164564
flow/0000/025,3,0.25,3.75,T4c,0.0027136479493397991
flow/0000/025,3,0.25,3.75,T4d,0.00013512487874180017
flow/0000/025,3,0.25,3.75,T5a,-0.011536731557966202
flow/0000/025,3,0.25,3.75,T5b,0.0039924014518791934
flow/0000/025,3,0.25,3.75,T5c,-0.00038858247517724992
flow/0000/025,3,0.25,3.75,T5d,-0.00082689655344169583
flow/0000/025,4,0.33333333333333331,5,T4a,-9.6881994195850696e-05
flow/0000/025,4,0.33333333333333331,5,T4b,0.00045546492142524431
flow/0000/025,4,0.33333333333333331,5,T4c,0.0045270191362127999
flow/0000/025,4,0.33333333333333331,5,T4d,0.00057234380028365131
flow/0000/025,4,0.33333333333333331,5,T5a,-0.0065369441319914484
flow/0000/025,4,0.33333333333333331,5,T5b,0.0046332526900083465
flow/0000/025,4,0.33333333333333331,5,T5c,0.0012266163641077
flow/0000/025,4,0.33333333333333331,5,T5d,-2.4150459545548009e-05
flow/0000/025,5,0.41666666666666669,6.25,T4a,0.0038345767118894477
flow/0000/025,5,0.41666666666666669,6.25,T4b,0.0030645384812501009
flow/0000/025,5,0.41666666666666669,6.25,T4c,0.0084490601116382503
flow/0000/025,5,0.41666666666666669,6.25,T4d,0.0020937326551696486
flow/0000/025,5,0.41666666666666669,6.25,T5a,0.0022451469914648442
flow/0000/025,5,0.41666666666666669,6.25,T5b,-9.7934191395795955e-05
flow/0000/025,5,0.41666666666666669,6.25,T5c,0.0018332448420251498
flow/0000/025,5,0.41666666666666669,6.25,T5d,0.001772325368208448
flow/0000/025,6,0.5,7.5,T4a,-0.0017387969268315012
flow/0000/025,6,0.5,7.5,T4b,-0.0033855501286275402
flow/0000/025,6,0.5,7.5,T4c,0.0069336287030362506
flow/0000/025,6,0.5,7.5,T4d,0.0016677899643704995
flow/0000/025,6,0.5,7.5,T5a,0.0012398714343385478
flow/0000/025,6,0.5,7.5,T5b,-0.0027561060913674496
flow/0000/025,6,0.5,7.5,T5c,0.0028953653566020001
flow/0000/025,6,0.5,7.5,T5d,0.0013497292487100951
flow/0000/025,7,0.58333333333333337,8.75,T4a,0.0020305220148766501
flow/0000/025,7,0.58333333333333337,8.75,T4b,0.00019192516166979812
flow/0000/025,7,0.58333333333333337,8.75,T4c,0.0077854130508318506
flow/0000/025,7,0.58333333333333337,8.75,T4d,0.0019681573920153003
flow/0000/025,7,0.58333333333333337,8.75,T5a,0.011448055146938252
flow/0000/025,7,0.58333333333333337,8.75,T5b,-0.00261951598318029
flow/0000/025,7,0.58333333333333337,8.75,T5c,0.0027467134455606999
flow/0000/025,7,0.58333333333333337,8.75,T5d,0.0024776697843348974
flow/0000/025,8,0.66666666666666663,10,T4a,0.0042420642176077498
flow/0000/025,8,0.66666666666666663,10,T4b,0.0040055239840252471
flow/0000/025,8,0.66666666666666663,10,T4c,0.0085342958418108995
flow/0000/025,8,0.66666666666666663,10,T4d,0.0024927707896874006
flow/0000/025,8,0.66666666666666663,10,T5a,0.0091072623764932997
flow/0000/025,8,0.66666666666666663,10,T5b,-0.001016248123066596
flow/0000/025,8,0.66666666666666663,10,T5c,0.0047671765596384499
flow/0000/025,8,0.66666666666666663,10,T5d,0.0019628453688594547
flow/0000/025,9,0.75,11.25,T4a,0.0021761538451002503
flow/0000/025,9,0.75,11.25,T4b,0.0039246614369355531
flow/0000/025,9,0.75,11.25,T4c,0.0051110570108029501
flow/0000/025,9,0.75,11.25,T4d,0.0011852218049081993
flow/0000/025,9,0.75,11.25,T5a,-0.00057984479515624937
flow/0000/025,9,0.75,11.25,T5b,0.0024553634044975486
flow/0000/025,9,0.75,11.25,T5c,0.0037143087044415502
flow/0000/025,9,0.75,11.25,T5d,0.00062229748271570157
flow/0000/025,10,0.83333333333333337,12.5,T4a,0.0034205867396285509
flow/0000/025,10,0.83333333333333337,12.5,T4b,0.0062565809639213987
flow/0000/025,10,0.83333333333333337,12.5,T4c,0.0103367413615271
flow/0000/025,10,0.83333333333333337,12.5,T4d,0.0020940348655214495
flow/0000/025,10,0.83333333333333337,12.5,T5a,0.0024215874653608013
flow/0000/025,10,0.83333333333333337,12.5,T5b,0.0044509660954594465
flow/0000/025,10,0.83333333333333337,12.5,T5c,0.0074871374673125494
flow/0000/025,10,0.83333333333333337,12.5,T5d,0.0034597211721383511
flow/0000/025,11,0.91666666666666663,13.75,T4a,0.0044774462033457512
flow/0000/025,11,0.91666666666666663,13.75,T4b,0.0061131693572052392
flow/0000/025,11,0.91666666666666663,13.75,T4c,0.0067237281133094512
flow/0000/025,11,0.91666666666666663,13.75,T4d,0.0017229722520291004
flow/0000/025,11,0.91666666666666663,13.75,T5a,0.0020388279357648476
flow/0000/025,11,0.91666666666666663,13.75,T5b,0.0025238040833859554
flow/0000/025,11,0.91666666666666663,13.75,T5c,0.0054944798335110501
flow/0000/025,11,0.91666666666666663,13.75,T5d,0.0016796472267201004
flow/0000/026,0,0,0,T4a,-0.004043517705509099
flow/0000/026,0,0,0,T4b,-0.0050730389225704491
flow/0000/026,0,0,0,T4c,-0.0044393687718780502
flow/0000/026,0,0,0,T4d,0.0021663969322813998
flow/0000/026,0,0,0,T5a,-0.0033959187829985527
flow/0000/026,0,0,0,T5b,0.0048514005878724994
flow/0000/026,0,0,0,T5c,0.0010916036880585494
flow/0000/026,0,0,0,T5d,-0.0026493990136895011
flow/0000/026,1,0.083333333333333301,1.25,T4a,-0.003871688530497755
flow/0000/026,1,0.083333333333333301,1.25,T4b,-0.0063978283928954995
flow/0000/026,1,0.083333333333333301,1.25,T4c,-0.0062296469261520493
flow/0000/026,1,0.083333333333333301,1.25,T4d,0.00454826267077165
flow/0000/026,1,0.083333333333333301,1.25,T5a,-0.004312621989038451
flow/0000/026,1,0.083333333333333301,1.25,T5b,0.0033969346639894996
flow/0000/026,1,0.083333333333333301,1.25,T5c,0.00090595967639124989
flow/0000/026,1,0.083333333333333301,1.25,T5d,-0.023944500187202102
flow/0000/026,2,0.1666666666666666,2.5,T4a,-0.0024602288191512001
flow/0000/026,2,0.1666666666666666,2.5,T4b,-0.0068445339633762493
flow/0000/026,2,0.1666666666666666,2.5,T4c,-0.006026881548582599
flow/0000/026,2,0.1666666666666666,2.5,T4d,0.00075539450158980045
flow/0000/026,2,0.1666666666666666,2.5,T5a,-0.0031721034825208522
flow/0000/026,2,0.1666666666666666,2.5,T5b,-4.8702328901500946e-05
flow/0000/026,2,0.1666666666666666,2.5,T5c,0.0016963586763401508
flow/0000/026,2,0.1666666666666666,2.5,T5d,-0.011112001073685849
flow/0000/026,3,0.25,3.75,T4a,-0.0015762383823283016
flow/0000/026,3,0.25,3.75,T4b,-0.0029364976523032008
flow/0000/026,3,0.25,3.75,T4c,-0.0045375990166928006
flow/0000/026,3,0.25,3.75,T4d,0.0015648993032779997
flow/0000/026,3,0.25,3.75,T5a,-0.0011971746554434518
flow/0000/026,3,0.25,3.75,T5b,0.00072539964626960191
flow/0000/026,3,0.25,3.75,T5c,0.0015113110739461005
flow/0000/026,3,0.25,3.75,T5d,-0.0028807119658967508
flow/0000/026,4,0.33333333333333331,5,T4a,-0.0041579353121980536
flow/0000/026,4,0.33333333333333331,5,T4b,-0.00658374699524545
flow/0000/026,4,0.33333333333333331,5,T4c,-0.0055277226425016496
flow/0000/026,4,0.33333333333333331,5,T4d,0.0044198448561593995
flow/0000/026,4,0.33333333333333331,5,T5a,-0.0043599262108877032
flow/0000/026,4,0.33333333333333331,5,T5b,0.0035498393837141984
flow/0000/026,4,0.33333333333333331,5,T5c,0.0010254932073179004
flow/0000/026,4,0.33333333333333331,5,T5d,-0.01608376115786345
flow/0000/026,5,0.41666666666666669,6.25,T4a,-0.0044644943484233035
flow/0000/026,5,0.41666666666666669,6.25,T4b,-0.008027672989841951
flow/0000/026,5,0.41666666666666669,6.25,T4c,-0.0054986137534352997
flow/0000/026,5,0.41666666666666669,6.25,T4d,0.0060005336645069501
flow/0000/026,5,0.41666666666666669,6.25,T5a,-0.0049308388201900963
flow/0000/026,5,0.41666666666666669,6.25,T5b,0.0021052157559911522
flow/0000/026,5,0.41666666666666669,6.25,T5c,0.0011396785503739
flow/0000/026,5,0.41666666666666669,6.25,T5d,-0.014274400258520701
flow/0000/026,6,0.5,7.5,T4a,-0.0026369560009678467
flow/0000/026,6,0.5,7.5,T4b,-0.00388086709850645
flow/0000/026,6,0.5,7.5,T4c,-0.0044185621435766506
flow/0000/026,6,0.5,7.5,T4d,0.0047995110999297002
flow/0000/026,6,0.5,7.5,T5a,-0.0016324914455279477
flow/0000/026,6,0.5,7.5,T5b,0.0027344885002147032
flow/0000/026,6,0.5,7.5,T5c,0.0010201880073331003
flow/0000/026,6,0.5,7.5,T5d,-0.0088996607953340003
flow/0000/026,7,0.58333333333333337,8.75,T4a,-0.0022895201443558499
flow/0000/026,7,0.58333333333333337,8.75,T4b,-0.0036369389573499989
flow/0000/026,7,0.58333333333333337,8.75,T4c,-0.0046667285021820496
flow/0000/026,7,0.58333333333333337,8.75,T4d,0.0052304195898391498
flow/0000/026,7,0.58333333333333337,8.75,T5a,-0.0021683411184676982
flow/0000/026,7,0.58333333333333337,8.75,T5b,0.00097539092149674655
flow/0000/026,7,0.58333333333333337,8.75,T5c,0.00095607481534700032
flow/0000/026,7,0.58333333333333337,8.75,T5d,-0.01846867697014045
flow/0000/026,8,0.66666666666666663,10,T4a,-0.0048300884560489518
flow/0000/026,8,0.66666666666666663,10,T4b,-0.0062969429627034498
flow/0000/026,8,0.66666666666666663,10,T4c,-0.0040671081499209002
flow/0000/026,8,0.66666666666666663,10,T4d,0.0032672278209175997
flow/0000/026,8,0.66666666666666663,10,T5a,-0.0050209268691959463
flow/0000/026,8,0.66666666666666663,10,T5b,0.0022980846237177013
flow/0000/026,8,0.66666666666666663,10,T5c,0.0015406743694591002
flow/0000/026,8,0.66666666666666663,10,T5d,-0.0117641070986001
flow/0000/026,9,0.75,11.25,T4a,-0.0037290927551285533
flow/0000/026,9,0.75,11.25,T4b,-0.0037490763932103502
flow/0000/026,9,0.75,11.25,T4c,-0.0033443022265703002
flow/0000/026,9,0.75,11.25,T4d,0.0039496389202261012
flow/0000/026,9,0.75,11.25,T5a,-0.0030319137676034502
flow/0000/026,9,0.75,11.25,T5b,0.0042443148990405008
flow/0000/026,9,0.75,11.25,T5c,0.0012123453912338501
flow/0000/026,9,0.75,11.25,T5d,-0.0056110950052279014
flow/0000/026,10,0.83333333333333337,12.5,T4a,-0.0045505993834554503
flow/0000/026,10,0.83333333333333337,12.5,T4b,-0.004232646992817151
flow/0000/026,10,0.83333333333333337,12.5,T4c,-0.0060163843791606001
flow/0000/026,10,0.83333333333333337,12.5,T4d,0.0069600762157645008
flow/0000/026,10,0.83333333333333337,12.5,T5a,-0.003669225140205401
flow/0000/026,10,0.83333333333333337,12.5,T5b,0.0030646688779749007
flow/0000/026,10,0.83333333333333337,12.5,T5c,0.0014134248376334998
flow/0000/026,10,0.83333333333333337,12.5,T5d,-0.012469704237437399
flow/0000/026,11,0.91666666666666663,13.75,T4a,-0.0039044080418213015
flow/0000/026,11,0.91666666666666663,13.75,T4b,-0.0030639695478373013
flow/0000/026,11,0.91666666666666663,13.75,T4c,-0.0052890375645472006
flow/0000/026,11,0.91666666666666663,13.75,T4d,0.0033440351976065001
flow/0000/026,11,0.91666666666666663,13.75,T5a,-0.0027502415352883558
flow/0000/026,11,0.91666666666666663,13.75,T5b,0.0006580821885888502
flow/0000/026,11,0.91666666666666663,13.75,T5c,0.00148446338049595
flow/0000/026,11,0.91666666666666663,13.75,T5d,-0.011959996511161751
flow/0000/027,0,0,0,T4a,0.0093051615701855994
flow/0000/027,0,0,0,T4b,-0.027541986008500038
flow/0000/027,0,0,0,T4c,0.0035384736441278
flow/0000/027,0,0,0,T4d,0.00068332322943785023
flow/0000/027,0,0,0,T5a,-0.0015243148655265971
flow/0000/027,0,0,0,T5b,-0.029995390594796639
flow/0000/027,0,0,0,T5c,-0.0037668651421517508
flow/0000/027,0,0,0,T5d,0.0019371956171385998
flow/0000/027,1,0.083333333333333301,1.25,T4a,0.010034538717263251
flow/0000/027,1,0.083333333333333301,1.25,T4b,-0.0039146738524969554
flow/0000/027,1,0.083333333333333301,1.25,T4c,0.015061236580664952
flow/0000/027,1,0.083333333333333301,1.25,T4d,-0.0038333173212583525
flow/0000/027,1,0.083333333333333301,1.25,T5a,-0.0017230919686745498
flow/0000/027,1,0.083333333333333301,1.25,T5b,-0.0066638621092694195
flow/0000/027,1,0.083333333333333301,1.25,T5c,-0.0096680840736495504
flow/0000/027,1,0.083333333333333301,1.25,T5d,0.00012640432349095287
flow/0000/027,2,0.1666666666666666,2.5,T4a,0.02661104746990095
flow/0000/027,2,0.1666666666666666,2.5,T4b,-0.0053379381566469597
flow/0000/027,2,0.1666666666666666,2.5,T4c,0.025772589477885851
flow/0000/027,2,0.1666666666666666,2.5,T4d,-0.018567978187246148
flow/0000/027,2,0.1666666666666666,2.5,T5a,-0.0011030882266918514
flow/0000/027,2,0.1666666666666666,2.5,T5b,-0.0012632781066446164
flow/0000/027,2,0.1666666666666666,2.5,T5c,-0.02520308156796695
flow/0000/027,2,0.1666666666666666,2.5,T5d,0.00015076506676980211
flow/0000/027,3,0.25,3.75,T4a,0.012633589117799597
flow/0000/027,3,0.25,3.75,T4b,-0.012192495493227651
flow/0000/027,3,0.25,3.75,T4c,0.017015696740927351
flow/0000/027,3,0.25,3.75,T4d,0.0053223186206360976
flow/0000/027,3,0.25,3.75,T5a,-0.0025835958281442521
flow/0000/027,3,0.25,3.75,T5b,-0.0079731248897970952
flow/0000/027,3,0.25,3.75,T5c,-0.0125896882532335
flow/0000/027,3,0.25,3.75,T5d,-0.00015315075513580578
flow/0000/027,4,0.33333333333333331,5,T4a,0.0091868769057909458
flow/0000/027,4,0.33333333333333331,5,T4b,0.0043872687028918
flow/0000/027,4,0.33333333333333331,5,T4c,0.0097797898176134011
flow/0000/027,4,0.33333333333333331,5,T4d,-0.0052799198991978005
flow/0000/027,4,0.33333333333333331,5,T5a,0.0019597610244816502
flow/0000/027,4,0.33333333333333331,5,T5b,-0.0035737447115811172
flow/0000/027,4,0.33333333333333331,5,T5c,-0.0012300933849520995
flow/0000/027,4,0.33333333333333331,5,T5d,-0.0039648578888394001
flow/0000/027,5,0.41666666666666669,6.25,T4a,0.012498284140050504
flow/0000/027,5,0.41666666666666669,6.25,T4b,-0.0054217157974724428
flow/0000/027,5,0.41666666666666669,6.25,T4c,0.02713606808720755
flow/0000/027,5,0.41666666666666669,6.25,T4d,-0.012023290891955299
flow/0000/027,5,0.41666666666666669,6.25,T5a,-0.0034660041063233026
flow/0000/027,5,0.41666666666666669,6.25,T5b,0.013162793525111655
flow/0000/027,5,0.41666666666666669,6.25,T5c,-0.030352266000193549
flow/0000/027,5,0.41666666666666669,6.25,T5d,0.0026698251294145492
flow/0000/027,6,0.5,7.5,T4a,0.0008260748461689435
flow/0000/027,6,0.5,7.5,T4b,-0.019043062818866446
flow/0000/027,6,0.5,7.5,T4c,0.0121112749791073
flow/0000/027,6,0.5,7.5,T4d,-0.0049186891648076991
flow/0000/027,6,0.5,7.5,T5a,0.0012797527117257013
flow/0000/027,6,0.5,7.5,T5b,-0.018215349675412801
flow/0000/027,6,0.5,7.5,T5c,-0.016336972749549351
flow/0000/027,6,0.5,7.5,T5d,0.0037467110797742981
flow/0000/027,7,0.58333333333333337,8.75,T4a,0.0038450160922996954
flow/0000/027,7,0.58333333333333337,8.75,T4b,-0.011287705174473348
flow/0000/027,7,0.58333333333333337,8.75,T4c,0.032368370270086752
flow/0000/027,7,0.58333333333333337,8.75,T4d,-0.035423113091668297
flow/0000/027,7,0.58333333333333337,8.75,T5a,-0.0014683696391163473
flow/0000/027,7,0.58333333333333337,8.75,T5b,-0.0026346765323708998
flow/0000/027,7,0.58333333333333337,8.75,T5c,-0.033982530052827101
flow/0000/027,7,0.58333333333333337,8.75,T5d,0.0068085813977167495
flow/0000/027,8,0.66666666666666663,10,T4a,0.017575438203666652
flow/0000/027,8,0.66666666666666663,10,T4b,-0.033695777430197249
flow/0000/027,8,0.66666666666666663,10,T4c,0.0065638162648217497
flow/0000/027,8,0.66666666666666663,10,T4d,-0.016857948191332853
flow/0000/027,8,0.66666666666666663,10,T5a,-0.0073445350233632481
flow/0000/027,8,0.66666666666666663,10,T5b,-0.0026915966417482839
flow/0000/027,8,0.66666666666666663,10,T5c,-0.00062323586999200008
flow/0000/027,8,0.66666666666666663,10,T5d,0.0035932253369029554
flow/0000/027,9,0.75,11.25,T4a,-0.0029457575947827996
flow/0000/027,9,0.75,11.25,T4b,-0.040128341127288941
flow/0000/027,9,0.75,11.25,T4c,-0.0017038266633987477
flow/0000/027,9,0.75,11.25,T4d,-0.0083327810433948511
flow/0000/027,9,0.75,11.25,T5a,0.0003622530857866485
flow/0000/027,9,0.75,11.25,T5b,-0.039420719895440159
flow/0000/027,9,0.75,11.25,T5c,-0.018242185292425901
flow/0000/027,9,0.75,11.25,T5d,0.0034458122594006532
flow/0000/027,10,0.83333333333333337,12.5,T4a,-0.005258491981259647
flow/0000/027,10,0.83333333333333337,12.5,T4b,-0.015663054219915595
flow/0000/027,10,0.83333333333333337,12.5,T4c,0.025850894917166248
flow/0000/027,10,0.83333333333333337,12.5,T4d,-0.026962018507407447
flow/0000/027,10,0.83333333333333337,12.5,T5a,0.00094594906267895032
flow/0000/027,10,0.83333333333333337,12.5,T5b,-0.016101777410883061
flow/0000/027,10,0.83333333333333337,12.5,T5c,-0.031452156945483097
flow/0000/027,10,0.83333333333333337,12.5,T5d,0.0021161008766076017
flow/0000/027,11,0.91666666666666663,13.75,T4a,0.01295821153244095
flow/0000/027,11,0.91666666666666663,13.75,T4b,-0.027128320906306208
flow/0000/027,11,0.91666666666666663,13.75,T4c,0.023314199558868851
flow/0000/027,11,0.91666666666666663,13.75,T4d,-0.028328552002391302
flow/0000/027,11,0.91666666666666663,13.75,T5a,-0.0055762731418198992
flow/0000/027,11,0.91666666666666663,13.75,T5b,-0.0065230049413252111
flow/0000/027,11,0.91666666666666663,13.75,T5c,-0.010606771078050598
flow/0000/027,11,0.91666666666666663,13.75,T5d,0.00027211080991130371
flow/0000/028,0,0,0,T4a,-0.00550841561641815
flow/0000/028,0,0,0,T4b,0.00047362983507970302
flow/0000/028,0,0,0,T4c,-0.0083041155022442956
flow/0000/028,0,0,0,T4d,0.00064886615809149964
flow/0000/028,0,0,0,T5a,-0.0014728402375330497
flow/0000/028,0,0,0,T5b,0.0018952631507150458
flow/0000/028,0,0,0,T5c,0.0067085259461135971
flow/0000/028,0,0,0,T5d,-0.00519725302438135
flow/0000/028,1,0.083333333333333301,1.25,T4a,0.00387817176493365
flow/0000/028,1,0.083333333333333301,1.25,T4b,-0.00075109400070924592
flow/0000/028,1,0.083333333333333301,1.25,T4c,-0.0029434526869156
flow/0000/028,1,0.083333333333333301,1.25,T4d,-0.0038605160684947008
flow/0000/028,1,0.083333333333333301,1.25,T5a,-0.0046862000957824503
flow/0000/028,1,0.083333333333333301,1.25,T5b,0.0087634383525169585
flow/0000/028,1,0.083333333333333301,1.25,T5c,0.030211090230458953
flow/0000/028,1,0.083333333333333301,1.25,T5d,-0.0092787439610582459
flow/0000/028,2,0.1666666666666666,2.5,T4a,-0.011314017492875401
flow/0000/028,2,0.1666666666666666,2.5,T4b,0.00062322540514109931
flow/0000/028,2,0.1666666666666666,2.5,T4c,-0.0019939902161924469
flow/0000/028,2,0.1666666666666666,2.5,T4d,-0.0072851615018815503
flow/0000/028,2,0.1666666666666666,2.5,T5a,0.0020566332202098993
flow/0000/028,2,0.1666666666666666,2.5,T5b,0.00099430870779110281
flow/0000/028,2,0.1666666666666666,2.5,T5c,0.038656607683837108
flow/0000/028,2,0.1666666666666666,2.5,T5d,-0.012185267226961706
flow/0000/028,3,0.25,3.75,T4a,-0.0079024016073266992
flow/0000/028,3,0.25,3.75,T4b,-0.0015169434009418004
flow/0000/028,3,0.25,3.75,T4c,-0.012342710540229056
flow/0000/028,3,0.25,3.75,T4d,0.0029955280440564017
flow/0000/028,3,0.25,3.75,T5a,0.0066906435545854006
flow/0000/028,3,0.25,3.75,T5b,-0.0044572587186818002
flow/0000/028,3,0.25,3.75,T5c,-0.016453873478957853
flow/0000/028,3,0.25,3.75,T5d,-0.0038316992431638996
flow/0000/028,4,0.33333333333333331,5,T4a,-0.00234004596433435
flow/0000/028,4,0.33333333333333331,5,T4b,-0.0018423346543077479
flow/0000/028,4,0.33333333333333331,5,T4c,-0.0012644267666021489
flow/0000/028,4,0.33333333333333331,5,T4d,-0.0054712901252201001
flow/0000/028,4,0.33333333333333331,5,T5a,0.0026286860072810498
flow/0000/028,4,0.33333333333333331,5,T5b,0.0020786043154375489
flow/0000/028,4,0.33333333333333331,5,T5c,0.019872624335589451
flow/0000/028,4,0.33333333333333331,5,T5d,-0.0090119980078820494
flow/0000/028,5,0.41666666666666669,6.25,T4a,-0.0080110742841534993
flow/0000/028,5,0.41666666666666669,6.25,T4b,0.00039397914844899878
flow/0000/028,5,0.41666666666666669,6.25,T4c,-0.0077422424613554988
flow/0000/028,5,0.41666666666666669,6.25,T4d,-0.0054086590517494499
flow/0000/028,5,0.41666666666666669,6.25,T5a,0.0038895372783891496
flow/0000/028,5,0.41666666666666669,6.25,T5b,-0.0044018073492185922
flow/0000/028,5,0.41666666666666669,6.25,T5c,0.0022427298582252675
flow/0000/028,5,0.41666666666666669,6.25,T5d,-0.0067728324438642018
flow/0000/028,6,0.5,7.5,T4a,-0.0061762420939920999
flow/0000/028,6,0.5,7.5,T4b,-0.0016355810910873014
flow/0000/028,6,0.5,7.5,T4c,-0.0058424574465601453
flow/0000/028,6,0.5,7.5,T4d,-0.0001575282919606992
flow/0000/028,6,0.5,7.5,T5a,0.0018636097613354999
flow/0000/028,6,0.5,7.5,T5b,-0.005330824814867699
flow/0000/028,6,0.5,7.5,T5c,0.0035392130369122921
flow/0000/028,6,0.5,7.5,T5d,-0.0058174647128898943
flow/0000/028,7,0.58333333333333337,8.75,T4a,-0.0068936419501652996
flow/0000/028,7,0.58333333333333337,8.75,T4b,-0.00025484703749999865
flow/0000/028,7,0.58333333333333337,8.75,T4c,-0.002861674174100097
flow/0000/028,7,0.58333333333333337,8.75,T4d,-0.0071317191759831498
flow/0000/028,7,0.58333333333333337,8.75,T5a,-0.0045313820607522995
flow/0000/028,7,0.58333333333333337,8.75,T5b,0.00041492881635729617
flow/0000/028,7,0.58333333333333337,8.75,T5c,0.027929004337584939
flow/0000/028,7,0.58333333333333337,8.75,T5d,-0.0083371691178915006
flow/0000/028,8,0.66666666666666663,10,T4a,-0.011422373406320449
flow/0000/028,8,0.66666666666666663,10,T4b,0.00073847901343840339
flow/0000/028,8,0.66666666666666663,10,T4c,0.00049317354004264902
flow/0000/028,8,0.66666666666666663,10,T4d,-0.0095228198872732012
flow/0000/028,8,0.66666666666666663,10,T5a,-0.0037515727126506502
flow/0000/028,8,0.66666666666666663,10,T5b,0.00053146745477024304
flow/0000/028,8,0.66666666666666663,10,T5c,0.04411975217975625
flow/0000/028,8,0.66666666666666663,10,T5d,-0.004989667511209904
flow/0000/028,9,0.75,11.25,T4a,-0.0052278599163408501
flow/0000/028,9,0.75,11.25,T4b,-0.0017549446087560538
flow/0000/028,9,0.75,11.25,T4c,-0.0053857535575596444
flow/0000/028,9,0.75,11.25,T4d,-0.00020018291931090185
flow/0000/028,9,0.75,11.25,T5a,-0.0047353260141392503
flow/0000/028,9,0.75,11.25,T5b,0.0033574716519595982
flow/0000/028,9,0.75,11.25,T5c,0.0077110349969641834
flow/0000/028,9,0.75,11.25,T5d,-0.005096567022931299
flow/0000/028,10,0.83333333333333337,12.5,T4a,-0.00051332650402034991
flow/0000/028,10,0.83333333333333337,12.5,T4b,-0.00064782922550849636
flow/0000/028,10,0.83333333333333337,12.5,T4c,-0.0032596919552695461
flow/0000/028,10,0.83333333333333337,12.5,T4d,-0.0092819187629207493
flow/0000/028,10,0.83333333333333337,12.5,T5a,-0.0096541167064509992
flow/0000/028,10,0.83333333333333337,12.5,T5b,0.0091078022684100979
flow/0000/028,10,0.83333333333333337,12.5,T5c,0.033677534089899042
flow/0000/028,10,0.83333333333333337,12.5,T5d,-0.0117358665600596
flow/0000/028,11,0.91666666666666663,13.75,T4a,-0.01090857441582045
flow/0000/028,11,0.91666666666666663,13.75,T4b,-0.00092330399112339895
flow/0000/028,11,0.91666666666666663,13.75,T4c,-0.0012001144036485542
flow/0000/028,11,0.91666666666666663,13.75,T4d,-0.0059275247293291006
flow/0000/028,11,0.91666666666666663,13.75,T5a,0.0040917906170406006
flow/0000/028,11,0.91666666666666663,13.75,T5b,-0.0021134533238672953
flow/0000/028,11,0.91666666666666663,13.75,T5c,0.038168814216407387
flow/0000/028,11,0.91666666666666663,13.75,T5d,-0.006049834874192854
flow/0000/029,0,0,0,T4a,0.0030936874068660004
flow/0000/029,0,0,0,T4b,-0.001795560836562949
flow/0000/029,0,0,0,T4c,-0.00064923385423660065
flow/0000/029,0,0,0,T4d,0.0038532699186768458
flow/0000/029,0,0,0,T5a,-0.0001179672645915536
flow/0000/029,0,0,0,T5b,0.0001109904365025477
flow/0000/029,0,0,0,T5c,0.0063798576108332009
flow/0000/029,0,0,0,T5d,0.00084791376275259595
flow/0000/029,1,0.083333333333333301,1.25,T4a,0.0031036779758611549
flow/0000/029,1,0.083333333333333301,1.25,T4b,-0.00044276853309184981
flow/0000/029,1,0.083333333333333301,1.25,T4c,0.0024179790973009006
flow/0000/029,1,0.083333333333333301,1.25,T4d,0.003673143181246747
flow/0000/029,1,0.083333333333333301,1.25,T5a,-0.00062818149541080115
flow/0000/029,1,0.083333333333333301,1.25,T5b,-0.00060240489097475314
flow/0000/029,1,0.083333333333333301,1.25,T5c,0.008813928497444147
flow/0000/029,1,0.083333333333333301,1.25,T5d,-0.0012133736629299507
flow/0000/029,2,0.1666666666666666,2.5,T4a,0.0021182076615067526
flow/0000/029,2,0.1666666666666666,2.5,T4b,0.00036552266290450046
flow/0000/029,2,0.1666666666666666,2.5,T4c,0.0018095494991797016
flow/0000/029,2,0.1666666666666666,2.5,T4d,0.0064980968005871539
flow/0000/029,2,0.1666666666666666,2.5,T5a,0.00017103719174919874
flow/0000/029,2,0.1666666666666666,2.5,T5b,-0.0003134270941014955
flow/0000/029,2,0.1666666666666666,2.5,T5c,0.012669005759208152
flow/0000/029,2,0.1666666666666666,2.5,T5d,-0.001199548011420852
flow/0000/029,3,0.25,3.75,T4a,0.0035038789132122994
flow/0000/029,3,0.25,3.75,T4b,0.00017818165510940023
flow/0000/029,3,0.25,3.75,T4c,0.0015021293369211486
flow/0000/029,3,0.25,3.75,T4d,0.0031827094522215021
flow/0000/029,3,0.25,3.75,T5a,-2.47901281419452e-05
flow/0000/029,3,0.25,3.75,T5b,-9.2631201968999821e-05
flow/0000/029,3,0.25,3.75,T5c,0.0087984181251481979
flow/0000/029,3,0.25,3.75,T5d,-0.0007898313888282521
flow/0000/029,4,0.33333333333333331,5,T4a,0.0027209399576676001
flow/0000/029,4,0.33333333333333331,5,T4b,-0.0001782784236478499
flow/0000/029,4,0.33333333333333331,5,T4c,0.00049193015422380193
flow/0000/029,4,0.33333333333333331,5,T4d,-0.00092082697478804848
flow/0000/029,4,0.33333333333333331,5,T5a,-0.00058522470329059467
flow/0000/029,4,0.33333333333333331,5,T5b,-5.1364023284025673e-06
flow/0000/029,4,0.33333333333333331,5,T5c,0.0059439315746686004
flow/0000/029,4,0.33333333333333331,5,T5d,-0.002011839928973351
flow/0000/029,5,0.41666666666666669,6.25,T4a,-0.0010732772876826009
flow/0000/029,5,0.41666666666666669,6.25,T4b,0.00038050944885825028
flow/0000/029,5,0.41666666666666669,6.25,T4c,-0.0013422889049192026
flow/0000/029,5,0.41666666666666669,6.25,T4d,0.0022273298450163001
flow/0000/029,5,0.41666666666666669,6.25,T5a,0.0007915371413997549
flow/0000/029,5,0.41666666666666669,6.25,T5b,-0.00048602396639135098
flow/0000/029,5,0.41666666666666669,6.25,T5c,0.010764108019050549
flow/0000/029,5,0.41666666666666669,6.25,T5d,-0.0016879458522181465
flow/0000/029,6,0.5,7.5,T4a,0.001826435441613098
flow/0000/029,6,0.5,7.5,T4b,-0.00079429711820950058
flow/0000/029,6,0.5,7.5,T4c,-0.0017047001518843523
flow/0000/029,6,0.5,7.5,T4d,0.0025341989241458966
flow/0000/029,6,0.5,7.5,T5a,7.0215423173099201e-05
flow/0000/029,6,0.5,7.5,T5b,2.2385324122506378e-05
flow/0000/029,6,0.5,7.5,T5c,0.007034382786350251
flow/0000/029,6,0.5,7.5,T5d,1.3734837299349267e-05
flow/0000/029,7,0.58333333333333337,8.75,T4a,0.001154008143827899
flow/0000/029,7,0.58333333333333337,8.75,T4b,-3.7217500584500046e-05
flow/0000/029,7,0.58333333333333337,8.75,T4c,-0.00027369111363879928
flow/0000/029,7,0.58333333333333337,8.75,T4d,0.00067186002274445197
flow/0000/029,7,0.58333333333333337,8.75,T5a,-0.0011448602122200516
flow/0000/029,7,0.58333333333333337,8.75,T5b,-8.5501492885803332e-05
flow/0000/029,7,0.58333333333333337,8.75,T5c,0.0092137543123426979
flow/0000/029,7,0.58333333333333337,8.75,T5d,-0.0035235598809790006
flow/0000/029,8,0.66666666666666663,10,T4a,-0.00099784095342269827
flow/0000/029,8,0.66666666666666663,10,T4b,-0.00026327247474769964
flow/0000/029,8,0.66666666666666663,10,T4c,-0.00056286819489574993
flow/0000/029,8,0.66666666666666663,10,T4d,-0.0015757842803723991
flow/0000/029,8,0.66666666666666663,10,T5a,5.1582377617098718e-05
flow/0000/029,8,0.66666666666666663,10,T5b,0.00076570416335179636
flow/0000/029,8,0.66666666666666663,10,T5c,0.0059178354599002496
flow/0000/029,8,0.66666666666666663,10,T5d,-0.0036010920740094515
flow/0000/029,9,0.75,11.25,T4a,0.0015387798544588514
flow/0000/029,9,0.75,11.25,T4b,-0.0020567370891904496
flow/0000/029,9,0.75,11.25,T4c,-0.0033418214212273499
flow/0000/029,9,0.75,11.25,T4d,0.0017976863420554497
flow/0000/029,9,0.75,11.25,T5a,-0.00025536161790845613
flow/0000/029,9,0.75,11.25,T5b,-5.117850006689656e-05
flow/0000/029,9,0.75,11.25,T5c,0.0045943772011219006
flow/0000/029,9,0.75,11.25,T5d,1.849244562984742e-05
flow/0000/029,10,0.83333333333333337,12.5,T4a,0.00040345985147900026
flow/0000/029,10,0.83333333333333337,12.5,T4b,-0.0012641137098153999
flow/0000/029,10,0.83333333333333337,12.5,T4c,-0.0021438215358149486
flow/0000/029,10,0.83333333333333337,12.5,T4d,0.0076266273987913476
flow/0000/029,10,0.83333333333333337,12.5,T5a,-0.0014546343587598029
flow/0000/029,10,0.83333333333333337,12.5,T5b,5.6495570505653292e-05
flow/0000/029,10,0.83333333333333337,12.5,T5c,0.0093413116033619504
flow/0000/029,10,0.83333333333333337,12.5,T5d,0.0023050817960396028
flow/0000/029,11,0.91666666666666663,13.75,T4a,-0.00036149381287919891
flow/0000/029,11,0.91666666666666663,13.75,T4b,-0.00014309723064359972
flow/0000/029,11,0.91666666666666663,13.75,T4c,-0.0012999876009381489
flow/0000/029,11,0.91666666666666663,13.75,T4d,0.002492986719547053
flow/0000/029,11,0.91666666666666663,13.75,T5a,-0.00036329360111334724
flow/0000/029,11,0.91666666666666663,13.75,T5b,0.00046969035780820151
flow/0000/029,11,0.91666666666666663,13.75,T5c,0.0076961132104865007
flow/0000/029,11,0.91666666666666663,13.75,T5d,-0.00033674689695119969
flow/0000/030,0,0,0,T4a,-0.0010589313475004511
flow/0000/030,0,0,0,T4b,0.00094248471495904894
flow/0000/030,0,0,0,T4c,0.0056644314334365481
flow/0000/030,0,0,0,T4d,-0.0065441422102385004
flow/0000/030,0,0,0,T5a,0.00028880143524579946
flow/0000/030,0,0,0,T5b,-0.00094580991316220442
flow/0000/030,0,0,0,T5c,0.0029730399000654499
flow/0000/030,0,0,0,T5d,-0.0018361835431089379
flow/0000/030,1,0.083333333333333301,1.25,T4a,-0.0042006447859247488
flow/0000/030,1,0.083333333333333301,1.25,T4b,0.00082214526692665074
flow/0000/030,1,0.083333333333333301,1.25,T4c,0.0029595955041826494
flow/0000/030,1,0.083333333333333301,1.25,T4d,-0.00087459530271150054
flow/0000/030,1,0.083333333333333301,1.25,T5a,-0.0010289009141119
flow/0000/030,1,0.083333333333333301,1.25,T5b,-0.0021103367589909577
flow/0000/030,1,0.083333333333333301,1.25,T5c,0.0015530654058590002
flow/0000/030,1,0.083333333333333301,1.25,T5d,0.0041549905406071952
flow/0000/030,2,0.1666666666666666,2.5,T4a,0.00065042566760519643
flow/0000/030,2,0.1666666666666666,2.5,T4b,0.00015785978638154993
flow/0000/030,2,0.1666666666666666,2.5,T4c,0.005400523035723602
flow/0000/030,2,0.1666666666666666,2.5,T4d,-0.0034101973949454004
flow/0000/030,2,0.1666666666666666,2.5,T5a,0.00032980826337300137
flow/0000/030,2,0.1666666666666666,2.5,T5b,0.0004764235839708475
flow/0000/030,2,0.1666666666666666,2.5,T5c,0.0039393747329709997
flow/0000/030,2,0.1666666666666666,2.5,T5d,0.00047939853805660515
flow/0000/030,3,0.25,3.75,T4a,0.00023083691364549769
flow/0000/030,3,0.25,3.75,T4b,-4.3338295507800925e-05
flow/0000/030,3,0.25,3.75,T4c,0.0040231801184978516
flow/0000/030,3,0.25,3.75,T4d,-0.0047662036495476996
flow/0000/030,3,0.25,3.75,T5a,-0.00017741497915490026
flow/0000/030,3,0.25,3.75,T5b,-0.0011584320049580071
flow/0000/030,3,0.25,3.75,T5c,0.0037630980012157999
flow/0000/030,3,0.25,3.75,T5d,-0.0016506952282699522
flow/0000/030,4,0.33333333333333331,5,T4a,-0.0011641314101851485
flow/0000/030,4,0.33333333333333331,5,T4b,0.001497453965315549
flow/0000/030,4,0.33333333333333331,5,T4c,0.0036568527106723009
flow/0000/030,4,0.33333333333333331,5,T4d,-0.0017282237430613001
flow/0000/030,4,0.33333333333333331,5,T5a,1.7305366581947534e-05
flow/0000/030,4,0.33333333333333331,5,T5b,-0.0018773138158002106
flow/0000/030,4,0.33333333333333331,5,T5c,0.00086079394633745002
flow/0000/030,4,0.33333333333333331,5,T5d,0.00017874450556265575
flow/0000/030,5,0.41666666666666669,6.25,T4a,-0.00047496096718545322
flow/0000/030,5,0.41666666666666669,6.25,T4b,0.00083586502184559985
flow/0000/030,5,0.41666666666666669,6.25,T4c,0.0017794712732728465
flow/0000/030,5,0.41666666666666669,6.25,T4d,-0.0062511452554536509
flow/0000/030,5,0.41666666666666669,6.25,T5a,-0.0011745466897841988
flow/0000/030,5,0.41666666666666669,6.25,T5b,0.00014506977528949694
flow/0000/030,5,0.41666666666666669,6.25,T5c,0.0031007072663712001
flow/0000/030,5,0.41666666666666669,6.25,T5d,-0.00028733799143584871
flow/0000/030,6,0.5,7.5,T4a,0.0004552776525386
flow/0000/030,6,0.5,7.5,T4b,0.00011202088467314984
flow/0000/030,6,0.5,7.5,T4c,0.0074627811669244967
flow/0000/030,6,0.5,7.5,T4d,-0.0053409873753319497
flow/0000/030,6,0.5,7.5,T5a,-0.00011562225642544957
flow/0000/030,6,0.5,7.5,T5b,-0.001730176195138905
flow/0000/030,6,0.5,7.5,T5c,0.00532534300145445
flow/0000/030,6,0.5,7.5,T5d,-0.0060290433215245964
flow/0000/030,7,0.58333333333333337,8.75,T4a,-0.0050432402245410013
flow/0000/030,7,0.58333333333333337,8.75,T4b,-0.0018224691460717989
flow/0000/030,7,0.58333333333333337,8.75,T4c,0.0032741033040357484
flow/0000/030,7,0.58333333333333337,8.75,T4d,-0.006454769190628951
flow/0000/030,7,0.58333333333333337,8.75,T5a,-0.00082949522390535213
flow/0000/030,7,0.58333333333333337,8.75,T5b,-0.0020396141824136071
flow/0000/030,7,0.58333333333333337,8.75,T5c,0.0036398096439447004
flow/0000/030,7,0.58333333333333337,8.75,T5d,0.0022584270473648971
flow/0000/030,8,0.66666666666666663,10,T4a,-0.0022755677385267459
flow/0000/030,8,0.66666666666666663,10,T4b,-0.00060638124534725078
flow/0000/030,8,0.66666666666666663,10,T4c,0.00040504288043419906
flow/0000/030,8,0.66666666666666663,10,T4d,-0.0050397653628945997
flow/0000/030,8,0.66666666666666663,10,T5a,-0.001625951614360549
flow/0000/030,8,0.66666666666666663,10,T5b,0.00075549448620670923
flow/0000/030,8,0.66666666666666663,10,T5c,0.0037200525957810501
flow/0000/030,8,0.66666666666666663,10,T5d,0.0037093228702431424
flow/0000/030,9,0.75,11.25,T4a,-0.0016581799296856992
flow/0000/030,9,0.75,11.25,T4b,0.00038946526554249974
flow/0000/030,9,0.75,11.25,T4c,0.0088146637392094995
flow/0000/030,9,0.75,11.25,T4d,-0.0073514120151535493
flow/0000/030,9,0.75,11.25,T5a,-0.00047353890981069978
flow/0000/030,9,0.75,11.25,T5b,-0.00043825197396014925
flow/0000/030,9,0.75,11.25,T5c,0.0053983744117211
flow/0000/030,9,0.75,11.25,T5d,-0.0067314978596776515
flow/0000/030,10,0.83333333333333337,12.5,T4a,-0.011579182377487049
flow/0000/030,10,0.83333333333333337,12.5,T4b,-0.0010294647348249499
flow/0000/030,10,0.83333333333333337,12.5,T4c,0.0018976162164072996
flow/0000/030,10,0.83333333333333337,12.5,T4d,-0.0058863409987346994
flow/0000/030,10,0.83333333333333337,12.5,T5a,-0.0049601983218904005
flow/0000/030,10,0.83333333333333337,12.5,T5b,-0.0010952442885357044
flow/0000/030,10,0.83333333333333337,12.5,T5c,0.0027927863296098999
flow/0000/030,10,0.83333333333333337,12.5,T5d,-0.00094321037457825718
flow/0000/030,11,0.91666666666666663,13.75,T4a,-0.0034810942898173963
flow/0000/030,11,0.91666666666666663,13.75,T4b,-0.0017153187926870501
flow/0000/030,11,0.91666666666666663,13.75,T4c,0.0039985324037591016
flow/0000/030,11,0.91666666666666663,13.75,T4d,-0.00541127345319485
flow/0000/030,11,0.91666666666666663,13.75,T5a,-0.0012123645325150985
flow/0000/030,11,0.91666666666666663,13.75,T5b,0.0006663663472869924
flow/0000/030,11,0.91666666666666663,13.75,T5c,0.0038790806448599996
flow/0000/030,11,0.91666666666666663,13.75,T5d,-0.002234988514775299
flow/0000/031,0,0,0,T4a,-0.010574312158283861
flow/0000/031,0,0,0,T4b,0.0040730756140702519
flow/0000/031,0,0,0,T4c,-0.00086485092098890354
flow/0000/031,0,0,0,T4d,-0.00045387906521174998
flow/0000/031,0,0,0,T5a,0.0011342567766274986
flow/0000/031,0,0,0,T5b,-0.0050906663775791006
flow/0000/031,0,0,0,T5c,0.0036445873214454028
flow/0000/031,0,0,0,T5d,-0.00027569397563639852
flow/0000/031,1,0.083333333333333301,1.25,T4a,-0.02792135507645449
flow/0000/031,1,0.083333333333333301,1.25,T4b,0.0091854882158874003
flow/0000/031,1,0.083333333333333301,1.25,T4c,-0.0038317901276029021
flow/0000/031,1,0.083333333333333301,1.25,T4d,-0.0031505903714573527
flow/0000/031,1,0.083333333333333301,1.25,T5a,-0.0047934892561732959
flow/0000/031,1,0.083333333333333301,1.25,T5b,-0.012999910385967747
flow/0000/031,1,0.083333333333333301,1.25,T5c,0.00086447834455020273
flow/0000/031,1,0.083333333333333301,1.25,T5d,0.00017624597557264199
flow/0000/031,2,0.1666666666666666,2.5,T4a,-0.0130810421627294
flow/0000/031,2,0.1666666666666666,2.5,T4b,0.0064692111769858486
flow/0000/031,2,0.1666666666666666,2.5,T4c,0.0056730550769667487
flow/0000/031,2,0.1666666666666666,2.5,T4d,0.006106603166699448
flow/0000/031,2,0.1666666666666666,2.5,T5a,0.002395251619618545
flow/0000/031,2,0.1666666666666666,2.5,T5b,-0.0084886737505491042
flow/0000/031,2,0.1666666666666666,2.5,T5c,0.0037820502874459511
flow/0000/031,2,0.1666666666666666,2.5,T5d,-0.0082700118402717487
flow/0000/031,3,0.25,3.75,T4a,-0.0097776399729024854
flow/0000/031,3,0.25,3.75,T4b,0.006385654676908499
flow/0000/031,3,0.25,3.75,T4c,-0.0010837608134088503
flow/0000/031,3,0.25,3.75,T4d,-0.0022909253679957442
flow/0000/031,3,0.25,3.75,T5a,0.00080068167411979918
flow/0000/031,3,0.25,3.75,T5b,-0.0060681138597607487
flow/0000/031,3,0.25,3.75,T5c,0.004393854711956649
flow/0000/031,3,0.25,3.75,T5d,-0.0032919209105020941
flow/0000/031,4,0.33333333333333331,5,T4a,-0.030026229491781714
flow/0000/031,4,0.33333333333333331,5,T4b,0.0098851463531240968
flow/0000/031,4,0.33333333333333331,5,T4c,0.0028888552227651978
flow/0000/031,4,0.33333333333333331,5,T4d,-0.00044723912960045048
flow/0000/031,4,0.33333333333333331,5,T5a,-0.0042978119841620005
flow/0000/031,4,0.33333333333333331,5,T5b,-0.014587795619064002
flow/0000/031,4,0.33333333333333331,5,T5c,-0.002985684408632755
flow/0000/031,4,0.33333333333333331,5,T5d,0.0010579886368776992
flow/0000/031,5,0.41666666666666669,6.25,T4a,-0.0164138714325886
flow/0000/031,5,0.41666666666666669,6.25,T4b,0.008961615887744849
flow/0000/031,5,0.41666666666666669,6.25,T4c,0.0016740737255604016
flow/0000/031,5,0.41666666666666669,6.25,T4d,0.0046327530645787485
flow/0000/031,5,0.41666666666666669,6.25,T5a,0.0019063067815789994
flow/0000/031,5,0.41666666666666669,6.25,T5b,-0.0097838171254778991
flow/0000/031,5,0.41666666666666669,6.25,T5c,0.0010787821523542476
flow/0000/031,5,0.41666666666666669,6.25,T5d,-0.00062593905617350232
flow/0000/031,6,0.5,7.5,T4a,-0.004600713691953251
flow/0000/031,6,0.5,7.5,T4b,0.0025795657606822002
flow/0000/031,6,0.5,7.5,T4c,-0.0057213245443646019
flow/0000/031,6,0.5,7.5,T4d,-0.009325763017458695
flow/0000/031,6,0.5,7.5,T5a,-0.00078869074952594986
flow/0000/031,6,0.5,7.5,T5b,-0.0026969080961803532
flow/0000/031,6,0.5,7.5,T5c,0.0030566319845284004
flow/0000/031,6,0.5,7.5,T5d,-0.0016606185423524988
flow/0000/031,7,0.58333333333333337,8.75,T4a,-0.025214661329757526
flow/0000/031,7,0.58333333333333337,8.75,T4b,0.0064469547405892474
flow/0000/031,7,0.58333333333333337,8.75,T4c,-0.00627119204019045
flow/0000/031,7,0.58333333333333337,8.75,T4d,-0.0042604404019407002
flow/0000/031,7,0.58333333333333337,8.75,T5a,-0.0036711704348060467
flow/0000/031,7,0.58333333333333337,8.75,T5b,-0.011919820734593099
flow/0000/031,7,0.58333333333333337,8.75,T5c,5.1772959127477369e-06
flow/0000/031,7,0.58333333333333337,8.75,T5d,0.00064985667746450537
flow/0000/031,8,0.66666666666666663,10,T4a,-0.006026284240730817
flow/0000/031,8,0.66666666666666663,10,T4b,0.0047998463602246522
flow/0000/031,8,0.66666666666666663,10,T4c,-0.0081455884568407549
flow/0000/031,8,0.66666666666666663,10,T4d,0.0019829510480292994
flow/0000/031,8,0.66666666666666663,10,T5a,0.004053580495001749
flow/0000/031,8,0.66666666666666663,10,T5b,-0.0064631290377667044
flow/0000/031,8,0.66666666666666663,10,T5c,0.0064081467514722004
flow/0000/031,8,0.66666666666666663,10,T5d,0.00092304102452224479
flow/0000/031,9,0.75,11.25,T4a,-0.0011490096579784836
flow/0000/031,9,0.75,11.25,T4b,-0.00053654543039589886
flow/0000/031,9,0.75,11.25,T4c,0.0011234021788711981
flow/0000/031,9,0.75,11.25,T4d,-0.0079137265916691055
flow/0000/031,9,0.75,11.25,T5a,0.0025592968740436525
flow/0000/031,9,0.75,11.25,T5b,-0.0025999647341336529
flow/0000/031,9,0.75,11.25,T5c,0.0019838363245752999
flow/0000/031,9,0.75,11.25,T5d,0.00021011986163470275
flow/0000/031,10,0.83333333333333337,12.5,T4a,-0.030704087481000064
flow/0000/031,10,0.83333333333333337,12.5,T4b,0.0071009045335465003
flow/0000/031,10,0.83333333333333337,12.5,T4c,-0.0053857296457301973
flow/0000/031,10,0.83333333333333337,12.5,T4d,-0.0060790193100212497
flow/0000/031,10,0.83333333333333337,12.5,T5a,-0.0069676429510706489
flow/0000/031,10,0.83333333333333337,12.5,T5b,-0.0094868642120261998
flow/0000/031,10,0.83333333333333337,12.5,T5c,-0.0019437940229898032
flow/0000/031,10,0.83333333333333337,12.5,T5d,0.0041465257547154549
flow/0000/031,11,0.91666666666666663,13.75,T4a,-0.012782347986443537
flow/0000/031,11,0.91666666666666663,13.75,T4b,0.0060120029497257518
flow/0000/031,11,0.91666666666666663,13.75,T4c,0.0019810351013936495
flow/0000/031,11,0.91666666666666663,13.75,T4d,0.0027653622420171498
flow/0000/031,11,0.91666666666666663,13.75,T5a,0.004391441387441998
flow/0000/031,11,0.91666666666666663,13.75,T5b,-0.007553543016412298
flow/0000/031,11,0.91666666666666663,13.75,T5c,0.0026192627312393024
flow/0000/031,11,0.91666666666666663,13.75,T5d,-0.0050793524536034418
flow/0000/032,0,0,0,T4a,0.002431944989003447
flow/0000/032,0,0,0,T4b,0.0043169121744781602
flow/0000/032,0,0,0,T4c,-0.0035316543243302523
flow/0000/032,0,0,0,T4d,0.004637685554149798
flow/0000/032,0,0,0,T5a,-0.001369448193475651
flow/0000/032,0,0,0,T5b,0.00089485163841419857
flow/0000/032,0,0,0,T5c,0.0032586897509275445
flow/0000/032,0,0,0,T5d,0.0012153665429815511
flow/0000/032,1,0.083333333333333301,1.25,T4a,-0.0028439094862139497
flow/0000/032,1,0.083333333333333301,1.25,T4b,0.0076936577547388474
flow/0000/032,1,0.083333333333333301,1.25,T4c,0.035057144749831556
flow/0000/032,1,0.083333333333333301,1.25,T4d,0.0011457489503065993
flow/0000/032,1,0.083333333333333301,1.25,T5a,-0.0066702760136352034
flow/0000/032,1,0.083333333333333301,1.25,T5b,0.0070322066313579928
flow/0000/032,1,0.083333333333333301,1.25,T5c,0.00081004425935980034
flow/0000/032,1,0.083333333333333301,1.25,T5d,-0.0039094102635537521
flow/0000/032,2,0.1666666666666666,2.5,T4a,0.00014048408120675288
flow/0000/032,2,0.1666666666666666,2.5,T4b,0.01433241291869064
flow/0000/032,2,0.1666666666666666,2.5,T4c,0.098983877386262548
flow/0000/032,2,0.1666666666666666,2.5,T4d,-0.0029581545711640511
flow/0000/032,2,0.1666666666666666,2.5,T5a,-0.0050825349510591998
flow/0000/032,2,0.1666666666666666,2.5,T5b,0.0035042142270627491
flow/0000/032,2,0.1666666666666666,2.5,T5c,-0.0010828394430272489
flow/0000/032,2,0.1666666666666666,2.5,T5d,-0.016781334919456551
flow/0000/032,3,0.25,3.75,T4a,-0.00097807992151495438
flow/0000/032,3,0.25,3.75,T4b,0.0081767100903121503
flow/0000/032,3,0.25,3.75,T4c,0.035190904199820953
flow/0000/032,3,0.25,3.75,T4d,0.0038365125263913613
flow/0000/032,3,0.25,3.75,T5a,-0.0082369507769409038
flow/0000/032,3,0.25,3.75,T5b,0.0095946565545949464
flow/0000/032,3,0.25,3.75,T5c,-0.0033144838000628979
flow/0000/032,3,0.25,3.75,T5d,-0.0055123332272171491
flow/0000/032,4,0.33333333333333331,5,T4a,0.00056952513226535273
flow/0000/032,4,0.33333333333333331,5,T4b,0.004629882017064102
flow/0000/032,4,0.33333333333333331,5,T4c,0.052249809762519209
flow/0000/032,4,0.33333333333333331,5,T4d,0.00090663160790079023
flow/0000/032,4,0.33333333333333331,5,T5a,-0.016494143486474547
flow/0000/032,4,0.33333333333333331,5,T5b,0.017120847107319148
flow/0000/032,4,0.33333333333333331,5,T5c,-0.0029088818008463982
flow/0000/032,4,0.33333333333333331,5,T5d,-0.0051226763730105006
flow/0000/032,5,0.41666666666666669,6.25,T4a,0.00079549630971554458
flow/0000/032,5,0.41666666666666669,6.25,T4b,0.0058411395017069212
flow/0000/032,5,0.41666666666666669,6.25,T4c,0.083453192331192139
flow/0000/032,5,0.41666666666666669,6.25,T4d,-0.004923938011569845
flow/0000/032,5,0.41666666666666669,6.25,T5a,0.0024728249331910993
flow/0000/032,5,0.41666666666666669,6.25,T5b,-0.0040841697173519959
flow/0000/032,5,0.41666666666666669,6.25,T5c,-0.0054136386767702008
flow/0000/032,5,0.41666666666666669,6.25,T5d,-0.014543809687154848
flow/0000/032,6,0.5,7.5,T4a,-0.0033478134206010035
flow/0000/032,6,0.5,7.5,T4b,-0.004594122548626095
flow/0000/032,6,0.5,7.5,T4c,0.010913642521252709
flow/0000/032,6,0.5,7.5,T4d,-0.00065140949186785757
flow/0000/032,6,0.5,7.5,T5a,0.00016826768637174735
flow/0000/032,6,0.5,7.5,T5b,0.00025931258740415075
flow/0000/032,6,0.5,7.5,T5c,-0.0040469223738567525
flow/0000/032,6,0.5,7.5,T5d,-0.00063850816520035283
flow/0000/032,7,0.58333333333333337,8.75,T4a,-0.0049135830768278488
flow/0000/032,7,0.58333333333333337,8.75,T4b,-0.01123536695852756
flow/0000/032,7,0.58333333333333337,8.75,T4c,0.064511868996301402
flow/0000/032,7,0.58333333333333337,8.75,T4d,-0.0033554521816327038
flow/0000/032,7,0.58333333333333337,8.75,T5a,0.0048526549171730958
flow/0000/032,7,0.58333333333333337,8.75,T5b,-0.0040216225445412479
flow/0000/032,7,0.58333333333333337,8.75,T5c,-0.00011964994890759778
flow/0000/032,7,0.58333333333333337,8.75,T5d,-0.0093388559142741495
flow/0000/032,8,0.66666666666666663,10,T4a,-0.0033508026185259526
flow/0000/032,8,0.66666666666666663,10,T4b,-0.0030012643776500258
flow/0000/032,8,0.66666666666666663,10,T4c,0.033272873979549547
flow/0000/032,8,0.66666666666666663,10,T4d,-0.0030900637793372099
flow/0000/032,8,0.66666666666666663,10,T5a,0.015699765108938949
flow/0000/032,8,0.66666666666666663,10,T5b,-0.019096639348064437
flow/0000/032,8,0.66666666666666663,10,T5c,-3.9708501706550714e-05
flow/0000/032,8,0.66666666666666663,10,T5d,-0.0072325623007162502
flow/0000/032,9,0.75,11.25,T4a,-0.0026964338158244963
flow/0000/032,9,0.75,11.25,T4b,-0.0082550200560262688
flow/0000/032,9,0.75,11.25,T4c,0.012397331598334303
flow/0000/032,9,0.75,11.25,T4d,-0.0017106743986388534
flow/0000/032,9,0.75,11.25,T5a,0.016858057119281896
flow/0000/032,9,0.75,11.25,T5b,-0.014140219096114556
flow/0000/032,9,0.75,11.25,T5c,-0.0013668094996521982
flow/0000/032,9,0.75,11.25,T5d,0.00012281101345515064
flow/0000/032,10,0.83333333333333337,12.5,T4a,0.00063624236994130196
flow/0000/032,10,0.83333333333333337,12.5,T4b,-0.0064655080535181986
flow/0000/032,10,0.83333333333333337,12.5,T4c,0.071613898872353393
flow/0000/032,10,0.83333333333333337,12.5,T4d,-0.00031362395297446222
flow/0000/032,10,0.83333333333333337,12.5,T5a,0.0094993406163699987
flow/0000/032,10,0.83333333333333337,12.5,T5b,-0.0072567949019570477
flow/0000/032,10,0.83333333333333337,12.5,T5c,-0.0018147758809706552
flow/0000/032,10,0.83333333333333337,12.5,T5d,-0.0087477336762262492
flow/0000/032,11,0.91666666666666663,13.75,T4a,0.0024252960223055536
flow/0000/032,11,0.91666666666666663,13.75,T4b,0.0043688968264328498
flow/0000/032,11,0.91666666666666663,13.75,T4c,0.018807200635805148
flow/0000/032,11,0.91666666666666663,13.75,T4d,0.0052724958230751101
flow/0000/032,11,0.91666666666666663,13.75,T5a,0.018143246707728503
flow/0000/032,11,0.91666666666666663,13.75,T5b,-0.016858958283764797
flow/0000/032,11,0.91666666666666663,13.75,T5c,0.001629077183271696
flow/0000/032,11,0.91666666666666663,13.75,T5d,-0.0016641667823331999
flow/0000/033,0,0,0,T4a,-0.0016749779293162986
flow/0000/033,0,0,0,T4b,-0.0018602565657407505
flow/0000/033,0,0,0,T4c,-0.004919253502976742
flow/0000/033,0,0,0,T4d,-0.0029982088688498493
flow/0000/033,0,0,0,T5a,-0.0010755706006030097
flow/0000/033,0,0,0,T5b,0.0033302907511535973
flow/0000/033,0,0,0,T5c,0.0035421811685152974
flow/0000/033,0,0,0,T5d,-0.0094762505824887537
flow/0000/033,1,0.083333333333333301,1.25,T4a,-0.0024637384021878456
flow/0000/033,1,0.083333333333333301,1.25,T4b,-0.0020081279067365003
flow/0000/033,1,0.083333333333333301,1.25,T4c,-0.0086962058719700919
flow/0000/033,1,0.083333333333333301,1.25,T4d,-0.0024456496645897004
flow/0000/033,1,0.083333333333333301,1.25,T5a,-0.0014669300737842478
flow/0000/033,1,0.083333333333333301,1.25,T5b,0.0031770884771555319
flow/0000/033,1,0.083333333333333301,1.25,T5c,0.0015032074693078004
flow/0000/033,1,0.083333333333333301,1.25,T5d,-0.0068794512530890514
flow/0000/033,2,0.1666666666666666,2.5,T4a,0.0051199569979400034
flow/0000/033,2,0.1666666666666666,2.5,T4b,-0.0064266433333304493
flow/0000/033,2,0.1666666666666666,2.5,T4c,-0.0090011471131824089
flow/0000/033,2,0.1666666666666666,2.5,T4d,-0.00050362536618124999
flow/0000/033,2,0.1666666666666666,2.5,T5a,-0.0017341083935652479
flow/0000/033,2,0.1666666666666666,2.5,T5b,7.5771682260528106e-06
flow/0000/033,2,0.1666666666666666,2.5,T5c,-0.0004862474839192471
flow/0000/033,2,0.1666666666666666,2.5,T5d,0.00051866925531115007
flow/0000/033,3,0.25,3.75,T4a,-0.0012480030364899614
flow/0000/033,3,0.25,3.75,T4b,-0.0021775317566163008
flow/0000/033,3,0.25,3.75,T4c,-0.0047900673423351969
flow/0000/033,3,0.25,3.75,T4d,-0.0008801026359191999
flow/0000/033,3,0.25,3.75,T5a,-0.0034064881367453087
flow/0000/033,3,0.25,3.75,T5b,-0.0004684288533816916
flow/0000/033,3,0.25,3.75,T5c,0.00085996968139959856
flow/0000/033,3,0.25,3.75,T5d,0.0017265153386582036
flow/0000/033,4,0.33333333333333331,5,T4a,-0.001576301110901096
flow/0000/033,4,0.33333333333333331,5,T4b,5.5086399148449733e-05
flow/0000/033,4,0.33333333333333331,5,T4c,-0.0027710467502245484
flow/0000/033,4,0.33333333333333331,5,T4d,-0.00034147574135280027
flow/0000/033,4,0.33333333333333331,5,T5a,-0.0025359950866515463
flow/0000/033,4,0.33333333333333331,5,T5b,0.00034640325972640218
flow/0000/033,4,0.33333333333333331,5,T5c,-0.0014000379684859024
flow/0000/033,4,0.33333333333333331,5,T5d,-0.0033797080392291984
flow/0000/033,5,0.41666666666666669,6.25,T4a,0.0048325839827244449
flow/0000/033,5,0.41666666666666669,6.25,T4b,-0.0051416319683968009
flow/0000/033,5,0.41666666666666669,6.25,T4c,-0.0054168165699254034
flow/0000/033,5,0.41666666666666669,6.25,T4d,-0.0018849618155407999
flow/0000/033,5,0.41666666666666669,6.25,T5a,-0.0013607685177116496
flow/0000/033,5,0.41666666666666669,6.25,T5b,0.0008403890284352511
flow/0000/033,5,0.41666666666666669,6.25,T5c,0.0022081345560006974
flow/0000/033,5,0.41666666666666669,6.25,T5d,-0.0049749743975578513
flow/0000/033,6,0.5,7.5,T4a,0.00021049815900205104
flow/0000/033,6,0.5,7.5,T4b,-0.0016333690206250008
flow/0000/033,6,0.5,7.5,T4c,-0.0062074278855291515
flow/0000/033,6,0.5,7.5,T4d,-0.0023101844883591498
flow/0000/033,6,0.5,7.5,T5a,-0.001179297800986398
flow/0000/033,6,0.5,7.5,T5b,2.0155390641152238e-05
flow/0000/033,6,0.5,7.5,T5c,0.00052132393030914631
flow/0000/033,6,0.5,7.5,T5d,-0.0021940942654812487
flow/0000/033,7,0.58333333333333337,8.75,T4a,0.00026292579701354957
flow/0000/033,7,0.58333333333333337,8.75,T4b,0.00019720297470414774
flow/0000/033,7,0.58333333333333337,8.75,T4c,-0.0041899098889397052
flow/0000/033,7,0.58333333333333337,8.75,T4d,-0.0031588109909647501
flow/0000/033,7,0.58333333333333337,8.75,T5a,-0.0012105158943967465
flow/0000/033,7,0.58333333333333337,8.75,T5b,-0.0013103356616173123
flow/0000/033,7,0.58333333333333337,8.75,T5c,-0.0032560732738484491
flow/0000/033,7,0.58333333333333337,8.75,T5d,-0.0063960844958763988
flow/0000/033,8,0.66666666666666663,10,T4a,0.0031598576780541565
flow/0000/033,8,0.66666666666666663,10,T4b,-0.0036195951036814503
flow/0000/033,8,0.66666666666666663,10,T4c,-0.0003029172498042465
flow/0000/033,8,0.66666666666666663,10,T4d,-0.0015847987269083002
flow/0000/033,8,0.66666666666666663,10,T5a,-0.00052666829888840805
flow/0000/033,8,0.66666666666666663,10,T5b,0.0025233962765361939
flow/0000/033,8,0.66666666666666663,10,T5c,-0.00079457233258969917
flow/0000/033,8,0.66666666666666663,10,T5d,-0.0043927380733479494
flow/0000/033,9,0.75,11.25,T4a,0.0019985145531103976
flow/0000/033,9,0.75,11.25,T4b,-0.001252949552057351
flow/0000/033,9,0.75,11.25,T4c,-0.010701525355838654
flow/0000/033,9,0.75,11.25,T4d,-0.0036002974260786495
flow/0000/033,9,0.75,11.25,T5a,0.00085809152044859227
flow/0000/033,9,0.75,11.25,T5b,0.003628319492578802
flow/0000/033,9,0.75,11.25,T5c,-0.0003811360039384995
flow/0000/033,9,0.75,11.25,T5d,-0.0068327990059569993
flow/0000/033,10,0.83333333333333337,12.5,T4a,-0.00049282394222270598
flow/0000/033,10,0.83333333333333337,12.5,T4b,0.00082443434877389754
flow/0000/033,10,0.83333333333333337,12.5,T4c,-0.0095732531788360609
flow/0000/033,10,0.83333333333333337,12.5,T4d,-0.0033401013931623497
flow/0000/033,10,0.83333333333333337,12.5,T5a,-0.00019260194626154192
flow/0000/033,10,0.83333333333333337,12.5,T5b,0.0015404778392165142
flow/0000/033,10,0.83333333333333337,12.5,T5c,-0.00075936367435740226
flow/0000/033,10,0.83333333333333337,12.5,T5d,-0.0068116577614490519
flow/0000/033,11,0.91666666666666663,13.75,T4a,0.0005721500117704531
flow/0000/033,11,0.91666666666666663,13.75,T4b,-0.0010453225373061488
flow/0000/033,11,0.91666666666666663,13.75,T4c,-0.0086404591961721511
flow/0000/033,11,0.91666666666666663,13.75,T4d,-0.0037814610087684502
flow/0000/033,11,0.91666666666666663,13.75,T5a,3.9538017029050465e-05
flow/0000/033,11,0.91666666666666663,13.75,T5b,0.0019700146727259504
flow/0000/033,11,0.91666666666666663,13.75,T5c,-0.00069284521846749852
flow/0000/033,11,0.91666666666666663,13.75,T5d,-0.010650728401226651
flow/0000/034,0,0,0,T4a,-0.00095172380668050172
flow/0000/034,0,0,0,T4b,-0.001752631566375399
flow/0000/034,0,0,0,T4c,0.0017915232459498002
flow/0000/034,0,0,0,T4d,-0.00058102623980174628
flow/0000/034,0,0,0,T5a,0.0023551164817511988
flow/0000/034,0,0,0,T5b,-0.0010244309888772507
flow/0000/034,0,0,0,T5c,-0.00061038973295805127
flow/0000/034,0,0,0,T5d,0.0018581214717401512
flow/0000/034,1,0.083333333333333301,1.25,T4a,0.00050472961642930581
flow/0000/034,1,0.083333333333333301,1.25,T4b,0.0045457448063205494
flow/0000/034,1,0.083333333333333301,1.25,T4c,0.00082712638741300019
flow/0000/034,1,0.083333333333333301,1.25,T4d,0.0012711309730671985
flow/0000/034,1,0.083333333333333301,1.25,T5a,0.0022468301858650994
flow/0000/034,1,0.083333333333333301,1.25,T5b,0.00015103151085275185
flow/0000/034,1,0.083333333333333301,1.25,T5c,-0.00017381411277129881
flow/0000/034,1,0.083333333333333301,1.25,T5d,0.00011178086373355225
flow/0000/034,2,0.1666666666666666,2.5,T4a,0.0045754276279569989
flow/0000/034,2,0.1666666666666666,2.5,T4b,0.0022210770493221003
flow/0000/034,2,0.1666666666666666,2.5,T4c,0.0055468358028695486
flow/0000/034,2,0.1666666666666666,2.5,T4d,0.0038735041975912002
flow/0000/034,2,0.1666666666666666,2.5,T5a,0.0016439482211261028
flow/0000/034,2,0.1666666666666666,2.5,T5b,0.00021313431184795395
flow/0000/034,2,0.1666666666666666,2.5,T5c,-0.0002824499272663511
flow/0000/034,2,0.1666666666666666,2.5,T5d,0.0026689797393343977
flow/0000/034,3,0.25,3.75,T4a,0.0044935967301458074
flow/0000/034,3,0.25,3.75,T4b,0.0017017370042567495
flow/0000/034,3,0.25,3.75,T4c,5.6560308368900497e-05
flow/0000/034,3,0.25,3.75,T4d,0.0040557431838129446
flow/0000/034,3,0.25,3.75,T5a,0.0034260299903439012
flow/0000/034,3,0.25,3.75,T5b,-0.00028077520713854637
flow/0000/034,3,0.25,3.75,T5c,0.0010778805295779507
flow/0000/034,3,0.25,3.75,T5d,-0.00062378453925275232
flow/0000/034,4,0.33333333333333331,5,T4a,0.0028051219635882446
flow/0000/034,4,0.33333333333333331,5,T4b,0.011753028576988499
flow/0000/034,4,0.33333333333333331,5,T4c,0.0073555287549065505
flow/0000/034,4,0.33333333333333331,5,T4d,1.5099484912954597e-05
flow/0000/034,4,0.33333333333333331,5,T5a,0.004540988574360201
flow/0000/034,4,0.33333333333333331,5,T5b,0.00074397571171579829
flow/0000/034,4,0.33333333333333331,5,T5c,0.0011405884035403501
flow/0000/034,4,0.33333333333333331,5,T5d,-0.0001958882596288479
flow/0000/034,5,0.41666666666666669,6.25,T4a,0.0026273182129081529
flow/0000/034,5,0.41666666666666669,6.25,T4b,0.0024303298478088493
flow/0000/034,5,0.41666666666666669,6.25,T4c,0.0041161207516114493
flow/0000/034,5,0.41666666666666669,6.25,T4d,0.0013868901615748525
flow/0000/034,5,0.41666666666666669,6.25,T5a,-0.00050730892881700046
flow/0000/034,5,0.41666666666666669,6.25,T5b,0.00053069590247735443
flow/0000/034,5,0.41666666666666669,6.25,T5c,6.6897316595499606e-05
flow/0000/034,5,0.41666666666666669,6.25,T5d,0.00079015765368119911
flow/0000/034,6,0.5,7.5,T4a,-3.1364665420252624e-05
flow/0000/034,6,0.5,7.5,T4b,0.00033506498757550005
flow/0000/034,6,0.5,7.5,T4c,0.0037078095323237002
flow/0000/034,6,0.5,7.5,T4d,0.002739671681717154
flow/0000/034,6,0.5,7.5,T5a,0.0016307857979201978
flow/0000/034,6,0.5,7.5,T5b,-0.00043236536136820325
flow/0000/034,6,0.5,7.5,T5c,-9.5136350983049053e-05
flow/0000/034,6,0.5,7.5,T5d,0.0013315516610993526
flow/0000/034,7,0.58333333333333337,8.75,T4a,0.0017437353952632906
flow/0000/034,7,0.58333333333333337,8.75,T4b,0.0063703553080749487
flow/0000/034,7,0.58333333333333337,8.75,T4c,0.0062703243309306985
flow/0000/034,7,0.58333333333333337,8.75,T4d,-0.0027371060173361009
flow/0000/034,7,0.58333333333333337,8.75,T5a,0.0067944350269292519
flow/0000/034,7,0.58333333333333337,8.75,T5b,-0.00077284047002515455
flow/0000/034,7,0.58333333333333337,8.75,T5c,0.00017919593949619964
flow/0000/034,7,0.58333333333333337,8.75,T5d,0.00075438381912384944
flow/0000/034,8,0.66666666666666663,10,T4a,0.00074419150596544137
flow/0000/034,8,0.66666666666666663,10,T4b,-0.0030227544934316487
flow/0000/034,8,0.66666666666666663,10,T4c,0.0093767701003583497
flow/0000/034,8,0.66666666666666663,10,T4d,-0.0032106734938823003
flow/0000/034,8,0.66666666666666663,10,T5a,-0.0017106512331386547
flow/0000/034,8,0.66666666666666663,10,T5b,0.00014882136933325185
flow/0000/034,8,0.66666666666666663,10,T5c,-0.0018665779916075993
flow/0000/034,8,0.66666666666666663,10,T5d,0.0042380075742345022
flow/0000/034,9,0.75,11.25,T4a,-0.0022618521531021923
flow/0000/034,9,0.75,11.25,T4b,-0.0025875117017632975
flow/0000/034,9,0.75,11.25,T4c,0.0011145464971854986
flow/0000/034,9,0.75,11.25,T4d,-0.0013359458442035524
flow/0000/034,9,0.75,11.25,T5a,0.00014801642557465272
flow/0000/034,9,0.75,11.25,T5b,-0.0003214425262657028
flow/0000/034,9,0.75,11.25,T5c,-0.00054704043681894944
flow/0000/034,9,0.75,11.25,T5d,0.0015343603195679019
flow/0000/034,10,0.83333333333333337,12.5,T4a,-0.0028281735960271476
flow/0000/034,10,0.83333333333333337,12.5,T4b,0.005891231836669248
flow/0000/034,10,0.83333333333333337,12.5,T4c,0.005059331535840348
flow/0000/034,10,0.83333333333333337,12.5,T4d,-0.0014575750793730524
flow/0000/034,10,0.83333333333333337,12.5,T5a,0.0015647421566610947
flow/0000/034,10,0.83333333333333337,12.5,T5b,0.00051727581521075067
flow/0000/034,10,0.83333333333333337,12.5,T5c,-0.00102920893899725
flow/0000/034,10,0.83333333333333337,12.5,T5d,0.0033617332994507997
flow/0000/034,11,0.91666666666666663,13.75,T4a,0.0001884425776620402
flow/0000/034,11,0.91666666666666663,13.75,T4b,0.00079786010887310244
flow/0000/034,11,0.91666666666666663,13.75,T4c,0.0038198765636410503
flow/0000/034,11,0.91666666666666663,13.75,T4d,-0.0029505334966676497
flow/0000/034,11,0.91666666666666663,13.75,T5a,0.0023945244214845021
flow/0000/034,11,0.91666666666666663,13.75,T5b,-0.00022542852257614876
flow/0000/034,11,0.91666666666666663,13.75,T5c,-9.2009467887900834e-05
flow/0000/034,11,0.91666666666666663,13.75,T5d,0.001222585761316751
flow/0000/035,0,0,0,T4a,0.0017724182435223
flow/0000/035,0,0,0,T4b,-0.0012965496964688001
flow/0000/035,0,0,0,T4c,0.00043159325351034908
flow/0000/035,0,0,0,T4d,0.00045643180850195048
flow/0000/035,0,0,0,T5a,0.00048982546295434776
flow/0000/035,0,0,0,T5b,-0.0011355270120326985
flow/0000/035,0,0,0,T5c,-2.7541411951998405e-06
flow/0000/035,0,0,0,T5d,-0.00029795912516229935
flow/0000/035,1,0.083333333333333301,1.25,T4a,0.00072724380170779979
flow/0000/035,1,0.083333333333333301,1.25,T4b,-0.00067807588175060004
flow/0000/035,1,0.083333333333333301,1.25,T4c,0.0013803882787651999
flow/0000/035,1,0.083333333333333301,1.25,T4d,0.00063165986966995033
flow/0000/035,1,0.083333333333333301,1.25,T5a,0.00013628813470655324
flow/0000/035,1,0.083333333333333301,1.25,T5b,-0.00034425173512644958
flow/0000/035,1,0.083333333333333301,1.25,T5c,0.00089420760647240013
flow/0000/035,1,0.083333333333333301,1.25,T5d,-0.00082097784400675042
flow/0000/035,2,0.1666666666666666,2.5,T4a,-0.00019266809516815006
flow/0000/035,2,0.1666666666666666,2.5,T4b,3.6293803524450061e-05
flow/0000/035,2,0.1666666666666666,2.5,T4c,0.0010325726863693509
flow/0000/035,2,0.1666666666666666,2.5,T4d,0.00081358170022659965
flow/0000/035,2,0.1666666666666666,2.5,T5a,-0.00064047982317829918
flow/0000/035,2,0.1666666666666666,2.5,T5b,0.00097235152390194937
flow/0000/035,2,0.1666666666666666,2.5,T5c,0.00051191448873810004
flow/0000/035,2,0.1666666666666666,2.5,T5d,-0.00068487423183365148
flow/0000/035,3,0.25,3.75,T4a,0.00075260755439520008
flow/0000/035,3,0.25,3.75,T4b,-0.00032035747311514999
flow/0000/035,3,0.25,3.75,T4c,0.00042497187807049967
flow/0000/035,3,0.25,3.75,T4d,0.00061231952482045018
flow/0000/035,3,0.25,3.75,T5a,0.00046068249005784892
flow/0000/035,3,0.25,3.75,T5b,0.00016535864525095076
flow/0000/035,3,0.25,3.75,T5c,0.00063967770250565007
flow/0000/035,3,0.25,3.75,T5d,4.0712128254849489e-05
flow/0000/035,4,0.33333333333333331,5,T4a,0.00096288800915074989
flow/0000/035,4,0.33333333333333331,5,T4b,-0.00016809342866919998
flow/0000/035,4,0.33333333333333331,5,T4c,0.00065044181807384985
flow/0000/035,4,0.33333333333333331,5,T4d,0.0010507666953996995
flow/0000/035,4,0.33333333333333331,5,T5a,-0.00048144091207629955
flow/0000/035,4,0.33333333333333331,5,T5b,-5.5600983632300011e-05
flow/0000/035,4,0.33333333333333331,5,T5c,0.00089166714183310002
flow/0000/035,4,0.33333333333333331,5,T5d,-0.00020656002353590039
flow/0000/035,5,0.41666666666666669,6.25,T4a,-0.00010963220935020007
flow/0000/035,5,0.41666666666666669,6.25,T4b,0.00030357671914650001
flow/0000/035,5,0.41666666666666669,6.25,T4c,0.00048076088713350056
flow/0000/035,5,0.41666666666666669,6.25,T4d,0.0016807429904868998
flow/0000/035,5,0.41666666666666669,6.25,T5a,-0.00042492946832559803
flow/0000/035,5,0.41666666666666669,6.25,T5b,0.0011678931571329002
flow/0000/035,5,0.41666666666666669,6.25,T5c,0.0009137985947763
flow/0000/035,5,0.41666666666666669,6.25,T5d,6.629628004084856e-05
flow/0000/035,6,0.5,7.5,T4a,0.0007136009040743501
flow/0000/035,6,0.5,7.5,T4b,-0.00036111738658495002
flow/0000/035,6,0.5,7.5,T4c,-0.00085518735464329941
flow/0000/035,6,0.5,7.5,T4d,0.0014274636746302001
flow/0000/035,6,0.5,7.5,T5a,0.00047937115288030144
flow/0000/035,6,0.5,7.5,T5b,-0.00028514425016150022
flow/0000/035,6,0.5,7.5,T5c,0.00063037934046684995
flow/0000/035,6,0.5,7.5,T5d,-0.00010070259360014933
flow/0000/035,7,0.58333333333333337,8.75,T4a,0.00051914077744579987
flow/0000/035,7,0.58333333333333337,8.75,T4b,-0.0001423489666746
flow/0000/035,7,0.58333333333333337,8.75,T4c,-0.00052619239946914871
flow/0000/035,7,0.58333333333333337,8.75,T4d,0.001561270385385
flow/0000/035,7,0.58333333333333337,8.75,T5a,-0.00048936144301910123
flow/0000/035,7,0.58333333333333337,8.75,T5b,0.00049530391161934847
flow/0000/035,7,0.58333333333333337,8.75,T5c,0.0010107944012114501
flow/0000/035,7,0.58333333333333337,8.75,T5d,-0.00069586823582189899
flow/0000/035,8,0.66666666666666663,10,T4a,0.00105899918047445
flow/0000/035,8,0.66666666666666663,10,T4b,-0.00032365308612660013
flow/0000/035,8,0.66666666666666663,10,T4c,-0.00036595934753060055
flow/0000/035,8,0.66666666666666663,10,T4d,0.00081655556840249961
flow/0000/035,8,0.66666666666666663,10,T5a,-0.00034443005710579899
flow/0000/035,8,0.66666666666666663,10,T5b,0.0011601606331402524
flow/0000/035,8,0.66666666666666663,10,T5c,0.00095761654582850002
flow/0000/035,8,0.66666666666666663,10,T5d,-0.0010162386472742993
flow/0000/035,9,0.75,11.25,T4a,0.0020830350712340504
flow/0000/035,9,0.75,11.25,T4b,-0.0012561775646458
flow/0000/035,9,0.75,11.25,T4c,-0.00043027401081885061
flow/0000/035,9,0.75,11.25,T4d,0.0013136691622085998
flow/0000/035,9,0.75,11.25,T5a,0.001252207310592602
flow/0000/035,9,0.75,11.25,T5b,-0.0011402254220151502
flow/0000/035,9,0.75,11.25,T5c,0.00044948326048949996
flow/0000/035,9,0.75,11.25,T5d,7.3780795199099997e-05
flow/0000/035,10,0.83333333333333337,12.5,T4a,-0.00028274937291594996
flow/0000/035,10,0.83333333333333337,12.5,T4b,-0.00082039285792125018
flow/0000/035,10,0.83333333333333337,12.5,T4c,-0.00087147662754915103
flow/0000/035,10,0.83333333333333337,12.5,T4d,0.00058904192551934974
flow/0000/035,10,0.83333333333333337,12.5,T5a,0.00049102005479894836
flow/0000/035,10,0.83333333333333337,12.5,T5b,-0.0010211081262968998
flow/0000/035,10,0.83333333333333337,12.5,T5c,0.00020262747937259992
flow/0000/035,10,0.83333333333333337,12.5,T5d,6.6440115425000362e-05
flow/0000/035,11,0.91666666666666663,13.75,T4a,0.00095750031516484996
flow/0000/035,11,0.91666666666666663,13.75,T4b,-0.00065143066676350003
flow/0000/035,11,0.91666666666666663,13.75,T4c,0.00033260432206135004
flow/0000/035,11,0.91666666666666663,13.75,T4d,0.00050266112275060022
flow/0000/035,11,0.91666666666666663,13.75,T5a,-0.0005962555630209497
flow/0000/035,11,0.91666666666666663,13.75,T5b,0.00084965600242100162
flow/0000/035,11,0.91666666666666663,13.75,T5c,0.00065743291741625007
flow/0000/035,11,0.91666666666666663,13.75,T5d,-0.0002094710991375013
flow/0000/036,0,0,0,T4a,-0.002332049526714397
flow/0000/036,0,0,0,T4b,-0.0069730467088318995
flow/0000/036,0,0,0,T4c,0.0304380412161014
flow/0000/036,0,0,0,T4d,-0.01984523617786605
flow/0000/036,0,0,0,T5a,0.00216837010198025
flow/0000/036,0,0,0,T5b,-0.012375201032199579
flow/0000/036,0,0,0,T5c,-0.00075423252391604301
flow/0000/036,0,0,0,T5d,-0.0020945473688372407
flow/0000/036,1,0.083333333333333301,1.25,T4a,-0.0077981037406850556
flow/0000/036,1,0.083333333333333301,1.25,T4b,-0.0014889477012051504
flow/0000/036,1,0.083333333333333301,1.25,T4c,0.023944091037337897
flow/0000/036,1,0.083333333333333301,1.25,T4d,-0.0087364143463685498
flow/0000/036,1,0.083333333333333301,1.25,T5a,-0.0093942320110295477
flow/0000/036,1,0.083333333333333301,1.25,T5b,0.0016084427880616592
flow/0000/036,1,0.083333333333333301,1.25,T5c,0.0026352268950493585
flow/0000/036,1,0.083333333333333301,1.25,T5d,-0.0063111194828331663
flow/0000/036,2,0.1666666666666666,2.5,T4a,0.0040723628081852509
flow/0000/036,2,0.1666666666666666,2.5,T4b,0.006153516877433601
flow/0000/036,2,0.1666666666666666,2.5,T4c,0.03221883340538105
flow/0000/036,2,0.1666666666666666,2.5,T4d,-0.0209725907004168
flow/0000/036,2,0.1666666666666666,2.5,T5a,0.0042297765804987508
flow/0000/036,2,0.1666666666666666,2.5,T5b,-0.007875425815144943
flow/0000/036,2,0.1666666666666666,2.5,T5c,0.00037202926035320716
flow/0000/036,2,0.1666666666666666,2.5,T5d,-0.0059289644651859263
flow/0000/036,3,0.25,3.75,T4a,0.0036023000053573562
flow/0000/036,3,0.25,3.75,T4b,0.0069686718044573506
flow/0000/036,3,0.25,3.75,T4c,0.022992105718030151
flow/0000/036,3,0.25,3.75,T4d,-0.020779615457775701
flow/0000/036,3,0.25,3.75,T5a,0.0038087206504053006
flow/0000/036,3,0.25,3.75,T5b,-0.0046267637842229425
flow/0000/036,3,0.25,3.75,T5c,-0.0052107337053571567
flow/0000/036,3,0.25,3.75,T5d,-0.0080808838060550947
flow/0000/036,4,0.33333333333333331,5,T4a,-0.0010519949333601536
flow/0000/036,4,0.33333333333333331,5,T4b,0.0094424324215746994
flow/0000/036,4,0.33333333333333331,5,T4c,0.022147119009686148
flow/0000/036,4,0.33333333333333331,5,T4d,-0.01352993143018235
flow/0000/036,4,0.33333333333333331,5,T5a,-0.0045336747978799996
flow/0000/036,4,0.33333333333333331,5,T5b,0.0022312192828152777
flow/0000/036,4,0.33333333333333331,5,T5c,0.00083736953301630224
flow/0000/036,4,0.33333333333333331,5,T5d,-0.0038855847047221947
flow/0000/036,5,0.41666666666666669,6.25,T4a,0.010429517582678849
flow/0000/036,5,0.41666666666666669,6.25,T4b,0.0012511592794589004
flow/0000/036,5,0.41666666666666669,6.25,T4c,0.023562292468052949
flow/0000/036,5,0.41666666666666669,6.25,T4d,-0.015841996652962251
flow/0000/036,5,0.41666666666666669,6.25,T5a,0.0062018633063238016
flow/0000/036,5,0.41666666666666669,6.25,T5b,-0.01573578149225946
flow/0000/036,5,0.41666666666666669,6.25,T5c,0.0034977586899042901
flow/0000/036,5,0.41666666666666669,6.25,T5d,-0.0069184246769672109
flow/0000/036,6,0.5,7.5,T4a,0.0065896848710736006
flow/0000/036,6,0.5,7.5,T4b,-0.0011058382327355024
flow/0000/036,6,0.5,7.5,T4c,0.0231318827476606
flow/0000/036,6,0.5,7.5,T4d,-0.026167351211011852
flow/0000/036,6,0.5,7.5,T5a,0.0050147897732499523
flow/0000/036,6,0.5,7.5,T5b,-0.0099639541752478689
flow/0000/036,6,0.5,7.5,T5c,0.0042980263252024864
flow/0000/036,6,0.5,7.5,T5d,-0.0045404856053841425
flow/0000/036,7,0.58333333333333337,8.75,T4a,-0.0030687527070064891
flow/0000/036,7,0.58333333333333337,8.75,T4b,0.0029351332860938009
flow/0000/036,7,0.58333333333333337,8.75,T4c,0.0258702522943044
flow/0000/036,7,0.58333333333333337,8.75,T4d,-0.031747385440364852
flow/0000/036,7,0.58333333333333337,8.75,T5a,0.0014568902183851005
flow/0000/036,7,0.58333333333333337,8.75,T5b,-0.003834689297085081
flow/0000/036,7,0.58333333333333337,8.75,T5c,0.0099454095336267423
flow/0000/036,7,0.58333333333333337,8.75,T5d,0.0015209867183193504
flow/0000/036,8,0.66666666666666663,10,T4a,0.0019579399980689527
flow/0000/036,8,0.66666666666666663,10,T4b,-0.0070213922687735993
flow/0000/036,8,0.66666666666666663,10,T4c,0.026079038818934051
flow/0000/036,8,0.66666666666666663,10,T4d,-0.020607512132473346
flow/0000/036,8,0.66666666666666663,10,T5a,0.0078054827316015492
flow/0000/036,8,0.66666666666666663,10,T5b,-0.021445783773628768
flow/0000/036,8,0.66666666666666663,10,T5c,0.013924366536852084
flow/0000/036,8,0.66666666666666663,10,T5d,0.0067486567944270437
flow/0000/036,9,0.75,11.25,T4a,0.0025917317577309473
flow/0000/036,9,0.75,11.25,T4b,-0.0176690701892918
flow/0000/036,9,0.75,11.25,T4c,0.026361687574406902
flow/0000/036,9,0.75,11.25,T4d,-0.015787031537582694
flow/0000/036,9,0.75,11.25,T5a,0.0040794094534638004
flow/0000/036,9,0.75,11.25,T5b,-0.019463648281486778
flow/0000/036,9,0.75,11.25,T5c,0.01150669713691635
flow/0000/036,9,0.75,11.25,T5d,0.0058267389485331111
flow/0000/036,10,0.83333333333333337,12.5,T4a,0.0023753371813436536
flow/0000/036,10,0.83333333333333337,12.5,T4b,-0.0081698077414793513
flow/0000/036,10,0.83333333333333337,12.5,T4c,0.028364278776545498
flow/0000/036,10,0.83333333333333337,12.5,T4d,-0.036419737044722199
flow/0000/036,10,0.83333333333333337,12.5,T5a,0.0081948238846287526
flow/0000/036,10,0.83333333333333337,12.5,T5b,-0.0068473285667431938
flow/0000/036,10,0.83333333333333337,12.5,T5c,0.0029480024158510809
flow/0000/036,10,0.83333333333333337,12.5,T5d,0.0015763852693179981
flow/0000/036,11,0.91666666666666663,13.75,T4a,0.01094674797225681
flow/0000/036,11,0.91666666666666663,13.75,T4b,-0.0084462040174040996
flow/0000/036,11,0.91666666666666663,13.75,T4c,0.021391157908594999
flow/0000/036,11,0.91666666666666663,13.75,T4d,-0.026064729570151747
flow/0000/036,11,0.91666666666666663,13.75,T5a,0.0132603428959105
flow/0000/036,11,0.91666666666666663,13.75,T5b,-0.012462365579791301
flow/0000/036,11,0.91666666666666663,13.75,T5c,0.0049069259801447496
flow/0000/036,11,0.91666666666666663,13.75,T5d,-0.00098841329424809166
flow/0000/037,0,0,0,T4a,-0.013845562414693355
flow/0000/037,0,0,0,T4b,0.00083509478565644765
flow/0000/037,0,0,0,T4c,0.0099451148586487473
flow/0000/037,0,0,0,T4d,-0.0019522899348509495
flow/0000/037,0,0,0,T5a,-0.00051220813309064972
flow/0000/037,0,0,0,T5b,-0.0041670259186243064
flow/0000/037,0,0,0,T5c,0.0027285997843623996
flow/0000/037,0,0,0,T5d,-0.0011081829861867495
flow/0000/037,1,0.083333333333333301,1.25,T4a,-0.000376214851937548
flow/0000/037,1,0.083333333333333301,1.25,T4b,-0.0020555088293101043
flow/0000/037,1,0.083333333333333301,1.25,T4c,0.006554984362408655
flow/0000/037,1,0.083333333333333301,1.25,T4d,0.0012526856639796004
flow/0000/037,1,0.083333333333333301,1.25,T5a,0.0031311141308336485
flow/0000/037,1,0.083333333333333301,1.25,T5b,-0.0038428488767339036
flow/0000/037,1,0.083333333333333301,1.25,T5c,0.0044625969678164009
flow/0000/037,1,0.083333333333333301,1.25,T5d,-0.00093186787380285241
flow/0000/037,2,0.1666666666666666,2.5,T4a,-0.026507274372975898
flow/0000/037,2,0.1666666666666666,2.5,T4b,0.0042011278630177985
flow/0000/037,2,0.1666666666666666,2.5,T4c,0.0063019656613998998
flow/0000/037,2,0.1666666666666666,2.5,T4d,-0.0006963236349211005
flow/0000/037,2,0.1666666666666666,2.5,T5a,-0.0075293109354208996
flow/0000/037,2,0.1666666666666666,2.5,T5b,-0.0015675739989774451
flow/0000/037,2,0.1666666666666666,2.5,T5c,0.010392660579844901
flow/0000/037,2,0.1666666666666666,2.5,T5d,-0.0024280664332586473
flow/0000/037,3,0.25,3.75,T4a,0.0029128670040222959
flow/0000/037,3,0.25,3.75,T4b,-0.0043193473651927002
flow/0000/037,3,0.25,3.75,T4c,0.010208249566875403
flow/0000/037,3,0.25,3.75,T4d,-2.3297247866949436e-05
flow/0000/037,3,0.25,3.75,T5a,0.0044182993248197498
flow/0000/037,3,0.25,3.75,T5b,-0.0061531953214334495
flow/0000/037,3,0.25,3.75,T5c,0.00072475954686464922
flow/0000/037,3,0.25,3.75,T5d,-0.00076212643627830007
flow/0000/037,4,0.33333333333333331,5,T4a,0.0074587817940611478
flow/0000/037,4,0.33333333333333331,5,T4b,-0.0047774677638480513
flow/0000/037,4,0.33333333333333331,5,T4c,0.0084258373227945049
flow/0000/037,4,0.33333333333333331,5,T4d,-1.7819312569949605e-05
flow/0000/037,4,0.33333333333333331,5,T5a,0.0077392479096965996
flow/0000/037,4,0.33333333333333331,5,T5b,-0.004673199311540796
flow/0000/037,4,0.33333333333333331,5,T5c,0.0019281440876289004
flow/0000/037,4,0.33333333333333331,5,T5d,-0.00013818381562674675
flow/0000/037,5,0.41666666666666669,6.25,T4a,-0.011797724261878105
flow/0000/037,5,0.41666666666666669,6.25,T4b,0.0023001096665527
flow/0000/037,5,0.41666666666666669,6.25,T4c,0.0075839035694091547
flow/0000/037,5,0.41666666666666669,6.25,T4d,-0.0011891213399152015
flow/0000/037,5,0.41666666666666669,6.25,T5a,-0.0040804485793590993
flow/0000/037,5,0.41666666666666669,6.25,T5b,-0.0018227856519442004
flow/0000/037,5,0.41666666666666669,6.25,T5c,0.0014915747275743504
flow/0000/037,5,0.41666666666666669,6.25,T5d,-0.0028235569823935013
flow/0000/037,6,0.5,7.5,T4a,0.0077671737356369494
flow/0000/037,6,0.5,7.5,T4b,-0.0028747572953365524
flow/0000/037,6,0.5,7.5,T4c,0.0092570340284402995
flow/0000/037,6,0.5,7.5,T4d,-0.0020305560384859499
flow/0000/037,6,0.5,7.5,T5a,0.0032252612799284
flow/0000/037,6,0.5,7.5,T5b,-0.004108382522282808
flow/0000/037,6,0.5,7.5,T5c,0.0080521275048845483
flow/0000/037,6,0.5,7.5,T5d,-0.0029153274319288006
flow/0000/037,7,0.58333333333333337,8.75,T4a,-0.016934127249445506
flow/0000/037,7,0.58333333333333337,8.75,T4b,0.00068397501152140175
flow/0000/037,7,0.58333333333333337,8.75,T4c,0.0096035727126045009
flow/0000/037,7,0.58333333333333337,8.75,T4d,-0.0027725674750488007
flow/0000/037,7,0.58333333333333337,8.75,T5a,-0.0023581266404028006
flow/0000/037,7,0.58333333333333337,8.75,T5b,-0.0011201783434002383
flow/0000/037,7,0.58333333333333337,8.75,T5c,0.00945157984942235
flow/0000/037,7,0.58333333333333337,8.75,T5d,-0.0014309447603232002
flow/0000/037,8,0.66666666666666663,10,T4a,-0.028023583138182845
flow/0000/037,8,0.66666666666666663,10,T4b,0.0058030979532315459
flow/0000/037,8,0.66666666666666663,10,T4c,0.0037891786031317501
flow/0000/037,8,0.66666666666666663,10,T4d,-0.00098828504620710085
flow/0000/037,8,0.66666666666666663,10,T5a,-0.010883644939403848
flow/0000/037,8,0.66666666666666663,10,T5b,0.0023096573122316083
flow/0000/037,8,0.66666666666666663,10,T5c,0.0074127200947964504
flow/0000/037,8,0.66666666666666663,10,T5d,4.063073299465092e-05
flow/0000/037,9,0.75,11.25,T4a,-0.0042094246280816594
flow/0000/037,9,0.75,11.25,T4b,0.00087651652728935187
flow/0000/037,9,0.75,11.25,T4c,0.0068367484023373962
flow/0000/037,9,0.75,11.25,T4d,-0.0023824030964831495
flow/0000/037,9,0.75,11.25,T5a,-0.0018877915640579009
flow/0000/037,9,0.75,11.25,T5b,-0.0015229833272881049
flow/0000/037,9,0.75,11.25,T5c,0.0074660104892466999
flow/0000/037,9,0.75,11.25,T5d,1.1033133719601934e-05
flow/0000/037,10,0.83333333333333337,12.5,T4a,-0.028409311437128396
flow/0000/037,10,0.83333333333333337,12.5,T4b,0.0049141464168949017
flow/0000/037,10,0.83333333333333337,12.5,T4c,0.011829122095075049
flow/0000/037,10,0.83333333333333337,12.5,T4d,-0.0032584161173754497
flow/0000/037,10,0.83333333333333337,12.5,T5a,-0.0067974307953115494
flow/0000/037,10,0.83333333333333337,12.5,T5b,0.0025891868631843507
flow/0000/037,10,0.83333333333333337,12.5,T5c,0.0043429515234030998
flow/0000/037,10,0.83333333333333337,12.5,T5d,-0.0017621576156125994
flow/0000/037,11,0.91666666666666663,13.75,T4a,-0.029057295079935
flow/0000/037,11,0.91666666666666663,13.75,T4b,0.0044496193413359024
flow/0000/037,11,0.91666666666666663,13.75,T4c,0.010310022533634
flow/0000/037,11,0.91666666666666663,13.75,T4d,-0.0029558365654824507
flow/0000/037,11,0.91666666666666663,13.75,T5a,-0.006953186022665649
flow/0000/037,11,0.91666666666666663,13.75,T5b,0.00078016600571730044
flow/0000/037,11,0.91666666666666663,13.75,T5c,0.0075007793279193522
flow/0000/037,11,0.91666666666666663,13.75,T5d,-0.0014521640442686501
flow/0000/038,0,0,0,T4a,0.0061093540214033504
flow/0000/038,0,0,0,T4b,-0.001730016410196801
flow/0000/038,0,0,0,T4c,3.8656157457100937e-05
flow/0000/038,0,0,0,T4d,-0.00088754988052845013
flow/0000/038,0,0,0,T5a,0.0045600103150965528
flow/0000/038,0,0,0,T5b,-0.0037318427111402014
flow/0000/038,0,0,0,T5c,1.1064665713551858e-05
flow/0000/038,0,0,0,T5d,-0.00098207461625639259
flow/0000/038,1,0.083333333333333301,1.25,T4a,0.00293628463036575
flow/0000/038,1,0.083333333333333301,1.25,T4b,-0.0074520933129164427
flow/0000/038,1,0.083333333333333301,1.25,T4c,-0.0026390164433146429
flow/0000/038,1,0.083333333333333301,1.25,T4d,-0.0018908086408793989
flow/0000/038,1,0.083333333333333301,1.25,T5a,0.0029296328236526996
flow/0000/038,1,0.083333333333333301,1.25,T5b,-0.010466596397050401
flow/0000/038,1,0.083333333333333301,1.25,T5c,-0.0025914933411700508
flow/0000/038,1,0.083333333333333301,1.25,T5d,-0.0036098257481491092
flow/0000/038,2,0.1666666666666666,2.5,T4a,0.00015751220662534905
flow/0000/038,2,0.1666666666666666,2.5,T4b,-0.0025916654958953039
flow/0000/038,2,0.1666666666666666,2.5,T4c,-0.0023627737392191983
flow/0000/038,2,0.1666666666666666,2.5,T4d,0.00020404919122954997
flow/0000/038,2,0.1666666666666666,2.5,T5a,-0.00016704450553495231
flow/0000/038,2,0.1666666666666666,2.5,T5b,-0.0040521627467505483
flow/0000/038,2,0.1666666666666666,2.5,T5c,-0.0032610698954975009
flow/0000/038,2,0.1666666666666666,2.5,T5d,-0.0034650726995160974
flow/0000/038,3,0.25,3.75,T4a,0.00049501868810064922
flow/0000/038,3,0.25,3.75,T4b,-0.0020437669517963525
flow/0000/038,3,0.25,3.75,T4c,-0.0020471754067735992
flow/0000/038,3,0.25,3.75,T4d,-0.0039965160421895499
flow/0000/038,3,0.25,3.75,T5a,0.00057062392753595009
flow/0000/038,3,0.25,3.75,T5b,-0.0044430452605805498
flow/0000/038,3,0.25,3.75,T5c,-0.0026373321530204011
flow/0000/038,3,0.25,3.75,T5d,-0.00074653455557355253
flow/0000/038,4,0.33333333333333331,5,T4a,0.0039072779306485485
flow/0000/038,4,0.33333333333333331,5,T4b,-0.0047189891479862064
flow/0000/038,4,0.33333333333333331,5,T4c,-0.0027403089386274088
flow/0000/038,4,0.33333333333333331,5,T4d,-0.0075471311504876001
flow/0000/038,4,0.33333333333333331,5,T5a,0.0033331036770976492
flow/0000/038,4,0.33333333333333331,5,T5b,-0.0091737276357553993
flow/0000/038,4,0.33333333333333331,5,T5c,-0.0018133143639556988
flow/0000/038,4,0.33333333333333331,5,T5d,0.0018007867864326954
flow/0000/038,5,0.41666666666666669,6.25,T4a,0.0031350204795653498
flow/0000/038,5,0.41666666666666669,6.25,T4b,-3.8568059333804472e-05
flow/0000/038,5,0.41666666666666669,6.25,T4c,0.00063922868458199389
flow/0000/038,5,0.41666666666666669,6.25,T4d,-0.0059909932561936011
flow/0000/038,5,0.41666666666666669,6.25,T5a,0.0021921414146547531
flow/0000/038,5,0.41666666666666669,6.25,T5b,-0.0061841575024654538
flow/0000/038,5,0.41666666666666669,6.25,T5c,-0.00086974174099505031
flow/0000/038,5,0.41666666666666669,6.25,T5d,0.0027578971190314466
flow/0000/038,6,0.5,7.5,T4a,0.0013182663807569002
flow/0000/038,6,0.5,7.5,T4b,0.0010362018524257485
flow/0000/038,6,0.5,7.5,T4c,0.00025540422203630675
flow/0000/038,6,0.5,7.5,T4d,-0.0021860733689338004
flow/0000/038,6,0.5,7.5,T5a,0.0012563505331199994
flow/0000/038,6,0.5,7.5,T5b,-0.0030716530486430416
flow/0000/038,6,0.5,7.5,T5c,0.0022547312893297991
flow/0000/038,6,0.5,7.5,T5d,0.00069743548864555083
flow/0000/038,7,0.58333333333333337,8.75,T4a,0.0022009450188789498
flow/0000/038,7,0.58333333333333337,8.75,T4b,-0.0018983193123651987
flow/0000/038,7,0.58333333333333337,8.75,T4c,0.0009725423452446591
flow/0000/038,7,0.58333333333333337,8.75,T4d,-0.0068478109765514987
flow/0000/038,7,0.58333333333333337,8.75,T5a,0.0019198547402711
flow/0000/038,7,0.58333333333333337,8.75,T5b,-0.0034485813487266509
flow/0000/038,7,0.58333333333333337,8.75,T5c,0.0022533364300458998
flow/0000/038,7,0.58333333333333337,8.75,T5d,0.00068870707019605404
flow/0000/038,8,0.66666666666666663,10,T4a,0.0030057480410450987
flow/0000/038,8,0.66666666666666663,10,T4b,0.00015229720820079951
flow/0000/038,8,0.66666666666666663,10,T4c,0.0027458894924356075
flow/0000/038,8,0.66666666666666663,10,T4d,-0.0063730418607066495
flow/0000/038,8,0.66666666666666663,10,T5a,0.0018547913651800994
flow/0000/038,8,0.66666666666666663,10,T5b,0.00051640670656424859
flow/0000/038,8,0.66666666666666663,10,T5c,0.00065685705462749724
flow/0000/038,8,0.66666666666666663,10,T5d,0.0022317150070173541
flow/0000/038,9,0.75,11.25,T4a,0.0031036142008909508
flow/0000/038,9,0.75,11.25,T4b,-0.00097157568514829457
flow/0000/038,9,0.75,11.25,T4c,0.0032399573517704061
flow/0000/038,9,0.75,11.25,T4d,0.00044212737755814843
flow/0000/038,9,0.75,11.25,T5a,0.0027287766195466974
flow/0000/038,9,0.75,11.25,T5b,-0.0018466581180213021
flow/0000/038,9,0.75,11.25,T5c,0.001684477316198401
flow/0000/038,9,0.75,11.25,T5d,-0.0011445848404315062
flow/0000/038,10,0.83333333333333337,12.5,T4a,0.006043506513900801
flow/0000/038,10,0.83333333333333337,12.5,T4b,-0.0037686798356710502
flow/0000/038,10,0.83333333333333337,12.5,T4c,0.0033336860267173113
flow/0000/038,10,0.83333333333333337,12.5,T4d,0.0029719743663753498
flow/0000/038,10,0.83333333333333337,12.5,T5a,0.0049592391841242513
flow/0000/038,10,0.83333333333333337,12.5,T5b,-0.0041272986661700928
flow/0000/038,10,0.83333333333333337,12.5,T5c,0.0028586529426388001
flow/0000/038,10,0.83333333333333337,12.5,T5d,-0.0030851618411636972
flow/0000/038,11,0.91666666666666663,13.75,T4a,0.0033528893840498505
flow/0000/038,11,0.91666666666666663,13.75,T4b,0.0023638361141428005
flow/0000/038,11,0.91666666666666663,13.75,T4c,0.0029004693374452967
flow/0000/038,11,0.91666666666666663,13.75,T4d,0.0012035014672880998
flow/0000/038,11,0.91666666666666663,13.75,T5a,0.0018802137515536513
flow/0000/038,11,0.91666666666666663,13.75,T5b,0.0024942488259848405
flow/0000/038,11,0.91666666666666663,13.75,T5c,0.00093363453214674944
flow/0000/038,11,0.91666666666666663,13.75,T5d,-0.00093173702866949926
flow/0000/039,0,0,0,T4a,-0.014681344092546539
flow/0000/039,0,0,0,T4b,-0.0068006717211748016
flow/0000/039,0,0,0,T4c,0.0016794115705674045
flow/0000/039,0,0,0,T4d,0.0078308692529125493
flow/0000/039,0,0,0,T5a,0.0026042161487917492
flow/0000/039,0,0,0,T5b,-0.0017183709746408093
flow/0000/039,0,0,0,T5c,0.0050372697695410043
flow/0000/039,0,0,0,T5d,-0.023211449617561997
flow/0000/039,1,0.083333333333333301,1.25,T4a,-0.025069205651230539
flow/0000/039,1,0.083333333333333301,1.25,T4b,-0.012880210601782648
flow/0000/039,1,0.083333333333333301,1.25,T4c,0.011955894262937243
flow/0000/039,1,0.083333333333333301,1.25,T4d,0.0188408315929336
flow/0000/039,1,0.083333333333333301,1.25,T5a,-0.0012967631582632491
flow/0000/039,1,0.083333333333333301,1.25,T5b,-0.0035246839573279953
flow/0000/039,1,0.083333333333333301,1.25,T5c,-0.0027995641248625969
flow/0000/039,1,0.083333333333333301,1.25,T5d,-0.069663457564738213
flow/0000/039,2,0.1666666666666666,2.5,T4a,-0.17462021534677669
flow/0000/039,2,0.1666666666666666,2.5,T4b,0.01013063072837225
flow/0000/039,2,0.1666666666666666,2.5,T4c,-0.010733723189709547
flow/0000/039,2,0.1666666666666666,2.5,T4d,0.0040923141118183494
flow/0000/039,2,0.1666666666666666,2.5,T5a,-0.014272387690447995
flow/0000/039,2,0.1666666666666666,2.5,T5b,0.013807833404200165
flow/0000/039,2,0.1666666666666666,2.5,T5c,0.019461367584399702
flow/0000/039,2,0.1666666666666666,2.5,T5d,-0.028441310232662748
flow/0000/039,3,0.25,3.75,T4a,-0.015192467126812409
flow/0000/039,3,0.25,3.75,T4b,-0.0064672684454398013
flow/0000/039,3,0.25,3.75,T4c,0.0060817599692226526
flow/0000/039,3,0.25,3.75,T4d,0.0071646559900082982
flow/0000/039,3,0.25,3.75,T5a,0.0013981859490101514
flow/0000/039,3,0.25,3.75,T5b,-0.022634220820438755
flow/0000/039,3,0.25,3.75,T5c,0.0052208450777870979
flow/0000/039,3,0.25,3.75,T5d,-0.012035113126608904
flow/0000/039,4,0.33333333333333331,5,T4a,-0.0023676143200790506
flow/0000/039,4,0.33333333333333331,5,T4b,-0.0144606453733684
flow/0000/039,4,0.33333333333333331,5,T4c,-0.0027008838533693971
flow/0000/039,4,0.33333333333333331,5,T4d,0.0239612756027223
flow/0000/039,4,0.33333333333333331,5,T5a,-0.00084177112183195235
flow/0000/039,4,0.33333333333333331,5,T5b,-0.010541716191195066
flow/0000/039,4,0.33333333333333331,5,T5c,0.0015253071586365519
flow/0000/039,4,0.33333333333333331,5,T5d,-0.051455920759691742
flow/0000/039,5,0.41666666666666669,6.25,T4a,-0.15614553675807605
flow/0000/039,5,0.41666666666666669,6.25,T4b,0.006922077016222751
flow/0000/039,5,0.41666666666666669,6.25,T4c,0.001210355312280649
flow/0000/039,5,0.41666666666666669,6.25,T4d,0.015712436442504099
flow/0000/039,5,0.41666666666666669,6.25,T5a,-0.0092888326737532029
flow/0000/039,5,0.41666666666666669,6.25,T5b,0.0099708873163226464
flow/0000/039,5,0.41666666666666669,6.25,T5c,0.011923587041915304
flow/0000/039,5,0.41666666666666669,6.25,T5d,-0.020129843962172156
flow/0000/039,6,0.5,7.5,T4a,-0.02135850650336879
flow/0000/039,6,0.5,7.5,T4b,-0.0060110750469341487
flow/0000/039,6,0.5,7.5,T4c,-0.0072121762975102463
flow/0000/039,6,0.5,7.5,T4d,0.014984667313322301
flow/0000/039,6,0.5,7.5,T5a,0.0041079267908490993
flow/0000/039,6,0.5,7.5,T5b,-0.0015180378520975868
flow/0000/039,6,0.5,7.5,T5c,0.013468420102690046
flow/0000/039,6,0.5,7.5,T5d,-0.016684779825691609
flow/0000/039,7,0.58333333333333337,8.75,T4a,-0.045028695807509594
flow/0000/039,7,0.58333333333333337,8.75,T4b,0.0025575396329857031
flow/0000/039,7,0.58333333333333337,8.75,T4c,-0.00086385545897445237
flow/0000/039,7,0.58333333333333337,8.75,T4d,0.016224151232157202
flow/0000/039,7,0.58333333333333337,8.75,T5a,-0.014188526368978646
flow/0000/039,7,0.58333333333333337,8.75,T5b,0.012442565135268896
flow/0000/039,7,0.58333333333333337,8.75,T5c,0.0024256194989749971
flow/0000/039,7,0.58333333333333337,8.75,T5d,-0.065425710433973494
flow/0000/039,8,0.66666666666666663,10,T4a,-0.18893501598634296
flow/0000/039,8,0.66666666666666663,10,T4b,0.018278620424203602
flow/0000/039,8,0.66666666666666663,10,T4c,-0.012609179525819296
flow/0000/039,8,0.66666666666666663,10,T4d,0.01090109590089265
flow/0000/039,8,0.66666666666666663,10,T5a,-0.017756204760439806
flow/0000/039,8,0.66666666666666663,10,T5b,0.025788795406513437
flow/0000/039,8,0.66666666666666663,10,T5c,0.014192022959007497
flow/0000/039,8,0.66666666666666663,10,T5d,-0.030951424364837249
flow/0000/039,9,0.75,11.25,T4a,-0.063352864060113853
flow/0000/039,9,0.75,11.25,T4b,-0.0027879784128535014
flow/0000/039,9,0.75,11.25,T4c,0.009532627047909803
flow/0000/039,9,0.75,11.25,T4d,0.011756064383699999
flow/0000/039,9,0.75,11.25,T5a,-0.0077041739410269525
flow/0000/039,9,0.75,11.25,T5b,0.0064024821783666419
flow/0000/039,9,0.75,11.25,T5c,-0.0037919924398193555
flow/0000/039,9,0.75,11.25,T5d,-0.049139053970461088
flow/0000/039,10,0.83333333333333337,12.5,T4a,-0.039596167687709447
flow/0000/039,10,0.83333333333333337,12.5,T4b,-0.0037890074039681997
flow/0000/039,10,0.83333333333333337,12.5,T4c,0.0036805950772796497
flow/0000/039,10,0.83333333333333337,12.5,T4d,0.020534945387512549
flow/0000/039,10,0.83333333333333337,12.5,T5a,-0.01120904210302355
flow/0000/039,10,0.83333333333333337,12.5,T5b,0.013312174809421845
flow/0000/039,10,0.83333333333333337,12.5,T5c,0.015690812977608552
flow/0000/039,10,0.83333333333333337,12.5,T5d,-0.010491322533927289
flow/0000/039,11,0.91666666666666663,13.75,T4a,-0.1209437106079552
flow/0000/039,11,0.91666666666666663,13.75,T4b,0.019627160519281251
flow/0000/039,11,0.91666666666666663,13.75,T4c,-0.0010845325074925957
flow/0000/039,11,0.91666666666666663,13.75,T4d,0.010255806604838651
flow/0000/039,11,0.91666666666666663,13.75,T5a,-0.019314639296424851
flow/0000/039,11,0.91666666666666663,13.75,T5b,0.025766122212061648
flow/0000/039,11,0.91666666666666663,13.75,T5c,0.0091315019942885024
flow/0000/039,11,0.91666666666666663,13.75,T5d,-0.029097284841358151
flow/0000/040,0,0,0,T4a,0.0021714978714131444
flow/0000/040,0,0,0,T4b,-0.0050108086327949608
flow/0000/040,0,0,0,T4c,-0.0010497638418827948
flow/0000/040,0,0,0,T4d,-0.00023258462255794886
flow/0000/040,0,0,0,T5a,0.00039489790144535408
flow/0000/040,0,0,0,T5b,0.0010027212937592511
flow/0000/040,0,0,0,T5c,-0.003946600512757849
flow/0000/040,0,0,0,T5d,-0.0012579625625981083
flow/0000/040,1,0.083333333333333301,1.25,T4a,-0.0024353203673179516
flow/0000/040,1,0.083333333333333301,1.25,T4b,0.0036659754853519549
flow/0000/040,1,0.083333333333333301,1.25,T4c,-0.0021222747031250933
flow/0000/040,1,0.083333333333333301,1.25,T4d,-0.0027342827129349994
flow/0000/040,1,0.083333333333333301,1.25,T5a,-0.00021362452884460259
flow/0000/040,1,0.083333333333333301,1.25,T5b,-0.0004467910625378102
flow/0000/040,1,0.083333333333333301,1.25,T5c,-0.0056279500189472505
flow/0000/040,1,0.083333333333333301,1.25,T5d,-0.0027018929677800063
flow/0000/040,2,0.1666666666666666,2.5,T4a,-0.0047094262795404976
flow/0000/040,2,0.1666666666666666,2.5,T4b,0.0061790519231049446
flow/0000/040,2,0.1666666666666666,2.5,T4c,-0.004806496265997745
flow/0000/040,2,0.1666666666666666,2.5,T4d,-0.0011124608733973501
flow/0000/040,2,0.1666666666666666,2.5,T5a,-0.0017974847743735534
flow/0000/040,2,0.1666666666666666,2.5,T5b,0.00077036849787728845
flow/0000/040,2,0.1666666666666666,2.5,T5c,-0.0034783312793281
flow/0000/040,2,0.1666666666666666,2.5,T5d,-0.0027948802083807012
flow/0000/040,3,0.25,3.75,T4a,-0.0062900721737678966
flow/0000/040,3,0.25,3.75,T4b,0.0056803253608969928
flow/0000/040,3,0.25,3.75,T4c,-0.0028020473599652956
flow/0000/040,3,0.25,3.75,T4d,-0.00051132208603124965
flow/0000/040,3,0.25,3.75,T5a,0.0011737747729943515
flow/0000/040,3,0.25,3.75,T5b,-0.0032527063869284834
flow/0000/040,3,0.25,3.75,T5c,-0.0008111891985177512
flow/0000/040,3,0.25,3.75,T5d,-0.0014590884435093932
flow/0000/040,4,0.33333333333333331,5,T4a,-0.010458806578012292
flow/0000/040,4,0.33333333333333331,5,T4b,0.015224040803943198
flow/0000/040,4,0.33333333333333331,5,T4c,-0.0023082681448536035
flow/0000/040,4,0.33333333333333331,5,T4d,-0.0043608409337486994
flow/0000/040,4,0.33333333333333331,5,T5a,0.0024218645989931564
flow/0000/040,4,0.33333333333333331,5,T5b,-0.0033985007197644412
flow/0000/040,4,0.33333333333333331,5,T5c,-0.0037749315279311507
flow/0000/040,4,0.33333333333333331,5,T5d,-0.0029313163720016411
flow/0000/040,5,0.41666666666666669,6.25,T4a,-0.0086512943119490954
flow/0000/040,5,0.41666666666666669,6.25,T4b,0.013407855832221996
flow/0000/040,5,0.41666666666666669,6.25,T4c,-0.00071226698367080066
flow/0000/040,5,0.41666666666666669,6.25,T4d,-0.0024751475395878497
flow/0000/040,5,0.41666666666666669,6.25,T5a,0.00012582589672290034
flow/0000/040,5,0.41666666666666669,6.25,T5b,-0.00084039898892529497
flow/0000/040,5,0.41666666666666669,6.25,T5c,0.0010131618055059504
flow/0000/040,5,0.41666666666666669,6.25,T5d,-0.00015903618961704558
flow/0000/040,6,0.5,7.5,T4a,-0.0046586552086234495
flow/0000/040,6,0.5,7.5,T4b,0.0075074993838599585
flow/0000/040,6,0.5,7.5,T4c,0.0010099316740752456
flow/0000/040,6,0.5,7.5,T4d,-0.00066273124650819987
flow/0000/040,6,0.5,7.5,T5a,0.0013696787339824434
flow/0000/040,6,0.5,7.5,T5b,-0.0026136633570466028
flow/0000/040,6,0.5,7.5,T5c,0.0019826212328437499
flow/0000/040,6,0.5,7.5,T5d,0.00057187490288232445
flow/0000/040,7,0.58333333333333337,8.75,T4a,-0.0028731162217601053
flow/0000/040,7,0.58333333333333337,8.75,T4b,0.007143849051357537
flow/0000/040,7,0.58333333333333337,8.75,T4c,0.0016942991469924978
flow/0000/040,7,0.58333333333333337,8.75,T4d,-0.0023610651830471008
flow/0000/040,7,0.58333333333333337,8.75,T5a,0.0020142604398532965
flow/0000/040,7,0.58333333333333337,8.75,T5b,-0.0030809509251256417
flow/0000/040,7,0.58333333333333337,8.75,T5c,0.00062858638509120067
flow/0000/040,7,0.58333333333333337,8.75,T5d,0.00067837282953775446
flow/0000/040,8,0.66666666666666663,10,T4a,0.0012515076240723483
flow/0000/040,8,0.66666666666666663,10,T4b,0.00082937615270294029
flow/0000/040,8,0.66666666666666663,10,T4c,0.0021190186544692569
flow/0000/040,8,0.66666666666666663,10,T4d,-0.0019740840461918993
flow/0000/040,8,0.66666666666666663,10,T5a,-0.0023793048679720957
flow/0000/040,8,0.66666666666666663,10,T5b,0.0045189349160700831
flow/0000/040,8,0.66666666666666663,10,T5c,0.0016542038121147486
flow/0000/040,8,0.66666666666666663,10,T5d,0.002221770002725304
flow/0000/040,9,0.75,11.25,T4a,0.0051448593400376524
flow/0000/040,9,0.75,11.25,T4b,-0.0063772361144438933
flow/0000/040,9,0.75,11.25,T4c,0.0021464024324969605
flow/0000/040,9,0.75,11.25,T4d,-0.00072513262076325056
flow/0000/040,9,0.75,11.25,T5a,-0.00077148647689199989
flow/0000/040,9,0.75,11.25,T5b,0.0030387683533097953
flow/0000/040,9,0.75,11.25,T5c,-0.0010038823755478508
flow/0000/040,9,0.75,11.25,T5d,0.00095456215069639194
flow/0000/040,10,0.83333333333333337,12.5,T4a,0.0043035732735850485
flow/0000/040,10,0.83333333333333337,12.5,T4b,-0.0038977933525194131
flow/0000/040,10,0.83333333333333337,12.5,T4c,0.0027693189394956408
flow/0000/040,10,0.83333333333333337,12.5,T4d,0.0015345463092441506
flow/0000/040,10,0.83333333333333337,12.5,T5a,0.00067961361092150341
flow/0000/040,10,0.83333333333333337,12.5,T5b,0.00034335180505626339
flow/0000/040,10,0.83333333333333337,12.5,T5c,0.0033310852885113998
flow/0000/040,10,0.83333333333333337,12.5,T5d,0.0017850594641277973
flow/0000/040,11,0.91666666666666663,13.75,T4a,0.0031144780881618012
flow/0000/040,11,0.91666666666666663,13.75,T4b,-0.0024519776628750961
flow/0000/040,11,0.91666666666666663,13.75,T4c,-0.00076327157122355049
flow/0000/040,11,0.91666666666666663,13.75,T4d,0.0010877829704193003
flow/0000/040,11,0.91666666666666663,13.75,T5a,-0.00087198761643370037
flow/0000/040,11,0.91666666666666663,13.75,T5b,0.0033034288511016863
flow/0000/040,11,0.91666666666666663,13.75,T5c,0.0032113024503507993
flow/0000/040,11,0.91666666666666663,13.75,T5d,0.00048773005799829239
flow/0000/041,0,0,0,T4a,-0.001584471062088047
flow/0000/041,0,0,0,T4b,-0.0013704084650320997
flow/0000/041,0,0,0,T4c,-0.0032492730189278007
flow/0000/041,0,0,0,T4d,0.03567114709578656
flow/0000/041,0,0,0,T5a,-0.0006858238116998483
flow/0000/041,0,0,0,T5b,-0.0072831439091003009
flow/0000/041,0,0,0,T5c,0.0052419112588558501
flow/0000/041,0,0,0,T5d,0.00081654396162123
flow/0000/041,1,0.083333333333333301,1.25,T4a,-0.0053031695536591567
flow/0000/041,1,0.083333333333333301,1.25,T4b,-0.0060916633685054594
flow/0000/041,1,0.083333333333333301,1.25,T4c,-0.013846945275951747
flow/0000/041,1,0.083333333333333301,1.25,T4d,0.10133448622985516
flow/0000/041,1,0.083333333333333301,1.25,T5a,-0.021165011294653299
flow/0000/041,1,0.083333333333333301,1.25,T5b,-0.064972428418661049
flow/0000/041,1,0.083333333333333301,1.25,T5c,0.0056076876140038999
flow/0000/041,1,0.083333333333333301,1.25,T5d,0.0018769023176459232
flow/0000/041,2,0.1666666666666666,2.5,T4a,-0.0029652679059835457
flow/0000/041,2,0.1666666666666666,2.5,T4b,0.0018569671628068524
flow/0000/041,2,0.1666666666666666,2.5,T4c,-0.017594848497787752
flow/0000/041,2,0.1666666666666666,2.5,T4d,0.1268999778149143
flow/0000/041,2,0.1666666666666666,2.5,T5a,0.013651151069116504
flow/0000/041,2,0.1666666666666666,2.5,T5b,0.046887492864479248
flow/0000/041,2,0.1666666666666666,2.5,T5c,0.0083953308101175506
flow/0000/041,2,0.1666666666666666,2.5,T5d,2.4539644736476518e-05
flow/0000/041,3,0.25,3.75,T4a,-0.0022005201359276555
flow/0000/041,3,0.25,3.75,T4b,-0.005181443734505603
flow/0000/041,3,0.25,3.75,T4c,-0.010278785595925696
flow/0000/041,3,0.25,3.75,T4d,0.083880306959635498
flow/0000/041,3,0.25,3.75,T5a,0.0004365747353637997
flow/0000/041,3,0.25,3.75,T5b,0.0006835699297229993
flow/0000/041,3,0.25,3.75,T5c,0.0037227980330845501
flow/0000/041,3,0.25,3.75,T5d,0.0061726212046116502
flow/0000/041,4,0.33333333333333331,5,T4a,-0.00019112704107290823
flow/0000/041,4,0.33333333333333331,5,T4b,-0.0071948167629211496
flow/0000/041,4,0.33333333333333331,5,T4c,-0.0080235155842997979
flow/0000/041,4,0.33333333333333331,5,T4d,0.084979982234565307
flow/0000/041,4,0.33333333333333331,5,T5a,-0.0017675365352652003
flow/0000/041,4,0.33333333333333331,5,T5b,-0.013179674203179651
flow/0000/041,4,0.33333333333333331,5,T5c,0.0071766360250994999
flow/0000/041,4,0.33333333333333331,5,T5d,0.013706164654669561
flow/0000/041,5,0.41666666666666669,6.25,T4a,-0.0020321325072384933
flow/0000/041,5,0.41666666666666669,6.25,T4b,0.0052090888190583079
flow/0000/041,5,0.41666666666666669,6.25,T4c,-0.011999457015703555
flow/0000/041,5,0.41666666666666669,6.25,T4d,0.093405693348708504
flow/0000/041,5,0.41666666666666669,6.25,T5a,0.025235353748615394
flow/0000/041,5,0.41666666666666669,6.25,T5b,0.079522311706032939
flow/0000/041,5,0.41666666666666669,6.25,T5c,0.0053984482883501494
flow/0000/041,5,0.41666666666666669,6.25,T5d,0.0064105561033258041
flow/0000/041,6,0.5,7.5,T4a,-0.0048064327124916068
flow/0000/041,6,0.5,7.5,T4b,-0.00096228646075910418
flow/0000/041,6,0.5,7.5,T4c,-0.010083856531325347
flow/0000/041,6,0.5,7.5,T4d,0.095167893270411794
flow/0000/041,6,0.5,7.5,T5a,-0.010989480721948448
flow/0000/041,6,0.5,7.5,T5b,-0.0093544649156111995
flow/0000/041,6,0.5,7.5,T5c,0.0046702614020063503
flow/0000/041,6,0.5,7.5,T5d,0.0053109403097978403
flow/0000/041,7,0.58333333333333337,8.75,T4a,-0.0034099948393526008
flow/0000/041,7,0.58333333333333337,8.75,T4b,-0.005552747001387151
flow/0000/041,7,0.58333333333333337,8.75,T4c,-0.011456917804257602
flow/0000/041,7,0.58333333333333337,8.75,T4d,0.132275330302699
flow/0000/041,7,0.58333333333333337,8.75,T5a,-0.010502505999644404
flow/0000/041,7,0.58333333333333337,8.75,T5b,0.00084567537864585051
flow/0000/041,7,0.58333333333333337,8.75,T5c,0.0069698517477630503
flow/0000/041,7,0.58333333333333337,8.75,T5d,0.012840834295342995
flow/0000/041,8,0.66666666666666663,10,T4a,-0.0073200238143178997
flow/0000/041,8,0.66666666666666663,10,T4b,0.0079767902107964472
flow/0000/041,8,0.66666666666666663,10,T4c,-0.0074055418109342519
flow/0000/041,8,0.66666666666666663,10,T4d,0.07398588409654995
flow/0000/041,8,0.66666666666666663,10,T5a,0.010835861550071352
flow/0000/041,8,0.66666666666666663,10,T5b,0.10215216280872395
flow/0000/041,8,0.66666666666666663,10,T5c,0.0070189498354114501
flow/0000/041,8,0.66666666666666663,10,T5d,0.0081799188056724259
flow/0000/041,9,0.75,11.25,T4a,0.0022914362124672044
flow/0000/041,9,0.75,11.25,T4b,0.0052576728704979009
flow/0000/041,9,0.75,11.25,T4c,-0.0075936918506776946
flow/0000/041,9,0.75,11.25,T4d,0.082560356050235692
flow/0000/041,9,0.75,11.25,T5a,-0.0057705804614233552
flow/0000/041,9,0.75,11.25,T5b,0.001621388081508697
flow/0000/041,9,0.75,11.25,T5c,0.0039367182607742499
flow/0000/041,9,0.75,11.25,T5d,0.0040301447350881148
flow/0000/041,10,0.83333333333333337,12.5,T4a,-0.0053384202168507422
flow/0000/041,10,0.83333333333333337,12.5,T4b,-0.0017827559262330039
flow/0000/041,10,0.83333333333333337,12.5,T4c,-0.018285500731909501
flow/0000/041,10,0.83333333333333337,12.5,T4d,0.1550699052762578
flow/0000/041,10,0.83333333333333337,12.5,T5a,-0.0024681726806208004
flow/0000/041,10,0.83333333333333337,12.5,T5b,-0.0097381266401107489
flow/0000/041,10,0.83333333333333337,12.5,T5c,0.0066184910706275002
flow/0000/041,10,0.83333333333333337,12.5,T5d,0.016934591273184085
flow/0000/041,11,0.91666666666666663,13.75,T4a,-0.0044203360183348445
flow/0000/041,11,0.91666666666666663,13.75,T4b,0.0065755251742089099
flow/0000/041,11,0.91666666666666663,13.75,T4c,-0.011474658433407697
flow/0000/041,11,0.91666666666666663,13.75,T4d,0.10097941309163
flow/0000/041,11,0.91666666666666663,13.75,T5a,0.023474289413428447
flow/0000/041,11,0.91666666666666663,13.75,T5b,0.1020913655564803
flow/0000/041,11,0.91666666666666663,13.75,T5c,0.0057532083614671497
flow/0000/041,11,0.91666666666666663,13.75,T5d,0.01231330202651626
flow/0000/042,0,0,0,T4a,0.013612862776314294
flow/0000/042,0,0,0,T4b,-0.0045518888175971996
flow/0000/042,0,0,0,T4c,0.001411597106156702
flow/0000/042,0,0,0,T4d,0.0028932296836812615
flow/0000/042,0,0,0,T5a,-0.00062083626408999948
flow/0000/042,0,0,0,T5b,-0.0045853177838698911
flow/0000/042,0,0,0,T5c,0.0026019194528779516
flow/0000/042,0,0,0,T5d,-0.0021681921907908963
flow/0000/042,1,0.083333333333333301,1.25,T4a,0.0026455385956931504
flow/0000/042,1,0.083333333333333301,1.25,T4b,-0.0029715714862729998
flow/0000/042,1,0.083333333333333301,1.25,T4c,0.0034613500803604563
flow/0000/042,1,0.083333333333333301,1.25,T4d,0.0067457302884532527
flow/0000/042,1,0.083333333333333301,1.25,T5a,0.0006450351055787007
flow/0000/042,1,0.083333333333333301,1.25,T5b,-0.0081830815794599054
flow/0000/042,1,0.083333333333333301,1.25,T5c,0.0024593573641890631
flow/0000/042,1,0.083333333333333301,1.25,T5d,-0.0011942963770628506
flow/0000/042,2,0.1666666666666666,2.5,T4a,-0.020719339576562745
flow/0000/042,2,0.1666666666666666,2.5,T4b,0.0054036301909345498
flow/0000/042,2,0.1666666666666666,2.5,T4c,0.00047309952177279624
flow/0000/042,2,0.1666666666666666,2.5,T4d,0.0033648959466709982
flow/0000/042,2,0.1666666666666666,2.5,T5a,-0.0071984404306179028
flow/0000/042,2,0.1666666666666666,2.5,T5b,0.0036302878839005459
flow/0000/042,2,0.1666666666666666,2.5,T5c,-0.0036953839108392478
flow/0000/042,2,0.1666666666666666,2.5,T5d,-0.0096958709907667417
flow/0000/042,3,0.25,3.75,T4a,0.0017323990522485483
flow/0000/042,3,0.25,3.75,T4b,-0.0021885311298591001
flow/0000/042,3,0.25,3.75,T4c,0.00082920120628660055
flow/0000/042,3,0.25,3.75,T4d,0.006783242024507953
flow/0000/042,3,0.25,3.75,T5a,0.00082669362840869648
flow/0000/042,3,0.25,3.75,T5b,-0.0090170960352219942
flow/0000/042,3,0.25,3.75,T5c,-0.0017916560854743524
flow/0000/042,3,0.25,3.75,T5d,0.00088923549956985981
flow/0000/042,4,0.33333333333333331,5,T4a,0.0077147653848795572
flow/0000/042,4,0.33333333333333331,5,T4b,-0.0048140360662330007
flow/0000/042,4,0.33333333333333331,5,T4c,0.0042928408448277555
flow/0000/042,4,0.33333333333333331,5,T4d,0.0056695892578011997
flow/0000/042,4,0.33333333333333331,5,T5a,0.0044712767780119497
flow/0000/042,4,0.33333333333333331,5,T5b,-0.012824910556636288
flow/0000/042,4,0.33333333333333331,5,T5c,0.0069540354065271565
flow/0000/042,4,0.33333333333333331,5,T5d,0.0050019310856819488
flow/0000/042,5,0.41666666666666669,6.25,T4a,-0.010904277577022253
flow/0000/042,5,0.41666666666666669,6.25,T4b,0.0013184564969427001
flow/0000/042,5,0.41666666666666669,6.25,T4c,0.0016818918241865016
flow/0000/042,5,0.41666666666666669,6.25,T4d,0.015793644723579553
flow/0000/042,5,0.41666666666666669,6.25,T5a,-0.00011338111328229594
flow/0000/042,5,0.41666666666666669,6.25,T5b,0.0034003323349638404
flow/0000/042,5,0.41666666666666669,6.25,T5c,0.0015861362179304533
flow/0000/042,5,0.41666666666666669,6.25,T5d,0.00057904442689424296
flow/0000/042,6,0.5,7.5,T4a,0.011374030301088939
flow/0000/042,6,0.5,7.5,T4b,-0.0038119691203142001
flow/0000/042,6,0.5,7.5,T4c,-0.0042076661159906464
flow/0000/042,6,0.5,7.5,T4d,0.0049367543299684499
flow/0000/042,6,0.5,7.5,T5a,0.0051085473494481975
flow/0000/042,6,0.5,7.5,T5b,-0.0099703130624766989
flow/0000/042,6,0.5,7.5,T5c,-0.0022959976166714025
flow/0000/042,6,0.5,7.5,T5d,-0.00055485617586505109
flow/0000/042,7,0.58333333333333337,8.75,T4a,0.022202187657107603
flow/0000/042,7,0.58333333333333337,8.75,T4b,-0.0055396486990592492
flow/0000/042,7,0.58333333333333337,8.75,T4c,-0.0064291577851893558
flow/0000/042,7,0.58333333333333337,8.75,T4d,-0.0018867559588148022
flow/0000/042,7,0.58333333333333337,8.75,T5a,0.0062982593320672492
flow/0000/042,7,0.58333333333333337,8.75,T5b,-4.9833644928942711e-06
flow/0000/042,7,0.58333333333333337,8.75,T5c,0.0011517007494457471
flow/0000/042,7,0.58333333333333337,8.75,T5d,-0.0038886342853151484
flow/0000/042,8,0.66666666666666663,10,T4a,-0.012002473377095049
flow/0000/042,8,0.66666666666666663,10,T4b,0.0051579911961108504
flow/0000/042,8,0.66666666666666663,10,T4c,0.0015223702159542496
flow/0000/042,8,0.66666666666666663,10,T4d,0.0029818481237725986
flow/0000/042,8,0.66666666666666663,10,T5a,-0.002977192814338947
flow/0000/042,8,0.66666666666666663,10,T5b,0.023764979024873317
flow/0000/042,8,0.66666666666666663,10,T5c,0.0024577294605098998
flow/0000/042,8,0.66666666666666663,10,T5d,-0.0092510914857096005
flow/0000/042,9,0.75,11.25,T4a,0.0051718079202927592
flow/0000/042,9,0.75,11.25,T4b,-0.0019743947621848499
flow/0000/042,9,0.75,11.25,T4c,-0.0052823620419307493
flow/0000/042,9,0.75,11.25,T4d,0.0046669637483025411
flow/0000/042,9,0.75,11.25,T5a,0.00042672455486349875
flow/0000/042,9,0.75,11.25,T5b,0.010040749216631895
flow/0000/042,9,0.75,11.25,T5c,0.0025375997110945459
flow/0000/042,9,0.75,11.25,T5d,0.0024286064563341925
flow/0000/042,10,0.83333333333333337,12.5,T4a,0.019668395125932048
flow/0000/042,10,0.83333333333333337,12.5,T4b,-0.0052997012730287502
flow/0000/042,10,0.83333333333333337,12.5,T4c,-0.00080363271759354565
flow/0000/042,10,0.83333333333333337,12.5,T4d,-0.00081355931998940145
flow/0000/042,10,0.83333333333333337,12.5,T5a,0.0040089065774045959
flow/0000/042,10,0.83333333333333337,12.5,T5b,-0.006156210583754762
flow/0000/042,10,0.83333333333333337,12.5,T5c,0.0100364838410123
flow/0000/042,10,0.83333333333333337,12.5,T5d,0.0064499726236992433
flow/0000/042,11,0.91666666666666663,13.75,T4a,-0.0062968349268155976
flow/0000/042,11,0.91666666666666663,13.75,T4b,0.0052611688949812004
flow/0000/042,11,0.91666666666666663,13.75,T4c,-0.0044268052250091006
flow/0000/042,11,0.91666666666666663,13.75,T4d,-0.011772051237113494
flow/0000/042,11,0.91666666666666663,13.75,T5a,-0.007313749435028799
flow/0000/042,11,0.91666666666666663,13.75,T5b,0.0059613568965820041
flow/0000/042,11,0.91666666666666663,13.75,T5c,0.0034420235190311538
flow/0000/042,11,0.91666666666666663,13.75,T5d,-0.0010464936146608456
flow/0000/043,0,0,0,T4a,-0.0023563639928143518
flow/0000/043,0,0,0,T4b,0.0038304303316428027
flow/0000/043,0,0,0,T4c,0.00077999318875314992
flow/0000/043,0,0,0,T4d,-0.001050772006467849
flow/0000/043,0,0,0,T5a,0.00086500142666070048
flow/0000/043,0,0,0,T5b,-0.00070303450566440093
flow/0000/043,0,0,0,T5c,0.0016624750342896493
flow/0000/043,0,0,0,T5d,-0.0011650011728132487
flow/0000/043,1,0.083333333333333301,1.25,T4a,-0.0076895966757182521
flow/0000/043,1,0.083333333333333301,1.25,T4b,-0.0016908516000598492
flow/0000/043,1,0.083333333333333301,1.25,T4c,0.0016186814445306504
flow/0000/043,1,0.083333333333333301,1.25,T4d,-0.004051119492864047
flow/0000/043,1,0.083333333333333301,1.25,T5a,-0.0040607198687938996
flow/0000/043,1,0.083333333333333301,1.25,T5b,0.00016722816424050158
flow/0000/043,1,0.083333333333333301,1.25,T5c,-0.0033508705003905005
flow/0000/043,1,0.083333333333333301,1.25,T5d,-0.0030699177275699541
flow/0000/043,2,0.1666666666666666,2.5,T4a,-0.0013687460611161995
flow/0000/043,2,0.1666666666666666,2.5,T4b,0.00019268741088670008
flow/0000/043,2,0.1666666666666666,2.5,T4c,0.0042531624919809503
flow/0000/043,2,0.1666666666666666,2.5,T4d,-0.0034074434390510486
flow/0000/043,2,0.1666666666666666,2.5,T5a,-0.00066190458046750007
flow/0000/043,2,0.1666666666666666,2.5,T5b,0.00015068235621929979
flow/0000/043,2,0.1666666666666666,2.5,T5c,-0.0027056735590266501
flow/0000/043,2,0.1666666666666666,2.5,T5d,-0.0018237162935454999
flow/0000/043,3,0.25,3.75,T4a,-0.0027907713383238525
flow/0000/043,3,0.25,3.75,T4b,2.106875861447588e-06
flow/0000/043,3,0.25,3.75,T4c,0.0014390213950990494
flow/0000/043,3,0.25,3.75,T4d,-0.0048774500729708466
flow/0000/043,3,0.25,3.75,T5a,0.00086864043628000036
flow/0000/043,3,0.25,3.75,T5b,-0.0012809338761397004
flow/0000/043,3,0.25,3.75,T5c,-0.002716948969938
flow/0000/043,3,0.25,3.75,T5d,-0.0033559226559084984
flow/0000/043,4,0.33333333333333331,5,T4a,-0.0043837109615987024
flow/0000/043,4,0.33333333333333331,5,T4b,-0.0033362145162060507
flow/0000/043,4,0.33333333333333331,5,T4c,0.00064220905497184948
flow/0000/043,4,0.33333333333333331,5,T4d,-0.0034870910400299007
flow/0000/043,4,0.33333333333333331,5,T5a,-0.0040395603663457499
flow/0000/043,4,0.33333333333333331,5,T5b,0.0010223744245067001
flow/0000/043,4,0.33333333333333331,5,T5c,-0.0026279090757275504
flow/0000/043,4,0.33333333333333331,5,T5d,-0.0022734200291492992
flow/0000/043,5,0.41666666666666669,6.25,T4a,0.0061904162283380505
flow/0000/043,5,0.41666666666666669,6.25,T4b,0.0011026165170315988
flow/0000/043,5,0.41666666666666669,6.25,T4c,0.0020733780962449485
flow/0000/043,5,0.41666666666666669,6.25,T4d,-0.0065836501717264004
flow/0000/043,5,0.41666666666666669,6.25,T5a,0.00063724771252010072
flow/0000/043,5,0.41666666666666669,6.25,T5b,0.0014633677247318996
flow/0000/043,5,0.41666666666666669,6.25,T5c,-0.0039008270071790507
flow/0000/043,5,0.41666666666666669,6.25,T5d,-0.00084594182973049895
flow/0000/043,6,0.5,7.5,T4a,0.002222647345023001
flow/0000/043,6,0.5,7.5,T4b,-0.00011224103397994983
flow/0000/043,6,0.5,7.5,T4c,0.0020614616934559998
flow/0000/043,6,0.5,7.5,T4d,-0.0048394397871809984
flow/0000/043,6,0.5,7.5,T5a,-5.4716130511505909e-06
flow/0000/043,6,0.5,7.5,T5b,0.00033736682616335167
flow/0000/043,6,0.5,7.5,T5c,-0.0037548134756060503
flow/0000/043,6,0.5,7.5,T5d,-0.0011437757160229489
flow/0000/043,7,0.58333333333333337,8.75,T4a,0.0023110472251686998
flow/0000/043,7,0.58333333333333337,8.75,T4b,-0.00058321152445234975
flow/0000/043,7,0.58333333333333337,8.75,T4c,0.0017561364686570005
flow/0000/043,7,0.58333333333333337,8.75,T4d,-0.0046243529893013474
flow/0000/043,7,0.58333333333333337,8.75,T5a,-0.0016248823793302992
flow/0000/043,7,0.58333333333333337,8.75,T5b,0.0011633317226197523
flow/0000/043,7,0.58333333333333337,8.75,T5c,-0.0048092687062360005
flow/0000/043,7,0.58333333333333337,8.75,T5d,-0.0014404026765576991
flow/0000/043,8,0.66666666666666663,10,T4a,0.004630610765670902
flow/0000/043,8,0.66666666666666663,10,T4b,0.0012106554293964504
flow/0000/043,8,0.66666666666666663,10,T4c,0.0024949419986619505
flow/0000/043,8,0.66666666666666663,10,T4d,-0.0049671296577993018
flow/0000/043,8,0.66666666666666663,10,T5a,-0.0010816682519738489
flow/0000/043,8,0.66666666666666663,10,T5b,0.0016504456999169997
flow/0000/043,8,0.66666666666666663,10,T5c,-0.0048760725067032006
flow/0000/043,8,0.66666666666666663,10,T5d,0.00057032795944824896
flow/0000/043,9,0.75,11.25,T4a,0.00067916890189479925
flow/0000/043,9,0.75,11.25,T4b,0.0011714045475978499
flow/0000/043,9,0.75,11.25,T4c,0.0021364898103488003
flow/0000/043,9,0.75,11.25,T4d,0.00021419716592729898
flow/0000/043,9,0.75,11.25,T5a,0.0001682438830097506
flow/0000/043,9,0.75,11.25,T5b,-0.00012430382441179846
flow/0000/043,9,0.75,11.25,T5c,0.0011994688724541996
flow/0000/043,9,0.75,11.25,T5d,0.0015685873843925523
flow/0000/043,10,0.83333333333333337,12.5,T4a,0.0013591051223601006
flow/0000/043,10,0.83333333333333337,12.5,T4b,0.000321279144068147
flow/0000/043,10,0.83333333333333337,12.5,T4c,0.0025825308435386499
flow/0000/043,10,0.83333333333333337,12.5,T4d,-0.0044854666942327481
flow/0000/043,10,0.83333333333333337,12.5,T5a,-0.0019591974613756506
flow/0000/043,10,0.83333333333333337,12.5,T5b,0.0012286141970855972
flow/0000/043,10,0.83333333333333337,12.5,T5c,-0.006179877524686149
flow/0000/043,10,0.83333333333333337,12.5,T5d,-0.00082801244611410002
flow/0000/043,11,0.91666666666666663,13.75,T4a,0.0061506863872834022
flow/0000/043,11,0.91666666666666663,13.75,T4b,0.00045735762288534945
flow/0000/043,11,0.91666666666666663,13.75,T4c,0.0026332092404502509
flow/0000/043,11,0.91666666666666663,13.75,T4d,-0.00096287088173939786
flow/0000/043,11,0.91666666666666663,13.75,T5a,0.00080833934106874956
flow/0000/043,11,0.91666666666666663,13.75,T5b,0.0015270710881428486
flow/0000/043,11,0.91666666666666663,13.75,T5c,-0.0038280320636895002
flow/0000/043,11,0.91666666666666663,13.75,T5d,0.00060341463810415288
flow/0000/044,0,0,0,T4a,-0.0039349900227968054
flow/0000/044,0,0,0,T4b,0.00012542088594960643
flow/0000/044,0,0,0,T4c,0.0065340765910544413
flow/0000/044,0,0,0,T4d,-0.005029284262045651
flow/0000/044,0,0,0,T5a,-0.014828500733508596
flow/0000/044,0,0,0,T5b,0.013914737651330944
flow/0000/044,0,0,0,T5c,0.018963342630737148
flow/0000/044,0,0,0,T5d,0.0025490554420718459
flow/0000/044,1,0.083333333333333301,1.25,T4a,-0.0002574723294293535
flow/0000/044,1,0.083333333333333301,1.25,T4b,0.0074691105983936551
flow/0000/044,1,0.083333333333333301,1.25,T4c,0.0045788438661865938
flow/0000/044,1,0.083333333333333301,1.25,T4d,-0.0024756767851512457
flow/0000/044,1,0.083333333333333301,1.25,T5a,-0.010487272379341855
flow/0000/044,1,0.083333333333333301,1.25,T5b,-0.0013154187021490182
flow/0000/044,1,0.083333333333333301,1.25,T5c,0.0103095619397525
flow/0000/044,1,0.083333333333333301,1.25,T5d,0.00067880338497794401
flow/0000/044,2,0.1666666666666666,2.5,T4a,0.003506725843535799
flow/0000/044,2,0.1666666666666666,2.5,T4b,-0.00050427597917371281
flow/0000/044,2,0.1666666666666666,2.5,T4c,0.0016007902221531478
flow/0000/044,2,0.1666666666666666,2.5,T4d,0.00269573095512185
flow/0000/044,2,0.1666666666666666,2.5,T5a,-0.0055755970640633534
flow/0000/044,2,0.1666666666666666,2.5,T5b,0.021386142699919675
flow/0000/044,2,0.1666666666666666,2.5,T5c,-0.0075555994729775006
flow/0000/044,2,0.1666666666666666,2.5,T5d,-0.0035322909396467983
flow/0000/044,3,0.25,3.75,T4a,0.0024578562882937999
flow/0000/044,3,0.25,3.75,T4b,0.02737278216631206
flow/0000/044,3,0.25,3.75,T4c,-0.016388378926139202
flow/0000/044,3,0.25,3.75,T4d,0.015718477465137701
flow/0000/044,3,0.25,3.75,T5a,-0.0082361609549037457
flow/0000/044,3,0.25,3.75,T5b,0.08695500444287324
flow/0000/044,3,0.25,3.75,T5c,-0.052030779779651148
flow/0000/044,3,0.25,3.75,T5d,0.0060676907498237453
flow/0000/044,4,0.33333333333333331,5,T4a,0.0084218797949705965
flow/0000/044,4,0.33333333333333331,5,T4b,0.026679196093990706
flow/0000/044,4,0.33333333333333331,5,T4c,-0.019156918578238508
flow/0000/044,4,0.33333333333333331,5,T4d,-0.013300381266736792
flow/0000/044,4,0.33333333333333331,5,T5a,-0.0018054425384986528
flow/0000/044,4,0.33333333333333331,5,T5b,0.050509411432454798
flow/0000/044,4,0.33333333333333331,5,T5c,-0.0083567710997987446
flow/0000/044,4,0.33333333333333331,5,T5d,-0.00049983915427850856
flow/0000/044,5,0.41666666666666669,6.25,T4a,0.0037255492547427493
flow/0000/044,5,0.41666666666666669,6.25,T4b,0.0050690992005691937
flow/0000/044,5,0.41666666666666669,6.25,T4c,0.0023815682037257452
flow/0000/044,5,0.41666666666666669,6.25,T4d,-0.00074900874160915148
flow/0000/044,5,0.41666666666666669,6.25,T5a,-0.0040636899209412075
flow/0000/044,5,0.41666666666666669,6.25,T5b,0.03779349154257583
flow/0000/044,5,0.41666666666666669,6.25,T5c,0.025576852208268896
flow/0000/044,5,0.41666666666666669,6.25,T5d,0.0055169655420054531
flow/0000/044,6,0.5,7.5,T4a,0.002726122821436805
flow/0000/044,6,0.5,7.5,T4b,0.010551935385378464
flow/0000/044,6,0.5,7.5,T4c,-0.013977690286736247
flow/0000/044,6,0.5,7.5,T4d,0.006257223910878601
flow/0000/044,6,0.5,7.5,T5a,-0.0088229325421267518
flow/0000/044,6,0.5,7.5,T5b,0.062921729283771211
flow/0000/044,6,0.5,7.5,T5c,-0.043518224885672953
flow/0000/044,6,0.5,7.5,T5d,-0.0086805903191571887
flow/0000/044,7,0.58333333333333337,8.75,T4a,0.0022582664772151095
flow/0000/044,7,0.58333333333333337,8.75,T4b,-0.0084147027122656037
flow/0000/044,7,0.58333333333333337,8.75,T4c,-0.017621337458392047
flow/0000/044,7,0.58333333333333337,8.75,T4d,-0.00034819083226285408
flow/0000/044,7,0.58333333333333337,8.75,T5a,-0.0089900683066195947
flow/0000/044,7,0.58333333333333337,8.75,T5b,-0.017493773682489222
flow/0000/044,7,0.58333333333333337,8.75,T5c,-0.016885885827418654
flow/0000/044,7,0.58333333333333337,8.75,T5d,-0.020080007766610397
flow/0000/044,8,0.66666666666666663,10,T4a,0.0026496697073434966
flow/0000/044,8,0.66666666666666663,10,T4b,-0.028455212165477445
flow/0000/044,8,0.66666666666666663,10,T4c,0.017784800568542952
flow/0000/044,8,0.66666666666666663,10,T4d,0.0071645885073828505
flow/0000/044,8,0.66666666666666663,10,T5a,-0.0023469044825641522
flow/0000/044,8,0.66666666666666663,10,T5b,-0.055730506877541108
flow/0000/044,8,0.66666666666666663,10,T5c,0.010738660582238595
flow/0000/044,8,0.66666666666666663,10,T5d,-0.0026437905025024355
flow/0000/044,9,0.75,11.25,T4a,-0.00057922988277270271
flow/0000/044,9,0.75,11.25,T4b,-0.013282047321645146
flow/0000/044,9,0.75,11.25,T4c,-0.0040500601885119503
flow/0000/044,9,0.75,11.25,T4d,0.01087513821348015
flow/0000/044,9,0.75,11.25,T5a,-0.0067552466885219958
flow/0000/044,9,0.75,11.25,T5b,0.0021337171384523956
flow/0000/044,9,0.75,11.25,T5c,-0.014109790948075499
flow/0000/044,9,0.75,11.25,T5d,-0.0014000178908998018
flow/0000/044,10,0.83333333333333337,12.5,T4a,-0.004436076485804949
flow/0000/044,10,0.83333333333333337,12.5,T4b,-0.016503643326693865
flow/0000/044,10,0.83333333333333337,12.5,T4c,0.0078575291696253435
flow/0000/044,10,0.83333333333333337,12.5,T4d,0.0038741229142117001
flow/0000/044,10,0.83333333333333337,12.5,T5a,-0.010202557103543911
flow/0000/044,10,0.83333333333333337,12.5,T5b,-0.0022830403748499428
flow/0000/044,10,0.83333333333333337,12.5,T5c,0.013769064586378554
flow/0000/044,10,0.83333333333333337,12.5,T5d,-0.0042702210299989107
flow/0000/044,11,0.91666666666666663,13.75,T4a,-0.004456490722446152
flow/0000/044,11,0.91666666666666663,13.75,T4b,-0.025173048114532706
flow/0000/044,11,0.91666666666666663,13.75,T4c,0.0053096579069235456
flow/0000/044,11,0.91666666666666663,13.75,T4d,0.0062482877651467497
flow/0000/044,11,0.91666666666666663,13.75,T5a,-0.0091753810376127912
flow/0000/044,11,0.91666666666666663,13.75,T5b,-0.012322268054138774
flow/0000/044,11,0.91666666666666663,13.75,T5c,-0.016016808371008349
flow/0000/044,11,0.91666666666666663,13.75,T5d,-0.0037322650310347427
flow/0000/045,0,0,0,T4a,-0.001682873827014264
flow/0000/045,0,0,0,T4b,0.00046332120594769904
flow/0000/045,0,0,0,T4c,-0.0023690221657806003
flow/0000/045,0,0,0,T4d,0.004990858835904638
flow/0000/045,0,0,0,T5a,0.0020379103426133513
flow/0000/045,0,0,0,T5b,-0.00013566307541859612
flow/0000/045,0,0,0,T5c,-0.0051012438321140999
flow/0000/045,0,0,0,T5d,-0.0030447004764686536
flow/0000/045,1,0.083333333333333301,1.25,T4a,0.032117837021954976
flow/0000/045,1,0.083333333333333301,1.25,T4b,0.0015036320360620019
flow/0000/045,1,0.083333333333333301,1.25,T4c,-0.0019915710878620498
flow/0000/045,1,0.083333333333333301,1.25,T4d,0.0059667363223961933
flow/0000/045,1,0.083333333333333301,1.25,T5a,0.00074475661089679762
flow/0000/045,1,0.083333333333333301,1.25,T5b,0.0052667146044819424
flow/0000/045,1,0.083333333333333301,1.25,T5c,-0.0023356322522682998
flow/0000/045,1,0.083333333333333301,1.25,T5d,0.00080685756437519351
flow/0000/045,2,0.1666666666666666,2.5,T4a,-0.038827151433838913
flow/0000/045,2,0.1666666666666666,2.5,T4b,-0.0011657835069213522
flow/0000/045,2,0.1666666666666666,2.5,T4c,-0.00011872233059754991
flow/0000/045,2,0.1666666666666666,2.5,T4d,0.0064980672009883333
flow/0000/045,2,0.1666666666666666,2.5,T5a,0.00051941880017859765
flow/0000/045,2,0.1666666666666666,2.5,T5b,-0.0048792086379755573
flow/0000/045,2,0.1666666666666666,2.5,T5c,-0.0014184337847260005
flow/0000/045,2,0.1666666666666666,2.5,T5d,0.0011269135643214995
flow/0000/045,3,0.25,3.75,T4a,-0.010454742472017386
flow/0000/045,3,0.25,3.75,T4b,0.00039155231010470221
flow/0000/045,3,0.25,3.75,T4c,0.00012921759802230013
flow/0000/045,3,0.25,3.75,T4d,0.0014293042762340002
flow/0000/045,3,0.25,3.75,T5a,-0.00031877517913790621
flow/0000/045,3,0.25,3.75,T5b,-0.00021754132620455113
flow/0000/045,3,0.25,3.75,T5c,-0.0040901402398219504
flow/0000/045,3,0.25,3.75,T5d,0.00294624363676671
flow/0000/045,4,0.33333333333333331,5,T4a,0.023460296510116996
flow/0000/045,4,0.33333333333333331,5,T4b,0.0010631435677146001
flow/0000/045,4,0.33333333333333331,5,T4c,0.0054688424742085507
flow/0000/045,4,0.33333333333333331,5,T4d,-0.0088379670198527882
flow/0000/045,4,0.33333333333333331,5,T5a,-0.00059990801992695214
flow/0000/045,4,0.33333333333333331,5,T5b,0.0042089709447733492
flow/0000/045,4,0.33333333333333331,5,T5c,0.00051204313936984922
flow/0000/045,4,0.33333333333333331,5,T5d,0.0047758728304122394
flow/0000/045,5,0.41666666666666669,6.25,T4a,-0.016532944650600956
flow/0000/045,5,0.41666666666666669,6.25,T4b,-0.0016064537842208487
flow/0000/045,5,0.41666666666666669,6.25,T4c,0.0031805684083788502
flow/0000/045,5,0.41666666666666669,6.25,T4d,-0.0065054894280621167
flow/0000/045,5,0.41666666666666669,6.25,T5a,0.001920741287527547
flow/0000/045,5,0.41666666666666669,6.25,T5b,-0.0023508395065393317
flow/0000/045,5,0.41666666666666669,6.25,T5c,0.005888425282282699
flow/0000/045,5,0.41666666666666669,6.25,T5d,0.0039176633852096993
flow/0000/045,6,0.5,7.5,T4a,0.0045908296926504555
flow/0000/045,6,0.5,7.5,T4b,-9.526214553960341e-05
flow/0000/045,6,0.5,7.5,T4c,0.0016450350704159498
flow/0000/045,6,0.5,7.5,T4d,-0.0055199443056172526
flow/0000/045,6,0.5,7.5,T5a,-0.00019711977300165134
flow/0000/045,6,0.5,7.5,T5b,-6.4851870601595474e-05
flow/0000/045,6,0.5,7.5,T5c,0.00736149488181485
flow/0000/045,6,0.5,7.5,T5d,0.0026911506087318043
flow/0000/045,7,0.58333333333333337,8.75,T4a,0.028010617064229026
flow/0000/045,7,0.58333333333333337,8.75,T4b,0.0015495431008953515
flow/0000/045,7,0.58333333333333337,8.75,T4c,0.0051678630184451508
flow/0000/045,7,0.58333333333333337,8.75,T4d,-0.0086314777538680776
flow/0000/045,7,0.58333333333333337,8.75,T5a,-0.0015345141618140559
flow/0000/045,7,0.58333333333333337,8.75,T5b,0.0026063456212755132
flow/0000/045,7,0.58333333333333337,8.75,T5c,0.010305511040814549
flow/0000/045,7,0.58333333333333337,8.75,T5d,-0.00033280034523279489
flow/0000/045,8,0.66666666666666663,10,T4a,-0.024821632050059772
flow/0000/045,8,0.66666666666666663,10,T4b,-0.0018956181383954981
flow/0000/045,8,0.66666666666666663,10,T4c,0.0046042803335043002
flow/0000/045,8,0.66666666666666663,10,T4d,-0.0059798761692131386
flow/0000/045,8,0.66666666666666663,10,T5a,0.0032389923579792049
flow/0000/045,8,0.66666666666666663,10,T5b,-0.0051914453881217182
flow/0000/045,8,0.66666666666666663,10,T5c,0.010428136782734848
flow/0000/045,8,0.66666666666666663,10,T5d,-0.0026208164512201565
flow/0000/045,9,0.75,11.25,T4a,0.010394417852222837
flow/0000/045,9,0.75,11.25,T4b,-0.00017786762380724713
flow/0000/045,9,0.75,11.25,T4c,-0.0060154188490602507
flow/0000/045,9,0.75,11.25,T4d,0.0044275596799573103
flow/0000/045,9,0.75,11.25,T5a,0.0012164105282775964
flow/0000/045,9,0.75,11.25,T5b,0.00082447753520770162
flow/0000/045,9,0.75,11.25,T5c,0.0053382320018291003
flow/0000/045,9,0.75,11.25,T5d,-0.0018283539186449982
flow/0000/045,10,0.83333333333333337,12.5,T4a,0.015838048358897017
flow/0000/045,10,0.83333333333333337,12.5,T4b,0.00069619192701455071
flow/0000/045,10,0.83333333333333337,12.5,T4c,-0.0014312628845900501
flow/0000/045,10,0.83333333333333337,12.5,T4d,-0.0019226002875203374
flow/0000/045,10,0.83333333333333337,12.5,T5a,-0.0024119392246106028
flow/0000/045,10,0.83333333333333337,12.5,T5b,0.0024311970561755047
flow/0000/045,10,0.83333333333333337,12.5,T5c,0.0057380837054104503
flow/0000/045,10,0.83333333333333337,12.5,T5d,-0.0012445349706401015
flow/0000/045,11,0.91666666666666663,13.75,T4a,-0.026226912438728545
flow/0000/045,11,0.91666666666666663,13.75,T4b,-0.0010463865474536968
flow/0000/045,11,0.91666666666666663,13.75,T4c,0.0037891436584158505
flow/0000/045,11,0.91666666666666663,13.75,T4d,-0.0047794967795155574
flow/0000/045,11,0.91666666666666663,13.75,T5a,9.6539694643751894e-05
flow/0000/045,11,0.91666666666666663,13.75,T5b,-0.0039419915984772458
flow/0000/045,11,0.91666666666666663,13.75,T5c,0.0055290767533411507
flow/0000/045,11,0.91666666666666663,13.75,T5d,-0.0021069694249438997
flow/0000/046,0,0,0,T4a,-0.00055229430503184879
flow/0000/046,0,0,0,T4b,-0.0011019362022062981
flow/0000/046,0,0,0,T4c,0.0062416372637368045
flow/0000/046,0,0,0,T4d,-0.00046976324613920081
flow/0000/046,0,0,0,T5a,-0.00030734594224934852
flow/0000/046,0,0,0,T5b,-0.0011143182441094579
flow/0000/046,0,0,0,T5c,0.0034977788477471988
flow/0000/046,0,0,0,T5d,0.0070199042220594997
flow/0000/046,1,0.083333333333333301,1.25,T4a,0.00057661495757229883
flow/0000/046,1,0.083333333333333301,1.25,T4b,0.013965466146737951
flow/0000/046,1,0.083333333333333301,1.25,T4c,0.013782589244145466
flow/0000/046,1,0.083333333333333301,1.25,T4d,-0.0023420324717324005
flow/0000/046,1,0.083333333333333301,1.25,T5a,0.002329896137916794
flow/0000/046,1,0.083333333333333301,1.25,T5b,-8.0915107351753335e-05
flow/0000/046,1,0.083333333333333301,1.25,T5c,0.006605175715180045
flow/0000/046,1,0.083333333333333301,1.25,T5d,-0.00147962243668915
flow/0000/046,2,0.1666666666666666,2.5,T4a,-0.0018103046498516989
flow/0000/046,2,0.1666666666666666,2.5,T4b,0.0024511889164206963
flow/0000/046,2,0.1666666666666666,2.5,T4c,0.0083768009816086453
flow/0000/046,2,0.1666666666666666,2.5,T4d,-0.0021922969440473991
flow/0000/046,2,0.1666666666666666,2.5,T5a,0.00074086453420365433
flow/0000/046,2,0.1666666666666666,2.5,T5b,0.00036301430204099816
flow/0000/046,2,0.1666666666666666,2.5,T5c,0.0040359100563225059
flow/0000/046,2,0.1666666666666666,2.5,T5d,-0.0054427888246901986
flow/0000/046,3,0.25,3.75,T4a,0.00091025116805544884
flow/0000/046,3,0.25,3.75,T4b,0.00013601449505720037
flow/0000/046,3,0.25,3.75,T4c,0.018950228834085509
flow/0000/046,3,0.25,3.75,T4d,-0.0013996694936608475
flow/0000/046,3,0.25,3.75,T5a,0.0013800504225641511
flow/0000/046,3,0.25,3.75,T5b,0.00089985660711966453
flow/0000/046,3,0.25,3.75,T5c,0.0064540127824968957
flow/0000/046,3,0.25,3.75,T5d,0.00041161760382709897
flow/0000/046,4,0.33333333333333331,5,T4a,0.0013284912779372993
flow/0000/046,4,0.33333333333333331,5,T4b,0.011876538670449001
flow/0000/046,4,0.33333333333333331,5,T4c,0.01101855896703724
flow/0000/046,4,0.33333333333333331,5,T4d,-0.00091186560869805158
flow/0000/046,4,0.33333333333333331,5,T5a,0.0036206817028455462
flow/0000/046,4,0.33333333333333331,5,T5b,0.00034207531189445195
flow/0000/046,4,0.33333333333333331,5,T5c,0.0028555679105252973
flow/0000/046,4,0.33333333333333331,5,T5d,-0.00073229016072570013
flow/0000/046,5,0.41666666666666669,6.25,T4a,-0.00044285994009255272
flow/0000/046,5,0.41666666666666669,6.25,T4b,-0.00089523201285784948
flow/0000/046,5,0.41666666666666669,6.25,T4c,0.0037886005427053837
flow/0000/046,5,0.41666666666666669,6.25,T4d,0.00036402024630170088
flow/0000/046,5,0.41666666666666669,6.25,T5a,0.00097283712203184713
flow/0000/046,5,0.41666666666666669,6.25,T5b,5.6430893916631364e-05
flow/0000/046,5,0.41666666666666669,6.25,T5c,-0.002111906112809897
flow/0000/046,5,0.41666666666666669,6.25,T5d,-0.0041628019457209987
flow/0000/046,6,0.5,7.5,T4a,0.00057757312077589759
flow/0000/046,6,0.5,7.5,T4b,-0.0052863440775227505
flow/0000/046,6,0.5,7.5,T4c,0.0023101352971879596
flow/0000/046,6,0.5,7.5,T4d,0.0012123803624504471
flow/0000/046,6,0.5,7.5,T5a,-0.00022016458910700115
flow/0000/046,6,0.5,7.5,T5b,0.00051664980597398991
flow/0000/046,6,0.5,7.5,T5c,-0.00062196867699525205
flow/0000/046,6,0.5,7.5,T5d,-0.00076555202767665184
flow/0000/046,7,0.58333333333333337,8.75,T4a,0.00079859372661995193
flow/0000/046,7,0.58333333333333337,8.75,T4b,0.0094694692796931448
flow/0000/046,7,0.58333333333333337,8.75,T4c,0.0031905579374886806
flow/0000/046,7,0.58333333333333337,8.75,T4d,0.00051756930767830195
flow/0000/046,7,0.58333333333333337,8.75,T5a,0.001200030640404047
flow/0000/046,7,0.58333333333333337,8.75,T5b,-0.00033136899417748888
flow/0000/046,7,0.58333333333333337,8.75,T5c,0.00012986032911764533
flow/0000/046,7,0.58333333333333337,8.75,T5d,-0.0028615751235065504
flow/0000/046,8,0.66666666666666663,10,T4a,-0.0020406540077001992
flow/0000/046,8,0.66666666666666663,10,T4b,-0.0104014295360721
flow/0000/046,8,0.66666666666666663,10,T4c,0.0018752778962003447
flow/0000/046,8,0.66666666666666663,10,T4d,0.0014300712916094516
flow/0000/046,8,0.66666666666666663,10,T5a,-0.0028202372635110565
flow/0000/046,8,0.66666666666666663,10,T5b,7.0539892828402895e-05
flow/0000/046,8,0.66666666666666663,10,T5c,1.8833830709580335e-06
flow/0000/046,8,0.66666666666666663,10,T5d,0.0024004575887235508
flow/0000/046,9,0.75,11.25,T4a,-0.00077865015179285138
flow/0000/046,9,0.75,11.25,T4b,-0.0070495640555003972
flow/0000/046,9,0.75,11.25,T4c,-0.0061785120839454588
flow/0000/046,9,0.75,11.25,T4d,0.0012586543798941002
flow/0000/046,9,0.75,11.25,T5a,-0.0025060762864929503
flow/0000/046,9,0.75,11.25,T5b,-0.0005220964223809077
flow/0000/046,9,0.75,11.25,T5c,-0.00090512614309364026
flow/0000/046,9,0.75,11.25,T5d,0.0056441119800893502
flow/0000/046,10,0.83333333333333337,12.5,T4a,0.00099120190974119962
flow/0000/046,10,0.83333333333333337,12.5,T4b,0.010908630286102651
flow/0000/046,10,0.83333333333333337,12.5,T4c,-0.0049267457986690855
flow/0000/046,10,0.83333333333333337,12.5,T4d,0.00023849553815400229
flow/0000/046,10,0.83333333333333337,12.5,T5a,0.00093426529507634887
flow/0000/046,10,0.83333333333333337,12.5,T5b,-0.0011203868465374245
flow/0000/046,10,0.83333333333333337,12.5,T5c,-0.00059798878876504702
flow/0000/046,10,0.83333333333333337,12.5,T5d,-0.0036964619116258979
flow/0000/046,11,0.91666666666666663,13.75,T4a,-0.0023048597311161496
flow/0000/046,11,0.91666666666666663,13.75,T4b,-0.0046084951937107044
flow/0000/046,11,0.91666666666666663,13.75,T4c,-0.00036551804586085201
flow/0000/046,11,0.91666666666666663,13.75,T4d,0.00048848245554820174
flow/0000/046,11,0.91666666666666663,13.75,T5a,-0.0016960324948024005
flow/0000/046,11,0.91666666666666663,13.75,T5b,-0.0009051789608791605
flow/0000/046,11,0.91666666666666663,13.75,T5c,0.0018984783572287001
flow/0000/046,11,0.91666666666666663,13.75,T5d,0.00063436447304129895
flow/0000/047,0,0,0,T4a,0.0023045090480482491
flow/0000/047,0,0,0,T4b,-0.0026909256290052475
flow/0000/047,0,0,0,T4c,-0.0026517871113171526
flow/0000/047,0,0,0,T4d,0.0064315566294194998
flow/0000/047,0,0,0,T5a,-0.0032134720439812498
flow/0000/047,0,0,0,T5b,0.00043738097083905001
flow/0000/047,0,0,0,T5c,0.0034751998343323502
flow/0000/047,0,0,0,T5d,-0.0065494432847857456
flow/0000/047,1,0.083333333333333301,1.25,T4a,0.010176568277548498
flow/0000/047,1,0.083333333333333301,1.25,T4b,-0.010988385510622201
flow/0000/047,1,0.083333333333333301,1.25,T4c,0.0066932522806097024
flow/0000/047,1,0.083333333333333301,1.25,T4d,0.015260299996225099
flow/0000/047,1,0.083333333333333301,1.25,T5a,-0.0049360066918241003
flow/0000/047,1,0.083333333333333301,1.25,T5b,-0.00062596507383415019
flow/0000/047,1,0.083333333333333301,1.25,T5c,0.0074208852417907006
flow/0000/047,1,0.083333333333333301,1.25,T5d,-0.0076112556326607475
flow/0000/047,2,0.1666666666666666,2.5,T4a,0.0011370214671932999
flow/0000/047,2,0.1666666666666666,2.5,T4b,-0.013011384794292154
flow/0000/047,2,0.1666666666666666,2.5,T4c,0.002589952283423947
flow/0000/047,2,0.1666666666666666,2.5,T4d,0.014153147922179948
flow/0000/047,2,0.1666666666666666,2.5,T5a,-0.0040639465824323503
flow/0000/047,2,0.1666666666666666,2.5,T5b,-0.0020277842180377497
flow/0000/047,2,0.1666666666666666,2.5,T5c,0.0063247391236082497
flow/0000/047,2,0.1666666666666666,2.5,T5d,-0.0088811508789805454
flow/0000/047,3,0.25,3.75,T4a,0.00084881754766844703
flow/0000/047,3,0.25,3.75,T4b,-0.002512560875362356
flow/0000/047,3,0.25,3.75,T4c,0.0035210493810587523
flow/0000/047,3,0.25,3.75,T4d,0.0091065269736110999
flow/0000/047,3,0.25,3.75,T5a,-0.0029533554482471004
flow/0000/047,3,0.25,3.75,T5b,0.0011658851930514001
flow/0000/047,3,0.25,3.75,T5c,0.0014593773744847501
flow/0000/047,3,0.25,3.75,T5d,-0.0049023462879962051
flow/0000/047,4,0.33333333333333331,5,T4a,0.0045990187118421025
flow/0000/047,4,0.33333333333333331,5,T4b,-0.0031176836743685502
flow/0000/047,4,0.33333333333333331,5,T4c,0.0016312571337097487
flow/0000/047,4,0.33333333333333331,5,T4d,0.015735460359447052
flow/0000/047,4,0.33333333333333331,5,T5a,-0.0064398136100436995
flow/0000/047,4,0.33333333333333331,5,T5b,0.0027925404293601998
flow/0000/047,4,0.33333333333333331,5,T5c,0.0070028766194608003
flow/0000/047,4,0.33333333333333331,5,T5d,-0.0104086468289699
flow/0000/047,5,0.41666666666666669,6.25,T4a,0.003556721728944702
flow/0000/047,5,0.41666666666666669,6.25,T4b,-0.013219186866084899
flow/0000/047,5,0.41666666666666669,6.25,T4c,-0.0012344507624463021
flow/0000/047,5,0.41666666666666669,6.25,T4d,0.015356437194876799
flow/0000/047,5,0.41666666666666669,6.25,T5a,-0.0055064972784287002
flow/0000/047,5,0.41666666666666669,6.25,T5b,-0.0016776550827104497
flow/0000/047,5,0.41666666666666669,6.25,T5c,0.0058747562677138
flow/0000/047,5,0.41666666666666669,6.25,T5d,-0.0078199402971450005
flow/0000/047,6,0.5,7.5,T4a,0.0013024719696506024
flow/0000/047,6,0.5,7.5,T4b,-0.0025797928226384548
flow/0000/047,6,0.5,7.5,T4c,-0.0061110262058756519
flow/0000/047,6,0.5,7.5,T4d,0.0093199647534037994
flow/0000/047,6,0.5,7.5,T5a,-0.0041267618336702505
flow/0000/047,6,0.5,7.5,T5b,0.0028180531978739998
flow/0000/047,6,0.5,7.5,T5c,0.0076660825096336507
flow/0000/047,6,0.5,7.5,T5d,-0.010614823325074949
flow/0000/047,7,0.58333333333333337,8.75,T4a,0.0065125167251510047
flow/0000/047,7,0.58333333333333337,8.75,T4b,-0.011024160273569755
flow/0000/047,7,0.58333333333333337,8.75,T4c,-0.0034326320082146006
flow/0000/047,7,0.58333333333333337,8.75,T4d,0.0068862324664822512
flow/0000/047,7,0.58333333333333337,8.75,T5a,-0.0051564944150040998
flow/0000/047,7,0.58333333333333337,8.75,T5b,-4.8697629426000359e-05
flow/0000/047,7,0.58333333333333337,8.75,T5c,0.0064388267897385497
flow/0000/047,7,0.58333333333333337,8.75,T5d,-0.00527249088267185
flow/0000/047,8,0.66666666666666663,10,T4a,0.0015182338719884961
flow/0000/047,8,0.66666666666666663,10,T4b,-0.018504645859721246
flow/0000/047,8,0.66666666666666663,10,T4c,-0.0052207261789502003
flow/0000/047,8,0.66666666666666663,10,T4d,0.0045979823055397502
flow/0000/047,8,0.66666666666666663,10,T5a,-0.0033941429961994504
flow/0000/047,8,0.66666666666666663,10,T5b,-0.0047988248635714506
flow/0000/047,8,0.66666666666666663,10,T5c,0.0063221861237063
flow/0000/047,8,0.66666666666666663,10,T5d,-0.0058812385198301551
flow/0000/047,9,0.75,11.25,T4a,0.0032800336939842051
flow/0000/047,9,0.75,11.25,T4b,-0.0056128792123966015
flow/0000/047,9,0.75,11.25,T4c,-0.011200512826245297
flow/0000/047,9,0.75,11.25,T4d,0.0049771547503466504
flow/0000/047,9,0.75,11.25,T5a,-0.0029025517972590498
flow/0000/047,9,0.75,11.25,T5b,-0.00061416442690385032
flow/0000/047,9,0.75,11.25,T5c,0.0040917702034253996
flow/0000/047,9,0.75,11.25,T5d,-0.0047332025621537946
flow/0000/047,10,0.83333333333333337,12.5,T4a,0.0073723077667057005
flow/0000/047,10,0.83333333333333337,12.5,T4b,-0.0059017779986914945
flow/0000/047,10,0.83333333333333337,12.5,T4c,-0.0016863878896733984
flow/0000/047,10,0.83333333333333337,12.5,T4d,0.0192244575118731
flow/0000/047,10,0.83333333333333337,12.5,T5a,-0.0069913273878255506
flow/0000/047,10,0.83333333333333337,12.5,T5b,0.0020829098705682542
flow/0000/047,10,0.83333333333333337,12.5,T5c,0.013224995328991299
flow/0000/047,10,0.83333333333333337,12.5,T5d,-0.01096971961846005
flow/0000/047,11,0.91666666666666663,13.75,T4a,-0.001546707639831002
flow/0000/047,11,0.91666666666666663,13.75,T4b,-0.012184382118838197
flow/0000/047,11,0.91666666666666663,13.75,T4c,-0.0039445590897147012
flow/0000/047,11,0.91666666666666663,13.75,T4d,-0.0041258976211671506
flow/0000/047,11,0.91666666666666663,13.75,T5a,-0.0039108074995169006
flow/0000/047,11,0.91666666666666663,13.75,T5b,-0.0029629907434236503
flow/0000/047,11,0.91666666666666663,13.75,T5c,0.0018306152224842943
flow/0000/047,11,0.91666666666666663,13.75,T5d,-0.000945592918798005
flow/0000/048,0,0,0,T4a,0.00088288020502280684
flow/0000/048,0,0,0,T4b,-0.013061266402660348
flow/0000/048,0,0,0,T4c,0.0087525124823494005
flow/0000/048,0,0,0,T4d,0.00045059901522600013
flow/0000/048,0,0,0,T5a,0.012883680728651259
flow/0000/048,0,0,0,T5b,-0.020783351921185307
flow/0000/048,0,0,0,T5c,-0.0005663358629383955
flow/0000/048,0,0,0,T5d,-0.0046725441021521485
flow/0000/048,1,0.083333333333333301,1.25,T4a,0.0039032331436689438
flow/0000/048,1,0.083333333333333301,1.25,T4b,-0.0062158407145773489
flow/0000/048,1,0.083333333333333301,1.25,T4c,0.011807156213929595
flow/0000/048,1,0.083333333333333301,1.25,T4d,0.0015991305630755001
flow/0000/048,1,0.083333333333333301,1.25,T5a,0.0049675681541366534
flow/0000/048,1,0.083333333333333301,1.25,T5b,-0.010454538679967554
flow/0000/048,1,0.083333333333333301,1.25,T5c,-0.0014258118556532973
flow/0000/048,1,0.083333333333333301,1.25,T5d,-0.0095213095696592975
flow/0000/048,2,0.1666666666666666,2.5,T4a,0.0052794478390734492
flow/0000/048,2,0.1666666666666666,2.5,T4b,0.0048262703126982498
flow/0000/048,2,0.1666666666666666,2.5,T4c,0.024331905773999546
flow/0000/048,2,0.1666666666666666,2.5,T4d,0.00060972122285840005
flow/0000/048,2,0.1666666666666666,2.5,T5a,0.0017240462319211974
flow/0000/048,2,0.1666666666666666,2.5,T5b,-0.0014790583019195086
flow/0000/048,2,0.1666666666666666,2.5,T5c,0.0030867158188947544
flow/0000/048,2,0.1666666666666666,2.5,T5d,-0.0024855394661291441
flow/0000/048,3,0.25,3.75,T4a,0.0019865648496667429
flow/0000/048,3,0.25,3.75,T4b,0.0011885024750650508
flow/0000/048,3,0.25,3.75,T4c,0.017529406832475197
flow/0000/048,3,0.25,3.75,T4d,-0.00151968402854945
flow/0000/048,3,0.25,3.75,T5a,-0.0016754460381320502
flow/0000/048,3,0.25,3.75,T5b,0.0013593046538926401
flow/0000/048,3,0.25,3.75,T5c,0.0012701148073241478
flow/0000/048,3,0.25,3.75,T5d,-0.0054674277508071911
flow/0000/048,4,0.33333333333333331,5,T4a,0.0056434878781908421
flow/0000/048,4,0.33333333333333331,5,T4b,-0.00079900036429934873
flow/0000/048,4,0.33333333333333331,5,T4c,0.0088234402390018479
flow/0000/048,4,0.33333333333333331,5,T4d,0.00058405661554434998
flow/0000/048,4,0.33333333333333331,5,T5a,-0.0016547672800775043
flow/0000/048,4,0.33333333333333331,5,T5b,-0.00055298194191620575
flow/0000/048,4,0.33333333333333331,5,T5c,-0.0027241645713143026
flow/0000/048,4,0.33333333333333331,5,T5d,-0.0019538348221601609
flow/0000/048,5,0.41666666666666669,6.25,T4a,-0.0010900130770460509
flow/0000/048,5,0.41666666666666669,6.25,T4b,0.0011892191595341481
flow/0000/048,5,0.41666666666666669,6.25,T4c,0.016296560328734805
flow/0000/048,5,0.41666666666666669,6.25,T4d,0.00270723675502225
flow/0000/048,5,0.41666666666666669,6.25,T5a,0.0045715305946805451
flow/0000/048,5,0.41666666666666669,6.25,T5b,-0.0054335863584275487
flow/0000/048,5,0.41666666666666669,6.25,T5c,-0.00081468673213624943
flow/0000/048,5,0.41666666666666669,6.25,T5d,-0.0015111023642223054
flow/0000/048,6,0.5,7.5,T4a,-0.0014473856410464059
flow/0000/048,6,0.5,7.5,T4b,-0.0061407262581312516
flow/0000/048,6,0.5,7.5,T4c,0.020065724320821696
flow/0000/048,6,0.5,7.5,T4d,-0.00067632728255600009
flow/0000/048,6,0.5,7.5,T5a,0.015672141936804551
flow/0000/048,6,0.5,7.5,T5b,-0.019923170702738552
flow/0000/048,6,0.5,7.5,T5c,0.0063807408338071997
flow/0000/048,6,0.5,7.5,T5d,0.0012359162149064573
flow/0000/048,7,0.58333333333333337,8.75,T4a,0.011131919190177246
flow/0000/048,7,0.58333333333333337,8.75,T4b,-0.0078004811967583507
flow/0000/048,7,0.58333333333333337,8.75,T4c,0.011310068280709393
flow/0000/048,7,0.58333333333333337,8.75,T4d,-0.0020603359898994501
flow/0000/048,7,0.58333333333333337,8.75,T5a,0.023206009251748844
flow/0000/048,7,0.58333333333333337,8.75,T5b,-0.029951295780562506
flow/0000/048,7,0.58333333333333337,8.75,T5c,0.0060950483538101535
flow/0000/048,7,0.58333333333333337,8.75,T5d,0.0049719267995108896
flow/0000/048,8,0.66666666666666663,10,T4a,0.0072835157260561015
flow/0000/048,8,0.66666666666666663,10,T4b,-0.0036666751228855501
flow/0000/048,8,0.66666666666666663,10,T4c,0.0077714049460563955
flow/0000/048,8,0.66666666666666663,10,T4d,0.0018053765199251501
flow/0000/048,8,0.66666666666666663,10,T5a,0.025288438484729309
flow/0000/048,8,0.66666666666666663,10,T5b,-0.03027561436330075
flow/0000/048,8,0.66666666666666663,10,T5c,0.0054217954020422537
flow/0000/048,8,0.66666666666666663,10,T5d,0.0039533720753887058
flow/0000/048,9,0.75,11.25,T4a,0.0053050482532880014
flow/0000/048,9,0.75,11.25,T4b,-0.015483378795791654
flow/0000/048,9,0.75,11.25,T4c,0.010533948188008999
flow/0000/048,9,0.75,11.25,T4d,-0.00081541533333489994
flow/0000/048,9,0.75,11.25,T5a,0.022185531843299147
flow/0000/048,9,0.75,11.25,T5b,-0.030105624385128052
flow/0000/048,9,0.75,11.25,T5c,0.008498304034744053
flow/0000/048,9,0.75,11.25,T5d,0.0040106913778013009
flow/0000/048,10,0.83333333333333337,12.5,T4a,0.0050374973919442984
flow/0000/048,10,0.83333333333333337,12.5,T4b,-0.011883214248594752
flow/0000/048,10,0.83333333333333337,12.5,T4c,0.016798709650040655
flow/0000/048,10,0.83333333333333337,12.5,T4d,0.00032704980880225026
flow/0000/048,10,0.83333333333333337,12.5,T5a,0.02266186693492285
flow/0000/048,10,0.83333333333333337,12.5,T5b,-0.032275790993291899
flow/0000/048,10,0.83333333333333337,12.5,T5c,0.0048802808143745061
flow/0000/048,10,0.83333333333333337,12.5,T5d,-0.0043339642852944782
flow/0000/048,11,0.91666666666666663,13.75,T4a,0.0075867192921188972
flow/0000/048,11,0.91666666666666663,13.75,T4b,-0.0066036254219640489
flow/0000/048,11,0.91666666666666663,13.75,T4c,0.018605986092038743
flow/0000/048,11,0.91666666666666663,13.75,T4d,-0.00072641297749860003
flow/0000/048,11,0.91666666666666663,13.75,T5a,0.0195475764419272
flow/0000/048,11,0.91666666666666663,13.75,T5b,-0.024339569577466642
flow/0000/048,11,0.91666666666666663,13.75,T5c,0.006395760022122398
flow/0000/048,11,0.91666666666666663,13.75,T5d,0.00061671527872933507
flow/0000/049,0,0,0,T4a,-0.012630449246616909
flow/0000/049,0,0,0,T4b,-0.0051647095891086958
flow/0000/049,0,0,0,T4c,0.0028932720998047015
flow/0000/049,0,0,0,T4d,0.0027910218771862449
flow/0000/049,0,0,0,T5a,-0.0030318357044218508
flow/0000/049,0,0,0,T5b,-0.0011100632510530548
flow/0000/049,0,0,0,T5c,-0.0020516761506944496
flow/0000/049,0,0,0,T5d,0.0043145607948305575
flow/0000/049,1,0.083333333333333301,1.25,T4a,-0.0087521879982592199
flow/0000/049,1,0.083333333333333301,1.25,T4b,-0.0084713972801091983
flow/0000/049,1,0.083333333333333301,1.25,T4c,-0.0016907315116004018
flow/0000/049,1,0.083333333333333301,1.25,T4d,0.0048799546946366942
flow/0000/049,1,0.083333333333333301,1.25,T5a,-0.0022387232931453949
flow/0000/049,1,0.083333333333333301,1.25,T5b,0.0047691455634890495
flow/0000/049,1,0.083333333333333301,1.25,T5c,0.0021930508429220002
flow/0000/049,1,0.083333333333333301,1.25,T5d,0.0144185408103049
flow/0000/049,2,0.1666666666666666,2.5,T4a,0.033327127343751262
flow/0000/049,2,0.1666666666666666,2.5,T4b,0.022583728094033549
flow/0000/049,2,0.1666666666666666,2.5,T4c,-0.0043650432929306024
flow/0000/049,2,0.1666666666666666,2.5,T4d,0.0027801811820938466
flow/0000/049,2,0.1666666666666666,2.5,T5a,0.010557481086121992
flow/0000/049,2,0.1666666666666666,2.5,T5b,-0.0051966692405691489
flow/0000/049,2,0.1666666666666666,2.5,T5c,-0.0057866972578766995
flow/0000/049,2,0.1666666666666666,2.5,T5d,0.0045622158856221118
flow/0000/049,3,0.25,3.75,T4a,-0.02066033486957225
flow/0000/049,3,0.25,3.75,T4b,-0.0075763107262782001
flow/0000/049,3,0.25,3.75,T4c,0.0031631149074464043
flow/0000/049,3,0.25,3.75,T4d,0.0050868318075137989
flow/0000/049,3,0.25,3.75,T5a,-0.0066785553322885605
flow/0000/049,3,0.25,3.75,T5b,0.0010284849598532
flow/0000/049,3,0.25,3.75,T5c,0.00041703389655099992
flow/0000/049,3,0.25,3.75,T5d,0.0064190518642791572
flow/0000/049,4,0.33333333333333331,5,T4a,-0.012408829702588775
flow/0000/049,4,0.33333333333333331,5,T4b,-0.013526540537959351
flow/0000/049,4,0.33333333333333331,5,T4c,-0.00055125975981185071
flow/0000/049,4,0.33333333333333331,5,T4d,0.001797551294991151
flow/0000/049,4,0.33333333333333331,5,T5a,-0.004301607179842043
flow/0000/049,4,0.33333333333333331,5,T5b,0.004745570125916948
flow/0000/049,4,0.33333333333333331,5,T5c,0.0014611436187679499
flow/0000/049,4,0.33333333333333331,5,T5d,0.0073013881461876512
flow/0000/049,5,0.41666666666666669,6.25,T4a,0.014208109901800603
flow/0000/049,5,0.41666666666666669,6.25,T4b,0.0111109644079747
flow/0000/049,5,0.41666666666666669,6.25,T4c,-0.0010980176110580026
flow/0000/049,5,0.41666666666666669,6.25,T4d,-0.0027358174018896966
flow/0000/049,5,0.41666666666666669,6.25,T5a,0.0040252816404448555
flow/0000/049,5,0.41666666666666669,6.25,T5b,-0.0022805275287694979
flow/0000/049,5,0.41666666666666669,6.25,T5c,0.0022672670566623999
flow/0000/049,5,0.41666666666666669,6.25,T5d,-0.0098052990628545028
flow/0000/049,6,0.5,7.5,T4a,-0.018640086968006175
flow/0000/049,6,0.5,7.5,T4b,-0.0087798035564194549
flow/0000/049,6,0.5,7.5,T4c,0.0045142244545232496
flow/0000/049,6,0.5,7.5,T4d,-0.0031372049806041996
flow/0000/049,6,0.5,7.5,T5a,-0.005381589394143349
flow/0000/049,6,0.5,7.5,T5b,-0.0014695448523176502
flow/0000/049,6,0.5,7.5,T5c,0.0017871333263992499
flow/0000/049,6,0.5,7.5,T5d,-0.0095987299907244056
flow/0000/049,7,0.58333333333333337,8.75,T4a,0.0053899604450745042
flow/0000/049,7,0.58333333333333337,8.75,T4b,-0.0041022187746801025
flow/0000/049,7,0.58333333333333337,8.75,T4c,-0.0020697113628153005
flow/0000/049,7,0.58333333333333337,8.75,T4d,-0.0019754550849507488
flow/0000/049,7,0.58333333333333337,8.75,T5a,0.00098688703265030486
flow/0000/049,7,0.58333333333333337,8.75,T5b,0.0043143346776268951
flow/0000/049,7,0.58333333333333337,8.75,T5c,0.00083203470364515012
flow/0000/049,7,0.58333333333333337,8.75,T5d,-0.0014435914792097077
flow/0000/049,8,0.66666666666666663,10,T4a,0.0089465983556839546
flow/0000/049,8,0.66666666666666663,10,T4b,0.012093324246893002
flow/0000/049,8,0.66666666666666663,10,T4c,5.519148560279713e-05
flow/0000/049,8,0.66666666666666663,10,T4d,-0.0021722598051484021
flow/0000/049,8,0.66666666666666663,10,T5a,0.00290394485254096
flow/0000/049,8,0.66666666666666663,10,T5b,-0.0059535518826260986
flow/0000/049,8,0.66666666666666663,10,T5c,-0.0014989926023862496
flow/0000/049,8,0.66666666666666663,10,T5d,-0.0086460722583285993
flow/0000/049,9,0.75,11.25,T4a,-0.010436618494840566
flow/0000/049,9,0.75,11.25,T4b,-0.00079100203507804709
flow/0000/049,9,0.75,11.25,T4c,0.0028869300925786975
flow/0000/049,9,0.75,11.25,T4d,-0.00021651812595695208
flow/0000/049,9,0.75,11.25,T5a,-0.0030119230555958471
flow/0000/049,9,0.75,11.25,T5b,-0.0025685463323175048
flow/0000/049,9,0.75,11.25,T5c,-0.0014966378086059501
flow/0000/049,9,0.75,11.25,T5d,-0.0089235032546617077
flow/0000/049,10,0.83333333333333337,12.5,T4a,-0.00040230842073285533
flow/0000/049,10,0.83333333333333337,12.5,T4b,-0.0082843212412932535
flow/0000/049,10,0.83333333333333337,12.5,T4c,-0.002770406777035099
flow/0000/049,10,0.83333333333333337,12.5,T4d,0.0037600643521926019
flow/0000/049,10,0.83333333333333337,12.5,T5a,-0.00027640385101489195
flow/0000/049,10,0.83333333333333337,12.5,T5b,0.0078048870032853476
flow/0000/049,10,0.83333333333333337,12.5,T5c,0.0026609832150746499
flow/0000/049,10,0.83333333333333337,12.5,T5d,0.021406136534849601
flow/0000/049,11,0.91666666666666663,13.75,T4a,0.026018941862064521
flow/0000/049,11,0.91666666666666663,13.75,T4b,0.013592035164040953
flow/0000/049,11,0.91666666666666663,13.75,T4c,-0.003322702431650601
flow/0000/049,11,0.91666666666666663,13.75,T4d,-0.0019683940279613954
flow/0000/049,11,0.91666666666666663,13.75,T5a,0.0081222641406610008
flow/0000/049,11,0.91666666666666663,13.75,T5b,-0.0041317202438049053
flow/0000/049,11,0.91666666666666663,13.75,T5c,-0.0046194584080954497
flow/0000/049,11,0.91666666666666663,13.75,T5d,0.0022360437862797011
flow/0000/000,0,0,0,T4,-0.00010259103629328692
flow/0000/000,0,0,0,T4T5,-0.00012258509161555686
flow/0000/000,0,0,0,T5,-0.00014257914693782334
flow/0000/000,1,0.083333333333333301,1.25,T4,0.00057109674853692526
flow/0000/000,1,0.083333333333333301,1.25,T4T5,-3.0413763714133568e-05
flow/0000/000,1,0.083333333333333301,1.25,T5,-0.00063192427596518719
flow/0000/000,2,0.1666666666666666,2.5,T4,0.00066829452960233578
flow/0000/000,2,0.1666666666666666,2.5,T4T5,-4.3048871384229054e-05
flow/0000/000,2,0.1666666666666666,2.5,T5,-0.00075439227237079215
flow/0000/000,3,0.25,3.75,T4,0.0005603665476241991
flow/0000/000,3,0.25,3.75,T4T5,-0.00010754143561025192
flow/0000/000,3,0.25,3.75,T5,-0.00077544941884469948
flow/0000/000,4,0.33333333333333331,5,T4,0.00081369057534107572
flow/0000/000,4,0.33333333333333331,5,T4T5,0.00022499523353292084
flow/0000/000,4,0.33333333333333331,5,T5,-0.00036370010827523752
flow/0000/000,5,0.41666666666666669,6.25,T4,0.00026282995802852545
flow/0000/000,5,0.41666666666666669,6.25,T4T5,0.00010771261110304603
flow/0000/000,5,0.41666666666666669,6.25,T5,-4.7404735822435123e-05
flow/0000/000,6,0.5,7.5,T4,-0.00011938181091378577
flow/0000/000,6,0.5,7.5,T4T5,-4.8560388902475771e-05
flow/0000/000,6,0.5,7.5,T5,2.2261033108827294e-05
flow/0000/000,7,0.58333333333333337,8.75,T4,-5.3394610044376137e-05
flow/0000/000,7,0.58333333333333337,8.75,T4T5,2.0727428765687783e-05
flow/0000/000,7,0.58333333333333337,8.75,T5,9.4849467575746499e-05
flow/0000/000,8,0.66666666666666663,10,T4,-0.0004226369557022245
flow/0000/000,8,0.66666666666666663,10,T4T5,-0.00010424812452753535
flow/0000/000,8,0.66666666666666663,10,T5,0.0002141407066471486
flow/0000/000,9,0.75,11.25,T4,-0.00074159019915354812
flow/0000/000,9,0.75,11.25,T4T5,-0.00011837365840650441
flow/0000/000,9,0.75,11.25,T5,0.00050484288234053584
flow/0000/000,10,0.83333333333333337,12.5,T4,-0.00061447144519734959
flow/0000/000,10,0.83333333333333337,12.5,T4T5,-0.00012981570078460583
flow/0000/000,10,0.83333333333333337,12.5,T5,0.00035484004362813445
flow/0000/000,11,0.91666666666666663,13.75,T4,-0.00023345125701836403
flow/0000/000,11,0.91666666666666663,13.75,T4T5,-2.0881872375481253e-05
flow/0000/000,11,0.91666666666666663,13.75,T5,0.00019168751226740152
flow/0000/001,0,0,0,T4,4.4326628746489682e-05
flow/0000/001,0,0,0,T4T5,-0.00012786262637578573
flow/0000/001,0,0,0,T5,-0.00030005188149806461
flow/0000/001,1,0.083333333333333301,1.25,T4,0.0017157042185324128
flow/0000/001,1,0.083333333333333301,1.25,T4T5,0.0010652352547132291
flow/0000/001,1,0.083333333333333301,1.25,T5,0.00041476629089404887
flow/0000/001,2,0.1666666666666666,2.5,T4,-6.9724392099814597e-05
flow/0000/001,2,0.1666666666666666,2.5,T4T5,0.00087497099509847159
flow/0000/001,2,0.1666666666666666,2.5,T5,0.001819666382296763
flow/0000/001,3,0.25,3.75,T4,0.0012746069044241685
flow/0000/001,3,0.25,3.75,T4T5,0.00099195203926044119
flow/0000/001,3,0.25,3.75,T5,0.0007092971740967121
flow/0000/001,4,0.33333333333333331,5,T4,0.0014375923702882112
flow/0000/001,4,0.33333333333333331,5,T4T5,0.001557623961456386
flow/0000/001,4,0.33333333333333331,5,T5,0.0016776555526245608
flow/0000/001,5,0.41666666666666669,6.25,T4,0.00018509745856402221
flow/0000/001,5,0.41666666666666669,6.25,T4T5,0.00099616867620763022
flow/0000/001,5,0.41666666666666669,6.25,T5,0.0018072398938512382
flow/0000/001,6,0.5,7.5,T4,0.00011064441017977905
flow/0000/001,6,0.5,7.5,T4T5,-0.00031231473147289197
flow/0000/001,6,0.5,7.5,T5,-0.000735273873125563
flow/0000/001,7,0.58333333333333337,8.75,T4,0.00020373806958471838
flow/0000/001,7,0.58333333333333337,8.75,T4T5,0.00044552306216653383
flow/0000/001,7,0.58333333333333337,8.75,T5,0.00068730805474835101
flow/0000/001,8,0.66666666666666663,10,T4,-0.0010341507888951725
flow/0000/001,8,0.66666666666666663,10,T4T5,-0.00053740147500369248
flow/0000/001,8,0.66666666666666663,10,T5,-4.0652161112214244e-05
flow/0000/001,9,0.75,11.25,T4,-0.0012818363721352963
flow/0000/001,9,0.75,11.25,T4T5,-0.0016279453456238858
flow/0000/001,9,0.75,11.25,T5,-0.0019740543191124754
flow/0000/001,10,0.83333333333333337,12.5,T4,-0.00022255576873386057
flow/0000/001,10,0.83333333333333337,12.5,T4T5,-0.00054467040532788641
flow/0000/001,10,0.83333333333333337,12.5,T5,-0.00086678504192191051
flow/0000/001,11,0.91666666666666663,13.75,T4,-0.0013377367532099449
flow/0000/001,11,0.91666666666666663,13.75,T4T5,-0.00052981220239145879
flow/0000/001,11,0.91666666666666663,13.75,T5,0.00027811234842702384
flow/0000/002,0,0,0,T4,-0.0017953443768389636
flow/0000/002,0,0,0,T4T5,-0.0017484700456867619
flow/0000/002,0,0,0,T5,-0.0017015957145345637
flow/0000/002,1,0.083333333333333301,1.25,T4,-0.0025732742365771125
flow/0000/002,1,0.083333333333333301,1.25,T4T5,-0.0026141751442181442
flow/0000/002,1,0.083333333333333301,1.25,T5,-0.0026550760518591725
flow/0000/002,2,0.1666666666666666,2.5,T4,-0.0026152525583197257
flow/0000/002,2,0.1666666666666666,2.5,T4T5,-0.0035919259580067826
flow/0000/002,2,0.1666666666666666,2.5,T5,-0.0045685993576938377
flow/0000/002,3,0.25,3.75,T4,-0.0020269391428177248
flow/0000/002,3,0.25,3.75,T4T5,-0.0024925864793895122
flow/0000/002,3,0.25,3.75,T5,-0.0029582338159612996
flow/0000/002,4,0.33333333333333331,5,T4,-0.0035927497982680143
flow/0000/002,4,0.33333333333333331,5,T4T5,-0.0044265116805052504
flow/0000/002,4,0.33333333333333331,5,T5,-0.0052602735627424874
flow/0000/002,5,0.41666666666666669,6.25,T4,-0.001196474938287638
flow/0000/002,5,0.41666666666666669,6.25,T4T5,-0.0027224284889881822
flow/0000/002,5,0.41666666666666669,6.25,T5,-0.0042483820396887265
flow/0000/002,6,0.5,7.5,T4,7.9604911849624066e-05
flow/0000/002,6,0.5,7.5,T4T5,-0.00055578914464225054
flow/0000/002,6,0.5,7.5,T5,-0.0011911832011341217
flow/0000/002,7,0.58333333333333337,8.75,T4,-0.00053973142386785043
flow/0000/002,7,0.58333333333333337,8.75,T4T5,-0.00019879439716038658
flow/0000/002,7,0.58333333333333337,8.75,T5,0.00014214262954707554
flow/0000/002,8,0.66666666666666663,10,T4,-0.0010874774717264373
flow/0000/002,8,0.66666666666666663,10,T4T5,-0.00091893199242003808
flow/0000/002,8,0.66666666666666663,10,T5,-0.00075038651311364057
flow/0000/002,9,0.75,11.25,T4,-0.0014453195945292006
flow/0000/002,9,0.75,11.25,T4T5,-0.00085007260548247525
flow/0000/002,9,0.75,11.25,T5,-0.00025482561643574639
flow/0000/002,10,0.83333333333333337,12.5,T4,-0.0014938920747737255
flow/0000/002,10,0.83333333333333337,12.5,T4T5,-0.0012251516397641833
flow/0000/002,10,0.83333333333333337,12.5,T5,-0.00095641120475463762
flow/0000/002,11,0.91666666666666663,13.75,T4,-0.0023724274394184754
flow/0000/002,11,0.91666666666666663,13.75,T4T5,-0.0019242265611284053
flow/0000/002,11,0.91666666666666663,13.75,T5,-0.0014760256828383403
flow/0000/003,0,0,0,T4,4.3840959975236307e-05
flow/0000/003,0,0,0,T4T5,0.0001573452486106422
flow/0000/003,0,0,0,T5,0.00027084953724604288
flow/0000/003,1,0.083333333333333301,1.25,T4,0.0016056467710157379
flow/0000/003,1,0.083333333333333301,1.25,T4T5,0.0012062777008353121
flow/0000/003,1,0.083333333333333301,1.25,T5,0.00080690863065489143
flow/0000/003,2,0.1666666666666666,2.5,T4,0.0012824196071337625
flow/0000/003,2,0.1666666666666666,2.5,T4T5,-7.5371113344942231e-05
flow/0000/003,2,0.1666666666666666,2.5,T5,-0.0014331618338236582
flow/0000/003,3,0.25,3.75,T4,0.0011632831140355633
flow/0000/003,3,0.25,3.75,T4T5,0.0012763404309398957
flow/0000/003,3,0.25,3.75,T5,0.0013893977478442246
flow/0000/003,4,0.33333333333333331,5,T4,0.0036549634576507374
flow/0000/003,4,0.33333333333333331,5,T4T5,0.0026995137915484385
flow/0000/003,4,0.33333333333333331,5,T5,0.001744064125446157
flow/0000/003,5,0.41666666666666669,6.25,T4,0.0010750336764536374
flow/0000/003,5,0.41666666666666669,6.25,T4T5,-8.8089471864852276e-05
flow/0000/003,5,0.41666666666666669,6.25,T5,-0.0012512126201833368
flow/0000/003,6,0.5,7.5,T4,-0.00021438156083554774
flow/0000/003,6,0.5,7.5,T4T5,-0.00015344686655083956
flow/0000/003,6,0.5,7.5,T5,-9.2512172266127901e-05
flow/0000/003,7,0.58333333333333337,8.75,T4,-0.00070497550684830122
flow/0000/003,7,0.58333333333333337,8.75,T4T5,0.00032935481391978966
flow/0000/003,7,0.58333333333333337,8.75,T5,0.0013636851346878684
flow/0000/003,8,0.66666666666666663,10,T4,-0.0015271818776826374
flow/0000/003,8,0.66666666666666663,10,T4T5,-0.00038354630932423833
flow/0000/003,8,0.66666666666666663,10,T5,0.00076008925903416069
flow/0000/003,9,0.75,11.25,T4,-0.0012931241991909134
flow/0000/003,9,0.75,11.25,T4T5,-0.00032386397615905005
flow/0000/003,9,0.75,11.25,T5,0.00064539624687279945
flow/0000/003,10,0.83333333333333337,12.5,T4,-0.0017307595553040503
flow/0000/003,10,0.83333333333333337,12.5,T4T5,-0.00074042713351171741
flow/0000/003,10,0.83333333333333337,12.5,T5,0.00024990528828060937
flow/0000/003,11,0.91666666666666663,13.75,T4,-0.002884269018199612
flow/0000/003,11,0.91666666666666663,13.75,T4T5,-0.0025293778004199519
flow/0000/003,11,0.91666666666666663,13.75,T5,-0.0021744865826403004
flow/0000/004,0,0,0,T4,0.00014072392130086084
flow/0000/004,0,0,0,T4T5,9.5660325357431117e-05
flow/0000/004,0,0,0,T5,5.0596729414001396e-05
flow/0000/004,1,0.083333333333333301,1.25,T4,-0.0021545354912812491
flow/0000/004,1,0.083333333333333301,1.25,T4T5,-0.0004068429384477372
flow/0000/004,1,0.083333333333333301,1.25,T5,0.0013408496143857765
flow/0000/004,2,0.1666666666666666,2.5,T4,-0.00051961750276496507
flow/0000/004,2,0.1666666666666666,2.5,T4T5,0.00054295542303708401
flow/0000/004,2,0.1666666666666666,2.5,T5,0.0016055283488391366
flow/0000/004,3,0.25,3.75,T4,-0.00070907825751791165
flow/0000/004,3,0.25,3.75,T4T5,1.9073852267150609e-05
flow/0000/004,3,0.25,3.75,T5,0.00074722596205221287
flow/0000/004,4,0.33333333333333331,5,T4,-0.00050990699885517139
flow/0000/004,4,0.33333333333333331,5,T4T5,-0.00020490353829853009
flow/0000/004,4,0.33333333333333331,5,T5,0.00010009992225811642
flow/0000/004,5,0.41666666666666669,6.25,T4,0.00011483771019130118
flow/0000/004,5,0.41666666666666669,6.25,T4T5,0.00031699404452783728
flow/0000/004,5,0.41666666666666669,6.25,T5,0.00051915037886437337
flow/0000/004,6,0.5,7.5,T4,-9.1789104765298973e-05
flow/0000/004,6,0.5,7.5,T4T5,0.00035172053600435009
flow/0000/004,6,0.5,7.5,T5,0.00079523017677400262
flow/0000/004,7,0.58333333333333337,8.75,T4,-0.00032395012397012403
flow/0000/004,7,0.58333333333333337,8.75,T4T5,0.00030085771685069151
flow/0000/004,7,0.58333333333333337,8.75,T5,0.00092566555767151226
flow/0000/004,8,0.66666666666666663,10,T4,0.00099896761348694865
flow/0000/004,8,0.66666666666666663,10,T4T5,0.00078713052348324854
flow/0000/004,8,0.66666666666666663,10,T5,0.00057529343347954148
flow/0000/004,9,0.75,11.25,T4,0.00047989214320803483
flow/0000/004,9,0.75,11.25,T4T5,0.00069428039204687438
flow/0000/004,9,0.75,11.25,T5,0.00090866864088571392
flow/0000/004,10,0.83333333333333337,12.5,T4,-0.00031685958049039974
flow/0000/004,10,0.83333333333333337,12.5,T4T5,0.00064274438129660778
flow/0000/004,10,0.83333333333333337,12.5,T5,0.0016023483430836101
flow/0000/004,11,0.91666666666666663,13.75,T4,0.00032060117787267688
flow/0000/004,11,0.91666666666666663,13.75,T4T5,0.00046952565779168759
flow/0000/004,11,0.91666666666666663,13.75,T5,0.00061845013771070351
flow/0000/005,0,0,0,T4,-0.00057502294584691263
flow/0000/005,0,0,0,T4T5,-0.00045283988828856772
flow/0000/005,0,0,0,T5,-0.00033065683073022628
flow/0000/005,1,0.083333333333333301,1.25,T4,-0.0010165569892432013
flow/0000/005,1,0.083333333333333301,1.25,T4T5,-0.00024935157852606221
flow/0000/005,1,0.083333333333333301,1.25,T5,0.00051785383219107861
flow/0000/005,2,0.1666666666666666,2.5,T4,-2.7717967577500779e-05
flow/0000/005,2,0.1666666666666666,2.5,T4T5,0.00064621782517934254
flow/0000/005,2,0.1666666666666666,2.5,T5,0.0013201536179361893
flow/0000/005,3,0.25,3.75,T4,-0.00046235666603271219
flow/0000/005,3,0.25,3.75,T4T5,0.00051685813030688879
flow/0000/005,3,0.25,3.75,T5,0.0014960729266464898
flow/0000/005,4,0.33333333333333331,5,T4,-0.00083891945556458999
flow/0000/005,4,0.33333333333333331,5,T4T5,0.0013011352235517363
flow/0000/005,4,0.33333333333333331,5,T5,0.0034411899026680591
flow/0000/005,5,0.41666666666666669,6.25,T4,-0.00037336953099043578
flow/0000/005,5,0.41666666666666669,6.25,T4T5,0.00099125447861941364
flow/0000/005,5,0.41666666666666669,6.25,T5,0.0023558784882292648
flow/0000/005,6,0.5,7.5,T4,0.00014313599441276303
flow/0000/005,6,0.5,7.5,T4T5,-0.00011173293629639959
flow/0000/005,6,0.5,7.5,T5,-0.00036660186700556222
flow/0000/005,7,0.58333333333333337,8.75,T4,0.00048655563344576248
flow/0000/005,7,0.58333333333333337,8.75,T4T5,0.00027956855231281962
flow/0000/005,7,0.58333333333333337,8.75,T5,7.2581471179875012e-05
flow/0000/005,8,0.66666666666666663,10,T4,0.00053067716324279972
flow/0000/005,8,0.66666666666666663,10,T4T5,0.00010126027399358709
flow/0000/005,8,0.66666666666666663,10,T5,-0.00032815661525562728
flow/0000/005,9,0.75,11.25,T4,0.00048964680238186217
flow/0000/005,9,0.75,11.25,T4T5,0.0001850138504749313
flow/0000/005,9,0.75,11.25,T5,-0.00011961910143199958
flow/0000/005,10,0.83333333333333337,12.5,T4,0.00028478511744186273
flow/0000/005,10,0.83333333333333337,12.5,T4T5,0.0011432736095636446
flow/0000/005,10,0.83333333333333337,12.5,T5,0.0020017621016854246
flow/0000/005,11,0.91666666666666663,13.75,T4,0.00025529141926833657
flow/0000/005,11,0.91666666666666663,13.75,T4T5,0.00029427681287183018
flow/0000/005,11,0.91666666666666663,13.75,T5,0.00033326220647532379
flow/0000/006,0,0,0,T4,-0.0025158774981582123
flow/0000/006,0,0,0,T4T5,-0.0023927360434219842
flow/0000/006,0,0,0,T5,-0.0022695945886857666
flow/0000/006,1,0.083333333333333301,1.25,T4,0.0017698974320780117
flow/0000/006,1,0.083333333333333301,1.25,T4T5,0.00037432806965162491
flow/0000/006,1,0.083333333333333301,1.25,T5,-0.0010212412927747654
flow/0000/006,2,0.1666666666666666,2.5,T4,0.0016153616528228991
flow/0000/006,2,0.1666666666666666,2.5,T4T5,9.6582167062233409e-05
flow/0000/006,2,0.1666666666666666,2.5,T5,-0.0014221973186984253
flow/0000/006,3,0.25,3.75,T4,-0.00092268466425236492
flow/0000/006,3,0.25,3.75,T4T5,-0.0011679879775727715
flow/0000/006,3,0.25,3.75,T5,-0.0014132912908931781
flow/0000/006,4,0.33333333333333331,5,T4,-0.002090749725204611
flow/0000/006,4,0.33333333333333331,5,T4T5,-0.0028321747090078418
flow/0000/006,4,0.33333333333333331,5,T5,-0.0035735996928110761
flow/0000/006,5,0.41666666666666669,6.25,T4,0.0027958019055084223
flow/0000/006,5,0.41666666666666669,6.25,T4T5,0.00070040614121918629
flow/0000/006,5,0.41666666666666669,6.25,T5,-0.0013949896230700497
flow/0000/006,6,0.5,7.5,T4,0.00013165004402383718
flow/0000/006,6,0.5,7.5,T4T5,-0.00059982416167496388
flow/0000/006,6,0.5,7.5,T5,-0.0013312983673737615
flow/0000/006,7,0.58333333333333337,8.75,T4,-0.00020024710754047714
flow/0000/006,7,0.58333333333333337,8.75,T4T5,-0.00087589663675981255
flow/0000/006,7,0.58333333333333337,8.75,T5,-0.0015515461659791376
flow/0000/006,8,0.66666666666666663,10,T4,-0.0029780085755452372
flow/0000/006,8,0.66666666666666663,10,T4T5,-0.0026377836496835408
flow/0000/006,8,0.66666666666666663,10,T5,-0.0022975587238218478
flow/0000/006,9,0.75,11.25,T4,-0.0044010463935559713
flow/0000/006,9,0.75,11.25,T4T5,-0.0033102548366927727
flow/0000/006,9,0.75,11.25,T5,-0.0022194632798295776
flow/0000/006,10,0.83333333333333337,12.5,T4,-0.0038211769941534357
flow/0000/006,10,0.83333333333333337,12.5,T4T5,-0.0027757875877356571
flow/0000/006,10,0.83333333333333337,12.5,T5,-0.0017303981813178854
flow/0000/006,11,0.91666666666666663,13.75,T4,-0.0023110699406827737
flow/0000/006,11,0.91666666666666663,13.75,T4T5,-0.00180941373499343
flow/0000/006,11,0.91666666666666663,13.75,T5,-0.0013077575293040898
flow/0000/007,0,0,0,T4,0.00028079129294261013
flow/0000/007,0,0,0,T4T5,-0.0034952817467903477
flow/0000/007,0,0,0,T5,-0.0072713547865233125
flow/0000/007,1,0.083333333333333301,1.25,T4,-0.0013906460690384995
flow/0000/007,1,0.083333333333333301,1.25,T4T5,-0.0041881775470777975
flow/0000/007,1,0.083333333333333301,1.25,T5,-0.0069857090251171025
flow/0000/007,2,0.1666666666666666,2.5,T4,0.0037626472686944253
flow/0000/007,2,0.1666666666666666,2.5,T4T5,-0.0015430597080314801
flow/0000/007,2,0.1666666666666666,2.5,T5,-0.0068487666847573958
flow/0000/007,3,0.25,3.75,T4,0.00077606243893977786
flow/0000/007,3,0.25,3.75,T4T5,-0.0064609063101892031
flow/0000/007,3,0.25,3.75,T5,-0.013697875059318194
flow/0000/007,4,0.33333333333333331,5,T4,-0.0015692241562176024
flow/0000/007,4,0.33333333333333331,5,T4T5,-0.0041914814420762891
flow/0000/007,4,0.33333333333333331,5,T5,-0.006813738727934969
flow/0000/007,5,0.41666666666666669,6.25,T4,-0.0007894774422486997
flow/0000/007,5,0.41666666666666669,6.25,T4T5,-0.0030817123059058982
flow/0000/007,5,0.41666666666666669,6.25,T5,-0.0053739471695630828
flow/0000/007,6,0.5,7.5,T4,0.00069435945431399818
flow/0000/007,6,0.5,7.5,T4T5,-0.0058030971693463322
flow/0000/007,6,0.5,7.5,T5,-0.012300553793006666
flow/0000/007,7,0.58333333333333337,8.75,T4,0.0015589055899184225
flow/0000/007,7,0.58333333333333337,8.75,T4T5,-0.0050171064986237295
flow/0000/007,7,0.58333333333333337,8.75,T5,-0.011593118587165878
flow/0000/007,8,0.66666666666666663,10,T4,0.0016675826093101344
flow/0000/007,8,0.66666666666666663,10,T4T5,-0.0012467402255305696
flow/0000/007,8,0.66666666666666663,10,T5,-0.0041610630603712701
flow/0000/007,9,0.75,11.25,T4,-0.00090542964745568555
flow/0000/007,9,0.75,11.25,T4T5,-0.0047888436881609459
flow/0000/007,9,0.75,11.25,T5,-0.00867225772886622
flow/0000/007,10,0.83333333333333337,12.5,T4,-0.0016727471612004996
flow/0000/007,10,0.83333333333333337,12.5,T4T5,-0.0046891655318150489
flow/0000/007,10,0.83333333333333337,12.5,T5,-0.0077055839024295844
flow/0000/007,11,0.91666666666666663,13.75,T4,0.002474826566519487
flow/0000/007,11,0.91666666666666663,13.75,T4T5,-0.0034759438812404612
flow/0000/007,11,0.91666666666666663,13.75,T5,-0.0094267143290004199
flow/0000/008,0,0,0,T4,0.00030709512173249937
flow/0000/008,0,0,0,T4T5,0.0021566014474065053
flow/0000/008,0,0,0,T5,0.0040061077730805129
flow/0000/008,1,0.083333333333333301,1.25,T4,0.0070501192293276789
flow/0000/008,1,0.083333333333333301,1.25,T4T5,0.0063422557731810346
flow/0000/008,1,0.083333333333333301,1.25,T5,0.0056343923170344007
flow/0000/008,2,0.1666666666666666,2.5,T4,0.0077181171072734783
flow/0000/008,2,0.1666666666666666,2.5,T4T5,0.0083457307609383323
flow/0000/008,2,0.1666666666666666,2.5,T5,0.0089733444146031863
flow/0000/008,3,0.25,3.75,T4,0.0057954186028248839
flow/0000/008,3,0.25,3.75,T4T5,0.0059226014383837663
flow/0000/008,3,0.25,3.75,T5,0.006049784273942654
flow/0000/008,4,0.33333333333333331,5,T4,0.0023800481304068477
flow/0000/008,4,0.33333333333333331,5,T4T5,0.0010820412909523826
flow/0000/008,4,0.33333333333333331,5,T5,-0.00021596554850207561
flow/0000/008,5,0.41666666666666669,6.25,T4,0.0078058111113381463
flow/0000/008,5,0.41666666666666669,6.25,T4T5,0.0079685936475374017
flow/0000/008,5,0.41666666666666669,6.25,T5,0.008131376183736664
flow/0000/008,6,0.5,7.5,T4,0.0052310020063206022
flow/0000/008,6,0.5,7.5,T4T5,0.0077920046801973342
flow/0000/008,6,0.5,7.5,T5,0.010353007354074063
flow/0000/008,7,0.58333333333333337,8.75,T4,0.0043339338411929121
flow/0000/008,7,0.58333333333333337,8.75,T4T5,0.0067626712007572282
flow/0000/008,7,0.58333333333333337,8.75,T5,0.0091914085603215373
flow/0000/008,8,0.66666666666666663,10,T4,0.0073980911427151547
flow/0000/008,8,0.66666666666666663,10,T4T5,0.0090528625879686027
flow/0000/008,8,0.66666666666666663,10,T5,0.010707634033222049
flow/0000/008,9,0.75,11.25,T4,0.00037003685907237641
flow/0000/008,9,0.75,11.25,T4T5,0.0026039060247506143
flow/0000/008,9,0.75,11.25,T5,0.0048377751904288349
flow/0000/008,10,0.83333333333333337,12.5,T4,0.010385678536485136
flow/0000/008,10,0.83333333333333337,12.5,T4T5,0.012376636047022903
flow/0000/008,10,0.83333333333333337,12.5,T5,0.014367593557560664
flow/0000/008,11,0.91666666666666663,13.75,T4,0.0043078137414325618
flow/0000/008,11,0.91666666666666663,13.75,T4T5,0.0065214475585715949
flow/0000/008,11,0.91666666666666663,13.75,T5,0.0087350813757106245
flow/0000/009,0,0,0,T4,-0.00050286852161500473
flow/0000/009,0,0,0,T4T5,-0.00016465647338832767
flow/0000/009,0,0,0,T5,0.0001735555748383355
flow/0000/009,1,0.083333333333333301,1.25,T4,0.0015976117090725356
flow/0000/009,1,0.083333333333333301,1.25,T4T5,0.0008647967098449616
flow/0000/009,1,0.083333333333333301,1.25,T5,0.00013198171061741537
flow/0000/009,2,0.1666666666666666,2.5,T4,0.0021535201974790669
flow/0000/009,2,0.1666666666666666,2.5,T4T5,0.00072687373285781898
flow/0000/009,2,0.1666666666666666,2.5,T5,-0.00069977273176341503
flow/0000/009,3,0.25,3.75,T4,0.0010760877761507165
flow/0000/009,3,0.25,3.75,T4T5,0.00088173400306908178
flow/0000/009,3,0.25,3.75,T5,0.0006873802299874332
flow/0000/009,4,0.33333333333333331,5,T4,0.0017457221861910538
flow/0000/009,4,0.33333333333333331,5,T4T5,0.0010319568964635567
flow/0000/009,4,0.33333333333333331,5,T5,0.00031819160673604574
flow/0000/009,5,0.41666666666666669,6.25,T4,0.00051006604830608482
flow/0000/009,5,0.41666666666666669,6.25,T4T5,0.00038585787529789306
flow/0000/009,5,0.41666666666666669,6.25,T5,0.00026164970228972906
flow/0000/009,6,0.5,7.5,T4,0.0012752644218459869
flow/0000/009,6,0.5,7.5,T4T5,0.00062670382641731581
flow/0000/009,6,0.5,7.5,T5,-2.1856769011313615e-05
flow/0000/009,7,0.58333333333333337,8.75,T4,0.00083069528280595162
flow/0000/009,7,0.58333333333333337,8.75,T4T5,0.00037805832682566431
flow/0000/009,7,0.58333333333333337,8.75,T5,-7.4578629154609111e-05
flow/0000/009,8,0.66666666666666663,10,T4,-0.00047444035103882953
flow/0000/009,8,0.66666666666666663,10,T4T5,-0.00050266303585709549
flow/0000/009,8,0.66666666666666663,10,T5,-0.00053088572067536144
flow/0000/009,9,0.75,11.25,T4,-0.00063283982506533165
flow/0000/009,9,0.75,11.25,T4T5,-0.00045799675206119328
flow/0000/009,9,0.75,11.25,T5,-0.00028315367905706879
flow/0000/009,10,0.83333333333333337,12.5,T4,0.0013494142636994305
flow/0000/009,10,0.83333333333333337,12.5,T4T5,0.00095683980039705518
flow/0000/009,10,0.83333333333333337,12.5,T5,0.00056426533709469373
flow/0000/009,11,0.91666666666666663,13.75,T4,-0.00014039456460464284
flow/0000/009,11,0.91666666666666663,13.75,T4T5,-5.476687075829656e-05
flow/0000/009,11,0.91666666666666663,13.75,T5,3.0860823088049716e-05
flow/0000/010,0,0,0,T4,0.0051034240779148331
flow/0000/010,0,0,0,T4T5,0.002770225827827974
flow/0000/010,0,0,0,T5,0.00043702757774111145
flow/0000/010,1,0.083333333333333301,1.25,T4,0.00243477914322918
flow/0000/010,1,0.083333333333333301,1.25,T4T5,0.00094138772078628669
flow/0000/010,1,0.083333333333333301,1.25,T5,-0.00055200370165661358
flow/0000/010,2,0.1666666666666666,2.5,T4,0.0066760232323885595
flow/0000/010,2,0.1666666666666666,2.5,T4T5,0.0029085189773226799
flow/0000/010,2,0.1666666666666666,2.5,T5,-0.00085898527774319958
flow/0000/010,3,0.25,3.75,T4,0.0042032696947604323
flow/0000/010,3,0.25,3.75,T4T5,0.0020167659489642685
flow/0000/010,3,0.25,3.75,T5,-0.00016973779683190221
flow/0000/010,4,0.33333333333333331,5,T4,0.0050194388831648409
flow/0000/010,4,0.33333333333333331,5,T4T5,0.0023354108971549194
flow/0000/010,4,0.33333333333333331,5,T5,-0.0003486170888550022
flow/0000/010,5,0.41666666666666669,6.25,T4,0.002032204908496836
flow/0000/010,5,0.41666666666666669,6.25,T4T5,0.00060959186193293782
flow/0000/010,5,0.41666666666666669,6.25,T5,-0.00081302118463096214
flow/0000/010,6,0.5,7.5,T4,-0.00028865488870742292
flow/0000/010,6,0.5,7.5,T4T5,0.00023616485670439544
flow/0000/010,6,0.5,7.5,T5,0.0007609846021162138
flow/0000/010,7,0.58333333333333337,8.75,T4,0.004291517771164776
flow/0000/010,7,0.58333333333333337,8.75,T4T5,0.0020361419745218955
flow/0000/010,7,0.58333333333333337,8.75,T5,-0.00021923382212098858
flow/0000/010,8,0.66666666666666663,10,T4,-0.00081713424278239896
flow/0000/010,8,0.66666666666666663,10,T4T5,-0.00067085525296529253
flow/0000/010,8,0.66666666666666663,10,T5,-0.00052457626314818609
flow/0000/010,9,0.75,11.25,T4,-0.004142138263635211
flow/0000/010,9,0.75,11.25,T4T5,-0.0018275865323748725
flow/0000/010,9,0.75,11.25,T5,0.00048696519888547646
flow/0000/010,10,0.83333333333333337,12.5,T4,0.00025413304661448671
flow/0000/010,10,0.83333333333333337,12.5,T4T5,-0.00039362141637692624
flow/0000/010,10,0.83333333333333337,12.5,T5,-0.0010413758793683357
flow/0000/010,11,0.91666666666666663,13.75,T4,0.0028175527528627904
flow/0000/010,11,0.91666666666666663,13.75,T4T5,0.00065623244248787585
flow/0000/010,11,0.91666666666666663,13.75,T5,-0.0015050878678870387
flow/0000/011,0,0,0,T4,-0.0015546639485313762
flow/0000/011,0,0,0,T4T5,-0.0012310864097307556
flow/0000/011,0,0,0,T5,-0.00090750887093013488
flow/0000/011,1,0.083333333333333301,1.25,T4,0.0031265649367196724
flow/0000/011,1,0.083333333333333301,1.25,T4T5,0.0019384894406577827
flow/0000/011,1,0.083333333333333301,1.25,T5,0.00075041394459589988
flow/0000/011,2,0.1666666666666666,2.5,T4,0.0037208151408617135
flow/0000/011,2,0.1666666666666666,2.5,T4T5,0.0024062841233269822
flow/0000/011,2,0.1666666666666666,2.5,T5,0.0010917531057922508
flow/0000/011,3,0.25,3.75,T4,0.0029307532789944746
flow/0000/011,3,0.25,3.75,T4T5,0.0019945515377252573
flow/0000/011,3,0.25,3.75,T5,0.0010583497964560332
flow/0000/011,4,0.33333333333333331,5,T4,0.0057927128341629455
flow/0000/011,4,0.33333333333333331,5,T4T5,0.0036751584005493901
flow/0000/011,4,0.33333333333333331,5,T5,0.0015576039669358277
flow/0000/011,5,0.41666666666666669,6.25,T4,0.0039298843480619003
flow/0000/011,5,0.41666666666666669,6.25,T4T5,0.0025026090493525041
flow/0000/011,5,0.41666666666666669,6.25,T5,0.0010753337506431149
flow/0000/011,6,0.5,7.5,T4,-0.0013251399602245348
flow/0000/011,6,0.5,7.5,T4T5,-0.00060581771707836352
flow/0000/011,6,0.5,7.5,T5,0.00011350452606780081
flow/0000/011,7,0.58333333333333337,8.75,T4,-0.0011022834344802807
flow/0000/011,7,0.58333333333333337,8.75,T4T5,-0.00091207869325694163
flow/0000/011,7,0.58333333333333337,8.75,T5,-0.00072187395203360954
flow/0000/011,8,0.66666666666666663,10,T4,-0.0024856349090789723
flow/0000/011,8,0.66666666666666663,10,T4T5,-0.0017270020471493105
flow/0000/011,8,0.66666666666666663,10,T5,-0.00096836918521963494
flow/0000/011,9,0.75,11.25,T4,-0.0044301912616694361
flow/0000/011,9,0.75,11.25,T4T5,-0.0027864688533309409
flow/0000/011,9,0.75,11.25,T5,-0.0011427464449924526
flow/0000/011,10,0.83333333333333337,12.5,T4,-0.0023778646672364193
flow/0000/011,10,0.83333333333333337,12.5,T4T5,-0.0014549196180698165
flow/0000/011,10,0.83333333333333337,12.5,T5,-0.00053197456890321376
flow/0000/011,11,0.91666666666666663,13.75,T4,-0.0028879773882096449
flow/0000/011,11,0.91666666666666663,13.75,T4T5,-0.0020414742949209294
flow/0000/011,11,0.91666666666666663,13.75,T5,-0.001194971201632207
flow/0000/012,0,0,0,T4,-0.0016193905894402345
flow/0000/012,0,0,0,T4T5,-0.0012613260559739305
flow/0000/012,0,0,0,T5,-0.00090326152250762553
flow/0000/012,1,0.083333333333333301,1.25,T4,0.002352856057717137
flow/0000/012,1,0.083333333333333301,1.25,T4T5,0.0015861764779912385
flow/0000/012,1,0.083333333333333301,1.25,T5,0.0008194968982653374
flow/0000/012,2,0.1666666666666666,2.5,T4,-0.00036658559035254723
flow/0000/012,2,0.1666666666666666,2.5,T4T5,-8.3374566467793454e-05
flow/0000/012,2,0.1666666666666666,2.5,T5,0.00019983645741696379
flow/0000/012,3,0.25,3.75,T4,-0.00034754327977935123
flow/0000/012,3,0.25,3.75,T4T5,-0.00062731645513282308
flow/0000/012,3,0.25,3.75,T5,-0.00090708963048630013
flow/0000/012,4,0.33333333333333331,5,T4,0.0023534462248420984
flow/0000/012,4,0.33333333333333331,5,T4T5,0.0017546037397157058
flow/0000/012,4,0.33333333333333331,5,T5,0.0011557612545893122
flow/0000/012,5,0.41666666666666669,6.25,T4,-0.000216516931906649
flow/0000/012,5,0.41666666666666669,6.25,T4T5,-3.4311382395232209e-05
flow/0000/012,5,0.41666666666666669,6.25,T5,0.00014789416711618632
flow/0000/012,6,0.5,7.5,T4,-0.0032500579428787237
flow/0000/012,6,0.5,7.5,T4T5,-0.0021550169547230429
flow/0000/012,6,0.5,7.5,T5,-0.0010599759665673621
flow/0000/012,7,0.58333333333333337,8.75,T4,-0.0016482093842750331
flow/0000/012,7,0.58333333333333337,8.75,T4T5,-0.00091156163013157362
flow/0000/012,7,0.58333333333333337,8.75,T5,-0.00017491387598811154
flow/0000/012,8,0.66666666666666663,10,T4,-0.0031267200358731824
flow/0000/012,8,0.66666666666666663,10,T4T5,-0.0025399476304686364
flow/0000/012,8,0.66666666666666663,10,T5,-0.0019531752250640869
flow/0000/012,9,0.75,11.25,T4,-0.0036841969927714144
flow/0000/012,9,0.75,11.25,T4T5,-0.0019411619441159836
flow/0000/012,9,0.75,11.25,T5,-0.00019812689546055019
flow/0000/012,10,0.83333333333333337,12.5,T4,-0.0018859222126678919
flow/0000/012,10,0.83333333333333337,12.5,T4T5,-0.00090111266645285029
flow/0000/012,10,0.83333333333333337,12.5,T5,8.369687976218787e-05
flow/0000/012,11,0.91666666666666663,13.75,T4,-0.0022422463336971149
flow/0000/012,11,0.91666666666666663,13.75,T4T5,-0.0014884688124065584
flow/0000/012,11,0.91666666666666663,13.75,T5,-0.00073469129111600022
flow/0000/013,0,0,0,T4,0.0050875528974188775
flow/0000/013,0,0,0,T4T5,0.0017866473459038912
flow/0000/013,0,0,0,T5,-0.0015142582056110743
flow/0000/013,1,0.083333333333333301,1.25,T4,0.0023905346814706713
flow/0000/013,1,0.083333333333333301,1.25,T4T5,-0.00028019971823783907
flow/0000/013,1,0.083333333333333301,1.25,T5,-0.002950934117946391
flow/0000/013,2,0.1666666666666666,2.5,T4,0.0063395091870390927
flow/0000/013,2,0.1666666666666666,2.5,T4T5,0.00062425908250957063
flow/0000/013,2,0.1666666666666666,2.5,T5,-0.0050909910220200416
flow/0000/013,3,0.25,3.75,T4,0.0024458952823319946
flow/0000/013,3,0.25,3.75,T4T5,-0.00145094635081916
flow/0000/013,3,0.25,3.75,T5,-0.0053477879839702869
flow/0000/013,4,0.33333333333333331,5,T4,0.0039542419021075734
flow/0000/013,4,0.33333333333333331,5,T4T5,0.003458506616045437
flow/0000/013,4,0.33333333333333331,5,T5,0.0029627713299833214
flow/0000/013,5,0.41666666666666669,6.25,T4,0.0037279256583575907
flow/0000/013,5,0.41666666666666669,6.25,T4T5,-0.00050834243084108
flow/0000/013,5,0.41666666666666669,6.25,T5,-0.004744610520039716
flow/0000/013,6,0.5,7.5,T4,0.0027378038954401912
flow/0000/013,6,0.5,7.5,T4T5,-0.0033790172512308814
flow/0000/013,6,0.5,7.5,T5,-0.0094958383979019123
flow/0000/013,7,0.58333333333333337,8.75,T4,0.00017963051807268898
flow/0000/013,7,0.58333333333333337,8.75,T4T5,-0.0048339624967298489
flow/0000/013,7,0.58333333333333337,8.75,T5,-0.0098475555115323798
flow/0000/013,8,0.66666666666666663,10,T4,0.0030525548507531614
flow/0000/013,8,0.66666666666666663,10,T4T5,-0.0032482185191796686
flow/0000/013,8,0.66666666666666663,10,T5,-0.009548991889112457
flow/0000/013,9,0.75,11.25,T4,0.0041428297483203508
flow/0000/013,9,0.75,11.25,T4T5,0.00051050997376198004
flow/0000/013,9,0.75,11.25,T5,-0.0031218098007964323
flow/0000/013,10,0.83333333333333337,12.5,T4,-1.0868186141023417e-05
flow/0000/013,10,0.83333333333333337,12.5,T4T5,-0.0032841909491919397
flow/0000/013,10,0.83333333333333337,12.5,T5,-0.0065575137122428906
flow/0000/013,11,0.91666666666666663,13.75,T4,0.0023663941941397468
flow/0000/013,11,0.91666666666666663,13.75,T4T5,-0.0027598233457007959
flow/0000/013,11,0.91666666666666663,13.75,T5,-0.0078860408855413455
flow/0000/014,0,0,0,T4,0.00091353358846297736
flow/0000/014,0,0,0,T4T5,0.00025758794966528054
flow/0000/014,0,0,0,T5,-0.00039835768913241282
flow/0000/014,1,0.083333333333333301,1.25,T4,0.00093213573914035022
flow/0000/014,1,0.083333333333333301,1.25,T4T5,0.00011572049317193703
flow/0000/014,1,0.083333333333333301,1.25,T5,-0.00070069475279647617
flow/0000/014,2,0.1666666666666666,2.5,T4,0.0070763317509250391
flow/0000/014,2,0.1666666666666666,2.5,T4T5,0.0038236301047989037
flow/0000/014,2,0.1666666666666666,2.5,T5,0.00057092845867277864
flow/0000/014,3,0.25,3.75,T4,0.0056824006132072877
flow/0000/014,3,0.25,3.75,T4T5,0.0025596497137686872
flow/0000/014,3,0.25,3.75,T5,-0.00056310118566991335
flow/0000/014,4,0.33333333333333331,5,T4,0.0045521114232681993
flow/0000/014,4,0.33333333333333331,5,T4T5,0.0018869252313945747
flow/0000/014,4,0.33333333333333331,5,T5,-0.00077826096047904983
flow/0000/014,5,0.41666666666666669,6.25,T4,0.0020934165849174589
flow/0000/014,5,0.41666666666666669,6.25,T4T5,0.0009902380960473689
flow/0000/014,5,0.41666666666666669,6.25,T5,-0.00011294039282272114
flow/0000/014,6,0.5,7.5,T4,0.0029843413767797269
flow/0000/014,6,0.5,7.5,T4T5,0.0022266421631557121
flow/0000/014,6,0.5,7.5,T5,0.0014689429495317007
flow/0000/014,7,0.58333333333333337,8.75,T4,0.0058441225264938244
flow/0000/014,7,0.58333333333333337,8.75,T4T5,0.0037004980209928255
flow/0000/014,7,0.58333333333333337,8.75,T5,0.0015568735154918231
flow/0000/014,8,0.66666666666666663,10,T4,0.0033514020591022368
flow/0000/014,8,0.66666666666666663,10,T4T5,0.0019508690354106406
flow/0000/014,8,0.66666666666666663,10,T5,0.00055033601171905477
flow/0000/014,9,0.75,11.25,T4,-0.0037609364350758498
flow/0000/014,9,0.75,11.25,T4T5,-0.0020300404076388327
flow/0000/014,9,0.75,11.25,T5,-0.00029914438020181219
flow/0000/014,10,0.83333333333333337,12.5,T4,0.0012315350337340873
flow/0000/014,10,0.83333333333333337,12.5,T4T5,0.0013808336767542097
flow/0000/014,10,0.83333333333333337,12.5,T5,0.0015301323197743424
flow/0000/014,11,0.91666666666666663,13.75,T4,0.0043840989460826769
flow/0000/014,11,0.91666666666666663,13.75,T4T5,0.0018876404230345131
flow/0000/014,11,0.91666666666666663,13.75,T5,-0.00060881810001364722
flow/0000/015,0,0,0,T4,0.00080384450575290284
flow/0000/015,0,0,0,T4T5,0.00015609361142804659
flow/0000/015,0,0,0,T5,-0.00049165728289681226
flow/0000/015,1,0.083333333333333301,1.25,T4,-0.00017100539202291598
flow/0000/015,1,0.083333333333333301,1.25,T4T5,-0.00044923655603311408
flow/0000/015,1,0.083333333333333301,1.25,T5,-0.00072746772004331239
flow/0000/015,2,0.1666666666666666,2.5,T4,-0.00018673552781049013
flow/0000/015,2,0.1666666666666666,2.5,T4T5,-0.00022297652191780731
flow/0000/015,2,0.1666666666666666,2.5,T5,-0.00025921751602512515
flow/0000/015,3,0.25,3.75,T4,-0.00050529134492637018
flow/0000/015,3,0.25,3.75,T4T5,-0.00042641012002718123
flow/0000/015,3,0.25,3.75,T5,-0.00034752889512799988
flow/0000/015,4,0.33333333333333331,5,T4,-0.0005958193259205935
flow/0000/015,4,0.33333333333333331,5,T4T5,-0.00040033832021238447
flow/0000/015,4,0.33333333333333331,5,T5,-0.000204857314504175
flow/0000/015,5,0.41666666666666669,6.25,T4,0.0004419770784955257
flow/0000/015,5,0.41666666666666669,6.25,T4T5,0.00036940141660759054
flow/0000/015,5,0.41666666666666669,6.25,T5,0.00029682575471965018
flow/0000/015,6,0.5,7.5,T4,-6.3340989055533925e-05
flow/0000/015,6,0.5,7.5,T4T5,-0.00014826684156770895
flow/0000/015,6,0.5,7.5,T5,-0.00023319269407988722
flow/0000/015,7,0.58333333333333337,8.75,T4,-0.00015275709607856514
flow/0000/015,7,0.58333333333333337,8.75,T4T5,-0.00028499152563035701
flow/0000/015,7,0.58333333333333337,8.75,T5,-0.00041722595518214997
flow/0000/015,8,0.66666666666666663,10,T4,0.00026861138742445556
flow/0000/015,8,0.66666666666666663,10,T4T5,0.00020039919921277169
flow/0000/015,8,0.66666666666666663,10,T5,0.00013218701100108782
flow/0000/015,9,0.75,11.25,T4,0.0005661285116057499
flow/0000/015,9,0.75,11.25,T4T5,0.00010866582998058857
flow/0000/015,9,0.75,11.25,T5,-0.00034879685164457492
flow/0000/015,10,0.83333333333333337,12.5,T4,0.00057855052440450999
flow/0000/015,10,0.83333333333333337,12.5,T4T5,1.3487874705404856e-05
flow/0000/015,10,0.83333333333333337,12.5,T5,-0.00055157477499369984
flow/0000/015,11,0.91666666666666663,13.75,T4,0.00074660634120079367
flow/0000/015,11,0.91666666666666663,13.75,T4T5,0.0003860583426600929
flow/0000/015,11,0.91666666666666663,13.75,T5,2.5510344119399498e-05
flow/0000/016,0,0,0,T4,-2.4457980764413124e-05
flow/0000/016,0,0,0,T4T5,0.00022594354793730072
flow/0000/016,0,0,0,T5,0.00047634507663901759
flow/0000/016,1,0.083333333333333301,1.25,T4,0.00028790369343407486
flow/0000/016,1,0.083333333333333301,1.25,T4T5,0.00022119436821831269
flow/0000/016,1,0.083333333333333301,1.25,T5,0.00015448504300254531
flow/0000/016,2,0.1666666666666666,2.5,T4,0.00042372130952458755
flow/0000/016,2,0.1666666666666666,2.5,T4T5,0.00012747151821195825
flow/0000/016,2,0.1666666666666666,2.5,T5,-0.00016877827310067539
flow/0000/016,3,0.25,3.75,T4,0.00093316879195618797
flow/0000/016,3,0.25,3.75,T4T5,0.00011507197528379427
flow/0000/016,3,0.25,3.75,T5,-0.00070302484138859769
flow/0000/016,4,0.33333333333333331,5,T4,0.00043250413575718783
flow/0000/016,4,0.33333333333333331,5,T4T5,-6.8931048591753391e-05
flow/0000/016,4,0.33333333333333331,5,T5,-0.00057036623294070068
flow/0000/016,5,0.41666666666666669,6.25,T4,0.0002887138658566003
flow/0000/016,5,0.41666666666666669,6.25,T4T5,9.8588723861143049e-05
flow/0000/016,5,0.41666666666666669,6.25,T5,-9.1536418134308128e-05
flow/0000/016,6,0.5,7.5,T4,0.00024989664939175033
flow/0000/016,6,0.5,7.5,T4T5,0.00024256613558484852
flow/0000/016,6,0.5,7.5,T5,0.00023523562177794541
flow/0000/016,7,0.58333333333333337,8.75,T4,-0.00047482743918175058
flow/0000/016,7,0.58333333333333337,8.75,T4T5,-0.00018056968032721839
flow/0000/016,7,0.58333333333333337,8.75,T5,0.0001136880785273138
flow/0000/016,8,0.66666666666666663,10,T4,-0.00068474639751063722
flow/0000/016,8,0.66666666666666663,10,T4T5,8.8368035175336729e-06
flow/0000/016,8,0.66666666666666663,10,T5,0.00070242000454569936
flow/0000/016,9,0.75,11.25,T4,-0.0010591372437063372
flow/0000/016,9,0.75,11.25,T4T5,-0.00013894533438176503
flow/0000/016,9,0.75,11.25,T5,0.00078124657494281144
flow/0000/016,10,0.83333333333333337,12.5,T4,-0.00098520433456497549
flow/0000/016,10,0.83333333333333337,12.5,T4T5,-0.00017333729415035942
flow/0000/016,10,0.83333333333333337,12.5,T5,0.00063852974626425751
flow/0000/016,11,0.91666666666666663,13.75,T4,-0.00085454858377363718
flow/0000/016,11,0.91666666666666663,13.75,T4T5,-0.00049860686482169382
flow/0000/016,11,0.91666666666666663,13.75,T5,-0.00014266514586975046
flow/0000/017,0,0,0,T4,-0.0026770147952897873
flow/0000/017,0,0,0,T4T5,-0.0011736822773394523
flow/0000/017,0,0,0,T5,0.00032965024061088616
flow/0000/017,1,0.083333333333333301,1.25,T4,0.001958118924263277
flow/0000/017,1,0.083333333333333301,1.25,T4T5,0.00074759046020120984
flow/0000/017,1,0.083333333333333301,1.25,T5,-0.00046293800386085909
flow/0000/017,2,0.1666666666666666,2.5,T4,0.0065326693740033991
flow/0000/017,2,0.1666666666666666,2.5,T4T5,0.0028806615486863599
flow/0000/017,2,0.1666666666666666,2.5,T5,-0.0007713462766306689
flow/0000/017,3,0.25,3.75,T4,0.0042105813211905877
flow/0000/017,3,0.25,3.75,T4T5,-3.5439128710949841e-05
flow/0000/017,3,0.25,3.75,T5,-0.0042814595786124787
flow/0000/017,4,0.33333333333333331,5,T4,0.0069331711685712491
flow/0000/017,4,0.33333333333333331,5,T4T5,0.0021639564650621813
flow/0000/017,4,0.33333333333333331,5,T5,-0.0026052582384468864
flow/0000/017,5,0.41666666666666669,6.25,T4,0.0039332453492450506
flow/0000/017,5,0.41666666666666669,6.25,T4T5,0.0010683594194585075
flow/0000/017,5,0.41666666666666669,6.25,T5,-0.0017965265103280295
flow/0000/017,6,0.5,7.5,T4,0.0015781264256444633
flow/0000/017,6,0.5,7.5,T4T5,0.0008794216341765429
flow/0000/017,6,0.5,7.5,T5,0.00018071684270862254
flow/0000/017,7,0.58333333333333337,8.75,T4,0.0031896167419601367
flow/0000/017,7,0.58333333333333337,8.75,T4T5,0.0024498201003069139
flow/0000/017,7,0.58333333333333337,8.75,T5,0.0017100234586536894
flow/0000/017,8,0.66666666666666663,10,T4,-9.0132104969223997e-05
flow/0000/017,8,0.66666666666666663,10,T4T5,0.0013374608710205009
flow/0000/017,8,0.66666666666666663,10,T5,0.0027650538470102293
flow/0000/017,9,0.75,11.25,T4,-0.0076066683302528021
flow/0000/017,9,0.75,11.25,T4T5,-0.0021992315377073191
flow/0000/017,9,0.75,11.25,T5,0.0032082052548381632
flow/0000/017,10,0.83333333333333337,12.5,T4,0.0029274901484687881
flow/0000/017,10,0.83333333333333337,12.5,T4T5,0.0032262652539262887
flow/0000/017,10,0.83333333333333337,12.5,T5,0.0035250403593837867
flow/0000/017,11,0.91666666666666663,13.75,T4,0.0015167861561769004
flow/0000/017,11,0.91666666666666663,13.75,T4T5,0.0021421778567827197
flow/0000/017,11,0.91666666666666663,13.75,T5,0.0027675695573885425
flow/0000/018,0,0,0,T4,0.00065031749641625107
flow/0000/018,0,0,0,T4T5,0.00061834758869567033
flow/0000/018,0,0,0,T5,0.00058637768097508092
flow/0000/018,1,0.083333333333333301,1.25,T4,0.0015871360813542353
flow/0000/018,1,0.083333333333333301,1.25,T4T5,0.00069237239430605668
flow/0000/018,1,0.083333333333333301,1.25,T5,-0.00020239129274211842
flow/0000/018,2,0.1666666666666666,2.5,T4,0.0013076505196981253
flow/0000/018,2,0.1666666666666666,2.5,T4T5,0.00049251642165047682
flow/0000/018,2,0.1666666666666666,2.5,T5,-0.00032261767639715777
flow/0000/018,3,0.25,3.75,T4,0.0016927215210863125
flow/0000/018,3,0.25,3.75,T4T5,0.00085531331238848651
flow/0000/018,3,0.25,3.75,T5,1.7905103690658841e-05
flow/0000/018,4,0.33333333333333331,5,T4,0.0014330731646535755
flow/0000/018,4,0.33333333333333331,5,T4T5,0.00014587236348374485
flow/0000/018,4,0.33333333333333331,5,T5,-0.0011413284376860858
flow/0000/018,5,0.41666666666666669,6.25,T4,0.0012064538986039245
flow/0000/018,5,0.41666666666666669,6.25,T4T5,0.00078615693761477021
flow/0000/018,5,0.41666666666666669,6.25,T5,0.00036585997662560987
flow/0000/018,6,0.5,7.5,T4,0.00025147460695921185
flow/0000/018,6,0.5,7.5,T4T5,0.00026962998832726764
flow/0000/018,6,0.5,7.5,T5,0.0002877853696953217
flow/0000/018,7,0.58333333333333337,8.75,T4,-0.00073445645702261385
flow/0000/018,7,0.58333333333333337,8.75,T4T5,-0.00091756791394279058
flow/0000/018,7,0.58333333333333337,8.75,T5,-0.0011006793708629656
flow/0000/018,8,0.66666666666666663,10,T4,-0.00067127856089422601
flow/0000/018,8,0.66666666666666663,10,T4T5,0.00017694166406825515
flow/0000/018,8,0.66666666666666663,10,T5,0.0010251618890307207
flow/0000/018,9,0.75,11.25,T4,-0.00067885359954858709
flow/0000/018,9,0.75,11.25,T4T5,6.5997460133124242e-05
flow/0000/018,9,0.75,11.25,T5,0.00081084851981483991
flow/0000/018,10,0.83333333333333337,12.5,T4,-0.00010577524364228756
flow/0000/018,10,0.83333333333333337,12.5,T4T5,-6.0905069384092209e-05
flow/0000/018,10,0.83333333333333337,12.5,T5,-1.603489512590206e-05
flow/0000/018,11,0.91666666666666663,13.75,T4,-0.00072184705338906342
flow/0000/018,11,0.91666666666666663,13.75,T4T5,-0.00032305559469916409
flow/0000/018,11,0.91666666666666663,13.75,T5,7.5735863990740449e-05
flow/0000/019,0,0,0,T4,-0.00064395898753955363
flow/0000/019,0,0,0,T4T5,0.0001290341423695919
flow/0000/019,0,0,0,T5,0.00090202727227874091
flow/0000/019,1,0.083333333333333301,1.25,T4,0.0012756379255297115
flow/0000/019,1,0.083333333333333301,1.25,T4T5,0.0018655028004040744
flow/0000/019,1,0.083333333333333301,1.25,T5,0.0024553676752784373
flow/0000/019,2,0.1666666666666666,2.5,T4,0.0013952100732881612
flow/0000/019,2,0.1666666666666666,2.5,T4T5,0.00035655869680504063
flow/0000/019,2,0.1666666666666666,2.5,T5,-0.00068209267967807644
flow/0000/019,3,0.25,3.75,T4,0.00016253905220297779
flow/0000/019,3,0.25,3.75,T4T5,-0.00058055729923727969
flow/0000/019,3,0.25,3.75,T5,-0.0013236536506775372
flow/0000/019,4,0.33333333333333331,5,T4,0.0028386032736206351
flow/0000/019,4,0.33333333333333331,5,T4T5,0.0013891902890372093
flow/0000/019,4,0.33333333333333331,5,T5,-6.0222695546223448e-05
flow/0000/019,5,0.41666666666666669,6.25,T4,0.0014285228877066528
flow/0000/019,5,0.41666666666666669,6.25,T4T5,0.00047334553874664453
flow/0000/019,5,0.41666666666666669,6.25,T5,-0.00048183181021336369
flow/0000/019,6,0.5,7.5,T4,3.7826024770173244e-05
flow/0000/019,6,0.5,7.5,T4T5,0.00029097679195544748
flow/0000/019,6,0.5,7.5,T5,0.00054412755914072519
flow/0000/019,7,0.58333333333333337,8.75,T4,0.0015342243426207242
flow/0000/019,7,0.58333333333333337,8.75,T4T5,0.0018606963774107782
flow/0000/019,7,0.58333333333333337,8.75,T5,0.0021871684122008392
flow/0000/019,8,0.66666666666666663,10,T4,-0.0002200217914536777
flow/0000/019,8,0.66666666666666663,10,T4T5,2.1111420483960891e-05
flow/0000/019,8,0.66666666666666663,10,T5,0.00026224463242158907
flow/0000/019,9,0.75,11.25,T4,-0.00043735983530141312
flow/0000/019,9,0.75,11.25,T4T5,-3.6971327439048324e-05
flow/0000/019,9,0.75,11.25,T5,0.000363417180423313
flow/0000/019,10,0.83333333333333337,12.5,T4,-0.00029636957201660541
flow/0000/019,10,0.83333333333333337,12.5,T4T5,0.00089475597271758411
flow/0000/019,10,0.83333333333333337,12.5,T5,0.0020858815174517702
flow/0000/019,11,0.91666666666666663,13.75,T4,-0.00077028748442788467
flow/0000/019,11,0.91666666666666663,13.75,T4T5,-1.3063267081361157e-05
flow/0000/019,11,0.91666666666666663,13.75,T5,0.00074416095026516235
flow/0000/020,0,0,0,T4,-0.00091066410866331386
flow/0000/020,0,0,0,T4T5,-0.00044799474977778257
flow/0000/020,0,0,0,T5,1.467460910775046e-05
flow/0000/020,1,0.083333333333333301,1.25,T4,0.001851095464425489
flow/0000/020,1,0.083333333333333301,1.25,T4T5,0.0012781257930748946
flow/0000/020,1,0.083333333333333301,1.25,T5,0.00070515612172430053
flow/0000/020,2,0.1666666666666666,2.5,T4,0.0016062389952955372
flow/0000/020,2,0.1666666666666666,2.5,T4T5,0.0012368049916227117
flow/0000/020,2,0.1666666666666666,2.5,T5,0.00086737098794988738
flow/0000/020,3,0.25,3.75,T4,0.00039974964381166156
flow/0000/020,3,0.25,3.75,T4T5,-0.00030348057372538238
flow/0000/020,3,0.25,3.75,T5,-0.0010067107912624254
flow/0000/020,4,0.33333333333333331,5,T4,0.002100889495847612
flow/0000/020,4,0.33333333333333331,5,T4T5,0.0015240003336545634
flow/0000/020,4,0.33333333333333331,5,T5,0.00094711117146151257
flow/0000/020,5,0.41666666666666669,6.25,T4,0.001208814964117501
flow/0000/020,5,0.41666666666666669,6.25,T4T5,0.0009620161315594504
flow/0000/020,5,0.41666666666666669,6.25,T5,0.00071521729900140066
flow/0000/020,6,0.5,7.5,T4,-0.0019626158603759884
flow/0000/020,6,0.5,7.5,T4T5,-0.0013471046808092449
flow/0000/020,6,0.5,7.5,T5,-0.00073159350124250063
flow/0000/020,7,0.58333333333333337,8.75,T4,-0.0021281587854610484
flow/0000/020,7,0.58333333333333337,8.75,T4T5,-0.00060127781395342495
flow/0000/020,7,0.58333333333333337,8.75,T5,0.00092560315755419939
flow/0000/020,8,0.66666666666666663,10,T4,-0.00065862760300755985
flow/0000/020,8,0.66666666666666663,10,T4T5,0.00022686335135434482
flow/0000/020,8,0.66666666666666663,10,T5,0.0011123543057162482
flow/0000/020,9,0.75,11.25,T4,-0.0032603887950468993
flow/0000/020,9,0.75,11.25,T4T5,-0.0014344175036415069
flow/0000/020,9,0.75,11.25,T5,0.00039155378776388602
flow/0000/020,10,0.83333333333333337,12.5,T4,-0.0019397191780896631
flow/0000/020,10,0.83333333333333337,12.5,T4T5,-0.00068044773872530688
flow/0000/020,10,0.83333333333333337,12.5,T5,0.00057882370063905026
flow/0000/020,11,0.91666666666666663,13.75,T4,-0.00036560147306899902
flow/0000/020,11,0.91666666666666663,13.75,T4T5,0.00036854032643070678
flow/0000/020,11,0.91666666666666663,13.75,T5,0.0011026821259304122
flow/0000/021,0,0,0,T4,-0.000412795257817615
flow/0000/021,0,0,0,T4T5,-5.6526374335136992e-05
flow/0000/021,0,0,0,T5,0.00029974250914734102
flow/0000/021,1,0.083333333333333301,1.25,T4,0.0011043289200592995
flow/0000/021,1,0.083333333333333301,1.25,T4T5,0.00084945625578070408
flow/0000/021,1,0.083333333333333301,1.25,T5,0.0005945835915021
flow/0000/021,2,0.1666666666666666,2.5,T4,0.00058707189036509913
flow/0000/021,2,0.1666666666666666,2.5,T4T5,0.00040535839779145405
flow/0000/021,2,0.1666666666666666,2.5,T5,0.00022364490521779856
flow/0000/021,3,0.25,3.75,T4,-1.5174693265508979e-05
flow/0000/021,3,0.25,3.75,T4T5,0.00039824385156653902
flow/0000/021,3,0.25,3.75,T5,0.00081166239639858528
flow/0000/021,4,0.33333333333333331,5,T4,0.0015915901051562001
flow/0000/021,4,0.33333333333333331,5,T4T5,0.0017775586037086337
flow/0000/021,4,0.33333333333333331,5,T5,0.0019635271022610638
flow/0000/021,5,0.41666666666666669,6.25,T4,0.00036789955552580904
flow/0000/021,5,0.41666666666666669,6.25,T4T5,0.00076301335121773534
flow/0000/021,5,0.41666666666666669,6.25,T5,0.0011581271469096599
flow/0000/021,6,0.5,7.5,T4,-0.00028614017493915067
flow/0000/021,6,0.5,7.5,T4T5,0.00011981998228386206
flow/0000/021,6,0.5,7.5,T5,0.00052578013950687133
flow/0000/021,7,0.58333333333333337,8.75,T4,-0.00053748692644151226
flow/0000/021,7,0.58333333333333337,8.75,T4T5,-0.00020237310693090732
flow/0000/021,7,0.58333333333333337,8.75,T5,0.00013274071257969935
flow/0000/021,8,0.66666666666666663,10,T4,-0.00030093871157308577
flow/0000/021,8,0.66666666666666663,10,T4T5,0.00011742396096394575
flow/0000/021,8,0.66666666666666663,10,T5,0.0005357866335009738
flow/0000/021,9,0.75,11.25,T4,-0.00079652126626373818
flow/0000/021,9,0.75,11.25,T4T5,-0.00065271787217124552
flow/0000/021,9,0.75,11.25,T5,-0.0005089144780787494
flow/0000/021,10,0.83333333333333337,12.5,T4,0.00019786497562494787
flow/0000/021,10,0.83333333333333337,12.5,T4T5,-0.00011213080722473692
flow/0000/021,10,0.83333333333333337,12.5,T5,-0.00042212659007442171
flow/0000/021,11,0.91666666666666663,13.75,T4,-0.00045872681665188458
flow/0000/021,11,0.91666666666666663,13.75,T4T5,-0.00040497293598399861
flow/0000/021,11,0.91666666666666663,13.75,T5,-0.00035121905531611264
flow/0000/022,0,0,0,T4,0.0091789399742589484
flow/0000/022,0,0,0,T4T5,0.010544990244822527
flow/0000/022,0,0,0,T5,0.011911040515386107
flow/0000/022,1,0.083333333333333301,1.25,T4,0.011035386964605765
flow/0000/022,1,0.083333333333333301,1.25,T4T5,0.00078193785546334937
flow/0000/022,1,0.083333333333333301,1.25,T5,-0.0094715112536790658
flow/0000/022,2,0.1666666666666666,2.5,T4,-0.0015111792531168518
flow/0000/022,2,0.1666666666666666,2.5,T4T5,-0.003944599448828856
flow/0000/022,2,0.1666666666666666,2.5,T5,-0.0063780196445408222
flow/0000/022,3,0.25,3.75,T4,0.012000963524097019
flow/0000/022,3,0.25,3.75,T4T5,0.0074287593028755927
flow/0000/022,3,0.25,3.75,T5,0.0028565550816541663
flow/0000/022,4,0.33333333333333331,5,T4,0.011447402232560942
flow/0000/022,4,0.33333333333333331,5,T4T5,-0.0052886627661748453
flow/0000/022,4,0.33333333333333331,5,T5,-0.022024727764910601
flow/0000/022,5,0.41666666666666669,6.25,T4,0.0043480088192211046
flow/0000/022,5,0.41666666666666669,6.25,T4T5,-0.0040035738837691515
flow/0000/022,5,0.41666666666666669,6.25,T5,-0.012355156586759453
flow/0000/022,6,0.5,7.5,T4,6.1360106778027279e-05
flow/0000/022,6,0.5,7.5,T4T5,-0.0039656939608350705
flow/0000/022,6,0.5,7.5,T5,-0.0079927480284481267
flow/0000/022,7,0.58333333333333337,8.75,T4,-0.0025619347726262218
flow/0000/022,7,0.58333333333333337,8.75,T4T5,-0.0017704429787722131
flow/0000/022,7,0.58333333333333337,8.75,T5,-0.00097895118491819755
flow/0000/022,8,0.66666666666666663,10,T4,-0.0057311134672352604
flow/0000/022,8,0.66666666666666663,10,T4T5,-0.0052064364377722161
flow/0000/022,8,0.66666666666666663,10,T5,-0.0046817594083092273
flow/0000/022,9,0.75,11.25,T4,0.0058704256863605399
flow/0000/022,9,0.75,11.25,T4T5,0.0056698080970457032
flow/0000/022,9,0.75,11.25,T5,0.00546919050773087
flow/0000/022,10,0.83333333333333337,12.5,T4,0.001452371308465969
flow/0000/022,10,0.83333333333333337,12.5,T4T5,0.0054317957570991227
flow/0000/022,10,0.83333333333333337,12.5,T5,0.009411220205732207
flow/0000/022,11,0.91666666666666663,13.75,T4,-0.0049319833116869514
flow/0000/022,11,0.91666666666666663,13.75,T4T5,-0.00084675785050236652
flow/0000/022,11,0.91666666666666663,13.75,T5,0.0032384676106821941
flow/0000/023,0,0,0,T4,-0.00050365617857953821
flow/0000/023,0,0,0,T4T5,-0.00019629984880333018
flow/0000/023,0,0,0,T5,0.00011105648097287091
flow/0000/023,1,0.083333333333333301,1.25,T4,0.00025151217934136355
flow/0000/023,1,0.083333333333333301,1.25,T4T5,0.00024428902225749963
flow/0000/023,1,0.083333333333333301,1.25,T5,0.00023706586517363917
flow/0000/023,2,0.1666666666666666,2.5,T4,0.00063098582487796165
flow/0000/023,2,0.1666666666666666,2.5,T4T5,0.00027425242646870671
flow/0000/023,2,0.1666666666666666,2.5,T5,-8.2480971940551706e-05
flow/0000/023,3,0.25,3.75,T4,0.0016770804234878256
flow/0000/023,3,0.25,3.75,T4T5,0.0013272671819372743
flow/0000/023,3,0.25,3.75,T5,0.00097745394038672995
flow/0000/023,4,0.33333333333333331,5,T4,0.00053204828273772237
flow/0000/023,4,0.33333333333333331,5,T4T5,0.00038039210074092972
flow/0000/023,4,0.33333333333333331,5,T5,0.00022873591874413707
flow/0000/023,5,0.41666666666666669,6.25,T4,-0.00038204261667094605
flow/0000/023,5,0.41666666666666669,6.25,T4T5,-0.00026516450808728581
flow/0000/023,5,0.41666666666666669,6.25,T5,-0.00014828639950362557
flow/0000/023,6,0.5,7.5,T4,-0.00036796175439757564
flow/0000/023,6,0.5,7.5,T4T5,-0.00020344150323763077
flow/0000/023,6,0.5,7.5,T5,-3.8921252077685903e-05
flow/0000/023,7,0.58333333333333337,8.75,T4,-0.0018586959927899722
flow/0000/023,7,0.58333333333333337,8.75,T4T5,-0.00059279084518538971
flow/0000/023,7,0.58333333333333337,8.75,T5,0.00067311430241918241
flow/0000/023,8,0.66666666666666663,10,T4,-0.0014512705627075344
flow/0000/023,8,0.66666666666666663,10,T4T5,-0.00064616325250959825
flow/0000/023,8,0.66666666666666663,10,T5,0.00015894405768833789
flow/0000/023,9,0.75,11.25,T4,-0.0025147526051998888
flow/0000/023,9,0.75,11.25,T4T5,-0.0010411469521962313
flow/0000/023,9,0.75,11.25,T5,0.00043245870080742613
flow/0000/023,10,0.83333333333333337,12.5,T4,-0.0027501268825745641
flow/0000/023,10,0.83333333333333337,12.5,T4T5,-0.0011441765382786163
flow/0000/023,10,0.83333333333333337,12.5,T5,0.00046177380601732793
flow/0000/023,11,0.91666666666666663,13.75,T4,-0.002264773991249313
flow/0000/023,11,0.91666666666666663,13.75,T4T5,-0.00075401576375396656
flow/0000/023,11,0.91666666666666663,13.75,T5,0.00075674246374137638
flow/0000/024,0,0,0,T4,-0.00014679810848854981
flow/0000/024,0,0,0,T4T5,7.8086535479738456e-05
flow/0000/024,0,0,0,T5,0.00030297117944802499
flow/0000/024,1,0.083333333333333301,1.25,T4,0.0023058448205867626
flow/0000/024,1,0.083333333333333301,1.25,T4T5,0.0016680900975960429
flow/0000/024,1,0.083333333333333301,1.25,T5,0.0010303353746053227
flow/0000/024,2,0.1666666666666666,2.5,T4,0.0020245880735235253
flow/0000/024,2,0.1666666666666666,2.5,T4T5,0.0013899250665343997
flow/0000/024,2,0.1666666666666666,2.5,T5,0.00075526205954527803
flow/0000/024,3,0.25,3.75,T4,0.0016778734427246131
flow/0000/024,3,0.25,3.75,T4T5,0.0012215747352084822
flow/0000/024,3,0.25,3.75,T5,0.00076527602769235065
flow/0000/024,4,0.33333333333333331,5,T4,0.0022387540965378757
flow/0000/024,4,0.33333333333333331,5,T4T5,0.001173560740619849
flow/0000/024,4,0.33333333333333331,5,T5,0.00010836738470182405
flow/0000/024,5,0.41666666666666669,6.25,T4,0.00093257713535011347
flow/0000/024,5,0.41666666666666669,6.25,T4T5,-7.4588613040042773e-05
flow/0000/024,5,0.41666666666666669,6.25,T5,-0.0010817543614302025
flow/0000/024,6,0.5,7.5,T4,1.9772204661700063e-05
flow/0000/024,6,0.5,7.5,T4T5,3.2685951274482108e-05
flow/0000/024,6,0.5,7.5,T5,4.5599697887265672e-05
flow/0000/024,7,0.58333333333333337,8.75,T4,-0.0023881609717803639
flow/0000/024,7,0.58333333333333337,8.75,T4T5,-0.00078450934789850262
flow/0000/024,7,0.58333333333333337,8.75,T5,0.00081914227598336303
flow/0000/024,8,0.66666666666666663,10,T4,-0.0024229918698450018
flow/0000/024,8,0.66666666666666663,10,T4T5,-0.00096528034129998372
flow/0000/024,8,0.66666666666666663,10,T5,0.00049243118724503696
flow/0000/024,9,0.75,11.25,T4,-0.0026802636512583376
flow/0000/024,9,0.75,11.25,T4T5,-0.0020053678598158948
flow/0000/024,9,0.75,11.25,T5,-0.0013304720683734519
flow/0000/024,10,0.83333333333333337,12.5,T4,-0.0027591044231510624
flow/0000/024,10,0.83333333333333337,12.5,T4T5,-0.001989211265773394
flow/0000/024,10,0.83333333333333337,12.5,T5,-0.0012193181083957234
flow/0000/024,11,0.91666666666666663,13.75,T4,-0.0026838475339793491
flow/0000/024,11,0.91666666666666663,13.75,T4T5,-0.0013556342640264479
flow/0000/024,11,0.91666666666666663,13.75,T5,-2.7420994073552862e-05
flow/0000/025,0,0,0,T4,0.00017792681752159048
flow/0000/025,0,0,0,T4T5,0.00020854070110473862
flow/0000/025,0,0,0,T5,0.00023915458468788675
flow/0000/025,1,0.083333333333333301,1.25,T4,0.0025995795706530156
flow/0000/025,1,0.083333333333333301,1.25,T4T5,0.0020804785361673069
flow/0000/025,1,0.083333333333333301,1.25,T5,0.0015613775016816017
flow/0000/025,2,0.1666666666666666,2.5,T4,0.0033208958193345003
flow/0000/025,2,0.1666666666666666,2.5,T4T5,0.0014594307038215621
flow/0000/025,2,0.1666666666666666,2.5,T5,-0.00040203441169137794
flow/0000/025,3,0.25,3.75,T4,0.00021344446695871142
flow/0000/025,3,0.25,3.75,T4T5,-0.00098825390835888868
flow/0000/025,3,0.25,3.75,T5,-0.002189952283676494
flow/0000/025,4,0.33333333333333331,5,T4,0.0013644864659314582
flow/0000/025,4,0.33333333333333331,5,T4T5,0.00059459004078810974
flow/0000/025,4,0.33333333333333331,5,T5,-0.00017530638435523521
flow/0000/025,5,0.41666666666666669,6.25,T4,0.0043604769899868584
flow/0000/025,5,0.41666666666666669,6.25,T4T5,0.0028993363712812598
flow/0000/025,5,0.41666666666666669,6.25,T5,0.0014381957525756578
flow/0000/025,6,0.5,7.5,T4,0.00086926790298692477
flow/0000/025,6,0.5,7.5,T4T5,0.00077574144502886092
flow/0000/025,6,0.5,7.5,T5,0.00068221498707080053
flow/0000/025,7,0.58333333333333337,8.75,T4,0.0029940044048483994
flow/0000/025,7,0.58333333333333337,8.75,T4T5,0.0032536175016308934
flow/0000/025,7,0.58333333333333337,8.75,T5,0.0035132305984133805
flow/0000/025,8,0.66666666666666663,10,T4,0.0048186637082828221
flow/0000/025,8,0.66666666666666663,10,T4T5,0.0042619613768819856
flow/0000/025,8,0.66666666666666663,10,T5,0.003705259045481149
flow/0000/025,9,0.75,11.25,T4,0.0030992735244367402
flow/0000/025,9,0.75,11.25,T4T5,0.0023261523617806867
flow/0000/025,9,0.75,11.25,T5,0.0015530311991246368
flow/0000/025,10,0.83333333333333337,12.5,T4,0.005526985982649623
flow/0000/025,10,0.83333333333333337,12.5,T4T5,0.0049909195163587057
flow/0000/025,10,0.83333333333333337,12.5,T5,0.0044548530500677849
flow/0000/025,11,0.91666666666666663,13.75,T4,0.0047593289814723896
flow/0000/025,11,0.91666666666666663,13.75,T4T5,0.0038467593756589388
flow/0000/025,11,0.91666666666666663,13.75,T5,0.0029341897698454827
flow/0000/026,0,0,0,T4,-0.0028473821169190498
flow/0000/026,0,0,0,T4T5,-0.0014364802485541499
flow/0000/026,0,0,0,T5,-2.5578380189253402e-05
flow/0000/026,1,0.083333333333333301,1.25,T4,-0.0029877252946934139
flow/0000/026,1,0.083333333333333301,1.25,T4T5,-0.0044881411268291836
flow/0000/026,1,0.083333333333333301,1.25,T5,-0.0059885569589649516
flow/0000/026,2,0.1666666666666666,2.5,T4,-0.0036440624573800626
flow/0000/026,2,0.1666666666666666,2.5,T4T5,-0.0034015872547860405
flow/0000/026,2,0.1666666666666666,2.5,T5,-0.0031591120521920167
flow/0000/026,3,0.25,3.75,T4,-0.001871358937011576
flow/0000/026,3,0.25,3.75,T4T5,-0.0011658264561463533
flow/0000/026,3,0.25,3.75,T5,-0.00046029397528112026
flow/0000/026,4,0.33333333333333331,5,T4,-0.002962390023446438
flow/0000/026,4,0.33333333333333331,5,T4T5,-0.0034647393589381029
flow/0000/026,4,0.33333333333333331,5,T5,-0.0039670886944297608
flow/0000/026,5,0.41666666666666669,6.25,T4,-0.0029975618567984015
flow/0000/026,5,0.41666666666666669,6.25,T4T5,-0.0034938240249424209
flow/0000/026,5,0.41666666666666669,6.25,T5,-0.003990086193086443
flow/0000/026,6,0.5,7.5,T4,-0.0015342185357803129
flow/0000/026,6,0.5,7.5,T4T5,-0.0016142937345544252
flow/0000/026,6,0.5,7.5,T5,-0.0016943689333285376
flow/0000/026,7,0.58333333333333337,8.75,T4,-0.001340692003512188
flow/0000/026,7,0.58333333333333337,8.75,T4T5,-0.0030085400457266452
flow/0000/026,7,0.58333333333333337,8.75,T5,-0.0046763880879411024
flow/0000/026,8,0.66666666666666663,10,T4,-0.0029817279369389257
flow/0000/026,8,0.66666666666666663,10,T4T5,-0.0031091483402968696
flow/0000/026,8,0.66666666666666663,10,T5,-0.00323656874365481
flow/0000/026,9,0.75,11.25,T4,-0.0017182081136707756
flow/0000/026,9,0.75,11.25,T4T5,-0.0012573976171550115
flow/0000/026,9,0.75,11.25,T5,-0.0007965871206392465
flow/0000/026,10,0.83333333333333337,12.5,T4,-0.0019598886349171752
flow/0000/026,10,0.83333333333333337,12.5,T4T5,-0.0024375487752128881
flow/0000/026,10,0.83333333333333337,12.5,T5,-0.0029152089155085985
flow/0000/026,11,0.91666666666666663,13.75,T4,-0.0022283449891498256
flow/0000/026,11,0.91666666666666663,13.75,T4T5,-0.0026851340542455738
flow/0000/026,11,0.91666666666666663,13.75,T5,-0.0031419231193413263
flow/0000/027,0,0,0,T4,-0.0035037568911871902
flow/0000/027,0,0,0,T4T5,-0.0059205503187606465
flow/0000/027,0,0,0,T5,-0.0083373437463341027
flow/0000/027,1,0.083333333333333301,1.25,T4,0.0043369460310432179
flow/0000/027,1,0.083333333333333301,1.25,T4T5,-7.2606212991217778e-05
flow/0000/027,1,0.083333333333333301,1.25,T5,-0.0044821584570256395
flow/0000/027,2,0.1666666666666666,2.5,T4,0.0071194301509734242
flow/0000/027,2,0.1666666666666666,2.5,T4T5,0.00013237972117001451
flow/0000/027,2,0.1666666666666666,2.5,T5,-0.0068546707086334091
flow/0000/027,3,0.25,3.75,T4,0.0056947772465338539
flow/0000/027,3,0.25,3.75,T4T5,-6.5056342521907506e-05
flow/0000/027,3,0.25,3.75,T5,-0.0058248899315776759
flow/0000/027,4,0.33333333333333331,5,T4,0.0045185038817745909
flow/0000/027,4,0.33333333333333331,5,T4T5,0.0014081350707759316
flow/0000/027,4,0.33333333333333331,5,T5,-0.0017022337402227417
flow/0000/027,5,0.41666666666666669,6.25,T4,0.0055473363844575838
flow/0000/027,5,0.41666666666666669,6.25,T4T5,0.00052546176072996303
flow/0000/027,5,0.41666666666666669,6.25,T5,-0.0044964128629976646
flow/0000/027,6,0.5,7.5,T4,-0.0027561005395994806
flow/0000/027,6,0.5,7.5,T4T5,-0.0050687825989825103
flow/0000/027,6,0.5,7.5,T5,-0.007381464658365533
flow/0000/027,7,0.58333333333333337,8.75,T4,-0.0026243579759388097
flow/0000/027,7,0.58333333333333337,8.75,T4T5,-0.0052218033412941081
flow/0000/027,7,0.58333333333333337,8.75,T5,-0.0078192487066493926
flow/0000/027,8,0.66666666666666663,10,T4,-0.0066036177882604283
flow/0000/027,8,0.66666666666666663,10,T4T5,-0.0041850766689052882
flow/0000/027,8,0.66666666666666663,10,T5,-0.0017665355495501411
flow/0000/027,9,0.75,11.25,T4,-0.013277676607216335
flow/0000/027,9,0.75,11.25,T4T5,-0.013370693283943018
flow/0000/027,9,0.75,11.25,T5,-0.013463709960669701
flow/0000/027,10,0.83333333333333337,12.5,T4,-0.0055081674478541093
flow/0000/027,10,0.83333333333333337,12.5,T4T5,-0.0083155692760620015
flow/0000/027,10,0.83333333333333337,12.5,T5,-0.011122971104269908
flow/0000/027,11,0.91666666666666663,13.75,T4,-0.0047961154543469248
flow/0000/027,11,0.91666666666666663,13.75,T4T5,-0.0052023000210840026
flow/0000/027,11,0.91666666666666663,13.75,T5,-0.0056084845878210943
flow/0000/028,0,0,0,T4,-0.003172508781372812
flow/0000/028,0,0,0,T4T5,-0.0013445424113221263
flow/0000/028,0,0,0,T5,0.00048342395872853772
flow/0000/028,1,0.083333333333333301,1.25,T4,-0.00091922274779647397
flow/0000/028,1,0.083333333333333301,1.25,T4T5,0.0026665866918686651
flow/0000/028,1,0.083333333333333301,1.25,T5,0.0062523961315337911
flow/0000/028,2,0.1666666666666666,2.5,T4,-0.004992485951452073
flow/0000/028,2,0.1666666666666666,2.5,T4T5,0.0011940423223835081
flow/0000/028,2,0.1666666666666666,2.5,T5,0.007380570596219091
flow/0000/028,3,0.25,3.75,T4,-0.0046916318761102901
flow/0000/028,3,0.25,3.75,T4T5,-0.0046023394238324106
flow/0000/028,3,0.25,3.75,T5,-0.0045130469715545379
flow/0000/028,4,0.33333333333333331,5,T4,-0.0027295243776160861
flow/0000/028,4,0.33333333333333331,5,T4T5,0.00058122739249520661
flow/0000/028,4,0.33333333333333331,5,T5,0.0038919791626065015
flow/0000/028,5,0.41666666666666669,6.25,T4,-0.0051919991622023619
flow/0000/028,5,0.41666666666666669,6.25,T4T5,-0.0032262961631597253
flow/0000/028,5,0.41666666666666669,6.25,T5,-0.0012605931641170853
flow/0000/028,6,0.5,7.5,T4,-0.0034529522309000608
flow/0000/028,6,0.5,7.5,T4T5,-0.0024446594566387495
flow/0000/028,6,0.5,7.5,T5,-0.0014363666823774546
flow/0000/028,7,0.58333333333333337,8.75,T4,-0.0042854705844371363
flow/0000/028,7,0.58333333333333337,8.75,T4T5,-0.00020831254530626758
flow/0000/028,7,0.58333333333333337,8.75,T5,0.0038688454938246158
flow/0000/028,8,0.66666666666666663,10,T4,-0.0049283851850281495
flow/0000/028,8,0.66666666666666663,10,T4T5,0.0020245548338191713
flow/0000/028,8,0.66666666666666663,10,T5,0.0089774948526664955
flow/0000/028,9,0.75,11.25,T4,-0.003142185250491863
flow/0000/028,9,0.75,11.25,T4T5,-0.0014165159237642735
flow/0000/028,9,0.75,11.25,T5,0.00030915340296329419
flow/0000/028,10,0.83333333333333337,12.5,T4,-0.0034256916119297849
flow/0000/028,10,0.83333333333333337,12.5,T4T5,0.00096157333050993221
flow/0000/028,10,0.83333333333333337,12.5,T5,0.0053488382729496436
flow/0000/028,11,0.91666666666666663,13.75,T4,-0.0047398793849803764
flow/0000/028,11,0.91666666666666663,13.75,T4T5,0.0018922248869332955
flow/0000/028,11,0.91666666666666663,13.75,T5,0.0085243291588469466
flow/0000/029,0,0,0,T4,0.0011255406586858224
flow/0000/029,0,0,0,T4T5,0.0014653696475300064
flow/0000/029,0,0,0,T5,0.0018051986363741973
flow/0000/029,1,0.083333333333333301,1.25,T4,0.0021880079303292395
flow/0000/029,1,0.083333333333333301,1.25,T4T5,0.0018902500211806991
flow/0000/029,1,0.083333333333333301,1.25,T5,0.0015924921120321622
flow/0000/029,2,0.1666666666666666,2.5,T4,0.0026978441560445224
flow/0000/029,2,0.1666666666666666,2.5,T4T5,0.0027648055587016357
flow/0000/029,2,0.1666666666666666,2.5,T5,0.002831766961358749
flow/0000/029,3,0.25,3.75,T4,0.0020917248393660937
flow/0000/029,3,0.25,3.75,T4T5,0.0020322580954591704
flow/0000/029,3,0.25,3.75,T5,0.0019727913515522541
flow/0000/029,4,0.33333333333333331,5,T4,0.0005284411783638733
flow/0000/029,4,0.33333333333333331,5,T4T5,0.00068193690669146947
flow/0000/029,4,0.33333333333333331,5,T5,0.00083543263501906218
flow/0000/029,5,0.41666666666666669,6.25,T4,4.8068275318186721e-05
flow/0000/029,5,0.41666666666666669,6.25,T4T5,0.0011967435553892035
flow/0000/029,5,0.41666666666666669,6.25,T5,0.0023454188354602029
flow/0000/029,6,0.5,7.5,T4,0.00046540927391628545
flow/0000/029,6,0.5,7.5,T4T5,0.0011252944333262939
flow/0000/029,6,0.5,7.5,T5,0.0017851795927362954
flow/0000/029,7,0.58333333333333337,8.75,T4,0.00037873988808726292
flow/0000/029,7,0.58333333333333337,8.75,T4T5,0.00074684903482586523
flow/0000/029,7,0.58333333333333337,8.75,T5,0.0011149581815644641
flow/0000/029,8,0.66666666666666663,10,T4,-0.00084994147585963631
flow/0000/029,8,0.66666666666666663,10,T4T5,-3.3216997072354343e-05
flow/0000/029,8,0.66666666666666663,10,T5,0.00078350748171492068
flow/0000/029,9,0.75,11.25,T4,-0.00051552307847587894
flow/0000/029,9,0.75,11.25,T4T5,0.00028052965185910994
flow/0000/029,9,0.75,11.25,T5,0.0010765823821940954
flow/0000/029,10,0.83333333333333337,12.5,T4,0.0011555380011600037
flow/0000/029,10,0.83333333333333337,12.5,T4T5,0.0018588008269734314
flow/0000/029,10,0.83333333333333337,12.5,T5,0.0025620636527868487
flow/0000/029,11,0.91666666666666663,13.75,T4,0.0001721020187715229
flow/0000/029,11,0.91666666666666663,13.75,T4T5,0.0010192713931645274
flow/0000/029,11,0.91666666666666663,13.75,T5,0.0018664407675575423
flow/0000/030,0,0,0,T4,-0.00024903935233583363
flow/0000/030,0,0,0,T4T5,-6.4538691287897854e-05
flow/0000/030,0,0,0,T5,0.00011996196976002405
flow/0000/030,1,0.083333333333333301,1.25,T4,-0.00032337482938173817
flow/0000/030,1,0.083333333333333301,1.25,T4T5,0.00015941486947954747
flow/0000/030,1,0.083333333333333301,1.25,T5,0.00064220456834084005
flow/0000/030,2,0.1666666666666666,2.5,T4,0.00069965277369124154
flow/0000/030,2,0.1666666666666666,2.5,T4T5,0.0010029520266420511
flow/0000/030,2,0.1666666666666666,2.5,T5,0.0013062512795928641
flow/0000/030,3,0.25,3.75,T4,-0.00013888122822803758
flow/0000/030,3,0.25,3.75,T4T5,2.7628859490091973e-05
flow/0000/030,3,0.25,3.75,T5,0.00019413894720823888
flow/0000/030,4,0.33333333333333331,5,T4,0.00056548788068535444
flow/0000/030,4,0.33333333333333331,5,T4T5,0.00018018519067791727
flow/0000/030,4,0.33333333333333331,5,T5,-0.00020511749932954071
flow/0000/030,5,0.41666666666666669,6.25,T4,-0.0010276924818801644
flow/0000/030,5,0.41666666666666669,6.25,T4T5,-0.00029085969588500682
flow/0000/030,5,0.41666666666666669,6.25,T5,0.00044597309011016467
flow/0000/030,6,0.5,7.5,T4,0.00067227308220107335
flow/0000/030,6,0.5,7.5,T4T5,1.7449194646232402e-05
flow/0000/030,6,0.5,7.5,T5,-0.00063737469290862242
flow/0000/030,7,0.58333333333333337,8.75,T4,-0.0025115938143014972
flow/0000/030,7,0.58333333333333337,8.75,T4T5,-0.00087715599652691406
flow/0000/030,7,0.58333333333333337,8.75,T5,0.00075728182124766563
flow/0000/030,8,0.66666666666666663,10,T4,-0.0018791678665835976
flow/0000/030,8,0.66666666666666663,10,T4T5,-0.00011971914105800285
flow/0000/030,8,0.66666666666666663,10,T5,0.0016397295844675919
flow/0000/030,9,0.75,11.25,T4,4.8634264978187486e-05
flow/0000/030,9,0.75,11.25,T4T5,-0.00025629715897683425
flow/0000/030,9,0.75,11.25,T5,-0.00056122858293185252
flow/0000/030,10,0.83333333333333337,12.5,T4,-0.0041493429736598544
flow/0000/030,10,0.83333333333333337,12.5,T4T5,-0.0026004048187542386
flow/0000/030,10,0.83333333333333337,12.5,T5,-0.0010514666638486159
flow/0000/030,11,0.91666666666666663,13.75,T4,-0.0016522885329850502
flow/0000/030,11,0.91666666666666663,13.75,T4T5,-0.00068888252338544786
flow/0000/030,11,0.91666666666666663,13.75,T5,0.00027452348621415101
flow/0000/031,0,0,0,T4,-0.0019549916326035699
flow/0000/031,0,0,0,T4T5,-0.0010509353481946079
flow/0000/031,0,0,0,T5,-0.00014687906378564597
flow/0000/031,1,0.083333333333333301,1.25,T4,-0.0064295618399068388
flow/0000/031,1,0.083333333333333301,1.25,T4T5,-0.0053088653352056994
flow/0000/031,1,0.083333333333333301,1.25,T5,-0.0041881688305045531
flow/0000/031,2,0.1666666666666666,2.5,T4,0.0012919568144806604
flow/0000/031,2,0.1666666666666666,2.5,T4T5,-0.00067669455322920402
flow/0000/031,2,0.1666666666666666,2.5,T5,-0.0026453459209390892
flow/0000/031,3,0.25,3.75,T4,-0.0016916678693496279
flow/0000/031,3,0.25,3.75,T4T5,-0.0013665212326981202
flow/0000/031,3,0.25,3.75,T5,-0.0010413745960465917
flow/0000/031,4,0.33333333333333331,5,T4,-0.0044248667613732279
flow/0000/031,4,0.33333333333333331,5,T4T5,-0.0048140963025592454
flow/0000/031,4,0.33333333333333331,5,T5,-0.0052033258437452629
flow/0000/031,5,0.41666666666666669,6.25,T4,-0.00028635718867614512
flow/0000/031,5,0.41666666666666669,6.25,T4T5,-0.0010712620003028375
flow/0000/031,5,0.41666666666666669,6.25,T5,-0.0018561668119295369
flow/0000/031,6,0.5,7.5,T4,-0.0042670588732735965
flow/0000/031,6,0.5,7.5,T4T5,-0.0023947276120780958
flow/0000/031,6,0.5,7.5,T5,-0.00052239635088260211
flow/0000/031,7,0.58333333333333337,8.75,T4,-0.0073248347578248607
flow/0000/031,7,0.58333333333333337,8.75,T4T5,-0.0055294120284151704
flow/0000/031,7,0.58333333333333337,8.75,T5,-0.0037339892990054732
flow/0000/031,8,0.66666666666666663,10,T4,-0.001847268822329412
flow/0000/031,8,0.66666666666666663,10,T4T5,-0.00030842950701101546
flow/0000/031,8,0.66666666666666663,10,T5,0.0012304098083073672
flow/0000/031,9,0.75,11.25,T4,-0.0021189698752930725
flow/0000/031,9,0.75,11.25,T4T5,-0.00079032389688155069
flow/0000/031,9,0.75,11.25,T5,0.00053832208153000577
flow/0000/031,10,0.83333333333333337,12.5,T4,-0.0087669829758012519
flow/0000/031,10,0.83333333333333337,12.5,T4T5,-0.0061649634168220238
flow/0000/031,10,0.83333333333333337,12.5,T5,-0.0035629438578427958
flow/0000/031,11,0.91666666666666663,13.75,T4,-0.00050598692332674833
flow/0000/031,11,0.91666666666666663,13.75,T4T5,-0.00095576738058017474
flow/0000/031,11,0.91666666666666663,13.75,T5,-0.001405547837833615
flow/0000/032,0,0,0,T4,0.0019637220983252865
flow/0000/032,0,0,0,T4T5,0.0014817935165185973
flow/0000/032,0,0,0,T5,0.00099986493471191165
flow/0000/032,1,0.083333333333333301,1.25,T4,0.010263160492165774
flow/0000/032,1,0.083333333333333301,1.25,T4T5,0.0047894008227740009
flow/0000/032,1,0.083333333333333301,1.25,T5,-0.00068435884661778926
flow/0000/032,2,0.1666666666666666,2.5,T4,0.027624654953748967
flow/0000/032,2,0.1666666666666666,2.5,T4T5,0.01138201559106445
flow/0000/032,2,0.1666666666666666,2.5,T5,-0.0048606237716200618
flow/0000/032,3,0.25,3.75,T4,0.011556511723752376
flow/0000/032,3,0.25,3.75,T4T5,0.0048446169556729396
flow/0000/032,3,0.25,3.75,T5,-0.001867277812406502
flow/0000/032,4,0.33333333333333331,5,T4,0.014588962129937363
flow/0000/032,4,0.33333333333333331,5,T4T5,0.0063688742458421418
flow/0000/032,4,0.33333333333333331,5,T5,-0.0018512136382530728
flow/0000/032,5,0.41666666666666669,6.25,T4,0.021291472532761188
flow/0000/032,5,0.41666666666666669,6.25,T4T5,0.0079496371228698556
flow/0000/032,5,0.41666666666666669,6.25,T5,-0.0053921982870214855
flow/0000/032,6,0.5,7.5,T4,0.00058007426503943471
flow/0000/032,6,0.5,7.5,T4T5,-0.00024219415064043182
flow/0000/032,6,0.5,7.5,T5,-0.0010644625663203053
flow/0000/032,7,0.58333333333333337,8.75,T4,0.011251866694828319
flow/0000/032,7,0.58333333333333337,8.75,T4T5,0.0045474991610954182
flow/0000/032,7,0.58333333333333337,8.75,T5,-0.002156868372637474
flow/0000/032,8,0.66666666666666663,10,T4,0.0059576858010090966
flow/0000/032,8,0.66666666666666663,10,T4T5,0.0016451997703110094
flow/0000/032,8,0.66666666666666663,10,T5,-0.0026672862603870726
flow/0000/032,9,0.75,11.25,T4,-6.6199168038828804e-05
flow/0000/032,9,0.75,11.25,T4T5,0.00015113035810186692
flow/0000/032,9,0.75,11.25,T5,0.00036845988424257133
flow/0000/032,10,0.83333333333333337,12.5,T4,0.016367752308950503
flow/0000/032,10,0.83333333333333337,12.5,T4T5,0.0071438806741272627
flow/0000/032,10,0.83333333333333337,12.5,T5,-0.0020799909606959875
flow/0000/032,11,0.91666666666666663,13.75,T4,0.0077184723269046601
flow/0000/032,11,0.91666666666666663,13.75,T4T5,0.0040153860165650992
flow/0000/032,11,0.91666666666666663,13.75,T5,0.00031229970622554792
flow/0000/033,0,0,0,T4,-0.0028631742167209082
flow/0000/033,0,0,0,T4T5,-0.0018915057662883122
flow/0000/033,0,0,0,T5,-0.00091983731585571805
flow/0000/033,1,0.083333333333333301,1.25,T4,-0.0039034304613710311
flow/0000/033,1,0.083333333333333301,1.25,T4T5,-0.0024099759032367649
flow/0000/033,1,0.083333333333333301,1.25,T5,-0.00091652134510249172
flow/0000/033,2,0.1666666666666666,2.5,T4,-0.0027028647036885234
flow/0000/033,2,0.1666666666666666,2.5,T4T5,-0.0015631960335876736
flow/0000/033,2,0.1666666666666666,2.5,T5,-0.0004235273634868239
flow/0000/033,3,0.25,3.75,T4,-0.0022739261928401699
flow/0000/033,3,0.25,3.75,T4T5,-0.0012980170926787382
flow/0000/033,3,0.25,3.75,T5,-0.00032210799251729781
flow/0000/033,4,0.33333333333333331,5,T4,-0.0011584343008324977
flow/0000/033,4,0.33333333333333331,5,T4T5,-0.0014503843797462855
flow/0000/033,4,0.33333333333333331,5,T5,-0.0017423344586600612
flow/0000/033,5,0.41666666666666669,6.25,T4,-0.0019027065927846379
flow/0000/033,5,0.41666666666666669,6.25,T4T5,-0.0013622557127465212
flow/0000/033,5,0.41666666666666669,6.25,T5,-0.00082180483270838725
flow/0000/033,6,0.5,7.5,T4,-0.0024851208088778123
flow/0000/033,6,0.5,7.5,T4T5,-0.001596549497628573
flow/0000/033,6,0.5,7.5,T5,-0.00070797818637933704
flow/0000/033,7,0.58333333333333337,8.75,T4,-0.001722148027046691
flow/0000/033,7,0.58333333333333337,8.75,T4T5,-0.0023827001792407071
flow/0000/033,7,0.58333333333333337,8.75,T5,-0.0030432523314347249
flow/0000/033,8,0.66666666666666663,10,T4,-0.00058686335058497074
flow/0000/033,8,0.66666666666666663,10,T4T5,-0.00069225447882871258
flow/0000/033,8,0.66666666666666663,10,T5,-0.00079764560707246482
flow/0000/033,9,0.75,11.25,T4,-0.0033890644452160695
flow/0000/033,9,0.75,11.25,T4T5,-0.002035472722216547
flow/0000/033,9,0.75,11.25,T5,-0.00068188099921702612
flow/0000/033,10,0.83333333333333337,12.5,T4,-0.0031454360413618043
flow/0000/033,10,0.83333333333333337,12.5,T4T5,-0.0023506112135373396
flow/0000/033,10,0.83333333333333337,12.5,T5,-0.0015557863857128713
flow/0000/033,11,0.91666666666666663,13.75,T4,-0.0032237731826190719
flow/0000/033,11,0.91666666666666663,13.75,T4T5,-0.0027786392075519334
flow/0000/033,11,0.91666666666666663,13.75,T5,-0.002333505232484788
flow/0000/034,0,0,0,T4,-0.000373464591726963
flow/0000/034,0,0,0,T4T5,0.0001355698580935219
flow/0000/034,0,0,0,T5,0.00064460430791401027
flow/0000/034,1,0.083333333333333301,1.25,T4,0.0017871829458075209
flow/0000/034,1,0.083333333333333301,1.25,T4T5,0.0011855700288637729
flow/0000/034,1,0.083333333333333301,1.25,T5,0.0005839571119200266
flow/0000/034,2,0.1666666666666666,2.5,T4,0.0040542111694349611
flow/0000/034,2,0.1666666666666666,2.5,T4T5,0.0025575571278477448
flow/0000/034,2,0.1666666666666666,2.5,T5,0.001060903086260525
flow/0000/034,3,0.25,3.75,T4,0.0025769093066460996
flow/0000/034,3,0.25,3.75,T4T5,0.0017383735000143716
flow/0000/034,3,0.25,3.75,T5,0.00089983769338263658
flow/0000/034,4,0.33333333333333331,5,T4,0.0054821946950990574
flow/0000/034,4,0.33333333333333331,5,T4T5,0.0035198054012979645
flow/0000/034,4,0.33333333333333331,5,T5,0.001557416107496875
flow/0000/034,5,0.41666666666666669,6.25,T4,0.0026401647434758299
flow/0000/034,5,0.41666666666666669,6.25,T4T5,0.0014301376147300426
flow/0000/034,5,0.41666666666666669,6.25,T5,0.00022011048598426231
flow/0000/034,6,0.5,7.5,T4,0.0016877953840490206
flow/0000/034,6,0.5,7.5,T4T5,0.0011482521603580452
flow/0000/034,6,0.5,7.5,T5,0.00060870893666707497
flow/0000/034,7,0.58333333333333337,8.75,T4,0.0029118272542332027
flow/0000/034,7,0.58333333333333337,8.75,T4T5,0.0023253104165571158
flow/0000/034,7,0.58333333333333337,8.75,T5,0.0017387935788810358
flow/0000/034,8,0.66666666666666663,10,T4,0.00097188340475246049
flow/0000/034,8,0.66666666666666663,10,T4T5,0.00058714166722891384
flow/0000/034,8,0.66666666666666663,10,T5,0.00020239992970537413
flow/0000/034,9,0.75,11.25,T4,-0.0012676908004708859
flow/0000/034,9,0.75,11.25,T4T5,-0.00053210867747820537
flow/0000/034,9,0.75,11.25,T5,0.00020347344551447516
flow/0000/034,10,0.83333333333333337,12.5,T4,0.0016662036742773542
flow/0000/034,10,0.83333333333333337,12.5,T4T5,0.0013849196286793534
flow/0000/034,10,0.83333333333333337,12.5,T5,0.0011036355830813492
flow/0000/034,11,0.91666666666666663,13.75,T4,0.00046391143837714449
flow/0000/034,11,0.91666666666666663,13.75,T4T5,0.0006444147432307229
flow/0000/034,11,0.91666666666666663,13.75,T5,0.0008249180480843013
flow/0000/035,0,0,0,T4,0.00034097340226644981
flow/0000/035,0,0,0,T4T5,5.2184849203743174e-05
flow/0000/035,0,0,0,T5,-0.00023660370385896259
flow/0000/035,1,0.083333333333333301,1.25,T4,0.00051530401709808755
flow/0000/035,1,0.083333333333333301,1.25,T4T5,0.00024081027880476264
flow/0000/035,1,0.083333333333333301,1.25,T5,-3.3683459488561846e-05
flow/0000/035,2,0.1666666666666666,2.5,T4,0.00042244502373806276
flow/0000/035,2,0.1666666666666666,2.5,T4T5,0.0002310865065725436
flow/0000/035,2,0.1666666666666666,2.5,T5,3.9727989407024877e-05
flow/0000/035,3,0.25,3.75,T4,0.00036738537104275015
flow/0000/035,3,0.25,3.75,T4T5,0.00034699655628003725
flow/0000/035,3,0.25,3.75,T5,0.00032660774151732457
flow/0000/035,4,0.33333333333333331,5,T4,0.00062400077348877475
flow/0000/035,4,0.33333333333333331,5,T4T5,0.00033050853956796277
flow/0000/035,4,0.33333333333333331,5,T5,3.7016305647150343e-05
flow/0000/035,5,0.41666666666666669,6.25,T4,0.00058886209685417496
flow/0000/035,5,0.41666666666666669,6.25,T4T5,0.00050981336888014411
flow/0000/035,5,0.41666666666666669,6.25,T5,0.00043076464090611305
flow/0000/035,6,0.5,7.5,T4,0.00023118995936907542
flow/0000/035,6,0.5,7.5,T4T5,0.00020608293588272528
flow/0000/035,6,0.5,7.5,T5,0.00018097591239637535
flow/0000/035,7,0.58333333333333337,8.75,T4,0.00035296744917176276
flow/0000/035,7,0.58333333333333337,8.75,T4T5,0.00021659230383460596
flow/0000/035,7,0.58333333333333337,8.75,T5,8.0217158497449589e-05
flow/0000/035,8,0.66666666666666663,10,T4,0.00029648557880493733
flow/0000/035,8,0.66666666666666663,10,T4T5,0.00024288134872605034
flow/0000/035,8,0.66666666666666663,10,T5,0.00018927711864716356
flow/0000/035,9,0.75,11.25,T4,0.00042756316449449956
flow/0000/035,9,0.75,11.25,T4T5,0.0002931873252805064
flow/0000/035,9,0.75,11.25,T5,0.00015881148606651258
flow/0000/035,10,0.83333333333333337,12.5,T4,-0.00034639423321675068
flow/0000/035,10,0.83333333333333337,12.5,T4T5,-0.0002058246761959192
flow/0000/035,10,0.83333333333333337,12.5,T5,-6.5255119175087941e-05
flow/0000/035,11,0.91666666666666663,13.75,T4,0.00028533377330332505
flow/0000/035,11,0.91666666666666663,13.75,T4T5,0.00023033716886151218
flow/0000/035,11,0.91666666666666663,13.75,T5,0.00017534056441969974
flow/0000/036,0,0,0,T4,0.0003219272006722701
flow/0000/036,0,0,0,T4T5,-0.0014709877525354298
flow/0000/036,0,0,0,T5,-0.0032639027057431713
flow/0000/036,1,0.083333333333333301,1.25,T4,0.0014801563122697897
flow/0000/036,1,0.083333333333333301,1.25,T4T5,-0.00069263207020907325
flow/0000/036,1,0.083333333333333301,1.25,T5,-0.0028654204526879223
flow/0000/036,2,0.1666666666666666,2.5,T4,0.0053680305976457759
flow/0000/036,2,0.1666666666666666,2.5,T4T5,0.0015336922438880241
flow/0000/036,2,0.1666666666666666,2.5,T5,-0.002300646109869714
flow/0000/036,3,0.25,3.75,T4,0.0031958655175172851
flow/0000/036,3,0.25,3.75,T4T5,-0.00016577482189508719
flow/0000/036,3,0.25,3.75,T5,-0.0035274151613074733
flow/0000/036,4,0.33333333333333331,5,T4,0.0042519062669295893
flow/0000/036,4,0.33333333333333331,5,T4T5,0.0014571192976184644
flow/0000/036,4,0.33333333333333331,5,T5,-0.0013376676716926605
flow/0000/036,5,0.41666666666666669,6.25,T4,0.0048502431693071141
flow/0000/036,5,0.41666666666666669,6.25,T4T5,0.00080579856302873121
flow/0000/036,5,0.41666666666666669,6.25,T5,-0.0032386460432496378
flow/0000/036,6,0.5,7.5,T4,0.00061209454374672179
flow/0000/036,6,0.5,7.5,T4T5,-0.00034290568839909219
flow/0000/036,6,0.5,7.5,T5,-0.0012979059205448784
flow/0000/036,7,0.58333333333333337,8.75,T4,-0.0015026881417432858
flow/0000/036,7,0.58333333333333337,8.75,T4T5,0.00038473057578411463
flow/0000/036,7,0.58333333333333337,8.75,T5,0.0022721492933115151
flow/0000/036,8,0.66666666666666663,10,T4,0.00010201860393901918
flow/0000/036,8,0.66666666666666663,10,T4T5,0.0009300995881260099
flow/0000/036,8,0.66666666666666663,10,T5,0.0017581805723129729
flow/0000/036,9,0.75,11.25,T4,-0.00112567059868416
flow/0000/036,9,0.75,11.25,T4T5,-0.00031918564216376621
flow/0000/036,9,0.75,11.25,T5,0.00048729931435664842
flow/0000/036,10,0.83333333333333337,12.5,T4,-0.0034624822070781006
flow/0000/036,10,0.83333333333333337,12.5,T4T5,-0.00099725572815720365
flow/0000/036,10,0.83333333333333337,12.5,T5,0.0014679707507636586
flow/0000/036,11,0.91666666666666663,13.75,T4,-0.00054325692667600567
flow/0000/036,11,0.91666666666666663,13.75,T4T5,0.0003179327869139853
flow/0000/036,11,0.91666666666666663,13.75,T5,0.0011791225005039485
flow/0000/037,0,0,0,T4,-0.0012544106763097765
flow/0000/037,0,0,0,T4T5,-0.0010095574948472998
flow/0000/037,0,0,0,T5,-0.00076470431338482303
flow/0000/037,1,0.083333333333333301,1.25,T4,0.0013439865862851542
flow/0000/037,1,0.083333333333333301,1.25,T4T5,0.0010243675866567388
flow/0000/037,1,0.083333333333333301,1.25,T5,0.00070474858702831988
flow/0000/037,2,0.1666666666666666,2.5,T4,-0.0041751261208698258
flow/0000/037,2,0.1666666666666666,2.5,T4T5,-0.0022290994089114238
flow/0000/037,2,0.1666666666666666,2.5,T5,-0.00028307269695302534
flow/0000/037,3,0.25,3.75,T4,0.0021946179894595137
flow/0000/037,3,0.25,3.75,T4T5,0.00087577613397633522
flow/0000/037,3,0.25,3.75,T5,-0.00044306572150683982
flow/0000/037,4,0.33333333333333331,5,T4,0.0027723330101094117
flow/0000/037,4,0.33333333333333331,5,T4T5,0.0019931676138244467
flow/0000/037,4,0.33333333333333331,5,T5,0.0012140022175394886
flow/0000/037,5,0.41666666666666669,6.25,T4,-0.0007757080914578586
flow/0000/037,5,0.41666666666666669,6.25,T4T5,-0.0012922561064942391
flow/0000/037,5,0.41666666666666669,6.25,T5,-0.0018088041215306126
flow/0000/037,6,0.5,7.5,T4,0.0030297236075636849
flow/0000/037,6,0.5,7.5,T4T5,0.002046571657607011
flow/0000/037,6,0.5,7.5,T5,0.0010634197076503371
flow/0000/037,7,0.58333333333333337,8.75,T4,-0.0023547867500921041
flow/0000/037,7,0.58333333333333337,8.75,T4T5,-0.00060960211188404098
flow/0000/037,7,0.58333333333333337,8.75,T5,0.0011355825263240291
flow/0000/037,8,0.66666666666666663,10,T4,-0.0048548979070066611
flow/0000/037,8,0.66666666666666663,10,T4T5,-0.0025675285534259747
flow/0000/037,8,0.66666666666666663,10,T5,-0.0002801591998452882
flow/0000/037,9,0.75,11.25,T4,0.00028035930126548217
flow/0000/037,9,0.75,11.25,T4T5,0.00064846324208528081
flow/0000/037,9,0.75,11.25,T5,0.001016567182905076
flow/0000/037,10,0.83333333333333337,12.5,T4,-0.0037311147606334735
flow/0000/037,10,0.83333333333333337,12.5,T4T5,-0.002068988633358821
flow/0000/037,10,0.83333333333333337,12.5,T5,-0.00040686250608417546
flow/0000/037,11,0.91666666666666663,13.75,T4,-0.0043133724426118875
flow/0000/037,11,0.91666666666666663,13.75,T4T5,-0.0021722368129681521
flow/0000/037,11,0.91666666666666663,13.75,T5,-3.1101183324409865e-05
flow/0000/038,0,0,0,T4,0.00088261097203379962
flow/0000/038,0,0,0,T4T5,0.00042345019269358734
flow/0000/038,0,0,0,T5,-3.5710586646624937e-05
flow/0000/038,1,0.083333333333333301,1.25,T4,-0.0022614084416861841
flow/0000/038,1,0.083333333333333301,1.25,T4T5,-0.0028479895536827008
flow/0000/038,1,0.083333333333333301,1.25,T5,-0.0034345706656792145
flow/0000/038,2,0.1666666666666666,2.5,T4,-0.0011482194593149019
flow/0000/038,2,0.1666666666666666,2.5,T4T5,-0.0019422784605698379
flow/0000/038,2,0.1666666666666666,2.5,T5,-0.0027363374618247747
flow/0000/038,3,0.25,3.75,T4,-0.0018981099281647137
flow/0000/038,3,0.25,3.75,T4T5,-0.001856090969287176
flow/0000/038,3,0.25,3.75,T5,-0.0018140720104096383
flow/0000/038,4,0.33333333333333331,5,T4,-0.0027747878266131676
flow/0000/038,4,0.33333333333333331,5,T4T5,-0.002119037855329178
flow/0000/038,4,0.33333333333333331,5,T5,-0.0014632878840451884
flow/0000/038,5,0.41666666666666669,6.25,T4,-0.00056382803784501591
flow/0000/038,5,0.41666666666666669,6.25,T4T5,-0.0005448966076442973
flow/0000/038,5,0.41666666666666669,6.25,T5,-0.00052596517744357349
flow/0000/038,6,0.5,7.5,T4,0.00010594977157128965
flow/0000/038,6,0.5,7.5,T4T5,0.00019508291859218416
flow/0000/038,6,0.5,7.5,T5,0.0002842160656130778
flow/0000/038,7,0.58333333333333337,8.75,T4,-0.0013931607311982721
flow/0000/038,7,0.58333333333333337,8.75,T4T5,-0.0005199157541258357
flow/0000/038,7,0.58333333333333337,8.75,T5,0.0003533292229466016
flow/0000/038,8,0.66666666666666663,10,T4,-0.00011727677975628507
flow/0000/038,8,0.66666666666666663,10,T4T5,0.00059883287679550826
flow/0000/038,8,0.66666666666666663,10,T5,0.0013149425333472964
flow/0000/038,9,0.75,11.25,T4,0.0014535308112678036
flow/0000/038,9,0.75,11.25,T4T5,0.00090451677779543847
flow/0000/038,9,0.75,11.25,T5,0.00035550274432307252
flow/0000/038,10,0.83333333333333337,12.5,T4,0.0021451217678306015
flow/0000/038,10,0.83333333333333337,12.5,T4T5,0.0011482398363439599
flow/0000/038,10,0.83333333333333337,12.5,T5,0.00015135790485731535
flow/0000/038,11,0.91666666666666663,13.75,T4,0.0024551740757315105
flow/0000/038,11,0.91666666666666663,13.75,T4T5,0.0017746320479927243
flow/0000/038,11,0.91666666666666663,13.75,T5,0.0010940900202539398
flow/0000/039,0,0,0,T4,-0.0029929337475603501
flow/0000/039,0,0,0,T4T5,-0.003657508708013929
flow/0000/039,0,0,0,T5,-0.0043220836684675079
flow/0000/039,1,0.083333333333333301,1.25,T4,-0.001788172599285591
flow/0000/039,1,0.083333333333333301,1.25,T4T5,-0.010554644900291801
flow/0000/039,1,0.083333333333333301,1.25,T5,-0.019321117201298019
flow/0000/039,2,0.1666666666666666,2.5,T4,-0.04278274842407391
flow/0000/039,2,0.1666666666666666,2.5,T4T5,-0.022571936328850808
flow/0000/039,2,0.1666666666666666,2.5,T5,-0.0023611242336277205
flow/0000/039,3,0.25,3.75,T4,-0.0021033299032553188
flow/0000/039,3,0.25,3.75,T4T5,-0.0045579528166589667
flow/0000/039,3,0.25,3.75,T5,-0.0070125757300626146
flow/0000/039,4,0.33333333333333331,5,T4,0.0011080330139763561
flow/0000/039,4,0.33333333333333331,5,T4T5,-0.0071102461072720946
flow/0000/039,4,0.33333333333333331,5,T5,-0.015328525228520545
flow/0000/039,5,0.41666666666666669,6.25,T4,-0.03307516699676713
flow/0000/039,5,0.41666666666666669,6.25,T4T5,-0.017478108783094498
flow/0000/039,5,0.41666666666666669,6.25,T5,-0.0018810505694218521
flow/0000/039,6,0.5,7.5,T4,-0.0048992726336227199
flow/0000/039,6,0.5,7.5,T4T5,-0.0025279451648426432
flow/0000/039,6,0.5,7.5,T5,-0.00015661769606251097
flow/0000/039,7,0.58333333333333337,8.75,T4,-0.0067777151003352853
flow/0000/039,7,0.58333333333333337,8.75,T4T5,-0.011482114071256183
flow/0000/039,7,0.58333333333333337,8.75,T5,-0.016186513042177053
flow/0000/039,8,0.66666666666666663,10,T4,-0.043091119796766497
flow/0000/039,8,0.66666666666666663,10,T4T5,-0.022636411243352757
flow/0000/039,8,0.66666666666666663,10,T5,-0.0021817026899390302
flow/0000/039,9,0.75,11.25,T4,-0.011213037760339384
flow/0000/039,9,0.75,11.25,T4T5,-0.012385611151787282
flow/0000/039,9,0.75,11.25,T5,-0.01355818454323518
flow/0000/039,10,0.83333333333333337,12.5,T4,-0.0047924086567213559
flow/0000/039,10,0.83333333333333337,12.5,T4T5,-0.001483376434600725
flow/0000/039,10,0.83333333333333337,12.5,T5,0.0018256557875198781
flow/0000/039,11,0.91666666666666663,13.75,T4,-0.023036318997831984
flow/0000/039,11,0.91666666666666663,13.75,T4T5,-0.013207446990345109
flow/0000/039,11,0.91666666666666663,13.75,T5,-0.0033785749828582207
flow/0000/040,0,0,0,T4,-0.0010304148064556352
flow/0000/040,0,0,0,T4T5,-0.00099107538824673436
flow/0000/040,0,0,0,T5,-0.00095173597003783694
flow/0000/040,1,0.083333333333333301,1.25,T4,-0.00090647557450651908
flow/0000/040,1,0.083333333333333301,1.25,T4T5,-0.0015770201095169703
flow/0000/040,1,0.083333333333333301,1.25,T5,-0.002247564644527425
flow/0000/040,2,0.1666666666666666,2.5,T4,-0.0011123328739576673
flow/0000/040,2,0.1666666666666666,2.5,T4T5,-0.0014687074075044604
flow/0000/040,2,0.1666666666666666,2.5,T5,-0.001825081941051257
flow/0000/040,3,0.25,3.75,T4,-0.00098077906471686141
flow/0000/040,3,0.25,3.75,T4T5,-0.0010340406893535881
flow/0000/040,3,0.25,3.75,T5,-0.0010873023139903182
flow/0000/040,4,0.33333333333333331,5,T4,-0.00047596871316784445
flow/0000/040,4,0.33333333333333331,5,T4T5,-0.001198344859171932
flow/0000/040,4,0.33333333333333331,5,T5,-0.0019207210051760126
flow/0000/040,5,0.41666666666666669,6.25,T4,0.00039228674925357102
flow/0000/040,5,0.41666666666666669,6.25,T4T5,0.00021358744008759256
flow/0000/040,5,0.41666666666666669,6.25,T5,3.4888130921617577e-05
flow/0000/040,6,0.5,7.5,T4,0.00079901115070088805
flow/0000/040,6,0.5,7.5,T4T5,0.00056331951443318318
flow/0000/040,6,0.5,7.5,T5,0.00032762787816548178
flow/0000/040,7,0.58333333333333337,8.75,T4,0.00090099169838570893
flow/0000/040,7,0.58333333333333337,8.75,T4T5,0.00048052944036243439
flow/0000/040,7,0.58333333333333337,8.75,T5,6.0067182339140768e-05
flow/0000/040,8,0.66666666666666663,10,T4,0.00055645459626316174
flow/0000/040,8,0.66666666666666663,10,T4T5,0.0010301777809988422
flow/0000/040,8,0.66666666666666663,10,T5,0.0015039009657345087
flow/0000/040,9,0.75,11.25,T4,4.7223259331864026e-05
flow/0000/040,9,0.75,11.25,T4T5,0.00030085683611172365
flow/0000/040,9,0.75,11.25,T5,0.00055449041289158674
flow/0000/040,10,0.83333333333333337,12.5,T4,0.001177411292451358
flow/0000/040,10,0.83333333333333337,12.5,T4T5,0.0013560944173027917
flow/0000/040,10,0.83333333333333337,12.5,T5,0.0015347775421542392
flow/0000/040,11,0.91666666666666663,13.75,T4,0.0002467529561206161
flow/0000/040,11,0.91666666666666663,13.75,T4T5,0.00088968569593744773
flow/0000/040,11,0.91666666666666663,13.75,T5,0.0015326184357542655
flow/0000/041,0,0,0,T4,0.007366748637434653
flow/0000/041,0,0,0,T4T5,0.0034445602561769401
flow/0000/041,0,0,0,T5,-0.00047762812508075903
flow/0000/041,1,0.083333333333333301,1.25,T4,0.019023177007934693
flow/0000/041,1,0.083333333333333301,1.25,T4T5,-0.00032001771874071855
flow/0000/041,1,0.083333333333333301,1.25,T5,-0.01966321244541612
flow/0000/041,2,0.1666666666666666,2.5,T4,0.027049207143487464
flow/0000/041,2,0.1666666666666666,2.5,T4T5,0.022144417870299957
flow/0000/041,2,0.1666666666666666,2.5,T5,0.017239628597112443
flow/0000/041,3,0.25,3.75,T4,0.016554889373319139
flow/0000/041,3,0.25,3.75,T4T5,0.009654390174507449
flow/0000/041,3,0.25,3.75,T5,0.0027538909756957414
flow/0000/041,4,0.33333333333333331,5,T4,0.017392630711567859
flow/0000/041,4,0.33333333333333331,5,T4T5,0.0094382640984494587
flow/0000/041,4,0.33333333333333331,5,T5,0.0014838974853310372
flow/0000/041,5,0.41666666666666669,6.25,T4,0.021145798161206195
flow/0000/041,5,0.41666666666666669,6.25,T4T5,0.025143732811393628
flow/0000/041,5,0.41666666666666669,6.25,T5,0.029141667461581075
flow/0000/041,6,0.5,7.5,T4,0.019828829391458937
flow/0000/041,6,0.5,7.5,T4T5,0.0086190717050100354
flow/0000/041,6,0.5,7.5,T5,-0.0025906859814388561
flow/0000/041,7,0.58333333333333337,8.75,T4,0.027963917664425408
flow/0000/041,7,0.58333333333333337,8.75,T4T5,0.015251190759976135
flow/0000/041,7,0.58333333333333337,8.75,T5,0.0025384638555268763
flow/0000/041,8,0.66666666666666663,10,T4,0.016809277170523561
flow/0000/041,8,0.66666666666666663,10,T4T5,0.024428000210246676
flow/0000/041,8,0.66666666666666663,10,T5,0.032046723249969794
flow/0000/041,9,0.75,11.25,T4,0.020628943320630776
flow/0000/041,9,0.75,11.25,T4T5,0.010791680487308851
flow/0000/041,9,0.75,11.25,T5,0.00095441765398693312
flow/0000/041,10,0.83333333333333337,12.5,T4,0.032415807100316128
flow/0000/041,10,0.83333333333333337,12.5,T4T5,0.017626251428043072
flow/0000/041,10,0.83333333333333337,12.5,T5,0.0028366957557700162
flow/0000/041,11,0.91666666666666663,13.75,T4,0.022914985953524099
flow/0000/041,11,0.91666666666666663,13.75,T4T5,0.02941151364649857
flow/0000/041,11,0.91666666666666663,13.75,T5,0.035908041339473035
flow/0000/042,0,0,0,T4,0.0033414501871387656
flow/0000/042,0,0,0,T4T5,0.0010741717453352784
flow/0000/042,0,0,0,T5,-0.0011931066964682019
flow/0000/042,1,0.083333333333333301,1.25,T4,0.0024702618695584613
flow/0000/042,1,0.083333333333333301,1.25,T4T5,0.00045100774893484796
flow/0000/042,1,0.083333333333333301,1.25,T5,-0.0015682463716887446
flow/0000/042,2,0.1666666666666666,2.5,T4,-0.0028694284792961031
flow/0000/042,2,0.1666666666666666,2.5,T4T5,-0.0035546401706884612
flow/0000/042,2,0.1666666666666666,2.5,T5,-0.0042398518620808401
flow/0000/042,3,0.25,3.75,T4,0.001789077788295998
flow/0000/042,3,0.25,3.75,T4T5,-0.00024206397994172568
flow/0000/042,3,0.25,3.75,T5,-0.0022732057481794493
flow/0000/042,4,0.33333333333333331,5,T4,0.003215789855318868
flow/0000/042,4,0.33333333333333331,5,T4T5,0.0020581865168575325
flow/0000/042,4,0.33333333333333331,5,T5,0.00090058317839618318
flow/0000/042,5,0.41666666666666669,6.25,T4,0.0019724288669216231
flow/0000/042,5,0.41666666666666669,6.25,T4T5,0.0016677309167741072
flow/0000/042,5,0.41666666666666669,6.25,T5,0.0013630329666265428
flow/0000/042,6,0.5,7.5,T4,0.0020727873486881404
flow/0000/042,6,0.5,7.5,T4T5,7.2316236148450841e-05
flow/0000/042,6,0.5,7.5,T5,-0.0019281548763912526
flow/0000/042,7,0.58333333333333337,8.75,T4,0.0020866563035110489
flow/0000/042,7,0.58333333333333337,8.75,T4T5,0.0014878709557186454
flow/0000/042,7,0.58333333333333337,8.75,T5,0.00088908560792623492
flow/0000/042,8,0.66666666666666663,10,T4,-0.00058506596031433766
flow/0000/042,8,0.66666666666666663,10,T4T5,0.0014567700430096614
flow/0000/042,8,0.66666666666666663,10,T5,0.0034986060463336605
flow/0000/042,9,0.75,11.25,T4,0.00064550371611992591
flow/0000/042,9,0.75,11.25,T4T5,0.0022519618504254768
flow/0000/042,9,0.75,11.25,T5,0.0038584199847310346
flow/0000/042,10,0.83333333333333337,12.5,T4,0.0031878754538300913
flow/0000/042,10,0.83333333333333337,12.5,T4T5,0.003386331784210217
flow/0000/042,10,0.83333333333333337,12.5,T5,0.0035847881145903426
flow/0000/042,11,0.91666666666666663,13.75,T4,-0.0043086306234892471
flow/0000/042,11,0.91666666666666663,13.75,T4T5,-0.0020239231410041775
flow/0000/042,11,0.91666666666666663,13.75,T5,0.00026078434148087137
flow/0000/043,0,0,0,T4,0.00030082188027843668
flow/0000/043,0,0,0,T4T5,0.00023284103794830521
flow/0000/043,0,0,0,T5,0.00016486019561817462
flow/0000/043,1,0.083333333333333301,1.25,T4,-0.0029532215810278706
flow/0000/043,1,0.083333333333333301,1.25,T4T5,-0.002765895782078167
flow/0000/043,1,0.083333333333333301,1.25,T5,-0.0025785699831284634
flow/0000/043,2,0.1666666666666666,2.5,T4,-8.2584899324899402e-05
flow/0000/043,2,0.1666666666666666,2.5,T4T5,-0.00067136895926499674
flow/0000/043,2,0.1666666666666666,2.5,T5,-0.0012601530192050871
flow/0000/043,3,0.25,3.75,T4,-0.0015567732850835514
flow/0000/043,3,0.25,3.75,T4T5,-0.0015890322757550514
flow/0000/043,3,0.25,3.75,T5,-0.0016212912664265488
flow/0000/043,4,0.33333333333333331,5,T4,-0.0026412018657157033
flow/0000/043,4,0.33333333333333331,5,T4T5,-0.002310415313697336
flow/0000/043,4,0.33333333333333331,5,T5,-0.001979628761678974
flow/0000/043,5,0.41666666666666669,6.25,T4,0.00069569016747204893
flow/0000/043,5,0.41666666666666669,6.25,T4T5,1.7075908778827441e-05
flow/0000/043,5,0.41666666666666669,6.25,T5,-0.00066153834991438884
flow/0000/043,6,0.5,7.5,T4,-0.00016689294567048818
flow/0000/043,6,0.5,7.5,T4T5,-0.00065428322014984309
flow/0000/043,6,0.5,7.5,T5,-0.0011416734946292006
flow/0000/043,7,0.58333333333333337,8.75,T4,-0.00028509520498199922
flow/0000/043,7,0.58333333333333337,8.75,T4T5,-0.00098145035742902738
flow/0000/043,7,0.58333333333333337,8.75,T5,-0.0016778055098760607
flow/0000/043,8,0.66666666666666663,10,T4,0.0008422696339824981
flow/0000/043,8,0.66666666666666663,10,T4T5,-4.5986070422722805e-05
flow/0000/043,8,0.66666666666666663,10,T5,-0.00093424177482795065
flow/0000/043,9,0.75,11.25,T4,0.001050315106442188
flow/0000/043,9,0.75,11.25,T4T5,0.00087665709265168177
flow/0000/043,9,0.75,11.25,T5,0.00070299907886117643
flow/0000/043,10,0.83333333333333337,12.5,T4,-5.5637896066464826e-05
flow/0000/043,10,0.83333333333333337,12.5,T4T5,-0.00099512810241952129
flow/0000/043,10,0.83333333333333337,12.5,T5,-0.001934618308772576
flow/0000/043,11,0.91666666666666663,13.75,T4,0.0020695955922198951
flow/0000/043,11,0.91666666666666663,13.75,T4T5,0.00092364692156322783
flow/0000/043,11,0.91666666666666663,13.75,T5,-0.00022230174909343772
flow/0000/044,0,0,0,T4,-0.00057619420195960391
flow/0000/044,0,0,0,T4T5,0.0022867322728491145
flow/0000/044,0,0,0,T5,0.0051496587476578259
flow/0000/044,1,0.083333333333333301,1.25,T4,0.0023287013374999124
flow/0000/044,1,0.083333333333333301,1.25,T4T5,0.0010625599491549051
flow/0000/044,1,0.083333333333333301,1.25,T5,-0.0002035814391900953
flow/0000/044,2,0.1666666666666666,2.5,T4,0.0018247427604092675
flow/0000/044,2,0.1666666666666666,2.5,T4T5,0.0015027032831086348
flow/0000/044,2,0.1666666666666666,2.5,T5,0.0011806638058080021
flow/0000/044,3,0.25,3.75,T4,0.0072901842484010895
flow/0000/044,3,0.25,3.75,T4T5,0.007739561431468308
flow/0000/044,3,0.25,3.75,T5,0.0081889386145355195
flow/0000/044,4,0.33333333333333331,5,T4,0.00066094401099649897
flow/0000/044,4,0.33333333333333331,5,T4T5,0.0053113918354831119
flow/0000/044,4,0.33333333333333331,5,T5,0.0099618396599697248
flow/0000/044,5,0.41666666666666669,6.25,T4,0.0026068019793571325
flow/0000/044,5,0.41666666666666669,6.25,T4T5,0.0094063534111671863
flow/0000/044,5,0.41666666666666669,6.25,T5,0.016205904842977244
flow/0000/044,6,0.5,7.5,T4,0.0013893979577394057
flow/0000/044,6,0.5,7.5,T4T5,0.00093219667097150377
flow/0000/044,6,0.5,7.5,T5,0.00047499538420359144
flow/0000/044,7,0.58333333333333337,8.75,T4,-0.0060314911314263489
flow/0000/044,7,0.58333333333333337,8.75,T4T5,-0.010946962513605413
flow/0000/044,7,0.58333333333333337,8.75,T5,-0.01586243389578447
flow/0000/044,8,0.66666666666666663,10,T4,-0.0002140383455520381
flow/0000/044,8,0.66666666666666663,10,T4T5,-0.0063548368328221576
flow/0000/044,8,0.66666666666666663,10,T5,-0.012495635320092284
flow/0000/044,9,0.75,11.25,T4,-0.0017590497948624106
flow/0000/044,9,0.75,11.25,T4T5,-0.0033959421960618151
flow/0000/044,9,0.75,11.25,T5,-0.0050328345972612334
flow/0000/044,10,0.83333333333333337,12.5,T4,-0.0023020169321654391
flow/0000/044,10,0.83333333333333337,12.5,T4T5,-0.0015243527063344975
flow/0000/044,10,0.83333333333333337,12.5,T5,-0.00074668848050354897
flow/0000/044,11,0.91666666666666663,13.75,T4,-0.0045178982912271425
flow/0000/044,11,0.91666666666666663,13.75,T4T5,-0.0074147894573379051
flow/0000/044,11,0.91666666666666663,13.75,T5,-0.010311680623448671
flow/0000/045,0,0,0,T4,0.00035057101226437098
flow/0000/045,0,0,0,T4T5,-0.00060517662404131756
flow/0000/045,0,0,0,T5,-0.001560924260347013
flow/0000/045,1,0.083333333333333301,1.25,T4,0.009399158573137778
flow/0000/045,1,0.083333333333333301,1.25,T4T5,0.0052599163525045983
flow/0000/045,1,0.083333333333333301,1.25,T5,0.0011206741318714047
flow/0000/045,2,0.1666666666666666,2.5,T4,-0.0084033975175923648
flow/0000/045,2,0.1666666666666666,2.5,T4T5,-0.0047831125160713583
flow/0000/045,2,0.1666666666666666,2.5,T5,-0.0011628275145503519
flow/0000/045,3,0.25,3.75,T4,-0.0021261670719140841
flow/0000/045,3,0.25,3.75,T4T5,-0.0012731101745067572
flow/0000/045,3,0.25,3.75,T5,-0.0004200532770994303
flow/0000/045,4,0.33333333333333331,5,T4,0.0052885788830468392
flow/0000/045,4,0.33333333333333331,5,T4T5,0.0037564118033519833
flow/0000/045,4,0.33333333333333331,5,T5,0.0022242447236571206
flow/0000/045,5,0.41666666666666669,6.25,T4,-0.0053660798636262705
flow/0000/045,5,0.41666666666666669,6.25,T4T5,-0.0015110411257530515
flow/0000/045,5,0.41666666666666669,6.25,T5,0.0023439976121201467
flow/0000/045,6,0.5,7.5,T4,0.00015516457797738747
flow/0000/045,6,0.5,7.5,T4T5,0.0013014165198566227
flow/0000/045,6,0.5,7.5,T5,0.0024476684617358441
flow/0000/045,7,0.58333333333333337,8.75,T4,0.0065241363574253738
flow/0000/045,7,0.58333333333333337,8.75,T4T5,0.0046426359480930962
flow/0000/045,7,0.58333333333333337,8.75,T5,0.0027611355387607978
flow/0000/045,8,0.66666666666666663,10,T4,-0.00702321150604103
flow/0000/045,8,0.66666666666666663,10,T4T5,-0.0027797473403489911
flow/0000/045,8,0.66666666666666663,10,T5,0.0014637168253430477
flow/0000/045,9,0.75,11.25,T4,0.0021571727648281511
flow/0000/045,9,0.75,11.25,T4T5,0.001772432150747752
flow/0000/045,9,0.75,11.25,T5,0.0013876915366673459
flow/0000/045,10,0.83333333333333337,12.5,T4,0.0032950942784503098
flow/0000/045,10,0.83333333333333337,12.5,T4T5,0.002211647960017056
flow/0000/045,10,0.83333333333333337,12.5,T5,0.0011282016415838231
flow/0000/045,11,0.91666666666666663,13.75,T4,-0.0070659130268204973
flow/0000/045,11,0.91666666666666663,13.75,T4T5,-0.0035858745853397794
flow/0000/045,11,0.91666666666666663,13.75,T5,-0.00010583614385906159
flow/0000/046,0,0,0,T4,0.0010294108775898703
flow/0000/046,0,0,0,T4T5,0.0016517077992259203
flow/0000/046,0,0,0,T5,0.0022740047208619704
flow/0000/046,1,0.083333333333333301,1.25,T4,0.0064956594691808339
flow/0000/046,1,0.083333333333333301,1.25,T4T5,0.0041696465232224107
flow/0000/046,1,0.083333333333333301,1.25,T5,0.0018436335772639839
flow/0000/046,2,0.1666666666666666,2.5,T4,0.0017063470760325591
flow/0000/046,2,0.1666666666666666,2.5,T4T5,0.00081529854650089738
flow/0000/046,2,0.1666666666666666,2.5,T5,-7.5749983030757445e-05
flow/0000/046,3,0.25,3.75,T4,0.0046492062508843301
flow/0000/046,3,0.25,3.75,T4T5,0.0034677953024431409
flow/0000/046,3,0.25,3.75,T5,0.0022863843540019517
flow/0000/046,4,0.33333333333333331,5,T4,0.0058279308266813712
flow/0000/046,4,0.33333333333333331,5,T4T5,0.0036747197589081342
flow/0000/046,4,0.33333333333333331,5,T5,0.0015215086911348971
flow/0000/046,5,0.41666666666666669,6.25,T4,0.00070363220901416973
flow/0000/046,5,0.41666666666666669,6.25,T4T5,-0.00030386390081571513
flow/0000/046,5,0.41666666666666669,6.25,T5,-0.0013113600106456069
flow/0000/046,6,0.5,7.5,T4,-0.00029656382427710459
flow/0000/046,6,0.5,7.5,T4T5,-0.00028466134811416452
flow/0000/046,6,0.5,7.5,T5,-0.00027275887195123139
flow/0000/046,7,0.58333333333333337,8.75,T4,0.0034940475628700216
flow/0000/046,7,0.58333333333333337,8.75,T4T5,0.0015141421379147174
flow/0000/046,7,0.58333333333333337,8.75,T5,-0.00046576328704058673
flow/0000/046,8,0.66666666666666663,10,T4,-0.0022841835889906292
flow/0000/046,8,0.66666666666666663,10,T4T5,-0.0011855113443563353
flow/0000/046,8,0.66666666666666663,10,T5,-8.6839099722041402e-05
flow/0000/046,9,0.75,11.25,T4,-0.0031870179778361596
flow/0000/046,9,0.75,11.25,T4T5,-0.0013796573479028466
flow/0000/046,9,0.75,11.25,T5,0.00042770328203046645
flow/0000/046,10,0.83333333333333337,12.5,T4,0.0018028954838321884
flow/0000/046,10,0.83333333333333337,12.5,T4T5,0.00034137621043459077
flow/0000/046,10,0.83333333333333337,12.5,T5,-0.0011201430629630069
flow/0000/046,11,0.91666666666666663,13.75,T4,-0.0016975976287848665
flow/0000/046,11,0.91666666666666663,13.75,T4T5,-0.00085734489256887592
flow/0000/046,11,0.91666666666666663,13.75,T5,-1.7092156352885302e-05
flow/0000/047,0,0,0,T4,0.00084833823428633742
flow/0000/047,0,0,0,T4T5,-0.00030712269830628081
flow/0000/047,0,0,0,T5,-0.001462583630898899
flow/0000/047,1,0.083333333333333301,1.25,T4,0.0052854337609402752
flow/0000/047,1,0.083333333333333301,1.25,T4T5,0.0019236741109040995
flow/0000/047,1,0.083333333333333301,1.25,T5,-0.0014380855391320745
flow/0000/047,2,0.1666666666666666,2.5,T4,0.0012171842196262604
flow/0000/047,2,0.1666666666666666,2.5,T4T5,-0.00047242570966716992
flow/0000/047,2,0.1666666666666666,2.5,T5,-0.0021620356389605994
flow/0000/047,3,0.25,3.75,T4,0.0027409582567439858
flow/0000/047,3,0.25,3.75,T4T5,0.00071667423228359908
flow/0000/047,3,0.25,3.75,T5,-0.001307609792176789
flow/0000/047,4,0.33333333333333331,5,T4,0.0047120131326575873
flow/0000/047,4,0.33333333333333331,5,T4T5,0.0014743761425547192
flow/0000/047,4,0.33333333333333331,5,T5,-0.0017632608475481506
flow/0000/047,5,0.41666666666666669,6.25,T4,0.001114880323822575
flow/0000/047,5,0.41666666666666669,6.25,T4T5,-0.00058372688691000693
flow/0000/047,5,0.41666666666666669,6.25,T5,-0.0022823340976425872
flow/0000/047,6,0.5,7.5,T4,0.00048290442363507378
flow/0000/047,6,0.5,7.5,T4T5,-0.00029072896958715674
flow/0000/047,6,0.5,7.5,T5,-0.001064362362809386
flow/0000/047,7,0.58333333333333337,8.75,T4,-0.00026451077253777499
flow/0000/047,7,0.58333333333333337,8.75,T4T5,-0.00063711240343931278
flow/0000/047,7,0.58333333333333337,8.75,T5,-0.0010097140343408497
flow/0000/047,8,0.66666666666666663,10,T4,-0.0044022889652857999
flow/0000/047,8,0.66666666666666663,10,T4T5,-0.0031701470146297452
flow/0000/047,8,0.66666666666666663,10,T5,-0.0019380050639736888
flow/0000/047,9,0.75,11.25,T4,-0.0021390508985777608
flow/0000/047,9,0.75,11.25,T4T5,-0.0015892940221502918
flow/0000/047,9,0.75,11.25,T5,-0.0010395371457228245
flow/0000/047,10,0.83333333333333337,12.5,T4,0.0047521498475534768
flow/0000/047,10,0.83333333333333337,12.5,T4T5,0.0020444321979359824
flow/0000/047,10,0.83333333333333337,12.5,T5,-0.00066328545168151121
flow/0000/047,11,0.91666666666666663,13.75,T4,-0.0054503866173877622
flow/0000/047,11,0.91666666666666663,13.75,T4T5,-0.0034737903011006653
flow/0000/047,11,0.91666666666666663,13.75,T5,-0.0014971939848135649
flow/0000/048,0,0,0,T4,-0.00074381867501553678
flow/0000/048,0,0,0,T4T5,-0.0020142282322108407
flow/0000/048,0,0,0,T5,-0.0032846377894061515
flow/0000/048,1,0.083333333333333301,1.25,T4,0.0027734198015241726
flow/0000/048,1,0.083333333333333301,1.25,T4T5,-0.00066755159313085233
flow/0000/048,1,0.083333333333333301,1.25,T5,-0.0041085229877858703
flow/0000/048,2,0.1666666666666666,2.5,T4,0.008761836287157411
flow/0000/048,2,0.1666666666666666,2.5,T4T5,0.0044866886789246205
flow/0000/048,2,0.1666666666666666,2.5,T5,0.00021154107069182304
flow/0000/048,3,0.25,3.75,T4,0.004796197532164391
flow/0000/048,3,0.25,3.75,T4T5,0.0018339169751168949
flow/0000/048,3,0.25,3.75,T5,-0.0011283635819306151
flow/0000/048,4,0.33333333333333331,5,T4,0.0035629960921094161
flow/0000/048,4,0.33333333333333331,5,T4T5,0.00092077946912118291
flow/0000/048,4,0.33333333333333331,5,T5,-0.0017214371538670434
flow/0000/048,5,0.41666666666666669,6.25,T4,0.0047757507915612979
flow/0000/048,5,0.41666666666666669,6.25,T4T5,0.0019893947882674498
flow/0000/048,5,0.41666666666666669,6.25,T5,-0.00079696121502639133
flow/0000/048,6,0.5,7.5,T4,0.0029503212847720103
flow/0000/048,6,0.5,7.5,T4T5,0.0018958641777334639
flow/0000/048,6,0.5,7.5,T5,0.00084140707069491755
flow/0000/048,7,0.58333333333333337,8.75,T4,0.0031452925710572163
flow/0000/048,7,0.58333333333333337,8.75,T4T5,0.0021128573635920272
flow/0000/048,7,0.58333333333333337,8.75,T5,0.0010804221561268451
flow/0000/048,8,0.66666666666666663,10,T4,0.0032984055172880292
flow/0000/048,8,0.66666666666666663,10,T4T5,0.0021977017085014552
flow/0000/048,8,0.66666666666666663,10,T5,0.0010969978997148813
flow/0000/048,9,0.75,11.25,T4,-0.00011494942195738878
flow/0000/048,9,0.75,11.25,T4T5,0.00051613814786086176
flow/0000/048,9,0.75,11.25,T5,0.0011472257176791123
flow/0000/048,10,0.83333333333333337,12.5,T4,0.002570010650548106
flow/0000/048,10,0.83333333333333337,12.5,T4T5,0.00015155438411292715
flow/0000/048,10,0.83333333333333337,12.5,T5,-0.0022669018823222517
flow/0000/048,11,0.91666666666666663,13.75,T4,0.004715666746173755
flow/0000/048,11,0.91666666666666663,13.75,T4T5,0.0026353936437509204
flow/0000/048,11,0.91666666666666663,13.75,T5,0.00055512054132807187
flow/0000/049,0,0,0,T4,-0.0030277162146836734
flow/0000/049,0,0,0,T4T5,-0.0017487348962591867
flow/0000/049,0,0,0,T5,-0.00046975357783470006
flow/0000/049,1,0.083333333333333301,1.25,T4,-0.0035085905238330245
flow/0000/049,1,0.083333333333333301,1.25,T4T5,0.00063845647852980858
flow/0000/049,1,0.083333333333333301,1.25,T5,0.0047855034808926278
flow/0000/049,2,0.1666666666666666,2.5,T4,0.013581498331737024
flow/0000/049,2,0.1666666666666666,2.5,T4T5,0.0073077904750308009
flow/0000/049,2,0.1666666666666666,2.5,T5,0.0010340826183245638
flow/0000/049,3,0.25,3.75,T4,-0.0049966747202225686
flow/0000/049,3,0.25,3.75,T4T5,-0.0023500854365619411
flow/0000/049,3,0.25,3.75,T5,0.00029650384709870026
flow/0000/049,4,0.33333333333333331,5,T4,-0.0061722696763421986
flow/0000/049,4,0.33333333333333331,5,T4T5,-0.0019353229992922771
flow/0000/049,4,0.33333333333333331,5,T5,0.0023016236777576304
flow/0000/049,5,0.41666666666666669,6.25,T4,0.005371309824206888
flow/0000/049,5,0.41666666666666669,6.25,T4T5,0.0019614951752888604
flow/0000/049,5,0.41666666666666669,6.25,T5,-0.0014483194736291879
flow/0000/049,6,0.5,7.5,T4,-0.0065107177626266555
flow/0000/049,6,0.5,7.5,T4T5,-0.0050882002451616004
flow/0000/049,6,0.5,7.5,T5,-0.0036656827276965315
flow/0000/049,7,0.58333333333333337,8.75,T4,-0.00068935619434291884
flow/0000/049,7,0.58333333333333337,8.75,T4T5,0.00024153001966761845
flow/0000/049,7,0.58333333333333337,8.75,T5,0.0011724162336781696
flow/0000/049,8,0.66666666666666663,10,T4,0.0047307135707578413
flow/0000/049,8,0.66666666666666663,10,T4T5,0.0007160227990289092
flow/0000/049,8,0.66666666666666663,10,T5,-0.0032986679726999951
flow/0000/049,9,0.75,11.25,T4,-0.002139302140824223
flow/0000/049,9,0.75,11.25,T4T5,-0.0030697273768097305
flow/0000/049,9,0.75,11.25,T5,-0.0040001526127952519
flow/0000/049,10,0.83333333333333337,12.5,T4,-0.0019242430217171619
flow/0000/049,10,0.83333333333333337,12.5,T4T5,0.0029873288519157715
flow/0000/049,10,0.83333333333333337,12.5,T5,0.0078989007255486771
flow/0000/049,11,0.91666666666666663,13.75,T4,0.008579970141623372
flow/0000/049,11,0.91666666666666663,13.75,T4T5,0.0044908762301917315
flow/0000/049,11,0.91666666666666663,13.75,T5,0.00040178231876009107
