model_id,phase_index,condition,stimulus_shape,activity_shape,current_shape,current_dtype,current_finite,source_target_pairs,all_edge_indices_match,rss_bytes
flow/0000/000,0,mirror,"(50, 721)","(50, 45669)","(50, 1513231)",float32,True,24,True,2315386880
flow/0000/000,0,original,"(50, 721)","(50, 45669)","(50, 1513231)",float32,True,24,True,2163130368
flow/0000/000,1,mirror,"(50, 721)","(50, 45669)","(50, 1513231)",float32,True,24,True,2345009152
flow/0000/000,1,original,"(50, 721)","(50, 45669)","(50, 1513231)",float32,True,24,True,2304114688
flow/0000/000,2,mirror,"(50, 721)","(50, 45669)","(50, 1513231)",float32,True,24,True,2399518720
flow/0000/000,2,original,"(50, 721)","(50, 45669)","(50, 1513231)",float32,True,24,True,2330951680
flow/0000/000,3,mirror,"(50, 721)","(50, 45669)","(50, 1513231)",float32,True,24,True,2320351232
flow/0000/000,3,original,"(50, 721)","(50, 45669)","(50, 1513231)",float32,True,24,True,2452717568
flow/0000/000,4,mirror,"(50, 721)","(50, 45669)","(50, 1513231)",float32,True,24,True,2426912768
flow/0000/000,4,original,"(50, 721)","(50, 45669)","(50, 1513231)",float32,True,24,True,2434121728
flow/0000/000,5,mirror,"(50, 721)","(50, 45669)","(50, 1513231)",float32,True,24,True,2560475136
flow/0000/000,5,original,"(50, 721)","(50, 45669)","(50, 1513231)",float32,True,24,True,2481618944
flow/0000/000,6,mirror,"(50, 721)","(50, 45669)","(50, 1513231)",float32,True,24,True,2560589824
flow/0000/000,6,original,"(50, 721)","(50, 45669)","(50, 1513231)",float32,True,24,True,2560573440
flow/0000/000,7,mirror,"(50, 721)","(50, 45669)","(50, 1513231)",float32,True,24,True,2555396096
flow/0000/000,7,original,"(50, 721)","(50, 45669)","(50, 1513231)",float32,True,24,True,2557575168
flow/0000/000,8,mirror,"(50, 721)","(50, 45669)","(50, 1513231)",float32,True,24,True,2554642432
flow/0000/000,8,original,"(50, 721)","(50, 45669)","(50, 1513231)",float32,True,24,True,2558951424
flow/0000/000,9,mirror,"(50, 721)","(50, 45669)","(50, 1513231)",float32,True,24,True,2560786432
flow/0000/000,9,original,"(50, 721)","(50, 45669)","(50, 1513231)",float32,True,24,True,2560770048
flow/0000/000,10,mirror,"(50, 721)","(50, 45669)","(50, 1513231)",float32,True,24,True,2560802816
flow/0000/000,10,original,"(50, 721)","(50, 45669)","(50, 1513231)",float32,True,24,True,2560786432
flow/0000/000,11,mirror,"(50, 721)","(50, 45669)","(50, 1513231)",float32,True,24,True,2560868352
flow/0000/000,11,original,"(50, 721)","(50, 45669)","(50, 1513231)",float32,True,24,True,2556231680
flow/0000/001,0,mirror,"(50, 721)","(50, 45669)","(50, 1513231)",float32,True,24,True,2550218752
flow/0000/001,0,original,"(50, 721)","(50, 45669)","(50, 1513231)",float32,True,24,True,2550202368
flow/0000/001,1,mirror,"(50, 721)","(50, 45669)","(50, 1513231)",float32,True,24,True,2550284288
flow/0000/001,1,original,"(50, 721)","(50, 45669)","(50, 1513231)",float32,True,24,True,2550235136
flow/0000/001,2,mirror,"(50, 721)","(50, 45669)","(50, 1513231)",float32,True,24,True,2550513664
flow/0000/001,2,original,"(50, 721)","(50, 45669)","(50, 1513231)",float32,True,24,True,2550497280
flow/0000/001,3,mirror,"(50, 721)","(50, 45669)","(50, 1513231)",float32,True,24,True,2552938496
flow/0000/001,3,original,"(50, 721)","(50, 45669)","(50, 1513231)",float32,True,24,True,2552905728
flow/0000/001,4,mirror,"(50, 721)","(50, 45669)","(50, 1513231)",float32,True,24,True,2552954880
flow/0000/001,4,original,"(50, 721)","(50, 45669)","(50, 1513231)",float32,True,24,True,2552954880
flow/0000/001,5,mirror,"(50, 721)","(50, 45669)","(50, 1513231)",float32,True,24,True,2560671744
flow/0000/001,5,original,"(50, 721)","(50, 45669)","(50, 1513231)",float32,True,24,True,2554183680
flow/0000/001,6,mirror,"(50, 721)","(50, 45669)","(50, 1513231)",float32,True,24,True,2544943104
flow/0000/001,6,original,"(50, 721)","(50, 45669)","(50, 1513231)",float32,True,24,True,2560671744
flow/0000/001,7,mirror,"(50, 721)","(50, 45669)","(50, 1513231)",float32,True,24,True,2558377984
flow/0000/001,7,original,"(50, 721)","(50, 45669)","(50, 1513231)",float32,True,24,True,2550071296
flow/0000/001,8,mirror,"(50, 721)","(50, 45669)","(50, 1513231)",float32,True,24,True,2553987072
flow/0000/001,8,original,"(50, 721)","(50, 45669)","(50, 1513231)",float32,True,24,True,2558394368
flow/0000/001,9,mirror,"(50, 721)","(50, 45669)","(50, 1513231)",float32,True,24,True,2634219520
flow/0000/001,9,original,"(50, 721)","(50, 45669)","(50, 1513231)",float32,True,24,True,2634219520
flow/0000/001,10,mirror,"(50, 721)","(50, 45669)","(50, 1513231)",float32,True,24,True,2582134784
flow/0000/001,10,original,"(50, 721)","(50, 45669)","(50, 1513231)",float32,True,24,True,2623324160
flow/0000/001,11,mirror,"(50, 721)","(50, 45669)","(50, 1513231)",float32,True,24,True,2582593536
flow/0000/001,11,original,"(50, 721)","(50, 45669)","(50, 1513231)",float32,True,24,True,2582577152
flow/0000/002,0,mirror,"(50, 721)","(50, 45669)","(50, 1513231)",float32,True,24,True,2473099264
flow/0000/002,0,original,"(50, 721)","(50, 45669)","(50, 1513231)",float32,True,24,True,2448785408
flow/0000/002,1,mirror,"(50, 721)","(50, 45669)","(50, 1513231)",float32,True,24,True,2580070400
flow/0000/002,1,original,"(50, 721)","(50, 45669)","(50, 1513231)",float32,True,24,True,2577973248
flow/0000/002,2,mirror,"(50, 721)","(50, 45669)","(50, 1513231)",float32,True,24,True,2580086784
flow/0000/002,2,original,"(50, 721)","(50, 45669)","(50, 1513231)",float32,True,24,True,2580086784
flow/0000/002,3,mirror,"(50, 721)","(50, 45669)","(50, 1513231)",float32,True,24,True,2580119552
flow/0000/002,3,original,"(50, 721)","(50, 45669)","(50, 1513231)",float32,True,24,True,2580119552
flow/0000/002,4,mirror,"(50, 721)","(50, 45669)","(50, 1513231)",float32,True,24,True,2578071552
flow/0000/002,4,original,"(50, 721)","(50, 45669)","(50, 1513231)",float32,True,24,True,2578055168
flow/0000/002,5,mirror,"(50, 721)","(50, 45669)","(50, 1513231)",float32,True,24,True,2578153472
flow/0000/002,5,original,"(50, 721)","(50, 45669)","(50, 1513231)",float32,True,24,True,2578137088
flow/0000/002,6,mirror,"(50, 721)","(50, 45669)","(50, 1513231)",float32,True,24,True,2602467328
flow/0000/002,6,original,"(50, 721)","(50, 45669)","(50, 1513231)",float32,True,24,True,2578186240
flow/0000/002,7,mirror,"(50, 721)","(50, 45669)","(50, 1513231)",float32,True,24,True,2581200896
flow/0000/002,7,original,"(50, 721)","(50, 45669)","(50, 1513231)",float32,True,24,True,2581200896
flow/0000/002,8,mirror,"(50, 721)","(50, 45669)","(50, 1513231)",float32,True,24,True,2588049408
flow/0000/002,8,original,"(50, 721)","(50, 45669)","(50, 1513231)",float32,True,24,True,2581184512
flow/0000/002,9,mirror,"(50, 721)","(50, 45669)","(50, 1513231)",float32,True,24,True,2597093376
flow/0000/002,9,original,"(50, 721)","(50, 45669)","(50, 1513231)",float32,True,24,True,2581856256
flow/0000/002,10,mirror,"(50, 721)","(50, 45669)","(50, 1513231)",float32,True,24,True,2586034176
flow/0000/002,10,original,"(50, 721)","(50, 45669)","(50, 1513231)",float32,True,24,True,2591211520
flow/0000/002,11,mirror,"(50, 721)","(50, 45669)","(50, 1513231)",float32,True,24,True,2623291392
flow/0000/002,11,original,"(50, 721)","(50, 45669)","(50, 1513231)",float32,True,24,True,2605039616
flow/0000/003,0,mirror,"(50, 721)","(50, 45669)","(50, 1513231)",float32,True,24,True,2627321856
flow/0000/003,0,original,"(50, 721)","(50, 45669)","(50, 1513231)",float32,True,24,True,2566701056
flow/0000/003,1,mirror,"(50, 721)","(50, 45669)","(50, 1513231)",float32,True,24,True,2755837952
flow/0000/003,1,original,"(50, 721)","(50, 45669)","(50, 1513231)",float32,True,24,True,2645540864
flow/0000/003,2,mirror,"(50, 721)","(50, 45669)","(50, 1513231)",float32,True,24,True,2756558848
flow/0000/003,2,original,"(50, 721)","(50, 45669)","(50, 1513231)",float32,True,24,True,2755837952
flow/0000/003,3,mirror,"(50, 721)","(50, 45669)","(50, 1513231)",float32,True,24,True,2755903488
flow/0000/003,3,original,"(50, 721)","(50, 45669)","(50, 1513231)",float32,True,24,True,2755903488
flow/0000/003,4,mirror,"(50, 721)","(50, 45669)","(50, 1513231)",float32,True,24,True,2756804608
flow/0000/003,4,original,"(50, 721)","(50, 45669)","(50, 1513231)",float32,True,24,True,2755952640
flow/0000/003,5,mirror,"(50, 721)","(50, 45669)","(50, 1513231)",float32,True,24,True,2769174528
flow/0000/003,5,original,"(50, 721)","(50, 45669)","(50, 1513231)",float32,True,24,True,2756837376
flow/0000/003,6,mirror,"(50, 721)","(50, 45669)","(50, 1513231)",float32,True,24,True,2769158144
flow/0000/003,6,original,"(50, 721)","(50, 45669)","(50, 1513231)",float32,True,24,True,2769190912
flow/0000/003,7,mirror,"(50, 721)","(50, 45669)","(50, 1513231)",float32,True,24,True,2769190912
flow/0000/003,7,original,"(50, 721)","(50, 45669)","(50, 1513231)",float32,True,24,True,2769190912
flow/0000/003,8,mirror,"(50, 721)","(50, 45669)","(50, 1513231)",float32,True,24,True,2769207296
flow/0000/003,8,original,"(50, 721)","(50, 45669)","(50, 1513231)",float32,True,24,True,2769207296
flow/0000/003,9,mirror,"(50, 721)","(50, 45669)","(50, 1513231)",float32,True,24,True,2769289216
flow/0000/003,9,original,"(50, 721)","(50, 45669)","(50, 1513231)",float32,True,24,True,2769289216
flow/0000/003,10,mirror,"(50, 721)","(50, 45669)","(50, 1513231)",float32,True,24,True,2769403904
flow/0000/003,10,original,"(50, 721)","(50, 45669)","(50, 1513231)",float32,True,24,True,2769403904
flow/0000/003,11,mirror,"(50, 721)","(50, 45669)","(50, 1513231)",float32,True,24,True,2769436672
flow/0000/003,11,original,"(50, 721)","(50, 45669)","(50, 1513231)",float32,True,24,True,2769420288
flow/0000/004,0,mirror,"(50, 721)","(50, 45669)","(50, 1513231)",float32,True,24,True,2817916928
flow/0000/004,0,original,"(50, 721)","(50, 45669)","(50, 1513231)",float32,True,24,True,2818473984
flow/0000/004,1,mirror,"(50, 721)","(50, 45669)","(50, 1513231)",float32,True,24,True,2817949696
flow/0000/004,1,original,"(50, 721)","(50, 45669)","(50, 1513231)",float32,True,24,True,2817949696
flow/0000/004,2,mirror,"(50, 721)","(50, 45669)","(50, 1513231)",float32,True,24,True,2817982464
flow/0000/004,2,original,"(50, 721)","(50, 45669)","(50, 1513231)",float32,True,24,True,2817982464
flow/0000/004,3,mirror,"(50, 721)","(50, 45669)","(50, 1513231)",float32,True,24,True,2818015232
flow/0000/004,3,original,"(50, 721)","(50, 45669)","(50, 1513231)",float32,True,24,True,2818015232
flow/0000/004,4,mirror,"(50, 721)","(50, 45669)","(50, 1513231)",float32,True,24,True,2818048000
flow/0000/004,4,original,"(50, 721)","(50, 45669)","(50, 1513231)",float32,True,24,True,2818048000
flow/0000/004,5,mirror,"(50, 721)","(50, 45669)","(50, 1513231)",float32,True,24,True,2818064384
flow/0000/004,5,original,"(50, 721)","(50, 45669)","(50, 1513231)",float32,True,24,True,2818064384
flow/0000/004,6,mirror,"(50, 721)","(50, 45669)","(50, 1513231)",float32,True,24,True,2818064384
flow/0000/004,6,original,"(50, 721)","(50, 45669)","(50, 1513231)",float32,True,24,True,2818080768
flow/0000/004,7,mirror,"(50, 721)","(50, 45669)","(50, 1513231)",float32,True,24,True,2824126464
flow/0000/004,7,original,"(50, 721)","(50, 45669)","(50, 1513231)",float32,True,24,True,2818080768
flow/0000/004,8,mirror,"(50, 721)","(50, 45669)","(50, 1513231)",float32,True,24,True,2824126464
flow/0000/004,8,original,"(50, 721)","(50, 45669)","(50, 1513231)",float32,True,24,True,2824126464
flow/0000/004,9,mirror,"(50, 721)","(50, 45669)","(50, 1513231)",float32,True,24,True,2824126464
flow/0000/004,9,original,"(50, 721)","(50, 45669)","(50, 1513231)",float32,True,24,True,2824142848
flow/0000/004,10,mirror,"(50, 721)","(50, 45669)","(50, 1513231)",float32,True,24,True,2824716288
flow/0000/004,10,original,"(50, 721)","(50, 45669)","(50, 1513231)",float32,True,24,True,2824732672
flow/0000/004,11,mirror,"(50, 721)","(50, 45669)","(50, 1513231)",float32,True,24,True,2824716288
flow/0000/004,11,original,"(50, 721)","(50, 45669)","(50, 1513231)",float32,True,24,True,2824732672
flow/0000/005,0,mirror,"(50, 721)","(50, 45669)","(50, 1513231)",float32,True,24,True,2822897664
flow/0000/005,0,original,"(50, 721)","(50, 45669)","(50, 1513231)",float32,True,24,True,2821849088
flow/0000/005,1,mirror,"(50, 721)","(50, 45669)","(50, 1513231)",float32,True,24,True,2822930432
flow/0000/005,1,original,"(50, 721)","(50, 45669)","(50, 1513231)",float32,True,24,True,2822930432
flow/0000/005,2,mirror,"(50, 721)","(50, 45669)","(50, 1513231)",float32,True,24,True,2860810240
flow/0000/005,2,original,"(50, 721)","(50, 45669)","(50, 1513231)",float32,True,24,True,2860826624
flow/0000/005,3,mirror,"(50, 721)","(50, 45669)","(50, 1513231)",float32,True,24,True,2861137920
flow/0000/005,3,original,"(50, 721)","(50, 45669)","(50, 1513231)",float32,True,24,True,2860892160
flow/0000/005,4,mirror,"(50, 721)","(50, 45669)","(50, 1513231)",float32,True,24,True,2856796160
flow/0000/005,4,original,"(50, 721)","(50, 45669)","(50, 1513231)",float32,True,24,True,2856796160
flow/0000/005,5,mirror,"(50, 721)","(50, 45669)","(50, 1513231)",float32,True,24,True,2856796160
flow/0000/005,5,original,"(50, 721)","(50, 45669)","(50, 1513231)",float32,True,24,True,2856812544
flow/0000/005,6,mirror,"(50, 721)","(50, 45669)","(50, 1513231)",float32,True,24,True,2818359296
flow/0000/005,6,original,"(50, 721)","(50, 45669)","(50, 1513231)",float32,True,24,True,2856812544
flow/0000/005,7,mirror,"(50, 721)","(50, 45669)","(50, 1513231)",float32,True,24,True,2811002880
flow/0000/005,7,original,"(50, 721)","(50, 45669)","(50, 1513231)",float32,True,24,True,2809872384
flow/0000/005,8,mirror,"(50, 721)","(50, 45669)","(50, 1513231)",float32,True,24,True,2806218752
flow/0000/005,8,original,"(50, 721)","(50, 45669)","(50, 1513231)",float32,True,24,True,2806235136
flow/0000/005,9,mirror,"(50, 721)","(50, 45669)","(50, 1513231)",float32,True,24,True,2809724928
flow/0000/005,9,original,"(50, 721)","(50, 45669)","(50, 1513231)",float32,True,24,True,2803941376
flow/0000/005,10,mirror,"(50, 721)","(50, 45669)","(50, 1513231)",float32,True,24,True,2785542144
flow/0000/005,10,original,"(50, 721)","(50, 45669)","(50, 1513231)",float32,True,24,True,2801582080
flow/0000/005,11,mirror,"(50, 721)","(50, 45669)","(50, 1513231)",float32,True,24,True,2638856192
flow/0000/005,11,original,"(50, 721)","(50, 45669)","(50, 1513231)",float32,True,24,True,2785574912
flow/0000/006,0,mirror,"(50, 721)","(50, 45669)","(50, 1513231)",float32,True,24,True,2654814208
flow/0000/006,0,original,"(50, 721)","(50, 45669)","(50, 1513231)",float32,True,24,True,2662465536
flow/0000/006,1,mirror,"(50, 721)","(50, 45669)","(50, 1513231)",float32,True,24,True,2659942400
flow/0000/006,1,original,"(50, 721)","(50, 45669)","(50, 1513231)",float32,True,24,True,2647179264
flow/0000/006,2,mirror,"(50, 721)","(50, 45669)","(50, 1513231)",float32,True,24,True,2678751232
flow/0000/006,2,original,"(50, 721)","(50, 45669)","(50, 1513231)",float32,True,24,True,2663170048
flow/0000/006,3,mirror,"(50, 721)","(50, 45669)","(50, 1513231)",float32,True,24,True,2672525312
flow/0000/006,3,original,"(50, 721)","(50, 45669)","(50, 1513231)",float32,True,24,True,2678767616
flow/0000/006,4,mirror,"(50, 721)","(50, 45669)","(50, 1513231)",float32,True,24,True,2685419520
flow/0000/006,4,original,"(50, 721)","(50, 45669)","(50, 1513231)",float32,True,24,True,2675884032
flow/0000/006,5,mirror,"(50, 721)","(50, 45669)","(50, 1513231)",float32,True,24,True,2680389632
flow/0000/006,5,original,"(50, 721)","(50, 45669)","(50, 1513231)",float32,True,24,True,2685616128
flow/0000/006,6,mirror,"(50, 721)","(50, 45669)","(50, 1513231)",float32,True,24,True,2685632512
flow/0000/006,6,original,"(50, 721)","(50, 45669)","(50, 1513231)",float32,True,24,True,2684518400
flow/0000/006,7,mirror,"(50, 721)","(50, 45669)","(50, 1513231)",float32,True,24,True,2685665280
flow/0000/006,7,original,"(50, 721)","(50, 45669)","(50, 1513231)",float32,True,24,True,2685648896
flow/0000/006,8,mirror,"(50, 721)","(50, 45669)","(50, 1513231)",float32,True,24,True,2685681664
flow/0000/006,8,original,"(50, 721)","(50, 45669)","(50, 1513231)",float32,True,24,True,2685681664
flow/0000/006,9,mirror,"(50, 721)","(50, 45669)","(50, 1513231)",float32,True,24,True,2686697472
flow/0000/006,9,original,"(50, 721)","(50, 45669)","(50, 1513231)",float32,True,24,True,2685698048
flow/0000/006,10,mirror,"(50, 721)","(50, 45669)","(50, 1513231)",float32,True,24,True,2683387904
flow/0000/006,10,original,"(50, 721)","(50, 45669)","(50, 1513231)",float32,True,24,True,2682601472
flow/0000/006,11,mirror,"(50, 721)","(50, 45669)","(50, 1513231)",float32,True,24,True,2670133248
flow/0000/006,11,original,"(50, 721)","(50, 45669)","(50, 1513231)",float32,True,24,True,2684862464
flow/0000/007,0,mirror,"(50, 721)","(50, 45669)","(50, 1513231)",float32,True,24,True,2610954240
flow/0000/007,0,original,"(50, 721)","(50, 45669)","(50, 1513231)",float32,True,24,True,2628059136
flow/0000/007,1,mirror,"(50, 721)","(50, 45669)","(50, 1513231)",float32,True,24,True,2647851008
flow/0000/007,1,original,"(50, 721)","(50, 45669)","(50, 1513231)",float32,True,24,True,2621898752
flow/0000/007,2,mirror,"(50, 721)","(50, 45669)","(50, 1513231)",float32,True,24,True,2641264640
flow/0000/007,2,original,"(50, 721)","(50, 45669)","(50, 1513231)",float32,True,24,True,2638479360
flow/0000/007,3,mirror,"(50, 721)","(50, 45669)","(50, 1513231)",float32,True,24,True,2650718208
flow/0000/007,3,original,"(50, 721)","(50, 45669)","(50, 1513231)",float32,True,24,True,2671296512
flow/0000/007,4,mirror,"(50, 721)","(50, 45669)","(50, 1513231)",float32,True,24,True,2650505216
flow/0000/007,4,original,"(50, 721)","(50, 45669)","(50, 1513231)",float32,True,24,True,2650505216
flow/0000/007,5,mirror,"(50, 721)","(50, 45669)","(50, 1513231)",float32,True,24,True,2654240768
flow/0000/007,5,original,"(50, 721)","(50, 45669)","(50, 1513231)",float32,True,24,True,2647752704
flow/0000/007,6,mirror,"(50, 721)","(50, 45669)","(50, 1513231)",float32,True,24,True,2668822528
flow/0000/007,6,original,"(50, 721)","(50, 45669)","(50, 1513231)",float32,True,24,True,2668871680
flow/0000/007,7,mirror,"(50, 721)","(50, 45669)","(50, 1513231)",float32,True,24,True,2668724224
flow/0000/007,7,original,"(50, 721)","(50, 45669)","(50, 1513231)",float32,True,24,True,2668675072
flow/0000/007,8,mirror,"(50, 721)","(50, 45669)","(50, 1513231)",float32,True,24,True,2668740608
flow/0000/007,8,original,"(50, 721)","(50, 45669)","(50, 1513231)",float32,True,24,True,2668740608
flow/0000/007,9,mirror,"(50, 721)","(50, 45669)","(50, 1513231)",float32,True,24,True,2668560384
flow/0000/007,9,original,"(50, 721)","(50, 45669)","(50, 1513231)",float32,True,24,True,2668740608
flow/0000/007,10,mirror,"(50, 721)","(50, 45669)","(50, 1513231)",float32,True,24,True,2610528256
flow/0000/007,10,original,"(50, 721)","(50, 45669)","(50, 1513231)",float32,True,24,True,2645524480
flow/0000/007,11,mirror,"(50, 721)","(50, 45669)","(50, 1513231)",float32,True,24,True,2629058560
flow/0000/007,11,original,"(50, 721)","(50, 45669)","(50, 1513231)",float32,True,24,True,2660466688
flow/0000/008,0,mirror,"(50, 721)","(50, 45669)","(50, 1513231)",float32,True,24,True,2654044160
flow/0000/008,0,original,"(50, 721)","(50, 45669)","(50, 1513231)",float32,True,24,True,2641362944
flow/0000/008,1,mirror,"(50, 721)","(50, 45669)","(50, 1513231)",float32,True,24,True,2643623936
flow/0000/008,1,original,"(50, 721)","(50, 45669)","(50, 1513231)",float32,True,24,True,2650177536
flow/0000/008,2,mirror,"(50, 721)","(50, 45669)","(50, 1513231)",float32,True,24,True,2620522496
flow/0000/008,2,original,"(50, 721)","(50, 45669)","(50, 1513231)",float32,True,24,True,2619457536
flow/0000/008,3,mirror,"(50, 721)","(50, 45669)","(50, 1513231)",float32,True,24,True,2623094784
flow/0000/008,3,original,"(50, 721)","(50, 45669)","(50, 1513231)",float32,True,24,True,2623111168
flow/0000/008,4,mirror,"(50, 721)","(50, 45669)","(50, 1513231)",float32,True,24,True,2623815680
flow/0000/008,4,original,"(50, 721)","(50, 45669)","(50, 1513231)",float32,True,24,True,2619932672
flow/0000/008,5,mirror,"(50, 721)","(50, 45669)","(50, 1513231)",float32,True,24,True,2623897600
flow/0000/008,5,original,"(50, 721)","(50, 45669)","(50, 1513231)",float32,True,24,True,2623848448
flow/0000/008,6,mirror,"(50, 721)","(50, 45669)","(50, 1513231)",float32,True,24,True,2614312960
flow/0000/008,6,original,"(50, 721)","(50, 45669)","(50, 1513231)",float32,True,24,True,2623913984
flow/0000/008,7,mirror,"(50, 721)","(50, 45669)","(50, 1513231)",float32,True,24,True,2616098816
flow/0000/008,7,original,"(50, 721)","(50, 45669)","(50, 1513231)",float32,True,24,True,2614329344
flow/0000/008,8,mirror,"(50, 721)","(50, 45669)","(50, 1513231)",float32,True,24,True,2616098816
flow/0000/008,8,original,"(50, 721)","(50, 45669)","(50, 1513231)",float32,True,24,True,2616115200
flow/0000/008,9,mirror,"(50, 721)","(50, 45669)","(50, 1513231)",float32,True,24,True,2616295424
flow/0000/008,9,original,"(50, 721)","(50, 45669)","(50, 1513231)",float32,True,24,True,2616098816
flow/0000/008,10,mirror,"(50, 721)","(50, 45669)","(50, 1513231)",float32,True,24,True,2616295424
flow/0000/008,10,original,"(50, 721)","(50, 45669)","(50, 1513231)",float32,True,24,True,2616311808
flow/0000/008,11,mirror,"(50, 721)","(50, 45669)","(50, 1513231)",float32,True,24,True,2616295424
flow/0000/008,11,original,"(50, 721)","(50, 45669)","(50, 1513231)",float32,True,24,True,2616311808
flow/0000/009,0,mirror,"(50, 721)","(50, 45669)","(50, 1513231)",float32,True,24,True,2616279040
flow/0000/009,0,original,"(50, 721)","(50, 45669)","(50, 1513231)",float32,True,24,True,2616279040
flow/0000/009,1,mirror,"(50, 721)","(50, 45669)","(50, 1513231)",float32,True,24,True,2616295424
flow/0000/009,1,original,"(50, 721)","(50, 45669)","(50, 1513231)",float32,True,24,True,2616295424
flow/0000/009,2,mirror,"(50, 721)","(50, 45669)","(50, 1513231)",float32,True,24,True,2616328192
flow/0000/009,2,original,"(50, 721)","(50, 45669)","(50, 1513231)",float32,True,24,True,2616328192
flow/0000/009,3,mirror,"(50, 721)","(50, 45669)","(50, 1513231)",float32,True,24,True,2616328192
flow/0000/009,3,original,"(50, 721)","(50, 45669)","(50, 1513231)",float32,True,24,True,2616344576
flow/0000/009,4,mirror,"(50, 721)","(50, 45669)","(50, 1513231)",float32,True,24,True,2616328192
flow/0000/009,4,original,"(50, 721)","(50, 45669)","(50, 1513231)",float32,True,24,True,2616344576
flow/0000/009,5,mirror,"(50, 721)","(50, 45669)","(50, 1513231)",float32,True,24,True,2616328192
flow/0000/009,5,original,"(50, 721)","(50, 45669)","(50, 1513231)",float32,True,24,True,2616328192
flow/0000/009,6,mirror,"(50, 721)","(50, 45669)","(50, 1513231)",float32,True,24,True,2616328192
flow/0000/009,6,original,"(50, 721)","(50, 45669)","(50, 1513231)",float32,True,24,True,2616344576
flow/0000/009,7,mirror,"(50, 721)","(50, 45669)","(50, 1513231)",float32,True,24,True,2616328192
flow/0000/009,7,original,"(50, 721)","(50, 45669)","(50, 1513231)",float32,True,24,True,2616344576
flow/0000/009,8,mirror,"(50, 721)","(50, 45669)","(50, 1513231)",float32,True,24,True,2614788096
flow/0000/009,8,original,"(50, 721)","(50, 45669)","(50, 1513231)",float32,True,24,True,2616344576
flow/0000/009,9,mirror,"(50, 721)","(50, 45669)","(50, 1513231)",float32,True,24,True,2614788096
flow/0000/009,9,original,"(50, 721)","(50, 45669)","(50, 1513231)",float32,True,24,True,2614804480
flow/0000/009,10,mirror,"(50, 721)","(50, 45669)","(50, 1513231)",float32,True,24,True,2614788096
flow/0000/009,10,original,"(50, 721)","(50, 45669)","(50, 1513231)",float32,True,24,True,2614804480
flow/0000/009,11,mirror,"(50, 721)","(50, 45669)","(50, 1513231)",float32,True,24,True,2614788096
flow/0000/009,11,original,"(50, 721)","(50, 45669)","(50, 1513231)",float32,True,24,True,2614804480
flow/0000/010,0,mirror,"(50, 721)","(50, 45669)","(50, 1513231)",float32,True,24,True,2614870016
flow/0000/010,0,original,"(50, 721)","(50, 45669)","(50, 1513231)",float32,True,24,True,2614886400
flow/0000/010,1,mirror,"(50, 721)","(50, 45669)","(50, 1513231)",float32,True,24,True,2614902784
flow/0000/010,1,original,"(50, 721)","(50, 45669)","(50, 1513231)",float32,True,24,True,2614902784
flow/0000/010,2,mirror,"(50, 721)","(50, 45669)","(50, 1513231)",float32,True,24,True,2614919168
flow/0000/010,2,original,"(50, 721)","(50, 45669)","(50, 1513231)",float32,True,24,True,2614935552
flow/0000/010,3,mirror,"(50, 721)","(50, 45669)","(50, 1513231)",float32,True,24,True,2613919744
flow/0000/010,3,original,"(50, 721)","(50, 45669)","(50, 1513231)",float32,True,24,True,2614935552
flow/0000/010,4,mirror,"(50, 721)","(50, 45669)","(50, 1513231)",float32,True,24,True,2613968896
flow/0000/010,4,original,"(50, 721)","(50, 45669)","(50, 1513231)",float32,True,24,True,2613936128
flow/0000/010,5,mirror,"(50, 721)","(50, 45669)","(50, 1513231)",float32,True,24,True,2615607296
flow/0000/010,5,original,"(50, 721)","(50, 45669)","(50, 1513231)",float32,True,24,True,2614575104
flow/0000/010,6,mirror,"(50, 721)","(50, 45669)","(50, 1513231)",float32,True,24,True,2600599552
flow/0000/010,6,original,"(50, 721)","(50, 45669)","(50, 1513231)",float32,True,24,True,2600615936
flow/0000/010,7,mirror,"(50, 721)","(50, 45669)","(50, 1513231)",float32,True,24,True,2600583168
flow/0000/010,7,original,"(50, 721)","(50, 45669)","(50, 1513231)",float32,True,24,True,2600615936
flow/0000/010,8,mirror,"(50, 721)","(50, 45669)","(50, 1513231)",float32,True,24,True,2600599552
flow/0000/010,8,original,"(50, 721)","(50, 45669)","(50, 1513231)",float32,True,24,True,2600583168
flow/0000/010,9,mirror,"(50, 721)","(50, 45669)","(50, 1513231)",float32,True,24,True,2597044224
flow/0000/010,9,original,"(50, 721)","(50, 45669)","(50, 1513231)",float32,True,24,True,2600615936
flow/0000/010,10,mirror,"(50, 721)","(50, 45669)","(50, 1513231)",float32,True,24,True,2597289984
flow/0000/010,10,original,"(50, 721)","(50, 45669)","(50, 1513231)",float32,True,24,True,2597060608
flow/0000/010,11,mirror,"(50, 721)","(50, 45669)","(50, 1513231)",float32,True,24,True,2597306368
flow/0000/010,11,original,"(50, 721)","(50, 45669)","(50, 1513231)",float32,True,24,True,2597322752
flow/0000/011,0,mirror,"(50, 721)","(50, 45669)","(50, 1513231)",float32,True,24,True,2597617664
flow/0000/011,0,original,"(50, 721)","(50, 45669)","(50, 1513231)",float32,True,24,True,2597421056
flow/0000/011,1,mirror,"(50, 721)","(50, 45669)","(50, 1513231)",float32,True,24,True,2600730624
flow/0000/011,1,original,"(50, 721)","(50, 45669)","(50, 1513231)",float32,True,24,True,2597650432
flow/0000/011,2,mirror,"(50, 721)","(50, 45669)","(50, 1513231)",float32,True,24,True,2600845312
flow/0000/011,2,original,"(50, 721)","(50, 45669)","(50, 1513231)",float32,True,24,True,2600845312
flow/0000/011,3,mirror,"(50, 721)","(50, 45669)","(50, 1513231)",float32,True,24,True,2600812544
flow/0000/011,3,original,"(50, 721)","(50, 45669)","(50, 1513231)",float32,True,24,True,2600845312
flow/0000/011,4,mirror,"(50, 721)","(50, 45669)","(50, 1513231)",float32,True,24,True,2600845312
flow/0000/011,4,original,"(50, 721)","(50, 45669)","(50, 1513231)",float32,True,24,True,2600861696
flow/0000/011,5,mirror,"(50, 721)","(50, 45669)","(50, 1513231)",float32,True,24,True,2600845312
flow/0000/011,5,original,"(50, 721)","(50, 45669)","(50, 1513231)",float32,True,24,True,2600861696
flow/0000/011,6,mirror,"(50, 721)","(50, 45669)","(50, 1513231)",float32,True,24,True,2600861696
flow/0000/011,6,original,"(50, 721)","(50, 45669)","(50, 1513231)",float32,True,24,True,2600861696
flow/0000/011,7,mirror,"(50, 721)","(50, 45669)","(50, 1513231)",float32,True,24,True,2600861696
flow/0000/011,7,original,"(50, 721)","(50, 45669)","(50, 1513231)",float32,True,24,True,2600878080
flow/0000/011,8,mirror,"(50, 721)","(50, 45669)","(50, 1513231)",float32,True,24,True,2600861696
flow/0000/011,8,original,"(50, 721)","(50, 45669)","(50, 1513231)",float32,True,24,True,2600878080
flow/0000/011,9,mirror,"(50, 721)","(50, 45669)","(50, 1513231)",float32,True,24,True,2600861696
flow/0000/011,9,original,"(50, 721)","(50, 45669)","(50, 1513231)",float32,True,24,True,2600861696
flow/0000/011,10,mirror,"(50, 721)","(50, 45669)","(50, 1513231)",float32,True,24,True,2600861696
flow/0000/011,10,original,"(50, 721)","(50, 45669)","(50, 1513231)",float32,True,24,True,2600878080
flow/0000/011,11,mirror,"(50, 721)","(50, 45669)","(50, 1513231)",float32,True,24,True,2600861696
flow/0000/011,11,original,"(50, 721)","(50, 45669)","(50, 1513231)",float32,True,24,True,2600878080
flow/0000/012,0,mirror,"(50, 721)","(50, 45669)","(50, 1513231)",float32,True,24,True,2600845312
flow/0000/012,0,original,"(50, 721)","(50, 45669)","(50, 1513231)",float32,True,24,True,2600845312
flow/0000/012,1,mirror,"(50, 721)","(50, 45669)","(50, 1513231)",float32,True,24,True,2609020928
flow/0000/012,1,original,"(50, 721)","(50, 45669)","(50, 1513231)",float32,True,24,True,2609037312
flow/0000/012,2,mirror,"(50, 721)","(50, 45669)","(50, 1513231)",float32,True,24,True,2609053696
flow/0000/012,2,original,"(50, 721)","(50, 45669)","(50, 1513231)",float32,True,24,True,2609037312
flow/0000/012,3,mirror,"(50, 721)","(50, 45669)","(50, 1513231)",float32,True,24,True,2608644096
flow/0000/012,3,original,"(50, 721)","(50, 45669)","(50, 1513231)",float32,True,24,True,2608660480
flow/0000/012,4,mirror,"(50, 721)","(50, 45669)","(50, 1513231)",float32,True,24,True,2599321600
flow/0000/012,4,original,"(50, 721)","(50, 45669)","(50, 1513231)",float32,True,24,True,2615132160
flow/0000/012,5,mirror,"(50, 721)","(50, 45669)","(50, 1513231)",float32,True,24,True,2600419328
flow/0000/012,5,original,"(50, 721)","(50, 45669)","(50, 1513231)",float32,True,24,True,2600402944
flow/0000/012,6,mirror,"(50, 721)","(50, 45669)","(50, 1513231)",float32,True,24,True,2600419328
flow/0000/012,6,original,"(50, 721)","(50, 45669)","(50, 1513231)",float32,True,24,True,2600435712
flow/0000/012,7,mirror,"(50, 721)","(50, 45669)","(50, 1513231)",float32,True,24,True,2603958272
flow/0000/012,7,original,"(50, 721)","(50, 45669)","(50, 1513231)",float32,True,24,True,2603220992
flow/0000/012,8,mirror,"(50, 721)","(50, 45669)","(50, 1513231)",float32,True,24,True,2607267840
flow/0000/012,8,original,"(50, 721)","(50, 45669)","(50, 1513231)",float32,True,24,True,2607087616
flow/0000/012,9,mirror,"(50, 721)","(50, 45669)","(50, 1513231)",float32,True,24,True,2610479104
flow/0000/012,9,original,"(50, 721)","(50, 45669)","(50, 1513231)",float32,True,24,True,2609643520
flow/0000/012,10,mirror,"(50, 721)","(50, 45669)","(50, 1513231)",float32,True,24,True,2613919744
flow/0000/012,10,original,"(50, 721)","(50, 45669)","(50, 1513231)",float32,True,24,True,2613936128
flow/0000/012,11,mirror,"(50, 721)","(50, 45669)","(50, 1513231)",float32,True,24,True,2597240832
flow/0000/012,11,original,"(50, 721)","(50, 45669)","(50, 1513231)",float32,True,24,True,2597093376
flow/0000/013,0,mirror,"(50, 721)","(50, 45669)","(50, 1513231)",float32,True,24,True,2597175296
flow/0000/013,0,original,"(50, 721)","(50, 45669)","(50, 1513231)",float32,True,24,True,2597191680
flow/0000/013,1,mirror,"(50, 721)","(50, 45669)","(50, 1513231)",float32,True,24,True,2602926080
flow/0000/013,1,original,"(50, 721)","(50, 45669)","(50, 1513231)",float32,True,24,True,2597208064
flow/0000/013,2,mirror,"(50, 721)","(50, 45669)","(50, 1513231)",float32,True,24,True,2602958848
flow/0000/013,2,original,"(50, 721)","(50, 45669)","(50, 1513231)",float32,True,24,True,2602958848
flow/0000/013,3,mirror,"(50, 721)","(50, 45669)","(50, 1513231)",float32,True,24,True,2603171840
flow/0000/013,3,original,"(50, 721)","(50, 45669)","(50, 1513231)",float32,True,24,True,2603614208
flow/0000/013,4,mirror,"(50, 721)","(50, 45669)","(50, 1513231)",float32,True,24,True,2603171840
flow/0000/013,4,original,"(50, 721)","(50, 45669)","(50, 1513231)",float32,True,24,True,2603827200
flow/0000/013,5,mirror,"(50, 721)","(50, 45669)","(50, 1513231)",float32,True,24,True,2603171840
flow/0000/013,5,original,"(50, 721)","(50, 45669)","(50, 1513231)",float32,True,24,True,2603827200
flow/0000/013,6,mirror,"(50, 721)","(50, 45669)","(50, 1513231)",float32,True,24,True,2598551552
flow/0000/013,6,original,"(50, 721)","(50, 45669)","(50, 1513231)",float32,True,24,True,2599206912
flow/0000/013,7,mirror,"(50, 721)","(50, 45669)","(50, 1513231)",float32,True,24,True,2598567936
flow/0000/013,7,original,"(50, 721)","(50, 45669)","(50, 1513231)",float32,True,24,True,2599223296
flow/0000/013,8,mirror,"(50, 721)","(50, 45669)","(50, 1513231)",float32,True,24,True,2630533120
flow/0000/013,8,original,"(50, 721)","(50, 45669)","(50, 1513231)",float32,True,24,True,2599469056
flow/0000/013,9,mirror,"(50, 721)","(50, 45669)","(50, 1513231)",float32,True,24,True,2598649856
flow/0000/013,9,original,"(50, 721)","(50, 45669)","(50, 1513231)",float32,True,24,True,2606645248
flow/0000/013,10,mirror,"(50, 721)","(50, 45669)","(50, 1513231)",float32,True,24,True,2606727168
flow/0000/013,10,original,"(50, 721)","(50, 45669)","(50, 1513231)",float32,True,24,True,2615951360
flow/0000/013,11,mirror,"(50, 721)","(50, 45669)","(50, 1513231)",float32,True,24,True,2606727168
flow/0000/013,11,original,"(50, 721)","(50, 45669)","(50, 1513231)",float32,True,24,True,2607382528
flow/0000/014,0,mirror,"(50, 721)","(50, 45669)","(50, 1513231)",float32,True,24,True,2606678016
flow/0000/014,0,original,"(50, 721)","(50, 45669)","(50, 1513231)",float32,True,24,True,2606694400
flow/0000/014,1,mirror,"(50, 721)","(50, 45669)","(50, 1513231)",float32,True,24,True,2598387712
flow/0000/014,1,original,"(50, 721)","(50, 45669)","(50, 1513231)",float32,True,24,True,2594963456
flow/0000/014,2,mirror,"(50, 721)","(50, 45669)","(50, 1513231)",float32,True,24,True,2583920640
flow/0000/014,2,original,"(50, 721)","(50, 45669)","(50, 1513231)",float32,True,24,True,2601058304
flow/0000/014,3,mirror,"(50, 721)","(50, 45669)","(50, 1513231)",float32,True,24,True,2586394624
flow/0000/014,3,original,"(50, 721)","(50, 45669)","(50, 1513231)",float32,True,24,True,2579890176
flow/0000/014,4,mirror,"(50, 721)","(50, 45669)","(50, 1513231)",float32,True,24,True,2577072128
flow/0000/014,4,original,"(50, 721)","(50, 45669)","(50, 1513231)",float32,True,24,True,2581053440
flow/0000/014,5,mirror,"(50, 721)","(50, 45669)","(50, 1513231)",float32,True,24,True,2572255232
flow/0000/014,5,original,"(50, 721)","(50, 45669)","(50, 1513231)",float32,True,24,True,2586230784
flow/0000/014,6,mirror,"(50, 721)","(50, 45669)","(50, 1513231)",float32,True,24,True,2585526272
flow/0000/014,6,original,"(50, 721)","(50, 45669)","(50, 1513231)",float32,True,24,True,2578202624
flow/0000/014,7,mirror,"(50, 721)","(50, 45669)","(50, 1513231)",float32,True,24,True,2580447232
flow/0000/014,7,original,"(50, 721)","(50, 45669)","(50, 1513231)",float32,True,24,True,2586181632
flow/0000/014,8,mirror,"(50, 721)","(50, 45669)","(50, 1513231)",float32,True,24,True,2589294592
flow/0000/014,8,original,"(50, 721)","(50, 45669)","(50, 1513231)",float32,True,24,True,2588868608
flow/0000/014,9,mirror,"(50, 721)","(50, 45669)","(50, 1513231)",float32,True,24,True,2578661376
flow/0000/014,9,original,"(50, 721)","(50, 45669)","(50, 1513231)",float32,True,24,True,2582446080
flow/0000/014,10,mirror,"(50, 721)","(50, 45669)","(50, 1513231)",float32,True,24,True,2586558464
flow/0000/014,10,original,"(50, 721)","(50, 45669)","(50, 1513231)",float32,True,24,True,2603892736
flow/0000/014,11,mirror,"(50, 721)","(50, 45669)","(50, 1513231)",float32,True,24,True,2585509888
flow/0000/014,11,original,"(50, 721)","(50, 45669)","(50, 1513231)",float32,True,24,True,2583592960
flow/0000/015,0,mirror,"(50, 721)","(50, 45669)","(50, 1513231)",float32,True,24,True,2546057216
flow/0000/015,0,original,"(50, 721)","(50, 45669)","(50, 1513231)",float32,True,24,True,2557657088
flow/0000/015,1,mirror,"(50, 721)","(50, 45669)","(50, 1513231)",float32,True,24,True,2566717440
flow/0000/015,1,original,"(50, 721)","(50, 45669)","(50, 1513231)",float32,True,24,True,2560557056
flow/0000/015,2,mirror,"(50, 721)","(50, 45669)","(50, 1513231)",float32,True,24,True,2572697600
flow/0000/015,2,original,"(50, 721)","(50, 45669)","(50, 1513231)",float32,True,24,True,2578137088
flow/0000/015,3,mirror,"(50, 721)","(50, 45669)","(50, 1513231)",float32,True,24,True,2594963456
flow/0000/015,3,original,"(50, 721)","(50, 45669)","(50, 1513231)",float32,True,24,True,2576793600
flow/0000/015,4,mirror,"(50, 721)","(50, 45669)","(50, 1513231)",float32,True,24,True,2578743296
flow/0000/015,4,original,"(50, 721)","(50, 45669)","(50, 1513231)",float32,True,24,True,2584920064
flow/0000/015,5,mirror,"(50, 721)","(50, 45669)","(50, 1513231)",float32,True,24,True,2585952256
flow/0000/015,5,original,"(50, 721)","(50, 45669)","(50, 1513231)",float32,True,24,True,2579906560
flow/0000/015,6,mirror,"(50, 721)","(50, 45669)","(50, 1513231)",float32,True,24,True,2611134464
flow/0000/015,6,original,"(50, 721)","(50, 45669)","(50, 1513231)",float32,True,24,True,2585968640
flow/0000/015,7,mirror,"(50, 721)","(50, 45669)","(50, 1513231)",float32,True,24,True,2604253184
flow/0000/015,7,original,"(50, 721)","(50, 45669)","(50, 1513231)",float32,True,24,True,2602745856
flow/0000/015,8,mirror,"(50, 721)","(50, 45669)","(50, 1513231)",float32,True,24,True,2604236800
flow/0000/015,8,original,"(50, 721)","(50, 45669)","(50, 1513231)",float32,True,24,True,2604253184
flow/0000/015,9,mirror,"(50, 721)","(50, 45669)","(50, 1513231)",float32,True,24,True,2603925504
flow/0000/015,9,original,"(50, 721)","(50, 45669)","(50, 1513231)",float32,True,24,True,2596061184
flow/0000/015,10,mirror,"(50, 721)","(50, 45669)","(50, 1513231)",float32,True,24,True,2584363008
flow/0000/015,10,original,"(50, 721)","(50, 45669)","(50, 1513231)",float32,True,24,True,2610003968
flow/0000/015,11,mirror,"(50, 721)","(50, 45669)","(50, 1513231)",float32,True,24,True,2610020352
flow/0000/015,11,original,"(50, 721)","(50, 45669)","(50, 1513231)",float32,True,24,True,2606120960
flow/0000/016,0,mirror,"(50, 721)","(50, 45669)","(50, 1513231)",float32,True,24,True,2612953088
flow/0000/016,0,original,"(50, 721)","(50, 45669)","(50, 1513231)",float32,True,24,True,2615525376
flow/0000/016,1,mirror,"(50, 721)","(50, 45669)","(50, 1513231)",float32,True,24,True,2615623680
flow/0000/016,1,original,"(50, 721)","(50, 45669)","(50, 1513231)",float32,True,24,True,2615623680
flow/0000/016,2,mirror,"(50, 721)","(50, 45669)","(50, 1513231)",float32,True,24,True,2548006912
flow/0000/016,2,original,"(50, 721)","(50, 45669)","(50, 1513231)",float32,True,24,True,2615672832
flow/0000/016,3,mirror,"(50, 721)","(50, 45669)","(50, 1513231)",float32,True,24,True,2584969216
flow/0000/016,3,original,"(50, 721)","(50, 45669)","(50, 1513231)",float32,True,24,True,2551758848
flow/0000/016,4,mirror,"(50, 721)","(50, 45669)","(50, 1513231)",float32,True,24,True,2607579136
flow/0000/016,4,original,"(50, 721)","(50, 45669)","(50, 1513231)",float32,True,24,True,2601353216
flow/0000/016,5,mirror,"(50, 721)","(50, 45669)","(50, 1513231)",float32,True,24,True,2610364416
flow/0000/016,5,original,"(50, 721)","(50, 45669)","(50, 1513231)",float32,True,24,True,2610364416
flow/0000/016,6,mirror,"(50, 721)","(50, 45669)","(50, 1513231)",float32,True,24,True,2610413568
flow/0000/016,6,original,"(50, 721)","(50, 45669)","(50, 1513231)",float32,True,24,True,2610429952
flow/0000/016,7,mirror,"(50, 721)","(50, 45669)","(50, 1513231)",float32,True,24,True,2610397184
flow/0000/016,7,original,"(50, 721)","(50, 45669)","(50, 1513231)",float32,True,24,True,2610429952
flow/0000/016,8,mirror,"(50, 721)","(50, 45669)","(50, 1513231)",float32,True,24,True,2610397184
flow/0000/016,8,original,"(50, 721)","(50, 45669)","(50, 1513231)",float32,True,24,True,2610413568
flow/0000/016,9,mirror,"(50, 721)","(50, 45669)","(50, 1513231)",float32,True,24,True,2610397184
flow/0000/016,9,original,"(50, 721)","(50, 45669)","(50, 1513231)",float32,True,24,True,2610413568
flow/0000/016,10,mirror,"(50, 721)","(50, 45669)","(50, 1513231)",float32,True,24,True,2610397184
flow/0000/016,10,original,"(50, 721)","(50, 45669)","(50, 1513231)",float32,True,24,True,2610413568
flow/0000/016,11,mirror,"(50, 721)","(50, 45669)","(50, 1513231)",float32,True,24,True,2608562176
flow/0000/016,11,original,"(50, 721)","(50, 45669)","(50, 1513231)",float32,True,24,True,2610413568
flow/0000/017,0,mirror,"(50, 721)","(50, 45669)","(50, 1513231)",float32,True,24,True,2609397760
flow/0000/017,0,original,"(50, 721)","(50, 45669)","(50, 1513231)",float32,True,24,True,2609397760
flow/0000/017,1,mirror,"(50, 721)","(50, 45669)","(50, 1513231)",float32,True,24,True,2609430528
flow/0000/017,1,original,"(50, 721)","(50, 45669)","(50, 1513231)",float32,True,24,True,2609430528
flow/0000/017,2,mirror,"(50, 721)","(50, 45669)","(50, 1513231)",float32,True,24,True,2609446912
flow/0000/017,2,original,"(50, 721)","(50, 45669)","(50, 1513231)",float32,True,24,True,2610102272
flow/0000/017,3,mirror,"(50, 721)","(50, 45669)","(50, 1513231)",float32,True,24,True,2609446912
flow/0000/017,3,original,"(50, 721)","(50, 45669)","(50, 1513231)",float32,True,24,True,2610102272
flow/0000/017,4,mirror,"(50, 721)","(50, 45669)","(50, 1513231)",float32,True,24,True,2675965952
flow/0000/017,4,original,"(50, 721)","(50, 45669)","(50, 1513231)",float32,True,24,True,2623340544
flow/0000/017,5,mirror,"(50, 721)","(50, 45669)","(50, 1513231)",float32,True,24,True,2663088128
flow/0000/017,5,original,"(50, 721)","(50, 45669)","(50, 1513231)",float32,True,24,True,2678374400
flow/0000/017,6,mirror,"(50, 721)","(50, 45669)","(50, 1513231)",float32,True,24,True,2682372096
flow/0000/017,6,original,"(50, 721)","(50, 45669)","(50, 1513231)",float32,True,24,True,2666201088
flow/0000/017,7,mirror,"(50, 721)","(50, 45669)","(50, 1513231)",float32,True,24,True,2661023744
flow/0000/017,7,original,"(50, 721)","(50, 45669)","(50, 1513231)",float32,True,24,True,2661679104
flow/0000/017,8,mirror,"(50, 721)","(50, 45669)","(50, 1513231)",float32,True,24,True,2655911936
flow/0000/017,8,original,"(50, 721)","(50, 45669)","(50, 1513231)",float32,True,24,True,2666987520
flow/0000/017,9,mirror,"(50, 721)","(50, 45669)","(50, 1513231)",float32,True,24,True,2659106816
flow/0000/017,9,original,"(50, 721)","(50, 45669)","(50, 1513231)",float32,True,24,True,2656567296
flow/0000/017,10,mirror,"(50, 721)","(50, 45669)","(50, 1513231)",float32,True,24,True,2659729408
flow/0000/017,10,original,"(50, 721)","(50, 45669)","(50, 1513231)",float32,True,24,True,2659500032
flow/0000/017,11,mirror,"(50, 721)","(50, 45669)","(50, 1513231)",float32,True,24,True,2666250240
flow/0000/017,11,original,"(50, 721)","(50, 45669)","(50, 1513231)",float32,True,24,True,2672132096
flow/0000/018,0,mirror,"(50, 721)","(50, 45669)","(50, 1513231)",float32,True,24,True,2689531904
flow/0000/018,0,original,"(50, 721)","(50, 45669)","(50, 1513231)",float32,True,24,True,2659106816
flow/0000/018,1,mirror,"(50, 721)","(50, 45669)","(50, 1513231)",float32,True,24,True,2693201920
flow/0000/018,1,original,"(50, 721)","(50, 45669)","(50, 1513231)",float32,True,24,True,2679734272
flow/0000/018,2,mirror,"(50, 721)","(50, 45669)","(50, 1513231)",float32,True,24,True,2684190720
flow/0000/018,2,original,"(50, 721)","(50, 45669)","(50, 1513231)",float32,True,24,True,2681192448
flow/0000/018,3,mirror,"(50, 721)","(50, 45669)","(50, 1513231)",float32,True,24,True,2693644288
flow/0000/018,3,original,"(50, 721)","(50, 45669)","(50, 1513231)",float32,True,24,True,2693644288
flow/0000/018,4,mirror,"(50, 721)","(50, 45669)","(50, 1513231)",float32,True,24,True,2699509760
flow/0000/018,4,original,"(50, 721)","(50, 45669)","(50, 1513231)",float32,True,24,True,2694348800
flow/0000/018,5,mirror,"(50, 721)","(50, 45669)","(50, 1513231)",float32,True,24,True,2698280960
flow/0000/018,5,original,"(50, 721)","(50, 45669)","(50, 1513231)",float32,True,24,True,2691301376
flow/0000/018,6,mirror,"(50, 721)","(50, 45669)","(50, 1513231)",float32,True,24,True,2721677312
flow/0000/018,6,original,"(50, 721)","(50, 45669)","(50, 1513231)",float32,True,24,True,2709176320
flow/0000/018,7,mirror,"(50, 721)","(50, 45669)","(50, 1513231)",float32,True,24,True,2707537920
flow/0000/018,7,original,"(50, 721)","(50, 45669)","(50, 1513231)",float32,True,24,True,2704064512
flow/0000/018,8,mirror,"(50, 721)","(50, 45669)","(50, 1513231)",float32,True,24,True,2714992640
flow/0000/018,8,original,"(50, 721)","(50, 45669)","(50, 1513231)",float32,True,24,True,2708193280
flow/0000/018,9,mirror,"(50, 721)","(50, 45669)","(50, 1513231)",float32,True,24,True,2728017920
flow/0000/018,9,original,"(50, 721)","(50, 45669)","(50, 1513231)",float32,True,24,True,2714992640
flow/0000/018,10,mirror,"(50, 721)","(50, 45669)","(50, 1513231)",float32,True,24,True,2725740544
flow/0000/018,10,original,"(50, 721)","(50, 45669)","(50, 1513231)",float32,True,24,True,2724429824
flow/0000/018,11,mirror,"(50, 721)","(50, 45669)","(50, 1513231)",float32,True,24,True,2725642240
flow/0000/018,11,original,"(50, 721)","(50, 45669)","(50, 1513231)",float32,True,24,True,2725740544
flow/0000/019,0,mirror,"(50, 721)","(50, 45669)","(50, 1513231)",float32,True,24,True,2725019648
flow/0000/019,0,original,"(50, 721)","(50, 45669)","(50, 1513231)",float32,True,24,True,2724970496
flow/0000/019,1,mirror,"(50, 721)","(50, 45669)","(50, 1513231)",float32,True,24,True,2725330944
flow/0000/019,1,original,"(50, 721)","(50, 45669)","(50, 1513231)",float32,True,24,True,2725052416
flow/0000/019,2,mirror,"(50, 721)","(50, 45669)","(50, 1513231)",float32,True,24,True,2726641664
flow/0000/019,2,original,"(50, 721)","(50, 45669)","(50, 1513231)",float32,True,24,True,2726641664
flow/0000/019,3,mirror,"(50, 721)","(50, 45669)","(50, 1513231)",float32,True,24,True,2732376064
flow/0000/019,3,original,"(50, 721)","(50, 45669)","(50, 1513231)",float32,True,24,True,2738126848
flow/0000/019,4,mirror,"(50, 721)","(50, 45669)","(50, 1513231)",float32,True,24,True,2732752896
flow/0000/019,4,original,"(50, 721)","(50, 45669)","(50, 1513231)",float32,True,24,True,2732769280
flow/0000/019,5,mirror,"(50, 721)","(50, 45669)","(50, 1513231)",float32,True,24,True,2643197952
flow/0000/019,5,original,"(50, 721)","(50, 45669)","(50, 1513231)",float32,True,24,True,2643820544
flow/0000/019,6,mirror,"(50, 721)","(50, 45669)","(50, 1513231)",float32,True,24,True,2617868288
flow/0000/019,6,original,"(50, 721)","(50, 45669)","(50, 1513231)",float32,True,24,True,2634350592
flow/0000/019,7,mirror,"(50, 721)","(50, 45669)","(50, 1513231)",float32,True,24,True,2649620480
flow/0000/019,7,original,"(50, 721)","(50, 45669)","(50, 1513231)",float32,True,24,True,2638233600
flow/0000/019,8,mirror,"(50, 721)","(50, 45669)","(50, 1513231)",float32,True,24,True,2667446272
flow/0000/019,8,original,"(50, 721)","(50, 45669)","(50, 1513231)",float32,True,24,True,2666905600
flow/0000/019,9,mirror,"(50, 721)","(50, 45669)","(50, 1513231)",float32,True,24,True,2667429888
flow/0000/019,9,original,"(50, 721)","(50, 45669)","(50, 1513231)",float32,True,24,True,2667429888
flow/0000/019,10,mirror,"(50, 721)","(50, 45669)","(50, 1513231)",float32,True,24,True,2667495424
flow/0000/019,10,original,"(50, 721)","(50, 45669)","(50, 1513231)",float32,True,24,True,2667429888
flow/0000/019,11,mirror,"(50, 721)","(50, 45669)","(50, 1513231)",float32,True,24,True,2618130432
flow/0000/019,11,original,"(50, 721)","(50, 45669)","(50, 1513231)",float32,True,24,True,2588655616
flow/0000/020,0,mirror,"(50, 721)","(50, 45669)","(50, 1513231)",float32,True,24,True,2647277568
flow/0000/020,0,original,"(50, 721)","(50, 45669)","(50, 1513231)",float32,True,24,True,2643755008
flow/0000/020,1,mirror,"(50, 721)","(50, 45669)","(50, 1513231)",float32,True,24,True,2647949312
flow/0000/020,1,original,"(50, 721)","(50, 45669)","(50, 1513231)",float32,True,24,True,2647949312
flow/0000/020,2,mirror,"(50, 721)","(50, 45669)","(50, 1513231)",float32,True,24,True,2649260032
flow/0000/020,2,original,"(50, 721)","(50, 45669)","(50, 1513231)",float32,True,24,True,2643853312
flow/0000/020,3,mirror,"(50, 721)","(50, 45669)","(50, 1513231)",float32,True,24,True,2653159424
flow/0000/020,3,original,"(50, 721)","(50, 45669)","(50, 1513231)",float32,True,24,True,2650898432
flow/0000/020,4,mirror,"(50, 721)","(50, 45669)","(50, 1513231)",float32,True,24,True,2657976320
flow/0000/020,4,original,"(50, 721)","(50, 45669)","(50, 1513231)",float32,True,24,True,2653175808
flow/0000/020,5,mirror,"(50, 721)","(50, 45669)","(50, 1513231)",float32,True,24,True,2658205696
flow/0000/020,5,original,"(50, 721)","(50, 45669)","(50, 1513231)",float32,True,24,True,2657992704
flow/0000/020,6,mirror,"(50, 721)","(50, 45669)","(50, 1513231)",float32,True,24,True,2666020864
flow/0000/020,6,original,"(50, 721)","(50, 45669)","(50, 1513231)",float32,True,24,True,2658205696
flow/0000/020,7,mirror,"(50, 721)","(50, 45669)","(50, 1513231)",float32,True,24,True,2664382464
flow/0000/020,7,original,"(50, 721)","(50, 45669)","(50, 1513231)",float32,True,24,True,2666020864
flow/0000/020,8,mirror,"(50, 721)","(50, 45669)","(50, 1513231)",float32,True,24,True,2671067136
flow/0000/020,8,original,"(50, 721)","(50, 45669)","(50, 1513231)",float32,True,24,True,2671067136
flow/0000/020,9,mirror,"(50, 721)","(50, 45669)","(50, 1513231)",float32,True,24,True,2469101568
flow/0000/020,9,original,"(50, 721)","(50, 45669)","(50, 1513231)",float32,True,24,True,2611789824
flow/0000/020,10,mirror,"(50, 721)","(50, 45669)","(50, 1513231)",float32,True,24,True,2512896000
flow/0000/020,10,original,"(50, 721)","(50, 45669)","(50, 1513231)",float32,True,24,True,2518876160
flow/0000/020,11,mirror,"(50, 721)","(50, 45669)","(50, 1513231)",float32,True,24,True,2545057792
flow/0000/020,11,original,"(50, 721)","(50, 45669)","(50, 1513231)",float32,True,24,True,2545057792
flow/0000/021,0,mirror,"(50, 721)","(50, 45669)","(50, 1513231)",float32,True,24,True,2544402432
flow/0000/021,0,original,"(50, 721)","(50, 45669)","(50, 1513231)",float32,True,24,True,2544418816
flow/0000/021,1,mirror,"(50, 721)","(50, 45669)","(50, 1513231)",float32,True,24,True,2545074176
flow/0000/021,1,original,"(50, 721)","(50, 45669)","(50, 1513231)",float32,True,24,True,2545074176
flow/0000/021,2,mirror,"(50, 721)","(50, 45669)","(50, 1513231)",float32,True,24,True,2545565696
flow/0000/021,2,original,"(50, 721)","(50, 45669)","(50, 1513231)",float32,True,24,True,2545565696
flow/0000/021,3,mirror,"(50, 721)","(50, 45669)","(50, 1513231)",float32,True,24,True,2545565696
flow/0000/021,3,original,"(50, 721)","(50, 45669)","(50, 1513231)",float32,True,24,True,2545565696
flow/0000/021,4,mirror,"(50, 721)","(50, 45669)","(50, 1513231)",float32,True,24,True,2545582080
flow/0000/021,4,original,"(50, 721)","(50, 45669)","(50, 1513231)",float32,True,24,True,2545582080
flow/0000/021,5,mirror,"(50, 721)","(50, 45669)","(50, 1513231)",float32,True,24,True,2545582080
flow/0000/021,5,original,"(50, 721)","(50, 45669)","(50, 1513231)",float32,True,24,True,2545582080
flow/0000/021,6,mirror,"(50, 721)","(50, 45669)","(50, 1513231)",float32,True,24,True,2548121600
flow/0000/021,6,original,"(50, 721)","(50, 45669)","(50, 1513231)",float32,True,24,True,2545582080
flow/0000/021,7,mirror,"(50, 721)","(50, 45669)","(50, 1513231)",float32,True,24,True,2548154368
flow/0000/021,7,original,"(50, 721)","(50, 45669)","(50, 1513231)",float32,True,24,True,2548137984
flow/0000/021,8,mirror,"(50, 721)","(50, 45669)","(50, 1513231)",float32,True,24,True,2560278528
flow/0000/021,8,original,"(50, 721)","(50, 45669)","(50, 1513231)",float32,True,24,True,2548154368
flow/0000/021,9,mirror,"(50, 721)","(50, 45669)","(50, 1513231)",float32,True,24,True,2560278528
flow/0000/021,9,original,"(50, 721)","(50, 45669)","(50, 1513231)",float32,True,24,True,2560278528
flow/0000/021,10,mirror,"(50, 721)","(50, 45669)","(50, 1513231)",float32,True,24,True,2560262144
flow/0000/021,10,original,"(50, 721)","(50, 45669)","(50, 1513231)",float32,True,24,True,2560278528
flow/0000/021,11,mirror,"(50, 721)","(50, 45669)","(50, 1513231)",float32,True,24,True,2560262144
flow/0000/021,11,original,"(50, 721)","(50, 45669)","(50, 1513231)",float32,True,24,True,2560262144
flow/0000/022,0,mirror,"(50, 721)","(50, 45669)","(50, 1513231)",float32,True,24,True,2566324224
flow/0000/022,0,original,"(50, 721)","(50, 45669)","(50, 1513231)",float32,True,24,True,2566324224
flow/0000/022,1,mirror,"(50, 721)","(50, 45669)","(50, 1513231)",float32,True,24,True,2581315584
flow/0000/022,1,original,"(50, 721)","(50, 45669)","(50, 1513231)",float32,True,24,True,2577661952
flow/0000/022,2,mirror,"(50, 721)","(50, 45669)","(50, 1513231)",float32,True,24,True,2581381120
flow/0000/022,2,original,"(50, 721)","(50, 45669)","(50, 1513231)",float32,True,24,True,2581381120
flow/0000/022,3,mirror,"(50, 721)","(50, 45669)","(50, 1513231)",float32,True,24,True,2597715968
flow/0000/022,3,original,"(50, 721)","(50, 45669)","(50, 1513231)",float32,True,24,True,2581381120
flow/0000/022,4,mirror,"(50, 721)","(50, 45669)","(50, 1513231)",float32,True,24,True,2595635200
flow/0000/022,4,original,"(50, 721)","(50, 45669)","(50, 1513231)",float32,True,24,True,2597715968
flow/0000/022,5,mirror,"(50, 721)","(50, 45669)","(50, 1513231)",float32,True,24,True,2598748160
flow/0000/022,5,original,"(50, 721)","(50, 45669)","(50, 1513231)",float32,True,24,True,2598731776
flow/0000/022,6,mirror,"(50, 721)","(50, 45669)","(50, 1513231)",float32,True,24,True,2598191104
flow/0000/022,6,original,"(50, 721)","(50, 45669)","(50, 1513231)",float32,True,24,True,2591670272
flow/0000/022,7,mirror,"(50, 721)","(50, 45669)","(50, 1513231)",float32,True,24,True,2583461888
flow/0000/022,7,original,"(50, 721)","(50, 45669)","(50, 1513231)",float32,True,24,True,2598797312
flow/0000/022,8,mirror,"(50, 721)","(50, 45669)","(50, 1513231)",float32,True,24,True,2598731776
flow/0000/022,8,original,"(50, 721)","(50, 45669)","(50, 1513231)",float32,True,24,True,2589868032
flow/0000/022,9,mirror,"(50, 721)","(50, 45669)","(50, 1513231)",float32,True,24,True,2591637504
flow/0000/022,9,original,"(50, 721)","(50, 45669)","(50, 1513231)",float32,True,24,True,2598731776
flow/0000/022,10,mirror,"(50, 721)","(50, 45669)","(50, 1513231)",float32,True,24,True,2584592384
flow/0000/022,10,original,"(50, 721)","(50, 45669)","(50, 1513231)",float32,True,24,True,2598731776
flow/0000/022,11,mirror,"(50, 721)","(50, 45669)","(50, 1513231)",float32,True,24,True,2598731776
flow/0000/022,11,original,"(50, 721)","(50, 45669)","(50, 1513231)",float32,True,24,True,2587787264
flow/0000/023,0,mirror,"(50, 721)","(50, 45669)","(50, 1513231)",float32,True,24,True,2599124992
flow/0000/023,0,original,"(50, 721)","(50, 45669)","(50, 1513231)",float32,True,24,True,2598961152
flow/0000/023,1,mirror,"(50, 721)","(50, 45669)","(50, 1513231)",float32,True,24,True,2584313856
flow/0000/023,1,original,"(50, 721)","(50, 45669)","(50, 1513231)",float32,True,24,True,2590310400
flow/0000/023,2,mirror,"(50, 721)","(50, 45669)","(50, 1513231)",float32,True,24,True,2588672000
flow/0000/023,2,original,"(50, 721)","(50, 45669)","(50, 1513231)",float32,True,24,True,2599092224
flow/0000/023,3,mirror,"(50, 721)","(50, 45669)","(50, 1513231)",float32,True,24,True,2601304064
flow/0000/023,3,original,"(50, 721)","(50, 45669)","(50, 1513231)",float32,True,24,True,2587082752
flow/0000/023,4,mirror,"(50, 721)","(50, 45669)","(50, 1513231)",float32,True,24,True,2588196864
flow/0000/023,4,original,"(50, 721)","(50, 45669)","(50, 1513231)",float32,True,24,True,2592456704
flow/0000/023,5,mirror,"(50, 721)","(50, 45669)","(50, 1513231)",float32,True,24,True,2585067520
flow/0000/023,5,original,"(50, 721)","(50, 45669)","(50, 1513231)",float32,True,24,True,2601320448
flow/0000/023,6,mirror,"(50, 721)","(50, 45669)","(50, 1513231)",float32,True,24,True,2601353216
flow/0000/023,6,original,"(50, 721)","(50, 45669)","(50, 1513231)",float32,True,24,True,2584477696
flow/0000/023,7,mirror,"(50, 721)","(50, 45669)","(50, 1513231)",float32,True,24,True,2590244864
flow/0000/023,7,original,"(50, 721)","(50, 45669)","(50, 1513231)",float32,True,24,True,2585673728
flow/0000/023,8,mirror,"(50, 721)","(50, 45669)","(50, 1513231)",float32,True,24,True,2583216128
flow/0000/023,8,original,"(50, 721)","(50, 45669)","(50, 1513231)",float32,True,24,True,2591424512
flow/0000/023,9,mirror,"(50, 721)","(50, 45669)","(50, 1513231)",float32,True,24,True,2593095680
flow/0000/023,9,original,"(50, 721)","(50, 45669)","(50, 1513231)",float32,True,24,True,2579677184
flow/0000/023,10,mirror,"(50, 721)","(50, 45669)","(50, 1513231)",float32,True,24,True,2593079296
flow/0000/023,10,original,"(50, 721)","(50, 45669)","(50, 1513231)",float32,True,24,True,2593079296
flow/0000/023,11,mirror,"(50, 721)","(50, 45669)","(50, 1513231)",float32,True,24,True,2593685504
flow/0000/023,11,original,"(50, 721)","(50, 45669)","(50, 1513231)",float32,True,24,True,2593341440
flow/0000/024,0,mirror,"(50, 721)","(50, 45669)","(50, 1513231)",float32,True,24,True,2582413312
flow/0000/024,0,original,"(50, 721)","(50, 45669)","(50, 1513231)",float32,True,24,True,2599223296
flow/0000/024,1,mirror,"(50, 721)","(50, 45669)","(50, 1513231)",float32,True,24,True,2574712832
flow/0000/024,1,original,"(50, 721)","(50, 45669)","(50, 1513231)",float32,True,24,True,2569650176
flow/0000/024,2,mirror,"(50, 721)","(50, 45669)","(50, 1513231)",float32,True,24,True,2581053440
flow/0000/024,2,original,"(50, 721)","(50, 45669)","(50, 1513231)",float32,True,24,True,2583543808
flow/0000/024,3,mirror,"(50, 721)","(50, 45669)","(50, 1513231)",float32,True,24,True,2568192000
flow/0000/024,3,original,"(50, 721)","(50, 45669)","(50, 1513231)",float32,True,24,True,2571452416
flow/0000/024,4,mirror,"(50, 721)","(50, 45669)","(50, 1513231)",float32,True,24,True,2565783552
flow/0000/024,4,original,"(50, 721)","(50, 45669)","(50, 1513231)",float32,True,24,True,2565783552
flow/0000/024,5,mirror,"(50, 721)","(50, 45669)","(50, 1513231)",float32,True,24,True,2563751936
flow/0000/024,5,original,"(50, 721)","(50, 45669)","(50, 1513231)",float32,True,24,True,2569863168
flow/0000/024,6,mirror,"(50, 721)","(50, 45669)","(50, 1513231)",float32,True,24,True,2566127616
flow/0000/024,6,original,"(50, 721)","(50, 45669)","(50, 1513231)",float32,True,24,True,2560065536
flow/0000/024,7,mirror,"(50, 721)","(50, 45669)","(50, 1513231)",float32,True,24,True,2566127616
flow/0000/024,7,original,"(50, 721)","(50, 45669)","(50, 1513231)",float32,True,24,True,2566127616
flow/0000/024,8,mirror,"(50, 721)","(50, 45669)","(50, 1513231)",float32,True,24,True,2589229056
flow/0000/024,8,original,"(50, 721)","(50, 45669)","(50, 1513231)",float32,True,24,True,2588688384
flow/0000/024,9,mirror,"(50, 721)","(50, 45669)","(50, 1513231)",float32,True,24,True,2583199744
flow/0000/024,9,original,"(50, 721)","(50, 45669)","(50, 1513231)",float32,True,24,True,2584641536
flow/0000/024,10,mirror,"(50, 721)","(50, 45669)","(50, 1513231)",float32,True,24,True,2585280512
flow/0000/024,10,original,"(50, 721)","(50, 45669)","(50, 1513231)",float32,True,24,True,2585280512
flow/0000/024,11,mirror,"(50, 721)","(50, 45669)","(50, 1513231)",float32,True,24,True,2580414464
flow/0000/024,11,original,"(50, 721)","(50, 45669)","(50, 1513231)",float32,True,24,True,2577235968
flow/0000/025,0,mirror,"(50, 721)","(50, 45669)","(50, 1513231)",float32,True,24,True,2588737536
flow/0000/025,0,original,"(50, 721)","(50, 45669)","(50, 1513231)",float32,True,24,True,2555117568
flow/0000/025,1,mirror,"(50, 721)","(50, 45669)","(50, 1513231)",float32,True,24,True,2565111808
flow/0000/025,1,original,"(50, 721)","(50, 45669)","(50, 1513231)",float32,True,24,True,2565406720
flow/0000/025,2,mirror,"(50, 721)","(50, 45669)","(50, 1513231)",float32,True,24,True,2566766592
flow/0000/025,2,original,"(50, 721)","(50, 45669)","(50, 1513231)",float32,True,24,True,2577711104
flow/0000/025,3,mirror,"(50, 721)","(50, 45669)","(50, 1513231)",float32,True,24,True,2575532032
flow/0000/025,3,original,"(50, 721)","(50, 45669)","(50, 1513231)",float32,True,24,True,2575532032
flow/0000/025,4,mirror,"(50, 721)","(50, 45669)","(50, 1513231)",float32,True,24,True,2559082496
flow/0000/025,4,original,"(50, 721)","(50, 45669)","(50, 1513231)",float32,True,24,True,2558738432
flow/0000/025,5,mirror,"(50, 721)","(50, 45669)","(50, 1513231)",float32,True,24,True,2567569408
flow/0000/025,5,original,"(50, 721)","(50, 45669)","(50, 1513231)",float32,True,24,True,2570223616
flow/0000/025,6,mirror,"(50, 721)","(50, 45669)","(50, 1513231)",float32,True,24,True,2567667712
flow/0000/025,6,original,"(50, 721)","(50, 45669)","(50, 1513231)",float32,True,24,True,2567618560
flow/0000/025,7,mirror,"(50, 721)","(50, 45669)","(50, 1513231)",float32,True,24,True,2567667712
flow/0000/025,7,original,"(50, 721)","(50, 45669)","(50, 1513231)",float32,True,24,True,2567667712
flow/0000/025,8,mirror,"(50, 721)","(50, 45669)","(50, 1513231)",float32,True,24,True,2585657344
flow/0000/025,8,original,"(50, 721)","(50, 45669)","(50, 1513231)",float32,True,24,True,2567667712
flow/0000/025,9,mirror,"(50, 721)","(50, 45669)","(50, 1513231)",float32,True,24,True,2597355520
flow/0000/025,9,original,"(50, 721)","(50, 45669)","(50, 1513231)",float32,True,24,True,2587033600
flow/0000/025,10,mirror,"(50, 721)","(50, 45669)","(50, 1513231)",float32,True,24,True,2589392896
flow/0000/025,10,original,"(50, 721)","(50, 45669)","(50, 1513231)",float32,True,24,True,2583298048
flow/0000/025,11,mirror,"(50, 721)","(50, 45669)","(50, 1513231)",float32,True,24,True,2585575424
flow/0000/025,11,original,"(50, 721)","(50, 45669)","(50, 1513231)",float32,True,24,True,2598010880
flow/0000/026,0,mirror,"(50, 721)","(50, 45669)","(50, 1513231)",float32,True,24,True,2594553856
flow/0000/026,0,original,"(50, 721)","(50, 45669)","(50, 1513231)",float32,True,24,True,2594308096
flow/0000/026,1,mirror,"(50, 721)","(50, 45669)","(50, 1513231)",float32,True,24,True,2595946496
flow/0000/026,1,original,"(50, 721)","(50, 45669)","(50, 1513231)",float32,True,24,True,2595618816
flow/0000/026,2,mirror,"(50, 721)","(50, 45669)","(50, 1513231)",float32,True,24,True,2604695552
flow/0000/026,2,original,"(50, 721)","(50, 45669)","(50, 1513231)",float32,True,24,True,2594258944
flow/0000/026,3,mirror,"(50, 721)","(50, 45669)","(50, 1513231)",float32,True,24,True,2584133632
flow/0000/026,3,original,"(50, 721)","(50, 45669)","(50, 1513231)",float32,True,24,True,2604695552
flow/0000/026,4,mirror,"(50, 721)","(50, 45669)","(50, 1513231)",float32,True,24,True,2600222720
flow/0000/026,4,original,"(50, 721)","(50, 45669)","(50, 1513231)",float32,True,24,True,2592604160
flow/0000/026,5,mirror,"(50, 721)","(50, 45669)","(50, 1513231)",float32,True,24,True,2602123264
flow/0000/026,5,original,"(50, 721)","(50, 45669)","(50, 1513231)",float32,True,24,True,2600747008
flow/0000/026,6,mirror,"(50, 721)","(50, 45669)","(50, 1513231)",float32,True,24,True,2602156032
flow/0000/026,6,original,"(50, 721)","(50, 45669)","(50, 1513231)",float32,True,24,True,2602139648
flow/0000/026,7,mirror,"(50, 721)","(50, 45669)","(50, 1513231)",float32,True,24,True,2602156032
flow/0000/026,7,original,"(50, 721)","(50, 45669)","(50, 1513231)",float32,True,24,True,2602156032
flow/0000/026,8,mirror,"(50, 721)","(50, 45669)","(50, 1513231)",float32,True,24,True,2566455296
flow/0000/026,8,original,"(50, 721)","(50, 45669)","(50, 1513231)",float32,True,24,True,2545582080
flow/0000/026,9,mirror,"(50, 721)","(50, 45669)","(50, 1513231)",float32,True,24,True,2577006592
flow/0000/026,9,original,"(50, 721)","(50, 45669)","(50, 1513231)",float32,True,24,True,2586001408
flow/0000/026,10,mirror,"(50, 721)","(50, 45669)","(50, 1513231)",float32,True,24,True,2586017792
flow/0000/026,10,original,"(50, 721)","(50, 45669)","(50, 1513231)",float32,True,24,True,2586017792
flow/0000/026,11,mirror,"(50, 721)","(50, 45669)","(50, 1513231)",float32,True,24,True,2587705344
flow/0000/026,11,original,"(50, 721)","(50, 45669)","(50, 1513231)",float32,True,24,True,2587656192
flow/0000/027,0,mirror,"(50, 721)","(50, 45669)","(50, 1513231)",float32,True,24,True,2587934720
flow/0000/027,0,original,"(50, 721)","(50, 45669)","(50, 1513231)",float32,True,24,True,2587934720
flow/0000/027,1,mirror,"(50, 721)","(50, 45669)","(50, 1513231)",float32,True,24,True,2587934720
flow/0000/027,1,original,"(50, 721)","(50, 45669)","(50, 1513231)",float32,True,24,True,2587934720
flow/0000/027,2,mirror,"(50, 721)","(50, 45669)","(50, 1513231)",float32,True,24,True,2588475392
flow/0000/027,2,original,"(50, 721)","(50, 45669)","(50, 1513231)",float32,True,24,True,2587934720
flow/0000/027,3,mirror,"(50, 721)","(50, 45669)","(50, 1513231)",float32,True,24,True,2591113216
flow/0000/027,3,original,"(50, 721)","(50, 45669)","(50, 1513231)",float32,True,24,True,2588459008
flow/0000/027,4,mirror,"(50, 721)","(50, 45669)","(50, 1513231)",float32,True,24,True,2591113216
flow/0000/027,4,original,"(50, 721)","(50, 45669)","(50, 1513231)",float32,True,24,True,2591113216
flow/0000/027,5,mirror,"(50, 721)","(50, 45669)","(50, 1513231)",float32,True,24,True,2605907968
flow/0000/027,5,original,"(50, 721)","(50, 45669)","(50, 1513231)",float32,True,24,True,2603171840
flow/0000/027,6,mirror,"(50, 721)","(50, 45669)","(50, 1513231)",float32,True,24,True,2599026688
flow/0000/027,6,original,"(50, 721)","(50, 45669)","(50, 1513231)",float32,True,24,True,2594504704
flow/0000/027,7,mirror,"(50, 721)","(50, 45669)","(50, 1513231)",float32,True,24,True,2593488896
flow/0000/027,7,original,"(50, 721)","(50, 45669)","(50, 1513231)",float32,True,24,True,2604417024
flow/0000/027,8,mirror,"(50, 721)","(50, 45669)","(50, 1513231)",float32,True,24,True,2600075264
flow/0000/027,8,original,"(50, 721)","(50, 45669)","(50, 1513231)",float32,True,24,True,2600058880
flow/0000/027,9,mirror,"(50, 721)","(50, 45669)","(50, 1513231)",float32,True,24,True,2599960576
flow/0000/027,9,original,"(50, 721)","(50, 45669)","(50, 1513231)",float32,True,24,True,2594144256
flow/0000/027,10,mirror,"(50, 721)","(50, 45669)","(50, 1513231)",float32,True,24,True,2599960576
flow/0000/027,10,original,"(50, 721)","(50, 45669)","(50, 1513231)",float32,True,24,True,2599944192
flow/0000/027,11,mirror,"(50, 721)","(50, 45669)","(50, 1513231)",float32,True,24,True,2609545216
flow/0000/027,11,original,"(50, 721)","(50, 45669)","(50, 1513231)",float32,True,24,True,2608726016
flow/0000/028,0,mirror,"(50, 721)","(50, 45669)","(50, 1513231)",float32,True,24,True,2612969472
flow/0000/028,0,original,"(50, 721)","(50, 45669)","(50, 1513231)",float32,True,24,True,2612772864
flow/0000/028,1,mirror,"(50, 721)","(50, 45669)","(50, 1513231)",float32,True,24,True,2612969472
flow/0000/028,1,original,"(50, 721)","(50, 45669)","(50, 1513231)",float32,True,24,True,2612969472
flow/0000/028,2,mirror,"(50, 721)","(50, 45669)","(50, 1513231)",float32,True,24,True,2613248000
flow/0000/028,2,original,"(50, 721)","(50, 45669)","(50, 1513231)",float32,True,24,True,2612985856
flow/0000/028,3,mirror,"(50, 721)","(50, 45669)","(50, 1513231)",float32,True,24,True,2613248000
flow/0000/028,3,original,"(50, 721)","(50, 45669)","(50, 1513231)",float32,True,24,True,2613248000
flow/0000/028,4,mirror,"(50, 721)","(50, 45669)","(50, 1513231)",float32,True,24,True,2613248000
flow/0000/028,4,original,"(50, 721)","(50, 45669)","(50, 1513231)",float32,True,24,True,2613248000
flow/0000/028,5,mirror,"(50, 721)","(50, 45669)","(50, 1513231)",float32,True,24,True,2613297152
flow/0000/028,5,original,"(50, 721)","(50, 45669)","(50, 1513231)",float32,True,24,True,2613248000
flow/0000/028,6,mirror,"(50, 721)","(50, 45669)","(50, 1513231)",float32,True,24,True,2616393728
flow/0000/028,6,original,"(50, 721)","(50, 45669)","(50, 1513231)",float32,True,24,True,2613297152
flow/0000/028,7,mirror,"(50, 721)","(50, 45669)","(50, 1513231)",float32,True,24,True,2616360960
flow/0000/028,7,original,"(50, 721)","(50, 45669)","(50, 1513231)",float32,True,24,True,2616344576
flow/0000/028,8,mirror,"(50, 721)","(50, 45669)","(50, 1513231)",float32,True,24,True,2616279040
flow/0000/028,8,original,"(50, 721)","(50, 45669)","(50, 1513231)",float32,True,24,True,2616360960
flow/0000/028,9,mirror,"(50, 721)","(50, 45669)","(50, 1513231)",float32,True,24,True,2617458688
flow/0000/028,9,original,"(50, 721)","(50, 45669)","(50, 1513231)",float32,True,24,True,2616279040
flow/0000/028,10,mirror,"(50, 721)","(50, 45669)","(50, 1513231)",float32,True,24,True,2665857024
flow/0000/028,10,original,"(50, 721)","(50, 45669)","(50, 1513231)",float32,True,24,True,2655551488
flow/0000/028,11,mirror,"(50, 721)","(50, 45669)","(50, 1513231)",float32,True,24,True,2675654656
flow/0000/028,11,original,"(50, 721)","(50, 45669)","(50, 1513231)",float32,True,24,True,2680061952
flow/0000/029,0,mirror,"(50, 721)","(50, 45669)","(50, 1513231)",float32,True,24,True,2676113408
flow/0000/029,0,original,"(50, 721)","(50, 45669)","(50, 1513231)",float32,True,24,True,2676113408
flow/0000/029,1,mirror,"(50, 721)","(50, 45669)","(50, 1513231)",float32,True,24,True,2689826816
flow/0000/029,1,original,"(50, 721)","(50, 45669)","(50, 1513231)",float32,True,24,True,2683486208
flow/0000/029,2,mirror,"(50, 721)","(50, 45669)","(50, 1513231)",float32,True,24,True,2695938048
flow/0000/029,2,original,"(50, 721)","(50, 45669)","(50, 1513231)",float32,True,24,True,2689826816
flow/0000/029,3,mirror,"(50, 721)","(50, 45669)","(50, 1513231)",float32,True,24,True,2696052736
flow/0000/029,3,original,"(50, 721)","(50, 45669)","(50, 1513231)",float32,True,24,True,2696052736
flow/0000/029,4,mirror,"(50, 721)","(50, 45669)","(50, 1513231)",float32,True,24,True,2696052736
flow/0000/029,4,original,"(50, 721)","(50, 45669)","(50, 1513231)",float32,True,24,True,2696052736
flow/0000/029,5,mirror,"(50, 721)","(50, 45669)","(50, 1513231)",float32,True,24,True,2696560640
flow/0000/029,5,original,"(50, 721)","(50, 45669)","(50, 1513231)",float32,True,24,True,2696560640
flow/0000/029,6,mirror,"(50, 721)","(50, 45669)","(50, 1513231)",float32,True,24,True,2696560640
flow/0000/029,6,original,"(50, 721)","(50, 45669)","(50, 1513231)",float32,True,24,True,2696560640
flow/0000/029,7,mirror,"(50, 721)","(50, 45669)","(50, 1513231)",float32,True,24,True,2696757248
flow/0000/029,7,original,"(50, 721)","(50, 45669)","(50, 1513231)",float32,True,24,True,2696560640
flow/0000/029,8,mirror,"(50, 721)","(50, 45669)","(50, 1513231)",float32,True,24,True,2691661824
flow/0000/029,8,original,"(50, 721)","(50, 45669)","(50, 1513231)",float32,True,24,True,2688794624
flow/0000/029,9,mirror,"(50, 721)","(50, 45669)","(50, 1513231)",float32,True,24,True,2682699776
flow/0000/029,9,original,"(50, 721)","(50, 45669)","(50, 1513231)",float32,True,24,True,2691694592
flow/0000/029,10,mirror,"(50, 721)","(50, 45669)","(50, 1513231)",float32,True,24,True,2608676864
flow/0000/029,10,original,"(50, 721)","(50, 45669)","(50, 1513231)",float32,True,24,True,2591391744
flow/0000/029,11,mirror,"(50, 721)","(50, 45669)","(50, 1513231)",float32,True,24,True,2613460992
flow/0000/029,11,original,"(50, 721)","(50, 45669)","(50, 1513231)",float32,True,24,True,2613460992
flow/0000/030,0,mirror,"(50, 721)","(50, 45669)","(50, 1513231)",float32,True,24,True,2613641216
flow/0000/030,0,original,"(50, 721)","(50, 45669)","(50, 1513231)",float32,True,24,True,2613641216
flow/0000/030,1,mirror,"(50, 721)","(50, 45669)","(50, 1513231)",float32,True,24,True,2613641216
flow/0000/030,1,original,"(50, 721)","(50, 45669)","(50, 1513231)",float32,True,24,True,2613641216
flow/0000/030,2,mirror,"(50, 721)","(50, 45669)","(50, 1513231)",float32,True,24,True,2614198272
flow/0000/030,2,original,"(50, 721)","(50, 45669)","(50, 1513231)",float32,True,24,True,2614198272
flow/0000/030,3,mirror,"(50, 721)","(50, 45669)","(50, 1513231)",float32,True,24,True,2623651840
flow/0000/030,3,original,"(50, 721)","(50, 45669)","(50, 1513231)",float32,True,24,True,2623651840
flow/0000/030,4,mirror,"(50, 721)","(50, 45669)","(50, 1513231)",float32,True,24,True,2623668224
flow/0000/030,4,original,"(50, 721)","(50, 45669)","(50, 1513231)",float32,True,24,True,2623651840
flow/0000/030,5,mirror,"(50, 721)","(50, 45669)","(50, 1513231)",float32,True,24,True,2623668224
flow/0000/030,5,original,"(50, 721)","(50, 45669)","(50, 1513231)",float32,True,24,True,2623668224
flow/0000/030,6,mirror,"(50, 721)","(50, 45669)","(50, 1513231)",float32,True,24,True,2626863104
flow/0000/030,6,original,"(50, 721)","(50, 45669)","(50, 1513231)",float32,True,24,True,2623668224
flow/0000/030,7,mirror,"(50, 721)","(50, 45669)","(50, 1513231)",float32,True,24,True,2651308032
flow/0000/030,7,original,"(50, 721)","(50, 45669)","(50, 1513231)",float32,True,24,True,2627076096
flow/0000/030,8,mirror,"(50, 721)","(50, 45669)","(50, 1513231)",float32,True,24,True,2671673344
flow/0000/030,8,original,"(50, 721)","(50, 45669)","(50, 1513231)",float32,True,24,True,2654928896
flow/0000/030,9,mirror,"(50, 721)","(50, 45669)","(50, 1513231)",float32,True,24,True,2663235584
flow/0000/030,9,original,"(50, 721)","(50, 45669)","(50, 1513231)",float32,True,24,True,2657320960
flow/0000/030,10,mirror,"(50, 721)","(50, 45669)","(50, 1513231)",float32,True,24,True,2643361792
flow/0000/030,10,original,"(50, 721)","(50, 45669)","(50, 1513231)",float32,True,24,True,2683224064
flow/0000/030,11,mirror,"(50, 721)","(50, 45669)","(50, 1513231)",float32,True,24,True,2665840640
flow/0000/030,11,original,"(50, 721)","(50, 45669)","(50, 1513231)",float32,True,24,True,2654961664
flow/0000/031,0,mirror,"(50, 721)","(50, 45669)","(50, 1513231)",float32,True,24,True,2665250816
flow/0000/031,0,original,"(50, 721)","(50, 45669)","(50, 1513231)",float32,True,24,True,2648342528
flow/0000/031,1,mirror,"(50, 721)","(50, 45669)","(50, 1513231)",float32,True,24,True,2579120128
flow/0000/031,1,original,"(50, 721)","(50, 45669)","(50, 1513231)",float32,True,24,True,2577907712
flow/0000/031,2,mirror,"(50, 721)","(50, 45669)","(50, 1513231)",float32,True,24,True,2577416192
flow/0000/031,2,original,"(50, 721)","(50, 45669)","(50, 1513231)",float32,True,24,True,2587656192
flow/0000/031,3,mirror,"(50, 721)","(50, 45669)","(50, 1513231)",float32,True,24,True,2577891328
flow/0000/031,3,original,"(50, 721)","(50, 45669)","(50, 1513231)",float32,True,24,True,2577891328
flow/0000/031,4,mirror,"(50, 721)","(50, 45669)","(50, 1513231)",float32,True,24,True,2578661376
flow/0000/031,4,original,"(50, 721)","(50, 45669)","(50, 1513231)",float32,True,24,True,2578661376
flow/0000/031,5,mirror,"(50, 721)","(50, 45669)","(50, 1513231)",float32,True,24,True,2599239680
flow/0000/031,5,original,"(50, 721)","(50, 45669)","(50, 1513231)",float32,True,24,True,2599796736
flow/0000/031,6,mirror,"(50, 721)","(50, 45669)","(50, 1513231)",float32,True,24,True,2623815680
flow/0000/031,6,original,"(50, 721)","(50, 45669)","(50, 1513231)",float32,True,24,True,2599239680
flow/0000/031,7,mirror,"(50, 721)","(50, 45669)","(50, 1513231)",float32,True,24,True,2584346624
flow/0000/031,7,original,"(50, 721)","(50, 45669)","(50, 1513231)",float32,True,24,True,2606039040
flow/0000/031,8,mirror,"(50, 721)","(50, 45669)","(50, 1513231)",float32,True,24,True,2550923264
flow/0000/031,8,original,"(50, 721)","(50, 45669)","(50, 1513231)",float32,True,24,True,2584395776
flow/0000/031,9,mirror,"(50, 721)","(50, 45669)","(50, 1513231)",float32,True,24,True,2562703360
flow/0000/031,9,original,"(50, 721)","(50, 45669)","(50, 1513231)",float32,True,24,True,2525659136
flow/0000/031,10,mirror,"(50, 721)","(50, 45669)","(50, 1513231)",float32,True,24,True,2545385472
flow/0000/031,10,original,"(50, 721)","(50, 45669)","(50, 1513231)",float32,True,24,True,2543648768
flow/0000/031,11,mirror,"(50, 721)","(50, 45669)","(50, 1513231)",float32,True,24,True,2546204672
flow/0000/031,11,original,"(50, 721)","(50, 45669)","(50, 1513231)",float32,True,24,True,2559016960
flow/0000/032,0,mirror,"(50, 721)","(50, 45669)","(50, 1513231)",float32,True,24,True,2547957760
flow/0000/032,0,original,"(50, 721)","(50, 45669)","(50, 1513231)",float32,True,24,True,2554576896
flow/0000/032,1,mirror,"(50, 721)","(50, 45669)","(50, 1513231)",float32,True,24,True,2552446976
flow/0000/032,1,original,"(50, 721)","(50, 45669)","(50, 1513231)",float32,True,24,True,2553921536
flow/0000/032,2,mirror,"(50, 721)","(50, 45669)","(50, 1513231)",float32,True,24,True,2578726912
flow/0000/032,2,original,"(50, 721)","(50, 45669)","(50, 1513231)",float32,True,24,True,2560540672
flow/0000/032,3,mirror,"(50, 721)","(50, 45669)","(50, 1513231)",float32,True,24,True,2579808256
flow/0000/032,3,original,"(50, 721)","(50, 45669)","(50, 1513231)",float32,True,24,True,2578989056
flow/0000/032,4,mirror,"(50, 721)","(50, 45669)","(50, 1513231)",float32,True,24,True,2592669696
flow/0000/032,4,original,"(50, 721)","(50, 45669)","(50, 1513231)",float32,True,24,True,2580545536
flow/0000/032,5,mirror,"(50, 721)","(50, 45669)","(50, 1513231)",float32,True,24,True,2592702464
flow/0000/032,5,original,"(50, 721)","(50, 45669)","(50, 1513231)",float32,True,24,True,2592702464
flow/0000/032,6,mirror,"(50, 721)","(50, 45669)","(50, 1513231)",float32,True,24,True,2592784384
flow/0000/032,6,original,"(50, 721)","(50, 45669)","(50, 1513231)",float32,True,24,True,2592768000
flow/0000/032,7,mirror,"(50, 721)","(50, 45669)","(50, 1513231)",float32,True,24,True,2453012480
flow/0000/032,7,original,"(50, 721)","(50, 45669)","(50, 1513231)",float32,True,24,True,2560409600
flow/0000/032,8,mirror,"(50, 721)","(50, 45669)","(50, 1513231)",float32,True,24,True,2486648832
flow/0000/032,8,original,"(50, 721)","(50, 45669)","(50, 1513231)",float32,True,24,True,2491580416
flow/0000/032,9,mirror,"(50, 721)","(50, 45669)","(50, 1513231)",float32,True,24,True,2511060992
flow/0000/032,9,original,"(50, 721)","(50, 45669)","(50, 1513231)",float32,True,24,True,2486648832
flow/0000/032,10,mirror,"(50, 721)","(50, 45669)","(50, 1513231)",float32,True,24,True,2518532096
flow/0000/032,10,original,"(50, 721)","(50, 45669)","(50, 1513231)",float32,True,24,True,2509488128
flow/0000/032,11,mirror,"(50, 721)","(50, 45669)","(50, 1513231)",float32,True,24,True,2559754240
flow/0000/032,11,original,"(50, 721)","(50, 45669)","(50, 1513231)",float32,True,24,True,2529411072
flow/0000/033,0,mirror,"(50, 721)","(50, 45669)","(50, 1513231)",float32,True,24,True,2464727040
flow/0000/033,0,original,"(50, 721)","(50, 45669)","(50, 1513231)",float32,True,24,True,2453798912
flow/0000/033,1,mirror,"(50, 721)","(50, 45669)","(50, 1513231)",float32,True,24,True,2480947200
flow/0000/033,1,original,"(50, 721)","(50, 45669)","(50, 1513231)",float32,True,24,True,2480766976
flow/0000/033,2,mirror,"(50, 721)","(50, 45669)","(50, 1513231)",float32,True,24,True,2484502528
flow/0000/033,2,original,"(50, 721)","(50, 45669)","(50, 1513231)",float32,True,24,True,2483224576
flow/0000/033,3,mirror,"(50, 721)","(50, 45669)","(50, 1513231)",float32,True,24,True,2474229760
flow/0000/033,3,original,"(50, 721)","(50, 45669)","(50, 1513231)",float32,True,24,True,2471542784
flow/0000/033,4,mirror,"(50, 721)","(50, 45669)","(50, 1513231)",float32,True,24,True,2472443904
flow/0000/033,4,original,"(50, 721)","(50, 45669)","(50, 1513231)",float32,True,24,True,2482487296
flow/0000/033,5,mirror,"(50, 721)","(50, 45669)","(50, 1513231)",float32,True,24,True,2481438720
flow/0000/033,5,original,"(50, 721)","(50, 45669)","(50, 1513231)",float32,True,24,True,2471919616
flow/0000/033,6,mirror,"(50, 721)","(50, 45669)","(50, 1513231)",float32,True,24,True,2478292992
flow/0000/033,6,original,"(50, 721)","(50, 45669)","(50, 1513231)",float32,True,24,True,2471624704
flow/0000/033,7,mirror,"(50, 721)","(50, 45669)","(50, 1513231)",float32,True,24,True,2476474368
flow/0000/033,7,original,"(50, 721)","(50, 45669)","(50, 1513231)",float32,True,24,True,2478489600
flow/0000/033,8,mirror,"(50, 721)","(50, 45669)","(50, 1513231)",float32,True,24,True,2477096960
flow/0000/033,8,original,"(50, 721)","(50, 45669)","(50, 1513231)",float32,True,24,True,2477096960
flow/0000/033,9,mirror,"(50, 721)","(50, 45669)","(50, 1513231)",float32,True,24,True,2477293568
flow/0000/033,9,original,"(50, 721)","(50, 45669)","(50, 1513231)",float32,True,24,True,2477293568
flow/0000/033,10,mirror,"(50, 721)","(50, 45669)","(50, 1513231)",float32,True,24,True,2477293568
flow/0000/033,10,original,"(50, 721)","(50, 45669)","(50, 1513231)",float32,True,24,True,2477293568
flow/0000/033,11,mirror,"(50, 721)","(50, 45669)","(50, 1513231)",float32,True,24,True,2488631296
flow/0000/033,11,original,"(50, 721)","(50, 45669)","(50, 1513231)",float32,True,24,True,2483798016
flow/0000/034,0,mirror,"(50, 721)","(50, 45669)","(50, 1513231)",float32,True,24,True,2484469760
flow/0000/034,0,original,"(50, 721)","(50, 45669)","(50, 1513231)",float32,True,24,True,2465857536
flow/0000/034,1,mirror,"(50, 721)","(50, 45669)","(50, 1513231)",float32,True,24,True,2468118528
flow/0000/034,1,original,"(50, 721)","(50, 45669)","(50, 1513231)",float32,True,24,True,2463416320
flow/0000/034,2,mirror,"(50, 721)","(50, 45669)","(50, 1513231)",float32,True,24,True,2477490176
flow/0000/034,2,original,"(50, 721)","(50, 45669)","(50, 1513231)",float32,True,24,True,2489466880
flow/0000/034,3,mirror,"(50, 721)","(50, 45669)","(50, 1513231)",float32,True,24,True,2497413120
flow/0000/034,3,original,"(50, 721)","(50, 45669)","(50, 1513231)",float32,True,24,True,2482896896
flow/0000/034,4,mirror,"(50, 721)","(50, 45669)","(50, 1513231)",float32,True,24,True,2453241856
flow/0000/034,4,original,"(50, 721)","(50, 45669)","(50, 1513231)",float32,True,24,True,2438217728
flow/0000/034,5,mirror,"(50, 721)","(50, 45669)","(50, 1513231)",float32,True,24,True,2368634880
flow/0000/034,5,original,"(50, 721)","(50, 45669)","(50, 1513231)",float32,True,24,True,2465267712
flow/0000/034,6,mirror,"(50, 721)","(50, 45669)","(50, 1513231)",float32,True,24,True,2309423104
flow/0000/034,6,original,"(50, 721)","(50, 45669)","(50, 1513231)",float32,True,24,True,2236104704
flow/0000/034,7,mirror,"(50, 721)","(50, 45669)","(50, 1513231)",float32,True,24,True,2411184128
flow/0000/034,7,original,"(50, 721)","(50, 45669)","(50, 1513231)",float32,True,24,True,2399584256
flow/0000/034,8,mirror,"(50, 721)","(50, 45669)","(50, 1513231)",float32,True,24,True,2412429312
flow/0000/034,8,original,"(50, 721)","(50, 45669)","(50, 1513231)",float32,True,24,True,2412429312
flow/0000/034,9,mirror,"(50, 721)","(50, 45669)","(50, 1513231)",float32,True,24,True,2426126336
flow/0000/034,9,original,"(50, 721)","(50, 45669)","(50, 1513231)",float32,True,24,True,2413002752
flow/0000/034,10,mirror,"(50, 721)","(50, 45669)","(50, 1513231)",float32,True,24,True,2426683392
flow/0000/034,10,original,"(50, 721)","(50, 45669)","(50, 1513231)",float32,True,24,True,2426290176
flow/0000/034,11,mirror,"(50, 721)","(50, 45669)","(50, 1513231)",float32,True,24,True,2426683392
flow/0000/034,11,original,"(50, 721)","(50, 45669)","(50, 1513231)",float32,True,24,True,2426683392
flow/0000/035,0,mirror,"(50, 721)","(50, 45669)","(50, 1513231)",float32,True,24,True,2465136640
flow/0000/035,0,original,"(50, 721)","(50, 45669)","(50, 1513231)",float32,True,24,True,2429714432
flow/0000/035,1,mirror,"(50, 721)","(50, 45669)","(50, 1513231)",float32,True,24,True,2483339264
flow/0000/035,1,original,"(50, 721)","(50, 45669)","(50, 1513231)",float32,True,24,True,2465136640
flow/0000/035,2,mirror,"(50, 721)","(50, 45669)","(50, 1513231)",float32,True,24,True,2525626368
flow/0000/035,2,original,"(50, 721)","(50, 45669)","(50, 1513231)",float32,True,24,True,2525593600
flow/0000/035,3,mirror,"(50, 721)","(50, 45669)","(50, 1513231)",float32,True,24,True,2525626368
flow/0000/035,3,original,"(50, 721)","(50, 45669)","(50, 1513231)",float32,True,24,True,2525626368
flow/0000/035,4,mirror,"(50, 721)","(50, 45669)","(50, 1513231)",float32,True,24,True,2537226240
flow/0000/035,4,original,"(50, 721)","(50, 45669)","(50, 1513231)",float32,True,24,True,2549022720
flow/0000/035,5,mirror,"(50, 721)","(50, 45669)","(50, 1513231)",float32,True,24,True,2548924416
flow/0000/035,5,original,"(50, 721)","(50, 45669)","(50, 1513231)",float32,True,24,True,2543091712
flow/0000/035,6,mirror,"(50, 721)","(50, 45669)","(50, 1513231)",float32,True,24,True,2548924416
flow/0000/035,6,original,"(50, 721)","(50, 45669)","(50, 1513231)",float32,True,24,True,2548924416
flow/0000/035,7,mirror,"(50, 721)","(50, 45669)","(50, 1513231)",float32,True,24,True,2548924416
flow/0000/035,7,original,"(50, 721)","(50, 45669)","(50, 1513231)",float32,True,24,True,2548924416
flow/0000/035,8,mirror,"(50, 721)","(50, 45669)","(50, 1513231)",float32,True,24,True,2552266752
flow/0000/035,8,original,"(50, 721)","(50, 45669)","(50, 1513231)",float32,True,24,True,2557313024
flow/0000/035,9,mirror,"(50, 721)","(50, 45669)","(50, 1513231)",float32,True,24,True,2547548160
flow/0000/035,9,original,"(50, 721)","(50, 45669)","(50, 1513231)",float32,True,24,True,2561327104
flow/0000/035,10,mirror,"(50, 721)","(50, 45669)","(50, 1513231)",float32,True,24,True,2533490688
flow/0000/035,10,original,"(50, 721)","(50, 45669)","(50, 1513231)",float32,True,24,True,2497642496
flow/0000/035,11,mirror,"(50, 721)","(50, 45669)","(50, 1513231)",float32,True,24,True,2522103808
flow/0000/035,11,original,"(50, 721)","(50, 45669)","(50, 1513231)",float32,True,24,True,2521563136
flow/0000/036,0,mirror,"(50, 721)","(50, 45669)","(50, 1513231)",float32,True,24,True,2541322240
flow/0000/036,0,original,"(50, 721)","(50, 45669)","(50, 1513231)",float32,True,24,True,2534457344
flow/0000/036,1,mirror,"(50, 721)","(50, 45669)","(50, 1513231)",float32,True,24,True,2553036800
flow/0000/036,1,original,"(50, 721)","(50, 45669)","(50, 1513231)",float32,True,24,True,2546204672
flow/0000/036,2,mirror,"(50, 721)","(50, 45669)","(50, 1513231)",float32,True,24,True,2497560576
flow/0000/036,2,original,"(50, 721)","(50, 45669)","(50, 1513231)",float32,True,24,True,2510716928
flow/0000/036,3,mirror,"(50, 721)","(50, 45669)","(50, 1513231)",float32,True,24,True,2528247808
flow/0000/036,3,original,"(50, 721)","(50, 45669)","(50, 1513231)",float32,True,24,True,2513272832
flow/0000/036,4,mirror,"(50, 721)","(50, 45669)","(50, 1513231)",float32,True,24,True,2532769792
flow/0000/036,4,original,"(50, 721)","(50, 45669)","(50, 1513231)",float32,True,24,True,2533277696
flow/0000/036,5,mirror,"(50, 721)","(50, 45669)","(50, 1513231)",float32,True,24,True,2537684992
flow/0000/036,5,original,"(50, 721)","(50, 45669)","(50, 1513231)",float32,True,24,True,2537668608
flow/0000/036,6,mirror,"(50, 721)","(50, 45669)","(50, 1513231)",float32,True,24,True,2537979904
flow/0000/036,6,original,"(50, 721)","(50, 45669)","(50, 1513231)",float32,True,24,True,2537930752
flow/0000/036,7,mirror,"(50, 721)","(50, 45669)","(50, 1513231)",float32,True,24,True,2541060096
flow/0000/036,7,original,"(50, 721)","(50, 45669)","(50, 1513231)",float32,True,24,True,2537979904
flow/0000/036,8,mirror,"(50, 721)","(50, 45669)","(50, 1513231)",float32,True,24,True,2541780992
flow/0000/036,8,original,"(50, 721)","(50, 45669)","(50, 1513231)",float32,True,24,True,2541780992
flow/0000/036,9,mirror,"(50, 721)","(50, 45669)","(50, 1513231)",float32,True,24,True,2577154048
flow/0000/036,9,original,"(50, 721)","(50, 45669)","(50, 1513231)",float32,True,24,True,2546679808
flow/0000/036,10,mirror,"(50, 721)","(50, 45669)","(50, 1513231)",float32,True,24,True,2580070400
flow/0000/036,10,original,"(50, 721)","(50, 45669)","(50, 1513231)",float32,True,24,True,2550923264
flow/0000/036,11,mirror,"(50, 721)","(50, 45669)","(50, 1513231)",float32,True,24,True,2579595264
flow/0000/036,11,original,"(50, 721)","(50, 45669)","(50, 1513231)",float32,True,24,True,2591424512
flow/0000/037,0,mirror,"(50, 721)","(50, 45669)","(50, 1513231)",float32,True,24,True,2565668864
flow/0000/037,0,original,"(50, 721)","(50, 45669)","(50, 1513231)",float32,True,24,True,2582855680
flow/0000/037,1,mirror,"(50, 721)","(50, 45669)","(50, 1513231)",float32,True,24,True,2579529728
flow/0000/037,1,original,"(50, 721)","(50, 45669)","(50, 1513231)",float32,True,24,True,2565914624
flow/0000/037,2,mirror,"(50, 721)","(50, 45669)","(50, 1513231)",float32,True,24,True,2576285696
flow/0000/037,2,original,"(50, 721)","(50, 45669)","(50, 1513231)",float32,True,24,True,2574712832
flow/0000/037,3,mirror,"(50, 721)","(50, 45669)","(50, 1513231)",float32,True,24,True,2597240832
flow/0000/037,3,original,"(50, 721)","(50, 45669)","(50, 1513231)",float32,True,24,True,2596028416
flow/0000/037,4,mirror,"(50, 721)","(50, 45669)","(50, 1513231)",float32,True,24,True,2613329920
flow/0000/037,4,original,"(50, 721)","(50, 45669)","(50, 1513231)",float32,True,24,True,2594390016
flow/0000/037,5,mirror,"(50, 721)","(50, 45669)","(50, 1513231)",float32,True,24,True,2609545216
flow/0000/037,5,original,"(50, 721)","(50, 45669)","(50, 1513231)",float32,True,24,True,2596978688
flow/0000/037,6,mirror,"(50, 721)","(50, 45669)","(50, 1513231)",float32,True,24,True,2620375040
flow/0000/037,6,original,"(50, 721)","(50, 45669)","(50, 1513231)",float32,True,24,True,2619408384
flow/0000/037,7,mirror,"(50, 721)","(50, 45669)","(50, 1513231)",float32,True,24,True,2633564160
flow/0000/037,7,original,"(50, 721)","(50, 45669)","(50, 1513231)",float32,True,24,True,2616279040
flow/0000/037,8,mirror,"(50, 721)","(50, 45669)","(50, 1513231)",float32,True,24,True,2578530304
flow/0000/037,8,original,"(50, 721)","(50, 45669)","(50, 1513231)",float32,True,24,True,2613067776
flow/0000/037,9,mirror,"(50, 721)","(50, 45669)","(50, 1513231)",float32,True,24,True,2595323904
flow/0000/037,9,original,"(50, 721)","(50, 45669)","(50, 1513231)",float32,True,24,True,2603171840
flow/0000/037,10,mirror,"(50, 721)","(50, 45669)","(50, 1513231)",float32,True,24,True,2634465280
flow/0000/037,10,original,"(50, 721)","(50, 45669)","(50, 1513231)",float32,True,24,True,2590474240
flow/0000/037,11,mirror,"(50, 721)","(50, 45669)","(50, 1513231)",float32,True,24,True,2626748416
flow/0000/037,11,original,"(50, 721)","(50, 45669)","(50, 1513231)",float32,True,24,True,2620162048
flow/0000/038,0,mirror,"(50, 721)","(50, 45669)","(50, 1513231)",float32,True,24,True,2625617920
flow/0000/038,0,original,"(50, 721)","(50, 45669)","(50, 1513231)",float32,True,24,True,2625634304
flow/0000/038,1,mirror,"(50, 721)","(50, 45669)","(50, 1513231)",float32,True,24,True,2639429632
flow/0000/038,1,original,"(50, 721)","(50, 45669)","(50, 1513231)",float32,True,24,True,2625945600
flow/0000/038,2,mirror,"(50, 721)","(50, 45669)","(50, 1513231)",float32,True,24,True,2645491712
flow/0000/038,2,original,"(50, 721)","(50, 45669)","(50, 1513231)",float32,True,24,True,2645491712
flow/0000/038,3,mirror,"(50, 721)","(50, 45669)","(50, 1513231)",float32,True,24,True,2638446592
flow/0000/038,3,original,"(50, 721)","(50, 45669)","(50, 1513231)",float32,True,24,True,2638430208
flow/0000/038,4,mirror,"(50, 721)","(50, 45669)","(50, 1513231)",float32,True,24,True,2546876416
flow/0000/038,4,original,"(50, 721)","(50, 45669)","(50, 1513231)",float32,True,24,True,2510569472
flow/0000/038,5,mirror,"(50, 721)","(50, 45669)","(50, 1513231)",float32,True,24,True,2558148608
flow/0000/038,5,original,"(50, 721)","(50, 45669)","(50, 1513231)",float32,True,24,True,2565472256
flow/0000/038,6,mirror,"(50, 721)","(50, 45669)","(50, 1513231)",float32,True,24,True,2559328256
flow/0000/038,6,original,"(50, 721)","(50, 45669)","(50, 1513231)",float32,True,24,True,2552496128
flow/0000/038,7,mirror,"(50, 721)","(50, 45669)","(50, 1513231)",float32,True,24,True,2565505024
flow/0000/038,7,original,"(50, 721)","(50, 45669)","(50, 1513231)",float32,True,24,True,2565390336
flow/0000/038,8,mirror,"(50, 721)","(50, 45669)","(50, 1513231)",float32,True,24,True,2565537792
flow/0000/038,8,original,"(50, 721)","(50, 45669)","(50, 1513231)",float32,True,24,True,2565570560
flow/0000/038,9,mirror,"(50, 721)","(50, 45669)","(50, 1513231)",float32,True,24,True,2565537792
flow/0000/038,9,original,"(50, 721)","(50, 45669)","(50, 1513231)",float32,True,24,True,2565537792
flow/0000/038,10,mirror,"(50, 721)","(50, 45669)","(50, 1513231)",float32,True,24,True,2586296320
flow/0000/038,10,original,"(50, 721)","(50, 45669)","(50, 1513231)",float32,True,24,True,2589196288
flow/0000/038,11,mirror,"(50, 721)","(50, 45669)","(50, 1513231)",float32,True,24,True,2592129024
flow/0000/038,11,original,"(50, 721)","(50, 45669)","(50, 1513231)",float32,True,24,True,2584412160
flow/0000/039,0,mirror,"(50, 721)","(50, 45669)","(50, 1513231)",float32,True,24,True,2593554432
flow/0000/039,0,original,"(50, 721)","(50, 45669)","(50, 1513231)",float32,True,24,True,2594586624
flow/0000/039,1,mirror,"(50, 721)","(50, 45669)","(50, 1513231)",float32,True,24,True,2599485440
flow/0000/039,1,original,"(50, 721)","(50, 45669)","(50, 1513231)",float32,True,24,True,2595209216
flow/0000/039,2,mirror,"(50, 721)","(50, 45669)","(50, 1513231)",float32,True,24,True,2590703616
flow/0000/039,2,original,"(50, 721)","(50, 45669)","(50, 1513231)",float32,True,24,True,2584395776
flow/0000/039,3,mirror,"(50, 721)","(50, 45669)","(50, 1513231)",float32,True,24,True,2574090240
flow/0000/039,3,original,"(50, 721)","(50, 45669)","(50, 1513231)",float32,True,24,True,2602057728
flow/0000/039,4,mirror,"(50, 721)","(50, 45669)","(50, 1513231)",float32,True,24,True,2591604736
flow/0000/039,4,original,"(50, 721)","(50, 45669)","(50, 1513231)",float32,True,24,True,2574958592
flow/0000/039,5,mirror,"(50, 721)","(50, 45669)","(50, 1513231)",float32,True,24,True,2579726336
flow/0000/039,5,original,"(50, 721)","(50, 45669)","(50, 1513231)",float32,True,24,True,2579415040
flow/0000/039,6,mirror,"(50, 721)","(50, 45669)","(50, 1513231)",float32,True,24,True,2571173888
flow/0000/039,6,original,"(50, 721)","(50, 45669)","(50, 1513231)",float32,True,24,True,2578333696
flow/0000/039,7,mirror,"(50, 721)","(50, 45669)","(50, 1513231)",float32,True,24,True,2573664256
flow/0000/039,7,original,"(50, 721)","(50, 45669)","(50, 1513231)",float32,True,24,True,2573647872
flow/0000/039,8,mirror,"(50, 721)","(50, 45669)","(50, 1513231)",float32,True,24,True,2574532608
flow/0000/039,8,original,"(50, 721)","(50, 45669)","(50, 1513231)",float32,True,24,True,2574532608
flow/0000/039,9,mirror,"(50, 721)","(50, 45669)","(50, 1513231)",float32,True,24,True,2574499840
flow/0000/039,9,original,"(50, 721)","(50, 45669)","(50, 1513231)",float32,True,24,True,2574499840
flow/0000/039,10,mirror,"(50, 721)","(50, 45669)","(50, 1513231)",float32,True,24,True,2574499840
flow/0000/039,10,original,"(50, 721)","(50, 45669)","(50, 1513231)",float32,True,24,True,2567749632
flow/0000/039,11,mirror,"(50, 721)","(50, 45669)","(50, 1513231)",float32,True,24,True,2573320192
flow/0000/039,11,original,"(50, 721)","(50, 45669)","(50, 1513231)",float32,True,24,True,2568732672
flow/0000/040,0,mirror,"(50, 721)","(50, 45669)","(50, 1513231)",float32,True,24,True,2566619136
flow/0000/040,0,original,"(50, 721)","(50, 45669)","(50, 1513231)",float32,True,24,True,2566602752
flow/0000/040,1,mirror,"(50, 721)","(50, 45669)","(50, 1513231)",float32,True,24,True,2587361280
flow/0000/040,1,original,"(50, 721)","(50, 45669)","(50, 1513231)",float32,True,24,True,2584363008
flow/0000/040,2,mirror,"(50, 721)","(50, 45669)","(50, 1513231)",float32,True,24,True,2593390592
flow/0000/040,2,original,"(50, 721)","(50, 45669)","(50, 1513231)",float32,True,24,True,2593406976
flow/0000/040,3,mirror,"(50, 721)","(50, 45669)","(50, 1513231)",float32,True,24,True,2550218752
flow/0000/040,3,original,"(50, 721)","(50, 45669)","(50, 1513231)",float32,True,24,True,2577793024
flow/0000/040,4,mirror,"(50, 721)","(50, 45669)","(50, 1513231)",float32,True,24,True,2543419392
flow/0000/040,4,original,"(50, 721)","(50, 45669)","(50, 1513231)",float32,True,24,True,2561540096
flow/0000/040,5,mirror,"(50, 721)","(50, 45669)","(50, 1513231)",float32,True,24,True,2567258112
flow/0000/040,5,original,"(50, 721)","(50, 45669)","(50, 1513231)",float32,True,24,True,2551218176
flow/0000/040,6,mirror,"(50, 721)","(50, 45669)","(50, 1513231)",float32,True,24,True,2548301824
flow/0000/040,6,original,"(50, 721)","(50, 45669)","(50, 1513231)",float32,True,24,True,2539503616
flow/0000/040,7,mirror,"(50, 721)","(50, 45669)","(50, 1513231)",float32,True,24,True,2537521152
flow/0000/040,7,original,"(50, 721)","(50, 45669)","(50, 1513231)",float32,True,24,True,2555068416
flow/0000/040,8,mirror,"(50, 721)","(50, 45669)","(50, 1513231)",float32,True,24,True,2555576320
flow/0000/040,8,original,"(50, 721)","(50, 45669)","(50, 1513231)",float32,True,24,True,2555052032
flow/0000/040,9,mirror,"(50, 721)","(50, 45669)","(50, 1513231)",float32,True,24,True,2552774656
flow/0000/040,9,original,"(50, 721)","(50, 45669)","(50, 1513231)",float32,True,24,True,2543714304
flow/0000/040,10,mirror,"(50, 721)","(50, 45669)","(50, 1513231)",float32,True,24,True,2554920960
flow/0000/040,10,original,"(50, 721)","(50, 45669)","(50, 1513231)",float32,True,24,True,2566012928
flow/0000/040,11,mirror,"(50, 721)","(50, 45669)","(50, 1513231)",float32,True,24,True,2568716288
flow/0000/040,11,original,"(50, 721)","(50, 45669)","(50, 1513231)",float32,True,24,True,2549628928
flow/0000/041,0,mirror,"(50, 721)","(50, 45669)","(50, 1513231)",float32,True,24,True,2544156672
flow/0000/041,0,original,"(50, 721)","(50, 45669)","(50, 1513231)",float32,True,24,True,2576416768
flow/0000/041,1,mirror,"(50, 721)","(50, 45669)","(50, 1513231)",float32,True,24,True,2566832128
flow/0000/041,1,original,"(50, 721)","(50, 45669)","(50, 1513231)",float32,True,24,True,2547810304
flow/0000/041,2,mirror,"(50, 721)","(50, 45669)","(50, 1513231)",float32,True,24,True,2539061248
flow/0000/041,2,original,"(50, 721)","(50, 45669)","(50, 1513231)",float32,True,24,True,2538356736
flow/0000/041,3,mirror,"(50, 721)","(50, 45669)","(50, 1513231)",float32,True,24,True,2543566848
flow/0000/041,3,original,"(50, 721)","(50, 45669)","(50, 1513231)",float32,True,24,True,2561490944
flow/0000/041,4,mirror,"(50, 721)","(50, 45669)","(50, 1513231)",float32,True,24,True,2544959488
flow/0000/041,4,original,"(50, 721)","(50, 45669)","(50, 1513231)",float32,True,24,True,2539208704
flow/0000/041,5,mirror,"(50, 721)","(50, 45669)","(50, 1513231)",float32,True,24,True,2529460224
flow/0000/041,5,original,"(50, 721)","(50, 45669)","(50, 1513231)",float32,True,24,True,2537209856
flow/0000/041,6,mirror,"(50, 721)","(50, 45669)","(50, 1513231)",float32,True,24,True,2521808896
flow/0000/041,6,original,"(50, 721)","(50, 45669)","(50, 1513231)",float32,True,24,True,2552659968
flow/0000/041,7,mirror,"(50, 721)","(50, 45669)","(50, 1513231)",float32,True,24,True,2538389504
flow/0000/041,7,original,"(50, 721)","(50, 45669)","(50, 1513231)",float32,True,24,True,2514141184
flow/0000/041,8,mirror,"(50, 721)","(50, 45669)","(50, 1513231)",float32,True,24,True,2522939392
flow/0000/041,8,original,"(50, 721)","(50, 45669)","(50, 1513231)",float32,True,24,True,2505408512
flow/0000/041,9,mirror,"(50, 721)","(50, 45669)","(50, 1513231)",float32,True,24,True,2526003200
flow/0000/041,9,original,"(50, 721)","(50, 45669)","(50, 1513231)",float32,True,24,True,2525216768
flow/0000/041,10,mirror,"(50, 721)","(50, 45669)","(50, 1513231)",float32,True,24,True,2530312192
flow/0000/041,10,original,"(50, 721)","(50, 45669)","(50, 1513231)",float32,True,24,True,2530082816
flow/0000/041,11,mirror,"(50, 721)","(50, 45669)","(50, 1513231)",float32,True,24,True,2541142016
flow/0000/041,11,original,"(50, 721)","(50, 45669)","(50, 1513231)",float32,True,24,True,2530721792
flow/0000/042,0,mirror,"(50, 721)","(50, 45669)","(50, 1513231)",float32,True,24,True,2534817792
flow/0000/042,0,original,"(50, 721)","(50, 45669)","(50, 1513231)",float32,True,24,True,2542157824
flow/0000/042,1,mirror,"(50, 721)","(50, 45669)","(50, 1513231)",float32,True,24,True,2429616128
flow/0000/042,1,original,"(50, 721)","(50, 45669)","(50, 1513231)",float32,True,24,True,2544271360
flow/0000/042,2,mirror,"(50, 721)","(50, 45669)","(50, 1513231)",float32,True,24,True,2465529856
flow/0000/042,2,original,"(50, 721)","(50, 45669)","(50, 1513231)",float32,True,24,True,2451308544
flow/0000/042,3,mirror,"(50, 721)","(50, 45669)","(50, 1513231)",float32,True,24,True,2454028288
flow/0000/042,3,original,"(50, 721)","(50, 45669)","(50, 1513231)",float32,True,24,True,2441854976
flow/0000/042,4,mirror,"(50, 721)","(50, 45669)","(50, 1513231)",float32,True,24,True,2448080896
flow/0000/042,4,original,"(50, 721)","(50, 45669)","(50, 1513231)",float32,True,24,True,2471313408
flow/0000/042,5,mirror,"(50, 721)","(50, 45669)","(50, 1513231)",float32,True,24,True,2474098688
flow/0000/042,5,original,"(50, 721)","(50, 45669)","(50, 1513231)",float32,True,24,True,2463940608
flow/0000/042,6,mirror,"(50, 721)","(50, 45669)","(50, 1513231)",float32,True,24,True,2460975104
flow/0000/042,6,original,"(50, 721)","(50, 45669)","(50, 1513231)",float32,True,24,True,2457272320
flow/0000/042,7,mirror,"(50, 721)","(50, 45669)","(50, 1513231)",float32,True,24,True,2467790848
flow/0000/042,7,original,"(50, 721)","(50, 45669)","(50, 1513231)",float32,True,24,True,2500935680
flow/0000/042,8,mirror,"(50, 721)","(50, 45669)","(50, 1513231)",float32,True,24,True,2506375168
flow/0000/042,8,original,"(50, 721)","(50, 45669)","(50, 1513231)",float32,True,24,True,2495856640
flow/0000/042,9,mirror,"(50, 721)","(50, 45669)","(50, 1513231)",float32,True,24,True,2513092608
flow/0000/042,9,original,"(50, 721)","(50, 45669)","(50, 1513231)",float32,True,24,True,2496036864
flow/0000/042,10,mirror,"(50, 721)","(50, 45669)","(50, 1513231)",float32,True,24,True,2526265344
flow/0000/042,10,original,"(50, 721)","(50, 45669)","(50, 1513231)",float32,True,24,True,2513108992
flow/0000/042,11,mirror,"(50, 721)","(50, 45669)","(50, 1513231)",float32,True,24,True,2566963200
flow/0000/042,11,original,"(50, 721)","(50, 45669)","(50, 1513231)",float32,True,24,True,2552627200
flow/0000/043,0,mirror,"(50, 721)","(50, 45669)","(50, 1513231)",float32,True,24,True,2534424576
flow/0000/043,0,original,"(50, 721)","(50, 45669)","(50, 1513231)",float32,True,24,True,2549596160
flow/0000/043,1,mirror,"(50, 721)","(50, 45669)","(50, 1513231)",float32,True,24,True,2540912640
flow/0000/043,1,original,"(50, 721)","(50, 45669)","(50, 1513231)",float32,True,24,True,2537078784
flow/0000/043,2,mirror,"(50, 721)","(50, 45669)","(50, 1513231)",float32,True,24,True,2534113280
flow/0000/043,2,original,"(50, 721)","(50, 45669)","(50, 1513231)",float32,True,24,True,2527526912
flow/0000/043,3,mirror,"(50, 721)","(50, 45669)","(50, 1513231)",float32,True,24,True,2536243200
flow/0000/043,3,original,"(50, 721)","(50, 45669)","(50, 1513231)",float32,True,24,True,2546515968
flow/0000/043,4,mirror,"(50, 721)","(50, 45669)","(50, 1513231)",float32,True,24,True,2580807680
flow/0000/043,4,original,"(50, 721)","(50, 45669)","(50, 1513231)",float32,True,24,True,2539945984
flow/0000/043,5,mirror,"(50, 721)","(50, 45669)","(50, 1513231)",float32,True,24,True,2616410112
flow/0000/043,5,original,"(50, 721)","(50, 45669)","(50, 1513231)",float32,True,24,True,2585526272
flow/0000/043,6,mirror,"(50, 721)","(50, 45669)","(50, 1513231)",float32,True,24,True,2639544320
flow/0000/043,6,original,"(50, 721)","(50, 45669)","(50, 1513231)",float32,True,24,True,2628501504
flow/0000/043,7,mirror,"(50, 721)","(50, 45669)","(50, 1513231)",float32,True,24,True,2652372992
flow/0000/043,7,original,"(50, 721)","(50, 45669)","(50, 1513231)",float32,True,24,True,2652241920
flow/0000/043,8,mirror,"(50, 721)","(50, 45669)","(50, 1513231)",float32,True,24,True,2663776256
flow/0000/043,8,original,"(50, 721)","(50, 45669)","(50, 1513231)",float32,True,24,True,2652389376
flow/0000/043,9,mirror,"(50, 721)","(50, 45669)","(50, 1513231)",float32,True,24,True,2658549760
flow/0000/043,9,original,"(50, 721)","(50, 45669)","(50, 1513231)",float32,True,24,True,2664235008
flow/0000/043,10,mirror,"(50, 721)","(50, 45669)","(50, 1513231)",float32,True,24,True,2658762752
flow/0000/043,10,original,"(50, 721)","(50, 45669)","(50, 1513231)",float32,True,24,True,2658566144
flow/0000/043,11,mirror,"(50, 721)","(50, 45669)","(50, 1513231)",float32,True,24,True,2660106240
flow/0000/043,11,original,"(50, 721)","(50, 45669)","(50, 1513231)",float32,True,24,True,2658762752
flow/0000/044,0,mirror,"(50, 721)","(50, 45669)","(50, 1513231)",float32,True,24,True,2631729152
flow/0000/044,0,original,"(50, 721)","(50, 45669)","(50, 1513231)",float32,True,24,True,2665365504
flow/0000/044,1,mirror,"(50, 721)","(50, 45669)","(50, 1513231)",float32,True,24,True,2635776000
flow/0000/044,1,original,"(50, 721)","(50, 45669)","(50, 1513231)",float32,True,24,True,2620325888
flow/0000/044,2,mirror,"(50, 721)","(50, 45669)","(50, 1513231)",float32,True,24,True,2663170048
flow/0000/044,2,original,"(50, 721)","(50, 45669)","(50, 1513231)",float32,True,24,True,2658271232
flow/0000/044,3,mirror,"(50, 721)","(50, 45669)","(50, 1513231)",float32,True,24,True,2667855872
flow/0000/044,3,original,"(50, 721)","(50, 45669)","(50, 1513231)",float32,True,24,True,2667610112
flow/0000/044,4,mirror,"(50, 721)","(50, 45669)","(50, 1513231)",float32,True,24,True,2406580224
flow/0000/044,4,original,"(50, 721)","(50, 45669)","(50, 1513231)",float32,True,24,True,2669068288
flow/0000/044,5,mirror,"(50, 721)","(50, 45669)","(50, 1513231)",float32,True,24,True,2394636288
flow/0000/044,5,original,"(50, 721)","(50, 45669)","(50, 1513231)",float32,True,24,True,2413133824
flow/0000/044,6,mirror,"(50, 721)","(50, 45669)","(50, 1513231)",float32,True,24,True,2370846720
flow/0000/044,6,original,"(50, 721)","(50, 45669)","(50, 1513231)",float32,True,24,True,2396209152
flow/0000/044,7,mirror,"(50, 721)","(50, 45669)","(50, 1513231)",float32,True,24,True,2297217024
flow/0000/044,7,original,"(50, 721)","(50, 45669)","(50, 1513231)",float32,True,24,True,2274689024
flow/0000/044,8,mirror,"(50, 721)","(50, 45669)","(50, 1513231)",float32,True,24,True,2421325824
flow/0000/044,8,original,"(50, 721)","(50, 45669)","(50, 1513231)",float32,True,24,True,2364784640
flow/0000/044,9,mirror,"(50, 721)","(50, 45669)","(50, 1513231)",float32,True,24,True,2459172864
flow/0000/044,9,original,"(50, 721)","(50, 45669)","(50, 1513231)",float32,True,24,True,2459090944
flow/0000/044,10,mirror,"(50, 721)","(50, 45669)","(50, 1513231)",float32,True,24,True,2459369472
flow/0000/044,10,original,"(50, 721)","(50, 45669)","(50, 1513231)",float32,True,24,True,2459172864
flow/0000/044,11,mirror,"(50, 721)","(50, 45669)","(50, 1513231)",float32,True,24,True,2489614336
flow/0000/044,11,original,"(50, 721)","(50, 45669)","(50, 1513231)",float32,True,24,True,2477555712
flow/0000/045,0,mirror,"(50, 721)","(50, 45669)","(50, 1513231)",float32,True,24,True,2503114752
flow/0000/045,0,original,"(50, 721)","(50, 45669)","(50, 1513231)",float32,True,24,True,2498838528
flow/0000/045,1,mirror,"(50, 721)","(50, 45669)","(50, 1513231)",float32,True,24,True,2503475200
flow/0000/045,1,original,"(50, 721)","(50, 45669)","(50, 1513231)",float32,True,24,True,2494873600
flow/0000/045,2,mirror,"(50, 721)","(50, 45669)","(50, 1513231)",float32,True,24,True,2431565824
flow/0000/045,2,original,"(50, 721)","(50, 45669)","(50, 1513231)",float32,True,24,True,2490810368
flow/0000/045,3,mirror,"(50, 721)","(50, 45669)","(50, 1513231)",float32,True,24,True,2427781120
flow/0000/045,3,original,"(50, 721)","(50, 45669)","(50, 1513231)",float32,True,24,True,2421850112
flow/0000/045,4,mirror,"(50, 721)","(50, 45669)","(50, 1513231)",float32,True,24,True,2479276032
flow/0000/045,4,original,"(50, 721)","(50, 45669)","(50, 1513231)",float32,True,24,True,2437185536
flow/0000/045,5,mirror,"(50, 721)","(50, 45669)","(50, 1513231)",float32,True,24,True,2461450240
flow/0000/045,5,original,"(50, 721)","(50, 45669)","(50, 1513231)",float32,True,24,True,2448457728
flow/0000/045,6,mirror,"(50, 721)","(50, 45669)","(50, 1513231)",float32,True,24,True,2490843136
flow/0000/045,6,original,"(50, 721)","(50, 45669)","(50, 1513231)",float32,True,24,True,2490793984
flow/0000/045,7,mirror,"(50, 721)","(50, 45669)","(50, 1513231)",float32,True,24,True,2511781888
flow/0000/045,7,original,"(50, 721)","(50, 45669)","(50, 1513231)",float32,True,24,True,2500231168
flow/0000/045,8,mirror,"(50, 721)","(50, 45669)","(50, 1513231)",float32,True,24,True,2483372032
flow/0000/045,8,original,"(50, 721)","(50, 45669)","(50, 1513231)",float32,True,24,True,2488156160
flow/0000/045,9,mirror,"(50, 721)","(50, 45669)","(50, 1513231)",float32,True,24,True,2482913280
flow/0000/045,9,original,"(50, 721)","(50, 45669)","(50, 1513231)",float32,True,24,True,2509930496
flow/0000/045,10,mirror,"(50, 721)","(50, 45669)","(50, 1513231)",float32,True,24,True,2520203264
flow/0000/045,10,original,"(50, 721)","(50, 45669)","(50, 1513231)",float32,True,24,True,2506358784
flow/0000/045,11,mirror,"(50, 721)","(50, 45669)","(50, 1513231)",float32,True,24,True,2504769536
flow/0000/045,11,original,"(50, 721)","(50, 45669)","(50, 1513231)",float32,True,24,True,2501476352
flow/0000/046,0,mirror,"(50, 721)","(50, 45669)","(50, 1513231)",float32,True,24,True,2510651392
flow/0000/046,0,original,"(50, 721)","(50, 45669)","(50, 1513231)",float32,True,24,True,2485878784
flow/0000/046,1,mirror,"(50, 721)","(50, 45669)","(50, 1513231)",float32,True,24,True,2501443584
flow/0000/046,1,original,"(50, 721)","(50, 45669)","(50, 1513231)",float32,True,24,True,2499788800
flow/0000/046,2,mirror,"(50, 721)","(50, 45669)","(50, 1513231)",float32,True,24,True,2499280896
flow/0000/046,2,original,"(50, 721)","(50, 45669)","(50, 1513231)",float32,True,24,True,2511454208
flow/0000/046,3,mirror,"(50, 721)","(50, 45669)","(50, 1513231)",float32,True,24,True,2515828736
flow/0000/046,3,original,"(50, 721)","(50, 45669)","(50, 1513231)",float32,True,24,True,2509488128
flow/0000/046,4,mirror,"(50, 721)","(50, 45669)","(50, 1513231)",float32,True,24,True,2472673280
flow/0000/046,4,original,"(50, 721)","(50, 45669)","(50, 1513231)",float32,True,24,True,2475704320
flow/0000/046,5,mirror,"(50, 721)","(50, 45669)","(50, 1513231)",float32,True,24,True,2503966720
flow/0000/046,5,original,"(50, 721)","(50, 45669)","(50, 1513231)",float32,True,24,True,2485878784
flow/0000/046,6,mirror,"(50, 721)","(50, 45669)","(50, 1513231)",float32,True,24,True,2507194368
flow/0000/046,6,original,"(50, 721)","(50, 45669)","(50, 1513231)",float32,True,24,True,2507079680
flow/0000/046,7,mirror,"(50, 721)","(50, 45669)","(50, 1513231)",float32,True,24,True,2516369408
flow/0000/046,7,original,"(50, 721)","(50, 45669)","(50, 1513231)",float32,True,24,True,2508275712
flow/0000/046,8,mirror,"(50, 721)","(50, 45669)","(50, 1513231)",float32,True,24,True,2514649088
flow/0000/046,8,original,"(50, 721)","(50, 45669)","(50, 1513231)",float32,True,24,True,2522955776
flow/0000/046,9,mirror,"(50, 721)","(50, 45669)","(50, 1513231)",float32,True,24,True,2515664896
flow/0000/046,9,original,"(50, 721)","(50, 45669)","(50, 1513231)",float32,True,24,True,2514894848
flow/0000/046,10,mirror,"(50, 721)","(50, 45669)","(50, 1513231)",float32,True,24,True,2515664896
flow/0000/046,10,original,"(50, 721)","(50, 45669)","(50, 1513231)",float32,True,24,True,2514976768
flow/0000/046,11,mirror,"(50, 721)","(50, 45669)","(50, 1513231)",float32,True,24,True,2505310208
flow/0000/046,11,original,"(50, 721)","(50, 45669)","(50, 1513231)",float32,True,24,True,2515681280
flow/0000/047,0,mirror,"(50, 721)","(50, 45669)","(50, 1513231)",float32,True,24,True,2517417984
flow/0000/047,0,original,"(50, 721)","(50, 45669)","(50, 1513231)",float32,True,24,True,2508439552
flow/0000/047,1,mirror,"(50, 721)","(50, 45669)","(50, 1513231)",float32,True,24,True,2523119616
flow/0000/047,1,original,"(50, 721)","(50, 45669)","(50, 1513231)",float32,True,24,True,2522415104
flow/0000/047,2,mirror,"(50, 721)","(50, 45669)","(50, 1513231)",float32,True,24,True,2492186624
flow/0000/047,2,original,"(50, 721)","(50, 45669)","(50, 1513231)",float32,True,24,True,2486501376
flow/0000/047,3,mirror,"(50, 721)","(50, 45669)","(50, 1513231)",float32,True,24,True,2467840000
flow/0000/047,3,original,"(50, 721)","(50, 45669)","(50, 1513231)",float32,True,24,True,2465726464
flow/0000/047,4,mirror,"(50, 721)","(50, 45669)","(50, 1513231)",float32,True,24,True,2507669504
flow/0000/047,4,original,"(50, 721)","(50, 45669)","(50, 1513231)",float32,True,24,True,2508668928
flow/0000/047,5,mirror,"(50, 721)","(50, 45669)","(50, 1513231)",float32,True,24,True,2527477760
flow/0000/047,5,original,"(50, 721)","(50, 45669)","(50, 1513231)",float32,True,24,True,2515927040
flow/0000/047,6,mirror,"(50, 721)","(50, 45669)","(50, 1513231)",float32,True,24,True,2499756032
flow/0000/047,6,original,"(50, 721)","(50, 45669)","(50, 1513231)",float32,True,24,True,2500509696
flow/0000/047,7,mirror,"(50, 721)","(50, 45669)","(50, 1513231)",float32,True,24,True,2524151808
flow/0000/047,7,original,"(50, 721)","(50, 45669)","(50, 1513231)",float32,True,24,True,2538192896
flow/0000/047,8,mirror,"(50, 721)","(50, 45669)","(50, 1513231)",float32,True,24,True,2565799936
flow/0000/047,8,original,"(50, 721)","(50, 45669)","(50, 1513231)",float32,True,24,True,2540044288
flow/0000/047,9,mirror,"(50, 721)","(50, 45669)","(50, 1513231)",float32,True,24,True,2547122176
flow/0000/047,9,original,"(50, 721)","(50, 45669)","(50, 1513231)",float32,True,24,True,2541010944
flow/0000/047,10,mirror,"(50, 721)","(50, 45669)","(50, 1513231)",float32,True,24,True,2571042816
flow/0000/047,10,original,"(50, 721)","(50, 45669)","(50, 1513231)",float32,True,24,True,2571862016
flow/0000/047,11,mirror,"(50, 721)","(50, 45669)","(50, 1513231)",float32,True,24,True,2597404672
flow/0000/047,11,original,"(50, 721)","(50, 45669)","(50, 1513231)",float32,True,24,True,2582528000
flow/0000/048,0,mirror,"(50, 721)","(50, 45669)","(50, 1513231)",float32,True,24,True,2582986752
flow/0000/048,0,original,"(50, 721)","(50, 45669)","(50, 1513231)",float32,True,24,True,2576089088
flow/0000/048,1,mirror,"(50, 721)","(50, 45669)","(50, 1513231)",float32,True,24,True,2527723520
flow/0000/048,1,original,"(50, 721)","(50, 45669)","(50, 1513231)",float32,True,24,True,2529984512
flow/0000/048,2,mirror,"(50, 721)","(50, 45669)","(50, 1513231)",float32,True,24,True,2521169920
flow/0000/048,2,original,"(50, 721)","(50, 45669)","(50, 1513231)",float32,True,24,True,2542469120
flow/0000/048,3,mirror,"(50, 721)","(50, 45669)","(50, 1513231)",float32,True,24,True,2538373120
flow/0000/048,3,original,"(50, 721)","(50, 45669)","(50, 1513231)",float32,True,24,True,2515861504
flow/0000/048,4,mirror,"(50, 721)","(50, 45669)","(50, 1513231)",float32,True,24,True,2522841088
flow/0000/048,4,original,"(50, 721)","(50, 45669)","(50, 1513231)",float32,True,24,True,2524446720
flow/0000/048,5,mirror,"(50, 721)","(50, 45669)","(50, 1513231)",float32,True,24,True,2548826112
flow/0000/048,5,original,"(50, 721)","(50, 45669)","(50, 1513231)",float32,True,24,True,2557558784
flow/0000/048,6,mirror,"(50, 721)","(50, 45669)","(50, 1513231)",float32,True,24,True,2555002880
flow/0000/048,6,original,"(50, 721)","(50, 45669)","(50, 1513231)",float32,True,24,True,2548989952
flow/0000/048,7,mirror,"(50, 721)","(50, 45669)","(50, 1513231)",float32,True,24,True,2555002880
flow/0000/048,7,original,"(50, 721)","(50, 45669)","(50, 1513231)",float32,True,24,True,2546319360
flow/0000/048,8,mirror,"(50, 721)","(50, 45669)","(50, 1513231)",float32,True,24,True,2555002880
flow/0000/048,8,original,"(50, 721)","(50, 45669)","(50, 1513231)",float32,True,24,True,2555002880
flow/0000/048,9,mirror,"(50, 721)","(50, 45669)","(50, 1513231)",float32,True,24,True,2555002880
flow/0000/048,9,original,"(50, 721)","(50, 45669)","(50, 1513231)",float32,True,24,True,2555002880
flow/0000/048,10,mirror,"(50, 721)","(50, 45669)","(50, 1513231)",float32,True,24,True,2555150336
flow/0000/048,10,original,"(50, 721)","(50, 45669)","(50, 1513231)",float32,True,24,True,2555133952
flow/0000/048,11,mirror,"(50, 721)","(50, 45669)","(50, 1513231)",float32,True,24,True,2556100608
flow/0000/048,11,original,"(50, 721)","(50, 45669)","(50, 1513231)",float32,True,24,True,2556133376
flow/0000/049,0,mirror,"(50, 721)","(50, 45669)","(50, 1513231)",float32,True,24,True,2560622592
flow/0000/049,0,original,"(50, 721)","(50, 45669)","(50, 1513231)",float32,True,24,True,2560622592
flow/0000/049,1,mirror,"(50, 721)","(50, 45669)","(50, 1513231)",float32,True,24,True,2560622592
flow/0000/049,1,original,"(50, 721)","(50, 45669)","(50, 1513231)",float32,True,24,True,2560622592
flow/0000/049,2,mirror,"(50, 721)","(50, 45669)","(50, 1513231)",float32,True,24,True,2560622592
flow/0000/049,2,original,"(50, 721)","(50, 45669)","(50, 1513231)",float32,True,24,True,2560622592
flow/0000/049,3,mirror,"(50, 721)","(50, 45669)","(50, 1513231)",float32,True,24,True,2560622592
flow/0000/049,3,original,"(50, 721)","(50, 45669)","(50, 1513231)",float32,True,24,True,2560622592
flow/0000/049,4,mirror,"(50, 721)","(50, 45669)","(50, 1513231)",float32,True,24,True,2578808832
flow/0000/049,4,original,"(50, 721)","(50, 45669)","(50, 1513231)",float32,True,24,True,2566684672
flow/0000/049,5,mirror,"(50, 721)","(50, 45669)","(50, 1513231)",float32,True,24,True,2578808832
flow/0000/049,5,original,"(50, 721)","(50, 45669)","(50, 1513231)",float32,True,24,True,2578808832
flow/0000/049,6,mirror,"(50, 721)","(50, 45669)","(50, 1513231)",float32,True,24,True,2578923520
flow/0000/049,6,original,"(50, 721)","(50, 45669)","(50, 1513231)",float32,True,24,True,2578907136
flow/0000/049,7,mirror,"(50, 721)","(50, 45669)","(50, 1513231)",float32,True,24,True,2579021824
flow/0000/049,7,original,"(50, 721)","(50, 45669)","(50, 1513231)",float32,True,24,True,2579054592
flow/0000/049,8,mirror,"(50, 721)","(50, 45669)","(50, 1513231)",float32,True,24,True,2584559616
flow/0000/049,8,original,"(50, 721)","(50, 45669)","(50, 1513231)",float32,True,24,True,2584510464
flow/0000/049,9,mirror,"(50, 721)","(50, 45669)","(50, 1513231)",float32,True,24,True,2584543232
flow/0000/049,9,original,"(50, 721)","(50, 45669)","(50, 1513231)",float32,True,24,True,2584576000
flow/0000/049,10,mirror,"(50, 721)","(50, 45669)","(50, 1513231)",float32,True,24,True,2584543232
flow/0000/049,10,original,"(50, 721)","(50, 45669)","(50, 1513231)",float32,True,24,True,2584543232
flow/0000/049,11,mirror,"(50, 721)","(50, 45669)","(50, 1513231)",float32,True,24,True,2584543232
flow/0000/049,11,original,"(50, 721)","(50, 45669)","(50, 1513231)",float32,True,24,True,2584543232
